timestamps,open,high,low,close,volume,amount
2010-01-04,6.34,6.36,6.12,6.13,24192276,580249472.0
2010-01-05,6.14,6.18,5.88,6.02,55649984,1293476992.0
2010-01-06,6.01,6.01,5.87,5.92,41214313,944453697.0
2010-01-07,5.92,5.96,5.79,5.86,35533684,804166336.0
2010-01-08,5.82,5.88,5.78,5.84,28854306,650667392.0
2010-01-11,6.08,6.12,5.76,5.84,44284600,1009985536.0
2010-01-12,5.84,5.86,5.64,5.8,59179591,1310068994.0
2010-01-13,5.65,5.66,5.38,5.42,93503944,1990492800.0
2010-01-14,5.43,5.47,5.33,5.42,52119472,1089329408.0
2010-01-15,5.43,5.6,5.34,5.54,53950848,1146375296.0
2010-01-18,5.54,5.63,5.48,5.55,34912652,749941248.0
2010-01-19,5.58,5.78,5.57,5.75,65071512,1438886656.0
2010-01-20,5.75,5.84,5.51,5.53,49083568,1079325952.0
2010-01-21,5.58,5.9,5.53,5.86,63230128,1405279488.0
2010-01-22,5.8,6.06,5.66,5.97,88253896,2002921984.0
2010-01-25,5.84,5.97,5.71,5.74,35605864,803320192.0
2010-01-26,5.74,5.84,5.58,5.7,34532556,760432384.0
2010-01-27,5.79,5.84,5.61,5.66,40103476,892337344.0
2010-01-28,5.64,5.7,5.46,5.62,26213248,567566976.0
2010-01-29,5.58,5.78,5.51,5.61,24068820,528437728.0
2010-02-01,5.61,5.63,5.43,5.49,28317992,602675200.0
2010-02-02,5.5,5.68,5.5,5.53,28673360,620475776.0
2010-02-03,5.57,5.84,5.49,5.84,54900576,1214267904.0
2010-02-04,5.77,5.8,5.69,5.74,30334604,675283328.0
2010-02-05,5.59,5.77,5.54,5.69,27617400,601515200.0
2010-02-08,5.66,5.71,5.55,5.57,20642308,447137536.0
2010-02-09,5.58,5.73,5.57,5.69,24817026,543120256.0
2010-02-10,5.74,5.79,5.69,5.76,25383964,564177472.0
2010-02-11,5.74,5.78,5.71,5.72,13910229,308844864.0
2010-02-12,5.73,5.84,5.73,5.8,18838564,422488288.0
2010-02-22,5.77,5.8,5.71,5.71,16577759,367933696.0
2010-02-23,5.7,5.7,5.53,5.57,23778128,513377952.0
2010-02-24,5.54,5.63,5.49,5.61,23148644,497531456.0
2010-02-25,5.6,5.79,5.59,5.73,34787896,770836544.0
2010-02-26,5.69,5.85,5.68,5.8,45021728,1008966464.0
2010-03-02,5.92,6.2,5.92,5.98,68464728,1599219840.0
2010-03-03,5.98,6.04,5.9,6.02,28411140,655444672.0
2010-03-04,6.03,6.11,5.95,5.97,37632084,877389760.0
2010-03-05,5.97,6.07,5.96,6.02,29184210,681193920.0
2010-03-08,6.03,6.22,5.96,6.17,44105392,1045698944.0
2010-03-09,6.17,6.28,6.08,6.16,39436016,943966336.0
2010-03-10,6.13,6.23,6.04,6.05,21105884,499356448.0
2010-03-11,6.09,6.2,6.05,6.12,24121836,571453888.0
2010-03-12,6.09,6.09,5.92,5.93,28307336,655910208.0
2010-03-15,5.92,5.92,5.74,5.79,18908996,424857088.0
2010-03-16,5.79,5.85,5.75,5.83,19684876,441221888.0
2010-03-17,5.85,6.0,5.81,6.0,19285972,441162464.0
2010-03-18,6.01,6.08,5.94,5.96,21815220,507527264.0
2010-03-19,5.96,6.0,5.87,5.96,17661472,404284736.0
2010-03-22,5.93,6.06,5.93,5.99,19525678,453198688.0
2010-03-23,6.0,6.01,5.87,5.9,15934945,365560032.0
2010-03-24,5.91,6.0,5.88,5.9,21098292,484336288.0
2010-03-25,5.88,5.89,5.76,5.77,16607431,372184256.0
2010-03-26,5.77,5.97,5.73,5.9,22346080,509149248.0
2010-03-29,5.94,6.17,5.89,6.09,44416328,1044826240.0
2010-03-30,6.11,6.15,6.03,6.11,25304340,595446848.0
2010-03-31,6.11,6.12,5.97,6.0,30554950,710514240.0
2010-04-01,6.02,6.1,5.96,6.05,30515892,712145600.0
2010-04-02,6.07,6.08,6.0,6.06,19590002,457640288.0
2010-04-06,6.09,6.17,6.01,6.04,23650932,556583872.0
2010-04-07,6.04,6.06,5.86,5.91,31842226,730335808.0
2010-04-08,5.9,5.9,5.77,5.84,44838724,1009933568.0
2010-04-09,5.84,5.88,5.82,5.86,22040960,498836800.0
2010-04-12,5.87,5.88,5.67,5.71,49477064,1098010880.0
2010-04-13,5.73,5.85,5.7,5.79,44918696,1003910848.0
2010-04-14,5.79,5.8,5.7,5.75,33185240,734720512.0
2010-04-15,5.76,5.79,5.68,5.79,35701752,790372992.0
2010-04-16,5.76,5.76,5.68,5.69,28646796,632291264.0
2010-04-19,5.57,5.58,5.17,5.19,82687424,1708546688.0
2010-04-20,5.2,5.26,5.04,5.11,43513432,858886272.0
2010-04-21,5.12,5.21,5.07,5.2,37358848,742144448.0
2010-04-22,5.17,5.17,4.99,5.07,45221008,884329024.0
2010-04-23,5.08,5.32,5.01,5.21,55604572,1106582144.0
2010-04-26,5.17,5.26,5.09,5.16,32231492,647506048.0
2010-04-27,5.11,5.23,5.05,5.13,34890388,692500032.0
2010-04-28,5.1,5.22,5.07,5.21,33493884,668218560.0
2010-04-29,5.25,5.33,5.2,5.22,36824240,749244096.0
2010-04-30,5.24,5.32,5.21,5.32,32434462,662829184.0
2010-05-04,5.2,5.25,5.11,5.17,28674710,574413568.0
2010-05-05,5.19,5.23,5.01,5.15,65042244,1283692544.0
2010-05-06,5.09,5.09,4.73,4.76,68579664,1296218496.0
2010-05-07,4.66,4.8,4.64,4.72,41258000,752185920.0
2010-05-10,4.74,4.83,4.7,4.77,38641688,710974016.0
2010-05-11,4.88,4.88,4.51,4.52,56171656,1017121600.0
2010-05-12,4.47,4.73,4.44,4.68,52104080,931251264.0
2010-05-13,4.66,4.89,4.65,4.83,56752700,1049525952.0
2010-05-14,4.83,4.83,4.71,4.74,26562824,487732512.0
2010-05-17,4.65,4.66,4.48,4.51,32660780,574713344.0
2010-05-18,4.52,4.68,4.47,4.65,36190092,641553728.0
2010-05-19,4.59,4.7,4.5,4.59,25635624,456208288.0
2010-05-20,4.54,4.67,4.52,4.54,21828948,387168256.0
2010-05-21,4.42,4.62,4.4,4.61,22079548,386738336.0
2010-05-24,4.63,4.81,4.63,4.75,31791566,582619392.0
2010-05-25,4.71,4.72,4.59,4.6,24594616,441872576.0
2010-05-26,4.62,4.7,4.6,4.63,17161116,308368928.0
2010-05-27,4.62,4.69,4.51,4.67,27816664,496702080.0
2010-05-28,4.72,4.75,4.66,4.67,25397440,461689408.0
2010-05-31,4.63,4.71,4.52,4.53,27045758,480683776.0
2010-06-01,4.51,4.57,4.44,4.47,21809102,379058912.0
2010-06-02,4.46,4.5,4.37,4.45,25125604,430720704.0
2010-06-03,4.48,4.58,4.45,4.45,28756178,501143168.0
2010-06-04,4.45,4.52,4.44,4.47,13473513,232824768.0
2010-06-07,4.42,4.47,4.35,4.37,24149328,410550912.0
2010-06-08,4.37,4.4,4.27,4.32,17033016,286156160.0
2010-06-09,4.34,4.6,4.29,4.57,49574376,857978624.0
2010-06-10,4.47,4.52,4.42,4.42,28464074,489563040.0
2010-06-11,4.45,4.51,4.4,4.43,20998340,362292832.0
2010-06-18,4.44,4.59,4.43,4.48,44849256,785248768.0
2010-06-21,4.48,4.79,4.48,4.73,58980712,1063389312.0
2010-06-22,4.72,4.87,4.68,4.79,41713772,770488704.0
2010-06-23,4.73,4.81,4.69,4.74,32467950,597274368.0
2010-06-24,4.73,4.86,4.71,4.79,23351520,432905280.0
2010-06-25,4.75,4.78,4.66,4.68,22750284,415194016.0
2010-06-28,4.67,4.81,4.67,4.78,24414808,448791840.0
2010-06-29,4.79,4.79,4.52,4.53,30668324,549134848.0
2010-09-02,4.91,4.91,4.63,4.7,163454208,2984708608.0
2010-09-03,4.7,4.7,4.57,4.59,62412920,1110873728.0
2010-09-06,4.62,4.75,4.59,4.71,60906960,1106419456.0
2010-09-07,4.74,4.74,4.64,4.66,39285264,711274624.0
2010-09-08,4.63,4.63,4.53,4.56,49003576,865664576.0
2010-09-09,4.56,4.56,4.44,4.45,46989764,816937856.0
2010-09-10,4.44,4.5,4.4,4.45,25184776,432519200.0
2010-09-13,4.45,4.5,4.34,4.42,50222828,856767616.0
2010-09-14,4.43,4.49,4.42,4.44,29949472,516196352.0
2010-09-15,4.45,4.47,4.37,4.37,25923560,443804448.0
2010-09-16,4.4,4.43,4.28,4.3,28607640,478304192.0
2010-09-17,4.31,4.37,4.29,4.3,22079300,369835360.0
2010-09-20,4.31,4.38,4.27,4.32,19768688,330479008.0
2010-09-21,4.34,4.35,4.28,4.29,13399227,223281920.0
2010-09-27,4.3,4.33,4.25,4.32,18833172,312453344.0
2010-09-28,4.31,4.31,4.2,4.2,24652646,404817184.0
2010-09-29,4.19,4.25,4.17,4.19,21347578,347260768.0
2010-10-08,4.32,4.48,4.27,4.45,53671584,914838848.0
2010-10-11,4.48,4.75,4.48,4.66,87403016,1564391680.0
2010-10-12,4.67,4.69,4.6,4.65,47759448,856881088.0
2010-10-13,4.65,4.8,4.65,4.79,82596176,1514394496.0
2010-10-14,4.82,4.99,4.73,4.74,100374928,1889045248.0
2010-10-15,4.71,5.01,4.7,4.95,116893824,2220512256.0
2010-10-18,5.02,5.19,4.94,4.96,107408192,2102793984.0
2010-10-19,4.94,5.08,4.87,5.05,58071928,1107907840.0
2010-10-20,4.95,5.17,4.95,5.03,73972720,1448845952.0
2010-10-21,5.03,5.04,4.85,4.87,55499968,1052712896.0
2010-10-22,4.8,4.86,4.74,4.79,53822204,999166144.0
2010-10-25,4.8,4.9,4.72,4.89,46830576,874475200.0
2010-10-26,4.91,4.98,4.8,4.82,42230044,795987328.0
2010-10-27,4.81,4.93,4.74,4.8,39503156,739953216.0
2010-10-28,4.81,4.89,4.77,4.85,38463140,719877440.0
2010-10-29,4.86,4.86,4.74,4.76,35857720,663509376.0
2010-11-01,4.78,4.85,4.77,4.8,59127284,1097857664.0
2010-11-02,4.8,4.87,4.74,4.82,63981740,1190657920.0
2010-11-03,4.82,4.99,4.76,4.93,91079640,1727427712.0
2010-11-04,4.89,4.95,4.85,4.89,61345828,1160505984.0
2010-11-05,4.94,4.96,4.86,4.89,50395936,953355904.0
2010-11-08,4.9,5.01,4.9,4.95,62519448,1197820416.0
2010-11-09,4.95,4.96,4.81,4.82,56692624,1066476224.0
2010-11-10,4.79,4.8,4.68,4.69,57120448,1042355968.0
2010-11-11,4.71,4.82,4.67,4.77,67968656,1241063168.0
2010-11-12,4.71,4.73,4.43,4.44,61625684,1095115008.0
2010-11-15,4.46,4.48,4.39,4.48,43991848,754704064.0
2010-11-16,4.47,4.47,4.31,4.32,44266712,749307648.0
2010-11-17,4.28,4.41,4.27,4.34,33927448,571087168.0
2010-11-18,4.38,4.47,4.36,4.44,43733956,745421248.0
2010-11-19,4.45,4.45,4.29,4.4,43301460,730445056.0
2010-11-22,4.34,4.36,4.29,4.31,35349872,591130240.0
2010-11-23,4.29,4.32,4.2,4.28,32938478,540216000.0
2010-11-24,4.25,4.37,4.24,4.33,31836654,531391648.0
2010-11-25,4.35,4.43,4.29,4.38,38294000,645536512.0
2010-11-26,4.38,4.38,4.3,4.32,23703058,396929824.0
2010-11-29,4.29,4.36,4.26,4.32,20063996,333489664.0
2010-11-30,4.3,4.34,4.18,4.24,28262144,464292192.0
2010-12-01,4.24,4.28,4.21,4.26,15427254,253584576.0
2010-12-02,4.32,4.34,4.26,4.27,20269980,336507104.0
2010-12-03,4.28,4.3,4.25,4.28,15700622,259727664.0
2010-12-06,4.29,4.36,4.27,4.33,21792398,364205376.0
2010-12-07,4.32,4.35,4.25,4.33,19954522,331262912.0
2010-12-08,4.32,4.33,4.25,4.26,17288608,286846720.0
2010-12-09,4.26,4.26,4.19,4.19,24029374,391356096.0
2010-12-10,4.19,4.24,4.16,4.22,19834112,322263488.0
2010-12-13,4.23,4.3,4.2,4.3,28080364,461224128.0
2010-12-14,4.3,4.3,4.26,4.28,23751670,392885312.0
2010-12-15,4.29,4.34,4.27,4.29,28127660,467398016.0
2010-12-16,4.3,4.32,4.25,4.25,22055606,365485600.0
2010-12-17,4.25,4.27,4.21,4.23,17302092,283291968.0
2010-12-20,4.24,4.25,4.13,4.17,25620544,414236384.0
2010-12-21,4.18,4.3,4.16,4.28,30685364,503881600.0
2010-12-22,4.29,4.3,4.19,4.2,22703588,371863968.0
2010-12-24,4.19,4.29,4.18,4.25,28612724,469742368.0
2010-12-27,4.3,4.33,4.14,4.16,30865798,505246592.0
2010-12-28,4.16,4.19,4.12,4.12,26556644,426320128.0
2010-12-29,4.12,4.13,4.03,4.08,23683256,372484736.0
2010-12-30,4.08,4.09,4.01,4.05,17826664,278979200.0
2010-12-31,4.05,4.1,4.03,4.08,24089142,378317760.0
2011-01-04,4.09,4.18,4.05,4.14,35884060,573343744.0
2011-01-05,4.13,4.17,4.11,4.12,23746264,379869056.0
2011-01-06,4.12,4.16,4.06,4.09,20653128,327148864.0
2011-01-07,4.09,4.34,4.06,4.24,77048224,1263299328.0
2011-01-10,4.2,4.24,4.11,4.13,36187212,584172480.0
2011-01-11,4.11,4.21,4.11,4.19,20820064,335260352.0
2011-01-12,4.2,4.25,4.17,4.24,27713344,451290816.0
2011-01-13,4.26,4.28,4.22,4.22,19481116,319664064.0
2011-01-14,4.21,4.21,4.13,4.13,20691456,332810208.0
2011-01-17,4.09,4.12,3.97,3.98,26616456,415802336.0
2011-01-18,3.98,3.99,3.95,3.97,15555469,238789232.0
2011-01-19,3.97,4.01,3.94,4.01,16794488,258415152.0
2011-01-20,4.0,4.0,3.86,3.86,28757900,435524160.0
2011-01-21,3.84,4.03,3.84,3.92,22997724,349887104.0
2011-01-24,3.92,3.93,3.87,3.89,15382697,231930928.0
2011-01-25,3.91,3.94,3.88,3.92,13420138,203198256.0
2011-01-26,3.92,3.96,3.91,3.95,10506028,160007840.0
2011-01-27,3.92,3.98,3.88,3.96,25551128,389319904.0
2011-01-28,3.96,3.97,3.89,3.93,18541948,281316480.0
2011-01-31,3.93,3.96,3.9,3.96,14024473,213770064.0
2011-02-01,3.96,4.01,3.95,3.99,15169758,233656080.0
2011-02-09,3.97,4.02,3.94,3.94,16650833,255979312.0
2011-02-10,3.94,4.0,3.93,3.99,13682225,210138992.0
2011-02-11,3.98,4.03,3.96,4.01,22582808,348149600.0
2011-02-14,4.01,4.16,4.0,4.14,41765668,661743808.0
2011-02-15,4.14,4.16,4.09,4.09,32109852,512496480.0
2011-02-16,4.09,4.12,4.06,4.11,18320572,289815296.0
2011-02-17,4.13,4.18,4.1,4.13,25381008,405836832.0
2011-02-18,4.11,4.16,4.09,4.13,22880240,363416320.0
2011-02-21,4.09,4.14,4.07,4.13,31654344,502016608.0
2011-02-22,4.13,4.13,4.0,4.0,34395852,538516416.0
2011-02-23,4.01,4.06,4.0,4.03,35743432,555794816.0
2011-02-24,4.03,4.03,3.98,4.02,20230780,313473088.0
2011-02-25,4.04,4.18,4.0,4.11,50926392,807238720.0
2011-02-28,4.09,4.13,4.04,4.12,30763736,486809440.0
2011-03-01,4.12,4.19,4.1,4.15,48277552,774219072.0
2011-03-02,4.12,4.21,4.11,4.18,48810708,786881472.0
2011-03-03,4.19,4.34,4.18,4.24,98048936,1616932480.0
2011-03-04,4.25,4.33,4.22,4.31,50539628,833234944.0
2011-03-07,4.34,4.39,4.28,4.33,49762448,834013056.0
2011-03-08,4.33,4.36,4.28,4.3,32181260,537368704.0
2011-03-09,4.32,4.36,4.31,4.32,32364768,542959232.0
2011-03-10,4.29,4.29,4.19,4.2,30849384,504165760.0
2011-03-11,4.18,4.21,4.14,4.15,23016686,371901344.0
2011-03-14,4.14,4.19,4.13,4.18,21799970,350756128.0
2011-03-15,4.14,4.16,4.06,4.1,28438142,451454528.0
2011-03-16,4.1,4.14,4.07,4.12,24207568,384301440.0
2011-03-17,4.09,4.11,4.05,4.06,20726244,327039744.0
2011-03-18,4.11,4.11,4.07,4.09,14524328,229686240.0
2011-03-21,4.09,4.11,4.06,4.08,16015761,252850944.0
2011-03-22,4.09,4.15,4.05,4.14,25194372,401085856.0
2011-03-23,4.13,4.18,4.12,4.16,22679888,363809600.0
2011-03-24,4.16,4.16,4.12,4.13,16012496,256090880.0
2011-03-25,4.13,4.22,4.13,4.2,36086256,585086400.0
2011-03-28,4.23,4.3,4.22,4.22,36793240,605067456.0
2011-03-29,4.23,4.33,4.22,4.27,48258736,798647424.0
2011-03-30,4.26,4.32,4.23,4.24,27507684,453620672.0
2011-03-31,4.24,4.26,4.14,4.16,21336828,345191104.0
2011-04-01,4.16,4.29,4.16,4.28,32324048,530034240.0
2011-04-06,4.29,4.42,4.29,4.4,74524384,1263488256.0
2011-04-07,4.4,4.49,4.36,4.45,64881088,1112314112.0
2011-04-08,4.44,4.46,4.39,4.44,26811760,458985760.0
2011-04-11,4.44,4.54,4.4,4.4,56381824,974852480.0
2011-04-12,4.42,4.49,4.39,4.41,38618172,662860224.0
2011-04-13,4.4,4.67,4.37,4.67,72385120,1268537472.0
2011-04-14,4.78,4.81,4.68,4.7,104925064,1921868288.0
2011-04-15,4.71,4.85,4.69,4.84,67079416,1242600448.0
2011-04-18,4.83,4.88,4.77,4.88,58014896,1082013056.0
2011-04-19,4.82,4.85,4.74,4.77,52577708,975147520.0
2011-04-20,4.77,4.8,4.63,4.67,48925672,891280640.0
2011-04-21,4.71,4.77,4.67,4.69,31806222,579304640.0
2011-04-22,4.65,4.69,4.58,4.62,30666850,548689856.0
2011-04-25,4.62,4.72,4.58,4.67,35864668,646189952.0
2011-04-26,4.66,4.77,4.65,4.76,38943064,711900608.0
2011-04-27,4.77,4.86,4.68,4.73,53270504,985540096.0
2011-04-28,4.76,4.91,4.75,4.81,64895808,1215618304.0
2011-04-29,4.81,4.81,4.63,4.71,50049592,911382592.0
2011-05-03,4.69,4.75,4.67,4.71,22105844,402350144.0
2011-05-04,4.65,4.74,4.57,4.62,39381976,708758080.0
2011-05-05,4.56,4.63,4.56,4.58,24603790,437563136.0
2011-05-06,4.54,4.61,4.51,4.54,24111904,425935552.0
2011-05-13,4.52,4.58,4.4,4.57,36798424,638079680.0
2011-05-16,4.51,4.56,4.43,4.43,19710484,342549024.0
2011-05-17,4.43,4.65,4.43,4.62,31970892,565242752.0
2011-05-18,4.59,4.76,4.57,4.68,29415320,532338144.0
2011-05-19,4.7,4.75,4.62,4.64,16459997,297958656.0
2011-05-20,4.63,4.81,4.63,4.74,31190030,572652160.0
2011-05-23,4.72,4.73,4.56,4.63,32912056,588700864.0
2011-05-24,4.6,4.74,4.6,4.7,29158742,528778304.0
2011-05-26,4.64,4.68,4.55,4.6,29474004,525548160.0
2011-05-27,4.58,4.65,4.55,4.55,23833088,423279648.0
2011-05-30,4.52,4.58,4.47,4.54,15090147,263972800.0
2011-05-31,4.54,4.59,4.44,4.57,19360768,338686784.0
2011-06-01,4.56,4.56,4.48,4.51,18103530,316218016.0
2011-06-02,4.45,4.48,4.26,4.32,43960072,739553856.0
2011-06-03,4.29,4.34,4.26,4.32,15453683,257350016.0
2011-06-07,4.28,4.37,4.25,4.36,14608911,244067280.0
2011-06-08,4.35,4.35,4.26,4.32,16075948,267290816.0
2011-06-09,4.29,4.35,4.27,4.28,12022235,200273680.0
2011-06-10,4.27,4.33,4.24,4.27,14557106,240550240.0
2011-06-13,4.24,4.25,4.17,4.22,16282265,265033184.0
2011-06-14,4.21,4.35,4.2,4.27,27898386,463185184.0
2011-06-15,4.26,4.3,4.2,4.2,16867712,275973984.0
2011-06-16,4.17,4.2,4.12,4.13,17385080,279148928.0
2011-06-17,4.15,4.17,4.1,4.11,19132952,305942720.0
2011-06-20,4.11,4.15,4.07,4.14,12269128,195132656.0
2011-06-21,4.15,4.22,4.13,4.21,19391196,313896320.0
2011-06-22,4.21,4.24,4.18,4.2,15194027,247618688.0
2011-06-23,4.19,4.31,4.18,4.29,16588875,272357056.0
2011-06-24,4.27,4.44,4.27,4.39,32282576,547045568.0
2011-06-27,4.39,4.53,4.38,4.42,28093322,483915168.0
2011-06-28,4.5,4.5,4.34,4.41,20652920,350987392.0
2011-06-29,4.43,4.44,4.29,4.3,25898152,435681888.0
2011-06-30,4.32,4.45,4.31,4.41,27584004,468824288.0
2011-07-01,4.43,4.43,4.35,4.38,24878948,422094944.0
2011-07-04,4.39,4.54,4.39,4.54,37824912,655990848.0
2011-07-05,4.52,4.53,4.47,4.5,19056022,331713600.0
2011-07-06,4.48,4.49,4.41,4.46,20647586,354627552.0
2011-07-07,4.52,4.56,4.43,4.47,33785504,588625664.0
2011-07-08,4.47,4.6,4.45,4.53,26960364,473536544.0
2011-07-11,4.5,4.56,4.49,4.5,16173487,282634272.0
2011-07-12,4.47,4.47,4.38,4.4,24514304,418118336.0
2011-07-13,4.46,4.58,4.43,4.54,32429428,566412224.0
2011-07-14,4.54,4.56,4.49,4.55,24447810,428448992.0
2011-07-15,4.54,4.71,4.5,4.65,37573800,671466240.0
2011-07-18,4.65,4.69,4.6,4.64,19781464,354921792.0
2011-07-19,4.59,4.59,4.52,4.54,21935526,385645088.0
2011-07-20,4.57,4.59,4.49,4.54,14593499,255516288.0
2011-07-21,4.53,4.54,4.44,4.44,18897122,326948288.0
2011-07-22,4.46,4.51,4.43,4.45,12273319,211870048.0
2011-07-25,4.42,4.46,4.33,4.36,19707012,335512640.0
2011-07-26,4.36,4.47,4.34,4.45,17324248,296943872.0
2011-07-27,4.41,4.48,4.4,4.44,15007940,258034544.0
2011-07-28,4.4,4.4,4.32,4.36,18780608,316189440.0
2011-07-29,4.37,4.59,4.32,4.48,31350764,541258944.0
2011-08-01,4.45,4.53,4.39,4.45,20792008,358426368.0
2011-08-02,4.41,4.43,4.33,4.4,19388300,327409984.0
2011-08-03,4.34,4.42,4.32,4.36,14194473,240147616.0
2011-08-04,4.37,4.45,4.36,4.37,11502275,195599888.0
2011-08-05,4.28,4.3,4.21,4.21,24826954,408435584.0
2011-08-08,4.19,4.27,4.07,4.14,25034798,403626912.0
2011-08-09,4.07,4.2,4.02,4.14,27088572,430794176.0
2011-08-10,4.2,4.24,4.16,4.16,18298392,297294720.0
2011-08-11,4.09,4.26,4.09,4.25,18987370,308443424.0
2011-08-12,4.26,4.32,4.24,4.3,18053416,297982240.0
2011-08-15,4.3,4.46,4.23,4.43,30852780,519120704.0
2011-08-16,4.42,4.47,4.39,4.41,19781800,338285312.0
2011-08-18,4.42,4.48,4.31,4.33,25245980,427197376.0
2011-08-19,4.24,4.3,4.21,4.29,15545149,255822480.0
2011-08-22,4.28,4.3,4.21,4.25,12807347,210393776.0
2011-08-23,4.25,4.32,4.23,4.3,10465458,173121392.0
2011-08-24,4.31,4.33,4.23,4.24,12520897,207818928.0
2011-08-25,4.27,4.49,4.24,4.48,46535408,793665408.0
2011-08-26,4.45,4.5,4.43,4.49,25855820,446200768.0
2011-08-29,4.4,4.4,4.28,4.32,45187136,755956224.0
2011-08-30,4.35,4.43,4.31,4.31,22000548,371612128.0
2011-08-31,4.32,4.4,4.28,4.36,13043411,218858304.0
2011-09-01,4.36,4.41,4.34,4.38,11465355,193932848.0
2011-09-05,4.29,4.31,4.23,4.25,13828628,228178080.0
2011-09-06,4.23,4.27,4.21,4.23,11350557,185902896.0
2011-09-07,4.26,4.33,4.22,4.31,13007207,215260560.0
2011-09-08,4.31,4.33,4.27,4.28,10076662,167311104.0
2011-09-09,4.3,4.36,4.23,4.26,10662894,176663296.0
2011-09-13,4.19,4.27,4.18,4.27,10320508,168927616.0
2011-09-14,4.28,4.29,4.18,4.25,14722697,241207200.0
2011-09-15,4.25,4.31,4.24,4.28,17064236,282498720.0
2011-09-16,4.3,4.42,4.3,4.4,36953540,626906560.0
2011-09-19,4.35,4.35,4.28,4.29,10599840,176591136.0
2011-09-20,4.28,4.37,4.27,4.33,7712700,128974784.0
2011-09-21,4.33,4.45,4.29,4.41,18368644,312327648.0
2011-09-22,4.36,4.38,4.31,4.32,15644754,262524752.0
2011-09-23,4.24,4.35,4.22,4.3,15181093,250805296.0
2011-09-26,4.25,4.33,4.13,4.15,19813812,322611456.0
2011-09-27,4.19,4.21,4.11,4.18,13761782,221845888.0
2011-09-28,4.21,4.21,4.11,4.14,9670343,155237152.0
2011-09-29,4.11,4.17,4.1,4.15,11315764,181407712.0
2011-09-30,4.16,4.19,4.14,4.15,14204046,228902896.0
2011-10-10,4.12,4.15,3.99,4.01,20965594,326892320.0
2011-10-11,4.14,4.16,4.02,4.05,21464906,339237344.0
2011-10-12,4.02,4.24,4.01,4.23,27447240,442778752.0
2011-10-13,4.2,4.25,4.19,4.23,14506496,236989024.0
2011-10-14,4.21,4.25,4.17,4.23,8695258,141751920.0
2011-10-17,4.26,4.32,4.25,4.28,11711517,194055200.0
2011-10-18,4.24,4.25,4.13,4.14,13801277,223255648.0
2011-10-19,4.17,4.21,4.14,4.15,8237424,132855568.0
2011-10-20,4.14,4.14,4.06,4.09,9245905,146319936.0
2011-10-21,4.11,4.18,4.08,4.14,14082651,225852448.0
2011-10-24,4.16,4.31,4.12,4.27,24059040,394450688.0
2011-10-25,4.27,4.34,4.24,4.3,19957370,331621152.0
2011-10-26,4.3,4.38,4.29,4.33,24416172,410238816.0
2011-10-27,4.34,4.38,4.29,4.32,14650097,245495552.0
2011-10-28,4.4,4.45,4.36,4.4,28495748,484862592.0
2011-10-31,4.4,4.42,4.3,4.36,14176696,238721168.0
2011-11-01,4.33,4.42,4.31,4.36,17930976,303128864.0
2011-11-02,4.3,4.43,4.3,4.43,19069442,320967360.0
2011-11-03,4.42,4.44,4.34,4.36,26232886,445806720.0
2011-11-04,4.4,4.41,4.35,4.39,13339644,226230000.0
2011-11-07,4.36,4.37,4.3,4.32,12957718,217220448.0
2011-11-08,4.33,4.36,4.31,4.33,9670530,162043536.0
2011-11-09,4.34,4.39,4.31,4.38,11355254,190845600.0
2011-11-10,4.34,4.39,4.32,4.34,15843664,266509040.0
2011-11-11,4.34,4.35,4.27,4.28,16526727,274797632.0
2011-11-14,4.31,4.36,4.28,4.33,17925052,299361824.0
2011-11-15,4.31,4.32,4.24,4.26,21708890,357983648.0
2011-11-16,4.26,4.26,4.13,4.14,19927200,322231072.0
2011-11-17,4.16,4.17,4.12,4.13,10961862,175962320.0
2011-11-18,4.11,4.16,4.1,4.12,14386865,229649104.0
2011-11-21,4.13,4.13,4.09,4.12,13673657,217304752.0
2011-11-22,4.11,4.17,4.09,4.15,13281831,212748304.0
2011-11-23,4.16,4.17,4.06,4.07,18894416,299733088.0
2011-11-24,4.06,4.12,4.03,4.1,12146393,191344464.0
2011-11-25,4.07,4.1,4.06,4.08,8446296,133224392.0
2011-11-28,4.09,4.12,4.06,4.08,9813225,155001376.0
2011-11-29,4.12,4.14,4.09,4.13,15649490,249152272.0
2011-11-30,4.12,4.13,4.0,4.01,19165720,299555296.0
2011-12-01,4.12,4.21,4.1,4.11,41183240,660688128.0
2011-12-02,4.09,4.14,4.07,4.12,18186014,289399904.0
2011-12-05,4.12,4.15,4.06,4.12,11349137,180714656.0
2011-12-07,4.11,4.18,4.1,4.15,14862428,238162240.0
2011-12-08,4.15,4.17,4.09,4.12,18705208,298946848.0
2011-12-09,4.11,4.13,4.08,4.1,8686255,137984144.0
2011-12-12,4.1,4.13,4.06,4.1,8633134,137072016.0
2011-12-13,4.09,4.12,4.04,4.05,19000444,300294560.0
2011-12-14,4.05,4.07,4.01,4.03,8493106,132825568.0
2011-12-15,4.01,4.03,3.88,3.89,19273652,294609856.0
2011-12-16,3.9,3.98,3.86,3.95,15737768,238364624.0
2011-12-19,3.92,4.0,3.88,3.97,12810069,194558352.0
2011-12-20,3.96,4.03,3.95,3.96,9463751,146041776.0
2011-12-21,4.0,4.04,3.96,3.97,14660853,227230416.0
2011-12-22,3.96,4.02,3.93,3.99,10984934,168904816.0
2011-12-23,3.99,4.04,3.97,3.99,9946525,153908336.0
2011-12-26,3.98,4.02,3.97,3.99,7377643,113827424.0
2011-12-27,3.98,4.04,3.98,4.0,13879755,214959824.0
2011-12-28,3.99,4.02,3.9,3.96,11317934,173347072.0
2011-12-29,3.94,3.99,3.93,3.96,12859277,197105648.0
2011-12-30,3.97,4.03,3.96,4.03,26148736,402708864.0
2012-01-04,4.03,4.03,3.92,3.92,14791098,227563712.0
2012-01-05,3.92,4.02,3.91,3.98,24408004,375880608.0
2012-01-06,3.97,4.01,3.92,3.97,13315115,204143664.0
2012-01-09,3.97,4.09,3.94,4.08,22113866,345938688.0
2012-01-20,4.33,4.38,4.22,4.34,58667568,972826816.0
2012-01-30,4.35,4.38,4.3,4.32,33298844,558095296.0
2012-01-31,4.32,4.34,4.27,4.3,17326548,288275840.0
2012-02-01,4.29,4.34,4.25,4.25,18515900,307694784.0
2012-02-02,4.27,4.39,4.25,4.37,24462346,410098464.0
2012-02-03,4.36,4.41,4.32,4.39,22996446,388800512.0
2012-02-06,4.4,4.4,4.34,4.35,15780815,266559536.0
2012-02-07,4.33,4.34,4.28,4.29,12208636,203101568.0
2012-02-08,4.29,4.4,4.29,4.37,17227256,290646912.0
2012-02-10,4.34,4.39,4.34,4.37,18211848,307363104.0
2012-02-13,4.34,4.35,4.29,4.31,21506688,359692320.0
2012-02-14,4.3,4.32,4.26,4.29,10854644,179835120.0
2012-02-15,4.29,4.33,4.25,4.3,20130584,334137696.0
2012-02-16,4.3,4.32,4.23,4.25,27369216,451825408.0
2012-02-17,4.28,4.28,4.24,4.25,15069047,248573520.0
2012-02-20,4.33,4.33,4.25,4.25,22420576,372071616.0
2012-02-21,4.26,4.28,4.22,4.26,15026488,247188096.0
2012-02-22,4.26,4.3,4.25,4.3,31739776,525337440.0
2012-02-23,4.3,4.33,4.29,4.3,22626760,376851584.0
2012-02-24,4.32,4.36,4.27,4.36,36410464,609181824.0
2012-02-27,4.37,4.44,4.33,4.37,44761712,759502528.0
2012-02-28,4.38,4.52,4.37,4.46,46014184,793135040.0
2012-02-29,4.47,4.47,4.4,4.42,26302462,451402720.0
2012-03-01,4.42,4.51,4.41,4.45,29162132,504303648.0
2012-03-02,4.45,4.52,4.45,4.52,29097318,505353984.0
2012-03-05,4.53,4.6,4.45,4.47,35041728,614488128.0
2012-03-06,4.45,4.47,4.37,4.38,33137414,565065408.0
2012-03-07,4.34,4.4,4.33,4.34,20137130,339797440.0
2012-03-08,4.37,4.44,4.36,4.4,28878270,491703680.0
2012-03-09,4.37,4.38,4.31,4.36,53053644,891070592.0
2012-03-12,4.36,4.36,4.3,4.32,27064788,451971840.0
2012-03-13,4.33,4.36,4.31,4.36,23753056,398818656.0
2012-03-14,4.37,4.41,4.25,4.26,43996404,738597760.0
2012-03-15,4.26,4.29,4.2,4.2,25804872,423785024.0
2012-03-16,4.21,4.24,4.18,4.24,16786552,273741696.0
2012-03-19,4.22,4.24,4.19,4.23,16746474,272964672.0
2012-03-20,4.22,4.22,4.15,4.16,20304048,328052064.0
2012-03-21,4.19,4.19,4.14,4.16,15040403,242481936.0
2012-03-22,4.17,4.21,4.13,4.19,17938848,288804704.0
2012-03-23,4.17,4.17,4.13,4.14,11901609,190843184.0
2012-03-26,4.14,4.16,4.13,4.15,8246121,132200784.0
2012-03-27,4.17,4.18,4.15,4.16,11120921,179214160.0
2012-03-28,4.15,4.16,4.07,4.08,20448296,325213024.0
2012-03-29,4.08,4.08,4.0,4.03,18886584,295267360.0
2012-03-30,4.04,4.07,4.03,4.06,10631246,166628768.0
2012-04-05,4.06,4.08,3.99,4.07,18379254,287161664.0
2012-04-06,4.06,4.14,4.04,4.13,19387554,306955616.0
2012-04-09,4.11,4.11,4.06,4.07,9319714,147459888.0
2012-04-10,4.06,4.11,4.03,4.11,19699850,308914112.0
2012-04-11,4.05,4.12,4.05,4.09,10514365,166106128.0
2012-04-12,4.1,4.22,4.07,4.22,27577946,443771872.0
2012-04-13,4.23,4.29,4.19,4.21,33774472,554098560.0
2012-04-16,4.19,4.23,4.16,4.18,13367317,216401792.0
2012-04-17,4.17,4.2,4.13,4.13,11895119,191093632.0
2012-04-18,4.14,4.22,4.14,4.2,15960090,258852704.0
2012-04-19,4.21,4.23,4.19,4.23,13739186,223742896.0
2012-04-20,4.21,4.29,4.2,4.29,25807488,426240160.0
2012-04-23,4.28,4.3,4.23,4.25,19738112,325312448.0
2012-04-24,4.24,4.43,4.24,4.33,47804024,802959360.0
2012-04-25,4.3,4.36,4.29,4.36,20892364,350401184.0
2012-04-26,4.36,4.37,4.26,4.29,28341442,470733984.0
2012-04-27,4.3,4.33,4.26,4.28,16661706,277246080.0
2012-05-02,4.32,4.38,4.3,4.34,26117210,438591392.0
2012-05-03,4.34,4.35,4.29,4.3,16148709,269467360.0
2012-05-04,4.29,4.33,4.28,4.32,14029557,233813680.0
2012-05-07,4.29,4.33,4.26,4.29,25573094,423783680.0
2012-05-08,4.28,4.29,4.25,4.28,17512996,289312160.0
2012-05-09,4.25,4.26,4.17,4.18,21367676,347527136.0
2012-05-10,4.18,4.2,4.16,4.17,12942834,209027536.0
2012-05-11,4.17,4.19,4.14,4.14,16251980,261354032.0
2012-05-14,4.17,4.18,4.11,4.12,20696000,332240256.0
2012-05-15,4.11,4.15,4.09,4.14,13445478,213764768.0
2012-05-16,4.14,4.14,4.07,4.07,15030511,238216896.0
2012-05-17,4.09,4.13,4.07,4.12,13338999,211749264.0
2012-05-18,4.09,4.11,4.05,4.06,15786319,248755808.0
2012-05-21,4.06,4.1,4.06,4.08,8569485,135114976.0
2012-05-22,4.09,4.13,4.09,4.13,11359898,180941168.0
2012-05-24,4.11,4.11,4.05,4.06,19407374,305714016.0
2012-05-25,4.06,4.07,4.03,4.04,9892922,154918944.0
2012-05-28,4.04,4.09,4.01,4.09,13720237,215529424.0
2012-05-29,4.09,4.13,4.05,4.12,28680860,453701952.0
2012-05-30,4.1,4.11,4.03,4.06,21712592,341898720.0
2012-05-31,4.05,4.08,4.02,4.06,15325128,239888128.0
2012-06-01,4.06,4.11,4.05,4.08,15835304,249589888.0
2012-06-04,4.04,4.04,3.98,3.98,17177788,266890992.0
2012-06-05,3.99,4.0,3.95,3.95,24614408,377715360.0
2012-06-06,3.96,3.97,3.94,3.96,18886004,288959584.0
2012-06-07,3.99,4.0,3.92,3.93,13130248,201455936.0
2012-06-08,3.94,3.95,3.82,3.83,39755724,593133504.0
2012-06-11,3.84,3.86,3.81,3.82,26550912,393125600.0
2012-06-12,3.8,3.82,3.74,3.76,29815536,434459168.0
2012-06-13,3.77,3.86,3.75,3.84,26011662,383736096.0
2012-06-14,3.82,3.83,3.78,3.79,13047824,191929248.0
2012-06-15,3.8,3.97,3.8,3.92,42295156,636342592.0
2012-06-18,3.91,3.94,3.89,3.93,19873336,301170880.0
2012-06-19,3.92,3.97,3.91,3.94,14992460,228553088.0
2012-06-20,3.96,4.01,3.93,3.94,14370713,220127616.0
2012-06-21,3.94,3.94,3.84,3.85,14483296,217217296.0
2012-06-25,3.85,3.89,3.82,3.82,16435834,245383808.0
2012-06-26,3.83,3.88,3.82,3.85,13492363,201321552.0
2012-06-27,3.86,3.87,3.83,3.84,8177633,121766280.0
2012-06-28,3.84,3.87,3.8,3.81,10084717,149964624.0
2012-06-29,3.82,3.94,3.8,3.92,18455456,278224224.0
2012-07-02,3.94,3.94,3.88,3.92,15564511,234575312.0
2012-07-03,3.91,3.95,3.88,3.91,12372795,187834400.0
2012-07-04,3.91,4.0,3.91,3.95,19766960,302421600.0
2012-07-05,3.94,3.96,3.92,3.93,10289670,156808688.0
2012-07-06,3.87,3.93,3.81,3.91,16545450,247858064.0
2012-07-09,3.89,3.89,3.8,3.8,16095224,238871824.0
2012-07-10,3.81,3.89,3.8,3.86,12370989,183975552.0
2012-07-11,3.84,3.87,3.82,3.84,7544441,112224824.0
2012-07-12,3.83,3.86,3.79,3.85,19473086,287704672.0
2012-07-13,3.83,3.91,3.81,3.87,11070005,165726976.0
2012-07-16,3.88,3.9,3.84,3.84,10860266,162268368.0
2012-07-17,3.84,3.89,3.83,3.89,9160116,136786576.0
2012-07-18,3.87,3.89,3.84,3.88,7561238,112967984.0
2012-07-19,3.88,3.9,3.85,3.88,13626372,204768496.0
2012-07-20,3.84,3.87,3.83,3.84,10673403,158679776.0
2012-07-23,3.82,3.83,3.79,3.83,15049383,221835968.0
2012-07-24,3.81,3.87,3.81,3.83,10094330,149950272.0
2012-07-25,3.83,3.84,3.78,3.79,9840494,144875472.0
2012-07-26,3.79,3.83,3.78,3.79,7290309,107285512.0
2012-07-27,3.81,3.86,3.79,3.81,10966060,162335584.0
2012-07-30,3.82,3.9,3.82,3.84,11842631,176839232.0
2012-07-31,3.85,3.91,3.84,3.9,15313469,230444672.0
2012-08-01,3.9,3.94,3.88,3.92,12186730,184236832.0
2012-08-02,3.92,3.93,3.89,3.92,8907731,134826272.0
2012-08-03,3.92,3.93,3.89,3.92,9438713,142870688.0
2012-08-06,3.91,3.94,3.9,3.9,15331221,232307808.0
2012-08-07,3.9,3.92,3.86,3.87,15982578,239640608.0
2012-08-08,3.87,3.89,3.86,3.89,11754171,176391104.0
2012-08-09,3.89,3.89,3.86,3.89,8575072,128443496.0
2012-08-10,3.9,3.92,3.9,3.9,10549817,159571472.0
2012-08-13,3.9,3.92,3.88,3.89,10799064,163090048.0
2012-08-14,3.89,3.96,3.86,3.95,18037022,273064256.0
2012-08-15,3.92,3.94,3.88,3.9,11614215,175631856.0
2012-08-16,3.89,3.89,3.84,3.86,14681599,219340240.0
2012-08-17,3.86,3.9,3.85,3.89,10399698,156222176.0
2012-08-20,3.88,3.88,3.81,3.84,15579504,231016480.0
2012-08-21,3.84,3.85,3.81,3.82,13021973,192757792.0
2012-08-22,3.83,3.83,3.78,3.79,12518267,183731120.0
2012-08-23,3.8,3.81,3.76,3.78,13128906,191921632.0
2012-08-24,3.77,3.77,3.71,3.72,18817910,271872000.0
2012-08-27,3.71,3.72,3.63,3.65,16775926,237771008.0
2012-08-28,3.65,3.74,3.63,3.72,15910898,226308464.0
2012-08-29,3.7,3.7,3.67,3.69,6948365,99043800.0
2012-08-30,3.66,3.72,3.66,3.69,8987322,128124856.0
2012-08-31,3.68,3.73,3.67,3.67,8561919,122564448.0
2012-09-03,3.68,3.7,3.67,3.67,10112994,143818624.0
2012-09-04,3.67,3.68,3.57,3.59,20775580,290805056.0
2012-09-05,3.58,3.59,3.5,3.52,17219018,235084944.0
2012-09-06,3.52,3.56,3.51,3.55,10356038,141626688.0
2012-09-07,3.57,3.72,3.56,3.67,28173772,398458816.0
2012-09-10,3.67,3.68,3.61,3.64,23677796,332644832.0
2012-09-11,3.62,3.63,3.6,3.62,8743686,122118848.0
2012-09-12,3.64,3.66,3.58,3.61,12245281,171431984.0
2012-09-13,3.61,3.63,3.59,3.59,8244257,115132800.0
2012-09-14,3.61,3.66,3.58,3.63,15327279,214681376.0
2012-09-17,3.62,3.62,3.54,3.54,11471438,158729296.0
2012-09-18,3.54,3.54,3.49,3.49,12250194,166389840.0
2012-09-19,3.5,3.51,3.42,3.45,18434608,245924736.0
2012-09-20,3.44,3.44,3.36,3.36,18134616,237807072.0
2012-09-21,3.36,3.37,3.32,3.33,15751258,203492208.0
2012-09-24,3.31,3.36,3.26,3.34,17905626,228728960.0
2012-09-25,3.33,3.33,3.28,3.29,9882594,126342880.0
2012-09-26,3.3,3.31,3.26,3.27,7078915,89861904.0
2012-09-27,3.27,3.43,3.27,3.37,21538708,279689536.0
2012-09-28,3.35,3.4,3.33,3.39,15095772,196802880.0
2012-10-08,3.4,3.42,3.34,3.35,10638633,138955168.0
2012-10-09,3.36,3.45,3.36,3.44,16481579,218229440.0
2012-10-10,3.44,3.44,3.41,3.44,9976558,132165224.0
2012-10-11,3.44,3.44,3.41,3.42,9574790,126809880.0
2012-10-12,3.43,3.47,3.42,3.44,10145190,135067776.0
2012-10-15,3.44,3.44,3.37,3.39,8911948,117114360.0
2012-10-16,3.39,3.45,3.38,3.42,12634649,167235920.0
2012-10-17,3.43,3.46,3.42,3.45,12188114,162229776.0
2012-10-18,3.46,3.51,3.45,3.49,15917879,214090080.0
2012-10-19,3.5,3.51,3.48,3.5,10071311,135099120.0
2012-10-22,3.49,3.52,3.46,3.51,13408932,179787008.0
2012-10-23,3.51,3.52,3.46,3.46,11680820,156357632.0
2012-10-24,3.46,3.49,3.45,3.46,8995284,119926216.0
2012-10-25,3.47,3.47,3.44,3.44,12337754,163551584.0
2012-10-26,3.46,3.46,3.36,3.37,17138012,224201696.0
2012-10-29,3.36,3.4,3.35,3.37,12964193,167853280.0
2012-10-30,3.37,3.42,3.37,3.41,14292166,186512272.0
2012-10-31,3.42,3.44,3.4,3.43,7512545,98717440.0
2012-11-01,3.43,3.52,3.43,3.49,13800345,184644048.0
2012-11-02,3.49,3.53,3.48,3.52,16333697,219877328.0
2012-11-05,3.53,3.57,3.52,3.55,14675465,199475088.0
2012-11-06,3.54,3.55,3.49,3.54,13017945,175738848.0
2012-11-07,3.52,3.55,3.5,3.53,8816884,119251176.0
2012-11-08,3.5,3.52,3.49,3.49,8472817,113907736.0
2012-11-09,3.48,3.5,3.47,3.5,6217075,83239024.0
2012-11-12,3.49,3.55,3.49,3.55,14534904,196914080.0
2012-11-13,3.55,3.55,3.49,3.5,9993534,134504032.0
2012-11-14,3.52,3.52,3.47,3.49,7526378,100889384.0
2012-11-15,3.46,3.49,3.41,3.43,7651970,101637296.0
2012-11-16,3.41,3.43,3.37,3.41,14755857,192143856.0
2012-11-19,3.39,3.41,3.37,3.41,9836934,128001552.0
2012-11-20,3.41,3.41,3.37,3.41,7975806,104041952.0
2012-11-21,3.4,3.46,3.38,3.45,10792687,141558176.0
2012-11-22,3.45,3.45,3.41,3.43,4858906,63994756.0
2012-11-23,3.44,3.47,3.42,3.45,8031817,106505912.0
2012-11-26,3.45,3.45,3.41,3.42,5737293,75519848.0
2012-11-27,3.41,3.44,3.4,3.43,8875244,116511896.0
2012-11-28,3.42,3.44,3.41,3.41,7213613,94731376.0
2012-11-29,3.41,3.41,3.32,3.32,20497422,263156032.0
2012-11-30,3.31,3.36,3.31,3.33,9664616,123711328.0
2012-12-03,3.34,3.34,3.26,3.27,14072783,177383536.0
2012-12-04,3.27,3.33,3.25,3.31,11692406,147537056.0
2012-12-05,3.3,3.51,3.29,3.49,40236392,532826176.0
2012-12-06,3.48,3.53,3.47,3.52,36101524,486216800.0
2012-12-07,3.52,3.65,3.51,3.65,45656784,632609152.0
2012-12-10,3.69,3.76,3.61,3.73,48181440,681366272.0
2012-12-11,3.7,3.74,3.67,3.68,26068304,370736000.0
2012-12-12,3.68,3.75,3.67,3.71,22739652,323505184.0
2012-12-13,3.7,3.7,3.66,3.66,18964924,268485664.0
2012-12-14,3.66,3.96,3.65,3.95,77413768,1143057920.0
2012-12-17,3.96,3.99,3.91,3.96,48778000,740677376.0
2012-12-18,3.95,4.03,3.92,3.97,41162952,630112640.0
2012-12-19,3.96,4.0,3.94,3.95,27157618,413928576.0
2012-12-20,3.93,3.95,3.85,3.94,29347538,438977120.0
2012-12-21,3.93,3.94,3.87,3.87,24527160,366606688.0
2012-12-24,3.87,3.96,3.86,3.89,21777834,327128896.0
2012-12-25,3.88,4.06,3.86,4.01,44988144,691035840.0
2012-12-26,4.01,4.02,3.97,4.0,30801434,472347392.0
2012-12-27,4.02,4.05,3.98,4.03,28363030,436845792.0
2012-12-28,4.02,4.11,4.0,4.06,24234912,377652096.0
2012-12-31,4.09,4.21,4.08,4.17,37868420,605187328.0
2013-01-04,4.25,4.28,4.15,4.17,44385136,717567552.0
2013-01-07,4.16,4.26,4.14,4.25,35716924,578450496.0
2013-01-08,4.25,4.26,4.13,4.17,31247912,501360096.0
2013-01-09,4.16,4.17,4.12,4.13,25132916,399696192.0
2013-01-10,4.13,4.19,4.11,4.13,24003028,383347744.0
2013-01-11,4.13,4.18,4.02,4.05,25126856,396184768.0
2013-01-14,4.03,4.45,4.03,4.45,93989592,1568841984.0
2013-01-15,4.46,4.67,4.45,4.59,98406440,1719308672.0
2013-01-16,4.59,4.67,4.49,4.64,68270096,1198986624.0
2013-01-17,4.61,4.76,4.55,4.62,67577208,1206432384.0
2013-01-18,4.65,4.8,4.58,4.77,66536764,1201751680.0
2013-01-21,4.77,5.13,4.69,5.13,78213640,1465651584.0
2013-01-22,5.07,5.44,5.04,5.33,106876960,2167549696.0
2013-01-23,5.21,5.32,5.03,5.22,63569848,1266082560.0
2013-01-24,5.22,5.36,5.03,5.07,85723640,1709191424.0
2013-01-25,5.08,5.1,4.93,4.99,61431248,1178016256.0
2013-01-28,4.99,5.49,4.99,5.49,116399520,2365203200.0
2013-01-29,5.55,5.61,5.37,5.57,108289496,2288064768.0
2013-01-30,5.5,5.56,5.42,5.56,58362496,1233766272.0
2013-01-31,5.54,5.56,5.42,5.5,41588420,873902912.0
2013-02-01,5.48,5.87,5.42,5.84,82408048,1793445760.0
2013-02-04,5.8,5.94,5.66,5.73,85742000,1906659456.0
2013-02-05,5.66,5.77,5.52,5.67,42689100,927037952.0
2013-02-06,5.65,5.73,5.59,5.69,38082656,827479680.0
2013-02-07,5.65,5.68,5.29,5.43,58612692,1230117760.0
2013-02-08,5.41,5.48,5.31,5.41,46202464,958773568.0
2013-02-18,5.45,5.6,5.4,5.44,42181312,887486912.0
2013-02-19,5.42,5.5,5.38,5.42,48650848,1017085056.0
2013-02-20,5.43,5.47,5.13,5.29,65915768,1324230528.0
2013-02-21,5.21,5.21,4.96,5.11,74024480,1445657216.0
2013-02-22,5.08,5.13,4.94,4.98,46859524,907188800.0
2013-02-25,5.02,5.29,5.01,5.21,61630068,1218835584.0
2013-02-26,5.16,5.72,5.13,5.43,103481472,2186227712.0
2013-02-27,5.47,5.68,5.43,5.48,70067664,1492890624.0
2013-02-28,5.51,5.99,5.48,5.99,111989168,2487830784.0
2013-03-01,5.97,6.05,5.83,6.01,103782384,2371270400.0
2013-03-04,5.85,5.99,5.61,5.67,109877960,2429985280.0
2013-03-05,5.68,6.23,5.68,6.23,116898728,2700253184.0
2013-03-06,6.38,6.44,6.23,6.32,113828104,2762182912.0
2013-03-07,6.24,6.28,5.93,6.18,89267088,2106340352.0
2013-03-08,6.2,6.25,5.85,5.95,92586832,2138190976.0
2013-03-11,5.92,5.99,5.69,5.89,57329336,1288820736.0
2013-03-12,5.89,5.94,5.55,5.66,84076904,1845179520.0
2013-03-13,5.65,5.88,5.63,5.75,83690152,1857825792.0
2013-03-14,5.73,5.75,5.55,5.64,57785360,1259573632.0
2013-03-15,5.64,5.89,5.42,5.78,94357408,2057527296.0
2013-03-18,5.65,5.73,5.52,5.56,74529480,1605426304.0
2013-03-19,5.55,5.66,5.48,5.6,52977120,1135421184.0
2013-03-20,5.58,6.06,5.57,6.02,130937024,2950191872.0
2013-03-21,5.99,6.05,5.91,5.98,71531768,1640675072.0
2013-03-22,5.98,6.03,5.93,6.0,41182524,947445376.0
2013-03-25,6.03,6.06,5.91,5.93,45289372,1037164928.0
2013-03-26,5.88,5.88,5.75,5.77,55977300,1248606080.0
2013-03-27,5.77,5.91,5.71,5.77,38599692,859815744.0
2013-03-28,5.47,5.47,5.19,5.21,117504328,2385878272.0
2013-03-29,5.21,5.31,5.12,5.24,56984840,1139477760.0
2013-04-01,5.26,5.37,5.24,5.31,38554184,786200256.0
2013-04-02,5.31,5.44,5.26,5.32,46305476,952838144.0
2013-04-03,5.36,5.42,5.29,5.33,22458964,461545664.0
2013-04-08,5.15,5.24,5.1,5.19,40771476,808525760.0
2013-04-09,5.21,5.28,5.19,5.19,38049112,763834496.0
2013-04-10,5.18,5.18,4.98,5.05,50776708,988314112.0
2013-04-11,5.1,5.13,5.02,5.06,31178900,607690368.0
2013-04-12,5.07,5.07,4.9,4.92,80532280,1535799808.0
2013-04-15,4.93,4.96,4.8,4.83,57095700,1065287808.0
2013-04-16,4.77,4.89,4.71,4.88,65549248,1213261312.0
2013-04-17,4.87,4.89,4.7,4.82,64270316,1180893568.0
2013-04-18,4.75,5.0,4.71,4.98,90124464,1685861504.0
2013-04-19,4.95,5.37,4.93,5.27,147838016,2902667264.0
2013-04-22,5.21,5.31,5.19,5.27,69291440,1396575744.0
2013-04-23,5.3,5.31,4.96,4.97,80265936,1559983360.0
2013-04-24,4.88,5.15,4.83,5.05,73338048,1397785344.0
2013-04-25,4.95,5.05,4.88,4.9,44685588,847664640.0
2013-04-26,4.95,5.01,4.86,4.87,33673896,637945792.0
2013-05-02,4.85,4.93,4.79,4.93,23757280,445019648.0
2013-05-03,4.94,5.26,4.91,5.14,72012608,1419670016.0
2013-05-06,5.17,5.36,5.13,5.29,84054464,1700266240.0
2013-05-07,5.25,5.31,5.18,5.27,42417084,854343040.0
2013-05-08,5.3,5.44,5.19,5.31,62878712,1286250112.0
2013-05-09,5.28,5.28,5.16,5.24,48361312,967721600.0
2013-05-10,5.21,5.32,5.18,5.26,38624828,779054976.0
2013-05-13,5.24,5.26,5.16,5.19,32387980,645920640.0
2013-05-14,5.19,5.19,4.98,5.02,49816080,963271680.0
2013-05-15,5.02,5.06,4.99,5.03,24208282,466686528.0
2013-05-16,5.0,5.33,4.96,5.29,81311584,1620143104.0
2013-05-17,5.28,5.35,5.19,5.31,59580700,1207256064.0
2013-05-20,5.33,5.6,5.31,5.46,87697456,1842617472.0
2013-05-21,5.42,5.52,5.4,5.5,44757456,938805120.0
2013-05-22,5.5,5.55,5.45,5.51,41311344,872231936.0
2013-05-23,5.47,5.52,5.34,5.35,50740940,1054439744.0
2013-05-24,5.35,5.45,5.29,5.39,33280996,686838464.0
2013-05-27,5.36,5.44,5.29,5.32,35854608,737775168.0
2013-05-28,5.32,5.65,5.27,5.63,78361712,1653684480.0
2013-05-29,5.63,5.65,5.53,5.54,53259776,1140654720.0
2013-05-30,5.53,5.62,5.49,5.52,42544168,905433856.0
2013-05-31,5.54,5.6,5.46,5.47,36186204,767274368.0
2013-06-03,5.45,5.52,5.42,5.45,34379292,720122816.0
2013-06-04,5.45,5.56,5.41,5.5,44215692,930180288.0
2013-06-05,5.47,5.5,5.37,5.42,30574508,636042496.0
2013-06-06,5.36,5.41,5.22,5.24,43527000,883833856.0
2013-06-07,5.24,5.28,5.06,5.09,40200096,795705792.0
2013-06-13,5.03,5.04,4.83,4.89,38134260,717936640.0
2013-06-14,4.95,5.0,4.9,4.96,32855336,625125440.0
2013-06-17,4.99,5.1,4.94,5.01,30921022,596190208.0
2013-06-18,5.07,5.22,5.07,5.14,38959936,770155904.0
2013-06-19,5.09,5.1,4.99,5.01,36997752,714070016.0
2013-06-20,5.02,5.02,4.65,4.7,90306656,1029738112.0
2013-06-21,4.6,4.79,4.56,4.74,61400268,687937856.0
2013-06-24,4.67,4.67,4.27,4.27,116667176,1210827520.0
2013-06-25,4.12,4.25,3.84,4.2,171716256,1643643136.0
2013-06-26,4.2,4.2,4.03,4.1,101715104,992741120.0
2013-06-27,4.14,4.2,4.01,4.04,83586704,819712896.0
2013-06-28,3.99,4.26,3.91,4.19,92664392,909148160.0
2013-07-01,4.13,4.18,3.97,4.1,80019664,775396032.0
2013-07-02,4.11,4.12,3.94,4.04,81375376,776186624.0
2013-07-03,4.02,4.02,3.9,3.92,77115848,723582016.0
2013-07-04,3.88,4.02,3.79,3.94,80515992,750347520.0
2013-07-05,3.93,4.02,3.93,3.94,64144624,606232512.0
2013-07-08,3.86,3.89,3.77,3.78,59500688,542811648.0
2013-07-09,3.79,3.83,3.77,3.78,51215064,463017600.0
2013-07-10,3.79,3.95,3.78,3.95,74724160,686265856.0
2013-07-11,3.99,4.35,3.99,4.35,173361152,1737228160.0
2013-07-12,4.42,4.56,4.31,4.35,211854400,2237235968.0
2013-07-15,4.42,4.52,4.22,4.42,134165944,1397980288.0
2013-07-16,4.35,4.39,4.26,4.36,101622760,1045499584.0
2013-07-17,4.36,4.4,4.25,4.26,67368848,691750080.0
2013-07-18,4.24,4.28,4.11,4.13,80668720,798982784.0
2013-07-19,4.13,4.16,3.96,3.97,82736792,797155392.0
2013-07-22,3.88,3.99,3.83,3.96,65837736,613752256.0
2013-07-23,3.98,4.31,3.96,4.19,124744344,1234752128.0
2013-07-24,4.12,4.15,4.02,4.1,89972184,872706944.0
2013-07-25,4.12,4.21,4.08,4.13,68987416,681137664.0
2013-07-26,4.08,4.1,4.02,4.05,46505056,448749600.0
2013-07-29,3.98,4.0,3.94,3.96,49813032,469746112.0
2013-07-30,3.99,4.18,3.98,4.07,67454104,655829184.0
2013-07-31,4.13,4.2,4.02,4.03,45446880,442922528.0
2013-08-01,4.1,4.17,4.04,4.17,76275024,748544192.0
2013-08-02,4.21,4.25,4.12,4.13,57741736,571091008.0
2013-08-05,4.13,4.18,4.11,4.18,53143064,524425088.0
2013-08-06,4.15,4.2,4.11,4.17,59617992,588829760.0
2013-08-07,4.15,4.26,4.14,4.18,74376400,743841152.0
2013-08-08,4.15,4.23,4.13,4.16,54585924,542966976.0
2013-08-09,4.19,4.21,4.1,4.14,49763448,491213376.0
2013-08-12,4.15,4.39,4.14,4.34,134836320,1373703552.0
2013-08-13,4.34,4.44,4.31,4.42,120349664,1252254464.0
2013-08-14,4.42,4.55,4.36,4.39,116474456,1237080448.0
2013-08-15,4.38,4.42,4.28,4.29,58675656,605654336.0
2013-08-16,4.28,4.72,4.21,4.45,253143440,2723081472.0
2013-08-19,4.3,4.6,4.3,4.54,158560400,1677377408.0
2013-08-20,4.5,4.73,4.45,4.63,153186704,1676956544.0
2013-08-21,4.61,4.67,4.52,4.59,62680480,682275392.0
2013-08-22,4.57,4.73,4.55,4.6,79080656,874059840.0
2013-08-23,4.6,4.65,4.39,4.47,104396128,1116168192.0
2013-08-26,4.47,4.6,4.42,4.58,74327448,803066304.0
2013-08-27,4.58,4.63,4.52,4.57,58688428,638179712.0
2013-08-28,4.52,4.56,4.43,4.47,68220320,728468800.0
2013-08-29,4.54,4.58,4.46,4.47,55125304,590423936.0
2013-08-30,4.43,4.56,4.42,4.46,52029080,555844992.0
2013-09-02,4.52,4.55,4.47,4.52,50023176,537024128.0
2013-09-03,4.54,4.71,4.51,4.71,115757168,1276796928.0
2013-09-04,4.69,4.79,4.65,4.66,89262008,1001844672.0
2013-09-05,4.66,4.68,4.62,4.64,34323008,379657120.0
2013-09-09,4.74,5.1,4.74,5.1,220449376,2639382272.0
2013-09-10,5.22,5.32,5.04,5.23,208529424,2574801664.0
2013-09-11,5.21,5.53,5.13,5.34,170823008,2186675968.0
2013-09-12,5.26,5.83,5.21,5.66,183054048,2418432512.0
2013-09-13,5.56,5.76,5.48,5.55,119131992,1587326720.0
2013-09-16,5.56,5.74,5.33,5.55,143436608,1874388864.0
2013-09-17,5.53,5.62,5.36,5.38,94002600,1224996864.0
2013-09-18,5.36,5.46,5.26,5.38,61700280,786897792.0
2013-09-23,5.38,5.45,5.31,5.42,72379520,928672768.0
2013-09-24,5.41,5.41,5.03,5.16,145618928,1786488320.0
2013-09-25,5.12,5.24,5.04,5.06,77993072,949782720.0
2013-09-26,5.03,5.03,4.84,4.9,86071184,1002417088.0
2013-09-27,4.89,5.05,4.88,5.0,68751992,810756864.0
2013-09-30,5.0,5.06,4.97,5.0,37360168,445333344.0
2013-10-08,5.0,5.19,4.84,5.13,73757472,888899072.0
2013-10-09,5.1,5.36,5.05,5.28,84408432,1054297728.0
2013-10-10,5.3,5.36,5.13,5.16,77626824,967348800.0
2013-10-11,5.22,5.37,5.2,5.34,92298672,1165261952.0
2013-10-14,5.3,5.34,5.24,5.25,55293904,693548160.0
2013-10-15,5.25,5.26,5.1,5.13,48446348,594407040.0
2013-10-16,5.11,5.11,5.02,5.05,45239616,544119424.0
2013-10-17,5.1,5.15,5.05,5.05,31361588,378747296.0
2013-10-18,5.05,5.23,5.03,5.13,51565252,631501184.0
2013-10-21,5.13,5.21,5.05,5.18,60301256,736781248.0
2013-10-22,5.16,5.16,5.05,5.07,51490012,623986688.0
2013-10-23,5.12,5.53,5.11,5.29,154335728,1957187840.0
2013-10-24,5.3,5.53,5.21,5.47,147778448,1909977856.0
2013-10-25,5.44,5.8,5.41,5.65,144110736,1935859072.0
2013-10-28,5.63,5.64,5.45,5.52,87876296,1154607616.0
2013-10-29,5.53,6.06,5.53,5.94,214154016,2981260800.0
2013-10-30,5.89,6.09,5.81,6.06,132582232,1871874560.0
2013-10-31,5.99,6.02,5.78,5.84,111296872,1558479744.0
2013-11-01,5.84,5.93,5.74,5.83,84492160,1175747328.0
2013-11-04,5.88,5.92,5.66,5.7,73966848,1013876800.0
2013-11-05,5.59,5.76,5.45,5.74,98703536,1305185664.0
2013-11-06,5.64,5.67,5.49,5.53,71528944,951290048.0
2013-11-07,5.55,5.66,5.51,5.58,68650392,913998400.0
2013-11-08,5.51,5.69,5.5,5.61,72008184,958253504.0
2013-11-11,5.61,5.69,5.51,5.63,61585088,823194176.0
2013-11-12,5.64,5.93,5.64,5.91,108732648,1510757376.0
2013-11-13,5.83,5.86,5.58,5.61,82642152,1127155584.0
2013-11-14,5.57,5.62,5.45,5.53,96441256,1262294144.0
2013-11-15,5.54,5.79,5.49,5.62,96702976,1306569856.0
2013-11-18,5.67,5.95,5.57,5.92,128156184,1761157760.0
2013-11-19,5.9,5.94,5.79,5.81,83538392,1161254272.0
2013-11-20,5.89,5.97,5.78,5.88,70523848,984763584.0
2013-11-21,5.83,5.87,5.67,5.86,94467416,1289349376.0
2013-11-22,5.84,5.84,5.75,5.75,53878412,741591616.0
2013-11-25,5.63,5.8,5.62,5.68,53232868,722870912.0
2013-11-26,5.68,5.73,5.63,5.66,39201960,528774464.0
2013-11-27,5.64,5.81,5.62,5.71,57665668,783820160.0
2013-11-28,5.71,5.8,5.69,5.73,61904048,845915776.0
2013-11-29,5.8,5.84,5.7,5.72,62016340,850388544.0
2013-12-02,5.74,5.91,5.7,5.78,122233192,1682918400.0
2013-12-03,5.75,5.81,5.59,5.69,80243608,1081622656.0
2013-12-04,5.68,5.82,5.62,5.72,89180488,1217121536.0
2013-12-05,5.71,5.73,5.62,5.65,60748012,818132160.0
2013-12-06,5.66,5.67,5.57,5.59,48110320,640155456.0
2013-12-09,5.59,5.63,5.54,5.55,41804456,553192448.0
2013-12-10,5.59,5.61,5.55,5.59,32403352,429632576.0
2013-12-11,5.55,5.57,5.33,5.4,92520408,1192542592.0
2013-12-12,5.34,5.41,5.32,5.35,39806208,507708736.0
2013-12-13,5.33,5.34,5.24,5.28,43034384,540933952.0
2013-12-16,5.26,5.39,5.26,5.36,55566784,704816704.0
2013-12-17,5.38,5.42,5.31,5.35,36768040,470046208.0
2013-12-18,5.34,5.4,5.32,5.37,23274046,296740192.0
2013-12-19,5.37,5.4,5.26,5.26,35620148,450676320.0
2013-12-20,5.26,5.29,5.01,5.01,68133392,826323840.0
2013-12-23,5.01,5.12,4.96,5.02,41215328,495535264.0
2013-12-24,5.05,5.1,4.88,4.92,51936464,617009152.0
2013-12-25,4.92,4.96,4.85,4.93,50589940,589596288.0
2013-12-26,4.92,4.92,4.81,4.81,40230092,463847168.0
2013-12-27,4.82,5.0,4.81,4.94,63066168,733105792.0
2013-12-30,4.96,4.98,4.92,4.94,43574488,512282784.0
2013-12-31,4.93,5.21,4.9,5.15,82686416,1002632448.0
2014-01-02,5.1,5.17,5.07,5.14,48991088,596223744.0
2014-01-03,5.11,5.11,4.95,5.02,55111484,656631296.0
2014-01-06,5.0,5.05,4.84,4.91,58211824,679280384.0
2014-01-07,4.85,4.94,4.84,4.89,33840748,393977568.0
2014-01-08,4.89,5.02,4.85,4.94,45776816,538436160.0
2014-01-09,4.92,5.04,4.9,4.97,48551836,576870528.0
2014-01-10,4.95,5.02,4.9,4.97,38119764,450487744.0
2014-01-13,4.96,5.01,4.83,4.88,47887516,559375168.0
2014-01-14,4.87,4.95,4.81,4.93,36242708,420715264.0
2014-01-15,4.92,4.94,4.86,4.91,29798810,346733024.0
2014-01-16,4.9,4.96,4.87,4.92,29959340,350027744.0
2014-01-17,4.89,4.89,4.81,4.83,42351388,487423200.0
2014-01-20,4.83,4.83,4.73,4.75,30721992,349154112.0
2014-01-21,4.76,4.86,4.76,4.78,26579498,303578624.0
2014-01-22,4.78,4.99,4.77,4.96,61908448,723523200.0
2014-01-23,4.95,4.96,4.9,4.92,37553548,439497024.0
2014-01-24,4.89,4.97,4.87,4.9,48528332,567516096.0
2014-01-27,4.86,4.89,4.77,4.79,44299724,508343008.0
2014-01-28,4.81,4.87,4.78,4.84,38968304,446213152.0
2014-01-29,4.85,4.89,4.84,4.86,31210440,361575328.0
2014-01-30,4.86,4.86,4.79,4.79,29141306,332618208.0
2014-02-07,4.76,4.79,4.67,4.79,41875744,470138336.0
2014-02-10,4.79,4.87,4.77,4.87,58122624,670008704.0
2014-02-11,4.85,5.18,4.81,5.05,131046536,1569553152.0
2014-02-12,4.99,5.13,4.98,5.02,69462200,831733248.0
2014-02-13,4.97,5.26,4.96,5.14,121819272,1480576896.0
2014-02-14,5.09,5.13,5.03,5.08,58233936,701905728.0
2014-02-17,5.09,5.12,4.99,5.03,60892188,727601216.0
2014-02-18,5.01,5.02,4.89,4.9,59606164,700246016.0
2014-02-19,4.88,5.1,4.88,5.05,98817488,1177763456.0
2014-02-20,5.02,5.15,4.94,4.94,76632416,919006400.0
2014-02-21,4.97,4.98,4.87,4.88,47999664,559681280.0
2014-02-24,4.81,4.83,4.68,4.69,66782028,750803456.0
2014-02-25,4.7,4.77,4.63,4.63,54838744,611611840.0
2014-02-26,4.64,4.72,4.63,4.67,40793776,453164480.0
2014-02-27,4.69,4.77,4.63,4.73,55508600,621811136.0
2014-02-28,4.7,4.73,4.57,4.68,44623752,493549152.0
2014-03-03,4.63,4.66,4.6,4.64,42743200,470295904.0
2014-03-04,4.62,4.63,4.54,4.62,52758524,575054336.0
2014-03-05,4.58,4.62,4.47,4.5,53301668,575251328.0
2014-03-06,4.5,4.56,4.42,4.53,52738264,564310336.0
2014-03-07,4.52,4.6,4.51,4.54,48865432,529718080.0
2014-03-10,4.5,4.51,4.31,4.34,54432072,567573120.0
2014-03-11,4.34,4.37,4.25,4.31,45078940,462135328.0
2014-03-12,4.32,4.41,4.28,4.35,51510720,532491168.0
2014-03-13,4.41,4.54,4.36,4.44,62662520,663461504.0
2014-03-14,4.39,4.43,4.32,4.34,45039248,466403744.0
2014-03-17,4.38,4.42,4.35,4.4,37297944,388751072.0
2014-03-18,4.4,4.42,4.34,4.36,43181484,449377632.0
2014-03-19,4.35,4.35,4.27,4.31,36302888,370332000.0
2014-03-20,4.3,4.33,4.23,4.25,45488152,462702976.0
2014-03-21,4.23,4.6,4.22,4.54,125181192,1316754816.0
2014-03-24,4.53,4.6,4.47,4.54,84253872,908755200.0
2014-03-25,4.53,4.55,4.44,4.46,41575436,444839360.0
2014-03-26,4.48,4.52,4.43,4.5,36020600,383229632.0
2014-03-27,4.47,4.64,4.42,4.53,80313368,867999424.0
2014-03-28,4.5,4.61,4.49,4.53,53264992,576611648.0
2014-03-31,4.56,4.6,4.49,4.53,32113078,346029600.0
2014-04-01,4.51,4.58,4.5,4.54,28124288,303939584.0
2014-04-02,4.54,4.63,4.51,4.59,46039728,500530400.0
2014-04-03,4.61,4.63,4.52,4.53,45365088,494227840.0
2014-04-04,4.5,4.55,4.45,4.54,34209024,366585728.0
2014-04-08,4.53,4.83,4.53,4.74,134292064,1503024000.0
2014-04-09,4.74,4.77,4.69,4.71,55734652,626176128.0
2014-04-10,4.71,4.88,4.69,4.78,77006824,876017984.0
2014-04-11,4.77,4.84,4.73,4.79,59325528,674562240.0
2014-04-14,4.77,4.81,4.71,4.74,42174132,476278752.0
2014-04-15,4.71,4.72,4.59,4.61,53468880,589940416.0
2014-04-16,4.6,4.68,4.57,4.62,37664608,414021984.0
2014-04-17,4.63,4.66,4.55,4.58,30488524,333305056.0
2014-04-18,4.56,4.57,4.51,4.54,32354412,349102656.0
2014-04-21,4.52,4.58,4.49,4.5,29815604,321959264.0
2014-04-22,4.5,4.7,4.49,4.65,52328164,569433664.0
2014-04-23,4.66,4.81,4.66,4.75,119102808,1346115072.0
2014-04-24,4.8,4.81,4.68,4.72,63400484,712292416.0
2014-04-25,4.72,4.84,4.67,4.73,71433520,810796672.0
2014-04-28,4.73,4.74,4.61,4.64,52604504,582533632.0
2014-04-29,4.63,4.73,4.59,4.69,41362160,458216064.0
2014-04-30,4.7,4.72,4.66,4.68,25959642,289386176.0
2014-05-05,4.67,4.67,4.55,4.62,40327048,440413664.0
2014-05-06,4.59,4.66,4.58,4.6,26777092,294197728.0
2014-05-07,4.59,4.6,4.56,4.56,24191028,263547088.0
2014-05-08,4.55,4.69,4.55,4.6,37962092,418459584.0
2014-05-09,4.6,4.68,4.58,4.65,32191490,354936704.0
2014-05-12,4.69,4.79,4.63,4.77,60199192,678608640.0
2014-05-13,4.76,4.78,4.71,4.72,30583330,344109440.0
2014-05-14,4.71,4.81,4.71,4.76,41612180,471890560.0
2014-05-15,4.75,4.77,4.69,4.71,31262756,351067744.0
2014-05-16,4.71,4.77,4.7,4.74,31177310,351626464.0
2014-05-19,4.74,4.74,4.68,4.74,26110556,292426272.0
2014-05-20,4.73,4.77,4.7,4.73,20576600,231625056.0
2014-05-21,4.71,4.79,4.66,4.76,26316828,297218368.0
2014-05-22,4.76,4.9,4.75,4.79,61914168,713100736.0
2014-05-23,4.79,4.88,4.78,4.87,41535648,478107232.0
2014-05-26,4.9,4.9,4.82,4.87,31598920,365020288.0
2014-05-27,4.85,4.92,4.84,4.87,28440770,329865248.0
2014-05-28,4.87,4.89,4.79,4.88,42703764,491816864.0
2014-05-29,4.87,4.94,4.83,4.84,36223848,420664544.0
2014-05-30,4.83,4.89,4.82,4.84,31877308,367350848.0
2014-06-03,4.84,4.92,4.84,4.84,27811388,322371200.0
2014-06-04,4.84,4.84,4.73,4.76,32388974,367011936.0
2014-06-05,4.75,4.81,4.75,4.81,24629124,280049632.0
2014-06-06,4.81,4.83,4.75,4.79,18643556,212129088.0
2014-06-09,4.77,4.85,4.76,4.83,31352202,359580576.0
2014-06-10,4.84,4.94,4.82,4.94,62198264,723590272.0
2014-06-11,4.91,4.98,4.89,4.95,43323328,509141984.0
2014-06-12,4.92,5.0,4.91,4.97,36744200,355905024.0
2014-06-13,4.96,5.31,4.95,5.18,123950480,1246107264.0
2014-06-16,5.15,5.24,5.13,5.18,87818232,889629952.0
2014-06-17,5.14,5.21,5.11,5.14,54184788,546274880.0
2014-06-18,5.14,5.15,5.02,5.04,53855012,534087744.0
2014-06-19,5.04,5.08,4.95,5.0,48308104,474545248.0
2014-06-20,5.0,5.04,4.98,5.04,37207088,364389984.0
2014-06-23,5.04,5.09,4.99,5.0,43085976,423339296.0
2014-06-24,5.0,5.04,4.99,5.01,28459320,279235072.0
2014-06-25,5.01,5.02,4.93,5.0,27126264,263555600.0
2014-06-26,4.97,5.03,4.97,5.02,34288524,335699968.0
2014-06-27,5.01,5.05,4.97,5.02,36752084,359856064.0
2014-06-30,5.01,5.1,5.01,5.07,44723792,442037472.0
2014-07-01,5.07,5.09,5.03,5.04,28494372,281216672.0
2014-07-02,5.04,5.06,5.02,5.06,28604172,281857216.0
2014-07-03,5.06,5.11,5.03,5.09,44690488,443709920.0
2014-07-04,5.1,5.12,5.04,5.07,34231128,339852544.0
2014-07-07,5.07,5.08,5.01,5.04,34306164,337859968.0
2014-07-08,5.03,5.08,5.0,5.08,34608704,341179840.0
2014-07-09,5.07,5.07,4.9,4.94,58789112,573417344.0
2014-07-10,4.94,4.98,4.92,4.95,36025784,348040192.0
2014-07-11,4.94,4.96,4.93,4.95,31832008,307776992.0
2014-07-14,4.95,4.97,4.9,4.97,46311612,446246592.0
2014-07-16,4.96,4.97,4.87,4.92,61770284,592431488.0
2014-07-17,4.91,4.92,4.87,4.91,32007282,306409312.0
2014-07-18,4.89,4.94,4.87,4.91,37511524,360507392.0
2014-07-21,4.91,4.91,4.87,4.89,27299506,260823472.0
2014-07-22,4.87,5.01,4.87,4.98,61369888,594111744.0
2014-07-23,4.96,5.03,4.95,4.99,55570368,541821248.0
2014-07-24,5.0,5.27,4.99,5.2,180582400,1820306688.0
2014-07-25,5.22,5.25,5.16,5.23,85391392,868778304.0
2014-07-28,5.25,5.58,5.24,5.51,186787920,1997922432.0
2014-07-29,5.53,5.68,5.49,5.53,120182704,1306061696.0
2014-07-30,5.53,5.68,5.49,5.5,81002560,880625344.0
2014-07-31,5.5,5.58,5.45,5.56,63778444,685541120.0
2014-08-01,5.55,5.67,5.47,5.47,85450968,930971520.0
2014-08-04,5.47,5.59,5.42,5.59,83062392,896723520.0
2014-08-05,5.6,5.67,5.48,5.53,75217528,817861952.0
2014-08-06,5.5,5.5,5.38,5.45,83464760,884436928.0
2014-08-07,5.45,5.46,5.36,5.37,59643464,629404544.0
2014-08-08,5.39,5.43,5.35,5.39,55565168,586028480.0
2014-08-11,5.4,5.5,5.4,5.48,62133184,663290432.0
2014-08-12,5.45,5.45,5.38,5.42,48085236,508251840.0
2014-08-13,5.41,5.48,5.37,5.45,53336496,564717120.0
2014-08-14,5.46,5.5,5.38,5.39,52369320,556638912.0
2014-08-15,5.39,5.44,5.35,5.41,67508976,711373248.0
2014-08-18,5.42,5.47,5.4,5.45,58902348,625059392.0
2014-08-19,5.45,5.46,5.38,5.41,58082164,613961792.0
2014-08-20,5.41,5.41,5.34,5.36,57328568,600953664.0
2014-08-21,5.35,5.36,5.24,5.29,63223048,653438912.0
2014-08-22,5.26,5.33,5.25,5.29,48156176,497919616.0
2014-08-25,5.29,5.29,5.21,5.22,50943444,521445408.0
2014-08-26,5.21,5.25,5.19,5.21,46116512,469882624.0
2014-08-27,5.21,5.31,5.2,5.24,57314684,588959936.0
2014-08-28,5.24,5.24,5.19,5.19,43896984,447046656.0
2014-08-29,5.19,5.24,5.19,5.24,34372640,350689088.0
2014-09-01,5.24,5.28,5.2,5.27,48778216,501154048.0
2014-09-02,5.29,5.37,5.24,5.35,78800496,816712384.0
2014-09-03,5.36,5.42,5.34,5.37,76692880,807419392.0
2014-09-04,5.37,5.4,5.31,5.4,62815852,657751232.0
2014-09-05,5.4,5.44,5.37,5.41,59787808,631001536.0
2014-09-09,5.4,5.41,5.33,5.35,56669760,593195200.0
2014-09-10,5.32,5.33,5.27,5.28,53159332,549288832.0
2014-09-11,5.28,5.4,5.27,5.3,71346128,743736320.0
2014-09-12,5.3,5.31,5.25,5.3,40865436,421465536.0
2014-09-15,5.28,5.28,5.24,5.27,51541836,530216256.0
2014-09-16,5.28,5.35,5.24,5.24,82834048,855746048.0
2014-09-17,5.27,5.29,5.22,5.25,55674796,570332032.0
2014-09-18,5.22,5.35,5.21,5.28,76830912,793783232.0
2014-09-19,5.27,5.32,5.25,5.31,57075420,590539520.0
2014-09-22,5.28,5.29,5.13,5.15,79019168,802793600.0
2014-09-23,5.15,5.19,5.14,5.17,46215800,466701920.0
2014-09-24,5.15,5.27,5.14,5.26,76055288,774981760.0
2014-09-25,5.28,5.28,5.19,5.21,67716736,693101952.0
2014-09-26,5.2,5.2,5.15,5.18,45363332,458477952.0
2014-09-29,5.19,5.21,5.16,5.18,60535872,613587456.0
2014-09-30,5.19,5.2,5.17,5.19,48398244,490091136.0
2014-10-08,5.2,5.25,5.19,5.25,67468720,688179584.0
2014-10-09,5.25,5.26,5.2,5.22,66239360,676601216.0
2014-10-10,5.2,5.22,5.18,5.2,65934904,669474240.0
2014-10-13,5.18,5.19,5.14,5.17,51987540,524142432.0
2014-10-14,5.16,5.22,5.15,5.18,57588336,582555072.0
2014-10-15,5.17,5.21,5.13,5.2,59765984,604421632.0
2014-10-16,5.17,5.29,5.16,5.22,132373552,1355834880.0
2014-10-17,5.22,5.23,5.15,5.18,70051112,709337216.0
2014-10-20,5.19,5.21,5.16,5.2,61117048,619515008.0
2014-10-21,5.19,5.2,5.15,5.16,48632320,491186144.0
2014-10-22,5.16,5.21,5.15,5.17,55946012,566148288.0
2014-10-23,5.18,5.29,5.18,5.24,158547968,1625133824.0
2014-10-24,5.28,5.29,5.19,5.21,82098912,842529664.0
2014-10-27,5.17,5.18,5.11,5.13,72956880,732278912.0
2014-10-28,5.14,5.21,5.14,5.2,53065096,536920640.0
2014-10-29,5.21,5.31,5.19,5.27,106527616,1093979392.0
2014-10-30,5.27,5.4,5.22,5.34,152063312,1578266368.0
2014-10-31,5.37,5.81,5.35,5.64,359308416,3900875264.0
2014-11-03,5.71,5.76,5.62,5.68,191683472,2129642880.0
2014-11-04,5.7,5.72,5.51,5.55,131899208,1443563392.0
2014-11-05,5.55,5.6,5.45,5.53,128587680,1386577280.0
2014-11-06,5.53,5.58,5.49,5.55,64512384,697762496.0
2014-11-07,5.53,5.82,5.51,5.58,223436928,2470577664.0
2014-11-10,5.65,5.75,5.56,5.7,162134848,1792128640.0
2014-11-11,5.68,5.95,5.66,5.77,298139072,3390990080.0
2014-11-12,5.72,5.73,5.62,5.73,138946256,1538194048.0
2014-11-13,5.72,5.81,5.64,5.65,134038424,1498070400.0
2014-11-14,5.63,5.63,5.52,5.59,90152664,980490624.0
2014-11-17,5.6,5.62,5.48,5.5,88959448,961843456.0
2014-11-18,5.49,5.53,5.4,5.43,93029648,989520768.0
2014-11-19,5.42,5.45,5.39,5.44,59165676,627088000.0
2014-11-20,5.41,5.47,5.37,5.44,68354464,724359488.0
2014-11-21,5.43,5.56,5.37,5.52,114673200,1223438976.0
2014-11-24,5.43,5.6,5.38,5.51,222736848,2397291008.0
2014-11-25,5.5,5.64,5.47,5.62,156780272,1704413952.0
2014-11-26,5.62,5.82,5.59,5.73,218491872,2437181184.0
2014-11-27,5.81,5.89,5.69,5.79,210385664,2386849792.0
2014-11-28,5.77,6.36,5.72,6.36,484483936,5793392128.0
2014-12-01,6.45,6.67,6.22,6.24,446521376,5600612352.0
2014-12-02,6.21,6.85,6.18,6.71,349041152,4436545024.0
2014-12-03,6.71,7.11,6.5,6.7,399753024,5328330240.0
2014-12-04,6.72,7.15,6.6,7.14,345018080,4674285056.0
2014-12-05,7.19,7.79,6.92,7.43,441369728,6338168320.0
2014-12-08,7.27,7.93,7.16,7.79,392834240,5883664384.0
2014-12-09,7.65,7.94,7.01,7.01,404542016,6002899968.0
2014-12-10,6.96,7.35,6.66,7.26,352784416,4800983040.0
2014-12-11,7.06,7.46,7.0,7.12,223799568,3153661696.0
2014-12-12,7.11,7.26,7.0,7.13,164390912,2291244544.0
2014-12-15,7.03,7.03,6.79,6.95,180093664,2428185600.0
2014-12-16,6.91,7.36,6.88,7.36,246907296,3433988608.0
2014-12-17,7.37,8.02,7.26,7.86,440016608,6579202560.0
2014-12-18,7.88,7.95,7.47,7.62,247025088,3714889472.0
2014-12-19,7.58,7.77,7.39,7.67,193540576,2880581120.0
2014-12-22,7.62,8.27,7.58,7.85,346739136,5383744512.0
2014-12-23,7.67,7.82,7.42,7.55,179785072,2688160512.0
2014-12-24,7.54,7.6,7.0,7.2,201027104,2854208000.0
2014-12-25,7.34,7.55,7.18,7.51,199727584,2887581440.0
2014-12-26,7.47,7.77,7.43,7.72,243707328,3625690368.0
2014-12-29,7.99,8.21,7.55,7.63,258614816,3983923200.0
2014-12-30,7.64,7.97,7.61,7.93,236607840,3637484288.0
2014-12-31,7.99,8.12,7.83,8.1,240006576,3760218368.0
2015-01-05,8.18,8.33,7.98,8.19,286043648,4565387776.0
2015-01-06,8.11,8.38,7.95,8.07,216642144,3453446144.0
2015-01-07,7.96,8.1,7.83,7.92,170012064,2634796288.0
2015-01-08,7.93,7.96,7.62,7.65,140771424,2128003456.0
2015-01-09,7.62,8.12,7.52,7.71,250850016,3835378176.0
2015-01-12,7.61,7.7,7.42,7.56,155329088,2293104640.0
2015-01-13,7.49,7.62,7.47,7.51,81687480,1204987136.0
2015-01-14,7.56,7.78,7.52,7.58,126302960,1889296640.0
2015-01-15,7.6,7.85,7.52,7.85,124217032,1868795904.0
2015-01-16,7.88,7.99,7.77,7.86,155584640,2403346176.0
2015-01-19,7.17,7.45,7.07,7.07,213712368,3016203008.0
2015-01-20,7.07,7.19,6.94,7.07,149101808,2064280576.0
2015-01-21,7.1,7.47,7.03,7.38,194053040,2758192640.0
2015-01-22,7.34,7.43,7.24,7.31,125501608,1801436288.0
2015-01-23,7.35,7.48,7.31,7.37,145918192,2108746752.0
2015-01-26,7.35,7.39,7.24,7.34,105760576,1508446592.0
2015-01-27,7.34,7.35,7.07,7.16,133949464,1881058944.0
2015-01-28,7.1,7.31,7.06,7.19,124087752,1742175744.0
2015-01-29,7.07,7.17,7.03,7.11,101675328,1408825344.0
2015-01-30,7.13,7.22,7.04,7.13,93011672,1298735744.0
2015-02-02,6.96,7.06,6.93,6.97,86093216,1176949504.0
2015-02-03,7.05,7.16,6.97,7.14,88334912,1217876608.0
2015-02-04,7.16,7.18,7.01,7.01,80762312,1122666752.0
2015-02-05,7.31,7.38,7.04,7.05,191372912,2710523904.0
2015-02-06,7.0,7.14,6.85,6.91,103040856,1411298560.0
2015-02-09,6.91,7.0,6.76,6.92,94658624,1273141120.0
2015-02-10,6.9,7.07,6.86,7.04,72487536,991823744.0
2015-02-11,7.05,7.08,7.0,7.02,55434952,763414592.0
2015-02-12,7.03,7.11,6.97,7.09,60871568,838611264.0
2015-02-13,7.13,7.25,7.08,7.14,88774312,1244514816.0
2015-02-16,7.14,7.17,7.02,7.12,72120240,999898496.0
2015-02-17,7.14,7.22,7.13,7.16,68049160,954430208.0
2015-02-25,7.18,7.19,7.04,7.06,57739232,799193600.0
2015-02-26,7.06,7.2,6.96,7.2,102554424,1424064896.0
2015-02-27,7.19,7.24,7.14,7.16,79357016,1115146112.0
2015-03-02,7.18,7.21,7.1,7.18,101879696,1423603328.0
2015-03-03,7.15,7.15,6.95,6.96,105947632,1457305088.0
2015-03-04,6.97,7.02,6.91,6.94,81497304,1108145408.0
2015-03-05,6.91,6.92,6.8,6.84,82860488,1109152000.0
2015-03-06,6.84,6.91,6.83,6.88,55704776,748959104.0
2015-03-09,6.89,7.34,6.81,7.24,220532368,3067985664.0
2015-03-10,7.16,7.22,7.04,7.04,138570624,1927581952.0
2015-03-11,7.05,7.2,7.05,7.09,90335416,1258356096.0
2015-03-12,7.26,7.65,7.2,7.47,330513728,4805590528.0
2015-03-13,7.62,7.99,7.57,7.67,316398848,4799934976.0
2015-03-16,7.72,7.93,7.63,7.88,221847248,3387198720.0
2015-03-17,7.93,8.08,7.8,7.88,195984192,3020408576.0
2015-03-18,7.86,7.97,7.82,7.93,183100064,2823982848.0
2015-03-19,7.92,7.92,7.73,7.77,158030032,2413982208.0
2015-03-20,7.77,7.95,7.7,7.84,197639440,3027315200.0
2015-03-23,7.84,7.96,7.84,7.89,178205584,2750596608.0
2015-03-24,7.89,7.97,7.79,7.85,155919344,2396553472.0
2015-03-25,7.82,7.84,7.62,7.63,159146800,2396613888.0
2015-03-26,7.6,7.89,7.52,7.73,148789152,2246003712.0
2015-03-27,7.72,7.82,7.6,7.71,104763888,1577607040.0
2015-03-30,7.79,8.15,7.72,8.01,258261376,4014724352.0
2015-03-31,8.21,8.49,8.0,8.06,273318336,4393135104.0
2015-04-01,8.09,8.26,7.95,8.16,164331648,2608976896.0
2015-04-02,8.23,8.26,7.99,8.08,140583744,2222670592.0
2015-04-03,8.03,8.15,7.99,8.11,143494128,2262844416.0
2015-04-07,8.26,8.68,8.26,8.6,296047232,4898119680.0
2015-04-08,8.66,9.25,8.52,9.17,337164640,5784459264.0
2015-04-09,9.18,9.74,9.07,9.21,317306336,5794632192.0
2015-04-10,9.21,10.13,9.13,10.13,334020992,6339649024.0
2015-04-13,10.53,10.63,10.0,10.24,480715328,8021096960.0
2015-04-14,10.22,10.22,9.97,10.09,247237504,4020209664.0
2015-04-15,10.09,10.7,9.97,10.31,341764192,5746875392.0
2015-04-16,10.12,10.59,10.06,10.53,246740720,4102824448.0
2015-04-17,10.84,10.84,10.4,10.48,260952336,4447332864.0
2015-04-20,10.59,10.65,10.01,10.09,344725728,5776437760.0
2015-04-21,10.11,10.34,9.9,10.26,241593696,3943356928.0
2015-04-22,10.27,10.52,10.22,10.5,277314176,4640335872.0
2015-04-23,10.52,10.55,10.26,10.32,231968832,3893522176.0
2015-04-24,10.09,10.22,9.91,10.0,244283696,3959606528.0
2015-04-27,10.04,10.28,10.03,10.17,246056352,4027939328.0
2015-04-28,10.19,10.76,10.04,10.34,476354400,8014319104.0
2015-04-29,10.32,10.37,10.03,10.31,215118832,3550493440.0
2015-04-30,10.42,10.69,10.33,10.34,289063552,4899379712.0
2015-05-04,10.34,10.34,10.08,10.23,142757504,2351547392.0
2015-05-05,10.16,10.23,9.6,9.82,229934176,3685372416.0
2015-05-06,9.8,10.09,9.59,9.74,194991104,3107565568.0
2015-05-07,9.74,9.83,9.6,9.7,125870752,1968941824.0
2015-05-08,9.73,9.9,9.6,9.82,137446848,2163108864.0
2015-05-11,9.78,9.98,9.59,9.93,212307728,3349066752.0
2015-05-12,9.9,10.02,9.69,9.88,198965552,3166864384.0
2015-05-13,10.02,10.06,9.75,9.83,175656160,2807445504.0
2015-05-14,9.91,9.94,9.72,9.84,143802768,2283604736.0
2015-05-15,9.78,9.83,9.46,9.57,175271648,2718885120.0
2015-05-18,9.41,9.51,9.27,9.4,153708416,2327558400.0
2015-05-19,9.39,9.75,9.32,9.65,191781264,2959557120.0
2015-05-20,9.91,10.0,9.66,9.75,258966688,4115472640.0
2015-05-21,9.78,9.84,9.67,9.78,140584656,2214024960.0
2015-05-22,9.85,10.09,9.8,10.08,262190784,4233675776.0
2015-05-25,10.13,10.35,10.13,10.28,273036960,4518316544.0
2015-05-26,10.3,10.34,10.08,10.29,279220864,4607493632.0
2015-05-27,10.29,10.47,10.16,10.21,234121776,3888992256.0
2015-05-28,10.22,10.22,9.56,9.6,273306112,4404154880.0
2015-05-29,9.61,9.7,9.36,9.49,201493296,3103543552.0
2015-06-01,9.49,9.9,9.41,9.85,215836224,3365459200.0
2015-06-02,9.84,9.85,9.61,9.77,190482208,2991565056.0
2015-06-03,9.77,9.88,9.6,9.8,197523184,3103860736.0
2015-06-04,9.82,10.27,9.7,10.14,368253280,5971846144.0
2015-06-05,10.34,10.4,9.93,10.09,285545632,4681142272.0
2015-06-08,10.11,10.81,10.03,10.71,508605024,8596941824.0
2015-06-09,10.75,10.81,10.33,10.52,328696768,5601776128.0
2015-06-10,10.4,10.48,10.24,10.33,219838656,3679460608.0
2015-06-11,10.33,10.39,10.13,10.21,170696048,2811189760.0
2015-06-12,10.21,10.3,10.1,10.22,190338880,3131996672.0
2015-06-15,10.24,10.28,9.85,9.86,219217664,3547149568.0
2015-06-16,9.78,9.95,9.6,9.69,181217984,2858213632.0
2015-06-17,9.8,9.84,9.57,9.74,171594224,2689990144.0
2015-06-18,9.71,9.71,9.3,9.52,160255488,2468466176.0
2015-06-19,9.44,9.53,8.98,9.06,156552048,2345768704.0
2015-06-23,9.07,9.27,8.74,9.26,180548816,2643180032.0
2015-06-24,9.29,9.37,9.1,9.36,153199616,2290363648.0
2015-06-25,9.65,9.68,9.14,9.21,207916480,3179774464.0
2015-06-26,9.07,9.26,8.29,8.53,255532176,3623880448.0
2015-06-29,8.72,8.76,7.9,8.4,261294320,3570319360.0
2015-06-30,8.39,9.0,8.29,9.0,254810320,3572978432.0
2015-07-01,8.89,9.04,8.51,8.62,183540608,2629096448.0
2015-07-02,8.61,8.86,8.29,8.52,198282624,2762337280.0
2015-07-03,8.66,8.66,7.92,8.09,259745824,3473335552.0
2015-07-06,8.86,8.86,8.23,8.6,338152672,4660186112.0
2015-07-07,8.46,9.07,8.18,9.07,480831200,6808003584.0
2015-07-08,8.55,8.67,8.17,8.17,499669696,6762103296.0
2015-07-09,8.17,8.94,7.5,8.83,434435552,5904698368.0
2015-07-10,8.58,9.51,8.43,9.2,465098784,6891581440.0
2015-07-13,8.92,9.22,8.74,8.94,326819616,4737400320.0
2015-07-14,8.79,8.91,8.37,8.59,258022960,3608580608.0
2015-07-15,8.46,8.65,8.3,8.41,162642320,2225697024.0
2015-07-16,8.42,8.52,8.31,8.42,138893984,1884221568.0
2015-07-17,8.46,8.63,8.38,8.56,168063760,2304999424.0
2015-07-20,8.55,8.55,8.38,8.42,135868304,1852316416.0
2015-07-21,8.37,8.45,8.29,8.4,113164352,1529148288.0
2015-07-22,8.35,8.39,8.26,8.37,113809064,1528783872.0
2015-07-23,8.34,8.52,8.3,8.47,148369616,2022035328.0
2015-07-24,8.47,8.48,8.25,8.29,133931000,1815659008.0
2015-07-27,8.21,8.25,7.46,7.7,178785920,2289450240.0
2015-07-28,7.55,7.9,7.52,7.82,201120080,2509971456.0
2015-07-29,7.8,7.82,7.67,7.8,97168288,1210759040.0
2015-07-30,7.81,7.83,7.57,7.59,77027896,962337472.0
2015-07-31,7.53,7.69,7.44,7.65,120274688,1472860288.0
2015-08-03,7.56,7.96,7.52,7.94,140512272,1757739776.0
2015-08-04,7.91,8.04,7.8,7.96,77493760,988843520.0
2015-08-05,7.93,8.02,7.78,7.8,55180236,704539328.0
2015-08-06,7.74,7.88,7.7,7.76,45021844,567208512.0
2015-08-07,7.81,7.88,7.77,7.81,62201032,785501376.0
2015-08-10,7.84,8.04,7.77,8.0,105311192,1346325120.0
2015-08-11,7.99,8.02,7.92,7.95,82849336,1065323968.0
2015-08-12,7.86,7.91,7.78,7.78,68682208,869580800.0
2015-08-13,7.75,7.85,7.69,7.78,60634440,760265728.0
2015-08-14,7.86,7.9,7.79,7.83,82378928,1043762752.0
2015-08-17,7.81,7.86,7.71,7.77,67964256,852588992.0
2015-08-18,7.74,7.89,7.4,7.6,117632440,1459671040.0
2015-08-19,7.49,7.57,7.37,7.57,95889424,1157078528.0
2015-08-20,7.54,7.54,7.37,7.46,67763440,815652736.0
2015-08-21,7.37,7.43,7.1,7.12,93336784,1095668224.0
2015-08-24,6.87,6.92,6.41,6.41,151802976,1601529088.0
2015-08-25,6.1,6.41,5.77,5.86,219233376,2122788608.0
2015-08-26,5.95,6.34,5.76,6.14,249191952,2460482048.0
2015-08-27,6.29,6.75,6.11,6.69,184923568,1912163328.0
2015-08-28,6.74,6.87,6.53,6.71,160802976,1728745600.0
2015-08-31,6.63,6.86,6.49,6.86,146429728,1578261504.0
2015-09-01,6.75,7.19,6.57,7.17,265766128,3003860736.0
2015-09-02,6.92,7.43,6.85,7.33,281574688,3273803264.0
2015-09-07,7.15,7.16,6.74,6.74,137611072,1544055040.0
2015-09-08,6.74,6.91,6.56,6.81,74729248,815241856.0
2015-09-09,6.83,6.93,6.74,6.87,85107392,940582976.0
2015-09-10,6.81,6.92,6.77,6.84,46520564,514578400.0
2015-09-11,6.82,6.89,6.74,6.79,42645080,469297504.0
2015-09-14,6.81,6.81,6.47,6.73,75645272,813927104.0
2015-09-15,6.62,6.72,6.5,6.55,54283900,579042240.0
2015-09-16,6.56,6.86,6.51,6.75,56924376,612767040.0
2015-09-17,6.72,6.9,6.67,6.67,62079856,682338176.0
2015-09-18,6.71,6.79,6.64,6.69,31827282,345063776.0
2015-09-21,6.63,6.74,6.6,6.7,38611112,416851072.0
2015-09-22,6.71,6.85,6.7,6.79,49295560,541007296.0
2015-09-23,6.73,6.76,6.61,6.63,37115084,399583552.0
2015-09-24,6.66,6.69,6.61,6.63,25863256,277274176.0
2015-09-25,6.62,6.63,6.47,6.53,44642060,471537664.0
2015-09-28,6.54,6.56,6.46,6.52,19908728,209186176.0
2015-09-29,6.47,6.54,6.39,6.43,33360356,347612288.0
2015-09-30,6.44,6.56,6.43,6.5,36465972,383230176.0
2015-10-08,6.72,6.74,6.63,6.63,49407084,533806144.0
2015-10-09,6.66,6.78,6.64,6.75,47461208,516310496.0
2015-10-12,6.79,7.05,6.76,6.95,84966512,950602304.0
2015-10-13,6.94,6.97,6.87,6.89,35979820,401600928.0
2015-10-14,6.84,6.91,6.77,6.8,41898064,462963488.0
2015-10-15,6.78,6.92,6.77,6.92,48590048,539103680.0
2015-10-16,6.94,7.0,6.91,6.95,57000144,640488896.0
2015-10-19,6.98,7.03,6.91,6.97,72337152,814910976.0
2015-10-20,6.94,7.05,6.93,7.01,71516328,807642368.0
2015-10-21,6.99,7.28,6.92,6.95,133262904,1523591936.0
2015-10-22,6.97,7.06,6.92,7.02,82280576,928960000.0
2015-10-23,7.05,7.14,7.02,7.1,93742512,1073981568.0
2015-10-26,7.18,7.31,7.08,7.13,108591752,1260872064.0
2015-10-27,7.12,7.21,7.02,7.11,58043636,664648832.0
2015-10-28,7.1,7.11,6.97,6.98,54481116,619790784.0
2015-10-29,7.0,7.04,6.97,6.98,31670368,357830464.0
2015-10-30,7.0,7.07,6.98,7.04,53593072,607980992.0
2015-11-02,6.98,7.01,6.87,6.9,48443580,544000192.0
2015-11-03,6.91,6.94,6.82,6.84,39126520,434818752.0
2015-11-04,6.86,7.25,6.84,7.24,130724416,1493255552.0
2015-11-05,7.18,7.78,7.15,7.47,229218976,2780266752.0
2015-11-06,7.44,7.69,7.38,7.67,146319488,1781331328.0
2015-11-09,7.74,8.29,7.72,8.01,241388784,3137641472.0
2015-11-10,7.93,8.09,7.81,7.9,112502760,1438707584.0
2015-11-11,7.86,7.91,7.67,7.77,102173504,1280174464.0
2015-11-12,7.8,7.83,7.6,7.68,67113960,833753280.0
2015-11-13,7.57,7.73,7.55,7.58,58755504,722252992.0
2015-11-16,7.51,7.67,7.49,7.64,55984872,685977408.0
2015-11-17,7.69,7.86,7.65,7.74,104648656,1315319808.0
2015-11-18,7.72,7.86,7.62,7.69,79370480,991513856.0
2015-11-19,7.68,7.75,7.64,7.74,47112068,585571008.0
2015-11-20,7.74,7.8,7.69,7.77,59803632,747487168.0
2015-11-23,7.77,7.8,7.67,7.71,60797532,760493312.0
2015-11-24,7.69,7.71,7.53,7.6,66421480,812675968.0
2015-11-25,7.56,7.66,7.54,7.63,51346272,629507072.0
2015-11-26,7.65,7.67,7.56,7.57,55221016,679692160.0
2015-11-27,7.54,7.56,7.14,7.26,72802592,867702400.0
2015-11-30,7.26,7.35,7.12,7.27,65849388,770221376.0
2015-12-01,7.25,7.34,7.13,7.28,68025392,793118208.0
2015-12-02,7.25,7.83,7.22,7.75,161576080,1978750464.0
2015-12-03,7.67,7.9,7.59,7.71,142597680,1786008960.0
2015-12-04,7.62,7.67,7.48,7.51,76453248,934906560.0
2015-12-07,7.54,7.59,7.46,7.52,40279264,488370688.0
2015-12-08,7.47,7.49,7.37,7.41,50310180,602568640.0
2015-12-09,7.38,7.51,7.37,7.43,42938436,515596480.0
2015-12-10,7.4,7.52,7.38,7.41,41760360,502326080.0
2015-12-11,7.38,7.38,7.26,7.33,37950804,448800928.0
2015-12-14,7.26,7.5,7.25,7.47,58723664,698792000.0
2015-12-15,7.45,7.49,7.34,7.38,36448736,436557696.0
2015-12-16,7.42,7.44,7.36,7.36,39276280,468510272.0
2015-12-17,7.41,7.52,7.41,7.47,64827476,780891776.0
2015-12-18,7.45,7.77,7.44,7.57,102294472,1257360384.0
2015-12-21,7.52,7.88,7.5,7.75,128114216,1595741312.0
2015-12-22,7.74,7.82,7.67,7.7,69809144,870121728.0
2015-12-23,7.72,7.91,7.68,7.73,103901824,1302341504.0
2015-12-24,7.72,7.78,7.58,7.64,64022964,791975808.0
2015-12-25,7.67,7.72,7.64,7.69,39984504,495638048.0
2015-12-28,7.7,7.72,7.42,7.42,82240864,1003010176.0
2015-12-29,7.43,7.49,7.41,7.49,61980216,744718400.0
2015-12-30,7.49,7.5,7.4,7.49,53266704,641277248.0
2015-12-31,7.49,7.51,7.42,7.43,49125892,591643584.0
2016-01-04,7.43,7.45,6.95,7.02,56349788,660376128.0
2016-01-05,6.98,7.17,6.91,7.06,66326996,755531328.0
2016-01-06,7.07,7.16,7.05,7.14,51570644,591698496.0
2016-01-07,7.07,7.07,6.76,6.77,17476110,194869488.0
2016-01-08,6.94,6.99,6.75,6.89,74752760,831334528.0
2016-01-11,6.81,6.86,6.61,6.66,73201400,800683648.0
2016-01-12,6.71,6.76,6.59,6.69,56164232,605970816.0
2016-01-13,6.74,6.77,6.63,6.63,39170948,424371712.0
2016-01-14,6.56,6.69,6.49,6.67,66631456,708534976.0
2016-01-15,6.6,6.69,6.45,6.48,44820216,474908128.0
2016-01-18,6.4,6.54,6.38,6.45,42104088,439917824.0
2016-01-19,6.47,6.68,6.45,6.63,50110908,532074688.0
2016-01-20,6.63,6.69,6.47,6.53,60375248,640968960.0
2016-01-21,6.49,6.66,6.39,6.39,60614512,638127872.0
2016-01-22,6.44,6.47,6.33,6.44,46675216,482984448.0
2016-01-25,6.44,6.47,6.4,6.42,37643172,390734880.0
2016-01-26,6.39,6.39,6.11,6.11,64790112,653561600.0
2016-01-27,6.15,6.18,5.95,6.12,56903704,558510656.0
2016-01-28,6.08,6.12,5.98,6.0,30254078,296055328.0
2016-01-29,6.03,6.24,6.0,6.19,54443576,540544448.0
2016-02-01,6.18,6.2,6.03,6.07,41773216,412635648.0
2016-02-02,6.07,6.21,6.06,6.16,36910416,367360512.0
2016-02-03,6.1,6.12,6.05,6.1,27457216,269997824.0
2016-02-04,6.12,6.19,6.12,6.16,37309948,370586176.0
2016-02-05,6.17,6.17,6.14,6.14,27089334,269184384.0
2016-02-15,5.98,6.1,5.98,6.06,27849946,271173376.0
2016-02-16,6.09,6.21,6.09,6.2,42838640,427507776.0
2016-02-17,6.21,6.33,6.19,6.29,58516704,590538944.0
2016-02-18,6.3,6.33,6.25,6.25,40617824,412337568.0
2016-02-19,6.25,6.28,6.19,6.22,31889824,320939648.0
2016-02-22,6.27,6.38,6.23,6.37,61773944,630251520.0
2016-02-23,6.37,6.37,6.22,6.27,42587436,432315296.0
2016-02-24,6.23,6.29,6.2,6.29,30010360,302498016.0
2016-02-25,6.27,6.27,5.95,5.99,62207284,615004736.0
2016-02-26,6.05,6.09,5.98,6.06,39215440,382634656.0
2016-02-29,6.06,6.08,5.83,5.92,56689640,542184000.0
2016-03-01,5.96,6.05,5.93,6.01,37791080,365149024.0
2016-03-02,6.04,6.27,6.02,6.25,67661376,673626240.0
2016-03-03,6.25,6.3,6.22,6.26,55308940,559045184.0
2016-03-04,6.25,6.5,6.24,6.44,138124912,1429273088.0
2016-03-07,6.41,6.5,6.38,6.4,60635296,630155584.0
2016-03-08,6.42,6.42,6.16,6.37,64315648,650471616.0
2016-03-09,6.28,6.33,6.22,6.3,32590064,330124896.0
2016-03-10,6.34,6.41,6.27,6.29,47402032,486414240.0
2016-03-11,6.25,6.33,6.22,6.29,38373672,389638944.0
2016-03-14,6.32,6.48,6.32,6.35,65515824,679161280.0
2016-03-15,6.37,6.42,6.29,6.39,41792036,428786688.0
2016-03-16,6.36,6.47,6.35,6.41,66488620,690087744.0
2016-03-17,6.42,6.49,6.38,6.45,61099640,635181312.0
2016-03-18,6.45,6.55,6.44,6.53,79721584,836565568.0
2016-03-21,6.53,6.73,6.53,6.69,92043280,987764480.0
2016-03-22,6.67,6.77,6.62,6.64,62548248,675406592.0
2016-03-23,6.63,6.67,6.57,6.63,43027816,458963264.0
2016-03-24,6.57,6.58,6.5,6.51,37240624,393411552.0
2016-03-25,6.51,6.56,6.5,6.56,23707048,250338496.0
2016-03-28,6.58,6.6,6.47,6.49,35862100,378973312.0
2016-03-29,6.51,6.51,6.43,6.46,31831788,332422400.0
2016-03-30,6.49,6.63,6.48,6.63,53970000,572627392.0
2016-03-31,6.63,6.66,6.59,6.59,41838792,447266272.0
2016-04-01,6.58,6.62,6.5,6.6,36934188,391830400.0
2016-04-05,6.58,6.69,6.5,6.63,59230864,632378880.0
2016-04-06,6.61,6.66,6.57,6.64,43525952,464962432.0
2016-04-07,6.64,6.64,6.56,6.56,37771960,401949056.0
2016-04-08,6.53,6.61,6.5,6.55,37655384,397998240.0
2016-04-11,6.56,6.69,6.56,6.64,78638600,840486336.0
2016-04-12,6.63,6.63,6.58,6.61,29859954,318538016.0
2016-04-13,6.64,6.79,6.63,6.69,85676032,929858560.0
2016-04-14,6.74,6.75,6.68,6.71,32364630,350702752.0
2016-04-15,6.71,6.77,6.69,6.74,49722404,541052864.0
2016-04-18,6.7,6.72,6.64,6.64,35065400,377791424.0
2016-04-19,6.67,6.69,6.63,6.67,21823994,234479840.0
2016-04-20,6.67,6.68,6.42,6.51,60658624,640149696.0
2016-04-21,6.51,6.58,6.47,6.51,55879920,588731520.0
2016-04-22,6.48,6.58,6.45,6.53,35967712,379176128.0
2016-04-25,6.54,6.54,6.45,6.5,34925776,366533376.0
2016-04-26,6.49,6.56,6.48,6.56,29169938,306962528.0
2016-04-27,6.55,6.57,6.51,6.55,23955392,253308592.0
2016-04-28,6.55,6.66,6.53,6.6,45746040,487261216.0
2016-04-29,6.59,6.59,6.53,6.55,40497768,428582144.0
2016-05-03,6.55,6.64,6.51,6.61,48910208,521137504.0
2016-05-04,6.61,6.66,6.6,6.64,41243560,441848160.0
2016-05-05,6.62,6.64,6.6,6.64,23951684,256002096.0
2016-05-06,6.64,6.64,6.51,6.51,34654512,367408576.0
2016-05-09,6.5,6.52,6.39,6.41,41117104,428356640.0
2016-05-10,6.4,6.42,6.36,6.37,29259978,301767200.0
2016-05-11,6.38,6.47,6.38,6.42,32728951,339005276.0
2016-05-12,6.38,6.44,6.35,6.43,32588550,336792701.0
2016-05-13,6.41,6.44,6.4,6.41,18426611,191007256.0
2016-05-16,6.39,6.42,6.35,6.42,21522468,221931208.0
2016-05-17,6.42,6.42,6.34,6.38,25042422,257859629.0
2016-05-18,6.37,6.39,6.3,6.38,53415062,547076639.0
2016-05-19,6.36,6.39,6.35,6.35,17077776,175591500.0
2016-05-20,6.34,6.4,6.31,6.38,20670377,212277642.0
2016-05-23,6.4,6.4,6.35,6.37,32364676,333300178.0
2016-05-24,6.36,6.37,6.31,6.32,25929404,265042287.0
2016-05-25,6.35,6.37,6.31,6.34,20423540,209019883.0
2016-05-26,6.33,6.36,6.3,6.33,26139653,266736776.0
2016-05-27,6.33,6.37,6.31,6.36,22281892,228377555.0
2016-05-30,6.35,6.37,6.32,6.37,38094687,390119748.0
2016-05-31,6.35,6.55,6.35,6.53,94646716,991668175.0
2016-06-01,6.51,6.53,6.47,6.49,55675091,584161145.0
2016-06-02,6.48,6.49,6.45,6.48,29303622,306269383.0
2016-06-03,6.48,6.51,6.45,6.5,42338929,443039581.0
2016-06-06,6.51,6.52,6.47,6.51,33833201,354998364.0
2016-06-07,6.51,6.52,6.49,6.51,22928215,240887149.0
2016-06-08,6.53,6.53,6.48,6.5,26818824,281651741.0
2016-06-13,6.48,6.48,6.4,6.4,34481683,358996278.0
2016-06-14,6.4,6.45,6.39,6.44,27363726,283578297.0
2016-06-15,6.4,6.49,6.39,6.47,37817241,394033686.0
2016-06-16,6.46,6.49,6.43,6.46,38667008,331192445.0
2016-06-17,6.46,6.49,6.44,6.47,31517300,270236698.0
2016-06-20,6.48,6.49,6.46,6.49,27073158,232205298.0
2016-06-21,6.49,6.52,6.47,6.49,38074985,327940703.0
2016-06-22,6.49,6.58,6.47,6.58,47800201,413947369.0
2016-06-23,6.54,6.56,6.51,6.53,33561422,290490407.0
2016-06-24,6.52,6.56,6.43,6.46,42766409,367771054.0
2016-06-27,6.46,6.52,6.44,6.49,32521418,280044073.0
2016-06-28,6.47,6.52,6.46,6.51,33651928,289122214.0
2016-06-29,6.51,6.55,6.5,6.55,36961156,319908690.0
2016-06-30,6.55,6.59,6.53,6.56,36220487,315051855.0
2016-07-01,6.55,6.58,6.55,6.57,34893019,303652375.0
2016-07-04,6.55,6.68,6.54,6.64,60825712,534656910.0
2016-07-05,6.64,6.66,6.61,6.64,42203729,371422815.0
2016-07-06,6.64,6.65,6.61,6.63,32295017,283827376.0
2016-07-07,6.63,6.64,6.59,6.62,31285308,274337186.0
2016-07-08,6.63,6.63,6.58,6.59,26134229,228778674.0
2016-07-11,6.6,6.63,6.59,6.6,36537252,320333761.0
2016-07-12,6.6,6.7,6.59,6.7,71183240,627505578.0
2016-07-13,6.7,6.83,6.68,6.78,79828864,716797025.0
2016-07-14,6.77,6.79,6.72,6.74,35969939,321889343.0
2016-07-15,6.75,6.79,6.72,6.78,35203395,315555254.0
2016-07-18,6.78,6.85,6.77,6.82,50693492,457358031.0
2016-07-19,6.82,6.83,6.75,6.77,36278781,326046531.0
2016-07-20,6.76,6.78,6.75,6.76,31092641,278737194.0
2016-07-21,6.75,6.8,6.75,6.78,34026127,305710333.0
2016-07-22,6.78,6.78,6.73,6.74,29554964,264379250.0
2016-07-25,6.73,6.77,6.72,6.77,26468286,236937494.0
2016-07-26,6.77,6.88,6.77,6.87,54655692,494506420.0
2016-07-27,6.88,6.92,6.72,6.8,81867834,741263303.0
2016-07-28,6.77,6.87,6.77,6.85,47991038,434490537.0
2016-07-29,6.85,6.97,6.81,6.94,67142534,614972669.0
2016-08-01,6.92,7.04,6.92,7.0,75932441,702466616.0
2016-08-02,6.97,6.98,6.92,6.98,44916516,413484595.0
2016-08-03,6.95,6.95,6.9,6.92,42462218,389817535.0
2016-08-04,6.92,6.92,6.73,6.78,134446207,1210346974.0
2016-08-05,6.78,6.84,6.75,6.82,72594819,654998093.0
2016-08-08,6.82,6.87,6.8,6.87,39847930,361191045.0
2016-08-09,6.86,6.9,6.84,6.9,41567631,378720688.0
2016-08-10,6.9,6.92,6.88,6.89,43665545,399656991.0
2016-08-11,6.89,7.05,6.89,6.95,93557601,866594868.0
2016-08-12,6.94,7.19,6.92,7.16,137002155,1282336292.0
2016-08-15,7.2,7.39,7.17,7.3,189755226,1835196866.0
2016-08-16,7.3,7.3,7.13,7.18,109955862,1050479545.0
2016-08-17,7.18,7.24,7.15,7.2,56072536,534926047.0
2016-08-18,7.21,7.23,7.11,7.16,69150431,658183955.0
2016-08-19,7.16,7.18,7.11,7.17,50533453,478779724.0
2016-08-22,7.16,7.17,7.06,7.09,97943273,922426435.0
2016-08-23,7.07,7.13,7.07,7.09,89065673,838185901.0
2016-08-24,7.1,7.11,7.07,7.11,73228127,688971683.0
2016-08-25,7.1,7.13,7.04,7.12,61738960,580648482.0
2016-08-26,7.13,7.14,7.09,7.13,50223385,473688077.0
2016-08-29,7.1,7.13,7.07,7.1,56523188,532295362.0
2016-08-30,7.1,7.14,7.1,7.14,59508123,561854066.0
2016-08-31,7.13,7.16,7.11,7.16,48974676,463875763.0
2016-09-01,7.16,7.18,7.1,7.13,48013121,454848634.0
2016-09-02,7.11,7.13,7.1,7.13,36879633,348054367.0
2016-09-05,7.13,7.13,7.09,7.1,46993656,443204804.0
2016-09-06,7.1,7.11,7.06,7.1,57473833,539813284.0
2016-09-07,7.1,7.1,7.07,7.09,45937329,431984159.0
2016-09-08,7.08,7.1,7.07,7.09,29521845,277503758.0
2016-09-09,7.09,7.11,7.06,7.07,32743143,307527271.0
2016-09-12,7.01,7.03,6.89,6.91,75658173,697759184.0
2016-09-13,6.92,6.95,6.89,6.93,46093142,423113832.0
2016-09-14,6.92,6.92,6.83,6.83,42148125,384081266.0
2016-09-19,6.83,6.89,6.83,6.88,35434870,322575926.0
2016-09-20,6.88,6.88,6.82,6.85,43667897,396359321.0
2016-09-21,6.85,6.86,6.81,6.85,40566533,367767497.0
2016-09-22,6.86,6.92,6.86,6.91,49461323,451909020.0
2016-09-23,6.91,6.93,6.89,6.9,28879877,264699513.0
2016-09-26,6.89,6.89,6.82,6.82,43948186,398771865.0
2016-09-27,6.82,6.84,6.8,6.83,40132367,362769231.0
2016-09-28,6.83,6.83,6.81,6.83,27136600,245499468.0
2016-09-29,6.83,6.85,6.83,6.83,30366429,275239667.0
2016-09-30,6.83,6.86,6.83,6.84,30808486,279526476.0
2016-10-10,6.86,6.92,6.85,6.88,61138159,557122277.0
2016-10-11,6.89,6.9,6.87,6.9,36337078,331886515.0
2016-10-12,6.89,6.91,6.88,6.89,27031620,246995531.0
2016-10-13,6.85,6.87,6.83,6.84,63236796,574142476.0
2016-10-14,6.83,6.86,6.82,6.86,33541176,304218677.0
2016-10-17,6.85,6.86,6.81,6.83,35922316,325582450.0
2016-10-18,6.81,6.86,6.81,6.86,59373709,537784120.0
2016-10-19,6.86,6.87,6.83,6.85,48263616,438299030.0
2016-10-20,6.85,6.86,6.83,6.84,34284457,310966017.0
2016-10-21,6.85,6.89,6.83,6.89,68389677,621549845.0
2016-10-24,6.89,7.01,6.88,6.97,91567704,844746081.0
2016-10-25,6.98,6.98,6.92,6.95,50075292,461542701.0
2016-10-26,6.95,6.95,6.89,6.9,44045213,403750809.0
2016-10-27,6.91,6.92,6.88,6.91,32414055,296216915.0
2016-10-28,6.91,6.96,6.89,6.92,54199774,497615051.0
2016-10-31,6.9,6.91,6.86,6.9,49359683,450148883.0
2016-11-01,6.89,6.91,6.87,6.89,52541566,480117542.0
2016-11-02,6.89,6.89,6.83,6.84,63358600,576083788.0
2016-11-03,6.83,6.89,6.83,6.89,61687113,561464947.0
2016-11-04,6.87,6.92,6.86,6.87,50811757,463831939.0
2016-11-07,6.86,6.88,6.84,6.88,49724012,452447931.0
2016-11-08,6.88,6.9,6.86,6.9,80669498,736747217.0
2016-11-09,6.89,6.89,6.8,6.84,72261671,656061961.0
2016-11-10,6.86,6.91,6.86,6.89,63199874,576898453.0
2016-11-11,6.89,6.92,6.87,6.92,81226969,742969897.0
2016-11-14,6.91,6.98,6.91,6.95,97507875,898058354.0
2016-11-15,6.94,6.97,6.92,6.96,55434298,510596178.0
2016-11-16,6.96,6.97,6.94,6.96,41584240,383425740.0
2016-11-17,6.95,6.95,6.92,6.95,50532402,464611128.0
2016-11-18,6.95,6.95,6.91,6.92,51759734,475289973.0
2016-11-21,6.92,7.0,6.92,6.97,85024326,785475677.0
2016-11-22,6.97,7.06,6.96,7.06,118025694,1097408714.0
2016-11-23,7.04,7.21,7.04,7.13,175286943,1660465709.0
2016-11-24,7.12,7.18,7.1,7.14,77974884,738580569.0
2016-11-25,7.15,7.26,7.13,7.26,101367499,968127766.0
2016-11-28,7.31,7.38,7.24,7.26,127968924,1240686234.0
2016-11-29,7.23,7.32,7.2,7.26,88777923,854308658.0
2016-11-30,7.28,7.33,7.16,7.2,102596305,985758450.0
2016-12-01,7.22,7.26,7.2,7.24,64600437,619633747.0
2016-12-02,7.24,7.24,7.12,7.2,82968650,790044442.0
2016-12-05,7.16,7.2,7.1,7.13,76436570,723222054.0
2016-12-06,7.15,7.18,7.13,7.16,60290276,571585178.0
2016-12-07,7.15,7.16,7.1,7.15,49340476,466085503.0
2016-12-08,7.16,7.2,7.11,7.18,67145216,638058504.0
2016-12-09,7.16,7.35,7.15,7.28,151419915,1460778328.0
2016-12-12,7.28,7.37,7.12,7.16,125687400,1206662617.0
2016-12-13,7.15,7.16,7.04,7.1,64577157,607769966.0
2016-12-14,7.1,7.17,7.09,7.09,59770574,564787516.0
2016-12-15,7.07,7.1,6.95,6.98,82761287,767751836.0
2016-12-16,6.97,7.01,6.95,6.98,39681397,366925349.0
2016-12-19,6.95,6.96,6.92,6.94,49401064,453899744.0
2016-12-20,6.94,6.94,6.85,6.87,63663837,580118168.0
2016-12-21,6.88,6.91,6.87,6.91,36992065,338201446.0
2016-12-22,6.9,6.91,6.87,6.89,34134124,311546857.0
2016-12-23,6.89,6.89,6.84,6.85,38291216,348140451.0
2016-12-26,6.83,6.89,6.8,6.88,30205896,273934287.0
2016-12-27,6.88,6.89,6.84,6.85,26884124,244788274.0
2016-12-28,6.85,6.87,6.82,6.83,33605509,304898614.0
2016-12-29,6.84,6.86,6.83,6.85,33875853,307183503.0
2016-12-30,6.85,6.86,6.83,6.86,30260736,274882698.0
2017-01-03,6.87,6.92,6.86,6.91,45984049,420595176.0
2017-01-04,6.9,6.92,6.89,6.91,44932953,411503444.0
2017-01-05,6.92,6.92,6.9,6.92,34437291,315769694.0
2017-01-06,6.92,6.92,6.87,6.89,35815420,327176434.0
2017-01-09,6.89,6.92,6.87,6.9,36108157,329994604.0
2017-01-10,6.9,6.91,6.89,6.9,24105395,220575132.0
2017-01-11,6.89,6.92,6.89,6.89,30343089,277553207.0
2017-01-12,6.89,6.92,6.89,6.9,42800677,391869403.0
2017-01-13,6.89,6.93,6.88,6.91,43430137,397601906.0
2017-01-16,6.9,6.91,6.84,6.89,68316586,623025820.0
2017-01-17,6.88,6.91,6.86,6.9,54555237,498179703.0
2017-01-18,6.89,6.93,6.89,6.92,57426939,526426596.0
2017-01-19,6.9,6.97,6.9,6.92,43771286,402445639.0
2017-01-20,6.92,6.96,6.92,6.95,39332857,361865155.0
2017-01-23,6.95,6.98,6.94,6.95,42029931,388019073.0
2017-01-24,6.96,7.0,6.94,6.99,47024408,434787729.0
2017-01-25,6.99,7.0,6.98,6.98,30440196,281976294.0
2017-01-26,6.99,7.04,6.98,7.04,42071258,391844286.0
2017-02-03,7.04,7.06,6.96,6.98,31547224,292617943.0
2017-02-06,6.98,7.03,6.98,7.02,51678611,480441331.0
2017-02-07,7.02,7.03,6.99,7.01,39688497,368755274.0
2017-02-08,7.01,7.01,6.97,7.01,36027242,333975402.0
2017-02-09,7.01,7.04,7.0,7.02,34285513,319201023.0
2017-02-10,7.03,7.06,7.02,7.04,48274323,450701345.0
2017-02-13,7.04,7.12,7.04,7.1,63836475,599951024.0
2017-02-14,7.1,7.1,7.07,7.09,36240460,340318431.0
2017-02-15,7.09,7.2,7.08,7.13,75661306,716759655.0
2017-02-16,7.13,7.16,7.1,7.13,41116113,388636225.0
2017-02-17,7.13,7.16,7.07,7.08,42377497,400161795.0
2017-02-20,7.09,7.23,7.09,7.21,89875539,855710806.0
2017-02-21,7.2,7.26,7.2,7.22,64658421,618761069.0
2017-02-22,7.22,7.22,7.16,7.22,46296611,441528340.0
2017-02-23,7.2,7.22,7.15,7.17,33532781,319293837.0
2017-02-24,7.16,7.2,7.15,7.16,33250014,316020789.0
2017-02-27,7.16,7.16,7.1,7.11,40734112,384781016.0
2017-02-28,7.11,7.17,7.1,7.15,36971970,350366893.0
2017-03-01,7.16,7.2,7.14,7.16,34699373,330157963.0
2017-03-02,7.17,7.2,7.1,7.11,40362870,382395884.0
2017-03-03,7.1,7.11,7.06,7.09,34265508,321952549.0
2017-03-06,7.09,7.13,7.08,7.13,40451138,381212304.0
2017-03-07,7.12,7.13,7.09,7.13,29467282,277747415.0
2017-03-08,7.11,7.13,7.09,7.1,24443839,230425151.0
2017-03-09,7.1,7.11,7.06,7.07,37816992,354813688.0
2017-03-10,7.07,7.1,7.06,7.09,39018225,366140052.0
2017-03-13,7.08,7.13,7.07,7.12,54530444,513148481.0
2017-03-14,7.11,7.13,7.1,7.12,40448435,381594067.0
2017-03-15,7.1,7.15,7.1,7.15,54656086,515943748.0
2017-03-16,7.15,7.19,7.13,7.18,63595381,603450064.0
2017-03-17,7.13,7.13,7.01,7.02,158364708,1482736995.0
2017-03-20,7.01,7.02,6.95,6.98,71502177,661887015.0
2017-03-21,6.98,6.98,6.94,6.97,55464874,511914333.0
2017-03-22,6.94,6.95,6.89,6.91,56612363,519331026.0
2017-03-23,6.91,6.97,6.9,6.94,43358829,398986562.0
2017-03-24,6.94,6.97,6.91,6.93,71082787,653533830.0
2017-03-27,6.88,6.93,6.85,6.89,98501205,900094461.0
2017-03-28,6.91,6.92,6.86,6.88,48137276,439405816.0
2017-03-29,6.89,6.9,6.86,6.87,60114068,548060693.0
2017-03-30,6.88,6.88,6.83,6.85,68728555,623995513.0
2017-03-31,6.85,6.92,6.85,6.92,63312122,578579035.0
2017-04-05,6.91,6.95,6.9,6.95,49915009,458567834.0
2017-04-06,6.94,6.95,6.92,6.94,43439147,399118983.0
2017-04-07,6.93,6.95,6.92,6.94,51484476,473366404.0
2017-04-10,6.94,6.95,6.92,6.92,40134394,368682025.0
2017-04-11,6.92,6.93,6.86,6.9,61243796,560304073.0
2017-04-12,6.91,6.92,6.86,6.88,45533653,416101249.0
2017-04-13,6.87,6.89,6.86,6.88,35744255,325949861.0
2017-04-14,6.87,6.88,6.83,6.85,49050050,445637458.0
2017-04-17,6.85,6.87,6.83,6.86,53189218,483130500.0
2017-04-18,6.86,6.86,6.83,6.83,33537696,304162860.0
2017-04-19,6.81,6.82,6.71,6.72,79966857,714963673.0
2017-04-20,6.71,6.74,6.7,6.73,43762999,390063544.0
2017-04-21,6.73,6.78,6.71,6.77,32540817,291126076.0
2017-04-24,6.77,6.77,6.7,6.73,39499527,352926395.0
2017-04-25,6.73,6.8,6.73,6.79,37793334,339230144.0
2017-04-26,6.79,6.8,6.76,6.78,38214706,343316093.0
2017-04-27,6.77,6.77,6.72,6.77,38739256,346186990.0
2017-04-28,6.76,6.78,6.73,6.78,28644636,256106699.0
2017-05-02,6.76,6.76,6.71,6.74,31102610,277665882.0
2017-05-03,6.73,6.73,6.7,6.72,28031077,249660877.0
2017-05-04,6.7,6.7,6.58,6.59,69651707,613783434.0
2017-05-05,6.59,6.61,6.47,6.51,62370085,539541740.0
2017-05-08,6.49,6.5,6.44,6.46,46008989,394424117.0
2017-05-09,6.46,6.52,6.45,6.52,32419446,279119676.0
2017-05-10,6.51,6.64,6.5,6.54,57307768,498675308.0
2017-05-11,6.52,6.58,6.49,6.56,50364355,436444282.0
2017-05-12,6.55,6.71,6.52,6.71,91796819,809131900.0
2017-05-15,6.7,6.75,6.64,6.68,53657821,476417672.0
2017-05-16,6.67,6.67,6.58,6.67,52487233,461069301.0
2017-05-17,6.64,6.64,6.6,6.61,41733802,365987543.0
2017-05-18,6.58,6.61,6.57,6.58,22740112,198765580.0
2017-05-19,6.59,6.61,6.55,6.55,29427084,256396868.0
2017-05-22,6.55,6.58,6.49,6.55,67912005,588546725.0
2017-05-23,6.54,6.67,6.52,6.63,80004019,702123773.0
2017-05-24,6.62,6.66,6.55,6.64,53237669,466560636.0
2017-05-25,6.63,6.89,6.62,6.86,162154374,1462763019.0
2017-05-26,6.85,6.89,6.82,6.86,89536576,813387170.0
2017-05-31,6.86,6.96,6.83,6.94,103321095,948741890.0
2017-06-01,6.94,6.96,6.88,6.93,56618276,519544676.0
2017-06-02,6.92,7.01,6.89,6.92,77075706,710119498.0
2017-06-05,6.89,6.92,6.78,6.81,63413269,573460397.0
2017-06-06,6.8,6.83,6.78,6.82,35534153,320520904.0
2017-06-07,6.8,6.9,6.8,6.89,64572325,587357671.0
2017-06-08,6.87,6.9,6.85,6.89,38300448,348860774.0
2017-06-09,6.9,6.95,6.88,6.9,68546808,628281688.0
2017-06-12,6.9,6.93,6.86,6.87,50457816,461493690.0
2017-06-13,6.87,6.89,6.83,6.88,44843497,407876696.0
2017-06-14,6.88,6.89,6.82,6.85,37544431,340596136.0
2017-06-15,6.85,6.85,6.81,6.82,33779789,305610500.0
2017-06-16,6.82,6.85,6.8,6.8,28599104,258559005.0
2017-06-19,6.81,6.9,6.8,6.89,48970481,446000773.0
2017-06-20,6.88,6.91,6.86,6.88,31361560,286053884.0
2017-06-21,6.92,6.92,6.87,6.9,49693219,454488888.0
2017-06-22,6.9,7.09,6.89,6.98,142695815,1325210565.0
2017-06-23,6.96,6.99,6.91,6.98,58400441,538303574.0
2017-06-26,6.98,7.09,6.98,7.01,71076995,663762850.0
2017-06-27,7.01,7.08,6.99,7.06,54601613,509162009.0
2017-06-28,7.05,7.16,7.04,7.11,116879622,1102438100.0
2017-06-29,7.11,7.13,7.07,7.11,48880457,459810416.0
2017-06-30,7.09,7.11,7.02,7.08,49963349,468003517.0
2017-07-03,7.09,7.11,7.04,7.09,38834937,364465847.0
2017-07-04,7.09,7.1,7.01,7.04,48836253,456577021.0
2017-07-05,7.01,7.07,6.99,7.07,56772000,529294114.0
2017-07-06,7.06,7.1,7.02,7.09,73891186,691387184.0
2017-07-07,7.07,7.15,7.04,7.14,76036958,717084352.0
2017-07-10,7.13,7.29,7.12,7.23,136081591,1303090005.0
2017-07-11,7.25,7.89,7.25,7.73,381208660,3842010171.0
2017-07-12,7.75,7.98,7.69,7.8,299884401,3113681339.0
2017-07-13,7.77,8.22,7.72,8.22,299453432,3180144566.0
2017-07-14,8.15,8.25,8.04,8.22,172257026,1864449202.0
2017-07-17,8.26,8.55,8.08,8.15,327312315,3608692279.0
2017-07-18,8.11,8.4,8.01,8.33,234943191,2558433986.0
2017-07-19,8.29,8.44,8.21,8.36,193307592,2131336294.0
2017-07-20,8.36,8.46,8.23,8.27,153733858,1695060974.0
2017-07-21,8.29,8.38,8.18,8.33,150102000,1625416437.0
2017-07-24,8.28,8.46,8.21,8.38,169266444,1846886679.0
2017-07-25,8.4,8.62,8.38,8.42,195476835,2172114597.0
2017-07-26,8.36,8.56,8.16,8.22,169741211,1846282152.0
2017-07-27,8.2,8.24,8.06,8.1,119449040,1273888886.0
2017-07-28,8.12,8.27,8.1,8.22,81919535,877769279.0
2017-07-31,8.26,8.28,8.0,8.16,157586439,1671814035.0
2017-08-01,8.14,8.48,8.11,8.45,203570991,2222887934.0
2017-08-02,8.46,8.68,8.39,8.53,206206907,2307726683.0
2017-08-03,8.52,8.59,8.39,8.43,98421938,1090954132.0
2017-08-04,8.42,8.64,8.36,8.55,135395156,1511389828.0
2017-08-07,8.46,8.55,8.34,8.42,86064427,946975700.0
2017-08-08,8.42,8.5,8.35,8.46,68956744,758872029.0
2017-08-09,8.39,8.43,8.17,8.21,104232181,1126512108.0
2017-08-10,8.19,8.28,8.07,8.13,95987996,1026676006.0
2017-08-11,8.02,8.07,7.64,7.67,244064335,2501779371.0
2017-08-14,7.75,7.84,7.68,7.82,115766464,1175479139.0
2017-08-15,7.84,8.04,7.81,7.89,107516235,1116749994.0
2017-08-16,7.87,7.94,7.77,7.91,75680602,778517622.0
2017-08-17,7.92,7.97,7.87,7.97,55364211,573093950.0
2017-08-18,7.93,8.11,7.87,7.99,61652041,643188717.0
2017-08-21,7.98,8.05,7.95,8.0,39915487,417653111.0
2017-08-22,8.02,8.16,7.94,8.15,87568181,922881866.0
2017-08-23,8.13,8.4,8.1,8.34,131915190,1430051908.0
2017-08-24,8.33,8.5,8.29,8.36,92424863,1014933652.0
2017-08-25,8.37,8.55,8.34,8.5,96394000,1068994547.0
2017-08-28,8.49,8.83,8.49,8.69,160393832,1828380086.0
2017-08-29,8.65,8.98,8.63,8.93,135798373,1569230034.0
2017-08-30,8.94,8.95,8.69,8.75,109667476,1264128141.0
2017-08-31,8.72,8.75,8.53,8.63,115178646,1297730596.0
2017-09-01,8.63,8.72,8.53,8.58,95997689,1080996319.0
2017-09-04,8.56,8.97,8.55,8.97,135232557,1551875034.0
2017-09-05,8.94,9.14,8.88,8.91,128751876,1513759541.0
2017-09-06,8.87,9.09,8.78,8.95,79162155,925519044.0
2017-09-07,8.91,8.99,8.72,8.75,61418724,711036421.0
2017-09-08,8.77,8.91,8.71,8.79,48127615,553644520.0
2017-09-11,8.83,8.95,8.65,8.71,69947275,801825015.0
2017-09-12,8.71,8.83,8.62,8.83,84618342,962032172.0
2017-09-13,8.79,8.83,8.68,8.75,66823742,765028185.0
2017-09-14,8.75,8.87,8.6,8.66,88308777,1005775578.0
2017-09-15,8.64,8.66,8.53,8.64,64609481,726061100.0
2017-09-18,8.61,8.66,8.57,8.61,60761296,684223023.0
2017-09-19,8.61,8.68,8.48,8.52,76421262,853816000.0
2017-09-20,8.52,8.7,8.46,8.64,78715469,884640964.0
2017-09-21,8.62,8.81,8.57,8.77,69240793,788605301.0
2017-09-22,8.75,8.82,8.65,8.75,59392762,677622490.0
2017-09-25,8.75,8.76,8.56,8.64,53239104,602270303.0
2017-09-26,8.62,8.65,8.39,8.46,96746090,1074228194.0
2017-09-27,8.43,8.48,8.34,8.36,72718820,798377280.0
2017-09-28,8.4,8.4,8.28,8.33,51722002,563485127.0
2017-09-29,8.36,8.54,8.31,8.5,68228010,753852535.0
2017-10-09,8.85,8.91,8.62,8.65,132522731,1520609512.0
2017-10-10,8.67,8.8,8.67,8.78,74792530,853665849.0
2017-10-11,8.78,8.86,8.68,8.82,65807758,756203405.0
2017-10-12,8.83,8.86,8.78,8.84,57806531,667148378.0
2017-10-13,8.85,8.85,8.61,8.69,73737596,839662735.0
2017-10-16,8.69,8.88,8.64,8.87,103625064,1190724205.0
2017-10-17,8.89,8.91,8.78,8.81,50637234,585333998.0
2017-10-18,8.82,8.95,8.81,8.95,87136536,1011050928.0
2017-10-19,8.91,8.97,8.85,8.9,72276482,841546799.0
2017-10-20,8.87,8.87,8.73,8.78,46180808,529747048.0
2017-10-23,8.72,8.72,8.53,8.56,107446502,1206888282.0
2017-10-24,8.57,8.74,8.56,8.72,61887194,700896872.0
2017-10-25,8.69,8.7,8.61,8.62,41857360,472708178.0
2017-10-26,8.61,8.66,8.51,8.56,92899607,1041707023.0
2017-10-27,8.56,8.85,8.56,8.85,136008642,1548543732.0
2017-10-30,8.84,8.98,8.76,8.85,127824694,1484495473.0
2017-10-31,8.84,8.86,8.72,8.83,62749138,721237474.0
2017-11-01,8.85,8.87,8.66,8.72,69261790,792881043.0
2017-11-02,8.69,8.86,8.62,8.83,60430848,689229874.0
2017-11-03,8.79,8.94,8.69,8.72,74334322,852032108.0
2017-11-06,8.74,8.74,8.49,8.63,102990281,1157303986.0
2017-11-07,8.62,9.25,8.61,9.12,247716326,2914269160.0
2017-11-08,9.18,9.63,9.13,9.28,426282573,5199224277.0
2017-11-09,9.34,9.62,9.3,9.44,229528934,2839861735.0
2017-11-10,9.47,9.6,9.3,9.41,175755227,2167126598.0
2017-11-13,9.45,10.02,9.45,9.87,256690623,3307955289.0
2017-11-14,9.91,10.15,9.8,9.91,178030247,2318092534.0
2017-11-15,9.87,10.05,9.77,9.87,126305227,1627912725.0
2017-11-16,9.87,10.04,9.7,10.02,120081480,1550701791.0
2017-11-17,10.08,10.3,9.97,10.09,206414972,2731215934.0
2017-11-20,10.05,10.9,9.99,10.9,284392582,3860145473.0
2017-11-21,10.77,11.32,10.72,11.06,249532781,3609849025.0
2017-11-22,11.08,11.66,11.08,11.55,257023146,3839501154.0
2017-11-23,11.59,11.66,10.77,10.98,242914214,3562843400.0
2017-11-24,10.93,11.16,10.54,11.14,263018967,3732597276.0
2017-11-27,10.94,10.94,10.52,10.66,206408533,2878491901.0
2017-11-28,10.6,10.6,10.25,10.48,176643250,2396540133.0
2017-11-29,10.51,10.66,10.31,10.58,156409493,2148312655.0
2017-11-30,10.48,10.51,10.15,10.24,137963571,1866700885.0
2017-12-01,10.25,10.32,9.92,9.95,178493315,2354299657.0
2017-12-04,9.99,10.23,9.95,10.18,145402345,1923315713.0
2017-12-05,10.06,10.32,10.02,10.18,172368132,2301867654.0
2017-12-06,10.15,10.15,9.79,10.01,161984496,2104168537.0
2017-12-07,9.99,10.05,9.76,9.82,118195784,1526953344.0
2017-12-08,9.86,10.02,9.76,10.02,135131504,1751423113.0
2017-12-11,10.01,10.38,9.86,10.33,226195273,2980735572.0
2017-12-12,10.25,10.32,9.96,9.96,174340579,2302354902.0
2017-12-13,9.95,10.1,9.86,10.05,128924811,1679022036.0
2017-12-14,10.06,10.19,9.88,9.95,100199798,1311131918.0
2017-12-15,9.87,9.89,9.7,9.73,109995250,1405372004.0
2017-12-18,9.74,9.88,9.67,9.76,80546452,1029422753.0
2017-12-19,9.79,10.19,9.75,10.16,239794295,3138687566.0
2017-12-20,10.1,10.19,10.05,10.15,110624507,1463802117.0
2017-12-21,10.09,10.47,10.07,10.36,148520344,2005617684.0
2017-12-22,10.33,10.43,10.29,10.35,74290095,1004525769.0
2017-12-25,10.35,10.61,10.07,10.14,158556718,2145040658.0
2017-12-26,10.15,10.48,10.09,10.45,112368845,1510826264.0
2017-12-27,10.39,10.54,10.09,10.17,136656673,1848165006.0
2017-12-28,10.16,10.3,9.96,10.11,155303047,2052944539.0
2017-12-29,10.11,10.28,10.02,10.18,98291553,1303222040.0
2018-01-02,10.22,10.66,10.19,10.48,208159255,2856543822.0
2018-01-03,10.51,10.61,10.1,10.2,296249838,4006220767.0
2018-01-04,10.19,10.23,10.05,10.14,185450948,2454543516.0
2018-01-05,10.11,10.22,10.06,10.18,121031272,1603289518.0
2018-01-08,10.14,10.17,9.84,9.92,215862081,2806099170.0
2018-01-09,9.92,10.1,9.89,10.01,134434509,1754315792.0
2018-01-10,9.98,10.32,9.89,10.31,240327736,3196055831.0
2018-01-11,10.26,10.4,10.15,10.25,144387781,1937494294.0
2018-01-12,10.29,10.47,10.26,10.37,135399140,1833435672.0
2018-01-15,10.34,10.97,10.33,10.87,312239448,4376707089.0
2018-01-16,10.84,11.0,10.73,10.87,244454900,3479177087.0
2018-01-17,10.97,11.33,10.87,10.89,265629401,3849312882.0
2018-01-18,11.02,11.26,10.93,11.26,214802680,3120455742.0
2018-01-19,11.33,11.58,11.23,11.33,257114669,3832857440.0
2018-01-22,11.17,11.43,11.04,11.05,207386714,3032799070.0
2018-01-23,10.99,11.4,10.97,11.21,238879170,3492462006.0
2018-01-24,11.22,11.54,11.1,11.2,259129212,3838734923.0
2018-01-25,11.06,11.07,10.71,10.87,236998459,3360822345.0
2018-01-26,10.85,10.97,10.73,10.75,203298865,2885104627.0
2018-01-29,10.75,10.9,10.41,10.51,209054668,2911452095.0
2018-01-30,10.48,10.59,10.37,10.45,109473986,1497708873.0
2018-01-31,10.41,10.75,10.35,10.75,174772914,2423104767.0
2018-02-01,10.67,10.94,10.59,10.74,200561475,2821583609.0
2018-02-02,10.64,10.79,10.43,10.75,117651271,1637619618.0
2018-02-05,10.56,11.15,10.51,11.13,233199790,3326355315.0
2018-02-06,10.89,10.97,10.66,10.71,258287204,3641294710.0
2018-02-07,10.88,10.94,9.76,9.89,334571697,4521586590.0
2018-02-08,9.82,9.89,9.59,9.6,213781506,2711464886.0
2018-02-09,9.24,9.24,8.71,8.95,282494975,3308553502.0
2018-02-12,9.01,9.06,8.85,8.97,122878244,1439644312.0
2018-02-13,9.08,9.34,9.06,9.14,129817869,1562420005.0
2018-02-14,9.15,9.21,9.0,9.18,86419024,1030474410.0
2018-02-22,9.37,9.59,9.37,9.53,126840607,1573562576.0
2018-02-23,9.63,9.79,9.53,9.65,101366320,1278185722.0
2018-02-26,9.77,9.83,9.53,9.66,104575874,1318960464.0
2018-02-27,9.67,9.72,9.33,9.4,128586906,1590018492.0
2018-02-28,9.26,9.33,9.13,9.22,121414559,1463313703.0
2018-03-01,9.12,9.3,9.11,9.21,88695718,1069354491.0
2018-03-02,9.12,9.21,9.07,9.14,66312416,791736473.0
2018-03-05,9.13,9.24,9.03,9.08,75418313,897244265.0
2018-03-06,9.14,9.27,9.01,9.26,115016249,1373438383.0
2018-03-07,9.3,9.44,9.21,9.22,142757032,1744085270.0
2018-03-08,9.22,9.3,9.14,9.27,68975503,832153697.0
2018-03-09,9.3,9.34,9.17,9.25,94387697,1139043575.0
2018-03-12,9.3,9.31,9.14,9.21,126870132,1526643479.0
2018-03-13,9.21,9.35,9.18,9.2,108226732,1309543467.0
2018-03-14,9.17,9.18,9.05,9.12,63559413,757090756.0
2018-03-15,9.02,9.07,8.92,8.96,115569473,1356878634.0
2018-03-16,8.97,9.07,8.91,8.91,96298338,1130784171.0
2018-03-19,8.92,9.06,8.88,9.05,80853872,947664744.0
2018-03-20,8.98,9.09,8.97,9.04,77615002,916858476.0
2018-03-21,9.14,9.27,9.07,9.11,144510951,1736437401.0
2018-03-22,9.11,9.16,8.89,8.92,98427842,1155741056.0
2018-03-23,8.61,8.69,8.36,8.68,182569075,2037734400.0
2018-03-26,8.53,8.57,8.31,8.36,138359851,1519435011.0
2018-03-27,8.49,8.55,8.31,8.37,110393361,1213989931.0
2018-03-28,8.3,8.52,8.26,8.33,109902339,1201023442.0
2018-03-29,8.36,8.55,8.07,8.46,133060238,1445281830.0
2018-03-30,8.45,8.46,8.33,8.34,75217368,823438181.0
2018-04-02,8.32,8.41,8.19,8.2,110931643,1200911980.0
2018-04-03,8.11,8.16,8.04,8.08,89074565,942237801.0
2018-04-04,8.17,8.43,8.11,8.32,160248873,1737258898.0
2018-04-09,8.26,8.49,8.21,8.43,107479576,1180084372.0
2018-04-10,8.43,8.77,8.39,8.74,139095079,1562265090.0
2018-04-11,8.72,9.12,8.71,9.05,209597045,2458982163.0
2018-04-12,9.03,9.05,8.74,8.82,117312818,1364675848.0
2018-04-13,8.91,9.02,8.76,8.85,130025597,1516155527.0
2018-04-16,8.78,8.78,8.44,8.49,142707281,1593706086.0
2018-04-17,8.51,8.76,8.5,8.58,130189172,1468159350.0
2018-04-18,8.76,8.88,8.63,8.8,147584533,1692722924.0
2018-04-19,8.82,8.95,8.74,8.78,84913183,979593565.0
2018-04-20,8.81,8.86,8.57,8.69,95869066,1090801311.0
2018-04-23,8.65,8.88,8.62,8.85,107028935,1228544006.0
2018-04-24,8.9,9.14,8.86,9.08,146109880,1725152198.0
2018-04-25,9.0,9.04,8.9,8.94,73028648,854713249.0
2018-04-26,8.92,8.95,8.65,8.74,87423591,1002483154.0
2018-04-27,8.79,8.81,8.13,8.3,270979568,2958464278.0
2018-05-02,8.39,8.44,8.26,8.33,119052318,1295804421.0
2018-05-03,8.31,8.33,8.09,8.23,128135557,1372765846.0
2018-05-04,8.21,8.29,8.16,8.17,71050952,761302469.0
2018-05-07,8.19,8.29,8.14,8.27,97430967,1046743102.0
2018-05-08,8.29,8.53,8.26,8.43,137330568,1511546681.0
2018-05-09,8.4,8.44,8.33,8.39,62765613,687036874.0
2018-05-10,8.44,8.49,8.35,8.43,55273588,607349997.0
2018-05-11,8.45,8.52,8.39,8.43,77236966,853271167.0
2018-05-14,8.49,8.59,8.44,8.56,103929716,1158064201.0
2018-05-15,8.56,8.56,8.43,8.51,66926144,742590448.0
2018-05-16,8.47,8.47,8.33,8.34,71436208,782694670.0
2018-05-17,8.35,8.37,8.25,8.28,58649438,635675441.0
2018-05-18,8.27,8.39,8.23,8.39,57838477,628250185.0
2018-05-21,8.47,8.5,8.36,8.38,76353357,838750578.0
2018-05-22,8.38,8.4,8.26,8.31,58987185,639815249.0
2018-05-23,8.28,8.28,8.13,8.15,99101629,1058587812.0
2018-05-24,8.16,8.17,8.1,8.12,68815202,730678764.0
2018-05-25,8.12,8.16,8.07,8.1,59333567,629735451.0
2018-05-28,8.1,8.16,8.04,8.1,56940092,602590747.0
2018-05-29,8.1,8.13,7.92,7.94,88949497,930386967.0
2018-05-30,7.87,7.87,7.69,7.71,112444704,1139918753.0
2018-05-31,7.74,7.8,7.67,7.79,98736038,999216333.0
2018-06-01,7.77,7.87,7.71,7.8,59721116,608398867.0
2018-06-04,7.83,7.89,7.77,7.86,59303835,608291978.0
2018-06-05,7.87,7.88,7.74,7.85,65654075,670740302.0
2018-06-06,7.84,7.85,7.73,7.76,71274341,724032796.0
2018-06-07,7.81,8.0,7.79,7.94,126263820,1306425478.0
2018-06-08,7.9,7.9,7.7,7.74,109937982,1114968857.0
2018-06-11,7.7,7.75,7.65,7.68,72137498,724687999.0
2018-06-12,7.68,7.71,7.61,7.7,91330072,914001701.0
2018-06-13,7.68,7.7,7.61,7.61,53058431,530483757.0
2018-06-14,7.61,7.77,7.59,7.71,86639201,872487574.0
2018-06-15,7.71,7.87,7.7,7.78,124870788,1273412999.0
2018-06-19,7.69,7.77,7.51,7.55,156587447,1565756560.0
2018-06-20,7.55,7.61,7.47,7.58,76363731,752950701.0
2018-06-21,7.6,7.68,7.55,7.55,84007077,836014838.0
2018-06-22,7.5,7.55,7.48,7.54,65781851,645752909.0
2018-06-25,7.58,7.59,7.18,7.24,119521260,1154559081.0
2018-06-26,7.19,7.22,6.96,7.16,112415694,1042528544.0
2018-06-27,7.12,7.19,6.91,6.96,104514268,958871648.0
2018-06-28,6.85,6.95,6.79,6.83,111076403,996801235.0
2018-06-29,6.89,6.99,6.86,6.96,67529968,611346089.0
2018-07-02,6.93,6.93,6.54,6.59,131552013,1158545869.0
2018-07-03,6.65,6.66,6.47,6.63,127483857,1096657033.0
2018-07-04,6.6,6.7,6.59,6.59,71115337,617278560.0
2018-07-05,6.6,6.68,6.54,6.58,83576877,722169579.0
2018-07-06,6.59,6.72,6.47,6.63,98828269,852071527.0
2018-07-09,6.65,6.91,6.64,6.91,140995460,1255007610.0
2018-07-10,6.9,6.9,6.8,6.87,89686202,803038965.0
2018-07-11,6.7,6.76,6.64,6.72,85129670,744765825.0
2018-07-12,6.68,6.97,6.67,6.9,114049231,1008658829.0
2018-07-13,6.93,6.95,6.86,6.9,60337821,535401175.0
2018-07-16,6.88,6.92,6.75,6.79,68984558,603427713.0
2018-07-17,6.79,6.8,6.73,6.78,37535633,326396995.0
2018-07-18,6.8,6.88,6.75,6.76,52515277,460697377.0
2018-07-19,6.8,6.85,6.75,6.79,46137239,403674308.0
2018-07-20,6.79,7.15,6.69,7.08,175427740,1576843937.0
2018-07-23,7.03,7.35,7.0,7.32,178168826,1646028021.0
2018-07-24,7.3,7.45,7.25,7.31,142589416,1348746827.0
2018-07-25,7.34,7.36,7.25,7.29,61412281,575752177.0
2018-07-26,7.31,7.37,7.16,7.19,83335815,778429754.0
2018-07-27,7.23,7.28,7.14,7.19,51512603,477527419.0
2018-07-30,7.24,7.38,7.2,7.3,70638597,661767548.0
2018-07-31,7.28,7.38,7.19,7.32,72015080,674484651.0
2018-08-01,7.32,7.38,7.08,7.11,81408168,759282230.0
2018-08-02,7.1,7.11,6.9,6.95,93140128,839272254.0
2018-08-03,6.94,7.07,6.93,6.93,47654662,428641526.0
2018-08-06,6.95,7.08,6.91,6.95,55401008,497906686.0
2018-08-07,6.96,7.13,6.9,7.13,69042319,624359656.0
2018-08-08,7.12,7.12,7.03,7.03,57895316,527526990.0
2018-08-09,7.03,7.27,7.01,7.22,80678377,746469808.0
2018-08-10,7.23,7.24,7.12,7.17,42416836,391366342.0
2018-08-13,7.09,7.12,6.92,7.03,81849112,736947790.0
2018-08-14,7.02,7.03,6.95,7.0,43024036,386334618.0
2018-08-15,7.01,7.01,6.8,6.83,67044285,594759517.0
2018-08-16,6.79,6.91,6.72,6.82,63827255,559523123.0
2018-08-17,6.9,6.95,6.82,6.85,64947656,576683267.0
2018-08-20,6.92,7.01,6.89,7.0,68132206,609934726.0
2018-08-21,7.01,7.2,7.0,7.17,126447447,1163292795.0
2018-08-22,7.18,7.26,7.1,7.22,98243398,909598743.0
2018-08-23,7.23,7.32,7.17,7.28,72907462,680941392.0
2018-08-24,7.24,7.99,7.22,7.8,304040839,2995071977.0
2018-08-27,7.79,8.11,7.75,8.11,221842422,2251527721.0
2018-08-28,8.04,8.11,7.96,8.0,128977724,1331917861.0
2018-08-29,7.97,8.03,7.89,7.98,90188349,923581546.0
2018-08-30,7.98,8.04,7.83,7.87,99491773,1013877514.0
2018-08-31,7.87,8.02,7.85,7.87,131086524,1337898870.0
2018-09-03,7.84,8.01,7.84,7.92,71169567,725303292.0
2018-09-04,7.93,8.2,7.83,8.11,129634208,1339756564.0
2018-09-05,8.01,8.03,7.81,7.81,117945317,1202345698.0
2018-09-06,7.81,7.88,7.73,7.75,71177755,713975749.0
2018-09-07,7.8,7.91,7.72,7.78,80903534,815151723.0
2018-09-10,7.78,7.83,7.65,7.68,63698929,631174170.0
2018-09-11,7.69,7.8,7.62,7.7,71296751,707337570.0
2018-09-12,7.67,7.75,7.63,7.68,56482916,558399563.0
2018-09-13,7.84,7.85,7.65,7.74,99972561,993389970.0
2018-09-14,7.76,7.76,7.62,7.65,61975019,611422480.0
2018-09-17,7.62,7.62,7.52,7.53,51708233,502609644.0
2018-09-18,7.56,7.87,7.54,7.83,112680742,1120867543.0
2018-09-19,7.8,8.04,7.8,7.96,123154877,1257191506.0
2018-09-20,7.98,8.05,7.92,7.95,62034836,636742814.0
2018-09-21,7.97,8.32,7.91,8.29,162451841,1707850488.0
2018-09-25,8.18,8.3,8.15,8.2,97701470,1030715785.0
2018-09-26,8.25,8.49,8.18,8.32,149051343,1600626209.0
2018-09-27,8.28,8.43,8.22,8.35,88036333,942200399.0
2018-09-28,8.38,8.76,8.38,8.59,211024267,2331358289.0
2018-10-08,8.32,8.39,8.12,8.12,168635852,1793455283.0
2018-10-09,8.13,8.32,8.08,8.21,106408426,1117946551.0
2018-10-10,8.19,8.29,8.07,8.12,99520008,1045666181.0
2018-10-11,7.81,7.9,7.54,7.66,199514383,1994186612.0
2018-10-12,7.75,8.04,7.67,8.01,151681028,1532651400.0
2018-10-15,8.08,8.14,7.84,7.86,140268530,1443043059.0
2018-10-16,7.88,8.19,7.87,8.06,139692105,1450020371.0
2018-10-17,8.16,8.2,7.88,8.03,135088983,1400306336.0
2018-10-18,8.0,8.0,7.82,7.84,100115605,1015654822.0
2018-10-19,7.73,8.38,7.71,8.36,208366732,2173571255.0
2018-10-22,8.4,8.91,8.38,8.67,264554312,2932714471.0
2018-10-23,8.71,8.72,8.34,8.43,160254592,1759265959.0
2018-10-24,8.47,8.81,8.39,8.58,182942464,2026171912.0
2018-10-25,8.39,8.78,8.32,8.78,168501136,1855823739.0
2018-10-26,8.78,8.79,8.52,8.69,129997510,1448843512.0
2018-10-29,8.71,8.74,8.25,8.36,159162878,1725932498.0
2018-10-30,8.38,8.61,8.34,8.47,150182786,1641371787.0
2018-10-31,8.51,8.54,8.36,8.48,115268379,1252156776.0
2018-11-01,8.54,8.59,8.36,8.42,154277632,1679443450.0
2018-11-02,8.58,8.67,8.42,8.62,221292287,2439179136.0
2018-11-05,8.51,8.58,8.41,8.49,129192417,1409457171.0
2018-11-06,8.45,8.5,8.34,8.43,73572574,795322638.0
2018-11-07,8.42,8.51,8.36,8.4,78559741,851487054.0
2018-11-08,8.46,8.53,8.41,8.46,79397600,864744243.0
2018-11-09,8.32,8.34,8.08,8.2,162926917,1716198383.0
2018-11-12,8.13,8.22,8.07,8.21,92033388,965756504.0
2018-11-13,8.09,8.28,8.07,8.19,107249762,1126736143.0
2018-11-14,8.18,8.2,8.1,8.11,77423985,810357748.0
2018-11-15,8.11,8.27,8.1,8.25,90146198,949991801.0
2018-11-16,8.25,8.33,8.15,8.22,105959259,1123173219.0
2018-11-19,8.22,8.46,8.22,8.43,136088709,1466899417.0
2018-11-20,8.36,8.39,8.18,8.22,103387753,1099654683.0
2018-11-21,8.16,8.29,8.15,8.25,66615733,705638355.0
2018-11-22,8.29,8.29,8.15,8.2,50026785,527103281.0
2018-11-23,8.18,8.22,8.01,8.02,70035815,730667665.0
2018-11-26,8.04,8.13,8.01,8.04,51656911,535963343.0
2018-11-27,8.04,8.08,7.9,7.91,73344838,752824120.0
2018-11-28,7.9,8.01,7.9,7.99,53775145,550820247.0
2018-11-29,8.04,8.08,7.92,7.93,48528405,499068827.0
2018-11-30,7.94,8.05,7.9,8.05,59471532,610571533.0
2018-12-03,8.23,8.29,8.14,8.23,106409717,1126374830.0
2018-12-04,8.22,8.25,8.18,8.23,53481305,565743745.0
2018-12-05,8.15,8.17,8.08,8.12,58154527,608133290.0
2018-12-06,8.05,8.06,7.95,7.97,57886648,594649683.0
2018-12-07,8.01,8.08,7.98,7.99,34021615,351101370.0
2018-12-10,7.94,7.98,7.87,7.9,49481887,504040654.0
2018-12-11,7.94,7.97,7.9,7.95,29908962,305389210.0
2018-12-12,8.01,8.02,7.93,7.96,36637903,375402864.0
2018-12-13,7.97,8.15,7.93,8.08,79084521,819920689.0
2018-12-14,8.04,8.04,7.9,7.9,52667513,539263012.0
2018-12-17,7.9,8.03,7.85,8.0,57127487,584679512.0
2018-12-18,7.93,8.02,7.85,7.87,53774430,547157563.0
2018-12-19,7.88,7.91,7.69,7.73,59800701,600090171.0
2018-12-20,7.71,7.75,7.48,7.55,99028479,964202861.0
2018-12-21,7.52,7.54,7.25,7.35,100061676,944460332.0
2018-12-24,7.31,7.35,7.24,7.32,50911767,477186905.0
2018-12-25,7.22,7.33,7.16,7.26,58661545,545235608.0
2018-12-26,7.27,7.32,7.21,7.23,42114060,393215141.0
2018-12-27,7.35,7.38,7.21,7.21,62459327,586343755.0
2018-12-28,7.24,7.35,7.24,7.29,57660400,541571005.0
2019-01-02,7.3,7.32,7.12,7.14,53938632,498695110.0
2019-01-03,7.14,7.25,7.11,7.21,41553795,384457708.0
2019-01-04,7.18,7.63,7.17,7.58,148115906,1422149888.0
2019-01-07,7.65,7.66,7.48,7.57,86568766,841166431.0
2019-01-08,7.56,7.57,7.48,7.51,40238811,389247796.0
2019-01-09,7.57,7.83,7.54,7.73,123348636,1229465117.0
2019-01-10,7.67,7.93,7.66,7.85,107181766,1079711036.0
2019-01-11,7.86,7.94,7.81,7.93,69636455,708001802.0
2019-01-14,7.94,7.97,7.83,7.86,50044359,507862882.0
2019-01-15,7.86,7.99,7.84,7.96,54216055,553027310.0
2019-01-16,7.96,8.16,7.95,8.15,97769937,1017495116.0
2019-01-17,8.19,8.22,7.9,7.97,88281192,910212066.0
2019-01-18,8.04,8.15,7.99,8.11,73879326,769973638.0
2019-01-21,8.04,8.14,8.02,8.04,65935576,684465646.0
2019-01-22,8.04,8.11,7.97,7.99,42441357,438991450.0
2019-01-23,8.0,8.14,8.0,8.04,53787663,559384396.0
2019-01-24,8.08,8.2,8.06,8.18,67924088,711495718.0
2019-01-25,8.21,8.58,8.2,8.55,210836185,2299718225.0
2019-01-28,8.58,8.66,8.46,8.5,103590980,1141853834.0
2019-01-29,8.52,8.6,8.37,8.55,82663110,904847854.0
2019-01-30,8.51,8.69,8.44,8.51,71200101,785204572.0
2019-01-31,8.53,8.71,8.5,8.63,83162275,922602875.0
2019-02-01,8.71,8.74,8.52,8.71,101427007,1127216186.0
2019-02-11,8.61,8.71,8.53,8.71,80193663,889951529.0
2019-02-12,8.71,8.79,8.57,8.7,95993690,1071873085.0
2019-02-13,8.7,8.87,8.64,8.85,113736574,1280182097.0
2019-02-14,8.78,8.81,8.7,8.74,86918519,977818098.0
2019-02-15,8.73,8.73,8.47,8.51,110012746,1213914429.0
2019-02-18,8.59,8.83,8.58,8.83,125552221,1408279680.0
2019-02-19,8.83,9.03,8.74,8.76,127088204,1445281383.0
2019-02-20,8.81,8.96,8.74,8.87,83262987,949430820.0
2019-02-21,8.85,8.98,8.77,8.83,75424648,860591071.0
2019-02-22,8.82,8.99,8.67,8.97,118404779,1343020336.0
2019-02-25,9.09,9.82,8.99,9.75,282493502,3415946860.0
2019-02-26,9.75,9.77,9.44,9.48,201754493,2485673357.0
2019-02-27,9.51,9.84,9.44,9.64,197901388,2454404412.0
2019-02-28,9.67,9.8,9.54,9.61,111309980,1383110811.0
2019-03-01,9.7,9.93,9.48,9.92,171267916,2137669557.0
2019-03-04,9.87,10.4,9.81,10.1,245683039,3195011703.0
2019-03-05,10.03,10.33,9.98,10.15,140842222,1838251657.0
2019-03-06,10.15,10.22,9.98,10.17,124576020,1614670975.0
2019-03-07,10.15,10.15,9.75,9.9,178205731,2274151007.0
2019-03-08,9.71,9.87,9.52,9.56,177816210,2214572417.0
2019-03-11,9.56,9.71,9.37,9.58,115765077,1416000380.0
2019-03-12,9.71,9.82,9.51,9.61,141179492,1757797251.0
2019-03-13,9.59,9.75,9.43,9.61,126942716,1568387544.0
2019-03-14,9.58,9.81,9.54,9.66,105746790,1316372926.0
2019-03-15,9.59,9.86,9.59,9.72,104540603,1311323009.0
2019-03-18,9.74,10.06,9.58,10.03,148645480,1882483634.0
2019-03-19,10.04,10.06,9.8,9.94,95719646,1221118294.0
2019-03-20,9.86,10.01,9.81,9.91,92999638,1185477059.0
2019-03-21,9.93,9.95,9.78,9.86,86014080,1092506483.0
2019-03-22,9.86,9.9,9.72,9.79,71350206,898629417.0
2019-03-25,9.64,9.64,9.4,9.41,117988326,1445560160.0
2019-03-26,9.51,9.55,9.33,9.4,93539327,1136721267.0
2019-03-27,9.51,9.69,9.47,9.62,92282680,1138302657.0
2019-03-28,9.57,9.57,9.4,9.5,73246744,892530627.0
2019-03-29,9.53,9.96,9.49,9.96,166950647,2108295394.0
2019-04-01,9.97,10.53,9.97,10.24,195140119,2588268669.0
2019-04-02,10.32,10.48,10.28,10.38,110038404,1466040987.0
2019-04-03,10.27,10.45,10.22,10.45,79291579,1056166232.0
2019-04-04,10.44,10.88,10.44,10.77,203436500,2796366353.0
2019-04-08,10.8,11.22,10.66,10.85,174317620,2464536241.0
2019-04-09,10.78,10.87,10.69,10.73,78133238,1080549202.0
2019-04-10,10.69,10.79,10.42,10.67,94713506,1289475602.0
2019-04-11,10.67,10.85,10.49,10.52,65535662,897382236.0
2019-04-12,10.49,10.56,10.27,10.43,77432464,1035139674.0
2019-04-15,10.66,10.95,10.62,10.64,153389068,2134708982.0
2019-04-16,10.63,11.33,10.53,11.33,237937518,3379550307.0
2019-04-17,11.21,11.34,11.06,11.15,100410987,1443493493.0
2019-04-18,11.11,11.17,10.97,11.15,50704530,721908801.0
2019-04-19,11.23,11.5,11.11,11.45,124603609,1814875937.0
2019-04-22,11.35,11.53,10.94,11.0,132227390,1899850004.0
2019-04-23,10.96,11.04,10.86,10.94,94068734,1326465625.0
2019-04-24,11.23,11.35,11.01,11.22,194972363,2811131027.0
2019-04-25,11.18,11.38,10.98,10.98,111147637,1597895217.0
2019-04-26,10.94,11.08,10.65,10.72,100942124,1407987366.0
2019-04-29,10.8,11.14,10.77,10.96,103069575,1450714134.0
2019-04-30,10.87,10.92,10.56,10.77,111657027,1542958578.0
2019-05-06,10.18,10.38,9.88,10.0,210866784,2742409411.0
2019-05-07,10.13,10.17,9.89,10.07,107265841,1386247079.0
2019-05-08,9.89,10.03,9.72,9.79,97545081,1236655983.0
2019-05-09,9.73,9.78,9.37,9.45,155715161,1904905489.0
2019-05-10,9.59,9.91,9.4,9.86,119239908,1489975625.0
2019-05-13,9.58,9.75,9.51,9.56,74191779,916213719.0
2019-05-14,9.48,9.91,9.45,9.71,118259819,1477008363.0
2019-05-15,9.78,10.19,9.77,10.04,110398851,1417050113.0
2019-05-16,10.05,10.1,9.93,9.99,63490143,816740932.0
2019-05-17,10.04,10.05,9.61,9.67,96500085,1208569910.0
2019-05-20,9.6,9.75,9.52,9.62,78643518,971222474.0
2019-05-21,9.64,9.89,9.61,9.76,73121051,919191241.0
2019-05-22,9.77,9.77,9.58,9.64,50623072,628437470.0
2019-05-23,9.51,9.65,9.44,9.55,66685543,817850530.0
2019-05-24,9.6,9.68,9.57,9.6,49552620,613106248.0
2019-05-27,9.49,9.65,9.27,9.61,104842598,1275632724.0
2019-05-28,9.57,9.75,9.53,9.71,88070312,1094063186.0
2019-05-29,9.61,9.79,9.53,9.64,66641150,827828661.0
2019-05-30,9.58,9.62,9.41,9.5,64628465,787801007.0
2019-05-31,9.45,9.64,9.41,9.47,68679439,839375710.0
2019-06-03,9.5,9.58,9.19,9.25,151271905,1816591877.0
2019-06-04,9.24,9.28,9.02,9.21,97465534,1147709578.0
2019-06-05,9.3,9.44,9.26,9.3,74889231,899331716.0
2019-06-06,9.3,9.38,9.24,9.26,43366526,519425127.0
2019-06-10,9.33,9.69,9.31,9.59,114466882,1404223620.0
2019-06-11,9.59,9.89,9.56,9.83,125108751,1574105212.0
2019-06-12,9.82,9.84,9.67,9.77,65731018,825178004.0
2019-06-13,9.75,9.86,9.66,9.79,53000026,666277696.0
2019-06-14,9.79,9.86,9.68,9.71,48319173,606815214.0
2019-06-17,9.7,9.94,9.7,9.85,61981588,786223581.0
2019-06-18,9.85,9.99,9.79,9.95,48355512,616237572.0
2019-06-19,10.33,10.41,10.11,10.16,114322639,1504997838.0
2019-06-20,10.24,10.84,10.2,10.73,152919147,2083209239.0
2019-06-21,10.7,10.78,10.56,10.6,101112915,1384099587.0
2019-06-24,10.64,10.75,10.58,10.64,65957285,904433349.0
2019-06-25,10.66,10.66,10.16,10.44,146922707,1954855786.0
2019-06-26,10.43,10.61,10.36,10.51,54650476,731207283.0
2019-06-27,10.61,10.88,10.57,10.77,92507494,1270042461.0
2019-06-28,10.79,10.84,10.67,10.83,49809369,682679970.0
2019-07-01,11.01,11.14,10.9,10.95,96063600,1347792875.0
2019-07-02,10.91,11.19,10.89,11.14,105274486,1481211353.0
2019-07-03,11.14,11.17,10.9,11.01,76907849,1076744401.0
2019-07-04,11.01,11.22,10.91,10.99,62129252,873624287.0
2019-07-05,10.96,10.98,10.76,10.94,74919609,1037357176.0
2019-07-08,10.86,10.91,10.57,10.68,77841390,1061095713.0
2019-07-09,10.71,10.77,10.56,10.68,49429611,670391721.0
2019-07-10,10.69,10.76,10.6,10.65,35822079,487071877.0
2019-07-11,10.75,10.83,10.63,10.64,48418314,660588300.0
2019-07-12,10.69,11.18,10.67,11.09,146536652,2055749882.0
2019-07-15,11.02,11.09,10.87,11.0,84128276,1175798105.0
2019-07-16,10.98,10.99,10.77,10.8,72278079,998151579.0
2019-07-17,10.76,10.85,10.69,10.76,41002063,561944452.0
2019-07-18,10.73,10.85,10.65,10.74,42282622,578067488.0
2019-07-19,10.8,11.06,10.75,10.99,86639070,1207316527.0
2019-07-22,10.97,11.02,10.81,10.88,58228330,807249426.0
2019-07-23,10.89,10.9,10.73,10.81,50400423,692328448.0
2019-07-24,10.9,11.01,10.84,10.91,57027622,793387782.0
2019-07-25,10.94,11.21,10.88,11.16,108782641,1534889646.0
2019-07-26,11.14,11.2,11.06,11.18,63530571,901074108.0
2019-07-29,11.2,11.35,11.14,11.23,71557619,1023261763.0
2019-07-30,11.24,11.43,11.23,11.29,79663432,1148582413.0
2019-07-31,11.24,11.25,11.06,11.1,63472348,899227866.0
2019-08-01,11.05,11.15,10.95,11.08,52798128,742308285.0
2019-08-02,10.82,10.91,10.73,10.8,96992646,1333400774.0
2019-08-05,10.69,10.72,10.43,10.49,89308242,1201885399.0
2019-08-06,10.29,10.58,10.24,10.51,88249913,1166971469.0
2019-08-07,10.6,10.72,10.51,10.64,79303899,1070736944.0
2019-08-08,10.92,11.39,10.88,11.3,233071504,3313302100.0
2019-08-09,11.43,11.67,11.34,11.41,206057513,3021884306.0
2019-08-12,11.48,11.88,11.47,11.88,273342547,4084497903.0
2019-08-13,11.79,11.85,11.58,11.7,129373644,1925835288.0
2019-08-14,11.9,11.96,11.63,11.76,136054654,2038261152.0
2019-08-15,11.5,11.75,11.47,11.74,89737626,1333117726.0
2019-08-16,11.86,11.9,11.61,11.71,98690293,1474900258.0
2019-08-19,11.72,11.74,11.41,11.72,229295613,3368207935.0
2019-08-20,11.72,11.94,11.61,11.78,192104150,2872304201.0
2019-08-21,11.68,11.7,11.3,11.35,199013195,2902251101.0
2019-08-22,11.31,11.35,11.16,11.24,135307158,1935208499.0
2019-08-23,11.29,11.58,11.28,11.51,163686768,2388239081.0
2019-08-26,11.33,11.39,11.12,11.2,141512254,2018498040.0
2019-08-27,11.28,11.38,11.19,11.24,135671337,1948127123.0
2019-08-28,11.2,11.22,11.04,11.21,82965768,1176329096.0
2019-08-29,11.17,11.19,11.06,11.1,60903434,861177482.0
2019-08-30,11.23,11.31,11.08,11.13,79850057,1136119660.0
2019-09-02,11.12,11.39,11.09,11.35,136020130,1955673137.0
2019-09-03,11.38,11.4,11.2,11.24,85865365,1230606485.0
2019-09-04,11.25,11.39,11.24,11.35,97396487,1404037296.0
2019-09-05,11.44,11.67,11.43,11.46,176805143,2599478259.0
2019-09-06,11.56,11.64,11.49,11.64,98643280,1451264913.0
2019-09-09,11.77,11.79,11.47,11.54,129983914,1918042304.0
2019-09-10,11.47,11.5,11.32,11.43,79687064,1155180739.0
2019-09-11,11.47,11.56,11.36,11.44,81861421,1192674259.0
2019-09-12,11.52,11.61,11.42,11.53,115068764,1682911850.0
2019-09-16,11.55,11.57,11.31,11.35,92989414,1349401481.0
2019-09-17,11.28,11.35,11.14,11.19,88265575,1261416554.0
2019-09-18,11.19,11.38,11.19,11.32,82043633,1179079988.0
2019-09-19,11.38,11.7,11.38,11.66,188402083,2777383508.0
2019-09-20,11.75,12.1,11.73,12.05,264428514,4020646522.0
2019-09-23,12.05,12.16,11.93,12.08,140328200,2148740449.0
2019-09-24,12.16,12.21,11.93,11.93,112910324,1726238273.0
2019-09-25,11.94,12.45,11.94,12.38,193889272,3024598931.0
2019-09-26,12.46,12.6,12.3,12.34,168659258,2673096951.0
2019-09-27,12.45,12.57,12.34,12.49,100770627,1598567052.0
2019-09-30,12.38,12.49,12.23,12.25,104636317,1645828527.0
2019-10-08,12.26,12.75,12.26,12.73,138667636,2225024599.0
2019-10-09,12.65,12.98,12.59,12.77,131669341,2145061763.0
2019-10-10,12.78,12.78,12.56,12.76,87974662,1418751876.0
2019-10-11,12.73,13.32,12.73,13.21,140542282,2335030599.0
2019-10-14,13.33,13.83,13.29,13.53,155763745,2688929547.0
2019-10-15,13.55,13.63,13.22,13.5,88195542,1503633369.0
2019-10-16,13.56,13.7,13.07,13.19,126767121,2146150627.0
2019-10-17,13.28,13.36,13.0,13.12,112618222,1887045621.0
2019-10-18,13.2,13.39,12.91,12.97,119679914,1999012672.0
2019-10-21,12.91,13.33,12.91,13.27,94595225,1589276086.0
2019-10-22,13.29,13.3,12.6,12.9,188353143,3072547166.0
2019-10-23,12.82,13.1,12.75,12.93,96753459,1590781972.0
2019-10-24,12.96,13.36,12.92,13.26,110921477,1861032918.0
2019-10-25,13.18,13.33,13.03,13.26,69143576,1161100080.0
2019-10-28,13.34,13.39,12.95,13.09,107013113,1780873358.0
2019-10-29,13.11,13.3,13.01,13.29,78886473,1322036352.0
2019-10-30,13.2,13.33,12.9,12.91,85431717,1420644945.0
2019-10-31,12.9,12.94,12.76,12.78,86256930,1407006435.0
2019-11-01,12.85,13.36,12.79,13.25,125465544,2096068961.0
2019-11-04,13.34,13.55,13.18,13.29,88982425,1507910819.0
2019-11-05,13.2,13.7,13.19,13.48,117248589,2010924200.0
2019-11-06,13.4,13.56,13.26,13.33,86332536,1470233503.0
2019-11-07,13.3,13.41,13.16,13.27,71189699,1200671649.0
2019-11-08,13.34,13.37,13.07,13.08,84913924,1421088326.0
2019-11-11,12.96,12.99,12.73,12.79,95351563,1556517253.0
2019-11-12,12.8,12.86,12.7,12.83,51626640,840769287.0
2019-11-13,12.8,12.93,12.62,12.83,65512065,1067975601.0
2019-11-14,12.91,12.95,12.77,12.82,46889955,767006342.0
2019-11-15,12.88,13.0,12.76,12.84,56922798,933539572.0
2019-11-18,12.85,13.0,12.75,12.93,55791841,915983936.0
2019-11-19,12.93,12.95,12.82,12.89,56212040,920998203.0
2019-11-20,12.81,12.81,12.39,12.45,172438353,2747598383.0
2019-11-21,12.38,12.47,12.28,12.46,77256324,1218516399.0
2019-11-22,12.49,12.51,12.22,12.25,77347354,1216064538.0
2019-11-25,12.29,12.45,12.21,12.41,78325794,1233388886.0
2019-11-26,12.49,12.49,12.17,12.27,81529753,1271594663.0
2019-11-27,12.29,12.29,12.09,12.16,47616998,736584294.0
2019-11-28,12.16,12.21,12.13,12.17,37801651,585252047.0
2019-11-29,12.21,12.22,11.93,12.01,65386691,1001451096.0
2019-12-02,12.06,12.12,11.97,12.07,55387738,849784129.0
2019-12-03,12.02,12.15,11.95,12.14,45541805,700293549.0
2019-12-04,12.05,12.11,11.95,12.03,52454527,802110334.0
2019-12-05,12.06,12.16,12.02,12.12,55708446,857682576.0
2019-12-06,12.16,12.35,12.15,12.26,71261524,1109423061.0
2019-12-09,12.27,12.27,12.06,12.11,60599289,935135953.0
2019-12-10,12.07,12.08,11.98,12.05,55638388,851377533.0
2019-12-11,12.08,12.32,12.02,12.3,87150519,1351786531.0
2019-12-12,12.3,12.31,12.2,12.26,47899882,747519511.0
2019-12-13,12.45,12.67,12.39,12.67,105310381,1680707282.0
2019-12-16,12.67,12.68,12.47,12.67,78795234,1262802472.0
2019-12-17,12.57,13.07,12.56,12.96,120310490,1969891324.0
2019-12-18,12.91,13.09,12.89,12.93,79709133,1317608543.0
2019-12-19,13.0,13.15,12.92,13.0,67553676,1119925969.0
2019-12-20,13.0,13.11,12.92,13.04,64447838,1067869780.0
2019-12-23,13.11,13.11,12.71,12.76,71579272,1173372081.0
2019-12-24,12.75,12.96,12.75,12.89,45912842,752351618.0
2019-12-25,12.93,13.01,12.76,12.81,41491798,679664597.0
2019-12-26,12.84,12.95,12.82,12.94,37203386,610381758.0
2019-12-27,12.99,13.3,12.91,13.07,104257472,1741473179.0
2019-12-30,12.93,13.07,12.65,13.02,97697031,1603152787.0
2019-12-31,13.02,13.07,12.82,12.93,70444225,1154704349.0
2020-01-02,13.08,13.32,13.0,13.26,153023187,2571196482.0
2020-01-03,13.31,13.6,13.29,13.5,111619481,1914495475.0
2020-01-06,13.37,13.62,13.29,13.41,86208350,1477930193.0
2020-01-07,13.46,13.58,13.32,13.48,72860756,1247047135.0
2020-01-08,13.36,13.4,13.07,13.09,84782412,1423608811.0
2020-01-09,13.21,13.3,12.99,13.19,103163665,1725326806.0
2020-01-10,13.19,13.21,12.98,13.11,58554845,975154819.0
2020-01-13,13.16,13.38,13.05,13.35,87213336,1468271684.0
2020-01-14,13.35,13.57,13.17,13.17,130449366,2217608853.0
2020-01-15,13.19,13.25,12.93,12.98,85943912,1424889228.0
2020-01-16,12.98,13.02,12.73,12.83,102810467,1678888508.0
2020-01-17,12.87,13.0,12.85,12.88,60543669,995909007.0
2020-01-20,12.91,13.05,12.85,12.93,74607475,1226464650.0
2020-01-21,12.84,12.84,12.52,12.57,89660310,1442171432.0
2020-01-22,12.51,12.7,12.34,12.64,71946491,1150933399.0
2020-01-23,12.51,12.51,12.09,12.21,110059207,1723394337.0
2020-02-03,10.99,11.55,10.99,10.99,225919483,3201454165.0
2020-02-04,11.04,11.52,11.02,11.47,170617207,2442932843.0
2020-02-05,11.46,11.7,11.25,11.5,149138021,2177632044.0
2020-02-06,11.64,11.68,11.4,11.61,118581572,1740107625.0
2020-02-07,11.47,11.54,11.32,11.49,92485296,1345053256.0
2020-02-10,11.4,11.42,11.24,11.39,133949524,1931983482.0
2020-02-11,11.47,11.74,11.44,11.62,140750744,2077194139.0
2020-02-12,11.62,11.64,11.47,11.61,107050321,1573229043.0
2020-02-13,11.56,11.69,11.48,11.51,101320528,1491327714.0
2020-02-14,11.59,11.9,11.55,11.81,151243473,2253906452.0
2020-02-17,11.82,12.08,11.73,12.08,154369601,2337993586.0
2020-02-18,12.05,12.05,11.79,11.94,97361235,1478274223.0
2020-02-19,11.86,12.08,11.85,11.97,87410693,1333730219.0
2020-02-20,12.0,12.27,11.86,12.25,123544434,1897923029.0
2020-02-21,12.17,12.35,12.14,12.24,99507102,1546692930.0
2020-02-24,12.15,12.15,11.9,11.97,119179450,1820183855.0
2020-02-25,11.79,11.89,11.61,11.82,114457502,1710369786.0
2020-02-26,11.61,12.0,11.55,11.78,117659915,1769612245.0
2020-02-27,11.75,11.9,11.7,11.87,97527090,1464605739.0
2020-02-28,11.67,11.82,11.36,11.39,130064445,1906892413.0
2020-03-02,11.43,11.75,11.36,11.62,111658066,1647432270.0
2020-03-03,11.75,11.78,11.5,11.57,115358432,1705816272.0
2020-03-04,11.53,11.61,11.4,11.54,86259523,1261123064.0
2020-03-05,11.63,12.29,11.57,12.09,268660234,4089493523.0
2020-03-06,11.93,12.0,11.8,11.81,122853103,1858691259.0
2020-03-09,11.56,11.57,11.33,11.35,166579354,2420392131.0
2020-03-10,11.3,11.67,11.3,11.6,116786497,1709084565.0
2020-03-11,11.61,11.69,11.49,11.54,81438164,1201250682.0
2020-03-12,11.51,11.66,11.42,11.53,98649711,1447436642.0
2020-03-13,10.92,11.46,10.92,11.41,116976580,1669009835.0
2020-03-16,11.35,11.36,10.8,10.8,140620218,1975824191.0
2020-03-17,10.8,10.98,10.32,10.54,117784906,1582506075.0
2020-03-18,10.54,10.65,9.94,9.99,138478437,1816836894.0
2020-03-19,9.96,10.01,9.36,9.61,189145713,2313863663.0
2020-03-20,9.74,9.96,9.63,9.84,157835296,1967487818.0
2020-03-23,9.43,9.7,9.37,9.55,107111364,1300469494.0
2020-03-24,9.74,9.96,9.64,9.91,118020026,1472909400.0
2020-03-25,10.12,10.27,9.98,10.11,113695774,1467534956.0
2020-03-26,10.04,10.48,9.99,10.26,107519243,1408651057.0
2020-03-27,10.41,10.51,10.28,10.33,65301888,861618663.0
2020-03-30,10.1,10.25,10.03,10.17,66173879,852956240.0
2020-03-31,10.25,10.29,10.04,10.06,51337030,662915471.0
2020-04-01,10.1,10.32,10.07,10.13,52083604,676070118.0
2020-04-02,10.02,10.19,9.95,10.19,51836504,663197628.0
2020-04-03,10.07,10.13,9.86,9.91,82534814,1047282400.0
2020-04-07,10.13,10.17,10.07,10.12,87031371,1121200115.0
2020-04-08,10.12,10.15,9.99,10.04,52871614,676604872.0
2020-04-09,10.12,10.13,9.99,10.01,40855377,522027888.0
2020-04-10,10.03,10.2,9.94,10.05,66667495,853689950.0
2020-04-13,9.96,9.99,9.8,9.89,44621440,562008050.0
2020-04-14,9.94,10.1,9.88,10.1,68608687,874856562.0
2020-04-15,10.1,10.16,10.04,10.11,65639640,843649273.0
2020-04-16,10.05,10.05,9.85,9.96,78915498,997623816.0
2020-04-17,10.03,10.25,9.94,10.13,133116477,1713215767.0
2020-04-20,10.1,10.25,10.03,10.21,81845583,1058524019.0
2020-04-21,10.45,10.76,10.45,10.57,212244834,2861879086.0
2020-04-22,10.51,10.54,10.34,10.4,103280274,1368222855.0
2020-04-23,10.4,10.46,10.3,10.4,64698963,855052110.0
2020-04-24,10.35,10.43,10.3,10.4,56600161,747473770.0
2020-04-27,10.45,10.72,10.41,10.61,93682990,1263809737.0
2020-04-28,10.57,10.65,10.43,10.62,77156417,1038718080.0
2020-04-29,10.59,11.08,10.57,11.02,110872239,1541638203.0
2020-04-30,11.02,11.25,10.91,10.95,81954043,1155968238.0
2020-05-06,10.81,10.91,10.69,10.82,100899802,1382727482.0
2020-05-07,10.81,10.81,10.69,10.76,66274923,904349532.0
2020-05-08,10.81,11.02,10.75,10.96,93478170,1297924588.0
2020-05-11,10.94,11.1,10.92,11.0,61286229,859156594.0
2020-05-12,10.96,11.04,10.78,10.84,55851114,772109502.0
2020-05-13,10.8,10.83,10.63,10.71,64035879,871062044.0
2020-05-14,10.65,10.68,10.39,10.45,94467209,1259440848.0
2020-05-15,10.52,10.55,10.32,10.4,75679447,1004313268.0
2020-05-18,10.37,10.48,10.31,10.37,63720857,843479670.0
2020-05-19,10.54,10.57,10.43,10.5,60036864,801755671.0
2020-05-20,10.51,10.7,10.43,10.62,69085107,929928886.0
2020-05-21,10.62,10.66,10.5,10.53,55231200,742797057.0
2020-05-22,10.47,10.48,10.15,10.15,85623733,1119433491.0
2020-05-25,10.19,10.2,10.03,10.18,41017078,528769353.0
2020-05-26,10.23,10.27,10.17,10.25,39621240,515451849.0
2020-05-27,10.25,10.36,10.18,10.21,48296294,630305864.0
2020-05-28,10.28,10.53,10.24,10.44,96076031,1255226999.0
2020-05-29,10.4,10.42,10.32,10.39,45780822,594502124.0
2020-06-01,10.47,10.7,10.45,10.64,88296055,1173619007.0
2020-06-02,10.62,10.89,10.61,10.83,88345888,1194375822.0
2020-06-03,10.9,11.09,10.79,10.82,95680308,1308782295.0
2020-06-04,10.81,10.9,10.72,10.84,58306633,788707630.0
2020-06-05,10.87,10.88,10.73,10.86,38302690,517232136.0
2020-06-08,10.93,11.07,10.85,10.88,58597190,802115792.0
2020-06-09,10.9,10.97,10.81,10.92,47430007,646895835.0
2020-06-10,10.96,10.96,10.71,10.78,58047620,781995749.0
2020-06-11,10.69,10.7,10.39,10.45,134903982,1774199979.0
2020-06-12,10.31,10.4,10.28,10.38,103055057,1331618729.0
2020-06-15,10.27,10.36,10.23,10.25,66031307,850767506.0
2020-06-16,10.31,10.38,10.28,10.3,71805910,927043688.0
2020-06-17,10.3,10.32,10.2,10.27,71646824,918251153.0
2020-06-18,10.2,10.23,10.06,10.2,111964780,1419972017.0
2020-06-19,10.17,10.26,10.08,10.23,153952178,1954584920.0
2020-06-22,10.18,10.2,10.09,10.1,131907979,1671023279.0
2020-06-23,10.11,10.14,10.01,10.07,99080673,1248046647.0
2020-06-24,10.1,10.29,10.07,10.23,152322048,1946329095.0
2020-06-29,10.32,10.36,10.16,10.23,103848006,1330678289.0
2020-06-30,10.25,10.29,10.17,10.23,93794022,1199181601.0
2020-07-01,10.22,10.51,10.18,10.48,169739001,2202800844.0
2020-07-02,10.45,10.78,10.36,10.73,259050119,3433511084.0
2020-07-03,10.84,11.44,10.84,11.39,376833363,5280918011.0
2020-07-06,11.67,12.53,11.66,12.53,471146078,7168653356.0
2020-07-07,13.03,13.29,12.01,12.37,396442747,6267919683.0
2020-07-08,12.17,12.79,12.17,12.59,263133916,4095447757.0
2020-07-09,12.51,12.51,12.23,12.41,224399440,3469517330.0
2020-07-10,12.27,12.37,11.8,11.88,215877326,3254272378.0
2020-07-13,11.75,12.05,11.59,11.9,193716012,2871414845.0
2020-07-14,11.91,12.14,11.63,11.73,195356627,2891773817.0
2020-07-15,11.81,11.88,11.37,11.4,204256283,2947173150.0
2020-07-16,11.43,11.63,11.28,11.31,193089129,2771496391.0
2020-07-17,11.32,11.41,11.15,11.3,129134677,1821043928.0
2020-07-20,11.37,11.8,11.27,11.77,197963200,2872758056.0
2020-07-21,11.73,11.73,11.51,11.58,125286569,1815570301.0
2020-07-22,11.58,11.71,11.4,11.52,131295159,1895447229.0
2020-07-23,11.38,11.42,11.04,11.2,202752587,2838535211.0
2020-07-24,11.16,11.18,10.72,10.79,183088183,2504647111.0
2020-07-27,10.92,10.93,10.47,10.58,188065335,2497551472.0
2020-07-28,10.66,10.73,10.53,10.66,121700599,1618089559.0
2020-07-29,10.67,10.89,10.56,10.82,151958025,2043847473.0
2020-07-30,10.79,10.8,10.68,10.68,96406763,1294444933.0
2020-07-31,10.61,10.81,10.59,10.66,116582191,1559068292.0
2020-08-03,10.76,10.88,10.73,10.86,144509616,1954607257.0
2020-08-04,10.92,11.31,10.77,11.22,244566325,3388510059.0
2020-08-05,11.04,11.07,10.88,11.0,144020313,1980352978.0
2020-08-06,11.04,11.16,10.91,11.11,135251068,1868047342.0
2020-08-07,11.03,11.11,10.88,10.95,98867837,1356305781.0
2020-08-10,10.92,11.2,10.88,11.15,158771035,2208568316.0
2020-08-11,11.16,11.72,11.16,11.29,260330789,3748036828.0
2020-08-12,11.36,11.59,11.31,11.49,159681170,2287731088.0
2020-08-13,11.51,11.56,11.3,11.33,83726175,1190139725.0
2020-08-14,11.27,11.6,11.24,11.56,110321582,1578543607.0
2020-08-17,11.67,12.27,11.63,12.14,326802780,4923669137.0
2020-08-18,12.15,12.23,11.92,12.11,135026107,2033477708.0
2020-08-19,12.08,12.27,11.96,12.07,142092811,2154215097.0
2020-08-20,12.0,12.1,11.61,11.66,133380162,1962605014.0
2020-08-21,11.76,11.76,11.44,11.55,123451733,1787278581.0
2020-08-24,11.59,11.76,11.52,11.56,91944886,1338031969.0
2020-08-25,11.64,11.74,11.56,11.67,74832022,1090756854.0
2020-08-26,11.67,11.68,11.41,11.48,73411772,1057274170.0
2020-08-27,11.51,11.56,11.28,11.56,62666677,895618649.0
2020-08-28,11.4,12.13,11.4,12.09,241040002,3599035695.0
2020-08-31,12.23,12.53,11.98,12.05,179712954,2760350322.0
2020-09-01,11.96,12.17,11.89,12.1,81364258,1228342742.0
2020-09-02,12.0,12.41,12.0,12.24,167938297,2575966638.0
2020-09-03,12.24,12.25,11.86,11.91,127984159,1919266726.0
2020-09-04,11.77,12.04,11.67,11.96,90988999,1353550808.0
2020-09-07,11.89,12.18,11.85,11.94,103137681,1551971381.0
2020-09-08,11.99,12.33,11.99,12.33,140760166,2154220778.0
2020-09-09,12.19,12.43,12.09,12.15,101357247,1554005575.0
2020-09-10,12.24,12.37,12.15,12.26,95709239,1469402768.0
2020-09-11,12.13,12.23,11.84,12.0,95423625,1431844020.0
2020-09-14,12.0,12.23,11.92,12.23,68025105,1027508109.0
2020-09-15,12.15,12.37,12.11,12.27,65713267,1007999044.0
2020-09-16,12.24,12.42,12.15,12.34,72241475,1114667832.0
2020-09-17,12.42,12.56,12.31,12.44,98821563,1543414502.0
2020-09-18,12.48,12.86,12.4,12.84,137319330,2186759088.0
2020-09-21,12.79,12.83,12.55,12.67,89616165,1418370974.0
2020-09-22,12.52,12.66,12.3,12.44,86775631,1354536273.0
2020-09-23,12.46,12.65,12.39,12.49,59920047,939763266.0
2020-09-24,12.46,12.47,12.08,12.08,106101124,1623376201.0
2020-09-25,12.15,12.23,12.08,12.14,61408700,933035044.0
2020-09-28,12.14,12.28,11.97,12.23,61271111,932800766.0
2020-09-29,12.3,12.31,11.8,11.83,118237440,1766848545.0
2020-09-30,11.83,12.2,11.83,12.12,121706482,1838547595.0
2020-10-09,12.23,12.43,12.09,12.13,90042593,1376995907.0
2020-10-12,12.16,12.83,12.15,12.71,159134715,2509002885.0
2020-10-13,12.71,12.87,12.6,12.83,90881948,1453986338.0
2020-10-14,12.82,12.88,12.63,12.81,66256236,1057937816.0
2020-10-15,12.95,13.52,12.91,13.23,160006232,2654379586.0
2020-10-16,13.23,13.88,13.22,13.67,209561419,3589229559.0
2020-10-19,13.83,14.46,13.83,13.97,201610552,3571336006.0
2020-10-20,13.97,14.06,13.79,14.02,96007195,1673173356.0
2020-10-21,14.1,14.38,13.85,14.31,124456018,2204040365.0
2020-10-22,14.34,14.78,13.83,14.03,189051905,3342069011.0
2020-10-23,14.01,15.01,14.01,14.49,169850168,3105623948.0
2020-10-26,14.54,14.62,13.95,14.14,117559865,2085800599.0
2020-10-27,14.38,14.38,13.98,14.19,103486504,1839243225.0
2020-10-28,14.19,14.3,13.82,14.09,120582386,2125604542.0
2020-10-29,14.02,14.33,13.87,14.2,84660362,1498040948.0
2020-10-30,14.18,14.67,14.06,14.18,100780383,1813064343.0
2020-11-02,14.1,14.42,13.85,14.09,96845277,1702741438.0
2020-11-03,14.15,14.66,14.14,14.35,95786863,1727488482.0
2020-11-04,14.66,14.77,14.35,14.64,124763640,2275824963.0
2020-11-05,14.68,14.78,14.02,14.14,142946944,2558562453.0
2020-11-06,14.15,14.18,13.76,14.1,84878153,1486492208.0
2020-11-09,14.12,14.38,14.02,14.26,95142432,1688807402.0
2020-11-10,14.38,14.78,14.33,14.47,102106281,1854142809.0
2020-11-11,14.54,14.62,14.06,14.23,94013007,1677811479.0
2020-11-12,14.23,14.34,13.95,14.11,67725848,1197284181.0
2020-11-13,13.92,13.96,13.34,13.73,128918923,2191492021.0
2020-11-16,13.65,13.93,13.51,13.88,75985693,1308190460.0
2020-11-17,13.89,14.33,13.79,14.25,85293051,1509511578.0
2020-11-18,14.21,14.78,14.18,14.75,137340072,2508632642.0
2020-11-19,14.86,15.17,14.62,15.06,121174062,2270476475.0
2020-11-20,15.05,15.18,14.8,15.07,67391922,1265262916.0
2020-11-23,15.06,15.68,15.02,15.68,116585826,2252290578.0
2020-11-24,15.68,15.73,15.32,15.47,67854323,1313496137.0
2020-11-25,15.57,15.74,15.22,15.23,55258501,1068352014.0
2020-11-26,15.22,15.67,15.21,15.58,63965789,1240074378.0
2020-11-27,15.98,15.98,15.49,15.74,75377374,1479430636.0
2020-11-30,15.9,16.69,15.66,15.78,158144128,3213680470.0
2020-12-01,15.74,16.39,15.5,16.02,126371975,2516010782.0
2020-12-02,15.93,16.03,15.6,15.69,88938529,1758639188.0
2020-12-03,15.81,15.87,15.32,15.62,71445230,1393085021.0
2020-12-04,15.56,15.56,15.16,15.42,89134784,1707639065.0
2020-12-07,15.43,15.5,14.93,15.11,87380661,1655173465.0
2020-12-08,15.12,15.21,14.81,14.95,71964751,1345951734.0
2020-12-09,15.02,15.22,14.93,14.95,67722115,1277484441.0
2020-12-10,14.97,15.09,14.74,14.9,60786655,1130916254.0
2020-12-11,14.95,15.02,14.56,14.8,88779387,1642392314.0
2020-12-14,14.86,15.23,14.78,15.09,83599174,1575396008.0
2020-12-15,15.02,15.06,14.5,14.98,78885794,1458268621.0
2020-12-16,15.02,15.26,14.85,15.19,68907042,1302133815.0
2020-12-17,15.11,15.24,14.86,15.14,68614069,1294658299.0
2020-12-18,15.18,15.26,14.57,14.67,105875636,1959764075.0
2020-12-21,14.62,14.9,14.41,14.61,90687811,1662649810.0
2020-12-22,14.67,14.9,14.29,14.3,102873751,1873638734.0
2020-12-23,14.35,14.44,14.22,14.38,75008273,1345650736.0
2020-12-24,14.5,14.78,14.42,14.59,63295012,1155767284.0
2020-12-25,14.59,14.59,14.22,14.42,57707733,1038128197.0
2020-12-28,14.4,15.07,14.35,15.06,127033706,2352947322.0
2020-12-29,15.08,15.42,14.94,15.32,96309223,1837947238.0
2020-12-30,15.18,15.34,14.96,15.34,97849778,1854082812.0
2020-12-31,15.35,15.65,15.2,15.46,92450343,1781736286.0
2021-01-04,15.26,15.26,14.74,14.86,155421643,2891682312.0
2021-01-05,14.7,14.77,14.22,14.52,182135210,3284606914.0
2021-01-06,14.45,15.63,14.38,15.63,193494512,3648521909.0
2021-01-07,15.6,15.97,15.37,15.9,158418530,3111274625.0
2021-01-08,15.9,16.06,15.43,15.86,119547322,2348316363.0
2021-01-11,15.98,16.49,15.98,16.29,179045714,3652546647.0
2021-01-12,16.29,16.78,16.13,16.78,128816550,2657687441.0
2021-01-13,16.78,16.79,16.3,16.54,104911973,2161849708.0
2021-01-14,16.53,16.69,15.94,16.12,113015562,2306404547.0
2021-01-15,16.78,17.54,16.64,16.78,248068898,5311218075.0
2021-01-18,16.94,18.2,16.94,18.14,215730178,4792909448.0
2021-01-19,17.99,18.25,17.62,17.85,124208834,2790056611.0
2021-01-20,17.7,18.36,17.68,17.96,128079316,2889249850.0
2021-01-21,17.98,18.22,17.7,17.76,94477860,2114252732.0
2021-01-22,17.76,17.76,17.19,17.61,92443442,2025834762.0
2021-01-25,17.36,18.06,17.13,17.97,102836527,2269032821.0
2021-01-26,17.82,18.64,17.82,17.88,112672055,2558575512.0
2021-01-27,17.83,18.76,17.83,18.44,129415272,2976800956.0
2021-01-28,18.2,18.52,17.94,18.23,85747696,1948881147.0
2021-01-29,18.23,18.81,18.15,18.45,124025841,2864101419.0
2021-02-01,18.38,19.97,18.14,19.62,147523930,3529556987.0
2021-02-02,18.68,19.26,18.31,18.6,241616877,5679179942.0
2021-02-03,18.76,20.12,18.68,19.94,192327159,4690176486.0
2021-02-04,19.32,20.17,19.21,19.66,125524750,3084553751.0
2021-02-05,19.66,20.23,19.4,19.92,101557559,2517804160.0
2021-02-08,19.9,19.9,19.26,19.82,108426467,2650948251.0
2021-02-09,19.81,19.85,19.32,19.64,94209355,2302978158.0
2021-02-10,19.66,19.95,18.68,19.04,191886710,4569741960.0
2021-02-18,19.18,19.62,18.76,19.42,150523081,3619387652.0
2021-02-19,19.15,19.33,18.84,19.06,92258314,2197558287.0
2021-02-22,19.02,19.02,17.79,17.88,195684248,4445818548.0
2021-02-23,17.88,18.12,17.44,17.53,187046013,4160776611.0
2021-02-24,17.8,17.8,17.23,17.71,142849985,3144209052.0
2021-02-25,17.9,18.03,17.33,17.65,159340347,3524600794.0
2021-02-26,17.26,17.55,16.95,17.09,112497730,2424653753.0
2021-03-01,17.21,17.33,16.93,17.14,112538653,2408050906.0
2021-03-02,17.28,17.7,16.99,17.3,147342505,3196536981.0
2021-03-03,17.25,18.44,17.15,18.39,191963527,4320024431.0
2021-03-04,18.2,18.77,18.1,18.32,121357937,2799747146.0
2021-03-05,18.14,18.36,17.47,17.85,88017141,1960439115.0
2021-03-08,17.93,18.13,17.17,17.26,99377397,2189190958.0
2021-03-09,17.33,17.52,16.45,16.66,136189533,2882931928.0
2021-03-10,16.65,16.71,16.21,16.3,114941657,2356185004.0
2021-03-11,16.45,17.09,16.43,17.0,104865939,2213107787.0
2021-03-12,17.08,17.34,16.94,17.17,69720060,1494219076.0
2021-03-15,17.1,17.68,16.87,17.26,95874870,2077984894.0
2021-03-16,17.26,17.67,17.0,17.31,93968432,2038470661.0
2021-03-17,17.14,17.22,16.7,16.94,82148865,1738185857.0
2021-03-18,17.02,17.37,16.78,17.37,69161019,1483801549.0
2021-03-19,17.21,17.3,16.28,16.36,152562227,3159181043.0
2021-03-22,16.42,17.22,16.41,17.22,145119008,3087549484.0
2021-03-23,17.24,17.3,16.75,16.97,68290338,1448043613.0
2021-03-24,16.95,17.01,16.34,16.41,85008507,1757688572.0
2021-03-25,16.45,16.65,16.3,16.58,49266574,1017166049.0
2021-03-26,16.65,17.1,16.59,16.89,82210806,1733412579.0
2021-03-29,17.01,17.3,16.94,17.17,78566668,1684397866.0
2021-03-30,17.09,17.53,16.95,17.53,73865481,1601238499.0
2021-03-31,17.4,17.64,17.26,17.59,77702807,1699922184.0
2021-04-01,17.65,17.67,17.18,17.41,54444898,1183868024.0
2021-04-02,17.34,17.37,17.07,17.18,58108352,1249405387.0
2021-04-06,17.22,17.65,17.19,17.33,40110282,873387017.0
2021-04-07,17.49,17.53,17.03,17.29,51760459,1116774452.0
2021-04-08,17.15,17.37,17.05,17.23,38302950,825170841.0
2021-04-09,17.35,17.36,16.85,17.02,39896028,849870878.0
2021-04-12,17.19,17.19,16.49,16.54,59474314,1240067320.0
2021-04-13,16.56,16.69,16.45,16.61,49990418,1036992693.0
2021-04-14,16.61,16.73,16.32,16.52,53743849,1113001542.0
2021-04-15,16.59,16.6,16.05,16.27,73586505,1494016041.0
2021-04-16,16.27,16.33,15.83,16.19,72999826,1466509057.0
2021-04-19,16.01,16.97,15.91,16.9,111228262,2304021478.0
2021-04-20,16.85,17.54,16.72,17.33,83477272,1798249024.0
2021-04-21,17.82,18.53,17.81,18.39,159709965,3644577541.0
2021-04-22,18.53,18.56,18.2,18.36,82969388,1905208912.0
2021-04-23,18.64,18.9,18.44,18.61,82323015,1920413502.0
2021-04-26,19.08,19.36,18.3,18.33,87241767,2037109597.0
2021-04-27,18.34,18.53,18.27,18.33,47043140,1083043579.0
2021-04-28,18.61,18.74,18.2,18.66,59383793,1375141410.0
2021-04-29,18.65,18.95,18.47,18.85,61483688,1439823965.0
2021-04-30,18.66,18.77,18.39,18.61,56198132,1308177203.0
2021-05-06,18.46,18.94,18.46,18.78,50029522,1174181608.0
2021-05-07,18.92,19.42,18.69,19.22,80221421,1929112374.0
2021-05-10,19.18,19.21,18.4,19.07,66143890,1566860764.0
2021-05-11,18.88,18.98,18.43,18.8,49722345,1161846399.0
2021-05-12,18.61,18.89,18.28,18.82,53326526,1245517717.0
2021-05-13,18.8,18.85,18.25,18.44,54965250,1271946299.0
2021-05-14,18.64,18.87,18.2,18.78,56378536,1300250944.0
2021-05-17,18.65,19.19,18.48,19.01,52756465,1241605192.0
2021-05-18,19.21,19.42,18.85,19.25,39541498,939786732.0
2021-05-19,19.19,19.43,18.94,19.01,42942033,1022553739.0
2021-05-20,18.86,19.2,18.74,19.19,40578837,957478854.0
2021-05-21,19.23,19.4,18.55,18.92,53933574,1263058115.0
2021-05-24,18.91,19.01,18.68,18.91,34393563,806092207.0
2021-05-25,18.96,19.92,18.89,19.81,97237462,2363145903.0
2021-05-26,19.85,20.23,19.73,20.14,91926378,2286540249.0
2021-05-27,20.06,20.26,19.75,19.97,50409136,1246712049.0
2021-05-28,19.88,19.9,19.46,19.73,49240073,1200523316.0
2021-05-31,19.6,19.76,19.26,19.49,51535081,1244209046.0
2021-06-01,19.49,19.53,18.93,19.27,62501796,1490476625.0
2021-06-02,19.24,19.27,18.83,19.24,49752702,1176608127.0
2021-06-03,19.1,19.44,19.07,19.14,40090085,958876472.0
2021-06-04,19.32,20.1,19.17,19.77,75673942,1851425838.0
2021-06-07,19.72,19.72,19.27,19.57,44791410,1081738833.0
2021-06-08,19.45,19.79,19.29,19.76,57007792,1384120301.0
2021-06-09,19.68,20.04,19.48,19.85,45383150,1116771375.0
2021-06-10,19.86,20.18,19.45,19.49,53021516,1294972567.0
2021-06-11,19.58,19.61,18.62,18.82,83466504,1965393116.0
2021-06-15,18.81,18.87,18.36,18.7,66062259,1524503478.0
2021-06-16,18.7,18.85,18.53,18.73,37820804,878470834.0
2021-06-17,18.54,19.08,18.54,18.61,45328209,1059121804.0
2021-06-18,18.63,18.75,18.03,18.24,69409930,1574437730.0
2021-06-21,18.2,18.26,17.73,17.85,71827274,1600119860.0
2021-06-22,18.03,18.6,17.92,18.5,75775141,1720058047.0
2021-06-23,18.4,18.86,18.3,18.64,44790778,1035835696.0
2021-06-24,18.55,18.62,18.27,18.59,39028349,894502109.0
2021-06-25,18.59,19.01,18.57,18.81,55997295,1310287390.0
2021-06-28,18.81,18.84,18.11,18.35,62625737,1425702202.0
2021-06-29,18.19,18.36,17.72,17.99,104974939,2341926371.0
2021-06-30,18.01,18.47,18.0,18.22,40343546,913285187.0
2021-07-01,18.37,18.93,18.14,18.69,66483330,1530548799.0
2021-07-02,18.3,18.32,17.53,17.57,107067756,2360189794.0
2021-07-05,17.47,17.84,16.99,17.77,85934129,1859394324.0
2021-07-06,17.78,18.52,17.6,18.35,79195726,1784792786.0
2021-07-07,18.27,18.57,18.12,18.16,46894487,1063910096.0
2021-07-08,18.35,18.35,17.08,17.32,145705947,3140657440.0
2021-07-09,17.16,17.42,16.93,17.13,76236474,1625461608.0
2021-07-12,17.32,17.32,16.83,17.04,87790102,1859059510.0
2021-07-13,17.03,17.19,16.54,17.01,65761395,1382029130.0
2021-07-14,16.91,16.91,16.44,16.72,84795055,1755810875.0
2021-07-15,16.69,17.49,16.62,17.41,95600305,2040266259.0
2021-07-16,17.24,17.57,17.16,17.19,57300261,1230180813.0
2021-07-19,17.2,17.26,16.74,17.08,52213595,1098434742.0
2021-07-20,16.99,17.08,16.49,16.59,80403433,1665315546.0
2021-07-21,16.58,16.75,16.27,16.47,75307652,1535327562.0
2021-07-22,16.47,16.64,16.3,16.41,86864809,1773999331.0
2021-07-23,16.41,16.41,16.11,16.19,72740433,1461467512.0
2021-07-26,16.08,16.1,14.84,15.14,145130394,2770236696.0
2021-07-27,15.2,15.3,14.18,14.3,135755148,2461708370.0
2021-07-28,14.38,14.55,14.24,14.3,106299421,1898562592.0
2021-07-29,14.43,14.69,14.32,14.47,87237812,1566107824.0
2021-07-30,14.43,14.54,13.89,14.25,95015588,1679747318.0
2021-08-02,14.21,14.61,13.84,14.51,115992263,2056014243.0
2021-08-03,14.49,14.62,14.22,14.41,89694857,1609422575.0
2021-08-04,14.53,14.55,14.18,14.34,72962008,1300164293.0
2021-08-05,14.26,14.54,14.16,14.24,62157388,1104903005.0
2021-08-06,14.14,14.42,14.05,14.38,56745413,1005870949.0
2021-08-09,14.43,15.5,14.37,15.35,175279800,3313803231.0
2021-08-10,15.38,16.09,15.22,15.89,130198844,2535427989.0
2021-08-11,16.1,16.58,15.87,15.96,104830844,2104975145.0
2021-08-12,15.94,16.35,15.81,16.02,66645800,1330388046.0
2021-08-13,15.93,16.04,15.71,16.02,56288502,1110191399.0
2021-08-16,16.18,16.27,15.76,16.07,62705022,1247681171.0
2021-08-17,15.99,16.29,15.79,15.84,47602194,947385521.0
2021-08-18,15.84,17.08,15.75,16.61,133273216,2732213549.0
2021-08-19,16.5,16.61,16.12,16.38,64997561,1315320352.0
2021-08-20,16.08,16.16,15.06,15.64,161462793,3119152555.0
2021-08-23,15.71,16.15,15.39,15.54,119184935,2315871646.0
2021-08-24,15.59,16.08,15.47,15.59,86895330,1690760837.0
2021-08-25,15.64,15.68,15.26,15.43,69808397,1341330419.0
2021-08-26,15.46,15.51,14.83,14.87,95161900,1783725035.0
2021-08-27,14.95,15.21,14.75,14.81,72882023,1354408977.0
2021-08-30,14.67,14.73,14.14,14.27,125221101,2221855859.0
2021-08-31,14.27,14.44,13.94,14.34,117486786,2072006842.0
2021-09-01,14.08,14.43,13.7,14.4,231689409,4046284163.0
2021-09-02,14.5,15.13,14.34,14.82,242260354,4454545280.0
2021-09-03,14.9,14.9,14.26,14.53,139481871,2523273155.0
2021-09-06,14.44,14.98,14.32,14.86,151522556,2780281081.0
2021-09-07,14.98,15.75,14.78,15.5,162234416,3067365669.0
2021-09-08,15.5,15.75,15.38,15.49,102620105,1979771480.0
2021-09-09,15.39,15.42,15.14,15.3,73950585,1399536021.0
2021-09-10,15.21,16.73,15.17,16.57,231494528,4668361828.0
2021-09-13,16.4,16.52,15.96,16.28,129722802,2606152379.0
2021-09-14,16.25,16.33,15.52,15.6,115817315,2272080157.0
2021-09-15,15.55,16.91,15.46,15.72,84161841,1639298361.0
2021-09-16,15.54,15.71,15.09,15.37,117695356,2234474948.0
2021-09-17,15.22,15.3,14.83,14.92,112487963,2098715197.0
2021-09-22,14.39,14.54,14.03,14.48,147336521,2616707243.0
2021-09-23,14.58,14.76,14.22,14.24,137983759,2465683705.0
2021-09-24,14.18,14.24,13.97,13.97,126569628,2209461934.0
2021-09-27,13.86,14.24,13.74,14.15,114066759,1979196739.0
2021-09-28,14.07,14.63,14.05,14.47,129316747,2311265536.0
2021-09-29,14.38,14.85,14.26,14.62,123012175,2225416488.0
2021-09-30,14.57,14.66,14.26,14.44,79561105,1424675917.0
2021-10-08,14.63,15.21,14.51,15.01,115920062,2146983882.0
2021-10-11,15.3,15.9,15.3,15.63,145533835,2829310844.0
2021-10-12,15.54,15.87,15.46,15.59,103123218,2004823968.0
2021-10-13,15.54,16.04,15.44,15.77,80789668,1577612470.0
2021-10-14,15.78,16.04,15.21,15.47,84298987,1623970431.0
2021-10-15,15.3,16.03,15.3,15.83,99349378,1948647237.0
2021-10-18,15.67,15.75,15.38,15.54,72962250,1408737777.0
2021-10-19,15.42,15.85,15.42,15.76,68241515,1330501302.0
2021-10-20,15.91,15.93,15.46,15.5,66295555,1283356219.0
2021-10-21,15.72,16.16,15.5,16.11,162166101,3198266215.0
2021-10-22,16.24,16.58,15.95,16.14,113496363,2287284921.0
2021-10-25,15.87,16.27,15.71,16.21,73082823,1458800090.0
2021-10-26,16.16,16.47,16.0,16.15,65280684,1313475883.0
2021-10-27,16.11,16.25,15.78,16.04,68760019,1365982834.0
2021-10-28,15.95,16.06,15.6,15.88,61901089,1211946109.0
2021-10-29,15.81,15.9,15.56,15.71,53992976,1052760273.0
2021-11-01,15.57,15.89,15.31,15.62,84149020,1626762030.0
2021-11-02,15.6,15.7,14.49,14.64,199769050,3691356324.0
2021-11-03,14.58,14.69,14.38,14.52,111497204,2009325066.0
2021-11-04,14.56,14.58,14.34,14.39,98341098,1760671898.0
2021-11-05,14.38,14.5,14.15,14.21,109603988,1942415605.0
2021-11-08,14.19,14.34,13.98,14.03,137681482,2406417772.0
2021-11-09,14.08,14.22,13.9,14.12,124057275,2163193119.0
2021-11-10,14.06,14.07,13.82,14.01,122085088,2109735147.0
2021-11-11,13.97,14.84,13.95,14.78,208472900,3752413859.0
2021-11-12,14.75,15.01,14.59,14.72,95754646,1753072716.0
2021-11-15,14.78,15.01,14.66,14.84,65508999,1203764096.0
2021-11-16,14.79,14.93,14.63,14.67,60111048,1099113409.0
2021-11-17,14.62,14.74,14.48,14.59,66464038,1203859180.0
2021-11-18,14.57,14.59,14.28,14.34,79984377,1430058312.0
2021-11-19,14.34,14.69,14.26,14.62,78637156,1414506380.0
2021-11-22,14.52,14.7,14.42,14.59,73861780,1337768172.0
2021-11-23,14.59,14.78,14.24,14.4,123597796,2213817591.0
2021-11-24,14.31,14.46,14.22,14.39,74131084,1316774398.0
2021-11-25,14.29,14.33,14.2,14.24,60353270,1068221305.0
2021-11-26,14.19,14.23,14.11,14.16,69449988,1219937313.0
2021-11-29,14.02,14.15,13.98,14.1,51259471,895105982.0
2021-11-30,14.13,14.24,13.97,14.05,73361606,1280384552.0
2021-12-01,14.04,14.31,13.99,14.21,70692519,1243666842.0
2021-12-02,14.19,14.34,13.99,14.17,99479835,1749164558.0
2021-12-03,14.21,14.26,14.02,14.22,70759974,1242375057.0
2021-12-06,14.38,14.95,14.34,14.58,214562528,3896385172.0
2021-12-07,14.74,15.04,14.62,14.87,161644387,2979968977.0
2021-12-08,14.86,14.94,14.63,14.88,98028118,1798691053.0
2021-12-09,14.89,15.35,14.8,15.06,145588668,2726663443.0
2021-12-10,14.91,15.06,14.72,14.8,98925513,1824076523.0
2021-12-13,14.88,15.21,14.64,14.72,131449027,2427803722.0
2021-12-14,14.63,14.63,14.11,14.16,193720890,3434156328.0
2021-12-15,14.1,14.22,14.01,14.14,129462741,2269821045.0
2021-12-16,14.14,14.28,14.06,14.27,81947951,1445483375.0
2021-12-17,14.26,14.3,14.15,14.15,60236967,1062875483.0
2021-12-20,14.14,14.22,14.05,14.11,74643520,1309029269.0
2021-12-21,14.09,14.26,14.08,14.17,89373404,1572895582.0
2021-12-22,14.19,14.21,13.93,14.01,97692775,1701772584.0
2021-12-23,14.01,14.04,13.86,13.95,105957594,1831122716.0
2021-12-24,13.96,13.97,13.86,13.94,48825149,843109665.0
2021-12-27,13.96,13.97,13.82,13.87,73111899,1260455319.0
2021-12-28,13.87,13.96,13.76,13.83,112663891,1934461076.0
2021-12-29,13.82,13.82,13.45,13.49,146937398,2480534593.0
2021-12-30,13.5,13.65,13.47,13.55,79666360,1342374249.0
2021-12-31,13.58,13.61,13.21,13.27,175076089,2899617149.0
2022-01-04,13.27,13.42,13.03,13.42,116925933,1918887051.0
2022-01-05,13.35,13.87,13.33,13.81,196199817,3344124589.0
2022-01-06,13.78,13.91,13.69,13.79,110788519,1896535838.0
2022-01-07,13.77,13.92,13.74,13.85,112663070,1937710958.0
2022-01-10,13.93,14.03,13.72,13.85,90977401,1563414572.0
2022-01-11,13.9,14.13,13.81,14.02,158199940,2752485391.0
2022-01-12,14.02,14.05,13.61,13.69,150216355,2561266412.0
2022-01-13,13.62,13.89,13.55,13.68,90942265,1550319159.0
2022-01-14,13.69,13.71,13.13,13.15,210309491,3459950805.0
2022-01-17,13.17,13.27,12.98,13.06,114368943,1855633790.0
2022-01-18,13.09,13.32,13.02,13.31,115297431,1891094610.0
2022-01-19,13.32,13.44,13.18,13.29,98839185,1630973587.0
2022-01-20,13.27,14.06,13.23,13.96,303119377,5195805550.0
2022-01-21,14.05,14.14,13.86,13.97,148168295,2575115125.0
2022-01-24,13.97,14.0,13.68,13.85,87477087,1501390339.0
2022-01-25,13.76,13.76,13.54,13.57,109328397,1851999025.0
2022-01-26,13.65,13.77,13.32,13.41,98497522,1646384984.0
2022-01-27,13.29,13.32,13.09,13.13,102464311,1677261296.0
2022-01-28,13.2,13.25,12.74,12.75,167556367,2695470331.0
2022-02-07,12.9,13.22,12.8,13.2,151547630,2451798486.0
2022-02-08,13.13,13.67,13.1,13.56,175469528,2950309012.0
2022-02-09,13.63,13.69,13.46,13.58,105116166,1774253637.0
2022-02-10,13.51,13.72,13.43,13.68,78455735,1326848948.0
2022-02-11,13.72,13.97,13.72,13.77,107813914,1852167493.0
2022-02-14,13.77,13.81,13.3,13.35,115065851,1917613419.0
2022-02-15,13.29,13.43,12.97,13.11,120826437,1968985378.0
2022-02-16,13.17,13.31,13.06,13.22,78239959,1282234150.0
2022-02-17,13.2,13.33,13.14,13.23,79450184,1306514350.0
2022-02-18,13.14,13.51,13.14,13.51,80249940,1330233366.0
2022-02-21,13.42,13.43,13.14,13.3,80099455,1316023718.0
2022-02-22,13.14,13.24,13.02,13.07,89495673,1454156225.0
2022-02-23,13.13,13.14,12.92,13.04,88674244,1431289852.0
2022-02-24,12.99,13.01,12.73,12.81,132408685,2112842553.0
2022-02-25,12.88,12.95,12.78,12.81,72639707,1157890268.0
2022-02-28,12.81,12.82,12.58,12.69,72399045,1137154095.0
2022-03-01,12.72,12.85,12.58,12.82,93504034,1474693965.0
2022-03-02,12.72,12.78,12.61,12.63,76076086,1196321949.0
2022-03-03,12.67,12.73,12.59,12.65,57828505,908171588.0
2022-03-04,12.58,12.59,12.31,12.35,99093566,1523793665.0
2022-03-07,12.22,12.22,11.81,11.86,111315899,1655959942.0
2022-03-08,11.78,11.97,11.48,11.53,100303269,1463145930.0
2022-03-09,11.6,11.64,10.65,11.15,180076017,2492042993.0
2022-03-10,11.42,11.88,11.35,11.74,224915816,3269867788.0
2022-03-11,11.6,12.07,11.4,12.0,149364697,2187480611.0
2022-03-14,11.78,12.03,11.64,11.67,111840734,1637278471.0
2022-03-15,11.6,11.6,10.95,11.02,178140887,2479769555.0
2022-03-16,11.16,11.6,10.88,11.53,153177906,2141637066.0
2022-03-17,11.81,11.85,11.47,11.64,173006142,2506504217.0
2022-03-18,11.57,11.96,11.39,11.84,152880713,2222158762.0
2022-03-21,11.68,11.94,11.59,11.75,120886805,1765673892.0
2022-03-22,11.75,12.26,11.68,12.23,162865658,2443174056.0
2022-03-23,12.17,12.23,12.0,12.08,105010238,1577561342.0
2022-03-24,12.02,12.33,11.93,12.24,100235995,1518870080.0
2022-03-25,12.2,12.28,11.94,12.07,74293335,1116354595.0
2022-03-28,11.92,12.12,11.78,11.96,72713699,1078327303.0
2022-03-29,11.98,12.04,11.76,11.82,61564315,909169631.0
2022-03-30,11.97,12.3,11.89,12.25,123679155,1859617041.0
2022-03-31,12.16,12.54,12.13,12.39,116374674,1789209947.0
2022-04-01,12.38,12.72,12.24,12.69,148487874,2319616863.0
2022-04-06,12.6,13.32,12.59,13.2,248854005,4064051492.0
2022-04-07,13.19,13.42,13.05,13.11,165906455,2724002905.0
2022-04-08,13.1,13.25,12.99,13.21,106677946,1741072072.0
2022-04-11,13.17,13.21,12.73,12.93,141673536,2277469056.0
2022-04-12,12.93,13.1,12.61,12.82,103926142,1654820083.0
2022-04-13,12.8,12.95,12.66,12.73,89062806,1415496126.0
2022-04-14,12.89,13.09,12.82,12.92,92961494,1493343952.0
2022-04-15,12.81,13.31,12.77,13.23,123176103,2014010094.0
2022-04-18,13.01,13.05,12.73,12.81,108688756,1734236524.0
2022-04-19,12.81,12.86,12.58,12.73,82177249,1294226951.0
2022-04-20,12.73,12.93,12.65,12.77,71655528,1137697847.0
2022-04-21,12.7,12.87,12.65,12.73,70989116,1124663651.0
2022-04-22,12.6,13.04,12.4,12.94,92127408,1468452958.0
2022-04-25,12.62,12.81,11.9,11.96,166448098,2527610217.0
2022-04-26,11.98,12.07,11.64,11.86,98820956,1456929632.0
2022-04-27,12.07,12.6,12.05,12.6,149029503,2296798759.0
2022-04-28,12.54,12.83,12.38,12.6,91177187,1426381926.0
2022-04-29,12.64,12.68,12.06,12.34,164501308,2503476828.0
2022-05-05,12.24,12.44,12.2,12.34,79019620,1208735142.0
2022-05-06,12.1,12.24,12.01,12.05,83243182,1250995595.0
2022-05-09,12.03,12.03,11.65,11.72,81862135,1197104247.0
2022-05-10,11.68,11.76,11.36,11.75,99228502,1425836927.0
2022-05-11,11.71,11.95,11.63,11.78,84857362,1240700426.0
2022-05-12,11.66,11.73,11.54,11.58,68506423,987061607.0
2022-05-13,11.68,11.81,11.67,11.77,67631191,985962932.0
2022-05-16,11.81,11.86,11.56,11.61,66822782,965652298.0
2022-05-17,11.69,11.86,11.53,11.85,93140639,1357428407.0
2022-05-18,11.96,11.99,11.82,11.88,77857833,1150500438.0
2022-05-19,11.72,11.84,11.68,11.78,59092172,863214131.0
2022-05-20,11.84,12.11,11.82,12.1,94859778,1415164711.0
2022-05-23,12.14,12.14,11.89,11.94,64772592,962683729.0
2022-05-24,11.98,11.98,11.6,11.6,93355706,1358693535.0
2022-05-25,11.62,11.67,11.52,11.59,60322826,866228924.0
2022-05-26,11.61,11.62,11.33,11.43,101131756,1435689342.0
2022-05-27,11.51,11.56,11.36,11.42,72306674,1029702186.0
2022-05-30,11.49,11.5,11.31,11.34,89690123,1265573048.0
2022-05-31,11.33,11.42,11.28,11.4,93886855,1325012048.0
2022-06-01,11.39,11.39,11.28,11.34,84529898,1187423732.0
2022-06-02,11.29,11.3,11.18,11.24,97926822,1363740798.0
2022-06-06,11.2,11.41,10.99,11.41,171085175,2370807610.0
2022-06-07,11.29,11.48,11.27,11.4,131511262,1860366716.0
2022-06-08,11.4,11.41,11.28,11.4,114552124,1613524958.0
2022-06-09,11.39,11.65,11.36,11.56,163290134,2339986708.0
2022-06-10,11.49,11.54,11.38,11.53,134601231,1914639698.0
2022-06-13,11.42,11.43,11.18,11.2,154775285,2163340109.0
2022-06-14,11.04,11.38,11.04,11.37,115142939,1602169898.0
2022-06-15,11.36,12.17,11.32,11.87,341354371,5010292727.0
2022-06-16,11.87,11.94,11.61,11.63,133254631,1939976255.0
2022-06-17,11.53,11.7,11.44,11.64,105378794,1513925914.0
2022-06-20,11.63,11.63,11.49,11.55,103216680,1479529787.0
2022-06-21,11.55,11.78,11.46,11.57,132179398,1905346057.0
2022-06-22,11.57,11.57,11.34,11.34,105604592,1498415784.0
2022-06-23,11.35,11.46,11.32,11.44,80602803,1140899092.0
2022-06-24,11.44,11.48,11.36,11.46,86604061,1227798687.0
2022-06-27,11.47,11.73,11.45,11.67,149727818,2166380438.0
2022-06-28,11.65,11.82,11.61,11.78,112511048,1638673242.0
2022-06-29,11.8,12.0,11.72,11.79,126654728,1865064678.0
2022-06-30,11.78,12.1,11.72,12.07,154874501,2304888692.0
2022-07-01,12.08,12.14,11.95,12.02,77924332,1164030776.0
2022-07-04,12.04,12.07,11.88,12.03,83496807,1241453402.0
2022-07-05,12.07,12.3,11.94,12.01,111517210,1674719025.0
2022-07-06,11.94,12.03,11.65,11.7,104333523,1520022515.0
2022-07-07,11.71,11.8,11.58,11.61,73016098,1057696547.0
2022-07-08,11.68,11.8,11.57,11.71,63969823,928850349.0
2022-07-11,11.68,11.74,11.57,11.65,61169194,883613754.0
2022-07-12,11.61,11.86,11.58,11.61,74288242,1078431990.0
2022-07-13,11.61,11.65,11.19,11.25,217599606,3056913118.0
2022-07-14,11.03,11.04,10.7,10.77,263212087,3534578702.0
2022-07-15,10.86,10.92,10.65,10.66,159863740,2139915274.0
2022-07-18,10.67,10.82,10.64,10.78,115350581,1536340973.0
2022-07-19,10.74,10.82,10.7,10.81,75559710,1008562417.0
2022-07-20,10.82,10.85,10.75,10.78,80145866,1073936300.0
2022-07-21,10.73,10.74,10.46,10.48,197038789,2588696130.0
2022-07-22,10.53,10.6,10.35,10.5,137650974,1755555714.0
2022-07-25,10.49,10.53,10.39,10.51,76395581,976071707.0
2022-07-26,10.45,10.58,10.42,10.58,102404881,1314310442.0
2022-07-27,10.53,10.56,10.44,10.49,92391408,1182889761.0
2022-07-28,10.5,10.58,10.48,10.56,75034652,964903658.0
2022-07-29,10.56,10.58,10.37,10.39,83149747,1059518585.0
2022-08-01,10.38,10.38,10.17,10.18,102573271,1277987010.0
2022-08-02,10.02,10.12,9.79,10.05,137300930,1664397666.0
2022-08-03,9.99,10.06,9.85,9.86,74613653,905653325.0
2022-08-04,9.92,9.98,9.85,9.97,60267562,729351710.0
2022-08-05,9.94,10.11,9.82,10.09,76529787,930836354.0
2022-08-08,10.04,10.13,9.97,10.0,55199969,674950921.0
2022-08-09,10.01,10.02,9.9,9.94,55844757,677098633.0
2022-08-10,9.94,10.03,9.85,9.89,68302321,825806008.0
2022-08-11,9.9,10.16,9.87,10.12,139930361,1710719478.0
2022-08-12,10.05,10.17,10.0,10.15,82050356,1010612433.0
2022-08-15,10.08,10.13,9.91,9.93,117201000,1425087455.0
2022-08-16,9.93,10.0,9.92,9.94,63122370,765907219.0
2022-08-17,9.96,10.18,9.89,10.17,134850658,1656961619.0
2022-08-18,10.23,10.28,9.97,10.04,126970094,1560630568.0
2022-08-19,10.06,10.45,10.03,10.3,210641724,2653471090.0
2022-08-22,10.31,10.39,10.17,10.25,113807658,1423361879.0
2022-08-23,10.21,10.24,10.07,10.12,92146307,1137300431.0
2022-08-24,10.11,10.28,10.11,10.17,129537533,1613309589.0
2022-08-25,10.17,10.38,10.08,10.35,106401061,1329230362.0
2022-08-26,10.39,10.45,10.21,10.34,92763426,1168951099.0
2022-08-29,10.25,10.3,10.09,10.18,92449065,1145189174.0
2022-08-30,10.19,10.28,10.07,10.23,79971238,991447627.0
2022-08-31,10.15,10.48,10.13,10.45,165304158,2091408315.0
2022-09-01,10.37,10.49,10.31,10.34,86198195,1092666277.0
2022-09-02,10.35,10.4,10.19,10.26,78636281,983433863.0
2022-09-05,10.21,10.33,10.14,10.3,63203998,788451089.0
2022-09-06,10.31,10.38,10.19,10.25,73129499,914692184.0
2022-09-07,10.18,10.18,10.07,10.11,97981281,1208329759.0
2022-09-08,10.1,10.2,10.08,10.13,62111692,768913484.0
2022-09-09,10.17,10.44,10.13,10.43,195129731,2469131334.0
2022-09-13,10.56,10.67,10.38,10.62,172268989,2223707380.0
2022-09-14,10.45,10.55,10.41,10.44,85803584,1095054829.0
2022-09-15,10.49,10.74,10.47,10.66,184101788,2393239453.0
2022-09-16,10.59,10.62,10.3,10.3,135744781,1719252822.0
2022-09-19,10.28,10.39,10.23,10.3,63212104,793491306.0
2022-09-20,10.34,10.35,10.1,10.12,88998853,1102212204.0
2022-09-21,10.09,10.23,10.0,10.19,68419739,845477182.0
2022-09-22,10.11,10.13,10.04,10.08,58613338,720058210.0
2022-09-23,10.03,10.19,10.03,10.08,58644106,722703128.0
2022-09-26,9.97,10.07,9.83,9.84,90372904,1094060839.0
2022-09-27,9.84,9.97,9.68,9.96,78962229,946732994.0
2022-09-28,9.91,10.04,9.77,9.93,78092558,946211767.0
2022-09-29,10.04,10.07,9.69,9.72,91771804,1100405198.0
2022-09-30,9.73,9.8,9.7,9.71,53723019,638906948.0
2022-10-10,9.59,9.65,9.39,9.4,96608018,1119089731.0
2022-10-11,9.46,9.49,9.35,9.41,41525337,476749227.0
2022-10-12,9.39,9.53,9.3,9.51,55957243,641776509.0
2022-10-13,9.44,9.46,9.27,9.3,85261597,970021739.0
2022-10-14,9.39,9.53,9.35,9.45,109606158,1265486550.0
2022-10-17,9.36,9.44,9.3,9.41,102482271,1171523550.0
2022-10-18,9.47,9.54,9.39,9.41,94683709,1091646644.0
2022-10-19,9.36,9.42,9.25,9.26,92398968,1049700767.0
2022-10-20,9.21,9.27,9.15,9.18,78192323,876967151.0
2022-10-21,9.19,9.22,9.08,9.09,78557429,876648491.0
2022-10-24,9.09,9.1,8.7,8.71,138339065,1496043940.0
2022-10-25,8.77,8.86,8.69,8.73,131697940,1406437766.0
2022-10-26,8.72,8.8,8.7,8.74,114382988,1220733278.0
2022-10-27,8.77,8.83,8.74,8.76,95738346,1024868047.0
2022-10-28,8.71,8.77,8.53,8.54,105794701,1114999302.0
2022-10-31,8.47,8.57,8.38,8.48,98309569,1016230012.0
2022-11-01,8.51,8.76,8.49,8.75,138123413,1459758367.0
2022-11-02,8.7,8.76,8.59,8.71,130298818,1377816220.0
2022-11-03,8.64,8.67,8.51,8.56,98353561,1028904286.0
2022-11-04,8.53,8.89,8.52,8.87,177611223,1903720944.0
2022-11-07,8.86,8.94,8.8,8.92,98808204,1070554833.0
2022-11-08,8.93,8.95,8.84,8.89,58322205,632835805.0
2022-11-09,8.89,9.08,8.87,8.93,83210685,911153622.0
2022-11-10,8.85,8.94,8.76,8.91,55202119,596916589.0
2022-11-11,9.12,9.56,9.03,9.37,254507055,2878557392.0
2022-11-14,9.59,10.07,9.59,9.8,387208410,4637823414.0
2022-11-15,9.72,9.99,9.7,9.85,157390134,1891249648.0
2022-11-16,9.81,9.88,9.67,9.69,127869288,1519133932.0
2022-11-17,9.68,9.71,9.49,9.58,109104716,1273790881.0
2022-11-18,9.62,9.66,9.49,9.5,86809329,1011078680.0
2022-11-21,9.41,9.43,9.2,9.39,104773707,1189388618.0
2022-11-22,9.39,9.78,9.38,9.69,149132388,1748727407.0
2022-11-23,9.66,9.88,9.61,9.69,124765653,1483352652.0
2022-11-24,9.77,9.83,9.58,9.65,79671882,941002373.0
2022-11-25,9.67,10.03,9.65,9.98,176072817,2130171605.0
2022-11-28,9.76,9.77,9.58,9.68,133156295,1568351120.0
2022-11-29,9.97,10.65,9.94,10.65,474927650,6026006642.0
2022-11-30,10.58,10.94,10.51,10.68,320962830,4206404173.0
2022-12-01,10.97,11.2,10.71,10.74,200268883,2658203027.0
2022-12-02,10.77,10.78,10.4,10.58,140420278,1803658762.0
2022-12-05,10.73,11.12,10.67,11.09,228762742,3057231973.0
2022-12-06,10.94,11.2,10.86,11.01,125257891,1680593516.0
2022-12-07,10.93,10.96,10.68,10.78,137737690,1815667663.0
2022-12-08,10.78,11.08,10.76,10.95,106572280,1422047905.0
2022-12-09,10.99,11.27,10.94,11.23,161583192,2197501649.0
2022-12-12,11.13,11.13,10.71,10.75,139258428,1848277967.0
2022-12-13,10.78,10.95,10.77,10.85,90228513,1194285343.0
2022-12-14,10.85,10.99,10.72,10.85,97406110,1287867945.0
2022-12-15,10.77,10.89,10.61,10.74,83534926,1094434006.0
2022-12-16,10.67,10.99,10.67,10.94,92425167,1225269166.0
2022-12-19,10.93,11.04,10.62,10.69,103086606,1355435567.0
2022-12-20,10.63,10.72,10.39,10.46,89621223,1150630681.0
2022-12-21,10.53,10.65,10.44,10.57,61458964,791782473.0
2022-12-22,10.66,10.78,10.58,10.62,67239430,876159828.0
2022-12-23,10.53,10.71,10.49,10.64,56442641,730705959.0
2022-12-26,10.65,10.69,10.42,10.47,79711987,1021903963.0
2022-12-27,10.55,10.84,10.55,10.75,88600412,1160090119.0
2022-12-28,10.79,10.97,10.66,10.77,79119198,1042402080.0
2022-12-29,10.71,10.76,10.53,10.68,66689009,865144967.0
2022-12-30,10.69,10.89,10.62,10.79,81803598,1074756754.0
2023-01-03,10.82,11.35,10.7,11.29,219412794,2971546989.0
2023-01-04,11.24,11.82,11.17,11.74,218968253,3110729449.0
2023-01-05,11.81,12.08,11.78,11.87,166542518,2417272356.0
2023-01-06,11.89,12.07,11.87,11.99,119574471,1747915169.0
2023-01-09,12.09,12.2,11.9,12.13,105765911,1561368487.0
2023-01-10,12.1,12.21,11.8,11.84,126942339,1851093717.0
2023-01-11,11.85,12.12,11.8,12.03,83056612,1217450812.0
2023-01-12,12.11,12.11,11.91,12.03,62569484,914367700.0
2023-01-13,12.03,12.26,11.93,12.26,94908583,1407181074.0
2023-01-16,12.26,12.53,12.17,12.36,156003989,2356399993.0
2023-01-17,12.4,12.44,12.11,12.27,93583454,1396151515.0
2023-01-18,12.26,12.44,12.22,12.39,71843403,1083362998.0
2023-01-19,12.4,12.5,12.19,12.37,64187520,963744633.0
2023-01-20,12.43,12.49,12.3,12.4,60859008,920144806.0
2023-01-30,12.79,12.9,12.21,12.42,137431750,2096867649.0
2023-01-31,12.49,12.71,12.26,12.29,103049784,1568639326.0
2023-02-01,12.32,12.36,11.9,12.05,165342148,2426471973.0
2023-02-02,12.08,12.12,11.7,11.97,157790039,2280744883.0
2023-02-03,11.85,11.93,11.61,11.74,124638298,1782105891.0
2023-02-06,11.56,11.58,11.36,11.48,131761010,1838428709.0
2023-02-07,11.53,11.74,11.5,11.65,86946046,1235297763.0
2023-02-08,11.67,11.74,11.5,11.51,65789257,928708934.0
2023-02-09,11.49,11.72,11.44,11.58,83035002,1174361963.0
2023-02-10,11.56,11.58,11.36,11.46,84728366,1184283386.0
2023-02-13,11.43,11.43,11.15,11.33,180005416,2473405203.0
2023-02-14,11.35,11.46,11.31,11.44,90993709,1263892078.0
2023-02-15,11.44,11.44,11.17,11.21,125024398,1713566673.0
2023-02-16,11.21,11.4,11.07,11.15,127912329,1757431084.0
2023-02-17,11.17,11.25,11.01,11.01,91836369,1246777397.0
2023-02-20,11.07,11.6,11.06,11.6,211619117,2945969773.0
2023-02-21,11.53,11.64,11.41,11.56,99049499,1393153377.0
2023-02-22,11.48,11.58,11.43,11.49,63892239,895742534.0
2023-02-23,11.48,11.74,11.46,11.52,82449068,1165539851.0
2023-02-24,11.49,11.5,11.31,11.36,72998904,1012652972.0
2023-02-27,11.27,11.38,11.21,11.22,62146193,854854041.0
2023-02-28,11.27,11.35,11.16,11.3,60793592,833316018.0
2023-03-01,11.31,11.63,11.26,11.62,122345178,1719710647.0
2023-03-02,11.58,11.84,11.53,11.67,101587684,1447565980.0
2023-03-03,11.76,11.78,11.59,11.71,69095439,985552121.0
2023-03-06,11.72,11.72,11.25,11.35,145582414,2023954547.0
2023-03-07,11.35,11.56,11.19,11.22,127926629,1773654737.0
2023-03-08,11.17,11.18,10.99,11.09,109689791,1479838980.0
2023-03-09,11.1,11.13,10.76,10.82,173606476,2305765842.0
2023-03-10,10.66,10.88,10.66,10.77,85699610,1128558360.0
2023-03-13,10.76,10.9,10.66,10.7,100063496,1309490079.0
2023-03-14,10.65,10.66,10.44,10.55,114907558,1474124199.0
2023-03-15,10.7,10.8,10.61,10.7,97936372,1278262225.0
2023-03-16,10.57,10.68,10.49,10.51,91679249,1182054434.0
2023-03-17,10.65,10.69,10.37,10.45,155681414,2000832408.0
2023-03-20,10.46,10.53,10.29,10.3,118881633,1505893659.0
2023-03-21,10.37,10.48,10.25,10.41,84074317,1060914056.0
2023-03-22,10.45,10.56,10.42,10.49,87669077,1121080753.0
2023-03-23,10.41,10.58,10.35,10.58,80430604,1029380497.0
2023-03-24,10.53,10.54,10.46,10.51,62151875,796319542.0
2023-03-27,10.49,10.5,10.21,10.33,100842214,1266945056.0
2023-03-28,10.38,10.44,10.29,10.36,67386843,851797869.0
2023-03-29,10.44,10.44,10.25,10.27,59606433,750687551.0
2023-03-30,10.29,10.42,10.17,10.39,82454624,1035422932.0
2023-03-31,10.4,10.47,10.26,10.27,86549166,1092263437.0
2023-04-03,10.29,10.4,10.21,10.39,74042886,934285179.0
2023-04-04,10.36,10.43,10.32,10.37,64745722,817726527.0
2023-04-06,10.33,10.34,10.25,10.31,56332130,706480660.0
2023-04-07,10.3,10.4,10.25,10.35,60792526,767354797.0
2023-04-10,10.36,10.41,10.31,10.39,64018181,809943148.0
2023-04-11,10.41,10.43,10.26,10.28,77777962,978302908.0
2023-04-12,10.31,10.32,10.21,10.23,90995706,1136997696.0
2023-04-13,10.17,10.39,10.08,10.3,113159146,1413919037.0
2023-04-14,10.33,10.58,10.31,10.4,129799484,1653539531.0
2023-04-17,10.38,10.61,10.33,10.6,130421259,1669357649.0
2023-04-18,10.6,10.82,10.57,10.66,153893615,2009934875.0
2023-04-19,10.67,10.71,10.52,10.53,101437815,1309536002.0
2023-04-20,10.58,10.58,10.35,10.45,81178841,1033330704.0
2023-04-21,10.41,10.52,10.23,10.25,91866839,1160509766.0
2023-04-24,10.23,10.25,9.86,9.92,146767192,1798133967.0
2023-04-25,9.95,10.14,9.94,10.07,130190082,1595320170.0
2023-04-26,10.04,10.04,9.83,9.94,99126040,1197555724.0
2023-04-27,9.89,10.12,9.84,10.05,100409337,1222755932.0
2023-04-28,10.05,10.48,10.02,10.29,144525434,1816868033.0
2023-05-04,10.17,10.52,9.99,10.44,147826438,1863146144.0
2023-05-05,10.48,10.75,10.45,10.58,176218865,2283981032.0
2023-05-08,10.61,11.06,10.53,10.92,263071861,3478891629.0
2023-05-09,10.99,11.15,10.76,10.79,242253445,3238716471.0
2023-05-10,10.8,10.87,10.49,10.53,123705339,1600189994.0
2023-05-11,10.62,10.76,10.49,10.53,90375844,1166479365.0
2023-05-12,10.51,10.55,10.34,10.35,88560368,1124579091.0
2023-05-15,10.39,10.53,10.21,10.52,92832563,1173804243.0
2023-05-16,10.49,10.59,10.3,10.35,99830169,1267712090.0
2023-05-17,10.31,10.36,10.2,10.24,75462120,945315193.0
2023-05-18,10.3,10.36,10.19,10.24,68718687,861347534.0
2023-05-19,10.19,10.2,10.1,10.12,68841368,851165594.0
2023-05-22,10.09,10.21,10.09,10.15,54932785,679754868.0
2023-05-23,10.15,10.17,10.01,10.01,69436436,852871175.0
2023-05-24,10.0,10.01,9.85,9.85,82425088,996600578.0
2023-05-25,9.83,9.84,9.68,9.78,88274430,1050002542.0
2023-05-26,9.78,9.94,9.71,9.92,51142864,613772897.0
2023-05-29,9.93,9.94,9.8,9.82,56607382,680275578.0
2023-05-30,9.82,9.83,9.67,9.73,76399692,906316374.0
2023-05-31,9.69,9.71,9.49,9.51,117958671,1376758357.0
2023-06-01,9.51,9.58,9.43,9.5,74302293,861646489.0
2023-06-02,9.58,9.81,9.54,9.78,122184253,1446502669.0
2023-06-05,9.74,9.84,9.69,9.76,52184619,620531416.0
2023-06-06,9.76,9.91,9.69,9.71,83327347,997039312.0
2023-06-07,9.75,9.89,9.74,9.79,64369784,770386878.0
2023-06-08,9.8,10.0,9.72,9.94,86939712,1048266236.0
2023-06-09,9.89,9.91,9.71,9.74,131528476,1566929274.0
2023-06-12,9.69,9.76,9.64,9.67,75874703,896015709.0
2023-06-13,9.64,9.71,9.58,9.65,84998805,1000183567.0
2023-06-14,9.7,9.85,9.63,9.64,106920004,1237376776.0
2023-06-15,9.65,9.77,9.57,9.75,92530056,1064567231.0
2023-06-16,9.75,9.8,9.72,9.77,84203365,978869317.0
2023-06-19,9.77,9.77,9.59,9.62,95399707,1096351097.0
2023-06-20,9.61,9.63,9.54,9.54,54455079,620374308.0
2023-06-21,9.54,9.64,9.53,9.54,61658296,703681564.0
2023-06-26,9.49,9.49,9.37,9.39,67657743,757975992.0
2023-06-27,9.41,9.51,9.38,9.48,46170178,519520687.0
2023-06-28,9.48,9.52,9.43,9.49,36539644,412039354.0
2023-06-29,9.49,9.49,9.38,9.39,48590630,544534826.0
2023-06-30,9.39,9.5,9.37,9.43,51905258,583494655.0
2023-07-03,9.44,9.69,9.43,9.65,88509071,1009887429.0
2023-07-04,9.63,9.65,9.51,9.58,61630056,701885270.0
2023-07-05,9.54,9.58,9.49,9.53,42348240,479726282.0
2023-07-06,9.49,9.53,9.42,9.44,59709591,672396816.0
2023-07-07,9.41,9.47,9.39,9.41,48444083,543212456.0
2023-07-10,9.45,9.48,9.38,9.41,49588228,556581582.0
2023-07-11,9.43,9.46,9.4,9.42,57080909,640131787.0
2023-07-12,9.43,9.54,9.43,9.44,73608367,830230821.0
2023-07-13,9.51,9.64,9.47,9.6,112422973,1281848379.0
2023-07-14,9.6,9.7,9.58,9.63,71914699,825295738.0
2023-07-17,9.59,9.59,9.46,9.5,60834258,687262894.0
2023-07-18,9.49,9.51,9.43,9.45,47196618,531299773.0
2023-07-19,9.43,9.51,9.43,9.5,38219596,430771279.0
2023-07-20,9.52,9.61,9.49,9.51,55406957,629696111.0
2023-07-21,9.5,9.57,9.48,9.53,37710256,427375950.0
2023-07-24,9.52,9.52,9.44,9.46,42685218,480713396.0
2023-07-25,9.62,9.85,9.61,9.85,203295819,2358815160.0
2023-07-26,9.79,9.86,9.71,9.8,75166268,875260135.0
2023-07-27,9.81,9.97,9.79,9.87,111519586,1314228294.0
2023-07-28,9.82,10.33,9.8,10.3,234701346,2839828237.0
2023-07-31,10.33,10.5,10.27,10.35,185495239,2288940411.0
2023-08-01,10.3,10.39,10.19,10.22,95773478,1169570705.0
2023-08-02,10.13,10.28,10.02,10.11,111590004,1343864165.0
2023-08-03,10.07,10.39,10.04,10.36,117584771,1433255493.0
2023-08-04,10.43,10.53,10.26,10.33,130313102,1611435431.0
2023-08-07,10.26,10.29,10.18,10.22,64691326,786506452.0
2023-08-08,10.18,10.26,10.08,10.17,72570456,877489188.0
2023-08-09,10.13,10.25,10.12,10.22,57760774,702060797.0
2023-08-10,10.21,10.26,10.13,10.22,47559453,577123920.0
2023-08-11,10.22,10.31,9.99,9.99,94353857,1132867239.0
2023-08-14,9.88,9.9,9.74,9.8,97592018,1139185249.0
2023-08-15,9.82,9.91,9.75,9.85,71281277,834163040.0
2023-08-16,9.8,9.96,9.75,9.85,57290437,671706045.0
2023-08-17,9.8,9.83,9.63,9.72,96505775,1116292662.0
2023-08-18,9.73,9.86,9.69,9.71,65981885,767047287.0
2023-08-21,9.71,9.73,9.51,9.51,70149785,799641424.0
2023-08-22,9.56,9.62,9.5,9.55,60680809,689991238.0
2023-08-23,9.54,9.59,9.44,9.45,69180998,783102827.0
2023-08-24,9.49,9.51,9.28,9.35,129127070,1439197084.0
2023-08-25,9.33,9.52,9.31,9.43,84534992,946760251.0
2023-08-28,9.95,10.02,9.65,9.68,199760987,2336205801.0
2023-08-29,9.64,9.65,9.35,9.5,196496143,2217588610.0
2023-08-30,9.47,9.47,9.35,9.35,137563829,1537573551.0
2023-08-31,9.36,9.43,9.34,9.35,80647403,900123575.0
2023-09-01,9.4,9.54,9.4,9.51,113870483,1285169019.0
2023-09-04,9.54,9.74,9.52,9.71,141002923,1621769196.0
2023-09-05,9.66,9.67,9.54,9.57,80417716,917888859.0
2023-09-06,9.52,9.63,9.49,9.6,63484051,721905682.0
2023-09-07,9.58,9.61,9.51,9.52,54004157,613812176.0
2023-09-08,9.48,9.51,9.43,9.47,47902967,539624963.0
2023-09-11,9.49,9.58,9.47,9.53,65448558,741764911.0
2023-09-12,9.54,9.54,9.45,9.48,49548506,559058536.0
2023-09-13,9.49,9.51,9.42,9.45,49021797,551747628.0
2023-09-14,9.48,9.52,9.45,9.49,55165017,622906053.0
2023-09-15,9.54,9.58,9.41,9.43,89047613,1005529161.0
2023-09-18,9.43,9.44,9.36,9.43,50132501,561449770.0
2023-09-19,9.43,9.43,9.38,9.42,50366432,564044044.0
2023-09-20,9.41,9.43,9.37,9.37,55887241,624785495.0
2023-09-21,9.36,9.36,9.28,9.28,84393011,934673194.0
2023-09-22,9.27,9.45,9.27,9.44,91148430,1017137922.0
2023-09-25,9.44,9.51,9.4,9.43,76121125,856022502.0
2023-09-26,9.43,9.46,9.36,9.38,44498035,497885811.0
2023-09-27,9.37,9.43,9.37,9.38,49031061,547905821.0
2023-09-28,9.4,9.44,9.39,9.41,52069678,583649730.0
2023-10-09,9.38,9.38,9.29,9.33,69582809,772959353.0
2023-10-10,9.4,9.41,9.26,9.26,82074851,910160342.0
2023-10-11,9.32,9.32,9.21,9.22,72411569,797663827.0
2023-10-12,9.33,9.38,9.28,9.33,85305750,947562325.0
2023-10-13,9.27,9.3,9.2,9.24,68448308,753110726.0
2023-10-16,9.24,9.27,9.2,9.25,50162432,550988720.0
2023-10-17,9.25,9.28,9.21,9.26,49352505,543170901.0
2023-10-18,9.23,9.26,9.17,9.2,65182492,713979896.0
2023-10-19,9.17,9.17,8.9,8.91,118896083,1271914677.0
2023-10-20,8.86,8.96,8.83,8.91,52613912,557618632.0
2023-10-23,8.9,8.91,8.76,8.82,53040448,557032229.0
2023-10-24,8.86,8.91,8.77,8.86,76065269,801528404.0
2023-10-25,8.83,8.86,8.7,8.72,141144968,1470971924.0
2023-10-26,8.66,8.75,8.65,8.75,59999147,621915277.0
2023-10-27,8.72,8.8,8.68,8.78,91977136,957587534.0
2023-10-30,8.74,8.8,8.7,8.78,80568955,837646002.0
2023-10-31,8.76,8.81,8.75,8.79,65285523,682212138.0
2023-11-01,8.86,8.87,8.78,8.8,56730035,595211885.0
2023-11-02,8.82,8.91,8.8,8.8,61942995,652316670.0
2023-11-03,8.81,8.84,8.76,8.8,70546347,738879704.0
2023-11-06,8.83,8.98,8.83,8.98,100706221,1069206838.0
2023-11-07,8.96,8.96,8.89,8.91,64086612,679815569.0
2023-11-08,8.89,8.91,8.78,8.82,87781875,923622008.0
2023-11-09,8.79,8.84,8.76,8.81,63913648,669639052.0
2023-11-10,8.78,8.8,8.65,8.65,104504417,1080649734.0
2023-11-13,8.66,8.68,8.59,8.61,77004310,789007118.0
2023-11-14,8.6,8.68,8.59,8.63,59685888,613377698.0
2023-11-15,8.71,8.78,8.69,8.71,110914015,1152154780.0
2023-11-16,8.72,8.73,8.59,8.6,92262194,948395097.0
2023-11-17,8.59,8.61,8.5,8.53,90336217,917616681.0
2023-11-20,8.53,8.59,8.49,8.56,63952831,650077370.0
2023-11-21,8.59,8.7,8.59,8.64,104116573,1072311504.0
2023-11-22,8.62,8.66,8.52,8.54,73748951,753064758.0
2023-11-23,8.53,8.54,8.46,8.53,84665587,855904312.0
2023-11-24,8.49,8.51,8.47,8.49,68469456,691423444.0
2023-11-27,8.48,8.48,8.38,8.41,83618785,836268369.0
2023-11-28,8.39,8.42,8.36,8.36,78617469,784405805.0
2023-11-29,8.36,8.38,8.15,8.17,146759662,1438320264.0
2023-11-30,8.14,8.17,8.08,8.13,90176457,871481712.0
2023-12-01,8.11,8.13,8.05,8.12,77805699,749668364.0
2023-12-04,8.12,8.13,8.07,8.09,60543785,583664338.0
2023-12-05,8.07,8.08,7.96,7.96,78737848,750961220.0
2023-12-06,7.93,8.04,7.9,7.98,75305592,714029469.0
2023-12-07,7.97,7.97,7.88,7.93,58538019,552224831.0
2023-12-08,7.91,7.94,7.81,7.81,102115150,957664581.0
2023-12-11,7.75,7.88,7.67,7.86,113366281,1044765735.0
2023-12-12,7.82,7.98,7.81,7.91,85501642,805067628.0
2023-12-13,7.88,7.89,7.69,7.7,106130165,981001231.0
2023-12-14,7.74,7.8,7.69,7.69,74290056,683211466.0
2023-12-15,7.73,7.86,7.72,7.74,98893942,915126127.0
2023-12-18,7.71,7.76,7.64,7.67,65442562,599379044.0
2023-12-19,7.66,7.7,7.62,7.65,64407088,586716664.0
2023-12-20,7.65,7.69,7.59,7.59,71563363,650511343.0
2023-12-21,7.57,7.72,7.55,7.7,101704676,925407073.0
2023-12-22,7.72,7.8,7.65,7.73,100564502,924998769.0
2023-12-25,7.71,7.73,7.68,7.72,41397088,379638234.0
2023-12-26,7.72,7.73,7.62,7.65,54189633,493746623.0
2023-12-27,7.65,7.67,7.58,7.66,64153435,582036661.0
2023-12-28,7.65,7.96,7.63,7.94,166159184,1550256591.0
2023-12-29,7.91,7.96,7.86,7.89,85385279,803196744.0
2024-01-02,7.89,7.91,7.74,7.74,115836645,1075742252.0
2024-01-03,7.72,7.75,7.69,7.73,73361031,673673614.0
2024-01-04,7.72,7.72,7.63,7.65,86419399,787470082.0
2024-01-05,7.65,7.93,7.62,7.79,199162216,1852659692.0
2024-01-08,7.75,7.81,7.65,7.69,112115619,1029006549.0
2024-01-09,7.7,7.72,7.64,7.71,76619388,700375720.0
2024-01-10,7.7,7.72,7.64,7.64,85862091,783771150.0
2024-01-11,7.63,7.75,7.59,7.7,93468637,853890237.0
2024-01-12,7.67,7.79,7.65,7.72,77258215,711018266.0
2024-01-15,7.7,7.8,7.67,7.74,74513266,685950951.0
2024-01-16,7.72,7.86,7.7,7.85,143831258,1334465409.0
2024-01-17,7.84,7.89,7.75,7.75,148229621,1380725065.0
2024-01-18,7.74,7.76,7.56,7.73,175513247,1597853727.0
2024-01-19,7.7,7.73,7.65,7.7,96398142,881865024.0
2024-01-22,7.7,7.78,7.59,7.65,158031966,1449858242.0
2024-01-23,7.6,7.71,7.53,7.7,113554458,1030898421.0
2024-01-24,7.75,7.85,7.62,7.84,175912316,1620099272.0
2024-01-25,7.84,8.01,7.79,7.98,216251395,2037648413.0
2024-01-26,7.96,8.12,7.93,8.08,227228706,2172799799.0
2024-01-29,8.14,8.3,8.05,8.15,237625184,2312173346.0
2024-01-30,8.07,8.15,7.97,7.98,157912214,1515156604.0
2024-01-31,7.95,8.03,7.88,7.95,135721747,1286857397.0
2024-02-01,7.91,7.96,7.85,7.91,105525987,993481907.0
2024-02-02,7.91,7.96,7.62,7.79,163421431,1520605695.0
2024-02-05,7.72,7.92,7.65,7.88,180359190,1674566499.0
2024-02-06,7.81,8.13,7.8,8.13,199540954,1900324218.0
2024-02-07,8.08,8.12,7.96,8.07,206201497,1975435102.0
2024-02-08,8.05,8.12,8.0,8.12,165681384,1593505690.0
2024-02-19,8.2,8.24,8.11,8.24,160524265,1564088445.0
2024-02-20,8.22,8.27,8.17,8.25,112356398,1098987813.0
2024-02-21,8.22,9.07,8.21,9.07,505528460,5295259397.0
2024-02-22,8.95,9.17,8.92,9.16,492232512,5307736374.0
2024-02-23,9.14,9.44,9.11,9.12,356747950,3917316282.0
2024-02-26,9.06,9.14,8.82,8.85,286260888,3048205025.0
2024-02-27,8.81,8.91,8.79,8.82,198190492,2083027074.0
2024-02-28,8.83,8.99,8.74,8.81,308269265,3253340358.0
2024-02-29,8.75,8.9,8.75,8.9,184534423,1936020983.0
2024-03-01,8.9,8.91,8.76,8.81,182810290,1917689307.0
2024-03-04,8.78,8.82,8.67,8.68,165592954,1719562862.0
2024-03-05,8.65,8.8,8.62,8.76,181731907,1889144330.0
2024-03-06,8.74,8.78,8.68,8.68,134564016,1396940060.0
2024-03-07,8.68,8.94,8.68,8.72,201616589,2109589237.0
2024-03-08,8.7,8.77,8.65,8.72,111397428,1154491251.0
2024-03-11,8.72,8.8,8.69,8.8,121067298,1260212020.0
2024-03-12,8.8,8.9,8.75,8.87,164126237,1721999708.0
2024-03-13,8.85,8.86,8.65,8.68,176803911,1834654994.0
2024-03-14,8.65,8.72,8.57,8.59,140939973,1448499698.0
2024-03-15,8.86,9.03,8.82,8.91,375020789,3973799131.0
2024-03-18,8.87,8.91,8.81,8.86,167139651,1761249150.0
2024-03-19,8.85,8.86,8.73,8.74,129321558,1351069630.0
2024-03-20,8.72,8.8,8.71,8.78,87266316,910278573.0
2024-03-21,8.78,8.84,8.75,8.8,86446625,905422294.0
2024-03-22,8.78,8.78,8.66,8.7,102814174,1065535606.0
2024-03-25,8.7,8.81,8.67,8.74,95320221,993304120.0
2024-03-26,8.78,8.96,8.75,8.91,174002146,1835376191.0
2024-03-27,8.87,8.93,8.83,8.85,127413599,1347397150.0
2024-03-28,8.83,8.88,8.72,8.81,130218892,1362980388.0
2024-03-29,8.78,8.88,8.76,8.84,87275898,917332316.0
2024-04-01,8.84,8.95,8.83,8.94,119108796,1261770380.0
2024-04-02,8.93,8.97,8.85,8.86,108545826,1149700800.0
2024-04-03,8.85,8.86,8.75,8.79,98184585,1028648883.0
2024-04-08,8.75,8.81,8.71,8.76,90636052,945290441.0
2024-04-09,8.76,8.8,8.7,8.74,85715673,891468991.0
2024-04-10,8.72,8.75,8.63,8.64,124639082,1288696196.0
2024-04-11,8.6,8.65,8.5,8.61,101021340,1030820137.0
2024-04-12,8.59,8.63,8.43,8.45,130545371,1322011754.0
2024-04-15,8.46,8.67,8.45,8.65,145320260,1486326196.0
2024-04-16,8.64,8.73,8.59,8.64,147803643,1523138499.0
2024-04-17,8.62,8.93,8.58,8.92,223264057,2337576587.0
2024-04-18,8.89,9.27,8.87,9.07,316591426,3427338982.0
2024-04-19,9.0,9.09,8.96,8.98,145767502,1562376147.0
2024-04-22,8.94,9.08,8.78,8.82,200981837,2125722741.0
2024-04-23,8.83,8.95,8.79,8.86,124002700,1308866093.0
2024-04-24,8.84,8.88,8.79,8.85,94156774,989093538.0
2024-04-25,8.82,8.92,8.8,8.91,111381224,1176304525.0
2024-04-26,8.9,8.96,8.8,8.91,160762751,1698581437.0
2024-04-29,8.87,9.16,8.84,9.08,216917737,2337350884.0
2024-04-30,9.07,9.14,9.01,9.07,132455653,1431407709.0
2024-05-06,9.21,9.33,9.11,9.15,178410057,1953817493.0
2024-05-07,9.13,9.15,9.04,9.14,108705665,1176786413.0
2024-05-08,9.11,9.14,9.0,9.01,122179127,1318612000.0
2024-05-09,9.0,9.09,9.0,9.04,106946063,1150726858.0
2024-05-10,9.05,9.21,9.04,9.19,176783561,1923452177.0
2024-05-13,9.16,9.25,9.08,9.22,140249860,1530058920.0
2024-05-14,9.24,9.29,9.14,9.17,107578391,1176577328.0
2024-05-15,9.16,9.17,9.08,9.1,86829660,942907951.0
2024-05-16,9.12,9.42,9.1,9.38,307629165,3410151917.0
2024-05-17,9.39,9.59,9.35,9.59,284174885,3200736554.0
2024-05-20,9.6,9.69,9.5,9.56,217021030,2475290152.0
2024-05-21,9.51,9.76,9.5,9.7,203004941,2336192875.0
2024-05-22,9.71,9.86,9.63,9.71,211553138,2458448970.0
2024-05-23,9.69,9.74,9.55,9.58,184162290,2110799282.0
2024-05-24,9.55,9.65,9.49,9.5,139827584,1593330336.0
2024-05-27,9.5,9.69,9.5,9.67,145436143,1663272118.0
2024-05-28,9.66,9.73,9.54,9.58,120432285,1377107204.0
2024-05-29,9.56,9.62,9.43,9.46,144481111,1635445613.0
2024-05-30,9.44,9.53,9.29,9.34,132549635,1481608711.0
2024-05-31,9.36,9.4,9.33,9.33,82670676,921248146.0
2024-06-03,9.34,9.35,9.17,9.22,132669675,1456086024.0
2024-06-04,9.2,9.28,9.17,9.26,98100495,1079356561.0
2024-06-05,9.28,9.3,9.13,9.13,101896775,1114155999.0
2024-06-06,9.16,9.22,9.14,9.16,104933153,1145989426.0
2024-06-07,9.17,9.25,9.15,9.23,117012604,1281662986.0
2024-06-11,9.22,9.26,9.07,9.13,133762854,1452841957.0
2024-06-12,9.12,9.17,9.06,9.14,95742635,1037927497.0
2024-06-13,9.15,9.18,9.07,9.07,120350779,1304403407.0
2024-06-14,9.14,9.21,8.99,9.16,163799047,1657433955.0
2024-06-17,9.12,9.14,9.07,9.09,68121702,688669914.0
2024-06-18,9.1,9.14,9.04,9.07,70065308,707829472.0
2024-06-19,9.09,9.19,9.07,9.14,79618418,807676192.0
2024-06-20,9.14,9.15,9.05,9.05,62962757,635070262.0
2024-06-21,9.05,9.08,8.96,9.0,83054528,831176895.0
2024-06-24,8.97,9.06,8.89,8.98,94708154,944907466.0
2024-06-25,8.99,9.12,8.98,9.07,76999281,775332072.0
2024-06-26,9.05,9.12,9.02,9.07,62859871,633763882.0
2024-06-27,9.05,9.19,9.0,9.12,92888197,938954398.0
2024-06-28,9.09,9.23,9.08,9.14,91808992,933947813.0
2024-07-01,9.08,9.32,9.04,9.32,134305149,1372549620.0
2024-07-02,9.27,9.43,9.25,9.36,138438570,1440864391.0
2024-07-03,9.36,9.39,9.26,9.28,71306746,737326421.0
2024-07-04,9.27,9.34,9.23,9.23,73504424,757464387.0
2024-07-05,9.23,9.26,8.93,8.97,171335386,1721256576.0
2024-07-08,8.95,9.02,8.87,8.94,86865962,864791776.0
2024-07-09,8.95,9.09,8.92,9.06,103248530,1034316511.0
2024-07-10,9.06,9.18,9.05,9.13,87386511,886626727.0
2024-07-11,9.19,9.21,9.06,9.12,72139225,731789332.0
2024-07-12,9.11,9.28,9.11,9.28,121416369,1246877666.0
2024-07-15,9.28,9.32,9.23,9.3,86941247,896975833.0
2024-07-16,9.3,9.33,9.22,9.27,94300811,971564895.0
2024-07-17,9.27,9.38,9.25,9.36,122016835,1266412580.0
2024-07-18,9.34,9.39,9.27,9.37,108706102,1127365071.0
2024-07-19,9.34,9.38,9.26,9.33,89872324,929722662.0
2024-07-22,9.32,9.34,9.17,9.21,99448087,1018663806.0
2024-07-23,9.23,9.3,9.14,9.16,102015363,1046994471.0
2024-07-24,9.16,9.22,9.11,9.12,72451757,736332832.0
2024-07-25,9.11,9.14,9.0,9.08,85640443,861750366.0
2024-07-26,9.09,9.11,8.97,9.03,92955195,931879546.0
2024-07-29,9.02,9.13,8.97,9.1,78155243,788019059.0
2024-07-30,9.09,9.12,9.03,9.07,61326795,618056610.0
2024-07-31,9.07,9.25,9.06,9.24,109690634,1117768675.0
2024-08-01,9.23,9.29,9.15,9.24,73388377,752688220.0
2024-08-02,9.2,9.23,9.12,9.13,59022876,601173371.0
2024-08-05,9.1,9.2,9.05,9.05,75897852,768980625.0
2024-08-06,9.06,9.11,8.9,8.94,126553691,1261997757.0
2024-08-07,8.96,8.98,8.92,8.94,51760842,514848813.0
2024-08-08,8.93,8.98,8.91,8.95,50041067,497548149.0
2024-08-09,8.96,9.09,8.95,9.04,73027396,732886456.0
2024-08-12,9.02,9.05,8.98,9.01,35301346,353251351.0
2024-08-13,9.02,9.03,8.93,8.96,62207720,620061492.0
2024-08-14,8.95,8.98,8.92,8.93,43638038,433380447.0
2024-08-15,8.93,9.05,8.88,9.03,77624747,775851461.0
2024-08-16,9.07,9.19,9.05,9.12,126036761,1277042001.0
2024-08-19,9.12,9.27,9.11,9.26,148298526,1520594688.0
2024-08-20,9.29,9.39,9.25,9.31,156918665,1623147686.0
2024-08-21,9.27,9.34,9.19,9.32,103488781,1068207868.0
2024-08-22,9.31,9.41,9.29,9.34,110903039,1153871816.0
2024-08-23,9.35,9.45,9.29,9.42,107190571,1117475768.0
2024-08-26,9.45,9.5,9.38,9.44,74067524,775921849.0
2024-08-27,9.42,9.47,9.33,9.39,72313658,755583764.0
2024-08-28,9.37,9.39,9.25,9.3,94254754,973872155.0
2024-08-29,9.28,9.34,9.1,9.12,119767631,1221351092.0
2024-08-30,9.1,9.23,9.1,9.14,129405908,1318858688.0
2024-09-02,9.11,9.19,9.08,9.1,96883550,983898751.0
2024-09-03,9.1,9.12,9.0,9.07,91658122,920884663.0
2024-09-04,9.05,9.14,9.0,9.02,84799233,852224670.0
2024-09-05,9.03,9.07,8.98,9.06,59420876,595845843.0
2024-09-06,9.05,9.19,9.05,9.07,87886543,891507834.0
2024-09-09,9.05,9.06,8.86,8.87,163917451,1624857668.0
2024-09-10,8.87,8.93,8.8,8.91,76790114,756124764.0
2024-09-11,8.89,8.89,8.67,8.69,110872704,1078602468.0
2024-09-12,8.69,8.79,8.65,8.77,58183405,564923216.0
2024-09-13,8.76,8.84,8.73,8.73,56646190,553269704.0
2024-09-18,8.75,8.8,8.69,8.79,44361099,431665627.0
2024-09-19,8.81,8.86,8.71,8.83,68429311,669341182.0
2024-09-20,8.83,8.91,8.8,8.91,79729714,785121199.0
2024-09-23,8.9,9.08,8.88,9.04,89690755,897428030.0
2024-09-24,9.1,9.33,9.07,9.33,163821319,1678174482.0
2024-09-25,9.47,9.63,9.41,9.45,216069398,2285995369.0
2024-09-26,9.45,10.04,9.45,10.04,308645720,3341759456.0
2024-09-27,10.22,10.4,9.93,10.28,384001637,4337985143.0
2024-09-30,10.46,11.07,10.4,10.99,543028364,6467438838.0
2024-10-08,12.09,12.09,11.11,11.59,588897778,7602664024.0
2024-10-09,11.37,11.37,10.49,10.51,426934506,5172049702.0
2024-10-10,10.68,11.27,10.67,11.01,342642168,4095573501.0
2024-10-11,11.03,11.19,10.65,10.78,207089057,2455848197.0
2024-10-14,11.01,11.2,10.84,11.05,240059509,2881934272.0
2024-10-15,10.98,11.24,10.92,10.94,207284077,2500974427.0
2024-10-16,10.85,11.2,10.82,11.09,191449353,2301340929.0
2024-10-17,11.1,11.24,10.97,10.99,165370809,1993261646.0
2024-10-18,10.95,11.2,10.74,11.07,260465416,3105820973.0
2024-10-21,10.98,10.98,10.69,10.86,280665467,3302020181.0
2024-10-22,10.81,10.97,10.78,10.84,161778713,1908438725.0
2024-10-23,10.87,10.93,10.8,10.9,151186604,1787236762.0
2024-10-24,10.86,10.9,10.78,10.8,88529942,1042818619.0
2024-10-25,10.82,10.83,10.75,10.77,110575468,1296844369.0
2024-10-28,10.74,10.74,10.6,10.7,116948698,1356008963.0
2024-10-29,10.68,10.79,10.6,10.61,119802482,1391150259.0
2024-10-30,10.57,10.65,10.36,10.41,148240279,1686501658.0
2024-10-31,10.42,10.52,10.33,10.46,125020539,1419624319.0
2024-11-01,10.46,10.62,10.43,10.51,158981111,1821423447.0
2024-11-04,10.51,10.54,10.35,10.54,113151611,1285874126.0
2024-11-05,10.5,10.72,10.47,10.71,166541840,1925260700.0
2024-11-06,10.68,10.7,10.55,10.62,146228636,1689977501.0
2024-11-07,10.57,10.97,10.55,10.95,224284379,2627007561.0
2024-11-08,10.98,11.04,10.76,10.78,189510415,2239060534.0
2024-11-11,10.69,10.74,10.55,10.67,148695164,1717961562.0
2024-11-12,10.65,10.89,10.58,10.61,171766255,2005791408.0
2024-11-13,10.57,10.76,10.55,10.67,108626328,1260161857.0
2024-11-14,10.66,10.76,10.6,10.61,115978311,1348378229.0
2024-11-15,10.57,10.67,10.5,10.52,121578351,1399308729.0
2024-11-18,10.69,11.07,10.68,10.8,379732445,4493249093.0
2024-11-19,10.8,11.0,10.62,10.74,243003665,2849661696.0
2024-11-20,10.73,10.8,10.67,10.7,128657248,1498818034.0
2024-11-21,10.68,10.71,10.63,10.66,88340806,1023998432.0
2024-11-22,10.66,10.67,10.37,10.37,162531744,1858071592.0
2024-11-25,10.37,10.43,10.24,10.28,116602032,1310130629.0
2024-11-26,10.28,10.4,10.24,10.36,83107820,933733855.0
2024-11-27,10.33,10.47,10.25,10.47,89517805,1010001964.0
2024-11-28,10.47,10.5,10.41,10.43,73316854,833121339.0
2024-11-29,10.45,10.54,10.43,10.46,102848758,1173316154.0
2024-12-02,10.47,10.48,10.4,10.47,97543366,1108785597.0
2024-12-03,10.45,10.57,10.44,10.56,108255936,1236992678.0
2024-12-04,10.52,10.6,10.45,10.54,100747059,1154623370.0
2024-12-05,10.52,10.57,10.49,10.52,68710883,786137964.0
2024-12-06,10.52,10.76,10.51,10.72,172626927,2004270466.0
2024-12-09,10.69,10.78,10.66,10.73,96406316,1123441855.0
2024-12-10,10.94,10.99,10.8,10.84,216780724,2564600677.0
2024-12-11,10.84,10.88,10.78,10.78,96769145,1138374175.0
2024-12-12,10.78,10.91,10.77,10.9,98623459,1164062448.0
2024-12-13,10.84,10.85,10.63,10.63,134379289,1565589089.0
2024-12-16,10.63,10.72,10.6,10.64,80571778,934226189.0
2024-12-17,10.64,10.71,10.59,10.6,80211995,929225455.0
2024-12-18,10.65,10.79,10.64,10.71,101658966,1186285805.0
2024-12-19,10.66,10.7,10.61,10.66,69737904,808465664.0
2024-12-20,10.66,10.76,10.65,10.68,71464627,831437460.0
2024-12-23,10.7,10.89,10.7,10.78,165940476,1953519499.0
2024-12-24,10.78,10.91,10.78,10.9,135083691,1595698790.0
2024-12-25,10.9,11.05,10.89,10.96,147528294,1759956630.0
2024-12-26,10.96,10.97,10.83,10.9,100007470,1183745519.0
2024-12-27,10.91,10.94,10.72,10.88,129001228,1518383345.0
2024-12-30,10.83,11.01,10.83,10.99,135184636,1610892096.0
2024-12-31,10.97,11.02,10.76,10.76,147536733,1747242074.0
2025-01-02,10.78,10.82,10.47,10.51,181959699,2102923078.0
2025-01-03,10.52,10.61,10.44,10.46,115468044,1320520978.0
2025-01-06,10.46,10.55,10.32,10.52,108553630,1234305778.0
2025-01-07,10.5,10.6,10.45,10.58,74786288,858329049.0
2025-01-08,10.57,10.69,10.48,10.57,106238601,1223598997.0
2025-01-09,10.57,10.57,10.44,10.48,75148330,857836086.0
2025-01-10,10.48,10.54,10.37,10.39,79813351,905005041.0
2025-01-13,10.34,10.35,10.19,10.3,93496618,1044904416.0
2025-01-14,10.3,10.48,10.29,10.46,82462895,934467766.0
2025-01-15,10.46,10.65,10.44,10.55,103163082,1185403653.0
2025-01-16,10.62,10.66,10.55,10.64,87296399,1007689274.0
2025-01-17,10.6,10.62,10.5,10.53,68976486,791230419.0
2025-01-20,10.57,10.59,10.48,10.5,83202913,953092179.0
2025-01-21,10.53,10.53,10.41,10.42,90206894,1024879174.0
2025-01-22,10.41,10.42,10.19,10.2,134712922,1504818607.0
2025-01-23,10.27,10.48,10.27,10.41,151492027,1715172472.0
2025-01-24,10.41,10.47,10.32,10.43,94494421,1069899088.0
2025-01-27,10.46,10.62,10.46,10.55,115193471,1324270607.0
2025-02-05,10.57,10.59,10.42,10.45,84343370,961193579.0
2025-02-06,10.44,10.53,10.39,10.44,95560325,1084793176.0
2025-02-07,10.44,10.53,10.4,10.46,140749262,1601621980.0
2025-02-10,10.46,10.57,10.44,10.51,102659093,1174044624.0
2025-02-11,10.48,10.55,10.45,10.5,84452003,963865615.0
2025-02-12,10.49,10.51,10.43,10.5,98880683,1125323633.0
2025-02-13,10.5,10.62,10.48,10.57,135863927,1560709511.0
2025-02-14,10.56,10.62,10.51,10.62,97305774,1118355997.0
2025-02-17,10.67,10.85,10.62,10.83,206196542,2413146067.0
2025-02-18,10.81,11.0,10.81,10.86,199661049,2371071467.0
2025-02-19,10.85,10.86,10.74,10.77,117774895,1382467174.0
2025-02-20,10.77,10.81,10.71,10.72,78439627,917231443.0
2025-02-21,10.75,10.77,10.62,10.7,97396897,1131033824.0
2025-02-24,10.69,10.75,10.63,10.66,94995617,1103548964.0
2025-02-25,10.63,10.65,10.54,10.55,91715602,1055685157.0
2025-02-26,10.55,10.67,10.55,10.59,84164552,970641211.0
2025-02-27,10.6,10.69,10.54,10.68,97730975,1130386662.0
2025-02-28,10.65,10.74,10.57,10.6,94908806,1100335054.0
2025-03-03,10.59,10.63,10.53,10.58,83045695,955266366.0
2025-03-04,10.55,10.62,10.52,10.58,68317873,785447989.0
2025-03-05,10.59,10.73,10.55,10.72,108064544,1254892074.0
2025-03-06,10.75,10.76,10.67,10.69,87740771,1021780609.0
2025-03-07,10.69,10.75,10.67,10.73,83553669,973236690.0
2025-03-10,10.72,10.73,10.62,10.66,66383393,769261385.0
2025-03-11,10.61,10.67,10.59,10.67,60897527,704240464.0
2025-03-12,10.67,10.91,10.63,10.9,187731840,2210904482.0
2025-03-13,10.86,10.95,10.83,10.89,131237121,1555123174.0
2025-03-14,10.87,11.03,10.87,11.01,172241765,2057970454.0
2025-03-17,10.69,10.73,10.54,10.57,460361210,5315522817.0
2025-03-18,10.59,10.61,10.55,10.56,160529000,1846500421.0
2025-03-19,10.55,10.6,10.54,10.59,136245491,1566452161.0
2025-03-20,10.58,10.67,10.56,10.56,110115724,1268849140.0
2025-03-21,10.56,10.59,10.47,10.5,137638897,1576151833.0
2025-03-24,10.49,10.52,10.43,10.46,116457734,1325564002.0
2025-03-25,10.46,10.51,10.44,10.51,73560888,839142044.0
2025-03-26,10.5,10.51,10.45,10.46,74086307,843536936.0
2025-03-27,10.45,10.49,10.44,10.47,55334940,629863383.0
2025-03-28,10.47,10.48,10.43,10.44,64494555,732420874.0
2025-03-31,10.44,10.46,10.35,10.35,111612564,1262598263.0
2025-04-01,10.36,10.39,10.32,10.36,68147042,767424131.0
2025-04-02,10.34,10.49,10.34,10.45,93264176,1058747241.0
2025-04-03,10.4,10.47,10.39,10.43,64391391,730375808.0
2025-04-07,10.11,10.16,9.64,9.84,254556048,2751055412.0
2025-04-08,9.82,9.98,9.8,9.95,146398771,1576590040.0
2025-04-09,9.87,9.96,9.8,9.93,106439405,1145238958.0
2025-04-10,9.98,10.05,9.95,10.02,86654805,943352302.0
2025-04-11,9.99,10.02,9.96,10.01,58387902,634311780.0
2025-04-14,10.07,10.15,10.04,10.05,78599345,862557144.0
2025-04-15,10.04,10.09,10.02,10.07,72275410,790139077.0
2025-04-16,10.05,10.12,10.03,10.11,84282217,923316063.0
2025-04-17,10.07,10.19,10.05,10.17,82391931,907597513.0
2025-04-18,10.15,10.29,10.14,10.28,72709815,810031605.0
2025-04-21,10.11,10.23,10.09,10.13,111418418,1230804536.0
2025-04-22,10.13,10.17,10.1,10.15,83112887,915967678.0
2025-04-23,10.15,10.16,10.09,10.12,58638293,645842400.0
2025-04-24,10.11,10.17,10.1,10.14,68925613,760348555.0
2025-04-25,10.15,10.16,10.1,10.12,63754686,702315255.0
2025-04-28,10.11,10.15,10.08,10.11,64201837,706520176.0
2025-04-29,10.11,10.13,10.07,10.1,64904494,712792543.0
2025-04-30,10.08,10.09,10.01,10.03,86983492,949911030.0
2025-05-06,10.04,10.11,10.01,10.08,85467127,935212114.0
2025-05-07,10.12,10.15,10.09,10.14,112627001,1240098147.0
2025-05-08,10.11,10.19,10.1,10.19,105661366,1167913498.0
2025-05-09,10.18,10.27,10.17,10.25,99989747,1113688153.0
2025-05-12,10.26,10.32,10.23,10.26,89560460,1000478411.0
2025-05-13,10.29,10.42,10.25,10.38,126103062,1420501315.0
2025-05-14,10.38,10.55,10.34,10.51,168351358,1912995433.0
2025-05-15,10.51,10.57,10.46,10.47,103546026,1183732832.0
2025-05-16,10.45,10.51,10.4,10.46,91474445,1039223623.0
2025-05-19,10.48,10.55,10.44,10.45,83139060,949883545.0
2025-05-20,10.48,10.55,10.45,10.47,64363480,734455266.0
2025-05-21,10.48,10.66,10.47,10.55,132827810,1528350368.0
2025-05-22,10.53,10.63,10.52,10.62,100296806,1155265064.0
2025-05-23,10.62,10.67,10.51,10.54,96264311,1108636101.0
2025-05-26,10.52,10.57,10.48,10.5,69915858,800495685.0
2025-05-27,10.53,10.61,10.5,10.56,80191514,921912281.0
2025-05-28,10.57,10.62,10.52,10.6,65817947,757571319.0
2025-05-29,10.59,10.62,10.53,10.54,91980676,1056726384.0
2025-05-30,10.55,10.65,10.52,10.63,113084931,1303433716.0
2025-06-03,10.61,10.95,10.6,10.86,219247966,2580962601.0
2025-06-04,10.87,10.92,10.83,10.89,116795950,1383019682.0
2025-06-05,10.92,10.95,10.72,10.73,116680349,1369212336.0
2025-06-06,10.76,10.84,10.74,10.76,68235251,799900024.0
2025-06-09,10.78,10.8,10.71,10.77,77325468,905092605.0
2025-06-10,10.78,10.93,10.77,10.86,142813180,1689018780.0
2025-06-11,10.87,10.97,10.84,10.9,109466664,1298656315.0
2025-06-12,10.96,11.1,10.93,11.08,129022047,1500287176.0
2025-06-13,11.08,11.13,10.96,10.98,109549419,1272773101.0
2025-06-16,10.97,11.18,10.93,11.18,117443827,1371041708.0
2025-06-17,11.18,11.27,11.11,11.15,89002734,1048960749.0
2025-06-18,11.17,11.2,11.06,11.16,68352111,802908098.0
2025-06-19,11.15,11.17,11.05,11.1,83224716,974127331.0
2025-06-20,11.1,11.25,11.07,11.23,130919782,1544541881.0
2025-06-23,11.2,11.35,11.07,11.31,138917048,1646476917.0
2025-06-24,11.29,11.39,11.23,11.31,130852531,1560621893.0
2025-06-25,11.31,11.46,11.22,11.44,167511647,2007989727.0
2025-06-26,11.43,11.84,11.39,11.77,217457766,2672207529.0
2025-06-27,11.73,11.93,11.5,11.57,237760015,2937865058.0
2025-06-30,11.51,11.54,11.34,11.45,150481965,1812492377.0
2025-07-01,11.44,11.69,11.44,11.67,135434108,1653806750.0
2025-07-02,11.67,11.77,11.6,11.68,120041184,1481842213.0
2025-07-03,11.69,11.78,11.65,11.71,79408597,980546007.0
2025-07-04,11.71,12.06,11.67,11.95,177533267,2224874056.0
2025-07-07,11.95,12.16,11.95,12.12,149540653,1901755851.0
2025-07-08,12.09,12.18,12.0,12.04,109098597,1387093602.0
2025-07-09,12.01,12.23,12.01,12.18,120596330,1542699035.0
2025-07-10,12.16,12.64,12.13,12.5,248141553,3249454029.0
2025-07-11,12.51,12.61,12.22,12.24,244374350,3200219566.0
2025-07-14,12.21,12.49,12.2,12.31,187289585,2440924105.0
2025-07-15,12.32,12.37,12.05,12.07,181053131,2322277285.0
2025-07-16,12.07,12.1,11.85,11.99,192786379,2424983973.0
2025-07-17,11.96,12.04,11.89,11.94,94464140,1189666227.0
2025-07-18,11.97,12.09,11.95,12.04,124120611,1574176824.0
2025-07-21,11.99,12.05,11.9,11.96,107902662,1360155719.0
2025-07-22,11.95,11.95,11.68,11.85,193522916,2408337286.0
2025-07-23,11.82,11.98,11.81,11.88,137052000,1719158803.0
2025-07-24,11.88,11.88,11.69,11.71,195935057,2426175236.0
2025-07-25,11.69,11.82,11.68,11.71,110826666,1372103731.0
2025-07-28,11.71,11.88,11.68,11.82,123824278,1541317047.0
2025-07-29,11.82,11.86,11.7,11.7,101281801,1255113972.0
2025-07-30,11.71,11.99,11.7,11.85,171516360,2149934405.0
2025-07-31,11.86,11.9,11.59,11.6,169008125,2079630602.0
2025-08-01,11.61,11.69,11.52,11.65,101218698,1240239180.0
2025-08-04,11.61,11.74,11.58,11.67,103268969,1271376407.0
2025-08-05,11.67,11.85,11.65,11.83,113207820,1405152349.0
2025-08-06,11.83,11.87,11.76,11.82,69044765,859684675.0
2025-08-07,11.8,11.88,11.75,11.83,72205305,900760013.0
2025-08-08,11.84,11.88,11.75,11.76,82979591,1032586759.0
2025-08-11,11.76,11.78,11.64,11.67,93435315,1150305113.0
2025-08-12,11.67,11.76,11.67,11.69,68005619,839635630.0
2025-08-13,11.73,11.76,11.6,11.63,111981305,1376777909.0
2025-08-14,11.64,11.7,11.56,11.57,124104129,1523447932.0
2025-08-15,11.6,11.6,11.32,11.46,194850295,2344073499.0
2025-08-18,11.44,11.52,11.41,11.46,123905837,1496527039.0
2025-08-19,11.48,11.49,11.4,11.44,89285989,1077380173.0
2025-08-20,11.44,11.49,11.36,11.45,104873853,1265435773.0
2025-08-21,11.43,11.56,11.41,11.52,121741825,1477053292.0
2025-08-22,11.52,11.54,11.36,11.44,164425977,1979461311.0
2025-08-25,11.49,11.88,11.48,11.81,304508753,3761289076.0
2025-08-26,11.81,11.85,11.67,11.72,138359861,1709560923.0
2025-08-27,11.68,11.72,11.43,11.44,186004950,2268070721.0
2025-08-28,11.47,11.51,11.35,11.46,165358793,1991723374.0
2025-08-29,11.43,11.59,11.41,11.43,180512568,2186232853.0
2025-09-01,11.43,11.43,11.24,11.28,185845902,2214306332.0
2025-09-02,11.24,11.37,11.23,11.36,149271566,1780010209.0
2025-09-03,11.36,11.39,11.13,11.14,136723249,1619322977.0
2025-09-04,11.15,11.16,11.0,11.13,129530002,1513956779.0
2025-09-05,11.12,11.13,11.03,11.12,81966156,957547463.0
2025-09-08,11.11,11.17,11.07,11.1,92443104,1083054608.0
2025-09-09,11.11,11.17,11.08,11.14,86053917,1009279729.0
2025-09-10,11.13,11.18,11.11,11.16,79266839,932170201.0
2025-09-11,11.16,11.24,11.11,11.24,96393163,1134234367.0
2025-09-12,11.22,11.27,11.1,11.12,94038510,1107449057.0
2025-09-15,11.1,11.12,11.03,11.05,84038656,980347617.0
2025-09-16,11.06,11.11,11.01,11.04,70804849,825169464.0
2025-09-17,11.04,11.07,10.98,11.04,77112893,896750270.0
2025-09-18,11.05,11.06,10.79,10.82,138616040,1594827200.0
2025-09-19,10.82,10.92,10.78,10.86,83465123,955004097.0
2025-09-22,10.85,10.88,10.78,10.79,59640232,680158439.0
2025-09-23,10.78,10.98,10.74,10.93,134143022,1543271185.0
2025-09-24,10.92,11.02,10.84,10.87,113958347,1310214181.0
2025-09-25,10.84,10.88,10.77,10.81,77327594,881943148.0
2025-09-26,10.8,10.85,10.74,10.81,75323875,856917688.0
2025-09-29,10.81,10.89,10.69,10.78,117601243,1334456974.0
2025-09-30,10.78,10.78,10.71,10.75,83247947,942224081.0
2025-10-09,10.75,10.82,10.69,10.81,104746906,1187061683.0
2025-10-10,10.78,10.9,10.77,10.84,108794775,1244213513.0
2025-10-13,10.74,10.87,10.7,10.81,116880173,1328180364.0
2025-10-14,10.8,11.0,10.77,10.97,184342836,2124120304.0
2025-10-15,10.98,11.06,10.9,11.04,127106103,1443458105.0
2025-10-16,11.02,11.18,11.0,11.17,126193687,1447841585.0
2025-10-17,11.13,11.21,11.02,11.04,103966632,1193518555.0
2025-10-20,11.05,11.09,10.91,11.06,95264110,1081829700.0
2025-10-21,11.04,11.1,11.03,11.07,76116462,869658080.0
2025-10-22,11.04,11.17,11.04,11.15,83370319,957661636.0
2025-10-23,11.15,11.34,11.13,11.26,137311158,1593155218.0
2025-10-24,11.23,11.31,11.18,11.19,98047530,1138026681.0
2025-10-27,11.17,11.24,11.08,11.15,123948526,1428199707.0
2025-10-28,11.16,11.21,11.06,11.1,82156818,943626835.0
2025-10-29,11.09,11.09,11.0,11.03,96621364,1100783363.0
2025-10-30,11.02,11.1,11.0,11.02,94377015,1077182643.0
2025-10-31,11.02,11.04,10.94,10.96,97019293,1099179193.0
2025-11-03,10.98,11.08,10.94,11.07,95232643,1084422504.0
2025-11-04,11.06,11.27,11.04,11.22,150300748,1737289514.0
2025-11-05,11.22,11.23,11.13,11.15,79492605,918112474.0
2025-11-06,11.13,11.21,11.1,11.14,76658546,882799462.0
2025-11-07,11.15,11.21,11.13,11.18,73485055,848177984.0
2025-11-10,11.15,11.27,11.09,11.26,82720833,957555601.0
2025-11-11,11.25,11.32,11.2,11.3,88650887,1033284776.0
2025-11-12,11.33,11.41,11.28,11.31,114132538,1337963805.0
2025-11-13,11.31,11.35,11.2,11.33,97899103,1139765204.0
2025-11-14,11.3,11.46,11.29,11.38,131699498,1551867288.0
2025-11-17,11.38,11.38,11.25,11.3,99523287,1161416222.0
2025-11-18,11.28,11.32,11.2,11.22,67007735,778887578.0
2025-11-19,11.21,11.45,11.2,11.42,133499619,1565428547.0
2025-11-20,11.41,11.61,11.37,11.47,163703985,1948415940.0
2025-11-21,11.42,11.5,11.29,11.32,146535888,1721871193.0
2025-11-24,11.33,11.36,11.23,11.23,111711880,1302444630.0
2025-11-25,11.24,11.42,11.21,11.42,102808052,1203879797.0
2025-11-26,11.43,11.47,11.28,11.32,82130109,962935430.0
2025-11-27,11.29,11.34,11.21,11.34,101184710,1178308953.0
2025-11-28,11.3,11.31,11.21,11.24,88435845,1027933464.0
2025-12-01,11.23,11.33,11.16,11.32,103732271,1205480323.0
2025-12-02,11.31,11.36,11.22,11.27,76805993,894720592.0
2025-12-03,11.27,11.33,11.17,11.18,94460109,1099167227.0
2025-12-04,11.18,11.21,11.09,11.12,88608988,1019178990.0
2025-12-05,11.12,11.17,11.04,11.16,89076609,1022334912.0
2025-12-08,11.12,11.23,11.11,11.15,85589893,988510035.0
2025-12-09,11.15,11.17,11.07,11.07,73395745,842732358.0
2025-12-10,11.08,11.09,10.93,10.97,104406472,1184087688.0
2025-12-11,10.99,11.03,10.94,11.01,92526129,1049906216.0
2025-12-12,11.01,11.07,10.94,10.99,119189472,1357465371.0
2025-12-15,10.98,11.17,10.97,11.14,94083253,1080642231.0
2025-12-16,11.12,11.18,11.08,11.11,64735136,743389002.0
2025-12-17,11.1,11.21,11.06,11.16,70149533,807135164.0
2025-12-18,11.14,11.28,11.11,11.27,79046654,916247611.0
2025-12-19,11.26,11.28,11.21,11.25,64988619,755106127.0
2025-12-22,11.24,11.24,11.14,11.15,74236916,857197057.0
2025-12-23,11.15,11.23,11.13,11.19,66626574,770081940.0
2025-12-24,11.18,11.21,11.12,11.17,50524356,582458735.0
2025-12-25,11.17,11.25,11.15,11.19,54745523,633772625.0
2025-12-26,11.19,11.22,11.16,11.17,43633984,504079280.0
2025-12-29,11.17,11.25,11.13,11.19,64829542,749082978.0
2025-12-30,11.16,11.19,11.09,11.11,58258433,669409275.0
2025-12-31,11.11,11.12,11.04,11.05,59062037,675457357.0
2026-01-05,11.06,11.14,11.05,11.13,87549118,1003479224.0
2026-01-06,11.13,11.31,11.11,11.3,130464842,1512911584.0
2026-01-07,11.29,11.44,11.25,11.27,96623624,1131165699.0
2026-01-08,11.27,11.28,11.12,11.14,110008511,1268647295.0
2026-01-09,11.16,11.16,11.08,11.09,98339004,1128076547.0
2026-01-12,11.09,11.12,11.06,11.11,85521298,979700148.0
2026-01-13,11.11,11.17,11.08,11.1,106154122,1219755569.0
2026-01-14,11.1,11.1,10.99,11.0,127475714,1454416591.0
2026-01-15,10.97,11.01,10.94,10.95,88495977,1002514947.0
2026-01-16,10.98,10.98,10.8,10.83,111947254,1257713579.0
2026-01-19,10.79,10.85,10.76,10.77,80474131,896712443.0
2026-01-20,10.77,10.84,10.76,10.8,77227609,861694178.0
2026-01-21,10.79,10.82,10.71,10.72,90012491,1001045288.0
2026-01-22,10.72,10.79,10.7,10.72,78863462,873985785.0
2026-01-23,10.72,10.74,10.63,10.64,110999429,1224886436.0
2026-01-26,10.63,10.71,10.57,10.61,110624665,1214803431.0
2026-01-27,10.61,10.68,10.58,10.59,89409121,981119838.0
2026-01-28,10.59,10.64,10.48,10.49,143876603,1570012850.0
2026-01-29,10.49,10.63,10.32,10.61,185299383,2001845208.0
2026-01-30,10.59,10.68,10.48,10.48,109175497,1191181198.0
2026-02-02,10.48,10.68,10.46,10.51,122317302,1337643445.0
2026-02-03,10.54,10.55,10.43,10.49,80662816,872562155.0
2026-02-04,10.5,10.63,10.49,10.62,69541547,760107689.0
2026-02-05,10.63,10.76,10.61,10.74,117759109,1301134142.0
2026-02-06,10.73,10.79,10.64,10.7,72770959,803862241.0
2026-02-09,10.7,10.76,10.66,10.72,61971670,685218215.0
2026-02-10,10.72,10.75,10.67,10.71,60042999,664140162.0
2026-02-11,10.71,10.74,10.67,10.72,43104098,476801864.0
2026-02-12,10.72,10.73,10.58,10.61,68134024,748338547.0
2026-02-13,10.61,10.64,10.55,10.56,55504736,607501376.0
2026-02-24,10.58,10.6,10.53,10.56,60251240,657487700.0
2026-02-25,10.56,10.6,10.44,10.51,106313487,1156693737.0
2026-02-26,10.51,10.56,10.46,10.52,71273019,772947727.0
2026-02-27,10.51,10.57,10.49,10.55,61222796,666177346.0
2026-03-02,10.5,10.54,10.43,10.5,83887355,908747812.0
2026-03-03,10.5,10.6,10.46,10.53,102869483,1119402076.0
2026-03-04,10.49,10.49,10.33,10.37,108971396,1167995856.0
2026-03-05,10.38,10.49,10.36,10.47,71264118,768553598.0
2026-03-06,10.44,10.49,10.43,10.48,47657680,514733550.0
2026-03-09,10.45,10.48,10.4,10.42,83589238,900716851.0
2026-03-10,10.43,10.47,10.39,10.47,79011168,850573536.0
2026-03-11,10.45,10.55,10.43,10.54,72053464,781041009.0
2026-03-12,10.52,10.61,10.5,10.59,75490558,824171954.0
2026-03-13,10.58,10.65,10.52,10.58,84193915,920839356.0
2026-03-16,10.58,10.62,10.53,10.57,71560301,782089441.0
2026-03-17,10.56,10.72,10.55,10.68,107665681,1187565492.0
2026-03-18,10.69,10.69,10.56,10.61,79107940,867711250.0
2026-03-19,10.57,10.62,10.51,10.53,62421195,681086519.0
2026-03-20,10.52,10.59,10.42,10.43,83408256,903819004.0
2026-03-23,10.34,10.34,10.1,10.12,158008833,1666328348.0
2026-03-24,10.18,10.54,10.18,10.53,162225127,1744746708.0
2026-03-25,10.54,10.6,10.45,10.59,74477991,809739890.0
2026-03-26,10.56,10.7,10.55,10.59,82766409,909199431.0
2026-03-27,10.56,10.7,10.48,10.67,88412862,972821270.0
2026-03-30,10.63,10.7,10.59,10.64,63252210,696208267.0
2026-03-31,10.65,10.82,10.64,10.73,116456534,1294675716.0
2026-04-01,10.74,10.87,10.73,10.79,91892539,1025538833.0
2026-04-02,10.79,10.96,10.78,10.91,114889522,1292756712.0
2026-04-03,10.92,10.92,10.74,10.77,75775733,845283641.0
2026-04-07,10.77,10.79,10.62,10.68,60795521,671322755.0
2026-04-08,10.76,10.86,10.7,10.86,81297589,906308305.0
2026-04-09,10.81,10.86,10.71,10.75,60236493,669239285.0
2026-04-10,10.75,10.78,10.72,10.74,48104693,534088991.0
2026-04-13,10.7,10.74,10.68,10.72,40610413,449056814.0
2026-04-14,10.72,10.81,10.72,10.81,49615109,551741633.0
2026-04-15,10.8,10.86,10.79,10.85,50393793,564031568.0
2026-04-16,10.84,10.87,10.72,10.74,68091460,758006903.0
2026-04-17,10.74,10.76,10.64,10.66,72253042,797678406.0
2026-04-20,10.66,10.72,10.61,10.71,63003366,695097194.0
2026-04-21,10.69,10.8,10.68,10.73,80694634,896659539.0
2026-04-22,10.73,10.74,10.6,10.63,83905399,923203009.0
2026-04-23,10.63,10.68,10.58,10.65,64806661,711757543.0
2026-04-24,10.63,10.68,10.57,10.65,58271012,639781173.0
2026-04-27,10.97,11.2,10.93,11.02,340127567,3891707615.0
2026-04-28,11.0,11.09,10.96,11.09,167425883,1908333959.0
2026-04-29,11.07,11.17,11.03,11.15,137842344,1583294869.0
2026-04-30,11.13,11.23,11.09,11.12,113924162,1312827776.0
2026-05-06,11.13,11.13,10.94,11.0,121638755,1380730921.0
2026-05-07,11.01,11.03,10.94,11.01,93695806,1062755239.0
2026-05-08,10.98,11.06,10.94,10.94,79881986,905737835.0
2026-05-11,10.93,10.95,10.8,10.92,93186521,1047435369.0
2026-05-12,10.92,11.0,10.85,10.89,102903842,1158241866.0
2026-05-13,10.89,10.92,10.76,10.79,101797392,1136724107.0
2026-05-14,10.79,10.79,10.7,10.7,79436841,881960631.0
2026-05-15,10.7,10.76,10.61,10.64,97474176,1074648533.0
2026-05-18,10.61,10.62,10.48,10.51,85638157,931697164.0
2026-05-19,10.48,10.57,10.48,10.51,79352913,862561883.0
2026-05-20,10.51,10.53,10.42,10.43,74763214,808079589.0
2026-05-21,10.44,10.46,10.35,10.36,111021108,1194144112.0
2026-05-22,10.36,10.39,10.31,10.34,95413273,1020057083.0
2026-05-25,10.34,10.42,10.3,10.34,66310295,709614128.0
2026-05-26,10.37,10.48,10.32,10.45,83734690,900879538.0
2026-05-27,10.42,10.5,10.38,10.42,83972718,905710898.0
2026-05-28,10.42,10.45,10.29,10.32,90071107,963695781.0
2026-05-29,10.31,10.58,10.28,10.58,139936780,1515692068.0
2026-06-01,10.55,10.64,10.47,10.64,95459569,1042306456.0
2026-06-02,10.63,10.75,10.59,10.73,88542842,978159337.0
2026-06-03,10.68,10.71,10.57,10.64,82527172,906870268.0
2026-06-04,10.56,10.62,10.43,10.48,86927083,943329311.0
2026-06-05,10.48,10.68,10.48,10.63,100350334,1102446143.0
2026-06-08,10.62,10.75,10.61,10.68,109092646,1203946343.0
2026-06-09,10.66,10.83,10.61,10.78,114967234,1277122416.0
2026-06-10,10.72,10.99,10.72,10.96,154317639,1738056712.0
2026-06-11,10.96,11.03,10.89,10.94,115622222,1308133972.0
2026-06-12,11.0,11.25,10.88,11.24,203235546,2263042931.0
2026-06-15,11.21,11.21,10.98,11.06,154130495,1711561287.0
2026-06-16,11.05,11.12,10.91,10.94,94270804,1034554249.0
2026-06-17,10.97,10.99,10.75,10.78,96582803,1046564896.0
2026-06-18,10.74,10.77,10.52,10.52,142689316,1511009565.0
2026-06-22,10.52,10.67,10.42,10.65,126531672,1334768053.0
2026-06-23,10.65,10.91,10.63,10.71,119060407,1285360400.0
2026-06-24,10.68,10.78,10.51,10.51,112584114,1193370304.0
2026-06-25,10.47,10.59,10.41,10.42,108399905,1136742126.0
2026-06-26,10.42,10.47,10.19,10.23,123648164,1270902948.0
2026-06-29,10.22,10.32,10.02,10.24,112413978,1144166878.0
2026-06-30,10.22,10.22,10.04,10.05,111135281,1121201539.0
2026-07-01,10.05,10.18,9.99,10.16,90688982,915838549.0
2026-07-02,10.2,10.36,10.17,10.28,100474867,1030886382.0
2026-07-03,10.29,10.4,10.18,10.29,86332664,888789393.0
2026-07-06,10.25,10.52,10.22,10.5,106104863,1103902583.0
2026-07-07,10.46,10.51,10.35,10.47,80522115,840465778.0
2026-07-08,10.44,10.63,10.34,10.6,95076022,1002624597.0
2026-07-09,10.55,10.59,10.43,10.49,74719101,785387063.0
2026-07-10,10.5,10.51,10.4,10.45,95732035,999718249.0
2026-07-13,10.42,10.55,10.38,10.54,92474624,971033144.0
2026-07-14,10.53,10.7,10.48,10.69,119371535,1267511184.0
2026-07-15,10.65,10.87,10.63,10.84,98142155,1059209085.0
2026-07-16,10.85,10.93,10.72,10.77,80076623,864435895.0
2026-07-17,10.75,10.88,10.72,10.78,107549901,1163189279.0
2026-07-20,10.75,11.0,10.74,10.98,156730393,1713460190.0
2026-07-21,10.99,11.13,10.83,10.84,175511288,1925298925.0
2026-07-22,10.81,10.98,10.77,10.98,102948394,1120150607.0
2026-07-23,10.92,11.12,10.9,11.08,109574268,1210838024.0
2026-07-24,11.09,11.18,11.09,11.1,114093292,1269361122.0
2026-07-27,11.11,11.16,11.04,11.11,95715556,1062796332.0
2026-07-28,11.1,11.21,11.09,11.2,106101129,1185514940.0
2026-07-29,11.19,11.36,11.18,11.28,151105407,1705864042.0
2026-07-30,11.28,11.62,11.18,11.61,277770773,3194072443.0
2026-07-31,11.5,11.63,11.28,11.63,202497895,2318839881.0
2026-08-03,11.54,11.66,11.52,11.62,106085094,1229339792.0
2026-08-04,11.58,11.62,11.42,11.44,122112984,1401213600.0
2026-08-05,11.41,11.5,11.18,11.25,151150993,1703942517.0
2026-08-06,11.22,11.28,11.12,11.27,104634257,1171011830.0
