timestamps,open,high,low,close,volume,amount
2010-01-04,15.98,16.04,15.43,15.43,2570498,152116304.0
2010-01-05,15.44,15.58,15.32,15.41,1813008,105451824.0
2010-01-06,15.37,15.37,15.16,15.16,2988682,171639754.0
2010-01-07,15.23,15.32,14.85,14.88,2196627,124308368.0
2010-01-08,14.98,15.17,14.84,15.09,1826762,103173752.0
2010-01-11,15.12,15.26,14.74,15.03,2805767,157627920.0
2010-01-12,15.03,15.4,14.93,15.34,2627191,151441305.0
2010-01-13,15.09,15.47,15.06,15.36,1914806,110669072.0
2010-01-14,15.29,15.86,15.29,15.64,2089834,123198112.0
2010-01-15,15.65,15.84,15.37,15.61,1333905,78392592.0
2010-01-18,15.58,15.77,15.42,15.75,1361231,80233064.0
2010-01-19,15.74,15.74,15.35,15.35,1652799,96859456.0
2010-01-20,15.24,15.32,14.94,14.95,1838764,104713888.0
2010-01-21,14.92,15.16,14.92,15.06,755439,42833948.0
2010-01-22,14.96,15.12,14.58,15.09,1236574,69158616.0
2010-01-25,14.97,15.31,14.87,14.92,966969,55031780.0
2010-01-26,14.96,15.09,14.58,14.64,903831,50639924.0
2010-01-27,14.64,14.95,14.59,14.75,1119365,62313312.0
2010-01-28,14.75,15.25,14.63,15.16,2220701,125695192.0
2010-01-29,15.13,15.6,15.08,15.39,2350068,136645168.0
2010-02-01,15.5,15.69,15.35,15.66,2410793,141537440.0
2010-02-02,15.69,15.69,15.24,15.24,1430695,83910832.0
2010-02-03,15.28,15.29,14.66,14.99,1970960,110727360.0
2010-02-04,14.92,15.5,14.85,15.16,1688844,96929128.0
2010-02-05,15.0,15.26,14.85,15.16,1093792,62200984.0
2010-02-08,15.16,15.27,14.98,15.06,508465,28964690.0
2010-02-09,15.05,15.06,14.79,14.84,1268973,71259032.0
2010-02-10,14.86,15.08,14.86,14.95,615153,34702436.0
2010-02-11,14.95,15.05,14.87,14.94,320139,18052398.0
2010-02-12,14.92,15.16,14.92,15.13,531600,30239056.0
2010-02-22,14.98,15.45,14.98,15.27,702310,40609844.0
2010-02-23,15.32,15.47,15.25,15.38,1338099,77488152.0
2010-02-24,15.38,16.08,15.32,16.01,2174426,129981968.0
2010-02-25,16.02,16.17,15.75,16.01,1268326,76164920.0
2010-02-26,16.01,16.23,15.8,15.82,1475692,89386816.0
2010-03-01,15.9,15.92,15.64,15.82,1850276,110450792.0
2010-03-02,15.69,15.9,15.66,15.74,1059474,63001376.0
2010-03-03,15.68,15.84,14.2,15.64,1026488,60656744.0
2010-03-04,15.61,15.64,15.23,15.43,1574522,91518104.0
2010-03-05,15.35,15.46,15.24,15.24,1070349,61908936.0
2010-03-08,15.24,15.67,15.22,15.64,1142881,67033644.0
2010-03-09,15.57,15.64,15.37,15.52,617482,36051948.0
2010-03-10,15.5,15.6,15.37,15.41,615131,35816456.0
2010-03-11,15.37,15.48,15.23,15.26,709907,40947524.0
2010-03-12,15.24,15.35,15.11,15.21,912826,52460360.0
2010-03-15,15.18,15.19,14.84,14.87,826475,46661132.0
2010-03-16,14.84,15.0,14.58,14.59,994552,55361060.0
2010-03-17,14.63,14.9,14.49,14.89,1886448,104628952.0
2010-03-18,14.92,14.92,14.58,14.58,2677249,148888912.0
2010-03-19,14.6,14.68,14.44,14.57,2044225,112098704.0
2010-03-22,14.49,14.78,14.49,14.67,2211347,122242408.0
2010-03-23,14.75,14.95,14.57,14.72,2397631,133384472.0
2010-03-24,14.72,14.98,14.6,14.96,3019451,168738304.0
2010-03-25,14.96,14.98,14.74,14.8,1339349,74819256.0
2010-03-26,14.74,14.74,14.44,14.6,2335771,128444816.0
2010-03-29,14.6,14.82,14.45,14.67,3007637,165784976.0
2010-03-30,14.74,14.84,14.58,14.64,1718776,94876920.0
2010-03-31,14.63,14.73,14.48,14.64,2285511,125518920.0
2010-04-01,14.53,14.68,14.53,14.6,2020216,111291904.0
2010-04-02,14.58,14.72,14.53,14.71,3509558,193975472.0
2010-04-06,14.73,14.78,14.55,14.62,1439334,79407552.0
2010-04-07,14.62,15.13,14.61,15.13,4291133,243013808.0
2010-04-08,15.14,15.53,15.08,15.41,3552107,206158016.0
2010-04-09,15.42,15.8,15.42,15.78,3262426,192270144.0
2010-04-12,15.77,16.4,15.62,16.38,3853499,233724672.0
2010-04-13,16.37,16.43,15.8,16.17,3212679,195953664.0
2010-04-14,16.17,16.51,16.01,16.44,1818908,112430720.0
2010-04-15,16.43,16.83,16.11,16.22,2162206,134624384.0
2010-04-16,16.22,16.36,15.83,16.09,921577,55952812.0
2010-04-19,15.88,16.25,15.88,16.01,1594683,96798656.0
2010-04-20,16.01,16.91,15.9,16.79,3056422,192220384.0
2010-04-21,16.79,17.03,16.62,16.83,1807426,115013024.0
2010-04-22,16.7,16.96,16.61,16.96,1142918,72774696.0
2010-04-23,16.71,18.26,16.71,18.02,2231828,148019600.0
2010-04-26,17.89,18.41,17.41,17.78,1734522,116862960.0
2010-04-27,17.57,17.94,16.96,17.76,1753855,114747768.0
2010-04-28,17.6,18.18,17.23,17.8,1048047,69914312.0
2010-04-29,17.94,18.7,17.61,17.67,2095212,144204000.0
2010-04-30,17.49,17.91,16.98,17.44,2099559,137209776.0
2010-05-04,17.46,17.94,17.1,17.76,1174832,78480040.0
2010-05-05,17.65,18.15,17.56,18.08,1450359,98410672.0
2010-05-06,18.12,18.55,18.03,18.08,1552237,107265480.0
2010-05-07,17.86,18.02,16.99,17.37,2176048,142967328.0
2010-05-10,17.1,17.43,16.38,16.53,2730691,172093568.0
2010-05-11,16.83,16.93,15.77,15.82,1943180,119757848.0
2010-05-12,15.64,16.57,15.64,16.43,1956745,120013584.0
2010-05-13,16.43,16.94,16.21,16.78,790993,49340720.0
2010-05-14,16.79,17.28,16.67,16.91,1014948,65444996.0
2010-05-17,16.92,17.1,16.45,16.46,1213346,76754664.0
2010-05-18,16.46,16.85,16.22,16.82,986536,61735404.0
2010-05-19,16.67,17.15,16.57,16.96,903820,57559860.0
2010-05-20,16.87,17.1,16.43,16.63,607229,38587944.0
2010-05-21,16.17,16.63,16.04,16.43,1089073,67030888.0
2010-05-24,16.47,17.1,16.47,17.02,905937,57840324.0
2010-05-25,16.93,17.49,16.7,17.49,1073085,69002096.0
2010-05-26,17.17,17.72,17.12,17.37,1006309,66491760.0
2010-05-27,17.36,17.49,17.17,17.46,773379,50640256.0
2010-05-31,17.63,18.29,17.49,17.79,2347577,159224160.0
2010-06-01,17.72,18.07,17.49,18.02,1283984,86212912.0
2010-06-02,17.86,18.02,17.44,17.82,733042,49055280.0
2010-06-03,17.84,18.02,17.76,17.81,668659,45245384.0
2010-06-04,17.76,17.99,17.64,17.79,435047,29237890.0
2010-06-07,17.5,18.02,17.5,17.79,950619,64062928.0
2010-06-08,17.82,18.55,17.82,18.39,1198132,82800536.0
2010-06-09,18.55,18.55,18.25,18.47,952253,66077088.0
2010-06-10,18.42,18.78,17.84,17.89,2303235,156979840.0
2010-06-11,17.88,18.28,17.86,17.92,1199813,82026984.0
2010-06-17,17.94,17.98,16.65,16.67,3651489,236719904.0
2010-06-18,16.57,16.83,16.41,16.49,2289795,143271312.0
2010-06-21,16.44,17.23,16.44,17.13,1092938,69557656.0
2010-06-22,17.13,17.23,16.98,17.03,412797,26617032.0
2010-06-23,17.03,17.47,16.97,17.34,814369,53093556.0
2010-06-24,17.23,17.49,17.23,17.42,507690,33347652.0
2010-06-25,17.4,17.48,16.85,17.01,407285,26347204.0
2010-06-28,17.01,17.06,16.57,16.7,603541,38392876.0
2010-06-29,16.7,16.95,15.96,16.22,1220841,75373160.0
2010-06-30,16.4,17.36,16.18,17.1,2009456,127182520.0
2010-07-01,17.1,17.12,16.52,16.96,1001679,63658640.0
2010-07-02,16.78,17.28,15.32,16.17,1677564,101810192.0
2010-07-05,15.88,16.46,15.37,16.31,1008223,60912824.0
2010-07-06,15.93,17.04,15.93,16.96,1145057,72394112.0
2010-07-07,16.77,17.06,16.7,16.99,891363,56799808.0
2010-07-08,17.04,17.41,17.04,17.18,714748,46530512.0
2010-07-09,17.21,17.86,17.19,17.8,1590359,106065976.0
2010-07-12,17.81,18.02,17.29,17.52,1225596,81534768.0
2010-07-13,17.49,17.8,17.31,17.52,669781,44351072.0
2010-07-14,17.52,17.73,17.2,17.31,1322683,86857224.0
2010-07-15,17.36,17.58,17.22,17.28,1062499,69923264.0
2010-07-16,17.1,17.45,16.69,17.45,1917829,94304432.0
2010-07-19,17.28,17.45,17.11,17.33,1851494,92613392.0
2010-07-20,17.32,17.8,17.25,17.68,2481621,125875688.0
2010-07-21,17.73,17.82,17.47,17.7,1916279,97784208.0
2010-07-22,17.7,17.81,17.56,17.71,1572410,80390424.0
2010-07-23,17.71,17.74,17.47,17.67,2024082,103137936.0
2010-07-26,17.67,18.45,17.67,18.45,2659183,140239216.0
2010-07-27,18.45,18.9,18.29,18.73,2097547,113601296.0
2010-07-28,18.84,19.01,18.69,19.01,1837282,100198616.0
2010-07-29,19.08,19.22,18.76,18.86,1871324,102355216.0
2010-07-30,18.86,19.01,18.66,18.94,1060466,57901468.0
2010-08-02,18.94,19.71,18.86,19.67,2096911,118394240.0
2010-08-03,19.72,19.83,19.27,19.29,2056234,115878496.0
2010-08-04,19.29,19.58,19.18,19.48,1246818,69959640.0
2010-08-05,19.58,19.72,19.35,19.45,1690152,95410808.0
2010-08-06,19.35,19.61,19.11,19.53,1891815,106291416.0
2010-08-09,19.53,19.63,19.34,19.53,1871050,105524264.0
2010-08-10,19.53,19.62,19.2,19.49,1484457,83253624.0
2010-08-11,19.35,19.49,19.3,19.36,827511,46454596.0
2010-08-12,19.36,19.36,19.0,19.15,1696571,94209152.0
2010-08-13,19.11,19.23,18.97,19.1,1575095,86892160.0
2010-08-16,19.12,20.45,19.12,20.14,3611215,206921472.0
2010-08-17,20.14,20.22,19.78,20.0,1852485,106689360.0
2010-08-18,20.05,20.11,19.79,19.9,1293003,74596664.0
2010-08-19,19.87,20.01,19.51,19.81,1788167,102055264.0
2010-08-20,19.73,19.73,19.35,19.49,2373873,133904568.0
2010-08-23,19.57,19.73,19.37,19.52,1632295,92521640.0
2010-08-24,19.51,19.98,19.39,19.81,2432247,139055648.0
2010-08-25,19.7,19.94,19.55,19.83,1692070,96701272.0
2010-08-26,19.83,19.98,19.62,19.64,1535141,87626704.0
2010-08-27,19.63,19.67,19.45,19.63,1069000,60535920.0
2010-08-30,19.65,20.56,19.64,20.31,2777620,162383296.0
2010-08-31,20.31,20.55,20.05,20.22,1882659,110571416.0
2010-09-01,20.34,20.54,19.98,20.05,1668411,97381872.0
2010-09-02,20.05,20.38,20.05,20.18,1932262,113385616.0
2010-09-03,20.18,20.18,19.93,20.08,1333400,77334576.0
2010-09-06,20.2,20.52,20.09,20.36,1594759,93702864.0
2010-09-07,20.37,20.6,20.36,20.36,1419077,83917952.0
2010-09-08,20.36,20.89,20.29,20.7,2218310,132747872.0
2010-09-09,20.74,21.6,20.7,20.95,1968159,120204864.0
2010-09-10,20.91,22.55,20.88,22.31,3254331,207353696.0
2010-09-13,22.12,22.96,22.0,22.45,2490284,162458416.0
2010-09-14,22.47,22.49,21.95,22.45,1796924,115643976.0
2010-09-15,22.43,22.64,21.95,22.02,987851,63801288.0
2010-09-16,22.03,22.49,21.44,21.84,1509978,96138976.0
2010-09-17,21.94,23.43,21.72,22.85,2659383,174435600.0
2010-09-20,22.83,23.43,22.5,22.94,1381105,91823544.0
2010-09-21,23.04,23.34,22.69,23.15,1313904,87680736.0
2010-09-27,23.16,23.81,22.82,23.67,1294665,87089144.0
2010-09-28,23.4,24.05,23.26,24.04,1884000,130084416.0
2010-09-29,23.97,24.15,23.42,23.82,1779326,122206912.0
2010-09-30,23.73,24.37,23.73,24.08,1637338,114427728.0
2010-10-08,24.19,25.81,24.19,25.49,1963658,143542624.0
2010-10-11,25.5,25.69,23.64,24.19,5435833,382359584.0
2010-10-12,23.81,24.15,23.04,23.54,4615256,313124096.0
2010-10-13,23.36,23.71,22.53,22.86,4880325,324293792.0
2010-10-14,22.88,23.21,21.91,22.15,5983952,385747232.0
2010-10-15,21.99,22.71,21.56,21.57,7000018,445117152.0
2010-10-18,21.43,22.78,20.67,22.78,11160826,700137344.0
2010-10-19,22.62,23.26,22.12,22.75,7383802,483584800.0
2010-10-20,22.23,23.24,22.12,22.6,6934164,458613632.0
2010-10-21,22.64,23.12,22.46,22.86,3358658,221046288.0
2010-10-22,22.86,23.69,22.86,23.33,4631848,313074688.0
2010-10-25,23.39,23.5,22.83,23.16,5417687,360340128.0
2010-10-26,23.16,23.23,22.43,22.71,6280301,411558752.0
2010-10-27,22.89,23.24,22.08,22.12,7264699,472743072.0
2010-10-28,21.98,22.4,21.77,22.21,2525465,162055200.0
2010-10-29,22.21,22.53,21.77,22.35,3641924,233557600.0
2010-11-01,22.47,22.52,21.93,22.33,5984084,384497728.0
2010-11-02,22.33,22.4,21.94,21.97,4737419,302988320.0
2010-11-03,21.97,22.46,21.94,22.05,4263865,274385344.0
2010-11-04,22.05,22.72,21.91,22.72,6295787,407457696.0
2010-11-05,22.72,22.72,22.33,22.41,4366796,284208960.0
2010-11-08,22.49,22.57,21.91,22.26,5089600,326372288.0
2010-11-09,22.21,23.11,21.95,22.96,9318153,607630272.0
2010-11-10,22.97,24.54,22.97,24.3,12288201,851083456.0
2010-11-11,24.19,24.19,23.5,23.5,6113925,420594848.0
2010-11-12,23.16,23.63,21.43,22.36,5967949,391748096.0
2010-11-15,22.63,23.58,22.19,23.56,5828928,390102560.0
2010-11-16,23.56,24.6,22.47,23.05,7812990,535366624.0
2010-11-17,22.78,23.05,21.39,21.51,7554002,483196704.0
2010-11-18,21.46,22.15,21.46,21.98,2940617,186640720.0
2010-11-19,22.02,22.47,21.36,22.43,3399154,216900784.0
2010-11-22,22.43,23.14,22.12,22.85,3858728,254039552.0
2010-11-23,22.85,22.91,22.24,22.6,2315177,151068608.0
2010-11-24,22.46,23.55,22.42,23.44,4035761,271845824.0
2010-11-25,23.63,23.65,23.06,23.16,3400223,229768848.0
2010-11-26,23.13,23.22,22.6,22.75,2545790,168441824.0
2010-11-29,22.74,23.51,22.64,23.16,3363056,226139488.0
2010-11-30,23.17,23.32,21.73,22.05,5476262,352925056.0
2010-12-01,22.08,22.28,21.57,21.81,3353977,211473808.0
2010-12-02,21.95,22.29,21.69,21.81,3590608,227709104.0
2010-12-03,22.05,22.11,21.44,21.6,2550573,159952192.0
2010-12-06,21.66,21.81,21.31,21.46,2336984,144938592.0
2010-12-07,21.43,21.81,21.18,21.73,2085707,130542216.0
2010-12-08,21.7,21.89,21.39,21.51,1827246,114292936.0
2010-12-09,21.49,21.51,21.08,21.09,2023719,124379992.0
2010-12-10,21.09,21.77,21.09,21.64,3416046,211805584.0
2010-12-13,21.65,22.0,21.55,21.83,3170649,199947168.0
2010-12-14,21.92,21.96,21.43,21.6,3647204,228276720.0
2010-12-15,21.6,21.6,21.32,21.43,3352084,207651888.0
2010-12-16,21.39,21.84,21.32,21.5,2657721,166419360.0
2010-12-17,21.44,21.67,21.4,21.47,1452042,90288728.0
2010-12-20,21.6,21.78,20.91,21.19,2590798,159314576.0
2010-12-21,21.29,21.32,20.56,20.7,5701884,342586560.0
2010-12-22,20.66,20.81,20.35,20.56,3138832,186500976.0
2010-12-23,20.6,21.43,20.56,20.78,4237653,257779600.0
2010-12-24,20.79,21.11,20.53,20.65,1624043,97707240.0
2010-12-27,20.48,20.65,19.29,20.16,4639031,268961632.0
2010-12-28,19.74,20.29,19.74,20.07,2129021,123626864.0
2010-12-29,20.14,20.44,20.11,20.37,1488622,87347528.0
2010-12-30,20.37,20.98,20.14,20.89,3971434,238577088.0
2010-12-31,20.9,21.09,20.7,20.88,2477989,150250400.0
2011-01-04,20.89,21.04,20.32,20.74,4245171,252661360.0
2011-01-05,20.7,20.7,19.87,19.89,5910552,345832288.0
2011-01-06,19.97,20.22,19.59,20.14,5080918,293367808.0
2011-01-07,20.05,20.32,20.01,20.22,2049903,119695320.0
2011-01-10,20.56,20.63,19.86,19.92,3540981,205831376.0
2011-01-11,19.91,20.15,19.7,19.93,2795553,161220208.0
2011-01-12,19.93,20.01,19.53,19.81,1399692,79862336.0
2011-01-13,19.87,20.05,19.7,19.95,2190606,126423616.0
2011-01-14,19.95,20.1,19.8,20.03,1673947,96915584.0
2011-01-17,19.94,20.32,19.88,20.12,3475530,202294624.0
2011-01-18,20.11,20.47,19.94,20.46,3932551,230699392.0
2011-01-19,20.52,20.89,20.32,20.53,3441636,205391296.0
2011-01-20,20.56,20.77,19.84,19.94,2362440,138732368.0
2011-01-21,19.75,20.18,19.29,19.35,3078940,175180624.0
2011-01-24,19.36,19.42,18.66,19.04,3507212,192731920.0
2011-01-25,19.01,19.71,18.77,19.66,2561487,144032736.0
2011-01-26,19.66,19.7,19.33,19.45,758655,42737764.0
2011-01-27,19.46,19.99,19.35,19.85,2348737,134642352.0
2011-01-28,19.88,20.03,19.56,19.71,1431245,81569960.0
2011-01-31,19.72,19.87,19.46,19.51,1809835,102426800.0
2011-02-01,19.59,19.77,19.49,19.59,1075396,61023844.0
2011-02-09,19.54,19.98,19.5,19.63,1577660,90304296.0
2011-02-10,19.63,20.56,19.56,20.44,3437967,200074896.0
2011-02-11,20.72,20.72,20.32,20.39,3431702,203244480.0
2011-02-14,20.46,20.7,20.24,20.51,2919079,172977776.0
2011-02-15,20.68,20.73,20.52,20.56,2349892,140069232.0
2011-02-16,20.56,20.95,20.39,20.84,2851104,171081408.0
2011-02-17,20.84,20.91,20.23,20.39,2956325,175034048.0
2011-02-18,20.38,20.49,20.27,20.3,1687061,99376080.0
2011-02-21,20.23,20.59,20.22,20.32,1965528,115812680.0
2011-02-22,20.5,21.01,20.16,20.24,4648281,276184832.0
2011-02-23,20.26,20.7,20.25,20.46,3638893,216365504.0
2011-02-24,20.51,20.51,20.22,20.34,2838606,166874608.0
2011-02-25,20.39,20.45,20.26,20.34,1899523,111861880.0
2011-02-28,20.39,20.52,20.05,20.15,3486299,203327488.0
2011-03-01,20.16,20.42,20.03,20.39,4631586,270512384.0
2011-03-02,20.39,20.55,20.19,20.55,4522781,267605248.0
2011-03-03,20.6,20.67,19.7,19.72,6349733,369380864.0
2011-03-04,19.69,19.97,19.56,19.8,2701274,153838640.0
2011-03-07,19.87,19.87,19.33,19.62,8577619,483052512.0
2011-03-08,19.59,19.72,19.43,19.63,2936691,166685312.0
2011-03-09,19.7,19.77,19.49,19.53,2863341,162201984.0
2011-03-10,19.56,20.09,19.54,19.98,7244116,418214368.0
2011-03-11,19.98,20.05,19.71,19.8,3430193,196592144.0
2011-03-14,19.91,20.19,19.91,20.15,5196879,302133344.0
2011-03-15,20.17,20.17,19.49,20.0,4279392,246107616.0
2011-03-16,19.97,20.38,19.87,20.22,3743638,218870848.0
2011-03-17,20.11,20.13,19.73,19.82,2553226,147891536.0
2011-03-18,19.84,20.04,19.62,19.65,2112679,120561136.0
2011-03-21,19.63,19.74,19.17,19.25,4685209,262635936.0
2011-03-22,19.32,19.41,19.21,19.27,3066589,171057472.0
2011-03-23,19.28,19.41,19.23,19.35,2290532,127926224.0
2011-03-24,19.39,19.53,19.27,19.48,1999896,112271896.0
2011-03-25,19.56,19.57,19.17,19.41,4529650,252766688.0
2011-03-28,19.39,19.39,19.01,19.05,3933730,218010480.0
2011-03-29,19.05,19.3,19.01,19.11,2257351,124945560.0
2011-03-30,19.13,19.4,19.06,19.28,3077492,171693616.0
2011-03-31,19.29,19.42,19.19,19.29,1926636,107419960.0
2011-04-01,19.3,19.39,19.1,19.19,1773583,98660408.0
2011-04-06,19.11,19.11,18.73,18.77,3763283,205594704.0
2011-04-07,18.76,18.89,18.67,18.77,2331860,126613336.0
2011-04-08,18.77,19.13,18.77,19.1,4300957,236469136.0
2011-04-11,19.13,19.38,19.08,19.1,2762095,153909920.0
2011-04-12,19.09,19.29,19.0,19.15,1837199,101634040.0
2011-04-13,19.15,19.89,19.13,19.88,7339738,418011488.0
2011-04-14,19.84,20.22,19.7,20.04,4390730,254137392.0
2011-04-15,19.98,20.13,19.77,19.9,2634956,151901616.0
2011-04-18,19.7,20.05,19.46,19.96,2345035,133699672.0
2011-04-19,19.7,19.86,19.47,19.72,2266979,128957384.0
2011-04-20,19.72,20.25,19.7,20.17,3699001,215174976.0
2011-04-21,20.18,20.29,19.8,19.87,2735120,158346000.0
2011-04-22,19.87,20.04,19.58,19.98,1709373,98329856.0
2011-04-25,19.89,20.04,19.59,19.88,1753366,100634736.0
2011-04-26,19.89,20.04,19.69,19.87,1412176,80998392.0
2011-04-27,19.87,20.45,19.87,20.22,6518947,381390464.0
2011-04-28,20.24,20.28,19.75,19.87,2614738,151092848.0
2011-04-29,19.88,20.22,19.87,19.92,1896251,109978576.0
2011-05-03,19.7,20.21,19.49,20.09,2135578,123276784.0
2011-05-04,19.97,20.39,19.91,19.94,3554001,208010288.0
2011-05-05,19.77,20.51,19.77,20.39,4779078,280327200.0
2011-05-06,20.31,20.51,20.23,20.39,4822382,284380064.0
2011-05-09,20.4,20.49,20.18,20.24,2110171,123878800.0
2011-05-10,20.15,20.24,19.86,19.96,1906668,110099152.0
2011-05-12,19.77,20.86,19.77,20.59,7204564,428827232.0
2011-05-13,20.48,20.79,20.46,20.74,3523197,210571472.0
2011-05-16,20.74,20.82,20.54,20.54,1826483,109043144.0
2011-05-17,20.57,20.72,20.44,20.47,1482652,88423680.0
2011-05-18,20.47,21.03,20.47,20.85,2677920,161778448.0
2011-05-19,20.85,21.38,20.74,21.07,2820756,172699664.0
2011-05-20,21.08,21.42,20.88,20.91,1844927,112960384.0
2011-05-23,20.93,21.01,20.39,20.42,2770031,165369216.0
2011-05-24,20.22,20.25,19.8,20.06,3683085,214049632.0
2011-05-25,19.97,20.2,19.6,19.84,1338948,77182912.0
2011-05-26,19.91,20.04,19.55,19.56,1323642,76041368.0
2011-05-27,19.58,19.88,19.56,19.73,1259115,71928216.0
2011-05-30,19.64,19.94,19.57,19.76,1198628,68721704.0
2011-05-31,19.7,20.07,19.69,20.02,1460587,84398416.0
2011-06-01,20.02,20.1,19.85,20.09,1186037,68630104.0
2011-06-02,19.94,20.32,19.72,20.32,1992443,115240272.0
2011-06-03,20.25,20.39,20.17,20.33,2132791,125143304.0
2011-06-07,20.32,20.7,20.23,20.25,1408908,83250976.0
2011-06-08,20.18,20.25,19.77,20.05,1243882,72039296.0
2011-06-09,19.94,20.2,19.94,20.05,995683,57829168.0
2011-06-10,20.02,20.47,20.02,20.11,1742494,102232864.0
2011-06-13,20.1,20.15,19.84,20.06,840343,48657740.0
2011-06-14,19.91,20.17,19.91,20.08,1032254,59918468.0
2011-06-15,19.98,20.22,19.92,20.05,590655,34157684.0
2011-06-16,19.92,20.03,19.53,19.58,1590044,90438784.0
2011-06-17,19.53,19.56,18.98,19.11,2113477,117435752.0
2011-06-20,19.14,19.14,18.93,18.94,880793,48468108.0
2011-06-21,18.94,19.08,18.85,19.01,1082010,59391916.0
2011-06-22,18.97,19.1,18.92,19.02,1014929,55825488.0
2011-06-23,19.02,19.55,18.96,19.35,912384,50921948.0
2011-06-24,19.42,19.84,19.36,19.72,1426956,81235192.0
2011-06-27,19.87,19.87,19.56,19.61,1226566,69714656.0
2011-06-28,19.62,19.82,19.57,19.74,810255,46200480.0
2011-06-29,19.73,19.8,19.63,19.67,1080316,61601980.0
2011-06-30,19.67,19.92,19.6,19.73,1340729,76656944.0
2011-07-01,19.73,19.94,19.61,19.73,1727988,98932256.0
2011-07-04,19.82,20.04,19.76,19.98,1952084,112565152.0
2011-07-05,20.01,20.28,19.91,20.27,1656010,96539480.0
2011-07-06,20.22,20.27,20.05,20.14,846897,49422284.0
2011-07-07,20.19,20.89,20.18,20.72,4132546,246583600.0
2011-07-08,20.72,20.77,20.59,20.63,1123992,67179360.0
2011-07-11,20.58,20.89,20.34,20.81,1923689,114538088.0
2011-07-12,20.63,20.81,20.6,20.67,1445824,86548488.0
2011-07-13,20.56,20.77,20.36,20.68,1202892,71842960.0
2011-07-14,20.79,21.0,20.48,20.89,1771605,106690584.0
2011-07-15,20.88,21.66,20.77,21.57,4899987,303262848.0
2011-07-18,21.57,22.05,21.33,21.56,3432940,215240432.0
2011-07-19,21.34,21.45,20.9,21.1,1773374,108052888.0
2011-07-20,21.12,21.25,20.81,21.05,1114093,67472296.0
2011-07-21,21.05,21.76,20.98,21.49,3081454,191577968.0
2011-07-22,21.5,21.78,21.15,21.64,2145114,133221720.0
2011-07-25,21.36,21.95,21.15,21.26,1768672,110161912.0
2011-07-26,21.25,21.64,21.25,21.43,2180277,135208064.0
2011-07-27,21.26,21.71,20.95,21.5,1836310,113967760.0
2011-07-28,21.52,21.66,21.12,21.31,1764630,109049176.0
2011-07-29,21.31,21.36,21.12,21.15,1223114,75138080.0
2011-08-01,21.15,21.43,21.05,21.17,818949,50145912.0
2011-08-02,20.95,21.08,20.49,20.91,1630459,98109608.0
2011-08-03,20.69,21.22,20.64,20.95,921739,56091352.0
2011-08-04,20.91,21.45,20.91,21.42,924919,56612648.0
2011-08-05,20.94,22.23,20.81,21.64,3053021,191673680.0
2011-08-08,21.41,22.09,21.22,21.68,3929906,246845632.0
2011-08-09,21.29,21.92,20.9,21.8,3703218,229225712.0
2011-08-10,22.16,22.44,21.86,21.99,3062448,196356144.0
2011-08-11,21.98,22.76,21.92,22.5,3438814,223320128.0
2011-08-12,22.54,22.87,22.39,22.55,2416873,158207808.0
2011-08-15,22.55,22.84,22.34,22.48,1312685,85523136.0
2011-08-16,22.46,22.5,22.12,22.15,1012050,65103636.0
2011-08-17,22.15,22.37,22.05,22.05,1072693,68677504.0
2011-08-18,22.04,22.23,21.86,22.08,1297685,82749560.0
2011-08-19,21.98,22.5,21.87,21.96,929989,59041396.0
2011-08-22,21.96,22.07,21.05,21.4,2052520,127374840.0
2011-08-23,21.4,21.5,21.07,21.4,1480167,90774440.0
2011-08-24,21.43,21.53,21.22,21.28,1217358,75002800.0
2011-08-25,21.34,21.47,21.13,21.45,1129565,69653904.0
2011-08-26,21.4,21.59,21.05,21.18,1549873,94979840.0
2011-08-29,21.12,21.44,20.96,21.39,1002979,61706512.0
2011-08-30,21.43,21.8,21.22,21.6,1479580,92556312.0
2011-08-31,21.57,21.74,21.43,21.62,620184,38579584.0
2011-09-01,21.62,21.76,21.41,21.41,838752,52306388.0
2011-09-02,21.22,21.46,21.12,21.24,911078,56014980.0
2011-09-05,21.08,21.19,20.88,20.96,1097117,66503760.0
2011-09-06,20.81,21.11,20.7,20.75,984306,59283080.0
2011-09-07,20.97,21.08,20.71,21.08,872388,52703400.0
2011-09-08,21.08,21.23,20.83,20.86,575064,34913864.0
2011-09-09,20.84,21.22,20.84,20.88,621195,37752448.0
2011-09-13,20.54,20.94,20.54,20.78,553363,33212958.0
2011-09-14,20.77,21.04,20.08,20.77,875273,52029652.0
2011-09-15,20.51,20.81,20.29,20.43,1401150,83054152.0
2011-09-16,20.52,20.71,20.45,20.55,774062,46060340.0
2011-09-19,20.56,20.56,20.25,20.43,536967,31649950.0
2011-09-20,20.43,20.74,20.36,20.6,322343,19124936.0
2011-09-21,20.68,21.12,20.53,20.93,830594,50083776.0
2011-09-22,20.85,21.02,20.44,20.45,860917,51635108.0
2011-09-23,20.27,20.56,19.74,20.32,1395424,81628152.0
2011-09-26,19.98,20.53,19.7,19.77,979051,56716876.0
2011-09-27,19.83,20.18,19.83,19.95,956908,55423072.0
2011-09-28,19.96,20.14,19.91,20.06,898054,52065324.0
2011-09-29,20.06,20.07,19.32,19.56,2144573,121443400.0
2011-09-30,19.56,19.66,19.23,19.56,1077036,60288600.0
2011-10-10,19.6,19.72,19.18,19.39,1253180,70578544.0
2011-10-11,19.73,19.84,19.01,19.25,2131879,118804496.0
2011-10-12,19.17,19.5,19.05,19.5,1636687,91594376.0
2011-10-13,19.46,19.91,19.32,19.91,1432562,81330016.0
2011-10-14,19.73,19.87,19.5,19.73,688422,39159428.0
2011-10-17,19.84,19.9,19.58,19.71,874623,49781712.0
2011-10-18,19.66,19.72,19.37,19.42,1159325,65271336.0
2011-10-19,19.43,19.54,19.25,19.32,1068100,59806668.0
2011-10-20,19.11,19.45,18.84,19.01,1124857,61844076.0
2011-10-21,19.17,19.17,18.73,18.76,807692,43979076.0
2011-10-24,18.91,19.03,18.43,18.87,1207659,65584444.0
2011-10-25,18.87,19.38,18.87,19.31,1510942,83455944.0
2011-10-26,19.18,19.69,19.17,19.52,1335231,75076496.0
2011-10-27,19.63,19.73,19.53,19.59,471431,26711788.0
2011-10-28,19.75,19.87,19.5,19.56,1490735,84534920.0
2011-10-31,19.6,19.77,19.39,19.55,1046012,59140852.0
2011-11-01,19.43,19.73,19.43,19.56,1110303,62858540.0
2011-11-02,19.48,20.5,19.39,20.36,3318610,192061536.0
2011-11-03,20.43,21.24,20.37,20.79,3101250,187154368.0
2011-11-04,20.96,21.49,20.7,20.7,2234309,135347328.0
2011-11-07,20.62,21.15,20.56,20.94,1383454,83735656.0
2011-11-08,21.12,21.12,20.77,20.89,830852,50254688.0
2011-11-09,20.96,21.11,20.75,21.05,1978532,119074216.0
2011-11-10,20.82,21.3,20.78,21.13,2122642,129651568.0
2011-11-11,21.13,21.18,20.63,20.76,1164670,70406152.0
2011-11-14,20.9,21.19,20.81,21.02,1401026,85030944.0
2011-11-15,20.95,21.08,20.73,20.83,1989657,119805568.0
2011-11-16,20.83,20.87,20.22,20.39,1512259,89812080.0
2011-11-17,20.5,20.7,20.33,20.53,1106342,65579144.0
2011-11-18,20.31,20.52,20.16,20.42,1256489,73842704.0
2011-11-21,20.32,20.52,20.26,20.52,741813,43668008.0
2011-11-22,20.43,20.62,20.25,20.29,1089163,64284048.0
2011-11-23,20.31,20.39,20.15,20.24,1260223,73703968.0
2011-11-24,20.12,20.51,20.12,20.36,1119746,65848096.0
2011-11-25,20.36,20.5,20.23,20.32,642698,37748848.0
2011-11-28,20.43,21.18,20.27,21.18,1879456,113168144.0
2011-11-29,21.18,21.68,21.06,21.39,2694495,167182432.0
2011-11-30,21.32,21.47,20.88,21.15,1520905,92671168.0
2011-12-01,21.29,21.67,21.19,21.27,2192514,135906240.0
2011-12-02,21.29,21.29,20.88,20.94,1214926,74097416.0
2011-12-05,20.96,21.12,20.13,20.43,1731847,102417320.0
2011-12-06,20.38,20.38,19.91,20.09,1350801,78448072.0
2011-12-07,19.98,20.42,19.98,20.15,932384,54590228.0
2011-12-08,20.25,20.6,19.93,20.56,1150077,67632624.0
2011-12-09,20.55,20.59,20.05,20.36,1011791,59334216.0
2011-12-12,20.32,20.32,20.0,20.06,1344514,77871048.0
2011-12-13,20.06,20.08,19.21,19.26,1670585,94985408.0
2011-12-14,19.25,19.52,19.18,19.39,1425373,79901000.0
2011-12-15,19.38,19.5,18.64,19.03,2956946,161232240.0
2011-12-16,18.89,19.46,18.89,19.36,1422905,78591936.0
2011-12-19,19.23,19.91,18.98,19.63,1534925,85662384.0
2011-12-20,19.64,19.8,19.53,19.56,1109010,62925332.0
2011-12-21,19.72,19.87,19.27,19.28,2252147,127946520.0
2011-12-22,19.1,19.72,19.1,19.62,1370604,77117496.0
2011-12-23,19.54,19.9,19.48,19.67,820127,46786448.0
2011-12-26,19.65,20.06,19.22,19.24,1170953,65979784.0
2011-12-27,19.1,19.38,18.49,18.55,1681836,91448752.0
2011-12-28,18.52,18.98,17.73,18.83,2348635,123408256.0
2011-12-29,18.69,19.02,18.35,18.35,1483822,80390072.0
2011-12-30,18.35,18.8,18.11,18.35,2913654,155046592.0
2012-01-04,18.35,18.52,17.44,17.66,2972633,152990608.0
2012-01-05,17.55,17.55,16.92,17.23,4549032,225327872.0
2012-01-06,17.17,17.66,17.03,17.64,1394506,70320248.0
2012-01-09,17.7,17.7,17.09,17.64,3951714,197421152.0
2012-01-10,17.48,18.23,17.33,18.07,3697426,190805280.0
2012-01-11,18.07,18.09,17.66,17.75,1991160,102859488.0
2012-01-12,17.75,18.11,17.75,17.96,1208474,62772756.0
2012-01-13,17.96,18.11,17.48,17.51,1524130,78559528.0
2012-01-16,17.36,17.56,16.68,16.68,1238023,61236804.0
2012-01-17,16.82,17.6,16.63,17.41,1524125,75510480.0
2012-01-18,17.41,17.58,15.96,16.2,5420544,255453936.0
2012-01-19,16.13,16.45,15.78,16.28,4329510,202794016.0
2012-01-20,16.27,17.14,16.27,17.14,2950231,143039392.0
2012-01-30,17.03,17.24,16.72,16.97,1358994,66723708.0
2012-01-31,16.96,17.03,16.48,16.92,1108489,53525504.0
2012-02-01,16.9,17.19,16.9,16.96,1724915,84875088.0
2012-02-02,17.03,17.41,16.99,17.32,1359959,67657352.0
2012-02-03,17.35,17.59,17.24,17.43,1537646,77003296.0
2012-02-06,17.45,18.01,17.34,17.63,2851406,146189664.0
2012-02-07,17.49,17.85,17.49,17.79,1707711,87263144.0
2012-02-08,17.79,18.1,17.49,18.07,1549706,79655696.0
2012-02-09,18.08,18.08,17.83,18.0,1162480,60329892.0
2012-02-10,17.94,18.11,17.73,18.11,1084020,56042688.0
2012-02-13,17.86,18.33,17.78,18.14,1298365,67980376.0
2012-02-14,18.11,18.18,17.83,17.99,1001485,52255940.0
2012-02-15,17.88,18.2,17.83,18.0,723347,37661412.0
2012-02-16,17.93,18.15,17.8,17.81,1439694,74926232.0
2012-02-17,17.82,18.09,17.61,17.79,1440647,74462528.0
2012-02-20,17.95,17.99,17.23,17.31,7740647,387930400.0
2012-02-21,17.21,17.4,17.21,17.38,1754644,87805440.0
2012-02-22,17.38,17.45,17.25,17.45,2851454,142980624.0
2012-02-23,17.49,17.73,17.49,17.68,3267758,166459504.0
2012-02-24,17.7,18.1,17.68,18.04,3167742,163187184.0
2012-02-27,18.06,18.51,17.9,18.21,2573490,135224144.0
2012-02-28,18.14,18.27,17.88,18.0,2175804,113562088.0
2012-02-29,17.94,18.23,17.93,18.03,1622814,84769016.0
2012-03-01,18.0,18.03,17.64,17.69,2105415,108020352.0
2012-03-02,17.66,17.82,17.65,17.82,3297801,168598496.0
2012-03-05,17.85,17.89,17.31,17.41,5212128,263035280.0
2012-03-06,17.38,17.55,17.35,17.47,3014207,151933184.0
2012-03-07,17.34,17.59,17.33,17.49,1701594,86217336.0
2012-03-08,17.52,17.59,17.37,17.47,2794286,140731488.0
2012-03-09,17.55,17.7,17.45,17.69,2136311,108394152.0
2012-03-12,17.79,18.1,17.71,18.03,3760399,195187104.0
2012-03-13,18.04,18.07,17.83,17.99,1936695,100236456.0
2012-03-14,18.02,18.42,17.62,17.73,4037043,211331616.0
2012-03-15,17.73,18.35,17.69,18.3,4471362,234048976.0
2012-03-16,18.3,19.06,18.19,18.9,4477183,240675248.0
2012-03-19,18.91,19.04,18.46,18.69,3902475,210546992.0
2012-03-20,18.52,18.59,18.07,18.12,3966639,208473136.0
2012-03-21,18.12,18.14,17.59,17.76,4130993,213125744.0
2012-03-22,17.87,18.02,17.58,17.69,2900173,148843200.0
2012-03-23,17.69,17.74,17.44,17.66,2679746,135971728.0
2012-03-26,17.54,18.0,17.54,17.76,2014237,102952568.0
2012-03-27,17.74,17.8,17.51,17.52,2035203,103790560.0
2012-03-28,17.45,17.48,16.97,16.99,2830854,140913680.0
2012-03-29,16.93,17.09,16.83,16.83,1761358,86157344.0
2012-03-30,16.84,17.12,16.72,17.04,2173582,106153648.0
2012-04-05,17.03,17.4,17.02,17.25,1657557,82231488.0
2012-04-06,17.24,17.36,17.15,17.24,1161393,57793300.0
2012-04-09,17.2,17.2,16.95,16.96,1250425,61461372.0
2012-04-10,16.91,17.1,16.65,16.96,1395959,67885144.0
2012-04-11,16.92,17.14,16.83,16.88,1801659,88368760.0
2012-04-12,16.93,17.17,16.83,17.15,1846626,90704984.0
2012-04-13,17.21,17.24,17.07,17.12,2258601,111838048.0
2012-04-16,17.1,17.2,16.82,16.93,2085416,102117560.0
2012-04-17,16.92,17.09,16.82,16.98,1531536,75037984.0
2012-04-18,17.01,17.06,16.51,16.86,4951639,239993872.0
2012-04-19,16.86,16.98,16.75,16.9,2226995,108487096.0
2012-04-20,16.91,17.03,16.84,17.01,2062082,100996384.0
2012-04-23,17.03,17.38,16.93,17.14,3344536,165870704.0
2012-04-25,17.14,17.44,17.04,17.38,4498370,225275120.0
2012-04-26,17.38,17.55,17.38,17.52,3502513,176986992.0
2012-04-27,17.52,17.55,17.27,17.46,1734947,87297640.0
2012-05-02,17.63,17.75,17.48,17.65,2145673,109410672.0
2012-05-03,17.7,18.11,17.66,18.04,3627863,188757360.0
2012-05-04,18.05,18.17,17.93,18.1,3223025,167727728.0
2012-05-07,18.09,18.43,18.0,18.22,4680540,247453216.0
2012-05-08,18.21,18.3,17.99,18.17,2302830,120463096.0
2012-05-09,18.05,18.05,17.64,17.65,2632579,135072784.0
2012-05-10,17.64,18.49,17.64,18.41,5539507,292585184.0
2012-05-11,18.4,18.6,18.2,18.48,3475565,184868688.0
2012-05-14,18.52,18.76,18.21,18.38,2247977,120159808.0
2012-05-15,18.31,18.31,18.0,18.08,2394709,125321976.0
2012-05-16,18.0,18.09,17.74,17.78,3063739,159083136.0
2012-05-17,17.69,18.04,17.69,17.81,1815043,93830304.0
2012-05-18,17.76,18.03,17.7,17.76,1341618,69207392.0
2012-05-21,17.77,18.03,17.77,18.0,1311673,68164112.0
2012-05-22,18.28,18.34,18.01,18.2,1650475,86840528.0
2012-05-23,18.17,18.18,17.94,18.0,1772333,92309288.0
2012-05-24,18.02,18.16,17.85,17.91,1083412,56270956.0
2012-05-25,17.87,18.01,17.76,17.78,943618,48789608.0
2012-05-28,17.7,17.99,17.67,17.93,1627325,83997248.0
2012-05-29,17.93,18.0,17.79,17.88,2080245,107417432.0
2012-05-30,17.93,17.93,17.52,17.66,3310185,169110400.0
2012-05-31,17.63,17.79,17.55,17.65,2340336,119445696.0
2012-06-01,17.71,18.21,17.69,18.07,2459508,127847696.0
2012-06-04,17.95,18.47,17.86,17.98,5818784,306534048.0
2012-06-05,18.01,18.97,17.93,18.5,5037261,270217760.0
2012-06-06,18.62,18.92,18.52,18.71,3966507,214626096.0
2012-06-07,18.79,18.9,18.44,18.52,2051699,110551384.0
2012-06-08,18.6,19.08,18.58,18.94,4146755,226332544.0
2012-06-11,19.11,19.38,18.9,18.98,3187859,176429760.0
2012-06-12,18.98,19.39,18.88,19.32,2508353,139325232.0
2012-06-13,19.39,20.01,19.28,19.91,3934181,224420928.0
2012-06-14,19.91,20.07,19.81,19.99,2059722,118573296.0
2012-06-15,19.96,20.45,19.86,20.0,2679697,155611648.0
2012-06-18,19.89,20.31,19.68,19.78,2126967,122766224.0
2012-06-19,19.75,20.43,19.72,20.33,3412346,198415936.0
2012-06-20,20.27,20.33,19.68,19.78,2253464,128924448.0
2012-06-21,19.67,19.76,19.29,19.51,1887570,105871568.0
2012-06-25,19.41,19.91,19.27,19.51,2087216,118438256.0
2012-06-26,19.41,19.88,18.98,19.54,3065596,170743072.0
2012-06-27,19.52,20.07,19.38,19.74,2801745,160618176.0
2012-06-28,19.89,20.75,19.74,20.22,3232645,188861216.0
2012-06-29,20.22,20.77,19.99,20.58,2993860,177418960.0
2012-07-02,20.66,20.88,20.49,20.8,2829852,169032784.0
2012-07-03,20.86,21.07,20.34,20.39,4250721,252109728.0
2012-07-04,20.52,20.54,19.93,19.99,3051172,176747936.0
2012-07-05,19.93,20.24,19.8,20.12,1532534,88681984.0
2012-07-06,20.12,20.93,20.12,20.89,3388840,202357056.0
2012-07-09,20.74,21.42,20.55,21.18,3427528,208575840.0
2012-07-10,20.92,21.13,20.62,20.69,1862718,111801144.0
2012-07-11,20.48,21.79,20.48,21.79,4083962,251479072.0
2012-07-12,21.69,22.04,21.25,21.35,4430376,275336096.0
2012-07-13,21.22,21.98,21.18,21.76,2962038,183731456.0
2012-07-16,21.87,22.11,20.96,21.12,3307324,204995120.0
2012-07-17,21.0,21.26,20.34,20.74,3245268,192371632.0
2012-07-18,20.72,20.95,20.18,20.55,1829224,107985992.0
2012-07-19,20.52,20.89,20.31,20.81,1648730,98490208.0
2012-07-20,20.7,21.09,20.59,20.66,1914115,114819872.0
2012-07-23,20.48,21.01,20.38,20.83,1584688,95148936.0
2012-07-24,20.8,21.73,20.69,21.65,2090602,127630712.0
2012-07-25,21.63,21.84,21.17,21.26,1562215,96643224.0
2012-07-26,21.18,21.56,20.93,21.02,1259938,77254608.0
2012-07-27,20.9,21.0,20.33,20.41,3020141,178212448.0
2012-07-30,20.22,20.66,20.21,20.52,1302293,76525544.0
2012-07-31,20.48,20.76,20.4,20.55,1525996,90508888.0
2012-08-01,20.4,20.93,20.34,20.49,1276983,76277856.0
2012-08-02,20.54,21.27,20.54,21.21,2376834,144157456.0
2012-08-03,21.22,21.49,21.04,21.47,2000447,122433344.0
2012-08-06,21.45,21.58,21.19,21.49,2161477,133338056.0
2012-08-07,21.52,21.52,21.07,21.18,1793418,109327240.0
2012-08-08,21.13,21.17,20.77,21.04,1362478,82106680.0
2012-08-09,21.04,21.77,20.91,21.71,1947029,119897664.0
2012-08-10,21.72,21.72,21.35,21.67,1165882,72394920.0
2012-08-13,21.56,22.39,21.4,22.03,2624839,167541264.0
2012-08-14,22.06,22.41,21.42,21.89,2210298,140027104.0
2012-08-15,21.9,22.41,21.7,22.13,1788941,113829432.0
2012-08-16,22.13,22.13,21.65,21.87,1834428,115479680.0
2012-08-17,21.8,21.8,21.07,21.18,2225678,136431424.0
2012-08-20,20.93,21.53,20.9,21.48,1261504,77382920.0
2012-08-21,21.52,22.36,21.35,22.16,1789297,113510864.0
2012-08-22,22.17,22.29,21.87,21.98,1134208,72041632.0
2012-08-23,22.13,22.13,21.28,21.51,1704946,105728880.0
2012-08-24,21.49,21.63,21.12,21.13,1625348,99682728.0
2012-08-27,20.97,21.4,20.76,21.16,1694918,103138080.0
2012-08-28,21.16,21.28,20.83,20.93,1387737,84137376.0
2012-08-29,20.87,21.09,20.38,20.66,1533601,91768440.0
2012-08-30,20.55,20.62,19.73,19.79,3768153,218011360.0
2012-08-31,19.79,20.4,19.68,20.17,2066887,120269992.0
2012-09-03,20.05,20.64,20.05,20.49,1475496,87068000.0
2012-09-04,20.55,20.55,20.14,20.23,1693775,99481752.0
2012-09-05,19.97,20.49,19.97,20.34,915573,53483796.0
2012-09-06,20.38,20.59,20.27,20.45,1470633,86736312.0
2012-09-07,20.66,21.35,20.48,21.2,3447173,207875600.0
2012-09-10,21.17,21.52,20.83,21.46,1466055,89216864.0
2012-09-11,21.32,21.7,21.19,21.65,1868531,115991632.0
2012-09-12,21.46,21.8,21.29,21.53,1046354,64894520.0
2012-09-13,21.53,21.6,21.25,21.25,814350,50312940.0
2012-09-14,21.48,21.55,21.14,21.18,1301804,79968088.0
2012-09-17,21.11,21.59,21.11,21.4,1664422,102754072.0
2012-09-18,21.32,21.49,20.89,21.3,1537029,94283504.0
2012-09-19,21.16,21.58,21.11,21.38,1401056,86332328.0
2012-09-20,21.25,21.45,21.0,21.01,1326171,81007056.0
2012-09-21,21.0,21.17,20.69,20.69,985011,59133196.0
2012-09-24,20.48,21.33,20.38,21.13,1047539,62883064.0
2012-09-25,21.07,21.32,20.92,21.01,691105,42040228.0
2012-09-26,20.88,21.02,20.73,20.76,776981,46636684.0
2012-09-27,20.81,21.62,20.69,21.19,1155143,70484752.0
2012-09-28,21.03,21.62,21.02,21.59,1710812,105065216.0
2012-10-08,21.59,21.8,21.43,21.67,1123509,70028520.0
2012-10-09,21.81,22.38,21.7,22.12,2150497,137264704.0
2012-10-10,22.14,22.22,21.98,22.11,966653,61659436.0
2012-10-11,22.08,22.1,21.81,21.94,863170,54502584.0
2012-10-12,22.01,22.22,21.67,21.92,853559,53844716.0
2012-10-15,22.04,22.28,21.59,22.22,1003578,63856008.0
2012-10-16,22.21,22.74,22.08,22.4,2254398,146427648.0
2012-10-17,22.55,22.55,22.15,22.16,940179,60224676.0
2012-10-18,22.24,22.52,22.16,22.22,1263815,81285408.0
2012-10-19,22.23,22.28,21.64,21.87,2093717,131555592.0
2012-10-22,21.87,22.01,21.74,21.94,983822,62056380.0
2012-10-23,21.91,22.02,21.3,21.48,2006800,124566592.0
2012-10-24,21.35,21.66,21.29,21.29,980269,60539540.0
2012-10-25,21.29,21.53,21.14,21.53,1622491,99477768.0
2012-10-26,21.51,21.54,21.18,21.52,1380397,84965288.0
2012-10-29,21.35,21.7,21.3,21.43,1021693,63211996.0
2012-10-30,21.46,21.7,21.21,21.25,1348201,82898528.0
2012-10-31,21.54,22.79,21.54,22.74,6301289,406223136.0
2012-11-01,22.83,22.96,22.53,22.76,3012173,197350832.0
2012-11-02,22.76,23.14,22.68,22.96,3580967,236480400.0
2012-11-05,22.86,23.12,22.74,22.96,2505368,165520336.0
2012-11-06,22.96,23.1,22.53,22.87,2346643,154691216.0
2012-11-07,22.78,22.9,22.52,22.85,1791920,117296752.0
2012-11-08,22.73,23.47,22.39,23.02,2225407,148313072.0
2012-11-09,23.01,23.01,22.6,22.67,1716130,112418448.0
2012-11-12,22.66,23.02,22.05,22.64,2340525,151961616.0
2012-11-13,22.46,22.56,22.08,22.34,2065240,132739960.0
2012-11-14,22.34,22.48,22.13,22.23,1272915,81580848.0
2012-11-15,22.17,22.87,22.17,22.71,1619205,105295688.0
2012-11-16,22.56,22.74,22.27,22.36,1873145,121300744.0
2012-11-19,22.27,22.41,22.01,22.18,1411164,90333144.0
2012-11-20,22.19,22.63,22.1,22.46,1075907,69502168.0
2012-11-21,22.55,22.74,22.36,22.64,1758615,114172088.0
2012-11-22,22.64,22.91,22.46,22.58,1444891,94325760.0
2012-11-23,22.59,22.74,22.33,22.49,1261837,81788816.0
2012-11-26,22.43,22.46,21.99,21.99,1524159,97302264.0
2012-11-27,21.96,22.15,21.77,21.9,1728760,109258624.0
2012-11-28,21.9,21.98,21.49,21.54,1985515,123731056.0
2012-11-29,21.57,21.99,21.54,21.81,1088908,68296616.0
2012-11-30,21.81,22.08,21.74,21.94,1112411,70358056.0
2012-12-03,21.94,22.1,21.5,21.75,1418574,88473824.0
2012-12-04,21.75,21.94,21.52,21.93,1706505,107198328.0
2012-12-05,21.97,22.56,21.7,22.11,3059524,195329056.0
2012-12-06,22.2,22.36,21.77,21.97,1848665,117010632.0
2012-12-07,21.87,22.13,21.74,22.05,2337189,147672128.0
2012-12-10,22.05,22.21,21.47,21.59,3255893,203082208.0
2012-12-11,21.46,21.68,21.39,21.49,1955858,121261376.0
2012-12-12,21.49,21.61,21.41,21.48,1187480,73514440.0
2012-12-13,21.44,21.8,21.39,21.52,2263245,140722864.0
2012-12-14,21.68,22.18,21.56,22.08,3416188,215012032.0
2012-12-17,22.05,22.05,21.36,21.58,5030892,312296000.0
2012-12-18,21.57,22.01,21.48,21.98,3353519,210053040.0
2012-12-19,21.93,22.17,21.87,22.12,2902784,184643296.0
2012-12-20,22.07,22.15,21.92,22.08,1282315,81311288.0
2012-12-21,22.1,22.28,21.87,22.21,1536778,98178040.0
2012-12-24,22.05,22.57,22.03,22.46,3257612,209691440.0
2012-12-25,22.38,22.91,22.07,22.76,4321461,282844096.0
2012-12-26,22.65,23.02,22.43,22.77,3128464,204344960.0
2012-12-27,22.84,22.98,22.59,22.83,1788379,117339824.0
2012-12-28,22.88,23.19,22.57,23.17,2300000,151400160.0
2012-12-31,23.14,23.61,22.95,23.61,4796239,321797056.0
2013-01-04,23.58,23.58,22.36,22.6,4597994,300723328.0
2013-01-07,22.6,22.79,22.21,22.59,4064067,263138288.0
2013-01-08,22.5,23.49,22.47,23.19,4577007,303675168.0
2013-01-09,23.18,23.71,22.87,23.13,3388788,227908448.0
2013-01-10,22.91,23.54,22.71,23.03,2507615,166803808.0
2013-01-11,23.02,23.36,22.83,23.19,2565580,170964288.0
2013-01-14,23.16,23.71,23.13,23.64,2153462,146258000.0
2013-01-15,23.67,24.47,23.39,24.31,2974226,205830528.0
2013-01-16,24.31,25.55,23.96,25.0,3932624,283282400.0
2013-01-17,24.83,25.46,24.75,25.34,2185088,158877648.0
2013-01-18,25.35,25.72,25.08,25.36,1665306,121677024.0
2013-01-21,25.41,25.41,24.89,25.3,1971536,142709936.0
2013-01-22,25.27,25.27,24.58,24.61,2276610,163157136.0
2013-01-23,24.6,25.69,24.48,25.62,2315592,166563072.0
2013-01-24,25.62,26.21,25.52,25.95,2376253,176852176.0
2013-01-25,25.95,26.87,25.86,26.61,2389466,182440000.0
2013-01-28,26.34,27.28,26.25,26.8,3411675,264362064.0
2013-01-29,26.59,26.86,26.32,26.54,2052228,156875920.0
2013-01-30,26.39,26.5,25.9,26.42,2703877,203755008.0
2013-01-31,26.39,26.59,25.92,26.56,1896261,142918976.0
2013-02-01,26.6,26.87,25.76,26.35,2865770,215497136.0
2013-02-04,26.21,26.3,25.31,25.66,3141633,231596176.0
2013-02-05,25.88,26.45,25.45,26.14,2139726,160700144.0
2013-02-06,25.62,26.21,23.53,26.14,7641528,558810048.0
2013-02-07,25.55,26.8,24.65,26.21,4457447,331930560.0
2013-02-08,26.14,27.18,26.04,26.94,2624689,202958576.0
2013-02-18,26.87,27.0,26.26,26.42,1594502,122341832.0
2013-02-19,26.45,26.63,26.32,26.39,1749645,133261288.0
2013-02-20,26.46,27.69,26.32,27.43,2210811,173904160.0
2013-02-21,27.25,27.53,26.74,27.04,2104000,163938832.0
2013-02-22,27.18,27.5,26.91,26.98,1175026,92044384.0
2013-02-25,26.87,27.32,26.56,26.83,1542408,119171288.0
2013-02-26,26.83,27.25,26.39,26.39,2313571,178924224.0
2013-02-27,26.48,26.66,25.61,26.21,2307427,172955824.0
2013-02-28,26.18,26.84,25.69,26.37,1772780,134146184.0
2013-03-01,26.37,26.74,26.09,26.71,1410598,107296312.0
2013-03-04,27.04,27.51,26.56,26.73,2017518,158056192.0
2013-03-05,26.77,27.76,26.45,27.69,2835654,221588944.0
2013-03-06,27.69,27.87,27.12,27.53,2242073,178504480.0
2013-03-07,27.27,27.53,26.45,27.39,3070034,238689328.0
2013-03-08,27.23,27.25,26.69,26.76,1499859,116224040.0
2013-03-11,26.73,26.85,26.39,26.61,1003174,77086056.0
2013-03-12,26.61,26.91,25.8,26.13,1453385,109494352.0
2013-03-13,26.04,26.24,25.8,26.11,1302871,97692488.0
2013-03-14,25.88,27.18,25.83,27.03,2096930,162401072.0
2013-03-15,27.02,27.88,26.78,27.03,3451474,273367392.0
2013-03-18,27.08,27.88,27.08,27.6,1708592,135504064.0
2013-03-19,27.81,27.84,27.06,27.26,2385651,188463104.0
2013-03-20,27.26,29.27,27.04,29.15,4295120,354089888.0
2013-03-21,29.0,29.29,28.63,29.16,2579223,214278448.0
2013-03-22,29.15,30.19,29.03,30.18,2778776,237854240.0
2013-03-25,30.19,30.3,29.54,29.86,2180540,187162384.0
2013-03-26,29.68,29.94,28.99,29.85,2290100,194224368.0
2013-03-27,29.62,30.2,29.54,29.93,1101780,94786624.0
2013-03-28,29.51,30.2,29.29,29.65,1839998,157863344.0
2013-03-29,29.95,30.0,29.44,29.68,1188287,101550480.0
2013-04-01,29.27,29.42,28.99,29.29,1795583,150988688.0
2013-04-02,29.04,29.3,28.29,28.47,2711006,223756032.0
2013-04-03,28.64,28.92,27.77,28.06,2017476,164147728.0
2013-04-08,28.06,28.93,27.95,28.75,1837783,151182000.0
2013-04-09,28.75,28.95,28.3,28.82,1583998,130341672.0
2013-04-10,28.75,28.82,27.53,28.29,2061888,166395056.0
2013-04-11,28.29,28.47,28.06,28.29,1020709,83264216.0
2013-04-12,28.15,28.71,28.15,28.4,949502,77707488.0
2013-04-15,28.26,28.82,27.95,28.82,1176499,96010544.0
2013-04-16,28.79,29.16,28.48,28.89,1090849,90701768.0
2013-04-17,28.78,29.98,28.65,29.74,1662062,140881600.0
2013-04-18,29.44,30.41,29.2,29.51,1292263,110334192.0
2013-04-19,29.6,29.85,29.37,29.67,1850054,157855744.0
2013-04-22,30.72,30.72,29.68,29.7,2214334,192231328.0
2013-04-23,29.62,29.63,28.57,28.98,1697583,141537840.0
2013-04-24,28.95,30.03,28.76,29.6,1164025,98646784.0
2013-04-25,29.55,30.4,29.31,29.88,1512642,131048784.0
2013-04-26,29.93,30.2,29.34,29.58,1077459,92269080.0
2013-05-02,29.34,29.99,29.23,29.86,1543899,132432576.0
2013-05-03,29.87,31.19,29.87,30.91,2436070,216622688.0
2013-05-06,31.07,31.17,30.42,30.55,1388727,123180304.0
2013-05-07,30.54,30.61,29.98,30.55,1296836,112821392.0
2013-05-08,30.74,31.11,30.55,30.91,1419027,126148648.0
2013-05-09,30.81,31.58,30.76,31.25,1479897,133161120.0
2013-05-10,30.9,31.25,30.45,31.04,1087392,96413520.0
2013-05-13,31.04,31.42,30.45,30.46,1177788,104646144.0
2013-05-14,30.38,30.45,29.51,30.22,1760063,151581520.0
2013-05-15,30.13,30.36,29.66,30.21,1155532,99740880.0
2013-05-16,29.94,31.07,29.66,30.51,2305666,202223696.0
2013-05-17,30.32,30.93,30.16,30.72,1704881,150211216.0
2013-05-20,30.62,30.62,29.29,29.8,2874880,246546880.0
2013-05-21,29.77,29.99,29.17,29.51,2940483,250295008.0
2013-05-22,29.68,30.79,29.54,29.93,2507843,216964384.0
2013-05-23,29.68,30.21,29.55,30.01,1798645,154949392.0
2013-05-24,30.07,31.25,30.06,31.19,3468756,308480576.0
2013-05-27,30.95,31.89,30.72,30.79,2330839,209740496.0
2013-05-28,30.74,31.2,30.47,31.07,1384327,122869336.0
2013-05-29,31.23,31.45,30.91,31.25,1434940,129087056.0
2013-05-30,31.23,31.51,31.11,31.24,1052604,94774744.0
2013-05-31,31.55,31.66,31.21,31.25,1126261,101941992.0
2013-06-03,31.19,31.28,30.43,30.72,1856392,164322000.0
2013-06-04,30.41,30.67,30.06,30.34,1542366,134596224.0
2013-06-05,30.34,30.34,29.86,30.07,1654502,143159792.0
2013-06-06,30.07,30.44,29.9,30.16,1206136,104934904.0
2013-06-07,30.2,30.23,29.15,29.16,2387818,204065680.0
2013-06-13,28.47,29.34,28.12,29.23,2732176,226038416.0
2013-06-14,29.32,29.49,28.94,29.28,2513781,210841040.0
2013-06-17,29.2,30.89,29.2,30.79,3554166,308636576.0
2013-06-18,30.75,30.75,30.03,30.34,1543898,134059736.0
2013-06-19,30.19,30.37,29.95,30.33,826988,71469232.0
2013-06-20,30.3,30.36,29.35,29.35,1701042,145517520.0
2013-06-21,29.18,30.33,29.05,30.28,1600721,136258368.0
2013-06-24,30.16,30.32,28.94,29.21,3151351,268759552.0
2013-06-25,28.62,29.56,27.6,28.69,4855361,396354432.0
2013-06-26,28.64,29.82,27.92,29.69,3209577,268815168.0
2013-06-27,29.61,29.83,29.25,29.72,1864081,158121680.0
2013-06-28,29.49,29.84,29.0,29.32,2585671,217103008.0
2013-07-01,29.31,30.86,29.08,30.71,4028801,350686944.0
2013-07-02,30.72,33.16,30.72,32.81,7003456,647773376.0
2013-07-03,32.67,33.96,32.22,33.4,3137748,299033536.0
2013-07-04,33.16,33.48,32.89,33.4,1409755,133849248.0
2013-07-05,33.16,33.6,32.67,32.78,1095142,103378392.0
2013-07-08,32.18,33.16,31.99,32.64,1456171,135791088.0
2013-07-09,32.53,34.21,32.46,33.0,1753682,167504992.0
2013-07-10,32.86,33.5,32.77,33.07,1143001,108392800.0
2013-07-11,33.25,34.02,32.79,33.82,2091410,199512336.0
2013-07-12,33.58,34.97,33.5,34.87,2816446,278504224.0
2013-07-15,34.9,35.95,34.55,35.93,2285620,230408576.0
2013-07-16,35.26,36.29,35.18,35.33,2067207,211725280.0
2013-07-17,35.32,35.84,34.21,34.69,1544419,155274480.0
2013-07-18,34.28,35.18,34.22,34.93,1520262,151534784.0
2013-07-19,34.9,35.6,34.35,34.73,1122169,112533632.0
2013-07-22,34.35,35.46,34.21,35.31,1253686,126278864.0
2013-07-23,35.31,36.64,34.91,36.64,1726908,178841184.0
2013-07-24,36.48,38.75,36.16,38.63,3001901,325157472.0
2013-07-25,38.51,38.77,37.17,37.7,1631645,176189712.0
2013-07-26,37.34,38.32,37.23,37.31,1411811,152348736.0
2013-07-29,36.96,37.59,36.53,37.0,2220187,234655216.0
2013-07-30,37.0,37.7,35.78,37.17,1781541,187915376.0
2013-07-31,37.2,37.35,36.3,36.34,1210244,127093296.0
2013-08-01,36.3,37.24,35.88,37.0,2026273,211849728.0
2013-08-02,37.31,37.45,36.73,36.94,830943,88362536.0
2013-08-05,36.93,37.59,36.68,37.59,1444622,153408448.0
2013-08-06,37.35,37.78,36.93,37.42,1670893,179146912.0
2013-08-07,37.4,37.97,36.72,37.0,2071134,221901760.0
2013-08-08,36.93,37.24,36.65,36.76,1288291,136108960.0
2013-08-09,36.77,37.33,36.51,36.56,1354552,143168256.0
2013-08-12,36.76,37.24,35.25,35.92,3233047,333675936.0
2013-08-13,35.78,35.87,34.86,35.51,2491400,251429440.0
2013-08-14,35.38,35.85,35.16,35.46,1645500,167130512.0
2013-08-15,35.45,35.57,34.66,34.66,1795057,179462384.0
2013-08-16,34.59,35.6,34.31,34.87,2617334,262221456.0
2013-08-19,34.91,35.5,34.9,35.43,1265789,127926000.0
2013-08-20,35.36,35.45,34.66,34.92,1408291,141434848.0
2013-08-21,35.35,35.48,34.73,35.42,1482661,149737136.0
2013-08-22,35.51,37.84,35.51,37.45,4704383,501866848.0
2013-08-23,37.46,38.38,36.97,37.89,3247729,351984928.0
2013-08-26,37.53,38.39,37.21,37.56,1844938,200293920.0
2013-08-27,37.46,37.69,36.96,37.28,1152668,122902624.0
2013-08-28,37.0,37.34,36.44,36.86,1491765,157270480.0
2013-08-29,37.1,37.31,36.12,36.12,1097956,114681136.0
2013-08-30,35.95,36.5,35.71,35.95,1044464,107765384.0
2013-09-02,35.95,36.51,35.5,36.21,2173756,223370528.0
2013-09-03,36.29,36.63,36.03,36.51,2095240,218484752.0
2013-09-04,36.22,36.96,36.16,36.79,1587657,167227136.0
2013-09-05,36.79,36.79,35.95,36.09,1250432,130405312.0
2013-09-06,36.13,37.47,35.97,37.34,2124250,226166768.0
2013-09-09,37.34,37.34,36.31,36.91,1804550,190684400.0
2013-09-10,36.93,36.93,35.95,36.65,2164684,225875408.0
2013-09-11,36.62,36.62,35.03,35.44,4072552,414759168.0
2013-09-12,35.43,35.8,34.69,35.6,2650249,267750240.0
2013-09-13,35.67,36.58,35.49,36.36,1886862,194388512.0
2013-09-16,36.64,36.85,35.95,36.37,2105532,220211856.0
2013-09-17,36.25,37.73,36.25,37.17,4026451,429305632.0
2013-09-18,37.35,38.61,35.95,36.99,7496811,804792640.0
2013-09-23,36.93,40.69,36.51,39.93,6001303,672300416.0
2013-09-24,39.47,40.07,39.13,39.43,1734971,196286368.0
2013-09-25,39.27,40.0,37.95,38.53,2286937,254117456.0
2013-09-26,38.39,40.1,38.13,39.7,2081050,234693760.0
2013-09-27,39.71,41.32,39.46,40.92,2525296,295128992.0
2013-09-30,40.93,41.18,40.18,40.86,998507,116440448.0
2013-10-08,40.49,41.64,40.49,40.65,1784343,210094768.0
2013-10-09,40.65,41.42,40.13,40.45,1689092,195688448.0
2013-10-10,40.3,40.61,39.44,40.31,1400551,159946848.0
2013-10-11,40.1,40.31,39.46,40.17,1435206,164130960.0
2013-10-14,40.38,40.41,38.92,39.62,2745835,310065664.0
2013-10-15,39.58,40.7,39.27,39.65,2631285,301715840.0
2013-10-16,39.44,40.66,39.44,40.38,1580727,181732192.0
2013-10-17,40.28,40.48,39.69,39.9,947370,108420248.0
2013-10-18,39.9,40.07,38.74,39.61,1901922,213355840.0
2013-10-21,39.34,40.0,38.67,39.91,1692993,191174688.0
2013-10-22,39.79,41.07,38.83,39.12,2403901,273881312.0
2013-10-23,39.44,39.44,38.15,38.39,1654035,183368400.0
2013-10-24,38.39,38.91,37.87,38.4,1437791,157896688.0
2013-10-25,38.4,38.74,37.04,37.66,1957741,211420544.0
2013-10-28,36.82,36.82,33.93,34.79,6049729,607970624.0
2013-10-29,34.42,36.3,34.21,36.16,3404547,346098112.0
2013-10-30,35.8,36.12,35.18,35.78,2333092,238112384.0
2013-10-31,35.46,36.15,33.98,36.15,2945706,294465216.0
2013-11-01,35.25,36.8,35.03,36.3,1242949,128420312.0
2013-11-04,36.65,36.86,34.73,34.97,2168733,219256112.0
2013-11-05,34.55,35.25,34.21,34.9,2103227,209670352.0
2013-11-06,34.58,34.9,33.44,33.81,3633432,352013696.0
2013-11-07,33.81,34.11,32.88,33.85,2560809,244586032.0
2013-11-08,33.56,34.41,33.51,34.13,1413219,137561744.0
2013-11-11,34.02,35.08,33.51,34.94,1395341,138384688.0
2013-11-12,34.9,35.68,34.63,34.69,1344566,134859200.0
2013-11-13,34.21,34.73,34.07,34.39,895178,87937552.0
2013-11-14,34.39,35.09,34.22,34.94,1106058,110490616.0
2013-11-15,35.1,35.39,34.73,35.25,1332235,133856656.0
2013-11-18,35.25,35.25,34.52,34.73,2252827,224302240.0
2013-11-19,34.76,34.9,34.13,34.21,1696181,166791344.0
2013-11-20,34.67,34.87,34.09,34.37,1537426,151080944.0
2013-11-21,34.3,34.4,34.02,34.19,1121259,109678408.0
2013-11-22,34.45,34.54,34.1,34.21,1132330,111025448.0
2013-11-25,33.68,34.77,33.68,34.33,1294043,127601168.0
2013-11-26,34.33,35.25,34.21,34.94,1340828,133684664.0
2013-11-27,34.9,35.73,34.8,35.61,1526001,155284208.0
2013-11-28,35.72,36.12,35.53,35.66,1551268,159329808.0
2013-11-29,35.61,36.53,35.61,36.3,1289110,134088808.0
2013-12-02,35.95,36.78,34.91,35.12,1331918,137196944.0
2013-12-03,35.15,37.6,34.91,36.95,2353285,247750256.0
2013-12-04,36.86,37.35,36.26,36.46,1677046,176208688.0
2013-12-05,36.46,36.46,35.88,36.11,1062670,109910960.0
2013-12-06,36.11,36.46,35.95,36.37,648876,67272464.0
2013-12-09,36.37,36.73,35.57,35.95,1139983,117479792.0
2013-12-10,35.71,36.13,34.9,35.29,1692396,171486624.0
2013-12-11,34.9,35.18,34.66,35.18,1120723,112081792.0
2013-12-12,34.91,35.43,34.91,35.34,679765,68537168.0
2013-12-13,34.55,35.29,34.55,34.91,1196879,119883456.0
2013-12-16,34.97,35.17,34.21,34.35,1315597,129674680.0
2013-12-17,34.35,35.32,34.12,34.49,1864703,185059056.0
2013-12-18,34.34,34.64,34.19,34.35,1251940,123137528.0
2013-12-19,34.35,34.49,33.75,33.9,1506978,146721856.0
2013-12-20,33.9,34.13,33.16,33.19,2257346,216253616.0
2013-12-23,33.18,34.87,33.07,34.55,2205668,216158000.0
2013-12-24,34.62,35.52,34.21,35.15,1821589,183471824.0
2013-12-25,35.13,35.43,34.84,35.22,755620,75956944.0
2013-12-26,34.91,35.25,34.84,35.12,1123912,112717928.0
2013-12-27,35.43,35.94,34.95,35.66,1764799,179889904.0
2013-12-30,35.54,35.71,34.26,34.62,3137321,311815168.0
2013-12-31,34.8,35.65,34.8,35.6,2520810,255301584.0
2014-01-02,35.59,36.44,34.81,36.32,3114733,320202592.0
2014-01-03,36.41,36.41,35.32,35.55,1741959,177742816.0
2014-01-06,35.54,35.54,34.6,35.12,1639901,164045712.0
2014-01-07,34.73,35.11,34.56,34.83,1222536,122260728.0
2014-01-08,34.83,35.24,34.7,34.83,1031837,103288128.0
2014-01-09,34.76,35.24,34.63,34.9,1333808,133521984.0
2014-01-10,34.84,35.07,33.98,34.18,1605739,157793008.0
2014-01-13,34.18,34.55,34.08,34.31,867736,85165696.0
2014-01-14,34.32,34.55,33.75,34.38,811570,79655856.0
2014-01-15,34.21,34.76,34.13,34.42,888912,87481560.0
2014-01-16,34.53,34.55,33.86,33.86,1339974,130655888.0
2014-01-17,33.83,34.01,33.44,33.77,1471960,141578672.0
2014-01-20,33.53,33.68,31.85,32.81,3796301,353160416.0
2014-01-21,32.5,33.16,32.34,32.34,2528562,236541168.0
2014-01-22,32.64,33.27,32.42,33.03,2269898,213809760.0
2014-01-23,33.03,33.23,32.39,32.66,2866696,268414768.0
2014-01-24,32.62,32.62,31.97,32.25,3770157,348349536.0
2014-01-27,32.11,32.25,30.89,31.27,6084558,546176832.0
2014-01-28,31.31,32.18,30.68,32.13,4333388,386608704.0
2014-01-29,32.11,32.74,31.52,31.99,3067604,282576608.0
2014-01-30,32.0,32.3,31.8,32.05,1467673,134911232.0
2014-02-07,31.7,32.05,30.89,31.05,2727906,243725488.0
2014-02-10,31.13,31.88,30.82,31.8,5111064,459044320.0
2014-02-11,31.79,31.79,31.46,31.51,3923795,355269120.0
2014-02-12,31.57,32.29,31.57,32.03,2615547,239944352.0
2014-02-13,32.02,32.03,31.37,31.45,3003736,271982144.0
2014-02-14,31.35,31.66,30.99,31.38,3495795,312228416.0
2014-02-17,31.44,31.57,30.72,31.02,4822792,427896992.0
2014-02-18,31.03,31.04,30.37,30.42,4496293,393629504.0
2014-02-19,30.52,31.03,29.95,31.0,5105414,444872736.0
2014-02-20,30.98,30.98,30.44,30.51,3268957,287123776.0
2014-02-21,30.47,30.74,30.37,30.58,2511020,219973872.0
2014-02-24,30.14,30.35,29.27,29.81,3531078,301326144.0
2014-02-25,29.81,30.0,28.88,29.32,3744706,318114400.0
2014-02-26,29.14,29.46,28.76,29.29,3112213,259305488.0
2014-02-27,29.49,29.55,28.32,28.52,4091631,337422112.0
2014-02-28,28.4,30.01,28.23,29.98,5657444,477656192.0
2014-03-03,30.05,30.37,29.68,29.98,2736086,235682544.0
2014-03-04,29.97,29.97,28.44,28.82,3728977,308659008.0
2014-03-05,28.62,28.89,27.94,28.23,5368240,433609504.0
2014-03-06,28.1,28.34,27.32,28.17,4405265,350358144.0
2014-03-07,28.09,30.98,27.95,30.98,10102249,865343616.0
2014-03-10,31.33,31.66,30.37,30.99,8337762,745713344.0
2014-03-11,30.92,32.04,30.74,31.59,5842774,529566880.0
2014-03-12,31.37,31.45,30.15,30.65,4300536,379414144.0
2014-03-13,30.65,31.69,30.29,30.82,3573194,318363328.0
2014-03-14,30.58,30.88,30.18,30.39,2703592,235961024.0
2014-03-17,30.68,30.71,30.25,30.52,2780225,241972640.0
2014-03-18,30.58,30.59,29.87,29.88,3293773,284116512.0
2014-03-19,29.67,29.69,28.88,29.06,3061820,255944960.0
2014-03-20,29.03,29.66,28.56,28.72,2953010,245192000.0
2014-03-21,28.34,29.42,28.2,29.32,2914807,241267312.0
2014-03-24,29.14,29.23,28.63,28.97,2091320,172871664.0
2014-03-25,28.84,29.06,28.73,28.9,1563669,129401232.0
2014-03-26,28.81,30.05,28.81,29.21,2987296,252196752.0
2014-03-27,29.38,29.42,28.49,28.62,2589533,213231120.0
2014-03-28,28.99,29.8,28.72,29.04,3258318,271821664.0
2014-03-31,29.13,29.76,28.97,29.32,2815471,237113360.0
2014-04-01,29.14,29.49,28.45,28.67,2983439,245762992.0
2014-04-02,28.73,28.76,28.1,28.27,2512109,203463872.0
2014-04-03,28.27,28.76,28.1,28.27,2151053,175741744.0
2014-04-04,28.13,28.52,27.4,28.44,4224250,338778816.0
2014-04-08,28.17,29.37,28.03,29.37,4557294,378324000.0
2014-04-09,29.33,30.05,29.32,29.59,3511071,299447872.0
2014-04-10,29.59,29.6,29.09,29.53,2971814,249330496.0
2014-04-11,29.66,31.27,29.64,30.63,5838519,513710592.0
2014-04-14,30.64,31.26,30.55,30.92,3417199,301922880.0
2014-04-15,30.63,30.72,30.17,30.18,1698456,147970112.0
2014-04-16,30.18,30.45,29.91,30.0,1391894,120320648.0
2014-04-17,29.99,30.44,29.76,29.88,1167911,100691552.0
2014-04-18,29.67,30.15,29.49,29.84,1027319,87904672.0
2014-04-21,29.5,30.78,29.5,29.84,1675181,145525104.0
2014-04-22,29.88,30.5,29.5,29.84,1742140,148951856.0
2014-04-23,29.67,29.8,29.22,29.49,1485560,125246184.0
2014-04-24,29.33,30.25,29.14,30.1,2189412,186346016.0
2014-04-25,30.11,30.51,29.88,30.03,2471762,213151888.0
2014-04-28,30.12,30.22,28.83,28.83,2683813,225450864.0
2014-04-29,28.83,29.04,28.28,28.85,2257459,184799552.0
2014-04-30,30.02,30.78,29.62,29.67,4361943,375827552.0
2014-05-05,29.39,30.51,29.39,30.37,1943427,167063616.0
2014-05-06,30.37,30.86,30.27,30.71,2374210,208562016.0
2014-05-07,30.79,30.94,30.32,30.38,1484723,130429008.0
2014-05-08,30.31,30.75,30.19,30.7,1660012,145036000.0
2014-05-09,30.7,30.85,30.37,30.75,2311821,202362656.0
2014-05-12,30.92,31.77,30.86,31.38,3592595,323421120.0
2014-05-13,31.39,31.63,30.96,31.49,1993921,179232352.0
2014-05-14,31.49,31.56,31.19,31.38,837059,75380968.0
2014-05-15,31.27,31.27,30.37,30.77,1868025,164691664.0
2014-05-16,30.77,30.77,30.15,30.39,1354148,117532704.0
2014-05-19,30.33,30.33,29.67,30.01,1463629,125491376.0
2014-05-20,30.07,30.38,29.79,30.02,1374887,118555728.0
2014-05-21,30.05,30.4,29.77,30.4,956208,82611400.0
2014-05-22,30.44,30.72,30.4,30.42,1398638,122532112.0
2014-05-23,30.37,30.65,30.23,30.4,860473,75030440.0
2014-05-26,30.74,30.91,30.11,30.58,1816243,158656704.0
2014-05-27,30.58,30.67,30.38,30.48,1414354,123727496.0
2014-05-28,30.29,30.68,30.23,30.52,2427575,140356064.0
2014-05-29,30.67,30.67,30.02,30.18,2052522,118085568.0
2014-05-30,30.18,30.33,29.78,30.29,2182284,124435360.0
2014-06-03,30.28,30.4,29.69,29.85,3091935,175468032.0
2014-06-04,29.84,29.85,28.99,29.24,3374451,187074624.0
2014-06-05,29.19,29.37,28.44,29.11,5504594,301089536.0
2014-06-06,29.11,29.17,28.54,28.66,2589420,141265456.0
2014-06-09,28.6,28.6,28.25,28.28,4289696,231150416.0
2014-06-10,28.3,29.01,28.3,28.96,4677134,255219200.0
2014-06-11,29.06,29.08,28.44,28.79,3058745,166632640.0
2014-06-12,28.75,28.96,28.55,28.77,1805381,98564392.0
2014-06-13,28.7,28.94,28.56,28.88,4179650,228148032.0
2014-06-16,28.97,28.99,28.59,28.64,4101947,223460880.0
2014-06-17,28.62,28.64,28.12,28.27,5087009,273388224.0
2014-06-18,28.13,28.3,28.03,28.17,2979687,159158768.0
2014-06-19,28.26,28.27,27.01,27.37,8005199,416149824.0
2014-06-20,27.13,27.37,26.75,27.04,5486751,280938496.0
2014-06-23,27.04,27.06,26.32,26.37,10118375,508747648.0
2014-06-24,26.37,26.61,26.28,26.58,5308194,266767440.0
2014-06-25,26.57,26.59,26.22,26.52,4080693,204535952.0
2014-06-26,26.49,26.72,26.36,26.62,5280750,266145776.0
2014-06-27,26.59,27.17,26.38,27.17,5845954,297745824.0
2014-06-30,27.17,27.62,26.93,27.49,5507886,286303200.0
2014-07-01,27.62,27.62,27.12,27.17,3121731,161583856.0
2014-07-02,27.18,27.28,26.71,26.93,3987687,203853376.0
2014-07-03,26.93,27.46,26.78,27.22,5365965,277834976.0
2014-07-04,27.23,27.35,26.94,27.01,2875301,147807648.0
2014-07-07,27.01,27.33,26.8,27.07,4242606,217584464.0
2014-07-08,27.07,27.2,26.59,26.89,4393592,223424624.0
2014-07-09,26.8,26.8,25.64,25.75,12435808,617229504.0
2014-07-10,25.75,25.88,25.11,25.27,7673036,370037696.0
2014-07-11,25.27,25.71,25.16,25.43,4418917,213116976.0
2014-07-14,25.43,25.48,24.8,25.42,8953483,426995136.0
2014-07-15,25.41,26.3,25.28,26.28,10467738,517303008.0
2014-07-16,26.28,26.54,26.01,26.27,5615423,280522464.0
2014-07-17,26.27,26.32,25.87,26.06,2313973,114377832.0
2014-07-18,26.03,26.63,25.89,26.24,5173052,258622432.0
2014-07-21,26.17,27.58,25.97,27.38,14301577,734033280.0
2014-07-22,27.09,27.51,27.09,27.33,7353717,381604896.0
2014-07-23,27.32,27.48,27.01,27.18,4606691,237981712.0
2014-07-24,27.13,28.16,27.13,27.95,9688491,511695360.0
2014-07-25,27.99,28.12,27.66,27.9,5534424,292981408.0
2014-07-28,28.09,28.75,28.09,28.2,7784165,419854816.0
2014-07-29,28.22,28.44,27.95,28.22,6732324,360976480.0
2014-07-30,28.22,28.75,28.12,28.54,6564388,356080192.0
2014-07-31,28.54,28.7,28.0,28.48,5379290,289349984.0
2014-08-01,28.28,29.53,28.28,28.83,11422613,630628672.0
2014-08-04,29.49,29.74,29.02,29.25,7284986,405262496.0
2014-08-05,29.25,29.64,28.98,29.37,5406445,300109824.0
2014-08-06,29.22,29.22,28.88,29.09,3665638,202477760.0
2014-08-07,29.09,29.12,28.12,28.13,6881907,373136576.0
2014-08-08,28.13,28.47,27.96,28.3,4115546,220703488.0
2014-08-11,28.32,28.49,28.09,28.48,5057891,272066688.0
2014-08-12,28.48,28.49,27.85,27.93,9217948,490938336.0
2014-08-13,27.94,28.51,27.91,28.07,6939482,371704608.0
2014-08-14,28.09,28.36,27.95,28.01,4207405,224792064.0
2014-08-15,28.01,28.3,27.96,28.21,3959013,211907968.0
2014-08-18,28.2,28.43,28.2,28.38,4391286,236063120.0
2014-08-19,28.45,28.48,28.11,28.33,5640538,302933792.0
2014-08-20,28.32,28.33,27.85,27.89,7256851,384945568.0
2014-08-21,27.9,28.05,27.75,27.98,3994139,211522768.0
2014-08-22,28.04,28.26,27.48,27.61,10532259,554786624.0
2014-08-25,27.59,27.59,26.64,26.76,11897211,607496384.0
2014-08-26,26.7,26.73,26.25,26.32,8885269,445614368.0
2014-08-27,26.33,26.64,26.24,26.33,6549168,328120512.0
2014-08-28,26.33,26.41,26.03,26.22,5871689,291516480.0
2014-08-29,26.24,26.45,26.24,26.36,4375305,218808304.0
2014-09-01,26.36,26.76,26.36,26.73,6540067,330987424.0
2014-09-02,26.81,26.91,26.57,26.91,7385920,375782560.0
2014-09-03,26.97,27.28,26.96,27.14,7683428,396104000.0
2014-09-04,27.19,27.24,26.9,27.16,8689563,446708992.0
2014-09-05,27.24,27.65,27.22,27.61,8792486,456995008.0
2014-09-09,27.6,27.6,27.31,27.58,6023651,314135648.0
2014-09-10,27.54,27.54,27.12,27.28,6167848,319537152.0
2014-09-11,27.28,27.48,27.06,27.08,8457324,436732320.0
2014-09-12,27.01,27.04,26.78,26.99,6933329,354150336.0
2014-09-15,26.93,27.12,26.86,27.02,6537634,335353664.0
2014-09-16,27.21,27.25,26.51,26.57,8384799,428488128.0
2014-09-17,26.64,26.74,26.33,26.63,5640509,284417984.0
2014-09-18,26.59,27.17,26.5,27.04,7602215,389506912.0
2014-09-19,27.07,27.37,27.07,27.29,7793406,403130816.0
2014-09-22,27.31,27.35,26.91,26.96,5038485,259049536.0
2014-09-23,26.96,27.28,26.94,27.09,5616159,289148480.0
2014-09-24,27.02,27.42,26.96,27.39,9418334,486981472.0
2014-09-25,27.54,27.67,27.12,27.15,7666771,399218176.0
2014-09-26,27.06,27.19,26.74,26.91,6736794,343868192.0
2014-09-29,26.94,27.1,26.8,26.93,6572149,335995872.0
2014-09-30,26.94,27.01,26.82,27.0,5595526,285993440.0
2014-10-08,27.07,29.7,26.86,29.7,38892052,2126797952.0
2014-10-09,30.01,30.09,29.2,29.56,23883538,1343791488.0
2014-10-10,29.48,29.74,28.86,29.21,17084876,949159808.0
2014-10-13,29.12,29.97,28.89,29.65,19135516,1071781632.0
2014-10-14,29.49,29.78,28.8,28.89,14134499,783626368.0
2014-10-15,28.89,29.97,28.77,29.53,17549988,984523392.0
2014-10-16,29.49,30.46,29.22,29.4,17307632,980306176.0
2014-10-17,29.31,29.96,29.03,29.65,11733670,657144704.0
2014-10-20,29.75,30.25,29.54,29.84,11603832,660259200.0
2014-10-21,29.85,29.85,29.13,29.35,8615521,480727712.0
2014-10-22,29.26,29.47,28.59,28.6,8350992,458658080.0
2014-10-23,28.59,28.79,27.86,27.96,8656703,462982304.0
2014-10-24,27.96,28.17,27.37,27.7,6590462,347108704.0
2014-10-27,27.62,27.97,27.2,27.97,7128962,372622112.0
2014-10-28,28.07,28.38,27.76,28.36,8990738,478891584.0
2014-10-29,28.75,28.99,28.17,28.75,15309818,831389376.0
2014-10-30,28.79,28.79,28.02,28.1,13799985,740981568.0
2014-10-31,28.17,28.22,27.8,28.16,10095827,536106336.0
2014-11-03,28.17,28.3,27.94,28.15,9255118,493727520.0
2014-11-04,28.11,28.11,27.72,27.75,7439049,393002624.0
2014-11-05,27.78,28.01,27.66,27.96,6220335,328931584.0
2014-11-06,27.96,28.09,27.82,27.98,6125931,325048320.0
2014-11-07,28.01,28.03,27.41,27.43,10225281,538591360.0
2014-11-10,27.51,28.42,27.51,28.33,17501460,937796928.0
2014-11-11,28.38,28.95,28.07,28.56,19727252,1067484992.0
2014-11-12,28.57,28.9,28.26,28.47,9492077,512514816.0
2014-11-13,28.48,28.51,27.75,27.91,9435304,501893920.0
2014-11-14,27.83,29.22,27.75,29.05,20742576,1134801408.0
2014-11-17,29.25,29.49,28.65,28.72,12558619,687236928.0
2014-11-18,28.64,28.66,28.01,28.24,9509027,509800896.0
2014-11-19,28.22,28.28,28.01,28.17,6521707,348331232.0
2014-11-20,28.09,28.38,28.01,28.02,6694142,357781472.0
2014-11-21,27.93,28.28,27.93,28.2,6914482,369876864.0
2014-11-24,28.32,28.86,28.05,28.71,16722230,906827840.0
2014-11-25,28.71,28.8,28.41,28.77,11485449,623269120.0
2014-11-26,28.8,29.41,28.54,29.41,21137836,1164093824.0
2014-11-27,29.41,29.94,29.25,29.49,20364218,1139427584.0
2014-11-28,29.49,29.49,28.86,29.48,17169148,948245248.0
2014-12-01,29.38,30.46,29.14,30.39,22555496,1281850368.0
2014-12-02,30.36,30.8,30.13,30.65,18487776,1070724160.0
2014-12-03,30.65,31.88,30.14,30.77,23364108,1373126144.0
2014-12-04,30.8,31.85,30.78,31.33,21585872,1284483712.0
2014-12-05,31.32,31.96,30.03,31.12,27169942,1596608896.0
2014-12-08,30.87,32.02,30.28,32.01,28662794,1695315712.0
2014-12-09,32.02,32.99,31.12,31.59,34360676,2100750848.0
2014-12-10,31.3,32.65,31.07,32.65,22940124,1381703808.0
2014-12-11,32.38,32.64,31.53,31.7,14133644,858703040.0
2014-12-12,31.61,31.89,31.38,31.76,11954261,717873600.0
2014-12-15,31.59,31.81,31.18,31.67,12383709,740918208.0
2014-12-16,31.59,31.59,30.8,31.02,14547915,856429376.0
2014-12-17,31.02,31.42,30.63,30.96,11962435,703582336.0
2014-12-18,30.96,31.75,30.75,31.53,12972874,773891776.0
2014-12-19,31.44,31.44,30.54,30.83,21377056,1251464704.0
2014-12-22,30.8,30.8,29.73,30.22,11327009,645931456.0
2014-12-23,30.01,31.06,29.86,30.96,11470429,667225280.0
2014-12-24,30.96,31.42,30.54,30.83,10805216,637927488.0
2014-12-25,30.9,31.01,30.33,30.92,8242455,479470112.0
2014-12-26,30.92,31.08,30.55,30.88,7180487,420118336.0
2014-12-29,30.88,31.33,30.59,31.05,11734586,693049984.0
2014-12-30,31.07,32.65,31.05,32.02,16163221,982670656.0
2014-12-31,32.02,33.63,31.86,33.25,20437058,1270684416.0
2015-01-05,33.26,34.75,32.96,34.2,19848954,1278906880.0
2015-01-06,34.17,37.1,33.7,35.4,23261820,1566886912.0
2015-01-07,35.25,35.39,34.56,35.12,11336545,751573184.0
2015-01-08,35.06,36.64,34.95,35.12,11535632,778768000.0
2015-01-09,35.12,35.48,34.12,34.12,13238017,871056064.0
2015-01-12,34.12,34.75,33.49,34.28,11340251,735711168.0
2015-01-13,34.28,35.06,34.16,34.21,6910348,454608896.0
2015-01-14,34.23,34.54,33.71,34.0,5269655,341353184.0
2015-01-15,34.06,34.49,33.7,34.23,6303453,407352064.0
2015-01-16,34.24,34.78,33.97,34.76,6749404,441314208.0
2015-01-19,34.17,34.73,32.66,33.02,11043932,707954368.0
2015-01-20,33.1,33.69,33.1,33.65,8864623,562294656.0
2015-01-21,33.65,34.28,33.44,34.28,8604304,556093888.0
2015-01-22,34.28,34.67,34.06,34.43,7530521,491493760.0
2015-01-23,34.43,34.67,33.7,34.04,8055188,520799936.0
2015-01-26,33.96,35.2,33.86,35.05,10093093,667313088.0
2015-01-27,35.06,35.54,34.17,34.72,8857213,586272128.0
2015-01-28,34.53,34.7,33.72,33.85,7844658,508776352.0
2015-01-29,33.69,33.69,33.02,33.12,6920287,436864992.0
2015-01-30,33.37,33.51,32.74,33.14,5499093,346616800.0
2015-02-02,32.65,33.13,32.54,32.73,5365582,334659424.0
2015-02-03,33.01,33.28,32.86,33.28,5184047,325750016.0
2015-02-04,33.45,33.45,32.68,32.71,5329315,333885600.0
2015-02-05,33.0,33.1,32.13,32.16,7465052,460442368.0
2015-02-06,32.16,32.38,31.52,31.61,6870979,416091456.0
2015-02-09,31.54,32.06,31.54,31.81,4292291,259093680.0
2015-02-10,31.81,32.06,31.64,31.95,4909951,297267264.0
2015-02-11,31.86,32.44,31.86,32.27,4577112,279914464.0
2015-02-12,32.31,32.58,32.23,32.24,3423246,210364160.0
2015-02-13,32.32,32.89,32.32,32.51,5454190,338173280.0
2015-02-16,32.52,32.81,32.49,32.65,5901482,365565408.0
2015-02-17,32.76,33.04,32.74,33.01,4781028,298333504.0
2015-02-25,33.02,33.06,32.23,32.32,5914419,365702816.0
2015-02-26,32.17,32.62,31.94,32.62,5745155,351578304.0
2015-02-27,32.58,33.02,32.36,32.8,5160838,321555968.0
2015-03-02,32.95,33.02,32.7,32.95,5950844,371637536.0
2015-03-03,32.95,33.83,32.95,33.11,14096367,891116160.0
2015-03-04,33.08,33.97,32.79,33.9,12975418,826558016.0
2015-03-05,33.7,34.12,33.25,33.48,8550308,545452224.0
2015-03-06,33.43,33.43,32.65,32.68,7553428,471863456.0
2015-03-09,32.68,32.91,32.12,32.83,7846814,484069376.0
2015-03-10,32.81,33.82,32.64,33.6,9337556,586488896.0
2015-03-11,33.6,33.89,33.07,33.26,7508331,476622784.0
2015-03-12,33.27,33.8,33.11,33.37,8514763,541064320.0
2015-03-13,33.44,33.53,32.66,33.11,9039186,569516864.0
2015-03-16,33.15,33.95,33.07,33.9,11843885,757949376.0
2015-03-17,34.06,34.09,33.54,33.7,15387339,986254976.0
2015-03-18,33.75,34.44,33.69,34.44,16940734,1093512960.0
2015-03-19,34.41,34.42,33.95,34.19,12636598,820296000.0
2015-03-20,34.13,34.68,34.07,34.41,12077807,788838784.0
2015-03-23,34.42,35.05,34.39,34.81,15191093,1000591808.0
2015-03-24,34.81,36.33,34.02,35.89,21523264,1431112704.0
2015-03-25,35.28,35.85,35.23,35.53,12061352,813222592.0
2015-03-26,35.28,35.36,34.74,34.94,9781483,650854720.0
2015-03-27,34.89,35.17,34.73,35.02,8678469,576455104.0
2015-03-30,35.12,35.66,34.84,35.43,14893815,996143040.0
2015-03-31,35.63,36.14,35.02,35.1,15299161,1033344064.0
2015-04-01,35.1,35.84,34.98,35.81,14249939,961072192.0
2015-04-02,35.85,36.4,35.26,35.88,12917613,879473024.0
2015-04-03,35.82,36.14,35.59,35.83,11235463,763589376.0
2015-04-07,36.12,37.0,35.81,36.88,19648332,1357917312.0
2015-04-08,37.04,37.24,36.05,36.39,16211621,1126801024.0
2015-04-09,36.39,36.39,35.1,35.75,16204563,1097829120.0
2015-04-10,35.72,36.42,35.39,36.41,17391144,1188302080.0
2015-04-13,36.41,37.39,36.25,36.87,19102668,1339093504.0
2015-04-14,36.88,38.78,36.54,38.23,22747222,1622776192.0
2015-04-15,37.99,38.03,36.49,36.49,16747140,1179788928.0
2015-04-16,36.49,38.48,36.15,37.91,19150620,1361673856.0
2015-04-17,37.97,38.6,37.28,37.7,18145576,1303969280.0
2015-04-20,37.39,37.65,36.79,36.88,16796112,1185936640.0
2015-04-21,36.84,38.29,36.75,38.18,15014284,1075468288.0
2015-04-22,38.26,39.63,38.19,39.44,15803290,1165969792.0
2015-04-23,39.18,39.48,38.43,38.77,12334288,909218880.0
2015-04-24,38.33,38.59,37.66,37.96,12249750,885792192.0
2015-04-27,38.44,39.0,37.81,38.23,12312427,892477376.0
2015-04-28,38.43,38.79,36.61,36.85,18551900,1320776704.0
2015-04-29,36.75,37.32,36.34,37.12,11050873,774645568.0
2015-04-30,37.12,37.33,36.54,36.59,16288396,1136524544.0
2015-05-04,36.59,36.73,35.82,35.97,13008149,890813760.0
2015-05-05,36.02,36.32,35.65,35.79,10792011,738314112.0
2015-05-06,36.08,36.85,35.69,35.96,13455548,928149376.0
2015-05-07,35.95,36.32,35.1,35.21,9752062,660279744.0
2015-05-08,35.41,36.23,35.41,35.88,12202891,830978176.0
2015-05-11,36.12,36.86,35.7,36.77,14872949,1027038720.0
2015-05-12,36.77,36.97,36.44,36.78,11491323,801547840.0
2015-05-13,36.69,36.8,36.17,36.47,10690134,740187840.0
2015-05-14,36.53,36.54,35.79,35.88,9746362,666104576.0
2015-05-15,35.86,36.33,35.48,36.03,9588602,654564032.0
2015-05-18,36.02,36.07,35.7,35.71,7615698,518123456.0
2015-05-19,35.72,36.6,35.51,36.54,11621687,798475456.0
2015-05-20,36.54,37.11,36.33,36.61,14376373,1000578688.0
2015-05-21,36.49,37.63,36.33,37.55,16111163,1135513088.0
2015-05-22,37.6,37.73,36.92,37.63,14859040,1053903104.0
2015-05-25,37.54,39.01,37.39,38.52,19894916,1453032576.0
2015-05-26,38.49,39.0,37.91,38.87,26083396,1900869120.0
2015-05-27,38.78,39.07,38.11,38.86,21862136,1599883904.0
2015-05-28,38.86,40.37,37.28,37.57,25782792,1919846144.0
2015-05-29,37.57,39.49,36.87,39.48,26125184,1903510400.0
2015-06-01,39.78,41.23,39.41,41.08,29901232,2305229824.0
2015-06-02,41.08,41.08,40.02,40.59,16466457,1264120832.0
2015-06-03,40.55,40.76,39.7,40.45,13599888,1037932672.0
2015-06-04,40.52,40.52,36.89,39.88,15199631,1125357568.0
2015-06-05,39.59,40.14,39.07,39.44,15601708,1175452672.0
2015-06-08,39.44,40.23,39.03,39.85,13687208,1030810944.0
2015-06-09,39.86,40.12,38.46,38.87,12787638,951317184.0
2015-06-10,38.76,39.42,38.45,38.98,11672654,867946432.0
2015-06-11,39.0,39.65,39.0,39.52,10064808,751732928.0
2015-06-12,39.69,40.26,39.34,40.02,12284851,927323264.0
2015-06-15,40.02,44.03,40.02,44.03,31132510,2539202304.0
2015-06-16,44.23,45.47,42.71,44.32,27772060,2335924992.0
2015-06-17,44.32,44.83,42.13,44.12,14966787,1236063488.0
2015-06-18,43.39,45.46,43.18,43.23,15201020,1277851392.0
2015-06-19,42.78,44.13,41.9,42.28,14099598,1144481024.0
2015-06-23,42.65,46.51,42.13,46.49,26782816,2290419712.0
2015-06-24,46.8,47.03,45.29,46.71,18428864,1614767744.0
2015-06-25,46.28,46.68,44.88,45.49,13475014,1168713856.0
2015-06-26,44.76,46.31,40.94,42.29,25652772,2128007424.0
2015-06-29,43.97,44.95,38.81,41.98,22693074,1838922112.0
2015-06-30,41.98,45.81,40.28,45.43,25799850,2112527488.0
2015-07-01,44.76,45.91,42.26,42.65,17710450,1487916160.0
2015-07-02,42.65,42.97,39.09,39.76,16598284,1287412736.0
2015-07-03,39.49,41.6,36.81,39.49,17999858,1335287424.0
2015-07-06,43.18,43.18,36.89,40.02,22632856,1728896640.0
2015-07-07,38.97,39.07,36.9,37.56,22432662,1603386624.0
2015-07-08,33.8,35.03,33.8,33.81,31081444,2020842496.0
2015-07-09,33.81,37.19,33.81,37.19,19928426,1364652800.0
2015-07-10,38.1,40.9,37.52,40.43,42897148,3262061568.0
2015-07-13,39.49,42.57,38.45,40.54,30238044,2332176896.0
2015-07-14,39.96,40.69,38.97,39.23,15701274,1179239040.0
2015-07-15,38.53,39.22,36.63,37.18,11552066,829270400.0
2015-07-16,37.18,38.73,35.81,37.89,9246962,664820608.0
2015-07-17,37.91,39.49,37.89,39.19,7582301,559363328.0
2015-07-20,39.19,39.79,38.64,39.12,7841610,582749632.0
2015-07-21,38.94,40.06,38.53,39.49,8914272,662249728.0
2015-07-22,39.23,39.76,38.59,38.78,6649546,491146592.0
2015-07-23,38.94,40.18,38.37,39.55,8780448,650898048.0
2015-07-24,39.6,41.32,39.13,40.9,13998404,1060495232.0
2015-07-27,40.02,40.9,37.11,37.43,10763275,796833536.0
2015-07-28,36.67,39.22,36.59,38.7,15390300,1106781952.0
2015-07-29,38.7,39.39,37.92,39.12,6862354,499549888.0
2015-07-30,38.96,39.11,38.26,38.27,6490544,473030816.0
2015-07-31,37.89,39.02,37.56,39.0,7463714,545097152.0
2015-08-03,38.48,39.85,38.27,39.85,7823914,581850752.0
2015-08-04,39.81,40.58,39.18,40.26,6288701,475465152.0
2015-08-05,40.26,41.08,39.76,39.81,5664351,432073888.0
2015-08-06,39.76,40.34,39.33,39.39,2907773,218685936.0
2015-08-07,39.76,40.55,39.39,39.77,5967321,447298176.0
2015-08-10,39.96,41.05,39.77,40.6,12086140,920620224.0
2015-08-11,40.61,41.02,40.16,40.81,5737634,439097376.0
2015-08-12,40.55,41.65,39.83,39.92,6166099,475532160.0
2015-08-13,39.9,40.34,39.33,39.98,3751864,281402336.0
2015-08-14,40.04,40.23,39.44,39.65,4528644,339375872.0
2015-08-17,39.44,39.74,39.18,39.67,2619445,195065120.0
2015-08-18,39.71,40.58,37.69,37.72,8151069,608073536.0
2015-08-19,37.16,38.85,37.11,38.55,5963845,426489792.0
2015-08-20,38.27,38.89,37.53,37.79,5670160,408072512.0
2015-08-21,37.37,38.12,36.51,36.78,5589657,393652512.0
2015-08-24,35.7,35.7,33.11,33.11,11134560,705959040.0
2015-08-25,31.8,33.33,30.94,31.47,7415516,448135200.0
2015-08-26,31.94,34.62,31.48,32.91,7874902,493976128.0
2015-08-27,33.19,34.46,33.19,34.4,4502803,288469664.0
2015-08-28,34.35,36.04,34.3,35.65,5221936,346221536.0
2015-08-31,35.51,36.84,34.46,36.77,4855015,327511232.0
2015-09-01,36.05,37.93,35.23,37.93,11973085,842705152.0
2015-09-02,34.99,37.9,34.99,37.84,12233231,865023680.0
2015-09-07,37.11,37.73,34.99,35.46,7571148,518149984.0
2015-09-08,35.08,36.32,34.73,36.31,2833063,190447760.0
2015-09-09,36.37,37.9,36.37,37.47,5120583,360744544.0
2015-09-10,36.9,37.64,36.47,36.63,2188047,153670768.0
2015-09-11,36.58,37.1,35.53,36.25,3266730,222506400.0
2015-09-14,36.32,36.68,35.45,36.15,4584564,312449056.0
2015-09-15,35.79,35.98,34.14,34.63,2530102,166359248.0
2015-09-16,34.72,37.11,34.22,36.58,4727059,317018272.0
2015-09-17,35.78,36.2,35.26,35.52,3287854,220716848.0
2015-09-18,35.52,35.66,34.99,35.04,2149118,142748304.0
2015-09-21,34.78,35.8,34.78,35.51,2865776,191067568.0
2015-09-22,35.52,36.13,35.36,36.05,2173302,147230160.0
2015-09-23,35.81,35.99,35.54,35.68,1372001,92499592.0
2015-09-24,35.68,35.94,35.05,35.33,1893377,125907984.0
2015-09-25,35.34,35.34,34.19,34.72,2096738,137165456.0
2015-09-28,34.67,34.67,34.23,34.56,1396799,90869248.0
2015-09-29,34.25,34.43,33.56,33.64,2657660,169857312.0
2015-09-30,33.69,34.19,33.61,33.93,2919845,186337056.0
2015-10-08,35.25,35.41,34.63,35.0,3845688,254082528.0
2015-10-09,34.85,35.04,34.54,34.95,3077736,201974192.0
2015-10-12,34.99,36.63,34.96,36.3,5087762,345235520.0
2015-10-13,36.05,36.36,35.73,36.26,2360260,160626704.0
2015-10-14,36.06,36.31,35.63,35.89,2657456,179859984.0
2015-10-15,35.78,36.42,35.61,36.31,2218353,151173792.0
2015-10-16,36.38,36.73,35.97,36.26,2461664,168840864.0
2015-10-19,36.31,36.61,35.57,35.57,3647801,249117584.0
2015-10-20,35.58,36.07,35.54,35.94,3208010,216616176.0
2015-10-21,35.86,36.41,34.87,35.41,3705129,250177552.0
2015-10-22,35.4,35.78,34.99,35.72,3675222,245648256.0
2015-10-23,35.89,36.84,35.68,36.54,5340665,366543456.0
2015-10-26,36.84,36.93,36.09,36.42,2966080,203429968.0
2015-10-27,36.37,36.37,35.52,36.06,2233791,151109296.0
2015-10-28,36.02,36.55,35.57,35.67,2024844,137640016.0
2015-10-29,35.69,36.23,35.45,36.11,2069003,139689440.0
2015-10-30,36.05,36.05,35.46,35.7,2619405,176386592.0
2015-11-02,35.49,35.94,35.41,35.5,2130347,143267808.0
2015-11-03,35.52,35.78,34.99,35.02,2006166,133427864.0
2015-11-04,35.12,36.56,35.12,36.25,5852537,398309536.0
2015-11-05,35.99,37.19,35.89,36.71,6346573,436884672.0
2015-11-06,36.56,37.0,36.39,36.85,4201661,290814432.0
2015-11-09,37.11,37.9,37.08,37.35,4511582,319125344.0
2015-11-10,37.21,37.51,36.94,37.3,3034532,212954864.0
2015-11-11,37.11,37.31,36.64,37.26,4074030,283494304.0
2015-11-12,37.21,37.89,37.03,37.58,3241158,228157472.0
2015-11-13,37.16,37.45,37.03,37.21,3117869,219039488.0
2015-11-16,36.7,37.18,36.68,37.14,2174983,151902624.0
2015-11-17,37.23,38.7,37.23,38.08,4059140,291517856.0
2015-11-18,38.11,38.59,37.65,38.33,2881555,207705888.0
2015-11-19,38.17,38.54,37.81,38.17,2084653,150052496.0
2015-11-20,38.19,38.32,37.42,37.69,3642911,259340752.0
2015-11-23,37.64,37.83,37.43,37.66,1815630,128701264.0
2015-11-24,37.67,37.74,37.07,37.16,2127737,149456096.0
2015-11-25,37.26,37.33,37.03,37.3,2582708,180951264.0
2015-11-26,37.3,37.37,37.07,37.35,2222686,156096880.0
2015-11-27,37.3,37.64,36.15,36.58,3136778,218430512.0
2015-11-30,36.58,36.73,35.31,35.88,3265874,221493136.0
2015-12-01,35.88,36.56,35.42,36.2,2489985,169296336.0
2015-12-02,36.22,37.79,36.06,37.79,6877838,483573376.0
2015-12-03,37.53,37.78,37.01,37.26,3931108,276383744.0
2015-12-04,37.11,37.47,37.0,37.37,2550686,178991488.0
2015-12-07,37.42,38.95,37.2,38.17,6086138,439011488.0
2015-12-08,37.93,39.72,37.7,38.41,5195272,379415968.0
2015-12-09,38.37,39.11,38.01,38.38,2847991,206638288.0
2015-12-10,38.36,39.44,38.05,38.61,3430071,251655488.0
2015-12-11,38.33,38.96,37.77,37.9,2521851,182017904.0
2015-12-14,37.84,38.96,37.72,38.95,3293479,238525632.0
2015-12-15,38.84,39.12,38.44,38.79,1814623,132470440.0
2015-12-16,38.7,38.85,37.81,38.05,3110086,224589728.0
2015-12-17,38.22,38.86,38.17,38.66,2980428,216990416.0
2015-12-18,38.45,39.37,38.43,39.27,3693745,272894784.0
2015-12-21,39.13,43.12,39.13,42.06,9186090,726266560.0
2015-12-22,42.14,42.25,41.14,41.67,4314953,337446912.0
2015-12-23,41.72,43.07,40.82,40.92,4968044,392032832.0
2015-12-24,40.9,41.05,39.65,40.26,4898698,370342368.0
2015-12-25,40.26,40.82,39.91,40.34,3062973,232928752.0
2015-12-28,40.34,40.45,39.03,39.41,3819644,285584288.0
2015-12-29,39.33,39.84,39.15,39.41,2827881,210446512.0
2015-12-30,39.5,39.85,39.36,39.44,3145048,234680784.0
2015-12-31,39.41,39.75,38.43,38.5,4998778,367208736.0
2016-01-04,38.53,38.68,35.67,35.98,3369545,239333872.0
2016-01-05,35.98,37.11,35.98,36.68,6627393,455735872.0
2016-01-06,36.74,36.74,36.21,36.74,4626203,318648640.0
2016-01-07,36.37,36.37,34.18,34.23,1503601,99516640.0
2016-01-08,34.99,35.52,33.94,34.72,6775701,446697152.0
2016-01-11,34.48,34.98,33.4,33.61,4467672,288658720.0
2016-01-12,33.69,34.06,33.4,33.69,4441776,282561920.0
2016-01-13,33.89,33.89,32.34,32.53,5618097,352276576.0
2016-01-14,32.0,33.24,31.75,32.98,6253181,382866560.0
2016-01-15,32.54,32.96,31.81,31.91,6230328,377852608.0
2016-01-18,31.7,32.46,31.34,32.4,4361569,264647152.0
2016-01-19,32.38,33.18,31.94,33.03,6431997,395368128.0
2016-01-20,32.86,32.98,32.06,32.12,4258310,261069648.0
2016-01-21,31.76,32.45,31.44,31.44,3012557,181699088.0
2016-01-22,31.61,31.89,30.96,31.44,5156435,304462144.0
2016-01-25,31.71,32.39,31.44,32.2,4350665,262533152.0
2016-01-26,31.94,32.07,30.75,30.76,5405229,321723360.0
2016-01-27,30.79,31.14,30.06,30.73,5171213,297468352.0
2016-01-28,30.59,31.13,30.38,30.73,2862657,166353760.0
2016-01-29,30.8,31.86,30.75,31.8,2879513,171229632.0
2016-02-01,31.81,32.06,31.12,31.45,2174563,129869400.0
2016-02-02,31.51,32.5,31.51,32.28,3048015,185191184.0
2016-02-03,32.18,32.27,31.82,32.15,2067680,125196384.0
2016-02-04,32.15,32.53,32.12,32.28,2086284,127219344.0
2016-02-05,32.29,32.43,32.07,32.12,1597531,97180504.0
2016-02-15,31.81,32.06,31.29,31.8,1503189,90061376.0
2016-02-16,31.97,32.63,31.94,32.52,3513075,214419520.0
2016-02-17,32.6,32.81,32.11,32.6,3926770,240775216.0
2016-02-18,32.67,32.8,31.86,32.25,6875382,418670912.0
2016-02-19,32.06,32.34,31.86,31.97,2475445,149772400.0
2016-02-22,32.3,32.44,32.0,32.39,3474032,211507456.0
2016-02-23,32.39,32.44,31.67,31.87,4152456,250546720.0
2016-02-24,31.81,32.04,31.45,31.9,2622858,157194192.0
2016-02-25,31.86,31.86,30.19,30.22,4389385,256593008.0
2016-02-26,30.27,30.88,30.21,30.22,3181851,183122160.0
2016-02-29,30.38,30.43,28.36,29.16,4377554,240487952.0
2016-03-01,29.2,29.48,28.9,29.26,3556087,196555824.0
2016-03-02,29.41,30.48,29.26,30.42,4683523,264528560.0
2016-03-03,30.22,30.72,30.06,30.22,4769613,273501856.0
2016-03-04,30.22,30.73,30.06,30.53,6451799,370848192.0
2016-03-07,30.7,31.22,30.63,30.75,3304467,192754480.0
2016-03-08,30.8,31.01,30.38,30.85,2895992,167673488.0
2016-03-09,30.74,30.74,30.14,30.26,1617776,92672952.0
2016-03-10,30.32,30.85,30.22,30.32,1704793,98235880.0
2016-03-11,30.22,30.38,30.03,30.23,1396906,79559880.0
2016-03-14,30.6,31.36,30.38,31.06,3488892,204031328.0
2016-03-15,30.91,31.8,30.75,31.57,4144415,244905936.0
2016-03-16,31.54,31.84,31.22,31.54,3314643,197462576.0
2016-03-17,31.5,32.05,31.41,31.78,3233962,193893952.0
2016-03-18,31.86,32.49,31.7,32.23,4542237,274725760.0
2016-03-21,32.25,32.38,32.05,32.27,5697700,346231104.0
2016-03-22,32.08,32.42,31.91,32.08,2600566,157910736.0
2016-03-23,31.94,32.4,31.94,32.14,1655416,100520280.0
2016-03-24,32.03,32.15,31.38,31.41,5094140,304134112.0
2016-03-25,31.36,31.91,31.33,31.82,3322929,198388032.0
2016-03-28,31.81,32.87,31.81,31.97,4806027,293945920.0
2016-03-29,31.89,32.05,31.29,31.49,3377572,200997424.0
2016-03-30,31.57,32.69,31.57,32.34,3714395,225964192.0
2016-03-31,32.37,32.73,32.2,32.5,4173020,255879472.0
2016-04-01,32.39,32.59,31.94,32.28,2354855,143132832.0
2016-04-05,32.23,32.86,32.07,32.72,3037954,186674272.0
2016-04-06,32.71,32.95,32.58,32.89,2888969,178462704.0
2016-04-07,32.93,33.66,32.76,32.84,5029581,315032288.0
2016-04-08,32.78,32.78,32.12,32.32,2674593,163218016.0
2016-04-11,32.36,32.71,32.36,32.51,3731611,229290880.0
2016-04-12,32.62,32.68,32.36,32.52,2105214,129201232.0
2016-04-13,32.51,33.18,32.51,32.73,3565703,221386064.0
2016-04-14,32.91,32.92,32.68,32.85,1716908,106226536.0
2016-04-15,32.77,33.13,32.62,32.75,2746463,169955216.0
2016-04-18,32.6,32.71,31.89,32.17,2261554,137442112.0
2016-04-19,32.2,32.42,32.09,32.39,1354565,82530440.0
2016-04-20,32.26,32.67,31.3,31.73,4021057,241848080.0
2016-04-21,31.75,31.95,31.59,31.62,1108656,66502016.0
2016-04-22,31.46,31.86,31.44,31.7,2164091,129368680.0
2016-04-25,31.75,31.8,31.27,31.36,1949918,115617688.0
2016-04-26,31.28,31.62,31.28,31.47,1437267,85129864.0
2016-04-27,31.38,31.62,31.31,31.46,1289853,76618200.0
2016-04-28,31.37,31.9,31.37,31.85,2355149,140957824.0
2016-04-29,31.83,32.14,31.72,32.05,1202332,72539592.0
2016-05-03,32.03,33.34,31.85,32.87,4577194,284393984.0
2016-05-04,32.87,33.66,32.87,32.94,3720988,233390608.0
2016-05-05,32.87,32.92,32.5,32.76,2132142,131437056.0
2016-05-06,32.61,32.78,32.02,32.07,2083747,126936896.0
2016-05-09,31.61,32.03,31.44,31.67,2266212,135451040.0
2016-05-10,31.59,31.83,31.14,31.32,2566923,152494672.0
2016-05-11,31.32,33.53,31.32,32.55,8491135,524771259.0
2016-05-12,32.23,33.08,31.99,32.89,4064609,250591742.0
2016-05-13,32.73,33.38,32.54,32.8,3460306,214498388.0
2016-05-16,32.61,33.5,32.61,33.4,4502559,282408989.0
2016-05-17,33.45,33.59,32.96,33.13,2555347,159841811.0
2016-05-18,32.89,33.5,32.6,33.49,3844042,239018182.0
2016-05-19,33.34,33.65,32.76,32.87,3225116,201960890.0
2016-05-20,32.62,33.04,32.43,32.91,2117690,130660874.0
2016-05-23,32.93,33.02,32.55,32.7,3139524,193559028.0
2016-05-24,32.7,33.0,32.54,32.74,2619828,161805796.0
2016-05-25,32.79,33.21,32.55,32.55,2056365,127288169.0
2016-05-26,32.51,32.72,32.28,32.51,1737147,106184176.0
2016-05-27,32.43,32.8,32.35,32.53,1286773,79077573.0
2016-05-30,32.55,32.6,32.1,32.28,1374014,83770275.0
2016-05-31,32.34,33.31,32.28,33.09,6177043,383182772.0
2016-06-01,33.04,33.18,32.87,32.97,3958630,246471748.0
2016-06-02,32.95,33.18,32.87,33.11,2441515,152140345.0
2016-06-03,33.39,34.3,33.14,34.06,7203433,460636339.0
2016-06-06,34.38,34.44,33.75,33.92,3644255,233871905.0
2016-06-07,34.18,34.34,33.82,34.09,2909912,186843225.0
2016-06-08,34.09,34.42,33.84,34.02,3354885,215678363.0
2016-06-13,33.66,33.79,32.91,32.96,3316406,208728731.0
2016-06-14,32.97,33.23,32.87,33.08,1695443,105685777.0
2016-06-15,33.17,33.45,32.59,33.33,4604680,285535710.0
2016-06-16,33.32,33.32,32.86,32.91,3118940,192443543.0
2016-06-17,32.89,33.35,32.86,33.12,3137711,194342978.0
2016-06-20,33.08,33.4,32.8,33.3,2945011,182179909.0
2016-06-21,33.46,33.62,32.98,33.03,2896376,180409941.0
2016-06-22,33.12,33.88,32.92,33.7,2894214,180894782.0
2016-06-23,33.72,33.88,33.43,33.54,2256286,141609384.0
2016-06-24,33.52,33.7,32.45,33.22,3506149,216848172.0
2016-06-27,33.13,33.85,32.97,33.82,3439790,215896872.0
2016-06-28,33.67,34.76,33.6,34.37,7422710,474899534.0
2016-06-29,34.44,34.61,34.1,34.34,5091537,326550695.0
2016-06-30,34.41,35.03,34.26,34.42,3620584,234559741.0
2016-07-01,34.52,34.56,33.99,34.05,2897135,185183534.0
2016-07-04,33.99,34.67,33.72,34.38,3398378,217545714.0
2016-07-05,34.42,34.74,34.42,34.58,3430483,221509648.0
2016-07-06,34.66,35.85,34.26,35.73,6842379,451458359.0
2016-07-07,35.95,37.61,35.8,36.24,11741470,806972872.0
2016-07-08,36.05,36.24,35.61,35.84,4733226,316916757.0
2016-07-11,36.0,37.84,35.87,37.14,10313324,715165019.0
2016-07-12,36.78,38.68,36.78,38.09,11265598,798377926.0
2016-07-13,37.74,38.48,37.55,38.0,5650310,399621061.0
2016-07-14,38.0,38.07,37.47,37.64,2913897,205117225.0
2016-07-15,37.63,37.83,36.93,37.57,4975197,347076487.0
2016-07-18,37.26,37.57,37.05,37.06,3012476,209388360.0
2016-12-30,40.76,40.76,40.76,40.76,2119274,161382715.0
2017-01-03,42.22,42.29,38.59,39.43,28139730,2113998397.0
2017-01-04,39.35,39.96,39.09,39.56,15400558,1138143668.0
2017-01-05,39.53,39.82,38.65,38.75,11536521,844693747.0
2017-01-06,38.62,40.3,38.12,39.03,13316413,977096098.0
2017-01-09,39.03,41.0,39.03,40.16,14940304,1120987017.0
2017-01-10,40.67,40.67,39.74,39.92,5240477,392344209.0
2017-01-11,39.83,40.87,39.39,39.45,6830217,512809269.0
2017-01-12,39.29,39.69,38.71,38.9,5411465,395270012.0
2017-01-13,38.9,39.05,38.07,38.24,7147388,512682052.0
2017-01-16,38.15,39.02,37.77,38.35,7661385,550093302.0
2017-01-17,38.32,39.12,38.17,39.02,5667735,412361974.0
2017-01-18,38.75,39.97,38.75,39.45,5310294,393090106.0
2017-01-19,39.54,39.93,39.29,39.37,2869444,211757598.0
2017-01-20,39.48,40.21,39.48,39.9,3525923,263480619.0
2017-01-23,39.9,40.24,39.31,39.37,3827365,284209866.0
2017-01-24,39.39,39.71,38.92,39.17,3325149,243737506.0
2017-01-25,39.44,39.66,39.12,39.63,2819573,208068571.0
2017-01-26,39.69,40.81,39.67,40.36,5215028,393335422.0
2017-02-03,40.41,41.94,40.37,41.35,5118366,394992275.0
2017-02-06,41.35,42.17,40.93,41.05,5027249,390869582.0
2017-02-07,41.23,41.35,40.68,41.11,2557366,195780138.0
2017-02-08,41.08,41.08,40.39,40.76,3525968,267388963.0
2017-02-09,40.68,41.0,40.53,40.79,2400964,182706542.0
2017-02-10,40.94,40.98,40.42,40.44,3283783,249310537.0
2017-02-13,40.4,41.13,40.01,41.13,3883825,294876799.0
2017-02-14,41.13,41.48,40.79,41.18,2484077,191087765.0
2017-02-15,41.18,41.32,40.69,40.71,2455286,188494415.0
2017-02-16,40.76,41.24,40.56,41.24,2459525,188803351.0
2017-02-17,41.29,41.64,40.68,41.21,2476097,191055496.0
2017-02-20,41.14,42.5,41.0,41.62,7085629,555922437.0
2017-02-21,41.92,42.71,41.87,42.23,7180248,567309552.0
2017-02-22,42.4,42.55,41.88,42.31,3589713,283486919.0
2017-02-23,42.29,42.3,41.86,42.02,2885148,226534515.0
2017-02-24,41.96,42.69,41.88,42.06,2580225,203747863.0
2017-02-27,41.76,42.04,41.05,41.35,3923862,302997757.0
2017-02-28,41.32,41.57,40.88,41.04,2455332,188654029.0
2017-03-01,41.01,41.45,40.69,40.89,2916876,223437838.0
2017-03-02,40.89,41.27,40.71,41.04,2305025,176510688.0
2017-03-03,40.89,41.04,40.67,40.87,3091095,235770943.0
2017-03-06,40.76,41.13,40.68,40.91,2899696,221601186.0
2017-03-07,40.89,41.35,40.73,41.32,2391214,183372997.0
2017-03-08,41.32,41.43,40.92,40.97,3096582,237401948.0
2017-03-09,40.79,41.0,40.45,40.49,3434351,260495865.0
2017-03-10,40.5,41.16,40.47,41.13,2955372,226214633.0
2017-03-13,41.13,41.44,40.8,41.34,3525421,271833948.0
2017-03-14,41.34,41.46,40.97,41.11,2414139,185791434.0
2017-03-15,41.14,42.07,41.0,42.02,5413850,420591281.0
2017-03-16,42.02,42.45,41.67,41.82,3532257,276650118.0
2017-03-17,41.83,42.39,41.54,41.62,2971726,232627498.0
2017-03-20,41.7,43.08,41.7,42.98,5991230,475959014.0
2017-03-21,42.92,45.49,42.77,44.96,9090708,755843214.0
2017-03-22,44.59,47.58,44.5,47.56,11837350,1025491634.0
2017-03-23,47.2,47.56,46.03,46.61,8599330,750812650.0
2017-03-24,46.63,47.0,46.2,46.63,4804369,417832775.0
2017-03-27,46.65,46.72,45.5,45.6,6296752,540198949.0
2017-03-28,45.6,46.42,45.07,46.11,4366813,373597922.0
2017-03-29,46.06,46.34,45.52,45.98,2982528,255725245.0
2017-03-30,45.81,45.83,44.37,45.54,5453157,460731296.0
2017-03-31,45.27,45.87,45.1,45.56,2984830,253992139.0
2017-04-05,45.55,46.94,45.37,45.56,9516586,815655485.0
2017-04-06,45.39,45.91,44.88,45.87,4298840,364482492.0
2017-04-07,45.7,46.29,45.39,46.29,2887463,247270089.0
2017-04-10,46.3,46.54,45.16,45.23,4015323,342889676.0
2017-04-11,45.06,45.07,43.53,44.19,6370626,526269492.0
2017-04-12,44.16,44.43,43.55,43.9,3933159,323697884.0
2017-04-13,44.05,45.49,43.9,45.31,3952796,331543634.0
2017-04-14,45.31,45.69,44.91,45.16,2943164,248910120.0
2017-04-17,45.17,46.14,45.08,45.6,2745811,233914745.0
2017-04-18,45.6,46.94,45.6,45.94,6914159,598029612.0
2017-04-19,45.98,46.62,45.5,46.37,4379519,377743629.0
2017-04-20,46.53,49.05,46.37,48.9,10312394,927800157.0
2017-04-21,48.87,48.97,47.15,47.9,6779666,608845200.0
2017-04-24,46.57,47.1,44.72,45.98,6911481,595717158.0
2017-04-27,46.03,47.83,45.53,46.78,6801533,595295444.0
2017-04-28,46.63,47.58,45.5,45.76,4862395,420408047.0
2017-05-02,44.96,46.03,43.37,45.87,5926654,493548638.0
2017-05-03,44.91,46.46,44.85,45.78,3150306,269848640.0
2017-05-04,45.78,46.19,45.04,45.78,4269857,364080573.0
2017-05-05,45.6,45.6,44.43,44.59,3859951,323685353.0
2017-05-08,44.51,44.72,44.36,44.58,2662400,221382601.0
2017-05-09,44.45,45.06,43.95,44.67,2819186,234971988.0
2017-05-10,44.92,46.07,44.69,45.74,4948794,421716260.0
2017-05-11,45.74,46.84,45.21,46.56,4189030,361865916.0
2017-05-12,46.41,47.03,46.22,46.49,2859275,249816696.0
2017-05-15,46.62,47.05,46.26,46.97,2631972,230140026.0
2017-05-16,47.37,47.74,46.65,47.52,4337877,384111685.0
2017-05-17,47.53,47.81,46.51,46.55,3331907,294015658.0
2017-05-18,46.45,47.21,46.3,46.84,2174692,190078822.0
2017-05-19,46.57,47.93,46.49,47.88,3295254,292166929.0
2017-05-22,47.8,48.96,47.64,48.22,4134272,374203262.0
2017-05-23,48.24,49.23,48.24,49.02,6023140,550004381.0
2017-05-24,49.08,49.08,47.25,48.16,5162065,465332837.0
2017-05-25,48.07,48.87,47.64,47.69,4120025,370610499.0
2017-05-26,47.69,48.01,47.13,47.53,3589931,319292999.0
2017-05-31,47.8,47.89,46.93,47.47,3122634,276052258.0
2017-06-01,47.47,48.79,47.36,48.63,4663412,420364933.0
2017-06-02,48.44,48.52,47.8,48.33,2996546,269592396.0
2017-06-05,48.22,48.23,47.04,47.16,4492909,396743822.0
2017-06-06,47.16,47.72,46.93,47.66,2630052,232747386.0
2017-06-07,48.25,49.02,47.96,48.2,6366206,576505355.0
2017-06-08,48.17,51.11,47.92,50.83,10322996,966589331.0
2017-06-09,50.95,51.01,49.98,50.21,5282800,498860466.0
2017-06-12,50.07,52.18,49.94,51.28,7495569,718505467.0
2017-06-13,51.28,52.13,51.12,51.95,5426981,524152556.0
2017-06-14,51.81,51.81,50.26,50.26,6152592,583671263.0
2017-06-15,50.25,50.42,49.14,50.08,4688924,435393658.0
2017-06-16,49.91,50.5,49.66,49.74,4374466,407891591.0
2017-06-19,49.89,50.29,49.66,49.98,4032322,375996411.0
2017-06-20,49.98,50.09,49.13,49.58,5114961,472025643.0
2017-06-21,50.05,51.03,49.36,50.96,5705135,533522493.0
2017-06-22,50.84,51.17,50.18,50.31,6047983,571824526.0
2017-06-23,50.32,51.12,49.46,51.02,6427962,602073725.0
2017-06-26,50.84,51.81,50.47,51.62,7737484,739630087.0
2017-06-27,51.51,51.75,51.12,51.55,3465759,332923308.0
2017-06-28,51.45,51.48,49.8,50.1,7218309,678825953.0
2017-06-29,50.12,50.36,49.43,49.99,4455894,415362497.0
2017-06-30,50.08,50.38,49.51,50.23,3504476,327858055.0
2017-07-03,50.23,50.24,48.73,48.82,7112115,653951306.0
2017-07-04,48.77,48.79,47.78,47.94,7534792,676884853.0
2017-07-05,47.96,49.01,47.81,48.92,5576527,505197815.0
2017-07-06,48.6,48.65,47.86,48.49,5065023,456583939.0
2017-07-07,48.31,48.44,47.89,48.4,2592988,233087376.0
2017-07-10,48.33,48.73,47.96,48.46,2442987,220801227.0
2017-07-11,48.19,49.05,48.15,48.87,3605237,327756963.0
2017-07-12,48.69,48.87,48.11,48.26,2859856,258432562.0
2017-07-13,48.25,48.56,48.07,48.55,2625976,236964612.0
2017-07-14,48.49,48.71,48.09,48.64,2045147,184943240.0
2017-07-17,48.52,48.52,46.57,48.01,4966715,446087549.0
2017-07-18,47.93,48.23,47.68,48.01,2766202,245966175.0
2017-07-19,48.0,48.97,47.69,48.23,2979690,267346385.0
2017-07-20,48.31,49.58,48.12,49.47,3736097,339239930.0
2017-07-21,49.25,49.42,48.96,49.07,2327293,211720595.0
2017-07-24,49.29,49.44,48.89,48.89,2561979,233155074.0
2017-07-25,48.89,49.23,48.43,48.53,3884239,349479391.0
2017-07-26,48.4,48.6,47.09,47.3,5103614,451371462.0
2017-07-27,47.53,47.85,47.31,47.65,3297060,290543017.0
2017-07-28,47.62,48.03,47.2,47.88,2050424,181104716.0
2017-07-31,47.85,48.0,47.53,47.55,2326132,205250035.0
2017-08-01,47.55,47.74,46.88,47.13,3418837,298638016.0
2017-08-02,47.14,47.34,46.47,46.82,3488263,301990599.0
2017-08-03,46.8,46.8,45.64,46.33,4801585,410179706.0
2017-08-04,46.24,46.42,45.67,45.9,2562293,217706995.0
2017-08-07,45.61,47.08,45.56,47.01,2529784,217542013.0
2017-08-08,46.99,47.44,46.72,46.99,2544608,221281169.0
2017-08-09,47.4,48.33,46.93,47.96,4883431,433531925.0
2017-08-10,47.74,48.7,47.55,48.01,3491278,312263424.0
2017-08-11,47.8,48.61,47.73,48.01,3297998,294659889.0
2017-08-14,48.01,49.32,47.81,48.97,3876788,351926150.0
2017-08-15,48.97,49.36,48.43,48.6,2059709,185760324.0
2017-08-16,48.6,48.6,47.6,47.88,3004209,266085575.0
2017-08-17,47.74,48.42,47.55,48.05,1893914,168376938.0
2017-08-18,48.05,48.05,47.5,47.63,2635126,232572939.0
2017-08-21,47.84,48.69,47.74,47.88,3701476,330987295.0
2017-08-22,47.85,48.61,47.8,48.07,2242151,200259232.0
2017-08-23,48.33,48.48,47.55,47.89,1814482,160652997.0
2017-08-24,47.82,47.88,47.46,47.53,3334949,294097922.0
2017-08-25,47.69,48.2,47.49,47.59,1971506,174467150.0
2017-08-28,47.6,48.24,47.6,47.8,3809545,338461696.0
2017-08-29,47.85,48.07,47.79,47.86,1849353,164008279.0
2017-08-30,47.86,48.21,47.66,47.9,1816939,161203719.0
2017-08-31,47.75,48.06,46.92,46.99,2809533,245822439.0
2017-09-01,46.98,47.15,46.45,46.68,3121668,270358390.0
2017-09-04,46.68,46.98,46.33,46.5,2646797,228350746.0
2017-09-05,46.5,47.69,46.47,47.59,3722902,325874749.0
2017-09-06,47.53,48.04,47.26,47.69,3205672,283338739.0
2017-09-07,47.56,47.68,46.58,46.72,3688757,319936571.0
2017-09-08,46.71,46.8,46.46,46.52,1747327,150877863.0
2017-09-11,46.5,47.12,46.4,46.5,4753183,410971479.0
2017-09-12,46.51,46.8,46.11,46.26,3573398,306087194.0
2017-09-13,46.07,46.93,46.07,46.65,2724296,235215553.0
2017-09-14,46.49,46.56,46.18,46.32,1704705,146075086.0
2017-09-15,46.32,46.71,46.16,46.49,2143569,184306756.0
2017-09-18,46.49,47.82,46.48,47.65,4534008,398348804.0
2017-09-19,47.69,47.82,46.54,46.72,4644486,403531977.0
2017-09-20,46.77,46.85,46.28,46.43,2846304,245425558.0
2017-09-21,46.45,46.74,46.45,46.49,1802491,155445475.0
2017-09-22,46.53,46.89,46.49,46.78,2257564,195377397.0
2017-09-25,46.88,47.72,46.88,47.63,5606849,492993985.0
2017-09-26,47.65,47.69,46.99,47.57,3266065,286801748.0
2017-09-27,47.48,47.96,46.99,47.53,3218918,283232844.0
2017-09-28,47.52,48.42,47.26,48.39,3971469,353243068.0
2017-09-29,48.61,49.64,48.61,48.98,5965849,544099712.0
2017-10-09,49.72,50.16,48.62,49.09,5464145,497954021.0
2017-10-10,49.09,49.82,49.09,49.29,6457384,590270020.0
2017-10-11,49.3,50.42,49.3,50.11,5771940,535676134.0
2017-10-12,50.28,50.6,50.01,50.36,3421302,318419262.0
2017-10-13,50.36,50.36,49.22,49.23,4245075,389775072.0
2017-10-16,49.29,49.96,48.96,49.24,4298352,392756187.0
2017-10-17,49.25,49.84,48.83,49.77,2893403,264758730.0
2017-10-18,49.74,52.44,49.53,52.44,7890744,749481773.0
2017-10-19,52.66,54.42,52.2,53.68,8062984,796579135.0
2017-10-20,53.36,54.39,52.93,53.58,4615444,457839159.0
2017-10-23,53.6,55.9,53.09,54.82,6412069,653668108.0
2017-10-24,54.82,56.09,54.44,55.52,4846517,498302249.0
2017-10-25,55.52,56.14,54.41,55.42,4923534,500939245.0
2017-10-26,55.14,57.14,54.44,54.55,8787698,902016749.0
2017-10-27,54.38,55.84,54.01,55.57,6883845,701234977.0
2017-10-30,55.35,59.34,54.61,57.61,8682641,918295138.0
2017-10-31,56.59,57.9,55.99,56.62,7615597,799668953.0
2017-11-01,56.62,57.9,55.17,55.84,7020930,731502644.0
2017-11-02,55.6,56.53,54.99,56.52,5223463,540031039.0
2017-11-03,55.9,57.44,55.9,56.1,5608553,588596767.0
2017-11-06,55.76,57.63,54.97,56.95,9601786,1005814884.0
2017-11-07,56.71,58.44,56.17,57.18,9112216,967157601.0
2017-11-08,56.94,57.13,54.6,54.98,17225633,1771968420.0
2017-11-09,54.66,55.09,54.01,54.82,8297350,838012035.0
2017-11-10,55.04,55.2,54.12,54.72,7365855,746677211.0
2017-11-13,54.55,55.17,54.01,54.3,7461493,753753757.0
2017-11-14,54.93,55.14,53.47,53.8,7841223,788858211.0
2017-11-15,53.9,54.49,52.93,53.86,5899398,586863195.0
2017-11-16,53.66,55.55,53.66,55.47,8449775,856850638.0
2017-11-17,55.27,55.33,53.89,54.98,5840733,592142684.0
2017-11-20,54.55,55.3,53.58,54.72,4223230,426203051.0
2017-11-21,54.74,56.2,54.44,56.2,9130805,937303984.0
2017-11-22,56.33,57.39,55.25,55.84,8023326,836579049.0
2017-11-23,55.57,55.57,52.39,52.87,8031109,802398634.0
2017-11-24,52.87,53.4,52.06,53.37,4606477,449733650.0
2017-11-27,53.14,53.14,51.6,52.27,4437010,428908420.0
2017-11-28,52.12,52.85,51.68,51.95,3606509,348723399.0
2017-11-29,52.33,52.33,50.33,50.82,5231595,493898871.0
2017-11-30,50.71,51.5,50.43,50.82,3098781,291873505.0
2017-12-01,50.82,51.66,50.6,51.13,3140083,297876844.0
2017-12-04,50.87,52.11,50.78,51.58,4032430,386093854.0
2017-12-05,51.58,51.89,50.69,51.67,4571308,435707634.0
2017-12-06,51.31,52.01,51.01,51.85,2276237,217523929.0
2017-12-07,51.73,51.84,50.58,50.6,2174803,205352418.0
2017-12-08,50.55,51.39,50.49,51.24,2731557,258215461.0
2017-12-11,51.31,53.22,51.31,53.09,6843345,665623297.0
2017-12-12,52.94,53.25,52.4,52.72,2763074,271154729.0
2017-12-13,52.93,53.82,52.49,53.68,3652435,360740647.0
2017-12-14,53.63,54.0,53.25,53.65,2033350,201980883.0
2017-12-15,53.74,53.89,53.0,53.25,1531579,151385084.0
2017-12-18,53.2,53.62,52.7,53.19,2190892,215727661.0
2017-12-19,53.47,54.75,53.22,54.73,3034497,305248607.0
2017-12-20,54.81,55.6,54.62,55.4,2940303,300632964.0
2017-12-21,55.42,55.53,54.62,55.3,2557447,261488983.0
2017-12-22,55.36,55.79,54.76,55.61,2160640,221330828.0
2017-12-25,55.54,55.94,54.86,55.47,1786068,182972738.0
2017-12-26,55.45,55.82,54.98,55.52,2227165,228937590.0
2017-12-27,55.6,55.74,53.92,54.01,3866539,390930895.0
2017-12-28,54.28,55.36,54.17,54.9,5265650,535496713.0
2017-12-29,55.08,55.2,54.69,54.97,2897356,295121147.0
2018-01-02,55.31,55.68,54.54,55.35,3415149,349001036.0
2018-01-03,55.69,55.72,54.87,54.98,4133678,423056704.0
2018-01-04,55.2,55.82,54.98,55.82,4801509,494845840.0
2018-01-05,55.83,56.06,55.0,55.13,2995199,307866441.0
2018-01-08,54.6,56.23,54.6,56.11,4585307,473894212.0
2018-01-09,56.11,57.49,55.85,57.41,7871842,823701553.0
2018-01-10,56.98,57.41,56.1,56.48,4404552,461200409.0
2018-01-11,56.16,56.41,54.74,54.92,5746308,587840984.0
2018-01-12,54.93,55.41,54.48,55.27,3428124,349326961.0
2018-01-15,55.09,55.85,54.52,55.51,4209249,430019428.0
2018-01-16,55.55,57.79,54.82,56.7,7244926,760911238.0
2018-01-17,56.72,56.98,55.38,55.57,5219858,542093056.0
2018-01-18,55.63,56.16,54.97,55.07,3275509,335718851.0
2018-01-19,55.09,55.2,54.49,54.7,2970642,301419246.0
2018-01-22,54.69,56.38,54.5,56.37,5647105,582983796.0
2018-01-23,56.7,56.7,55.63,56.52,4413989,459001697.0
2018-01-24,56.57,56.82,55.64,55.95,4106804,427704130.0
2018-01-25,55.9,56.15,54.82,55.02,4175627,427010867.0
2018-01-26,55.11,55.34,54.82,55.21,3321640,338815896.0
2018-01-29,55.21,55.21,53.29,53.59,4945708,496060304.0
2018-01-30,53.25,54.16,53.2,53.92,1779721,177314294.0
2018-01-31,54.01,55.09,53.86,54.61,2634016,265989209.0
2018-02-01,54.62,54.92,53.38,53.94,2958504,294547535.0
2018-02-02,53.89,54.32,53.21,53.77,2844679,282701486.0
2018-02-05,53.2,53.75,51.79,51.9,3640947,354761319.0
2018-02-06,51.3,51.95,50.54,51.53,5398116,512913131.0
2018-02-07,51.66,52.11,48.84,49.16,4097957,384950517.0
2018-02-08,49.17,50.97,49.17,50.77,3645567,340071958.0
2018-02-09,49.79,50.23,49.16,49.63,4730625,435614202.0
2018-02-12,49.63,51.31,49.47,50.7,3626938,336944433.0
2018-02-13,50.67,51.62,50.55,50.76,2025092,191229760.0
2018-02-14,50.77,51.24,50.52,50.92,1008436,94957473.0
2018-02-22,51.57,52.03,51.07,51.95,1928126,184534779.0
2018-02-23,52.04,52.28,51.58,52.28,2257965,216974794.0
2018-02-26,52.29,52.48,51.85,52.4,3203204,309251960.0
2018-02-27,52.49,52.52,51.31,51.37,2251676,215764077.0
2018-02-28,51.2,51.2,50.17,50.39,2524144,236233875.0
2018-03-01,50.12,51.3,50.0,51.26,1684374,158579505.0
2018-03-02,50.78,52.37,50.71,51.95,2472997,237388282.0
2018-03-05,51.95,52.37,51.63,52.29,1956645,188973842.0
2018-03-06,52.47,53.53,52.47,53.28,3333379,328354466.0
2018-03-07,53.28,53.84,52.93,52.98,2180414,215931787.0
2018-03-08,53.19,54.7,52.75,54.55,3491628,350010888.0
2018-03-09,54.49,54.49,53.68,54.17,1854900,185658585.0
2018-03-12,54.17,54.87,53.9,54.6,2396079,241476819.0
2018-03-13,54.65,54.65,53.21,53.47,1842715,183319963.0
2018-03-14,53.29,53.84,53.14,53.14,1570672,155447294.0
2018-03-15,53.14,54.7,52.95,54.63,2969541,298050743.0
2018-03-16,54.71,55.09,53.95,54.23,2116238,213920322.0
2018-03-19,54.24,55.09,53.75,55.09,2351812,238738619.0
2018-03-20,54.88,56.39,54.59,55.9,3406384,350487083.0
2018-03-21,55.78,56.14,55.01,55.02,2248468,231237959.0
2018-03-22,54.61,55.36,53.89,54.66,2752667,277663033.0
2018-03-23,53.48,54.46,52.95,54.41,3178042,316037786.0
2018-03-26,53.52,55.36,53.47,55.31,3529286,356654619.0
2018-03-27,55.2,55.79,54.82,55.44,3031128,310463169.0
2018-03-28,55.44,55.63,53.85,54.76,3440500,347523156.0
2018-03-29,54.5,54.5,53.01,53.82,2656756,264635254.0
2018-03-30,53.79,54.27,53.31,53.47,3092886,307011761.0
2018-04-02,53.47,53.7,51.63,51.71,5832531,564533306.0
2018-04-03,51.63,52.38,51.31,52.26,2606798,250256514.0
2018-04-04,52.26,52.69,51.74,51.78,2849614,275837266.0
2018-04-09,51.78,52.22,51.42,51.94,1826974,175632462.0
2018-04-10,51.97,53.2,51.93,53.01,2460376,240023285.0
2018-04-11,53.04,54.0,52.93,53.31,2344793,232079223.0
2018-04-12,53.04,53.25,52.27,52.65,3313616,322840347.0
2018-04-13,52.81,53.14,51.78,51.97,2659235,256850764.0
2018-04-16,51.94,52.11,51.04,51.23,2520320,239933601.0
2018-04-17,51.25,51.71,51.05,51.25,2087224,198604788.0
2018-04-18,51.26,51.56,49.58,50.43,4301771,399795988.0
2018-04-19,50.49,50.92,50.04,50.8,2255070,211716621.0
2018-04-20,50.8,51.94,50.71,50.98,2291597,217704668.0
2018-04-23,50.98,51.92,50.77,50.96,3507874,333164519.0
2018-04-24,51.01,51.79,51.01,51.22,2857109,271941416.0
2018-04-25,51.15,51.52,50.94,51.25,2106750,199867912.0
2018-04-26,51.23,51.61,50.99,51.25,2540460,241015290.0
2018-04-27,51.31,51.87,50.23,51.17,4545658,430315567.0
2018-05-02,50.89,53.47,50.59,52.99,8374356,815373020.0
2018-05-03,52.93,54.06,52.44,53.73,7235875,717284288.0
2018-05-04,53.79,54.39,53.35,53.52,4666406,465334761.0
2018-05-07,53.6,58.87,53.6,58.87,13726072,1439091027.0
2018-05-08,59.41,59.95,58.06,58.98,8230326,895996587.0
2018-05-09,58.92,58.97,57.46,57.96,5397941,579279907.0
2018-05-10,57.94,58.6,57.23,58.37,5173943,555730592.0
2018-05-11,58.33,58.75,56.46,56.7,7643463,812415965.0
2018-05-14,56.91,57.78,56.53,57.43,4960961,525780876.0
2018-05-15,57.67,59.24,56.71,58.89,5283262,571805784.0
2018-05-16,59.0,61.54,58.52,60.08,9053726,1009758799.0
2018-05-17,60.0,60.73,59.41,60.01,5575755,620949655.0
2018-05-18,59.44,60.86,59.17,60.0,3492842,386714727.0
2018-05-21,60.49,60.84,58.92,59.87,3917726,431982711.0
2018-05-22,59.8,61.46,59.41,61.2,4211413,475164781.0
2018-05-23,60.98,64.06,60.93,62.68,7834559,910550414.0
2018-05-24,62.83,63.27,62.21,62.71,3022766,351487733.0
2018-05-25,62.7,64.0,62.01,63.17,3907425,456950165.0
2018-05-28,63.15,64.84,61.14,63.97,7646451,890118504.0
2018-05-29,63.35,64.27,58.87,59.42,8415185,965400433.0
2018-05-30,58.33,60.38,56.74,58.47,6088839,664440404.0
2018-05-31,59.27,61.7,58.72,61.62,6589883,737214120.0
2018-06-01,61.08,61.51,59.2,59.47,5215247,579276875.0
2018-06-04,59.46,60.22,57.64,59.87,2700042,295236148.0
2018-06-05,59.87,61.49,59.6,60.53,3880025,436623358.0
2018-06-06,60.53,61.09,59.85,60.21,2424234,271358509.0
2018-06-07,60.22,60.57,58.53,58.6,3159647,346070534.0
2018-06-08,58.71,59.76,57.96,58.55,3168629,344565843.0
2018-06-11,58.33,58.72,57.53,58.0,2506359,269709719.0
2018-06-12,58.21,59.45,56.79,58.95,4070672,437041774.0
2018-06-13,58.6,58.6,57.39,57.66,2841990,304958145.0
2018-06-14,57.27,58.16,56.82,57.38,2555966,271794806.0
2018-06-15,57.38,57.38,56.08,56.98,2730300,286008966.0
2018-06-19,56.33,57.25,55.14,55.77,4092446,424929765.0
2018-06-20,55.68,57.6,55.65,57.19,3047134,320376058.0
2018-06-21,57.24,58.3,56.71,56.8,2183388,232400552.0
2018-06-22,56.7,57.49,55.82,57.12,1514264,159471220.0
2018-06-25,57.49,58.23,57.18,57.84,2289441,244932599.0
2018-06-26,57.56,58.22,56.84,57.41,2137907,227224849.0
2018-06-27,57.43,57.91,55.62,56.18,2931029,307301104.0
2018-06-28,55.14,56.9,55.11,55.95,2632814,273481366.0
2018-06-29,56.17,57.94,55.87,57.77,3061391,324205993.0
2018-07-02,57.77,58.97,56.68,57.09,3263289,350905090.0
2018-07-03,57.19,57.59,55.36,56.78,2807423,293226067.0
2018-07-04,56.82,56.86,55.14,55.5,1823745,187938523.0
2018-07-05,55.6,55.67,53.94,54.61,2783982,281300123.0
2018-07-06,54.66,56.36,54.43,55.19,2068358,208565014.0
2018-07-09,55.2,56.47,55.13,56.36,2707105,277257716.0
2018-07-10,55.45,56.13,53.74,56.08,4850631,487185693.0
2018-07-11,55.09,55.92,54.45,55.32,2192600,220893292.0
2018-07-12,55.32,57.39,55.13,56.19,4635782,476250241.0
2018-07-13,56.38,58.27,55.92,58.05,3994000,419076960.0
2018-07-16,58.11,58.87,57.56,58.48,3753386,398883015.0
2018-07-17,58.65,58.73,57.45,58.02,2248662,237542373.0
2018-07-18,58.02,58.54,57.78,58.11,2082637,221103086.0
2018-07-19,57.71,58.01,56.47,56.9,1905500,198738228.0
2018-07-20,57.02,57.18,55.92,57.13,1925128,198865021.0
2018-07-23,55.92,56.25,54.62,55.09,5544260,558586882.0
2018-07-24,54.82,56.08,54.49,55.59,4692733,475146530.0
2018-07-25,55.54,55.92,55.1,55.92,2252093,228531318.0
2018-07-26,55.76,56.19,55.37,55.54,1417389,143756132.0
2018-07-27,55.48,55.76,55.12,55.38,1518978,153453719.0
2018-07-30,55.07,55.36,54.15,54.27,2984332,296423366.0
2018-07-31,54.22,54.96,54.16,54.61,1292697,128576901.0
2018-08-01,54.8,54.98,53.53,54.0,2511256,248177515.0
2018-08-02,54.14,54.14,52.52,53.65,2636341,255702148.0
2018-08-03,53.34,53.94,52.12,52.35,2895088,280094073.0
2018-08-06,52.08,52.74,51.25,51.86,2828497,267858307.0
2018-08-07,51.85,52.35,50.38,52.12,3513805,329396050.0
2018-08-08,52.06,52.06,50.71,50.8,2083837,194195898.0
2018-08-09,50.71,51.71,50.0,51.32,3121889,291816878.0
2018-08-10,51.22,52.41,50.99,52.35,2958060,280704087.0
2018-08-13,52.08,52.08,50.71,51.39,3634716,339236376.0
2018-08-14,51.2,51.22,49.96,50.4,3213487,296218763.0
2018-08-15,50.43,50.62,49.01,49.2,3962998,357891659.0
2018-08-16,48.52,48.91,47.74,48.52,3672958,325060497.0
2018-08-17,49.01,49.01,46.6,46.76,4211177,364128391.0
2018-08-20,44.95,45.78,42.21,43.86,12833984,1014344827.0
2018-08-21,43.99,44.95,43.41,44.73,6934744,562052011.0
2018-08-22,44.73,44.73,43.58,43.92,4401844,353896091.0
2018-08-23,43.97,44.39,43.58,43.88,2763149,221319714.0
2018-08-24,43.84,43.96,42.6,42.96,4003155,314330162.0
2018-08-27,43.2,45.3,43.2,44.84,6977659,566868009.0
2018-08-28,44.95,45.09,43.53,43.91,6768411,543403473.0
2018-08-29,43.86,44.12,43.31,43.89,3485980,277715477.0
2018-08-30,43.74,44.77,43.62,43.92,3679417,296057465.0
2018-08-31,43.86,43.91,42.27,43.64,3703292,292086286.0
2018-09-03,43.2,43.29,42.58,42.76,3033693,236415081.0
2018-09-04,42.6,43.12,42.29,42.98,3195384,248930745.0
2018-09-05,42.97,42.97,42.14,42.25,3503212,271034178.0
2018-09-06,41.84,42.44,40.9,41.29,4061026,307033785.0
2018-09-07,41.33,41.88,40.72,41.13,4626094,348105063.0
2018-09-10,41.17,41.61,39.91,40.18,4242519,312783287.0
2018-09-11,40.79,40.79,39.91,40.21,3033894,222764186.0
2018-09-12,40.21,40.21,39.61,39.8,3779188,274612092.0
2018-09-13,40.28,40.35,39.02,40.0,3362756,243100410.0
2018-09-14,40.0,40.48,39.48,40.18,3108948,226727542.0
2018-09-17,39.74,39.74,37.83,38.54,5742628,404108710.0
2018-09-18,38.52,38.84,37.74,38.5,6987652,486589125.0
2018-11-23,37.73,41.65,37.55,41.13,25882219,1910241475.0
2018-11-26,40.02,40.86,38.92,39.31,8391956,606695675.0
2018-11-27,38.38,40.23,38.38,38.77,5513800,392992603.0
2018-11-28,38.96,39.12,37.66,38.52,5390945,377514273.0
2018-11-29,38.7,40.42,38.7,39.98,9962574,722524100.0
2018-11-30,39.47,41.05,39.36,40.84,8058829,596960272.0
2018-12-03,41.44,42.51,41.01,41.6,9034478,683716700.0
2018-12-04,41.58,41.58,40.9,41.32,4555527,342130362.0
2018-12-05,40.41,42.37,40.41,41.99,8451938,644766620.0
2018-12-06,41.55,42.49,40.75,41.13,5669469,429926983.0
2018-12-07,40.86,42.03,40.68,41.7,5432267,411638035.0
2018-12-10,41.47,42.03,40.94,41.8,4473401,337797190.0
2018-12-11,41.88,42.62,41.88,42.47,4962805,383480014.0
2018-12-12,42.65,43.24,42.16,42.27,4097869,319691377.0
2018-12-13,42.27,43.83,42.27,43.46,5972099,470797473.0
2018-12-14,43.45,43.72,43.02,43.31,4355963,344652225.0
2018-12-17,43.24,43.24,42.09,42.43,5455783,423445845.0
2018-12-18,42.26,42.59,41.52,41.91,3090295,236204914.0
2018-12-19,41.92,41.94,40.5,40.51,4566078,341006404.0
2018-12-20,39.96,40.48,39.3,39.66,3323183,240865313.0
2018-12-21,39.64,39.66,38.53,39.06,3114622,221683642.0
2018-12-24,39.44,41.39,39.2,41.09,4047431,299240040.0
2018-12-25,40.76,41.38,40.23,41.13,2835128,210604621.0
2018-12-26,41.12,41.97,40.84,41.13,2498219,189087162.0
2018-12-27,41.61,41.88,41.22,41.22,2397910,181359152.0
2018-12-28,41.22,41.43,40.29,40.55,2461756,183010641.0
2019-01-02,40.9,40.94,39.31,39.43,3917533,283258335.0
2019-01-03,39.76,39.76,38.03,38.37,5373642,377536914.0
2019-01-04,37.84,39.25,37.83,38.9,2820136,199110896.0
2019-01-07,39.35,39.89,38.59,39.69,4281916,308707897.0
2019-01-08,39.6,40.97,39.36,40.67,4793438,352379676.0
2019-01-09,40.71,41.73,40.5,40.74,5487659,413092232.0
2019-01-10,40.51,41.17,40.2,40.37,2516172,185929246.0
2019-01-11,40.4,40.67,39.66,40.41,2955088,216115392.0
2019-01-14,40.51,40.57,39.48,39.51,2874816,209015804.0
2019-01-15,39.51,41.28,39.51,41.19,3823245,283569708.0
2019-01-16,41.47,42.26,41.17,42.21,5081175,388335987.0
2019-01-17,42.21,42.53,41.47,41.58,3677512,281519871.0
2019-01-18,41.66,43.2,41.62,43.02,5455771,424090406.0
2019-01-21,43.02,43.55,42.65,43.05,5000226,393424625.0
2019-01-22,42.98,42.98,42.05,42.4,3346808,258742986.0
2019-01-23,42.1,43.42,42.1,43.19,3589098,281421893.0
2019-01-24,43.06,43.77,42.4,43.65,3267038,258547862.0
2019-01-25,43.65,43.96,42.76,42.89,2829965,223708777.0
2019-01-28,42.91,43.54,42.07,42.76,4886025,380856902.0
2019-01-29,42.71,43.38,42.41,43.3,3260742,256154601.0
2019-01-30,43.13,43.41,42.41,42.6,2381606,185546115.0
2019-01-31,42.52,43.02,42.27,42.61,2945111,229450273.0
2019-02-01,42.94,44.67,42.62,44.38,3881143,311387297.0
2019-02-11,44.13,45.94,44.0,45.67,4283156,354456591.0
2019-02-12,45.74,47.13,45.48,46.68,5685234,481449961.0
2019-02-13,46.64,47.23,46.26,46.9,4059426,345800407.0
2019-02-14,46.9,46.9,45.98,46.43,4466320,377192751.0
2019-02-15,46.27,46.27,45.12,45.39,4038159,336046496.0
2019-02-18,45.47,46.81,45.47,46.73,4284498,362474691.0
2019-02-19,46.75,46.76,45.6,45.85,3827733,322353324.0
2019-02-20,45.85,46.19,45.53,45.93,3241182,270940881.0
2019-02-21,45.93,46.01,45.36,45.43,3052575,254290370.0
2019-02-22,45.42,45.6,44.63,45.57,3901069,320858082.0
2019-02-25,45.61,46.86,45.51,46.62,10446776,880155292.0
2019-02-26,46.6,48.3,46.05,47.44,9408760,815460278.0
2019-02-27,47.44,47.97,46.35,46.64,5676791,489179869.0
2019-03-01,48.72,48.79,46.87,47.45,6596962,569969712.0
2019-03-04,47.63,48.93,47.61,48.8,8577685,758254932.0
2019-03-05,48.76,48.79,48.13,48.79,4656932,412187739.0
2019-03-06,48.72,48.79,47.85,48.24,4813895,423140930.0
2019-03-07,48.13,48.13,46.54,47.05,7336923,630414325.0
2019-03-08,46.16,46.87,45.31,45.38,6380944,535496314.0
2019-03-11,45.28,46.28,45.26,46.08,4377168,365846069.0
2019-03-12,46.55,46.55,45.71,45.92,4961482,416534945.0
2019-03-13,45.61,46.61,45.51,46.27,4885971,410378923.0
2019-03-14,46.27,46.75,46.06,46.38,3883234,328952233.0
2019-03-15,46.43,46.81,45.76,46.1,4892318,413603545.0
2019-03-18,46.14,48.23,46.05,48.2,11435402,988415463.0
2019-03-19,48.24,48.35,46.87,47.3,8144291,703807203.0
2019-03-20,47.26,47.56,46.51,47.03,4834387,414678962.0
2019-03-21,46.98,47.21,46.66,47.21,4766679,408329662.0
2019-03-22,47.69,47.94,46.82,47.16,5872048,507116142.0
2019-03-25,46.53,46.53,45.56,45.58,8017109,670687957.0
2019-03-26,45.58,45.98,45.07,45.27,3944105,327355207.0
2019-03-27,45.18,46.09,45.18,45.96,4358166,364245352.0
2019-03-28,45.91,45.91,45.31,45.6,3647974,302987607.0
2019-03-29,45.6,46.99,45.51,46.87,7272721,617496174.0
2019-04-01,47.04,48.14,47.03,47.97,8858012,770592958.0
2019-04-02,47.87,47.87,47.09,47.5,6746393,582192023.0
2019-04-03,47.48,48.68,45.62,46.95,15824205,1363511358.0
2019-04-04,46.6,46.62,45.88,46.52,9752413,821916681.0
2019-04-08,46.54,47.41,46.32,46.89,8846203,754420049.0
2019-04-09,47.15,50.16,46.71,49.88,18397334,1630668819.0
2019-04-10,49.89,54.21,49.56,51.58,17128511,1619425358.0
2019-04-11,51.26,51.51,49.37,49.78,10549139,966954649.0
2019-04-12,49.89,50.27,48.79,49.33,7110380,640662394.0
2019-04-15,49.55,50.74,48.86,48.87,6412181,581373193.0
2019-04-16,48.86,49.42,48.24,49.42,5756638,513690827.0
2019-04-17,49.29,50.37,48.92,49.99,6008805,545250973.0
2019-04-18,49.89,50.39,49.34,49.37,4646891,422478115.0
2019-04-19,49.29,49.81,48.61,49.31,4380874,391943311.0
2019-04-22,49.31,50.42,49.08,50.34,7438363,676735727.0
2019-04-23,50.0,50.34,49.67,49.78,4905554,446792086.0
2019-04-24,49.94,50.69,49.94,50.43,5614584,515562897.0
2019-04-25,50.6,50.71,48.92,49.01,4625057,417859799.0
2019-04-26,48.95,48.95,47.26,47.26,6265538,545745723.0
2019-04-29,47.26,48.73,46.92,48.0,4982473,437049766.0
2019-04-30,47.69,48.74,47.47,48.52,3917202,344361754.0
2019-05-06,47.42,47.43,44.35,44.96,8731976,731944337.0
2019-05-07,45.17,46.32,45.16,46.12,4431634,370525294.0
2019-05-08,45.06,46.73,44.9,46.05,4526977,381546549.0
2019-05-09,45.63,45.98,43.03,43.52,7505506,605515066.0
2019-05-10,43.86,44.32,42.77,43.86,6893563,551743741.0
2019-05-13,43.66,43.86,42.68,43.36,3488480,276391107.0
2019-05-14,43.17,43.8,42.92,43.13,3881000,306453004.0
2019-05-15,43.14,43.94,42.82,43.86,7642670,608212717.0
2019-05-29,43.86,44.4,39.53,43.27,7214947,563551572.0
2019-05-30,43.24,43.24,42.47,43.03,3457648,270722592.0
2019-05-31,43.02,43.86,42.59,42.59,3899328,307393646.0
2019-06-03,42.64,43.4,42.64,43.15,3605647,283565322.0
2019-06-04,43.29,43.67,42.54,42.79,3260888,254567512.0
2019-06-05,42.76,43.24,41.83,41.92,4354478,326375181.0
2019-06-06,41.92,42.18,41.66,41.83,4189809,311859170.0
2019-06-10,41.83,42.58,41.26,42.41,3181758,238449319.0
2019-06-11,42.4,43.81,42.28,43.74,4132141,317443946.0
2019-06-12,43.39,43.8,43.15,43.56,2528485,195149207.0
2019-06-13,43.56,43.88,43.05,43.79,2173138,168240055.0
2019-06-14,43.78,44.04,43.5,43.64,2154218,167554635.0
2019-06-17,43.7,44.15,43.33,43.41,2729725,211980921.0
2019-06-18,43.77,43.81,43.05,43.42,2811107,216288446.0
2019-06-19,43.97,44.22,43.65,43.86,3393371,264524729.0
2019-06-20,43.86,44.95,43.69,44.37,6501625,513027240.0
2019-06-21,44.39,44.67,44.22,44.42,4669479,368537961.0
2019-06-24,44.42,44.88,44.04,44.78,3801343,301147552.0
2019-06-25,44.79,45.44,44.5,45.41,5486936,438784937.0
2019-06-26,45.34,45.78,44.95,45.59,3343372,269142725.0
2019-06-27,45.38,47.31,45.38,47.13,5267620,434552834.0
2019-06-28,47.15,47.15,46.43,46.93,3445982,285932464.0
2019-07-01,47.35,48.1,47.35,47.49,4341558,367490894.0
2019-07-02,47.98,47.98,47.27,47.77,4166952,352528319.0
2019-07-03,47.47,47.75,47.04,47.34,4189751,352571273.0
2019-07-04,47.31,47.43,46.39,46.82,3785151,314713778.0
2019-07-05,46.98,47.7,46.81,47.32,2452958,205968187.0
2019-07-08,47.32,47.32,45.43,46.08,3599562,296150263.0
2019-07-09,46.11,46.68,46.1,46.28,1964227,161979361.0
2019-07-10,46.79,46.89,45.83,46.19,2185989,179593484.0
2019-07-11,46.13,46.42,45.27,45.41,3223223,262412639.0
2019-07-12,45.7,46.22,45.59,45.93,2807489,229441780.0
2019-07-15,45.9,46.11,44.94,45.89,3921072,317195133.0
2019-07-16,46.05,46.21,45.04,45.08,3194955,257791751.0
2019-07-17,45.04,45.04,43.66,43.9,5154507,404375849.0
2019-07-18,43.77,43.92,42.8,43.06,4501744,345336312.0
2019-07-19,43.3,43.55,42.93,43.1,3472822,266141816.0
2019-07-22,43.11,43.33,42.5,42.62,3142710,238749530.0
2019-07-23,42.76,43.85,42.6,43.68,5038176,388916771.0
2019-07-24,43.87,44.0,43.47,43.59,2892257,224805061.0
2019-07-25,43.66,44.32,43.44,44.22,3238911,253693049.0
2019-07-26,44.21,44.72,43.66,43.76,5190488,405941363.0
2019-07-29,43.77,44.0,42.67,42.76,6311175,482325582.0
2019-07-30,42.65,43.03,42.48,42.62,4766311,361866082.0
2019-07-31,42.62,42.93,42.51,42.71,2967323,225549032.0
2019-08-01,42.82,42.82,42.33,42.6,2875092,217318842.0
2019-08-02,42.26,42.47,42.02,42.42,2415629,181619982.0
2019-08-05,42.37,42.4,41.63,41.85,2560744,191330721.0
2019-08-06,41.3,42.12,41.13,42.03,4685824,348204521.0
2019-08-07,42.02,42.28,41.8,41.82,2568056,191368057.0
2019-08-08,41.99,42.46,41.89,42.35,2158556,162053436.0
2019-08-09,42.41,42.69,41.75,41.8,2756948,206017448.0
2019-08-12,41.86,42.56,41.86,42.51,2247379,169037593.0
2019-08-13,42.48,42.8,42.2,42.76,2063354,156218309.0
2019-08-14,42.93,43.14,42.45,42.59,2353477,178853118.0
2019-08-15,42.03,42.53,41.78,42.3,2357337,176570081.0
2019-08-16,42.42,42.9,41.93,42.39,2966276,223587853.0
2019-08-19,42.42,43.31,42.42,43.17,4491093,342429002.0
2019-08-20,43.04,44.32,42.96,43.88,4010609,311332419.0
2019-08-21,43.99,43.99,43.24,43.52,2460220,189989133.0
2019-08-22,43.29,43.6,43.04,43.49,3133321,240778276.0
2019-08-23,43.59,44.32,43.16,43.81,2937548,228705808.0
2019-08-26,43.24,45.01,43.05,44.59,5516012,435076717.0
2019-08-27,45.0,45.3,44.56,44.93,5485753,438835914.0
2019-08-28,44.76,45.16,44.05,44.28,3858146,304490155.0
2019-08-29,43.79,43.79,43.05,43.05,7016433,539272856.0
2019-08-30,43.05,43.42,42.76,43.15,5900029,451168066.0
2019-09-02,42.88,43.09,42.24,42.79,6822398,516518363.0
2019-09-03,42.78,42.79,42.31,42.52,4026581,303931190.0
2019-09-04,42.5,42.8,42.31,42.79,3849176,291480180.0
2019-09-05,42.82,43.27,42.48,42.76,6850416,523360608.0
2019-09-06,42.86,42.97,42.57,42.82,4330242,328685837.0
2019-09-09,42.97,43.15,42.76,43.14,4429294,338241276.0
2019-09-10,43.14,43.88,42.93,43.88,8168464,632589601.0
2019-09-11,43.88,43.94,42.97,43.05,6649482,511655346.0
2019-09-12,43.07,43.2,42.88,43.1,3843505,294012819.0
2019-09-16,43.07,43.76,43.07,43.57,4980760,385211095.0
2019-09-17,43.57,43.72,43.09,43.21,3647137,280949557.0
2019-09-18,43.21,43.79,43.21,43.59,3553285,275192339.0
2019-09-19,43.69,43.72,43.36,43.56,3166271,245214357.0
2019-09-20,43.6,43.99,43.35,43.66,5146744,399147991.0
2019-09-23,43.66,43.66,42.76,42.87,3826188,291638117.0
2019-09-24,42.87,43.05,42.76,42.84,2984381,227578170.0
2019-09-25,42.89,44.45,42.26,43.8,9870993,766804237.0
2019-09-26,43.79,44.17,43.19,43.37,4677437,362603039.0
2019-09-27,42.96,43.37,42.79,43.02,2550465,195152310.0
2019-09-30,43.02,43.21,42.77,42.79,1763786,134742360.0
2019-10-08,42.78,43.41,42.76,43.2,2216974,170116336.0
2019-10-09,43.21,43.21,42.61,42.87,2528940,192372788.0
2019-10-10,42.8,42.87,42.39,42.51,3503785,264739699.0
2019-10-11,42.63,42.83,42.42,42.8,2727881,206973736.0
2019-10-14,43.94,47.08,43.67,47.08,23122636,1874918088.0
2019-10-15,47.1,48.49,47.1,47.61,12565502,1068093826.0
2019-10-16,47.54,48.18,46.02,46.19,11050026,921789372.0
2019-10-17,46.47,46.58,45.69,45.9,8047582,658136613.0
2019-10-18,46.25,46.33,44.76,44.93,9364116,755717553.0
2019-10-21,45.0,45.95,44.73,45.72,8610873,695840447.0
2019-10-22,45.54,46.44,45.35,45.85,5157852,421022581.0
2019-10-23,45.84,46.38,45.18,45.46,4469347,363272456.0
2019-10-24,45.54,45.67,44.73,45.01,4027624,322758138.0
2019-10-25,45.02,45.96,44.72,45.45,3934253,316533048.0
2019-10-28,45.8,46.12,45.01,45.45,7487379,604019029.0
2019-10-29,46.19,49.57,46.19,49.06,18732577,1603393331.0
2019-10-30,48.38,48.94,46.87,47.26,10835965,914975169.0
2019-10-31,47.8,49.51,47.31,48.69,10228551,881954825.0
2019-11-01,48.1,49.43,47.71,48.78,7671462,665148792.0
2019-11-04,48.85,51.2,48.84,50.26,10213558,912307988.0
2019-11-05,50.64,52.03,50.08,50.66,11088644,1008198661.0
2019-11-06,50.94,50.96,49.68,49.8,7208726,641056832.0
2019-11-07,50.01,51.54,49.99,50.93,5698658,515867597.0
2019-11-08,50.99,51.42,50.19,50.41,4998079,450545973.0
2019-11-11,50.15,50.74,49.27,49.59,5326597,472893741.0
2019-11-12,49.23,50.8,49.23,50.68,6109973,544381397.0
2019-11-13,50.8,51.48,50.3,50.52,5580932,502783514.0
2019-11-14,50.44,50.92,50.2,50.55,3353662,302031993.0
2019-11-15,50.46,50.86,49.71,49.93,4457322,397221448.0
2019-11-18,50.16,52.44,50.1,51.95,8115695,742284810.0
2019-11-19,51.9,53.34,51.76,52.88,5673410,531833377.0
2019-11-20,52.77,53.16,52.43,52.62,3478555,326212601.0
2019-11-21,52.33,53.38,51.52,52.15,6453597,597711476.0
2019-11-22,52.12,52.26,50.38,50.73,6088316,552173536.0
2019-11-25,50.73,51.06,49.51,49.98,5207843,464066941.0
2019-11-26,50.27,51.97,50.24,51.27,6358660,577287619.0
2019-11-27,51.14,51.14,50.08,50.52,3614420,324715269.0
2019-11-28,50.51,50.86,50.12,50.75,2394447,215479761.0
2019-11-29,50.75,50.75,48.41,49.45,7521716,657349636.0
2019-12-02,49.23,49.29,48.27,48.6,4527467,391072643.0
2019-12-03,48.57,49.07,48.03,48.81,3370246,290826078.0
2019-12-04,48.66,49.32,48.66,48.87,2351160,204650013.0
2019-12-05,48.87,49.61,48.75,49.0,2704440,235826899.0
2019-12-06,48.95,49.29,48.67,49.09,3034801,264317779.0
2019-12-09,49.14,49.2,48.09,48.52,4280839,368076326.0
2019-12-10,48.33,48.58,47.96,48.55,2710357,232345919.0
2019-12-11,48.55,48.58,47.71,47.89,3060840,261047297.0
2019-12-12,47.82,47.98,47.61,47.63,2365409,200678864.0
2019-12-13,47.92,48.65,47.63,48.3,5511924,472453413.0
2019-12-16,48.43,49.19,48.19,49.18,4247704,368277449.0
2019-12-17,49.18,49.37,48.74,49.34,4168104,363845045.0
2019-12-18,49.17,49.21,48.45,48.55,4064173,352026069.0
2019-12-19,48.55,49.03,48.45,48.84,2393563,207306179.0
2019-12-20,48.84,48.95,48.54,48.61,2640326,228572214.0
2019-12-23,48.6,49.28,48.16,48.64,3320739,288526524.0
2019-12-24,48.61,49.79,48.55,49.48,3942109,346204400.0
2019-12-25,49.45,50.42,49.38,49.81,4060719,361028950.0
2019-12-26,49.85,49.85,49.13,49.51,2844674,249601031.0
2019-12-27,49.5,49.52,49.02,49.32,2889543,252958003.0
2019-12-30,49.23,49.61,48.67,49.57,3967664,347319801.0
2019-12-31,49.51,50.56,49.51,50.32,4506577,402395190.0
2020-01-02,50.64,50.69,49.94,50.25,5386776,480415279.0
2020-01-03,50.28,50.69,50.01,50.13,3646838,326236146.0
2020-01-06,49.78,50.07,49.51,49.54,4578135,404671383.0
2020-01-07,49.48,50.01,49.47,49.83,2960247,261869238.0
2020-01-08,49.79,49.79,48.98,49.25,2983975,261713544.0
2020-01-09,49.24,50.21,49.24,50.19,4311848,381943405.0
2020-01-10,50.19,50.62,49.56,49.94,2868272,254768166.0
2020-01-13,49.94,50.05,49.0,50.01,3698139,325735788.0
2020-01-14,50.07,50.34,49.72,49.76,2360252,209372270.0
2020-01-15,49.55,50.07,49.39,49.64,2358349,208187018.0
2020-01-16,49.64,49.85,49.43,49.57,2679945,236621453.0
2020-01-17,49.57,49.73,48.81,49.04,3369887,294681871.0
2020-01-20,49.27,50.01,48.86,49.6,4055044,355978462.0
2020-01-21,49.61,51.76,49.61,50.74,9411860,848826079.0
2020-01-22,50.96,50.97,49.13,49.61,4947339,436517658.0
2020-01-23,49.6,49.78,48.19,48.72,5909210,513026232.0
2020-02-03,43.87,46.97,43.87,44.42,6973300,561991120.0
2020-02-04,44.87,46.46,44.87,46.32,6433435,525093683.0
2020-02-05,46.29,48.21,46.13,48.16,6691528,561613624.0
2020-02-06,48.18,48.64,47.58,48.33,6890139,590280237.0
2020-02-07,48.33,48.33,46.79,47.49,5032827,423895024.0
2020-02-10,47.34,47.34,46.42,46.95,6618612,549254050.0
2020-02-11,46.83,47.26,46.33,47.09,6769568,562200704.0
2020-02-12,47.06,47.06,46.3,46.86,6518788,541058105.0
2020-02-13,46.79,46.79,46.2,46.32,4512730,372500021.0
2020-02-14,46.2,46.54,45.7,46.07,6162120,505659321.0
2020-02-17,45.85,46.52,45.79,46.52,5667538,465948282.0
2020-02-18,46.74,46.97,46.18,46.57,5720471,473057345.0
2020-02-19,46.57,46.69,46.02,46.16,3418152,281132193.0
2020-02-20,46.13,47.25,45.98,46.97,6185952,513162430.0
2020-02-21,46.88,47.19,46.49,46.8,4482570,372829310.0
2020-02-24,47.26,47.26,46.58,46.73,5023019,417421090.0
2020-02-25,46.4,47.14,46.13,46.65,4715274,390339945.0
2020-02-26,46.32,46.32,45.5,45.62,5874272,477765692.0
2020-02-27,45.76,46.11,45.25,45.38,3923232,317677566.0
2020-02-28,44.47,45.18,43.66,44.27,6034317,476351895.0
2020-03-02,44.27,45.14,44.11,45.12,5183977,411784600.0
2020-03-03,45.21,45.68,44.88,44.91,6935468,556974141.0
2020-03-04,44.98,45.31,44.4,45.24,5205418,413774513.0
2020-03-05,45.29,46.13,45.01,46.13,7919065,642472665.0
2020-03-06,45.77,46.54,45.59,45.68,4803669,392548102.0
2020-03-09,45.57,45.57,44.39,44.54,4893682,388511316.0
2020-03-10,44.22,45.33,43.7,44.68,5304949,417821668.0
2020-03-11,44.7,44.9,44.27,44.42,2903100,229698987.0
2020-03-12,44.22,44.22,43.26,43.41,5404496,419166374.0
2020-03-13,42.21,42.89,41.54,42.08,8189547,612116989.0
2020-03-16,42.39,43.82,41.76,41.88,7433178,564360045.0
2020-03-17,41.7,42.31,39.95,42.04,7256431,530440528.0
2020-03-18,42.04,43.76,41.46,42.53,7257653,553437786.0
2020-03-19,42.2,43.16,41.94,42.25,5330146,402880920.0
2020-03-20,42.38,43.7,41.8,43.15,7342596,561750897.0
2020-03-23,42.69,43.41,42.42,42.93,4362311,332886329.0
2020-03-24,43.1,43.92,43.1,43.85,5574137,433082395.0
2020-03-25,44.73,44.93,44.02,44.29,4405826,347688895.0
2020-03-26,44.22,46.02,43.88,45.85,13394010,1084213752.0
2020-03-27,47.79,48.38,46.57,47.02,20494892,1727985410.0
2020-03-30,46.67,47.25,45.85,45.9,7908856,651056929.0
2020-03-31,46.14,48.39,46.14,48.13,11773614,997293240.0
2020-04-01,48.19,48.6,47.18,47.32,6576067,559388693.0
2020-04-02,47.29,47.29,46.52,46.97,5058794,421157002.0
2020-04-03,47.18,47.94,46.7,47.59,5195876,439633606.0
2020-04-07,47.85,48.77,47.65,48.37,7298259,625647612.0
2020-04-08,48.17,48.19,47.15,47.24,5313888,448989024.0
2020-04-09,47.53,47.91,47.25,47.27,2715195,229248318.0
2020-04-10,47.33,47.66,46.63,46.78,4638993,388445194.0
2020-04-13,46.74,47.81,46.7,47.51,3337297,281363965.0
2020-04-14,47.91,48.09,46.57,47.76,6093972,513315679.0
2020-04-15,47.91,48.63,47.6,48.38,6021090,517125667.0
2020-04-16,48.12,48.62,47.6,47.83,3701005,315665468.0
2020-04-17,47.95,48.5,47.63,47.92,3476032,296783044.0
2020-04-20,47.92,48.3,47.7,47.87,2688841,228927973.0
2020-04-21,47.72,47.81,46.58,47.01,4150700,346686835.0
2020-04-22,46.96,48.55,46.52,48.53,6235289,528141101.0
2020-04-23,48.54,49.94,48.53,49.29,7207590,632135307.0
2020-04-24,49.29,49.8,48.39,49.17,4165955,365124501.0
2020-04-27,49.18,49.65,48.59,49.31,4086758,357237117.0
2020-04-28,49.39,50.34,48.65,49.82,6386312,564385542.0
2020-04-29,51.2,53.87,51.09,52.3,13054166,1218810455.0
2020-04-30,51.82,52.29,50.67,50.82,8883785,810780288.0
2020-05-06,50.64,51.59,50.08,51.37,8625255,780113366.0
2020-05-07,51.1,51.19,50.52,50.89,6324310,570358537.0
2020-05-08,51.12,52.02,50.96,51.47,6862228,629416728.0
2020-05-11,51.54,52.04,49.85,50.19,8171977,733735570.0
2020-05-12,50.19,50.52,49.78,50.14,5252106,467428940.0
2020-05-13,50.14,50.98,49.51,50.64,6779711,606042185.0
2020-05-14,50.64,51.36,49.84,50.06,6406807,574268998.0
2020-05-15,50.02,50.1,48.96,49.45,6393304,562276480.0
2020-05-18,49.32,49.88,48.0,49.38,6258386,548730633.0
2020-05-19,49.75,50.17,49.14,49.3,5066588,445953326.0
2020-05-20,49.4,49.41,48.44,48.66,4887900,423548798.0
2020-05-21,48.95,49.37,48.61,48.99,4839248,421606911.0
2020-05-22,48.84,48.93,47.6,47.84,5794073,495487850.0
2020-05-25,47.83,49.22,47.71,49.17,5052030,437011346.0
2020-05-26,49.31,49.74,48.88,49.54,4346870,382343135.0
2020-05-27,49.56,49.88,49.07,49.56,3119159,274786648.0
2020-05-28,49.79,49.79,48.28,48.84,4503725,391174931.0
2020-05-29,48.56,49.61,48.48,49.61,5624629,490540669.0
2020-06-01,49.7,51.1,49.7,50.28,6435219,575673335.0
2020-06-02,50.32,50.51,49.46,49.86,5541395,491802840.0
2020-06-03,49.99,51.27,49.99,51.17,9360093,845899552.0
2020-06-04,51.16,51.19,50.47,51.19,6405491,577894319.0
2020-06-05,50.97,50.97,50.02,50.32,8067709,697194552.0
2020-06-08,50.27,50.81,50.09,50.56,5179430,449020698.0
2020-06-09,50.44,50.71,50.21,50.58,5493816,477145904.0
2020-06-10,50.58,50.97,50.13,50.95,5265665,457258152.0
2020-06-11,50.65,50.98,50.1,50.27,4938608,428484300.0
2020-06-12,49.48,50.32,49.34,50.32,4035872,346473700.0
2020-06-15,50.2,50.82,50.07,50.27,4723179,410114794.0
2020-06-16,50.42,51.85,50.42,51.82,7860407,692367049.0
2020-06-17,51.78,52.78,51.55,52.45,7058110,633802467.0
2020-06-18,52.45,52.92,51.71,52.23,5528696,495829837.0
2020-06-19,52.23,54.4,52.23,53.66,9175729,847485505.0
2020-06-22,53.56,54.08,52.95,53.25,5894450,541355678.0
2020-06-23,53.25,54.55,53.23,54.4,6029281,561564764.0
2020-06-24,54.34,54.87,53.88,54.75,5539497,519006350.0
2020-06-29,54.64,56.14,54.4,54.98,6327150,599596965.0
2020-06-30,55.38,56.49,54.03,54.58,7511056,712952678.0
2020-07-01,54.49,55.14,53.93,54.13,7067597,659435444.0
2020-07-02,54.22,55.74,54.22,54.75,7856495,742622561.0
2020-07-03,54.68,60.22,54.19,60.22,14976918,1487175642.0
2020-07-06,61.09,61.65,59.23,61.62,16593193,1720747973.0
2020-07-07,61.03,65.71,59.98,63.26,14981503,1628941967.0
2020-07-08,62.99,63.56,62.0,62.78,8186396,878664038.0
2020-07-09,62.78,64.68,62.12,63.74,8455406,919797347.0
2020-07-10,63.52,64.61,62.11,62.43,7774792,844900456.0
2020-07-13,62.25,64.28,61.38,63.55,11781818,1271310473.0
2020-07-14,63.56,66.68,63.56,65.44,13605820,1533162153.0
2020-07-15,64.62,66.84,63.13,64.62,10206357,1144842664.0
2020-07-16,64.01,65.16,60.16,60.61,10171119,1090306734.0
2020-07-17,60.57,62.6,60.22,61.67,6829066,721354303.0
2020-07-20,61.78,63.2,60.51,62.46,6070725,645122610.0
2020-07-21,62.46,64.58,61.79,63.93,7751089,846168752.0
2020-07-22,63.93,65.28,62.83,63.53,6349888,700816933.0
2020-07-23,62.78,64.55,61.68,64.0,6737475,733204353.0
2020-07-24,64.0,64.51,61.14,61.53,7564413,813255968.0
2020-07-27,61.59,62.71,61.09,61.87,5344978,566931280.0
2020-07-28,62.16,63.35,61.18,63.21,5788911,620990424.0
2020-07-29,62.88,64.17,62.83,63.82,6200009,677588611.0
2020-07-30,64.06,65.27,63.13,63.59,6276787,690867045.0
2020-07-31,63.58,64.35,62.09,63.75,6078677,662971193.0
2020-08-03,64.68,68.36,64.03,67.58,11326477,1300768168.0
2020-08-04,67.49,67.75,66.08,66.58,6672360,765661809.0
2020-08-05,66.15,66.89,65.57,65.98,6665128,757457909.0
2020-08-06,66.21,66.47,64.0,64.87,8514200,946903842.0
2020-08-07,64.35,64.53,61.38,63.33,8780187,948529916.0
2020-08-10,62.77,63.18,61.09,62.24,6163479,657060147.0
2020-08-11,62.19,63.35,61.76,61.9,6004950,644331599.0
2020-08-12,61.76,61.85,58.99,60.08,8354103,862986158.0
2020-08-13,60.33,61.32,59.52,60.03,5207254,539931093.0
2020-08-14,60.04,60.45,59.16,60.43,5411253,556570812.0
2020-08-17,60.76,61.3,60.03,60.82,6568625,685832050.0
2020-08-18,60.82,61.19,60.44,60.87,4650391,485901957.0
2020-08-19,60.83,60.83,59.69,59.91,4564511,471326624.0
2020-08-20,59.18,59.8,58.78,58.94,4267430,432951269.0
2020-08-21,59.4,60.44,59.22,60.16,4114050,424002520.0
2020-08-24,60.41,61.38,59.81,60.67,4653260,486327190.0
2020-08-25,61.07,61.55,59.86,60.06,4397314,458310645.0
2020-08-26,59.94,62.14,59.91,60.95,6553371,689535473.0
2020-08-27,61.73,63.28,61.51,62.18,6483810,693074587.0
2020-08-28,62.2,67.78,62.2,66.67,13966825,1574437415.0
2020-08-31,68.07,69.76,65.81,67.32,17166092,2000092911.0
2020-09-01,67.59,71.31,67.49,69.56,13554416,1616384725.0
2020-09-02,69.35,72.96,68.67,72.96,17527507,2138940919.0
2020-09-03,72.38,74.47,68.17,69.82,18401928,2263883286.0
2020-09-04,67.31,67.79,65.15,65.74,12774202,1449593761.0
2020-09-07,65.68,66.04,62.39,62.83,10569158,1164466605.0
2020-09-08,63.46,63.93,62.12,63.62,8524016,924657356.0
2020-09-09,62.32,62.7,60.51,61.65,7792166,823023682.0
2020-09-10,62.25,63.53,62.25,62.44,6356640,686722074.0
2020-09-11,62.25,66.73,62.07,66.33,10460699,1173804389.0
2020-09-14,66.9,66.91,64.0,64.58,8335183,929752192.0
2020-09-15,64.59,64.87,62.9,64.2,6006966,661594970.0
2020-09-16,64.52,65.3,63.01,63.54,5125528,561838360.0
2020-09-17,63.54,63.65,61.3,61.67,8361213,891399078.0
2020-09-18,61.39,63.21,60.87,63.21,7554347,805762023.0
2020-09-21,62.78,63.07,61.67,62.11,4053305,433136363.0
2020-09-22,61.58,62.83,61.1,61.48,4909597,523140156.0
2020-09-23,61.49,62.14,61.16,61.82,4310798,457476152.0
2020-09-24,61.23,61.61,59.81,59.81,6938695,719386293.0
2020-09-25,59.87,60.4,59.58,59.81,4086322,420754614.0
2020-09-28,60.22,60.51,58.58,58.65,6538227,664219823.0
2020-09-29,59.11,59.46,58.45,59.32,3785657,384443406.0
2020-09-30,59.33,60.65,58.74,59.32,6332741,649111486.0
2020-10-09,60.1,61.29,59.75,60.61,6369619,661657315.0
2020-10-12,60.8,62.83,60.77,62.61,6160349,655646294.0
2020-10-13,62.61,63.03,61.96,62.66,4760618,511709003.0
2020-10-14,62.67,63.01,61.78,62.14,4432730,475380296.0
2020-10-15,62.19,62.7,61.01,61.19,4832240,509977160.0
2020-10-16,61.38,61.98,60.97,61.55,4212239,444714623.0
2020-10-19,61.61,61.73,59.69,60.16,5640019,586814970.0
2020-10-20,59.9,60.63,59.46,60.58,4415395,455532099.0
2020-10-21,60.45,60.69,59.76,59.92,3744634,386821860.0
2020-10-22,59.81,59.85,58.87,59.46,4302965,438473004.0
2020-10-23,59.14,60.18,58.88,59.24,4375844,447107537.0
2020-10-26,58.88,58.88,56.67,57.89,5193238,515133221.0
2020-10-27,57.6,59.02,57.35,58.7,3781217,379651143.0
2020-10-28,58.75,60.06,58.22,59.63,5048839,515509316.0
2020-10-29,58.77,60.96,58.52,60.81,5914751,612858632.0
2020-10-30,62.83,63.34,59.36,59.9,10654864,1119595875.0
2020-11-02,59.9,60.22,58.17,58.52,7168576,726092233.0
2020-11-03,58.41,58.94,57.99,58.8,5687087,572337944.0
2020-11-04,58.81,58.82,57.68,58.18,5573626,556764444.0
2020-11-05,58.56,59.69,58.35,59.47,7479349,761461116.0
2020-11-06,59.69,59.73,58.18,58.58,5909716,595278052.0
2020-11-09,59.33,59.98,58.75,59.87,7604188,777071833.0
2020-11-10,59.94,60.39,58.31,58.87,7817214,794789145.0
2020-11-11,58.74,58.86,58.11,58.17,5635568,564451123.0
2020-11-12,58.18,58.56,57.28,57.47,6295984,624183781.0
2020-11-13,57.54,57.55,56.11,56.67,6089182,591883866.0
2020-11-16,56.9,57.12,56.18,56.46,5160259,501284864.0
2020-11-17,56.48,56.5,55.74,56.06,5046073,485491958.0
2020-11-18,55.86,56.49,55.86,56.2,4577740,441387305.0
2020-11-19,55.97,56.11,55.27,56.03,5157938,494620826.0
2020-11-20,56.05,57.23,56.05,56.93,6010312,586771985.0
2020-11-23,56.93,57.48,56.2,57.07,5321412,520072748.0
2020-11-24,56.98,57.31,56.61,56.77,3799064,371955688.0
2020-11-25,56.77,56.95,55.9,55.97,3509370,339580318.0
2020-11-26,55.85,56.17,55.59,55.79,3416708,327614165.0
2020-11-27,55.79,56.21,55.62,56.06,2722150,261434691.0
2020-11-30,56.03,56.03,54.84,55.43,7299222,693178234.0
2020-12-01,55.38,56.84,55.27,56.72,6344530,615651851.0
2020-12-02,56.72,57.89,56.43,57.3,5502203,541931174.0
2020-12-03,57.31,57.71,57.02,57.34,4996549,492933901.0
2020-12-04,57.13,58.99,57.13,58.85,8180531,822315175.0
2020-12-07,58.87,59.19,58.07,58.27,4311840,433411867.0
2020-12-08,58.4,58.58,57.05,58.09,4612086,458679078.0
2020-12-09,57.9,59.17,57.66,58.37,5763453,579803074.0
2020-12-10,58.18,61.47,57.79,60.23,10567834,1090849305.0
2020-12-11,62.31,64.34,62.31,63.88,23534693,2573757183.0
2020-12-14,64.29,66.51,63.35,65.97,16697741,1875597975.0
2020-12-15,65.74,66.73,64.06,65.74,14582597,1634350085.0
2020-12-16,65.17,65.57,63.53,64.73,14029076,1556085114.0
2020-12-17,64.76,66.55,64.58,65.27,9957998,1119332105.0
2020-12-18,65.16,67.36,64.84,66.27,12324022,1403917947.0
2020-12-21,65.63,65.63,63.42,64.06,13033653,1437860064.0
2020-12-22,64.09,65.45,63.59,63.74,11793400,1309625779.0
2020-12-23,64.0,64.27,62.46,63.33,7662441,832771809.0
2020-12-24,63.13,65.09,62.84,63.72,9233853,1020688729.0
2020-12-25,63.99,67.25,63.53,66.63,12792951,1448091534.0
2020-12-28,66.85,66.85,64.64,65.15,10081979,1131364049.0
2020-12-29,65.45,65.62,63.58,64.29,6187530,685924209.0
2020-12-30,63.97,65.47,63.59,65.16,7813441,871455548.0
2020-12-31,65.35,66.29,64.75,66.09,9690075,1092481596.0
2021-01-04,66.27,72.7,65.76,72.7,20044740,2424451953.0
2021-01-05,73.64,79.97,73.64,79.97,20094156,2676774721.0
2021-01-06,81.45,82.03,77.96,79.45,20809451,2850596350.0
2021-01-07,79.45,86.43,78.83,84.29,22157624,3145054412.0
2021-01-08,83.69,86.69,80.1,82.02,17739306,2513769665.0
2021-01-11,81.45,83.17,78.54,79.5,14856218,2063321878.0
2021-01-12,79.68,83.16,79.68,82.73,13090367,1843362647.0
2021-01-13,82.84,86.69,81.27,81.86,17263476,2465337687.0
2021-01-14,80.59,82.33,79.07,79.41,12127871,1671851870.0
2021-01-15,79.13,79.13,75.04,77.39,13528831,1785388630.0
2021-01-18,77.32,79.01,76.03,78.03,8212928,1100416546.0
2021-01-19,77.39,78.19,75.98,76.51,8344429,1103719285.0
2021-01-20,76.73,78.8,76.73,78.6,7257060,974231750.0
2021-01-21,78.85,80.26,77.96,79.55,9339137,1271199605.0
2021-01-22,79.47,81.74,78.43,80.73,9637860,1329672040.0
2021-01-25,80.58,82.81,79.72,81.1,11209522,1563718812.0
2021-01-26,81.16,81.26,77.6,77.6,8374698,1131541334.0
2021-01-27,77.72,79.47,75.34,78.81,8512068,1133588223.0
2021-01-28,77.09,78.25,76.21,76.8,5332847,707594110.0
2021-01-29,77.19,78.81,76.16,77.36,5783403,767945861.0
2021-02-01,77.26,77.93,74.76,77.32,7692032,1008950121.0
2021-02-02,76.57,79.91,75.05,79.18,9648168,1289781274.0
2021-02-03,78.6,79.52,76.37,77.15,9005493,1202067162.0
2021-02-04,76.02,76.79,74.9,75.23,7352002,956887052.0
2021-02-05,75.34,81.05,74.74,78.6,12419280,1672888910.0
2021-02-08,79.61,86.46,79.6,86.46,21950328,3197300984.0
2021-02-09,87.15,94.83,85.38,93.26,25942299,4028444893.0
2021-02-10,93.26,93.82,90.88,93.55,14218409,2261552195.0
2021-02-18,94.26,95.0,89.31,91.23,12818440,2013967735.0
2021-02-19,91.23,93.78,88.04,91.66,12205144,1903124562.0
2021-02-22,90.46,90.46,84.51,84.68,14466638,2162928084.0
2021-02-23,82.9,85.49,82.78,83.65,7886692,1139880403.0
2021-02-24,83.79,84.62,78.94,80.29,10994800,1533821317.0
2021-02-25,80.88,81.22,77.36,78.19,6623748,900408012.0
2021-02-26,76.8,77.96,74.98,76.11,9227931,1205282490.0
2021-03-01,76.75,77.07,74.69,76.49,7225118,945737028.0
2021-03-02,77.08,77.84,74.88,75.93,10120305,1323171113.0
2021-03-03,75.63,76.91,74.47,76.68,6109163,797709333.0
2021-03-04,76.1,76.1,73.07,73.6,7998466,1019388317.0
2021-03-05,72.8,74.82,71.46,74.07,7553091,950867384.0
2021-03-08,73.77,75.21,71.47,71.47,7051092,888257665.0
2021-03-09,70.98,72.07,67.71,70.64,9026923,1091206505.0
2021-03-10,71.78,74.28,71.78,72.7,7936993,997604385.0
2021-03-11,72.7,75.07,72.63,73.63,6910257,878680867.0
2021-03-12,73.63,74.08,72.45,73.72,3918448,492093340.0
2021-03-15,73.31,73.31,69.23,70.35,6943674,844592648.0
2021-03-16,70.53,71.82,70.53,71.27,4351271,532138278.0
2021-03-17,71.48,73.24,70.53,73.02,4189136,521519602.0
2021-03-18,72.73,74.46,72.61,73.84,3962038,501715257.0
2021-03-19,72.73,73.47,71.04,71.52,4540158,562981477.0
2021-03-22,71.81,72.9,71.33,72.29,2792327,346246340.0
2021-03-23,72.09,72.82,71.2,71.63,3491011,430988222.0
2021-03-24,71.28,72.43,71.19,72.13,3344899,412491974.0
2021-03-25,71.62,73.82,71.26,73.46,4988751,624531337.0
2021-03-26,74.06,78.34,73.91,77.98,9228799,1208564142.0
2021-03-29,75.62,75.63,71.68,72.61,21590363,2704353270.0
2021-03-30,70.98,71.61,68.99,71.33,14044770,1703675432.0
2021-03-31,70.69,70.75,69.2,70.11,6317548,758121254.0
2021-04-01,70.11,70.67,69.35,70.53,5379556,648731245.0
2021-04-02,70.4,72.87,69.93,71.51,8290077,1019841278.0
2021-04-06,71.44,71.44,68.66,69.29,9147052,1091033162.0
2021-04-07,68.65,69.0,66.67,67.65,10636298,1232699356.0
2021-04-08,67.08,68.84,66.68,68.6,6123336,716978495.0
2021-04-09,68.07,68.58,66.72,67.01,5228705,604877410.0
2021-04-12,66.98,66.98,64.35,64.7,7188514,806795031.0
2021-04-13,64.55,66.03,64.04,65.05,4875435,546554328.0
2021-04-14,65.06,65.85,64.7,65.16,3614853,406182410.0
2021-04-15,65.17,65.74,64.22,64.75,4415155,492546393.0
2021-04-16,65.11,65.66,64.52,65.55,3618243,405106499.0
2021-04-19,65.63,67.29,64.99,66.91,6137534,703600244.0
2021-04-20,66.91,67.49,66.1,66.79,4944478,568410662.0
2021-04-21,66.36,67.41,66.21,67.39,5117017,590964554.0
2021-04-22,67.38,67.38,66.24,66.92,4061254,465982001.0
2021-04-23,66.51,67.77,66.5,67.54,7515754,870667495.0
2021-04-26,67.95,68.36,65.56,65.69,8443921,969565416.0
2021-04-27,65.48,66.97,65.23,66.91,6129340,701101269.0
2021-04-28,65.46,67.02,65.08,65.16,11993719,1356014133.0
2021-04-29,65.16,67.66,65.16,66.66,14813113,1700440585.0
2021-04-30,66.66,66.66,62.2,62.57,20103205,2206249772.0
2021-05-06,62.54,63.24,61.26,61.69,7772632,830037818.0
2021-05-07,61.76,62.08,59.34,59.34,7762973,809966337.0
2021-05-10,58.78,60.5,58.4,58.76,8259690,840721391.0
2021-05-11,58.8,59.68,58.4,59.26,6060830,615165487.0
2021-05-12,59.87,61.02,59.06,59.99,7781425,801994380.0
2021-05-13,59.34,62.43,58.98,61.38,12855113,1348397472.0
2021-05-14,61.67,63.4,60.51,62.81,11565327,1240774239.0
2021-05-17,62.68,67.32,62.08,66.27,15414316,1732034343.0
2021-05-18,66.33,67.22,64.7,66.44,8708476,985719926.0
2021-05-19,66.33,66.33,65.16,65.62,6282208,708065928.0
2021-05-20,65.28,67.08,65.27,65.74,6664934,757650820.0
2021-05-21,65.75,66.77,64.81,65.09,5656236,634115540.0
2021-05-24,65.16,65.69,63.39,65.22,7140711,791469413.0
2021-05-25,65.46,67.2,65.45,66.91,10420716,1192108976.0
2021-05-26,67.08,73.6,67.05,71.95,26101578,3231334078.0
2021-05-27,71.96,76.26,70.98,73.76,22096286,2806808260.0
2021-05-28,73.78,74.98,71.91,72.55,10843888,1362855216.0
2021-05-31,73.15,73.77,71.9,73.07,9528737,1196023216.0
2021-06-01,73.07,73.47,71.89,72.73,7536153,940886823.0
2021-06-02,72.73,73.6,71.91,73.02,8450816,1057009334.0
2021-06-03,72.9,74.24,71.72,72.73,11136981,1393738070.0
2021-06-04,72.49,74.06,71.91,74.05,10143167,1277416409.0
2021-06-07,74.39,74.39,71.39,72.61,12197059,1468844642.0
2021-06-08,72.17,72.32,68.27,68.3,17535109,2037426506.0
2021-06-09,67.79,68.24,66.9,67.4,9601164,1079075965.0
2021-06-10,67.19,67.77,66.95,67.61,7994489,897284854.0
2021-06-11,67.23,67.25,65.21,65.87,10361780,1136580265.0
2021-06-15,65.67,65.67,63.81,64.33,7013094,753787111.0
2021-06-16,64.9,65.92,64.19,64.58,6586522,712139335.0
2021-06-17,64.2,64.86,63.77,64.36,4445453,476668492.0
2021-06-18,64.11,64.91,63.22,64.16,6125120,653068529.0
2021-06-21,63.89,64.51,62.89,64.25,5013847,533377529.0
2021-06-22,64.55,67.46,64.55,66.91,10168006,1124241973.0
2021-06-23,66.92,67.13,65.78,66.28,6182905,684941226.0
2021-06-24,66.01,66.17,64.42,64.85,5648489,610518857.0
2021-06-25,65.03,66.65,64.19,66.53,7163778,787736227.0
2021-06-28,66.5,69.95,66.39,69.11,11935882,1364822804.0
2021-06-29,69.59,71.26,68.52,68.58,9972607,1156214438.0
2021-06-30,68.65,70.19,67.8,69.43,8590866,991539393.0
2021-07-01,70.28,73.3,70.28,71.81,17636668,2124221035.0
2021-07-02,71.9,72.52,68.93,69.06,12020445,1410939654.0
2021-07-05,68.39,70.12,67.37,69.23,8492293,972791454.0
2021-07-06,69.23,69.35,65.08,65.87,12845946,1421011252.0
2021-07-07,65.1,65.69,64.49,65.38,8078681,875570527.0
2021-07-08,65.33,65.33,62.63,63.53,10441328,1108410797.0
2021-07-09,63.47,63.53,61.87,62.46,7985532,829744740.0
2021-07-12,62.99,63.53,61.89,62.81,6715839,703866608.0
2021-07-13,62.85,64.67,62.85,64.24,6898716,735476226.0
2021-07-14,64.79,65.16,63.76,64.44,6908100,745084767.0
2021-07-15,64.49,64.49,63.32,63.71,6377467,676869614.0
2021-07-16,63.71,63.71,62.69,62.79,6232026,653391392.0
2021-07-19,62.39,67.19,61.79,65.81,13651092,1476688257.0
2021-07-20,65.21,65.39,63.71,64.01,6903032,738054017.0
2021-07-21,63.7,64.67,63.35,63.91,5420649,578167048.0
2021-07-22,63.72,64.34,62.89,63.01,7453959,785555494.0
2021-07-23,62.86,62.86,61.91,62.59,5448157,566179766.0
2021-07-26,63.35,63.35,60.05,63.05,9393698,968781187.0
2021-07-27,62.16,62.86,60.37,60.41,7513637,767583252.0
2021-07-28,59.99,60.88,58.84,60.29,6532992,651634988.0
2021-07-29,60.47,61.35,59.75,60.88,7845816,788609750.0
2021-07-30,60.89,60.89,59.14,59.38,6355164,630112401.0
2021-08-02,58.91,59.79,56.61,59.54,9119985,883558093.0
2021-08-03,58.79,60.56,58.55,60.31,6625801,661885637.0
2021-08-04,60.41,60.5,59.24,59.98,4486727,447201653.0
2021-08-05,59.87,61.51,59.11,59.49,9167935,922725754.0
2021-08-06,59.45,59.45,57.72,57.92,7086541,686778882.0
2021-08-09,57.5,59.6,57.05,58.42,6880001,672026037.0
2021-08-10,58.42,58.64,57.44,58.19,8662188,835015823.0
2021-08-11,58.27,58.85,57.67,57.85,6437477,622756012.0
2021-08-12,57.85,58.06,57.41,57.45,4573754,438789832.0
2021-08-13,57.46,57.76,56.61,56.72,6567984,624113568.0
2021-08-16,56.4,57.07,56.1,56.52,5005568,472385723.0
2021-08-17,56.52,56.8,55.21,55.33,6778554,631438306.0
2021-08-18,55.08,55.5,54.85,55.14,4767250,437842092.0
2021-08-19,55.12,55.38,55.0,55.24,3480473,320147057.0
2021-08-20,54.93,54.99,52.08,53.22,10991785,973531035.0
2021-08-23,52.96,53.14,52.08,52.27,8394294,733966975.0
2021-08-24,52.2,52.54,51.42,52.3,9510849,825165798.0
2021-08-25,52.2,53.65,51.86,53.37,8466580,747121157.0
2021-08-26,53.34,53.34,51.61,51.61,6319526,550467315.0
2021-08-27,51.62,52.16,51.0,51.18,5335159,457175842.0
2021-08-30,51.9,55.99,51.84,54.84,19364203,1764568902.0
2021-08-31,54.8,54.8,52.56,53.21,8513839,755491000.0
2021-09-01,53.26,55.12,52.32,54.64,8230764,742097572.0
2021-09-02,54.6,54.94,53.69,54.26,5625578,507832821.0
2021-09-03,54.37,55.93,53.62,55.12,7699414,706147539.0
2021-09-06,55.8,57.11,55.13,56.84,8736863,823946483.0
2021-09-07,56.84,56.92,55.8,56.69,5274602,494306995.0
2021-09-08,56.43,56.79,55.95,56.07,4106077,385081371.0
2021-09-09,56.07,56.68,55.81,56.09,3530511,330318652.0
2021-09-10,55.86,56.58,55.57,56.33,3984707,372789328.0
2021-09-13,56.4,57.83,56.4,57.48,7060572,674777325.0
2021-09-14,57.43,59.99,57.21,58.85,10115898,998773700.0
2021-09-15,58.72,59.2,57.61,58.19,5254520,511718538.0
2021-09-16,57.95,57.95,56.4,56.88,5431860,516102844.0
2021-09-17,56.77,57.77,56.46,57.6,3632466,347322967.0
2021-09-22,57.05,59.38,56.62,58.11,3784639,367562489.0
2021-09-23,58.11,59.09,58.01,58.37,3283258,320230539.0
2021-09-24,58.1,59.99,58.01,59.42,8337094,824416643.0
2021-09-27,59.41,61.73,58.79,60.39,7098870,718296561.0
2021-09-28,60.01,60.71,59.03,59.48,4008855,398908111.0
2021-09-29,59.09,59.39,57.89,58.72,3876660,379102958.0
2021-09-30,58.49,59.57,58.38,58.67,3148247,308707382.0
2021-10-08,58.67,59.84,57.93,59.37,4346039,429419556.0
2021-10-11,59.37,60.46,58.19,58.21,5191599,509746860.0
2021-10-12,57.99,58.01,56.53,56.94,5330148,508653685.0
2021-10-13,56.93,59.72,56.7,58.79,5941434,576947468.0
2021-10-14,58.8,59.17,57.19,58.27,4142605,400487472.0
2021-10-15,58.27,58.37,56.7,56.72,6304285,599842126.0
2021-10-18,56.73,56.92,55.62,56.47,4023359,376962239.0
2021-10-19,56.47,57.32,56.22,56.35,4982809,470613646.0
2021-10-20,56.35,56.7,55.43,55.98,3737227,348308983.0
2021-10-21,55.98,56.69,55.8,56.4,2502059,235049998.0
2021-10-22,56.3,56.85,56.11,56.4,2707918,254929735.0
2021-10-25,56.4,56.68,55.98,56.55,2567364,240895946.0
2021-10-26,56.1,56.93,55.99,56.39,2812554,264248336.0
2021-10-27,56.51,56.51,54.68,55.12,4305837,396500797.0
2021-10-28,53.52,53.61,50.4,53.01,11237063,983257057.0
2021-10-29,52.56,54.23,51.78,53.76,6266917,558189377.0
2021-11-01,53.75,54.31,53.1,54.06,3509911,314680218.0
2021-11-02,54.0,54.38,52.67,53.37,4221946,377537336.0
2021-11-03,53.3,55.23,53.28,53.95,4247692,384560959.0
2021-11-04,53.94,54.36,53.61,53.98,2898450,260545348.0
2021-11-05,54.12,54.52,53.58,53.59,2829700,254378271.0
2021-11-08,53.46,53.62,52.59,52.81,4200261,370766446.0
2021-11-09,52.93,53.32,52.8,52.96,1930822,170683519.0
2021-11-10,52.94,53.34,52.14,53.16,3345389,294241638.0
2021-11-11,53.11,53.59,52.8,53.46,3029107,268433861.0
2021-11-12,53.45,53.61,52.8,52.96,2876093,254565078.0
2021-11-15,52.98,54.19,52.96,53.82,3340134,299186016.0
2021-11-16,53.82,55.37,53.82,54.82,5872731,537690314.0
2021-11-17,54.81,54.9,54.1,54.58,3238079,293735219.0
2021-11-18,54.45,54.45,53.77,54.0,2750996,247715954.0
2021-11-19,53.72,54.27,53.7,54.01,2096841,188660389.0
2021-11-22,54.0,54.15,53.7,53.87,3133221,281133521.0
2021-11-23,53.91,54.24,53.58,53.67,2654582,238156000.0
2021-11-24,53.64,53.85,53.02,53.46,3140828,279460153.0
2021-11-25,53.89,54.81,53.46,54.37,5162900,467221376.0
2021-11-26,54.21,54.52,53.34,53.41,4576028,408737284.0
2021-11-29,53.35,53.99,52.59,52.77,4030090,355941032.0
2021-11-30,52.89,53.19,52.74,52.99,2711085,239029583.0
2021-12-01,52.84,53.09,52.62,53.04,2056582,181134782.0
2021-12-02,52.86,53.59,52.86,53.07,2736107,242393174.0
2021-12-03,52.93,53.49,52.92,53.37,2353066,209088586.0
2021-12-06,53.59,54.16,53.34,53.7,3247723,290733790.0
2021-12-07,53.76,54.55,53.76,54.38,4915996,444228908.0
2021-12-08,54.6,54.84,54.04,54.59,3601121,326810456.0
2021-12-09,54.6,56.46,54.6,55.92,7930711,737819391.0
2021-12-10,55.85,56.37,55.44,55.78,5436141,506198988.0
2021-12-13,55.98,56.56,55.74,55.86,4551248,425496224.0
2021-12-14,55.8,55.81,55.09,55.68,4183384,387070432.0
2021-12-15,55.8,55.92,54.87,54.88,3478963,320593342.0
2021-12-16,54.72,55.3,54.7,55.02,2782847,254726979.0
2021-12-17,55.02,55.11,54.33,54.44,2745474,249466381.0
2021-12-20,54.33,58.19,54.25,56.86,14771058,1400461471.0
2021-12-21,56.82,58.19,56.53,57.32,7915042,756153078.0
2021-12-22,57.11,58.78,57.11,58.64,10684192,1035538671.0
2021-12-23,57.93,58.65,56.99,57.38,7736717,740970910.0
2021-12-24,56.99,59.99,56.62,59.76,14569535,1434099368.0
2021-12-27,59.76,61.37,59.15,59.5,10358391,1037938846.0
2021-12-28,59.77,59.99,58.49,58.95,6062339,597444173.0
2021-12-29,59.38,59.51,58.0,58.19,6810330,664933352.0
2021-12-30,57.98,58.69,57.95,58.19,4707839,457065141.0
2021-12-31,58.67,63.39,58.49,62.78,18590518,1907639987.0
2022-01-04,62.99,65.2,62.49,62.72,16049187,1706518093.0
2022-01-05,62.39,62.65,59.05,59.13,13353285,1337584715.0
2022-01-06,58.73,60.88,58.49,60.51,9191986,917672221.0
2022-01-07,59.93,62.57,59.14,61.44,10833705,1106229962.0
2022-01-10,61.28,62.59,60.66,62.51,7074018,730342402.0
2022-01-11,62.15,65.86,61.95,65.69,16603537,1790132337.0
2022-01-12,64.61,66.02,63.4,63.65,9926287,1063346897.0
2022-01-13,63.29,64.67,62.28,62.78,6719401,709058195.0
2022-01-14,62.33,64.19,62.02,62.6,6406006,674966302.0
2022-01-17,62.62,62.78,61.19,61.3,5614665,578522098.0
2022-01-18,61.3,61.75,60.42,61.48,3970624,404910333.0
2022-01-19,61.48,61.49,58.73,59.24,7131923,707875842.0
2022-01-20,58.78,60.29,58.78,59.72,3747734,373115726.0
2022-01-21,59.45,59.54,57.59,58.5,5239093,510196258.0
2022-01-24,58.09,58.61,56.8,57.35,4635856,442897438.0
2022-01-25,57.32,57.8,55.41,55.5,4920305,461824057.0
2022-01-26,55.5,55.99,54.9,55.7,4102699,379274608.0
2022-01-27,55.72,56.1,54.26,54.43,3724036,341287633.0
2022-01-28,54.6,55.02,53.7,54.16,4036758,365653030.0
2022-02-07,54.52,55.71,54.17,54.49,3340555,305461081.0
2022-02-08,54.62,56.13,54.17,56.13,4043546,372207093.0
2022-02-09,56.13,57.51,55.5,57.17,4815668,455129764.0
2022-02-10,57.16,57.52,56.7,56.88,2954859,281087153.0
2022-02-11,57.52,57.52,55.12,55.86,4256150,396492539.0
2022-02-14,55.2,56.1,54.99,55.3,2528871,233312381.0
2022-02-15,55.65,56.69,55.31,56.37,3039868,284923632.0
2022-02-16,56.18,56.5,55.68,55.8,2876605,268164306.0
2022-02-17,55.68,55.98,55.42,55.74,2523080,234069579.0
2022-02-18,55.22,55.72,55.22,55.51,2283817,210926827.0
2022-02-21,55.43,55.8,54.91,55.58,2791586,257502271.0
2022-02-22,55.38,55.38,54.49,54.96,2618738,239226344.0
2022-02-23,54.95,55.5,54.78,55.15,2696777,247614097.0
2022-02-24,54.85,55.36,53.88,54.18,4326294,392758888.0
2022-02-25,54.31,55.2,54.3,54.75,3543250,322944915.0
2022-02-28,54.58,54.58,54.0,54.15,3139846,283713525.0
2022-03-01,54.15,54.5,54.02,54.32,2566299,231706023.0
2022-03-02,54.22,54.81,53.82,54.52,2973909,269317275.0
2022-03-03,54.52,54.93,54.0,54.06,3263619,294915828.0
2022-03-04,53.99,54.0,53.08,53.25,5907254,525516044.0
2022-03-07,53.1,53.1,51.16,51.45,6845555,592227967.0
2022-03-08,51.45,52.01,49.14,49.28,6803731,568051528.0
2022-03-09,49.27,49.53,45.48,47.38,12208065,963795067.0
2022-03-10,48.3,48.6,47.65,48.1,5603301,450071771.0
2022-03-11,47.4,49.35,46.86,49.23,6119980,491822008.0
2022-03-14,49.19,49.62,48.06,48.16,4344737,352762024.0
2022-03-15,47.09,47.91,45.55,45.6,6786921,527193741.0
2022-03-16,46.31,46.69,43.86,46.51,6795304,515251818.0
2022-03-17,47.31,48.36,46.8,47.49,5990027,475965305.0
2022-03-18,48.04,48.72,47.4,48.18,5177292,414162158.0
2022-03-21,48.18,48.99,48.07,48.82,5042615,408005392.0
2022-03-22,48.45,48.7,48.12,48.43,3174573,255985218.0
2022-03-23,48.44,49.27,48.06,48.81,4013385,326608552.0
2022-03-24,48.54,49.11,48.18,49.08,4117608,334335546.0
2022-03-25,48.96,50.09,48.51,48.63,5077628,416250199.0
2022-03-28,47.64,48.69,46.8,48.55,5717404,456995166.0
2022-03-29,48.54,48.87,47.88,48.36,3651835,294356470.0
2022-03-30,49.19,49.41,48.3,48.97,4264869,347083794.0
2022-03-31,48.81,50.08,48.6,49.09,4802003,395254101.0
2022-04-01,48.54,48.87,48.0,48.6,3539463,285770367.0
2022-04-06,48.89,49.79,48.6,48.64,5437397,445952896.0
2022-04-07,48.6,48.6,47.1,47.34,5266260,419042986.0
2022-04-08,47.34,48.27,46.2,48.13,5246501,414567628.0
2022-04-11,47.53,47.82,46.5,46.68,3903671,305652913.0
2022-04-12,46.66,47.4,46.24,47.34,2849717,222807179.0
2022-04-13,47.31,47.79,46.9,47.13,2305851,181848064.0
2022-04-14,47.34,47.61,46.89,47.23,2617971,206184099.0
2022-04-15,47.2,47.2,46.82,46.86,2647402,207117704.0
2022-04-18,46.8,46.8,46.32,46.44,2063825,159874407.0
2022-04-19,46.77,46.78,45.59,45.6,4264302,326164156.0
2022-04-20,45.72,45.84,45.12,45.28,2872207,217880300.0
2022-04-21,45.31,45.39,44.11,44.35,3843467,285788928.0
2022-04-22,44.03,44.83,43.6,44.69,3291278,242649582.0
2022-04-25,44.37,44.58,42.57,42.6,4439128,323257116.0
2022-04-26,42.8,43.78,42.62,43.2,3913120,281991851.0
2022-04-27,42.87,43.87,42.66,43.86,3396859,245419059.0
2022-04-28,44.1,44.74,43.75,44.25,3259581,240274544.0
2022-04-29,44.58,45.81,44.26,45.76,5039953,378736622.0
2022-05-05,45.83,47.37,45.83,47.01,7550435,412013621.0
2022-05-06,46.24,47.05,45.98,46.99,4554162,247042661.0
2022-05-09,46.92,47.26,46.35,46.75,3066508,167227102.0
2022-05-10,46.37,47.26,46.14,46.93,3612916,196881607.0
2022-05-11,47.16,48.2,47.14,47.66,5539155,308920444.0
2022-05-12,47.66,48.34,47.3,47.77,3944439,220060737.0
2022-05-13,50.19,52.5,48.36,51.9,18587865,1094719307.0
2022-05-16,57.01,57.01,53.22,53.38,46639580,2990723666.0
2022-05-17,51.48,51.99,49.42,50.02,25317890,1484086253.0
2022-05-18,49.37,49.74,48.61,49.33,12954169,742262400.0
2022-05-19,48.47,49.14,48.28,48.87,8322273,473030424.0
2022-05-20,48.94,49.94,48.91,49.42,9527977,549777752.0
2022-05-23,49.49,49.57,48.9,49.07,7147953,408974086.0
2022-05-24,49.08,49.15,47.43,47.54,12007793,673050637.0
2022-05-25,47.43,48.0,47.28,47.85,5240740,291759394.0
2022-05-26,47.96,48.52,47.52,48.32,6324174,354373914.0
2022-05-27,48.34,48.76,48.05,48.27,5067338,285674997.0
2022-05-30,48.28,48.44,47.97,48.16,4822108,271084681.0
2022-05-31,48.15,48.39,47.79,48.39,5993228,336516634.0
2022-06-01,48.39,48.39,47.61,47.71,7230211,403909133.0
2022-06-02,47.8,47.83,47.44,47.67,5120889,284051836.0
2022-06-06,47.75,48.3,47.52,48.29,6186313,346442598.0
2022-06-07,48.29,49.14,48.13,49.1,8325491,473942074.0
2022-06-08,49.1,49.23,48.47,48.82,7264707,412830491.0
2022-06-09,48.73,49.02,47.97,48.14,6380925,359579178.0
2022-06-10,47.94,48.64,47.79,48.56,5212817,293350699.0
2022-06-13,48.48,48.48,47.65,47.94,6813367,380785591.0
2022-06-14,47.41,47.85,46.77,47.74,6726112,370483752.0
2022-06-15,48.9,50.26,48.82,49.53,16237870,941092925.0
2022-06-16,49.63,50.27,49.32,49.67,11110291,645387525.0
2022-06-17,49.45,50.12,48.9,50.02,8580772,496019598.0
2022-06-20,50.17,50.79,49.85,50.72,9512932,559409642.0
2022-06-21,50.73,50.85,49.59,50.0,7901191,462017205.0
2022-06-22,49.83,50.31,49.42,49.42,6921773,401587447.0
2022-06-23,49.42,49.86,48.94,49.86,5664602,326478037.0
2022-06-24,49.85,50.3,49.64,49.88,7078354,412067784.0
2022-06-27,50.57,51.39,50.19,50.27,9949840,587305550.0
2022-06-28,49.95,50.62,49.54,50.45,7492027,437134344.0
2022-06-29,50.36,51.2,49.97,50.26,9422180,556621424.0
2022-06-30,50.23,52.34,50.16,51.81,12874726,772459824.0
2022-07-01,51.73,51.74,51.03,51.48,6578762,394019683.0
2022-07-04,51.48,52.61,51.18,52.44,10115037,616048280.0
2022-07-05,52.45,52.54,51.42,52.2,7895628,478130152.0
2022-07-06,52.18,52.41,50.79,51.06,7394530,442984397.0
2022-07-07,51.06,51.07,50.26,50.63,5837604,344350013.0
2022-07-08,50.63,51.26,50.45,50.75,4322496,256044565.0
2022-07-11,50.81,50.93,49.67,49.95,7715441,451359409.0
2022-07-12,49.94,50.27,48.33,48.48,9760886,555788619.0
2022-07-13,48.47,48.82,48.11,48.3,6159003,347602790.0
2022-07-14,48.13,48.96,48.11,48.7,5252123,297918644.0
2022-07-15,48.69,49.76,48.13,48.46,7747561,441630468.0
2022-07-18,48.23,48.81,47.87,48.7,4400281,248343836.0
2022-07-19,48.7,48.89,47.89,48.38,5521259,310713240.0
2022-07-20,48.37,49.06,48.35,48.88,5107039,290127702.0
2022-07-21,48.9,49.04,48.61,48.82,3891757,221654327.0
2022-07-22,48.73,49.16,48.13,48.52,4146834,234953395.0
2022-07-25,48.47,49.16,48.15,48.76,4731383,268213019.0
2022-07-26,48.89,49.16,48.6,48.95,4712545,268846332.0
2022-07-27,48.64,48.98,48.6,48.77,3424202,194673270.0
2022-07-28,48.78,48.92,48.27,48.33,5163041,292205940.0
2022-07-29,48.13,48.22,47.25,47.32,7291375,404294708.0
2022-08-01,47.19,47.19,46.53,46.9,4910973,267990816.0
2022-08-02,46.83,46.83,45.21,46.1,6636692,354456092.0
2022-08-03,46.06,46.72,45.92,46.24,5136995,277397298.0
2022-08-04,46.33,46.72,46.16,46.56,3642345,197148063.0
2022-08-05,46.57,46.91,46.24,46.78,4784996,259459093.0
2022-08-08,46.78,47.31,46.64,47.06,3663718,200820978.0
2022-08-09,47.01,47.01,46.48,46.5,3057954,166294521.0
2022-08-10,46.5,46.6,45.99,46.16,3304549,177903124.0
2022-08-11,46.43,46.94,46.24,46.91,3726099,202645764.0
2022-08-12,46.91,47.35,46.65,47.16,3672064,201302593.0
2022-08-15,46.77,47.3,46.73,46.77,4012280,219243751.0
2022-08-16,46.77,47.17,46.69,46.77,3977787,217428452.0
2022-08-17,46.77,47.19,46.11,47.19,5203012,283574838.0
2022-08-18,47.07,47.07,46.56,46.62,3675031,200065725.0
2022-08-19,46.42,46.82,46.22,46.34,3576173,193794014.0
2022-08-22,46.22,46.76,45.94,46.61,3055167,165251143.0
2022-08-23,46.59,46.59,46.04,46.24,2850438,153530502.0
2022-08-24,46.23,46.34,45.48,45.59,4161119,222300289.0
2022-08-25,45.56,45.83,45.36,45.66,3295179,174907474.0
2022-08-26,45.8,46.32,45.68,45.86,3177415,170320777.0
2022-08-29,45.47,45.89,45.25,45.83,2961406,157451725.0
2022-08-30,44.61,45.34,43.76,44.0,11951840,618532304.0
2022-08-31,43.84,45.03,43.54,44.92,7427997,384973457.0
2022-09-01,44.92,45.25,44.48,44.59,4397572,229784383.0
2022-09-02,44.59,44.9,44.18,44.35,3047429,157754279.0
2022-09-05,44.3,44.61,43.75,43.87,3832105,196111519.0
2022-09-06,44.0,44.12,43.77,44.07,3143584,160960374.0
2022-09-07,43.91,43.99,43.72,43.83,3004220,153430493.0
2022-09-08,43.84,44.11,43.75,43.84,2894835,148097148.0
2022-09-09,43.85,44.85,43.85,44.64,5463449,282527950.0
2022-09-13,44.78,45.38,44.64,45.22,5465669,287429584.0
2022-09-14,44.7,45.64,44.61,45.6,5263117,277776587.0
2022-09-15,45.62,46.03,45.07,45.57,5432624,288713594.0
2022-09-16,45.47,45.53,44.74,44.75,4813401,252751799.0
2022-09-19,44.66,45.09,44.36,44.7,3152852,164059659.0
2022-09-20,44.72,45.11,44.44,44.55,2675284,139255447.0
2022-09-21,44.53,44.75,44.02,44.55,3030654,156938256.0
2022-09-22,44.35,44.84,43.91,44.01,3355980,173297133.0
2022-09-23,44.01,44.95,43.75,44.61,3722777,192424588.0
2022-09-26,44.45,44.67,43.84,43.85,2711718,139571035.0
2022-09-27,43.88,44.59,43.75,44.47,4419590,227454957.0
2022-09-28,44.34,45.02,44.21,44.39,3940771,204966065.0
2022-09-29,44.47,45.59,44.47,45.05,5340679,280483916.0
2022-09-30,45.05,45.44,44.64,44.91,3819792,200675144.0
2022-10-10,44.91,45.44,44.24,44.44,4314656,225524971.0
2022-10-11,44.41,44.41,43.28,44.25,3972105,203132632.0
2022-10-12,44.1,44.61,43.42,44.61,3540981,181618216.0
2022-10-13,44.58,45.23,44.35,44.96,4432776,232081173.0
2022-10-14,45.0,46.48,44.99,46.28,9474019,507805157.0
2022-10-17,46.41,46.79,45.84,46.01,7843249,422939729.0
2022-10-18,46.01,47.86,45.64,47.27,12836948,702654653.0
2022-10-19,47.1,47.1,46.13,46.63,7088343,383503770.0
2022-10-20,45.91,46.83,45.91,46.21,5869156,316873469.0
2022-10-21,46.19,46.45,45.81,46.22,4085599,219789215.0
2022-10-24,46.08,46.71,45.18,45.2,10363742,555796388.0
2022-10-25,45.0,45.38,44.44,45.17,7811927,407834470.0
2022-10-26,45.15,46.76,44.96,46.54,9493599,512143479.0
2022-10-27,46.22,47.75,46.04,47.27,13646599,747757933.0
2022-10-28,46.67,48.64,46.47,47.0,17135385,954045721.0
2022-10-31,46.22,47.4,45.78,46.81,9469399,514436910.0
2022-11-01,46.71,47.58,46.16,47.19,6785414,370548503.0
2022-11-02,47.19,48.35,46.81,46.9,14131482,786235298.0
2022-11-03,46.33,47.23,45.96,46.57,7895495,427772860.0
2022-11-04,46.74,47.26,46.47,47.12,8180841,447023796.0
2022-11-07,47.12,47.18,46.37,46.75,6696900,364408150.0
2022-11-08,46.71,46.73,46.26,46.4,4339723,234738587.0
2022-11-09,46.33,47.18,46.3,46.77,5439080,296608297.0
2022-11-10,46.6,48.26,46.59,47.48,10168284,562682998.0
2022-11-11,48.04,49.09,47.52,47.85,21432916,1211159116.0
2022-11-14,47.38,49.39,46.76,48.89,16400322,928016199.0
2022-11-15,48.7,49.11,48.26,49.07,10846308,615907969.0
2022-11-16,49.06,49.54,48.64,48.77,8746636,499923935.0
2022-11-17,48.69,49.23,48.54,49.13,7709603,440204132.0
2022-11-18,49.12,50.15,49.02,49.82,11504451,667391249.0
2022-11-21,49.59,49.59,48.77,49.33,6914726,395883811.0
2022-11-22,49.23,49.74,48.33,48.43,7176349,407886515.0
2022-11-23,48.3,48.43,47.7,48.1,5244810,293707089.0
2022-11-24,48.2,48.4,47.76,48.2,5607785,314202182.0
2022-11-25,47.93,48.88,47.4,48.82,7282760,410048764.0
2022-11-28,48.46,48.9,47.89,48.08,4600425,258325847.0
2022-11-29,48.08,48.9,47.91,48.82,5074722,287688243.0
2022-11-30,48.88,49.16,48.34,48.54,4657874,264442143.0
2022-12-01,48.89,49.39,48.57,49.12,7452174,425700633.0
2022-12-02,48.82,49.07,48.63,48.76,4310112,245390116.0
2022-12-05,48.9,49.63,48.9,49.42,6683373,384881031.0
2022-12-06,49.37,50.09,49.12,49.54,7007127,406049968.0
2022-12-07,49.27,50.19,49.17,50.16,8345010,484792342.0
2022-12-08,50.17,51.9,50.15,50.53,11736320,697080092.0
2022-12-09,50.53,50.93,50.19,50.61,6224269,366455412.0
2022-12-12,51.05,51.87,50.7,51.32,10563572,632069883.0
2022-12-13,51.3,51.3,50.02,50.62,7286074,429126640.0
2022-12-14,50.61,50.96,49.78,50.57,6331199,371841164.0
2022-12-15,50.26,50.87,49.89,49.95,4482741,262390957.0
2022-12-16,49.84,50.99,49.76,50.64,5277207,310155152.0
2022-12-19,50.59,50.92,48.38,48.52,7672969,439984352.0
2022-12-20,48.5,48.82,47.68,47.87,4361198,244072960.0
2022-12-21,48.04,48.33,47.68,47.85,2759076,154196529.0
2022-12-22,47.85,48.38,47.32,47.46,4457436,248785654.0
2022-12-23,47.2,47.74,47.14,47.44,2388159,132341922.0
2022-12-26,47.19,47.67,46.59,47.19,4936437,271557898.0
2022-12-27,47.07,47.22,45.99,46.3,6309483,340891748.0
2022-12-28,46.2,46.8,46.13,46.53,3423574,185827645.0
2022-12-29,46.33,46.81,46.18,46.54,2915059,158003126.0
2022-12-30,46.78,46.83,46.33,46.64,2543733,138119860.0
2023-01-03,46.65,47.3,46.65,46.86,3770657,206170074.0
2023-01-04,46.87,47.17,46.69,47.07,4066885,222585748.0
2023-01-05,47.21,47.71,47.1,47.43,6134764,339148842.0
2023-01-06,47.43,47.59,47.01,47.22,3975756,218750850.0
2023-01-09,47.24,47.49,47.11,47.31,3149371,173448468.0
2023-01-10,47.19,47.66,47.02,47.2,4779267,263619987.0
2023-01-11,47.24,47.57,47.05,47.07,5494871,302802067.0
2023-01-12,47.08,47.48,46.89,47.33,4836656,265969865.0
2023-01-13,47.25,48.7,47.17,48.7,9207466,517118154.0
2023-01-16,49.56,49.73,48.73,49.13,11217996,645026405.0
2023-01-17,49.31,49.46,48.64,48.95,5506202,314351604.0
2023-01-18,48.95,49.18,48.58,49.17,5297947,302009392.0
2023-01-19,49.07,49.67,48.8,49.66,5340191,307361132.0
2023-01-20,49.75,50.1,49.52,49.97,6431684,373713785.0
2023-01-30,50.23,50.37,49.76,49.88,8490167,494821253.0
2023-01-31,49.79,49.85,49.29,49.3,5226680,301458446.0
2023-02-01,49.3,49.7,48.89,49.42,6450236,370258526.0
2023-02-02,49.42,49.81,49.07,49.31,6445233,371079659.0
2023-02-03,49.22,49.33,48.43,48.64,6896601,391709514.0
2023-02-06,48.64,48.64,47.91,47.97,5380050,302361648.0
2023-02-07,48.07,48.43,47.95,48.12,4728609,265474728.0
2023-02-08,48.15,48.38,47.99,48.08,3569365,200348758.0
2023-02-09,48.08,48.32,47.87,48.28,3260809,183127794.0
2023-02-10,48.37,48.37,47.97,48.11,3266580,183422763.0
2023-02-13,48.22,48.52,47.94,48.43,6415342,361078286.0
2023-02-14,48.56,48.63,48.19,48.46,5496869,309802235.0
2023-02-15,48.39,48.72,48.17,48.52,5329999,301150482.0
2023-02-16,48.61,49.47,48.22,48.58,10136087,577989512.0
2023-02-17,48.58,49.31,48.38,48.73,8373124,477972818.0
2023-02-20,48.92,49.35,47.95,49.33,9375637,533802101.0
2023-02-21,49.27,49.67,49.18,49.59,6720589,387185265.0
2023-02-22,49.34,49.84,49.3,49.57,6084915,351920614.0
2023-02-23,49.41,49.88,49.11,49.26,7375261,424210507.0
2023-02-24,49.24,49.3,48.65,48.94,5577850,318306412.0
2023-02-27,48.91,49.28,48.37,48.47,4708444,267295556.0
2023-02-28,48.47,48.98,48.44,48.82,6699062,380569922.0
2023-03-01,49.49,49.54,48.82,49.31,6215168,356078910.0
2023-03-02,49.3,49.31,48.93,49.05,3966437,227037979.0
2023-03-03,49.07,49.49,49.0,49.18,4024988,230822481.0
2023-03-06,49.18,49.89,48.98,49.56,8302915,479395740.0
2023-03-07,48.82,48.83,46.8,46.95,23118058,1286960993.0
2023-03-08,46.85,47.17,46.16,46.69,7487886,407609490.0
2023-03-09,46.73,47.01,46.65,46.79,4298178,234574578.0
2023-03-10,46.74,46.74,46.22,46.28,5114994,276840586.0
2023-03-13,46.16,46.62,46.09,46.59,4061672,219975760.0
2023-03-14,46.59,46.82,45.92,46.0,5769895,310878853.0
2023-03-15,46.2,46.73,46.15,46.34,5723035,309465734.0
2023-03-16,46.24,47.01,45.98,46.52,6118811,332328827.0
2023-03-17,46.67,46.89,46.17,46.38,5137526,278537448.0
2023-03-20,46.37,46.37,45.04,45.08,9710017,512876532.0
2023-03-21,45.08,45.71,45.08,45.57,4166577,220823959.0
2023-03-22,45.64,45.99,45.59,45.9,3208014,171296577.0
2023-03-23,45.88,46.15,45.55,46.12,3323021,177972386.0
2023-03-24,46.11,46.29,45.61,45.68,3980869,212557492.0
2023-03-27,45.77,46.32,45.47,45.96,4976684,266495023.0
2023-03-28,46.07,46.6,45.94,46.56,5032499,271920341.0
2023-03-29,46.55,46.55,45.99,46.24,4010865,216109604.0
2023-03-30,46.16,46.36,45.86,46.26,2905788,156257469.0
2023-03-31,46.8,47.41,46.58,46.93,8220278,451491165.0
2023-04-03,46.95,47.39,46.74,47.12,5141498,282042943.0
2023-04-04,47.19,47.7,46.97,47.67,8221183,455023379.0
2023-04-06,47.7,48.22,47.44,47.61,7178954,400484283.0
2023-04-07,47.61,48.04,47.33,47.97,5758030,321022579.0
2023-04-10,47.97,48.04,47.25,47.41,6043783,334812143.0
2023-04-11,47.61,48.44,47.23,48.04,6718141,374715861.0
2023-04-12,48.03,48.46,47.42,47.5,6786173,378042360.0
2023-04-13,47.37,48.18,47.27,47.89,6828908,381226614.0
2023-04-14,47.9,48.15,47.63,47.87,3963569,221171925.0
2023-04-17,47.68,47.92,47.48,47.86,6041322,335858707.0
2023-04-18,47.82,47.99,47.55,47.59,4996539,278099676.0
2023-04-19,47.53,47.59,46.64,46.74,7739466,422718598.0
2023-04-20,46.95,47.41,46.83,47.23,5955039,327263069.0
2023-04-21,47.23,47.83,46.89,47.16,5921829,327510164.0
2023-04-24,47.14,47.43,46.31,46.4,6170258,336511911.0
2023-04-25,46.17,46.5,45.66,46.21,4995486,267870690.0
2023-04-26,46.04,46.17,45.71,45.95,5181107,277238336.0
2023-04-27,47.23,49.66,47.23,49.41,29638184,1690128474.0
2023-04-28,49.36,50.12,48.94,49.92,17048038,987542657.0
2023-05-04,49.59,51.39,49.5,50.75,17584734,1040350690.0
2023-05-05,50.55,50.69,50.03,50.32,8445324,495056900.0
2023-05-08,50.63,51.36,50.19,50.75,10469990,618880384.0
2023-05-09,50.7,50.7,49.42,49.42,9537763,554340371.0
2023-05-10,49.49,49.73,49.0,49.24,6380667,366684105.0
2023-05-11,49.38,49.8,48.75,48.84,5173670,296563512.0
2023-05-12,48.7,49.83,48.61,49.15,6399932,367962628.0
2023-05-15,49.47,49.89,48.69,49.53,6155072,353055603.0
2023-05-16,49.5,50.01,49.41,49.59,6169231,357287056.0
2023-05-17,49.59,49.72,48.92,49.3,4509113,258340185.0
2023-05-18,49.34,49.54,48.76,49.0,5269742,301115365.0
2023-05-19,48.83,49.32,48.08,48.71,6446308,356944260.0
2023-05-22,48.95,49.69,48.71,49.32,6283718,351137673.0
2023-05-23,49.42,49.57,49.06,49.09,4527880,253328096.0
2023-05-24,48.98,48.98,48.08,48.08,6259034,343221206.0
2023-05-25,48.03,48.15,47.26,47.59,6782060,366834056.0
2023-05-26,47.59,49.34,47.51,48.5,8108788,445461421.0
2023-05-29,48.56,49.3,48.18,48.51,6067507,334886387.0
2023-05-30,48.47,48.47,47.41,47.81,5654100,307056071.0
2023-05-31,47.95,48.01,47.14,47.45,7407437,398622275.0
2023-06-01,47.35,47.35,46.63,46.81,8115346,431646588.0
2023-06-02,46.97,47.14,46.81,47.08,5428189,289502435.0
2023-06-05,47.06,47.14,46.79,47.02,4909824,261535912.0
2023-06-06,47.01,47.01,46.21,46.33,7588898,400636137.0
2023-06-07,46.28,46.54,46.17,46.39,4837466,254378186.0
2023-06-08,46.18,46.53,45.73,46.49,7190534,376409110.0
2023-06-09,46.42,46.6,46.23,46.31,5680347,299028172.0
2023-06-12,46.44,46.6,45.98,46.48,5302131,278383920.0
2023-06-13,46.48,46.99,46.44,46.75,5898547,312419886.0
2023-06-14,46.72,47.09,46.63,46.91,5654218,301004433.0
2023-06-15,46.92,47.1,46.63,47.07,5057497,269104662.0
2023-06-16,47.13,47.34,46.97,47.02,5554034,296988798.0
2023-06-19,47.07,47.12,46.63,46.64,4739527,251528397.0
2023-06-20,46.53,46.77,46.33,46.45,4490601,236995921.0
2023-06-21,46.63,46.63,46.11,46.13,4024907,211769374.0
2023-06-26,44.94,45.14,44.38,44.62,8708479,442254583.0
2023-06-27,44.84,45.72,44.77,45.59,5378656,276659281.0
2023-06-28,45.65,45.82,45.41,45.66,2969678,153824701.0
2023-06-29,45.69,46.23,45.65,46.09,3489144,181815192.0
2023-06-30,45.96,46.62,45.89,46.25,3268906,171899414.0
2023-07-03,46.25,46.66,46.09,46.65,3842973,202344804.0
2023-07-04,46.7,46.7,46.3,46.55,2718455,143443079.0
2023-07-05,46.55,46.63,46.0,46.13,3019492,158392784.0
2023-07-06,46.11,46.24,45.65,45.66,2604480,135566209.0
2023-07-07,45.66,45.96,45.52,45.84,2031335,105472209.0
2023-07-10,45.87,46.9,45.84,46.85,6375825,337594487.0
2023-07-11,46.84,47.44,46.71,47.18,6036100,323426864.0
2023-07-12,47.07,47.32,46.97,47.09,3859243,206396162.0
2023-07-13,49.3,49.44,47.44,47.92,15434410,840234932.0
2023-07-14,47.98,48.17,47.59,47.84,7199654,391244941.0
2023-07-17,47.74,48.11,47.59,47.97,5668363,307987394.0
2023-07-18,47.96,48.06,47.59,47.79,4488710,243492151.0
2023-07-19,47.68,47.96,47.39,47.58,5629417,303985785.0
2023-07-20,47.45,47.73,46.7,46.73,6409865,342442211.0
2023-07-21,46.75,47.29,46.75,47.14,4328440,231182307.0
2023-07-24,46.98,47.37,46.78,46.9,3970155,211953776.0
2023-07-25,47.22,47.48,46.94,47.44,6888181,369364467.0
2023-07-26,47.44,47.75,47.19,47.31,5009636,269564414.0
2023-07-27,47.32,47.72,47.28,47.32,4209253,226928510.0
2023-07-28,47.32,47.88,46.89,47.84,7535678,406887485.0
2023-07-31,48.08,48.51,47.37,47.44,12375037,670945426.0
2023-08-01,47.43,47.66,47.19,47.24,6937624,372960550.0
2023-08-02,47.29,47.39,46.62,46.69,6909648,367776301.0
2023-08-03,46.48,47.44,46.45,47.44,5587850,298734293.0
2023-08-04,47.58,47.96,47.54,47.72,6283675,340299812.0
2023-08-07,47.72,47.76,47.2,47.31,4690764,252209505.0
2023-08-08,47.23,47.86,46.99,47.79,6084339,328336715.0
2023-08-09,47.78,48.08,47.62,47.98,6996718,380450237.0
2023-08-10,47.97,48.15,47.77,48.11,5140240,279946287.0
2023-08-11,48.06,48.66,47.9,47.94,9154697,501941846.0
2023-08-14,47.66,47.98,47.41,47.72,9468237,513358488.0
2023-08-15,47.72,47.88,47.27,47.51,5990445,323266409.0
2023-08-16,47.42,47.57,47.14,47.18,6913349,371884455.0
2023-08-17,47.12,47.15,46.71,46.94,6021300,320903880.0
2023-08-18,47.36,47.36,46.4,46.42,6336743,336099180.0
2023-08-21,46.47,46.72,45.91,46.05,4561624,239881728.0
2023-08-22,46.26,46.41,45.38,45.97,5948475,309077568.0
2023-08-23,46.0,46.62,45.82,46.15,6329990,332973478.0
2023-08-24,46.22,46.85,46.1,46.77,6429275,339913096.0
2023-08-25,46.68,46.95,46.47,46.66,3824189,202774899.0
2023-08-28,48.33,48.46,46.48,46.67,12073162,646581900.0
2023-08-29,46.75,47.3,46.72,47.29,9474845,506918021.0
2023-08-30,47.97,48.2,47.53,47.73,11388368,618307414.0
2023-08-31,47.8,48.19,47.74,48.16,8391220,456984071.0
2023-09-01,48.03,48.24,47.85,48.08,4367946,237913065.0
2023-09-04,48.21,48.44,47.88,48.4,6526200,357514651.0
2023-09-05,48.35,48.55,47.95,48.03,4948291,270584819.0
2023-09-06,47.79,48.01,47.59,47.66,4239966,229670752.0
2023-09-07,47.66,47.72,46.6,46.62,7243848,386056980.0
2023-09-08,46.62,46.78,46.27,46.68,3947615,208416315.0
2023-09-11,46.7,47.17,46.7,46.88,7142670,380911249.0
2023-09-12,46.88,47.26,46.88,47.07,4176291,223108621.0
2023-09-13,47.05,47.25,46.63,46.79,3646236,194043882.0
2023-09-14,46.79,47.26,46.74,47.05,4426959,236204767.0
2023-09-15,47.26,47.46,46.88,47.13,4628883,247908455.0
2023-09-18,47.06,47.44,46.7,47.35,5070278,271734075.0
2023-09-19,47.37,47.61,47.21,47.57,4559757,245366619.0
2023-09-20,47.54,47.78,47.33,47.6,4013243,216797732.0
2023-09-21,47.66,47.66,46.52,46.65,7449804,396955219.0
2023-09-22,46.47,46.95,46.33,46.81,7214087,382656544.0
2023-09-25,46.82,46.97,46.7,46.78,6101405,324457564.0
2023-09-26,46.75,47.05,46.37,46.49,5369613,284520332.0
2023-09-27,46.71,47.28,46.42,47.15,5500701,293244881.0
2023-09-28,47.14,47.35,46.9,46.97,5041512,269614865.0
2023-10-09,46.97,47.18,46.38,47.13,5513964,292687886.0
2023-10-10,47.07,47.1,46.55,46.6,3732324,197932209.0
2023-10-11,46.7,47.28,46.7,47.06,5785329,309350895.0
2023-10-12,47.31,47.73,47.24,47.5,4958098,267032498.0
2023-10-13,47.39,47.55,47.24,47.44,3308294,178001353.0
2023-10-16,47.58,47.83,46.62,46.71,5965340,318195137.0
2023-10-17,46.85,46.88,45.58,45.9,10991105,573677600.0
2023-10-18,45.96,46.0,44.9,44.93,11420715,586115336.0
2023-10-19,44.75,45.02,43.8,43.8,11464962,574497126.0
2023-10-20,43.8,43.81,43.09,43.21,9104796,447357108.0
2023-10-23,43.23,43.32,42.72,43.21,5586183,272906946.0
2023-10-24,43.36,43.61,42.92,43.48,7113953,349437397.0
2023-10-25,43.8,43.88,43.4,43.46,6128991,303323614.0
2023-10-26,43.36,43.89,43.2,43.88,5300588,262242182.0
2023-10-27,43.81,44.71,43.64,44.5,8002120,401994086.0
2023-10-30,44.49,44.92,44.4,44.64,7610974,385389788.0
2023-10-31,45.38,45.44,44.55,44.81,8811268,448526218.0
2023-11-01,44.99,45.07,44.6,44.93,5880451,299296969.0
2023-11-02,44.93,45.14,44.71,44.83,5146590,262272877.0
2023-11-03,44.72,45.03,44.68,44.95,5503449,280356141.0
2023-11-06,45.29,45.36,45.07,45.29,7238039,371650616.0
2023-11-07,45.21,45.28,44.77,44.88,6280902,320579852.0
2023-11-08,44.85,45.14,44.59,44.84,5531397,281819002.0
2023-11-09,44.77,44.99,44.57,44.72,5450723,276662631.0
2023-11-10,44.59,44.79,44.44,44.57,6635606,335922717.0
2023-11-13,44.58,44.8,44.16,44.34,5689843,286122221.0
2023-11-14,44.35,44.62,44.3,44.32,5475624,276149615.0
2023-11-15,44.55,44.67,44.38,44.66,6203277,313519275.0
2023-11-16,44.66,44.7,44.2,44.22,5815320,292554377.0
2023-11-17,44.14,44.37,43.89,44.31,7291731,365246224.0
2023-11-20,44.38,44.7,44.23,44.6,9086449,458617788.0
2023-11-21,44.6,44.94,44.48,44.5,9989306,507121083.0
2023-11-22,44.48,44.62,44.18,44.19,6585064,331544334.0
2023-11-23,44.18,44.53,44.15,44.46,6059933,304833876.0
2023-11-24,44.37,44.72,44.32,44.62,8283528,418883939.0
2023-11-27,44.62,44.62,43.8,43.86,11297859,564286073.0
2023-11-28,43.8,44.55,43.53,44.55,8011856,402085937.0
2023-11-29,44.5,44.63,44.12,44.16,4462715,224507641.0
2023-11-30,44.28,44.55,44.08,44.35,5852218,294408351.0
2023-12-01,44.32,44.38,44.07,44.37,5435676,272821818.0
2023-12-04,44.21,44.37,43.8,43.8,7351702,366755081.0
2023-12-05,43.8,43.93,43.4,43.43,6560654,324534744.0
2023-12-06,43.39,43.43,43.0,43.19,6662606,326320723.0
2023-12-07,43.18,43.43,42.92,43.36,6190161,303216400.0
2023-12-08,43.28,43.85,43.14,43.81,8978102,444912254.0
2023-12-11,43.66,44.01,43.06,44.01,5695592,281745265.0
2023-12-12,43.89,44.39,43.8,44.04,6357991,318580967.0
2023-12-13,44.06,44.32,43.88,43.88,4546958,227484153.0
2023-12-14,43.94,44.14,43.44,43.5,4696111,232983174.0
2023-12-15,43.6,43.66,43.21,43.27,4246987,209152914.0
2023-12-18,43.21,43.58,43.05,43.21,4496936,220852813.0
2023-12-19,43.31,43.35,40.9,41.23,18512747,871600050.0
2023-12-20,41.28,41.73,41.21,41.33,7327130,344488189.0
2023-12-21,41.29,42.23,41.06,42.14,6925254,327994798.0
2023-12-22,42.15,43.14,41.97,42.74,7609738,368193036.0
2023-12-25,42.68,42.91,42.47,42.79,3292738,159544416.0
2023-12-26,42.79,42.91,42.52,42.65,2773517,134305278.0
2023-12-27,42.63,42.76,42.24,42.69,3084267,148890730.0
2023-12-28,42.57,43.22,42.47,43.16,6014837,293574016.0
2023-12-29,43.21,43.4,43.1,43.31,4832573,237321632.0
2024-01-02,43.33,43.66,43.06,43.46,4083224,201456938.0
2024-01-03,43.4,44.05,43.27,43.65,4571934,226457839.0
2024-01-04,43.61,43.65,43.06,43.43,4086941,200873701.0
2024-01-05,43.43,43.47,42.86,43.02,3839056,188151576.0
2024-01-08,43.0,43.24,42.35,42.56,4867148,235783147.0
2024-01-09,42.56,42.8,42.26,42.69,3774418,182349374.0
2024-01-10,42.65,42.87,42.31,42.34,3691498,178024405.0
2024-01-11,42.21,42.65,41.91,42.36,4845063,232775508.0
2024-01-12,42.31,42.62,42.21,42.27,3716902,178980749.0
2024-01-15,42.19,42.78,42.12,42.71,3861792,186575968.0
2024-01-16,42.7,43.27,42.59,43.27,5928678,289502092.0
2024-01-17,43.18,43.32,42.47,42.48,5201876,252997556.0
2024-01-18,42.14,42.79,41.48,42.72,9112084,434126306.0
2024-01-19,42.75,42.99,42.31,42.49,5407580,261695601.0
2024-01-22,42.46,42.61,41.42,41.69,7871159,376660954.0
2024-01-23,41.52,42.02,41.16,41.74,6944567,327658786.0
2024-01-24,41.75,42.77,41.42,42.59,8748403,417920507.0
2024-01-25,42.67,43.29,42.47,43.25,7297151,355843135.0
2024-01-26,43.18,44.05,43.07,43.54,8218292,406124591.0
2024-01-29,43.84,44.1,43.25,43.33,8338800,412488715.0
2024-01-30,43.14,43.28,42.47,42.51,5966055,290505359.0
2024-01-31,41.94,42.2,40.96,40.99,11428655,535480799.0
2024-02-01,40.82,41.21,40.44,40.76,8464339,391779862.0
2024-02-02,40.64,41.23,39.55,40.69,10601830,486337385.0
2024-02-05,40.18,41.89,39.69,41.24,13345570,618616249.0
2024-02-06,40.71,43.64,40.71,43.58,16471572,803666012.0
2024-02-07,43.58,43.62,42.99,43.54,13468693,662044884.0
2024-02-08,43.63,44.22,43.29,43.55,11262205,557805316.0
2024-02-19,43.88,44.47,43.31,43.95,13860865,691118622.0
2024-02-20,43.84,44.46,43.5,44.06,10670494,534630825.0
2024-02-21,43.88,44.4,43.69,44.03,11470462,574038807.0
2024-02-22,43.79,44.18,43.76,44.04,9456920,471751558.0
2024-02-23,44.02,44.15,43.7,43.8,9603524,477903227.0
2024-02-26,43.83,43.9,43.44,43.58,8241336,408666000.0
2024-02-27,43.68,43.81,43.53,43.8,5986995,296743025.0
2024-02-28,43.79,44.41,43.58,43.61,11518464,574775916.0
2024-02-29,43.36,43.93,43.29,43.91,9660746,478768942.0
2024-03-01,43.93,44.87,43.88,44.49,13530250,682975766.0
2024-03-04,44.49,45.23,44.4,44.64,11611619,589962251.0
2024-03-05,44.47,45.38,44.24,45.21,14274652,730343562.0
2024-03-06,45.2,45.28,44.59,44.95,8968633,456604706.0
2024-03-07,44.95,45.01,44.62,44.63,9090967,461457552.0
2024-03-08,44.62,45.65,44.59,45.46,11585393,595136787.0
2024-03-11,45.68,45.8,45.2,45.44,7389954,380504790.0
2024-03-12,45.56,46.14,45.56,45.82,9838674,511998335.0
2024-03-13,45.83,45.98,45.38,45.71,6469705,335311475.0
2024-03-14,45.7,46.04,45.2,45.24,7846594,405757616.0
2024-03-15,45.07,45.47,44.93,45.35,5917156,303250372.0
2024-03-18,45.62,45.78,45.25,45.48,7370803,380273356.0
2024-03-19,45.39,45.64,45.12,45.18,5882199,302736135.0
2024-03-20,45.19,45.51,44.9,45.16,5965882,305845710.0
2024-03-21,45.21,45.28,44.9,44.94,5230419,267025983.0
2024-03-22,44.89,44.92,44.22,44.61,6852989,346141826.0
2024-03-25,44.55,45.28,44.42,44.86,8868919,452781546.0
2024-03-26,44.86,45.12,44.63,44.82,4955147,252120731.0
2024-03-27,44.81,44.81,44.32,44.32,5196633,262650503.0
2024-03-28,44.32,44.72,44.26,44.5,6387638,322551134.0
2024-03-29,44.55,45.36,44.44,44.77,7427287,377998685.0
2024-04-01,44.39,45.29,43.87,44.71,13786193,697535469.0
2024-04-02,44.5,44.65,43.88,44.18,12568797,629454140.0
2024-04-03,44.05,45.53,43.93,45.16,16480463,839396564.0
2024-04-08,45.17,45.59,44.96,45.12,9531479,489475591.0
2024-04-09,45.03,45.17,44.45,44.99,8217179,417433653.0
2024-04-10,44.88,45.07,44.46,44.59,7167196,363467718.0
2024-04-11,44.5,45.1,44.41,44.68,6827500,346329716.0
2024-04-12,44.6,44.89,44.44,44.59,5340542,270872966.0
2024-04-15,44.6,45.82,44.55,45.6,13591711,700505420.0
2024-04-16,45.56,47.47,45.51,46.98,23039226,1226824783.0
2024-04-17,46.98,49.44,46.58,49.41,31554355,1732356590.0
2024-04-18,49.0,50.36,48.95,49.35,21669612,1217158021.0
2024-04-19,49.35,50.23,49.19,49.97,15000319,848891349.0
2024-04-22,50.2,50.77,49.5,49.73,13703900,777454603.0
2024-04-23,49.67,49.93,48.97,49.28,11456266,640006361.0
2024-04-24,49.18,49.26,48.29,48.87,10709103,590859462.0
2024-04-25,48.8,49.14,48.55,48.76,7938530,440021039.0
2024-04-26,48.72,49.24,48.55,48.76,11881921,658001226.0
2024-04-29,49.79,49.84,48.72,49.35,16520062,921642965.0
2024-04-30,49.37,50.91,49.27,50.45,18182848,1041442895.0
2024-05-06,50.93,51.11,49.84,50.61,16917672,968518565.0
2024-05-07,50.31,50.45,49.88,50.21,11355893,645718460.0
2024-05-08,50.23,50.72,49.89,50.14,7961192,453330436.0
2024-05-09,49.82,49.97,49.17,49.78,15264580,859992251.0
2024-05-10,49.87,49.87,48.67,48.97,17654409,946429916.0
2024-05-13,48.54,50.23,48.5,50.06,16060130,870600167.0
2024-05-14,49.81,52.15,49.66,51.47,16799028,938893762.0
2024-05-15,51.23,51.64,50.69,50.82,8876994,496148444.0
2024-05-16,50.82,51.09,50.44,50.54,7839169,434909870.0
2024-05-17,50.53,50.81,49.87,50.6,8171849,450020424.0
2024-05-20,50.4,50.59,49.58,50.32,10918488,597980431.0
2024-05-21,50.32,51.23,50.07,50.5,9530736,527805391.0
2024-05-22,50.5,50.51,49.87,49.87,7591260,415434135.0
2024-05-23,49.68,50.33,49.22,49.43,7859458,425474360.0
2024-05-24,49.34,49.8,49.17,49.33,6165036,333629119.0
2024-05-27,48.73,50.4,48.05,49.74,11868010,643960875.0
2024-05-28,49.5,50.09,49.44,49.51,4657921,252891711.0
2024-05-29,49.4,49.49,48.86,49.1,5229794,280995564.0
2024-05-30,48.96,49.49,48.5,48.61,6566491,350642102.0
2024-05-31,48.62,48.91,48.18,48.38,8836004,468991156.0
2024-06-03,48.17,49.58,47.84,48.4,16086411,855067407.0
2024-06-04,48.49,49.36,48.29,49.31,7853904,420044129.0
2024-06-05,49.36,50.17,49.07,49.19,9042236,490088337.0
2024-06-06,49.22,49.66,48.7,49.29,7453704,401933136.0
2024-06-07,49.57,50.21,49.18,49.5,8551469,463383068.0
2024-06-11,49.5,49.66,48.88,49.51,6921406,372535042.0
2024-06-12,49.37,49.37,48.78,48.78,6869302,367666167.0
2024-06-13,48.51,48.9,47.5,47.55,13420711,703524432.0
2024-06-14,47.54,48.37,47.09,48.32,9584508,500613857.0
2024-06-17,48.08,48.84,48.04,48.21,6817335,360802621.0
2024-06-18,48.21,48.71,48.03,48.45,5694067,301458189.0
2024-06-19,48.65,48.66,47.95,48.07,4571715,240911203.0
2024-06-20,48.07,48.18,46.66,47.17,8836901,456370140.0
2024-06-21,46.92,47.63,46.84,47.17,6017218,310533489.0
2024-06-24,46.93,47.34,46.81,46.9,5983315,307816813.0
2024-06-25,46.79,47.32,46.79,47.03,5426529,279338804.0
2024-06-26,47.02,47.45,46.47,47.41,5722952,294226387.0
2024-06-27,47.35,47.35,46.67,46.82,4246251,217672812.0
2024-06-28,46.75,47.0,46.67,46.79,5339674,273287653.0
2024-07-01,46.89,48.32,46.89,47.98,8710671,453884960.0
2024-07-02,47.85,48.17,47.36,47.55,5101870,265723342.0
2024-07-03,47.49,47.85,46.68,46.81,5938394,305326870.0
2024-07-04,46.8,46.93,45.94,46.25,8908961,450652231.0
2024-07-05,46.02,46.89,45.9,46.87,7938947,402901265.0
2024-07-08,46.82,47.07,46.38,46.51,5739055,292928703.0
2024-07-09,46.49,47.07,46.07,46.67,6018378,305658923.0
2024-07-10,46.65,47.2,46.58,46.68,5436524,278510410.0
2024-07-11,47.09,47.63,46.88,47.37,6448541,333278545.0
2024-07-12,47.43,47.56,47.03,47.38,4644694,240353418.0
2024-07-15,47.35,47.62,47.15,47.29,4577895,236973958.0
2024-07-16,47.29,47.56,46.9,47.31,5305497,274291093.0
2024-07-17,47.18,47.65,46.43,47.54,9758798,502436499.0
2024-07-18,47.4,48.03,47.19,47.95,8509944,444043110.0
2024-07-19,48.01,48.92,47.76,48.83,9710464,514850493.0
2024-07-22,48.87,49.22,48.53,48.86,7844216,419121394.0
2024-07-23,48.79,48.92,47.36,47.39,8464302,444106691.0
2024-07-24,47.38,47.97,47.14,47.44,5693696,295914124.0
2024-07-25,47.25,47.5,46.73,47.0,5550873,285887318.0
2024-07-26,46.99,47.46,46.75,47.39,5390527,278055875.0
2024-07-29,47.42,47.77,46.38,46.42,7114473,365091999.0
2024-07-30,46.27,46.43,44.83,45.21,10238874,507786286.0
2024-07-31,45.18,46.41,45.01,46.21,9675537,485792876.0
2024-08-01,46.22,46.95,45.9,46.23,6962820,352973258.0
2024-08-02,46.0,46.79,45.9,46.23,5587741,283192905.0
2024-08-05,46.18,47.1,46.09,46.23,7026236,357372901.0
2024-08-06,46.36,46.7,45.99,46.66,5983193,303513733.0
2024-08-07,46.55,47.11,46.25,46.79,5537106,283177609.0
2024-08-08,47.49,48.86,47.49,48.5,17122950,903649724.0
2024-08-09,48.49,48.82,48.04,48.51,9152244,485093341.0
2024-08-12,48.49,49.75,48.36,49.26,13112873,706214732.0
2024-08-13,49.26,49.45,49.02,49.38,7082754,381278397.0
2024-08-14,49.29,49.43,48.94,48.97,6256249,336289082.0
2024-08-15,48.86,49.31,48.68,48.93,6555832,351040121.0
2024-08-16,48.93,49.13,48.62,48.83,5298666,282842493.0
2024-08-19,48.82,49.52,48.72,49.12,6353791,340753195.0
2024-08-20,49.01,49.48,48.6,48.94,5434532,290843857.0
2024-08-21,48.79,49.08,48.49,48.67,4519865,240914835.0
2024-08-22,48.51,48.81,48.22,48.72,4761893,252838911.0
2024-08-23,48.72,49.37,48.55,49.31,7360851,394909167.0
2024-08-26,49.42,49.52,48.44,49.29,6833180,366665783.0
2024-08-27,49.02,49.51,48.36,48.71,6896891,367428792.0
2024-08-28,48.67,49.5,48.45,49.42,8586733,462075734.0
2024-08-29,49.26,50.03,49.25,49.79,8793030,478387999.0
2024-08-30,49.68,50.04,49.29,49.46,11429061,621710724.0
2024-09-02,49.45,50.12,49.13,49.77,9822700,533879055.0
2024-09-03,49.64,51.11,49.53,50.89,12280735,681929724.0
2024-09-04,50.83,50.94,48.83,49.08,15285209,831473750.0
2024-09-05,48.76,49.45,48.06,49.28,8580837,459720728.0
2024-09-06,49.27,49.37,48.44,48.67,7674348,408395080.0
2024-09-09,48.5,48.93,48.38,48.49,6915461,367965331.0
2024-09-10,48.58,48.72,47.65,48.16,9641150,507589846.0
2024-09-11,47.96,48.4,47.73,47.91,6971790,365732557.0
2024-09-12,47.95,47.98,46.21,46.39,12761115,650559033.0
2024-09-13,46.36,46.73,46.06,46.3,7116795,361047887.0
2024-09-18,46.21,46.66,45.85,46.16,6193190,312447383.0
2024-09-19,46.2,46.58,45.82,46.3,8569030,433126241.0
2024-09-20,46.31,46.38,45.56,45.93,10539660,527949803.0
2024-09-23,45.91,46.43,45.83,45.94,6514904,327961216.0
2024-09-24,46.03,47.29,45.7,47.26,14358064,731259838.0
2024-09-25,47.39,48.94,47.39,48.21,15040362,796484592.0
2024-09-26,47.98,49.73,47.92,49.69,16204635,865318838.0
2024-09-27,50.77,52.32,49.97,51.66,27426075,1526966789.0
2024-09-30,52.85,56.43,52.84,55.81,37460894,2237043713.0
2024-10-08,61.39,61.39,55.35,57.34,48921148,3115116526.0
2024-10-09,56.72,56.72,53.06,53.11,30577882,1826259099.0
2024-10-10,53.16,55.58,53.16,53.91,21442358,1273815256.0
2024-10-11,53.92,54.85,52.16,52.52,17671622,1028522498.0
2024-10-14,52.65,53.16,52.1,52.86,14832656,853568927.0
2024-10-15,52.79,53.02,51.69,51.69,13387112,766077918.0
2024-10-16,51.23,51.95,51.05,51.58,10197031,574466050.0
2024-10-17,51.65,52.05,50.55,50.59,11527536,645772754.0
2024-10-18,50.6,52.59,50.32,51.77,18354032,1032753365.0
2024-10-21,51.87,53.03,51.47,52.42,16562841,944816456.0
2024-10-22,52.41,53.23,52.16,52.8,12845488,740572838.0
2024-10-23,52.8,53.38,52.47,53.1,13813700,799468164.0
2024-10-24,53.0,53.34,52.07,52.27,12165956,699455554.0
2024-10-25,52.24,52.91,51.97,52.51,11030701,631526804.0
2024-10-28,52.4,53.34,52.28,53.3,12714569,735957379.0
2024-10-29,53.42,53.84,52.38,52.83,13108634,758494013.0
2024-10-30,52.93,53.42,52.48,52.98,12627080,731698938.0
2024-10-31,52.98,52.98,51.9,52.2,14657949,837821965.0
2024-11-01,52.15,53.12,51.91,52.53,12710184,731606307.0
2024-11-04,53.03,53.22,52.3,52.94,9314051,536681558.0
2024-11-05,52.83,53.68,52.61,53.68,15538351,905326781.0
2024-11-06,53.7,54.12,53.23,53.66,14070254,825951093.0
2024-11-07,53.65,55.81,53.4,55.81,21167099,1277541516.0
2024-11-08,56.78,56.78,55.05,55.45,17363919,1055857035.0
2024-11-11,55.16,55.16,54.04,54.98,14765603,882253154.0
2024-11-12,54.98,56.26,54.8,55.12,16977280,1031431179.0
2024-11-13,54.89,55.53,54.66,55.06,9581127,575776815.0
2024-11-14,55.06,55.29,54.31,54.39,8683717,520803313.0
2024-11-15,54.35,54.72,53.88,53.92,8286784,491601241.0
2024-11-18,54.16,55.22,53.66,53.94,11186261,664400897.0
2024-11-19,54.02,54.42,53.39,54.2,7904861,466201773.0
2024-11-20,53.99,54.75,53.8,54.42,8205306,488088953.0
2024-11-21,54.42,54.66,53.82,54.46,8279271,490837892.0
2024-11-22,54.49,54.61,53.12,53.13,9981536,586689573.0
2024-11-25,53.43,54.08,52.29,53.28,11493857,652386105.0
2024-11-26,52.85,53.59,52.61,52.81,6721882,381164775.0
2024-11-27,52.64,53.25,52.47,53.24,5962210,337746127.0
2024-11-28,53.26,53.57,52.73,53.21,6135165,349565111.0
2024-11-29,53.21,53.88,53.09,53.55,6869234,393934967.0
2024-12-02,53.59,53.89,53.09,53.74,7838776,449647373.0
2024-12-03,53.72,53.96,53.22,53.71,6830942,391664593.0
2024-12-04,53.62,53.71,53.02,53.21,7329808,417715503.0
2024-12-05,53.15,53.2,52.6,52.97,5197428,294388655.0
2024-12-06,52.92,53.87,52.92,53.85,8887701,509529966.0
2024-12-09,53.89,54.22,53.42,53.68,5983264,344691003.0
2024-12-10,54.58,54.8,53.87,53.89,9853473,571687228.0
2024-12-11,53.74,54.29,53.69,54.28,6985866,403884446.0
2024-12-12,54.28,55.2,54.19,55.16,11327909,665408157.0
2024-12-13,54.94,54.96,54.3,54.39,8775867,512870526.0
2024-12-16,54.36,55.51,54.04,54.27,9895990,580383890.0
2024-12-17,54.19,55.87,54.07,54.94,12092312,712656282.0
2024-12-18,55.18,56.17,54.89,55.41,10741577,638498092.0
2024-12-19,55.2,56.23,54.84,55.73,9835686,586219513.0
2024-12-20,55.68,56.64,55.52,56.03,10025604,601964767.0
2024-12-23,56.03,57.14,55.92,56.56,16816465,1020385543.0
2024-12-24,56.57,56.79,55.95,56.3,11779589,708612704.0
2024-12-25,56.32,56.81,55.96,56.68,8602600,519649459.0
2024-12-26,56.68,56.69,55.55,55.7,9883752,591009353.0
2024-12-27,55.59,56.16,55.48,55.94,6748020,403490596.0
2024-12-30,55.84,57.0,55.78,56.46,8395850,507713488.0
2024-12-31,56.47,56.67,55.84,56.01,7656641,460359279.0
2025-01-02,55.84,56.39,54.08,54.24,9716457,570612493.0
2025-01-03,54.32,55.02,53.78,54.13,10112931,587954385.0
2025-01-06,54.15,54.8,53.91,54.26,7503863,435933424.0
2025-01-07,54.19,54.52,53.36,53.8,6066281,349239686.0
2025-01-08,53.76,54.3,53.27,53.79,7302635,420429319.0
2025-01-09,53.65,53.86,53.15,53.45,4828819,276784895.0
2025-01-10,53.45,53.67,52.9,52.9,5342792,304151002.0
2025-01-13,52.79,53.33,52.02,52.46,6902458,388508899.0
2025-01-14,52.56,53.73,52.24,53.63,6707010,381081519.0
2025-01-15,53.64,54.06,53.36,53.73,4931402,283599848.0
2025-01-16,53.74,54.12,53.19,53.37,4822060,276876524.0
2025-01-17,53.2,53.9,53.16,53.73,4555667,261669369.0
2025-01-20,53.88,54.09,53.19,53.2,5718360,327609286.0
2025-01-21,53.44,53.71,53.13,53.45,3711225,212107720.0
2025-01-22,53.33,53.52,52.69,53.19,3975450,225757403.0
2025-01-23,53.46,54.03,53.26,53.26,5556295,318433640.0
2025-01-24,53.19,53.85,53.01,53.59,5290187,302986582.0
2025-01-27,53.59,54.5,53.59,54.12,6274237,363769183.0
2025-02-05,54.18,54.28,53.34,53.65,6149948,353834928.0
2025-02-06,53.57,53.82,53.4,53.78,5242310,300960710.0
2025-02-07,53.78,54.05,53.42,53.73,8787334,505471531.0
2025-02-10,53.78,53.88,53.28,53.52,8052298,461714650.0
2025-02-11,53.53,53.57,52.61,52.68,10844186,613904951.0
2025-02-12,52.79,53.52,52.6,53.52,9019789,513108012.0
2025-02-13,53.35,53.7,53.24,53.32,5434892,310931086.0
2025-02-14,53.26,54.1,53.19,54.1,9714927,559116464.0
2025-02-17,54.16,54.25,53.17,53.26,9319778,533668095.0
2025-02-18,53.26,53.32,52.62,52.79,6949662,394413836.0
2025-02-19,52.7,52.96,52.33,52.78,9769544,549734045.0
2025-02-20,52.68,53.26,52.37,52.72,7276478,411393408.0
2025-02-21,52.6,52.83,52.14,52.3,12258972,686119104.0
2025-02-24,52.18,52.48,51.86,51.99,9319840,519773719.0
2025-02-25,51.85,51.85,51.41,51.47,6624022,365819809.0
2025-02-26,51.47,51.65,51.17,51.46,8328882,458555174.0
2025-02-27,51.45,51.75,51.32,51.66,8378885,462066527.0
2025-02-28,51.62,52.03,51.26,51.55,12138600,670986220.0
2025-03-03,51.34,52.04,51.21,51.49,9729730,537788861.0
2025-03-04,51.5,51.59,51.26,51.46,5789770,318809851.0
2025-03-05,51.46,51.47,51.07,51.09,9620270,527091414.0
2025-03-06,51.16,51.72,50.74,51.65,11698970,641959673.0
2025-03-07,51.49,51.72,51.31,51.55,6400567,352669528.0
2025-03-10,51.58,51.89,51.32,51.48,5862904,323160990.0
2025-03-11,51.3,51.58,51.14,51.58,6495660,356714100.0
2025-03-12,51.58,51.66,51.26,51.27,6892461,378910036.0
2025-03-13,51.28,51.46,51.02,51.24,5957740,326676093.0
2025-03-14,51.19,52.11,51.18,52.1,13161402,729945477.0
2025-03-17,52.35,52.42,51.81,51.88,8253302,459648996.0
2025-03-18,52.04,52.06,51.63,51.74,6781260,376069988.0
2025-03-19,51.75,51.89,51.6,51.76,6152360,340698031.0
2025-03-20,51.85,51.87,51.32,51.45,5902794,325464483.0
2025-03-21,51.86,52.11,51.32,51.46,11196680,619176792.0
2025-03-24,51.39,52.0,51.28,51.68,7570820,418684069.0
2025-03-25,51.6,52.0,51.44,52.0,7068123,391713822.0
2025-03-26,51.9,52.04,51.72,51.79,4306720,238871600.0
2025-03-27,51.79,52.49,51.68,52.47,9979231,558015116.0
2025-03-28,52.4,52.68,52.26,52.65,9289767,522416559.0
2025-03-31,52.61,53.82,52.44,53.07,15240968,866905534.0
2025-04-01,53.17,53.63,52.68,53.32,12713580,724924521.0
2025-04-02,53.17,53.44,52.7,53.08,7511636,425610987.0
2025-04-03,52.96,53.35,52.86,53.22,7664248,435956233.0
2025-04-07,51.39,52.48,50.04,51.39,22133326,1220219720.0
2025-04-08,51.25,53.15,50.95,53.13,19921126,1115567381.0
2025-04-09,52.79,53.78,52.23,53.61,15772117,899271855.0
2025-04-10,53.49,53.96,53.08,53.85,11516284,659988922.0
2025-04-11,53.61,53.74,52.87,53.15,7985268,454912383.0
2025-04-14,53.09,53.49,52.8,52.92,7972092,452496153.0
2025-04-15,52.9,53.63,52.7,53.48,8791650,501430897.0
2025-04-16,53.28,53.77,53.03,53.7,6858749,391770473.0
2025-04-17,53.54,53.8,53.45,53.57,5431828,311691897.0
2025-04-18,53.53,53.78,53.44,53.68,4371029,250973046.0
2025-04-21,53.56,53.8,53.36,53.45,4613140,264196625.0
2025-04-22,53.36,54.8,53.36,54.28,10338353,600669790.0
2025-04-23,54.26,54.4,53.82,53.87,6389366,369340821.0
2025-04-24,53.88,54.66,53.87,54.55,7073351,412310293.0
2025-04-25,54.62,54.75,53.97,54.1,5980312,346868043.0
2025-04-28,54.27,54.7,53.88,54.11,7279281,423697481.0
2025-04-29,54.11,54.4,53.65,53.94,7236544,417579050.0
2025-04-30,54.27,54.95,54.04,54.63,7094529,405958869.0
2025-05-06,54.63,54.74,53.99,54.17,10209494,580251618.0
2025-05-07,54.28,54.84,54.2,54.65,7085807,404658729.0
2025-05-08,54.51,54.62,54.3,54.42,5656917,322915756.0
2025-05-09,54.38,54.66,54.33,54.43,5281406,301665506.0
2025-05-12,54.46,54.66,54.18,54.44,5852092,334288741.0
2025-05-13,54.47,54.56,54.12,54.43,5787923,329647278.0
2025-05-14,54.37,54.57,53.85,54.53,6797331,386458283.0
2025-05-15,54.38,54.95,54.33,54.35,5887933,336964703.0
2025-05-16,54.36,54.47,54.01,54.12,4635584,263047644.0
2025-05-19,54.14,54.25,53.62,53.82,5516256,311738990.0
2025-05-20,53.96,54.72,53.96,54.41,6817256,388795172.0
2025-05-21,54.52,55.18,54.41,54.57,6584264,378235592.0
2025-05-22,54.6,54.75,54.09,54.09,5864505,333146340.0
2025-05-23,54.05,54.49,53.91,53.97,5232440,297261751.0
2025-05-26,53.9,54.05,53.27,53.33,7602173,426870001.0
2025-05-27,53.42,53.82,53.42,53.57,4012804,225549638.0
2025-05-28,53.57,53.96,53.43,53.71,3950537,222512830.0
2025-05-29,53.75,53.9,53.56,53.69,4945146,278467341.0
2025-05-30,53.74,54.29,53.64,53.88,8355011,473267833.0
2025-06-03,53.88,54.66,53.83,54.58,7251996,413281876.0
2025-06-04,54.58,54.61,54.15,54.27,6942940,395466192.0
2025-06-05,54.37,54.52,53.75,53.75,6752148,382590477.0
2025-06-06,53.8,54.12,53.75,53.99,4915506,278034944.0
2025-06-09,53.99,54.41,53.98,54.11,6233382,354308957.0
2025-06-10,54.2,54.29,53.8,53.99,5732486,324748568.0
2025-06-11,54.03,54.57,53.9,54.37,5951938,338656387.0
2025-06-12,54.36,54.45,54.18,54.38,4789040,272761455.0
2025-06-13,54.37,54.57,53.86,53.9,7365442,417459564.0
2025-06-16,53.89,54.16,53.26,53.3,8453906,474636124.0
2025-06-17,53.42,53.61,52.79,52.99,7217383,401351674.0
2025-06-18,52.97,53.13,52.71,52.73,4892274,271060685.0
2025-06-19,52.82,52.9,52.29,52.5,5101395,280786986.0
2025-06-20,52.5,52.84,52.37,52.5,5286627,291474283.0
2025-06-23,52.51,52.66,52.14,52.49,5150936,283083083.0
2025-06-24,52.66,53.12,52.58,52.85,7148418,395985038.0
2025-06-25,52.99,53.4,52.83,53.29,6015176,334680497.0
2025-06-26,53.41,53.78,53.29,53.74,7119000,399440113.0
2025-06-27,53.71,53.73,53.18,53.31,5659398,317029194.0
2025-06-30,53.23,53.31,52.96,53.22,5796424,322691502.0
2025-07-01,53.22,53.35,53.06,53.2,4280417,238615980.0
2025-07-02,53.2,53.37,52.94,53.02,5465990,303999342.0
2025-07-03,53.07,53.26,52.76,53.25,4997288,278179474.0
2025-07-04,53.23,53.33,52.85,53.22,5523820,307573917.0
2025-07-07,53.25,53.26,52.94,53.06,3563560,198242965.0
2025-07-08,53.06,53.54,53.05,53.38,5904823,330094112.0
2025-07-09,53.33,53.66,53.13,53.46,4733456,265241993.0
2025-07-10,53.46,53.53,53.29,53.42,4845710,271267412.0
2025-07-11,53.51,53.85,53.43,53.49,7756197,436329507.0
2025-07-14,53.49,53.59,53.29,53.41,5902582,330382627.0
2025-07-15,53.43,53.49,52.83,53.04,6925286,385598227.0
2025-07-16,53.04,53.46,52.94,53.33,5492505,306359189.0
2025-07-17,53.33,53.83,53.33,53.63,6308974,354422082.0
2025-07-18,53.63,53.75,53.27,53.64,6993686,391802838.0
2025-07-21,53.63,53.65,53.44,53.58,6647392,373064572.0
2025-07-22,53.58,53.98,53.52,53.91,13183756,743233748.0
2025-07-23,54.02,54.32,53.92,53.93,10366274,587929366.0
2025-07-24,53.96,54.46,53.75,54.41,10200059,578960179.0
2025-07-25,54.47,54.6,53.93,53.93,8796181,500362334.0
2025-07-28,53.95,54.17,53.75,53.9,7686667,434704756.0
2025-07-29,53.91,53.95,53.02,53.25,16683833,932420096.0
2025-07-30,53.27,55.54,53.19,54.78,28077252,1607956184.0
2025-07-31,54.6,54.66,53.35,53.5,18076869,1020791273.0
2025-08-01,53.5,54.64,53.5,53.7,13165193,744947474.0
2025-08-04,53.75,54.05,53.24,53.53,12368247,693000059.0
2025-08-05,53.53,53.63,53.43,53.59,8125622,456017375.0
2025-08-06,53.59,53.75,53.24,53.38,12974621,725930268.0
2025-08-07,53.42,53.49,53.24,53.27,8442831,471868708.0
2025-08-08,53.27,53.44,53.18,53.32,6520973,364330098.0
2025-08-11,53.34,53.46,53.19,53.43,7485831,418581211.0
2025-08-12,53.45,53.61,53.28,53.37,7652674,428656940.0
2025-08-13,53.43,53.54,53.26,53.42,9217865,515940210.0
2025-08-14,53.43,53.77,53.3,53.31,11729550,657943862.0
2025-08-15,53.31,53.38,52.94,53.38,11591385,646027178.0
2025-08-18,53.78,54.46,53.62,54.22,20217192,1146483914.0
2025-08-19,54.49,54.66,53.83,53.93,13138566,746214038.0
2025-08-20,53.92,54.32,53.67,54.32,10481382,593172611.0
2025-08-21,54.33,55.41,54.33,54.85,19300040,1112313577.0
2025-08-22,54.84,54.99,54.45,54.99,14552154,835121003.0
2025-08-25,55.31,55.33,54.85,55.32,16170216,933939573.0
2025-08-26,55.45,55.51,54.99,55.17,10742235,621611575.0
2025-08-27,55.26,55.3,54.28,54.28,13122149,753619214.0
2025-08-28,54.28,54.55,53.73,54.54,12662586,719096164.0
2025-08-29,54.54,55.59,54.44,54.93,18186797,1050508671.0
2025-09-01,55.61,57.4,55.61,56.56,30153770,1785376480.0
2025-09-02,56.61,57.51,56.26,56.94,19984871,1193829008.0
2025-09-03,57.2,57.21,56.39,56.69,13778953,819772892.0
2025-09-04,56.69,56.71,55.46,55.98,15267143,897035489.0
2025-09-05,56.05,56.64,55.82,56.57,11894826,701694720.0
2025-09-08,56.57,57.89,56.45,57.47,15814064,950479151.0
2025-09-09,57.47,57.89,56.79,57.04,11518891,691102429.0
2025-09-10,57.04,57.13,56.65,56.69,8065824,480499295.0
2025-09-11,56.57,57.06,56.21,57.06,10269539,609526442.0
2025-09-12,57.08,57.2,56.21,56.27,10749173,637846190.0
2025-09-15,56.23,56.51,56.09,56.29,9211659,542949948.0
2025-09-16,56.25,56.28,55.58,55.99,8763910,513738111.0
2025-09-17,56.0,56.79,56.0,56.25,8844912,521673752.0
2025-09-18,56.26,56.52,55.53,55.8,11965596,702923296.0
2025-09-19,55.67,56.04,55.35,55.79,7631532,445588832.0
2025-09-22,55.8,55.95,55.15,55.46,8703314,505679133.0
2025-09-23,55.48,55.79,54.67,55.26,10791091,623563266.0
2025-09-24,55.52,56.16,55.2,56.02,8933642,512459608.0
2025-09-25,56.02,56.07,55.32,55.62,8460266,484368847.0
2025-09-26,55.54,55.73,54.98,55.46,7341483,418582683.0
2025-09-29,55.52,55.83,54.99,55.7,8381399,477691524.0
2025-09-30,55.7,55.72,55.11,55.11,7881968,448363513.0
2025-10-09,55.13,55.69,54.55,55.68,11614770,659843032.0
2025-10-10,55.71,56.16,55.45,55.67,9319102,535409001.0
2025-10-13,54.92,55.35,54.91,55.11,9371116,531515089.0
2025-10-14,55.12,56.08,54.92,55.46,12337650,704860427.0
2025-10-15,55.46,55.81,55.12,55.53,9693668,553320413.0
2025-10-16,55.46,56.18,55.35,56.04,9875853,568793923.0
2025-10-17,55.99,56.27,55.35,55.41,8955781,514518491.0
2025-10-20,55.54,55.68,54.81,54.99,9799339,555564978.0
2025-10-21,55.01,55.17,54.86,54.98,7418932,420080725.0
2025-10-22,54.94,55.06,54.65,54.81,7229689,408225229.0
2025-10-23,54.75,54.93,54.58,54.93,5548094,312830609.0
2025-10-24,54.92,55.01,54.68,54.73,6806108,384218455.0
2025-10-27,54.76,54.96,54.66,54.83,7832478,442309961.0
2025-10-28,54.91,54.93,54.45,54.47,10009096,563392732.0
2025-10-29,54.47,54.72,54.38,54.72,5829139,327239567.0
2025-10-30,54.77,55.23,54.54,54.84,10774091,609326392.0
2025-10-31,54.57,55.21,54.28,55.02,13853597,781632371.0
2025-11-03,55.11,55.26,54.65,54.73,10651101,601437306.0
2025-11-04,54.73,54.75,54.24,54.31,9198810,515825501.0
2025-11-05,54.27,54.32,53.99,54.25,6162366,343937641.0
2025-11-06,54.28,54.45,54.12,54.26,6366071,356021979.0
2025-11-07,54.22,54.67,54.1,54.41,7122373,399290983.0
2025-11-10,54.45,55.73,54.34,55.62,14692427,834808208.0
2025-11-11,55.44,55.59,55.25,55.56,6882232,392927064.0
2025-11-12,55.64,55.99,55.43,55.46,8264572,473398519.0
2025-11-13,55.52,55.59,55.07,55.41,8284082,471252806.0
2025-11-14,55.25,55.78,55.02,55.02,8363481,476866549.0
2025-11-17,55.02,55.15,54.52,54.71,7990081,450276967.0
2025-11-18,54.62,55.06,54.62,54.76,5923039,334172205.0
2025-11-19,54.79,55.0,54.62,54.77,5606116,316426432.0
2025-11-20,54.73,54.98,54.39,54.42,7652373,431129994.0
2025-11-21,54.28,54.52,53.79,54.05,10586897,590498529.0
2025-11-24,54.1,54.25,54.01,54.04,6503306,362490662.0
2025-11-25,54.15,54.32,53.97,54.22,5542490,309053463.0
2025-11-26,54.26,54.52,54.26,54.36,5718150,320507226.0
2025-11-27,54.53,54.58,54.38,54.45,4292451,240748200.0
2025-11-28,54.45,54.52,54.38,54.44,4296844,240955749.0
2025-12-01,54.44,54.44,53.79,53.97,16394339,911078235.0
2025-12-02,53.97,54.13,53.71,53.78,8689300,482644645.0
2025-12-03,53.78,54.19,53.77,54.1,6666672,370660474.0
2025-12-04,54.13,54.27,54.01,54.12,4660870,259927573.0
2025-12-05,54.12,54.33,54.02,54.31,4724837,263656140.0
2025-12-08,54.31,54.54,54.28,54.47,5492350,307913473.0
2025-12-09,54.47,54.52,53.99,54.0,5323930,296844491.0
2025-12-10,54.0,54.13,53.79,54.12,4856903,269782720.0
2025-12-11,54.04,54.45,54.0,54.18,5355464,299206887.0
2025-12-12,54.23,54.26,54.03,54.21,5518632,307728185.0
2025-12-15,54.18,54.35,54.02,54.24,4454191,248744902.0
2025-12-16,54.21,54.32,54.0,54.27,5246974,292735097.0
2025-12-17,54.27,54.58,54.07,54.57,6545926,366821521.0
2025-12-18,54.52,55.15,54.46,55.01,7164942,405221955.0
2025-12-19,55.06,55.11,54.84,54.89,4945095,279799589.0
2025-12-22,54.89,55.19,54.79,54.91,6581568,372564371.0
2025-12-23,54.93,55.04,54.55,54.56,6678303,376433547.0
2025-12-24,54.57,55.02,54.48,54.86,5918977,334196892.0
2025-12-25,54.86,55.13,54.86,55.12,4560086,258594968.0
2025-12-26,55.12,55.23,54.91,55.06,4991239,283068987.0
2025-12-29,55.04,55.2,54.93,55.05,6105152,346318574.0
2025-12-30,55.05,55.33,54.95,55.29,5773067,328169457.0
2025-12-31,55.3,55.4,55.02,55.12,4535989,257861734.0
2026-01-05,55.12,55.68,54.79,55.66,11275650,642596515.0
2026-01-06,55.66,55.77,55.41,55.73,8936580,512273040.0
2026-01-07,55.76,55.98,55.45,55.67,8145025,467514501.0
2026-01-08,55.63,55.71,55.37,55.55,7654612,437641730.0
2026-01-09,55.52,55.79,55.38,55.66,7082287,405564393.0
2026-01-12,55.66,55.73,55.19,55.25,11480664,654669434.0
2026-01-13,55.25,55.83,55.12,55.47,10449285,597778241.0
2026-01-14,55.45,55.54,54.82,55.0,11819208,672179058.0
2026-01-15,54.87,55.17,54.79,54.79,7245948,409993447.0
2026-01-16,54.96,55.01,54.48,54.57,9012392,507397846.0
2026-01-19,54.56,54.83,54.38,54.59,7908436,444338249.0
2026-01-20,54.6,55.62,54.59,55.53,13600961,774667499.0
2026-01-21,55.45,55.57,54.92,55.06,9990050,567916998.0
2026-01-22,55.12,55.16,54.96,55.01,6932037,393094115.0
2026-01-23,55.04,55.04,54.29,54.52,13322603,748755288.0
2026-01-26,54.5,54.83,54.3,54.54,10923666,614246408.0
2026-01-27,54.64,55.04,54.05,55.04,13160713,736477710.0
2026-01-28,54.38,54.38,53.96,54.01,12463925,694445325.0
2026-01-29,53.95,54.7,53.41,54.47,16407452,910796155.0
2026-01-30,54.28,54.56,53.8,54.0,9043538,504812548.0
2026-02-02,53.84,54.55,53.81,53.9,8942853,499183119.0
2026-02-03,53.94,54.38,53.78,54.38,6909038,384052015.0
2026-02-04,54.18,54.78,54.04,54.72,8425430,473518658.0
2026-02-05,54.81,55.7,54.69,55.47,14349987,818244390.0
2026-02-06,56.32,56.51,55.34,55.35,13047999,748916316.0
2026-02-09,55.15,55.69,55.07,55.67,8956418,511301629.0
2026-02-10,55.67,55.8,55.36,55.59,6353438,363599493.0
2026-02-11,55.59,55.79,55.45,55.55,4722687,270260641.0
2026-02-12,55.46,55.49,54.76,55.1,7458388,422598421.0
2026-02-13,55.1,55.56,54.82,54.86,6264012,355946662.0
2026-02-24,54.85,55.19,54.66,54.97,5798757,327873510.0
2026-02-25,54.98,55.2,54.76,54.9,5923299,335494272.0
2026-02-26,54.9,55.01,54.53,54.62,5343225,300989766.0
2026-02-27,54.56,54.77,54.38,54.43,5905383,331962008.0
2026-03-02,54.18,54.56,53.89,54.39,7148005,399684792.0
2026-03-03,54.38,54.91,54.31,54.33,8684779,488009823.0
2026-03-04,54.16,54.21,53.44,53.82,10626625,588421048.0
2026-03-05,53.98,54.31,53.79,54.27,6058971,337466024.0
2026-03-06,54.18,54.54,54.11,54.52,5466599,306303288.0
2026-03-09,54.27,55.18,54.09,54.59,8935601,503687434.0
2026-03-10,54.77,54.88,54.47,54.86,6354995,358006368.0
2026-03-11,54.86,55.12,54.53,55.06,5967687,337513630.0
2026-03-12,55.02,55.15,54.5,54.67,8346171,470558942.0
2026-03-13,54.63,54.94,54.54,54.67,4669623,263168619.0
2026-03-16,54.57,55.3,54.47,55.14,7142594,404407275.0
2026-03-17,55.23,55.64,55.01,55.44,8826431,504234900.0
2026-03-18,55.42,55.45,54.88,55.21,5213246,295741003.0
2026-03-19,55.06,55.43,54.91,55.09,5829868,331528571.0
2026-03-20,55.15,55.71,55.07,55.1,8619988,492408775.0
2026-03-23,54.44,54.48,53.1,53.35,15765566,873133502.0
2026-03-24,53.83,54.06,53.27,53.88,6573449,363775958.0
2026-03-25,54.08,54.09,53.68,53.78,5205880,288784212.0
2026-03-26,53.79,53.93,52.65,52.69,9261805,507810277.0
2026-03-27,52.44,52.87,52.34,52.82,5762825,312696919.0
2026-03-30,52.47,53.16,52.35,53.16,5450253,296589890.0
2026-03-31,53.22,53.82,53.21,53.27,5506938,303352204.0
2026-04-01,54.12,54.45,53.71,53.96,9303790,517764123.0
2026-04-02,54.0,55.31,53.89,55.13,13615389,769457672.0
2026-04-03,54.99,55.54,54.69,54.82,7417703,420336954.0
2026-04-07,54.7,54.82,53.89,54.29,5910830,330501621.0
2026-04-08,54.38,54.57,54.18,54.32,7400768,413979737.0
2026-04-09,54.21,54.27,53.46,53.5,6857716,379540351.0
2026-04-10,53.51,53.63,53.29,53.33,7583117,417209136.0
2026-04-13,53.22,53.3,52.82,53.14,7154821,390626719.0
2026-04-14,53.39,53.47,53.12,53.45,5272533,289644477.0
2026-04-15,53.67,54.19,53.54,54.11,7829651,434587034.0
2026-04-16,54.07,54.11,53.73,53.91,4907269,272295379.0
2026-04-17,53.79,54.07,53.52,53.69,6686578,370502852.0
2026-04-20,53.59,53.74,53.41,53.41,6731241,371071143.0
2026-04-21,53.41,53.61,53.31,53.46,4421268,243331726.0
2026-04-22,53.46,53.46,52.88,52.9,8474811,463438721.0
2026-04-23,52.88,53.07,52.67,52.71,6598147,358767991.0
2026-04-24,52.87,53.05,52.71,52.85,7385154,402022553.0
2026-04-27,52.85,52.87,52.45,52.72,7476546,405598180.0
2026-04-28,52.73,53.26,52.63,53.25,10025265,546035405.0
2026-04-29,52.92,53.2,52.65,53.05,8608284,469866638.0
2026-04-30,53.78,53.78,53.03,53.05,14820252,789561909.0
2026-05-06,53.06,53.07,52.61,52.65,12335981,651142617.0
2026-05-07,52.7,52.93,52.59,52.6,7948066,418448486.0
2026-05-08,52.61,52.67,52.53,52.62,7138584,375449084.0
2026-05-11,52.62,52.85,52.48,52.62,10457505,550281969.0
2026-05-12,52.64,52.89,51.81,51.81,9871789,517276121.0
2026-05-13,52.05,52.09,51.56,51.65,10233526,529688936.0
2026-05-14,51.66,51.89,51.36,51.5,7155551,368860475.0
2026-05-15,51.4,51.5,50.8,50.9,7949245,406401355.0
2026-05-18,50.91,50.99,50.65,50.86,5095732,258647364.0
2026-05-19,50.72,51.23,50.72,50.88,5721068,291408378.0
2026-05-20,50.84,51.06,50.68,50.78,4768857,242625090.0
2026-05-21,50.86,50.88,50.12,50.13,6830525,345547449.0
2026-05-22,50.16,50.25,49.8,49.8,6307340,314679700.0
2026-05-25,49.74,49.9,49.33,49.47,6009888,297899793.0
2026-05-26,49.32,49.73,48.66,48.85,9018098,442285283.0
2026-05-27,48.87,49.8,48.02,49.73,12670665,617384980.0
2026-05-28,49.08,49.87,48.74,48.82,10172529,500714218.0
2026-05-29,48.99,50.11,48.86,49.94,17466752,866198961.0
2026-06-01,49.98,50.09,49.41,49.82,11035879,548600966.0
2026-06-02,49.8,50.43,49.32,49.46,9844578,489977560.0
2026-06-03,49.46,49.46,48.74,49.15,8843924,433204778.0
2026-06-04,49.13,49.45,48.46,48.6,7224753,352907957.0
2026-06-05,48.6,49.48,48.6,48.81,9407093,461177307.0
2026-06-08,48.9,49.76,48.72,49.5,10999649,542515056.0
2026-06-09,49.19,50.0,49.15,49.42,7810191,387658631.0
2026-06-10,49.38,50.26,49.3,50.14,8884296,443869651.0
2026-06-11,50.05,50.71,49.8,50.55,9009253,453788891.0
2026-06-12,50.52,51.28,50.1,50.6,13699808,694467764.0
2026-06-15,50.62,50.62,49.7,50.15,11185863,559754614.0
2026-06-16,49.9,50.04,49.41,49.41,6047072,300036342.0
2026-06-17,49.42,49.45,48.85,48.91,6054951,297028520.0
2026-06-18,48.9,49.05,48.43,48.43,7687120,374332612.0
2026-06-22,48.33,48.73,47.46,48.66,12038135,577585362.0
2026-06-23,48.56,49.47,48.32,48.53,11103246,542371302.0
2026-06-24,48.53,49.2,47.49,47.63,10667943,514086274.0
2026-06-25,47.48,47.69,46.64,47.15,10619639,499966549.0
2026-06-26,47.14,47.48,46.67,47.0,7673960,361281012.0
2026-06-29,46.93,48.57,46.29,48.53,13354149,639157510.0
2026-06-30,48.48,48.65,47.27,47.37,9558577,455661606.0
2026-07-01,47.4,48.06,46.93,47.97,8501433,405083752.0
2026-07-02,48.0,49.18,47.81,48.76,11897700,576605739.0
2026-07-03,48.92,49.39,48.42,48.86,8648527,422418936.0
2026-07-06,48.7,49.57,48.48,49.28,10463163,514208663.0
2026-07-07,49.26,49.26,48.38,48.65,7201584,350493173.0
2026-07-08,48.58,49.13,48.22,48.67,6235975,303962439.0
2026-07-09,48.57,49.02,48.11,48.36,6815708,330617655.0
2026-07-10,48.36,49.0,47.8,48.82,9416241,457178339.0
2026-07-13,48.83,50.03,48.78,49.75,14686289,728464412.0
2026-07-14,49.53,50.46,49.09,50.05,15958789,798252377.0
2026-07-15,49.89,51.0,49.66,50.8,15986163,810366517.0
2026-07-16,50.82,52.26,50.43,52.11,22401510,1156119906.0
2026-07-17,51.75,52.62,51.2,51.42,19885592,1029242857.0
2026-07-20,51.08,52.08,50.65,52.04,16864793,870386425.0
2026-07-21,51.65,52.82,51.0,51.2,20502956,1063159452.0
2026-07-22,51.1,51.76,50.8,51.75,13547519,695888223.0
2026-07-23,51.4,51.93,51.09,51.7,8902748,459482560.0
2026-07-24,51.69,52.21,50.87,51.0,7637620,392295773.0
2026-07-27,50.96,51.53,50.66,51.12,8902099,455458153.0
2026-07-28,51.16,51.6,50.95,51.43,6658301,341220823.0
2026-07-29,51.43,52.23,51.28,51.89,10413488,540514366.0
2026-07-30,51.89,52.8,51.88,52.75,14517155,763130526.0
2026-07-31,52.13,52.86,51.9,52.86,11147510,583435684.0
2026-08-03,52.8,53.37,52.18,52.29,13889392,731950257.0
2026-08-04,52.29,52.45,51.6,51.7,9587536,497586268.0
2026-08-05,51.65,51.66,50.5,50.9,13407300,682452387.0
2026-08-06,50.9,50.99,50.32,50.69,8794720,445014360.0
