timestamps,open,high,low,close,volume,amount
2015-12-30,17.17,17.17,14.72,16.66,514881280,11533336576.0
2015-12-31,15.61,16.05,14.99,14.99,280182976,5993870848.0
2016-01-04,14.51,15.21,13.65,14.11,153340800,3074334976.0
2016-01-05,13.9,14.62,13.35,14.01,162408320,3170522624.0
2016-01-06,13.91,14.08,13.52,14.02,124426112,2388081408.0
2016-01-07,13.84,13.84,12.63,12.67,31612344,582790656.0
2016-01-08,12.99,13.14,11.65,12.24,153606256,2654856448.0
2016-01-11,11.83,11.86,11.02,11.02,151853024,2420680192.0
2016-01-12,10.97,12.07,10.84,11.63,140577296,2257678592.0
2016-01-13,11.57,12.3,11.34,11.64,116056752,1905178368.0
2016-01-14,11.21,12.57,11.14,12.57,147169504,2472379904.0
2016-01-15,12.29,12.52,11.79,11.93,97028264,1640173440.0
2016-01-18,11.82,12.26,11.76,12.01,75732280,1271748096.0
2016-01-19,12.17,12.47,11.86,12.34,91271248,1546888448.0
2016-01-20,12.22,12.32,11.64,11.78,86621240,1442186752.0
2016-01-21,11.59,11.96,11.35,11.37,68478416,1109114880.0
2016-01-22,11.58,11.63,11.2,11.43,46861136,745104000.0
2016-01-25,11.56,11.63,11.37,11.48,36221464,580164736.0
2016-01-26,11.35,11.37,10.33,10.33,65280128,983302144.0
2016-01-27,10.41,10.48,9.61,10.22,72684472,1020051200.0
2016-01-28,10.05,10.47,9.92,9.92,51881304,737825728.0
2016-01-29,10.0,10.46,9.94,10.36,55728912,797823616.0
2016-02-01,10.38,10.38,9.97,10.13,34931572,496097856.0
2016-02-02,10.2,11.14,10.16,10.8,67939960,1009677184.0
2016-02-03,10.78,11.22,10.58,10.97,72089176,1098101760.0
2016-02-04,10.97,11.17,10.85,10.98,46494112,712376512.0
2016-02-05,11.0,11.09,10.74,10.74,34681268,525554752.0
2016-02-15,10.28,10.67,10.28,10.52,35895688,524980704.0
2016-02-16,10.59,11.18,10.57,10.91,49878276,759761536.0
2016-02-17,10.89,11.2,10.85,11.08,43789504,673142912.0
2016-02-18,11.14,11.48,11.0,11.03,51105444,797581184.0
2016-02-19,11.06,11.12,10.7,10.83,51291484,776678848.0
2016-02-22,11.1,11.22,10.94,11.07,67828256,1047169472.0
2016-02-23,11.12,11.22,10.88,11.02,47717688,735052608.0
2016-02-24,11.03,11.09,10.69,10.93,43504796,658691328.0
2016-02-25,10.92,10.92,9.84,9.89,69379120,997869696.0
2016-02-26,10.0,10.24,9.86,10.06,43939520,614478656.0
2016-02-29,10.19,10.41,9.78,10.01,82323848,1158327808.0
2016-03-01,10.12,11.01,10.03,10.77,128350424,1906002048.0
2016-03-02,10.69,11.85,10.69,11.85,177744992,2824947712.0
2016-03-03,12.0,12.36,11.6,11.73,173317104,2899692032.0
2016-03-04,11.5,12.83,11.45,11.8,193265296,3272376576.0
2016-03-07,11.99,12.27,11.63,11.91,92184200,1529568640.0
2016-03-08,11.8,11.8,11.04,11.52,86128592,1362197632.0
2016-03-09,11.13,11.31,11.03,11.07,52485776,815887488.0
2016-03-10,11.12,11.2,10.46,10.54,69316472,1038863680.0
2016-03-11,10.35,10.53,10.2,10.38,45239896,652242944.0
2016-03-14,10.48,10.86,10.48,10.71,57626712,860365312.0
2016-03-15,10.65,10.7,10.39,10.54,40070448,586372224.0
2016-03-16,10.57,10.74,10.41,10.46,32531696,476755616.0
2016-03-17,10.58,10.97,10.46,10.87,67722184,1011476160.0
2016-03-18,10.86,11.65,10.86,11.41,100502072,1581221248.0
2016-03-21,11.54,11.62,11.29,11.53,70891680,1132273024.0
2016-03-22,11.46,11.46,11.16,11.23,55141904,867050944.0
2016-03-23,11.17,11.3,10.99,11.22,43655416,677719040.0
2016-03-24,11.07,11.28,10.89,11.04,47221544,728355840.0
2016-03-25,11.05,11.2,10.93,11.11,32772024,504676192.0
2016-03-28,11.09,11.12,10.77,10.8,51801632,789737408.0
2016-03-29,10.87,10.91,10.54,10.56,37321016,556640384.0
2016-03-30,10.7,10.89,10.69,10.89,42011200,631439872.0
2016-03-31,10.91,11.02,10.78,10.81,39457912,598377344.0
2016-04-01,10.81,10.84,10.6,10.77,32743442,487744192.0
2016-04-05,10.78,11.34,10.78,11.21,74572272,1155791360.0
2016-04-06,11.18,11.18,10.97,11.09,52422096,807836288.0
2016-04-07,11.1,11.17,10.86,10.86,41280712,630249216.0
2016-04-08,10.78,10.79,10.52,10.66,51043576,755144960.0
2016-04-11,10.82,11.03,10.78,10.89,53943324,819172224.0
2016-04-12,10.91,10.93,10.69,10.71,35876480,537699456.0
2016-04-13,10.83,11.14,10.78,10.98,79115480,1208934656.0
2016-04-14,11.07,11.11,10.92,11.07,41519232,636704128.0
2016-04-15,11.12,11.18,10.92,10.98,37759992,577662784.0
2016-04-18,10.89,10.89,10.71,10.74,38787832,580942144.0
2016-04-19,10.82,10.83,10.71,10.79,24531740,367610656.0
2016-04-20,10.79,10.81,10.08,10.35,62861604,913193600.0
2016-04-21,10.28,10.43,10.21,10.23,30029532,430799488.0
2016-04-22,10.24,10.38,10.17,10.37,26899962,384935296.0
2016-04-25,10.28,10.3,10.18,10.23,20985268,298596256.0
2016-04-26,10.24,10.29,10.17,10.29,19537562,278418688.0
2016-04-27,10.3,10.35,10.23,10.24,22870128,327133344.0
2016-04-28,10.25,10.28,10.1,10.19,23365602,330856608.0
2016-04-29,10.18,10.28,10.11,10.21,20556000,292234976.0
2016-05-03,10.24,10.45,10.21,10.43,31789888,458418976.0
2016-05-04,10.42,10.49,10.32,10.38,28848840,418185024.0
2016-05-05,10.36,10.47,10.34,10.46,25267682,365760928.0
2016-05-06,10.5,10.53,10.23,10.23,41267032,596560192.0
2016-05-09,10.23,10.23,9.89,9.94,36394800,506582144.0
2016-05-10,9.94,10.02,9.87,9.92,18867468,260560384.0
2016-05-11,9.99,10.26,9.92,10.17,41568541,587084100.0
2016-05-12,10.05,10.09,9.88,10.01,27898795,387743567.0
2016-05-13,10.01,10.09,9.92,9.94,18543740,257548618.0
2016-05-16,9.9,9.97,9.82,9.97,18471040,254320474.0
2016-05-17,9.97,10.01,9.84,9.92,16730570,230918786.0
2016-05-18,9.98,10.23,9.86,10.03,52422519,732069439.0
2016-05-19,9.99,10.1,9.92,9.97,21156935,294903417.0
2016-05-20,9.97,10.0,9.91,10.0,17007653,235675945.0
2016-05-23,10.02,10.14,10.01,10.06,27668811,387954241.0
2016-05-24,10.06,10.06,9.92,9.92,19355514,268274986.0
2016-05-25,9.97,10.01,9.87,9.88,15786631,218319346.0
2016-05-26,9.92,9.96,9.7,9.84,18351289,250304365.0
2016-05-27,9.83,9.9,9.78,9.84,18185706,249050697.0
2016-05-30,9.81,9.89,9.74,9.87,14311061,195692088.0
2016-05-31,9.85,10.22,9.85,10.19,47291951,665415901.0
2016-06-01,10.16,10.24,10.12,10.13,24722259,349573257.0
2016-06-02,10.16,10.38,10.15,10.2,29578771,421800043.0
2016-06-03,10.25,10.27,10.15,10.24,23233896,330250565.0
2016-06-06,10.27,10.75,10.27,10.59,60993667,893347415.0
2016-06-07,10.46,10.61,10.4,10.47,26102858,380662103.0
2016-06-08,10.48,10.51,10.28,10.33,24481691,352279990.0
2016-06-13,10.17,10.21,9.9,9.9,28146447,395090740.0
2016-06-14,9.91,10.0,9.82,9.94,19164820,264358728.0
2016-06-15,9.81,10.12,9.81,10.05,24541918,341973378.0
2016-06-16,10.0,10.25,9.96,10.12,25459000,357045038.0
2016-06-17,10.15,10.38,10.1,10.3,34662407,494680691.0
2016-06-20,10.74,10.89,10.57,10.58,68886433,1024784691.0
2016-06-21,10.61,10.65,10.36,10.38,42235444,616571151.0
2016-06-22,10.38,10.51,10.34,10.48,22525414,327853286.0
2016-06-23,10.48,10.49,10.33,10.4,18685935,270524542.0
2016-06-24,10.45,10.51,10.01,10.21,36596111,514231263.0
2016-06-27,10.19,10.38,10.17,10.36,34286603,481470331.0
2016-06-28,10.27,10.59,10.24,10.54,42531583,605406681.0
2016-06-29,10.53,10.6,10.38,10.49,28207260,403661582.0
2016-06-30,10.5,10.57,10.4,10.43,20496948,293346531.0
2016-07-01,10.46,10.56,10.43,10.47,28054369,402914841.0
2016-07-04,10.38,10.79,10.32,10.71,57346462,835182941.0
2016-07-05,10.71,10.87,10.65,10.76,46686283,687337029.0
2016-07-06,10.89,11.03,10.66,10.71,60468802,893653692.0
2016-07-07,10.65,10.85,10.65,10.77,42901885,631742189.0
2016-07-08,10.75,10.79,10.62,10.73,23035896,337271875.0
2016-07-11,10.73,10.83,10.63,10.76,37114575,543537142.0
2016-07-12,10.73,11.25,10.6,11.14,69865350,1043175173.0
2016-07-13,11.17,11.34,11.09,11.16,57793866,886684296.0
2016-07-14,11.17,11.3,11.08,11.22,38932595,596895092.0
2016-07-15,11.34,11.66,11.29,11.44,65339004,1026516564.0
2016-07-18,11.36,11.67,11.34,11.47,43364673,684337566.0
2016-07-19,11.47,11.56,11.2,11.3,31664144,488952346.0
2016-07-20,11.28,11.39,11.15,11.18,22861231,351739731.0
2016-07-21,11.2,11.38,11.16,11.24,27942448,429746033.0
2016-07-22,11.25,11.33,10.97,11.03,37292897,568951432.0
2016-07-25,11.0,11.22,10.98,11.07,29574896,448693849.0
2016-07-26,11.04,11.44,11.01,11.36,32467200,501191144.0
2016-07-27,11.39,11.66,10.98,11.14,71183943,1104648251.0
2016-07-28,11.14,11.25,10.94,11.21,42204385,639986491.0
2016-07-29,11.17,11.31,11.1,11.22,25212752,386883074.0
2016-08-01,11.17,11.17,10.76,10.85,34851759,520912657.0
2016-08-02,10.84,10.97,10.78,10.95,21125174,314311284.0
2016-08-03,10.9,11.22,10.87,11.18,29593804,449128131.0
2016-08-04,11.11,11.29,11.01,11.25,31424848,479812115.0
2016-08-05,11.36,11.62,11.25,11.35,61761259,962790947.0
2016-08-08,11.32,11.61,11.27,11.52,53549417,842411841.0
2016-08-09,11.55,11.69,11.38,11.47,46699979,735948692.0
2016-08-10,11.46,11.48,11.19,11.25,37562705,579680320.0
2016-08-11,11.22,11.3,11.17,11.2,22463726,344914816.0
2016-08-12,11.17,11.99,11.15,11.87,98328752,1560462131.0
2016-08-15,11.91,12.64,11.85,12.48,159059355,2681114743.0
2016-08-16,12.42,12.64,12.2,12.26,101469891,1712809702.0
2016-08-17,12.2,12.21,11.88,12.0,57298744,942602870.0
2016-08-18,12.0,12.8,11.96,12.2,106059783,1798011015.0
2016-08-19,12.08,12.15,11.93,11.97,40050458,657508052.0
2016-08-22,12.01,12.23,11.66,11.76,51163566,832524831.0
2016-08-23,11.84,12.26,11.78,11.93,58852983,964868727.0
2016-08-24,11.96,12.1,11.82,11.91,37775335,616243029.0
2016-08-25,11.82,11.88,11.63,11.75,52592143,843454119.0
2016-08-26,11.77,11.88,11.71,11.78,25480668,410318640.0
2016-08-29,11.82,12.09,11.71,11.98,44562462,725356183.0
2016-08-30,11.93,12.01,11.86,11.9,27166903,443136303.0
2016-08-31,11.93,12.19,11.86,12.02,49669063,817944162.0
2016-09-01,12.02,12.06,11.67,11.68,46846296,756507055.0
2016-09-02,11.63,11.78,11.46,11.54,38801628,615608824.0
2016-09-05,11.56,11.6,11.47,11.53,16289695,256612466.0
2016-09-06,11.54,11.69,11.42,11.64,21435919,338451393.0
2016-09-07,11.67,11.81,11.59,11.6,25567301,408215982.0
2016-09-08,11.57,11.72,11.57,11.62,14739561,234503448.0
2016-09-09,11.64,11.66,11.39,11.46,24309790,381795138.0
2016-09-12,11.3,11.33,11.17,11.28,32167666,494000680.0
2016-09-13,11.31,11.33,11.16,11.22,15745483,241285245.0
2016-09-14,11.22,11.33,11.09,11.3,20627012,316881773.0
2016-09-19,11.31,11.5,11.31,11.43,18216370,284207697.0
2016-09-20,11.43,11.46,11.3,11.33,13566521,210589921.0
2016-09-21,11.34,11.56,11.32,11.52,20720837,324430630.0
2016-09-22,11.6,11.84,11.56,11.69,46582175,747870730.0
2016-09-23,11.68,11.76,11.58,11.7,21401638,341359652.0
2016-09-26,11.68,11.69,11.4,11.4,21461243,337262527.0
2016-09-27,11.36,11.63,11.33,11.52,19740148,309780962.0
2016-09-28,11.52,11.57,11.39,11.5,13579108,213469756.0
2016-09-29,11.5,11.74,11.5,11.62,18520530,294527181.0
2016-09-30,11.61,11.77,11.58,11.69,14164210,226370632.0
2016-10-10,11.42,11.42,10.91,11.28,54433897,830127247.0
2016-10-11,11.28,11.33,11.2,11.25,25561169,392830339.0
2016-10-12,11.25,11.36,11.18,11.35,21206042,326244073.0
2016-10-13,11.31,11.74,11.24,11.71,48436919,765099840.0
2016-10-14,11.72,12.07,11.58,12.0,59598265,970407424.0
2016-10-17,11.99,12.16,11.9,11.98,47361201,778753629.0
2016-10-18,11.94,12.42,11.93,12.39,63795255,1062021726.0
2016-10-19,12.4,12.59,12.34,12.59,68744945,1173330568.0
2016-10-20,12.53,12.69,12.45,12.64,45270032,779938161.0
2016-10-21,12.59,12.82,12.42,12.81,57748843,996230422.0
2016-10-24,12.73,12.91,12.37,12.38,38745504,664514528.0
2016-10-25,12.37,12.51,12.34,12.45,23657779,401953880.0
2016-10-26,12.44,12.48,12.22,12.37,23007267,387762627.0
2016-10-27,12.31,12.61,12.26,12.41,27841995,474479847.0
2016-10-28,12.35,12.53,12.28,12.29,18662160,315429195.0
2016-10-31,12.37,12.38,12.15,12.34,10933767,183687901.0
2016-11-01,12.32,12.47,12.28,12.45,15269649,258130184.0
2016-11-02,12.43,12.43,12.02,12.07,27773038,462308361.0
2016-11-03,12.07,12.28,12.04,12.12,17705527,293705733.0
2016-11-04,12.15,12.28,12.06,12.1,14047447,233601593.0
2016-11-07,12.15,12.17,12.02,12.04,10052107,165778073.0
2016-11-08,12.09,12.18,12.02,12.06,12613903,208213644.0
2016-11-09,12.08,12.2,11.88,12.08,23250416,383488817.0
2016-11-10,12.18,12.42,12.12,12.28,23956239,403174978.0
2016-11-11,12.29,12.34,12.2,12.3,14894723,249793836.0
2016-11-14,12.29,12.4,12.09,12.15,19449498,325032324.0
2016-11-15,12.17,12.32,12.08,12.2,16423485,273738166.0
2016-11-16,12.2,12.23,12.06,12.07,15696239,259553363.0
2016-11-17,12.05,12.05,11.93,11.99,13983472,229016981.0
2016-11-18,12.05,12.23,12.0,12.05,17330808,287756684.0
2016-11-21,12.08,12.57,12.04,12.48,39757622,670260892.0
2016-11-22,12.55,12.66,12.38,12.41,24063308,410743171.0
2016-11-23,12.41,13.32,12.41,12.94,79855929,1408672587.0
2016-11-24,12.8,14.09,12.75,13.75,95816250,1776728793.0
2016-11-25,13.75,14.96,13.75,14.28,113826110,2232052923.0
2016-11-28,14.41,14.86,13.94,14.16,84650806,1651264838.0
2016-11-29,14.06,14.71,13.95,14.12,81214568,1579663139.0
2016-11-30,14.3,14.41,13.84,14.12,49714633,961683186.0
2016-12-01,14.12,14.75,14.09,14.68,94500565,1872807906.0
2016-12-02,14.56,14.71,14.09,14.12,47146644,923503837.0
2016-12-05,13.83,13.83,12.89,13.01,92867741,1679328888.0
2016-12-06,13.01,13.16,12.84,12.92,38205312,677494189.0
2016-12-07,12.94,13.22,12.78,13.15,27347999,485998491.0
2016-12-08,13.15,13.21,12.95,12.96,21486661,382250250.0
2016-12-09,12.93,13.49,12.92,13.32,36030053,652116829.0
2016-12-12,13.35,13.47,12.7,12.74,39181833,695441606.0
2016-12-13,12.75,12.94,12.51,12.75,45959347,797832378.0
2016-12-14,12.8,12.89,12.49,12.49,35104486,607943992.0
2016-12-15,12.46,12.59,12.29,12.4,30280412,513537255.0
2016-12-16,12.46,12.61,12.36,12.53,28880966,493597061.0
2016-12-19,12.48,12.56,12.28,12.37,21218320,360370319.0
2016-12-20,12.37,12.42,12.23,12.28,17023793,286290760.0
2016-12-21,12.33,12.41,12.27,12.35,19907795,335510463.0
2016-12-22,12.31,12.41,12.17,12.37,22441578,376942100.0
2016-12-23,12.37,12.37,12.07,12.08,19824543,330595815.0
2016-12-26,11.99,12.15,11.84,12.12,16402434,268648916.0
2016-12-27,12.08,12.32,12.0,12.22,19311938,322334890.0
2016-12-28,12.22,12.22,11.99,12.01,15672750,258724074.0
2016-12-29,12.02,12.11,11.96,11.98,17994667,295582902.0
2016-12-30,12.02,12.11,11.96,11.99,14833518,243692467.0
2017-01-03,12.01,12.23,12.0,12.18,15432828,256456585.0
2017-01-04,12.15,12.27,12.15,12.26,16058493,268056269.0
2017-01-05,12.28,12.37,12.25,12.31,16428517,276521504.0
2017-01-06,12.32,12.34,12.19,12.23,11701496,195631843.0
2017-01-09,12.23,12.33,12.2,12.3,12573929,211183439.0
2017-01-10,12.34,12.56,12.3,12.4,20477432,348414266.0
2017-01-11,12.36,12.55,12.26,12.29,19366223,328594339.0
2017-01-12,12.3,12.34,12.13,12.15,15255695,254691055.0
2017-01-13,12.3,12.3,11.9,11.92,19041255,313786027.0
2017-01-16,11.88,11.93,11.4,11.67,24749403,396530858.0
2017-01-17,11.68,11.94,11.66,11.93,20155038,326370340.0
2017-01-18,11.95,12.15,11.86,12.07,15181448,250212500.0
2017-01-19,12.0,12.11,11.97,11.99,7507923,123436397.0
2017-01-20,12.01,12.11,11.99,12.09,10624256,175306002.0
2017-01-23,12.2,12.23,12.1,12.17,11743720,195437827.0
2017-01-24,12.15,12.19,12.02,12.06,10245028,169099952.0
2017-01-25,12.07,12.09,12.01,12.06,8552260,140772917.0
2017-01-26,12.07,12.18,12.06,12.18,11002428,182446637.0
2017-02-03,12.17,12.25,12.08,12.12,8231612,136830356.0
2017-02-06,12.18,12.2,11.83,11.94,20079096,328300031.0
2017-02-07,11.94,12.01,11.86,11.92,9608086,156628139.0
2017-02-08,11.89,12.06,11.88,12.05,10470987,171425388.0
2017-02-09,12.05,12.79,12.05,12.54,56441515,968284705.0
2017-02-10,12.53,12.63,12.42,12.51,21856418,374164752.0
2017-02-13,12.5,12.6,12.45,12.54,17263624,295487356.0
2017-02-14,12.57,12.67,12.44,12.51,16054533,274953209.0
2017-02-15,12.51,12.55,12.31,12.32,20444374,346138856.0
2017-02-16,12.28,12.45,12.26,12.37,17022932,287528675.0
2017-02-17,12.4,12.5,12.18,12.23,18609109,312732091.0
2017-02-20,12.25,12.69,12.2,12.68,39570574,676051829.0
2017-02-21,12.71,12.91,12.6,12.71,33354331,581285244.0
2017-02-22,12.72,12.78,12.6,12.71,19114521,331395127.0
2017-02-23,12.67,12.67,12.5,12.59,20196654,346813602.0
2017-02-24,12.56,12.72,12.51,12.68,16203078,279478210.0
2017-02-27,12.69,12.69,12.46,12.53,17958423,308215993.0
2017-02-28,12.55,12.59,12.45,12.53,13145921,224760179.0
2017-03-01,12.59,12.8,12.53,12.77,33985144,589820212.0
2017-03-02,12.78,12.83,12.65,12.65,15116728,262751200.0
2017-03-03,12.63,12.68,12.53,12.64,13117937,225984430.0
2017-03-06,12.66,12.99,12.66,12.93,34381735,605006028.0
2017-03-07,12.93,13.14,12.85,12.99,30885339,549458807.0
2017-03-08,12.99,13.1,12.88,13.02,30655391,545738131.0
2017-03-09,13.02,13.05,12.8,12.83,19375468,341342934.0
2017-03-10,12.86,13.04,12.81,12.91,24396588,431063341.0
2017-03-13,12.91,13.38,12.76,13.24,52525299,943423849.0
2017-03-14,13.21,13.57,13.12,13.24,40817408,746038724.0
2017-03-15,13.28,13.57,13.21,13.35,35730436,654926516.0
2017-03-16,13.41,13.57,13.25,13.4,26800073,490413353.0
2017-03-17,13.4,13.52,12.94,12.99,40286484,725043049.0
2017-03-20,12.81,12.98,12.61,12.75,42391942,738875971.0
2017-03-21,12.75,12.94,12.74,12.86,20027087,351686167.0
2017-03-22,12.75,12.8,12.58,12.63,25479559,440707040.0
2017-03-23,12.67,12.76,12.59,12.7,20772638,359430736.0
2017-03-24,12.67,12.94,12.65,12.91,29362301,514435084.0
2017-03-27,12.9,13.05,12.82,13.0,21047520,373263176.0
2017-03-28,13.02,13.25,12.91,12.92,31969607,571715164.0
2017-03-29,12.94,13.02,12.7,12.81,15375918,270380170.0
2017-03-30,12.82,12.89,12.64,12.78,22825648,397900353.0
2017-03-31,12.75,12.91,12.72,12.88,15472453,271870614.0
2017-04-05,13.52,14.03,13.13,13.19,70763291,1297321234.0
2017-04-06,13.1,13.5,13.1,13.41,46167905,843669016.0
2017-04-07,13.4,13.53,13.18,13.31,34170272,623441557.0
2017-04-10,13.43,14.34,13.38,14.29,124420508,2375510814.0
2017-04-11,14.33,14.88,13.78,14.73,106076553,2069836047.0
2017-04-12,15.72,16.2,15.12,15.33,189090641,4030738726.0
2017-04-13,15.34,15.58,14.79,15.22,91416475,1896797686.0
2017-04-14,15.09,15.21,14.61,14.63,64016747,1303132181.0
2017-04-17,14.61,14.61,14.24,14.46,45639126,900985147.0
2017-04-18,14.52,14.84,14.44,14.46,39884846,797683547.0
2017-04-19,14.32,14.42,13.9,14.34,45338643,879299350.0
2017-04-20,14.38,14.76,14.31,14.48,41367954,823528071.0
2017-04-21,14.62,14.88,14.44,14.45,31432773,629281892.0
2017-04-24,14.34,14.36,13.98,14.07,30836443,597012775.0
2017-04-25,14.07,14.29,13.97,13.98,30009056,579332765.0
2017-04-26,14.02,14.22,13.92,14.18,24118950,464063512.0
2017-04-27,14.18,14.19,13.73,13.94,37468561,714685660.0
2017-04-28,13.94,14.12,13.78,13.99,20403856,390463515.0
2017-05-02,13.98,14.0,13.76,13.81,24494453,463502085.0
2017-05-03,13.83,14.08,13.79,13.89,25437363,483915812.0
2017-05-04,13.79,13.92,13.73,13.76,21752415,410364450.0
2017-05-05,13.67,13.71,13.34,13.34,30611647,564038216.0
2017-05-08,13.26,13.32,12.98,13.04,27502405,492236953.0
2017-05-09,13.02,13.28,13.0,13.2,16372699,294230151.0
2017-05-10,13.23,13.58,13.19,13.22,25734464,470905345.0
2017-05-11,13.24,13.49,13.11,13.44,23255782,424067649.0
2017-05-12,13.39,13.77,13.36,13.65,26715038,496973535.0
2017-05-15,13.68,13.83,13.52,13.62,25499233,475419725.0
2017-05-16,13.58,13.72,13.39,13.7,24328516,450892348.0
2017-05-17,13.76,13.89,13.71,13.78,22721367,428181295.0
2017-05-18,13.66,14.85,13.58,14.71,71263516,1388155253.0
2017-05-19,14.45,14.6,14.25,14.37,36910754,725928764.0
2017-05-22,14.25,14.6,14.19,14.26,27071005,531113293.0
2017-05-23,14.3,14.33,13.89,14.14,27309863,524290283.0
2017-05-24,13.98,14.19,13.84,13.95,24736112,473624986.0
2017-05-25,14.09,14.58,13.95,14.51,49772177,979190782.0
2017-05-26,14.49,14.92,14.46,14.51,43195239,866930058.0
2017-05-31,14.85,15.11,14.62,14.68,44905592,914053292.0
2017-06-01,14.52,14.91,14.52,14.71,32261634,651246458.0
2017-06-02,14.66,14.84,14.36,14.69,28394073,566699462.0
2017-06-05,14.63,14.74,14.44,14.49,24321636,482346814.0
2017-06-06,14.47,15.01,14.36,15.0,44151728,892810907.0
2017-06-07,14.78,15.49,14.74,15.37,58484931,1219165820.0
2017-06-08,15.5,15.71,15.24,15.42,48412098,1025142906.0
2017-06-09,15.39,15.69,15.37,15.45,31586384,668686834.0
2017-06-12,15.37,15.72,15.11,15.14,43898210,925104325.0
2017-06-13,15.1,15.41,14.97,15.37,35549737,737052796.0
2017-06-14,15.25,15.26,14.85,14.88,41388227,849642248.0
2017-06-15,14.87,14.99,14.73,14.93,24426969,494679953.0
2017-06-16,14.93,15.04,14.85,14.86,19112304,390338915.0
2017-06-19,14.96,15.31,14.96,15.19,30611619,635519470.0
2017-06-20,15.15,15.26,15.04,15.18,25468843,527600242.0
2017-06-21,15.31,15.5,15.14,15.47,30382686,637669314.0
2017-06-22,15.48,15.64,15.13,15.15,37749880,795644611.0
2017-06-23,15.14,15.5,15.04,15.48,43093469,899434483.0
2017-06-26,15.56,16.13,15.56,16.09,71695852,1561742338.0
2017-06-27,16.1,16.16,15.85,16.16,43670469,955090665.0
2017-06-28,16.1,16.31,15.81,15.83,35536139,776693620.0
2017-06-29,15.94,16.16,15.79,15.8,28894294,628582669.0
2017-06-30,15.73,15.94,15.59,15.63,31211515,669312460.0
2017-07-03,15.75,15.98,15.48,15.56,37929254,814496471.0
2017-07-04,15.56,15.56,14.86,14.93,55829542,1153006761.0
2017-07-05,14.97,15.12,14.73,15.06,34627979,706969666.0
2017-07-06,15.08,15.28,14.84,14.89,33690020,690842853.0
2017-07-07,14.9,15.12,14.87,15.02,27186043,557751408.0
2017-07-10,14.95,15.14,14.89,15.1,24331412,500423646.0
2017-07-11,15.18,15.33,15.08,15.16,28359245,589483515.0
2017-07-12,15.23,15.57,15.15,15.5,43133302,907991977.0
2017-07-13,15.51,15.51,15.26,15.32,27064490,554906048.0
2017-07-14,15.48,15.57,15.28,15.51,25210040,519934871.0
2017-07-17,15.53,15.56,14.69,14.9,47450952,954417201.0
2017-07-18,14.84,15.0,14.67,14.85,30492215,602850770.0
2017-07-19,14.91,15.2,14.82,15.19,29075795,585400032.0
2017-07-20,15.06,15.62,15.06,15.46,30197959,621986368.0
2017-07-21,15.38,15.56,15.1,15.11,27133702,553436698.0
2017-07-24,15.09,15.23,14.95,14.98,27363170,549544571.0
2017-07-25,14.94,15.05,14.58,14.61,38088264,750197133.0
2017-07-26,14.61,14.73,14.33,14.49,29077508,561483278.0
2017-07-27,14.49,14.89,14.39,14.76,21079079,413152407.0
2017-07-28,14.8,14.85,14.66,14.7,13283685,261221071.0
2017-07-31,14.7,14.73,14.43,14.55,23460043,455555480.0
2017-08-01,14.59,14.79,14.4,14.69,21754393,424292267.0
2017-08-02,14.68,14.68,14.32,14.35,42849563,826435621.0
2017-08-03,14.37,14.47,14.22,14.28,24435632,466582765.0
2017-08-04,14.34,14.42,14.18,14.19,16965914,323339386.0
2017-08-07,14.19,14.31,14.1,14.19,19726216,373504917.0
2017-08-08,14.25,14.39,14.18,14.37,17677222,337292622.0
2017-08-09,14.36,14.38,14.26,14.32,11725068,224008342.0
2017-08-10,14.36,14.48,14.21,14.39,18467356,353583671.0
2017-08-11,14.3,14.39,14.09,14.1,16496069,313058917.0
2017-08-14,14.12,14.28,13.92,14.27,22304272,418983459.0
2017-08-15,14.23,14.31,14.16,14.22,10651653,201966911.0
2017-08-16,14.24,14.5,14.2,14.43,26629667,510675338.0
2017-08-17,14.45,14.47,14.29,14.37,14272705,273605114.0
2017-08-18,14.31,14.59,14.27,14.53,24176043,467525958.0
2017-08-21,14.53,14.63,14.45,14.57,16209124,314477093.0
2017-08-22,14.36,14.57,14.33,14.36,23228927,447535620.0
2017-08-23,14.37,14.38,14.09,14.18,18514550,350720096.0
2017-08-24,14.19,14.29,14.15,14.17,8719397,165149695.0
2017-08-25,14.17,14.36,14.1,14.34,17412302,330951692.0
2017-08-28,14.37,14.61,14.31,14.52,27915470,540852421.0
2017-08-29,14.53,14.58,14.35,14.41,16227886,312649906.0
2017-08-30,14.43,14.55,14.34,14.42,14488562,279122929.0
2017-08-31,14.39,14.48,14.16,14.22,20420988,389828453.0
2017-09-01,14.16,14.29,14.07,14.14,22128574,418091797.0
2017-09-04,14.16,14.16,13.88,13.95,37026902,689857810.0
2017-09-05,13.92,14.07,13.92,14.02,16670255,311621533.0
2017-09-06,14.0,14.19,13.95,14.13,16816077,316111387.0
2017-09-07,14.17,14.73,14.14,14.55,63058960,1223439356.0
2017-09-08,14.52,14.76,14.41,14.64,35530342,692335858.0
2017-09-11,14.7,14.88,14.56,14.58,27342916,536629748.0
2017-09-12,14.54,14.63,14.33,14.36,24592925,472994237.0
2017-09-13,14.42,14.55,14.28,14.49,15527279,298623159.0
2017-09-14,14.46,14.88,14.35,14.74,48909395,958754167.0
2017-09-15,14.67,15.29,14.64,14.9,65923755,1328667512.0
2017-09-18,14.98,15.31,14.82,15.13,41208732,829666161.0
2017-09-19,15.14,15.53,14.89,14.96,50446823,1027416923.0
2017-09-20,14.95,15.01,14.73,14.9,19787273,392996800.0
2017-09-21,14.91,15.05,14.76,14.82,17332610,344550230.0
2017-09-22,14.81,14.89,14.67,14.75,14971353,294972473.0
2017-09-25,14.54,14.58,13.71,13.88,64416922,1205355940.0
2017-09-26,13.86,14.01,13.77,13.88,19594767,362989531.0
2017-09-27,13.91,13.95,13.77,13.87,15207575,281078576.0
2017-09-28,13.85,13.91,13.53,13.59,22516761,411262161.0
2017-09-29,13.59,13.75,13.58,13.7,13854484,253219264.0
2017-10-09,14.02,14.19,13.91,13.95,32146960,603034935.0
2017-10-10,13.98,14.07,13.76,13.81,25867701,478050910.0
2017-10-11,13.86,13.86,13.61,13.64,26311874,480739240.0
2017-10-12,13.68,13.7,13.49,13.61,17369865,315090011.0
2017-10-13,13.62,13.78,13.59,13.71,14371083,262441746.0
2017-10-16,13.68,13.75,13.6,13.73,14841723,271067317.0
2017-10-17,13.76,13.76,13.53,13.57,15284276,277102779.0
2017-10-18,13.56,13.67,13.56,13.57,10315313,187319345.0
2017-10-19,13.57,13.57,13.26,13.37,18867632,338098396.0
2017-10-20,13.37,13.69,13.35,13.62,14084182,255013936.0
2017-10-23,13.64,13.7,13.49,13.6,12029541,217906787.0
2017-10-24,13.59,13.91,13.57,13.82,30127693,554704488.0
2017-10-25,13.8,14.01,13.74,13.85,16108195,298353940.0
2017-10-26,13.8,13.95,13.75,13.82,14603321,269711384.0
2017-10-27,13.87,14.02,13.8,13.85,18013776,334448271.0
2017-10-30,13.92,13.94,13.65,13.75,17385018,319325184.0
2017-10-31,13.71,13.71,13.47,13.62,23756652,429700653.0
2017-11-01,13.62,13.94,13.55,13.68,26272010,483740288.0
2017-11-02,13.67,13.91,13.64,13.89,17091091,314404605.0
2017-11-03,13.86,13.86,13.57,13.65,11793516,215605130.0
2017-11-06,13.7,13.71,13.41,13.53,13580590,244665048.0
2017-11-07,13.58,13.8,13.4,13.65,22027028,398418073.0
2017-11-08,13.65,13.71,13.53,13.56,14138650,256630721.0
2017-11-09,13.56,14.04,13.55,13.97,34269714,635165054.0
2017-11-10,14.0,14.01,13.79,13.98,22432444,416595477.0
2017-11-13,13.98,14.12,13.85,13.92,19327990,360692529.0
2017-11-14,13.98,14.07,13.79,13.98,17264446,321553710.0
2017-11-15,13.96,14.01,13.83,13.92,13168733,244604757.0
2017-11-16,13.93,14.34,13.87,14.25,28501868,540260792.0
2017-11-17,14.22,14.45,14.01,14.32,33272974,634191482.0
2017-11-20,14.3,14.48,14.1,14.43,21426745,408493525.0
2017-11-21,14.54,15.1,14.49,14.97,48971418,972537034.0
2017-11-22,14.96,15.15,14.66,14.72,32890893,654178118.0
2017-11-23,14.86,15.06,14.6,14.64,33017411,656216775.0
2017-11-24,14.64,14.88,14.37,14.88,32876718,639993606.0
2017-11-27,14.79,14.97,14.55,14.85,18538529,365730008.0
2017-11-28,14.84,14.95,14.45,14.55,17898793,349435054.0
2017-11-29,14.56,15.25,14.28,15.21,50703043,1002370923.0
2017-11-30,15.14,15.14,14.4,14.63,34397298,678289650.0
2017-12-01,14.62,14.79,14.48,14.55,23401773,456310007.0
2017-12-04,14.52,14.62,14.39,14.41,15718400,304586585.0
2017-12-05,14.41,14.64,14.4,14.45,18026488,349584717.0
2017-12-06,14.43,14.5,14.03,14.05,28944148,548844382.0
2017-12-07,14.04,14.3,13.86,13.87,21283524,398476667.0
2017-12-08,13.87,14.14,13.83,14.08,14634956,273674077.0
2017-12-11,14.24,14.3,13.95,14.07,13944470,262160102.0
2017-12-12,14.09,14.22,13.86,13.89,12554399,235064008.0
2017-12-13,13.89,14.04,13.86,13.98,8653253,161055397.0
2017-12-14,14.02,14.13,13.96,13.99,11463085,214570497.0
2017-12-15,14.04,14.04,13.8,13.84,16154021,299145664.0
2017-12-18,13.83,13.98,13.8,13.84,11087694,205332795.0
2017-12-19,13.85,14.3,13.85,14.18,15883573,299373398.0
2017-12-20,14.2,14.25,13.95,14.22,12923430,242420883.0
2017-12-21,14.15,14.75,14.13,14.57,30262703,585749293.0
2017-12-22,14.52,14.67,14.48,14.55,10773686,209390180.0
2017-12-25,14.76,15.17,14.6,14.63,36669692,727397972.0
2017-12-26,14.64,14.92,14.61,14.85,17751283,351200521.0
2017-12-27,14.77,14.85,14.35,14.4,16816721,326061422.0
2017-12-28,14.47,14.79,14.32,14.7,21223570,412471155.0
2017-12-29,14.63,14.74,14.58,14.66,19110485,373980593.0
2018-01-02,14.63,15.35,14.63,15.16,47423676,962808336.0
2018-01-03,15.14,15.78,15.14,15.49,57207934,1190361722.0
2018-01-04,15.55,15.65,15.21,15.55,32150373,661505771.0
2018-01-05,15.38,16.36,15.38,16.1,82214931,1758204052.0
2018-01-08,16.18,17.09,16.15,16.58,84173481,1870854300.0
2018-01-09,16.49,16.8,16.32,16.61,32905767,727641934.0
2018-01-10,16.49,16.85,16.09,16.3,35619193,781964954.0
2018-01-11,16.4,16.41,15.96,16.07,32857595,706044407.0
2018-01-12,16.22,16.56,16.02,16.21,29273215,636646452.0
2018-01-15,16.4,16.73,16.19,16.3,39267363,863879617.0
2018-01-16,16.71,17.93,16.64,17.93,98930195,2303326916.0
2018-01-17,18.21,19.0,17.9,18.51,125280988,3074306000.0
2018-01-18,18.37,18.5,17.98,18.26,54910469,1334491532.0
2018-01-19,18.14,18.74,17.9,17.96,59663563,1457796357.0
2018-01-22,17.96,18.62,17.95,18.29,47068678,1145844567.0
2018-01-23,18.46,19.71,18.32,19.24,75681346,1915866211.0
2018-01-24,19.03,19.41,18.58,18.73,53618247,1353484668.0
2018-01-25,18.7,19.57,18.11,18.94,59646637,1493416227.0
2018-01-26,18.77,20.09,18.74,19.52,70717604,1848012952.0
2018-01-29,19.52,20.05,19.09,19.48,53497302,1398643442.0
2018-01-30,19.35,19.77,18.62,18.81,53012824,1350041581.0
2018-01-31,18.94,19.86,18.57,19.32,65607239,1689574832.0
2018-02-01,19.37,19.86,19.15,19.37,53145480,1382784428.0
2018-02-02,18.85,20.23,18.32,20.14,67668200,1777267020.0
2018-02-05,19.82,20.53,19.71,20.52,51579665,1387561244.0
2018-02-06,20.04,20.31,18.87,19.18,68287315,1788770230.0
2018-02-07,19.71,19.86,17.27,17.27,93429142,2268034475.0
2018-02-08,17.09,17.51,16.63,16.88,54844897,1245246408.0
2018-02-09,16.34,16.63,15.3,15.81,77786076,1643668399.0
2018-02-12,15.85,16.48,15.56,16.32,53340744,1135852990.0
2018-02-13,16.52,17.39,16.37,17.01,44372603,1009650541.0
2018-02-14,17.01,17.5,16.79,17.39,23767064,547746218.0
2018-02-22,17.76,17.82,17.16,17.47,38320003,895635235.0
2018-02-23,17.61,18.05,17.31,17.78,29881514,708214512.0
2018-02-26,17.76,17.8,16.43,17.32,49771287,1130979349.0
2018-02-27,17.29,17.29,16.25,16.42,64889666,1434279772.0
2018-02-28,16.23,16.91,15.93,16.39,66366699,1453532506.0
2018-03-01,16.19,16.61,15.96,16.25,31737186,690293714.0
2018-03-02,16.13,16.6,15.95,16.43,33011118,719206009.0
2018-03-05,16.6,17.05,16.44,16.55,36221081,807846074.0
2018-03-06,16.67,17.24,16.04,17.24,53650348,1197529564.0
2018-03-07,17.01,17.36,16.86,16.88,31062993,708092559.0
2018-03-08,16.85,17.29,16.79,17.12,30011745,686425270.0
2018-03-09,17.15,17.57,17.03,17.22,34169782,787823312.0
2018-03-12,17.33,17.33,16.34,16.52,69957440,1543134566.0
2018-03-13,16.45,16.58,16.28,16.28,25678829,560688861.0
2018-03-14,16.44,16.82,16.37,16.62,37645010,833470593.0
2018-03-15,16.63,16.98,16.57,16.69,29264187,655851037.0
2018-03-16,16.65,17.22,16.58,16.83,29155600,660803917.0
2018-03-19,16.77,16.77,16.38,16.5,19689496,434156195.0
2018-03-20,16.34,16.45,16.16,16.37,16685628,362982363.0
2018-03-21,16.45,16.86,16.4,16.53,26768931,595899469.0
2018-03-22,16.56,16.64,15.97,16.06,27245199,587287553.0
2018-03-23,15.53,15.92,15.22,15.77,35683550,736519544.0
2018-03-26,15.36,15.81,15.36,15.7,21388780,444682532.0
2018-03-27,16.04,16.19,15.58,15.81,28093839,594228408.0
2018-03-28,15.66,16.04,15.44,15.74,20262251,425303377.0
2018-03-29,15.76,16.85,15.44,16.59,56640475,1225371570.0
2018-03-30,16.55,16.55,16.2,16.34,29211271,636796880.0
2018-04-02,16.33,16.82,16.25,16.3,30042813,662086194.0
2018-04-03,16.04,16.42,15.83,16.07,21209702,454861502.0
2018-04-04,16.04,16.41,15.96,16.1,21604367,467162743.0
2018-04-09,16.08,16.24,15.87,15.99,22539898,482365712.0
2018-04-10,16.13,16.56,16.02,16.46,30954014,675307289.0
2018-04-11,16.56,17.13,16.46,16.85,42161641,945318571.0
2018-04-12,16.79,17.12,16.7,16.74,25922099,583949085.0
2018-04-13,17.08,17.3,16.81,16.85,28678116,652829784.0
2018-04-16,16.76,17.09,16.11,16.3,33808578,739605405.0
2018-04-17,16.34,16.48,15.99,16.07,24948404,539216923.0
2018-04-18,16.28,16.58,16.04,16.32,36340986,791370779.0
2018-04-19,16.41,16.66,16.27,16.53,22749035,500860061.0
2018-04-20,16.43,16.56,16.07,16.22,21862189,474108082.0
2018-04-23,16.22,16.35,15.48,15.86,31689683,669294187.0
2018-04-24,16.04,16.73,16.04,16.33,58857765,1295960581.0
2018-04-25,16.17,16.51,16.11,16.42,23014942,500685658.0
2018-04-26,16.64,16.69,16.15,16.21,19453379,422695351.0
2018-04-27,16.34,16.42,15.66,16.12,30410415,648631466.0
2018-05-02,16.23,16.51,16.1,16.34,20837778,454043436.0
2018-05-03,16.34,16.36,16.07,16.33,23547659,509144993.0
2018-05-04,16.33,16.62,16.19,16.55,25923877,570191988.0
2018-05-07,16.55,17.01,16.45,16.9,30356061,678934896.0
2018-05-08,16.95,17.66,16.94,17.41,42579809,984478150.0
2018-05-09,17.55,17.55,17.17,17.37,29924885,676382004.0
2018-05-10,17.45,18.13,17.37,17.84,36208581,833573452.0
2018-05-11,17.86,18.06,17.48,17.62,26516744,610738778.0
2018-05-14,17.62,17.91,17.6,17.82,21210557,490249983.0
2018-05-15,17.82,17.92,17.29,17.62,25410924,579775491.0
2018-05-16,17.55,17.65,17.26,17.39,21601231,488579000.0
2018-05-17,17.42,17.8,17.41,17.46,26198946,599231969.0
2018-05-18,17.47,17.85,17.18,17.76,22416127,511488262.0
2018-05-21,17.85,17.93,17.44,17.49,28065171,642324601.0
2018-05-22,17.57,17.59,17.02,17.13,32706059,728949286.0
2018-05-23,17.05,17.08,16.68,16.95,25176044,552141253.0
2018-05-24,16.97,17.02,16.75,17.0,15592330,342159323.0
2018-05-25,17.0,17.02,16.6,16.67,19826347,430520591.0
2018-05-28,16.68,16.85,16.52,16.57,13163397,285340607.0
2018-05-29,16.54,16.61,16.05,16.37,30813063,650940253.0
2018-05-30,16.13,16.17,15.85,15.87,18307602,380374645.0
2018-05-31,16.0,16.32,15.63,16.32,31753234,659886535.0
2018-06-01,16.17,16.75,16.09,16.38,27070037,579260589.0
2018-06-04,16.45,17.08,16.38,17.0,42031594,922678213.0
2018-06-05,16.87,17.19,16.85,17.12,25552102,566193550.0
2018-06-06,17.05,17.21,16.78,16.86,23512025,518400199.0
2018-06-07,16.9,17.27,16.86,17.13,25592183,570545530.0
2018-06-08,17.15,17.22,16.65,16.82,21015896,461826258.0
2018-06-11,16.66,17.42,16.65,17.15,29488734,657934027.0
2018-06-12,17.18,17.55,17.04,17.4,24326830,547804024.0
2018-06-13,17.33,17.77,17.17,17.36,31694325,722115757.0
2018-06-14,17.28,17.53,17.02,17.08,20389990,455065215.0
2018-06-15,17.06,17.76,17.06,17.38,41490380,943396503.0
2018-06-19,17.17,17.17,16.42,16.53,44828683,977265962.0
2018-06-20,16.52,17.03,16.4,16.9,24678478,537973663.0
2018-06-21,16.9,17.65,16.82,17.03,32819588,738339617.0
2018-06-22,17.12,17.48,16.79,17.48,26502426,592946630.0
2018-06-25,17.62,17.7,16.25,16.31,47347680,1041909041.0
2018-06-26,15.78,15.85,15.15,15.54,53848084,1085949126.0
2018-06-27,15.56,15.6,14.29,14.57,46486494,899775740.0
2018-06-28,14.31,14.77,13.99,14.09,32766924,611324248.0
2018-06-29,14.02,14.84,14.02,14.67,29874356,562774402.0
2018-07-02,14.63,14.64,13.37,13.59,55556257,997356592.0
2018-07-03,13.67,13.8,12.9,13.7,51021366,888995981.0
2018-07-04,13.53,13.77,13.23,13.25,21710863,380779258.0
2018-07-05,13.25,13.5,13.09,13.24,17669972,305378443.0
2018-07-06,13.37,13.38,12.7,13.15,32660089,554677494.0
2018-07-09,13.25,13.68,13.17,13.66,26425415,464692808.0
2018-07-10,13.73,14.14,13.57,13.95,29660414,533916265.0
2018-07-11,13.6,13.61,13.2,13.43,23347253,405302908.0
2018-07-12,13.43,13.91,13.4,13.82,24472907,435991790.0
2018-07-13,14.09,14.25,13.65,13.94,26370966,476625617.0
2018-07-16,13.94,13.94,13.44,13.67,21364977,377741982.0
2018-07-17,13.61,13.61,13.24,13.41,21683946,377240350.0
2018-07-18,13.43,13.53,13.18,13.21,21564400,372570612.0
2018-07-19,13.36,13.4,12.99,13.1,21661731,371543924.0
2018-07-20,13.14,13.57,12.86,13.38,41255610,707441213.0
2018-07-23,13.24,14.07,13.18,13.97,43260876,771459160.0
2018-07-24,14.07,14.63,14.06,14.34,43315448,813872797.0
2018-07-25,14.46,14.47,14.13,14.29,18955154,351755510.0
2018-07-26,14.42,14.56,13.91,14.01,18291828,337858627.0
2018-07-27,14.07,14.28,13.87,14.1,13425582,245794311.0
2018-07-30,14.11,14.36,13.88,14.09,12892266,236307945.0
2018-07-31,14.06,14.67,14.01,14.64,37448757,703189311.0
2018-08-01,14.38,14.44,13.88,13.94,33148154,608504355.0
2018-08-02,13.82,13.82,13.09,13.37,28309645,492014193.0
2018-08-03,13.4,13.45,12.85,12.87,23275096,394860495.0
2018-08-06,12.77,12.87,12.26,12.4,28650645,466041468.0
2018-08-07,12.44,12.82,12.34,12.79,25831747,423666062.0
2018-08-08,12.82,12.97,12.4,12.43,20229524,334062450.0
2018-08-09,12.47,13.17,12.4,12.97,33984535,569922364.0
2018-08-10,13.22,13.69,13.22,13.3,38087453,665297662.0
2018-08-13,13.1,13.1,12.78,12.95,26470692,444638839.0
2018-08-14,13.01,13.17,12.76,13.07,21479246,362309015.0
2018-08-15,13.06,13.07,12.67,12.7,14438640,240108861.0
2018-08-16,12.62,12.89,12.38,12.8,15758108,260009266.0
2018-08-17,12.93,13.18,12.72,12.81,16330787,275432856.0
2018-08-20,12.98,13.32,12.83,13.2,21560482,366546064.0
2018-08-21,13.24,13.3,13.04,13.19,19659488,337088402.0
2018-08-22,13.1,13.19,13.0,13.11,12626676,214602699.0
2018-08-23,13.17,13.26,12.94,13.07,11256380,191681404.0
2018-08-24,13.07,13.07,12.7,12.81,20159402,336314506.0
2018-08-27,12.81,13.39,12.81,13.39,29404200,503755896.0
2018-08-28,13.36,13.54,13.3,13.4,14830666,258593528.0
2018-08-29,13.4,13.68,13.38,13.48,17270629,304281489.0
2018-08-30,13.44,13.65,13.3,13.32,14189180,248530507.0
2018-08-31,13.26,13.93,13.14,13.86,31438857,559458054.0
2018-09-03,13.73,14.03,13.48,13.63,25716074,456737146.0
2018-09-04,13.63,13.88,13.34,13.82,25066908,444288125.0
2018-09-05,13.68,13.72,13.3,13.3,17120747,299960556.0
2018-09-06,13.32,13.4,12.74,12.91,21510594,363864074.0
2018-09-07,12.9,13.23,12.83,13.01,17821218,301896070.0
2018-09-10,12.97,13.35,12.97,13.19,20740917,355680001.0
2018-09-11,13.2,13.36,13.04,13.06,14375026,245674745.0
2018-09-12,13.01,13.14,12.86,12.99,12728590,214992594.0
2018-09-13,13.19,13.23,13.02,13.19,9499641,161901054.0
2018-09-14,13.29,13.7,13.14,13.63,24004338,420490130.0
2018-09-17,13.48,13.75,13.4,13.47,16627547,292307953.0
2018-09-18,13.35,13.73,13.32,13.64,17216293,302397685.0
2018-09-19,13.64,14.85,13.63,14.65,57182789,1071861063.0
2018-09-20,14.51,14.94,14.46,14.78,44089404,845746039.0
2018-09-21,14.72,15.41,14.39,15.31,46757700,908725954.0
2018-09-25,14.63,14.64,14.14,14.41,47027698,881489875.0
2018-09-26,14.4,14.72,14.21,14.43,31192723,587275603.0
2018-09-27,14.39,14.47,14.21,14.31,17952533,333738729.0
2018-09-28,14.36,14.68,14.31,14.39,21915884,412352995.0
2018-10-08,13.92,13.97,13.47,13.59,28811840,512808756.0
2018-10-09,13.5,13.67,13.33,13.42,17113300,298810565.0
2018-10-10,13.46,13.62,13.17,13.59,17097512,298275413.0
2018-10-11,13.24,13.32,12.32,12.4,32036449,535070305.0
2018-10-12,12.32,13.04,12.32,12.97,25879106,427531493.0
2018-10-15,13.0,13.17,12.66,12.7,18266298,305518580.0
2018-10-16,12.8,12.95,12.48,12.56,14356274,237115387.0
2018-10-17,12.78,12.91,12.4,12.7,14317761,235703990.0
2018-10-18,12.62,12.64,12.33,12.5,12557254,204144541.0
2018-10-19,12.57,13.09,12.39,13.01,21479997,357771900.0
2018-10-22,13.16,14.1,13.14,13.84,40161544,715834417.0
2018-10-23,13.97,13.98,13.27,13.39,24053326,423227147.0
2018-10-24,13.39,13.97,13.34,13.56,25094559,444288302.0
2018-10-25,13.18,14.23,13.08,14.22,40596898,732272709.0
2018-10-26,14.27,15.0,13.99,14.24,36238632,681783904.0
2018-10-29,14.44,14.51,13.63,13.9,22628704,414264894.0
2018-10-30,14.11,14.54,13.75,14.35,23801955,441971477.0
2018-10-31,14.34,14.68,14.11,14.47,18711929,350928378.0
2018-11-01,15.01,15.31,14.52,14.59,32748410,631867697.0
2018-11-02,15.02,15.02,14.08,14.44,52015433,969265342.0
2018-11-05,14.36,14.36,13.95,14.11,22776991,416454179.0
2018-11-06,14.11,14.26,13.94,14.19,17170988,315127893.0
2018-11-07,14.18,14.31,13.96,14.04,13113501,240333846.0
2018-11-08,14.17,14.27,13.87,13.94,14283978,260756282.0
2018-11-09,13.86,13.98,13.62,13.65,14588428,260561199.0
2018-11-12,13.59,13.9,13.57,13.85,9686353,173570458.0
2018-11-13,13.64,14.19,13.6,14.1,16757563,305394252.0
2018-11-14,14.21,14.44,14.09,14.37,24389817,453132350.0
2018-11-15,14.33,14.49,14.24,14.41,13206038,246895992.0
2018-11-16,14.4,14.59,14.09,14.4,21652749,403150999.0
2018-11-19,14.47,15.01,14.47,14.96,36054978,696408690.0
2018-11-20,14.82,15.24,14.48,14.58,21644310,416908132.0
2018-11-21,14.35,14.98,14.35,14.78,21861679,420253110.0
2018-11-22,14.78,14.87,14.37,14.41,17184823,323119688.0
2018-11-23,14.41,14.44,14.13,14.18,12033565,222607429.0
2018-11-26,14.32,14.44,14.08,14.27,11071606,205753238.0
2018-11-27,14.27,14.31,14.02,14.14,9339828,171654348.0
2018-11-28,14.15,14.59,14.11,14.51,15545676,291656335.0
2018-11-29,14.61,14.9,14.21,14.26,12128206,228803000.0
2018-11-30,14.25,14.51,14.08,14.51,8876216,165433132.0
2018-12-03,14.85,14.85,14.23,14.59,29431493,553656272.0
2018-12-04,14.56,14.57,14.0,14.19,26472881,488573827.0
2018-12-05,14.0,14.28,13.94,14.2,14023606,258395644.0
2018-12-06,13.94,14.17,13.91,14.01,11606144,210808359.0
2018-12-07,13.98,14.19,13.96,14.02,8282953,151222642.0
2018-12-10,13.89,14.03,13.79,13.83,8836206,159380427.0
2018-12-11,13.81,14.14,13.74,14.12,10268080,187293772.0
2018-12-12,14.37,14.45,14.26,14.31,18228100,339671539.0
2018-12-13,14.44,14.79,14.43,14.64,28382803,539780079.0
2018-12-14,14.57,14.8,14.25,14.31,19245526,360928437.0
2018-12-17,14.4,14.5,14.15,14.43,13352236,248750239.0
2018-12-18,14.26,14.4,13.87,13.93,16359662,299371885.0
2018-12-19,14.04,14.27,13.8,13.8,12873005,233953087.0
2018-12-20,13.84,14.05,13.4,13.48,18887957,334124318.0
2018-12-21,13.42,13.47,12.9,13.09,25793481,436509465.0
2018-12-24,12.97,13.09,12.78,13.04,16975587,285642650.0
2018-12-25,13.07,13.22,12.84,13.16,15121971,256934618.0
2018-12-26,13.17,13.2,13.0,13.12,8669465,147629581.0
2018-12-27,13.26,13.45,12.97,13.05,12566290,215213632.0
2018-12-28,13.05,13.36,13.03,13.36,15385643,264258139.0
2019-01-02,13.32,13.34,12.92,12.96,13712028,232577828.0
2019-01-03,12.9,13.17,12.9,13.04,9917797,168210865.0
2019-01-04,12.97,13.39,12.9,13.37,16798909,288853326.0
2019-01-07,13.55,13.82,13.5,13.57,23166757,409942288.0
2019-01-08,13.64,13.66,13.44,13.58,12768559,224950596.0
2019-01-09,13.78,13.83,13.55,13.59,15926927,283533629.0
2019-01-10,13.44,13.57,13.39,13.4,10722629,187705904.0
2019-01-11,13.52,13.64,13.43,13.61,10705377,188519422.0
2019-01-14,13.48,13.61,13.28,13.39,9912268,172881595.0
2019-01-15,13.34,13.69,13.09,13.66,14944439,260845689.0
2019-01-16,13.55,13.74,13.52,13.64,9453106,167337130.0
2019-01-17,14.09,14.28,13.93,13.95,38862319,709672380.0
2019-01-18,14.04,14.18,13.86,14.16,19392602,353753885.0
2019-01-21,14.13,14.3,14.03,14.15,12980281,239016760.0
2019-01-22,14.1,14.31,14.0,14.02,15719049,289410281.0
2019-01-23,14.06,14.27,13.97,14.14,15022448,275645157.0
2019-01-24,14.24,14.24,13.92,14.17,11488835,210605873.0
2019-01-25,14.24,14.51,14.17,14.38,20037389,374772848.0
2019-01-28,14.41,14.63,14.08,14.19,18993957,351962007.0
2019-01-29,14.07,14.52,14.07,14.49,15926382,297050222.0
2019-01-30,14.49,14.82,14.41,14.56,23294765,443050443.0
2019-01-31,14.71,14.84,14.57,14.84,18086105,346007561.0
2019-02-01,14.94,14.96,14.31,14.64,18431747,347762819.0
2019-02-11,14.49,14.9,14.44,14.87,18620084,354772382.0
2019-02-12,14.79,15.19,14.6,14.9,24027794,464517994.0
2019-02-13,14.91,15.44,14.81,15.31,24427013,482113329.0
2019-02-14,15.28,15.47,15.11,15.28,22291670,441528465.0
2019-02-15,15.24,15.28,14.78,14.79,21048831,410272339.0
2019-02-18,15.01,15.45,15.01,15.44,25578202,506463120.0
2019-02-19,16.01,16.08,15.36,15.49,72087501,1470337518.0
2019-02-20,15.51,16.6,15.51,16.36,85863220,1806902448.0
2019-02-21,16.46,16.53,16.02,16.21,43422604,916307190.0
2019-02-22,16.05,16.21,15.79,16.13,38631173,801795643.0
2019-02-25,16.14,16.98,16.01,16.81,78249581,1673198837.0
2019-02-26,16.77,16.8,16.21,16.26,55223675,1180132561.0
2019-02-27,16.28,16.92,16.28,16.56,61993008,1340344194.0
2019-02-28,16.55,16.69,16.25,16.32,26479839,565686313.0
2019-03-01,16.36,16.42,15.95,16.34,34574640,726305528.0
2019-03-04,16.38,17.45,16.38,16.9,79480899,1751412886.0
2019-03-05,17.06,17.39,16.66,16.8,53468726,1181296487.0
2019-03-06,16.8,16.85,16.48,16.71,41273917,889705309.0
2019-03-07,16.67,16.67,16.19,16.35,45566414,968608019.0
2019-03-08,16.17,16.25,15.88,15.96,29566352,615211883.0
2019-03-11,15.74,16.21,15.41,16.17,35491877,726468873.0
2019-03-12,16.21,16.42,16.12,16.38,38277503,810096238.0
2019-03-13,16.21,16.69,16.21,16.62,40673534,871100327.0
2019-03-14,16.68,16.82,16.18,16.28,22474852,478099077.0
2019-03-15,16.2,16.67,16.2,16.44,26440314,564951586.0
2019-03-18,16.52,17.19,16.23,17.13,46506494,1013197494.0
2019-03-19,17.16,17.37,16.75,16.85,34147078,753926229.0
2019-03-20,16.88,17.59,16.65,17.43,52723783,1178014214.0
2019-03-21,17.44,17.73,17.21,17.34,32872160,745642441.0
2019-03-22,17.23,17.48,16.94,17.42,21684976,484073459.0
2019-03-25,17.17,17.17,16.69,16.84,39824185,875542373.0
2019-03-26,16.94,17.34,16.68,17.07,39702075,881571379.0
2019-03-27,17.08,17.36,16.92,17.25,24831233,554960759.0
2019-03-28,17.11,17.42,17.06,17.17,19214592,429458521.0
2019-03-29,17.15,17.77,17.06,17.74,47306129,1079805072.0
2019-04-01,17.86,18.42,17.81,17.94,47735416,1119397383.0
2019-04-02,18.08,18.11,17.77,17.92,30662950,712893375.0
2019-04-03,18.01,18.26,17.74,18.16,28487776,666359911.0
2019-04-04,18.16,18.63,18.11,18.4,34471098,821378671.0
2019-04-08,18.56,18.92,18.21,18.34,31302619,752960126.0
2019-04-09,18.47,18.58,18.09,18.41,30284781,718300927.0
2019-04-10,18.42,18.44,17.91,18.01,23252049,545044474.0
2019-04-11,18.01,18.26,17.43,17.48,28579084,656959011.0
2019-04-12,17.59,17.75,17.29,17.42,18210157,414402508.0
2019-04-15,17.71,18.02,17.44,17.47,36848991,846924861.0
2019-04-16,17.55,17.85,17.29,17.84,33537543,763712696.0
2019-04-17,17.83,17.83,17.42,17.52,26426874,602070817.0
2019-04-18,17.49,17.57,17.39,17.52,16239008,368083252.0
2019-04-19,17.5,17.61,17.39,17.52,14810192,336480218.0
2019-04-22,17.32,17.32,16.73,16.75,35665591,784277028.0
2019-04-23,16.75,17.12,16.73,16.85,19240295,423561384.0
2019-04-24,16.99,17.15,16.85,17.05,18585420,410183224.0
2019-04-25,16.95,17.15,16.69,16.77,13114113,288213537.0
2019-04-26,16.71,16.94,16.45,16.51,15903367,343925754.0
2019-04-29,16.63,16.84,16.42,16.82,20924389,452311532.0
2019-04-30,16.5,17.01,16.32,16.94,20211221,439121900.0
2019-05-06,16.48,16.63,15.33,15.88,33553853,697990763.0
2019-05-07,16.03,16.36,15.78,16.22,20496831,430986457.0
2019-05-08,16.01,16.38,15.91,16.15,18084327,380982719.0
2019-05-09,15.98,16.21,15.68,15.76,15575165,320824296.0
2019-05-10,15.98,16.25,15.49,16.25,17457032,363120483.0
2019-05-13,15.98,16.17,15.76,16.17,12879691,266413955.0
2019-05-14,15.86,16.5,15.78,16.21,25700856,541793070.0
2019-05-15,16.32,16.55,16.14,16.42,16205611,344605650.0
2019-05-16,16.29,16.91,16.29,16.6,22556725,488640343.0
2019-05-17,16.6,16.65,16.17,16.25,12158470,257483510.0
2019-05-20,16.17,16.89,16.1,16.61,24942152,535479554.0
2019-05-21,16.6,16.79,16.38,16.42,17518061,376687636.0
2019-05-22,16.38,16.78,16.17,16.63,27578442,590920525.0
2019-05-23,16.48,16.49,16.21,16.39,14245646,302481408.0
2019-05-24,16.38,16.85,16.36,16.68,25748597,557620371.0
2019-05-27,16.65,16.84,16.45,16.84,17847954,387464065.0
2019-05-28,16.75,17.21,16.72,17.19,33674961,743563927.0
2019-05-29,16.98,17.08,16.67,16.9,12099530,264336243.0
2019-05-30,16.92,16.92,16.49,16.65,9539966,205612144.0
2019-05-31,16.62,16.98,16.54,16.72,18104391,395898774.0
2019-06-03,16.75,16.9,16.52,16.54,15293736,329947166.0
2019-06-04,16.55,16.85,16.33,16.48,18710360,403634765.0
2019-06-05,16.67,16.83,16.41,16.5,17410183,376048422.0
2019-06-06,16.5,16.55,16.07,16.18,15913133,336350217.0
2019-06-10,16.24,16.52,16.2,16.35,10228156,217522583.0
2019-06-11,16.4,16.76,16.4,16.65,14041643,302552907.0
2019-06-12,16.65,16.83,16.43,16.61,17196083,371011694.0
2019-06-13,16.54,16.57,16.25,16.35,10775436,228457211.0
2019-06-14,16.46,16.71,16.25,16.31,15013414,320604313.0
2019-06-17,16.26,16.38,16.18,16.19,6783662,143113833.0
2019-06-18,16.25,16.25,15.92,15.94,11492157,238655074.0
2019-06-19,16.25,16.3,15.83,15.92,12993191,270725592.0
2019-06-20,15.95,16.3,15.87,16.13,13878709,290302017.0
2019-06-21,16.25,16.39,16.11,16.38,14317245,302372157.0
2019-06-24,16.3,16.38,16.08,16.18,8985123,188955811.0
2019-06-25,16.19,16.25,15.94,16.22,7802089,163269554.0
2019-06-26,16.16,16.21,16.0,16.05,5270802,110009550.0
2019-06-27,16.08,16.37,16.05,16.18,10919641,230518052.0
2019-06-28,16.2,16.22,16.04,16.09,5358615,112001809.0
2019-07-01,16.25,16.59,16.11,16.55,23555039,499970042.0
2019-07-02,16.47,16.68,16.28,16.63,17915701,382980849.0
2019-07-03,16.56,16.98,16.47,16.85,18177556,396999517.0
2019-07-04,16.9,17.31,16.86,16.98,17162482,381454278.0
2019-07-05,17.09,17.1,16.78,16.93,10850630,238383719.0
2019-07-08,16.82,17.02,16.47,16.74,9397849,204045175.0
2019-07-09,16.75,16.95,16.62,16.75,9546970,208197970.0
2019-07-10,16.96,17.01,16.65,16.74,9153302,199383756.0
2019-07-11,17.02,17.02,16.38,16.4,14504970,301175162.0
2019-07-12,16.39,16.9,16.35,16.78,16619769,347634251.0
2019-07-15,16.72,17.01,16.49,16.77,10992311,230710924.0
2019-07-16,16.79,16.83,16.59,16.6,10568551,220331219.0
2019-07-17,16.62,16.97,16.57,16.82,10257048,216162318.0
2019-07-18,16.89,16.89,16.55,16.68,6023880,125891248.0
2019-07-19,16.81,17.26,16.81,17.09,14963718,320600692.0
2019-07-22,17.06,17.39,16.97,17.22,16396930,353791906.0
2019-07-23,17.12,17.22,16.7,16.87,14356170,303408166.0
2019-07-24,16.91,16.94,16.74,16.79,11096974,233653222.0
2019-07-25,16.74,16.81,16.63,16.78,8874524,185907024.0
2019-07-26,16.63,16.89,16.63,16.82,6864280,144312435.0
2019-07-29,16.71,16.96,16.71,16.74,7516533,158338146.0
2019-07-30,16.84,17.0,16.72,16.88,8185620,173462167.0
2019-07-31,16.74,16.75,16.45,16.48,15438163,319967989.0
2019-08-01,16.38,16.48,15.92,16.0,19427004,391697003.0
2019-08-02,15.66,15.95,15.35,15.83,18956080,371979582.0
2019-08-05,15.61,15.72,15.46,15.48,14776459,288223309.0
2019-08-06,15.42,15.66,15.19,15.51,17312106,335021338.0
2019-08-07,15.6,15.81,15.6,15.72,9221151,181330025.0
2019-08-08,15.71,15.8,15.64,15.76,8021414,158019648.0
2019-08-09,15.62,15.65,15.17,15.44,22342547,429351001.0
2019-08-12,15.44,15.74,15.36,15.6,9287588,181375210.0
2019-08-13,15.54,15.72,15.36,15.5,7752564,150311647.0
2019-08-14,15.71,15.72,15.28,15.31,8021002,154745200.0
2019-08-15,15.18,15.68,15.1,15.61,9804195,189979743.0
2019-08-16,15.61,15.76,15.51,15.52,5627951,110080480.0
2019-08-19,16.46,16.85,16.18,16.47,48551455,998549241.0
2019-08-20,16.47,16.74,16.35,16.48,16883801,349373030.0
2019-08-21,16.42,16.43,16.0,16.06,16904707,342205413.0
2019-08-22,16.15,16.2,15.96,16.07,18127710,364478950.0
2019-08-23,16.08,16.31,16.01,16.27,15554921,314774660.0
2019-08-26,15.85,16.28,15.76,16.27,13733601,276708458.0
2019-08-27,16.26,16.47,16.06,16.31,25913290,531019279.0
2019-08-28,16.42,16.43,16.22,16.33,7524298,153706936.0
2019-08-29,16.23,16.33,15.73,15.76,20243345,403184219.0
2019-08-30,15.97,15.97,15.7,15.78,8276914,163610283.0
2019-09-02,15.84,15.91,15.64,15.73,9082482,179222942.0
2019-09-03,15.7,15.85,15.6,15.66,11539812,226536386.0
2019-09-04,15.73,16.1,15.66,16.03,18128027,360926669.0
2019-09-05,16.03,16.4,16.0,16.04,17597756,356942027.0
2019-09-06,16.2,16.21,15.9,16.0,10358867,207027025.0
2019-09-09,16.08,16.25,15.98,16.12,15130956,303876768.0
2019-09-10,16.21,16.21,15.97,16.02,8247365,165323154.0
2019-09-11,16.06,16.11,15.82,16.05,10746084,215182677.0
2019-09-12,16.13,16.44,16.12,16.24,14500541,295491779.0
2019-09-16,16.22,16.25,16.08,16.15,7100626,143483907.0
2019-09-17,16.04,16.14,15.84,15.92,8445302,168916107.0
2019-09-18,16.03,16.08,15.84,15.84,9178587,183199832.0
2019-09-19,15.91,15.93,15.71,15.76,7310909,144551062.0
2019-09-20,15.83,15.93,15.66,15.9,16895744,333829673.0
2019-09-23,15.85,15.86,15.54,15.64,6711222,131275467.0
2019-09-24,15.71,15.73,15.55,15.57,7440343,145663034.0
2019-09-25,15.51,15.57,15.39,15.39,7640197,147597764.0
2019-09-26,15.39,15.48,15.24,15.28,14739194,283246373.0
2019-09-27,15.23,15.32,15.11,15.18,10326073,196669294.0
2019-09-30,15.12,15.4,15.12,15.17,9666449,184436344.0
2019-10-08,15.16,15.69,15.15,15.6,15497432,301724255.0
2019-10-09,15.48,15.97,15.45,15.79,14425788,285368829.0
2019-10-10,15.84,16.03,15.77,15.84,9926468,197300560.0
2019-10-11,16.05,16.08,15.82,15.97,10090344,201566602.0
2019-10-14,16.02,16.28,15.96,16.14,19230372,388314553.0
2019-10-15,16.22,16.22,15.91,15.95,6205795,124370652.0
2019-10-16,16.06,16.42,16.01,16.09,14469808,293282410.0
2019-10-17,16.09,16.12,15.74,15.89,12355150,246186290.0
2019-10-18,15.96,16.1,15.53,15.66,11352216,223830994.0
2019-10-21,15.66,15.93,15.66,15.8,6422088,127329700.0
2019-10-22,15.94,15.98,15.68,15.79,5593753,110544344.0
2019-10-23,15.79,15.85,15.6,15.71,6488637,127189849.0
2019-10-24,15.73,15.85,15.58,15.75,6223789,122574128.0
2019-10-25,15.82,15.9,15.59,15.76,8968483,176095467.0
2019-10-28,15.73,15.84,15.51,15.6,10664929,208086654.0
2019-10-29,15.65,15.69,15.44,15.47,8933724,173683007.0
2019-10-30,15.44,15.56,15.1,15.2,15863011,303356917.0
2019-10-31,15.2,15.3,14.89,14.96,16189024,303773075.0
2019-11-01,14.96,15.23,14.82,15.13,8499687,160401529.0
2019-11-04,15.25,15.31,15.08,15.21,9659888,183288063.0
2019-11-05,15.28,15.4,15.03,15.3,11854761,226735728.0
2019-11-06,15.29,15.31,15.03,15.1,6772118,128136026.0
2019-11-07,15.08,15.18,15.04,15.08,5799791,109572424.0
2019-11-08,15.09,15.16,14.92,14.95,9729938,182614644.0
2019-11-11,14.87,15.0,14.78,14.8,8733235,162188921.0
2019-11-12,14.94,14.99,14.75,14.89,6796284,126629018.0
2019-11-13,14.84,14.9,14.61,14.69,8647877,159087313.0
2019-11-14,14.76,14.76,14.54,14.59,8631079,157835577.0
2019-11-15,14.68,14.76,14.51,14.62,7854102,143805005.0
2019-11-18,14.62,14.68,14.41,14.49,8637190,157324960.0
2019-11-19,14.49,14.79,14.46,14.76,5662642,103956729.0
2019-11-20,14.58,14.79,14.58,14.61,4606939,84726640.0
2019-11-21,14.57,14.76,14.53,14.7,5851386,107274929.0
2019-11-22,14.77,14.8,14.55,14.65,6679915,122492964.0
2019-11-25,14.69,15.08,14.62,15.0,13976182,262226450.0
2019-11-26,15.12,15.2,14.94,15.2,17096849,323530379.0
2019-11-27,15.08,15.16,14.72,14.84,8982939,167302656.0
2019-11-28,14.86,14.88,14.57,14.65,6527281,119693897.0
2019-11-29,14.55,14.69,14.41,14.47,7662960,138847472.0
2019-12-02,14.53,14.69,14.48,14.67,3858210,70571003.0
2019-12-03,14.53,14.93,14.53,14.88,7727077,143332195.0
2019-12-04,14.85,14.92,14.74,14.88,6549729,121716818.0
2019-12-05,14.96,14.98,14.82,14.89,6922203,129256876.0
2019-12-06,14.94,15.0,14.84,15.0,6159562,115085582.0
2019-12-09,15.1,15.44,15.08,15.23,12345136,235665587.0
2019-12-10,15.22,15.23,15.09,15.1,5439794,103120080.0
2019-12-11,15.1,15.37,15.1,15.2,8938472,170576087.0
2019-12-12,15.25,15.29,15.1,15.18,9370129,178281865.0
2019-12-13,15.3,15.36,15.23,15.24,20785822,398569515.0
2019-12-16,15.24,15.56,15.2,15.5,17245484,332739475.0
2019-12-17,15.52,16.0,15.42,15.7,19603996,385587797.0
2019-12-18,15.7,16.02,15.7,15.86,15347578,305597696.0
2019-12-19,15.86,16.02,15.82,15.88,10965719,218735327.0
2019-12-20,15.99,16.2,15.89,15.98,13663592,274074693.0
2019-12-23,16.1,16.11,15.78,15.84,12386643,246888557.0
2019-12-24,15.76,15.84,15.52,15.68,5467820,106899999.0
2019-12-25,15.68,15.68,15.48,15.61,4316987,84150264.0
2019-12-26,15.65,15.97,15.65,15.88,6885774,136731381.0
2019-12-27,15.88,15.96,15.71,15.79,9527459,189163316.0
2019-12-30,15.8,15.98,15.69,15.96,13465910,267815884.0
2019-12-31,15.96,16.0,15.79,15.88,11105684,220881051.0
2020-01-02,15.97,16.35,15.97,16.24,16155443,328587988.0
2020-01-03,16.34,16.36,16.07,16.24,9717988,196848915.0
2020-01-06,16.1,16.23,15.75,15.91,15483394,309098985.0
2020-01-07,15.96,16.07,15.9,16.01,7676295,153397693.0
2020-01-08,15.83,15.96,15.44,15.56,17432736,340691587.0
2020-01-09,15.75,15.86,15.67,15.82,9739342,192307890.0
2020-01-10,15.87,15.89,15.64,15.68,8961518,176342179.0
2020-01-13,15.69,15.78,15.6,15.72,9490688,186100205.0
2020-01-14,15.75,15.82,15.52,15.57,11551830,226383032.0
2020-01-15,15.52,15.56,15.34,15.36,10555157,203722261.0
2020-01-16,15.42,15.46,15.1,15.2,14472694,275639100.0
2020-01-17,15.3,15.31,14.91,15.08,15697267,295422943.0
2020-01-20,15.08,15.08,14.85,14.91,13830273,258229908.0
2020-01-21,14.84,14.94,14.62,14.69,16589006,305165821.0
2020-01-22,14.61,14.92,14.58,14.88,15129312,280111837.0
2020-01-23,14.75,14.83,14.42,14.49,17481138,318079177.0
2020-02-03,13.04,13.2,13.04,13.04,23235704,379354430.0
2020-02-04,12.7,13.13,12.7,13.09,24953842,404748824.0
2020-02-05,13.1,13.33,12.9,13.24,17894848,295689536.0
2020-02-06,13.37,13.37,13.07,13.27,15750784,260758067.0
2020-02-07,13.14,13.2,12.98,13.15,19948151,327054782.0
2020-02-10,13.12,13.66,13.02,13.59,18153157,305606528.0
2020-02-11,13.65,13.83,13.51,13.72,11977193,205874609.0
2020-02-12,13.72,13.83,13.62,13.77,9245074,159109525.0
2020-02-13,13.85,14.3,13.81,14.06,19062208,337514370.0
2020-02-14,14.12,14.54,14.05,14.42,16878833,303400999.0
2020-02-17,14.37,14.54,14.3,14.44,14454521,260930501.0
2020-02-18,14.41,14.42,14.13,14.33,13656333,243550063.0
2020-02-19,14.34,14.5,14.2,14.38,11632963,209388972.0
2020-02-20,14.38,14.45,14.25,14.39,11625647,208825407.0
2020-02-21,14.39,14.44,14.22,14.38,11828496,212208860.0
2020-02-24,14.3,14.34,14.06,14.11,14115473,250131636.0
2020-02-25,13.99,14.29,13.92,13.96,14814898,260472838.0
2020-02-26,13.82,14.49,13.82,14.15,17049385,304437931.0
2020-02-27,14.18,14.29,13.94,13.96,10239841,180065286.0
2020-02-28,13.82,14.31,13.65,13.85,17742405,309159042.0
2020-03-02,13.82,14.89,13.82,14.8,36613955,669928561.0
2020-03-03,14.88,15.02,14.49,14.8,21393896,393090980.0
2020-03-04,14.92,15.52,14.78,15.43,30084696,573663902.0
2020-03-05,15.35,15.4,15.06,15.34,15527129,295767761.0
2020-03-06,15.15,15.34,14.92,14.96,9075397,170505771.0
2020-03-09,14.5,14.91,14.48,14.65,13048305,239116632.0
2020-03-10,14.7,15.16,14.49,14.72,10508665,194553957.0
2020-03-11,14.91,14.91,14.53,14.54,7867559,143711295.0
2020-03-12,14.42,14.45,14.11,14.25,10639111,189643166.0
2020-03-13,13.67,14.15,13.61,14.0,10212561,177332137.0
2020-03-16,14.13,14.13,13.39,13.55,14761212,252749371.0
2020-03-17,13.5,13.83,13.29,13.4,13669675,230454141.0
2020-03-18,13.49,13.57,13.17,13.2,10471476,175113806.0
2020-03-19,13.11,13.28,12.74,12.95,9609248,156312815.0
2020-03-20,13.27,13.54,13.02,13.53,22314224,371106203.0
2020-03-23,13.11,13.14,12.86,12.97,10326949,167885890.0
2020-03-24,13.09,13.3,13.04,13.16,9411923,155037654.0
2020-03-25,13.4,13.72,13.19,13.7,15278164,257611530.0
2020-03-26,13.52,13.6,13.42,13.46,5575486,94196908.0
2020-03-27,13.59,13.81,13.45,13.45,12750584,216685214.0
2020-03-30,13.18,13.4,13.07,13.13,8765244,144512355.0
2020-03-31,13.21,13.37,13.02,13.17,5636463,92928335.0
2020-04-01,13.25,13.29,13.1,13.18,8203442,135520829.0
2020-04-02,13.08,13.27,13.04,13.27,5035981,83060606.0
2020-04-03,13.28,13.28,13.1,13.14,5037148,82925017.0
2020-04-07,13.33,13.41,13.27,13.36,7659432,127746733.0
2020-04-08,13.34,13.34,13.17,13.27,4408258,73083649.0
2020-04-09,13.37,13.42,13.25,13.26,4604591,76748618.0
2020-04-10,13.38,13.39,13.17,13.25,6734764,111916009.0
2020-04-13,13.25,13.35,13.19,13.3,7903171,131466700.0
2020-04-14,13.23,13.41,13.21,13.36,12011166,200231481.0
2020-04-15,13.35,13.44,13.19,13.36,8475854,141660017.0
2020-04-16,13.33,13.38,13.19,13.29,7444155,123441548.0
2020-04-17,13.42,13.54,13.25,13.41,12198663,204407708.0
2020-04-20,13.45,13.45,13.23,13.41,9622640,160821792.0
2020-04-21,13.35,13.57,13.27,13.27,10550954,176815129.0
2020-04-22,13.2,13.33,13.13,13.27,6695859,110925631.0
2020-04-23,13.42,13.78,13.34,13.72,15362677,261609205.0
2020-04-24,13.78,13.8,13.6,13.7,10584331,181217739.0
2020-04-27,13.77,13.81,13.5,13.54,7281393,124622822.0
2020-04-28,13.69,13.97,13.28,13.54,10142035,172164966.0
2020-04-29,13.34,13.92,13.29,13.88,12794739,218314260.0
2020-04-30,13.81,13.94,13.68,13.68,10992372,189738089.0
2020-05-06,13.49,13.58,13.35,13.44,14699417,246575989.0
2020-05-07,13.37,13.44,13.27,13.29,8603630,143455365.0
2020-05-08,13.29,13.38,13.24,13.31,10369213,172597039.0
2020-05-11,13.37,13.42,13.29,13.37,6780740,113334733.0
2020-05-12,13.39,13.39,13.25,13.29,5009024,83425502.0
2020-05-13,13.25,13.33,13.16,13.28,4913353,81334406.0
2020-05-14,13.26,13.26,13.01,13.02,8152657,133847150.0
2020-05-15,13.1,13.22,13.06,13.09,5255963,86398432.0
2020-05-18,13.05,13.18,12.97,13.1,6544785,107397142.0
2020-05-19,13.17,13.21,13.07,13.11,6105197,100194126.0
2020-05-20,13.14,13.14,13.03,13.06,3894563,63737841.0
2020-05-21,13.13,13.15,13.05,13.07,5150966,84394996.0
2020-05-22,13.04,13.06,12.78,12.78,6401829,103164249.0
2020-05-25,12.78,12.98,12.72,12.93,3391933,54684180.0
2020-05-26,12.91,12.98,12.87,12.97,2714393,43932862.0
2020-05-27,12.91,12.98,12.86,12.88,3758574,60700576.0
2020-05-28,12.91,13.2,12.9,12.94,5539936,90534054.0
2020-05-29,12.94,12.98,12.79,12.81,10573063,169781254.0
2020-06-08,13.45,13.97,13.26,13.49,26588516,450338163.0
2020-06-09,13.5,13.68,13.42,13.57,11374017,193059154.0
2020-06-10,13.58,13.61,13.33,13.35,11908456,199632884.0
2020-06-11,13.37,13.49,13.2,13.21,10125472,168726817.0
2020-06-12,13.02,13.16,12.95,13.1,13817103,226251607.0
2020-06-15,13.09,13.34,13.09,13.1,13698529,225976913.0
2020-06-16,13.22,13.39,13.17,13.33,11789158,196598848.0
2020-06-17,13.43,13.43,13.17,13.22,6886316,114212345.0
2020-06-18,13.22,13.38,13.18,13.36,7714206,128695137.0
2020-06-19,13.33,13.4,13.21,13.32,13494361,224869091.0
2020-06-22,13.29,13.41,13.21,13.21,9810856,163191737.0
2020-06-23,13.22,13.26,13.07,13.14,8559438,140878566.0
2020-06-24,13.18,13.49,13.16,13.33,12800517,213988073.0
2020-06-29,13.3,13.33,13.09,13.09,9356672,154010637.0
2020-06-30,13.19,13.21,13.05,13.14,12878341,211412501.0
2020-07-01,13.14,13.94,13.06,13.79,35873758,609458310.0
2020-07-02,13.67,14.13,13.66,14.02,35600590,621641133.0
2020-07-03,14.08,14.29,13.84,14.04,27559695,483792114.0
2020-07-06,14.28,15.43,14.26,15.42,43634041,817825501.0
2020-07-07,15.5,15.98,14.91,15.0,57667984,1106717981.0
2020-07-08,14.84,15.0,14.47,14.83,50034890,919829847.0
2020-07-09,14.82,15.88,14.7,15.28,52049452,989777134.0
2020-07-10,15.1,15.98,15.02,15.86,69024443,1346809915.0
2020-07-13,15.97,16.27,15.28,15.82,55565766,1092463829.0
2020-07-14,15.56,15.74,15.04,15.17,46540421,894975957.0
2020-07-15,15.26,15.38,14.5,14.52,37249650,687131614.0
2020-07-16,14.63,14.92,14.36,14.39,26693429,489323257.0
2020-07-17,14.41,14.72,14.22,14.64,18935246,343298095.0
2020-07-20,14.75,15.1,14.54,15.0,21226430,395207749.0
2020-07-21,15.0,15.06,14.78,14.92,17923749,333563679.0
2020-07-22,14.92,15.15,14.73,15.08,20015483,375725990.0
2020-07-23,14.9,14.9,14.42,14.53,25831719,451358774.0
2020-07-24,14.46,14.67,14.09,14.27,19365688,332695448.0
2020-07-27,14.28,14.41,14.01,14.07,10685339,180449141.0
2020-07-28,14.16,14.35,13.89,14.27,16505076,280539476.0
2020-07-29,14.29,14.43,14.17,14.39,10643494,182612698.0
2020-07-30,14.39,14.39,14.17,14.27,15275275,260602039.0
2020-07-31,14.27,14.41,14.12,14.26,15728474,268779470.0
2020-08-03,14.31,14.66,14.27,14.61,25533947,440388747.0
2020-08-04,14.55,14.81,14.38,14.63,30829213,538016532.0
2020-08-05,14.54,14.56,14.27,14.33,16760784,288171868.0
2020-08-06,14.37,14.46,14.19,14.37,14769164,253273098.0
2020-08-07,14.3,14.32,13.98,14.08,14672815,248500528.0
2020-08-10,14.11,14.37,14.07,14.37,15931231,272298702.0
2020-08-11,14.46,14.49,14.11,14.11,14509724,249023472.0
2020-08-12,14.09,14.33,13.96,14.3,15902237,268935442.0
2020-08-13,14.23,14.39,14.22,14.22,7911840,135131870.0
2020-08-14,14.23,14.54,14.09,14.47,18188868,313218244.0
2020-08-17,14.47,14.84,14.44,14.58,22863973,400984823.0
2020-08-18,14.55,14.57,14.3,14.39,15830998,273219905.0
2020-08-19,14.42,14.43,14.22,14.26,12223523,209433770.0
2020-08-20,14.27,14.33,14.13,14.17,9119208,155079217.0
2020-08-21,14.27,14.35,14.17,14.3,8933101,152435377.0
2020-08-24,14.35,14.46,14.17,14.24,11579155,197874215.0
2020-08-25,14.17,14.27,14.07,14.13,11786916,199410242.0
2020-08-26,14.11,14.11,13.75,13.81,16667838,276971363.0
2020-08-27,13.81,13.93,13.56,13.71,11085065,181510389.0
2020-08-28,13.69,13.95,13.62,13.86,10474674,172932214.0
2020-08-31,13.84,14.02,13.71,13.96,11451926,189551435.0
2020-09-01,13.8,13.82,13.65,13.74,6741954,110778786.0
2020-09-02,13.74,14.21,13.62,14.01,17988031,298331547.0
2020-09-03,13.71,13.9,13.71,13.76,10870466,179247823.0
2020-09-04,13.66,13.82,13.6,13.76,8270661,135619307.0
2020-09-07,13.72,13.93,13.62,13.62,10014054,164980862.0
2020-09-08,13.64,13.75,13.57,13.71,9936052,162621180.0
2020-09-09,13.61,13.68,13.52,13.52,9236487,150094614.0
2020-09-10,13.56,13.81,13.45,13.51,11340890,184436543.0
2020-09-11,13.47,13.5,13.38,13.41,7890642,126682097.0
2020-09-14,13.41,13.47,13.24,13.3,7703657,122884439.0
2020-09-15,13.3,13.32,13.12,13.16,12534804,198130758.0
2020-09-16,13.09,13.17,12.95,13.05,13563744,211583344.0
2020-09-17,13.08,13.12,12.93,12.95,11814356,183548105.0
2020-09-18,12.95,13.39,12.91,13.36,17790531,281023965.0
2020-09-21,13.39,13.39,13.2,13.25,8107012,128655921.0
2020-09-22,13.2,13.3,13.05,13.05,7308767,115079993.0
2020-09-24,13.08,13.3,12.89,13.03,10599127,165389537.0
2020-09-25,13.04,13.1,12.79,12.82,6974875,107619725.0
2020-09-28,12.89,13.04,12.76,12.79,8890061,137402386.0
2020-09-29,12.89,12.92,12.7,12.71,8305680,126816424.0
2020-09-30,12.73,12.78,12.54,12.66,8852134,133978607.0
2020-10-09,12.69,12.79,12.68,12.69,9148666,139381987.0
2020-10-12,13.04,13.5,13.04,13.17,35317309,558979581.0
2020-10-13,13.2,13.2,13.0,13.15,17394690,271952784.0
2020-10-14,13.17,13.17,12.84,12.85,15293248,237068055.0
2020-10-15,12.95,12.98,12.84,12.86,7921057,122162507.0
2020-10-16,12.82,12.89,12.74,12.85,10087017,154706315.0
2020-10-19,12.9,13.1,12.69,12.75,14589313,224271764.0
2020-10-20,12.72,12.81,12.58,12.79,9577291,145537048.0
2020-10-21,12.8,12.85,12.69,12.77,6792624,103575421.0
2020-10-22,12.77,12.83,12.7,12.79,6284243,96032302.0
2020-10-23,12.77,12.84,12.73,12.79,7517563,115181571.0
2020-10-26,12.79,12.83,12.64,12.69,6846649,104093918.0
2020-10-27,12.69,12.69,12.56,12.59,6902802,104028725.0
2020-10-28,12.59,12.59,12.25,12.28,15412089,227234671.0
2020-10-29,12.17,12.25,12.04,12.13,12811014,186081353.0
2020-10-30,12.12,12.23,11.72,11.75,15179261,216941564.0
2020-11-02,11.77,11.85,11.46,11.51,15069964,209819852.0
2020-11-03,11.56,12.06,11.47,11.94,18321797,260122597.0
2020-11-04,11.98,12.02,11.78,11.85,9313050,132219244.0
2020-11-05,11.87,12.12,11.86,12.11,11460861,164892030.0
2020-11-06,12.16,12.19,12.0,12.15,7031472,101801099.0
2020-11-09,12.2,12.36,12.16,12.3,12227003,179631245.0
2020-11-10,12.37,12.47,12.18,12.23,8783768,129544822.0
2020-11-11,12.13,12.5,12.13,12.44,11446342,169773983.0
2020-11-12,12.44,12.47,12.22,12.22,6341405,93334199.0
2020-11-13,12.29,12.29,11.97,12.06,6295410,90927474.0
2020-11-16,12.08,12.22,12.03,12.17,6756905,98142039.0
2020-11-17,12.13,12.64,12.11,12.53,19871561,295899683.0
2020-11-18,12.51,12.6,12.38,12.55,9859782,147635116.0
2020-11-19,12.54,12.68,12.42,12.45,9463587,141563046.0
2020-11-20,12.45,12.46,12.15,12.28,12218810,179211562.0
2020-11-23,12.22,12.36,12.13,12.28,11859666,173635545.0
2020-11-24,12.26,12.37,12.15,12.19,9318301,136595900.0
2020-11-25,12.24,12.41,12.08,12.1,10455164,153085625.0
2020-11-26,12.05,12.14,11.85,11.89,13946900,199747647.0
2020-11-27,11.91,12.26,11.9,12.09,15844279,228539634.0
2020-11-30,12.16,12.49,12.16,12.25,22677503,334583547.0
2020-12-01,12.21,12.24,11.93,12.19,22406731,324144699.0
2020-12-02,12.33,12.39,12.18,12.18,21443092,315104514.0
2020-12-03,12.24,12.28,12.0,12.06,20323033,294007826.0
2020-12-04,12.07,12.09,11.69,11.79,28478006,403216380.0
2020-12-07,11.8,11.85,11.57,11.59,18367322,255656601.0
2020-12-08,11.59,11.64,11.49,11.55,12785323,176485682.0
2020-12-09,11.57,11.6,11.45,11.47,12020373,165667268.0
2020-12-10,11.46,11.54,11.45,11.48,9026645,123994835.0
2020-12-11,11.49,11.5,11.13,11.22,19801079,265698305.0
2020-12-14,11.22,11.38,11.12,11.3,10740386,145027864.0
2020-12-15,11.3,11.3,11.17,11.25,6532073,87781055.0
2020-12-16,11.27,11.39,11.2,11.32,8070766,109121919.0
2020-12-17,11.31,11.36,11.17,11.34,8520070,114979715.0
2020-12-18,11.33,11.41,11.26,11.26,7029152,95240444.0
2020-12-21,11.24,11.26,11.01,11.11,11198887,148968240.0
2020-12-22,11.1,11.27,11.01,11.06,9945561,132235826.0
2020-12-23,11.16,11.16,10.96,11.01,8304924,109389673.0
2020-12-24,10.99,11.05,10.86,10.91,7204183,94112552.0
2020-12-25,10.91,10.91,10.71,10.85,7891463,102070149.0
2020-12-28,10.82,10.82,10.61,10.62,10384483,133000105.0
2020-12-29,10.62,10.95,10.58,10.92,12046700,156295831.0
2020-12-30,10.85,10.96,10.82,10.85,6148166,80033926.0
2020-12-31,10.85,11.14,10.8,11.11,10886596,143635916.0
2021-01-04,10.99,11.02,10.75,10.81,16449383,213082328.0
2021-01-05,10.78,10.81,10.53,10.81,15951784,203133636.0
2021-01-06,10.71,10.94,10.69,10.82,13157637,170451414.0
2021-01-07,10.83,11.0,10.74,10.87,12847569,166462619.0
2021-01-08,10.76,11.21,10.76,11.09,18003488,237568501.0
2021-01-11,11.09,11.27,10.93,11.07,16624142,220835980.0
2021-01-12,11.07,11.15,10.81,10.96,13440009,175388084.0
2021-01-13,10.94,10.96,10.73,10.82,16522888,214028204.0
2021-01-14,10.78,11.16,10.78,11.03,14365046,189232122.0
2021-01-15,11.03,11.22,10.95,11.05,14070870,186959192.0
2021-01-18,11.06,11.19,10.96,11.12,14227134,188325564.0
2021-01-19,11.07,11.57,10.99,11.41,29137308,394808325.0
2021-01-20,11.36,11.41,11.06,11.11,18161164,242543145.0
2021-01-21,11.08,11.14,10.94,10.99,13992519,184235108.0
2021-01-22,11.01,11.01,10.7,10.71,14968245,193323641.0
2021-01-25,10.66,10.67,10.5,10.55,13499778,170598713.0
2021-01-26,10.55,10.66,10.24,10.35,13548472,169737733.0
2021-01-27,10.29,10.47,10.17,10.25,14056198,173373152.0
2021-01-28,10.17,10.25,9.94,9.97,15707943,188641987.0
2021-01-29,9.97,10.05,9.88,9.88,10182964,121343732.0
2021-02-01,9.89,10.0,9.74,9.93,11016301,130006180.0
2021-02-02,9.99,10.16,9.82,9.88,13805321,164932956.0
2021-02-03,9.9,9.91,9.61,9.73,12145730,141527697.0
2021-02-04,9.69,9.84,9.54,9.78,11998688,139443627.0
2021-02-05,9.79,10.0,9.79,9.9,10122188,119971565.0
2021-02-08,9.89,10.01,9.79,9.83,9986101,118223957.0
2021-02-09,9.84,9.89,9.62,9.89,8961661,104562156.0
2021-02-10,9.84,9.95,9.71,9.84,10783972,126507240.0
2021-02-18,9.95,10.24,9.95,10.15,14270917,172641310.0
2021-02-19,10.1,10.45,10.07,10.42,16960309,209579603.0
2021-02-22,10.48,10.8,10.45,10.65,19126841,243608947.0
2021-02-23,10.6,10.66,10.41,10.45,13169089,165917497.0
2021-02-24,10.5,10.67,10.45,10.54,15164114,191266858.0
2021-02-25,10.49,11.59,10.48,11.28,70533997,954136264.0
2021-02-26,11.12,11.16,10.74,10.75,35927360,467834811.0
2021-03-01,10.74,11.08,10.63,10.91,20330860,264390227.0
2021-03-02,10.89,11.1,10.74,10.81,14625977,190394193.0
2021-03-03,10.7,10.93,10.7,10.79,11600124,149806641.0
2021-03-04,10.75,10.94,10.68,10.71,10682844,137713867.0
2021-03-05,10.63,10.77,10.5,10.63,10676532,135545144.0
2021-03-08,10.66,10.74,10.51,10.51,9267087,117684179.0
2021-03-09,10.51,10.72,10.41,10.47,12223931,154323104.0
2021-03-10,10.54,10.65,10.44,10.47,8016914,100926084.0
2021-03-11,10.57,10.6,10.45,10.49,9050093,113770442.0
2021-03-12,10.46,10.72,10.38,10.56,12721172,160225252.0
2021-03-15,10.55,10.6,10.4,10.46,11159123,140133204.0
2021-03-16,10.46,10.82,10.41,10.78,18886827,240846100.0
2021-03-17,10.71,10.82,10.57,10.62,13536972,172682486.0
2021-03-18,10.58,10.66,10.47,10.48,10944719,138219551.0
2021-03-19,10.45,10.48,10.17,10.31,16464261,203112264.0
2021-03-22,10.2,10.67,10.19,10.61,16383762,205677833.0
2021-03-23,10.7,10.8,10.55,10.61,16191412,206848931.0
2021-03-24,10.57,10.7,10.51,10.54,11516861,145870865.0
2021-03-25,10.61,10.63,10.46,10.5,10326499,130116638.0
2021-03-26,10.53,10.57,10.44,10.47,10402222,130634567.0
2021-03-29,10.45,10.49,10.3,10.45,9695579,120733303.0
2021-03-30,10.37,10.45,10.24,10.25,12486760,153792697.0
2021-03-31,10.24,10.29,10.17,10.25,10477581,128139173.0
2021-04-01,10.31,10.34,10.21,10.25,7058574,86641943.0
2021-04-02,10.24,10.42,10.23,10.29,8685031,107246527.0
2021-04-06,10.32,10.35,10.24,10.25,6896381,84685685.0
2021-04-07,10.25,10.35,10.2,10.28,10015157,123152457.0
2021-04-08,10.26,10.29,10.08,10.08,13092425,159278195.0
2021-04-09,10.12,10.15,10.07,10.11,5963099,72071716.0
2021-04-12,10.11,10.16,10.06,10.1,8059989,97577675.0
2021-04-13,10.17,10.17,9.93,9.99,10110134,121201005.0
2021-04-14,9.96,10.07,9.95,10.02,6781197,81301404.0
2021-04-15,9.97,10.05,9.93,10.04,7642437,91376384.0
2021-04-16,10.04,10.2,10.0,10.18,8292246,100546822.0
2021-04-19,10.19,10.25,10.1,10.23,8506420,103782355.0
2021-04-20,10.16,10.18,10.02,10.07,11964700,144449990.0
2021-04-21,10.07,10.13,9.98,10.05,7368308,88738103.0
2021-04-22,10.1,10.21,10.04,10.05,9627795,116230154.0
2021-04-23,10.05,10.05,9.91,9.93,9897650,117962149.0
2021-04-26,9.93,9.97,9.79,9.79,8290001,97890402.0
2021-04-27,9.77,9.85,9.74,9.75,6879675,80620965.0
2021-04-28,9.79,9.81,9.74,9.79,6158619,71969611.0
2021-04-29,9.79,9.88,9.76,9.81,5772748,67823200.0
2021-04-30,9.79,9.84,9.62,9.71,11437564,133023544.0
2021-05-06,9.69,9.86,9.66,9.7,9110622,106603056.0
2021-05-07,9.7,9.77,9.67,9.69,10526598,122349319.0
2021-05-10,9.72,9.73,9.57,9.69,8505210,98290343.0
2021-05-11,9.68,9.81,9.62,9.72,8276652,96166671.0
2021-05-12,9.73,9.75,9.62,9.64,10123235,116968165.0
2021-05-13,9.63,9.74,9.6,9.65,10627278,123018079.0
2021-05-14,9.65,9.81,9.65,9.79,10038651,116903325.0
2021-05-17,9.79,9.98,9.76,9.9,12123228,143578099.0
2021-05-18,9.87,9.93,9.82,9.86,8443446,99694341.0
2021-05-19,9.85,9.86,9.7,9.76,7395537,86380003.0
2021-05-20,9.7,9.74,9.58,9.6,17341184,199792354.0
2021-05-21,9.62,9.65,9.54,9.54,9859522,113059009.0
2021-05-24,9.54,9.6,9.44,9.55,11704214,133330485.0
2021-05-25,9.57,9.79,9.51,9.76,17134686,199008531.0
2021-05-26,9.79,10.01,9.78,9.93,19356012,229837348.0
2021-05-27,9.94,9.95,9.84,9.95,17743156,210040198.0
2021-05-28,9.88,9.94,9.74,9.76,14031525,164417434.0
2021-05-31,9.76,9.78,9.64,9.69,9046584,104745417.0
2021-06-01,9.68,9.75,9.64,9.68,10493648,121366382.0
2021-06-02,9.68,9.71,9.59,9.66,14118821,162940425.0
2021-06-03,9.66,9.76,9.58,9.58,15968493,184352659.0
2021-06-04,9.61,9.64,9.53,9.55,12730408,145694239.0
2021-06-07,9.54,9.54,9.45,9.45,14076369,159755836.0
2021-06-08,9.47,9.51,9.44,9.46,14119070,159725786.0
2021-06-09,9.47,9.51,9.43,9.45,12067930,136607103.0
2021-06-10,9.44,9.45,9.37,9.37,15068274,169440489.0
2021-06-11,9.38,9.41,9.31,9.37,18157066,203337493.0
2021-06-15,9.38,9.38,9.12,9.16,20253430,222843483.0
2021-06-16,9.17,9.29,9.15,9.23,15593521,172165847.0
2021-06-17,9.19,9.3,9.14,9.28,16714971,185218189.0
2021-06-18,9.28,9.28,9.08,9.09,16262813,177714228.0
2021-06-21,9.08,9.24,9.03,9.23,17684057,193007927.0
2021-06-22,9.22,9.3,9.17,9.22,10573099,116437699.0
2021-06-23,9.2,9.24,9.14,9.16,9290719,101883879.0
2021-06-24,9.16,9.2,9.11,9.14,8648952,94774179.0
2021-06-25,9.15,9.21,9.13,9.21,8859944,97375558.0
2021-06-28,9.21,9.23,9.14,9.18,10265642,112712443.0
2021-06-29,9.21,9.29,9.13,9.14,17133720,188891129.0
2021-06-30,9.15,9.22,9.1,9.15,10363965,113467412.0
2021-07-01,9.34,9.69,9.3,9.58,40732226,464672716.0
2021-07-02,9.58,9.72,9.41,9.46,31387718,358407370.0
2021-07-05,9.49,9.53,9.28,9.36,20418173,229170579.0
2021-07-06,9.38,9.81,9.33,9.74,46262394,533812388.0
2021-07-07,9.75,9.83,9.52,9.58,29294430,337265232.0
2021-07-08,9.56,9.6,9.33,9.4,31085985,349523117.0
2021-07-09,9.37,9.49,9.33,9.44,20683722,232977075.0
2021-07-12,9.49,9.54,9.23,9.27,31319092,349919430.0
2021-07-13,9.28,9.37,9.24,9.28,17308166,192458722.0
2021-07-14,9.28,9.31,9.17,9.2,20109654,221882224.0
2021-07-15,9.2,9.28,9.16,9.25,16207321,179087137.0
2021-07-16,9.22,9.33,9.18,9.32,22116389,244880253.0
2021-07-19,9.3,9.32,9.2,9.25,18366533,203120499.0
2021-07-20,9.21,9.25,9.11,9.21,14146355,155107559.0
2021-07-21,9.23,9.29,9.21,9.23,13318481,147214326.0
2021-07-22,9.23,9.36,9.17,9.36,20496825,227731106.0
2021-07-23,9.36,9.36,9.21,9.23,16353196,180909418.0
2021-07-26,9.2,9.2,9.03,9.09,21095161,228960278.0
2021-07-27,9.07,9.13,8.7,8.74,32900771,346823158.0
2021-07-28,8.72,8.75,8.56,8.59,26344053,255947960.0
2021-07-29,8.62,8.67,8.44,8.46,19770700,189445419.0
2021-07-30,8.43,8.44,8.25,8.32,15933468,149476607.0
2021-08-02,8.27,8.43,8.02,8.36,25880249,239113513.0
2021-08-03,8.28,8.42,8.26,8.29,19018129,178239568.0
2021-08-04,8.3,8.3,8.14,8.16,16814769,154813489.0
2021-08-05,8.28,8.52,8.23,8.35,23124495,217962586.0
2021-08-06,8.23,8.29,8.15,8.24,21833148,202204853.0
2021-08-09,8.26,8.75,8.21,8.55,35755009,344263505.0
2021-08-10,8.54,8.64,8.43,8.58,16714412,160205160.0
2021-08-11,8.72,9.23,8.72,9.07,58796514,601277092.0
2021-08-12,9.07,9.12,8.84,8.89,24966393,250807699.0
2021-08-13,8.84,8.92,8.76,8.87,13414199,133471306.0
2021-08-16,8.87,9.17,8.84,9.09,26438490,270095012.0
2021-08-17,9.05,9.28,8.99,9.08,25168746,258993885.0
2021-08-18,9.04,9.23,8.91,9.16,21085575,214961192.0
2021-08-19,9.09,9.13,8.82,8.88,20002936,200953540.0
2021-08-20,8.88,8.99,8.82,8.92,18318233,183485168.0
2021-08-23,8.95,9.05,8.91,8.96,12202721,123124420.0
2021-08-24,8.98,9.28,8.96,9.24,35209136,363853891.0
2021-08-25,9.25,9.3,9.03,9.09,22099260,227351662.0
2021-08-26,9.05,9.13,8.91,8.97,20229437,204635047.0
2021-08-27,8.91,8.94,8.85,8.92,13826135,138256203.0
2021-08-30,8.91,8.91,8.54,8.7,28873666,282562862.0
2021-08-31,8.66,8.95,8.64,8.85,40348868,399883863.0
2021-09-01,8.77,9.33,8.75,9.24,51387279,532371470.0
2021-09-02,9.22,9.36,9.18,9.27,28133838,293413880.0
2021-09-03,9.2,9.35,9.09,9.31,25680496,267448787.0
2021-09-06,9.39,9.46,9.17,9.21,29391126,305762819.0
2021-09-07,9.6,9.76,9.3,9.46,64770945,690048837.0
2021-09-08,9.42,9.42,9.23,9.3,29509412,309540307.0
2021-09-09,9.27,9.31,9.15,9.28,23016421,239078697.0
2021-09-10,9.24,9.51,9.24,9.26,29244576,308075699.0
2021-09-13,9.26,9.68,9.16,9.55,43350568,464789029.0
2021-09-14,9.58,9.64,9.19,9.21,36113771,380442681.0
2021-09-15,9.17,9.52,9.07,9.52,50160866,530908934.0
2021-09-16,9.47,9.59,9.31,9.35,30357100,322052260.0
2021-09-17,9.29,9.69,9.29,9.52,42929282,460950785.0
2021-09-22,9.34,10.47,9.31,10.47,116907166,1349120109.0
2021-09-23,10.67,11.43,10.67,10.99,156945355,1946299468.0
2021-09-24,10.97,11.25,10.72,10.91,79824582,985260203.0
2021-09-27,10.8,11.13,10.25,10.74,74389673,894769326.0
2021-09-28,10.93,11.69,10.93,11.44,74957118,959912438.0
2021-09-29,11.44,11.71,11.2,11.45,72671968,938027947.0
2021-09-30,11.57,12.09,11.28,11.5,76016837,999255179.0
2021-10-08,11.74,11.82,11.29,11.49,53538230,694156188.0
2021-10-11,11.47,11.92,11.37,11.4,53402565,695579167.0
2021-10-12,11.43,11.9,11.29,11.39,66672451,871228880.0
2021-10-13,11.38,11.63,10.99,11.36,64254284,818171794.0
2021-10-14,11.4,11.47,10.63,10.77,56599982,694557872.0
2021-10-15,10.82,11.02,10.62,10.7,41282949,500130797.0
2021-10-18,10.59,10.72,10.34,10.64,49034623,581354363.0
2021-10-19,10.6,10.78,10.29,10.57,35879669,424227166.0
2021-10-20,10.5,10.67,10.35,10.42,30909768,363060394.0
2021-10-21,10.57,10.76,10.33,10.61,47460847,566210242.0
2021-10-22,10.75,11.12,10.36,10.44,65809063,789534507.0
2021-10-25,9.99,10.58,9.91,10.2,55952373,643171665.0
2021-10-26,10.36,10.36,9.98,10.03,31903201,362134652.0
2021-10-27,10.09,10.12,9.82,9.95,28828292,322617104.0
2021-10-28,9.87,9.95,9.68,9.74,36220760,398676944.0
2021-10-29,9.74,9.78,9.18,9.27,74563456,783012698.0
2021-11-01,9.26,9.26,8.88,8.92,60026516,607727793.0
2021-11-02,9.02,9.02,8.49,8.58,70806066,694065848.0
2021-11-03,8.59,8.86,8.43,8.75,48981073,480653038.0
2021-11-04,8.74,8.74,8.53,8.6,34827337,336944731.0
2021-11-05,8.62,8.64,8.42,8.45,38332668,365214663.0
2021-11-08,8.48,8.53,8.35,8.37,32029256,303839854.0
2021-11-09,8.37,8.46,8.32,8.37,31244525,294605657.0
2021-11-10,8.42,8.83,8.31,8.78,92233073,892531284.0
2021-11-11,8.85,9.66,8.82,9.66,95698667,1014427777.0
2021-11-12,9.86,10.16,9.48,9.91,154173954,1711920560.0
2021-11-15,9.84,9.89,9.47,9.72,59684702,647630409.0
2021-11-16,9.58,9.9,9.57,9.75,42211972,464454385.0
2021-11-17,9.72,9.85,9.62,9.75,28676865,313818612.0
2021-11-18,9.79,9.91,9.55,9.62,32306614,352232445.0
2021-11-19,9.59,10.58,9.55,10.23,111346419,1275147698.0
2021-11-22,10.13,10.13,9.78,9.87,44238328,492351132.0
2021-11-23,9.87,10.35,9.8,10.14,41878026,476122109.0
2021-11-24,10.11,10.84,10.06,10.74,78989340,949051881.0
2021-11-25,10.72,10.84,10.51,10.59,23416018,279398196.0
2021-11-26,10.55,10.8,10.27,10.58,36737879,434037177.0
2021-11-29,10.35,10.54,10.29,10.35,25729139,301171161.0
2021-11-30,10.31,10.43,10.04,10.18,41733670,478054803.0
2021-12-01,10.13,10.77,10.13,10.71,54135349,645507159.0
2021-12-02,10.56,10.99,10.51,10.84,46977751,569104872.0
2021-12-03,10.73,11.15,10.71,11.01,39284395,485628635.0
2021-12-06,11.42,11.91,11.12,11.14,82836489,1061010037.0
2021-12-07,11.55,11.79,11.07,11.14,59194158,761125338.0
2021-12-08,11.21,11.39,10.75,11.36,50602708,630710743.0
2021-12-09,11.38,11.8,11.33,11.62,54512285,709954670.0
2021-12-10,11.47,11.56,11.15,11.22,37368524,475793741.0
2021-12-13,11.21,11.36,11.04,11.15,42000321,529199211.0
2021-12-14,10.96,11.11,10.72,11.04,43155260,529680639.0
2021-12-15,10.98,11.41,10.93,11.13,27508080,346833650.0
2021-12-16,11.05,11.21,10.88,11.15,24332846,304085197.0
2021-12-17,11.23,11.35,10.97,11.12,26857535,337412046.0
2021-12-20,11.2,11.53,11.09,11.27,39447319,503455246.0
2021-12-21,11.31,11.78,11.31,11.66,53035051,694199984.0
2021-12-22,11.6,11.73,11.38,11.55,40375473,525261715.0
2021-12-23,11.6,11.69,11.29,11.39,25794702,331465003.0
2021-12-24,11.34,11.69,11.13,11.55,29054638,373959819.0
2021-12-27,11.51,12.04,11.51,11.71,37523643,499211326.0
2021-12-28,11.62,11.78,11.33,11.71,36750644,478478593.0
2021-12-29,11.71,11.77,11.48,11.55,19923172,260089685.0
2021-12-30,11.52,11.63,11.38,11.51,20586195,266508243.0
2021-12-31,11.33,12.04,11.33,11.86,38698017,514872625.0
2022-01-04,11.78,12.01,11.65,11.87,27837458,370676221.0
2022-01-05,11.87,12.52,11.83,11.98,52640590,718920292.0
2022-01-06,11.86,12.07,11.68,11.9,35096826,467726930.0
2022-01-07,11.82,12.67,11.82,12.55,54012285,757829363.0
2022-01-10,12.44,12.68,12.12,12.51,54917684,767366626.0
2022-01-11,12.48,13.36,12.44,12.75,71082841,1030552175.0
2022-01-12,12.6,12.6,12.08,12.46,39120183,543319247.0
2022-01-13,12.44,12.68,11.69,11.74,57742786,782270053.0
2022-01-14,11.74,11.75,11.23,11.41,63877404,823417027.0
2022-01-17,11.42,11.81,11.39,11.64,34237185,449084865.0
2022-01-18,11.6,12.53,11.59,12.23,43157115,587572732.0
2022-01-19,12.58,12.82,12.18,12.32,41719959,584431598.0
2022-01-20,12.54,12.78,12.18,12.27,50023260,699282568.0
2022-01-21,12.27,12.41,11.9,12.15,30776329,417801601.0
2022-01-24,12.21,12.47,11.81,12.4,29084584,400283092.0
2022-01-25,12.27,12.39,11.91,11.97,21728519,297108937.0
2022-01-26,12.25,12.25,11.71,11.91,22668181,303701896.0
2022-01-27,11.82,12.31,11.76,12.06,32211654,438979124.0
2022-01-28,12.1,12.3,11.88,12.04,26805616,365133577.0
2022-02-07,12.04,12.54,12.0,12.47,37777781,522842021.0
2022-02-08,12.44,12.61,12.3,12.39,23526232,328487711.0
2022-02-09,12.43,12.81,12.34,12.6,35473523,506127171.0
2022-02-10,12.47,12.81,12.09,12.67,32431820,457595057.0
2022-02-11,12.68,12.91,12.44,12.59,26059673,373673849.0
2022-02-14,12.43,12.54,11.79,12.3,49692964,674607069.0
2022-02-15,12.23,12.59,12.1,12.19,30882513,425747866.0
2022-02-16,12.23,12.49,11.95,12.27,21023973,290577299.0
2022-02-17,12.27,12.29,11.94,11.98,16670738,226022821.0
2022-02-18,11.98,12.69,11.93,12.67,42767968,601161091.0
2022-02-21,12.62,12.71,12.32,12.54,27168543,382120714.0
2022-02-22,12.47,12.75,12.24,12.6,26777466,377297767.0
2022-02-23,12.49,12.58,12.14,12.31,35854449,494776701.0
2022-02-24,12.18,12.44,11.95,12.28,43841819,603087435.0
2022-02-25,12.27,12.71,11.95,12.12,35129908,481822145.0
2022-02-28,11.97,12.14,11.8,12.04,31875117,428866591.0
2022-03-01,11.95,12.43,11.95,12.37,34660163,476723507.0
2022-03-02,12.42,12.71,12.25,12.49,31191841,438561014.0
2022-03-03,12.43,13.13,12.4,12.97,56858441,825702072.0
2022-03-04,12.97,13.11,12.73,12.96,26418428,384049054.0
2022-03-07,13.05,13.41,12.94,13.1,41375419,614840969.0
2022-03-08,12.99,13.25,12.89,12.98,29894843,439766740.0
2022-03-09,13.07,13.08,12.09,12.53,37673810,534923873.0
2022-03-10,12.79,12.8,12.38,12.41,33463115,472563608.0
2022-03-11,12.25,12.71,11.95,12.63,33889546,475160547.0
2022-03-14,12.63,13.33,12.44,12.61,35262482,513128353.0
2022-03-15,12.52,12.61,11.35,11.35,78306518,1039428245.0
2022-03-16,11.11,12.0,10.66,11.74,73087367,933961195.0
2022-03-17,12.07,12.25,11.72,11.9,50844508,683792774.0
2022-03-18,11.71,12.62,11.64,12.42,44711842,609196673.0
2022-03-21,12.15,12.29,11.69,12.01,40111871,541782755.0
2022-03-22,11.95,12.69,11.79,12.49,59320950,831764153.0
2022-03-23,12.39,13.33,12.32,12.93,56768158,821327541.0
2022-03-24,12.69,13.03,12.67,12.82,32368134,467482322.0
2022-03-25,12.82,13.05,12.54,12.69,22922298,328462374.0
2022-03-28,12.67,13.33,12.62,13.03,28067101,410794757.0
2022-03-29,12.97,13.12,12.69,12.9,23192458,337102526.0
2022-03-30,12.94,13.65,12.91,13.37,53445106,801028061.0
2022-03-31,13.31,13.78,13.24,13.47,47369921,721033791.0
2022-04-01,13.35,13.87,13.11,13.77,61029670,928517134.0
2022-04-06,14.21,14.74,13.72,14.47,82381231,1328091200.0
2022-04-07,14.04,14.44,13.82,13.93,47743598,756882635.0
2022-04-08,14.03,14.75,13.49,14.47,53656114,855224519.0
2022-04-11,14.22,14.67,13.87,14.46,55233055,894816621.0
2022-04-12,14.31,14.62,13.63,13.91,46550839,736249589.0
2022-04-13,13.84,14.42,13.33,14.01,41365961,649992767.0
2022-04-14,14.01,15.08,13.87,14.82,66457985,1089326880.0
2022-04-15,14.6,15.73,14.6,15.12,67514126,1163074652.0
2022-04-18,15.0,15.25,14.4,14.47,33748340,561227723.0
2022-04-19,14.46,14.84,14.09,14.47,35359273,572858466.0
2022-04-20,14.36,14.53,13.42,13.63,56278704,875010678.0
2022-04-21,13.54,14.13,13.51,13.67,40750132,631674375.0
2022-04-22,13.51,14.51,13.29,14.47,58382438,930885357.0
2022-04-25,14.23,14.67,13.83,13.92,34669068,556405105.0
2022-04-26,13.92,14.49,13.79,14.14,39966817,634790299.0
2022-04-27,14.05,14.35,13.29,13.75,49733500,767858459.0
2022-04-28,13.55,14.29,13.4,14.04,58575670,917561664.0
2022-04-29,13.95,14.61,13.33,13.93,67986183,1061841904.0
2022-05-05,13.96,14.3,12.58,13.07,87075668,1281650735.0
2022-05-06,12.64,13.02,12.07,12.25,54002948,756347368.0
2022-05-09,12.16,12.49,12.03,12.31,31113047,429440545.0
2022-05-10,12.06,12.35,11.75,12.21,63337780,855532510.0
2022-05-11,12.2,12.43,11.65,11.79,77431878,1030266776.0
2022-05-12,11.67,11.86,11.38,11.56,49682757,646917905.0
2022-05-13,11.55,12.12,11.49,12.02,63857944,852363393.0
2022-05-16,12.32,12.5,11.8,12.21,65441602,897069459.0
2022-05-17,12.08,12.5,11.94,12.09,44516062,609009739.0
2022-05-18,12.09,12.29,11.8,12.06,34511349,465873300.0
2022-05-19,11.82,12.23,11.79,12.12,31426155,427076933.0
2022-05-20,12.25,12.3,11.43,11.84,90703620,1202519281.0
2022-05-23,11.71,11.82,11.12,11.24,79148388,1011575769.0
2022-05-24,11.28,11.76,11.17,11.51,66494754,859286855.0
2022-05-25,11.4,11.68,11.24,11.53,28848001,371355846.0
2022-05-26,11.54,11.87,11.46,11.67,49649594,652399768.0
2022-05-27,11.67,11.67,11.34,11.48,35582634,459403543.0
2022-05-30,11.42,11.55,11.11,11.2,42142572,534161575.0
2022-05-31,11.15,11.33,10.92,11.11,66150254,823901110.0
2022-06-01,11.07,11.39,11.0,11.3,44993396,569348257.0
2022-06-02,11.29,11.36,11.04,11.13,34526833,433987992.0
2022-06-06,11.02,11.02,10.58,10.82,85400787,1028283824.0
2022-06-07,10.75,10.98,10.72,10.95,42384762,518871527.0
2022-06-08,10.84,10.93,10.66,10.9,38293731,465717487.0
2022-06-09,10.9,11.25,10.83,11.15,41526014,520232195.0
2022-06-10,11.15,11.18,10.84,10.99,45760772,564542593.0
2022-06-13,10.88,10.92,10.29,10.4,69077636,814703792.0
2022-06-14,10.27,10.59,10.21,10.55,48574409,572809367.0
2022-06-15,10.56,11.25,10.46,10.98,80258464,992527158.0
2022-06-16,10.97,11.15,10.83,10.93,53608869,661089629.0
2022-06-17,10.86,11.06,10.79,10.85,47804511,586154945.0
2022-06-20,10.98,11.29,10.77,11.07,68694600,855199605.0
2022-06-21,11.02,11.54,11.0,11.15,69860546,888895713.0
2022-06-22,11.19,11.32,10.91,10.93,31535897,392701002.0
2022-06-23,10.98,11.38,10.81,11.29,48733637,614316123.0
2022-06-24,11.29,11.4,11.05,11.15,36084321,452208691.0
2022-06-27,11.11,11.15,10.91,11.03,54907278,679868596.0
2022-06-28,10.98,11.19,10.77,10.88,51584638,630930609.0
2022-06-29,10.9,11.68,10.89,11.52,108301895,1388972424.0
2022-06-30,11.52,12.08,11.4,11.94,71851473,949627303.0
2022-07-01,11.93,12.13,11.8,11.95,45920835,619099196.0
2022-07-04,11.94,11.98,11.65,11.86,62010459,822036202.0
2022-07-05,11.9,11.95,11.55,11.65,42756348,561016517.0
2022-07-06,11.61,11.78,11.28,11.38,35774749,460961651.0
2022-07-07,11.38,11.55,11.2,11.26,31079027,395673652.0
2022-07-08,11.26,11.56,11.15,11.38,36459433,468046243.0
2022-07-11,11.31,11.66,11.2,11.27,36088566,463791310.0
2022-07-12,11.27,11.6,11.24,11.48,29825910,384320286.0
2022-07-13,11.49,11.94,11.47,11.56,60532263,799628791.0
2022-07-14,11.45,11.64,11.07,11.49,53227685,681797133.0
2022-07-15,11.26,11.64,10.88,10.88,63042618,790568368.0
2022-07-18,10.87,11.47,10.6,11.31,67875400,843876988.0
2022-07-19,11.32,11.42,11.09,11.32,30945434,392018941.0
2022-07-20,11.31,11.42,11.14,11.31,25515825,324659960.0
2022-07-21,11.23,11.35,10.87,10.91,40327658,498805160.0
2022-07-22,10.86,10.98,10.76,10.85,22827146,279014389.0
2022-07-25,10.86,11.39,10.84,11.14,40260046,507111632.0
2022-07-26,11.11,12.11,11.07,12.07,88162731,1170719685.0
2022-07-27,12.15,12.18,11.66,12.07,67134958,904963863.0
2022-07-28,12.09,12.2,11.82,12.07,47536505,642958583.0
2022-07-29,12.04,12.53,11.91,12.18,57841603,793161718.0
2022-08-01,12.09,12.18,11.68,11.79,41222457,548704544.0
2022-08-02,11.73,11.93,11.56,11.71,35768608,471201429.0
2022-08-03,11.8,11.91,11.27,11.41,41817472,541112830.0
2022-08-04,11.41,11.57,11.15,11.35,25707243,327911718.0
2022-08-05,11.38,11.6,11.23,11.46,20368332,261632424.0
2022-08-08,11.52,11.78,11.27,11.29,22770816,292854434.0
2022-08-09,11.24,11.55,10.93,11.32,22517219,287441221.0
2022-08-10,11.33,11.57,11.18,11.45,23120335,296464105.0
2022-08-11,11.47,11.87,11.46,11.76,30605848,404071345.0
2022-08-12,11.71,12.21,11.55,12.08,33863927,456066269.0
2022-08-15,12.02,12.3,11.8,11.84,24207888,326639084.0
2022-08-16,11.87,12.03,11.73,11.92,18660718,250148379.0
2022-08-17,11.92,13.0,11.78,12.86,58057878,819516094.0
2022-08-18,12.85,12.85,12.49,12.71,30052237,428627776.0
2022-08-19,12.62,13.78,12.59,13.25,51589319,773526535.0
2022-08-22,13.15,13.5,12.92,13.29,43606306,649271489.0
2022-08-23,13.28,13.53,12.94,13.15,33518891,477508967.0
2022-08-24,13.05,13.3,12.94,13.08,27504802,391160380.0
2022-08-25,13.14,13.64,13.14,13.53,35093549,512332051.0
2022-08-26,13.4,13.67,13.29,13.47,22181642,324058255.0
2022-08-29,13.29,13.47,12.96,13.4,24969861,356244263.0
2022-08-30,13.29,13.75,13.23,13.6,26275236,386031765.0
2022-08-31,13.74,13.94,13.38,13.48,32069517,473463892.0
2022-09-01,13.37,14.12,13.33,13.52,47829181,713323707.0
2022-09-02,13.53,13.59,13.17,13.37,23864205,345163880.0
2022-09-05,13.39,13.83,13.1,13.68,31068515,455352132.0
2022-09-06,13.61,14.22,13.51,13.76,55217370,829923937.0
2022-09-07,13.63,13.91,13.47,13.84,28826898,429192410.0
2022-09-08,13.91,14.03,13.56,13.68,18664989,277630447.0
2022-09-09,13.77,14.43,13.65,14.4,72480592,1118984223.0
2022-09-13,14.25,14.44,13.94,14.14,38512480,591597934.0
2022-09-14,14.01,14.92,14.01,14.55,51734695,821332629.0
2022-09-15,14.58,15.49,14.46,14.95,75119531,1219825192.0
2022-09-16,14.84,15.22,14.39,14.64,71510494,1143698225.0
2022-09-19,14.56,15.39,14.29,15.23,61969225,1005398131.0
2022-09-20,15.13,15.36,14.48,14.9,53002166,854148209.0
2022-09-21,14.66,15.27,14.64,14.94,50262963,816715971.0
2022-09-22,14.76,14.91,14.13,14.39,61103920,952772324.0
2022-09-23,14.41,14.91,14.36,14.55,45928550,730414720.0
2022-09-26,14.57,15.33,14.57,14.88,46389840,756970765.0
2022-09-27,15.01,15.29,14.58,14.92,49788302,803263323.0
2022-09-28,14.83,15.08,14.52,14.64,22708051,362741269.0
2022-09-29,14.64,14.76,14.16,14.53,22921666,360598251.0
2022-09-30,14.77,15.42,14.39,15.07,46618046,757913432.0
2022-10-10,15.19,16.05,15.19,15.65,66240844,1131430919.0
2022-10-11,15.43,16.07,15.28,15.57,43695698,743558540.0
2022-10-12,15.68,16.05,15.45,15.75,40806470,694664561.0
2022-10-13,15.49,15.61,14.61,15.3,50953942,829351236.0
2022-10-14,15.15,15.66,14.29,14.45,58524298,936735980.0
2022-10-17,14.08,14.48,13.58,14.34,73590750,1128180383.0
2022-10-18,14.29,14.59,13.76,14.04,49745249,759111277.0
2022-10-19,14.0,14.37,13.9,14.24,21421212,330626330.0
2022-10-20,14.09,14.38,13.87,13.96,27230450,414943734.0
2022-10-21,13.97,14.5,13.95,14.1,42232884,650971953.0
2022-10-24,13.94,13.94,13.47,13.54,34968351,517666836.0
2022-10-25,13.52,13.65,13.29,13.37,25413455,370601599.0
2022-10-26,13.46,13.51,12.63,12.89,73844202,1028098269.0
2022-10-27,12.82,13.35,12.82,13.15,35182969,500466720.0
2022-10-28,13.09,13.36,12.84,12.95,36866644,521008013.0
2022-10-31,12.73,12.93,11.88,12.09,85267812,1125459173.0
2022-11-01,12.1,12.26,11.53,11.86,78621557,1002998893.0
2022-11-02,11.82,12.53,11.72,12.36,56708918,752607520.0
2022-11-03,12.34,12.49,11.95,12.0,37905385,499427152.0
2022-11-04,12.01,12.86,12.01,12.73,43945524,598322356.0
2022-11-07,12.64,12.88,12.43,12.66,29421668,404069256.0
2022-11-08,12.56,13.32,12.51,12.93,42900819,605749152.0
2022-11-09,13.17,13.86,12.73,12.83,60319159,861820870.0
2022-11-10,12.73,13.14,12.45,12.85,35806435,498705015.0
2022-11-11,13.19,14.13,13.01,13.65,107028278,1576464804.0
2022-11-14,14.02,14.36,13.18,13.54,121185242,1808741708.0
2022-11-15,13.44,13.97,13.13,13.76,69196417,1026255947.0
2022-11-16,13.74,13.8,13.19,13.3,48476494,702048469.0
2022-11-17,13.14,13.42,12.99,13.26,45419006,649556623.0
2022-11-18,13.26,13.4,12.97,13.14,38169721,545241700.0
2022-11-21,13.02,13.32,12.76,13.24,44043124,622018121.0
2022-11-22,13.33,13.59,13.02,13.17,48703358,698438088.0
2022-11-23,13.16,13.26,13.04,13.2,34049122,485904041.0
2022-11-24,13.39,13.62,12.94,13.19,48988773,701511082.0
2022-11-25,13.22,14.25,13.19,13.96,118441451,1762664092.0
2022-11-28,13.67,14.01,13.56,13.77,52682093,787163731.0
2022-11-29,14.86,15.12,13.83,14.68,127556358,2004224382.0
2022-11-30,14.31,14.62,13.91,14.11,111215234,1709708579.0
2022-12-01,14.16,14.52,13.68,13.82,114139377,1736325990.0
2022-12-02,13.68,13.76,13.19,13.48,65805233,954272094.0
2022-12-19,13.83,13.83,12.61,12.86,128264366,1814039124.0
2022-12-20,12.72,13.0,12.45,12.66,54635528,750424746.0
2022-12-21,12.56,12.73,12.26,12.32,45926643,619968191.0
2022-12-22,12.41,12.49,11.97,12.09,54086821,713250024.0
2022-12-23,11.98,12.15,11.95,12.04,37984184,495844911.0
2022-12-26,12.04,12.21,11.68,11.73,62325522,801018533.0
2022-12-27,11.74,11.98,11.68,11.76,55427303,709091856.0
2022-12-28,11.71,12.11,11.58,12.02,67289089,868418087.0
2022-12-29,11.91,11.96,11.56,11.71,54605913,691803877.0
2022-12-30,11.66,11.8,11.43,11.65,53990613,680496326.0
2023-01-03,11.67,12.0,11.63,11.82,70742609,906825541.0
2023-01-04,11.8,12.67,11.66,12.49,99122697,1331385633.0
2023-01-05,12.51,12.73,12.3,12.59,59436898,806731599.0
2023-01-06,12.73,12.81,12.37,12.47,56350957,769688419.0
2023-01-09,12.55,13.09,12.53,12.63,84501514,1172637802.0
2023-01-10,12.7,12.98,12.55,12.8,44032282,612052948.0
2023-01-11,12.84,13.65,12.74,13.45,91345562,1323837286.0
2023-01-12,13.37,13.54,12.89,13.12,54498073,775130331.0
2023-01-13,13.0,13.32,12.93,13.1,31109240,442274535.0
2023-01-16,13.17,13.31,12.83,13.25,45178359,644116029.0
2023-01-17,13.25,13.44,12.98,13.18,30872608,442424767.0
2023-01-18,13.19,13.32,13.01,13.21,26641853,380017956.0
2023-01-19,13.11,13.56,13.04,13.53,36566797,528904782.0
2023-01-20,13.51,13.56,13.26,13.32,25218843,365131316.0
2023-01-30,13.53,13.55,13.2,13.28,63996145,925059674.0
2023-01-31,13.21,13.84,13.07,13.69,67874004,990761741.0
2023-02-01,13.69,13.69,13.1,13.3,68058471,978836523.0
2023-02-02,13.24,13.38,13.09,13.13,42558045,609530641.0
2023-02-03,13.04,13.09,12.85,12.86,30746822,431701817.0
2023-02-06,12.81,12.81,12.46,12.6,45681285,623880557.0
2023-02-07,12.62,13.0,12.62,12.87,46690764,651018499.0
2023-02-08,12.82,13.25,12.8,13.12,40999799,582241155.0
2023-02-09,13.12,13.7,13.09,13.6,57954768,850471296.0
2023-02-10,13.56,13.91,13.44,13.66,39267490,582171567.0
2023-02-13,13.67,13.83,13.42,13.63,45391288,671951677.0
2023-02-14,13.79,13.91,13.68,13.73,35821472,535192516.0
2023-02-15,13.74,13.76,13.37,13.46,35802817,525699515.0
2023-02-16,13.46,13.8,13.24,13.32,22196850,325810166.0
2023-02-17,13.33,13.6,13.2,13.37,21344576,311410058.0
2023-02-20,13.32,13.86,13.31,13.81,41894298,621617011.0
2023-02-21,14.0,14.19,13.53,13.64,32709561,488140054.0
2023-02-22,13.49,13.67,13.37,13.44,18445261,269344265.0
2023-02-23,13.4,13.53,13.3,13.39,24799142,360721169.0
2023-02-24,13.43,13.48,13.2,13.32,15936614,229931668.0
2023-02-27,13.29,13.91,13.29,13.51,37166220,548905190.0
2023-02-28,13.56,13.81,13.39,13.68,34023497,501770277.0
2023-03-01,13.73,14.09,13.62,13.99,54477453,820656401.0
2023-03-02,13.97,14.13,13.82,13.91,29950049,452529201.0
2023-03-03,13.91,13.96,13.68,13.71,23921831,356581495.0
2023-03-06,13.68,13.68,13.44,13.56,26787250,394194884.0
2023-03-07,13.59,13.65,13.19,13.25,35800779,520192401.0
2023-03-08,13.28,13.4,13.13,13.25,22446147,322745780.0
2023-03-09,13.25,13.46,13.15,13.4,20198987,292558831.0
2023-03-10,13.35,13.38,13.02,13.07,23706797,337396855.0
2023-03-13,13.0,13.16,12.84,12.91,34305356,481356358.0
2023-03-14,12.89,13.03,12.68,12.75,27533004,383068992.0
2023-03-15,12.85,12.87,12.7,12.76,22633967,313633705.0
2023-03-16,12.71,12.82,12.5,12.54,24813492,340695703.0
2023-03-17,12.62,12.96,12.57,12.77,40859190,568342676.0
2023-03-20,12.85,12.98,12.52,12.56,27826363,382705130.0
2023-03-21,12.56,12.59,12.28,12.44,32559289,438367519.0
2023-03-22,12.46,12.95,12.45,12.84,37780114,524330651.0
2023-03-23,12.77,12.97,12.65,12.74,30360827,421174732.0
2023-03-24,12.82,12.82,12.22,12.43,45904659,620007863.0
2023-03-27,12.4,12.41,12.12,12.2,33767850,446912440.0
2023-03-28,12.25,12.27,11.94,12.08,39187652,512229867.0
2023-03-29,12.08,12.36,12.08,12.21,31329119,414930570.0
2023-03-30,12.21,12.6,12.1,12.49,28933852,388181299.0
2023-03-31,12.48,12.89,12.45,12.56,36993740,510218382.0
2023-04-03,12.61,13.28,12.57,12.96,46084365,651540150.0
2023-04-04,12.96,13.1,12.84,12.9,30664856,431173582.0
2023-04-06,12.86,13.15,12.82,12.91,23748496,333401289.0
2023-04-07,12.95,14.08,12.95,13.71,79101381,1174086300.0
2023-04-10,13.66,13.91,13.6,13.83,43021807,643604446.0
2023-04-11,13.66,14.1,13.54,13.98,53941616,814873776.0
2023-04-12,13.95,14.29,13.82,14.02,33772852,512668878.0
2023-04-13,13.97,14.11,13.81,14.03,24234876,367275350.0
2023-04-14,13.97,14.06,13.74,13.82,22956465,345138024.0
2023-04-17,13.81,13.96,13.63,13.92,31342670,469672408.0
2023-04-18,13.94,14.25,13.76,13.98,24414538,369516698.0
2023-04-19,13.98,13.99,13.52,13.6,39948031,591914820.0
2023-04-20,13.6,13.69,13.09,13.53,54483655,787978281.0
2023-04-21,13.62,13.83,13.39,13.43,28317463,416829927.0
2023-04-24,13.37,13.37,12.82,12.91,45982341,648309091.0
2023-04-25,12.98,13.01,12.54,12.7,32946123,453055622.0
2023-04-26,12.55,12.63,12.27,12.44,34842659,469964693.0
2023-04-27,12.44,12.89,12.33,12.75,29270835,402177168.0
2023-04-28,12.78,12.87,12.45,12.6,32447414,442465137.0
2023-05-04,12.45,12.56,12.15,12.33,35307674,472237261.0
2023-05-05,12.29,12.98,12.24,12.89,53315000,735701420.0
2023-05-08,12.7,13.16,12.31,13.07,55965124,776396356.0
2023-05-09,12.97,13.74,12.91,13.25,59357795,861581532.0
2023-05-10,13.27,13.44,12.73,12.88,41665131,585098024.0
2023-05-11,12.86,12.98,12.66,12.7,27497707,380753750.0
2023-05-12,12.72,13.02,12.62,12.73,27436682,374396030.0
2023-05-15,12.71,12.74,12.39,12.69,25975338,347734503.0
2023-05-16,12.69,12.78,12.5,12.55,19314403,260024882.0
2023-05-17,12.53,12.77,12.45,12.52,21783704,291750599.0
2023-05-18,12.59,12.68,12.21,12.3,43199815,570144560.0
2023-05-19,12.26,12.32,11.99,12.07,28088824,362276556.0
2023-05-22,12.0,12.1,11.84,12.06,31752077,405219846.0
2023-05-23,11.99,12.21,11.89,12.07,30155999,388385871.0
2023-05-24,11.98,12.01,11.51,11.55,46489241,577549948.0
2023-05-25,11.45,11.72,11.36,11.58,34552689,425153236.0
2023-05-26,11.57,11.84,11.5,11.75,27504148,343202725.0
2023-05-29,11.72,12.02,11.68,11.84,22714461,287014279.0
2023-05-30,11.82,12.07,11.38,12.03,45631695,569295973.0
2023-05-31,12.05,12.15,11.78,11.89,23092453,293497550.0
2023-06-01,11.84,11.93,11.64,11.69,24732497,309809873.0
2023-06-02,11.7,12.33,11.7,12.25,45369955,585361072.0
2023-06-05,12.12,12.16,11.87,11.95,29693308,379162362.0
2023-06-06,11.94,12.54,11.89,12.14,47119372,616693898.0
2023-06-07,12.2,12.59,12.17,12.26,36179428,476704992.0
2023-06-08,12.24,12.85,12.08,12.67,53075718,710945159.0
2023-06-09,12.66,12.66,12.38,12.5,24611873,327920821.0
2023-06-12,12.43,12.8,12.33,12.6,35126156,472068051.0
2023-06-13,12.59,13.04,12.59,12.83,29441202,403381403.0
2023-06-14,12.84,12.99,12.66,12.71,31539879,429629431.0
2023-06-15,12.68,12.95,12.65,12.8,25726476,350646890.0
2023-06-16,12.78,12.94,12.5,12.6,41864012,565095659.0
2023-06-19,12.77,12.85,12.39,12.51,42420579,567354339.0
2023-06-20,12.41,12.53,12.25,12.35,34666490,458114891.0
2023-06-21,12.25,12.37,12.07,12.09,18951893,246372038.0
2023-06-26,11.96,11.99,11.77,11.88,30846414,389892807.0
2023-06-27,11.96,12.75,11.82,12.71,46204884,612151066.0
2023-06-28,12.82,12.84,12.41,12.58,21744278,290936177.0
2023-06-29,12.52,12.59,12.22,12.34,14824083,195497097.0
2023-06-30,12.37,12.56,12.21,12.22,19467289,255969948.0
2023-07-03,12.24,12.31,12.09,12.13,33484130,434552283.0
2023-07-04,12.05,12.13,11.68,11.91,44579772,561531290.0
2023-07-05,11.86,11.99,11.82,11.93,19331541,245615558.0
2023-07-06,11.86,12.02,11.8,11.92,21631809,275001513.0
2023-07-07,11.88,11.99,11.75,11.84,17887564,226212613.0
2023-07-10,11.84,11.89,11.63,11.74,19264538,241259014.0
2023-07-11,11.92,11.99,11.51,11.57,34454949,427716443.0
2023-07-12,11.51,11.53,11.08,11.21,52601972,631541457.0
2023-07-13,11.22,11.3,11.12,11.27,29481487,352845970.0
2023-07-14,11.27,11.36,11.05,11.23,32882415,392969346.0
2023-07-17,11.18,11.33,11.14,11.28,15296105,183479193.0
2023-07-18,11.28,11.52,11.23,11.42,27450505,333309797.0
2023-07-19,11.4,11.91,11.36,11.68,51508811,643014755.0
2023-07-20,11.67,11.9,11.61,11.79,38136287,478546597.0
2023-07-21,11.76,11.85,11.68,11.75,21498458,269618686.0
2023-07-24,11.79,11.88,11.49,11.66,25532712,317006466.0
2023-07-25,12.09,12.55,12.09,12.52,89102140,1174647226.0
2023-07-26,12.46,12.7,12.3,12.58,43787198,585449161.0
2023-07-27,12.39,12.79,12.29,12.59,48432230,652200810.0
2023-07-28,12.75,13.18,12.59,13.12,57646709,796166553.0
2023-07-31,13.25,14.01,13.19,13.36,81452599,1173444144.0
2023-08-01,13.25,13.55,13.07,13.17,61914513,877447836.0
2023-08-02,13.18,13.41,13.11,13.23,36684370,518594808.0
2023-08-03,13.28,13.65,13.04,13.5,57956330,829978748.0
2023-08-04,13.71,14.12,13.54,13.57,47771897,699974395.0
2023-08-07,13.43,13.52,12.94,13.09,68216609,952732860.0
2023-08-08,13.13,13.17,12.69,12.78,56792771,777932813.0
2023-08-09,12.85,13.13,12.68,12.87,52833379,727295955.0
2023-08-10,12.81,12.98,12.72,12.77,38508899,525055787.0
2023-08-11,12.87,13.04,12.5,12.66,36393968,492573644.0
2023-08-14,12.46,13.04,12.26,12.87,52873527,716262643.0
2023-08-15,12.88,13.0,12.73,12.96,35021400,481063850.0
2023-08-16,12.89,13.44,12.82,13.11,40405166,567381213.0
2023-08-17,13.05,13.17,12.92,13.08,23096906,321115989.0
2023-08-18,13.13,13.34,13.0,13.04,25630787,359428709.0
2023-08-21,12.94,12.94,12.61,12.63,24457608,332378029.0
2023-08-22,12.75,12.81,12.52,12.72,20520555,277113010.0
2023-08-23,12.78,12.92,12.62,12.67,19673097,267887415.0
2023-08-24,12.74,12.74,12.29,12.49,34100269,452978226.0
2023-08-25,12.52,13.13,12.39,12.92,35119550,478487021.0
2023-08-28,13.75,14.16,13.19,13.41,80969467,1162472754.0
2023-08-29,13.31,13.86,13.22,13.77,66134875,958723289.0
2023-08-30,13.63,14.22,13.63,13.89,62864761,937556345.0
2023-08-31,13.84,13.88,12.73,12.81,97075941,1358187301.0
2023-09-01,13.16,13.56,12.86,13.24,61957519,873487403.0
2023-09-04,13.44,13.64,13.04,13.08,57848360,819011984.0
2023-09-05,13.02,13.02,12.62,12.73,46212491,626950249.0
2023-09-06,12.73,13.04,12.54,12.99,34486216,472612719.0
2023-09-07,12.9,13.12,12.81,12.87,32104380,443906208.0
2023-09-08,12.81,12.93,12.66,12.92,14637854,199861034.0
2023-09-11,12.87,12.92,12.29,12.55,69396293,924083222.0
2023-09-12,12.43,12.43,12.0,12.18,101774898,1312779257.0
2023-09-13,12.1,12.28,12.04,12.2,50271364,652527500.0
2023-09-14,12.19,12.38,12.14,12.16,75397016,982148624.0
2023-09-15,12.22,12.24,11.99,12.0,42757107,550332597.0
2023-09-18,12.01,12.02,11.77,11.92,39127648,494778999.0
2023-09-19,11.9,12.07,11.84,12.03,24853319,317337136.0
2023-09-20,11.97,12.11,11.92,11.97,19436961,249161349.0
2023-09-21,11.98,12.16,11.94,11.96,25699384,329551898.0
2023-09-22,11.88,11.99,11.87,11.97,26303157,334812366.0
2023-09-25,11.9,11.91,11.64,11.8,39295176,494194892.0
2023-09-26,11.79,11.82,11.6,11.66,23773856,296173011.0
2023-09-27,11.68,11.72,11.53,11.56,21046974,260325106.0
2023-09-28,11.6,11.68,11.49,11.62,22637900,279982720.0
2023-10-09,11.59,11.59,11.3,11.4,28478755,345999421.0
2023-10-10,11.39,11.47,11.25,11.27,18730855,226742451.0
2023-10-11,11.28,11.36,11.11,11.21,32317478,385463989.0
2023-10-12,11.25,11.52,11.2,11.38,29700401,360628036.0
2023-10-13,11.29,11.54,11.25,11.47,23907479,291966237.0
2023-10-16,11.47,11.73,11.22,11.28,22159182,269231841.0
2023-10-17,11.23,11.36,11.08,11.27,24870831,297880659.0
2023-10-18,11.22,11.36,11.17,11.23,16245531,195199314.0
2023-10-19,11.15,11.17,10.94,10.94,25831527,303478786.0
2023-10-20,10.91,11.2,10.73,11.05,29501082,346456726.0
2023-10-23,10.98,11.15,10.83,10.92,24002487,280777167.0
2023-10-24,10.93,11.23,10.93,11.23,21915234,260220790.0
2023-10-25,11.28,11.42,10.78,10.87,39433530,461322539.0
2023-10-26,10.78,10.85,10.61,10.71,25196394,286980467.0
2023-10-27,10.63,10.7,10.3,10.53,52867258,592177278.0
2023-10-30,10.41,10.47,9.91,10.2,78872565,850214792.0
2023-10-31,10.2,10.49,10.18,10.35,52441466,576873505.0
2023-11-01,10.33,10.43,10.25,10.32,31901795,351410012.0
2023-11-02,10.27,10.41,10.17,10.18,36662828,400845221.0
2023-11-03,10.2,10.28,10.04,10.1,33887797,366031856.0
2023-11-06,10.12,10.49,10.08,10.36,52867526,583648551.0
2023-11-07,10.41,10.55,10.21,10.3,39908361,440223267.0
2023-11-08,10.25,10.51,10.22,10.39,33472746,370295863.0
2023-11-09,10.42,10.54,10.33,10.39,35652711,396127075.0
2023-11-10,10.34,10.37,10.13,10.2,27269622,296531244.0
2023-11-13,10.18,10.25,10.04,10.2,27169161,293716460.0
2023-11-14,10.19,10.41,10.18,10.3,34139010,374951135.0
2023-11-15,10.41,10.44,10.09,10.14,53547669,583849659.0
2023-11-16,10.1,10.18,9.83,10.11,44877761,480108264.0
2023-11-17,10.05,10.18,9.99,10.13,24065159,258714339.0
2023-11-20,10.15,10.19,9.96,9.99,40587990,433535630.0
2023-11-21,10.06,10.35,10.03,10.18,58375552,635871193.0
2023-11-22,10.13,10.27,10.01,10.01,32110088,347262034.0
2023-11-23,10.16,10.42,9.98,10.41,73322581,804939936.0
2023-11-24,10.63,10.75,10.34,10.44,56186569,625877009.0
2023-11-27,10.41,10.41,10.13,10.35,40557900,444716101.0
2023-11-28,10.32,10.34,10.16,10.2,19038875,207856926.0
2023-11-29,10.15,10.31,9.8,9.83,42624538,451575823.0
2023-11-30,9.8,9.85,9.63,9.77,53838425,558003765.0
2023-12-01,9.66,9.74,9.52,9.62,42427068,434039633.0
2023-12-04,9.57,9.66,9.29,9.35,52727524,528269066.0
2023-12-05,9.32,9.34,9.0,9.02,55268545,539811799.0
2023-12-06,9.03,9.26,8.85,9.17,43484817,421533901.0
2023-12-07,9.12,9.25,9.09,9.12,29642397,289228930.0
2023-12-08,9.12,9.12,8.94,8.98,36833350,353661212.0
2023-12-11,8.92,8.92,8.62,8.79,64358912,599039680.0
2023-12-12,8.93,9.29,8.81,9.19,90751244,880131581.0
2023-12-13,9.02,9.13,8.82,8.86,51685332,491098627.0
2023-12-14,8.86,9.0,8.82,8.83,26570093,252082400.0
2023-12-15,8.98,9.29,8.92,9.03,79075480,769530161.0
2023-12-18,9.0,9.28,8.87,9.02,51445798,499000737.0
2023-12-19,8.97,9.05,8.76,8.83,33896861,320273091.0
2023-12-20,8.83,8.91,8.7,8.7,22719197,212950311.0
2023-12-21,8.65,8.86,8.62,8.82,31577483,295053299.0
2023-12-22,8.79,8.86,8.7,8.81,25044573,234634433.0
2023-12-25,8.8,8.89,8.74,8.78,22972363,215542060.0
2023-12-26,8.75,8.87,8.53,8.55,28955711,266287113.0
2023-12-27,8.52,8.73,8.47,8.68,31415319,287926571.0
2023-12-28,8.63,8.94,8.57,8.91,33089466,310993167.0
2023-12-29,8.9,8.97,8.78,8.94,34241770,324396710.0
2024-01-02,8.94,8.94,8.37,8.39,103869484,941295782.0
2024-01-03,8.37,8.48,8.31,8.37,50753733,453726699.0
2024-01-04,8.33,8.35,8.12,8.22,65050674,568574082.0
2024-01-05,8.19,8.32,8.09,8.13,63175509,552245806.0
2024-01-08,8.17,8.2,7.93,7.98,52282675,447500561.0
2024-01-09,7.98,8.2,7.91,8.1,48816850,420657547.0
2024-01-10,8.06,8.22,8.01,8.1,40746097,352628063.0
2024-01-11,8.08,8.11,7.93,8.04,48672814,415444408.0
2024-01-12,7.98,8.14,7.96,8.01,40373456,346792135.0
2024-01-15,8.0,8.13,7.88,8.09,43483764,372094100.0
2024-01-16,8.05,8.15,7.94,8.06,32580068,278899465.0
2024-01-17,8.03,8.04,7.79,7.79,39463200,331828478.0
2024-01-18,7.75,7.92,7.61,7.88,48641871,402114464.0
2024-01-19,7.85,8.03,7.83,7.91,41514446,351031410.0
2024-01-22,7.88,7.95,7.59,7.64,49300336,410055852.0
2024-01-23,7.64,7.72,7.53,7.64,45143850,367673835.0
2024-01-24,7.68,7.86,7.61,7.86,48008927,396060703.0
2024-01-25,7.9,8.42,7.87,8.38,91086052,796512637.0
2024-01-26,8.37,8.7,8.36,8.59,115138244,1055216207.0
2024-01-29,8.82,8.96,8.64,8.7,102286303,962100378.0
2024-01-30,8.7,8.74,8.42,8.45,59822789,546737461.0
2024-01-31,8.4,8.55,8.18,8.22,58452373,517017594.0
2024-02-01,8.11,8.32,8.08,8.11,49970868,436235676.0
2024-02-02,8.12,8.48,7.93,8.25,64704781,570740740.0
2024-02-05,8.15,8.19,7.75,7.82,70708732,597887604.0
2024-02-06,7.76,8.33,7.68,8.24,70305481,602027324.0
2024-02-07,8.21,8.22,7.9,8.04,74052354,635288116.0
2024-02-08,8.13,8.55,8.13,8.55,87043822,775711520.0
2024-02-19,8.59,8.59,8.14,8.4,94738062,836369660.0
2024-02-20,8.42,8.8,8.38,8.49,73652424,670270448.0
2024-02-21,8.35,8.91,8.17,8.79,86481933,798402366.0
2024-02-22,8.67,8.77,8.59,8.71,45515596,420725399.0
2024-02-23,8.69,8.87,8.67,8.81,54048571,506880367.0
2024-02-26,8.72,8.77,8.56,8.61,44141988,407000715.0
2024-02-27,8.54,8.78,8.52,8.78,37350656,346276659.0
2024-02-28,8.79,8.96,8.63,8.63,56255667,528101512.0
2024-02-29,8.59,8.86,8.58,8.83,48729666,455086742.0
2024-03-01,8.82,8.83,8.59,8.7,51825737,479551847.0
2024-03-04,8.63,8.64,8.28,8.37,81927389,731135876.0
2024-03-05,8.28,8.42,8.15,8.38,67362256,595213698.0
2024-03-06,8.32,8.37,8.16,8.19,48242402,423315805.0
2024-03-07,8.2,8.25,8.05,8.05,51377715,445953942.0
2024-03-08,8.03,8.08,7.88,7.93,47839696,405426147.0
2024-03-11,7.93,8.19,7.92,8.19,56273444,484477857.0
2024-03-12,8.32,8.82,8.2,8.7,122838135,1111016864.0
2024-03-13,8.67,8.7,8.5,8.55,62630755,572828094.0
2024-03-14,8.56,8.94,8.54,8.82,69446342,648455730.0
2024-03-15,8.81,9.07,8.71,8.82,54067593,510505308.0
2024-03-18,8.82,9.0,8.65,8.93,68646843,646092920.0
2024-03-19,9.07,9.13,8.89,8.9,72395815,695380661.0
2024-03-20,8.9,8.99,8.72,8.82,48635662,457350449.0
2024-03-21,8.8,9.05,8.78,8.89,45911227,436947820.0
2024-03-22,8.85,8.86,8.7,8.75,39510085,369796953.0
2024-03-25,8.74,9.23,8.66,9.02,75119451,719283133.0
2024-03-26,9.0,9.4,8.95,9.3,86507900,846409264.0
2024-03-27,9.29,9.29,8.97,9.05,56987662,552256161.0
2024-03-28,9.01,9.16,8.96,9.06,49394004,477081344.0
2024-03-29,8.97,9.05,8.79,8.86,42185410,400032864.0
2024-04-01,8.82,9.03,8.8,8.89,48849302,462781296.0
2024-04-02,8.87,8.87,8.44,8.48,88258145,805827275.0
2024-04-03,8.42,8.64,8.4,8.49,50803194,462466624.0
2024-04-08,8.45,8.73,8.42,8.45,57916684,527724902.0
2024-04-09,8.47,8.48,8.2,8.25,47292634,417458894.0
2024-04-10,8.23,8.24,7.8,7.87,73670605,625365608.0
2024-04-11,7.77,8.02,7.7,7.91,48691227,408316802.0
2024-04-12,7.86,7.96,7.64,7.67,43400297,358832370.0
2024-04-15,7.62,7.84,7.55,7.76,51021085,420693030.0
2024-04-16,7.67,8.0,7.57,7.94,70824124,588528922.0
2024-04-17,7.85,8.02,7.82,7.95,56260007,474575664.0
2024-04-18,7.88,7.96,7.76,7.83,48202588,404544229.0
2024-04-19,7.76,7.81,7.66,7.73,43271745,356282314.0
2024-04-22,7.71,7.77,7.13,7.31,175399939,1377522197.0
2024-04-23,7.29,7.36,7.19,7.22,87762116,679319080.0
2024-04-24,7.22,7.24,6.99,7.14,86375213,651647007.0
2024-04-25,7.09,7.31,7.06,7.23,71897879,554329338.0
2024-04-26,7.21,7.79,7.16,7.76,154045532,1235501101.0
2024-04-29,7.67,8.41,7.64,8.28,155453997,1349309590.0
2024-04-30,8.25,8.25,7.86,7.94,126464692,1079327175.0
2024-05-06,8.17,8.37,8.11,8.17,140678226,1234917337.0
2024-05-07,8.1,8.51,8.06,8.4,112651147,999124023.0
2024-05-08,8.33,8.36,8.08,8.11,64413843,562346350.0
2024-05-09,8.18,8.51,8.17,8.37,98078658,874089106.0
2024-05-10,8.41,9.21,8.41,9.21,217217379,2059223478.0
2024-05-13,9.1,9.21,8.88,9.0,141302386,1363003900.0
2024-05-14,9.03,9.45,8.97,9.31,126528677,1246640908.0
2024-05-15,9.27,10.2,9.24,9.52,190399585,1973248127.0
2024-05-16,9.47,10.08,9.31,9.78,228321888,2377074730.0
2024-05-17,9.88,10.71,9.33,10.69,335339741,3558009493.0
2024-05-20,10.3,10.84,9.92,10.12,264215509,2886204904.0
2024-05-21,10.02,10.23,9.81,9.91,144616388,1540105182.0
2024-05-22,9.86,10.48,9.77,9.84,190148993,2041090062.0
2024-05-23,9.68,9.8,9.56,9.72,125747911,1295005047.0
2024-05-24,9.6,9.61,9.39,9.42,77478398,783963439.0
2024-05-27,9.42,9.58,9.16,9.55,87874467,878346471.0
2024-05-28,9.68,9.82,9.33,9.36,85210612,868414210.0
2024-05-29,9.45,9.57,9.33,9.47,82307156,828413834.0
2024-05-30,9.35,9.41,9.0,9.05,106718153,1042001606.0
2024-05-31,9.05,9.27,9.01,9.05,71391296,694992455.0
2024-06-03,9.06,9.42,8.96,9.27,86739310,852279244.0
2024-06-04,9.28,9.54,9.14,9.46,93983089,941834079.0
2024-06-05,9.43,9.43,9.16,9.17,47923589,473846689.0
2024-06-06,9.17,9.4,9.1,9.28,58789239,578422319.0
2024-06-07,9.25,9.54,9.24,9.37,58329062,584176759.0
2024-06-11,9.31,9.6,9.16,9.42,74155041,746709184.0
2024-06-12,9.37,9.42,9.22,9.26,38271729,379034809.0
2024-06-13,9.29,9.35,9.02,9.11,47932312,465716990.0
2024-06-14,9.02,9.47,8.98,9.38,60242828,596738148.0
2024-06-17,9.28,9.31,8.97,9.12,56494621,548211067.0
2024-06-18,9.08,9.26,8.96,9.03,45375315,439107181.0
2024-06-19,8.99,9.03,8.73,8.82,66806574,630246151.0
2024-06-20,8.77,8.79,8.5,8.54,64267799,588927560.0
2024-06-21,8.58,8.63,8.5,8.58,56289859,514482405.0
2024-06-24,8.49,8.5,8.29,8.32,53650000,479532213.0
2024-06-25,8.32,8.77,8.2,8.59,81783077,743293408.0
2024-06-26,8.49,8.58,8.42,8.5,39318648,356149311.0
2024-06-27,8.51,8.62,8.25,8.25,54777702,491325512.0
2024-06-28,8.24,8.5,8.21,8.24,53734686,476851116.0
2024-07-01,8.22,8.97,8.22,8.88,101668800,944351162.0
2024-07-02,8.79,9.06,8.66,8.68,60978602,576459422.0
2024-07-03,8.7,9.06,8.56,8.84,79165333,748211941.0
2024-07-04,8.83,8.86,8.56,8.58,46381008,428384212.0
2024-07-05,8.55,8.65,8.36,8.45,42075672,380578222.0
2024-07-08,8.43,8.52,8.15,8.19,50095036,441174432.0
2024-07-09,8.17,8.26,8.09,8.2,42155939,368081751.0
2024-07-10,8.07,8.24,7.92,8.14,48102095,415970694.0
2024-07-11,8.22,8.3,8.14,8.26,45502339,399178481.0
2024-07-12,8.26,8.96,8.26,8.71,122905120,1145070159.0
2024-07-15,8.76,8.92,8.65,8.68,56013804,522921825.0
2024-07-16,8.64,9.02,8.53,8.86,71399337,672240931.0
2024-07-17,8.85,9.27,8.84,8.98,69473129,674345466.0
2024-07-18,8.99,9.27,8.91,9.22,62335541,604221394.0
2024-07-19,9.15,9.17,8.83,8.92,60670230,577297772.0
2024-07-22,8.94,8.97,8.7,8.77,59754085,561057189.0
2024-07-23,8.82,8.89,8.66,8.66,48040129,434941345.0
2024-07-24,8.63,8.76,8.27,8.32,71669183,622130703.0
2024-07-25,8.31,8.68,8.3,8.49,47773133,417028904.0
2024-07-26,8.42,8.64,8.31,8.45,54526252,473524636.0
2024-07-29,8.33,8.36,7.88,7.96,99755177,821977832.0
2024-07-30,7.89,8.08,7.88,7.98,53973145,443275948.0
2024-07-31,7.95,8.57,7.88,8.54,105684561,902468675.0
2024-08-01,8.5,8.55,8.19,8.21,63200860,541345408.0
2024-08-02,8.14,8.33,8.12,8.18,51083636,432581197.0
2024-08-05,8.11,8.69,8.09,8.33,107598627,938523494.0
2024-08-06,8.38,8.64,8.38,8.57,68670778,602634820.0
2024-08-07,8.51,8.74,8.33,8.63,77446092,681651058.0
2024-08-08,8.71,8.93,8.48,8.66,87878420,786116718.0
2024-08-09,8.56,9.02,8.53,8.81,83362994,761739834.0
2024-08-12,8.74,8.81,8.49,8.52,43689324,385668857.0
2024-08-13,8.48,8.61,8.42,8.55,35940843,315241153.0
2024-08-14,8.55,8.59,8.4,8.46,28659273,249997074.0
2024-08-15,8.44,8.67,8.36,8.6,40467556,356736915.0
2024-08-16,8.6,8.71,8.5,8.59,30532935,270692275.0
2024-08-19,8.55,8.78,8.52,8.63,38210310,341114703.0
2024-08-20,8.62,8.68,8.52,8.58,27158920,239841897.0
2024-08-21,8.55,8.78,8.43,8.73,39746089,353501681.0
2024-08-22,8.76,8.93,8.75,8.84,45234974,411943820.0
2024-08-23,8.82,9.06,8.75,8.98,44937140,413475088.0
2024-08-26,8.98,9.2,8.88,9.14,43413270,406371199.0
2024-08-27,9.08,9.13,8.75,8.82,45515698,416256951.0
2024-08-28,8.77,8.85,8.54,8.56,37358161,333953715.0
2024-08-29,8.5,8.69,8.45,8.63,31019417,275005928.0
2024-08-30,8.59,9.45,8.58,8.96,97410272,913489787.0
2024-09-02,8.85,8.88,8.56,8.57,59701540,533303924.0
2024-09-03,8.51,8.87,8.47,8.79,53918444,485408514.0
2024-09-04,8.7,8.99,8.53,8.55,50990851,457424243.0
2024-09-05,8.64,8.87,8.57,8.77,46212458,415181493.0
2024-09-06,8.71,8.79,8.64,8.67,25338789,227125397.0
2024-09-09,8.62,8.69,8.45,8.55,26650253,234995088.0
2024-09-10,8.56,8.63,8.16,8.31,49076402,421320680.0
2024-09-11,8.23,8.59,8.18,8.5,41956921,365294181.0
2024-09-12,8.48,8.6,8.37,8.39,25256169,220113436.0
2024-09-13,8.44,8.6,8.37,8.55,34611041,304147579.0
2024-09-18,8.59,9.09,8.55,8.92,55619203,504443376.0
2024-09-19,8.98,9.39,8.98,9.22,79763796,754471809.0
2024-09-20,8.94,9.38,8.93,9.3,68180034,645275212.0
2024-09-23,9.21,9.49,9.17,9.37,50545860,488089373.0
2024-09-24,9.69,9.82,9.06,9.4,114904391,1106234834.0
2024-09-25,9.32,9.81,9.25,9.32,124678960,1224675994.0
2024-09-26,9.21,10.25,9.18,10.25,182122327,1844100861.0
2024-09-27,10.53,11.04,10.36,10.89,209169698,2298050940.0
2024-09-30,11.75,11.94,11.0,11.9,264637646,3151071961.0
2024-10-08,13.03,13.05,10.97,11.6,391585582,4763324861.0
2024-10-09,11.0,11.02,10.45,10.45,170807358,1856502798.0
2024-10-10,10.21,10.57,9.8,10.16,211524237,2219725791.0
2024-10-11,10.03,10.57,9.98,10.32,143549337,1519771319.0
2024-10-14,10.63,10.99,10.49,10.84,204980571,2277061212.0
2024-10-15,10.68,11.02,10.53,10.71,121877987,1355986838.0
2024-10-16,10.88,11.21,10.69,11.11,189682334,2136490644.0
2024-10-17,11.22,11.22,10.3,10.31,156640908,1723142900.0
2024-10-18,10.19,10.63,9.92,10.44,130717141,1377330137.0
2024-10-21,10.83,10.92,10.58,10.78,141964623,1573746499.0
2024-10-22,10.68,10.92,10.63,10.75,94621562,1047888252.0
2024-10-23,10.73,10.85,10.65,10.76,99214536,1098743302.0
2024-10-24,10.73,10.85,10.55,10.56,89478854,984429099.0
2024-10-25,10.54,10.87,10.51,10.62,98640854,1087667185.0
2024-10-28,10.63,10.93,10.55,10.84,113384591,1262471030.0
2024-10-29,10.8,11.15,10.58,10.6,116004673,1289411847.0
2024-10-30,10.57,10.8,10.52,10.67,89003347,979313319.0
2024-10-31,10.61,11.42,10.49,10.96,186856300,2118137719.0
2024-11-01,11.09,11.51,11.0,11.23,161497624,1872418194.0
2024-11-04,11.46,11.46,10.9,11.24,117930956,1351799104.0
2024-11-05,11.24,11.74,11.12,11.52,194790609,2300511360.0
2024-11-06,11.56,12.62,11.29,12.04,249111698,3017618576.0
2024-11-07,11.75,12.37,11.75,12.31,242687118,3023467857.0
2024-11-08,12.45,12.5,11.62,11.66,232451061,2857033143.0
2024-11-11,11.5,11.6,11.25,11.47,138710205,1629273270.0
2024-11-12,11.47,11.69,11.26,11.4,119532734,1412218597.0
2024-11-13,11.32,11.48,11.22,11.33,68052029,793929871.0
2024-11-14,11.51,11.56,10.89,10.89,129615410,1492692773.0
2024-11-15,10.81,10.92,10.49,10.5,100791061,1109985849.0
2024-11-18,10.62,10.87,10.52,10.6,99148401,1093598127.0
2024-11-19,10.59,10.61,10.35,10.61,80910762,873457324.0
2024-11-20,10.55,10.72,10.49,10.7,73642501,805041770.0
2024-11-21,10.64,10.73,10.53,10.58,55161637,602579244.0
2024-11-22,10.51,10.62,10.21,10.22,69402765,745881093.0
2024-11-25,10.24,10.51,10.08,10.35,77811618,824305970.0
2024-11-26,10.3,10.96,10.29,10.74,125499150,1381621955.0
2024-11-27,10.68,11.17,10.58,11.06,130805112,1479188040.0
2024-11-28,10.97,12.01,10.95,11.46,236328719,2798815274.0
2024-11-29,11.28,11.62,11.21,11.44,153702697,1809099881.0
2024-12-02,11.35,12.05,11.32,11.74,198364482,2373020247.0
2024-12-03,11.65,11.83,11.46,11.51,158319499,1891274934.0
2024-12-04,11.44,11.5,11.08,11.13,125863648,1461372480.0
2024-12-05,11.06,11.14,10.89,11.02,104246935,1180614870.0
2024-12-06,11.01,11.14,10.95,11.04,90524021,1030236024.0
2024-12-09,10.98,11.02,10.74,10.8,91501612,1022005129.0
2024-12-10,11.28,11.36,10.86,10.89,151686457,1741327006.0
2024-12-11,10.84,11.07,10.74,10.91,83364155,938206079.0
2024-12-12,10.89,10.96,10.78,10.92,90155202,1008520286.0
2024-12-13,10.83,10.85,10.56,10.57,114410361,1254988658.0
2024-12-16,10.59,10.68,10.41,10.48,65261476,707431372.0
2024-12-17,10.45,10.52,10.31,10.32,59364474,636752272.0
2024-12-18,10.39,10.43,10.3,10.35,53081698,566704223.0
2024-12-19,10.2,10.34,10.19,10.34,58117577,613196962.0
2024-12-20,10.32,10.41,10.26,10.37,45814184,488260981.0
2024-12-23,10.37,10.4,10.06,10.08,70570061,740911293.0
2024-12-24,10.05,10.15,10.03,10.13,48676201,505911204.0
2024-12-25,10.12,10.15,9.83,9.93,73049130,746935307.0
2024-12-26,9.89,9.94,9.84,9.86,52223813,531141766.0
2024-12-27,9.86,10.09,9.86,10.05,70052815,720766393.0
2024-12-30,9.98,9.99,9.87,9.9,56360192,574741869.0
2024-12-31,9.92,10.27,9.91,9.94,114074196,1184632776.0
2025-01-02,10.02,10.24,9.59,9.7,108782608,1112776108.0
2025-01-03,9.66,9.78,9.46,9.51,72842213,720172777.0
2025-01-06,9.43,9.55,9.34,9.55,51946428,506266142.0
2025-01-07,9.52,9.58,9.36,9.57,47818228,467849060.0
2025-01-08,9.52,9.55,9.29,9.5,55544980,539809859.0
2025-01-09,9.45,9.75,9.44,9.65,60478656,600571663.0
2025-01-10,9.64,9.78,9.55,9.55,44085141,438729496.0
2025-01-13,9.49,9.86,9.42,9.8,69746004,698818430.0
2025-01-14,9.83,9.95,9.76,9.92,61424757,625340558.0
2025-01-15,9.9,9.91,9.75,9.8,42811277,432250823.0
2025-01-16,9.8,9.91,9.69,9.75,44251422,446595133.0
2025-01-17,9.56,10.09,9.52,9.91,99911131,1015466011.0
2025-01-20,9.89,9.98,9.79,9.87,43300037,441155675.0
2025-01-21,9.89,10.19,9.74,9.92,95967476,988294816.0
2025-01-22,9.83,9.88,9.51,9.54,78587835,781717734.0
2025-01-23,9.63,9.85,9.58,9.64,74819105,747557058.0
2025-01-24,9.61,9.72,9.57,9.64,41705055,414465110.0
2025-01-27,9.67,9.8,9.5,9.5,44968704,447059593.0
2025-02-05,9.55,9.55,9.3,9.37,51177702,493213682.0
2025-02-06,9.33,9.47,9.3,9.42,40425619,390673187.0
2025-02-07,9.4,9.65,9.37,9.55,73810841,726522488.0
2025-02-10,9.51,9.63,9.45,9.55,72605718,712842898.0
2025-02-11,9.55,9.58,9.3,9.33,84634914,816679675.0
2025-02-12,9.31,9.52,9.13,9.52,124807781,1194143674.0
2025-02-13,9.42,9.62,9.37,9.43,115241288,1129189407.0
2025-02-14,9.43,9.46,9.31,9.4,55239134,532974753.0
2025-02-17,9.39,9.56,9.35,9.53,75887407,741283096.0
2025-02-18,9.5,9.53,9.21,9.22,74953380,720819809.0
2025-02-19,9.19,9.26,9.11,9.24,54033339,511711513.0
2025-02-20,9.21,9.22,9.08,9.09,55328793,519586694.0
2025-02-21,9.1,9.17,8.99,9.03,78824137,735975573.0
2025-02-24,9.04,9.39,8.99,9.34,133744082,1276775229.0
2025-02-25,9.27,9.38,9.2,9.31,52098747,499296406.0
2025-02-26,9.32,9.52,9.32,9.51,83543365,813087992.0
2025-02-27,9.47,9.76,9.45,9.65,89404786,888945524.0
2025-02-28,9.61,9.76,9.51,9.54,84323350,837158640.0
2025-03-03,9.58,9.81,9.57,9.71,73401285,734011929.0
2025-03-04,9.65,9.69,9.46,9.63,49333534,486111780.0
2025-03-05,9.61,9.61,9.31,9.46,66388793,644726434.0
2025-03-06,9.47,9.73,9.42,9.68,80275797,792169140.0
2025-03-07,9.61,9.61,9.44,9.46,54455869,532892642.0
2025-03-10,9.5,9.5,9.26,9.28,58114620,559044654.0
2025-03-11,9.22,9.22,9.13,9.21,51352612,484667432.0
2025-03-12,9.21,9.22,9.12,9.16,40168415,379296965.0
2025-03-13,9.16,9.19,9.09,9.16,43765874,411926911.0
2025-03-14,9.17,9.33,9.15,9.32,75378354,719540712.0
2025-03-17,9.34,9.49,9.33,9.42,63589347,616716267.0
2025-03-18,9.42,9.44,9.32,9.37,48212339,464940491.0
2025-03-19,9.37,9.37,9.26,9.29,40705154,389923139.0
2025-03-20,9.29,9.34,9.19,9.21,43875255,418496837.0
2025-03-21,9.19,9.22,9.13,9.19,47255380,446089717.0
2025-03-24,9.17,9.23,9.08,9.12,51478735,484996329.0
2025-03-25,9.13,9.21,9.06,9.17,36077777,339594926.0
2025-03-26,9.15,9.25,9.14,9.16,36589800,346467122.0
2025-03-27,9.14,9.24,9.07,9.21,45156544,426489128.0
2025-03-28,9.19,9.28,9.17,9.25,42699274,406349713.0
2025-03-31,9.24,9.25,8.88,8.9,78615262,729835013.0
2025-04-01,8.89,9.11,8.89,9.08,54173914,503136160.0
2025-04-02,9.05,9.1,8.95,9.07,30510180,283965367.0
2025-04-03,9.03,9.4,8.99,9.35,102161900,978245487.0
2025-04-07,9.09,9.22,8.62,8.85,101536927,926846367.0
2025-04-08,8.85,9.25,8.8,9.22,93938374,880781526.0
2025-04-09,9.13,9.56,9.02,9.54,109216015,1053973737.0
2025-04-10,9.44,9.71,9.29,9.57,98907539,972041997.0
2025-04-11,9.48,9.52,9.32,9.39,52018050,503510305.0
2025-04-14,9.34,9.4,9.25,9.36,50629607,486483302.0
2025-04-15,9.36,9.36,9.22,9.33,40971177,392159520.0
2025-04-16,9.29,9.49,9.28,9.44,48128050,465094929.0
2025-04-17,9.38,9.81,9.37,9.58,107598139,1069984532.0
2025-04-18,9.57,9.66,9.54,9.63,55134062,544784809.0
2025-04-21,9.55,9.64,9.45,9.55,41515476,408253525.0
2025-04-22,9.54,9.61,9.49,9.55,42386859,417488932.0
2025-04-23,9.54,9.56,9.4,9.41,47694546,463845041.0
2025-04-24,9.42,9.54,9.35,9.47,42760099,416030711.0
2025-04-25,9.45,9.74,9.08,9.1,162922713,1571980994.0
2025-04-28,9.06,9.09,8.79,8.83,110284411,1009810615.0
2025-04-29,8.84,8.88,8.8,8.84,41305485,375842364.0
2025-04-30,8.88,9.0,8.84,8.88,52637120,483106162.0
2025-05-06,8.88,8.9,8.82,8.89,55147090,503954983.0
2025-05-07,9.08,9.14,8.95,8.99,91998676,856906722.0
2025-05-08,8.94,9.0,8.9,8.92,72072007,663130266.0
2025-05-09,8.92,8.93,8.71,8.75,95249863,861943849.0
2025-05-12,8.77,8.78,8.73,8.78,48812421,440022292.0
2025-05-13,8.8,8.82,8.76,8.79,39273596,355547183.0
2025-05-14,8.79,8.86,8.72,8.81,60238433,544614552.0
2025-05-15,8.79,8.82,8.73,8.74,37496140,338140848.0
2025-05-16,8.74,8.76,8.61,8.65,59016156,526009273.0
2025-05-19,8.63,8.79,8.62,8.72,43880149,393619217.0
2025-05-20,8.71,8.75,8.68,8.73,36233853,325009925.0
2025-05-21,8.72,8.73,8.62,8.63,55078073,490592651.0
2025-05-22,8.62,8.63,8.48,8.52,59858094,526108546.0
2025-05-23,8.48,8.55,8.45,8.46,38718408,338740549.0
2025-05-26,8.45,8.49,8.37,8.44,45449211,394215313.0
2025-05-27,8.44,8.48,8.43,8.45,25191132,219170076.0
2025-05-28,8.45,8.55,8.41,8.48,38810389,339289730.0
2025-05-29,8.46,8.51,8.43,8.49,31221164,272642311.0
2025-05-30,8.46,8.5,8.4,8.43,36581452,318184886.0
2025-06-03,8.39,8.42,8.32,8.34,57756198,496946761.0
2025-06-04,8.34,8.39,8.33,8.37,34128000,293783478.0
2025-06-05,8.37,8.45,8.35,8.39,37417162,323299042.0
2025-06-06,8.4,8.45,8.37,8.41,34304723,296942789.0
2025-06-09,8.42,8.48,8.36,8.44,38908014,337432703.0
2025-06-10,8.44,8.5,8.35,8.38,46551669,403671085.0
2025-06-11,8.37,8.45,8.36,8.43,37335056,323845174.0
2025-06-12,8.42,8.42,8.36,8.38,31748776,273930791.0
2025-06-13,8.35,8.37,8.24,8.26,49144062,419750043.0
2025-06-16,8.27,8.69,8.27,8.66,162166754,1425815448.0
2025-06-17,8.63,8.64,8.5,8.53,52748150,464953128.0
2025-06-18,8.53,8.55,8.37,8.41,41148986,356718038.0
2025-06-19,8.38,8.4,8.25,8.26,41996804,359339188.0
2025-06-20,8.27,8.32,8.21,8.28,41246325,350961199.0
2025-06-23,8.22,8.34,8.19,8.31,40493344,345456555.0
2025-06-24,8.31,8.46,8.27,8.45,47057005,406371599.0
2025-06-25,8.45,8.51,8.41,8.5,45427037,396266631.0
2025-06-26,8.5,8.56,8.46,8.49,42512148,371691022.0
2025-06-27,8.49,8.56,8.47,8.47,37365389,327426395.0
2025-06-30,8.47,8.55,8.45,8.52,32536402,285179914.0
2025-07-01,8.52,8.54,8.38,8.38,49830211,431932356.0
2025-07-02,8.4,8.48,8.35,8.47,50646009,438284158.0
2025-07-03,8.46,8.55,8.43,8.45,47035407,410937791.0
2025-07-04,8.47,8.5,8.43,8.45,32332061,281734869.0
2025-07-07,8.46,8.74,8.44,8.7,127833864,1139741974.0
2025-07-08,8.68,8.76,8.64,8.71,73891852,663064765.0
2025-07-09,8.71,8.8,8.68,8.72,55183100,496905451.0
2025-07-10,8.73,9.03,8.7,8.98,108364009,994673016.0
2025-07-11,8.98,9.02,8.88,8.9,61083780,562133513.0
2025-07-14,8.9,8.93,8.76,8.77,50966681,462662591.0
2025-07-15,8.78,8.8,8.6,8.67,71916034,642246879.0
2025-07-16,8.67,8.71,8.56,8.6,60925710,540635496.0
2025-07-17,8.62,8.67,8.62,8.64,46563439,405221449.0
2025-07-18,8.65,8.8,8.64,8.75,52738419,463268306.0
2025-07-21,8.75,8.8,8.71,8.78,42147328,371652883.0
2025-07-22,8.79,8.94,8.7,8.93,74398473,662808537.0
2025-07-23,8.92,9.07,8.86,8.89,67056045,604658147.0
2025-07-24,8.86,9.19,8.84,9.1,101410413,925452495.0
2025-07-25,9.08,9.33,9.06,9.31,116822661,1088165399.0
2025-07-28,9.26,9.36,9.09,9.32,78529597,731560365.0
2025-07-29,9.28,9.36,9.2,9.28,46457689,434592627.0
2025-07-30,9.26,9.42,9.12,9.15,84853574,791823344.0
2025-07-31,9.11,9.15,8.61,8.64,154278866,1362363609.0
2025-08-01,8.64,8.67,8.59,8.6,51747681,449210785.0
2025-08-04,8.6,8.64,8.56,8.63,39597547,342712304.0
2025-08-05,8.63,8.74,8.62,8.72,53326422,467185959.0
2025-08-06,8.69,8.74,8.66,8.72,30608884,268072108.0
2025-08-07,8.69,8.83,8.66,8.8,51643648,455664215.0
2025-08-08,8.8,8.82,8.76,8.8,29905519,265032092.0
2025-08-11,8.87,8.93,8.81,8.82,39615998,353403444.0
2025-08-12,8.83,8.87,8.77,8.8,35651104,316727399.0
2025-08-13,8.82,8.84,8.76,8.78,34695197,307213489.0
2025-08-14,8.79,9.02,8.78,8.83,72670493,651801060.0
2025-08-15,8.83,9.12,8.82,9.1,94516514,862560918.0
2025-08-18,9.09,9.13,8.96,8.98,74418555,676559630.0
2025-08-19,9.03,9.16,9.02,9.11,76621671,702373572.0
2025-08-20,9.06,9.18,9.01,9.17,60275235,554510391.0
2025-08-21,9.14,9.2,9.09,9.11,42938088,395699475.0
2025-08-22,9.11,9.14,9.03,9.1,44697321,408718954.0
2025-08-25,9.13,9.63,9.12,9.34,185480977,1754115993.0
2025-08-26,9.27,9.32,9.21,9.27,56025191,522862602.0
2025-08-27,9.24,9.27,8.95,8.95,70226682,643982017.0
2025-08-28,9.01,9.04,8.82,8.99,55080830,497046261.0
2025-08-29,9.08,9.17,9.03,9.08,62883132,576581419.0
2025-09-01,9.23,9.38,9.05,9.28,111219283,1037802626.0
2025-09-02,9.27,9.34,9.05,9.17,60644867,562077465.0
2025-09-03,9.17,9.2,8.95,8.96,48843920,443541913.0
2025-09-04,8.99,9.03,8.88,8.99,55943139,504527437.0
2025-09-05,8.98,9.02,8.89,9.02,46906463,423113349.0
2025-09-08,9.17,9.38,9.13,9.24,101536058,944984631.0
2025-09-09,9.25,9.55,9.21,9.5,104656022,993780558.0
2025-09-10,9.44,9.5,9.38,9.46,54478512,518022579.0
2025-09-11,9.41,9.44,9.31,9.38,55436004,522132144.0
2025-09-12,9.36,9.54,9.34,9.39,69835728,662035134.0
2025-09-15,9.33,9.66,9.25,9.63,97448965,931958578.0
2025-09-16,9.56,9.67,9.43,9.6,69322863,666637225.0
2025-09-17,9.58,9.62,9.45,9.55,43134857,414025959.0
2025-09-18,9.51,9.53,9.1,9.16,86255093,805951326.0
2025-09-19,9.16,9.51,9.08,9.47,92639141,868539779.0
2025-09-22,9.36,9.51,9.22,9.43,57197161,540517056.0
2025-09-23,9.36,9.39,9.21,9.32,50745742,475281974.0
2025-09-24,9.28,9.72,9.25,9.55,83937394,810183130.0
2025-09-25,9.56,9.57,9.41,9.51,46481466,444489944.0
2025-09-26,9.46,10.09,9.44,9.88,122767269,1218340441.0
2025-09-29,9.85,9.92,9.68,9.87,57357875,566671676.0
2025-09-30,9.87,10.14,9.78,10.1,94734548,959015241.0
2025-10-09,10.2,10.2,9.61,10.03,117976496,1164686810.0
2025-10-10,9.92,10.13,9.89,10.11,70885030,717412114.0
2025-10-13,9.88,10.12,9.78,10.03,67846520,681850261.0
2025-10-14,10.01,10.37,9.98,10.19,92770091,955314425.0
2025-10-15,10.15,10.37,10.03,10.14,61411532,629422189.0
2025-10-16,10.12,10.2,10.05,10.19,52201697,532164895.0
2025-10-17,10.15,10.36,10.09,10.1,49615949,509759968.0
2025-10-20,10.14,10.15,9.85,9.88,55312183,554568326.0
2025-10-21,9.88,9.98,9.83,9.96,38726815,386980357.0
2025-10-22,9.94,10.11,9.8,9.81,42476005,424461395.0
2025-10-23,9.88,9.88,9.56,9.68,42244103,411206557.0
2025-10-24,9.67,9.71,9.41,9.43,57602477,551713544.0
2025-10-27,9.45,9.5,9.37,9.41,42830690,406452681.0
2025-10-28,9.43,9.44,9.19,9.33,64879320,609367111.0
2025-10-29,9.3,9.4,9.28,9.36,29315876,275917063.0
2025-10-30,9.37,9.4,9.2,9.23,43710310,408721610.0
2025-10-31,9.3,9.53,9.26,9.38,59766255,566644823.0
2025-11-03,9.38,9.45,9.24,9.29,40300818,377391756.0
2025-11-04,9.28,9.35,9.2,9.24,31059638,290056952.0
2025-11-05,9.18,9.27,9.15,9.21,27940070,259436618.0
2025-11-06,9.23,9.28,9.17,9.19,29485895,274056147.0
2025-11-07,9.18,9.38,9.14,9.25,42405808,395557337.0
2025-11-10,9.22,9.53,9.2,9.52,58609377,556738532.0
2025-11-11,9.49,9.71,9.45,9.63,58574902,567918920.0
2025-11-12,9.65,9.8,9.63,9.67,44347270,433345001.0
2025-11-13,9.66,9.75,9.56,9.7,37879893,367975721.0
2025-11-14,9.68,9.88,9.6,9.62,44027905,432101435.0
2025-11-17,9.61,9.71,9.59,9.67,34164255,332075151.0
2025-11-18,9.66,9.66,9.39,9.47,37646233,359636620.0
2025-11-19,9.46,9.49,9.21,9.32,41327976,387890768.0
2025-11-20,9.32,9.83,9.27,9.59,97677216,945496908.0
2025-11-21,9.48,9.74,9.46,9.52,66666064,645552778.0
2025-11-24,9.51,9.76,9.35,9.38,62950858,607321938.0
2025-11-25,9.35,9.59,9.26,9.54,44397032,422641608.0
2025-11-26,9.51,9.57,9.26,9.37,43544734,411920427.0
2025-11-27,9.31,9.6,8.98,9.44,81148782,762186492.0
2025-11-28,9.41,9.44,9.13,9.19,66750196,619605927.0
2025-12-01,9.13,9.4,9.13,9.3,60886823,571214964.0
2025-12-02,9.3,9.46,9.21,9.37,35655219,336143580.0
2025-12-03,9.36,9.47,9.3,9.32,32618048,307952302.0
2025-12-04,9.33,9.57,9.31,9.35,32005313,303117915.0
2025-12-05,9.29,9.35,8.96,9.17,77694171,712092811.0
2025-12-08,9.13,9.19,9.09,9.14,33326888,306750369.0
2025-12-09,9.12,9.12,8.75,8.78,84489158,754075438.0
2025-12-10,8.75,9.06,8.62,8.9,86170244,765405975.0
2025-12-11,8.86,8.94,8.78,8.81,53845475,480887657.0
2025-12-12,8.89,8.95,8.8,8.85,48836659,436609725.0
2025-12-15,8.78,8.86,8.72,8.78,28807131,255644817.0
2025-12-16,8.78,8.88,8.63,8.67,38213529,334953097.0
2025-12-17,8.64,8.72,8.54,8.7,41311734,359366998.0
2025-12-18,8.66,8.69,8.58,8.61,34792411,302395097.0
2025-12-19,8.61,8.76,8.57,8.65,47471839,414293904.0
2025-12-22,8.64,8.68,8.53,8.65,68142165,591002587.0
2025-12-23,8.62,8.77,8.6,8.7,51229600,448953718.0
2025-12-24,8.7,8.83,8.69,8.7,39164801,345382967.0
2025-12-25,8.81,8.81,8.65,8.71,37181017,325797290.0
2025-12-26,8.67,8.78,8.66,8.73,34827226,306182222.0
2025-12-29,8.73,8.74,8.54,8.56,57786642,501344441.0
2025-12-30,8.53,8.57,8.42,8.49,51500263,440225068.0
2025-12-31,8.56,8.65,8.47,8.58,56672347,488407206.0
2026-01-05,8.6,9.16,8.6,8.95,144767161,1303398959.0
2026-01-06,8.93,9.08,8.89,8.95,70554697,637840302.0
2026-01-07,8.97,8.97,8.78,8.81,56306881,501680304.0
2026-01-08,8.79,9.09,8.72,9.01,79823151,717167373.0
2026-01-09,9.01,9.24,8.97,9.11,74463593,682956921.0
2026-01-12,9.07,9.25,9.01,9.06,67058142,614909654.0
2026-01-13,9.05,9.27,9.04,9.16,72059544,667117369.0
2026-01-14,9.16,9.22,8.95,8.96,92579157,846965443.0
2026-01-15,9.0,9.48,8.99,9.26,95079194,884608567.0
2026-01-16,9.32,9.34,8.99,9.01,76405914,698580905.0
2026-01-19,8.97,9.34,8.9,9.18,71480467,661863644.0
2026-01-20,9.19,10.03,9.18,9.86,171103949,1676313075.0
2026-01-21,9.76,9.93,9.63,9.69,72917407,715367688.0
2026-01-22,9.69,10.14,9.65,9.87,111796003,1118519610.0
2026-01-23,9.83,9.93,9.73,9.8,69150073,684169207.0
2026-01-26,9.79,9.91,9.63,9.72,76628928,752840370.0
2026-01-27,9.71,9.91,9.58,9.76,66957519,656721367.0
2026-01-28,9.8,10.13,9.72,10.0,81054057,813422009.0
2026-01-29,9.94,10.9,9.94,10.8,147391874,1570220288.0
2026-01-30,10.72,10.78,10.35,10.49,82398941,871512298.0
2026-02-02,10.11,10.39,9.93,10.01,97654074,994979367.0
2026-02-03,10.13,10.37,9.96,10.06,66632970,678460864.0
2026-02-04,10.08,10.92,9.99,10.79,111111102,1183842538.0
2026-02-05,10.74,10.97,10.7,10.84,68043688,743321335.0
2026-02-06,10.78,10.86,10.48,10.55,59167643,633425959.0
2026-02-09,10.56,11.02,10.53,10.62,98654776,1066350939.0
2026-02-10,10.62,10.63,10.2,10.41,71214568,743568849.0
2026-02-11,10.33,10.42,10.19,10.32,42223584,438325680.0
2026-02-12,10.35,10.48,10.21,10.31,39646417,412357004.0
2026-02-13,10.35,10.42,10.19,10.25,37163333,385013721.0
2026-02-24,10.27,10.4,10.05,10.07,52977188,541475476.0
2026-02-25,10.15,10.58,10.14,10.37,83733880,879614977.0
2026-02-26,10.42,10.47,9.87,9.93,81178945,819427321.0
2026-02-27,9.96,10.01,9.74,9.84,53890866,533868082.0
2026-03-02,9.67,9.92,9.64,9.78,49150804,484709044.0
2026-03-03,9.76,10.02,9.72,9.81,67310435,669890947.0
2026-03-04,9.73,9.86,9.45,9.69,67829084,658685866.0
2026-03-05,9.74,9.8,9.47,9.56,43816356,424632625.0
2026-03-06,9.51,9.66,9.45,9.63,29493978,284694302.0
2026-03-09,9.48,9.51,9.21,9.35,63124797,593682937.0
2026-03-10,9.4,9.43,9.25,9.3,63960309,600145281.0
2026-03-11,9.28,9.56,9.25,9.49,54977856,523513445.0
2026-03-12,9.48,9.54,9.33,9.42,31507732,299295167.0
2026-03-13,9.45,9.86,9.44,9.53,63679833,620038783.0
2026-03-16,9.58,9.91,9.54,9.59,66415000,651151632.0
2026-03-17,9.66,9.96,9.61,9.67,67865708,668750232.0
2026-03-18,9.67,9.71,9.33,9.41,55396613,526545644.0
2026-03-19,9.34,9.4,9.04,9.1,35367007,327498275.0
2026-03-20,9.1,9.2,8.96,8.96,34799184,317928575.0
2026-03-23,8.84,8.91,8.65,8.7,47882269,423003821.0
2026-03-24,8.81,8.81,8.66,8.8,35766064,315136224.0
2026-03-25,8.81,8.9,8.75,8.86,37342142,332075989.0
2026-03-26,8.83,8.89,8.6,8.63,42153594,369567699.0
2026-03-27,8.55,8.64,8.52,8.58,43940229,379536547.0
2026-03-30,8.47,8.74,8.35,8.54,77238775,663799705.0
2026-03-31,8.57,8.64,8.34,8.35,77940172,662583097.0
2026-04-01,8.44,8.47,8.28,8.35,73937494,622931662.0
2026-04-02,8.3,8.31,8.05,8.08,62203504,510513906.0
2026-04-03,8.09,8.12,7.81,7.87,58855607,468556514.0
2026-04-07,7.84,7.9,7.74,7.78,46376547,365268808.0
2026-04-08,7.89,8.03,7.85,8.02,54674930,438361151.0
2026-04-09,7.96,7.97,7.82,7.94,45710407,363222493.0
2026-04-10,7.98,8.02,7.92,7.93,48833524,391924699.0
2026-04-13,7.88,8.06,7.84,8.05,49583483,398940303.0
2026-04-14,8.09,8.48,8.04,8.41,100359163,835165533.0
2026-04-15,8.38,8.69,8.29,8.48,82409633,705954028.0
2026-04-16,8.44,8.62,8.42,8.47,35845949,306652893.0
2026-04-17,8.49,8.93,8.44,8.79,84847150,747033649.0
2026-04-20,8.71,8.82,8.55,8.64,45583757,397331562.0
2026-04-21,8.64,8.74,8.47,8.54,40705329,350919990.0
2026-04-22,8.54,8.6,8.44,8.59,38766299,332775338.0
2026-04-23,8.57,8.64,8.5,8.56,30791415,265853929.0
2026-04-24,8.54,8.55,8.28,8.3,51287629,431550200.0
2026-04-27,8.3,8.49,8.25,8.41,39279970,332152182.0
2026-04-28,8.42,8.61,8.4,8.59,42328994,364165731.0
2026-04-29,8.54,8.92,8.51,8.77,57469137,507803468.0
2026-04-30,8.8,8.85,8.52,8.64,56693560,496318684.0
2026-05-06,8.8,9.07,8.75,8.98,107709055,970408038.0
2026-05-07,8.98,9.22,8.94,9.19,79193836,729527309.0
2026-05-08,9.2,9.54,9.16,9.36,93410843,882210988.0
2026-05-11,9.41,9.92,9.28,9.65,99446755,971123077.0
2026-05-12,9.65,9.96,9.52,9.6,109758055,1070707198.0
2026-05-13,9.53,9.64,9.35,9.47,67600478,645453506.0
2026-05-14,9.5,9.56,9.17,9.18,51785841,485000620.0
2026-05-15,9.18,9.22,8.92,9.0,53439575,487550010.0
2026-05-18,8.93,8.97,8.54,8.64,78005250,683075757.0
2026-05-19,8.66,9.03,8.64,8.97,85946699,770274131.0
2026-05-20,8.98,9.0,8.61,8.87,57829797,510408097.0
2026-05-21,8.82,8.96,8.45,8.49,61611434,536982659.0
2026-05-22,8.49,8.57,8.32,8.42,45127538,382264074.0
2026-05-25,8.37,8.75,8.35,8.58,55691480,480206347.0
2026-05-26,8.53,8.66,8.42,8.64,41932814,361689253.0
2026-05-27,8.62,8.62,8.18,8.28,86963609,727807693.0
2026-05-28,8.27,8.51,8.24,8.33,51208642,431855470.0
2026-05-29,8.39,8.99,8.39,8.76,113218332,1001237956.0
2026-06-01,8.65,9.08,8.55,9.03,81935414,737421731.0
2026-06-02,9.02,9.11,8.77,8.87,59740844,536970948.0
2026-06-03,8.82,8.87,8.51,8.71,64125585,560154990.0
2026-06-04,8.64,8.78,8.41,8.57,48362957,416952710.0
2026-06-05,8.6,8.98,8.37,8.39,71897337,625206681.0
2026-06-08,8.32,8.44,8.06,8.18,54447916,452027947.0
2026-06-09,8.18,8.28,7.63,8.18,121546861,966897025.0
2026-06-10,8.06,8.28,7.98,8.12,49619653,406293383.0
2026-06-11,8.07,8.29,7.98,8.21,35875445,295061175.0
2026-06-12,8.2,8.31,8.05,8.1,59451452,488897135.0
2026-06-15,8.14,8.24,7.91,7.95,52743721,426691914.0
2026-06-16,7.94,7.94,7.47,7.5,100657436,773542380.0
2026-06-17,7.51,7.56,7.38,7.47,56626715,425056207.0
2026-06-18,7.43,7.47,7.16,7.2,61409830,448568797.0
2026-06-22,7.15,7.25,6.94,7.2,81794668,584414010.0
2026-06-23,7.16,7.3,6.9,6.95,82640821,589665134.0
2026-06-24,6.95,6.96,6.63,6.69,99681545,676782965.0
2026-06-25,6.65,6.85,6.55,6.64,84815092,569555831.0
2026-06-26,6.67,6.74,6.48,6.49,73725309,489506871.0
2026-06-29,6.47,6.6,6.24,6.47,85657721,556093708.0
2026-06-30,6.45,6.49,6.27,6.38,78673084,504713146.0
2026-07-01,6.4,6.65,6.36,6.52,78618760,516670272.0
2026-07-02,6.52,6.7,6.45,6.57,79238805,523850721.0
2026-07-03,6.57,6.65,6.5,6.6,69500353,461337556.0
2026-07-06,6.58,6.73,6.51,6.67,58769416,393507461.0
2026-07-07,6.65,6.67,6.36,6.4,56413750,367778678.0
2026-07-08,6.4,6.47,6.28,6.42,47166748,304205407.0
2026-07-09,6.39,6.45,6.28,6.34,46845327,299325487.0
2026-07-10,6.45,6.66,6.27,6.57,97017401,639112497.0
2026-07-13,6.51,6.55,6.24,6.27,73557056,469862453.0
2026-07-14,6.28,6.31,6.17,6.28,49732850,313236234.0
2026-07-15,6.25,6.76,6.22,6.62,105482256,701323187.0
2026-07-16,6.58,6.77,6.55,6.72,90076477,606130603.0
2026-07-17,6.71,6.92,6.55,6.61,79737320,541082904.0
2026-07-20,6.61,6.99,6.61,6.92,104809547,724631028.0
2026-07-21,6.9,7.09,6.85,6.92,87395961,607730831.0
2026-07-22,6.91,7.27,6.85,7.26,83210323,593882204.0
2026-07-23,7.19,7.21,6.99,7.05,63087435,444580299.0
2026-07-24,7.0,7.05,6.76,6.76,71776192,492559500.0
2026-07-27,6.76,6.95,6.74,6.85,41757540,286463865.0
2026-07-28,6.84,6.98,6.78,6.94,45775494,316673801.0
2026-07-29,6.93,7.34,6.92,7.15,123615879,886110619.0
2026-07-30,7.14,7.31,6.94,7.02,88851503,631737552.0
2026-07-31,6.91,7.04,6.84,6.95,91768072,638028025.0
2026-08-03,6.94,7.1,6.81,7.05,81101331,563878522.0
2026-08-04,7.04,7.08,6.79,6.82,129688936,891056594.0
2026-08-05,6.8,6.89,6.7,6.88,82474986,561479470.0
2026-08-06,6.83,7.08,6.76,6.99,88573305,611986650.0
