timestamps,open,high,low,close,volume,amount
2010-01-04,3.13,3.25,3.13,3.2,4514048,97433824.0
2010-01-05,3.22,3.41,3.2,3.37,9182137,205272320.0
2010-01-06,3.33,3.36,3.27,3.31,4000753,89252575.0
2010-01-07,3.29,3.31,3.09,3.11,5135047,109968960.0
2010-01-08,3.1,3.16,3.0,3.15,2463430,51002104.0
2010-01-11,3.12,3.29,3.04,3.27,4257205,91384712.0
2010-01-12,3.25,3.37,3.22,3.32,4249765,94807850.0
2010-01-13,3.21,3.4,3.18,3.31,4663357,103554312.0
2010-01-14,3.35,3.54,3.31,3.48,7994796,185905584.0
2010-01-15,3.47,3.64,3.46,3.5,6642902,158810608.0
2010-01-18,3.48,3.54,3.41,3.44,4885364,113466960.0
2010-01-19,3.44,3.5,3.36,3.46,4015226,92834704.0
2010-01-20,3.44,3.45,3.12,3.18,4412463,97654912.0
2010-01-21,3.16,3.28,3.1,3.22,3479963,74982272.0
2010-01-22,3.18,3.18,2.96,3.09,4898179,100650520.0
2010-01-25,3.05,3.11,3.01,3.02,1984784,40771532.0
2010-01-26,3.01,3.05,2.89,2.94,1470950,29317690.0
2010-01-27,2.93,2.99,2.88,2.92,1133919,22474742.0
2010-01-28,2.92,2.97,2.9,2.94,1162674,23017614.0
2010-01-29,2.93,3.02,2.91,2.97,1674082,33598692.0
2010-02-01,2.91,2.95,2.81,2.85,1412899,27176602.0
2010-02-02,2.86,2.92,2.8,2.81,1004786,19334060.0
2010-02-03,2.85,2.9,2.69,2.89,1617130,30764170.0
2010-02-04,2.9,2.91,2.83,2.87,1054250,20468932.0
2010-02-05,2.84,2.84,2.75,2.79,1297634,24369858.0
2010-02-08,2.76,2.8,2.73,2.76,713247,13266783.0
2010-02-09,2.77,2.82,2.76,2.82,767741,14478636.0
2010-02-10,2.84,2.9,2.81,2.9,1110915,21432914.0
2010-02-11,2.88,2.91,2.86,2.89,842452,16341475.0
2010-02-12,2.86,2.92,2.85,2.89,742359,14375351.0
2010-02-22,2.9,2.94,2.86,2.91,956914,18740330.0
2010-02-23,2.93,2.95,2.81,2.91,1157130,22459510.0
2010-02-24,2.89,2.98,2.87,2.98,1253958,24982040.0
2010-02-25,2.99,3.07,2.98,3.06,1970770,40138344.0
2010-02-26,3.06,3.1,3.03,3.1,1693999,35126464.0
2010-03-01,3.06,3.13,3.06,3.1,1573495,32899980.0
2010-03-02,3.1,3.12,3.01,3.03,1835272,37671072.0
2010-03-03,3.03,3.17,3.01,3.14,2727707,57230344.0
2010-03-04,3.14,3.19,2.94,2.98,2736356,56625540.0
2010-03-05,2.98,3.04,2.93,2.95,1722449,34453348.0
2010-03-08,2.97,2.97,2.88,2.91,2341237,46036832.0
2010-03-09,2.89,2.94,2.87,2.93,1407426,27535046.0
2010-03-10,2.93,2.95,2.9,2.92,859011,16902792.0
2010-03-11,2.91,2.94,2.84,2.9,1095335,21201316.0
2010-03-12,2.89,2.94,2.87,2.88,1211485,23656058.0
2010-03-15,2.88,2.9,2.79,2.83,992652,18873224.0
2010-03-16,2.83,2.85,2.8,2.81,691035,13134529.0
2010-03-17,2.85,2.92,2.83,2.91,1381037,26857580.0
2010-03-18,2.88,2.96,2.88,2.92,1597659,31523854.0
2010-03-19,2.89,3.02,2.89,3.02,2588725,51974624.0
2010-03-22,3.02,3.04,2.97,3.01,1568521,31757980.0
2010-03-23,2.99,3.03,2.94,2.95,1198169,24009226.0
2010-03-24,2.95,3.02,2.94,2.99,1365506,27509794.0
2010-03-25,2.99,3.01,2.85,2.9,1676571,33062000.0
2010-03-26,2.9,2.98,2.85,2.98,2235933,44007548.0
2010-03-29,3.0,3.0,2.94,2.98,1190019,23782654.0
2010-03-30,2.97,3.09,2.96,3.06,2907302,59477148.0
2010-03-31,3.06,3.13,3.04,3.11,2728232,57042444.0
2010-04-01,3.1,3.16,3.08,3.09,3033892,63548968.0
2010-04-02,3.1,3.13,3.05,3.09,1818896,37755812.0
2010-04-06,3.07,3.13,3.07,3.08,1272015,26397826.0
2010-04-07,3.09,3.11,3.0,3.02,2460180,50381080.0
2010-04-08,3.02,3.08,3.0,3.06,3974126,81163832.0
2010-04-09,3.05,3.18,3.04,3.16,5904821,123757096.0
2010-04-12,3.18,3.21,3.13,3.21,4332317,92610768.0
2010-04-13,3.2,3.29,3.03,3.1,5412735,115188224.0
2010-04-14,3.1,3.21,3.05,3.21,3083167,65522364.0
2010-04-15,3.22,3.28,3.09,3.11,4458636,96300800.0
2010-04-16,3.1,3.12,3.01,3.09,2179441,44933152.0
2010-04-19,3.05,3.09,2.95,2.95,2350451,47570300.0
2010-04-20,2.94,3.03,2.91,3.03,2358712,47627936.0
2010-04-21,3.15,3.33,3.14,3.33,4967687,110014208.0
2010-04-22,3.48,3.54,3.37,3.4,15415177,357244000.0
2010-04-23,3.37,3.46,3.31,3.33,6132706,139378064.0
2010-04-26,3.3,3.41,3.27,3.33,3788279,85340896.0
2010-04-27,3.32,3.33,3.11,3.19,5272433,114535112.0
2010-04-28,3.17,3.27,3.12,3.21,2508338,54176912.0
2010-04-29,3.21,3.26,3.06,3.09,2747622,58874184.0
2010-04-30,3.06,3.12,2.91,3.0,3092152,61913764.0
2010-05-04,2.88,3.05,2.88,3.02,1756830,35270480.0
2010-05-05,2.94,3.1,2.93,3.1,1798290,36754428.0
2010-05-06,3.1,3.12,3.01,3.03,3320948,68115592.0
2010-05-07,2.94,3.07,2.91,3.02,2039204,41179768.0
2010-05-10,3.02,3.08,2.93,2.94,2933402,59212460.0
2010-05-11,3.02,3.03,2.65,2.71,3295321,62062040.0
2010-05-12,2.67,2.71,2.52,2.55,2059249,35874700.0
2010-05-13,2.56,2.62,2.48,2.62,1551606,26785642.0
2010-05-14,2.6,2.65,2.57,2.58,2298436,40390876.0
2010-05-17,2.55,2.55,2.32,2.32,2724302,44026864.0
2010-05-19,2.39,2.46,2.35,2.4,2592856,41946568.0
2010-05-20,2.37,2.46,2.35,2.39,1865221,30437706.0
2010-05-21,2.32,2.46,2.24,2.45,1885210,30200096.0
2010-05-24,2.49,2.58,2.45,2.57,2340422,40053076.0
2010-05-25,2.54,2.61,2.53,2.59,1944918,33762604.0
2010-05-26,2.58,2.63,2.56,2.6,1419903,24872928.0
2010-05-27,2.6,2.64,2.52,2.63,1594791,27782214.0
2010-05-28,2.64,2.67,2.6,2.63,1414131,25023496.0
2010-05-31,2.6,2.61,2.49,2.49,1491567,25655290.0
2010-06-01,2.45,2.58,2.44,2.57,1475226,24668754.0
2010-06-02,2.54,2.64,2.53,2.64,2222114,38908648.0
2010-06-03,2.65,2.66,2.58,2.58,1620006,28597248.0
2010-06-04,2.56,2.6,2.53,2.58,766926,13249761.0
2010-06-07,2.54,2.66,2.49,2.65,1615100,28342846.0
2010-06-08,2.67,2.76,2.65,2.71,2240096,40949384.0
2010-06-09,2.73,2.82,2.73,2.81,3203700,60123228.0
2010-06-10,2.81,2.85,2.76,2.8,4609528,57975988.0
2010-06-11,2.8,3.06,2.8,3.01,8181577,108030200.0
2010-06-17,3.03,3.03,2.9,2.9,5003971,66286628.0
2010-06-18,2.86,2.89,2.75,2.76,3852822,48436784.0
2010-06-21,2.76,2.86,2.63,2.83,2577118,32160684.0
2010-06-22,2.81,2.92,2.79,2.84,2574012,33052076.0
2010-06-23,2.84,2.87,2.75,2.78,2176843,27305358.0
2010-06-24,2.75,2.88,2.75,2.88,2361874,29987274.0
2010-06-25,2.84,2.92,2.82,2.88,3011213,38782024.0
2010-06-28,2.84,2.93,2.83,2.86,2617258,33710208.0
2010-06-29,2.87,2.9,2.65,2.66,2623552,32084904.0
2010-06-30,2.63,2.63,2.52,2.59,1784710,20434452.0
2010-07-01,2.58,2.62,2.5,2.52,1457593,16611634.0
2010-07-02,2.5,2.52,2.33,2.44,2202409,23836084.0
2010-07-05,2.43,2.43,2.33,2.39,1265784,13512258.0
2010-07-06,2.39,2.48,2.37,2.43,1965858,21507076.0
2010-07-07,2.43,2.53,2.43,2.53,1839129,20453130.0
2010-07-08,2.55,2.56,2.46,2.49,1615411,18103316.0
2010-07-09,2.49,2.62,2.49,2.61,2734986,31561372.0
2010-07-12,2.63,2.76,2.63,2.67,2831396,34059588.0
2010-07-13,2.66,2.72,2.6,2.61,2039882,24194360.0
2010-07-14,2.61,2.7,2.61,2.64,1877179,22295858.0
2010-07-15,2.64,2.68,2.54,2.54,1867373,21718850.0
2010-07-16,2.54,2.54,2.41,2.5,1880874,20779664.0
2010-07-19,2.46,2.58,2.45,2.55,1686477,18980040.0
2010-07-20,2.55,2.71,2.54,2.68,3052791,35975688.0
2010-07-21,2.69,2.75,2.66,2.72,3638376,44080404.0
2010-07-22,2.71,2.81,2.68,2.79,4683036,57932092.0
2010-07-23,2.79,2.8,2.73,2.79,3278287,40565408.0
2010-07-26,2.79,2.86,2.77,2.84,3683710,46392152.0
2010-07-27,2.82,2.98,2.8,2.92,6463025,83699832.0
2010-07-28,2.92,3.01,2.89,2.98,6320378,83633744.0
2010-07-29,2.99,3.05,2.92,2.99,7571338,101216048.0
2010-07-30,2.96,2.97,2.89,2.92,3542736,46445392.0
2010-08-02,2.91,2.98,2.91,2.94,5946326,78449360.0
2010-08-03,2.95,2.96,2.87,2.88,5565489,72649184.0
2010-08-04,2.85,2.91,2.82,2.91,4254591,54917500.0
2010-08-05,2.92,3.09,2.92,3.07,10621343,143721232.0
2010-08-06,3.04,3.12,3.02,3.09,9009739,124172960.0
2010-08-09,3.12,3.14,3.06,3.09,4885533,67425088.0
2010-08-10,3.09,3.1,2.96,3.0,5710240,77182976.0
2010-08-11,2.98,3.05,2.97,3.03,3535066,47700956.0
2010-08-12,3.0,3.06,2.97,2.99,3398242,45948232.0
2010-08-13,2.97,3.15,2.93,3.14,6294554,86042504.0
2010-08-16,3.13,3.21,3.1,3.18,6833979,96532160.0
2010-08-17,3.18,3.25,3.13,3.18,7329969,104585864.0
2010-08-18,3.18,3.2,3.1,3.13,7070571,99699064.0
2010-08-19,3.14,3.18,3.07,3.16,7030534,98305392.0
2010-08-20,3.13,3.16,3.05,3.06,4896721,67830680.0
2010-08-23,3.06,3.11,3.05,3.08,2759770,38096872.0
2010-08-24,3.07,3.21,3.07,3.19,9654546,137162384.0
2010-08-25,3.17,3.17,3.04,3.09,5533770,76931640.0
2010-08-26,3.07,3.16,3.02,3.13,4008662,55623900.0
2010-08-27,3.12,3.17,3.08,3.14,4285908,60224964.0
2010-08-30,3.19,3.23,3.15,3.17,14600304,207995968.0
2010-08-31,3.15,3.18,3.07,3.16,9115063,127543528.0
2010-09-01,3.17,3.25,3.07,3.12,12633523,180211728.0
2010-09-02,3.16,3.32,3.14,3.27,13987094,203365904.0
2010-09-03,3.31,3.34,3.22,3.29,11457445,168249968.0
2010-09-06,3.33,3.34,3.2,3.22,8376086,121628576.0
2010-09-07,3.2,3.3,3.2,3.3,7706264,112372392.0
2010-09-08,3.29,3.34,3.25,3.3,7567587,112033848.0
2010-09-09,3.3,3.45,3.27,3.37,12770122,191482304.0
2010-09-10,3.4,3.4,3.28,3.39,9035948,135392976.0
2010-09-13,3.39,3.62,3.37,3.58,14755444,232640880.0
2010-09-14,3.57,3.82,3.55,3.8,16829176,276545952.0
2010-09-15,3.77,3.84,3.64,3.7,13484570,224667872.0
2010-09-16,3.76,3.79,3.48,3.76,14209611,233462000.0
2010-09-17,3.73,3.76,3.64,3.71,6953582,115538376.0
2010-09-20,3.72,3.86,3.6,3.8,12435163,209810864.0
2010-09-21,3.79,3.79,3.66,3.68,5198534,86508776.0
2010-09-27,3.69,3.89,3.68,3.81,9332922,159584240.0
2010-09-28,3.79,4.09,3.77,3.97,13533465,238122144.0
2010-09-29,3.93,4.08,3.87,3.97,8725366,155040704.0
2010-09-30,3.91,4.24,3.91,4.21,11773609,215786096.0
2010-10-08,4.24,4.31,4.14,4.22,7791011,147750704.0
2010-10-11,4.2,4.2,3.94,3.98,12127094,219787104.0
2010-10-12,3.95,4.01,3.8,3.84,10413510,181022368.0
2010-10-13,3.84,3.97,3.82,3.94,8668820,150890048.0
2010-10-14,3.94,3.95,3.59,3.63,16846256,279966336.0
2010-10-15,3.62,3.67,3.46,3.55,13849834,220011584.0
2010-10-18,3.53,3.53,3.38,3.47,7525434,116296568.0
2010-10-19,3.49,3.62,3.48,3.62,6486501,104184520.0
2010-10-20,3.6,3.81,3.55,3.79,11656185,194374224.0
2010-10-21,3.76,3.82,3.68,3.78,6440452,108551584.0
2010-10-22,3.85,3.96,3.8,3.89,10850230,188373104.0
2010-10-25,3.92,4.08,3.89,4.07,11908325,213960512.0
2010-10-26,4.09,4.13,3.98,4.11,12581861,229204112.0
2010-10-27,4.12,4.51,4.1,4.3,24270504,470758112.0
2010-10-28,4.3,4.37,4.22,4.27,12837312,245966688.0
2010-10-29,4.25,4.69,4.23,4.69,15754014,324482464.0
2010-11-01,4.91,5.16,4.71,5.07,28796412,635314112.0
2010-11-02,5.09,5.49,4.88,5.06,23624232,546923008.0
2010-11-03,5.0,5.03,4.56,4.56,21309082,454594592.0
2010-11-04,4.54,4.96,4.54,4.93,16771981,359843328.0
2010-11-05,4.91,5.3,4.77,5.0,18989912,431036416.0
2010-11-08,4.95,4.98,4.69,4.84,12928984,280370080.0
2010-11-09,4.8,4.95,4.75,4.87,9183177,199603152.0
2010-11-10,4.85,5.23,4.81,5.16,13619909,311296960.0
2010-11-11,5.14,5.28,5.0,5.07,12968424,297266848.0
2010-11-12,4.98,5.11,4.56,4.56,12614963,267570016.0
2010-11-15,4.65,4.72,4.5,4.71,6964681,143887456.0
2010-11-16,4.71,4.79,4.37,4.44,8342736,171415344.0
2010-11-17,4.34,4.55,4.18,4.24,4563841,89349848.0
2010-11-18,4.31,4.35,4.18,4.31,4181144,79962864.0
2010-11-19,4.33,4.58,4.29,4.49,5561115,110854688.0
2010-11-22,4.49,4.68,4.46,4.52,5326731,108916736.0
2010-11-23,4.51,4.51,4.2,4.29,5632047,109417840.0
2010-11-24,4.44,4.67,4.42,4.63,8978003,183682208.0
2010-11-25,4.63,4.94,4.55,4.88,10034674,215144480.0
2010-11-26,4.8,4.88,4.71,4.75,6028013,129302032.0
2010-11-29,4.79,4.91,4.73,4.8,4002722,85890112.0
2010-11-30,4.8,4.8,4.39,4.53,6527223,133394576.0
2010-12-01,4.55,4.6,4.47,4.51,2367964,47859600.0
2010-12-02,4.56,4.6,4.46,4.48,2935286,59175760.0
2010-12-03,4.44,4.55,4.36,4.43,1916302,38240696.0
2010-12-06,4.46,4.5,4.22,4.29,2856360,55314212.0
2010-12-07,4.29,4.44,4.21,4.42,2316488,44735216.0
2010-12-08,4.42,4.5,4.36,4.41,1953470,38881524.0
2010-12-09,4.36,4.39,4.25,4.27,2020084,38831608.0
2010-12-10,4.25,4.33,4.2,4.31,1436608,27572314.0
2010-12-13,4.32,4.5,4.32,4.49,4119083,82057072.0
2010-12-14,4.5,4.58,4.45,4.54,3174919,64195172.0
2010-12-15,4.56,4.58,4.44,4.46,3292338,66458680.0
2010-12-16,4.44,4.57,4.42,4.52,2733755,55360528.0
2010-12-17,4.48,4.73,4.48,4.73,5069808,104959456.0
2010-12-20,4.75,4.88,4.51,4.78,10492861,223020992.0
2010-12-21,4.73,4.73,4.6,4.66,5400166,112393640.0
2010-12-22,4.66,4.7,4.56,4.6,2966160,61387592.0
2010-12-23,4.58,4.64,4.44,4.46,2949814,60009216.0
2010-12-24,4.45,4.45,4.27,4.27,2835629,55090416.0
2010-12-27,4.27,4.35,4.12,4.13,2648366,50462728.0
2010-12-28,4.16,4.16,3.89,3.9,3159770,56594420.0
2010-12-29,3.91,4.1,3.9,4.06,2365297,42458880.0
2010-12-30,4.06,4.11,3.99,4.06,1780291,32332742.0
2010-12-31,4.06,4.15,4.06,4.12,1890242,34847384.0
2011-01-04,4.2,4.2,4.08,4.19,2181052,40362280.0
2011-01-05,4.17,4.24,4.11,4.22,1996957,37535484.0
2011-01-06,4.24,4.34,4.24,4.29,3242558,62584880.0
2011-01-07,4.31,4.31,4.15,4.19,2559810,48387676.0
2011-01-10,4.18,4.41,4.14,4.23,3425503,65958260.0
2011-01-11,4.22,4.22,4.0,4.01,1999651,36502856.0
2011-01-12,4.13,4.13,3.97,4.04,1387442,25135644.0
2011-01-13,4.15,4.15,4.02,4.04,1836717,33485932.0
2011-01-14,4.02,4.04,3.93,3.94,1315225,23397110.0
2011-01-17,3.92,3.97,3.82,3.82,1807172,31502530.0
2011-01-18,3.84,3.88,3.73,3.74,1107946,18747020.0
2011-01-19,3.79,3.94,3.7,3.88,4385524,75367360.0
2011-01-20,3.86,3.88,3.72,3.76,1792776,30417912.0
2011-01-21,3.76,3.87,3.72,3.83,1919035,32621412.0
2011-01-24,3.91,3.91,3.59,3.62,2439897,40187400.0
2011-01-25,3.64,3.7,3.53,3.69,2818303,45961092.0
2011-01-26,3.69,3.74,3.65,3.72,1030364,17136538.0
2011-01-27,3.73,3.85,3.69,3.79,2529844,42822584.0
2011-01-28,3.84,3.94,3.73,3.9,3048497,52557888.0
2011-01-31,3.9,4.04,3.85,4.0,2389170,42572288.0
2011-02-01,4.0,4.04,3.93,4.01,1459289,26022492.0
2011-02-09,3.97,4.14,3.94,4.14,2446994,44610916.0
2011-02-10,4.12,4.19,4.08,4.14,2052758,37993308.0
2011-02-11,4.15,4.16,4.09,4.11,1782044,32849570.0
2011-02-14,4.11,4.31,4.11,4.29,5172632,97851392.0
2011-02-15,4.28,4.43,4.27,4.32,3807101,74663464.0
2011-02-16,4.31,4.44,4.29,4.44,2698052,52989404.0
2011-02-17,4.47,4.48,4.39,4.44,3264105,64792136.0
2011-02-18,4.43,4.43,4.32,4.36,2784244,54352132.0
2011-02-21,4.36,4.49,4.29,4.46,3122350,61736496.0
2011-02-22,4.46,4.48,4.3,4.3,3924247,76692024.0
2011-02-23,4.3,4.38,4.24,4.27,2661274,51159304.0
2011-02-24,4.24,4.33,4.24,4.32,1196828,23041086.0
2011-02-25,4.33,4.37,4.24,4.29,2327145,44488776.0
2011-02-28,4.32,4.41,4.29,4.41,2502847,48865560.0
2011-03-01,4.41,4.85,4.38,4.85,9618233,201392368.0
2011-03-02,4.91,5.08,4.73,4.98,12059453,264976096.0
2011-03-03,4.91,4.98,4.75,4.78,5558404,120633568.0
2011-03-04,4.8,4.98,4.73,4.85,5430501,118564816.0
2011-03-07,4.89,4.96,4.8,4.85,4614723,100885216.0
2011-03-08,4.84,5.05,4.84,4.86,5121230,113266320.0
2011-03-09,4.82,4.93,4.69,4.83,4062209,87760792.0
2011-03-10,4.8,5.23,4.78,5.07,12049210,272188096.0
2011-03-11,5.03,5.25,4.94,5.08,8419448,193697872.0
2011-03-14,5.06,5.23,5.0,5.22,6613936,153108752.0
2011-03-15,5.17,5.24,4.8,5.04,6488210,145918544.0
2011-03-16,4.99,5.19,4.99,5.13,3540287,81106024.0
2011-03-17,5.02,5.18,4.87,4.94,4248484,95543272.0
2011-03-18,4.95,5.06,4.86,5.02,3571370,79223616.0
2011-03-21,5.06,5.18,4.98,5.02,3930606,89436616.0
2011-03-22,5.04,5.06,4.83,4.88,3113333,68237240.0
2011-03-23,4.87,5.14,4.78,5.13,4965262,110487232.0
2011-03-24,5.1,5.25,5.07,5.15,4793208,110759976.0
2011-03-25,5.18,5.46,5.09,5.38,11252990,268436512.0
2011-03-28,5.4,5.78,5.31,5.65,11063990,273421728.0
2011-03-29,5.62,5.65,5.28,5.39,6774404,166604848.0
2011-03-30,5.31,5.49,5.21,5.32,5062583,121078696.0
2011-03-31,5.28,5.43,5.11,5.13,3004952,70306336.0
2011-04-01,5.18,5.3,4.99,5.22,3526010,81456408.0
2011-04-06,5.22,5.23,5.07,5.09,1904379,43844232.0
2011-04-07,5.1,5.35,5.05,5.28,4237744,99548016.0
2011-04-08,5.31,5.47,5.2,5.37,3593467,85861824.0
2011-04-11,5.34,5.49,5.19,5.46,3462331,82263208.0
2011-04-12,5.42,5.43,5.29,5.33,2144858,51415304.0
2011-04-13,5.31,5.45,5.23,5.34,2465171,58994748.0
2011-04-14,5.36,5.4,5.24,5.28,3327064,78617712.0
2011-04-15,5.29,5.33,5.19,5.27,2228235,52467948.0
2011-04-18,5.24,5.3,5.05,5.08,3957861,91326696.0
2011-04-19,5.05,5.05,4.85,4.95,6223314,136705984.0
2011-04-20,4.93,5.02,4.89,5.0,3028866,67400056.0
2011-04-21,4.99,5.1,4.96,5.08,2757668,62357428.0
2011-04-22,5.02,5.21,5.02,5.2,3038591,69962792.0
2011-04-25,5.18,5.25,5.1,5.15,1949081,45227388.0
2011-04-27,5.09,5.09,4.78,5.04,4713927,103291072.0
2011-04-28,4.96,5.02,4.87,4.97,1841186,40882104.0
2011-04-29,4.97,5.03,4.85,5.02,1634728,36304228.0
2011-05-03,5.02,5.04,4.91,5.04,1155760,25868428.0
2011-05-04,5.04,5.16,4.94,5.05,2222229,50288920.0
2011-05-05,5.05,5.08,4.97,5.0,1275809,28748856.0
2011-05-06,4.91,5.0,4.75,4.94,2928576,63744488.0
2011-05-09,4.91,4.95,4.89,4.94,990727,21807328.0
2011-05-10,4.96,4.99,4.88,4.94,822060,18168984.0
2011-05-11,4.94,5.13,4.83,5.11,2867704,64249772.0
2011-05-12,5.04,5.36,5.02,5.24,5823252,136568128.0
2011-05-13,5.23,5.33,5.19,5.27,2730212,64494208.0
2011-05-16,5.26,5.36,5.21,5.25,2530942,59751832.0
2011-05-17,5.25,5.35,5.18,5.31,3312350,78450192.0
2011-05-18,5.34,5.38,5.27,5.32,2712798,64721600.0
2011-05-19,5.31,5.38,5.23,5.34,2342056,55695784.0
2011-05-20,5.35,5.37,5.23,5.23,2257986,53113956.0
2011-05-23,5.22,5.22,4.82,5.02,3702341,82906936.0
2011-05-24,4.93,5.01,4.84,5.01,1481528,32638552.0
2011-05-25,5.01,5.02,4.87,4.93,1322159,29092994.0
2011-05-26,4.98,4.99,4.43,4.43,4940308,100609120.0
2011-05-27,4.48,4.53,4.26,4.28,3789680,73253808.0
2011-05-30,4.18,4.31,4.18,4.26,1007879,19156820.0
2011-05-31,4.2,4.43,4.2,4.37,1640239,31681268.0
2011-06-01,4.34,4.54,4.34,4.43,2311154,45921804.0
2011-06-02,4.37,4.4,4.22,4.26,1904122,36380196.0
2011-06-03,4.25,4.37,4.15,4.36,1827713,35136908.0
2011-06-07,4.35,4.39,4.28,4.39,931900,18133770.0
2011-06-08,4.41,4.41,4.26,4.39,1330651,25732704.0
2011-06-09,4.39,4.39,4.26,4.31,975808,18814636.0
2011-06-10,4.27,4.38,4.26,4.29,2059477,39536804.0
2011-06-13,4.28,4.5,4.26,4.48,4383989,87007960.0
2011-06-14,4.48,4.53,4.43,4.5,1923630,38587748.0
2011-06-15,4.47,4.59,4.45,4.48,1469403,29542516.0
2011-06-16,4.48,4.48,4.34,4.35,1438105,28135762.0
2011-06-17,4.35,4.43,4.32,4.34,923567,18058792.0
2011-06-21,4.3,4.35,4.24,4.34,1074688,20544368.0
2011-06-22,4.3,4.37,4.19,4.25,1670604,31779842.0
2011-06-23,4.21,4.38,4.21,4.37,1378346,26534884.0
2011-06-24,4.35,4.68,4.3,4.61,3744686,76593592.0
2011-06-27,4.64,4.86,4.54,4.86,3418058,72939936.0
2011-06-28,4.84,4.93,4.79,4.9,3208246,69726328.0
2011-06-29,4.9,4.93,4.76,4.82,1609675,34865916.0
2011-06-30,4.82,5.04,4.82,5.04,2234113,49157876.0
2011-07-01,4.98,4.98,4.82,4.93,2149110,47180756.0
2011-07-04,4.93,4.99,4.87,4.95,1894176,41581564.0
2011-07-05,4.95,5.11,4.93,5.07,2376683,53257816.0
2011-07-06,5.07,5.15,5.02,5.12,3399381,77338232.0
2011-07-07,5.13,5.19,5.04,5.04,3498893,80078688.0
2011-07-08,5.04,5.06,4.92,5.04,1268733,28275690.0
2011-07-11,4.98,5.04,4.82,4.99,2402361,52917988.0
2011-07-12,4.93,5.04,4.9,5.03,2214307,49463084.0
2011-07-13,5.03,5.2,4.97,5.14,1656118,37771836.0
2011-07-14,5.14,5.2,5.04,5.07,1671888,38077840.0
2011-07-15,5.07,5.15,5.06,5.12,1378968,31424332.0
2011-07-18,5.08,5.28,5.08,5.26,4292584,100339392.0
2011-07-19,5.24,5.31,5.16,5.27,3107261,72783824.0
2011-07-20,5.27,5.45,5.27,5.27,3711600,88747848.0
2011-07-21,5.23,5.37,5.15,5.23,2136930,50303724.0
2011-07-22,5.23,5.39,5.23,5.37,3842127,91815368.0
2011-07-25,5.37,5.51,5.22,5.31,5408818,130890696.0
2011-07-26,5.2,5.38,5.2,5.32,1963776,46301944.0
2011-07-27,5.27,5.48,5.26,5.44,2873775,69232920.0
2011-07-28,5.38,5.46,5.29,5.33,2570532,61603504.0
2011-07-29,5.33,5.39,5.19,5.28,2073144,48591128.0
2011-08-01,5.28,5.28,5.08,5.13,1876141,43005564.0
2011-08-02,5.15,5.15,4.99,5.09,1811721,40915668.0
2011-08-03,5.06,5.27,5.02,5.21,2427830,56318924.0
2011-08-04,5.28,5.28,5.15,5.21,887415,20634220.0
2011-08-05,5.05,5.33,4.93,5.32,3481799,81575560.0
2011-08-08,5.3,5.3,4.96,5.13,2985204,69027480.0
2011-08-09,4.99,5.21,4.63,5.2,2456120,55259316.0
2011-08-10,5.23,5.32,5.23,5.25,1529356,36059572.0
2011-08-11,5.15,5.59,5.1,5.53,5799200,140605456.0
2011-08-12,5.58,5.58,5.47,5.47,2963625,72833136.0
2011-08-15,5.49,5.69,5.48,5.62,3392472,84687304.0
2011-08-16,5.68,5.69,5.53,5.56,1862238,46605432.0
2011-08-17,5.56,5.63,5.49,5.58,1317116,32756964.0
2011-08-18,5.57,5.57,5.28,5.29,2267419,54929052.0
2011-08-19,5.2,5.32,5.12,5.29,1043641,24243822.0
2011-08-22,5.24,5.32,5.14,5.15,960903,22373816.0
2011-08-23,5.21,5.22,5.02,5.15,1581924,36004156.0
2011-08-24,5.15,5.46,5.15,5.38,2638617,63072828.0
2011-08-25,5.36,5.44,5.31,5.4,1203769,28906228.0
2011-08-26,5.34,5.44,5.33,5.41,1018446,24457448.0
2011-08-29,5.35,5.55,5.34,5.53,1953375,47769296.0
2011-08-30,5.56,5.56,5.3,5.31,1659206,40087320.0
2011-08-31,5.26,5.33,5.2,5.29,635006,14963005.0
2011-09-01,5.27,5.38,5.15,5.28,603466,14254748.0
2011-09-02,5.26,5.31,5.11,5.16,713744,16532288.0
2011-09-05,5.09,5.21,4.99,5.0,800869,18198434.0
2011-09-06,4.96,5.06,4.61,4.62,2442743,52047036.0
2011-09-07,4.7,4.94,4.7,4.82,1233476,26603852.0
2011-09-08,4.88,4.89,4.78,4.79,672109,14462989.0
2011-09-09,4.84,4.97,4.77,4.8,789364,17115856.0
2011-09-13,4.73,4.92,4.67,4.83,608643,13042912.0
2011-09-14,4.9,4.9,4.79,4.88,650929,14076794.0
2011-09-15,4.88,4.98,4.88,4.88,960362,21133588.0
2011-09-16,4.89,5.02,4.89,4.99,1034621,23049516.0
2011-09-19,4.97,5.01,4.87,4.87,839162,18364168.0
2011-09-20,4.87,4.98,4.78,4.86,908957,19820690.0
2011-09-21,4.9,4.98,4.84,4.96,1686241,37213336.0
2011-09-22,4.96,4.96,4.83,4.86,641882,14049394.0
2011-09-23,4.76,4.9,4.71,4.8,581609,12492051.0
2011-09-26,4.77,4.9,4.75,4.83,529382,11373150.0
2011-09-27,4.88,4.9,4.55,4.74,1917498,40308272.0
2011-09-28,4.81,4.81,4.62,4.7,409933,8611055.0
2011-09-29,4.71,4.71,4.55,4.63,873557,18005154.0
2011-09-30,4.66,4.77,4.52,4.77,564723,11689393.0
2011-10-10,4.74,4.76,4.4,4.43,1922877,38569780.0
2011-10-11,4.66,4.66,4.34,4.48,986451,19474306.0
2011-10-12,4.43,4.6,4.3,4.58,1060449,21241810.0
2011-10-13,4.67,4.67,4.53,4.58,961167,19717926.0
2011-10-14,4.54,4.61,4.47,4.52,1098003,22091316.0
2011-10-17,4.5,4.68,4.49,4.56,1572666,32076634.0
2011-10-18,4.51,4.55,4.43,4.49,536870,10771489.0
2011-10-19,4.48,4.57,4.34,4.48,685451,13503167.0
2011-10-20,4.42,4.47,4.12,4.3,1340501,25321990.0
2011-10-21,4.3,4.3,3.87,3.96,3260685,57737388.0
2011-10-24,3.96,3.98,3.81,3.89,2476579,42975860.0
2011-10-25,3.89,4.03,3.79,4.02,2394512,41856624.0
2011-10-26,3.99,4.13,3.94,4.1,2157172,38959696.0
2011-10-27,4.1,4.16,4.06,4.09,1114329,20382256.0
2011-10-28,4.15,4.18,4.02,4.14,2314089,42191172.0
2011-10-31,4.1,4.31,4.1,4.25,1904402,36078844.0
2011-11-01,4.22,4.28,4.16,4.21,1781669,33592584.0
2011-11-02,4.15,4.3,4.1,4.28,2017083,38043428.0
2011-11-03,4.31,4.38,4.25,4.27,3471212,66760660.0
2011-11-04,4.3,4.31,4.27,4.28,1226837,23524168.0
2011-11-07,4.26,4.33,4.26,4.31,1274419,24485918.0
2011-11-08,4.33,4.33,4.19,4.2,1114989,21187250.0
2011-11-09,4.23,4.34,4.2,4.32,1977920,37892584.0
2011-11-10,4.33,4.49,4.26,4.36,3295207,64816556.0
2011-11-11,4.36,4.43,4.33,4.41,1657365,32517498.0
2011-11-14,4.44,4.48,4.4,4.45,1641714,32581660.0
2011-11-15,4.45,4.61,4.45,4.52,1598110,32367636.0
2011-11-16,4.52,4.54,4.38,4.41,977119,19431920.0
2011-11-17,4.4,4.5,4.4,4.44,848190,16889776.0
2011-11-18,4.41,4.43,4.28,4.29,958889,18524836.0
2011-11-21,4.32,4.32,4.21,4.29,757291,14478850.0
2011-11-22,4.23,4.3,4.17,4.27,314777,5963371.0
2011-11-23,4.32,4.32,4.23,4.25,424194,8086133.0
2011-11-24,4.25,4.27,4.16,4.22,540150,10096037.0
2011-11-25,4.22,4.24,4.17,4.17,264526,4965061.0
2011-11-28,4.19,4.22,4.17,4.19,212343,3973027.0
2011-11-29,4.22,4.34,4.2,4.33,847218,16219456.0
2011-11-30,4.33,4.38,4.1,4.14,2700380,51147568.0
2011-12-01,4.26,4.38,4.2,4.34,2157855,41509860.0
2011-12-02,4.3,4.34,4.18,4.23,1058916,20058582.0
2011-12-05,4.15,4.22,4.05,4.07,1236356,22565522.0
2011-12-06,4.07,4.17,4.03,4.12,575131,10582018.0
2011-12-07,4.12,4.35,4.12,4.31,2549968,48893380.0
2011-12-08,4.31,4.35,4.23,4.32,1304092,25053410.0
2011-12-09,4.26,4.32,4.11,4.2,1374425,25949122.0
2011-12-12,4.19,4.2,4.09,4.13,1042835,19193966.0
2011-12-13,4.09,4.1,3.92,4.09,1137118,20356992.0
2011-12-14,4.05,4.15,4.02,4.02,470205,8564492.0
2011-12-15,3.96,4.03,3.84,3.9,745774,13026173.0
2011-12-16,3.9,4.07,3.87,4.03,1712856,30174954.0
2011-12-19,4.03,4.03,3.93,4.01,2485783,44190328.0
2011-12-20,3.98,4.05,3.88,3.89,930881,16464796.0
2011-12-21,3.89,3.97,3.71,3.72,907787,15492828.0
2011-12-22,3.72,3.76,3.46,3.49,2766232,43616276.0
2011-12-23,3.45,3.66,3.43,3.58,1109831,17848120.0
2011-12-26,3.61,3.61,3.46,3.47,1100710,17445082.0
2011-12-27,3.44,3.51,3.43,3.45,862012,13359294.0
2011-12-28,3.41,3.45,3.33,3.42,1073597,16190199.0
2011-12-29,3.38,3.57,3.38,3.52,1092356,17031688.0
2011-12-30,3.52,3.67,3.51,3.67,1243861,19917072.0
2012-01-04,3.67,3.68,3.36,3.45,2103405,33282952.0
2012-01-05,3.4,3.45,3.18,3.2,1035810,15236259.0
2012-01-06,3.26,3.26,3.11,3.16,1366313,19237422.0
2012-01-09,3.18,3.31,3.04,3.29,2124312,30038130.0
2012-01-10,3.31,3.45,3.25,3.39,2805839,41949556.0
2012-01-11,3.35,3.44,3.33,3.35,1860253,27980548.0
2012-01-12,3.34,3.52,3.31,3.5,3531228,54399340.0
2012-01-13,3.46,3.51,3.24,3.33,3836441,57920104.0
2012-01-16,3.26,3.32,3.11,3.12,1915753,27347856.0
2012-01-17,3.12,3.33,3.06,3.29,2418137,34432252.0
2012-01-18,3.29,3.38,3.23,3.24,1741343,25715820.0
2012-01-19,3.17,3.3,3.17,3.24,1047894,15313701.0
2012-01-20,3.23,3.34,3.23,3.31,997132,14665470.0
2012-01-30,3.31,3.34,3.27,3.31,596827,8833302.0
2012-01-31,3.32,3.34,3.27,3.31,534185,7872888.0
2012-02-01,3.31,3.39,3.27,3.36,906555,13538725.0
2012-02-02,3.37,3.43,3.34,3.4,911300,13748385.0
2012-02-03,3.36,3.55,3.36,3.49,1963040,30315264.0
2012-02-06,3.55,3.61,3.49,3.52,1837890,29055888.0
2012-02-07,3.46,3.52,3.46,3.49,1072061,16659921.0
2012-02-08,3.46,3.67,3.46,3.64,2210894,35533080.0
2012-02-09,3.64,3.67,3.61,3.61,1715140,27828862.0
2012-02-10,3.61,3.65,3.55,3.6,1375847,22124614.0
2012-02-13,3.58,3.65,3.51,3.58,1370062,22006190.0
2012-02-14,3.59,3.63,3.56,3.58,888250,14245481.0
2012-02-15,3.56,3.67,3.56,3.65,1480145,23942770.0
2012-02-16,3.65,3.68,3.61,3.64,1096270,17837778.0
2012-02-17,3.64,3.67,3.58,3.61,908802,14672302.0
2012-02-20,3.64,3.87,3.61,3.76,3885471,65343996.0
2012-02-21,3.76,3.82,3.74,3.81,1920114,32499110.0
2012-02-22,3.81,3.87,3.76,3.84,1789680,30586878.0
2012-02-23,3.85,3.87,3.73,3.76,3720357,62740980.0
2012-02-24,3.76,3.8,3.74,3.79,2097480,35269800.0
2012-02-27,3.78,3.84,3.75,3.82,4561746,77197408.0
2012-02-28,3.81,3.91,3.78,3.83,3383532,58009968.0
2012-02-29,3.84,3.88,3.78,3.81,2298351,39292204.0
2012-03-01,3.8,3.98,3.79,3.85,5130383,89528984.0
2012-03-02,3.85,4.01,3.85,4.0,4091607,72046312.0
2012-03-05,4.03,4.16,3.99,3.99,3656249,66492132.0
2012-03-06,3.99,4.06,3.89,3.96,2874352,50878760.0
2012-03-07,3.94,4.03,3.9,3.94,2821813,50098708.0
2012-03-08,3.94,4.05,3.94,4.02,2390217,42799608.0
2012-03-09,4.04,4.05,3.98,4.02,2593973,46523516.0
2012-03-12,4.0,4.05,3.94,4.04,2515701,44815040.0
2012-03-13,4.03,4.06,3.99,4.04,1673944,30143186.0
2012-03-14,4.05,4.14,3.74,3.76,5131217,90514552.0
2012-03-15,3.76,3.79,3.63,3.66,3045462,50368996.0
2012-03-16,3.7,3.77,3.67,3.76,2651754,44228004.0
2012-03-19,3.8,3.84,3.76,3.82,2537726,43122844.0
2012-03-20,3.82,3.83,3.65,3.69,1223334,20483366.0
2012-03-21,3.71,3.76,3.59,3.72,2419650,39742160.0
2012-03-22,3.72,3.74,3.65,3.67,995675,16404255.0
2012-03-23,3.68,3.68,3.61,3.63,889057,14428662.0
2012-03-26,3.63,3.7,3.59,3.7,1249291,20302298.0
2012-03-27,3.72,3.8,3.71,3.74,1627882,27263666.0
2012-03-28,3.73,3.73,3.6,3.6,1570265,25528582.0
2012-03-29,3.61,3.61,3.4,3.44,1393332,21569358.0
2012-03-30,3.44,3.49,3.35,3.4,1078090,16375136.0
2012-04-05,3.4,3.52,3.4,3.48,2504887,38481496.0
2012-04-06,3.47,3.54,3.45,3.53,1933383,30218290.0
2012-04-09,3.52,3.59,3.48,3.53,1294648,20559256.0
2012-04-10,3.49,3.54,3.4,3.51,1064347,16458278.0
2012-04-11,3.47,3.53,3.43,3.49,1643987,25521182.0
2012-04-12,3.49,3.62,3.49,3.61,1910059,30405332.0
2012-04-13,3.61,3.66,3.59,3.64,1286825,20806006.0
2012-04-16,3.64,3.8,3.64,3.8,4529501,75529664.0
2012-04-17,3.81,3.83,3.7,3.76,2985504,50360256.0
2012-05-04,4.05,4.05,3.56,3.58,7967763,131393064.0
2012-05-07,3.56,3.68,3.54,3.66,4402095,71612896.0
2012-05-08,3.65,3.72,3.64,3.68,2580417,42320744.0
2012-05-09,3.66,3.74,3.64,3.68,3306447,54586152.0
2012-05-10,3.69,3.69,3.55,3.63,4381391,70424000.0
2012-05-11,3.64,3.64,3.54,3.55,1505734,24023822.0
2012-05-14,3.57,3.58,3.48,3.48,1318460,20744014.0
2012-05-15,3.48,3.48,3.41,3.44,2036582,31212628.0
2012-05-16,3.44,3.5,3.43,3.44,1172864,18196838.0
2012-05-17,3.44,3.48,3.43,3.44,1587673,24466692.0
2012-05-18,3.43,3.44,3.4,3.41,1354644,20675572.0
2012-05-21,3.41,3.43,3.36,3.42,756437,11483543.0
2012-05-22,3.43,3.48,3.42,3.42,1478964,22714416.0
2012-05-23,3.43,3.44,3.38,3.4,978273,14848288.0
2012-05-24,3.4,3.43,3.38,3.38,683224,10363154.0
2012-05-25,3.4,3.41,3.34,3.35,1230798,18525222.0
2012-05-28,3.34,3.36,3.28,3.36,1338893,19931410.0
2012-05-29,3.36,3.44,3.35,3.41,1219324,18484170.0
2012-05-30,3.42,3.43,3.38,3.41,992123,15059783.0
2012-05-31,3.39,3.45,3.38,3.43,2826090,43179316.0
2012-06-01,3.44,3.46,3.39,3.4,1277157,19482036.0
2012-06-04,3.34,3.36,3.25,3.3,1333481,19764332.0
2012-06-05,3.29,3.36,3.29,3.3,596112,8803765.0
2012-06-06,3.3,3.31,3.21,3.23,896784,13085907.0
2012-06-07,3.27,3.27,3.2,3.22,782357,11303641.0
2012-06-08,3.27,3.28,3.22,3.26,790233,11451089.0
2012-06-11,3.27,3.31,3.27,3.31,1270398,18640880.0
2012-06-12,3.29,3.35,3.27,3.32,848757,12508206.0
2012-06-13,3.32,3.35,3.29,3.33,1164806,17203158.0
2012-06-14,3.3,3.34,3.26,3.29,1916130,28174792.0
2012-06-15,3.28,3.3,3.25,3.28,1074379,15734493.0
2012-06-18,3.29,3.31,3.25,3.26,1155080,16929426.0
2012-06-19,3.24,3.29,3.23,3.24,664295,9615416.0
2012-06-20,3.27,3.27,3.23,3.25,705094,10146069.0
2012-06-21,3.23,3.25,3.21,3.23,780706,11175563.0
2012-06-25,3.21,3.23,3.12,3.13,782163,10964439.0
2012-06-26,3.13,3.13,3.07,3.11,890376,12250590.0
2012-06-27,3.12,3.15,3.08,3.09,608028,8415973.0
2012-06-28,3.09,3.14,3.07,3.1,639522,8801297.0
2012-06-29,3.09,3.13,3.07,3.09,986607,13541420.0
2012-07-02,3.11,3.27,3.11,3.26,1903037,27052774.0
2012-07-03,3.24,3.29,3.23,3.28,1081690,15640263.0
2012-07-04,3.27,3.29,3.23,3.28,969057,14042100.0
2012-07-05,3.25,3.27,3.2,3.25,802167,11535281.0
2012-07-06,3.26,3.28,3.19,3.25,891859,12835150.0
2012-07-09,3.24,3.3,3.2,3.25,801822,11600167.0
2012-07-10,3.21,3.25,3.15,3.19,723378,10258280.0
2012-07-11,3.19,3.21,3.16,3.19,403580,5688538.0
2012-07-12,3.19,3.23,3.14,3.23,591160,8353128.0
2012-07-13,3.23,3.24,3.16,3.19,409142,5801635.0
2012-07-16,3.2,3.2,3.07,3.08,701300,9739895.0
2012-07-17,3.06,3.17,3.06,3.16,1021983,14202166.0
2012-07-18,3.16,3.27,3.12,3.24,1171299,16687873.0
2012-07-19,3.25,3.31,3.22,3.26,1119206,16261556.0
2012-07-20,3.26,3.3,3.21,3.22,604809,8765298.0
2012-07-23,3.19,3.32,3.19,3.31,1292414,18855420.0
2012-07-24,3.27,3.32,3.25,3.3,1153697,16886978.0
2012-07-25,3.27,3.29,3.22,3.27,810454,11735469.0
2012-07-26,3.27,3.39,3.24,3.38,2769086,41060228.0
2012-07-27,3.38,3.39,3.3,3.36,1615398,24072010.0
2012-07-30,3.36,3.38,3.26,3.27,1596661,23588420.0
2012-07-31,3.29,3.29,3.13,3.13,1885864,26606894.0
2012-08-01,3.1,3.23,3.09,3.23,1324866,18754896.0
2012-08-02,3.23,3.26,3.19,3.24,445385,6372388.0
2012-08-03,3.25,3.26,3.22,3.23,718150,10317087.0
2012-08-06,3.22,3.28,3.15,3.27,1935850,27600918.0
2012-08-07,3.27,3.38,3.27,3.33,1639349,24177188.0
2012-08-08,3.35,3.38,3.26,3.3,1250044,18264508.0
2012-08-09,3.3,3.36,3.27,3.34,1521321,22432022.0
2012-08-10,3.34,3.37,3.3,3.34,996757,14711934.0
2012-08-13,3.36,3.36,3.15,3.16,1348504,19332642.0
2012-08-14,3.16,3.2,3.11,3.19,1062855,14827674.0
2012-08-15,3.19,3.2,3.13,3.14,866797,12150636.0
2012-08-16,3.14,3.17,3.12,3.14,431252,6010583.0
2012-08-17,3.15,3.16,3.07,3.11,623285,8634355.0
2012-08-20,3.11,3.12,3.07,3.12,569796,7803256.0
2012-08-21,3.11,3.24,3.1,3.2,1097161,15491339.0
2012-08-22,3.2,3.2,3.11,3.15,627217,8779397.0
2012-08-23,3.15,3.18,3.1,3.15,746939,10365360.0
2012-08-24,3.12,3.17,3.11,3.11,858778,11913574.0
2012-08-27,3.1,3.11,2.97,2.97,1724037,23010894.0
2012-08-28,2.97,2.99,2.81,2.88,3175493,40445020.0
2012-08-29,2.84,2.95,2.83,2.91,1325084,17046698.0
2012-08-30,2.86,2.92,2.79,2.88,1261107,16007138.0
2012-08-31,2.85,2.93,2.84,2.88,688535,8810045.0
2012-09-03,2.88,2.93,2.84,2.92,661799,8523973.0
2012-09-04,2.91,2.97,2.91,2.93,1200125,15646968.0
2012-09-05,2.93,3.01,2.93,2.98,1736508,22856938.0
2012-09-06,2.98,3.05,2.98,3.03,1259584,16883492.0
2012-09-07,3.04,3.16,3.04,3.13,2733842,37913908.0
2012-09-10,3.16,3.19,3.11,3.16,2144335,30030944.0
2012-09-11,3.2,3.31,3.16,3.23,3763995,53667264.0
2012-09-12,3.25,3.38,3.17,3.36,9750503,142882144.0
2012-09-13,3.36,3.52,3.27,3.36,9433295,141596688.0
2012-09-14,3.36,3.36,3.23,3.26,4568756,66209220.0
2012-09-17,3.23,3.35,3.18,3.27,4900711,71125528.0
2012-09-18,3.25,3.31,3.19,3.3,3409088,49116836.0
2012-09-19,3.29,3.31,3.24,3.26,974952,14138236.0
2012-09-20,3.25,3.3,3.04,3.07,2062182,29051798.0
2012-09-21,3.07,3.11,2.98,3.02,1583676,21375038.0
2012-09-24,2.98,3.09,2.98,3.04,884098,11930418.0
2012-09-25,3.04,3.07,3.0,3.01,586778,7883396.0
2012-09-26,3.04,3.04,2.87,2.89,816240,10616389.0
2012-09-27,2.9,3.0,2.89,2.96,824656,10766420.0
2012-09-28,2.96,3.07,2.94,3.07,1307759,17475836.0
2012-10-08,3.06,3.1,3.04,3.08,817201,11155677.0
2012-10-09,3.1,3.18,3.08,3.15,825810,11486458.0
2012-10-10,3.13,3.18,3.11,3.18,642626,9010496.0
2012-10-11,3.17,3.18,3.13,3.15,926378,12930775.0
2012-10-12,3.15,3.18,3.06,3.13,600665,8294793.0
2012-10-15,3.14,3.14,3.0,3.06,796134,10795375.0
2012-10-16,3.06,3.09,3.02,3.06,806589,10915223.0
2012-10-17,3.06,3.06,3.0,3.02,620003,8311559.0
2012-10-18,3.03,3.08,3.02,3.08,668366,9059821.0
2012-10-19,3.08,3.13,3.08,3.11,596082,8222064.0
2012-10-22,3.02,3.11,3.02,3.1,599399,8142771.0
2012-10-23,3.1,3.11,3.01,3.03,440597,5967027.0
2012-10-24,3.01,3.03,2.98,2.99,734066,9795979.0
2012-10-25,3.03,3.03,2.97,2.97,698801,9290130.0
2012-10-26,2.95,3.02,2.9,2.98,811711,10598074.0
2012-10-29,2.99,3.04,2.94,3.02,888090,11841598.0
2012-10-30,3.02,3.02,2.98,3.0,220203,2925816.0
2012-10-31,2.99,2.99,2.95,2.97,407836,5363201.0
2012-11-01,2.98,3.03,2.96,3.03,1028078,13709325.0
2012-11-02,3.03,3.04,3.0,3.02,602150,8062927.0
2012-11-05,3.01,3.01,2.95,2.96,545641,7182359.0
2012-11-06,2.97,3.06,2.93,3.06,1431967,19121950.0
2012-11-07,3.06,3.11,3.02,3.08,1881365,25506966.0
2012-11-08,3.09,3.09,2.98,2.99,461263,6200304.0
2012-11-09,3.01,3.01,2.96,2.98,296268,3912564.0
2012-11-12,3.01,3.08,2.97,3.07,2665453,35888812.0
2012-11-13,3.06,3.09,2.99,3.0,1828860,24752238.0
2012-11-14,2.98,3.02,2.97,3.0,287355,3808821.0
2012-11-15,2.98,2.99,2.91,2.93,335523,4390434.0
2012-11-16,2.93,2.93,2.84,2.86,522071,6627467.0
2012-11-19,2.86,2.88,2.77,2.81,467038,5826547.0
2012-11-20,2.81,2.84,2.79,2.8,331877,4124553.0
2012-11-21,2.83,2.84,2.79,2.83,309021,3846492.0
2012-11-22,2.82,2.87,2.72,2.76,836470,10425912.0
2012-11-23,2.77,2.84,2.73,2.78,841711,10370899.0
2012-11-26,2.78,2.78,2.71,2.72,473199,5752976.0
2012-11-27,2.71,2.71,2.57,2.66,1144268,13312412.0
2012-11-28,2.63,2.63,2.59,2.59,423186,4868450.0
2012-11-29,2.62,2.63,2.53,2.55,381805,4337844.0
2012-11-30,2.56,2.59,2.53,2.57,448764,5097220.0
2012-12-03,2.57,2.59,2.45,2.48,449499,4986871.0
2012-12-04,2.48,2.53,2.44,2.51,722645,7921688.0
2012-12-05,2.51,2.61,2.48,2.6,1205742,13788061.0
2012-12-06,2.6,2.61,2.55,2.6,848705,9694086.0
2012-12-07,2.6,2.65,2.56,2.64,696911,8128924.0
2012-12-10,2.64,2.69,2.59,2.69,785544,9306798.0
2012-12-11,2.68,2.74,2.67,2.7,664327,7942525.0
2012-12-12,2.7,2.7,2.62,2.64,1347837,15780133.0
2012-12-13,2.63,2.63,2.56,2.57,839036,9611925.0
2012-12-14,2.57,2.69,2.57,2.69,1533097,18083262.0
2012-12-17,2.7,2.73,2.66,2.68,1773641,21055928.0
2012-12-18,2.68,2.7,2.66,2.68,1050062,12505216.0
2012-12-19,2.68,2.74,2.67,2.74,1682044,20225424.0
2012-12-20,2.73,2.74,2.7,2.72,790356,9506219.0
2012-12-21,2.72,2.74,2.67,2.69,1367959,16346596.0
2012-12-24,2.66,2.7,2.64,2.67,1667711,19696220.0
2012-12-25,2.66,2.77,2.65,2.76,3771793,45498112.0
2012-12-26,2.75,2.82,2.73,2.81,4308652,52812092.0
2012-12-27,2.81,2.85,2.78,2.84,4280060,53517188.0
2012-12-28,2.81,3.0,2.81,2.98,4313023,55578272.0
2012-12-31,2.94,3.08,2.94,3.07,5389832,72455976.0
2013-01-04,3.06,3.09,2.96,2.99,3233579,42948952.0
2013-01-07,2.99,3.11,2.93,3.0,8013236,107050488.0
2013-01-08,2.98,3.12,2.96,3.09,7285798,99016744.0
2013-01-09,3.05,3.2,3.05,3.18,6674238,92701616.0
2013-01-10,3.19,3.23,3.13,3.17,4171258,59031100.0
2013-01-11,3.17,3.27,3.1,3.13,4843445,68303920.0
2013-01-14,3.11,3.38,3.11,3.38,9666551,140545760.0
2013-01-15,3.45,3.67,3.3,3.33,13368957,202760608.0
2013-01-16,3.38,3.38,3.17,3.38,9493564,138102736.0
2013-01-17,3.34,3.35,3.1,3.12,7198570,101948368.0
2013-01-18,3.07,3.17,3.06,3.15,5110646,70531704.0
2013-01-21,3.08,3.21,3.08,3.18,4594326,64485020.0
2013-01-22,3.18,3.18,3.05,3.09,3982751,55095176.0
2013-01-23,3.08,3.19,3.05,3.18,3783838,52914524.0
2013-01-24,3.18,3.3,3.13,3.16,9142025,130522456.0
2013-01-25,3.15,3.15,2.96,2.99,7722797,102926784.0
2013-01-28,3.02,3.11,3.0,3.1,5335357,72548952.0
2013-01-29,3.1,3.27,3.09,3.24,9650243,136221888.0
2013-01-30,3.24,3.32,3.18,3.24,6430192,92704120.0
2013-01-31,3.23,3.23,3.11,3.2,4553867,63815140.0
2013-02-01,3.16,3.27,3.13,3.23,4988266,71271072.0
2013-02-04,3.25,3.31,3.19,3.27,4995217,72080496.0
2013-02-05,3.24,3.27,3.16,3.22,3895346,55546688.0
2013-02-06,3.22,3.31,3.22,3.27,6640842,96464944.0
2013-02-07,3.28,3.42,3.23,3.41,9565261,141464288.0
2013-02-08,3.42,3.63,3.42,3.57,14867087,234319184.0
2013-02-18,3.68,3.68,3.5,3.54,9079986,144278848.0
2013-02-19,3.51,3.54,3.42,3.42,6473605,99208272.0
2013-02-20,3.42,3.47,3.4,3.46,4399507,66988740.0
2013-02-21,3.43,3.43,3.27,3.3,7939204,117562408.0
2013-02-22,3.3,3.4,3.27,3.33,6692669,99843776.0
2013-02-25,3.32,3.42,3.29,3.4,5741127,85434416.0
2013-02-26,3.38,3.59,3.34,3.5,9060487,139653424.0
2013-02-27,3.52,3.64,3.49,3.59,8646602,137053264.0
2013-02-28,3.59,3.6,3.5,3.6,5913977,93351680.0
2013-03-01,3.6,3.73,3.57,3.66,6920267,112420584.0
2013-03-04,3.66,3.67,3.5,3.56,6437989,102530624.0
2013-03-05,3.56,3.61,3.49,3.6,4891476,77136032.0
2013-03-06,3.59,3.74,3.59,3.7,9149025,149001712.0
2013-03-07,3.67,3.8,3.47,3.52,9882637,158511536.0
2013-03-08,3.52,3.54,3.41,3.43,4789183,73620928.0
2013-03-11,3.44,3.55,3.41,3.48,3915812,60474776.0
2013-03-12,3.48,3.51,3.22,3.31,7165637,105837720.0
2013-03-13,3.27,3.41,3.23,3.4,4671179,69262464.0
2013-03-14,3.39,3.45,3.35,3.39,2797036,42089304.0
2013-03-15,3.39,3.5,3.36,3.4,3388484,51480248.0
2013-03-18,3.39,3.42,3.32,3.35,1918563,28558364.0
2013-03-19,3.34,3.37,3.24,3.36,2314281,33846096.0
2013-03-20,3.36,3.48,3.33,3.47,3788742,57293188.0
2013-03-21,3.43,3.56,3.42,3.55,5866351,91666904.0
2013-03-22,3.54,3.6,3.5,3.56,4151791,65359884.0
2013-03-25,3.55,3.56,3.4,3.4,7316418,112093792.0
2013-03-26,3.38,3.41,3.3,3.39,2819392,41901616.0
2013-03-27,3.39,3.47,3.39,3.43,2929176,44689252.0
2013-03-28,3.4,3.4,3.26,3.27,3124296,45852248.0
2013-03-29,3.27,3.32,3.23,3.24,1843905,26793854.0
2013-04-01,3.26,3.31,3.23,3.27,1778300,25788096.0
2013-04-02,3.26,3.28,3.11,3.14,4375599,61895432.0
2013-04-03,3.16,3.22,3.09,3.18,2873361,40133720.0
2013-04-08,3.11,3.23,3.09,3.2,2484431,35125380.0
2013-04-09,3.21,3.24,3.19,3.23,2311108,32878990.0
2013-04-10,3.24,3.29,3.22,3.25,3441845,49664036.0
2013-04-11,3.25,3.28,3.19,3.2,1999699,28671342.0
2013-04-12,3.18,3.23,3.18,3.21,1708938,24267980.0
2013-04-15,3.19,3.26,3.19,3.23,1873797,26863650.0
2013-04-16,3.17,3.3,3.16,3.29,2374599,34323864.0
2013-04-17,3.29,3.33,3.24,3.31,2025039,29580248.0
2013-04-18,3.27,3.34,3.27,3.31,1810969,26675156.0
2013-04-19,3.31,3.37,3.31,3.35,2274535,33796632.0
2013-04-22,3.29,3.39,3.29,3.38,1986860,29526260.0
2013-04-23,3.38,3.4,3.3,3.31,2216029,32689032.0
2013-04-24,3.29,3.41,3.28,3.41,2469422,36794684.0
2013-04-25,3.4,3.4,3.2,3.22,4110673,60222868.0
2013-04-26,3.23,3.25,3.02,3.03,3973207,54888928.0
2013-05-02,3.03,3.09,3.03,3.04,1458788,19771778.0
2013-05-03,3.05,3.12,3.05,3.07,2470874,33872620.0
2013-05-06,3.08,3.15,3.08,3.14,3021930,41808080.0
2013-05-07,3.14,3.16,3.11,3.13,1697810,23592946.0
2013-05-08,3.12,3.18,3.11,3.13,1961063,27319980.0
2013-05-09,3.15,3.21,3.13,3.16,3550199,49683636.0
2013-05-10,3.16,3.2,3.12,3.16,2402414,33603204.0
2013-05-13,3.16,3.28,3.13,3.25,8195152,116751160.0
2013-05-14,3.22,3.25,3.11,3.16,4459271,62549696.0
2013-05-15,3.17,3.24,3.16,3.19,5668081,80461248.0
2013-05-16,3.2,3.24,3.18,3.22,4876280,69446432.0
2013-05-17,3.2,3.36,3.2,3.31,7151818,104363528.0
2013-05-20,3.32,3.45,3.32,3.41,8351344,125605400.0
2013-05-21,3.41,3.55,3.4,3.51,7354835,113108720.0
2013-05-22,3.52,3.59,3.42,3.44,7878640,122076480.0
2013-05-23,3.42,3.5,3.38,3.42,4707973,72168944.0
2013-05-24,3.43,3.56,3.43,3.54,5345261,83236056.0
2013-05-27,3.56,3.65,3.54,3.57,5254908,83702144.0
2013-05-28,3.56,3.57,3.43,3.47,5002193,77022640.0
2013-05-29,3.47,3.65,3.46,3.64,7472319,118683912.0
2013-05-30,3.6,3.65,3.57,3.6,4472880,71532456.0
2013-05-31,3.59,3.62,3.53,3.56,3613305,57303052.0
2013-06-03,3.54,3.59,3.5,3.53,3892441,61268736.0
2013-06-04,3.53,3.56,3.38,3.43,4817600,73478760.0
2013-06-05,3.43,3.44,3.33,3.38,3465778,51672304.0
2013-06-06,3.37,3.42,3.34,3.35,2119483,31759208.0
2013-06-07,3.33,3.37,3.2,3.23,3287398,47631568.0
2013-06-13,3.23,3.23,3.11,3.12,1822279,25432176.0
2013-06-14,3.19,3.26,3.13,3.24,3480382,49678044.0
2013-06-17,3.25,3.36,3.24,3.3,2857597,42038432.0
2013-06-18,3.31,3.36,3.27,3.29,1571963,23143708.0
2013-06-19,3.27,3.29,3.17,3.22,2558997,36344612.0
2013-06-20,3.21,3.24,3.11,3.15,2957050,41909920.0
2013-06-21,3.13,3.13,3.02,3.1,2713373,36871208.0
2013-06-24,3.06,3.09,2.79,2.79,3172371,40642740.0
2013-06-25,2.78,2.8,2.51,2.72,5923334,68253408.0
2013-06-26,2.7,2.78,2.64,2.78,3905198,47177332.0
2013-06-27,2.78,2.83,2.67,2.7,2856834,34898608.0
2013-06-28,2.66,2.79,2.6,2.71,3930692,47873024.0
2013-07-01,2.74,2.83,2.7,2.81,4532551,55931568.0
2013-07-02,2.8,2.96,2.79,2.93,3587274,45850820.0
2013-07-03,2.91,3.05,2.89,3.01,4980162,66238260.0
2013-07-04,3.01,3.16,2.97,3.04,3694855,50592416.0
2013-07-05,3.06,3.08,2.94,2.95,2837666,37644100.0
2013-07-08,2.91,3.0,2.83,2.86,1683052,21577378.0
2013-07-09,2.76,2.9,2.76,2.86,1236278,15690171.0
2013-07-10,2.86,2.97,2.84,2.94,1727303,22120790.0
2013-07-11,2.95,3.05,2.91,2.98,2342103,31056076.0
2013-07-12,3.0,3.04,2.94,2.95,1444893,19161852.0
2013-07-15,2.95,3.04,2.95,3.03,1472255,19649934.0
2013-07-16,3.03,3.13,3.0,3.11,2077597,28255146.0
2013-07-17,3.12,3.17,3.01,3.02,2771099,37852240.0
2013-07-18,3.01,3.06,2.98,3.02,1966653,26349936.0
2013-07-19,3.02,3.06,2.93,2.93,1941900,25976236.0
2013-07-22,2.93,3.0,2.86,2.99,1712742,22439926.0
2013-07-23,2.99,3.1,2.98,3.05,2024586,27447100.0
2013-07-24,3.05,3.13,3.01,3.1,2254847,30619494.0
2013-07-25,3.09,3.13,3.02,3.02,1870203,25405880.0
2013-07-26,3.01,3.04,2.97,3.02,1170596,15632583.0
2013-07-29,2.97,3.01,2.93,2.93,1277086,16827640.0
2013-07-30,2.97,2.98,2.9,2.95,1309663,17066784.0
2013-07-31,2.95,2.99,2.86,2.89,3182607,40970044.0
2013-08-01,2.89,2.95,2.87,2.95,2854344,36965784.0
2013-08-02,2.97,3.01,2.94,2.99,3141416,41548188.0
2013-08-05,3.0,3.08,2.96,3.06,3197200,43007932.0
2013-08-06,3.06,3.1,3.03,3.07,2485670,33729084.0
2013-08-07,3.07,3.08,3.01,3.04,2419543,32605242.0
2013-08-08,3.03,3.08,3.0,3.03,2308323,31162702.0
2013-08-09,3.04,3.07,2.97,3.02,1459400,19543678.0
2013-08-12,3.02,3.08,3.0,3.08,2503986,33827308.0
2013-08-13,3.08,3.1,3.05,3.08,2364771,32207892.0
2013-08-14,3.08,3.1,3.04,3.04,1767819,24005140.0
2013-08-15,3.07,3.1,3.02,3.03,2231561,30293882.0
2013-08-16,3.01,3.06,2.96,2.96,2071272,27547430.0
2013-08-19,2.89,3.0,2.89,2.99,1504155,19873832.0
2013-08-20,3.0,3.02,2.98,3.0,1472065,19574120.0
2013-08-21,2.99,3.05,2.98,3.04,1629726,21824140.0
2013-08-22,3.04,3.07,3.02,3.04,2147563,29037448.0
2013-08-23,3.03,3.09,3.01,3.09,3341264,45245048.0
2013-08-26,3.1,3.23,3.1,3.21,5448785,76808648.0
2013-08-27,3.23,3.23,3.17,3.23,2930378,41597704.0
2013-08-28,3.24,3.35,3.22,3.29,6535533,95732872.0
2013-08-29,3.29,3.3,3.19,3.21,3309145,47353528.0
2013-08-30,3.21,3.21,3.1,3.13,3057214,42688340.0
2013-09-02,3.14,3.27,3.14,3.27,3294161,47131220.0
2013-09-03,3.26,3.29,3.24,3.28,2813639,40718092.0
2013-09-04,3.28,3.35,3.27,3.31,3352250,49395048.0
2013-09-05,3.34,3.34,3.26,3.26,2099036,30578466.0
2013-09-06,3.28,3.36,3.27,3.33,3054911,44990252.0
2013-09-09,3.35,3.45,3.3,3.38,5218249,78201816.0
2013-09-10,3.4,3.4,3.31,3.35,2801601,41444852.0
2013-09-11,3.34,3.4,3.19,3.19,4879498,70778944.0
2013-09-12,3.21,3.24,3.19,3.2,1764271,25174628.0
2013-09-13,3.2,3.27,3.2,3.24,2004331,28777254.0
2013-09-16,3.27,3.28,3.19,3.2,1555893,22260794.0
2013-09-17,3.2,3.22,3.16,3.16,1285513,18125510.0
2013-09-18,3.18,3.2,3.13,3.18,1183316,16576818.0
2013-09-23,3.18,3.22,3.18,3.22,3210061,45470692.0
2013-09-24,3.23,3.25,3.19,3.2,2167344,30895728.0
2013-09-25,3.23,3.23,3.17,3.18,1417879,20080656.0
2013-09-26,3.18,3.2,3.09,3.09,1716233,23878094.0
2013-09-27,3.11,3.16,3.09,3.12,1413338,19433418.0
2013-09-30,3.14,3.17,3.09,3.11,1218929,16786114.0
2013-10-08,3.12,3.25,3.09,3.25,3010916,42663220.0
2013-10-09,3.26,3.31,3.22,3.28,2542395,36578988.0
2013-10-10,3.28,3.3,3.2,3.21,2012503,28826324.0
2013-10-11,3.22,3.32,3.22,3.32,2983961,43151560.0
2013-10-14,3.32,3.36,3.29,3.32,2504415,36587556.0
2013-10-15,3.31,3.31,3.24,3.25,3539120,50726620.0
2013-10-16,3.24,3.24,3.15,3.17,2383380,33418330.0
2013-10-17,3.17,3.2,3.15,3.18,2361178,32957252.0
2013-10-18,3.17,3.2,3.16,3.18,1159789,16232705.0
2013-10-21,3.18,3.27,3.18,3.26,2253834,32182154.0
2013-10-22,3.28,3.33,3.24,3.26,3048813,43997292.0
2013-10-23,3.26,3.26,3.15,3.19,2144814,30158994.0
2013-10-24,3.18,3.18,3.11,3.14,2141438,29555908.0
2013-10-25,3.16,3.19,3.11,3.16,1961323,27185444.0
2013-10-28,3.16,3.19,3.12,3.18,1605165,22373770.0
2013-10-29,3.18,3.2,2.99,3.07,2508368,34086932.0
2013-10-30,3.07,3.11,3.04,3.1,1214917,16447290.0
2013-10-31,3.09,3.09,3.03,3.05,890888,11967951.0
2013-11-01,3.03,3.07,3.01,3.06,911522,12190648.0
2013-11-04,3.09,3.15,3.09,3.14,1685340,23178612.0
2013-11-05,3.19,3.31,3.14,3.28,4893206,69816600.0
2013-11-06,3.25,3.32,3.23,3.27,3540210,51156796.0
2013-11-07,3.27,3.34,3.17,3.17,4453846,64151576.0
2013-11-08,3.13,3.19,3.08,3.08,2770959,38064284.0
2013-11-11,3.09,3.19,3.07,3.18,1634607,22561350.0
2013-11-12,3.18,3.21,3.14,3.16,2046642,28566358.0
2013-11-13,3.29,3.29,3.15,3.15,4587062,65013760.0
2013-11-14,3.1,3.46,3.07,3.41,9805944,144849968.0
2013-11-15,3.41,3.75,3.41,3.62,22011168,354134432.0
2013-11-18,3.65,3.98,3.65,3.86,22670498,381487776.0
2013-11-19,3.82,3.91,3.72,3.87,8823870,148258592.0
2013-11-20,3.83,4.16,3.81,4.03,13660058,240126208.0
2013-11-21,3.93,3.95,3.78,3.78,9552306,162951088.0
2013-11-22,3.76,3.88,3.76,3.77,4490463,75505040.0
2013-11-25,3.86,4.09,3.82,3.88,10927635,190384064.0
2013-11-26,3.88,4.07,3.79,3.97,8200887,142344480.0
2013-11-27,3.98,4.18,3.93,4.08,8173188,146463568.0
2013-11-28,4.09,4.29,4.07,4.16,7511433,137820144.0
2013-11-29,4.17,4.28,4.09,4.19,5839258,107860128.0
2013-12-02,4.07,4.11,3.77,3.78,8075005,138490624.0
2013-12-03,3.78,3.9,3.77,3.85,7138656,120655320.0
2013-12-04,3.86,3.93,3.79,3.88,6092048,103936288.0
2013-12-05,3.89,4.02,3.84,3.9,5065278,87741976.0
2013-12-06,3.88,3.9,3.79,3.83,2537795,42834940.0
2013-12-09,3.86,3.92,3.81,3.92,3413077,58270608.0
2013-12-10,3.91,3.94,3.75,3.75,3774458,63291204.0
2013-12-11,3.73,3.79,3.64,3.68,2877742,47033952.0
2013-12-12,3.69,3.72,3.66,3.7,2894786,47019096.0
2013-12-13,3.67,3.72,3.66,3.71,1575275,25620846.0
2013-12-16,3.75,3.76,3.67,3.7,2598408,42374712.0
2013-12-17,3.71,3.91,3.7,3.9,6325814,106738752.0
2013-12-18,3.89,3.9,3.81,3.81,2955236,49917196.0
2013-12-19,3.82,3.86,3.59,3.63,2513580,41196460.0
2013-12-20,3.64,3.66,3.45,3.54,3251023,50675068.0
2013-12-23,3.55,3.71,3.46,3.66,3177022,50605100.0
2013-12-24,3.63,3.72,3.6,3.63,1384378,22286534.0
2013-12-25,3.63,3.76,3.6,3.66,2426394,39357904.0
2013-12-26,3.63,3.63,3.51,3.59,3580406,55983644.0
2013-12-27,3.58,3.75,3.55,3.74,5664525,91350184.0
2013-12-30,3.73,3.88,3.69,3.81,4168766,70157480.0
2013-12-31,3.8,3.81,3.68,3.78,3607827,59290660.0
2014-01-02,3.76,3.9,3.74,3.87,3868518,65393096.0
2014-01-03,3.84,3.91,3.79,3.81,3168121,53460296.0
2014-01-06,3.8,3.84,3.75,3.75,3380994,56292160.0
2014-01-07,3.74,3.8,3.63,3.79,2026436,33240922.0
2014-01-08,3.83,3.93,3.79,3.88,4173286,71316200.0
2014-01-09,3.88,3.92,3.76,3.77,2486045,42153936.0
2014-01-10,3.73,3.73,3.52,3.58,4244439,67916568.0
2014-01-13,3.58,3.6,3.38,3.5,3486314,53346924.0
2014-01-14,3.5,3.59,3.47,3.59,1845839,28566514.0
2014-01-15,3.59,3.76,3.53,3.66,2807969,45312084.0
2014-01-16,3.62,3.68,3.59,3.62,1986717,31721646.0
2014-01-17,3.6,3.61,3.51,3.53,1834137,28660738.0
2014-01-20,3.49,3.58,3.49,3.52,1571461,24464566.0
2014-01-21,3.52,3.58,3.52,3.53,1751464,27277634.0
2014-01-22,3.55,3.63,3.54,3.62,2680163,42515056.0
2014-01-23,3.63,3.72,3.62,3.7,3669355,59530448.0
2014-01-24,3.7,3.76,3.67,3.7,5310607,86879000.0
2014-01-27,3.71,3.74,3.68,3.72,3671076,60043988.0
2014-01-28,3.72,3.73,3.61,3.65,2104712,33905820.0
2014-01-29,3.68,3.78,3.66,3.77,3640039,60026336.0
2014-01-30,3.78,3.86,3.73,3.81,3412726,57152992.0
2014-02-07,3.81,3.94,3.81,3.92,4940076,84827552.0
2014-02-10,3.91,4.01,3.89,3.92,6550942,113647744.0
2014-02-11,3.93,4.0,3.89,3.95,5109541,88793152.0
2014-02-12,3.95,3.97,3.87,3.92,3645929,62663444.0
2014-02-13,3.91,3.91,3.8,3.8,3362773,57225088.0
2014-02-14,3.77,4.17,3.77,4.08,8616421,151791456.0
2014-02-17,4.08,4.25,4.08,4.15,6351932,116488912.0
2014-02-18,4.14,4.14,4.06,4.07,4851006,87386248.0
2014-02-19,4.07,4.14,4.05,4.14,3713789,66777012.0
2014-02-20,4.15,4.17,4.0,4.01,3156019,56418192.0
2014-02-21,3.99,4.03,3.86,3.92,3834069,66501188.0
2014-02-24,3.91,3.98,3.85,3.93,4037457,69861936.0
2014-02-25,3.95,4.04,3.68,3.7,4956263,84598872.0
2014-02-26,3.71,3.75,3.66,3.73,2503501,40865564.0
2014-02-27,3.73,3.83,3.68,3.68,4104670,68079840.0
2014-02-28,3.68,3.85,3.66,3.82,3800748,62883868.0
2014-03-03,3.85,3.93,3.85,3.88,4371061,74616544.0
2014-03-04,3.86,4.0,3.82,3.93,5763951,99728320.0
2014-03-05,3.95,4.04,3.93,3.98,6617032,116189128.0
2014-03-06,3.97,3.98,3.84,3.93,3201423,55250284.0
2014-03-07,3.92,4.01,3.86,3.99,4346607,75332760.0
2014-03-10,3.93,3.97,3.72,3.74,3640267,61457380.0
2014-03-11,3.75,3.78,3.61,3.77,3325132,54344748.0
2014-03-12,3.76,3.78,3.66,3.75,1766338,28968504.0
2014-03-13,3.78,3.79,3.7,3.74,3113968,51289360.0
2014-03-14,3.72,3.72,3.61,3.65,2453663,39571124.0
2014-03-17,3.67,3.76,3.63,3.75,4119973,67433624.0
2014-03-18,3.73,3.78,3.71,3.72,2722917,44849364.0
2014-03-19,3.66,3.79,3.66,3.78,2233815,36695424.0
2014-03-20,3.77,3.85,3.69,3.69,2986226,49709596.0
2014-03-21,3.64,3.75,3.58,3.73,3432137,55356108.0
2014-03-24,3.71,3.74,3.67,3.7,1611407,26256696.0
2014-03-25,3.69,3.72,3.66,3.71,1493239,24309568.0
2014-03-26,3.68,3.71,3.52,3.53,6400044,101079168.0
2014-03-27,3.53,3.56,3.46,3.5,3175456,49154792.0
2014-03-28,3.49,3.55,3.43,3.44,2436426,37397408.0
2014-03-31,3.48,3.52,3.44,3.48,1422281,21829236.0
2014-04-01,3.49,3.54,3.48,3.53,1371580,21276894.0
2014-04-02,3.54,3.6,3.53,3.56,1995428,31350734.0
2014-04-03,3.54,3.54,3.49,3.53,1889329,29245206.0
2014-04-04,3.52,3.57,3.5,3.57,1178589,18408858.0
2014-04-08,3.56,3.68,3.54,3.68,2756227,43990640.0
2014-04-09,3.67,3.71,3.63,3.66,2021784,32640814.0
2014-04-10,3.68,3.73,3.66,3.66,2762314,44898944.0
2014-04-11,3.67,3.74,3.65,3.74,3666521,59985808.0
2014-04-14,3.74,3.76,3.7,3.75,2039374,33520394.0
2014-04-15,3.75,3.78,3.67,3.69,2493455,40737644.0
2014-04-16,3.69,3.72,3.63,3.65,1681941,27182494.0
2014-04-17,3.66,3.67,3.61,3.63,2500835,40039716.0
2014-04-18,3.62,3.64,3.59,3.63,3437243,54787492.0
2014-04-21,3.6,3.68,3.59,3.62,3161955,50749756.0
2014-04-22,3.61,3.64,3.52,3.54,3267343,51444008.0
2014-04-23,3.56,3.63,3.54,3.62,2037853,32088378.0
2014-04-24,3.61,3.64,3.56,3.6,1994933,31634246.0
2014-04-25,3.6,3.6,3.44,3.5,3213142,49395440.0
2014-04-28,3.49,3.49,3.28,3.3,2036009,30292342.0
2014-04-29,3.3,3.36,3.3,3.35,1673065,24515280.0
2014-04-30,3.35,3.41,3.34,3.4,1883946,28092466.0
2014-05-05,3.4,3.4,3.34,3.4,1207178,17889538.0
2014-05-06,3.39,3.45,3.39,3.41,1770761,26623066.0
2014-05-07,3.39,3.42,3.33,3.34,1025442,15184117.0
2014-05-08,3.34,3.42,3.33,3.37,1226661,18128814.0
2014-05-09,3.41,3.41,3.25,3.31,1486130,21495564.0
2014-05-12,3.34,3.44,3.29,3.42,2219151,32793400.0
2014-05-13,3.41,3.45,3.38,3.45,1522578,22729912.0
2014-05-14,3.44,3.46,3.4,3.43,1411898,21211436.0
2014-05-15,3.41,3.5,3.37,3.39,2995045,44962008.0
2014-05-16,3.39,3.43,3.3,3.4,3435491,50576228.0
2014-05-19,3.44,3.47,3.31,3.36,2598092,38297824.0
2014-05-20,3.37,3.4,3.31,3.32,2143382,31419840.0
2014-05-21,3.3,3.35,3.29,3.34,1060520,15414698.0
2014-05-22,3.35,3.37,3.29,3.31,2435668,35486532.0
2014-05-23,3.3,3.33,3.29,3.33,1355151,19582998.0
2014-05-26,3.41,3.48,3.39,3.41,4044681,60425540.0
2014-05-27,3.39,3.42,3.37,3.41,1598021,23761768.0
2014-05-28,3.4,3.5,3.39,3.48,3921987,59368016.0
2014-05-29,3.5,3.57,3.48,3.5,5071782,78102056.0
2014-05-30,3.52,3.59,3.48,3.55,3437801,53134520.0
2014-06-03,3.57,3.63,3.57,3.57,3908814,61388036.0
2014-06-04,3.55,3.55,3.44,3.5,3210711,48947320.0
2014-06-05,3.49,3.56,3.49,3.55,2697575,41686836.0
2014-06-06,3.59,3.63,3.55,3.58,3968833,62391392.0
2014-06-09,3.57,3.59,3.51,3.52,2278197,35272936.0
2014-06-10,3.51,3.58,3.48,3.58,3272698,50808176.0
2014-06-11,3.58,3.61,3.55,3.6,2803922,43918528.0
2014-06-12,3.62,3.68,3.59,3.63,4067084,64585788.0
2014-06-13,3.64,3.95,3.64,3.88,12046904,200611984.0
2014-06-16,3.84,3.9,3.83,3.87,5358357,90563864.0
2014-06-17,3.86,3.86,3.7,3.74,6671892,110119656.0
2014-06-18,3.76,3.87,3.74,3.79,5940327,99056216.0
2014-06-19,3.77,3.83,3.69,3.71,3351407,55033412.0
2014-06-20,3.73,3.8,3.7,3.8,2148968,35401864.0
2014-06-23,3.8,3.91,3.79,3.88,5034870,85285296.0
2014-06-24,3.86,3.91,3.86,3.89,3689749,62613684.0
2014-06-25,3.89,3.91,3.83,3.91,3046061,51617740.0
2014-06-26,3.89,4.03,3.89,3.99,4545272,79071456.0
2014-06-27,3.99,4.09,3.94,4.04,5378995,94613616.0
2014-06-30,4.07,4.21,4.01,4.01,8942266,160882240.0
2014-07-01,4.04,4.16,3.92,4.02,9822966,172909328.0
2014-07-02,4.0,4.16,4.0,4.06,8209402,146524208.0
2014-07-03,4.04,4.09,3.99,4.06,5229386,92482032.0
2014-07-04,4.06,4.08,3.98,3.98,3784462,66399552.0
2014-07-07,4.01,4.16,3.97,4.12,6284249,112408032.0
2014-07-08,4.09,4.14,3.95,4.02,6410183,112372832.0
2014-07-09,4.0,4.42,3.99,4.21,19292556,363291584.0
2014-07-10,4.16,4.23,4.07,4.12,12214192,221207264.0
2014-07-11,4.09,4.21,4.03,4.17,8826317,159959296.0
2014-07-14,4.28,4.41,4.17,4.21,12072932,226463408.0
2014-07-15,4.22,4.35,4.12,4.25,8272057,153552352.0
2014-07-16,4.18,4.24,4.04,4.08,7641646,137672672.0
2014-07-17,4.05,4.11,4.0,4.07,4094338,72670376.0
2014-07-18,4.08,4.11,4.04,4.07,2838108,50645356.0
2014-07-21,4.05,4.16,4.04,4.14,5151124,92792384.0
2014-07-22,4.14,4.28,4.12,4.2,6494825,119895816.0
2014-07-23,4.2,4.31,4.09,4.12,5386631,99545280.0
2014-07-24,4.09,4.13,3.91,3.97,6448458,112603016.0
2014-07-25,3.94,3.99,3.9,3.97,3917667,67519192.0
2014-07-28,3.97,4.17,3.97,4.12,5702619,101482720.0
2014-07-29,4.15,4.28,4.12,4.2,6511954,119519256.0
2014-07-30,4.23,4.43,4.21,4.33,13065308,247780864.0
2014-07-31,4.31,4.73,4.29,4.73,16306876,322243392.0
2014-08-01,4.71,4.99,4.61,4.71,21185414,448466304.0
2014-08-04,4.77,4.93,4.77,4.84,11163828,236659392.0
2014-08-05,4.87,4.94,4.72,4.84,6803331,143783264.0
2014-08-06,4.8,4.92,4.75,4.82,6644847,140629280.0
2014-08-07,4.82,5.1,4.81,4.93,11026575,239479136.0
2014-08-08,4.95,4.97,4.83,4.9,4391052,94008776.0
2014-08-11,4.88,4.95,4.83,4.88,6116442,130792840.0
2014-08-12,4.87,4.96,4.83,4.89,5493241,117477392.0
2014-08-13,4.89,5.08,4.89,4.93,5085254,110080552.0
2014-08-14,4.93,4.93,4.64,4.65,10929755,227506144.0
2014-08-15,4.65,4.78,4.55,4.72,4165714,85617792.0
2014-08-18,4.71,4.89,4.71,4.87,4868686,102697792.0
2014-08-19,4.87,4.94,4.79,4.84,3230083,68660144.0
2014-08-20,4.85,5.0,4.78,4.88,5021463,107708024.0
2014-08-21,4.89,5.01,4.86,4.95,4251399,91863784.0
2014-08-22,4.95,5.15,4.95,5.06,5475024,121871040.0
2014-08-25,5.06,5.26,5.05,5.14,5333769,119815848.0
2014-08-26,5.12,5.19,4.94,5.01,3404078,74652304.0
2014-08-27,5.01,5.43,5.01,5.25,5897004,135988944.0
2014-08-28,5.25,5.35,5.17,5.23,3348016,76833760.0
2014-08-29,5.3,5.56,5.19,5.31,6056417,141214416.0
2014-09-01,5.44,5.51,5.31,5.5,6961747,165975040.0
2014-09-02,5.51,6.01,5.43,5.94,11791057,293553120.0
2014-09-03,5.9,5.95,5.72,5.93,9791532,249453424.0
2014-09-04,5.87,6.08,5.79,5.81,11230504,289107936.0
2014-09-05,5.8,5.8,5.63,5.69,6798310,168706144.0
2014-09-09,5.67,5.78,5.64,5.67,4688890,117013192.0
2014-09-10,5.67,5.82,5.63,5.79,4973693,125184536.0
2014-09-11,5.79,5.81,5.59,5.66,6815528,169748352.0
2014-09-12,5.7,5.79,5.7,5.78,5173992,129710648.0
2014-09-15,5.8,6.08,5.79,6.0,7964458,208182832.0
2014-09-16,6.06,6.08,5.65,5.66,8464124,217328960.0
2014-09-17,5.61,5.72,5.26,5.54,9628836,230859808.0
2014-09-18,5.46,5.63,5.35,5.52,4588736,110305872.0
2014-09-19,5.5,5.79,5.45,5.72,6109026,149941296.0
2014-09-22,5.71,5.74,5.46,5.5,5656548,137543872.0
2014-09-23,5.54,5.64,5.44,5.6,6762055,164187376.0
2014-09-24,5.57,5.86,5.54,5.82,8281140,208528800.0
2014-09-25,5.82,6.13,5.79,6.0,12049788,315774816.0
2014-09-26,6.02,6.11,5.86,5.95,8066153,211476928.0
2014-09-29,5.95,6.12,5.95,6.03,7018672,185063504.0
2014-09-30,6.05,6.05,5.85,5.89,7083801,182685824.0
2014-10-08,5.9,6.23,5.85,6.22,9893061,262983712.0
2014-10-09,6.21,6.22,5.97,6.09,6810174,181593440.0
2014-10-10,6.04,6.16,5.94,5.97,9842380,258274224.0
2014-10-13,6.06,6.13,5.98,6.12,9719901,257016512.0
2014-10-14,6.09,6.25,5.94,6.09,10493610,279090048.0
2014-10-15,6.05,6.05,5.82,5.87,11913575,306061504.0
2014-10-16,5.79,5.82,5.46,5.48,13107859,324098176.0
2014-10-17,5.58,5.74,5.48,5.72,13401384,328393184.0
2014-10-20,5.75,6.29,5.75,6.29,24463538,661789568.0
2014-10-21,6.22,6.28,6.03,6.04,16880896,453795424.0
2014-10-22,6.04,6.17,5.82,5.85,13540578,355795552.0
2014-10-23,5.84,5.9,5.67,5.87,8999518,228692464.0
2014-10-24,5.72,5.9,5.71,5.76,5400409,136943136.0
2014-10-27,5.74,5.93,5.74,5.91,5231646,134478992.0
2014-10-28,5.96,6.17,5.94,6.14,7788870,207564960.0
2014-10-29,6.25,6.72,6.25,6.62,21415702,614301312.0
2014-10-30,6.57,6.72,6.51,6.59,9989403,289061440.0
2014-10-31,6.58,6.71,6.43,6.54,7740809,221422160.0
2014-11-03,6.52,6.65,6.49,6.51,6894482,197654176.0
2014-11-04,6.48,6.59,6.4,6.54,6489740,184718288.0
2014-11-05,6.55,6.56,6.35,6.35,6278497,176579424.0
2014-11-06,6.29,6.38,6.2,6.31,5667123,155404480.0
2014-11-07,6.33,6.48,6.24,6.26,5832687,162047072.0
2014-11-10,6.24,6.3,6.01,6.08,9403116,250071808.0
2014-11-11,6.08,6.11,5.83,5.86,7781776,201691616.0
2014-11-12,5.86,6.05,5.8,5.95,7004165,181839808.0
2014-11-13,5.96,5.96,5.57,5.65,8303260,206670160.0
2014-11-14,5.68,5.78,5.61,5.68,6065545,151255456.0
2014-11-17,5.67,5.91,5.6,5.81,6206752,157877216.0
2014-11-18,5.81,5.86,5.72,5.79,2947632,74709472.0
2014-11-19,5.84,6.0,5.79,5.96,5380169,138983584.0
2014-11-20,5.94,5.94,5.85,5.91,2982703,76863856.0
2014-11-21,5.91,5.94,5.8,5.89,4613881,118156488.0
2014-11-24,5.91,5.99,5.88,5.94,7471077,193565744.0
2014-11-25,5.92,6.03,5.92,5.97,5169180,135255408.0
2014-11-26,5.99,6.1,5.91,6.03,8297697,217696416.0
2014-11-27,6.04,6.11,5.97,6.06,9083864,239744288.0
2014-11-28,6.06,6.08,5.76,5.79,11316793,290922464.0
2014-12-01,5.75,5.75,5.48,5.55,11167861,271625024.0
2014-12-02,5.55,5.7,5.55,5.63,7643930,188121600.0
2014-12-03,5.63,5.81,5.45,5.8,11433097,280954624.0
2014-12-04,5.81,6.01,5.81,5.9,10462908,271374432.0
2014-12-05,6.11,6.35,5.69,6.33,23290874,626206400.0
2014-12-08,6.36,6.94,6.36,6.84,26304892,773452096.0
2014-12-09,6.83,6.83,6.16,6.16,22733588,637401984.0
2014-12-10,6.04,6.39,5.89,6.24,11792482,317825760.0
2014-12-11,6.16,6.38,6.03,6.18,9387782,252990064.0
2014-12-12,6.14,6.18,6.06,6.12,6218289,166308496.0
2014-12-15,5.86,6.16,5.78,6.08,9104830,240209664.0
2014-12-16,6.06,6.26,6.06,6.1,7414470,199468288.0
2014-12-17,6.1,6.1,5.89,5.93,6590798,171369520.0
2014-12-18,5.9,6.23,5.9,6.1,8022970,214271920.0
2014-12-19,6.06,6.08,5.76,5.88,9037405,231726480.0
2014-12-22,5.88,5.92,5.38,5.46,10444131,253395552.0
2014-12-23,5.4,5.59,5.21,5.24,7555584,178191680.0
2014-12-24,5.3,5.46,5.26,5.42,5274897,123839384.0
2014-12-25,5.43,5.55,5.4,5.52,4132457,99270968.0
2014-12-26,5.51,5.58,5.44,5.54,4602790,111323240.0
2014-12-29,5.49,5.49,5.33,5.39,5712239,134938912.0
2014-12-30,5.39,5.4,5.11,5.18,7477399,170838736.0
2014-12-31,5.22,5.44,5.19,5.37,5253748,123083040.0
2015-01-05,5.42,5.43,5.25,5.34,7004894,163276336.0
2015-01-06,5.31,5.62,5.3,5.6,8917514,215267728.0
2015-01-07,5.54,5.57,5.45,5.52,5518058,132988208.0
2015-01-08,5.44,5.6,5.44,5.44,3896596,93730232.0
2015-01-09,5.42,5.6,5.42,5.51,5453607,131861856.0
2015-01-12,5.51,5.61,5.46,5.49,4391736,106261816.0
2015-01-13,5.46,5.64,5.45,5.56,6242604,152541600.0
2015-01-14,5.56,5.63,5.51,5.55,4834277,117939848.0
2015-01-15,5.57,5.6,5.5,5.56,5250327,127444184.0
2015-01-16,5.56,5.57,5.46,5.53,5202981,125468576.0
2015-01-19,5.39,5.62,5.31,5.43,6481659,156364544.0
2015-01-20,5.46,5.76,5.46,5.74,8102781,198756128.0
2015-01-21,5.76,5.91,5.74,5.8,8538049,217363216.0
2015-01-22,5.79,6.34,5.77,6.16,15498068,410075808.0
2015-01-23,6.15,6.15,5.94,5.95,8500379,223828928.0
2015-01-26,6.01,6.1,6.0,6.06,5701546,150721040.0
2015-01-27,6.06,6.21,6.01,6.08,7446689,198830432.0
2015-01-28,6.08,6.24,5.99,5.99,10124990,271873248.0
2015-01-29,5.91,6.13,5.89,6.02,6301504,165285264.0
2015-01-30,6.02,6.12,5.99,6.03,4028599,106819632.0
2015-02-02,5.96,6.12,5.96,6.06,3969247,105272888.0
2015-02-03,6.1,6.26,6.05,6.23,7549455,204042160.0
2015-02-04,6.23,6.32,6.12,6.13,6068997,164866208.0
2015-02-05,6.16,6.18,5.98,5.99,5176740,137148496.0
2015-02-06,5.97,6.03,5.76,5.78,3538533,91369072.0
2015-02-09,5.78,5.98,5.78,5.83,2703410,69651744.0
2015-02-10,5.82,5.97,5.81,5.94,1870640,48378784.0
2015-02-11,5.94,6.05,5.91,6.04,2346006,61437324.0
2015-02-12,6.05,6.08,5.95,6.01,2592899,68230192.0
2015-02-13,6.03,6.13,6.03,6.1,3642902,97129112.0
2015-02-16,6.11,6.27,6.11,6.25,4756398,129290832.0
2015-02-17,6.27,6.34,6.19,6.2,3515740,96207776.0
2015-02-25,6.23,6.28,6.11,6.15,3252864,88041360.0
2015-02-26,6.14,6.29,6.14,6.23,3842148,104392752.0
2015-02-27,6.4,6.81,6.39,6.56,11753648,340492192.0
2015-03-02,6.63,6.72,6.56,6.7,9481168,276467680.0
2015-03-03,6.7,6.93,6.59,6.76,10598389,314341408.0
2015-03-04,6.78,6.91,6.72,6.86,6743954,201523856.0
2015-03-05,6.87,6.9,6.59,6.61,6657536,194363008.0
2015-03-06,6.55,6.68,6.5,6.51,4420174,126935224.0
2015-03-09,6.47,6.58,6.42,6.58,3584460,101877384.0
2015-03-10,6.58,6.63,6.52,6.58,3887613,111867064.0
2015-03-11,6.61,6.61,6.4,6.45,3503400,99607088.0
2015-03-12,6.45,6.58,6.36,6.4,2870864,80812400.0
2015-03-13,6.49,6.58,6.45,6.5,5402622,153544608.0
2015-03-16,6.59,6.67,6.49,6.65,11903093,342216896.0
2015-03-17,6.65,7.14,6.65,6.94,14369594,432893856.0
2015-03-18,6.94,7.14,6.85,7.02,10063902,306487840.0
2015-03-19,6.98,7.06,6.89,6.95,6637839,201672976.0
2015-03-20,6.93,7.05,6.88,6.91,9145151,277215104.0
2015-03-23,6.93,7.25,6.86,7.05,12569538,386552160.0
2015-03-24,7.05,7.13,6.77,6.99,11321272,344227392.0
2015-03-25,7.04,7.24,7.02,7.17,13079431,408153632.0
2015-03-26,7.19,7.32,6.98,7.14,10079369,316753888.0
2015-03-27,7.16,7.2,7.04,7.13,5973165,185433152.0
2015-03-30,7.16,7.39,7.1,7.35,9928110,313916672.0
2015-03-31,7.41,7.62,7.26,7.47,12701073,412843008.0
2015-04-01,7.52,8.11,7.48,7.99,12093330,410099968.0
2015-04-02,7.98,8.12,7.87,7.99,10652294,371781440.0
2015-04-03,7.94,8.58,7.88,8.33,10031549,364561504.0
2015-04-07,8.44,8.44,8.19,8.36,8644611,313358144.0
2015-04-08,8.36,8.37,7.86,7.98,10610663,374992800.0
2015-04-09,7.96,8.07,7.61,7.88,8290886,282698944.0
2015-04-10,7.96,8.27,7.88,8.12,8406614,297889408.0
2015-04-13,8.12,8.22,8.07,8.16,8750756,311397952.0
2015-04-14,8.19,8.53,8.12,8.31,11212922,410128608.0
2015-04-15,8.24,8.3,7.71,7.81,10690515,370592992.0
2015-04-16,7.73,8.02,7.62,7.85,6821046,234497696.0
2015-04-17,7.86,8.18,7.86,8.01,10238953,360545472.0
2015-04-20,7.98,8.28,7.78,7.83,13411046,471048480.0
2015-04-21,7.92,8.41,7.9,8.38,14312073,515035936.0
2015-04-22,8.58,8.92,8.45,8.84,12787105,487355680.0
2015-04-23,8.76,8.8,8.58,8.72,8348076,316546592.0
2015-04-24,8.6,9.42,8.55,8.94,11467504,451786752.0
2015-04-27,9.01,9.51,9.01,9.09,11896462,477957312.0
2015-04-28,9.0,9.02,8.51,8.57,10122327,385479520.0
2015-04-29,8.56,8.81,8.5,8.73,8142645,309849024.0
2015-04-30,8.76,8.99,8.69,8.78,7223804,278969056.0
2015-05-04,8.78,9.1,8.53,9.1,10194177,396292512.0
2015-05-05,9.1,9.15,8.68,8.8,9255348,358102304.0
2015-05-06,8.74,9.15,8.74,8.8,9575645,374262336.0
2015-05-07,8.63,8.84,8.53,8.57,5837032,221049104.0
2015-05-08,8.69,9.05,8.53,9.05,9676680,370724128.0
2015-05-11,9.34,9.77,9.34,9.47,14267655,591582208.0
2015-05-12,9.31,10.29,9.29,10.16,17794184,752907456.0
2015-05-13,9.9,10.06,9.62,9.79,11541638,499314208.0
2015-05-14,9.78,10.11,9.75,9.75,7783176,337403616.0
2015-05-15,9.72,10.02,9.59,9.89,8444879,362303008.0
2015-05-18,9.74,10.31,9.68,10.3,10547467,469244160.0
2015-05-19,10.31,10.41,10.03,10.25,6598125,294076832.0
2015-05-20,10.33,10.82,10.18,10.2,9980959,460809952.0
2015-05-21,10.25,10.63,10.25,10.6,6952762,318268384.0
2015-05-22,10.76,11.03,10.36,10.76,9621456,446990656.0
2015-05-25,10.52,11.43,10.48,11.24,12038723,580848576.0
2015-05-26,11.44,12.35,11.16,12.34,14996488,770871168.0
2015-05-27,12.34,12.8,11.88,12.21,14440585,782086144.0
2015-05-28,12.19,12.73,10.99,11.0,12849655,673645632.0
2015-05-29,11.05,11.92,10.68,11.87,12160942,607662464.0
2015-06-01,12.15,13.06,12.12,13.06,12458326,693811584.0
2015-06-02,13.29,14.37,13.1,14.37,13862831,841532160.0
2015-06-03,14.73,15.21,14.11,14.31,17909048,886042752.0
2015-06-04,14.3,14.3,12.88,13.46,17529844,786249216.0
2015-06-05,13.67,14.35,13.36,13.7,16128516,754750464.0
2015-06-08,13.7,13.7,12.62,12.97,12580075,547443584.0
2015-06-09,12.9,13.31,12.81,13.01,9358288,409560032.0
2015-06-10,12.87,13.39,12.61,13.19,12324123,539351680.0
2015-06-11,13.25,14.27,12.96,14.15,15712486,711774784.0
2015-06-12,14.18,14.26,13.76,13.82,13756843,642394240.0
2015-06-15,14.0,14.29,13.67,13.78,16526005,774729280.0
2015-06-16,13.58,13.58,12.4,12.4,18778088,798898560.0
2015-06-17,12.33,12.51,11.26,12.45,14737430,588191296.0
2015-06-18,12.33,12.33,11.45,11.6,10624795,427550016.0
2015-06-19,11.1,11.71,10.78,11.22,9765146,374421984.0
2015-06-23,11.38,12.2,10.42,12.08,11808156,456278848.0
2015-06-24,12.24,12.48,11.79,12.2,14354623,589954048.0
2015-06-25,12.18,12.39,11.32,11.56,10751690,432407008.0
2015-06-26,11.15,11.28,10.4,10.4,9807016,351287808.0
2015-06-29,10.66,10.66,9.36,9.36,14705795,473485600.0
2015-06-30,8.88,9.92,8.43,9.83,17154184,527497312.0
2015-07-01,9.64,10.19,8.85,8.85,14033886,459029792.0
2015-07-02,8.91,8.94,7.96,7.96,15549938,436811360.0
2015-07-03,7.45,8.37,7.17,7.27,21002380,528432352.0
2015-07-06,7.99,7.99,6.55,7.45,23109360,573497344.0
2015-07-07,7.12,7.17,6.7,6.7,15428482,352845888.0
2015-07-08,6.03,7.33,6.03,7.18,55792444,1253579904.0
2015-07-09,7.19,7.9,7.19,7.9,16010592,416561696.0
2015-07-10,8.69,8.69,8.69,8.69,1781059,51953492.0
2015-07-13,9.56,9.56,9.56,9.56,1124764,36093676.0
2015-07-14,10.51,10.51,10.42,10.51,18877110,666188736.0
2015-07-15,10.3,11.45,10.13,10.89,48896836,1778381952.0
2015-07-16,10.88,11.98,9.91,11.98,35966528,1367598720.0
2015-07-17,12.2,13.17,12.18,13.17,22820764,986268032.0
2015-07-20,13.94,14.49,13.18,14.49,57550576,2723889664.0
2015-07-21,13.49,14.3,13.44,13.75,41587788,1938399360.0
2015-07-22,13.58,15.07,13.58,14.17,46566844,2243521536.0
2015-07-23,13.91,14.8,13.31,14.3,39610376,1859064448.0
2015-07-24,14.0,15.73,14.0,15.43,56281124,2886744576.0
2015-07-27,14.89,15.67,13.89,13.89,44016876,2193542144.0
2015-07-28,12.66,14.62,12.5,13.4,43905152,1945676032.0
2015-07-29,13.9,14.74,13.33,14.74,43377300,2056992256.0
2015-07-30,15.33,16.21,15.13,15.82,59675112,3199512320.0
2015-07-31,15.06,15.49,14.23,14.23,49787576,2460679424.0
2015-08-03,13.25,13.4,12.81,12.81,23841758,1041001408.0
2015-08-04,12.54,14.09,12.52,14.09,45884420,2120826624.0
2015-08-05,14.53,14.8,13.39,13.92,53060456,2528212992.0
2015-08-06,13.31,13.97,12.96,13.1,27817966,1248194048.0
2015-08-07,13.47,13.69,13.11,13.61,23876702,1074698624.0
2015-08-10,13.88,14.89,13.58,14.67,35029820,1685708288.0
2015-08-11,14.3,14.88,13.91,14.25,34895396,1683325056.0
2015-08-12,14.89,15.34,14.15,14.16,33527042,1651501824.0
2015-08-13,13.73,14.3,13.37,14.29,26999926,1251480960.0
2015-08-14,14.33,14.78,13.71,14.3,27688072,1323149824.0
2015-08-17,14.15,15.64,13.9,15.04,43195556,2185184768.0
2015-08-18,14.9,15.03,13.54,13.54,36462444,1717951488.0
2015-08-19,12.85,13.75,12.21,13.42,24339488,1068285760.0
2015-08-20,13.34,13.34,12.21,12.21,17363208,742110336.0
2015-08-21,11.89,12.93,11.62,11.76,19977040,818492544.0
2015-08-24,11.3,11.3,10.59,10.59,9826248,353457152.0
2015-08-25,9.53,9.91,9.53,9.53,17017352,547708096.0
2015-08-26,9.53,9.88,8.57,8.57,27253516,832575232.0
2015-08-27,9.04,9.43,9.02,9.43,13133756,414961792.0
2015-08-28,10.38,10.38,10.38,10.38,1088940,37938668.0
2015-08-31,11.41,11.41,10.92,11.41,59021176,2239130368.0
2015-09-01,10.72,11.01,10.27,10.27,42968184,1515936256.0
2015-09-02,9.38,10.8,9.24,9.69,36549824,1202505216.0
2015-09-07,9.76,10.57,8.72,8.86,41360364,1321556608.0
2015-09-08,8.7,9.75,8.27,9.71,30833308,915547200.0
2015-09-09,9.71,10.62,9.53,9.95,52199664,1758593152.0
2015-09-10,9.59,10.54,9.5,10.08,43337716,1477793408.0
2015-09-11,9.89,10.19,9.75,9.92,21080084,702316928.0
2015-09-14,10.17,10.24,8.93,8.93,26801440,841634432.0
2015-09-15,8.64,8.88,8.04,8.04,23186150,654611392.0
2015-09-16,8.19,8.84,8.13,8.84,26389684,750476160.0
2015-09-17,8.94,9.41,8.63,8.68,32973298,1008140032.0
2015-09-18,8.8,9.37,8.68,9.16,25165802,763134592.0
2015-09-21,9.08,10.08,8.91,10.08,31505886,1027012544.0
2015-09-22,10.13,10.41,9.77,10.02,32092770,1091402496.0
2015-09-23,9.72,10.41,9.7,10.11,25683964,873466560.0
2015-09-24,10.19,10.78,10.18,10.29,23536544,824937088.0
2015-09-25,10.26,10.33,9.5,9.68,19275264,643063296.0
2015-09-28,9.83,10.01,9.5,9.94,14734705,485700672.0
2015-09-29,9.68,9.87,9.5,9.6,11082019,360850400.0
2015-09-30,9.78,10.56,9.78,10.55,33116442,1143371008.0
2015-10-08,10.99,11.28,10.72,10.88,29188604,1078125184.0
2015-10-09,10.87,11.47,10.75,10.94,21153092,789527552.0
2015-10-12,11.05,11.62,10.99,11.32,25985926,989754624.0
2015-10-13,11.17,11.73,11.14,11.63,20402688,782081728.0
2015-10-14,11.65,11.96,11.08,11.2,19955128,773664704.0
2015-10-15,11.06,11.59,11.06,11.56,17224688,656302976.0
2015-10-16,11.61,11.77,11.32,11.55,18849372,731053952.0
2015-10-19,11.59,11.82,11.17,11.31,16488396,633894464.0
2015-10-20,11.29,11.66,11.24,11.59,16679245,643345472.0
2015-10-21,11.57,11.59,10.43,10.43,26559454,977219520.0
2015-10-22,10.48,11.09,10.28,10.93,18782620,675420608.0
2015-10-23,10.9,11.13,10.66,11.01,19918188,725205504.0
2015-10-26,11.23,11.68,10.81,11.47,24205604,913635328.0
2015-10-27,11.3,12.51,11.07,12.33,33359944,1316693888.0
2015-10-28,12.21,12.44,11.59,11.68,26515326,1075610112.0
2015-10-29,11.92,12.32,11.71,11.94,19856348,803175616.0
2015-10-30,11.88,12.21,11.54,11.82,15843306,632890496.0
2015-11-02,11.58,12.08,11.48,11.56,14629243,581474944.0
2015-11-03,11.76,12.02,11.55,11.94,15057096,597203712.0
2015-11-04,12.03,12.6,11.98,12.51,19221516,795642112.0
2015-11-05,12.51,12.56,12.03,12.21,21944200,906816640.0
2015-11-06,12.22,12.63,12.12,12.44,20818904,865694912.0
2015-11-09,12.26,12.38,11.83,12.2,27878896,1130855552.0
2015-11-10,12.12,12.36,11.98,12.14,17028556,696365440.0
2015-11-11,12.08,12.28,11.91,12.2,15845397,641816000.0
2015-11-12,12.35,12.8,12.21,12.6,27671312,1167057152.0
2015-11-13,12.46,12.46,11.91,12.03,17879914,728885440.0
2015-11-16,11.62,12.18,11.62,12.17,11009300,441091168.0
2015-11-17,12.22,12.79,12.11,12.17,20983516,875514304.0
2015-11-18,12.09,12.46,11.91,11.93,12273093,501119872.0
2015-11-19,11.96,12.32,11.85,12.26,9522410,386051008.0
2015-11-20,12.31,12.62,12.27,12.36,16646594,695199936.0
2015-11-23,12.45,12.73,12.17,12.21,15010080,628937664.0
2015-11-24,12.21,12.29,11.93,12.17,8802253,356298656.0
2015-11-25,12.47,12.5,12.21,12.34,13882479,575863296.0
2015-11-26,12.36,13.57,11.99,13.15,40066092,1750837248.0
2015-11-27,13.34,13.57,12.24,12.38,35073640,1545646720.0
2015-11-30,12.18,12.63,11.44,12.06,20336638,825256064.0
2015-12-01,12.08,12.51,11.92,12.14,13970896,574542208.0
2015-12-02,12.07,12.07,11.43,11.76,11406328,449887424.0
2015-12-03,11.79,12.06,11.55,11.93,12857993,507705088.0
2015-12-04,11.91,11.91,11.48,11.56,14043038,549229504.0
2015-12-07,11.62,11.78,11.4,11.65,8826202,343916384.0
2015-12-08,11.65,11.76,11.33,11.54,10765808,417285216.0
2015-12-09,11.47,11.85,11.43,11.62,12009802,469155584.0
2015-12-10,11.66,11.78,11.41,11.41,9049070,351816256.0
2015-12-11,11.37,11.52,11.29,11.38,6137252,235178928.0
2015-12-14,11.29,11.72,11.13,11.64,8193576,312920768.0
2015-12-15,11.62,11.73,11.58,11.63,8441991,330254880.0
2015-12-16,11.63,11.84,11.57,11.72,9632135,377844992.0
2015-12-17,11.76,11.92,11.73,11.85,12366020,491646080.0
2015-12-18,11.85,11.94,11.67,11.7,9938679,394001216.0
2015-12-21,11.62,12.06,11.61,11.93,11763503,469849184.0
2015-12-22,11.94,12.0,11.7,11.88,9672662,384533248.0
2015-12-23,11.87,11.99,11.65,11.65,9300047,368625184.0
2015-12-24,11.62,11.68,11.26,11.37,7780999,297905824.0
2015-12-25,11.36,11.49,11.36,11.44,4678092,179319360.0
2015-12-28,11.5,11.54,11.2,11.2,6764207,258736880.0
2015-12-29,11.2,11.28,11.12,11.25,4452746,167478672.0
2015-12-30,11.31,11.6,11.25,11.48,8415962,323931296.0
2015-12-31,11.53,11.61,11.3,11.31,6155228,236967216.0
2016-01-04,11.54,11.7,10.28,10.42,8688399,329333056.0
2016-01-05,10.06,10.93,9.91,10.83,11724437,418915392.0
2016-01-06,10.84,11.31,10.72,11.19,10739596,397288800.0
2016-01-07,10.98,10.98,10.08,10.16,2843400,101133536.0
2016-01-08,10.46,10.67,9.71,10.24,7961812,276329952.0
2016-01-11,9.97,10.07,9.22,9.22,10876220,347240192.0
2016-01-12,9.25,9.34,8.86,9.02,8783777,268425408.0
2016-01-13,9.05,9.5,8.94,8.96,9290213,288428224.0
2016-01-14,8.73,9.58,8.65,9.44,10496034,324688192.0
2016-01-15,9.46,9.77,9.11,9.29,11685388,372487360.0
2016-01-18,9.08,9.56,9.07,9.55,8961905,283068800.0
2016-01-19,9.47,9.98,9.38,9.83,9369982,304422784.0
2016-01-20,9.71,9.92,9.46,9.57,9691760,314413888.0
2016-01-21,9.27,9.61,9.01,9.03,8443729,263416448.0
2016-01-22,9.23,9.39,8.85,9.28,8986163,276143712.0
2016-01-25,9.32,9.61,9.3,9.42,6390365,203449808.0
2016-01-26,9.25,9.47,8.52,8.64,7242948,220005232.0
2016-01-27,8.71,8.78,7.83,8.7,9994908,278070016.0
2016-01-28,8.47,8.59,8.04,8.21,6611603,186225504.0
2016-01-29,8.18,8.71,8.08,8.7,7664941,218674608.0
2016-02-01,8.61,8.84,8.34,8.49,6612531,191896304.0
2016-02-02,8.67,9.34,8.67,9.34,6648877,205266320.0
2016-02-03,9.53,9.98,9.52,9.83,22629056,740898880.0
2016-02-04,9.69,10.29,9.61,9.92,16222455,542402944.0
2016-02-05,9.86,9.98,9.69,9.73,7611770,250744544.0
2016-02-15,9.29,10.12,9.29,9.91,10047992,333152832.0
2016-02-16,10.02,10.29,9.83,10.18,11382646,386740096.0
2016-02-17,10.15,10.57,10.1,10.49,14371453,499913120.0
2016-02-18,10.51,10.59,10.13,10.17,10126412,347645472.0
2016-02-19,10.15,10.26,10.01,10.1,7808879,265227664.0
2016-02-22,10.26,10.29,10.12,10.23,6961749,238264592.0
2016-02-23,10.18,10.23,9.89,9.99,6325989,213207760.0
2016-02-24,9.97,10.13,9.78,10.03,6349890,212766656.0
2016-02-25,10.01,10.01,9.02,9.02,10124282,321219488.0
2016-02-26,9.28,9.37,9.01,9.29,8116852,250714176.0
2016-02-29,9.28,9.31,8.64,9.08,7269037,216901024.0
2016-03-01,9.07,9.47,8.94,9.34,7555118,235845568.0
2016-03-02,9.4,9.83,9.24,9.8,8610511,276791584.0
2016-03-03,9.83,9.96,9.65,9.67,9642964,317416512.0
2016-03-04,9.58,9.87,9.05,9.52,10658602,337040896.0
2016-03-07,9.41,9.62,9.35,9.46,7869632,251150000.0
2016-03-08,9.36,9.4,8.94,9.3,6338585,194142896.0
2016-03-09,9.12,9.46,9.01,9.08,5243955,162463872.0
2016-03-10,9.16,9.16,8.94,8.95,3864040,117132256.0
2016-03-11,8.95,9.04,8.86,9.0,4462423,134481200.0
2016-03-14,9.14,9.49,9.07,9.34,9014440,282217920.0
2016-03-15,9.32,9.38,9.2,9.25,4888597,152628112.0
2016-03-16,9.28,9.37,9.02,9.06,4126235,126796048.0
2016-03-17,9.14,9.61,9.06,9.47,7998901,250843264.0
2016-03-18,9.53,9.94,9.48,9.83,11601733,380277792.0
2016-03-21,9.96,10.03,9.83,9.98,11174738,372465248.0
2016-03-22,9.9,10.98,9.81,10.57,27934536,1006532800.0
2016-03-23,10.36,10.48,10.12,10.38,15329318,529668992.0
2016-03-24,10.31,10.6,10.22,10.22,14236123,498428576.0
2016-03-25,10.08,10.38,10.05,10.21,7532942,258334464.0
2016-03-28,10.42,10.56,10.01,10.08,9278522,321409952.0
2016-03-29,10.09,10.12,9.73,9.82,7624941,253126016.0
2016-03-30,9.96,10.8,9.96,10.71,24204556,851920960.0
2016-03-31,10.62,10.81,10.47,10.65,17198572,613957824.0
2016-04-01,10.57,10.75,10.41,10.59,9874856,350445088.0
2016-04-05,10.59,11.2,10.59,10.91,14615414,536358432.0
2016-04-06,10.9,11.01,10.8,10.96,8964092,328496928.0
2016-04-07,10.93,10.96,10.59,10.6,8170697,294223776.0
2016-04-08,10.55,10.6,10.25,10.42,7301012,255124096.0
2016-04-11,10.5,10.71,10.5,10.55,6031184,214808688.0
2016-04-12,10.54,10.64,10.37,10.6,5527949,195334592.0
2016-04-13,10.66,10.9,10.52,10.7,11078507,398883072.0
2016-04-14,10.71,10.82,10.58,10.7,6236907,224432016.0
2016-04-15,11.05,11.56,11.05,11.08,20646524,777772352.0
2016-04-18,10.96,11.37,10.92,11.14,14212331,535967648.0
2016-04-19,11.27,11.31,10.86,10.9,11786596,435482272.0
2016-04-20,10.94,11.21,10.31,10.92,15918088,578323648.0
2016-04-21,10.8,10.91,10.51,10.61,8348775,300627392.0
2016-04-22,10.6,10.8,10.52,10.67,5208426,186393904.0
2016-04-25,10.61,10.67,10.39,10.47,6351656,223716512.0
2016-04-26,10.43,10.63,10.43,10.59,4895807,172899648.0
2016-04-27,10.63,10.93,10.58,10.9,9267690,336871872.0
2016-04-28,10.92,10.92,10.56,10.87,5540072,200456800.0
2016-04-29,10.75,11.13,10.73,11.0,8801862,324772000.0
2016-05-03,10.93,11.26,10.87,11.25,10256635,384673664.0
2016-05-04,11.17,11.46,11.15,11.23,9643456,367239456.0
2016-05-05,11.18,11.57,11.17,11.3,9388563,359035264.0
2016-05-06,11.33,11.44,10.78,10.78,9967661,369901216.0
2016-05-09,10.73,11.08,10.66,10.66,9112396,331677920.0
2016-05-10,10.63,10.95,10.63,10.83,7389328,268653632.0
2016-05-11,10.93,11.16,10.69,11.01,9614139,353910029.0
2016-05-12,10.87,11.4,10.82,11.39,11468429,431813439.0
2016-05-13,11.36,11.51,11.25,11.31,8623570,329252154.0
2016-05-16,11.23,11.8,11.2,11.78,12433854,484607044.0
2016-05-17,11.76,11.91,11.55,11.57,10448014,409814167.0
2016-05-18,11.49,11.49,11.02,11.23,8900769,336102133.0
2016-05-19,11.24,11.61,11.19,11.58,9023491,346246889.0
2016-05-20,11.46,11.82,11.41,11.48,9205744,358626403.0
2016-05-23,11.5,11.79,11.41,11.72,7683508,300421664.0
2016-05-24,11.62,11.68,11.38,11.44,5364474,207484273.0
2016-05-25,11.54,11.63,11.22,11.32,5200149,199049123.0
2016-05-26,11.31,11.6,11.13,11.59,5953289,227149618.0
2016-05-27,11.55,11.79,11.53,11.61,7133317,279612194.0
2016-05-30,11.51,11.53,11.26,11.31,5039122,192593116.0
2016-05-31,11.36,11.94,11.36,11.88,10326940,407483038.0
2016-06-01,11.89,12.71,11.89,12.27,15066391,621686016.0
2016-06-02,12.18,12.4,12.13,12.22,5930057,242167994.0
2016-06-03,12.31,12.69,12.24,12.47,10058697,422552196.0
2016-06-06,12.78,13.0,12.63,12.74,10441842,447396933.0
2016-06-07,12.65,12.79,12.46,12.74,6321691,267173683.0
2016-06-08,12.66,12.66,12.3,12.54,7583706,316172932.0
2016-06-13,12.42,13.05,12.21,12.23,9988995,423942551.0
2016-06-14,12.16,12.39,11.94,12.24,7831950,318867101.0
2016-06-15,12.06,12.99,12.06,12.98,10182037,434519802.0
2016-06-16,13.01,13.12,12.66,12.86,9842619,424901238.0
2016-06-17,12.87,13.03,12.66,12.83,7082886,304264339.0
2016-06-20,12.84,13.07,12.69,13.04,6284836,271804340.0
2016-06-21,13.08,13.4,12.71,12.78,9318105,409383279.0
2016-06-22,12.66,12.84,12.56,12.82,6139715,260513676.0
2016-06-23,12.78,12.89,12.63,12.78,5135662,219581699.0
2016-06-24,12.78,12.96,12.24,12.54,7666829,324157786.0
2016-06-27,12.53,13.22,12.53,13.17,9217631,399657586.0
2016-06-28,13.14,13.19,12.9,13.06,8041911,350156576.0
2016-06-29,13.11,13.18,12.89,12.93,5982058,260035704.0
2016-06-30,12.96,13.01,12.75,12.94,5144127,221612376.0
2016-07-01,12.92,13.13,12.75,12.78,8057332,348415928.0
2016-07-04,12.68,13.12,12.64,13.07,9737284,422118800.0
2016-07-05,13.14,13.42,12.81,12.85,15632331,687465560.0
2016-07-06,12.77,12.9,12.69,12.74,8041888,343999130.0
2016-07-07,12.76,12.86,12.69,12.75,6023272,257733478.0
2016-07-08,12.69,13.02,12.63,12.82,7422118,319266564.0
2016-07-11,12.89,13.19,12.84,12.95,10456294,457029268.0
2016-07-12,12.96,13.09,12.79,12.99,7245700,313155639.0
2016-07-13,13.02,13.58,12.99,13.5,15724528,702138430.0
2016-07-14,13.44,13.44,13.02,13.09,13746181,605541530.0
2016-07-15,13.12,13.15,12.8,12.88,7604204,328841494.0
2016-07-18,12.84,12.99,12.8,12.83,5357123,231681665.0
2016-07-19,12.81,12.88,12.47,12.66,6740326,284789470.0
2016-07-20,12.65,12.78,12.58,12.69,3408435,144761873.0
2016-07-21,12.69,12.81,12.61,12.7,3231036,137677964.0
2016-07-22,12.77,12.83,12.24,12.33,7876076,330873343.0
2016-07-25,12.3,12.43,12.18,12.24,5852061,241192507.0
2016-07-26,12.26,12.63,12.26,12.56,5956508,249775340.0
2016-07-27,12.54,12.67,11.83,12.15,8820088,362218242.0
2016-07-28,12.25,12.78,12.22,12.56,12849828,540185327.0
2016-07-29,12.55,12.77,12.47,12.66,6528837,276495882.0
2016-08-01,12.66,12.89,12.42,12.79,7366498,313373453.0
2016-08-02,12.78,12.83,12.62,12.81,4647110,198065382.0
2016-08-03,12.8,12.86,12.64,12.73,4034580,172757770.0
2016-08-04,12.71,12.88,12.64,12.83,4094400,175267426.0
2016-08-05,12.77,12.86,12.72,12.73,3260726,139805444.0
2016-08-08,12.69,13.29,12.66,13.22,10055155,437724065.0
2016-08-09,13.14,13.16,12.91,12.96,9390932,408194136.0
2016-08-10,12.96,13.08,12.87,12.93,4656596,202131819.0
2016-08-11,12.81,12.89,12.6,12.65,5492994,234659270.0
2016-08-12,12.69,12.79,12.63,12.73,2840010,120777498.0
2016-08-15,12.73,13.0,12.65,12.93,8271463,356288345.0
2016-08-16,12.93,13.02,12.89,12.99,5407642,234583635.0
2016-08-17,12.98,13.2,12.88,13.01,6461716,282541675.0
2016-08-18,12.97,13.04,12.78,12.86,4085304,176429758.0
2016-08-19,12.84,12.86,12.67,12.73,4258091,181723294.0
2016-08-22,12.75,12.83,12.58,12.6,3505955,148663057.0
2016-08-23,12.6,12.72,12.54,12.6,3019832,127710263.0
2016-08-24,12.57,12.8,12.57,12.62,3109785,132238672.0
2016-08-25,12.62,12.62,12.43,12.51,3337918,139986571.0
2016-08-26,12.61,12.65,12.42,12.42,4291498,180094458.0
2016-08-29,12.48,12.57,12.19,12.24,6499816,268084847.0
2016-08-30,12.27,12.47,12.21,12.35,4576005,189406720.0
2016-08-31,12.33,12.42,12.21,12.34,2905146,119639284.0
2016-09-01,12.18,12.18,11.84,11.99,10238880,410735469.0
2016-09-02,11.99,11.99,11.59,11.72,11182667,440580754.0
2016-09-05,11.74,11.92,11.61,11.87,5571098,220410743.0
2016-09-06,11.88,12.26,11.83,12.2,6490019,262683119.0
2016-09-07,12.18,12.3,12.14,12.23,4881892,200162409.0
2016-09-08,12.18,12.29,12.14,12.19,2826498,115669001.0
2016-09-09,12.19,12.24,11.9,11.92,5056910,203718030.0
2016-09-12,11.78,11.97,11.68,11.78,4761359,188645982.0
2016-09-13,11.83,12.12,11.78,11.9,3788842,151635952.0
2016-09-14,11.87,11.97,11.76,11.81,2332669,92541341.0
2016-09-19,11.92,11.99,11.83,11.9,2526063,100651219.0
2016-09-20,11.86,12.05,11.86,11.97,3157109,126352501.0
2016-09-21,11.97,12.08,11.91,12.0,2725555,109452192.0
2016-09-22,12.02,12.08,11.98,11.98,2678325,107921378.0
2016-09-23,11.98,11.98,11.78,11.83,4137878,164246130.0
2016-09-26,11.77,11.87,11.67,11.72,3437214,135687265.0
2016-09-27,11.73,11.85,11.71,11.8,2060812,81137336.0
2016-09-28,11.85,12.05,11.77,12.0,4374998,175433245.0
2016-09-29,12.02,12.02,11.91,12.0,3004732,120563074.0
2016-09-30,11.99,12.12,11.94,12.05,3096439,125065372.0
2016-10-10,12.1,12.33,12.04,12.32,5099185,208845950.0
2016-10-11,12.38,12.38,12.24,12.32,3209885,132258765.0
2016-10-12,12.29,12.32,12.12,12.23,2744234,112365659.0
2016-10-13,12.23,12.28,12.11,12.12,3549881,144459614.0
2016-10-14,12.12,12.18,11.93,11.95,3934328,158042216.0
2016-10-17,12.04,12.09,11.91,11.94,3435707,137643114.0
2016-10-18,11.93,12.18,11.89,12.17,4067325,164549837.0
2016-10-19,12.15,12.2,12.02,12.19,4300128,174304555.0
2016-10-20,12.23,12.31,12.18,12.21,5224703,214000462.0
2016-10-21,12.21,12.21,11.9,11.94,4862269,195380967.0
2016-10-24,11.95,12.03,11.88,11.99,3499741,140115745.0
2016-10-25,11.98,12.03,11.89,11.89,4120561,164716788.0
2016-10-26,11.91,11.96,11.78,11.8,3447722,136579256.0
2016-10-27,11.8,11.93,11.74,11.88,3042586,120431651.0
2016-10-28,11.74,11.97,11.73,11.78,9578949,379162101.0
2016-10-31,11.74,11.74,11.42,11.48,7853603,302690457.0
2016-11-01,11.52,11.66,11.46,11.62,3636899,141010240.0
2016-11-02,11.6,11.68,11.53,11.59,2865129,111353057.0
2016-11-03,11.59,11.69,11.46,11.64,4577061,177618854.0
2016-11-04,11.61,11.78,11.51,11.61,4059793,157703469.0
2016-11-07,11.54,11.63,11.47,11.53,3648315,140791737.0
2016-11-08,11.62,11.67,11.52,11.53,3154580,122223672.0
2016-11-09,11.55,11.58,11.29,11.37,4819552,184124140.0
2016-11-10,11.41,11.49,11.38,11.44,5108853,195869112.0
2016-11-11,11.44,11.45,11.29,11.4,5028177,191397224.0
2016-11-14,11.41,11.63,11.41,11.53,5918519,228557077.0
2016-11-15,11.53,11.54,11.4,11.48,4318412,165482889.0
2016-11-16,11.51,11.58,11.48,11.57,5036592,194628834.0
2016-11-17,11.57,11.57,11.43,11.5,3081716,118464559.0
2016-11-18,11.51,11.53,11.43,11.45,2157297,82880540.0
2016-11-21,11.32,11.32,10.99,11.15,11789231,438778140.0
2016-11-22,11.15,11.15,11.01,11.07,5960141,220873490.0
2016-11-23,11.08,11.21,11.08,11.13,5824821,217738661.0
2016-11-24,11.13,11.17,11.06,11.06,3444299,128205651.0
2016-11-25,11.05,11.3,11.02,11.23,5435614,203602834.0
2016-11-28,11.24,11.49,11.24,11.4,6356266,242852549.0
2016-11-29,11.4,11.51,11.32,11.34,4300721,164471899.0
2016-11-30,11.35,11.38,11.23,11.23,3199763,120960965.0
2016-12-01,11.27,11.31,11.17,11.2,2903662,109189012.0
2016-12-02,11.2,11.23,11.03,11.05,3346704,124337511.0
2016-12-05,11.0,11.39,10.93,11.31,6564369,248049210.0
2016-12-06,11.34,11.59,11.31,11.33,5809901,223193105.0
2016-12-07,11.34,11.49,11.34,11.47,3994206,153067211.0
2016-12-08,11.51,11.51,11.32,11.34,3105299,118462296.0
2016-12-09,11.38,11.47,11.32,11.36,2418696,92165580.0
2016-12-12,11.36,11.41,10.85,10.92,6378598,235685019.0
2016-12-13,10.94,11.22,10.78,11.11,3798816,140393735.0
2016-12-14,11.14,11.24,10.91,11.08,4829808,179202805.0
2016-12-15,11.02,11.23,10.98,11.08,5126366,190759884.0
2016-12-16,11.11,11.21,11.08,11.12,3201555,119574766.0
2016-12-19,11.18,11.18,10.9,10.91,3323336,122336023.0
2016-12-20,10.93,10.98,10.74,10.77,3899930,141243012.0
2016-12-21,10.78,10.9,10.77,10.89,3081537,111797629.0
2016-12-22,10.89,10.9,10.72,10.79,2961538,106905555.0
2016-12-23,10.79,10.85,10.57,10.59,3788043,135632165.0
2016-12-26,10.58,10.62,10.42,10.62,4447657,156145336.0
2016-12-27,10.62,10.68,10.56,10.61,3580208,127387121.0
2016-12-28,10.61,10.77,10.61,10.68,3346920,119881755.0
2016-12-29,10.69,10.99,10.69,10.83,8182532,298958328.0
2016-12-30,10.84,11.03,10.83,10.84,4518325,165300653.0
2017-01-03,10.99,11.57,10.85,11.43,13012074,493960059.0
2017-01-04,11.48,11.63,11.35,11.54,8883630,343252256.0
2017-01-05,11.5,11.84,11.42,11.63,9893112,386789992.0
2017-01-06,11.65,11.93,11.57,11.59,10055931,397417696.0
2017-01-09,11.57,11.97,11.51,11.91,10887655,430408331.0
2017-01-10,11.9,12.17,11.71,11.81,8494263,339355851.0
2017-01-11,11.74,12.01,11.53,11.59,5975284,234909303.0
2017-01-12,11.59,11.78,11.5,11.57,3921571,152535394.0
2017-01-13,11.58,11.65,11.34,11.34,5032232,193535233.0
2017-01-16,11.3,11.59,10.84,11.4,6673496,254084676.0
2017-01-17,11.41,11.57,11.29,11.57,4713775,180399871.0
2017-01-18,11.53,11.58,11.38,11.39,3287605,126460793.0
2017-01-19,11.32,11.58,11.29,11.58,4788749,184321169.0
2017-01-20,11.57,11.76,11.5,11.66,4044600,157940513.0
2017-01-23,11.91,11.97,11.59,11.62,5427075,214083411.0
2017-01-24,11.55,11.94,11.53,11.92,6842875,270992649.0
2017-01-25,11.89,11.97,11.8,11.92,4454274,177760281.0
2017-01-26,11.94,11.96,11.83,11.94,2609016,104165177.0
2017-02-03,12.03,12.03,11.83,11.86,3271849,130873998.0
2017-02-06,11.87,11.92,11.74,11.91,3675911,145723705.0
2017-02-07,11.9,12.03,11.79,12.02,5548611,222196966.0
2017-02-08,11.99,12.02,11.84,12.0,3327832,133011751.0
2017-02-09,12.0,12.08,11.91,11.92,3765585,150849560.0
2017-02-10,11.91,11.97,11.61,11.64,5848327,230824410.0
2017-02-13,11.64,11.76,11.64,11.67,3225817,126207658.0
2017-02-14,11.7,11.81,11.56,11.64,4370533,171090994.0
2017-02-15,11.7,11.7,11.46,11.47,3452157,133695984.0
2017-02-16,11.57,11.58,11.46,11.57,2833243,109248257.0
2017-02-17,11.6,11.62,11.43,11.5,3140749,121059941.0
2017-02-20,11.58,11.83,11.51,11.73,5822544,228317467.0
2017-02-21,11.79,11.79,11.62,11.69,3706295,144845737.0
2017-02-22,11.65,11.69,11.53,11.58,3836606,149075597.0
2017-02-23,11.56,11.58,11.36,11.49,6895858,264088537.0
2017-02-24,11.51,11.65,11.44,11.64,4757811,184396811.0
2017-02-27,11.64,11.65,11.42,11.43,3723527,143629752.0
2017-02-28,11.42,11.64,11.42,11.54,3770716,145599395.0
2017-03-01,11.53,11.93,11.47,11.89,10050096,396775672.0
2017-03-02,11.83,11.91,11.74,11.83,4748208,187693944.0
2017-03-03,11.8,12.11,11.79,11.98,9458757,379651950.0
2017-03-06,12.03,12.06,11.93,12.03,5144107,206551272.0
2017-03-07,12.03,12.03,11.79,11.89,4895429,194649216.0
2017-03-08,11.88,12.03,11.81,11.86,3515281,140250506.0
2017-03-09,11.83,11.86,11.71,11.8,3185165,125519658.0
2017-03-10,11.8,11.94,11.74,11.84,3629623,144087406.0
2017-03-13,11.78,12.28,11.78,12.26,10067861,407615880.0
2017-03-14,12.24,12.26,12.07,12.13,6302936,256293233.0
2017-03-15,12.08,12.21,12.03,12.14,4110723,166703552.0
2017-03-16,12.2,12.2,11.86,12.03,9460270,380005341.0
2017-03-17,11.97,12.01,11.81,11.82,6830061,271965609.0
2017-03-20,11.81,11.88,11.71,11.82,3686338,145634336.0
2017-03-21,11.81,11.81,11.65,11.77,5267432,206735165.0
2017-03-22,11.73,11.75,11.61,11.7,4538985,177335640.0
2017-03-23,11.74,11.9,11.69,11.85,5392949,213320518.0
2017-03-24,11.86,11.89,11.76,11.87,3933211,155875174.0
2017-03-27,11.89,11.91,11.81,11.88,5854333,232414393.0
2017-03-28,11.87,11.93,11.69,11.7,4740857,187715024.0
2017-03-29,11.7,11.82,11.68,11.71,3776759,148403977.0
2017-03-30,11.48,11.48,11.06,11.26,12212262,461742002.0
2017-03-31,11.23,11.35,11.2,11.31,5431306,205176274.0
2017-04-05,11.28,11.63,11.26,11.57,4536201,174149977.0
2017-04-06,11.54,11.7,11.51,11.61,3150324,122434051.0
2017-04-07,11.58,12.0,11.56,11.89,7065018,280979376.0
2017-04-10,11.95,11.97,11.77,11.83,3477457,138157130.0
2017-04-11,11.8,12.33,11.8,12.24,13226492,538347998.0
2017-04-12,12.24,12.33,11.97,12.0,7074347,288183634.0
2017-04-13,11.99,12.09,11.78,11.92,4429401,176133175.0
2017-04-14,11.92,12.06,11.65,11.69,4350928,172332364.0
2017-04-17,11.71,11.81,11.5,11.7,3282464,128341868.0
2017-04-18,11.76,11.8,11.57,11.57,2877229,112967783.0
2017-04-19,11.58,11.74,11.42,11.73,3471786,134791096.0
2017-04-20,11.7,11.77,11.4,11.54,3685342,142926340.0
2017-04-21,11.57,11.65,11.35,11.38,2809809,108241584.0
2017-04-24,11.37,11.51,11.2,11.35,4184988,159053641.0
2017-04-25,11.4,11.46,11.27,11.36,3074590,117028972.0
2017-04-26,11.41,11.55,11.29,11.31,3448300,131921482.0
2017-04-27,11.3,11.47,11.13,11.43,4107446,155576767.0
2017-04-28,11.43,11.43,11.1,11.31,7477756,280608795.0
2017-05-02,11.27,11.27,11.09,11.16,4867086,181564607.0
2017-05-03,11.16,11.25,11.08,11.19,2800970,104882009.0
2017-05-04,11.21,11.24,11.09,11.11,3269204,122097594.0
2017-05-05,11.18,11.23,10.83,10.85,6538521,240222806.0
2017-05-08,10.84,10.85,10.49,10.71,5384136,191831755.0
2017-05-09,10.66,11.0,10.59,10.98,5948368,215433872.0
2017-05-10,10.96,11.08,10.87,10.91,3824341,140690849.0
2017-05-11,10.81,11.04,10.75,10.97,3574003,130415908.0
2017-05-12,11.01,11.11,10.92,11.04,3115462,88456480.0
2017-05-15,11.05,11.21,10.93,11.0,3519439,100494710.0
2017-05-16,11.0,11.23,10.94,11.19,3624172,103311065.0
2017-05-17,11.21,11.37,11.21,11.29,3484280,101340434.0
2017-05-18,11.25,11.25,11.0,11.0,4312467,123211815.0
2017-05-19,11.0,11.21,11.0,11.12,2877393,82172557.0
2017-05-22,11.11,11.33,11.02,11.12,4591720,132453991.0
2017-05-23,11.11,11.16,10.8,10.84,5099384,144201276.0
2017-05-24,10.83,11.09,10.46,10.9,3194223,88627732.0
2017-05-25,10.9,11.03,10.78,10.84,4487938,125569383.0
2017-05-26,10.84,10.94,10.78,10.82,3757964,104682514.0
2017-05-31,10.89,10.97,10.78,10.81,2101710,58799625.0
2017-06-01,10.81,10.86,10.7,10.7,2358247,65353761.0
2017-06-02,10.67,10.95,10.62,10.9,2113245,58456927.0
2017-06-05,10.96,11.25,10.96,11.21,4059263,116453437.0
2017-06-06,11.16,11.31,11.14,11.23,2676396,77329308.0
2017-06-07,11.23,11.4,11.2,11.32,5331115,155131252.0
2017-06-08,11.32,11.39,11.23,11.26,2808235,81593287.0
2017-06-09,11.24,11.46,11.23,11.42,4434959,129877442.0
2017-06-12,11.42,11.75,11.37,11.45,6129763,182759764.0
2017-06-13,11.44,11.85,11.44,11.79,7094051,213850252.0
2017-06-14,11.71,12.03,11.69,11.81,8007971,245335232.0
2017-06-15,11.87,12.0,11.64,11.74,4297143,130202533.0
2017-06-16,11.68,11.81,11.6,11.67,4820764,144826264.0
2017-06-19,11.64,12.21,11.64,12.03,9401575,289989602.0
2017-06-20,12.06,12.22,11.99,12.1,5135039,159635271.0
2017-06-21,12.22,12.22,11.83,11.99,6075398,186386605.0
2017-06-22,11.96,12.12,11.81,11.81,6216261,191032132.0
2017-06-23,11.82,11.85,11.53,11.76,5645757,169277090.0
2017-06-26,11.79,11.97,11.72,11.89,7454583,227622672.0
2017-06-27,11.96,12.3,11.91,12.26,12825709,401029738.0
2017-06-28,12.18,12.28,12.05,12.08,6810847,212265164.0
2017-06-29,12.06,12.23,12.03,12.13,6201588,193254542.0
2017-06-30,12.11,12.15,12.02,12.14,4423046,137360868.0
2017-07-03,12.15,12.71,12.13,12.59,14093436,454110188.0
2017-07-04,12.54,12.79,12.53,12.57,6604783,214464784.0
2017-07-05,12.61,13.16,12.52,13.1,10751115,355576393.0
2017-07-06,13.09,13.41,12.99,13.19,10621624,360920022.0
2017-07-07,13.2,13.38,13.0,13.2,6468362,219208762.0
2017-07-10,13.27,13.56,12.84,12.85,8228285,277445810.0
2017-07-11,12.88,13.11,12.81,12.99,8228853,274539922.0
2017-07-12,12.94,13.11,12.76,13.02,5613588,186253188.0
2017-07-13,13.04,13.11,12.85,12.92,5040636,167915009.0
2017-07-14,12.85,13.06,12.54,13.02,5385401,177072661.0
2017-07-17,12.96,12.99,12.48,12.71,8170062,267583675.0
2017-07-18,12.71,12.81,12.41,12.59,8250497,266590984.0
2017-07-19,12.64,13.35,12.48,13.25,8252206,277326776.0
2017-07-20,13.23,13.46,13.08,13.24,4673997,158895418.0
2017-07-21,13.24,13.35,13.11,13.2,3399451,115587162.0
2017-07-24,13.2,13.87,13.14,13.87,11698896,409239099.0
2017-07-25,13.97,14.0,13.5,13.59,8955729,314359743.0
2017-07-26,13.52,13.71,13.21,13.43,6075585,209012290.0
2017-07-27,13.38,13.6,13.16,13.53,6522878,224253366.0
2017-07-28,13.47,13.63,13.28,13.37,4072501,140994976.0
2017-07-31,13.54,13.84,13.29,13.39,8194869,285262365.0
2017-08-01,13.39,13.5,13.06,13.06,9858032,333466016.0
2017-08-02,13.16,13.23,12.85,12.88,8362436,279423555.0
2017-08-03,12.85,13.02,12.62,12.78,5604590,184335046.0
2017-08-04,12.79,13.57,12.79,13.19,13158157,447120261.0
2017-08-07,13.19,13.21,12.97,13.04,5246415,176015191.0
2017-08-08,13.04,13.18,12.9,13.06,4127977,138293591.0
2017-08-09,12.97,13.1,12.91,12.93,2816193,93726468.0
2017-08-10,12.92,13.15,12.9,12.99,3919409,130938125.0
2017-08-11,12.93,13.15,12.74,12.74,4357500,145092445.0
2017-08-14,12.76,13.07,12.6,13.01,4447115,147639969.0
2017-08-15,12.99,13.35,12.97,13.31,5774491,195834166.0
2017-08-16,13.27,13.49,13.11,13.38,6003430,205569766.0
2017-08-17,13.39,13.62,13.31,13.38,4837935,167901395.0
2017-08-18,13.38,13.43,13.18,13.21,3275844,112158040.0
2017-08-21,13.24,13.29,12.93,13.02,6190378,207388985.0
2017-08-22,12.99,13.06,12.95,13.0,2466551,82376225.0
2017-08-23,13.01,13.06,12.93,13.02,2179695,72721585.0
2017-08-24,13.04,13.06,12.77,12.83,2603325,86186394.0
2017-08-25,12.84,12.99,12.78,12.94,2518841,83536568.0
2017-08-28,12.89,13.18,12.89,13.1,4310333,144947982.0
2017-08-29,13.05,13.1,12.82,13.0,3589234,119298640.0
2017-08-30,13.0,13.08,12.89,13.08,2788667,93048249.0
2017-08-31,13.12,13.18,12.9,12.92,3625938,120785389.0
2017-09-01,12.91,12.98,12.83,12.91,3739775,123715374.0
2017-09-04,12.99,13.02,12.88,13.02,4688233,156011282.0
2017-09-05,13.02,13.62,12.95,13.39,7201692,245625505.0
2017-09-06,13.24,13.56,13.24,13.34,4099997,140791506.0
2017-09-07,13.35,13.45,13.06,13.08,3574066,121386730.0
2017-09-08,13.08,13.13,12.92,13.08,5575145,186084312.0
2017-09-11,13.08,13.34,13.01,13.33,6380245,216538958.0
2017-09-12,13.34,13.86,13.34,13.48,11728234,410375459.0
2017-09-13,13.41,13.55,13.27,13.29,4628078,158821907.0
2017-09-14,13.33,13.36,13.04,13.13,4223667,142964253.0
2017-09-15,13.07,13.53,13.04,13.45,6308044,214719656.0
2017-09-18,13.49,13.67,13.35,13.6,4557549,158512961.0
2017-09-19,13.6,13.64,13.15,13.27,5444838,187407382.0
2017-09-20,13.31,13.46,13.2,13.33,4375142,149706099.0
2017-09-21,13.29,13.59,13.27,13.57,4477223,155302823.0
2017-09-22,13.51,13.59,13.31,13.5,3439085,118793641.0
2017-09-25,13.48,13.81,13.47,13.6,6988522,245557040.0
2017-09-26,13.48,13.74,13.47,13.61,3734160,130193522.0
2017-09-27,13.57,14.78,13.53,14.48,14238941,520892208.0
2017-09-28,14.44,14.64,14.32,14.59,7079524,263242844.0
2017-09-29,14.56,14.67,14.4,14.48,5045786,188172882.0
2017-10-09,14.79,14.94,14.41,14.45,8688397,327010030.0
2017-10-10,14.44,14.6,14.2,14.5,5340370,197827889.0
2017-10-11,14.5,14.84,14.36,14.64,4811995,181289831.0
2017-10-12,14.6,15.4,14.57,15.16,10895303,423513109.0
2017-10-13,15.14,15.15,14.91,15.12,3315525,128111203.0
2017-10-16,15.1,15.47,14.87,15.29,7538367,294394481.0
2017-10-17,15.14,15.26,14.47,14.7,7672871,290456851.0
2017-10-18,14.64,14.85,14.57,14.75,3809091,143968085.0
2017-10-19,14.79,14.88,14.55,14.79,3081506,116531488.0
2017-10-20,14.78,14.78,14.36,14.66,4366272,162803014.0
2017-10-23,14.66,14.75,14.48,14.59,2735487,102458755.0
2017-10-24,14.59,14.79,14.45,14.74,2832025,106868901.0
2017-10-25,14.79,15.13,14.67,15.1,3530937,135949181.0
2017-10-26,15.06,15.42,14.86,15.06,3994941,155521571.0
2017-10-27,14.97,15.05,14.66,14.85,4626522,176030009.0
2017-10-30,14.79,14.79,14.34,14.52,4335347,161212191.0
2017-10-31,14.4,14.62,14.35,14.47,2609234,96955478.0
2017-11-01,14.48,14.52,13.9,14.07,7506205,272828889.0
2017-11-02,14.06,14.17,13.97,14.02,2945597,106497147.0
2017-11-03,14.01,14.24,14.01,14.17,3231997,117230448.0
2017-11-06,14.21,14.6,14.06,14.52,3839129,141527443.0
2017-11-07,14.62,14.83,14.44,14.69,3368172,126766786.0
2017-11-08,14.64,14.92,14.5,14.52,4624859,174415207.0
2017-11-09,14.56,14.56,14.17,14.48,3757976,138378670.0
2017-11-10,14.45,14.59,14.2,14.22,5260286,193997560.0
2017-11-13,14.29,15.01,14.19,14.89,10173925,381812583.0
2017-11-14,14.89,15.45,14.68,15.03,10439911,404843580.0
2017-11-15,15.12,15.45,14.89,15.17,6759856,263726042.0
2017-11-16,15.17,15.42,14.93,15.09,5429938,211448289.0
2017-11-17,15.09,15.18,14.59,14.61,5501772,208644402.0
2017-11-20,14.46,15.65,14.01,15.59,7812446,299317226.0
2017-11-21,15.47,15.91,15.4,15.84,7928388,318917777.0
2017-11-22,15.76,15.8,15.36,15.62,6556954,262760235.0
2017-11-23,15.63,15.65,14.66,14.77,7973825,307718306.0
2017-11-24,14.72,14.97,14.6,14.62,4140240,156598884.0
2017-11-27,14.4,14.94,14.4,14.59,3904683,147794972.0
2017-11-28,14.6,14.87,14.47,14.74,5237138,197710413.0
2017-11-29,14.62,14.79,14.09,14.33,5332121,196998789.0
2017-11-30,14.18,14.45,14.04,14.05,3399558,124495021.0
2017-12-01,14.03,14.43,14.01,14.05,4044672,147399570.0
2017-12-04,13.97,14.2,13.86,14.04,3857137,139295711.0
2017-12-05,14.17,14.39,13.7,13.7,4816717,174919195.0
2017-12-06,13.62,14.33,13.62,14.28,6127461,221342942.0
2017-12-07,14.28,14.66,14.17,14.4,6493760,241223133.0
2017-12-08,14.42,14.64,14.29,14.47,4378347,163042084.0
2017-12-11,14.48,14.65,14.47,14.56,3730989,139393990.0
2017-12-12,14.57,14.86,14.56,14.76,4145342,157091638.0
2017-12-13,14.75,14.9,14.61,14.79,3293098,124767142.0
2017-12-14,14.79,14.99,14.55,14.94,3795100,144404664.0
2017-12-15,14.94,15.01,14.7,14.75,3916291,149546698.0
2017-12-18,14.75,15.25,14.62,14.99,5003612,192572932.0
2017-12-19,14.99,15.38,14.99,15.33,5330777,208254781.0
2017-12-20,15.28,15.31,15.02,15.17,3173265,123615223.0
2017-12-21,15.17,15.52,15.07,15.36,4836825,190579088.0
2017-12-22,15.38,15.53,14.79,15.1,3579726,140257091.0
2017-12-25,15.08,15.38,14.84,15.04,4141439,160381470.0
2017-12-26,15.01,15.2,14.87,15.1,2432316,94156256.0
2017-12-27,15.08,15.24,14.89,14.92,2152814,83177104.0
2017-12-28,14.91,15.47,14.88,15.36,4350435,170921577.0
2017-12-29,15.19,15.6,15.19,15.33,3729098,147327989.0
2018-01-02,15.18,16.13,15.1,16.04,7733867,314081917.0
2018-01-03,16.07,16.1,15.57,15.7,8081063,327630314.0
2018-01-04,15.7,15.84,15.59,15.73,6477755,261569536.0
2018-01-05,15.65,15.65,15.35,15.38,6221881,246918916.0
2018-01-08,15.45,15.79,15.24,15.33,7392493,294812107.0
2018-01-09,15.24,15.56,14.92,15.01,8420595,327371173.0
2018-01-10,15.03,15.12,14.56,14.83,9793821,373591889.0
2018-01-11,14.82,14.91,14.48,14.79,6084001,229818469.0
2018-01-12,14.78,14.85,14.6,14.79,3666029,138823054.0
2018-01-15,14.79,14.82,13.97,14.1,10156010,373003797.0
2018-01-16,14.1,14.33,14.01,14.2,8970590,326179351.0
2018-01-17,14.19,14.71,13.9,14.48,7475254,274084476.0
2018-01-18,14.47,14.52,14.15,14.2,4262633,156576283.0
2018-01-19,14.33,14.63,14.21,14.34,5769807,214297539.0
2018-01-22,14.34,14.52,13.97,14.4,6718628,245465948.0
2018-01-23,14.39,14.64,14.21,14.55,4254579,157713284.0
2018-01-24,14.51,14.83,14.45,14.75,5183912,195366947.0
2018-01-25,14.76,14.87,14.61,14.63,6577651,249281230.0
2018-01-26,14.71,14.9,14.64,14.71,3707811,140890461.0
2018-01-29,14.58,14.92,14.52,14.79,5246711,199145570.0
2018-01-30,14.79,14.93,14.77,14.8,2657263,101236811.0
2018-01-31,14.68,14.77,14.01,14.26,5236247,192389308.0
2018-02-01,14.23,14.38,13.47,13.52,7620283,268802343.0
2018-02-02,13.62,13.94,13.09,13.41,6658695,232093472.0
2018-02-05,13.27,13.55,13.16,13.38,2748038,94443497.0
2018-02-06,13.31,13.31,12.22,13.23,8202750,272750633.0
2018-02-07,13.43,13.66,12.86,13.2,4513058,155561632.0
2018-02-08,13.12,13.66,13.04,13.53,5344041,186052104.0
2018-02-09,13.04,13.95,12.93,13.06,5996856,206539444.0
2018-02-12,13.18,13.5,12.86,13.35,4449941,151297813.0
2018-02-13,13.38,13.68,13.25,13.36,3401513,117854090.0
2018-02-14,13.37,13.55,13.26,13.39,1865547,64323842.0
2018-02-22,13.62,13.81,13.41,13.73,3933216,138428212.0
2018-02-23,13.73,13.87,13.45,13.59,3601233,125830682.0
2018-02-26,13.74,14.57,13.7,14.42,7703066,282858500.0
2018-02-27,14.54,15.05,14.42,14.79,9121588,344537729.0
2018-02-28,14.64,14.9,14.31,14.55,7830522,292198385.0
2018-03-01,14.42,14.76,14.33,14.57,4516226,169564856.0
2018-03-02,14.63,14.99,14.33,14.39,5715893,214999923.0
2018-03-05,14.44,14.89,14.44,14.75,8814102,334417094.0
2018-03-06,14.75,15.37,14.75,15.36,9057334,351841150.0
2018-03-07,15.24,15.49,15.04,15.23,5556037,218102196.0
2018-03-08,15.2,15.43,15.0,15.37,4730792,184653250.0
2018-03-09,15.33,15.65,15.15,15.52,5294917,210104257.0
2018-03-12,15.54,15.65,15.18,15.47,5420177,214449301.0
2018-03-13,15.42,15.42,15.08,15.12,3503969,136576065.0
2018-03-14,15.06,15.22,14.91,14.92,4005622,154545187.0
2018-03-15,14.87,15.23,14.8,14.99,3787266,146512424.0
2018-03-16,15.01,15.12,14.79,14.79,1894519,72828729.0
2018-03-19,14.85,15.23,14.85,15.14,3680199,142743977.0
2018-03-20,15.07,15.32,14.91,15.25,2788515,108480446.0
2018-03-21,15.33,15.91,15.19,15.46,7534307,302472257.0
2018-03-22,15.43,15.59,15.08,15.26,5798003,227555490.0
2018-03-23,14.75,15.55,14.65,14.95,5854738,227824788.0
2018-03-26,14.79,16.11,14.79,15.92,12661844,511926846.0
2018-03-27,15.98,16.57,15.8,16.31,9985025,416397425.0
2018-03-28,16.23,16.78,16.14,16.31,8633832,366233213.0
2018-03-29,16.35,16.54,15.62,15.9,8535420,349903413.0
2018-03-30,15.98,16.89,15.97,16.86,9791830,415883894.0
2018-04-02,17.1,17.67,16.81,17.13,12520803,556420378.0
2018-04-03,16.84,17.23,16.36,17.22,7966509,342096741.0
2018-04-04,17.05,17.24,16.35,16.51,7782109,336033822.0
2018-04-09,16.53,16.82,16.36,16.61,5864737,249549297.0
2018-04-10,16.51,16.65,15.87,16.18,8771216,363763120.0
2018-04-11,16.22,16.34,15.96,16.25,6568241,273253736.0
2018-04-12,16.23,16.4,15.99,16.15,5061559,210390773.0
2018-04-13,16.21,16.45,15.84,15.89,7450245,308314965.0
2018-04-16,15.91,16.37,15.84,16.29,8725219,362542409.0
2018-04-17,16.31,16.46,15.42,15.61,10019152,412017544.0
2018-04-18,15.61,15.94,15.33,15.84,7079857,285853741.0
2018-04-19,15.82,16.68,15.82,16.56,12014909,508903272.0
2018-04-20,16.43,16.66,16.14,16.43,6922329,292315551.0
2018-04-23,16.53,16.97,15.22,15.48,10786988,445371817.0
2018-04-24,15.2,15.9,15.2,15.86,7017146,280745667.0
2018-04-25,15.77,16.03,15.53,15.57,4656830,188445089.0
2018-04-26,15.61,15.78,15.3,15.54,5207372,208956100.0
2018-04-27,15.54,15.58,14.33,15.1,15502788,592202337.0
2018-05-02,14.99,15.08,14.52,14.82,5961665,226221614.0
2018-05-03,14.71,15.35,14.52,15.2,6668765,256477375.0
2018-05-04,15.2,15.76,15.03,15.68,5535936,219774862.0
2018-05-07,15.68,15.71,15.42,15.71,5435887,217258044.0
2018-05-08,15.71,15.95,15.38,15.5,6946038,279302379.0
2018-05-09,15.49,15.49,15.24,15.43,3608429,142043236.0
2018-05-10,15.48,15.5,15.03,15.26,4200690,164239810.0
2018-05-11,15.13,15.31,15.03,15.15,2193130,85263528.0
2018-05-14,15.24,15.38,14.89,14.99,4039619,157091451.0
2018-05-15,15.03,15.33,14.79,15.31,4166265,162039237.0
2018-05-16,15.2,15.7,15.03,15.55,4846374,192568177.0
2018-05-17,15.55,15.57,15.29,15.35,2116263,83631229.0
2018-05-18,15.35,15.64,15.11,15.57,4221000,167118609.0
2018-05-21,15.65,16.07,15.65,15.88,4186447,171137407.0
2018-05-22,15.92,16.26,15.77,16.19,5443422,223909857.0
2018-05-23,16.19,16.41,15.71,15.73,5851934,241635830.0
2018-05-24,15.8,15.8,15.45,15.51,3644794,145729541.0
2018-05-25,15.61,15.77,15.42,15.54,2312125,92673350.0
2018-05-28,15.45,15.64,15.26,15.32,2723445,107730866.0
2018-05-29,15.33,15.75,15.31,15.33,3349352,133369401.0
2018-05-30,15.17,15.54,14.95,15.21,2735502,107859530.0
2018-05-31,15.21,15.45,15.05,15.2,3656257,142839544.0
2018-06-01,15.08,15.42,14.8,15.19,4645799,180205988.0
2018-06-04,15.18,15.68,15.12,15.63,3911366,155633589.0
2018-06-05,15.57,15.95,15.57,15.94,3292480,134235232.0
2018-06-06,15.96,16.19,15.73,15.87,3432230,141157454.0
2018-06-07,15.85,16.15,15.8,15.87,3243389,133260016.0
2018-06-08,15.88,15.95,15.42,15.85,3531629,142753906.0
2018-06-11,15.84,16.09,15.62,15.83,2043358,83279465.0
2018-06-12,15.92,16.0,15.39,15.52,3667248,146060307.0
2018-06-13,15.64,16.01,15.5,15.96,4359835,176896646.0
2018-06-14,15.95,16.01,15.74,15.91,3419959,139185644.0
2018-06-15,15.85,15.93,15.36,15.52,5176968,206169675.0
2018-06-19,14.27,15.61,14.27,15.27,4837260,189041563.0
2018-06-20,15.26,15.46,14.92,15.26,3921093,152811584.0
2018-06-21,15.23,15.6,14.98,14.99,2803046,110400539.0
2018-06-22,15.07,15.18,14.76,15.08,2704243,103781025.0
2018-06-25,15.04,15.62,15.04,15.36,2494720,98366245.0
2018-06-26,15.27,15.64,15.18,15.41,3077045,121944114.0
2018-06-27,15.6,15.6,14.88,14.99,4005323,155642409.0
2018-06-28,14.99,15.21,14.91,14.96,2447832,94291566.0
2018-06-29,14.84,15.38,14.84,15.23,3021494,117275199.0
2018-07-02,15.38,15.73,15.16,15.23,3087479,122180692.0
2018-07-03,15.26,15.71,14.8,15.62,4663036,182932472.0
2018-07-04,15.58,15.8,15.37,15.78,4074417,163434682.0
2018-07-05,15.66,15.71,15.28,15.37,2332240,92298113.0
2018-07-06,15.23,15.97,15.15,15.74,3780433,151670947.0
2018-07-09,15.79,16.51,15.79,16.35,5679693,236097684.0
2018-07-10,16.32,16.86,16.26,16.6,5483107,233532923.0
2018-07-11,16.4,16.63,15.84,16.46,4180008,174599579.0
2018-07-12,16.32,17.01,16.3,16.68,3790168,162896204.0
2018-07-13,16.72,16.93,16.51,16.59,2756504,117670890.0
2018-07-16,16.65,17.12,16.6,16.88,3427766,148412351.0
2018-07-17,16.86,16.86,16.44,16.71,2494112,106211612.0
2018-07-18,16.78,17.08,16.54,16.64,2488723,106899555.0
2018-07-19,16.55,16.67,16.09,16.4,2475924,103797803.0
2018-07-20,16.4,17.1,16.28,16.81,4294565,184586956.0
2018-07-23,16.79,17.72,16.76,17.18,7578848,335681951.0
2018-07-24,17.24,17.53,16.53,16.59,9191291,401752004.0
2018-07-25,16.55,17.06,16.31,16.47,6775525,288137787.0
2018-07-26,16.51,16.94,16.24,16.48,6161464,262312060.0
2018-07-27,16.34,16.48,16.09,16.26,4105261,170879430.0
2018-07-30,16.35,16.72,16.24,16.66,5197574,220051776.0
2018-07-31,16.6,16.86,16.28,16.39,4251035,180174411.0
2018-08-01,16.48,16.79,16.36,16.38,5977374,254810567.0
2018-08-02,16.23,16.36,15.07,15.78,9206806,369335654.0
2018-08-03,15.67,15.91,15.59,15.59,3195115,128757736.0
2018-08-06,15.6,15.67,15.18,15.26,3533295,139612103.0
2018-08-07,15.32,15.46,14.79,15.41,5224791,203112883.0
2018-08-08,15.42,15.42,14.86,14.94,2925082,113228472.0
2018-08-09,14.99,15.97,14.78,15.85,6039196,239329124.0
2018-08-10,15.72,16.08,15.63,15.96,3327254,135521654.0
2018-08-13,15.93,16.24,15.77,16.0,4308409,177081059.0
2018-08-14,16.1,16.23,15.92,16.01,2367961,97400194.0
2018-08-15,16.09,16.16,15.8,15.93,3098322,126879105.0
2018-08-16,15.82,15.95,15.43,15.76,2140257,86527853.0
2018-08-17,15.89,16.07,15.42,15.48,1953981,78422676.0
2018-08-20,15.5,15.67,15.08,15.5,3099000,121977970.0
2018-08-21,15.39,15.95,15.39,15.8,3954092,159738333.0
2018-08-22,15.78,16.24,15.74,16.02,3968807,163256066.0
2018-08-23,15.87,16.51,15.87,16.19,4114155,171158161.0
2018-08-24,16.18,16.35,16.03,16.26,2849583,118338784.0
2018-08-27,16.21,16.65,16.14,16.4,7710784,323681793.0
2018-08-28,16.36,16.94,16.36,16.79,6185513,266217787.0
2018-08-29,16.9,16.9,16.36,16.4,4135184,174443548.0
2018-08-30,16.34,16.63,16.2,16.45,3837400,161608810.0
2018-08-31,16.45,16.45,15.85,16.12,3495121,143555746.0
2018-09-03,16.12,16.65,15.81,16.55,5141412,213906480.0
2018-09-04,16.67,17.27,16.48,17.15,8221806,357381678.0
2018-09-05,16.98,17.21,16.72,17.14,6354350,276152699.0
2018-09-06,17.07,17.41,16.87,17.02,7210269,318139612.0
2018-09-07,17.02,17.5,16.45,16.47,6653367,289348593.0
2018-09-10,16.53,17.1,16.29,16.41,4380753,186552049.0
2018-09-11,16.51,16.72,16.14,16.67,5419289,228147016.0
2018-09-12,16.59,16.99,16.59,16.75,4696162,201914512.0
2018-09-13,16.87,17.18,16.64,17.17,5515943,239469755.0
2018-09-14,17.14,17.14,16.37,16.59,7255165,312812983.0
2018-09-17,16.55,16.71,16.21,16.48,4219834,177269024.0
2018-09-18,16.43,16.98,16.33,16.97,4004088,170638495.0
2018-09-19,16.83,17.96,16.79,17.72,6567141,293578098.0
2018-09-20,17.69,17.75,17.32,17.53,3736796,167325178.0
2018-09-21,17.49,17.6,17.18,17.55,4306226,191702088.0
2018-09-25,17.53,17.7,17.31,17.42,3817742,170705288.0
2018-09-26,17.42,17.57,17.19,17.44,5309109,236241997.0
2018-09-27,17.43,17.51,16.96,17.16,5176896,227602028.0
2018-09-28,17.16,17.3,16.86,17.18,3918310,171866089.0
2018-10-08,16.92,17.42,16.76,16.83,4445053,194791848.0
2018-10-09,16.79,16.96,16.14,16.5,3720807,157826700.0
2018-10-10,16.49,16.82,16.46,16.73,2920214,124577032.0
2018-10-11,16.18,16.86,15.72,15.93,5797697,239821925.0
2018-10-12,15.93,16.38,15.43,16.22,4743109,193758475.0
2018-10-15,16.2,16.71,16.13,16.21,3617631,152237377.0
2018-10-16,16.26,16.59,14.89,15.34,8300144,328601374.0
2018-10-17,15.34,15.68,14.33,14.71,8155791,309903999.0
2018-10-18,14.56,15.29,14.56,14.93,5180334,198519126.0
2018-10-19,14.81,15.52,14.34,15.39,6609812,254228979.0
2018-10-22,15.85,16.45,15.66,16.09,6643229,274046399.0
2018-10-23,16.07,16.28,15.68,15.8,3618058,147662046.0
2018-10-24,15.73,16.15,15.65,15.89,2953328,120287121.0
2018-10-25,15.58,15.96,15.31,15.78,3369003,135713882.0
2018-10-26,15.97,16.18,15.0,15.28,7253097,289028715.0
2018-10-29,15.18,15.18,14.39,14.78,7475784,281782883.0
2018-10-30,14.68,14.95,14.26,14.75,4979786,186149118.0
2018-10-31,14.8,15.15,14.6,14.95,3919791,149880115.0
2018-11-01,14.98,15.3,14.86,15.02,4788589,184939097.0
2018-11-02,15.27,15.68,14.99,15.67,6859491,269733105.0
2018-11-05,15.5,15.59,15.08,15.4,5267898,207067384.0
2018-11-06,15.4,15.43,15.09,15.39,2513773,98499992.0
2018-11-07,15.39,15.5,15.13,15.23,4015711,157671511.0
2018-11-08,15.34,15.37,14.47,14.52,6250548,238230635.0
2018-11-09,14.53,15.19,14.53,15.11,6528139,250178541.0
2018-11-12,15.11,15.3,14.88,15.24,3681514,142797466.0
2018-11-13,15.0,15.77,15.0,15.61,5276554,209386228.0
2018-11-14,15.61,15.71,15.34,15.51,2559947,101953255.0
2018-11-15,15.57,15.84,15.45,15.79,3128478,125894688.0
2018-11-16,15.81,15.91,15.66,15.69,3052616,123358966.0
2018-11-19,15.69,15.81,15.37,15.56,4031420,159752130.0
2018-11-20,15.44,15.99,15.28,15.44,5864968,235629558.0
2018-11-21,15.32,15.36,15.07,15.16,2306654,89643110.0
2018-11-22,15.22,15.28,15.04,15.14,1240880,48119196.0
2018-11-23,15.13,15.21,14.84,14.95,2709297,103763468.0
2018-11-26,15.02,15.03,14.71,14.75,2893198,109914896.0
2018-11-27,14.8,15.08,14.8,14.99,2408758,92341191.0
2018-11-28,15.01,15.15,14.8,15.02,2101752,80673644.0
2018-11-29,15.12,15.39,15.04,15.18,3038641,118902957.0
2018-11-30,15.11,15.31,15.0,15.29,2230992,86451108.0
2018-12-03,15.46,15.81,15.46,15.73,4110836,165452169.0
2018-12-04,15.66,15.68,15.31,15.46,3429409,135853248.0
2018-12-05,15.23,15.69,15.18,15.61,4623994,182260368.0
2018-12-06,15.52,15.66,15.16,15.19,2926878,115083007.0
2018-12-07,15.3,15.51,15.22,15.41,2170422,85502185.0
2018-12-10,15.3,15.3,14.83,14.86,5406838,206768359.0
2018-12-11,14.93,15.18,14.8,14.91,4052452,154951186.0
2018-12-12,14.99,15.02,14.6,14.72,5293255,199804089.0
2018-12-13,14.8,14.97,14.71,14.9,4004759,152414719.0
2018-12-14,14.87,15.11,14.79,14.86,6127148,234676744.0
2018-12-17,14.72,14.95,14.6,14.74,4208476,159038303.0
2018-12-18,14.29,14.56,13.27,13.78,14800680,520066777.0
2018-12-19,13.82,13.85,13.08,13.43,9117277,314086410.0
2018-12-20,13.45,13.47,13.12,13.37,6730706,229416409.0
2018-12-21,13.31,13.31,12.13,12.77,15523169,498252331.0
2018-12-24,12.59,12.99,12.45,12.96,5822651,191248207.0
2018-12-25,13.08,13.35,12.88,13.27,7823652,264158938.0
2018-12-26,13.18,13.61,13.16,13.22,5255036,179339728.0
2018-12-27,13.31,13.57,12.97,13.04,6754585,229004759.0
2018-12-28,13.08,13.36,12.81,13.15,5548775,186469061.0
2019-01-02,13.31,13.57,13.21,13.25,8412966,289010723.0
2019-01-03,13.27,13.91,13.16,13.4,8545965,296551609.0
2019-01-04,13.35,13.52,13.08,13.47,4650879,159154401.0
2019-01-07,13.59,14.03,13.59,14.0,7319781,260003038.0
2019-01-08,14.03,14.14,13.81,14.01,4860137,174285405.0
2019-01-09,13.98,14.13,13.87,13.94,3652070,130949465.0
2019-01-10,13.94,14.18,13.88,14.11,3435126,124265424.0
2019-01-11,14.13,14.44,14.11,14.41,3578468,131118796.0
2019-01-14,14.42,14.54,14.15,14.31,2884723,105792515.0
2019-01-15,14.3,14.44,14.16,14.4,4352700,159432927.0
2019-01-16,14.38,14.7,14.29,14.56,4820914,180019908.0
2019-01-17,14.58,14.65,14.02,14.09,4761901,174083293.0
2019-01-18,14.09,14.33,14.02,14.3,2999384,109571794.0
2019-01-21,14.44,14.5,14.14,14.37,3627268,133573623.0
2019-01-22,14.37,14.42,13.94,14.04,3752491,135686298.0
2019-01-23,14.05,14.25,13.94,14.09,3343823,120823771.0
2019-01-24,14.21,14.29,13.98,14.26,3150949,114396593.0
2019-01-25,14.25,14.43,13.88,14.0,4185498,150456219.0
2019-01-28,14.01,14.25,13.82,13.82,3101534,111307862.0
2019-01-29,13.98,13.98,13.67,13.82,3135500,110630060.0
2019-01-30,13.72,14.0,13.61,13.78,2991403,106025653.0
2019-01-31,13.96,13.96,13.61,13.73,2610966,91618091.0
2019-02-01,13.86,14.28,13.63,14.2,3959520,141332092.0
2019-02-11,14.2,14.35,14.07,14.34,4750972,173457626.0
2019-02-12,14.31,14.46,14.25,14.45,4333118,159510485.0
2019-02-13,14.48,14.82,14.31,14.73,4439809,166534834.0
2019-02-14,14.82,14.88,14.61,14.79,3257649,123282322.0
2019-02-15,14.84,14.87,14.45,14.54,3427632,128466191.0
2019-02-18,14.59,15.61,14.55,15.41,7774774,301691294.0
2019-02-19,15.41,15.81,15.26,15.59,7200293,285781865.0
2019-02-20,15.42,15.68,15.23,15.54,2966935,117717151.0
2019-02-21,15.55,15.63,15.19,15.26,6930901,272863025.0
2019-02-22,15.07,15.77,15.07,15.71,5394309,213973731.0
2019-02-25,15.71,16.44,15.71,16.33,8034505,332489502.0
2019-02-26,16.16,16.51,16.09,16.32,6251687,261804114.0
2019-02-27,16.44,17.02,16.03,16.29,6247255,264310722.0
2019-02-28,16.32,16.57,15.81,16.0,5432016,223290866.0
2019-03-01,16.16,16.4,16.01,16.31,5400719,224944761.0
2019-03-04,16.34,17.02,16.29,16.31,7425335,316003485.0
2019-03-05,16.32,16.82,16.32,16.76,5785381,245930524.0
2019-03-06,16.79,17.01,16.51,16.77,5773285,247480846.0
2019-03-07,16.77,16.77,16.23,16.44,6046084,254504064.0
2019-03-08,16.04,16.51,15.81,15.93,6300047,260254724.0
2019-03-11,16.01,16.36,15.82,16.34,5903123,244374586.0
2019-03-12,16.51,17.63,16.44,17.6,11954846,520837610.0
2019-03-13,17.88,17.88,16.73,16.79,8511883,376775890.0
2019-03-14,16.98,17.05,16.52,16.62,4701131,201905173.0
2019-03-15,16.84,17.24,16.71,16.77,5128575,222682438.0
2019-03-18,16.79,17.14,16.49,17.07,6029023,260820372.0
2019-03-19,17.06,17.45,16.99,17.3,5223447,230409611.0
2019-03-20,17.3,17.53,16.81,17.1,5806848,253523476.0
2019-03-21,17.16,17.3,17.0,17.04,4018636,176579394.0
2019-03-22,17.01,17.1,16.36,16.52,8381016,355491013.0
2019-03-25,16.4,16.78,16.24,16.55,10889173,462396425.0
2019-03-26,16.4,16.53,15.3,15.44,15646001,626959572.0
2019-03-27,15.48,15.8,15.27,15.62,8678644,344824557.0
2019-03-28,15.56,15.9,15.51,15.61,4469640,179457487.0
2019-03-29,15.61,15.91,15.53,15.87,7775686,314162389.0
2019-04-01,15.9,16.39,15.9,16.22,8454677,351160297.0
2019-04-02,16.4,16.45,16.14,16.26,6747053,281551999.0
2019-04-03,16.17,16.21,15.85,16.04,8321679,340561921.0
2019-04-04,16.07,16.16,15.8,15.87,9334534,380145621.0
2019-04-08,15.87,15.96,15.47,15.64,9134742,367219411.0
2019-04-09,15.64,15.89,15.37,15.85,7227003,291331482.0
2019-04-10,15.85,16.07,15.81,15.96,7828315,319556533.0
2019-04-11,15.85,15.92,15.47,15.56,5816590,232676855.0
2019-04-12,15.56,15.61,15.16,15.24,6607481,258819719.0
2019-04-15,15.42,16.11,15.42,15.89,15152433,615743591.0
2019-04-16,15.87,16.07,15.48,16.03,8079174,327582575.0
2019-04-17,16.01,16.06,15.74,15.86,5074347,206605938.0
2019-04-18,15.93,15.98,15.68,15.97,4843172,196690685.0
2019-04-19,15.93,16.14,15.72,16.0,6184798,252864901.0
2019-04-22,16.19,16.21,15.62,15.66,5059717,206382381.0
2019-04-23,15.8,16.1,15.47,15.55,6619075,267869005.0
2019-04-24,15.6,16.05,15.58,15.93,6876819,280122414.0
2019-04-25,15.98,16.0,15.65,15.68,4177483,169500995.0
2019-04-26,16.2,16.87,16.15,16.6,17581528,746101543.0
2019-04-29,16.54,16.93,16.36,16.49,8473018,361497655.0
2019-04-30,16.47,16.71,16.07,16.24,6787966,282948639.0
2019-05-06,15.77,16.07,15.23,15.62,8341425,335365707.0
2019-05-07,15.62,16.38,15.55,16.16,7539592,310469487.0
2019-05-08,16.02,16.97,15.95,16.5,12334061,523118454.0
2019-05-09,16.26,16.8,16.09,16.09,5641131,236496638.0
2019-05-10,16.1,16.89,15.89,16.83,7719942,326708623.0
2019-05-13,16.75,17.3,16.5,16.81,7835440,338153653.0
2019-05-14,16.71,17.11,16.48,16.57,8570105,367728757.0
2019-05-15,16.59,16.96,16.44,16.91,7169689,307239072.0
2019-05-16,16.91,17.05,16.71,16.95,5275755,227952068.0
2019-05-17,17.15,17.33,16.51,16.62,8135631,268869117.0
2019-05-20,16.73,17.03,16.35,16.95,7483108,246186278.0
2019-05-21,16.97,17.24,16.55,17.22,6602781,219579824.0
2019-05-22,17.22,18.07,17.08,17.62,11306561,391158625.0
2019-05-23,17.6,17.92,17.0,17.01,9264294,316833205.0
2019-05-24,16.8,17.1,16.54,16.6,6689432,220064970.0
2019-05-27,16.67,17.05,16.31,16.99,7070733,231481077.0
2019-05-28,16.85,17.03,16.71,16.94,4511206,149748504.0
2019-05-29,16.89,17.0,16.72,16.77,4234937,140081660.0
2019-05-30,16.77,17.01,16.58,16.91,4643133,153691647.0
2019-05-31,16.91,17.13,16.67,16.8,4660088,154490256.0
2019-06-03,16.9,16.95,16.05,16.2,8771018,282037383.0
2019-06-04,16.24,16.33,15.83,15.95,5762091,181381781.0
2019-06-05,16.04,16.11,15.76,15.78,4949453,154776502.0
2019-06-06,16.09,16.11,15.66,15.81,4560506,142149147.0
2019-06-10,15.71,16.29,15.71,16.18,6136493,194316617.0
2019-06-11,16.28,16.6,15.98,16.54,7650283,246024443.0
2019-06-12,16.51,16.59,16.3,16.34,4667875,150532038.0
2019-06-13,16.35,16.54,16.06,16.34,3553557,113497688.0
2019-06-14,16.34,16.49,16.04,16.08,4013770,128403771.0
2019-06-17,16.11,16.26,15.89,16.1,2891976,91194334.0
2019-06-18,16.14,16.19,15.84,15.95,2764032,86692659.0
2019-06-19,16.19,16.46,16.19,16.3,5417494,174085028.0
2019-06-20,16.33,16.55,16.04,16.47,4971906,160048828.0
2019-06-21,16.5,16.97,16.5,16.85,6420949,211789241.0
2019-06-24,16.89,16.97,16.7,16.91,3667955,121308681.0
2019-06-25,16.91,16.91,16.51,16.77,3266556,107220182.0
2019-06-26,16.67,17.43,16.65,17.27,8720010,294622468.0
2019-06-27,17.3,17.49,17.16,17.21,5420697,184177302.0
2019-06-28,17.37,17.42,16.91,17.03,5304231,177720794.0
2019-07-01,17.4,17.76,17.36,17.7,10444119,360452710.0
2019-07-02,17.66,17.86,17.41,17.51,6483120,223466356.0
2019-07-03,17.56,18.07,17.41,17.61,11455707,399364432.0
2019-07-04,17.71,18.26,17.62,17.75,12915995,454331496.0
2019-07-05,17.82,18.02,17.61,17.92,5587896,195661798.0
2019-07-08,17.99,17.99,17.43,17.62,7066284,244676397.0
2019-07-09,17.74,17.94,17.5,17.83,5614697,195259689.0
2019-07-10,17.97,18.0,17.43,17.51,5675964,196866664.0
2019-07-11,17.69,18.03,17.57,17.69,5992426,209200901.0
2019-07-12,17.81,17.81,17.46,17.58,3954406,136760802.0
2019-07-15,17.61,17.93,17.33,17.74,5281018,183397507.0
2019-07-16,17.78,17.92,17.42,17.57,4523040,156597201.0
2019-07-17,17.66,18.73,17.53,18.57,12840731,460813699.0
2019-07-18,18.47,18.51,17.77,17.82,9604730,341541843.0
2019-07-19,17.81,17.97,17.6,17.69,5849022,203882375.0
2019-07-22,17.72,17.78,17.08,17.28,5716343,194919782.0
2019-07-23,17.35,17.59,17.27,17.4,4353852,148867898.0
2019-07-24,17.48,18.08,17.42,17.89,7371874,258471065.0
2019-07-25,17.89,18.87,17.82,18.72,12068493,438098764.0
2019-07-26,18.64,19.03,18.59,18.92,8056960,298402610.0
2019-07-29,19.02,19.59,18.58,18.88,9915787,369545242.0
2019-07-30,19.07,19.23,18.78,19.03,7483254,279211601.0
2019-07-31,18.89,19.08,18.69,18.79,6043801,223778510.0
2019-08-01,18.95,19.44,18.85,19.28,9706680,367123034.0
2019-08-02,18.99,19.57,18.7,19.15,8151589,306692593.0
2019-08-05,19.0,19.5,18.89,18.93,6827857,257154008.0
2019-08-06,18.65,19.24,18.43,19.12,6947450,257082797.0
2019-08-07,19.19,19.33,18.53,18.53,8815167,324569077.0
2019-08-08,18.53,18.88,18.27,18.72,6334714,232228178.0
2019-08-09,18.88,19.12,18.54,18.79,6145859,227981245.0
2019-08-12,18.86,19.96,18.59,19.91,8672031,328938832.0
2019-08-13,19.58,19.74,18.78,18.95,12792418,482141998.0
2019-08-14,19.2,19.63,18.95,19.29,11479744,436068904.0
2019-08-15,18.84,19.67,18.73,19.55,7845310,297428080.0
2019-08-16,19.45,19.79,19.35,19.57,7504140,288406265.0
2019-08-19,19.65,20.23,19.59,20.0,9222417,361361968.0
2019-08-20,19.98,20.21,19.8,19.89,7643518,299980188.0
2019-08-21,19.85,20.09,19.5,20.03,9635472,374886295.0
2019-08-22,19.98,20.57,19.88,20.42,9897816,395386432.0
2019-08-23,20.26,20.69,20.16,20.69,8326703,334022889.0
2019-08-26,20.36,21.13,20.16,21.04,12922183,523550467.0
2019-08-27,21.04,21.96,20.82,21.77,12443061,526889889.0
2019-08-28,21.79,22.16,21.57,21.66,12562727,539090573.0
2019-08-29,21.68,22.12,21.38,21.73,11114689,474667219.0
2019-08-30,21.71,22.13,21.57,22.07,9830279,422234828.0
2019-09-02,21.89,22.95,21.84,22.86,12457216,552393873.0
2019-09-03,22.85,22.85,22.37,22.66,11045279,488761327.0
2019-09-04,22.57,22.57,21.7,22.13,15387190,667036131.0
2019-09-05,22.0,22.24,21.63,21.96,13296537,573689562.0
2019-09-06,21.9,22.07,21.56,21.75,9015985,385544552.0
2019-09-09,21.94,21.96,21.59,21.81,11666943,498083324.0
2019-09-10,21.82,22.27,21.39,21.57,13217988,565509054.0
2019-09-11,21.69,21.77,21.22,21.29,10324267,434293300.0
2019-09-12,21.38,21.42,20.93,21.21,12118640,502911469.0
2019-09-16,21.28,21.55,21.09,21.35,10618238,444796737.0
2019-09-17,21.36,21.36,20.58,20.67,12182643,498333087.0
2019-09-18,20.66,21.19,20.58,21.08,10050738,413042487.0
2019-09-19,21.09,21.36,21.07,21.24,7610388,317040021.0
2019-09-20,21.17,21.38,21.11,21.27,9000028,375920760.0
2019-09-23,21.28,21.36,20.42,20.77,8964216,364196668.0
2019-09-24,20.77,21.15,20.74,20.97,8975939,370252354.0
2019-09-25,20.98,20.98,20.42,20.63,5987229,243589867.0
2019-09-26,20.84,20.95,20.05,20.08,11434363,458040728.0
2019-09-27,20.16,20.85,20.16,20.68,11241594,455604403.0
2019-09-30,20.66,21.13,20.5,20.96,10122743,415682948.0
2019-10-08,20.9,20.91,20.04,20.21,11862011,472259409.0
2019-10-09,20.05,20.08,19.65,20.05,8883253,346292385.0
2019-10-10,19.92,20.44,19.92,20.37,8066846,319827803.0
2019-10-11,20.24,20.56,20.12,20.41,8954705,357739684.0
2019-10-14,20.54,20.82,20.43,20.52,8299283,335541125.0
2019-10-15,20.59,20.59,20.15,20.3,8248078,329400592.0
2019-10-16,20.25,20.64,20.25,20.44,8300366,334420264.0
2019-10-17,20.44,20.51,20.05,20.23,6626703,263381271.0
2019-10-18,20.3,20.43,19.8,19.84,6650257,262006247.0
2019-10-21,19.89,20.04,19.5,20.01,6308681,244789266.0
2019-10-22,19.99,20.13,19.71,19.89,5490720,214186559.0
2019-10-23,19.85,19.99,19.74,19.8,4317647,168172908.0
2019-10-24,19.82,19.82,19.4,19.57,5221523,200827296.0
2019-10-25,19.51,19.95,19.22,19.81,7475504,289042484.0
2019-10-28,19.89,20.24,19.78,20.15,6471022,255585293.0
2019-10-29,20.08,20.3,20.03,20.17,5638207,223245914.0
2019-10-30,20.07,20.47,19.93,20.29,4987631,199018277.0
2019-10-31,20.31,20.77,20.29,20.55,8205499,331166100.0
2019-11-01,20.46,20.67,20.3,20.39,5661534,226651024.0
2019-11-04,20.41,20.5,19.47,19.69,11713138,455964707.0
2019-11-05,19.69,20.24,19.6,20.22,9673396,379688287.0
2019-11-06,20.23,20.42,19.68,19.8,7515362,294335426.0
2019-11-07,19.79,20.2,19.28,20.08,9075958,351905627.0
2019-11-08,20.18,20.26,19.79,20.05,5681575,223316934.0
2019-11-11,19.85,19.93,19.54,19.61,4264777,165184091.0
2019-11-12,19.63,19.73,19.06,19.27,7958563,300844380.0
2019-11-13,19.24,19.61,19.15,19.5,4670308,178463059.0
2019-11-14,19.65,19.81,19.27,19.56,4712016,181741057.0
2019-11-15,19.59,19.7,19.4,19.52,3607168,138908882.0
2019-11-18,19.47,19.88,19.44,19.69,3908691,151561678.0
2019-11-19,19.9,20.93,19.9,20.85,15515052,630154891.0
2019-11-20,20.94,21.08,20.63,20.71,8323311,340248540.0
2019-11-21,20.75,20.82,20.38,20.59,5833040,235785662.0
2019-11-22,20.63,20.84,20.1,20.38,7939631,317954831.0
2019-11-25,20.37,20.37,19.5,19.58,6700241,260281950.0
2019-11-26,19.74,19.85,19.35,19.85,12826970,494719738.0
2019-11-27,19.7,19.9,19.45,19.63,5527239,213424632.0
2019-11-28,19.66,19.73,19.4,19.54,4286721,164394723.0
2019-11-29,19.48,19.65,19.33,19.61,3869590,148111486.0
2019-12-02,19.47,19.77,19.45,19.61,3540073,136466683.0
2019-12-03,19.51,19.78,19.49,19.74,3303381,127638272.0
2019-12-04,19.74,20.2,19.65,20.11,5163870,203380830.0
2019-12-05,20.13,20.62,20.04,20.33,6563049,261566416.0
2019-12-06,20.29,20.4,20.06,20.25,3636943,144190554.0
2019-12-09,20.25,20.38,19.92,20.03,4162871,164034865.0
2019-12-10,20.03,20.03,19.75,19.86,3841335,149789113.0
2019-12-11,19.83,20.04,19.78,19.85,4369233,170721523.0
2019-12-12,19.85,19.89,19.58,19.75,4793004,185520797.0
2019-12-13,19.8,19.92,19.65,19.89,7947606,308994555.0
2019-12-16,19.86,20.35,19.86,20.31,7364605,292390287.0
2019-12-17,20.41,20.44,20.15,20.32,8399088,335198602.0
2019-12-18,20.46,20.46,20.19,20.24,4663440,185866252.0
2019-12-19,20.18,20.34,20.02,20.26,4155513,164706486.0
2019-12-20,20.26,20.26,19.92,20.07,4126245,162688021.0
2019-12-23,20.04,20.21,19.54,19.63,5915246,230895045.0
2019-12-24,19.55,19.71,19.35,19.59,5041111,193125734.0
2019-12-25,19.6,19.75,19.42,19.67,5419389,208530263.0
2019-12-26,19.67,19.85,19.6,19.79,3528763,136917075.0
2019-12-27,19.78,20.13,19.78,19.94,6189828,243211028.0
2019-12-30,20.11,20.13,19.77,19.82,4370947,170703019.0
2019-12-31,19.78,20.05,19.78,19.88,3218104,125820096.0
2020-01-02,20.06,20.41,19.79,20.08,10030933,395639854.0
2020-01-03,20.11,20.36,20.06,20.26,8009222,318217333.0
2020-01-06,20.41,20.87,20.16,20.6,11270223,455905526.0
2020-01-07,20.69,20.74,20.26,20.4,8002366,320494720.0
2020-01-08,20.65,20.81,20.26,20.26,9792015,394329538.0
2020-01-09,20.26,20.28,19.9,20.2,9784988,386008314.0
2020-01-10,20.21,20.26,19.93,20.07,6498520,255889263.0
2020-01-13,19.96,20.12,19.68,20.07,7119564,278940012.0
2020-01-14,20.15,20.31,19.95,19.99,7214181,285082411.0
2020-01-15,19.99,20.0,19.75,19.9,5693735,222079453.0
2020-01-16,19.96,19.98,19.73,19.75,6285781,244505675.0
2020-01-17,19.83,19.85,19.57,19.66,5499322,212794492.0
2020-01-20,19.73,19.84,19.66,19.77,5791397,224517813.0
2020-01-21,19.74,20.02,19.66,19.71,6670053,259630128.0
2020-01-22,19.62,19.83,19.45,19.72,6319573,243881368.0
2020-01-23,19.74,19.82,18.78,19.02,10161627,384154802.0
2020-02-03,17.12,18.01,17.12,17.85,19210324,664971982.0
2020-02-04,18.0,18.56,17.87,18.16,12268738,436529878.0
2020-02-05,18.16,18.58,18.12,18.29,7775947,279977444.0
2020-02-06,18.33,18.88,18.13,18.73,8146545,297137926.0
2020-02-07,18.66,18.66,18.25,18.49,7605184,275627300.0
2020-02-10,18.47,18.47,18.07,18.25,9553956,341597173.0
2020-02-11,18.26,18.56,18.26,18.49,6853087,248176792.0
2020-02-12,18.4,18.53,18.28,18.53,5193039,188174669.0
2020-02-13,18.52,18.72,18.33,18.36,7534622,273581334.0
2020-02-14,18.36,18.52,18.22,18.41,6201519,223840816.0
2020-02-17,18.38,19.43,18.36,19.32,14722095,554073080.0
2020-02-18,19.39,20.05,19.39,19.81,14974307,582373933.0
2020-02-19,19.6,20.05,19.45,19.73,9589406,373214370.0
2020-02-20,19.75,19.92,19.49,19.82,9766448,378504901.0
2020-02-21,19.96,20.25,19.85,20.16,10811791,426668733.0
2020-02-24,20.21,21.08,20.21,20.83,18048878,735719169.0
2020-02-25,20.36,21.08,20.27,20.82,12358946,501916899.0
2020-02-26,20.61,21.34,20.38,20.8,14703396,602335537.0
2020-02-27,20.71,21.03,20.54,20.82,10378585,424437762.0
2020-02-28,19.96,20.87,19.87,20.0,14009629,561631711.0
2020-03-02,20.36,20.52,19.72,19.99,14573570,571388266.0
2020-03-03,20.21,20.74,19.96,20.13,14769962,590694544.0
2020-03-04,19.9,20.34,19.7,19.86,11965572,469407323.0
2020-03-05,20.13,20.35,19.91,20.07,8991143,354890211.0
2020-03-06,19.85,20.1,19.78,19.89,7644526,299335792.0
2020-03-09,19.72,19.78,19.06,19.09,13887153,527170628.0
2020-03-10,18.99,19.54,18.84,19.4,8152682,308718014.0
2020-03-11,19.45,19.98,19.42,19.42,9666581,373879893.0
2020-03-12,19.19,19.45,19.06,19.23,7366917,278577578.0
2020-03-13,18.86,19.51,18.51,19.16,9481845,353886803.0
2020-03-16,19.16,19.6,18.67,18.84,11070682,417124307.0
2020-03-17,18.99,19.17,18.48,18.67,8196602,301315145.0
2020-03-18,18.68,18.91,17.76,17.93,10469036,378024203.0
2020-03-19,17.89,18.28,17.54,17.83,15861274,555406894.0
2020-03-20,17.66,18.09,17.21,17.22,12684298,434515804.0
2020-03-23,16.84,16.98,16.37,16.7,11411574,373242821.0
2020-03-24,16.89,17.05,16.57,16.91,6913729,228270491.0
2020-03-25,17.3,17.37,16.91,16.97,13565925,454980571.0
2020-03-26,16.94,17.33,16.75,17.06,7127555,239632334.0
2020-03-27,17.31,18.05,17.27,17.84,11307991,394222540.0
2020-03-30,17.66,18.0,17.35,17.5,7775124,268728927.0
2020-03-31,17.67,17.77,17.22,17.41,7167725,244675481.0
2020-04-01,17.4,17.54,17.28,17.31,5693234,194374881.0
2020-04-02,17.3,17.31,16.92,17.31,7600960,255303984.0
2020-04-03,17.36,17.51,17.23,17.33,5614728,191407593.0
2020-04-07,17.61,18.07,17.61,18.05,9789451,344681055.0
2020-04-08,18.02,18.1,17.75,17.95,5609523,197408966.0
2020-04-09,18.09,18.19,17.74,17.79,5374548,189316622.0
2020-04-10,17.8,17.87,17.33,17.61,6317958,218402403.0
2020-04-13,17.41,17.64,17.21,17.48,5505618,188317177.0
2020-04-14,17.63,17.63,17.21,17.38,9293002,315464042.0
2020-04-15,17.37,17.39,17.14,17.14,7443256,252448768.0
2020-04-16,17.1,17.26,16.98,17.22,6910201,232671186.0
2020-04-17,17.31,17.6,17.23,17.5,10198984,349839879.0
2020-04-20,17.59,17.59,17.29,17.39,5491846,187478038.0
2020-04-21,17.35,17.51,17.22,17.36,4910864,167249644.0
2020-04-22,17.27,17.55,17.15,17.5,4674475,159819280.0
2020-04-23,17.53,17.97,17.43,17.73,9143674,318683071.0
2020-04-24,17.61,17.84,17.36,17.7,7645627,264571729.0
2020-04-27,17.7,17.97,17.54,17.73,8262793,289356562.0
2020-04-28,17.81,17.93,17.51,17.66,6707533,232781349.0
2020-04-29,17.62,17.72,17.56,17.6,3300926,114275154.0
2020-04-30,17.7,18.36,17.61,18.24,11864123,420619825.0
2020-05-06,18.15,18.21,17.96,18.19,7959176,282656818.0
2020-05-07,18.16,18.84,18.15,18.61,10751723,391846987.0
2020-05-08,18.89,19.01,18.64,18.68,7771838,286607481.0
2020-05-11,18.84,18.85,18.43,18.56,8108195,295850237.0
2020-05-12,18.63,18.63,18.23,18.35,6824428,245584332.0
2020-05-13,18.48,18.5,18.22,18.4,5547698,199958765.0
2020-05-14,18.4,18.4,18.01,18.18,8656907,308262740.0
2020-05-15,18.19,18.3,18.05,18.19,5817945,207776530.0
2020-05-18,18.27,18.53,18.09,18.48,10575193,382476274.0
2020-05-19,18.53,18.67,18.3,18.37,8772277,317697358.0
2020-05-20,18.43,18.43,17.82,17.86,8258051,292903108.0
2020-05-21,17.88,17.91,17.27,17.28,8409321,288743509.0
2020-05-22,17.3,17.46,17.14,17.31,6592630,224036523.0
2020-05-25,17.36,17.46,16.95,17.19,6274086,210678577.0
2020-05-26,17.21,17.29,17.14,17.22,6863209,231837118.0
2020-05-27,17.31,17.49,17.16,17.48,5471685,185981599.0
2020-05-28,17.39,18.11,17.39,17.74,9474296,332559335.0
2020-05-29,17.75,17.94,17.51,17.88,7385328,255407339.0
2020-06-01,17.82,18.25,17.75,18.09,8976884,316775993.0
2020-06-02,18.18,18.2,17.97,18.02,5556840,196271152.0
2020-06-03,18.05,18.19,17.89,17.93,5119761,180939655.0
2020-06-04,17.98,18.1,17.7,17.74,4435367,154464059.0
2020-06-05,17.74,18.29,17.74,18.27,8219269,290632632.0
2020-06-08,18.35,19.06,18.35,18.62,13463438,495187263.0
2020-06-09,18.79,18.99,18.56,18.8,6490028,238820612.0
2020-06-10,18.8,18.95,18.64,18.8,7726211,283940665.0
2020-06-11,18.79,18.88,18.29,18.33,11582281,419627222.0
2020-06-12,18.11,18.3,17.83,18.28,13852311,490233667.0
2020-06-15,18.17,18.23,17.94,17.97,9958451,351184233.0
2020-06-16,18.06,18.21,17.95,18.14,8212159,290347751.0
2020-06-17,18.41,18.75,18.25,18.65,9566523,346309384.0
2020-06-18,18.56,18.71,18.36,18.62,8813770,319356299.0
2020-06-19,18.61,19.09,18.52,18.91,8716092,322508387.0
2020-06-22,19.0,19.07,18.66,18.83,6487593,238711466.0
2020-06-23,18.81,18.91,18.67,18.8,5315233,195320193.0
2020-06-24,19.02,19.18,18.88,19.1,8289663,309184266.0
2020-06-29,19.02,19.33,18.76,19.06,10332072,384004078.0
2020-06-30,19.17,20.97,19.16,20.97,18460218,730386723.0
2020-07-01,21.52,21.53,20.38,20.77,17439508,713417281.0
2020-07-02,20.45,20.66,20.24,20.56,12396923,496353919.0
2020-07-03,20.41,20.65,20.3,20.4,11259932,449853706.0
2020-07-06,20.43,21.14,20.43,21.08,15440471,629088155.0
2020-07-07,21.22,22.09,20.97,21.27,16857450,709443817.0
2020-07-08,21.12,22.5,21.01,22.28,17313641,737665127.0
2020-07-09,22.44,23.17,22.07,22.42,17863809,786612190.0
2020-07-10,22.42,22.7,22.09,22.17,9009811,394230294.0
2020-07-13,22.19,22.61,22.08,22.27,10136147,442126314.0
2020-07-14,22.24,22.83,21.75,22.14,12673613,552487172.0
2020-07-15,22.35,22.7,21.35,21.37,11217240,480400132.0
2020-07-16,21.63,21.87,20.43,20.46,8848691,366143530.0
2020-07-17,20.66,21.61,20.5,21.36,12230971,505381983.0
2020-07-20,21.65,22.55,21.52,22.49,12781842,553523871.0
2020-07-21,22.42,22.42,21.73,22.16,9782880,422237433.0
2020-07-22,22.16,24.37,22.16,23.31,18427566,854580908.0
2020-07-23,23.62,24.29,23.22,23.55,19420134,899264468.0
2020-07-24,23.46,24.03,22.5,22.62,17362234,784029987.0
2020-07-27,22.77,23.2,21.68,22.43,13916731,614060244.0
2020-07-28,22.7,23.11,22.29,22.64,10016078,444440370.0
2020-07-29,22.64,23.12,22.53,23.05,8596857,384721186.0
2020-07-30,23.07,23.76,22.5,22.64,8944986,402794121.0
2020-07-31,22.71,22.94,22.18,22.27,9163653,402125299.0
2020-08-03,22.32,23.42,22.14,23.35,17225599,771949002.0
2020-08-04,23.31,23.31,22.3,22.53,10954072,483904748.0
2020-08-05,22.47,23.31,22.39,23.06,11993042,538386333.0
2020-08-06,23.06,24.36,22.88,24.0,21437273,995253864.0
2020-08-07,23.69,25.46,23.32,24.94,25155673,1206264981.0
2020-08-10,24.44,25.92,24.13,24.59,20159931,986849198.0
2020-08-11,24.38,25.46,23.85,23.98,17449631,840611971.0
2020-08-12,23.7,23.9,22.8,23.4,12456519,565858914.0
2020-08-13,23.35,23.77,23.09,23.16,9177553,420665361.0
2020-08-14,23.17,24.13,23.16,23.61,9838501,455151861.0
2020-08-17,23.71,24.46,23.27,24.34,10410142,487550313.0
2020-08-18,24.33,25.37,24.03,24.17,12912427,619714604.0
2020-08-19,24.18,24.2,23.34,23.5,8096631,376269501.0
2020-08-20,23.21,23.47,21.83,21.86,18299388,801868022.0
2020-08-21,22.1,22.88,22.1,22.26,12154366,534738774.0
2020-08-24,24.03,24.48,23.48,24.48,11584859,547590401.0
2020-08-25,24.38,25.41,24.1,24.77,25173585,1220333851.0
2020-08-26,24.35,24.7,23.83,24.02,13091264,621139383.0
2020-08-27,24.13,24.59,23.57,24.58,13604200,639812286.0
2020-08-28,24.13,25.0,23.93,24.88,13395869,646088774.0
2020-08-31,25.01,25.44,24.16,24.69,13258010,646784737.0
2020-09-01,24.69,25.82,24.43,25.82,15646334,776776932.0
2020-09-02,25.82,25.93,25.03,25.46,9228679,459746164.0
2020-09-03,25.26,25.59,24.75,25.06,8184859,402736982.0
2020-09-04,24.56,25.15,24.54,24.92,6230899,302751065.0
2020-09-07,24.73,25.46,24.28,24.29,8174509,397290862.0
2020-09-08,24.29,24.48,23.7,24.03,6916629,325716572.0
2020-09-09,23.72,23.72,23.05,23.24,9246737,423115419.0
2020-09-10,23.45,23.61,22.75,22.87,5719473,259635655.0
2020-09-11,22.73,23.19,22.44,23.08,4860528,217587747.0
2020-09-14,23.08,23.72,22.93,23.6,7495127,342958499.0
2020-09-15,23.57,24.15,23.47,23.85,5869981,273153465.0
2020-09-16,23.64,23.97,23.2,23.39,3268282,149852487.0
2020-09-17,23.27,23.49,22.73,23.06,6682810,301492745.0
2020-09-18,23.26,23.88,23.17,23.72,7511331,346503832.0
2020-09-21,23.79,24.84,23.72,24.65,12786291,611394732.0
2020-09-22,24.38,24.59,23.96,24.17,5150340,244539776.0
2020-09-23,24.17,24.29,23.67,23.93,5868110,274321970.0
2020-09-24,23.67,23.77,23.12,23.3,6272780,286988792.0
2020-09-25,23.4,23.57,23.18,23.25,3432854,156777207.0
2020-09-28,23.23,23.42,22.75,22.8,5048057,227148820.0
2020-09-29,22.88,23.44,22.85,23.29,5037032,228566316.0
2020-09-30,23.47,23.9,23.21,23.67,5259071,243011300.0
2020-10-09,23.91,24.6,23.72,24.36,7266540,345024052.0
2020-10-12,24.23,25.5,24.23,25.3,8884200,436095437.0
2020-10-13,25.4,25.62,25.05,25.49,5901265,293181975.0
2020-10-14,25.61,26.0,25.49,25.74,7999471,403366113.0
2020-10-15,25.6,26.57,25.6,26.0,8671228,442410988.0
2020-10-16,25.83,26.18,25.56,25.96,4953193,251408642.0
2020-10-19,26.48,26.69,25.52,26.01,8999816,460643135.0
2020-10-20,25.84,26.57,25.57,26.53,8009492,409240863.0
2020-10-21,26.47,26.77,26.19,26.6,5699864,295483421.0
2020-10-22,26.59,26.66,25.95,26.57,5248582,271036679.0
2020-10-23,26.78,27.18,26.15,26.58,5249544,274430123.0
2020-10-26,26.57,27.08,25.97,26.78,7103946,368887238.0
2020-10-27,26.81,27.04,26.27,26.36,6632966,344794824.0
2020-10-28,26.62,26.88,26.36,26.7,5401620,281217644.0
2020-10-29,26.33,26.64,25.6,26.42,3594134,185491415.0
2020-10-30,27.61,29.07,27.61,28.32,20789325,1168649358.0
2020-11-02,28.62,29.94,28.62,29.14,16362809,933509716.0
2020-11-03,29.69,29.86,28.65,29.16,9135950,520220361.0
2020-11-04,29.29,30.37,29.11,29.97,12627278,735903722.0
2020-11-05,29.7,30.77,29.49,30.57,9077697,537034057.0
2020-11-06,30.63,31.28,30.27,30.84,8694867,523352265.0
2020-11-09,30.74,31.02,29.6,30.28,12107584,713783497.0
2020-11-10,30.1,30.27,29.61,29.72,9007057,526139869.0
2020-11-11,29.96,30.31,29.48,29.6,9917988,579732255.0
2020-11-12,29.67,30.57,29.59,30.27,8006819,473146145.0
2020-11-13,30.43,30.88,29.91,30.53,9506325,567184642.0
2020-11-16,30.44,30.92,29.9,30.22,9896094,584067652.0
2020-11-17,30.08,30.46,29.8,30.16,7429151,438443258.0
2020-11-18,29.89,30.68,29.39,29.63,7936692,462413633.0
2020-11-19,29.41,30.0,29.3,29.83,9087147,527456169.0
2020-11-20,29.85,30.72,29.5,30.13,8038631,472466758.0
2020-11-23,29.96,31.34,29.92,30.73,15054381,907569626.0
2020-11-24,30.65,31.41,30.47,31.34,7808010,474325780.0
2020-11-25,31.14,31.34,30.42,30.52,7779849,468712342.0
2020-11-26,30.54,30.76,29.37,29.86,8132112,474761374.0
2020-11-27,30.04,30.57,29.64,30.09,7441136,438716893.0
2020-11-30,30.23,31.55,30.16,30.16,10976754,662431907.0
2020-12-01,30.74,32.21,30.37,31.83,15120288,933354441.0
2020-12-02,32.02,32.34,31.68,32.29,8893960,557664517.0
2020-12-03,32.29,32.34,31.18,31.28,8370784,514669256.0
2020-12-04,30.99,31.57,30.58,31.38,7363484,449736424.0
2020-12-07,31.37,33.98,30.98,33.12,14099232,906119961.0
2020-12-08,33.2,33.74,32.78,33.44,9060559,589808866.0
2020-12-09,33.54,33.64,32.54,32.72,7116925,458820897.0
2020-12-10,32.72,33.16,32.32,33.03,8274820,531105274.0
2020-12-11,32.75,32.87,31.29,32.47,12421935,777875055.0
2020-12-14,31.55,32.26,31.02,32.12,14270040,882795440.0
2020-12-15,32.01,32.69,31.7,32.37,7245984,457380615.0
2020-12-16,32.49,32.49,31.99,32.19,4969469,313487396.0
2020-12-17,32.09,32.8,31.47,31.79,7519474,468656646.0
2020-12-18,32.03,33.28,31.86,32.5,9750230,622995593.0
2020-12-21,32.21,35.28,32.18,34.95,13093943,878553282.0
2020-12-22,34.82,35.53,34.36,35.1,10055536,687817536.0
2020-12-23,35.22,36.4,34.71,36.24,12139233,845678215.0
2020-12-24,36.5,37.83,35.94,36.35,11716979,844163630.0
2020-12-25,36.24,38.02,35.64,37.83,8666352,628767236.0
2020-12-28,37.66,38.08,36.64,37.2,10031831,729062245.0
2020-12-29,37.22,37.69,36.4,36.81,8163393,593032676.0
2020-12-30,36.81,39.06,36.71,38.24,9227304,686130199.0
2020-12-31,38.44,40.65,37.83,40.03,13138123,996954751.0
2021-01-04,41.26,44.03,41.26,43.66,14622171,1228736513.0
2021-01-05,43.2,44.03,41.53,42.69,23386691,1948456025.0
2021-01-06,42.44,43.91,41.12,42.44,13752646,1151171442.0
2021-01-07,42.44,44.01,42.04,43.69,14853864,1257297583.0
2021-01-08,44.12,44.71,40.81,41.92,18476902,1528400405.0
2021-01-11,41.92,42.92,39.31,39.82,23054550,1853295805.0
2021-01-12,39.76,40.46,38.29,39.63,25743504,1988923995.0
2021-01-13,40.89,40.97,38.14,38.86,23156636,1793494087.0
2021-01-14,38.6,38.6,36.31,37.24,21223416,1544066018.0
2021-01-15,37.33,38.04,36.56,37.49,13111093,961449499.0
2021-01-18,38.17,39.16,38.04,38.45,16194611,1224098676.0
2021-01-19,38.1,38.79,37.39,38.09,9362872,697500008.0
2021-01-20,37.83,39.2,36.9,38.82,14373901,1070325967.0
2021-01-21,38.81,39.14,38.23,38.86,12009845,909555161.0
2021-01-22,38.8,40.26,38.4,40.01,15556203,1202340722.0
2021-01-25,40.19,41.44,39.16,39.53,18597127,1463268209.0
2021-01-26,38.93,38.94,35.57,35.57,25999086,1846895228.0
2021-01-27,35.09,36.95,35.09,36.44,19544331,1386737108.0
2021-01-28,35.79,37.16,35.18,36.15,12347763,876786577.0
2021-01-29,36.19,36.91,34.87,35.53,11523293,806876095.0
2021-02-01,35.53,36.07,34.77,35.08,11106667,766611794.0
2021-02-02,35.08,35.73,33.8,35.66,12753629,870202355.0
2021-02-03,35.31,37.19,35.05,36.42,14973589,1067522800.0
2021-02-04,36.14,39.27,36.14,37.86,17368023,1294649364.0
2021-02-05,38.09,39.45,38.09,38.52,11195752,852443102.0
2021-02-08,38.35,38.63,36.3,37.93,10728816,783459105.0
2021-02-09,38.23,40.44,37.76,39.95,15627064,1203792949.0
2021-02-10,39.98,39.98,38.17,39.44,11375662,866516444.0
2021-02-18,39.83,40.31,36.14,37.47,14974309,1101285980.0
2021-02-19,37.21,37.21,35.48,36.35,10845853,769182711.0
2021-02-22,35.92,36.18,33.38,33.41,17428854,1174832923.0
2021-02-23,33.06,35.04,32.47,34.65,16256633,1087218949.0
2021-02-24,34.86,35.8,33.9,34.66,10122283,686902430.0
2021-02-25,34.31,36.65,34.28,36.04,13612138,953016357.0
2021-02-26,35.02,36.22,34.34,35.19,9828495,679222013.0
2021-03-01,35.68,36.82,35.58,36.59,10156476,724898740.0
2021-03-02,37.0,37.11,35.79,36.95,9567615,684955291.0
2021-03-03,36.61,36.81,34.87,36.66,12201037,855214600.0
2021-03-04,36.35,36.35,33.64,34.0,12681146,866111499.0
2021-03-05,33.41,35.9,33.24,35.1,11396958,774784611.0
2021-03-08,34.77,35.24,31.99,32.11,10532175,685544179.0
2021-03-09,31.91,32.1,30.42,30.65,10835595,659604569.0
2021-03-10,31.13,32.13,30.88,31.24,7827775,479781482.0
2021-03-11,31.48,31.9,31.02,31.47,6472785,398629526.0
2021-03-12,31.55,31.85,30.69,31.24,6317228,384215416.0
2021-03-15,30.93,31.64,30.69,31.01,7652979,464205090.0
2021-03-16,30.93,32.29,30.93,31.24,7755217,479005097.0
2021-03-17,31.04,33.15,30.83,32.43,8388959,530267048.0
2021-03-18,32.46,34.08,32.45,33.57,10419611,682929148.0
2021-03-19,32.97,34.4,32.52,32.7,9978789,649535907.0
2021-03-22,32.74,33.63,32.26,33.49,5867500,380585265.0
2021-03-23,33.39,33.43,32.78,33.32,4845445,314183233.0
2021-03-24,33.11,33.72,32.47,33.61,5874066,382396930.0
2021-03-25,33.59,33.95,33.0,33.48,4028565,264006241.0
2021-03-26,33.66,34.18,33.54,34.06,4924135,327295873.0
2021-03-29,34.26,37.1,34.15,35.62,11890864,835483063.0
2021-03-30,35.88,37.08,35.66,36.28,9439327,676144803.0
2021-03-31,36.37,36.42,34.25,34.56,7983385,543456792.0
2021-04-01,34.56,35.79,34.5,35.32,4760865,329185236.0
2021-04-02,35.69,36.16,35.6,35.78,4481077,314468686.0
2021-04-06,35.6,36.2,34.9,35.68,4087154,282934743.0
2021-04-07,35.32,35.37,34.18,35.12,6421575,437406175.0
2021-04-08,34.8,35.1,34.21,34.99,3908097,266352931.0
2021-04-09,38.48,38.48,38.48,38.48,5002584,376544498.0
2021-04-12,38.86,40.19,37.85,38.81,28836450,2200618134.0
2021-04-13,38.24,39.73,37.62,39.69,13470319,1026867530.0
2021-04-14,38.35,40.63,38.35,40.39,12002154,938374191.0
2021-04-15,40.39,40.39,39.05,39.57,6787366,525167367.0
2021-04-16,39.39,39.72,38.42,38.63,7008856,531362018.0
2021-04-19,38.58,40.24,38.14,39.88,11279655,871120115.0
2021-04-20,39.48,39.88,38.35,39.22,8199184,627315265.0
2021-04-21,38.86,39.47,38.32,38.55,9205080,696942322.0
2021-04-22,38.96,39.08,38.13,38.7,7726056,581283611.0
2021-04-23,38.65,38.78,37.93,38.24,9508266,711870672.0
2021-04-26,38.68,38.78,37.07,37.34,13427969,992251228.0
2021-04-27,37.45,37.98,36.59,37.03,7057070,512438788.0
2021-04-28,37.06,37.7,36.82,37.5,6390464,466079940.0
2021-04-29,37.43,38.79,37.12,38.55,8703891,649485675.0
2021-04-30,36.71,36.71,34.69,34.86,32008505,2178545238.0
2021-05-06,33.82,34.76,33.62,34.47,19686381,1313279625.0
2021-05-07,34.32,35.94,34.18,34.72,10774151,740974943.0
2021-05-10,34.43,34.51,33.77,33.9,7767915,516764217.0
2021-05-11,33.74,35.11,33.74,34.97,6963267,470573723.0
2021-05-12,34.99,35.79,34.52,34.82,5277277,361203718.0
2021-05-13,34.51,35.38,34.26,34.69,5472354,374021630.0
2021-05-14,34.69,36.04,34.44,35.89,7612853,528281404.0
2021-05-17,36.55,38.57,36.3,37.54,11950687,884443050.0
2021-05-18,37.07,38.99,36.08,38.74,12065801,888394012.0
2021-05-19,38.34,38.4,37.53,37.76,8407201,622926934.0
2021-05-20,37.5,39.3,37.49,38.93,11196148,846153577.0
2021-05-21,38.93,39.25,36.71,36.83,11237168,819548273.0
2021-05-24,36.73,37.78,36.7,37.28,7109104,518697309.0
2021-05-25,37.14,38.79,37.02,38.48,9754965,725381929.0
2021-05-26,38.64,39.01,38.09,38.27,6766103,510100238.0
2021-05-27,37.93,38.79,37.77,38.62,6597696,495717048.0
2021-05-28,38.62,39.09,38.24,38.92,5577949,422147037.0
2021-05-31,38.93,39.53,38.5,39.42,9768473,747068240.0
2021-06-01,39.37,40.4,39.26,40.2,10230639,801548580.0
2021-06-02,40.26,40.88,38.93,39.68,8163731,636971660.0
2021-06-03,39.4,39.4,37.99,38.29,9054441,681761226.0
2021-06-04,38.19,38.75,37.78,37.96,10102437,754937527.0
2021-06-07,38.23,39.57,38.23,38.89,6337682,481378185.0
2021-06-08,39.11,39.66,38.79,39.28,7286175,557897885.0
2021-06-09,39.62,40.87,39.19,40.71,12032277,946883679.0
2021-06-10,40.9,40.9,39.57,40.01,8713455,680891765.0
2021-06-11,40.1,40.1,37.82,38.39,15789168,1184809165.0
2021-06-15,38.07,38.14,36.95,37.23,12298723,897370255.0
2021-06-16,37.32,38.54,36.94,37.07,9468155,696160117.0
2021-06-17,37.15,37.52,36.71,37.23,7873746,567697664.0
2021-06-18,37.28,38.3,37.03,38.05,7601025,559774766.0
2021-06-21,37.94,39.97,37.68,39.8,11152584,846651616.0
2021-06-22,39.8,40.5,39.19,39.84,12088188,938523236.0
2021-06-23,39.93,40.36,38.95,39.96,8563302,661353627.0
2021-06-24,39.97,41.62,39.96,40.2,10405285,820528629.0
2021-06-25,39.96,40.91,39.59,40.77,8869218,697942723.0
2021-06-28,40.98,41.75,40.26,40.79,7785956,617092760.0
2021-06-29,40.8,41.04,39.69,39.78,7842508,612279547.0
2021-06-30,40.32,40.64,39.44,40.62,6783474,530382081.0
2021-07-01,41.05,41.05,38.51,38.51,9176449,698826211.0
2021-07-02,38.51,38.76,36.91,37.31,9504697,691710862.0
2021-07-05,36.91,39.44,36.78,38.66,11699469,878780712.0
2021-07-06,38.72,39.41,38.27,38.76,6242294,471362964.0
2021-07-07,38.39,41.21,38.1,40.87,10300645,806889767.0
2021-07-08,40.87,44.27,40.87,43.3,18552412,1554594857.0
2021-07-09,43.44,44.01,41.59,41.76,12587649,1035796255.0
2021-07-12,42.22,43.12,40.67,42.54,13924636,1136209473.0
2021-07-13,42.6,43.12,41.39,42.14,8734223,714405187.0
2021-07-14,41.99,41.99,40.11,41.2,8428894,672701008.0
2021-07-15,40.85,41.75,40.62,41.56,6674228,535892396.0
2021-07-16,41.24,43.85,40.68,42.9,11811228,982188191.0
2021-07-19,43.29,44.21,42.1,42.47,10084004,838823680.0
2021-07-20,41.83,43.42,41.23,43.03,9330896,775457250.0
2021-07-21,43.01,43.74,41.95,43.38,9870816,828065218.0
2021-07-22,43.19,43.38,41.76,42.71,8825424,726825467.0
2021-07-23,42.16,44.15,41.5,43.75,12795972,1066342099.0
2021-07-26,43.58,47.48,43.3,44.5,32863995,2884337194.0
2021-07-27,44.0,46.2,42.68,42.73,21614373,1859127985.0
2021-07-28,41.39,42.25,39.32,40.74,14315624,1134136573.0
2021-07-29,41.54,44.21,41.33,43.53,14827511,1247368688.0
2021-07-30,43.44,43.7,42.21,42.62,10876092,904001965.0
2021-08-02,42.85,45.02,42.57,44.21,13073005,1119680755.0
2021-08-03,44.21,46.06,42.47,43.03,13941276,1202154608.0
2021-08-04,43.19,45.29,42.72,45.24,11611445,998291651.0
2021-08-05,45.59,49.46,44.62,47.2,21875448,1995137350.0
2021-08-06,47.54,48.53,46.07,48.4,14058169,1298292348.0
2021-08-09,48.4,51.41,46.61,47.72,18967173,1806121106.0
2021-08-10,47.93,50.48,47.24,49.4,19759396,1901526360.0
2021-08-11,49.51,50.13,48.59,49.76,11631116,1112780735.0
2021-08-12,48.94,49.71,47.55,48.85,11000661,1041796885.0
2021-08-13,48.33,49.46,47.82,48.53,8598638,812018807.0
2021-08-16,48.38,48.38,45.96,46.3,14023888,1274339774.0
2021-08-17,46.75,47.03,45.54,46.32,10625520,954331510.0
2021-08-18,46.32,47.76,45.98,46.82,8063104,736440206.0
2021-08-19,47.2,49.03,46.59,48.25,12489833,1169936714.0
2021-08-20,48.84,50.37,47.13,48.91,10398578,983087753.0
2021-08-23,49.59,53.8,49.35,52.86,21557849,2201314449.0
2021-08-24,50.23,53.09,47.81,52.61,17823907,1760398407.0
2021-08-25,51.77,53.45,50.99,51.37,11871343,1200397214.0
2021-08-26,51.41,52.42,49.71,50.55,8378527,832230978.0
2021-08-27,50.83,50.9,48.64,49.77,11227038,1079190645.0
2021-08-30,49.87,53.21,49.87,52.01,15251108,1546683194.0
2021-08-31,52.01,52.95,50.65,51.54,9951609,1001522459.0
2021-09-01,50.9,51.41,47.76,48.55,13198091,1255589437.0
2021-09-02,48.54,49.65,47.29,47.46,9041839,844088912.0
2021-09-03,48.62,48.94,43.99,44.83,18544380,1634034686.0
2021-09-06,44.23,46.02,44.01,45.73,9396218,823992810.0
2021-09-07,45.76,46.95,44.74,45.53,9393745,834205211.0
2021-09-08,45.28,45.41,43.3,44.15,12575648,1082156562.0
2021-09-09,44.11,44.25,42.2,44.01,13287180,1117668846.0
2021-09-10,44.01,45.02,42.41,44.21,14069678,1197539573.0
2021-09-13,44.19,44.2,42.47,42.95,9038482,755196633.0
2021-09-14,42.95,43.64,41.98,42.04,9160213,760556699.0
2021-09-15,42.0,43.49,41.13,43.1,11277523,935170884.0
2021-09-16,42.88,44.26,42.41,42.53,10208806,862374039.0
2021-09-17,42.53,43.29,41.17,43.25,7380148,608998894.0
2021-09-22,42.69,44.41,42.21,43.78,8545641,726988273.0
2021-09-23,43.75,44.83,43.49,44.65,8244833,713126838.0
2021-09-24,44.73,45.58,44.16,44.2,6382903,555681230.0
2021-09-27,43.7,44.11,41.84,42.47,6546146,545496167.0
2021-09-28,42.47,44.37,42.16,44.11,6871143,582905406.0
2021-09-29,43.67,43.9,42.16,42.66,5443650,454303451.0
2021-09-30,42.67,43.72,42.04,42.18,6933116,577000360.0
2021-10-08,42.67,43.34,40.59,40.92,7111309,578299194.0
2021-10-11,40.88,43.31,40.88,42.23,9091759,749986907.0
2021-10-12,41.95,42.87,39.64,40.58,8367001,666509632.0
2021-10-13,40.1,41.65,39.28,41.42,8210088,646282223.0
2021-10-14,41.29,43.84,41.11,43.26,9004894,754434468.0
2021-10-15,43.9,43.9,42.15,42.66,5740099,476393576.0
2021-10-18,42.46,44.46,42.44,44.32,10720628,913067870.0
2021-10-19,44.32,44.45,43.36,44.34,5697269,485832967.0
2021-10-20,44.21,45.03,43.7,44.73,5668895,492408440.0
2021-10-21,44.43,44.43,43.08,43.71,5972662,506673618.0
2021-10-22,43.1,43.86,41.64,42.23,7463184,616873789.0
2021-10-25,42.47,44.21,41.74,43.83,8196823,684407651.0
2021-10-26,43.83,45.41,42.94,44.46,8639537,743312274.0
2021-10-27,45.14,45.5,44.64,45.34,8524016,748360694.0
2021-10-28,45.12,46.21,44.55,45.42,6511849,576374744.0
2021-10-29,45.26,47.84,44.83,47.35,10300601,931758847.0
2021-11-01,47.35,49.51,46.72,47.59,11813861,1107016526.0
2021-11-02,47.91,48.99,47.7,47.92,8628368,812705659.0
2021-11-03,47.91,48.97,47.3,48.65,6917396,650996555.0
2021-11-04,48.27,48.93,47.86,48.26,6274790,589490270.0
2021-11-05,48.33,48.92,47.54,47.78,5119453,479646774.0
2021-11-08,47.3,48.48,47.18,48.05,4558485,424851631.0
2021-11-09,48.06,49.25,47.55,48.75,9034033,851333558.0
2021-11-10,48.62,51.14,48.37,49.27,8629592,834289487.0
2021-11-11,48.76,50.38,48.76,49.29,6242445,603181415.0
2021-11-12,49.29,52.08,48.93,51.55,9668824,961797253.0
2021-11-15,51.55,53.98,49.7,50.49,10287586,1026675433.0
2021-11-16,49.87,51.2,48.21,48.75,9029897,864908478.0
2021-11-17,48.75,51.19,47.53,50.87,8893543,858206283.0
2021-11-18,50.73,53.86,49.74,52.73,11011500,1119639451.0
2021-11-19,52.74,52.95,50.94,51.51,8966188,903269711.0
2021-11-22,51.51,52.95,50.44,52.23,6532020,657297882.0
2021-11-23,51.99,52.54,50.83,51.46,5555370,558528041.0
2021-11-24,51.41,52.35,50.22,50.38,4169237,414597649.0
2021-11-25,50.32,51.12,49.2,49.35,5440230,528616575.0
2021-11-26,49.39,50.6,49.39,49.71,4435574,431708206.0
2021-11-29,49.29,51.92,49.12,51.24,6665166,662757519.0
2021-11-30,51.36,54.11,51.26,52.85,7923595,814524004.0
2021-12-01,52.82,52.85,51.41,51.84,5978905,606322402.0
2021-12-02,51.92,52.52,51.05,51.48,4251881,425816583.0
2021-12-03,51.41,53.35,51.16,53.12,5295316,538573106.0
2021-12-06,52.95,54.3,52.18,52.95,4331207,447575347.0
2021-12-07,53.08,53.33,49.87,50.55,9222645,912325424.0
2021-12-08,50.53,51.01,49.1,50.0,8841506,859760586.0
2021-12-09,49.66,50.32,48.74,48.84,9120846,873090088.0
2021-12-10,48.75,50.0,48.22,49.04,11462118,1091352492.0
2021-12-13,48.99,49.04,47.72,48.27,11264329,1056080628.0
2021-12-14,48.27,49.38,47.68,49.14,8184235,776251588.0
2021-12-15,49.19,49.19,48.36,48.56,4801803,455482285.0
2021-12-16,48.37,50.85,48.33,50.64,8287850,805013211.0
2021-12-17,50.58,50.58,49.52,50.15,4987718,485703613.0
2021-12-20,50.17,51.19,49.26,49.61,5776069,563987574.0
2021-12-21,49.35,50.13,48.61,49.68,5634948,542119481.0
2021-12-22,49.68,49.92,48.79,49.0,5574961,534064565.0
2021-12-23,49.05,51.3,48.84,49.96,7026068,688091931.0
2021-12-24,49.96,51.14,49.51,50.91,5175116,509077700.0
2021-12-27,50.41,51.4,49.04,49.87,6024967,585425965.0
2021-12-28,49.76,50.27,49.1,49.52,5687829,548047179.0
2021-12-29,49.23,50.5,49.0,50.27,6089631,590822949.0
2021-12-30,50.38,51.99,49.52,51.28,8845968,884677442.0
2021-12-31,51.41,52.23,50.76,51.7,6566613,659453659.0
2022-01-04,51.7,51.94,49.65,50.28,6180701,605465538.0
2022-01-05,50.27,50.69,47.18,48.33,11009753,1032377957.0
2022-01-06,47.81,49.61,47.6,48.03,7506353,706029565.0
2022-01-07,48.33,48.54,47.55,47.61,6146849,572985253.0
2022-01-10,46.78,47.8,44.54,46.68,11133070,1006507826.0
2022-01-11,46.68,47.16,43.26,43.98,13827364,1192623649.0
2022-01-12,44.11,46.05,44.11,45.96,9134675,805025629.0
2022-01-13,45.84,46.35,44.72,45.33,7712843,684806958.0
2022-01-14,45.74,46.78,45.15,46.15,5574224,500463892.0
2022-01-17,45.28,48.3,45.2,47.05,6833806,625777650.0
2022-01-18,47.78,48.84,46.29,47.0,6985820,645245063.0
2022-01-19,46.78,47.3,44.97,45.41,6647381,591511468.0
2022-01-20,45.67,45.99,43.44,44.24,12573835,1077443897.0
2022-01-21,43.12,43.7,40.85,42.88,15242521,1260950163.0
2022-01-24,42.96,44.47,42.47,44.38,7268670,621549778.0
2022-01-25,44.41,45.5,44.21,44.37,6723079,586940796.0
2022-01-26,44.39,44.96,42.02,43.46,15793950,1321629264.0
2022-01-27,43.46,45.46,42.9,43.89,10015988,867706325.0
2022-01-28,44.55,46.73,43.96,45.54,10748974,948148790.0
2022-02-07,46.27,47.18,44.52,44.64,6740271,594359101.0
2022-02-08,44.63,45.09,42.76,43.36,6263042,530937993.0
2022-02-09,43.36,45.88,43.2,45.52,8167493,715735390.0
2022-02-10,45.6,46.94,43.49,44.1,8563456,750564341.0
2022-02-11,43.79,44.8,43.14,43.25,5796922,494633018.0
2022-02-14,43.49,44.47,42.52,43.27,6227309,527415169.0
2022-02-15,43.27,44.66,42.95,44.47,5353331,457579964.0
2022-02-16,44.32,44.41,41.94,43.1,8166096,685088962.0
2022-02-17,42.96,43.15,42.03,42.91,6940064,574773438.0
2022-02-18,42.7,42.83,42.11,42.64,4181257,345875179.0
2022-02-21,42.39,43.47,42.26,42.73,5008873,416153975.0
2022-02-22,42.66,42.98,41.14,42.05,8306420,677185682.0
2022-02-23,41.75,44.47,41.74,44.16,9740260,823919027.0
2022-02-24,44.16,45.57,43.73,44.54,10003632,866032622.0
2022-02-25,43.68,45.16,43.68,44.16,5282125,455564589.0
2022-02-28,44.42,46.3,44.18,45.48,8365582,739336343.0
2022-03-01,45.95,46.44,45.11,45.66,5798818,517674690.0
2022-03-02,45.81,46.06,45.09,45.39,3224840,284945283.0
2022-03-03,45.5,45.5,44.21,44.63,3253473,283269833.0
2022-03-04,44.06,45.03,44.06,44.39,3130357,270813725.0
2022-03-07,44.39,44.88,42.57,43.85,6062375,516999258.0
2022-03-08,44.25,44.62,42.36,42.42,5876065,493599078.0
2022-03-09,42.29,43.77,41.58,43.19,8739171,724961572.0
2022-03-10,43.96,45.39,43.96,44.78,6693892,585080991.0
2022-03-11,44.68,44.78,43.34,44.47,3606719,309212964.0
2022-03-14,44.47,46.42,44.11,44.73,7570790,669930896.0
2022-03-15,44.47,45.72,43.7,44.01,5717185,496988347.0
2022-03-16,44.4,45.76,43.21,45.58,6039448,524225788.0
2022-03-17,45.76,46.48,43.67,44.03,9848731,864860801.0
2022-03-18,43.49,43.49,40.25,41.82,15506756,1258315167.0
2022-03-21,41.9,43.34,41.82,42.9,7525062,626387078.0
2022-03-22,42.89,42.89,41.03,41.38,8406053,678074859.0
2022-03-23,41.39,42.8,40.7,41.64,10507810,860000758.0
2022-03-24,41.56,41.56,40.64,41.08,6016217,479544473.0
2022-03-25,40.86,41.72,40.64,40.87,4793276,383254942.0
2022-03-28,40.61,40.87,39.48,39.7,6105980,475412788.0
2022-03-29,39.84,41.13,39.83,40.2,6105588,480272890.0
2022-03-30,40.54,40.99,39.89,40.67,7661434,604497631.0
2022-03-31,40.99,41.48,39.69,39.94,6565682,515642615.0
2022-04-01,39.6,41.88,39.6,41.76,9798576,787250669.0
2022-04-06,41.76,42.72,41.2,42.41,6312720,517477910.0
2022-04-07,42.36,42.95,41.4,41.51,3412999,278376624.0
2022-04-08,41.64,41.64,40.67,40.92,4713720,376077866.0
2022-04-11,41.04,41.13,38.35,38.82,7845646,596978653.0
2022-04-12,38.82,39.33,37.78,38.04,6322566,469992119.0
2022-04-13,38.04,38.1,36.04,36.53,8855883,631262730.0
2022-04-14,37.09,38.04,36.64,37.33,8239091,600191273.0
2022-04-15,37.33,37.6,36.12,36.65,6487510,462092650.0
2022-04-18,36.71,38.38,36.24,38.19,6133768,450102503.0
2022-04-19,38.19,38.53,37.79,38.18,3020135,224102468.0
2022-04-20,38.19,38.19,37.58,37.97,2189069,161424264.0
2022-04-21,37.75,38.33,36.35,36.4,4074320,293916378.0
2022-04-22,36.14,36.51,35.57,36.27,4061110,285627269.0
2022-04-25,35.98,35.98,33.52,33.94,6057606,407184733.0
2022-04-26,33.96,34.44,31.79,31.93,9757113,620195663.0
2022-04-27,31.57,34.99,31.26,34.88,7853726,510623277.0
2022-04-28,34.77,36.66,33.68,36.3,8907674,617007433.0
2022-04-29,36.17,39.07,35.99,38.92,8752930,646244352.0
2022-05-05,38.92,41.13,38.76,40.57,12341913,973606345.0
2022-05-06,39.53,41.07,39.07,40.23,7272641,568339605.0
2022-05-09,40.23,42.39,40.0,41.65,9325394,756457927.0
2022-05-10,41.16,42.08,40.39,41.23,10442091,833265921.0
2022-05-11,40.85,42.73,40.85,41.93,8550745,699640633.0
2022-05-12,41.4,41.78,40.0,40.74,6633216,525031233.0
2022-05-13,40.83,40.96,39.76,40.41,3908832,306407770.0
2022-05-16,40.71,41.9,39.98,40.52,4221976,334628587.0
2022-05-17,40.56,41.79,40.15,41.16,5424227,433345329.0
2022-05-18,41.44,41.59,40.74,41.15,3181930,254784023.0
2022-05-19,40.82,42.12,40.61,41.95,4388770,354118536.0
2022-05-20,42.02,42.05,40.72,41.64,4311053,346876624.0
2022-05-23,41.83,41.85,40.61,41.23,4075629,324858931.0
2022-05-24,41.01,42.11,40.11,40.82,6532310,526041122.0
2022-05-25,40.76,41.33,40.08,41.23,4995703,395930083.0
2022-05-26,41.13,45.27,41.13,42.99,14361802,1215289137.0
2022-05-27,43.7,43.82,42.65,42.98,6240526,523512928.0
2022-05-30,43.1,43.24,42.22,42.58,5935525,492268110.0
2022-05-31,42.58,43.08,42.26,42.67,4460530,370148535.0
2022-06-01,42.62,42.95,42.33,42.7,3628087,300946010.0
2022-06-02,42.41,44.34,42.41,44.19,5846150,496895695.0
2022-06-06,44.67,45.74,44.22,45.31,6686427,586570543.0
2022-06-07,45.27,45.43,43.48,44.87,5215042,451671816.0
2022-06-08,44.78,45.32,44.23,44.47,6794676,592022843.0
2022-06-09,44.33,44.41,43.29,43.92,6303168,535098583.0
2022-06-10,43.9,45.88,43.24,45.87,10400805,915371879.0
2022-06-13,46.91,46.91,44.2,44.68,13765575,852416103.0
2022-06-14,44.18,44.18,41.71,43.09,15354622,907290098.0
2022-06-15,43.08,43.87,42.42,42.83,11294266,671990477.0
2022-06-16,42.83,43.92,42.51,43.34,11476611,687101712.0
2022-06-17,43.45,43.87,42.74,43.53,8510915,510251551.0
2022-06-20,43.68,44.81,43.34,44.21,12929418,787282227.0
2022-06-21,44.22,44.82,43.6,44.03,8777419,535876424.0
2022-06-22,43.96,44.28,42.22,42.44,12053634,715877164.0
2022-06-23,42.45,44.29,41.91,44.13,14606316,874082383.0
2022-06-24,44.39,46.93,44.39,46.35,21445727,1362427772.0
2022-06-27,46.39,47.14,45.74,46.83,11626072,747280046.0
2022-06-28,46.42,49.01,46.42,47.91,13445798,891647159.0
2022-06-29,47.77,48.01,46.42,46.47,6682101,434996050.0
2022-06-30,46.37,46.97,45.54,45.86,8995369,573120642.0
2022-07-01,46.06,46.28,44.92,45.23,8407370,526026877.0
2022-07-04,45.41,47.41,44.51,47.15,11869526,761789263.0
2022-07-05,47.07,47.07,45.78,46.77,7320526,468261712.0
2022-07-06,46.49,47.1,45.4,46.28,8882935,564001693.0
2022-07-07,46.28,47.07,45.11,46.62,9609970,617367661.0
2022-07-08,46.35,46.89,45.82,45.94,7033419,450377108.0
2022-07-11,45.92,47.1,45.68,46.74,7660978,492287550.0
2022-07-12,46.99,48.4,46.43,46.81,10387066,680192344.0
2022-07-13,46.94,46.94,45.41,45.71,7345872,466153357.0
2022-07-14,45.55,46.86,45.42,46.49,6307798,403914357.0
2022-07-15,46.49,47.94,46.03,46.35,8246915,534284024.0
2022-07-18,46.13,47.33,45.99,47.33,6451574,415596276.0
2022-07-19,47.0,48.49,46.65,47.42,8904987,583747164.0
2022-07-20,47.28,47.89,46.88,47.73,8957206,588431346.0
2022-07-21,47.62,47.7,46.65,46.81,7492989,487102264.0
2022-07-22,46.78,47.29,45.63,46.2,6617386,422361466.0
2022-07-25,46.21,46.5,44.89,45.18,8121811,509269853.0
2022-07-26,45.2,46.46,45.19,45.99,4611584,292102430.0
2022-07-27,46.06,46.48,45.34,45.6,5576488,352051144.0
2022-07-28,45.82,46.06,44.9,45.92,6341651,398329827.0
2022-07-29,45.77,45.78,43.89,44.18,8352054,514960779.0
2022-08-01,44.2,45.62,43.97,45.04,6445802,398694679.0
2022-08-02,45.29,46.15,43.87,44.39,11200225,696480963.0
2022-08-03,44.09,46.61,43.93,45.89,16411179,1039881724.0
2022-08-04,46.02,46.21,44.79,45.02,6882102,429877607.0
2022-08-05,45.04,45.36,44.09,44.68,6999965,429622707.0
2022-08-08,44.31,45.63,44.25,45.12,8101502,505860255.0
2022-08-09,45.19,46.85,44.94,46.42,9324025,591076989.0
2022-08-10,46.35,47.34,46.19,47.18,9921388,643208660.0
2022-08-11,47.44,47.51,46.23,47.12,6725318,435148907.0
2022-08-12,47.02,47.02,45.67,45.84,6260252,399784583.0
2022-08-15,45.84,46.26,45.34,46.07,5920209,375106083.0
2022-08-16,45.84,46.46,45.64,46.02,4609537,293659178.0
2022-08-17,45.92,46.18,44.79,45.37,8551790,534705736.0
2022-08-18,45.36,45.89,44.94,45.51,4593701,288728121.0
2022-08-19,45.48,45.96,44.6,44.77,5584333,347323357.0
2022-08-22,44.68,45.7,44.29,45.41,5727719,356484717.0
2022-08-23,45.41,45.92,45.12,45.55,5699831,358058978.0
2022-08-24,45.55,46.46,45.32,45.7,7639518,483697155.0
2022-08-25,45.7,46.71,44.9,45.1,8127299,512259712.0
2022-08-26,45.1,45.26,43.81,43.97,7219632,441318080.0
2022-08-29,43.45,45.03,43.29,44.3,8318717,511265022.0
2022-08-30,44.2,45.26,44.2,44.81,4950018,306578452.0
2022-08-31,45.98,46.93,43.71,44.07,12917897,808632864.0
2022-09-01,44.18,45.33,43.93,44.98,9612841,595409082.0
2022-09-02,45.12,46.06,44.79,45.38,5984800,376610332.0
2022-09-05,45.35,46.02,44.97,45.2,4245620,266208030.0
2022-09-06,45.2,46.53,45.05,46.34,7157702,456425355.0
2022-09-07,46.32,46.7,46.05,46.5,5614398,359805330.0
2022-09-08,46.23,47.13,46.23,46.91,6137006,397731129.0
2022-09-09,47.07,47.15,45.71,46.5,5691458,363250819.0
2022-09-13,46.35,47.16,46.06,46.89,5021104,325144155.0
2022-09-14,46.71,48.96,46.36,48.46,11359332,755973638.0
2022-09-15,48.31,48.67,46.51,47.09,6807477,445427136.0
2022-09-16,47.07,48.88,46.86,47.24,8568453,565993031.0
2022-09-19,47.25,48.16,46.48,46.99,5889617,383804853.0
2022-09-20,47.44,48.0,46.84,47.45,5507185,361169676.0
2022-09-21,47.15,47.53,46.04,46.1,5047473,323718465.0
2022-09-22,46.06,47.34,45.83,46.84,6746687,436816996.0
2022-09-23,47.44,48.91,46.62,47.2,13623037,894026357.0
2022-09-26,46.84,46.92,45.49,45.81,7471444,474982483.0
2022-09-27,45.84,45.99,45.15,45.43,6142855,385874303.0
2022-09-28,45.43,46.02,43.45,43.63,10995922,672348376.0
2022-09-29,43.63,44.61,43.17,43.34,7642174,461814702.0
2022-09-30,43.45,43.66,41.87,42.0,9419540,556117672.0
2022-10-10,42.0,43.03,41.43,42.45,7673146,448244219.0
2022-10-11,42.24,44.86,42.22,44.72,9695862,589392047.0
2022-10-12,44.44,46.72,44.21,46.23,12634690,798041840.0
2022-10-13,46.28,46.55,45.7,45.84,5071294,321925263.0
2022-10-14,46.28,46.32,45.17,45.56,9179712,576711380.0
2022-10-17,45.26,46.94,45.18,46.6,8765062,561979501.0
2022-10-18,46.42,46.87,46.0,46.64,5889506,378241627.0
2022-10-19,46.57,46.77,45.78,46.53,7392202,472236686.0
2022-10-20,46.37,46.77,45.85,46.6,6396147,409790587.0
2022-10-21,46.22,46.78,45.77,46.24,5178628,330090474.0
2022-10-24,46.53,48.67,46.53,48.02,18781215,1247485651.0
2022-10-25,47.66,49.57,47.57,48.44,15179463,1021152836.0
2022-10-26,48.88,48.88,47.11,48.35,8462796,561960944.0
2022-10-27,48.38,49.39,48.23,48.45,6859304,460946474.0
2022-10-28,48.54,49.39,48.38,49.17,10327812,699270007.0
2022-10-31,49.16,49.9,47.36,47.65,15452748,1031979202.0
2022-11-01,47.66,47.94,45.26,46.54,22319213,1429581753.0
2022-11-02,46.2,46.68,45.63,46.28,14068367,895380500.0
2022-11-03,46.1,47.25,45.92,46.62,12528563,807116351.0
2022-11-04,46.62,46.71,45.74,46.08,15224795,967689489.0
2022-11-07,46.19,46.2,44.21,44.79,21649075,1335646980.0
2022-11-08,44.79,45.01,44.37,44.99,12369874,764319776.0
2022-11-09,45.26,45.84,44.83,44.95,12091421,756498810.0
2022-11-10,44.67,45.08,44.45,44.9,6617532,409390851.0
2022-11-11,45.3,45.48,43.85,44.76,15486934,952079048.0
2022-11-14,44.19,44.66,44.1,44.24,7718527,472195116.0
2022-11-15,44.1,44.97,43.85,44.9,10874590,670889279.0
2022-11-16,44.94,45.43,44.68,45.12,5713216,355847812.0
2022-11-17,45.06,45.1,44.18,44.81,5191893,319704656.0
2022-11-18,44.83,45.12,44.18,44.21,6083560,373669978.0
2022-11-21,44.18,45.26,43.81,44.9,7554861,467312098.0
2022-11-22,44.68,44.81,44.16,44.34,4631366,283831781.0
2022-11-23,44.3,44.58,43.89,44.16,3731080,227188506.0
2022-11-24,44.19,44.31,43.5,43.55,4096502,247717169.0
2022-11-25,43.49,43.73,43.0,43.06,5099298,304286678.0
2022-11-28,43.09,43.56,41.89,42.85,8106140,478038845.0
2022-11-29,42.73,43.15,42.05,42.34,9727844,568514936.0
2022-11-30,42.44,42.58,42.0,42.47,7905982,461264228.0
2022-12-01,42.48,43.6,42.48,43.41,8264049,492964422.0
2022-12-02,43.45,43.6,42.81,42.97,5124147,305662860.0
2022-12-05,42.99,43.22,41.86,42.16,11755629,684777169.0
2022-12-06,42.1,42.87,41.39,42.58,10103951,588395994.0
2022-12-07,42.53,42.84,42.17,42.75,5863223,345131076.0
2022-12-08,42.79,42.82,42.12,42.37,7694025,449337099.0
2022-12-09,42.35,42.53,41.79,42.37,8777697,510847109.0
2022-12-12,42.55,43.42,41.83,43.12,9229063,544271805.0
2022-12-13,43.12,43.72,42.08,42.37,5801310,343448693.0
2022-12-14,42.37,42.6,42.0,42.08,4278895,249225634.0
2022-12-15,42.26,42.52,42.0,42.5,3887952,227009091.0
2022-12-16,42.04,42.44,41.9,42.11,5103384,296976247.0
2022-12-19,41.92,42.8,41.92,42.49,5071768,296692442.0
2022-12-20,42.28,42.67,41.43,41.71,5866446,339153287.0
2022-12-21,41.71,42.6,40.28,40.8,7179330,409173779.0
2022-12-22,40.92,41.35,40.19,40.35,6743790,378209887.0
2022-12-23,40.19,40.35,39.11,39.69,6641264,364337844.0
2022-12-26,39.78,41.62,39.78,41.28,9975232,567132917.0
2022-12-27,41.29,41.99,41.29,41.78,7228584,417071448.0
2022-12-28,41.46,41.85,40.93,41.08,4536105,258393683.0
2022-12-29,41.08,41.95,40.96,41.82,5133375,294884043.0
2022-12-30,41.82,42.19,41.45,41.83,4033446,233057504.0
2023-01-03,41.73,43.37,41.45,43.17,8765057,516679200.0
2023-01-04,43.06,43.74,43.0,43.55,7705611,462747064.0
2023-01-05,43.56,44.1,42.93,43.11,7832083,468884552.0
2023-01-06,43.38,43.43,42.36,42.38,8855512,521791647.0
2023-01-09,42.48,42.66,40.99,41.53,12010960,690401593.0
2023-01-10,41.53,41.69,40.58,41.42,10963236,621478832.0
2023-01-11,41.35,41.61,40.24,40.43,14930681,840305351.0
2023-01-12,40.54,40.99,40.02,40.45,8374815,467726354.0
2023-01-13,40.37,40.56,39.84,40.25,6882438,381416566.0
2023-01-16,40.41,40.58,39.9,40.11,17230829,960333925.0
2023-01-17,40.11,40.92,39.92,40.51,11927006,668189229.0
2023-01-18,40.51,40.97,39.99,40.79,7049274,395040930.0
2023-01-19,40.79,41.39,40.6,41.24,10572696,598935058.0
2023-01-20,41.22,41.9,41.14,41.6,8768382,501999549.0
2023-01-30,42.1,42.37,41.79,42.19,9195888,535322819.0
2023-01-31,41.92,42.29,41.57,41.81,6727448,388290495.0
2023-02-01,41.89,42.0,41.39,41.84,9229874,530784592.0
2023-02-02,41.87,42.11,40.93,41.03,13063542,744479256.0
2023-02-03,41.27,42.68,40.66,42.6,15375500,882936106.0
2023-02-06,42.48,42.48,41.7,41.98,9049748,524468203.0
2023-02-07,42.06,42.17,41.14,41.34,8550644,489111656.0
2023-02-08,41.34,41.35,40.56,40.69,9244555,521265349.0
2023-02-09,40.69,42.06,40.62,41.93,14530899,834208362.0
2023-02-10,41.9,42.53,41.51,41.73,8612132,498631379.0
2023-02-13,41.74,42.44,41.74,42.34,10119073,590315382.0
2023-02-14,42.34,42.37,41.87,42.01,5689822,330066300.0
2023-02-15,41.98,41.99,41.21,41.36,7324919,418894601.0
2023-02-16,41.53,41.61,40.61,40.84,7511861,427049438.0
2023-02-17,40.92,40.98,40.21,40.36,6168245,345400245.0
2023-02-20,40.52,40.52,39.25,40.42,10217709,562481760.0
2023-02-21,40.32,41.27,40.3,40.83,7276876,410066267.0
2023-02-22,40.77,40.94,40.41,40.53,5348906,300636645.0
2023-02-23,40.61,40.98,40.43,40.65,4708103,264150686.0
2023-02-24,40.98,42.31,40.78,41.84,17565002,1015639841.0
2023-02-27,41.57,42.42,41.35,41.42,13682970,792723857.0
2023-02-28,41.45,41.66,40.97,41.28,5005777,285235336.0
2023-03-01,41.22,41.98,40.93,41.53,6722945,385966003.0
2023-03-02,41.54,41.93,41.34,41.43,5878560,337313563.0
2023-03-03,41.29,42.08,41.03,41.78,8940939,513713392.0
2023-03-06,42.28,43.35,42.04,42.11,18038025,1063059575.0
2023-03-07,42.09,42.36,41.56,41.57,8865402,513455825.0
2023-03-08,41.6,42.28,41.4,42.06,8312638,481045420.0
2023-03-09,42.07,42.95,41.79,41.87,9024958,528103600.0
2023-03-10,41.69,41.86,40.98,41.23,7039247,401255500.0
2023-03-13,40.93,41.35,40.85,41.28,4218005,239707272.0
2023-03-14,41.24,41.37,40.11,40.15,9529113,533117909.0
2023-03-15,40.22,40.46,39.32,39.67,9617655,529011755.0
2023-03-16,39.74,39.74,38.48,38.52,13104026,702376302.0
2023-03-17,38.61,38.96,38.15,38.25,9931952,528119717.0
2023-03-20,38.25,38.25,37.09,37.91,10731970,557499360.0
2023-03-21,38.38,39.31,38.28,39.11,10831910,583940093.0
2023-03-22,39.11,39.43,38.62,38.88,6458562,347867487.0
2023-03-23,38.76,39.56,38.53,39.43,8349902,452380429.0
2023-03-24,39.53,39.53,38.4,38.97,8597583,461653974.0
2023-03-27,38.86,39.33,38.41,39.24,6828646,365243860.0
2023-03-28,39.11,39.4,38.98,39.06,4480816,242169578.0
2023-03-29,39.1,39.1,38.27,38.53,6900507,366301254.0
2023-03-30,38.51,39.32,38.43,39.22,6015499,323803015.0
2023-03-31,39.27,39.4,38.77,39.17,5380943,290560500.0
2023-04-03,39.17,39.61,38.82,39.33,6588237,357279793.0
2023-04-04,38.96,39.38,38.88,39.08,6036118,325742605.0
2023-04-06,39.09,41.21,39.04,40.81,15678539,870636796.0
2023-04-07,40.63,41.14,40.54,40.84,6190892,349439542.0
2023-04-10,40.89,42.0,40.35,40.56,9281030,528487668.0
2023-04-11,40.37,41.11,39.9,40.12,5951913,331488106.0
2023-04-12,39.97,40.48,39.8,39.93,4458294,246202931.0
2023-04-13,39.87,40.75,39.83,40.41,5477211,304768426.0
2023-04-14,40.24,40.69,40.23,40.43,4680951,261338378.0
2023-04-17,40.27,41.28,40.27,40.94,5464717,308552898.0
2023-04-18,40.92,41.16,40.23,41.05,5904408,332245048.0
2023-04-19,40.98,41.06,40.15,40.19,4316375,240958478.0
2023-04-20,40.19,40.56,39.11,39.37,9658652,526915038.0
2023-04-21,39.53,40.69,39.38,39.44,6558697,361893201.0
2023-04-24,39.45,39.94,39.02,39.27,4817072,261563098.0
2023-04-25,39.27,40.56,38.47,38.93,8404301,457631109.0
2023-04-26,38.94,39.53,38.24,39.46,4913764,264552262.0
2023-04-27,39.46,39.97,39.02,39.94,6798213,370990674.0
2023-04-28,39.9,39.98,39.36,39.78,5979391,327154150.0
2023-05-04,40.93,41.17,40.08,40.54,11660083,653237018.0
2023-05-05,40.34,40.81,40.16,40.52,5980457,334274912.0
2023-05-08,40.29,41.48,40.29,41.25,11248508,638662863.0
2023-05-09,41.37,41.6,40.58,40.67,7389072,419875326.0
2023-05-10,40.47,40.56,39.69,39.87,7558176,417452152.0
2023-05-11,39.87,40.23,39.34,39.46,5273496,288956355.0
2023-05-12,39.48,40.3,39.48,39.72,4548108,250364452.0
2023-05-15,39.73,41.14,39.29,40.93,7730737,431582784.0
2023-05-16,40.98,41.05,40.04,40.28,6861172,291258559.0
2023-05-17,40.28,41.54,39.96,41.3,13192141,570177377.0
2023-05-18,41.36,41.97,41.3,41.72,9425990,413337281.0
2023-05-19,41.68,42.23,41.26,41.89,7087714,312597628.0
2023-05-22,41.78,42.0,41.08,41.34,6078078,264783509.0
2023-05-23,41.21,41.61,41.0,41.07,3977129,172362799.0
2023-05-24,41.04,41.2,40.59,40.75,3954540,169764752.0
2023-05-25,40.75,41.29,40.72,41.0,4730904,203880800.0
2023-05-26,41.03,41.12,40.6,40.92,3915257,168261836.0
2023-05-29,41.35,41.69,40.77,41.01,3931373,169737522.0
2023-05-30,40.88,41.13,40.16,40.59,6140404,261482835.0
2023-05-31,40.5,41.15,40.16,40.42,6563724,280350850.0
2023-06-01,40.43,40.62,39.94,40.02,5618483,237180485.0
2023-06-02,40.0,40.13,39.69,39.89,6287890,263812256.0
2023-06-05,39.9,40.21,38.91,39.31,7757687,322218278.0
2023-06-06,39.14,39.46,38.95,39.02,5601192,230838769.0
2023-06-07,39.03,39.17,37.93,38.2,8785423,353580962.0
2023-06-08,38.19,38.96,37.3,38.79,8093812,325518046.0
2023-06-09,38.79,40.36,38.61,40.36,17409117,729629927.0
2023-06-12,40.16,40.69,39.82,39.84,7610680,321827215.0
2023-06-13,39.83,40.01,39.03,39.17,7967032,329098649.0
2023-06-14,39.21,39.49,39.08,39.17,3459638,142697336.0
2023-06-15,39.17,40.02,39.08,39.85,5760186,240245346.0
2023-06-16,40.12,40.5,39.85,40.12,5838346,246820306.0
2023-06-19,40.23,40.31,39.56,39.67,6115739,255955947.0
2023-06-20,39.71,42.11,39.7,41.17,20885490,903069937.0
2023-06-21,41.12,41.78,40.58,40.65,8151882,351773423.0
2023-06-26,40.66,41.21,40.32,40.34,8816983,377532726.0
2023-06-27,40.53,41.37,40.46,41.25,9946974,430218555.0
2023-06-28,41.26,41.77,40.79,41.39,7595514,330210987.0
2023-06-29,41.31,42.31,41.16,41.96,12832015,566427543.0
2023-06-30,42.16,43.34,42.09,43.12,16666186,754361377.0
2023-07-03,43.11,44.29,43.07,43.22,15327611,703198645.0
2023-07-04,43.07,44.15,42.73,43.75,12997575,595426058.0
2023-07-05,43.55,43.73,42.59,42.68,9524126,430131124.0
2023-07-06,42.59,42.95,41.36,41.56,14094950,618854082.0
2023-07-07,41.38,41.69,40.78,41.07,7380569,318539846.0
2023-07-10,41.4,41.87,40.88,41.57,8213397,359093004.0
2023-07-11,41.45,43.02,41.4,42.49,9887547,440590088.0
2023-07-12,42.5,42.53,41.79,42.08,6307504,279817177.0
2023-07-13,42.16,43.12,42.16,42.68,8042989,362402085.0
2023-07-14,42.56,42.78,42.21,42.35,4342058,193891711.0
2023-07-17,42.34,42.4,41.86,42.14,5363969,237439506.0
2023-07-18,42.33,42.61,41.89,42.33,3983292,177776086.0
2023-07-19,42.09,42.57,41.66,41.9,5400987,238019725.0
2023-07-20,41.81,42.24,41.69,41.87,5277686,233079097.0
2023-07-21,41.91,42.11,41.36,41.56,4407909,192958289.0
2023-07-24,41.39,42.98,41.38,42.58,8681940,388777343.0
2023-07-25,41.97,43.15,41.97,42.72,9469789,425527213.0
2023-07-26,42.69,43.35,42.53,42.93,5208084,235460416.0
2023-07-27,42.97,43.13,41.86,42.33,10352194,460754164.0
2023-07-28,42.12,42.12,40.29,40.67,24123732,1035857468.0
2023-07-31,40.66,40.87,39.95,40.21,23622703,996666208.0
2023-08-01,40.45,41.72,40.36,41.2,15842993,685819465.0
2023-08-02,41.22,41.62,40.64,40.85,5447729,234648526.0
2023-08-03,40.7,41.11,40.39,40.73,6071483,259730929.0
2023-08-04,40.77,41.04,40.6,40.73,5529250,237365386.0
2023-08-07,40.61,41.34,40.58,40.74,6008931,258418116.0
2023-08-08,40.79,41.12,40.31,40.81,4890135,209638383.0
2023-08-09,40.74,40.76,40.14,40.25,6234262,264463643.0
2023-08-10,40.25,40.73,40.22,40.5,3045490,129608047.0
2023-08-11,40.58,41.05,40.32,40.48,6540491,280484544.0
2023-08-14,40.41,40.93,40.04,40.85,5149173,218810981.0
2023-08-15,40.87,40.87,39.73,40.31,9633764,406783812.0
2023-08-16,40.31,40.59,39.76,39.91,4756148,200808578.0
2023-08-17,39.82,41.02,39.48,40.83,9655805,412435597.0
2023-08-18,40.83,42.1,40.77,41.1,11002840,481089182.0
2023-08-21,41.04,41.1,40.51,40.6,5781793,247827388.0
2023-08-22,40.61,41.78,40.55,41.7,9394863,408617909.0
2023-08-23,41.46,42.07,41.01,41.5,11391935,498501587.0
2023-08-24,41.74,42.28,41.27,41.98,12567442,554214215.0
2023-08-25,41.81,42.93,41.6,42.59,15820186,709505050.0
2023-08-28,43.92,44.22,42.4,42.78,14707234,666539369.0
2023-08-29,42.75,43.54,42.31,42.77,11100727,502649460.0
2023-08-30,42.83,43.13,42.21,42.49,8805702,393982753.0
2023-08-31,42.43,42.91,42.14,42.52,6681177,299557448.0
2023-09-01,42.53,42.77,41.65,41.84,8332524,367720367.0
2023-09-04,41.85,42.04,41.5,41.83,9468867,416041114.0
2023-09-05,41.87,42.27,41.64,41.78,5154606,226800108.0
2023-09-06,41.65,42.67,41.49,42.5,8871305,393972488.0
2023-09-07,42.39,42.97,42.13,42.47,7076736,316283640.0
2023-09-08,42.44,42.99,42.15,42.78,8247952,370851762.0
2023-09-11,42.78,42.88,41.4,41.64,15253567,670331145.0
2023-09-12,41.59,41.8,41.15,41.56,7917385,345026676.0
2023-09-13,41.4,41.6,41.18,41.39,3827911,166435999.0
2023-09-14,41.4,41.92,41.24,41.79,6634606,290641343.0
2023-09-15,41.83,42.12,41.45,41.96,4734368,208320300.0
2023-09-18,41.97,42.02,41.31,41.37,5825744,254733259.0
2023-09-19,41.45,41.49,40.64,40.73,5830489,250704053.0
2023-09-20,40.74,40.88,40.22,40.56,6529572,278088628.0
2023-09-21,40.72,40.8,40.32,40.33,4908476,209015049.0
2023-09-22,40.32,40.59,39.78,40.41,9443349,399413716.0
2023-09-25,40.41,40.45,39.08,39.33,13785357,573022026.0
2023-09-26,39.6,39.97,39.23,39.38,9268070,385588454.0
2023-09-27,39.46,39.79,39.25,39.55,6409224,266152180.0
2023-09-28,39.69,40.36,39.5,40.22,8342803,351454322.0
2023-10-09,40.23,40.83,40.04,40.75,7313062,311562759.0
2023-10-10,40.81,40.86,39.8,40.62,8075979,343033986.0
2023-10-11,40.62,40.62,38.98,39.24,12888791,535863261.0
2023-10-12,39.09,39.46,37.92,38.47,12428060,501974631.0
2023-10-13,38.27,38.27,37.7,37.98,6924699,276732124.0
2023-10-16,37.98,38.18,37.27,37.34,7964796,315437510.0
2023-10-17,37.36,37.77,36.91,37.72,6260261,246542871.0
2023-10-18,37.73,37.73,37.28,37.41,4532693,178730782.0
2023-10-19,37.22,37.36,36.57,36.77,6089115,236379760.0
2023-10-20,36.6,36.98,36.43,36.54,3868878,149127714.0
2023-10-23,36.33,37.55,36.23,36.89,8970486,349414724.0
2023-10-24,36.94,37.55,36.25,37.41,8541650,330893334.0
2023-10-25,37.51,38.53,37.51,38.1,14701505,590258700.0
2023-10-26,38.03,38.47,37.8,38.32,6060689,244093357.0
2023-10-27,38.4,38.66,38.05,38.28,6926386,279310248.0
2023-10-30,38.04,38.65,38.03,38.31,5694926,229607262.0
2023-10-31,38.33,39.27,38.22,39.27,8436528,343450227.0
2023-11-01,39.08,39.15,37.86,37.93,8074094,324247029.0
2023-11-02,37.95,38.11,36.97,37.26,6036135,236937022.0
2023-11-03,37.09,37.44,36.98,37.4,5416628,212641604.0
2023-11-06,37.5,37.91,37.39,37.6,8276480,327396673.0
2023-11-07,37.6,37.85,37.2,37.39,5767095,227140495.0
2023-11-08,37.4,37.72,37.27,37.49,5601366,220758194.0
2023-11-09,37.43,37.67,37.27,37.58,4692835,185199473.0
2023-11-10,37.47,37.65,37.19,37.58,5469589,215095052.0
2023-11-13,37.73,38.85,37.28,38.64,14836878,596800392.0
2023-11-14,38.98,39.17,38.46,38.7,7881132,321135771.0
2023-11-15,38.79,38.87,38.11,38.17,9797053,394852543.0
2023-11-16,38.17,38.28,37.63,37.84,6490522,258619637.0
2023-11-17,37.78,38.34,37.47,38.22,6137021,244886246.0
2023-11-20,38.22,39.35,38.05,38.89,12127150,494776591.0
2023-11-21,38.89,39.0,38.31,38.5,5978894,242663290.0
2023-11-22,38.5,39.12,38.31,38.68,6163370,251100024.0
2023-11-23,38.55,38.62,38.22,38.43,4430789,178769698.0
2023-11-24,38.4,38.46,37.75,38.09,4719780,188614895.0
2023-11-27,38.09,38.27,37.8,38.23,4473426,178970610.0
2023-11-28,38.05,38.29,37.74,37.96,3904120,155900818.0
2023-11-29,37.96,38.03,37.55,37.74,4750240,188985320.0
2023-11-30,37.93,38.08,37.44,37.75,3758782,149224683.0
2023-12-01,37.66,37.86,37.32,37.67,4117271,162593499.0
2023-12-04,37.89,38.35,37.84,37.94,4976457,199711176.0
2023-12-05,37.86,38.14,37.38,37.56,6180647,245172738.0
2023-12-06,37.44,37.53,36.79,37.31,7388191,288909421.0
2023-12-07,37.24,37.41,36.39,36.4,8746383,338030099.0
2023-12-08,36.4,36.4,33.15,33.63,41192949,1469031684.0
2023-12-11,33.63,35.83,33.61,35.5,32011811,1174177150.0
2023-12-12,35.44,36.12,34.9,35.14,13625141,506619300.0
2023-12-13,35.37,36.95,35.21,35.55,16912199,641225693.0
2023-12-14,35.55,36.27,35.54,35.91,10353285,391284940.0
2023-12-15,35.78,36.55,35.65,36.08,8591137,325954645.0
2023-12-18,35.75,35.89,34.66,34.94,10195369,378129924.0
2023-12-19,35.18,35.18,34.56,34.7,7395010,270442977.0
2023-12-20,34.73,34.83,34.08,34.09,6810354,246081742.0
2023-12-21,34.07,34.61,33.89,34.32,6627402,238657938.0
2023-12-22,34.26,35.99,34.25,35.51,15230912,564679584.0
2023-12-25,35.53,36.57,35.45,36.29,12304430,468831243.0
2023-12-26,36.28,36.75,35.99,36.6,11111439,424734919.0
2023-12-27,36.63,36.7,35.96,36.41,6553033,249893317.0
2023-12-28,36.41,36.72,36.18,36.57,7831575,300530036.0
2023-12-29,36.51,37.23,36.51,37.08,7557029,293262685.0
2024-01-02,37.03,37.54,36.52,37.08,10535934,411879918.0
2024-01-03,36.9,36.92,36.01,36.18,8689883,332457870.0
2024-01-04,36.18,36.45,35.89,36.22,9127797,347533866.0
2024-01-05,36.14,36.14,34.62,34.99,11450963,422847104.0
2024-01-08,34.8,35.08,33.8,33.92,10087596,362764470.0
2024-01-09,33.92,34.17,31.72,32.63,19940782,680152613.0
2024-01-10,32.44,32.6,31.7,31.91,13656876,461928385.0
2024-01-11,31.96,32.12,31.72,31.81,12554233,421248463.0
2024-01-12,31.82,32.23,31.35,32.08,12690760,426267747.0
2024-01-15,32.09,32.1,31.48,31.55,11073193,369712575.0
2024-01-16,31.47,31.64,30.95,31.39,11293318,371502970.0
2024-01-17,31.17,31.46,30.3,30.45,14468153,466440638.0
2024-01-18,30.31,31.28,29.63,31.19,12676448,402992529.0
2024-01-19,31.16,31.16,30.52,30.99,10956260,355399957.0
2024-01-22,30.83,30.88,29.48,29.59,13974510,442999566.0
2024-01-23,29.59,30.09,29.37,29.81,8758196,274018358.0
2024-01-24,30.17,30.67,29.79,30.6,12667178,403471919.0
2024-01-25,30.68,32.11,30.48,31.75,12985306,431402862.0
2024-01-26,31.8,32.28,31.4,31.75,9550601,318999718.0
2024-01-29,32.04,32.09,30.64,30.71,7507638,246126236.0
2024-01-30,30.31,31.17,29.98,30.71,9411888,302730799.0
2024-01-31,30.41,30.41,29.38,29.43,9751576,305537111.0
2024-02-01,29.43,29.94,28.72,29.68,10381307,322334610.0
2024-02-02,29.9,30.02,28.21,28.74,12888859,393133531.0
2024-02-05,28.71,29.93,28.2,29.69,15161341,463841799.0
2024-02-06,29.28,31.94,29.19,31.51,16059154,524060147.0
2024-02-07,31.52,32.41,31.18,32.1,15841869,534807991.0
2024-02-08,32.56,33.48,32.32,33.24,14373394,500621368.0
2024-02-19,33.47,33.55,32.18,32.48,12601694,430512402.0
2024-02-20,32.26,32.51,31.74,32.46,10064842,339628922.0
2024-02-21,32.12,33.08,31.75,32.48,11863272,405987840.0
2024-02-22,32.32,32.77,32.24,32.59,7447811,255017425.0
2024-02-23,32.65,32.68,31.71,32.49,13042279,440106832.0
2024-02-26,32.35,32.35,31.36,32.09,17203333,576508475.0
2024-02-27,31.56,32.79,31.56,32.77,18309296,618108377.0
2024-02-28,32.74,32.91,31.85,31.85,19937311,680905018.0
2024-02-29,31.75,32.63,31.66,32.63,17041908,579428315.0
2024-03-01,32.75,33.16,32.34,32.82,17770528,611024103.0
2024-03-04,32.78,32.79,32.04,32.62,17972480,612224728.0
2024-03-05,32.43,34.03,32.32,33.93,33365043,1174616889.0
2024-03-06,33.89,33.89,33.13,33.44,18741229,658226902.0
2024-03-07,33.31,33.4,32.26,32.32,17569197,605774496.0
2024-03-08,32.31,32.93,31.96,32.77,15973538,544552596.0
2024-03-11,32.44,33.11,32.42,33.08,15266149,526967192.0
2024-03-12,33.34,34.76,33.34,34.0,25740453,925739856.0
2024-03-13,34.23,34.25,33.51,33.59,15897294,564596878.0
2024-03-14,33.39,34.34,33.38,33.65,20116441,718354522.0
2024-03-15,33.37,33.83,33.0,33.57,13097230,458472540.0
2024-03-18,33.83,34.64,33.44,34.5,26592325,951628973.0
2024-03-19,34.54,36.17,34.33,35.47,34145828,1272978631.0
2024-03-20,35.84,36.12,34.7,35.11,22941570,849157054.0
2024-03-21,34.87,35.08,33.92,34.32,22533673,814350160.0
2024-03-22,34.13,35.22,34.06,35.08,23202447,845307593.0
2024-03-25,35.18,35.36,34.24,34.25,20166679,739201110.0
2024-03-26,34.13,34.4,32.82,33.66,20998122,741373898.0
2024-03-27,33.66,33.69,32.14,32.15,18215341,627731689.0
2024-03-28,32.11,33.01,32.04,32.56,16251709,557491309.0
2024-03-29,32.55,32.74,32.21,32.71,10014825,342863106.0
2024-04-01,32.78,33.23,32.69,32.97,15183774,525719820.0
2024-04-02,32.98,32.99,32.16,32.32,12513621,425831083.0
2024-04-03,32.14,32.23,31.57,31.77,14114393,472168950.0
2024-04-08,31.64,31.91,31.23,31.78,11897878,395524486.0
2024-04-09,31.78,31.99,31.45,31.61,9294701,308733299.0
2024-04-10,31.47,31.55,30.84,31.33,9875196,323137437.0
2024-04-11,30.99,31.31,30.62,30.71,13797174,448283288.0
2024-04-12,30.62,30.86,29.67,29.84,22473263,713603833.0
2024-04-15,29.76,31.31,29.64,31.25,25110032,812481234.0
2024-04-16,31.27,31.75,31.0,31.06,20634765,680550426.0
2024-04-17,31.15,31.5,30.53,31.48,16354582,536992616.0
2024-04-18,31.48,31.56,30.75,30.85,18549280,609861198.0
2024-04-19,30.61,31.28,30.43,31.09,14493523,470539375.0
2024-04-22,31.28,32.67,31.19,32.25,27115585,914208221.0
2024-04-23,32.39,32.39,31.85,31.94,15539043,523917439.0
2024-04-24,32.02,32.48,31.77,32.47,14911277,505617320.0
2024-04-25,32.41,32.46,31.96,32.19,11003243,372340236.0
2024-04-26,32.13,32.25,31.9,32.25,17451539,589255144.0
2024-04-29,31.47,32.21,30.45,32.04,34813068,1150931372.0
2024-04-30,32.05,32.83,31.85,32.69,24124191,826766798.0
2024-05-06,33.03,33.23,32.53,32.71,18995132,655963562.0
2024-05-07,32.61,33.89,32.43,33.75,25201699,883065475.0
2024-05-08,33.58,33.99,33.2,33.63,16229848,575189593.0
2024-05-09,33.69,35.52,33.45,35.07,29245427,1067871529.0
2024-05-10,35.0,35.14,34.25,34.4,14355178,523171587.0
2024-05-13,34.37,35.17,33.85,34.28,14284993,519407901.0
2024-05-14,34.28,34.49,34.04,34.19,7214496,259843431.0
2024-05-15,34.2,34.69,33.78,33.93,10918374,392773066.0
2024-05-16,33.95,34.62,33.95,34.39,12222379,441514426.0
2024-05-17,34.39,35.51,34.34,35.29,17581935,650321654.0
2024-05-20,35.37,36.28,35.29,35.41,16743246,629807284.0
2024-05-21,35.37,35.54,34.79,35.0,10107366,367367875.0
2024-05-22,35.27,35.35,34.79,35.16,7925037,287533060.0
2024-05-23,35.1,35.36,34.46,34.53,8974934,324144582.0
2024-05-24,34.4,34.93,34.02,34.04,8245666,292424104.0
2024-05-27,34.08,34.43,33.4,34.4,11663012,408609918.0
2024-05-28,34.05,34.54,33.52,33.6,9130332,321317072.0
2024-05-29,33.49,34.17,33.31,33.49,7847525,273723184.0
2024-05-30,33.43,34.01,33.34,33.63,7366191,256950569.0
2024-05-31,33.58,34.54,33.58,34.12,11892006,419969019.0
2024-06-03,34.16,34.33,33.85,34.27,5912290,208824298.0
2024-06-04,33.97,35.24,33.97,35.04,12947008,464675334.0
2024-06-05,35.04,36.56,34.95,35.68,21331132,794838232.0
2024-06-06,35.6,35.8,35.28,35.33,11331551,416309217.0
2024-06-07,35.55,36.12,35.29,35.75,13848522,511948081.0
2024-06-11,35.96,37.47,35.54,37.13,28133057,1068826797.0
2024-06-12,37.08,38.07,36.77,36.92,15469334,597853242.0
2024-06-13,36.72,37.4,36.37,37.34,15265798,584762476.0
2024-06-14,37.11,37.91,37.01,37.83,17626936,687612152.0
2024-06-17,37.84,38.27,37.41,37.82,14806253,579649878.0
2024-06-18,37.68,37.91,37.07,37.62,13821429,534771145.0
2024-06-19,37.41,37.51,36.41,36.43,14066884,534209710.0
2024-06-20,36.71,36.92,36.04,36.12,11511550,434745439.0
2024-06-21,36.12,36.83,35.87,36.25,7810983,293160790.0
2024-06-24,36.12,36.46,35.75,36.07,10976621,410960318.0
2024-06-25,36.07,36.32,35.66,35.86,8562886,318456364.0
2024-06-26,35.92,36.31,35.09,36.17,8716027,321263593.0
2024-06-27,36.04,36.14,35.48,35.67,6189129,229042164.0
2024-06-28,35.57,36.99,35.5,36.77,12241556,463922380.0
2024-07-01,36.77,37.19,36.39,37.11,9015692,343317791.0
2024-07-02,37.19,37.45,36.86,37.01,6155232,236421430.0
2024-07-03,36.91,37.1,35.31,35.61,11656314,431190525.0
2024-07-04,35.59,36.09,35.41,35.76,6694138,247831180.0
2024-07-05,35.66,35.97,34.55,35.33,10847165,392878546.0
2024-07-08,35.17,35.26,34.31,34.43,8004583,288265343.0
2024-07-09,34.3,35.2,34.23,34.97,6019551,217099048.0
2024-07-10,34.9,35.67,34.87,35.02,7821578,285115221.0
2024-07-11,35.31,35.57,34.85,35.29,7227523,263869455.0
2024-07-12,35.26,35.26,34.12,34.31,11910986,424404794.0
2024-07-15,34.26,34.47,34.06,34.26,6059469,214831076.0
2024-07-16,34.12,34.64,33.93,34.6,7793981,277111929.0
2024-07-17,34.59,35.3,34.34,34.92,12104583,436921040.0
2024-07-18,34.78,37.11,34.71,36.83,22843598,854639458.0
2024-07-19,36.83,37.67,36.39,37.54,12981887,500402972.0
2024-07-22,37.64,38.34,37.35,37.7,13614564,533539513.0
2024-07-23,37.59,37.69,36.72,36.73,8846790,339216841.0
2024-07-24,36.72,37.69,36.61,37.12,9601622,369142579.0
2024-07-25,36.9,36.98,36.14,36.53,8276014,312129649.0
2024-07-26,36.6,38.23,36.43,37.97,12982728,505640065.0
2024-07-29,38.07,38.1,36.93,37.01,11359980,440020615.0
2024-07-30,36.9,37.74,36.9,37.2,9125677,351751011.0
2024-07-31,37.06,37.88,36.72,37.66,12650829,490013733.0
2024-08-01,37.68,38.7,37.06,37.2,15865233,621165219.0
2024-08-02,36.83,37.73,36.69,36.88,9416621,361961308.0
2024-08-05,36.72,37.32,35.79,35.83,11299095,424433690.0
2024-08-06,35.95,37.57,35.93,37.57,13428380,513476187.0
2024-08-07,37.49,38.02,37.23,37.79,9037971,352711675.0
2024-08-08,37.62,37.67,36.27,36.67,8861637,337606344.0
2024-08-09,36.72,36.96,35.8,36.06,8738305,327105071.0
2024-08-12,35.81,36.14,35.31,35.97,3980889,147652786.0
2024-08-13,35.95,36.6,35.88,36.49,5940448,223884305.0
2024-08-14,36.51,36.7,36.13,36.39,4294442,161783008.0
2024-08-15,36.3,36.8,36.12,36.55,5193788,196282993.0
2024-08-16,36.53,36.62,35.56,35.8,8490071,315478827.0
2024-08-19,35.66,36.45,35.41,35.45,6271222,232981592.0
2024-08-20,35.5,35.66,34.21,34.78,13174298,471312491.0
2024-08-21,34.5,34.87,34.14,34.19,6100590,217262611.0
2024-08-22,34.2,34.39,33.11,33.84,9289328,323833384.0
2024-08-23,33.82,34.11,33.63,33.72,5899091,206595973.0
2024-08-26,33.63,33.72,32.57,33.19,9274179,316442222.0
2024-08-27,33.03,33.39,32.76,33.31,6258984,214673284.0
2024-08-28,33.14,35.33,33.14,35.17,16155132,580708110.0
2024-08-29,34.9,36.02,34.84,35.67,10303374,380577420.0
2024-08-30,35.66,36.24,35.38,35.65,8429634,312498408.0
2024-09-02,35.46,36.36,35.33,35.77,11616620,433789938.0
2024-09-03,35.51,36.43,35.51,36.21,6590203,247283467.0
2024-09-04,36.21,36.7,35.67,36.52,6587666,248675598.0
2024-09-05,36.6,36.84,36.24,36.45,6676662,252405613.0
2024-09-06,36.42,36.72,35.95,36.11,4398772,165328558.0
2024-09-09,35.95,37.09,35.85,36.58,8821665,334997967.0
2024-09-10,36.64,37.09,36.24,36.76,6369617,241446143.0
2024-09-11,36.61,36.99,36.53,36.76,4939844,188447242.0
2024-09-12,36.8,36.98,36.45,36.54,5584890,212044581.0
2024-09-13,36.33,36.82,35.57,35.7,9378155,349082174.0
2024-09-18,35.5,36.41,35.5,35.81,6352200,236256025.0
2024-09-19,36.05,36.16,35.08,35.68,4785655,176269743.0
2024-09-20,35.74,35.94,35.08,35.58,5209607,190614507.0
2024-09-23,35.37,36.42,35.35,35.63,6875442,255766555.0
2024-09-24,35.63,37.02,35.41,36.87,9365308,354196676.0
2024-09-25,36.87,37.73,36.13,36.52,16084797,612716208.0
2024-09-26,36.5,37.1,36.15,37.1,16425358,624547982.0
2024-09-27,37.32,38.8,36.6,38.25,28974088,1128294201.0
2024-09-30,39.29,42.07,39.28,42.07,33670398,1431041246.0
2024-10-08,46.28,46.28,42.9,45.96,38486967,1793981114.0
2024-10-09,45.42,45.42,41.65,41.74,29257555,1302858215.0
2024-10-10,41.72,43.77,41.71,42.33,20247264,897665292.0
2024-10-11,42.35,43.08,40.39,40.97,18146090,784080367.0
2024-10-14,41.36,42.5,40.93,41.72,25733657,1104734833.0
2024-10-15,41.47,42.84,40.89,41.96,20728104,902434227.0
2024-10-16,41.55,41.99,40.18,40.57,15315405,649962988.0
2024-10-17,40.87,42.13,40.58,41.42,16302327,702877340.0
2024-10-18,41.45,43.18,41.17,42.4,15188662,665073701.0
2024-10-21,42.64,44.55,42.63,43.42,22599143,1024352520.0
2024-10-22,43.48,43.78,42.24,42.7,14115417,623928784.0
2024-10-23,42.85,44.32,42.34,42.93,19051065,854915776.0
2024-10-24,42.81,42.81,41.4,42.0,13341660,578919869.0
2024-10-25,42.0,42.41,41.45,42.1,13092423,566708499.0
2024-10-28,42.13,42.88,42.03,42.68,10854064,478236799.0
2024-10-29,42.9,43.09,41.92,42.69,11552289,509890073.0
2024-10-30,42.47,43.94,42.22,43.26,14632014,656289303.0
2024-10-31,43.0,43.19,42.16,42.66,13711917,603047914.0
2024-11-01,42.57,42.79,41.43,41.78,12784924,555566717.0
2024-11-04,42.03,42.99,41.67,42.47,10851835,476709796.0
2024-11-05,42.62,44.11,42.62,43.96,22732300,1027751723.0
2024-11-06,44.19,44.8,43.39,43.72,19328325,880038649.0
2024-11-07,43.55,43.58,42.01,43.48,21750091,961231958.0
2024-11-08,43.48,44.45,43.13,43.71,21712267,985316367.0
2024-11-11,44.06,44.44,42.83,44.43,26815378,1212497596.0
2024-11-12,44.56,44.81,42.32,42.61,27505987,1239948042.0
2024-11-13,42.65,43.15,41.83,42.88,14255892,626688544.0
2024-11-14,42.75,42.75,40.63,40.73,24991858,1068388169.0
2024-11-15,40.66,40.94,39.86,39.92,12304305,514205548.0
2024-11-18,39.91,40.37,39.14,39.47,12809962,526288459.0
2024-11-19,39.62,40.28,39.01,40.06,9469833,388465674.0
2024-11-20,39.9,40.2,39.64,40.12,7803623,322506688.0
2024-11-21,40.1,40.29,39.52,39.84,7716293,318402890.0
2024-11-22,39.77,39.77,38.25,38.3,14258788,574746018.0
2024-11-25,38.26,38.7,37.59,38.06,12322888,484679677.0
2024-11-26,37.99,39.0,37.89,38.23,9611542,383419131.0
2024-11-27,38.22,39.07,37.49,38.84,13097149,520470488.0
2024-11-28,38.75,39.42,38.42,38.56,8448849,340423057.0
2024-11-29,38.32,38.93,38.19,38.72,9199291,367528469.0
2024-12-02,38.77,39.49,38.46,39.38,11207244,453709221.0
2024-12-03,39.33,39.41,38.72,38.85,9682740,390398166.0
2024-12-04,38.82,39.03,38.55,38.58,5889995,236118229.0
2024-12-05,38.57,38.88,38.37,38.73,6459582,258360012.0
2024-12-06,38.75,39.12,38.57,39.05,7398663,298036451.0
2024-12-09,39.05,39.05,38.45,38.56,8068834,322950818.0
2024-12-10,39.62,39.62,38.51,38.64,11876294,478679458.0
2024-12-11,38.46,38.79,37.88,38.09,12727548,503034149.0
2024-12-12,38.1,39.01,38.1,38.82,15845409,634578755.0
2024-12-13,38.56,38.76,37.73,37.74,14764842,582007642.0
2024-12-16,37.76,37.88,36.71,36.86,13849689,530340573.0
2024-12-17,36.88,37.17,36.55,37.01,7862723,300524265.0
2024-12-18,37.15,37.38,36.78,36.94,8377508,320645573.0
2024-12-19,36.78,37.15,36.13,37.05,10795455,408827038.0
2024-12-20,37.11,37.96,36.84,37.78,12798342,497513577.0
2024-12-23,37.69,38.12,37.32,37.44,10216871,397345965.0
2024-12-24,37.36,37.64,37.09,37.43,8636657,333098897.0
2024-12-25,37.48,37.49,36.84,37.08,9111675,349365314.0
2024-12-26,37.11,38.32,37.09,37.9,17451604,684419175.0
2024-12-27,39.5,39.63,38.37,38.46,23485986,943186889.0
2024-12-30,38.47,38.87,38.25,38.37,13421323,535204022.0
2024-12-31,38.18,38.42,37.54,37.98,12874898,505616861.0
2025-01-02,37.79,37.98,36.16,36.32,14665556,561079251.0
2025-01-03,36.1,36.64,35.6,35.69,13928165,519488952.0
2025-01-06,35.7,35.7,34.86,35.13,10636099,387113149.0
2025-01-07,35.14,35.83,34.98,35.8,6551082,240189429.0
2025-01-08,35.73,35.73,34.64,35.29,8862293,322929025.0
2025-01-09,35.27,36.35,34.79,36.15,15231291,562739978.0
2025-01-10,36.04,37.28,35.95,36.38,15966794,605148242.0
2025-01-13,36.04,36.8,35.9,36.01,8753477,328229201.0
2025-01-14,36.01,36.84,35.86,36.8,10988023,415456366.0
2025-01-15,36.72,36.77,35.61,35.7,10841171,404498763.0
2025-01-16,35.87,36.27,35.12,35.5,13347653,491263177.0
2025-01-17,35.27,36.53,35.15,36.24,14605053,543865483.0
2025-01-20,36.4,36.69,35.98,36.21,12508119,470930529.0
2025-01-21,36.39,36.46,35.6,35.92,11334521,419706583.0
2025-01-22,36.6,37.46,36.26,36.67,25837651,987041550.0
2025-01-23,37.06,37.83,36.72,36.76,20895821,804812683.0
2025-01-24,36.84,37.07,36.55,36.74,13484795,513101310.0
2025-01-27,36.74,36.85,36.26,36.42,9644155,363892923.0
2025-02-05,36.5,36.55,35.65,36.04,11616428,432243899.0
2025-02-06,35.9,36.62,35.71,36.55,14126084,531295656.0
2025-02-07,36.55,37.3,36.38,37.2,18809558,720232679.0
2025-02-10,37.21,37.35,36.96,37.17,13405374,514917616.0
2025-02-11,37.35,37.35,36.67,36.84,12039419,458858999.0
2025-02-12,36.84,36.92,36.51,36.89,12906971,490400162.0
2025-02-13,36.9,37.26,36.15,36.26,19731795,747145348.0
2025-02-14,36.26,36.27,35.65,35.82,17389120,645096214.0
2025-02-17,35.93,36.01,35.45,35.71,13552092,501082028.0
2025-02-18,35.72,35.77,34.24,34.58,29618108,1071845085.0
2025-02-19,34.55,34.88,34.4,34.88,15205018,545712676.0
2025-02-20,34.89,35.83,34.7,35.55,23339075,852621692.0
2025-02-21,35.52,36.14,35.45,35.93,24475617,909233466.0
2025-02-24,36.09,36.7,35.53,36.36,23286456,872112205.0
2025-02-25,36.02,36.21,35.77,35.94,15525847,578438639.0
2025-02-26,35.94,37.78,35.91,37.52,41835216,1603166288.0
2025-02-27,37.68,38.02,37.2,37.69,26351411,1025779459.0
2025-02-28,37.55,37.8,36.33,36.42,22221422,849786161.0
2025-03-03,36.33,37.09,35.99,36.21,18787835,711220917.0
2025-03-04,36.05,37.95,36.05,37.81,30961845,1199277413.0
2025-03-05,37.7,38.71,37.69,37.91,26637199,1056326543.0
2025-03-06,37.92,38.78,37.92,38.59,19526005,778129691.0
2025-03-07,38.7,40.58,38.7,40.14,43984228,1820194290.0
2025-03-10,40.58,41.65,39.53,39.89,36557062,1527059738.0
2025-03-11,39.42,41.42,39.36,41.12,31576461,1331841326.0
2025-03-12,41.23,42.18,40.73,40.85,18738596,800462447.0
2025-03-13,40.83,41.36,40.3,40.97,18736584,790714929.0
2025-03-14,40.97,41.53,40.57,41.42,25151211,1070008851.0
2025-03-17,41.7,41.84,41.11,41.49,12047180,515656201.0
2025-03-18,41.53,42.19,40.78,40.81,22550538,968615179.0
2025-03-19,40.86,40.99,40.31,40.57,15497401,650470455.0
2025-03-20,40.63,41.81,40.49,40.9,17482435,744284328.0
2025-03-21,40.66,41.5,40.1,40.58,15677354,659755611.0
2025-03-24,40.58,40.73,39.42,39.85,14117545,583677836.0
2025-03-25,39.91,41.55,39.91,40.45,23847344,1012347286.0
2025-03-26,40.57,41.54,40.22,40.67,14892719,629205507.0
2025-03-27,40.49,40.83,39.87,40.2,12278235,511759887.0
2025-03-28,40.19,41.04,40.03,40.54,12678752,531349789.0
2025-03-31,40.38,40.85,38.86,39.65,19278824,790505331.0
2025-04-01,39.9,41.07,39.33,40.33,16737712,698899485.0
2025-04-02,40.16,40.21,39.13,39.57,17828471,727260300.0
2025-04-03,39.28,40.19,39.24,39.66,10567794,434782369.0
2025-04-07,38.02,39.99,37.14,38.19,33812243,1355882348.0
2025-04-08,38.32,40.04,38.32,39.91,30103733,1223754345.0
2025-04-09,39.63,42.23,39.43,41.49,34311402,1468729922.0
2025-04-10,41.49,41.84,40.54,41.31,20574804,881607627.0
2025-04-11,41.13,42.52,40.79,41.89,23193763,1005880972.0
2025-04-14,42.1,42.15,41.26,41.7,13444869,578541958.0
2025-04-15,41.55,41.55,40.47,41.16,15151333,640125548.0
2025-04-16,41.0,41.53,40.55,41.17,9633382,407691487.0
2025-04-17,40.75,41.22,40.57,40.66,8888804,375595643.0
2025-04-18,40.5,40.78,40.13,40.61,7898238,331294438.0
2025-04-21,40.68,41.14,39.65,40.3,13953230,583926742.0
2025-04-22,40.2,40.47,39.96,40.13,6964055,289621581.0
2025-04-23,40.23,40.42,39.47,39.52,11012696,452265061.0
2025-04-24,39.42,39.76,39.12,39.3,8832209,359742682.0
2025-04-25,39.5,39.71,39.29,39.39,8069163,329419866.0
2025-04-28,39.43,39.84,39.31,39.62,11345390,464340700.0
2025-04-29,38.85,39.84,38.39,39.35,16111419,654743565.0
2025-04-30,39.53,40.1,39.08,39.26,12752637,521244068.0
2025-05-06,39.32,39.39,38.87,39.23,13718675,555445976.0
2025-05-07,39.62,40.58,39.62,40.53,28270985,1174804176.0
2025-05-08,40.43,40.96,39.82,40.85,19768838,825850249.0
2025-05-09,40.94,41.02,39.42,39.46,21326704,880111325.0
2025-05-12,39.46,42.18,39.38,40.81,47052489,1992027566.0
2025-05-13,40.93,40.93,39.31,39.58,26177524,1078475768.0
2025-05-14,39.42,39.57,38.97,39.1,15905158,644279732.0
2025-05-15,39.09,39.09,38.27,38.27,16068717,640343210.0
2025-05-16,38.2,38.64,38.02,38.48,10528211,418496191.0
2025-05-19,38.45,38.89,38.27,38.74,10284857,411202563.0
2025-05-20,38.75,38.88,38.24,38.83,11976465,477741327.0
2025-05-21,38.66,39.3,38.56,38.94,11524058,464311644.0
2025-05-22,38.82,39.2,38.47,38.88,9342790,376128724.0
2025-05-23,38.75,38.87,38.43,38.43,8379378,334948160.0
2025-05-26,38.38,38.56,38.08,38.27,7640711,302915419.0
2025-05-27,38.23,38.35,37.3,37.43,13218842,513592867.0
2025-05-28,37.39,37.86,37.32,37.51,6497661,252852507.0
2025-05-29,37.52,38.03,37.45,37.87,7010849,274547964.0
2025-05-30,37.83,38.01,37.49,37.9,6586280,257389478.0
2025-06-03,37.83,38.63,37.61,38.49,12672141,500265968.0
2025-06-04,38.44,38.56,38.27,38.36,5995876,238393464.0
2025-06-05,38.36,38.7,38.15,38.53,7991653,318332644.0
2025-06-06,38.53,38.98,38.48,38.79,7500479,301306493.0
2025-06-09,38.92,39.29,38.17,38.53,15021293,601738262.0
2025-06-10,38.17,38.25,37.24,37.3,22953530,891960295.0
2025-06-11,37.33,37.78,37.13,37.4,10383417,403270592.0
2025-06-12,37.45,37.46,36.94,37.04,9847496,377943795.0
2025-06-13,37.16,37.55,36.98,37.53,14262584,550357835.0
2025-06-16,37.67,37.68,36.98,37.54,9969972,385665901.0
2025-06-17,37.63,37.63,37.21,37.33,8122924,307894893.0
2025-06-18,37.3,37.96,37.29,37.74,11913292,455023288.0
2025-06-19,37.68,37.68,36.77,37.02,13797087,518736483.0
2025-06-20,36.9,37.03,36.6,36.62,7189409,268062356.0
2025-06-23,36.62,37.9,36.62,37.58,16448235,623470716.0
2025-06-24,37.29,38.28,37.17,37.93,14688632,562314080.0
2025-06-25,37.93,38.77,37.87,38.66,17493671,681676307.0
2025-06-26,38.66,39.31,38.42,38.43,16253697,641150500.0
2025-06-27,38.44,39.26,38.27,38.96,13152201,518413540.0
2025-06-30,38.99,39.89,38.97,39.82,17538211,705007759.0
2025-07-01,39.82,39.86,38.8,39.08,18813921,744578218.0
2025-07-02,39.08,39.1,38.63,38.83,8507942,334848456.0
2025-07-03,38.75,39.13,38.62,38.71,8765928,344489391.0
2025-07-04,38.66,39.1,38.48,38.73,8442877,331497442.0
2025-07-07,38.72,38.76,38.46,38.48,6019951,235459405.0
2025-07-08,38.48,39.61,38.47,39.42,18827623,751167615.0
2025-07-09,39.42,39.64,38.73,38.84,11017849,437089521.0
2025-07-10,38.72,38.82,38.3,38.6,9699299,378588314.0
2025-07-11,38.58,38.82,38.5,38.69,8254930,323663929.0
2025-07-14,38.69,38.88,38.39,38.46,9082504,355410713.0
2025-07-15,38.47,38.53,37.69,38.13,14211307,547933034.0
2025-07-16,38.08,38.6,37.69,38.01,12383504,477801629.0
2025-07-17,38.01,38.57,37.88,38.48,15356112,595011011.0
2025-07-18,38.54,38.73,38.14,38.62,15006701,585799944.0
2025-07-21,38.62,38.77,38.39,38.7,12506651,489292340.0
2025-07-22,38.52,38.74,38.4,38.62,14899837,582780247.0
2025-07-23,38.62,39.13,38.19,38.31,15806075,617437620.0
2025-07-24,38.3,38.42,38.06,38.4,17093193,661861132.0
2025-07-25,38.49,38.49,38.13,38.18,13404250,519313045.0
2025-07-28,38.21,39.17,38.18,38.78,27230856,1070306987.0
2025-07-29,38.78,38.82,38.01,38.45,24152268,938533561.0
2025-07-30,38.46,38.74,37.92,38.18,22045208,858199143.0
2025-07-31,38.1,38.29,37.44,37.67,19506902,747725016.0
2025-08-01,37.71,37.71,37.06,37.21,20455336,771042402.0
2025-08-04,37.09,37.74,37.0,37.74,16134077,613170923.0
2025-08-05,37.78,38.22,37.75,37.89,16818434,647188326.0
2025-08-06,37.92,38.45,37.69,38.35,23440210,908996377.0
2025-08-07,38.48,38.48,37.89,38.1,16729992,646387750.0
2025-08-08,38.11,38.28,37.77,37.84,13951776,537017816.0
2025-08-11,37.97,39.04,37.69,38.56,30559323,1194387786.0
2025-08-12,38.49,38.63,38.02,38.24,17044608,660290192.0
2025-08-13,38.25,38.66,38.15,38.52,19519851,760014893.0
2025-08-14,39.38,42.07,39.38,40.12,73954810,3050514599.0
2025-08-15,39.77,41.42,39.48,41.11,43161373,1771076920.0
2025-08-18,41.32,41.66,40.65,41.19,33920052,1416934712.0
2025-08-19,41.22,41.44,40.05,40.61,27780020,1146355378.0
2025-08-20,40.45,40.56,39.92,40.48,24572544,1001738284.0
2025-08-21,40.51,41.91,40.49,40.84,30108108,1253891672.0
2025-08-22,40.9,40.92,40.19,40.85,21954352,903513100.0
2025-08-25,40.94,41.62,40.76,41.52,31550690,1318259691.0
2025-08-26,41.51,41.65,40.86,41.26,23241532,973985724.0
2025-08-27,41.29,41.63,40.39,40.43,26357009,1099737267.0
2025-08-28,40.31,41.44,40.03,41.4,23519240,968125788.0
2025-08-29,41.44,41.68,41.07,41.29,26469086,1108930803.0
2025-09-01,41.49,42.41,40.87,42.11,37281096,1576176530.0
2025-09-02,42.13,42.23,40.31,40.99,30267600,1255635523.0
2025-09-03,41.0,41.0,39.06,39.09,27524552,1106435458.0
2025-09-04,39.12,39.38,38.13,38.37,23959678,937973153.0
2025-09-05,38.53,38.74,38.13,38.59,24735704,963432925.0
2025-09-08,38.6,39.35,38.13,39.18,18241530,717241219.0
2025-09-09,39.03,39.18,38.48,38.78,12209426,480299742.0
2025-09-10,38.77,38.95,38.19,38.4,10661044,416002637.0
2025-09-11,38.4,39.02,38.14,39.02,14910255,583412867.0
2025-09-12,39.02,39.06,38.65,38.78,17641491,693997931.0
2025-09-15,38.81,38.84,38.3,38.38,13975037,544292697.0
2025-09-16,38.38,38.51,38.1,38.47,10364281,402551986.0
2025-09-17,38.57,39.32,38.46,39.26,19223918,756802292.0
2025-09-18,39.12,40.81,38.97,39.83,29318100,1185500043.0
2025-09-19,40.27,40.93,39.93,40.87,30396921,1252925220.0
2025-09-22,40.93,41.35,40.38,40.98,23472468,973989030.0
2025-09-23,40.94,41.33,40.19,40.87,21036693,868679411.0
2025-09-24,40.55,41.02,40.25,40.85,14252414,588155946.0
2025-09-25,40.81,40.81,39.74,39.97,19473577,791379486.0
2025-09-26,39.86,40.69,39.51,39.68,19749958,801253745.0
2025-09-29,40.11,40.68,39.69,40.33,17521317,713971119.0
2025-09-30,40.21,41.23,40.01,40.72,20730412,856787564.0
2025-10-09,41.16,41.16,39.62,40.44,25455709,1038534634.0
2025-10-10,40.45,40.94,40.16,40.3,20199126,829502048.0
2025-10-13,39.46,40.57,39.37,40.32,16911710,685707739.0
2025-10-14,40.32,40.44,39.07,39.1,26785175,1073446510.0
2025-10-15,39.22,39.25,38.24,38.93,20306080,795267569.0
2025-10-16,38.99,39.5,38.59,38.7,13719306,540185301.0
2025-10-17,38.62,38.65,37.65,37.76,20232562,780041360.0
2025-10-20,37.93,38.03,37.18,37.38,21871974,832808733.0
2025-10-21,37.38,37.53,37.09,37.21,28180863,1062535409.0
2025-10-22,37.2,37.21,36.58,36.67,25103768,934787592.0
2025-10-23,36.65,36.72,36.0,36.5,23664817,872180259.0
2025-10-24,36.73,37.28,36.73,36.95,23717203,889565355.0
2025-10-27,37.21,37.57,36.95,37.23,29718181,1120666955.0
2025-10-28,37.23,37.45,36.89,37.3,19143769,723084233.0
2025-10-29,37.31,37.4,37.12,37.27,15530888,586103477.0
2025-10-30,34.1,35.5,34.1,34.71,70171434,2472698708.0
2025-10-31,34.54,34.86,34.5,34.63,24326890,854133225.0
2025-11-03,34.63,34.82,34.04,34.54,25111685,874498235.0
2025-11-04,34.43,34.71,34.34,34.47,14919996,522243628.0
2025-11-05,34.25,34.71,34.2,34.57,16053061,562648077.0
2025-11-06,34.57,35.02,34.54,34.79,17522540,618435928.0
2025-11-07,34.71,34.73,34.25,34.44,19217971,670589783.0
2025-11-10,34.44,34.86,34.36,34.86,20326972,714616466.0
2025-11-11,34.92,35.61,34.9,35.23,22255972,794529910.0
2025-11-12,35.22,35.7,35.1,35.66,20063763,722511757.0
2025-11-13,35.62,35.62,35.13,35.39,19003624,679215645.0
2025-11-14,35.29,35.69,35.13,35.44,14102960,507393540.0
2025-11-17,35.76,36.05,35.53,35.64,16285423,590746267.0
2025-11-18,35.42,35.76,35.28,35.32,10790417,386951944.0
2025-11-19,35.23,35.57,34.98,35.02,11845184,423025666.0
2025-11-20,35.21,35.21,34.45,34.51,12972409,455883323.0
2025-11-21,34.26,34.51,33.68,34.1,16563068,572499020.0
2025-11-24,34.2,35.05,34.09,34.92,14532170,509617439.0
2025-11-25,34.94,34.94,34.53,34.63,12048596,422827805.0
2025-11-26,34.53,34.53,33.74,33.85,20372629,702706788.0
2025-11-27,33.87,33.88,33.4,33.48,14746189,502313911.0
2025-11-28,33.45,33.49,32.88,33.49,19071081,640372177.0
2025-12-01,33.52,33.78,33.51,33.75,12977126,443067568.0
2025-12-02,33.71,33.71,33.25,33.27,13156268,446312907.0
2025-12-03,33.36,33.4,32.8,32.86,14659977,489798415.0
2025-12-04,32.8,33.0,32.52,32.76,13520152,448533608.0
2025-12-05,32.73,33.06,32.56,33.04,13655503,454572254.0
2025-12-08,33.08,33.58,33.0,33.05,24465629,825811038.0
2025-12-09,33.12,33.18,32.63,32.69,19993451,665284659.0
2025-12-10,32.65,32.98,32.37,32.87,15291481,507615942.0
2025-12-11,32.88,32.99,32.36,32.38,17714358,585046003.0
2025-12-12,32.36,32.36,31.74,31.84,32697734,1057410719.0
2025-12-15,31.86,33.88,31.84,33.14,47928985,1599715146.0
2025-12-16,32.95,33.04,32.19,32.45,25701382,845343756.0
2025-12-17,32.36,32.66,31.83,32.44,23058892,752138713.0
2025-12-18,32.15,33.46,32.09,33.02,35309830,1180594117.0
2025-12-19,33.03,33.89,33.03,33.68,32973159,1122967745.0
2025-12-22,33.99,34.3,33.45,33.72,35149816,1205113040.0
2025-12-23,33.72,33.72,32.89,32.98,30830418,1037213958.0
2025-12-24,32.85,33.45,32.77,33.3,23373418,786207151.0
2025-12-25,33.29,34.58,33.23,34.42,51591978,1786613934.0
2025-12-26,34.54,34.71,34.0,34.32,46733859,1623486042.0
2025-12-29,34.68,36.39,34.68,35.57,74497870,2669192350.0
2025-12-30,35.21,35.54,34.81,34.99,46373742,1651877003.0
2025-12-31,34.86,35.93,34.33,34.97,49968965,1772155262.0
2026-01-05,35.57,35.9,34.81,35.29,66484222,2375221714.0
2026-01-06,35.1,36.91,34.99,36.73,99855797,3656624475.0
2026-01-07,37.0,38.06,36.18,36.58,96735872,3622234134.0
2026-01-08,36.59,38.43,36.23,37.98,95875819,3638821376.0
2026-01-09,38.3,39.84,37.98,38.37,124358988,4876998080.0
2026-01-12,39.43,40.42,39.37,40.04,110964030,4482077227.0
2026-01-13,41.38,41.38,37.47,37.67,124043673,4850927536.0
2026-01-14,37.46,38.8,37.08,37.57,84547520,3254624624.0
2026-01-15,37.13,37.42,36.21,36.28,75958287,2813145684.0
2026-01-16,36.66,36.7,36.01,36.35,45993068,1692443645.0
2026-01-19,36.35,37.81,36.17,37.35,61877081,2318174690.0
2026-01-20,37.1,37.34,36.06,36.25,49933106,1846269236.0
2026-01-21,35.97,36.45,35.91,35.96,33974921,1245271765.0
2026-01-22,35.93,36.61,35.93,36.33,35158342,1294556906.0
2026-01-23,36.52,37.33,36.19,37.07,58507823,2188891496.0
2026-01-26,37.09,37.09,35.54,35.58,62244211,2276596212.0
2026-01-27,35.42,35.73,34.86,35.39,44983094,1609446612.0
2026-01-28,35.72,35.77,34.71,34.73,43320165,1535617205.0
2026-01-29,34.54,34.81,33.87,34.0,55206417,1914264260.0
2026-01-30,33.92,34.12,33.32,33.83,31776616,1087609045.0
2026-02-02,34.04,34.35,33.51,33.53,26320938,905875136.0
2026-02-03,33.93,34.53,33.73,34.52,31932256,1107483913.0
2026-02-04,34.33,34.78,34.25,34.54,25444420,889715710.0
2026-02-05,34.39,34.81,34.25,34.36,17895850,625104017.0
2026-02-06,34.14,34.37,33.98,34.15,16573044,574335360.0
2026-02-09,34.44,34.55,34.16,34.33,26518462,923321880.0
2026-02-10,34.04,34.21,33.6,34.11,26626456,915461568.0
2026-02-11,33.91,34.3,33.76,33.84,22536091,777212252.0
2026-02-12,33.82,34.18,33.73,34.05,18554171,639185434.0
2026-02-13,34.07,34.33,33.77,33.83,25838792,891056387.0
2026-02-24,34.06,34.55,33.98,34.41,25826598,898599974.0
2026-02-25,34.51,34.84,34.33,34.75,25518235,896092916.0
2026-02-26,34.93,35.54,34.49,35.38,40841174,1453011834.0
2026-02-27,35.3,35.31,34.9,35.07,27655513,983247043.0
2026-03-02,35.5,36.0,35.18,35.97,58053784,2100538666.0
2026-03-03,36.01,36.07,34.42,34.46,46491397,1653514447.0
2026-03-04,34.1,34.8,33.99,34.6,27212610,949702150.0
2026-03-05,34.75,34.93,34.29,34.54,26124884,916392501.0
2026-03-06,34.53,35.02,34.33,34.82,23654174,832371022.0
2026-03-09,34.35,34.36,33.64,33.96,28973563,996417539.0
2026-03-10,34.12,35.13,34.11,34.88,36602077,1290438854.0
2026-03-11,35.81,37.18,35.14,36.81,103068808,3797102665.0
2026-03-12,36.58,37.55,36.39,37.27,80062317,3010629499.0
2026-03-13,36.71,36.8,35.0,35.08,69304650,2516402693.0
2026-03-16,35.02,35.3,34.38,34.89,34063717,1200732050.0
2026-03-17,35.03,35.1,34.11,34.14,31035181,1087235319.0
2026-03-18,34.31,35.01,34.04,34.96,31164412,1092171722.0
2026-03-19,34.43,34.72,33.89,34.1,31131206,1079959896.0
2026-03-20,34.08,34.18,33.02,33.08,32516189,1104287993.0
2026-03-23,32.38,32.85,31.95,32.14,28083392,920283144.0
2026-03-24,32.47,32.76,31.92,32.61,20796797,681756167.0
2026-03-25,32.71,33.47,32.69,33.28,20090005,675515315.0
2026-03-26,33.49,33.5,32.76,32.94,17271441,579280982.0
2026-03-27,32.56,33.04,32.39,32.79,13342839,443684341.0
2026-03-30,32.38,33.77,32.32,33.5,23393357,783859002.0
2026-03-31,33.49,33.93,33.18,33.35,17267830,586725502.0
2026-04-01,33.74,33.8,33.28,33.64,18633316,633312222.0
2026-04-02,33.43,33.62,32.76,32.81,15268736,512746821.0
2026-04-03,32.88,33.05,32.38,32.65,16149042,534290572.0
2026-04-07,32.66,34.86,32.66,34.61,54328091,1891063606.0
2026-04-08,34.76,35.48,34.62,35.22,43650664,1553627643.0
2026-04-09,34.89,36.95,34.83,36.39,74731553,2742451277.0
2026-04-10,36.31,36.89,35.89,36.35,60174158,2218272600.0
2026-04-13,36.03,36.99,36.01,36.25,32960568,1218841215.0
2026-04-14,36.44,36.47,35.82,36.02,28650210,1047768734.0
2026-04-15,36.25,36.41,35.32,35.39,26760169,970012584.0
2026-04-16,35.42,35.67,35.02,35.14,23734890,847479385.0
2026-04-17,35.07,35.62,34.63,35.18,27618257,980720471.0
2026-04-20,35.18,36.46,35.17,36.22,42638933,1561445357.0
2026-04-21,36.3,36.32,35.69,35.95,23949408,873069712.0
2026-04-22,35.72,35.95,35.47,35.93,23606700,854645527.0
2026-04-23,35.9,36.24,35.07,35.37,25036624,905146448.0
2026-04-24,35.36,35.96,34.71,34.74,31434684,1122454098.0
2026-04-27,34.14,36.56,33.74,36.45,65972511,2384917972.0
2026-04-28,36.11,36.16,34.85,35.06,35483950,1268135899.0
2026-04-29,34.82,35.99,34.8,35.76,27060993,977273048.0
2026-04-30,35.74,36.72,35.12,36.07,33882828,1231750774.0
2026-05-06,36.31,37.0,36.08,36.66,48562868,1801036613.0
2026-05-07,36.74,36.74,35.93,36.12,34783443,1275366232.0
2026-05-08,36.02,36.63,35.62,36.43,38084702,1399407988.0
2026-05-11,37.18,40.07,37.18,40.07,109805024,4429385719.0
2026-05-12,41.21,41.93,40.13,40.3,141075580,5848772195.0
2026-05-13,40.27,41.93,40.16,41.34,87365931,3625241259.0
2026-05-14,41.93,42.23,39.84,39.84,57075420,2360759599.0
2026-05-15,39.83,40.65,38.58,38.93,48066080,1920295725.0
2026-05-18,39.47,40.04,38.23,38.81,45690847,1801615824.0
2026-05-19,38.68,39.57,38.05,39.35,43976722,1729094629.0
2026-05-20,39.12,41.34,39.12,40.9,67691933,2800994378.0
2026-05-21,40.99,42.13,40.16,40.25,63546560,2664772774.0
2026-05-22,40.52,41.15,40.25,40.72,33126553,1364307611.0
2026-05-25,40.83,40.9,38.85,40.45,56854117,2280275465.0
2026-05-26,40.45,41.9,38.95,39.48,54247852,2183358964.0
2026-05-27,39.69,40.7,38.5,38.71,43677147,1729959674.0
2026-05-28,38.66,39.57,38.17,38.99,41203859,1603134918.0
2026-05-29,39.0,39.46,36.15,36.42,53107199,1976796752.0
2026-06-01,36.75,37.18,35.75,35.84,36348749,1325834765.0
2026-06-02,35.9,36.04,34.79,35.63,34610578,1222647279.0
2026-06-03,36.01,38.24,36.01,36.92,45479932,1704519670.0
2026-06-04,36.51,39.86,36.3,39.22,66001448,2548284222.0
2026-06-05,38.75,39.37,37.64,37.78,44996127,1736350473.0
2026-06-08,36.77,37.35,35.12,35.33,47900081,1728609592.0
2026-06-09,35.87,37.2,35.34,37.14,41408571,1507675660.0
2026-06-10,37.05,38.28,36.01,37.16,36213942,1342579843.0
2026-06-11,36.76,37.09,36.08,36.5,26330775,960551548.0
2026-06-12,37.21,37.85,35.88,36.01,48192899,1784404744.0
2026-06-15,36.3,38.4,35.93,38.19,51688069,1935192236.0
2026-06-16,38.41,38.98,37.78,38.11,34777713,1331516017.0
2026-06-17,37.75,40.15,37.3,38.82,55289469,2148807039.0
2026-06-18,38.96,41.25,38.52,40.78,76630764,3092710142.0
2026-06-22,41.51,43.0,41.45,42.73,80173561,3407311429.0
2026-06-23,42.74,43.1,40.89,41.5,64071276,2684611058.0
2026-06-24,41.2,42.58,40.51,41.99,51327183,2131122695.0
2026-06-25,42.12,43.87,41.8,42.34,51938080,2206585688.0
2026-06-26,43.03,43.87,42.19,42.69,67178184,2895966626.0
2026-06-29,43.1,45.45,43.03,44.1,80402326,3551627773.0
2026-06-30,44.36,47.21,43.23,46.2,71266942,3247901084.0
2026-07-01,46.2,46.57,44.15,44.6,66210738,2989436376.0
2026-07-02,43.38,45.67,42.01,44.11,59531946,2621330094.0
2026-07-03,43.7,44.44,42.1,42.35,46425829,1994382931.0
2026-07-06,42.8,45.19,41.33,43.79,57000501,2462468529.0
2026-07-07,43.5,44.33,42.75,43.16,38533533,1675268843.0
2026-07-08,43.27,44.32,41.22,41.22,46922528,1997025534.0
2026-07-09,41.29,41.69,38.7,40.13,61404228,2445219426.0
2026-07-10,40.6,41.6,39.0,39.1,62780255,2543127505.0
2026-07-13,39.0,39.0,35.19,35.23,73726293,2695639457.0
2026-07-14,35.19,35.86,34.04,35.86,49880404,1754929007.0
2026-07-15,36.5,36.84,34.74,34.92,35356196,1253397086.0
2026-07-16,34.4,35.03,33.8,34.01,36038638,1238150516.0
2026-07-17,33.9,34.23,32.5,32.7,35173618,1169891102.0
2026-07-20,33.5,33.68,31.88,32.27,38660866,1261117001.0
2026-07-21,32.41,34.15,31.9,34.07,44066162,1459038899.0
2026-07-22,33.87,34.83,33.67,34.31,36028547,1239858235.0
2026-07-23,34.31,34.4,33.73,34.1,21278987,723286689.0
2026-07-24,33.78,33.99,33.3,33.33,16688398,561481879.0
2026-07-27,33.52,34.1,33.34,34.08,22231219,753006679.0
2026-07-28,33.57,33.74,32.85,32.91,22169572,735095577.0
2026-07-29,32.91,33.69,32.72,33.67,23048640,765289668.0
2026-07-30,33.33,33.82,32.85,33.38,26453752,881503682.0
2026-07-31,34.43,34.58,33.85,34.04,29563061,1011287311.0
2026-08-03,33.7,34.16,33.68,34.07,16142821,548029683.0
2026-08-04,34.09,34.6,34.08,34.41,26221266,902286112.0
2026-08-05,34.05,35.22,33.94,34.75,37229583,1286177422.0
2026-08-06,34.45,34.88,33.9,34.67,31265850,1076936769.0
