timestamps,open,high,low,close,volume,amount
2014-01-23,1.12,1.36,1.12,1.36,5926407,116329120.0
2014-01-24,1.49,1.49,1.49,1.49,5683243,123951528.0
2014-01-27,1.59,1.64,1.58,1.64,13644893,324416672.0
2014-01-28,1.68,1.78,1.65,1.75,18907406,472824864.0
2014-01-29,1.72,1.75,1.61,1.69,11668733,288245984.0
2014-01-30,1.67,1.85,1.65,1.75,10483663,267498224.0
2014-02-07,1.71,1.92,1.7,1.92,12978611,350584960.0
2014-02-10,1.92,2.11,1.88,2.01,12785973,370726080.0
2014-02-11,1.98,2.19,1.96,2.18,12187605,368546720.0
2014-02-12,2.19,2.34,2.1,2.17,12766512,411006336.0
2014-02-13,2.14,2.34,2.11,2.22,11169908,361927680.0
2014-02-14,2.2,2.32,2.16,2.32,9981840,331034848.0
2014-02-17,2.45,2.48,2.26,2.38,9646661,333497856.0
2014-02-18,2.34,2.48,2.31,2.36,9385707,326875200.0
2014-02-19,2.4,2.4,2.15,2.25,7223957,237730080.0
2014-02-20,2.2,2.31,2.15,2.25,4992672,163718000.0
2014-02-21,2.22,2.25,2.16,2.24,3972412,127990448.0
2014-02-24,2.24,2.33,2.22,2.33,4720280,157607424.0
2014-02-25,2.33,2.43,2.09,2.12,7077132,234529792.0
2014-02-26,1.98,2.09,1.95,2.01,5495634,160470672.0
2014-02-27,2.03,2.21,2.01,2.19,10438582,328725152.0
2014-02-28,2.08,2.33,1.97,2.31,9997884,310879328.0
2014-03-03,2.29,2.54,2.27,2.51,11669147,414194688.0
2014-03-04,2.44,2.64,2.33,2.4,11872837,432112000.0
2014-03-05,2.39,2.62,2.38,2.49,10930215,399561376.0
2014-03-06,2.46,2.6,2.3,2.51,9310233,335282144.0
2014-03-07,2.55,2.67,2.4,2.42,9984100,371897536.0
2014-03-10,2.24,2.33,2.18,2.19,7327445,241080720.0
2014-03-11,2.29,2.29,2.01,2.07,5664402,176075744.0
2014-03-12,2.08,2.11,1.91,2.03,6053986,176898960.0
2014-03-13,2.0,2.02,1.95,1.99,4245545,122976640.0
2014-03-14,1.96,2.03,1.96,2.0,3845711,112203024.0
2014-03-17,1.97,2.1,1.96,2.08,4599567,137793232.0
2014-03-18,2.08,2.12,2.04,2.04,5117797,155321040.0
2014-03-19,2.02,2.02,1.95,1.98,3791662,109640704.0
2014-03-20,1.97,1.99,1.88,1.88,3382954,95466800.0
2014-03-21,1.85,1.94,1.83,1.91,2565728,70612768.0
2014-03-24,1.89,1.93,1.79,1.82,3250566,88615072.0
2014-03-25,1.8,1.83,1.79,1.8,2467611,65064860.0
2014-03-26,1.81,1.84,1.79,1.8,2126718,56440428.0
2014-03-27,1.79,1.8,1.69,1.69,3122659,79189616.0
2014-03-28,1.7,1.77,1.64,1.76,4282746,107959352.0
2014-03-31,1.72,1.76,1.65,1.67,2318784,57853996.0
2014-04-01,1.68,1.77,1.67,1.77,2963923,75177856.0
2014-04-02,1.76,1.84,1.72,1.82,4331271,112305344.0
2014-04-03,1.78,1.88,1.78,1.82,4195471,112426424.0
2014-04-04,1.8,1.82,1.78,1.79,2133392,55982188.0
2014-04-08,1.78,1.84,1.76,1.83,2626055,69412640.0
2014-04-09,1.82,1.97,1.81,1.9,4227433,115341504.0
2014-04-10,1.88,1.95,1.86,1.86,3917925,108980728.0
2014-04-11,1.85,1.85,1.79,1.79,2484566,66015408.0
2014-04-14,1.79,1.83,1.79,1.8,1262941,33308882.0
2014-04-15,1.8,1.8,1.75,1.77,1514358,39284744.0
2014-04-16,1.75,1.8,1.74,1.78,1417590,36718596.0
2014-04-17,1.77,1.82,1.77,1.8,1667707,43940204.0
2014-04-18,1.77,1.78,1.75,1.76,1581449,40742372.0
2014-04-21,1.76,1.84,1.72,1.79,2639098,69483952.0
2014-04-22,1.78,1.81,1.71,1.75,1643502,42237416.0
2014-04-23,1.76,1.79,1.74,1.75,1039709,26693996.0
2014-04-24,1.75,1.76,1.68,1.68,1636016,40738204.0
2014-04-25,1.66,1.7,1.64,1.64,996455,24349962.0
2014-04-28,1.62,1.62,1.48,1.48,2351848,51826368.0
2014-04-29,1.45,1.51,1.44,1.49,1633071,35372320.0
2014-04-30,1.49,1.57,1.47,1.56,2286137,50823040.0
2014-05-05,1.54,1.6,1.52,1.57,2334143,53307548.0
2014-05-06,1.57,1.66,1.56,1.63,2745405,65116672.0
2014-05-07,1.63,1.79,1.6,1.79,6777249,172820960.0
2014-05-08,1.75,1.78,1.7,1.71,5223434,132867608.0
2014-05-09,1.71,1.8,1.7,1.71,4288731,110051688.0
2014-05-12,1.71,1.77,1.63,1.75,3869362,96836096.0
2014-05-13,1.73,1.76,1.68,1.69,2550712,64100980.0
2014-05-14,1.67,1.76,1.66,1.74,2457761,61545408.0
2014-05-15,1.72,1.8,1.72,1.74,4311059,111068216.0
2014-05-16,1.74,1.86,1.71,1.82,6130494,160598528.0
2014-05-19,1.79,1.82,1.73,1.79,3935206,101862312.0
2014-05-20,1.82,1.89,1.77,1.79,4796619,128320152.0
2014-05-21,1.76,1.77,1.72,1.76,2708496,69115336.0
2014-05-22,1.75,1.79,1.73,1.73,2431420,62724796.0
2014-05-23,1.71,1.76,1.71,1.75,1709762,43450860.0
2014-05-26,1.8,1.82,1.76,1.78,2366304,61565144.0
2014-05-27,1.77,1.79,1.75,1.76,1850838,47884900.0
2014-05-28,1.76,1.79,1.75,1.78,2172654,56205664.0
2014-05-29,1.78,1.83,1.77,1.81,4309331,113794136.0
2014-05-30,1.82,1.82,1.73,1.76,2869988,74189848.0
2014-06-03,1.76,1.76,1.73,1.74,1472251,37562056.0
2014-06-04,1.74,1.76,1.72,1.74,1272658,32364700.0
2014-06-05,1.74,1.74,1.67,1.71,2336978,58063328.0
2014-06-06,1.71,1.73,1.68,1.69,1338647,33337184.0
2014-06-09,1.68,1.71,1.66,1.66,1075449,26466064.0
2014-06-10,1.67,1.72,1.67,1.71,1475446,36635792.0
2014-06-11,1.7,1.72,1.68,1.7,1178245,29226014.0
2014-06-12,1.7,1.71,1.69,1.69,926239,22984340.0
2014-06-13,1.7,1.86,1.69,1.86,8445658,223762416.0
2014-06-16,1.88,1.92,1.83,1.92,8576447,235421056.0
2014-06-17,1.92,1.92,1.84,1.85,4185728,113713952.0
2014-06-18,1.84,1.88,1.83,1.85,3049372,82446520.0
2014-06-19,1.84,1.86,1.69,1.72,3227438,83085976.0
2014-06-20,1.72,1.77,1.7,1.77,2332035,59364520.0
2014-06-23,1.77,1.95,1.76,1.95,8206598,227881184.0
2014-06-24,2.01,2.14,1.97,2.08,12764181,378007616.0
2014-06-25,2.06,2.23,2.04,2.14,11301130,349736512.0
2014-06-26,2.15,2.27,2.11,2.23,10237395,328535360.0
2014-06-27,2.2,2.22,2.13,2.2,7043043,223349328.0
2014-06-30,2.19,2.19,2.11,2.13,5485696,169836048.0
2014-07-01,2.14,2.17,2.1,2.16,5857240,182396560.0
2014-07-02,2.15,2.15,2.06,2.11,4445777,135487872.0
2014-07-03,2.09,2.32,2.09,2.32,8717342,276340192.0
2014-07-04,2.31,2.31,2.23,2.24,6119332,201220320.0
2014-07-07,2.22,2.26,2.16,2.18,3904267,124486688.0
2014-07-08,2.17,2.26,2.12,2.24,4880390,155810224.0
2014-07-09,2.2,2.23,2.11,2.11,4552358,144030592.0
2014-07-10,2.12,2.17,2.08,2.09,2672490,82544544.0
2014-07-11,2.07,2.14,2.07,2.09,1812650,55618964.0
2014-07-14,2.09,2.2,2.07,2.18,3354390,105277072.0
2014-07-15,2.16,2.16,2.1,2.12,2104666,64829328.0
2014-07-16,2.16,2.23,2.14,2.19,3640882,115317176.0
2014-07-17,2.17,2.17,2.06,2.08,2501128,76341256.0
2014-07-18,2.06,2.12,2.04,2.06,1597718,48491868.0
2014-07-21,2.04,2.06,1.97,2.0,1792900,52238668.0
2014-07-22,2.02,2.15,2.0,2.12,2744130,83700368.0
2014-07-23,2.1,2.11,2.04,2.06,1568574,47362616.0
2014-07-24,2.04,2.06,1.96,1.99,1755276,51101320.0
2014-07-25,1.97,2.03,1.97,2.01,1180083,34330380.0
2014-07-28,2.01,2.08,2.0,2.07,2105538,62535120.0
2014-07-29,2.04,2.12,2.03,2.08,2426553,73544024.0
2014-07-30,2.08,2.09,2.0,2.06,1690182,50631488.0
2014-07-31,2.08,2.11,2.05,2.08,1562070,47217232.0
2014-08-01,2.07,2.08,2.0,2.01,1660464,49198448.0
2014-08-04,2.0,2.04,2.0,2.02,1163054,34038384.0
2014-08-05,2.01,2.06,2.0,2.05,1358936,40206972.0
2014-08-06,2.05,2.08,2.03,2.05,1640238,49046208.0
2014-08-07,2.07,2.1,2.05,2.07,2191675,66314152.0
2014-08-08,2.07,2.27,2.07,2.21,4776567,151785952.0
2014-08-11,2.22,2.43,2.22,2.43,8455943,293410400.0
2014-08-12,2.39,2.4,2.34,2.36,4854228,166688752.0
2014-08-13,2.34,2.38,2.28,2.33,3594869,121723424.0
2014-08-14,2.32,2.38,2.27,2.27,2956830,99733976.0
2014-08-15,2.29,2.31,2.25,2.29,2059534,68510168.0
2014-08-18,2.27,2.5,2.27,2.47,5767239,203456640.0
2014-08-19,2.43,2.59,2.38,2.53,5166256,185904960.0
2014-08-20,2.52,2.59,2.41,2.43,4470021,162121680.0
2014-08-21,2.44,2.47,2.39,2.43,2027473,71393872.0
2014-08-22,2.38,2.43,2.38,2.41,1605643,55988860.0
2014-08-25,2.41,2.43,2.32,2.35,1591047,54477960.0
2014-08-26,2.34,2.38,2.33,2.35,1327954,45335868.0
2014-08-27,2.35,2.36,2.29,2.3,1285610,43361852.0
2014-08-28,2.3,2.4,2.3,2.38,2334534,80672800.0
2014-08-29,2.37,2.39,2.32,2.37,1089111,37255404.0
2014-09-01,2.38,2.44,2.36,2.43,1510830,52765784.0
2014-09-02,2.43,2.54,2.43,2.5,3457783,125473728.0
2014-09-03,2.5,2.61,2.5,2.59,4262135,158585728.0
2014-09-04,2.59,2.63,2.57,2.62,4095001,155134176.0
2014-09-05,2.61,2.62,2.55,2.61,2941905,110728784.0
2014-09-09,2.6,2.6,2.55,2.55,3820410,142405200.0
2014-09-10,2.55,2.75,2.55,2.68,5663013,220200144.0
2014-09-30,2.77,2.95,2.5,2.88,5622774,217266720.0
2014-10-08,2.8,2.95,2.78,2.83,3139582,130037832.0
2014-10-09,2.82,2.88,2.76,2.86,2702314,110628848.0
2014-10-10,2.84,2.86,2.79,2.81,1694742,69640024.0
2014-10-13,2.81,2.84,2.71,2.77,1779444,71475024.0
2014-10-14,2.76,2.83,2.72,2.73,1573051,63205172.0
2014-10-15,2.75,2.77,2.66,2.7,1529553,60036736.0
2014-10-16,2.7,2.77,2.67,2.69,1625661,64345500.0
2014-10-17,2.68,2.86,2.66,2.79,3128830,124693800.0
2014-10-20,2.77,2.85,2.75,2.82,2060769,84016184.0
2014-10-21,2.81,2.88,2.81,2.82,2645793,109265280.0
2014-10-22,2.75,2.78,2.6,2.61,3087836,121461256.0
2014-10-23,2.62,2.65,2.48,2.48,2480080,92285896.0
2014-10-24,2.48,2.53,2.45,2.47,2017857,72718480.0
2014-10-27,2.46,2.51,2.45,2.49,878423,31762052.0
2014-10-28,2.51,2.6,2.49,2.58,1996484,74281984.0
2014-10-29,2.6,2.63,2.57,2.61,1774163,66980564.0
2014-10-30,2.61,2.64,2.56,2.57,1551154,58503672.0
2014-10-31,2.57,2.68,2.57,2.66,2495355,95801608.0
2014-11-03,2.66,2.72,2.65,2.7,2035690,79599200.0
2014-11-04,2.69,2.7,2.6,2.66,1615050,62207500.0
2014-11-05,2.66,2.67,2.62,2.63,852378,32621272.0
2014-11-06,2.64,2.82,2.63,2.81,3457933,137875008.0
2014-11-07,2.82,2.84,2.69,2.72,2624168,105622200.0
2014-11-10,2.7,2.79,2.7,2.75,1461413,58455636.0
2014-11-11,2.73,2.77,2.55,2.6,2280898,87822632.0
2014-11-12,2.57,2.7,2.55,2.69,1776051,68445344.0
2014-11-13,2.65,2.66,2.53,2.54,2681928,100280984.0
2014-11-14,2.51,2.58,2.5,2.53,1254407,46432324.0
2014-11-17,2.53,2.6,2.52,2.57,991553,37037256.0
2014-11-18,2.61,2.61,2.57,2.59,836918,31407720.0
2014-11-19,2.59,2.61,2.55,2.6,1082314,40732836.0
2014-11-20,2.6,2.6,2.56,2.59,643750,24115844.0
2014-11-21,2.58,2.72,2.58,2.66,1664965,64399156.0
2014-11-24,2.68,2.68,2.63,2.67,1366027,52877740.0
2014-11-25,2.66,2.71,2.65,2.68,1791026,69716784.0
2014-11-26,2.69,2.71,2.66,2.68,1137880,44177852.0
2014-11-27,2.69,2.75,2.68,2.71,2052674,80766288.0
2014-11-28,2.71,2.72,2.62,2.63,1872241,72331072.0
2014-12-01,2.61,2.61,2.51,2.56,1977107,73497160.0
2014-12-02,2.56,2.67,2.56,2.6,1531863,58360912.0
2014-12-03,2.6,2.63,2.55,2.62,1379497,51927380.0
2014-12-04,2.61,2.68,2.61,2.66,1597031,61481768.0
2014-12-05,2.63,2.64,2.5,2.52,1986060,73659352.0
2014-12-08,2.51,2.51,2.42,2.42,2445616,86847648.0
2014-12-09,2.44,2.46,2.27,2.29,2334896,79650464.0
2014-12-10,2.29,2.36,2.28,2.35,1679140,56764104.0
2014-12-11,2.33,2.37,2.32,2.35,1158043,39324252.0
2014-12-12,2.36,2.36,2.32,2.34,1518507,51552388.0
2014-12-15,2.35,2.44,2.34,2.43,2070987,72087536.0
2014-12-16,2.43,2.43,2.37,2.38,1382287,48058320.0
2014-12-17,2.38,2.45,2.33,2.44,2039198,70800512.0
2014-12-18,2.45,2.45,2.38,2.38,982175,34342088.0
2014-12-19,2.37,2.39,2.29,2.31,1128733,38109440.0
2014-12-22,2.27,2.27,2.08,2.08,1753987,54298708.0
2014-12-23,2.09,2.15,2.07,2.08,858253,26276640.0
2014-12-24,2.13,2.17,2.1,2.17,928018,28844292.0
2014-12-25,2.18,2.23,2.17,2.19,771681,24631896.0
2014-12-26,2.19,2.2,2.16,2.17,615210,19457850.0
2014-12-29,2.14,2.14,2.08,2.08,1065421,32368344.0
2014-12-30,2.08,2.1,2.0,2.07,1034604,30496386.0
2014-12-31,2.07,2.18,2.05,2.18,1199796,36732684.0
2015-01-05,2.19,2.38,2.19,2.28,3302606,109196240.0
2015-01-06,2.24,2.28,2.21,2.27,1367116,44605984.0
2015-01-07,2.27,2.28,2.2,2.23,768938,24886558.0
2015-01-08,2.23,2.26,2.21,2.21,570310,18535980.0
2015-01-09,2.2,2.29,2.19,2.22,1235853,40205720.0
2015-01-12,2.21,2.29,2.2,2.26,1122449,36955500.0
2015-01-13,2.26,2.34,2.25,2.31,1388254,46477860.0
2015-01-14,2.32,2.33,2.26,2.26,789912,26093586.0
2015-01-15,2.25,2.3,2.22,2.22,680813,22257026.0
2015-01-16,2.23,2.25,2.21,2.24,620658,20186120.0
2015-01-19,2.21,2.32,2.1,2.19,1011578,32854338.0
2015-01-20,2.19,2.29,2.19,2.29,1024106,33596836.0
2015-01-21,2.26,2.32,2.26,2.31,1587749,53155212.0
2015-01-22,2.3,2.35,2.3,2.35,1607973,54440972.0
2015-01-23,2.35,2.38,2.29,2.29,1307241,44086156.0
2015-01-26,2.28,2.33,2.26,2.32,918179,30811050.0
2015-01-27,2.34,2.35,2.3,2.33,874466,29455420.0
2015-01-28,2.33,2.36,2.32,2.34,1038741,35423508.0
2015-01-29,2.33,2.33,2.27,2.28,889806,29634666.0
2015-01-30,2.27,2.3,2.19,2.19,1267001,40979472.0
2015-02-02,2.17,2.23,2.15,2.2,645300,20544958.0
2015-02-03,2.19,2.23,2.19,2.21,942411,30383862.0
2015-02-04,2.22,2.43,2.22,2.43,6164651,215832496.0
2015-02-05,2.47,2.54,2.42,2.5,7413529,266610448.0
2015-02-06,2.48,2.52,2.44,2.46,3038411,109276440.0
2015-02-09,2.41,2.51,2.39,2.42,2384958,84710136.0
2015-02-10,2.38,2.41,2.32,2.4,2669570,91702504.0
2015-02-11,2.39,2.48,2.36,2.44,2635708,92804544.0
2015-02-12,2.43,2.49,2.41,2.45,1407407,49942080.0
2015-02-13,2.46,2.62,2.46,2.56,4156055,153022064.0
2015-02-16,2.55,2.77,2.54,2.76,5522351,217211264.0
2015-02-17,2.72,3.04,2.72,2.9,5617880,239663552.0
2015-02-25,2.93,2.94,2.77,2.77,2101900,86112224.0
2015-02-26,2.78,2.8,2.69,2.73,2126230,84854432.0
2015-02-27,2.72,2.81,2.69,2.8,2904626,116185728.0
2015-03-02,2.78,2.89,2.76,2.79,3293885,134618976.0
2015-03-03,2.79,2.82,2.71,2.73,2603394,103938520.0
2015-03-04,2.71,2.77,2.71,2.73,1584279,63059100.0
2015-03-05,2.73,2.93,2.64,2.89,4520968,181746416.0
2015-03-06,2.86,2.86,2.71,2.72,2579558,104000472.0
2015-03-09,2.68,2.74,2.62,2.66,2414432,93000408.0
2015-03-10,2.64,2.68,2.58,2.67,3539796,135125312.0
2015-03-11,2.65,2.65,2.59,2.61,1696126,64269164.0
2015-03-12,2.61,2.61,2.5,2.54,2675995,98993512.0
2015-03-13,2.57,2.6,2.53,2.6,1869325,69835680.0
2015-03-16,2.62,2.67,2.6,2.65,2037840,78302408.0
2015-03-17,2.66,2.92,2.66,2.92,6398667,262232336.0
2015-03-18,2.8,2.89,2.74,2.88,6264558,256072624.0
2015-03-19,2.86,2.86,2.79,2.8,2927503,119476488.0
2015-03-20,2.8,2.86,2.75,2.85,3238603,132649784.0
2015-03-23,2.83,2.89,2.81,2.84,3952968,162937616.0
2015-03-24,2.84,2.91,2.65,2.79,4192557,172177856.0
2015-03-25,2.73,2.77,2.68,2.75,4604183,181856976.0
2015-03-26,2.76,2.77,2.66,2.68,3449077,135715696.0
2015-03-27,2.68,2.73,2.67,2.71,1954680,76936184.0
2015-03-30,2.71,2.8,2.71,2.78,2648821,106252128.0
2015-03-31,2.78,2.81,2.74,2.75,3108279,125564192.0
2015-04-01,2.76,2.98,2.76,2.96,7284261,308937792.0
2015-04-02,2.93,3.0,2.88,2.99,5365978,229552816.0
2015-04-03,2.97,3.1,2.95,3.0,4334016,190163248.0
2015-04-07,2.99,3.15,2.96,3.1,4163658,184010688.0
2015-04-08,3.07,3.1,2.89,2.96,4161502,181565056.0
2015-04-09,2.97,2.98,2.79,2.88,3204464,133723968.0
2015-04-10,2.88,3.09,2.88,3.05,3840454,167742016.0
2015-04-13,3.05,3.35,3.04,3.23,5248389,246543552.0
2015-04-14,3.2,3.37,3.11,3.3,4221490,199036496.0
2015-04-15,3.24,3.35,3.13,3.13,2780624,130017904.0
2015-04-16,3.08,3.19,2.99,3.09,1959812,88456232.0
2015-04-17,3.13,3.17,3.01,3.02,2273147,101228104.0
2015-04-20,3.0,3.0,2.8,2.85,3278445,138241584.0
2015-04-21,2.84,2.96,2.82,2.96,1785018,75635328.0
2015-04-22,2.96,3.08,2.96,3.03,2384005,104555376.0
2015-04-23,2.99,3.21,2.99,3.07,2909478,131067976.0
2015-04-24,3.07,3.21,3.02,3.09,3110000,140595392.0
2015-04-27,3.09,3.18,3.03,3.05,2484127,111527776.0
2015-04-28,3.05,3.05,2.88,2.9,2400751,101659088.0
2015-04-29,2.86,2.98,2.86,2.94,1671125,71546336.0
2015-04-30,2.94,2.98,2.89,2.91,1527507,64927456.0
2015-05-04,2.88,2.97,2.88,2.9,2183059,92584080.0
2015-05-05,2.89,2.99,2.81,2.98,2674892,112610464.0
2015-05-06,2.97,3.01,2.82,2.84,2444499,104993944.0
2015-05-07,2.79,2.82,2.56,2.58,3711491,143532080.0
2015-05-08,2.62,2.68,2.58,2.67,2379819,91290016.0
2015-05-11,2.7,2.79,2.64,2.79,3207865,127072216.0
2015-05-12,2.8,2.82,2.75,2.82,2359595,95919112.0
2015-05-13,2.79,2.92,2.76,2.9,3090169,129045064.0
2015-05-14,2.91,2.99,2.86,2.96,3103797,131970168.0
2015-05-15,2.94,3.08,2.92,3.05,5540994,242106720.0
2015-05-18,3.03,3.29,2.99,3.17,7211147,328320928.0
2015-05-19,3.13,3.21,3.07,3.13,4271670,193458352.0
2015-05-20,3.13,3.25,3.06,3.06,4825790,222259280.0
2015-05-21,3.06,3.31,3.03,3.3,6486835,301666016.0
2015-05-22,3.31,3.33,3.18,3.25,5688214,267965104.0
2015-05-25,3.19,3.4,3.19,3.3,5636583,269080096.0
2015-05-27,3.29,3.63,3.27,3.63,7294719,368261344.0
2015-05-28,3.76,3.99,3.54,3.54,10510352,578905408.0
2015-05-29,3.53,3.83,3.28,3.73,6988425,366727136.0
2015-06-01,3.75,3.92,3.75,3.87,6483929,360737312.0
2015-06-02,3.86,3.91,3.73,3.86,5530247,306749088.0
2015-06-03,3.82,3.87,3.59,3.66,5211208,281175232.0
2015-06-04,3.72,4.02,3.68,4.02,9263816,530400864.0
2015-06-05,4.21,4.27,3.9,3.98,8163803,485954592.0
2015-06-08,3.9,3.9,3.61,3.7,6524048,352869376.0
2015-06-09,3.66,3.8,3.61,3.66,3113199,167526976.0
2015-06-10,3.66,3.86,3.66,3.79,4276297,234476096.0
2015-06-11,3.79,3.93,3.75,3.9,3619179,202532832.0
2015-06-12,3.9,3.99,3.85,3.92,3884624,221353536.0
2015-06-15,3.9,3.96,3.72,3.74,3290008,183251248.0
2015-06-16,3.66,3.69,3.46,3.52,3308916,170348352.0
2015-06-17,3.52,3.67,3.45,3.64,2973341,153387712.0
2015-06-18,3.64,3.74,3.56,3.61,2857244,150929232.0
2015-06-19,3.52,3.61,3.26,3.33,2501807,125285072.0
2015-06-23,3.32,3.38,3.0,3.38,2518344,118536968.0
2015-06-24,3.38,3.45,3.29,3.41,2102290,103310352.0
2015-06-25,3.4,3.4,3.07,3.18,1993286,94707624.0
2015-06-26,3.1,3.1,2.86,2.86,2628007,111356200.0
2015-06-29,2.9,2.95,2.58,2.58,4034618,155079904.0
2015-06-30,2.55,2.74,2.32,2.72,3745296,136947776.0
2015-07-01,2.67,2.78,2.44,2.44,2997824,115062656.0
2015-07-02,2.48,2.48,2.2,2.2,3073255,101680416.0
2015-07-03,2.13,2.22,1.98,1.98,3301141,97095952.0
2015-07-06,2.18,2.18,1.84,2.18,5234596,153927472.0
2015-07-07,2.12,2.12,1.96,1.96,2170082,63154100.0
2015-07-08,1.76,2.02,1.76,1.96,7350285,194123472.0
2015-07-09,1.9,2.16,1.79,2.16,3325264,99901648.0
2015-07-10,2.34,2.37,2.16,2.37,1917374,65101696.0
2015-07-13,2.48,2.61,2.42,2.61,4583918,169406064.0
2015-07-14,2.59,2.87,2.48,2.72,6736119,264635424.0
2015-07-15,2.58,2.65,2.45,2.45,2326199,84606032.0
2015-07-16,2.27,2.52,2.21,2.43,3655415,126500728.0
2015-07-17,2.41,2.61,2.38,2.56,2801171,102119896.0
2015-07-20,2.53,2.63,2.47,2.52,2728919,100868368.0
2015-07-21,2.47,2.59,2.41,2.57,2206790,81055328.0
2015-07-22,2.58,2.66,2.51,2.6,2208391,82989104.0
2015-07-23,2.61,2.76,2.54,2.73,4232081,161884432.0
2015-07-24,2.72,2.79,2.62,2.63,3935756,154615952.0
2015-07-27,2.55,2.62,2.37,2.37,2663725,97143976.0
2015-07-28,2.14,2.48,2.14,2.38,2776102,92880184.0
2015-07-29,2.48,2.51,2.28,2.51,1863728,64903396.0
2015-07-30,2.47,2.64,2.44,2.5,2915366,108326392.0
2015-07-31,2.58,2.59,2.45,2.51,1654313,60722512.0
2015-08-03,2.51,2.57,2.28,2.29,1871269,65312296.0
2015-08-04,2.3,2.43,2.29,2.43,1398740,48162032.0
2015-08-05,2.44,2.57,2.36,2.54,2198261,80358688.0
2015-08-11,2.79,2.79,2.79,2.79,150951,6112006.0
2015-08-12,3.0,3.05,2.91,2.96,5643587,244073376.0
2015-08-13,2.94,3.04,2.9,3.0,4856920,208987760.0
2015-08-14,2.96,3.02,2.9,2.91,3452881,147858304.0
2015-08-17,2.92,3.0,2.9,2.95,2479704,106417544.0
2015-08-18,2.98,3.02,2.66,2.66,3646995,151474464.0
2015-08-19,2.55,2.75,2.42,2.74,2742222,103478008.0
2015-08-20,2.67,2.81,2.62,2.64,1765019,69558712.0
2015-08-21,2.66,2.66,2.41,2.41,1262341,46438592.0
2015-08-24,2.27,2.34,2.17,2.17,1832480,58088976.0
2015-08-25,1.96,2.1,1.95,1.95,2796150,80641280.0
2015-08-26,2.0,2.09,1.87,1.96,1943076,56522896.0
2015-08-27,2.02,2.16,2.0,2.16,1861805,56200932.0
2015-08-28,2.26,2.3,2.16,2.28,1936032,62436344.0
2015-08-31,2.26,2.26,2.14,2.18,1439135,45829336.0
2015-09-01,2.18,2.18,1.96,1.96,1740127,51250772.0
2015-09-02,1.87,2.05,1.86,1.91,892140,25302398.0
2015-09-07,1.93,2.07,1.91,1.99,961038,28073480.0
2015-09-08,2.01,2.16,1.94,2.14,1037966,30768162.0
2015-09-09,2.16,2.29,2.16,2.23,2001330,65082276.0
2015-09-10,2.2,2.29,2.17,2.19,1311005,42277712.0
2015-09-11,2.19,2.23,2.17,2.22,784813,25079346.0
2015-09-14,2.22,2.24,2.0,2.0,1044471,31527250.0
2015-09-15,1.93,2.0,1.86,1.9,729400,20427334.0
2015-09-16,1.91,2.09,1.91,2.09,954731,27968488.0
2015-09-17,2.14,2.24,2.1,2.14,1736578,54987148.0
2015-09-18,2.19,2.31,2.13,2.25,1780155,57866416.0
2015-09-21,2.2,2.33,2.11,2.3,1992201,65202228.0
2015-09-22,2.31,2.31,2.23,2.27,1460010,48241756.0
2015-09-23,2.26,2.5,2.21,2.43,2981306,104389976.0
2015-09-24,2.42,2.47,2.38,2.41,1508848,52574528.0
2015-09-25,2.4,2.47,2.28,2.33,1299146,45038052.0
2015-09-28,2.34,2.41,2.26,2.4,914057,31243800.0
2015-09-29,2.36,2.5,2.34,2.4,1494463,52702100.0
2015-09-30,2.43,2.48,2.39,2.4,979469,34498916.0
2015-10-08,2.5,2.54,2.42,2.43,2654870,96423608.0
2015-10-09,2.44,2.58,2.43,2.57,2080256,75944464.0
2015-10-12,2.57,2.72,2.53,2.55,6917106,262396288.0
2015-10-13,2.53,2.61,2.5,2.61,2567944,95761752.0
2015-10-14,2.58,2.62,2.55,2.57,2039881,76378376.0
2015-10-15,2.55,2.64,2.53,2.63,2149858,81157344.0
2015-10-16,2.71,2.76,2.61,2.73,4320900,169180608.0
2015-10-19,2.77,2.87,2.71,2.82,5152938,208420704.0
2015-10-20,2.82,2.82,2.74,2.77,2668862,107014440.0
2015-10-21,2.78,2.8,2.51,2.55,3515756,135753728.0
2015-10-22,2.57,2.66,2.54,2.65,2067997,78370952.0
2015-10-23,2.72,2.91,2.69,2.91,4977281,203002768.0
2015-10-26,2.97,3.2,2.97,3.12,7965382,363254656.0
2015-10-27,3.2,3.41,3.09,3.35,9415855,442693056.0
2015-10-28,3.3,3.53,3.21,3.35,7075067,342446304.0
2015-10-29,3.35,3.53,3.28,3.39,4053509,199839200.0
2015-10-30,3.32,3.48,3.27,3.34,3429529,168221104.0
2015-11-02,3.25,3.59,3.23,3.49,4642565,232985296.0
2015-11-03,3.47,3.78,3.43,3.6,5018925,261458592.0
2015-11-04,3.57,3.83,3.52,3.72,5005826,267982160.0
2015-11-05,3.72,3.91,3.62,3.64,5149824,279199552.0
2015-11-06,3.66,3.86,3.63,3.85,4266812,232418960.0
2015-11-09,3.79,4.23,3.76,4.17,6099741,360207680.0
2015-11-10,4.12,4.58,4.04,4.53,6210688,381207904.0
2015-11-11,4.54,4.78,4.4,4.52,5766757,382841504.0
2015-11-12,4.52,4.61,4.32,4.47,4348208,281657664.0
2015-11-13,4.36,4.62,4.04,4.31,6410592,402643872.0
2015-11-16,4.09,4.38,4.09,4.34,2929172,179732336.0
2015-11-17,4.37,4.48,4.12,4.12,3292065,203424704.0
2015-11-18,4.12,4.22,3.93,3.93,2685575,159136880.0
2015-11-19,4.03,4.33,3.9,4.33,4433472,267375952.0
2015-11-20,4.48,4.76,4.43,4.76,6374211,428271520.0
2015-11-23,4.76,5.0,4.39,4.48,5948999,410534784.0
2015-11-24,4.59,4.92,4.49,4.92,4319589,301845248.0
2015-11-25,5.03,5.42,4.92,5.13,6322311,474817952.0
2015-11-26,5.03,5.24,4.81,4.87,5002138,361104256.0
2015-11-27,4.76,5.12,4.7,4.77,4401128,311027488.0
2015-11-30,4.84,5.24,4.7,5.1,4822540,348993536.0
2015-12-01,5.06,5.37,4.59,4.72,5670885,406673472.0
2015-12-02,4.68,4.94,4.41,4.75,4007323,269617536.0
2015-12-03,4.91,5.23,4.91,5.23,5841991,437112032.0
2015-12-04,5.26,5.75,5.17,5.65,8684560,693657728.0
2015-12-07,5.66,6.21,5.66,6.09,9690435,849788736.0
2015-12-08,5.91,6.13,5.79,6.09,8781301,757495872.0
2015-12-09,6.01,6.52,6.01,6.37,7577331,692654272.0
2015-12-10,6.24,6.24,5.8,5.91,6113161,531912352.0
2015-12-11,5.79,6.11,5.66,5.7,4599382,395336256.0
2015-12-14,5.59,5.89,5.49,5.82,4934488,405390592.0
2015-12-15,5.86,6.07,5.78,6.0,4857076,419478560.0
2015-12-16,5.94,6.0,5.79,5.83,4290810,365008992.0
2015-12-17,5.84,5.99,5.83,5.91,3680201,314729504.0
2015-12-18,5.88,6.41,5.8,5.97,6098515,533300608.0
2015-12-21,5.84,5.95,5.59,5.63,4726521,389155200.0
2015-12-22,5.72,5.93,5.66,5.74,4260943,357021856.0
2015-12-23,5.76,6.12,5.65,5.86,4852118,413015840.0
2015-12-24,5.76,6.09,5.72,6.02,4250800,366341280.0
2015-12-25,6.21,6.41,6.06,6.13,5168754,468082016.0
2015-12-28,6.1,6.57,6.08,6.3,7404930,686797056.0
2015-12-29,6.34,6.43,6.0,6.34,5103047,463280736.0
2015-12-30,6.41,6.47,6.03,6.15,3935871,354106816.0
2015-12-31,6.07,6.28,5.66,5.72,5067526,436932224.0
2016-01-04,5.59,5.65,5.15,5.15,4245428,324402464.0
2016-01-05,4.7,5.04,4.63,4.76,6058615,422708448.0
2016-01-06,4.84,4.92,4.62,4.87,4186117,292845632.0
2016-01-07,4.69,4.72,4.38,4.38,1204459,78434896.0
2016-01-08,4.39,4.47,4.0,4.22,5503936,340090048.0
2016-01-11,4.0,4.27,3.97,4.05,4649069,279080256.0
2016-01-12,4.14,4.32,4.07,4.31,5281076,325053088.0
2016-01-13,4.28,4.48,4.07,4.25,6827264,422079840.0
2016-01-14,4.07,4.68,4.07,4.68,8175679,524741216.0
2016-01-15,4.62,4.93,4.59,4.76,9595541,665842048.0
2016-01-18,4.65,4.86,4.52,4.74,6464705,437560000.0
2016-01-19,4.68,4.95,4.66,4.91,6461927,447738816.0
2016-01-20,4.83,5.01,4.65,4.68,6890223,481969888.0
2016-01-21,4.57,4.68,4.21,4.21,7162257,461364864.0
2016-01-22,4.21,4.46,4.0,4.33,6185639,381435744.0
2016-01-25,4.34,4.39,4.21,4.25,3652138,226704512.0
2016-01-26,4.14,4.28,3.83,3.84,4652783,273557024.0
2016-01-27,3.86,4.08,3.65,4.0,5849857,328524448.0
2016-01-28,3.97,4.02,3.69,3.73,4401878,248377744.0
2016-01-29,3.69,4.07,3.66,3.99,4312444,243955136.0
2016-02-01,4.0,4.11,3.76,3.92,4117661,238911728.0
2016-02-02,3.92,4.25,3.88,4.14,3990926,238654176.0
2016-02-03,4.08,4.44,4.06,4.4,4753325,292707584.0
2016-02-04,4.36,4.54,4.34,4.52,5698494,367829440.0
2016-02-05,4.48,4.55,4.24,4.29,3438641,218479040.0
2016-02-15,4.07,4.35,4.07,4.3,2972009,182572384.0
2016-02-16,4.3,4.52,4.23,4.46,4551090,291001056.0
2016-02-17,4.46,4.54,4.32,4.44,4195180,268480480.0
2016-02-18,4.47,4.64,4.32,4.34,6073153,393767040.0
2016-02-19,4.3,4.39,4.19,4.29,4002703,249190672.0
2016-02-22,4.41,4.72,4.4,4.72,7935945,525091744.0
2016-02-23,4.73,4.77,4.52,4.66,5656049,379820480.0
2016-02-24,4.59,4.77,4.46,4.63,5358425,359005184.0
2016-02-25,4.77,4.86,4.28,4.36,8375728,564135296.0
2016-02-26,4.41,4.44,4.15,4.3,4575815,286354016.0
2016-02-29,4.24,4.24,3.87,3.87,4353988,249456960.0
2016-03-01,3.81,4.0,3.6,3.93,3935974,218253888.0
2016-03-02,3.9,4.24,3.86,4.14,4243336,248775888.0
2016-03-03,4.14,4.39,4.1,4.2,4309723,267638368.0
2016-03-04,4.16,4.32,3.92,4.08,3692505,221740864.0
2016-03-07,4.08,4.27,4.08,4.16,2304197,139964208.0
2016-03-08,4.14,4.58,3.89,4.54,6315946,399955552.0
2016-03-09,4.43,4.67,4.4,4.46,4611831,303291360.0
2016-03-10,4.46,4.62,4.33,4.49,3916384,254593664.0
2016-03-11,4.41,4.8,4.38,4.63,5784243,390393728.0
2016-03-14,4.76,5.1,4.69,5.07,6565078,473274720.0
2016-03-15,5.03,5.52,4.97,5.23,7529485,581464832.0
2016-03-16,5.38,5.44,5.06,5.17,5765895,439943072.0
2016-03-17,5.24,5.6,5.19,5.59,5231913,414996928.0
2016-03-18,5.5,5.67,5.39,5.46,7840667,625507008.0
2016-03-21,5.52,5.65,5.45,5.52,5312523,425931200.0
2016-03-22,5.58,6.04,5.52,5.96,6051805,512215360.0
2016-03-23,5.83,5.93,5.48,5.66,7549421,618143616.0
2016-03-24,5.49,5.89,5.47,5.63,5624551,463985024.0
2016-03-25,5.64,5.88,5.53,5.79,5108406,424895488.0
2016-04-12,6.37,6.37,6.13,6.18,10513111,965069248.0
2016-04-13,6.28,6.48,6.11,6.13,8252109,751696896.0
2016-04-14,6.07,6.74,6.02,6.74,8159788,757727744.0
2016-04-15,6.81,7.08,6.55,6.74,9571766,940402624.0
2016-04-18,6.69,7.38,6.6,7.16,10110279,1024844928.0
2016-04-19,7.06,7.22,6.9,7.0,7230544,739411712.0
2016-04-20,6.97,7.21,6.47,6.87,8350932,830637632.0
2016-04-21,6.76,6.93,6.21,6.21,6589634,631050752.0
2016-04-22,6.21,6.69,6.12,6.62,7567923,702768000.0
2016-04-25,6.59,6.96,6.34,6.78,7450155,722699968.0
2016-04-26,6.63,6.88,6.5,6.68,5352011,521219712.0
2016-04-27,6.69,7.31,6.62,6.93,7643043,777106688.0
2016-04-28,6.95,7.63,6.69,7.63,10110940,1052134592.0
2016-04-29,7.58,7.94,7.46,7.7,8156051,908460288.0
2016-05-03,7.62,8.22,7.53,7.99,7614930,869706688.0
2016-05-04,7.92,8.17,7.86,8.0,6293516,729313408.0
2016-05-05,8.0,8.8,7.94,8.8,7598903,926045120.0
2016-05-06,8.9,9.3,8.53,8.55,11826262,1526164480.0
2016-05-09,8.78,9.4,8.31,9.29,12764173,1651390080.0
2016-05-10,9.03,9.15,8.51,8.83,8823393,1131583616.0
2016-05-11,8.96,9.41,8.48,8.7,11002387,1433642690.0
2016-05-12,8.36,9.57,8.21,9.57,12966781,1696269033.0
2016-05-13,9.67,10.53,9.5,9.98,41909907,2437246045.0
2016-05-16,9.77,10.1,9.45,9.84,30713233,1737057503.0
2016-05-17,9.78,10.82,9.7,10.82,32098391,1955330918.0
2016-05-18,10.62,11.54,10.08,11.39,42463490,2651552227.0
2016-05-19,11.01,11.74,10.91,11.25,33265636,2183576805.0
2016-05-20,10.51,10.81,10.12,10.12,35624076,2145164935.0
2016-05-23,9.98,10.39,9.78,10.22,26792994,1569669720.0
2016-05-24,10.1,10.42,9.85,10.07,20906246,1229270958.0
2016-05-25,10.13,10.18,9.47,9.48,25371437,1435193859.0
2016-05-26,9.5,9.91,9.35,9.84,25380779,1421660077.0
2016-05-27,9.68,9.72,9.19,9.33,22326366,1222882041.0
2016-05-30,9.12,9.51,9.1,9.13,15203907,814186955.0
2016-05-31,9.25,9.46,9.16,9.45,22720326,1231539794.0
2016-06-01,9.46,10.4,9.35,10.17,39006632,2255471022.0
2016-06-02,10.02,10.45,9.95,10.15,27177987,1601095112.0
2016-06-03,10.32,10.52,10.06,10.18,27049006,1611993576.0
2016-06-06,10.17,10.51,9.94,10.28,22626456,1339741771.0
2016-06-07,10.2,10.2,9.85,9.99,22261946,1285666250.0
2016-06-08,10.0,10.99,9.77,10.99,40248512,2448380985.0
2016-06-13,11.04,11.76,10.72,11.08,41816313,2737635215.0
2016-06-14,10.61,11.51,10.55,10.95,27464133,1753523303.0
2016-06-15,10.79,12.04,10.78,12.04,28564749,1953524568.0
2016-06-16,12.43,13.24,12.14,13.22,40633818,3005656440.0
2016-06-17,12.96,13.81,12.67,13.08,33620531,2555480444.0
2016-06-20,13.09,13.46,12.75,13.21,21345913,1623686382.0
2016-06-21,13.31,13.41,12.17,12.31,27331371,2003312055.0
2016-06-22,12.17,12.51,11.92,12.46,20103665,1425658952.0
2016-06-23,12.41,12.41,11.91,11.96,15244101,1067664860.0
2016-06-24,11.82,12.31,11.22,11.91,20855110,1447866739.0
2016-06-27,11.79,12.33,11.79,12.16,14878933,1041731933.0
2016-06-28,12.06,12.14,11.79,12.12,13745357,950945878.0
2016-06-29,12.21,13.29,12.12,12.6,23682607,1755436360.0
2016-06-30,12.59,12.59,11.97,12.07,16760861,1182012523.0
2016-07-01,12.01,12.42,11.85,12.08,12007507,842975642.0
2016-07-04,12.08,12.36,11.91,12.14,12362460,869658494.0
2016-07-05,12.1,12.96,12.0,12.59,21928701,1578605936.0
2016-07-06,12.34,13.04,12.28,12.51,18419100,1354007933.0
2016-07-07,12.51,13.09,12.28,13.0,26369683,1944952409.0
2016-07-08,12.86,12.89,12.5,12.5,17203231,1262886879.0
2016-07-11,12.4,12.69,12.02,12.03,14610160,1032966025.0
2016-07-12,11.93,12.14,11.33,12.0,11883033,810880933.0
2016-07-13,12.17,12.26,11.84,11.94,8316859,579665465.0
2016-07-14,11.83,12.17,11.79,11.95,7764499,539171303.0
2016-07-15,12.14,12.34,11.91,12.11,12300359,862961980.0
2016-07-18,12.0,12.02,11.69,11.73,8575772,588732386.0
2016-07-19,11.79,11.85,11.39,11.45,9222248,616637898.0
2016-07-20,11.48,11.74,11.48,11.52,7813242,525554995.0
2016-07-21,11.45,11.57,11.24,11.34,7808063,513626597.0
2016-07-22,11.34,11.34,10.82,10.86,9395576,597672563.0
2016-07-25,10.69,10.69,10.02,10.19,12063852,718691195.0
2016-07-26,10.19,10.44,10.17,10.31,7288294,435727704.0
2016-07-27,10.4,10.58,9.67,10.01,11936790,706265458.0
2016-07-28,9.9,10.07,9.57,9.91,8918923,508298277.0
2016-07-29,9.91,10.27,9.84,10.1,9692930,565525672.0
2016-08-01,10.09,10.44,9.67,10.32,11661990,685825110.0
2016-08-02,10.31,10.31,10.13,10.25,6946133,410947020.0
2016-08-03,10.22,10.34,10.0,10.08,7141623,419150356.0
2016-08-04,10.03,10.84,9.95,10.45,13447156,810773941.0
2016-08-05,10.32,10.39,10.1,10.14,8291091,491724332.0
2016-08-08,10.03,10.05,9.8,10.04,5244754,302369559.0
2016-08-09,10.11,10.23,9.98,10.1,6751308,394302027.0
2016-08-10,10.13,10.39,10.07,10.15,8184165,483792770.0
2016-08-11,10.07,10.07,9.81,9.82,7099150,408387431.0
2016-08-12,9.75,10.01,9.75,9.88,4769291,273124932.0
2016-08-15,9.94,10.18,9.74,10.07,8989202,521327089.0
2016-08-16,10.16,10.7,10.1,10.41,16701820,1012162459.0
2016-08-17,10.32,10.45,10.19,10.34,8637050,514823547.0
2016-08-18,10.32,10.57,10.27,10.3,7421763,446806624.0
2016-08-19,10.23,10.4,10.23,10.29,5259055,313695958.0
2016-08-22,10.27,10.44,10.21,10.22,5243046,313112043.0
2016-08-23,10.26,10.27,9.72,9.91,9059628,518497956.0
2016-08-24,9.91,9.93,9.81,9.87,4161587,237662868.0
2016-08-25,9.87,9.91,9.64,9.83,5112826,290040671.0
2016-08-26,9.89,9.9,9.81,9.81,4244816,242178221.0
2016-08-29,9.78,9.86,9.73,9.75,3084813,174851360.0
2016-08-30,9.78,10.13,9.78,9.94,6848253,395624781.0
2016-08-31,9.95,10.0,9.81,9.89,3898696,222711118.0
2016-09-01,9.9,9.9,9.74,9.75,3934399,223186931.0
2016-09-02,9.7,9.81,9.58,9.6,4174399,233534669.0
2016-09-05,9.6,9.71,9.57,9.61,2738919,152762714.0
2016-09-06,9.64,10.1,9.52,9.99,10116034,577117581.0
2016-09-07,9.94,9.94,9.73,9.74,6686786,380536283.0
2016-09-08,9.71,10.27,9.71,10.02,11406492,661682000.0
2016-09-09,10.08,10.22,9.91,9.93,6414547,373220028.0
2016-09-12,9.67,9.69,9.19,9.22,10530439,575977944.0
2016-09-13,9.31,9.35,8.99,9.07,6570193,346574931.0
2016-09-14,9.06,9.06,8.77,8.86,4724406,243976717.0
2016-09-19,8.87,9.05,8.87,8.96,3189432,165791919.0
2016-09-20,8.95,9.15,8.89,9.05,4287635,223883342.0
2016-09-21,8.97,9.09,8.96,8.98,2973543,154992159.0
2016-09-22,9.01,9.06,8.92,8.93,3260533,169698277.0
2016-09-23,8.94,8.99,8.6,8.61,6198217,313945741.0
2016-09-26,8.61,8.63,7.96,7.99,8362349,398907130.0
2016-09-27,7.96,8.15,7.92,8.07,5877978,274284255.0
2016-09-28,8.07,8.23,8.05,8.11,4080195,192691532.0
2016-09-29,8.11,8.16,8.02,8.03,3321433,155361553.0
2016-09-30,7.96,8.16,7.94,8.09,3583218,168088862.0
2016-10-10,7.94,8.32,7.94,8.3,5596579,266299795.0
2016-10-11,8.32,8.36,8.21,8.27,4125153,197827929.0
2016-10-12,8.3,8.49,8.2,8.36,6012254,291760240.0
2016-10-13,8.32,8.38,8.22,8.25,3987487,190874573.0
2016-10-14,8.25,8.46,8.15,8.36,5789362,277809518.0
2016-10-17,8.31,9.1,8.31,8.81,15090672,759557470.0
2016-10-18,8.67,9.7,8.66,9.7,22981329,1251004896.0
2016-10-19,9.71,10.01,9.67,9.84,21486312,1221177317.0
2016-10-20,9.71,10.51,9.71,10.23,22838695,1344678014.0
2016-10-21,10.12,10.18,9.77,10.0,13662949,791077079.0
2016-10-24,10.0,10.19,9.85,10.05,10114545,585992627.0
2016-10-25,10.05,10.16,9.77,9.88,9553233,548390752.0
2016-10-26,9.82,9.87,9.41,9.72,12666927,707020774.0
2016-10-27,9.7,10.1,9.62,10.01,13907240,802434412.0
2016-10-28,9.96,10.06,9.63,9.64,8759116,498178666.0
2016-10-31,9.51,10.44,9.46,10.39,16574492,973449168.0
2016-11-01,10.33,10.61,10.21,10.54,16045660,966905673.0
2016-11-02,10.44,10.7,10.19,10.19,13994839,843075390.0
2016-11-03,10.12,10.62,10.04,10.15,12258842,731859816.0
2016-11-04,10.13,10.24,9.81,9.9,9923140,572920911.0
2016-11-07,9.84,10.1,9.7,9.9,6159823,353089066.0
2016-11-08,9.96,10.01,9.81,9.84,5809624,333438246.0
2016-11-09,9.75,9.75,9.5,9.51,10763952,597377561.0
2016-11-10,9.61,9.73,9.51,9.56,7535165,418899369.0
2016-11-11,9.53,9.72,9.44,9.65,8776856,486534795.0
2016-11-14,9.58,9.59,9.1,9.18,14534888,783322448.0
2016-11-15,9.15,9.16,8.9,9.04,9362512,486060104.0
2016-11-16,9.06,9.32,9.05,9.2,9519087,509479118.0
2016-11-17,9.13,9.13,8.91,9.07,5966438,310666660.0
2016-11-18,9.07,9.14,8.98,9.04,4867844,255304332.0
2016-11-21,8.99,9.1,8.94,9.03,4595589,239984700.0
2016-11-22,9.07,9.25,8.99,9.25,10240365,543511556.0
2016-11-23,9.29,9.49,9.08,9.13,10647104,573743193.0
2016-11-24,9.02,9.07,8.76,8.79,9397355,484108207.0
2016-11-25,8.79,8.87,8.41,8.84,7699494,385953772.0
2016-11-28,8.84,8.92,8.73,8.8,4431018,226670449.0
2016-11-29,8.76,8.8,8.54,8.55,4998904,250282063.0
2016-11-30,8.47,8.8,8.47,8.68,4453397,224170941.0
2016-12-01,8.71,8.72,8.59,8.6,3084867,154068241.0
2016-12-02,8.6,8.63,8.34,8.34,4967915,243131232.0
2016-12-05,8.26,8.53,8.2,8.4,3341241,163047683.0
2016-12-06,8.4,8.97,8.39,8.89,9835376,499463893.0
2016-12-07,8.63,8.88,8.59,8.75,7511571,379883518.0
2016-12-08,8.77,8.77,8.49,8.51,5873563,293529471.0
2016-12-09,8.46,8.66,8.46,8.47,4001706,198375640.0
2016-12-12,8.48,8.5,7.91,7.91,7497773,352724839.0
2016-12-13,7.89,8.02,7.8,7.95,4344440,199339314.0
2016-12-14,7.92,7.95,7.7,7.72,4611683,208276438.0
2016-12-15,7.72,7.98,7.64,7.88,4872763,221338389.0
2016-12-16,7.88,8.1,7.84,7.96,4602307,212524720.0
2016-12-19,7.97,8.04,7.83,7.85,2989485,137155043.0
2016-12-20,7.94,8.03,7.76,7.94,4381809,201324641.0
2016-12-21,7.95,8.02,7.91,7.98,3434606,158360987.0
2016-12-22,7.95,7.97,7.78,7.88,3972912,180716879.0
2016-12-23,7.82,7.86,7.58,7.59,4670989,208398724.0
2016-12-26,7.55,7.68,7.13,7.63,5808839,248286635.0
2016-12-27,7.6,7.6,7.44,7.44,3731054,162173999.0
2016-12-28,7.45,7.61,7.34,7.41,4713912,203939769.0
2016-12-29,7.34,7.44,7.25,7.28,3580126,152645794.0
2016-12-30,7.28,7.33,7.23,7.28,3333213,140503242.0
2017-01-03,7.35,7.38,7.28,7.31,2734356,116031134.0
2017-01-04,7.34,8.04,7.29,8.04,13240531,595807997.0
2017-01-05,8.04,8.56,7.98,8.18,21995503,1055670712.0
2017-01-06,8.09,8.39,7.98,8.31,14636001,697235149.0
2017-01-09,8.25,8.56,8.05,8.26,14446819,698081854.0
2017-01-10,8.16,8.22,8.04,8.04,8788286,412904653.0
2017-01-11,7.99,8.25,7.96,8.17,8199548,386478372.0
2017-01-12,8.18,8.37,8.05,8.2,7928693,376296341.0
2017-01-13,8.12,8.19,7.65,7.71,7336396,339611138.0
2017-01-16,7.67,7.7,6.96,7.39,8608709,368486632.0
2017-01-17,7.37,7.51,7.19,7.46,5779127,247485754.0
2017-01-18,7.45,7.56,7.29,7.33,3896947,167319964.0
2017-01-19,7.25,7.31,7.15,7.2,5103207,213166418.0
2017-01-20,7.21,7.48,7.19,7.39,6002392,255951942.0
2017-01-23,7.39,7.57,7.39,7.5,5054650,219513370.0
2017-01-24,7.42,7.42,7.29,7.31,4542708,193436366.0
2017-01-25,7.29,7.42,7.25,7.36,2802473,119516063.0
2017-01-26,7.4,7.49,7.37,7.49,3571250,154117078.0
2017-02-03,7.53,7.53,7.34,7.4,2818737,120893450.0
2017-02-06,7.4,7.51,7.34,7.49,3251255,140265212.0
2017-02-07,7.49,7.49,7.32,7.37,4485555,191820725.0
2017-02-08,7.28,7.48,7.28,7.48,5310864,227699943.0
2017-02-09,7.49,8.22,7.43,8.22,7136341,327416168.0
2017-02-10,8.29,8.29,7.96,8.01,14018070,656179280.0
2017-02-13,7.93,8.18,7.92,8.03,8059689,377147715.0
2017-02-14,8.01,8.28,8.01,8.19,9770522,461643098.0
2017-02-15,8.2,8.26,8.05,8.08,8144818,383632572.0
2017-02-16,8.06,8.46,8.03,8.25,12620623,604631733.0
2017-02-17,8.2,8.34,8.09,8.13,7667002,363614772.0
2017-02-20,8.1,8.29,8.03,8.27,7424494,351376169.0
2017-02-21,8.36,8.63,8.22,8.5,13845533,679144826.0
2017-02-22,8.42,8.97,8.4,8.7,17612523,892061823.0
2017-02-23,8.65,8.96,8.57,8.78,13762265,697710720.0
2017-02-24,8.71,8.8,8.61,8.62,7605057,381048578.0
2017-02-27,8.7,8.89,8.48,8.53,8454513,426554510.0
2017-02-28,8.52,8.7,8.47,8.59,5573034,276391389.0
2017-03-01,8.61,8.77,8.5,8.66,7360924,367579825.0
2017-03-02,8.75,8.97,8.63,8.84,14486752,740283511.0
2017-03-03,8.84,9.66,8.78,9.32,21846073,1170479685.0
2017-03-06,9.31,9.62,9.16,9.27,14544583,789563321.0
2017-03-07,9.24,9.47,9.13,9.17,8602579,461096643.0
2017-03-08,9.2,9.29,9.15,9.22,5438856,290667485.0
2017-03-09,9.22,9.23,8.94,9.1,7638827,402436427.0
2017-03-10,9.05,9.5,9.05,9.32,13186890,709507447.0
2017-03-13,9.25,9.51,9.12,9.28,10379333,560639684.0
2017-03-14,9.23,9.37,9.06,9.08,8222684,437794119.0
2017-03-15,8.98,9.06,8.85,8.9,7416875,384199333.0
2017-03-16,8.96,9.09,8.91,8.98,5100777,265328849.0
2017-03-17,8.99,9.06,8.66,8.68,6797461,348968485.0
2017-03-20,8.64,8.84,8.64,8.8,4438823,224585295.0
2017-03-21,8.81,8.89,8.7,8.87,4157069,212054319.0
2017-03-22,8.8,8.91,8.68,8.81,5880440,299535242.0
2017-03-23,8.81,8.94,8.6,8.69,6943097,352328873.0
2017-03-24,8.67,8.7,8.47,8.49,6510130,322226517.0
2017-03-27,8.46,8.66,8.44,8.57,4132956,204714156.0
2017-03-28,8.55,8.88,8.55,8.73,8280715,420951226.0
2017-03-29,8.74,8.84,8.67,8.69,5685170,288469215.0
2017-03-30,8.63,8.63,8.3,8.33,6895165,335587445.0
2017-03-31,8.3,8.7,8.3,8.66,7799747,387344468.0
2017-04-05,8.66,9.15,8.61,9.05,11699262,610249672.0
2017-04-06,9.06,9.08,8.87,9.02,8493191,440757059.0
2017-04-07,9.01,9.15,8.89,8.9,5678791,296256467.0
2017-04-10,8.9,9.05,8.73,8.79,5895006,303343934.0
2017-04-11,8.89,9.12,8.29,8.77,9372965,479421694.0
2017-04-12,8.65,8.75,8.51,8.54,5096729,254092150.0
2017-04-13,8.5,8.7,8.46,8.61,5580796,277133328.0
2017-04-14,8.55,8.61,8.04,8.08,8571634,411830815.0
2017-04-17,8.01,8.19,7.94,8.02,4774882,222984025.0
2017-04-18,7.94,8.07,7.43,7.54,8899186,395581760.0
2017-04-19,7.48,7.63,7.25,7.63,6409079,274981581.0
2017-04-20,7.61,7.63,7.23,7.35,6429138,275752800.0
2017-04-21,7.39,7.5,7.3,7.3,4378535,187324192.0
2017-04-24,6.91,7.07,6.57,6.57,8813724,343532539.0
2017-04-25,6.56,6.66,6.41,6.51,5813809,220424855.0
2017-04-26,6.54,6.76,6.54,6.69,5658381,219019622.0
2017-04-27,6.68,6.75,6.42,6.7,5811763,222136694.0
2017-04-28,6.66,6.89,6.61,6.81,4474638,176576709.0
2017-05-02,6.8,7.07,6.79,6.97,4925391,198741857.0
2017-05-03,6.96,7.04,6.85,6.91,3234810,129587537.0
2017-05-04,6.91,6.93,6.77,6.79,3238999,128419581.0
2017-05-05,6.8,6.85,6.7,6.7,2865425,112385252.0
2017-05-08,6.69,6.78,6.52,6.53,2972998,114959741.0
2017-05-09,6.53,6.55,6.19,6.51,4544616,168722553.0
2017-05-10,6.52,6.61,6.24,6.26,4508878,167416654.0
2017-05-11,6.26,6.35,6.15,6.33,3816451,137987315.0
2017-05-12,6.32,6.38,6.25,6.31,2314155,84577377.0
2017-05-15,6.33,6.38,6.24,6.3,2252178,82647397.0
2017-05-16,6.28,6.89,6.24,6.76,6365986,241063420.0
2017-05-17,6.72,6.79,6.58,6.63,5038157,194820370.0
2017-05-18,6.56,6.65,6.44,6.47,3398803,128538868.0
2017-05-19,6.5,6.59,6.33,6.42,2963464,110612751.0
2017-05-22,6.39,6.45,6.25,6.29,2714241,99596752.0
2017-05-23,6.28,6.41,6.24,6.24,3360919,123089913.0
2017-05-24,6.16,6.3,6.16,6.3,2641536,95533912.0
2017-05-25,6.3,6.42,6.15,6.36,3587101,130488785.0
2017-05-26,6.38,6.43,6.32,6.37,2423074,89373363.0
2017-05-31,6.44,6.56,6.41,6.42,3099552,116068097.0
2017-06-01,6.38,6.44,5.87,6.12,3539473,128315389.0
2017-06-02,6.13,6.17,5.87,6.15,4286935,148687036.0
2017-06-05,6.15,6.38,6.15,6.33,3916012,142858214.0
2017-06-06,6.32,6.32,6.22,6.3,2152381,78246252.0
2017-06-07,6.35,6.52,6.31,6.51,4927791,184304961.0
2017-06-08,6.51,6.64,6.45,6.46,4908267,186418608.0
2017-06-09,6.41,6.54,6.41,6.5,3245094,121763778.0
2017-06-12,6.45,6.49,6.33,6.38,3079411,114016337.0
2017-06-13,6.38,6.94,6.37,6.83,10384797,407069168.0
2017-06-14,6.83,7.15,6.8,6.87,10872645,439426616.0
2017-06-15,6.89,7.1,6.81,7.05,6550749,263271057.0
2017-06-16,7.03,7.17,6.92,6.96,6493518,264955999.0
2017-06-19,6.94,6.96,6.84,6.9,4115757,163977411.0
2017-06-20,6.94,7.51,6.94,7.33,10626895,442090026.0
2017-06-21,7.25,7.31,7.16,7.25,5041669,210967667.0
2017-06-22,7.23,7.49,7.06,7.06,6786967,286037146.0
2017-06-23,7.06,7.19,6.81,7.15,5826047,235611482.0
2017-06-26,7.08,7.26,7.0,7.15,5007606,205844566.0
2017-06-27,7.11,7.14,6.96,6.97,4581633,185691298.0
2017-06-28,6.96,7.01,6.87,6.9,2881636,115191429.0
2017-06-29,6.91,7.04,6.91,6.94,2767155,111409546.0
2017-06-30,6.94,7.2,6.84,7.14,5171553,209928989.0
2017-07-03,7.14,7.32,7.08,7.32,6715571,280189189.0
2017-07-04,7.28,7.91,7.27,7.59,10970250,483997705.0
2017-07-05,7.56,7.81,7.46,7.69,8846555,389995458.0
2017-07-06,7.68,8.08,7.64,7.76,11689514,531670227.0
2017-07-07,7.8,7.91,7.64,7.8,7189968,321698718.0
2017-07-10,7.72,8.11,7.72,7.92,9392079,430132904.0
2017-07-11,7.82,7.92,7.46,7.5,7132813,316946411.0
2017-07-12,7.54,8.25,7.54,8.25,15061779,693255722.0
2017-07-13,8.61,8.81,8.37,8.53,24047547,1192995155.0
2017-07-14,8.52,9.06,8.35,8.8,20024936,1004786662.0
2017-07-17,8.64,9.06,8.36,8.59,15852097,801635734.0
2017-07-18,8.43,8.74,8.31,8.66,9737135,479819666.0
2017-07-19,8.62,9.11,8.41,9.04,15774382,794185780.0
2017-07-20,8.91,9.45,8.85,8.87,16009721,842334365.0
2017-07-21,8.83,9.02,8.58,8.66,12393645,623122482.0
2017-07-24,8.66,8.66,8.07,8.13,15574225,742347374.0
2017-07-25,8.18,8.26,8.01,8.25,8277674,388495328.0
2017-07-26,8.24,8.53,8.07,8.38,11315257,541957780.0
2017-07-27,8.28,8.28,7.84,8.17,11632160,543890131.0
2017-07-28,8.07,8.48,8.07,8.41,9214688,443994192.0
2017-07-31,8.34,8.6,8.21,8.59,9439552,458942423.0
2017-08-01,8.57,8.9,8.52,8.66,10074522,507505243.0
2017-08-02,8.65,8.82,8.45,8.46,7560327,374905061.0
2017-08-03,8.33,8.37,8.07,8.21,6909479,327502505.0
2017-08-04,8.21,8.26,7.9,7.9,5402760,251005399.0
2017-08-07,7.87,8.05,7.85,7.92,3481796,159432419.0
2017-08-08,7.92,8.04,7.67,7.69,5750945,259284216.0
2017-08-09,7.71,7.96,7.68,7.85,4789599,216972805.0
2017-08-10,7.91,7.91,7.62,7.63,4749593,211790824.0
2017-08-11,7.62,7.7,7.36,7.41,4583802,198734089.0
2017-08-14,7.41,7.72,7.41,7.71,5022139,220923084.0
2017-08-15,7.75,7.89,7.66,7.7,6224268,279367110.0
2017-08-16,7.7,7.83,7.58,7.75,3460126,153698019.0
2017-08-17,7.75,7.8,7.66,7.77,3230773,143938227.0
2017-08-18,7.68,7.73,7.6,7.62,2525680,111217587.0
2017-08-21,7.62,7.71,7.6,7.63,2247750,98970316.0
2017-08-22,7.53,7.56,7.17,7.43,8578283,363544074.0
2017-08-23,7.41,7.49,7.23,7.28,4327519,183180524.0
2017-08-24,7.35,7.35,7.11,7.12,3956873,163737965.0
2017-08-25,7.12,7.31,7.12,7.22,3267773,135944971.0
2017-08-28,7.24,7.43,7.23,7.41,4601320,195628975.0
2017-08-29,7.41,7.42,7.25,7.28,3456500,145624842.0
2017-08-30,7.33,7.4,7.22,7.28,4716056,199012368.0
2017-08-31,7.29,7.44,7.28,7.38,5481357,232766810.0
2017-09-01,7.37,7.89,7.37,7.82,11383735,504416665.0
2017-09-04,7.84,8.19,7.84,8.07,11692949,543036965.0
2017-09-05,8.09,8.83,7.97,8.54,15788053,761644471.0
2017-09-06,8.5,8.98,8.38,8.61,18237175,916716785.0
2017-09-07,8.57,8.81,8.55,8.57,9479140,473313655.0
2017-09-08,8.56,8.86,8.53,8.58,7451229,372796339.0
2017-09-11,8.93,9.44,8.9,9.44,21451698,1136836815.0
2017-09-12,9.71,10.1,8.88,9.19,29627484,1643294453.0
2017-09-13,9.18,9.38,8.9,9.31,16087643,854439138.0
2017-09-14,9.34,9.99,9.29,9.42,15471697,853142386.0
2017-09-15,9.38,9.63,9.17,9.54,10336359,562450199.0
2017-09-18,9.54,9.54,9.15,9.37,8174257,440351515.0
2017-09-19,9.39,9.61,8.96,8.97,13457221,714800993.0
2017-09-20,9.02,9.26,8.76,9.26,10163126,529977674.0
2017-09-21,9.37,9.44,8.89,8.92,8834335,462836568.0
2017-09-22,8.86,9.04,8.65,8.74,6493203,330849999.0
2017-09-25,8.79,8.91,8.64,8.76,5169981,261245807.0
2017-09-26,8.66,8.94,8.66,8.9,5399925,275562400.0
2017-09-27,8.9,9.37,8.84,9.27,10043399,532741961.0
2017-09-28,9.18,9.44,9.12,9.27,6565672,352931101.0
2017-09-29,9.3,9.63,9.11,9.27,6728412,363533448.0
2017-10-09,9.28,9.47,9.01,9.18,5327077,280671622.0
2017-10-10,9.18,9.22,8.92,9.01,4144833,216303678.0
2017-10-11,8.99,8.99,8.59,8.78,6981954,352712757.0
2017-10-12,8.78,8.79,8.44,8.45,7256793,358289025.0
2017-10-13,8.51,8.65,8.51,8.53,4856955,240184526.0
2017-10-16,8.53,8.64,8.4,8.42,4106757,200905514.0
2017-10-17,8.42,8.49,8.14,8.22,5002524,239551642.0
2017-10-18,8.24,8.32,8.0,8.06,4082061,191536850.0
2017-10-19,8.04,8.27,8.0,8.12,3721453,174714099.0
2017-10-20,8.15,8.57,8.13,8.57,6484490,316276107.0
2017-10-23,8.57,8.6,8.4,8.51,3955770,193404787.0
2017-10-24,8.49,8.58,8.35,8.51,3794308,185013166.0
2017-10-25,8.43,8.5,8.14,8.22,5868487,278323953.0
2017-10-26,8.21,8.21,7.89,8.06,7523740,347300196.0
2017-10-27,8.05,8.18,7.94,8.1,4944782,231005681.0
2017-10-30,8.1,8.11,7.83,8.02,4026506,185079899.0
2017-10-31,7.98,8.38,7.93,8.32,6280675,296234662.0
2017-11-01,8.27,8.39,8.17,8.24,4837927,230813513.0
2017-11-02,8.22,8.27,8.04,8.13,3143150,147636750.0
2017-11-03,8.13,8.15,7.82,7.86,6444125,295216441.0
2017-11-06,7.83,8.01,7.83,7.94,3837330,175547592.0
2017-11-07,7.94,8.09,7.83,8.07,3953178,181446657.0
2017-11-08,8.03,8.65,8.03,8.48,9413109,457660564.0
2017-11-09,8.58,8.64,8.43,8.54,5233031,257092426.0
2017-11-10,8.61,8.61,8.38,8.44,4758317,233352918.0
2017-11-13,8.49,8.85,8.49,8.7,9481631,475835136.0
2017-11-14,8.7,8.96,8.57,8.67,7563738,382808050.0
2017-11-15,8.6,8.6,7.82,7.96,10304650,479532237.0
2017-11-16,7.94,7.94,7.46,7.47,11050042,481880017.0
2017-11-17,7.46,7.63,7.39,7.47,6044057,261784574.0
2017-11-20,7.47,7.62,7.2,7.61,3428627,147961303.0
2017-11-21,7.64,7.83,7.49,7.58,4445534,196526827.0
2017-11-22,7.55,7.88,7.48,7.66,4467854,197995094.0
2017-11-23,7.58,7.78,7.43,7.46,4000952,176057760.0
2017-11-24,7.46,7.6,7.31,7.54,3363976,144662426.0
2017-11-27,7.53,7.65,7.39,7.43,3520689,153439658.0
2017-11-28,7.43,7.61,7.34,7.58,2630239,113362555.0
2017-11-29,7.54,7.61,7.32,7.43,4059810,173560400.0
2017-11-30,7.37,7.49,7.3,7.31,2874932,122132108.0
2017-12-01,7.32,7.4,7.24,7.31,2756313,116176152.0
2017-12-04,7.39,7.41,7.23,7.25,2551784,107693397.0
2017-12-05,7.2,7.28,6.89,6.94,5675979,229980692.0
2017-12-06,6.95,7.09,6.9,7.08,2389184,96676807.0
2017-12-07,7.07,7.19,7.07,7.11,1931164,79532626.0
2017-12-08,7.04,7.32,7.04,7.27,2401363,100228011.0
2017-12-11,7.22,7.4,7.22,7.36,2161447,91568816.0
2017-12-12,7.34,7.71,7.34,7.54,5578598,244551310.0
2017-12-13,7.48,7.59,7.44,7.55,2650439,114807165.0
2017-12-14,7.55,7.73,7.52,7.66,3562186,157337446.0
2017-12-15,7.64,7.7,7.59,7.62,2267825,99970622.0
2017-12-18,7.6,7.74,7.48,7.59,2052307,90078786.0
2017-12-19,7.51,7.68,7.51,7.6,1206743,52969763.0
2017-12-20,7.56,7.7,7.56,7.6,1324400,58332469.0
2017-12-21,7.61,7.78,7.58,7.74,3324065,147769172.0
2017-12-22,7.74,8.08,7.72,7.91,3993184,183570462.0
2017-12-25,7.89,8.03,7.84,8.01,2960278,136077025.0
2017-12-26,7.99,8.08,7.56,7.78,4602292,207959306.0
2017-12-27,7.8,8.03,7.78,7.96,4940055,226271698.0
2017-12-28,7.81,8.05,7.81,7.84,3199048,146671743.0
2017-12-29,7.86,8.08,7.86,7.98,2636638,121497029.0
2018-01-02,8.07,8.35,8.07,8.32,4532126,216678876.0
2018-01-03,8.39,8.73,8.34,8.59,7099981,351608662.0
2018-01-04,8.52,8.96,8.44,8.55,6962231,347549719.0
2018-01-05,8.67,8.74,8.45,8.61,4381781,217568373.0
2018-01-08,8.64,8.86,8.61,8.66,4738094,238678717.0
2018-01-09,8.66,8.75,8.25,8.29,6465732,311702955.0
2018-01-10,8.37,8.43,8.16,8.26,4090713,194630200.0
2018-01-11,8.28,8.31,8.1,8.15,2821769,132863805.0
2018-01-12,8.09,8.29,8.09,8.17,2795112,131907860.0
2018-01-15,8.15,8.19,7.72,7.97,5294857,242103753.0
2018-01-16,7.88,7.92,7.72,7.76,2965204,133297039.0
2018-01-17,7.68,7.96,7.68,7.84,3418606,154369340.0
2018-01-18,7.81,8.01,7.79,7.84,3179755,145296716.0
2018-01-19,7.84,7.98,7.84,7.92,1694182,77490161.0
2018-01-22,7.89,7.97,7.71,7.76,3617327,162916944.0
2018-01-23,7.76,7.85,7.49,7.53,4940295,216986355.0
2018-01-24,7.56,7.88,7.41,7.87,5069214,224356076.0
2018-01-25,7.86,8.2,7.81,7.95,4388268,203246803.0
2018-01-26,7.95,7.95,7.68,7.77,3538834,158207597.0
2018-01-29,7.77,7.77,7.55,7.6,2464845,108054522.0
2018-01-30,7.57,7.83,7.57,7.73,2465481,110212373.0
2018-01-31,7.72,7.72,7.36,7.45,3779484,162140784.0
2018-02-01,7.45,7.6,7.27,7.27,2313900,98810133.0
2018-02-02,7.27,7.56,7.2,7.53,2873064,123706488.0
2018-02-05,7.46,7.53,7.38,7.43,1336716,57438872.0
2018-02-06,7.37,7.55,7.26,7.29,2764287,118087907.0
2018-02-07,7.39,7.54,7.29,7.52,2447316,104899477.0
2018-02-08,7.46,7.89,7.42,7.82,3465674,154523305.0
2018-02-09,7.7,8.01,7.56,7.57,5272770,237956565.0
2018-02-12,7.81,8.31,7.68,8.26,7283368,339666226.0
2018-02-13,8.29,8.5,8.07,8.27,4645546,222241186.0
2018-02-14,8.27,8.39,8.11,8.22,3135204,149057898.0
2018-02-22,8.27,8.51,8.13,8.45,5733850,276835488.0
2018-02-23,8.34,8.52,8.1,8.15,5118255,242304555.0
2018-02-26,8.23,8.23,7.94,8.2,6810966,317515918.0
2018-02-27,8.2,8.2,7.91,8.0,6182808,285097400.0
2018-02-28,7.81,7.88,7.48,7.85,7024949,310462317.0
2018-03-01,7.79,8.01,7.69,7.92,3983744,181644160.0
2018-03-02,7.85,8.67,7.85,8.34,11591277,559989059.0
2018-03-05,8.36,8.47,8.24,8.38,6524168,313855444.0
2018-03-06,8.39,8.41,8.14,8.23,5020938,238170157.0
2018-03-07,8.31,8.55,8.22,8.42,8526400,413507472.0
2018-03-08,7.97,8.19,7.89,8.09,8487624,394412537.0
2018-03-09,8.0,8.12,7.89,8.08,5775498,266521469.0
2018-03-12,8.09,8.89,8.08,8.89,17503954,874134350.0
2018-03-13,8.89,8.99,8.72,8.87,11677596,596689352.0
2018-03-14,8.87,9.13,8.67,8.67,11554504,595398657.0
2018-03-15,8.78,8.93,8.64,8.93,7379755,374076021.0
2018-03-16,9.02,9.09,8.66,8.83,5792593,295985822.0
2018-03-19,8.72,8.89,8.6,8.75,4149074,210078656.0
2018-03-20,8.67,8.79,8.45,8.63,4886896,241515067.0
2018-03-21,8.5,8.5,8.21,8.39,11312205,545112162.0
2018-03-22,8.3,8.35,8.15,8.17,6276669,297897383.0
2018-03-23,7.86,8.04,7.67,7.76,5810053,262274856.0
2018-03-26,7.68,7.89,7.6,7.82,6550842,293317149.0
2018-03-27,7.99,8.26,7.98,8.24,10796006,508803545.0
2018-03-28,8.12,8.19,7.98,8.0,3719255,173527393.0
2018-03-29,8.08,8.22,8.02,8.04,2894856,134939326.0
2018-03-30,8.08,8.19,8.04,8.11,3778798,176988930.0
2018-04-02,8.16,8.29,8.16,8.18,3432725,162398384.0
2018-04-03,7.98,8.12,7.91,7.98,2643856,121848139.0
2018-04-04,8.05,8.19,7.99,8.04,2191252,102382620.0
2018-04-09,8.0,8.08,7.82,7.87,3515730,159908030.0
2018-04-10,7.88,7.93,7.75,7.92,3107542,140606797.0
2018-04-11,7.91,8.15,7.85,8.0,4665882,215312884.0
2018-04-12,7.9,7.99,7.85,7.86,2322563,105855131.0
2018-04-13,7.89,7.96,7.76,7.79,2710477,122477889.0
2018-04-16,7.79,7.79,7.55,7.6,3544206,156436752.0
2018-04-17,7.63,7.74,7.54,7.6,2491400,109574076.0
2018-04-18,7.71,7.71,7.49,7.63,2668848,116769313.0
2018-04-19,7.6,7.74,7.6,7.69,2703671,119948356.0
2018-04-20,7.66,7.72,7.58,7.63,2078382,91555688.0
2018-04-23,7.63,7.69,7.39,7.47,2240882,97179060.0
2018-04-24,7.46,7.63,7.4,7.62,2403218,104420157.0
2018-04-25,7.6,7.6,7.36,7.45,3989578,171525775.0
2018-04-26,7.42,7.53,7.25,7.29,2992928,126306857.0
2018-04-27,7.35,7.35,6.94,7.04,6525202,266653581.0
2018-05-02,7.04,7.16,6.94,6.98,4116919,166709890.0
2018-05-03,6.97,7.02,6.74,6.89,6431686,253175967.0
2018-05-04,6.96,7.08,6.83,6.98,6334535,254459421.0
2018-05-07,6.98,7.5,6.98,7.38,9125487,382686941.0
2018-05-08,7.37,7.51,7.31,7.39,6164493,262802462.0
2018-05-09,7.36,7.47,7.36,7.41,4198017,179667680.0
2018-05-10,7.44,7.62,7.42,7.56,6518238,283552362.0
2018-05-11,7.58,7.81,7.55,7.7,8783595,391453272.0
2018-05-14,7.66,7.86,7.58,7.6,6005063,267214119.0
2018-05-15,7.58,7.85,7.58,7.78,6565550,293642755.0
2018-05-16,7.74,7.84,7.67,7.68,4358579,194836146.0
2018-05-17,7.66,7.8,7.57,7.62,3318131,146654086.0
2018-05-18,7.67,7.79,7.64,7.75,3385101,150830693.0
2018-05-21,7.82,7.98,7.77,7.81,4677498,212543844.0
2018-05-22,7.81,7.89,7.58,7.78,4513685,201244351.0
2018-05-23,7.75,7.77,7.5,7.56,5066517,222076554.0
2018-05-24,7.49,7.77,7.49,7.73,5914137,261372131.0
2018-05-25,7.65,7.68,7.46,7.48,4206525,182473517.0
2018-05-28,7.38,7.56,7.38,7.45,2918133,126131381.0
2018-05-29,7.53,7.68,7.4,7.51,3561307,155338393.0
2018-05-30,7.42,7.51,7.11,7.14,4811190,201353869.0
2018-05-31,7.17,7.32,7.12,7.25,2213586,92267084.0
2018-06-01,7.22,7.22,7.1,7.13,2757049,113661364.0
2018-06-04,7.15,7.19,6.8,6.85,6628461,263267680.0
2018-06-05,6.88,7.17,6.88,7.07,4067086,164395382.0
2018-06-06,7.08,7.75,7.08,7.55,10329909,447033243.0
2018-06-07,7.55,7.62,7.39,7.45,5300559,228810091.0
2018-06-08,7.38,7.43,7.2,7.29,4784769,201306580.0
2018-06-11,7.24,7.39,7.12,7.21,4152998,173828608.0
2018-06-12,7.21,7.26,6.96,7.15,4275010,174874936.0
2018-06-13,7.15,7.15,6.94,6.96,3178355,128596272.0
2018-06-14,6.96,7.07,6.93,7.03,2342477,94723368.0
2018-06-15,6.98,7.05,6.86,6.9,2979504,118941553.0
2018-06-19,6.82,6.82,6.23,6.54,4929209,185751494.0
2018-06-20,6.51,6.74,6.44,6.62,4015662,152842087.0
2018-06-21,6.61,6.61,6.31,6.34,3097618,115461589.0
2018-06-22,6.34,6.62,6.18,6.49,4207331,156909492.0
2018-06-25,6.61,6.68,6.51,6.51,3531649,133638488.0
2018-06-26,6.36,6.66,6.32,6.54,4088019,154215021.0
2018-06-27,6.55,6.73,6.55,6.58,3606610,137717920.0
2018-06-28,6.58,6.73,6.42,6.46,3760367,143121952.0
2018-06-29,6.44,6.72,6.44,6.69,3986577,152250028.0
2018-07-02,6.67,6.71,6.52,6.57,3087470,117837579.0
2018-07-03,6.57,6.68,6.42,6.65,3359612,127315504.0
2018-07-04,6.65,6.66,6.43,6.48,2203401,82971691.0
2018-07-05,6.48,6.55,6.18,6.23,3090725,113921086.0
2018-07-06,6.28,6.5,6.24,6.37,3678237,135171406.0
2018-07-09,6.4,6.57,6.4,6.56,2562485,96302156.0
2018-07-10,6.56,6.71,6.56,6.63,3650429,139536184.0
2018-07-11,6.59,6.79,6.45,6.65,4788931,182000900.0
2018-07-12,6.56,6.81,6.5,6.77,6110045,235257135.0
2018-07-13,6.74,6.78,6.66,6.71,3637322,139917961.0
2018-07-16,6.7,6.74,6.58,6.61,3000407,113946265.0
2018-07-17,6.52,6.52,6.22,6.41,9404035,341575575.0
2018-07-18,6.38,6.43,6.33,6.34,3631643,132851627.0
2018-07-19,6.34,6.41,6.29,6.36,2727455,99534368.0
2018-07-20,6.36,6.4,6.28,6.37,3186120,116197652.0
2018-07-23,6.37,6.55,6.34,6.55,5295751,197404369.0
2018-07-24,6.52,6.58,6.49,6.57,5159463,193501620.0
2018-07-25,6.55,6.57,6.41,6.41,4146626,154143968.0
2018-07-26,6.43,6.44,6.31,6.32,3130694,114006992.0
2018-07-27,6.32,6.38,6.28,6.33,2024800,73592175.0
2018-07-30,6.27,6.35,6.24,6.26,2917147,105024899.0
2018-07-31,6.26,6.27,5.63,5.63,10451817,344465577.0
2018-08-01,5.49,5.49,5.07,5.25,15572503,463083199.0
2018-08-02,5.07,5.11,4.86,4.96,7944266,227357815.0
2018-08-03,4.93,5.07,4.9,4.91,3766165,107461012.0
2018-08-06,4.79,4.84,4.53,4.56,5827405,155440400.0
2018-08-07,4.65,4.71,4.51,4.71,5295717,140723740.0
2018-08-08,4.77,4.8,4.65,4.73,4703439,127806113.0
2018-08-09,4.7,4.86,4.68,4.81,4610411,126765260.0
2018-08-10,4.77,4.83,4.73,4.78,3209237,88037900.0
2018-08-13,4.7,4.78,4.62,4.75,3993809,107395224.0
2018-08-14,4.74,4.84,4.73,4.77,3799443,104545380.0
2018-08-15,4.78,4.79,4.59,4.61,3560385,95381994.0
2018-08-16,4.55,4.63,4.44,4.55,3199449,83422461.0
2018-08-17,4.63,4.75,4.55,4.58,4133820,110564053.0
2018-08-20,4.55,4.61,4.46,4.61,3280687,85347710.0
2018-08-21,4.6,4.61,4.52,4.57,4316610,113057584.0
2018-08-22,4.57,4.57,4.39,4.39,4651393,118901652.0
2018-08-23,4.41,4.51,4.4,4.48,3894496,99641317.0
2018-08-24,4.49,4.51,4.41,4.41,2739206,69870818.0
2018-08-27,4.41,4.51,4.41,4.51,3639243,93591424.0
2018-08-28,4.52,4.7,4.51,4.66,6998196,186351499.0
2018-08-29,4.62,4.64,4.52,4.52,4622100,121086093.0
2018-08-30,4.52,4.52,4.43,4.43,3153831,80498588.0
2018-08-31,4.4,4.41,4.19,4.23,4464641,109223242.0
2018-09-03,4.24,4.25,3.92,4.02,5940767,137034799.0
2018-09-04,3.91,4.16,3.91,4.09,5044977,118345413.0
2018-09-05,4.09,4.23,4.07,4.08,5581285,132912295.0
2018-09-06,4.04,4.11,4.02,4.06,2854480,66599965.0
2018-09-07,4.06,4.16,4.01,4.05,2730192,64007062.0
2018-09-10,4.08,4.08,3.84,3.86,3889693,87565885.0
2018-09-11,3.88,3.94,3.82,3.91,3247736,72464999.0
2018-09-12,3.95,4.07,3.9,4.01,4763721,109280867.0
2018-09-13,4.05,4.1,3.96,4.01,3091817,71291437.0
2018-09-14,4.04,4.18,4.03,4.08,6669766,157766601.0
2018-09-17,4.05,4.05,3.9,3.92,3169728,71702296.0
2018-09-18,3.87,4.09,3.87,4.08,3513822,80735058.0
2018-09-19,4.08,4.23,4.0,4.18,6765564,160906430.0
2018-09-20,4.25,4.59,4.24,4.36,10367453,261412597.0
2018-09-21,4.34,4.53,4.26,4.46,9641742,243713425.0
2018-09-25,4.38,4.43,4.33,4.39,6122371,153639724.0
2018-09-26,4.39,4.43,4.33,4.36,4799894,120654739.0
2018-09-27,4.34,4.39,4.23,4.24,4740405,116765599.0
2018-09-28,4.27,4.32,4.22,4.3,3180087,78076478.0
2018-10-08,4.21,4.21,3.98,3.99,3551071,83139621.0
2018-10-09,4.02,4.1,3.97,4.02,3575896,82773242.0
2018-10-10,4.06,4.09,3.91,3.95,4794505,109436817.0
2018-10-11,3.8,3.82,3.55,3.55,6893061,144128463.0
2018-10-12,3.52,3.52,3.22,3.4,6399866,123419750.0
2018-10-15,3.43,3.47,3.29,3.31,3341933,65096330.0
2018-10-16,3.35,3.36,3.19,3.22,3608573,67858549.0
2018-10-17,3.27,3.3,3.17,3.29,3437073,64305944.0
2018-10-18,3.26,3.29,3.18,3.19,2900122,53636143.0
2018-10-19,3.11,3.28,3.08,3.27,3717429,68595658.0
2018-10-22,3.31,3.48,3.31,3.43,5584188,109214827.0
2018-10-23,3.45,3.45,3.26,3.32,4465115,86002702.0
2018-10-24,3.33,3.64,3.32,3.46,6486158,127969792.0
2018-10-25,3.34,3.57,3.28,3.57,7946992,157878829.0
2018-10-26,3.57,3.57,3.46,3.49,5449170,109675699.0
2018-10-29,3.46,3.47,3.36,3.37,2817442,55181014.0
2018-10-30,3.31,3.47,3.31,3.42,3703156,72255626.0
2018-10-31,3.43,3.53,3.41,3.47,4221458,84206832.0
2018-11-01,3.49,3.56,3.42,3.46,5523311,110940519.0
2018-11-02,3.51,3.74,3.49,3.69,9297812,192621072.0
2018-11-05,3.66,3.79,3.63,3.73,7847209,167230992.0
2018-11-06,3.73,3.73,3.61,3.67,4115097,86405815.0
2018-11-07,3.74,3.83,3.7,3.72,6714068,145017297.0
2018-11-08,3.75,3.76,3.6,3.62,4062179,85683620.0
2018-11-09,3.62,3.67,3.6,3.6,2163989,45028407.0
2018-11-12,3.6,3.72,3.59,3.72,3937727,83178287.0
2018-11-13,3.69,3.8,3.66,3.77,5150104,110627467.0
2018-11-14,3.79,3.8,3.7,3.71,4313707,92756819.0
2018-11-15,3.72,3.81,3.71,3.79,4283839,92472485.0
2018-11-16,3.79,4.16,3.79,4.12,12964027,299023767.0
2018-11-19,4.08,4.17,3.99,4.06,8409166,195417048.0
2018-11-20,4.01,4.06,3.91,3.91,6919764,157288756.0
2018-11-21,3.84,4.01,3.82,3.96,4516348,101979047.0
2018-11-22,3.96,4.01,3.84,3.89,3752400,84083039.0
2018-11-23,3.89,3.91,3.63,3.67,4447695,95620915.0
2018-11-26,3.67,3.71,3.55,3.59,2776023,57741141.0
2018-11-27,3.6,3.71,3.6,3.65,2478356,52031106.0
2018-11-28,3.66,4.01,3.66,3.99,10018504,222982445.0
2018-11-29,4.01,4.13,3.94,4.03,12995478,302455399.0
2018-11-30,4.08,4.25,3.97,4.24,12490049,298064672.0
2018-12-03,4.39,4.42,4.24,4.3,12212538,302617036.0
2018-12-04,4.27,4.3,4.17,4.24,6765789,164095512.0
2018-12-05,4.11,4.29,4.11,4.18,6712245,161961957.0
2018-12-06,4.16,4.32,4.15,4.27,10561541,257701126.0
2018-12-07,4.25,4.28,4.17,4.2,6601529,159428098.0
2018-12-10,4.16,4.34,4.15,4.32,7474552,183763755.0
2018-12-11,4.32,4.44,4.25,4.43,8375255,209573533.0
2018-12-12,4.45,4.58,4.39,4.46,9789053,251823683.0
2018-12-13,4.44,4.52,4.38,4.4,6403533,162823477.0
2018-12-14,4.39,4.42,4.28,4.28,4731775,118202807.0
2018-12-17,4.28,4.35,4.21,4.3,3809946,93887407.0
2018-12-18,4.28,4.32,4.14,4.24,4007262,96915997.0
2018-12-19,4.25,4.28,4.2,4.23,2540932,61996294.0
2018-12-20,4.2,4.28,4.16,4.21,2855621,69030093.0
2018-12-21,4.19,4.19,4.01,4.09,4432269,104166948.0
2018-12-24,4.07,4.16,4.05,4.13,2478090,58563290.0
2018-12-25,4.13,4.13,3.82,3.97,5570396,126088354.0
2018-12-26,3.94,4.02,3.89,3.92,2823600,64119872.0
2018-12-27,3.98,4.0,3.77,3.8,3774580,84492392.0
2018-12-28,3.83,3.89,3.75,3.78,2751220,60063600.0
2019-01-02,3.78,3.81,3.71,3.72,2381000,51171503.0
2019-01-03,3.72,3.77,3.64,3.73,3255200,69525771.0
2019-01-04,3.65,3.81,3.63,3.78,4460537,95641987.0
2019-01-07,3.82,3.9,3.77,3.9,4983345,109757424.0
2019-01-08,3.9,4.09,3.87,4.05,6776208,156115078.0
2019-01-09,4.08,4.08,3.88,3.93,6671285,151051643.0
2019-01-10,3.89,3.97,3.89,3.93,2553509,57614939.0
2019-01-11,3.9,3.95,3.81,3.89,2931891,65111895.0
2019-01-14,3.88,4.03,3.83,3.97,4557436,103183580.0
2019-01-15,3.95,4.02,3.93,3.99,2510399,57343611.0
2019-01-16,4.0,4.01,3.94,3.95,1642100,37368829.0
2019-01-17,3.95,3.95,3.81,3.82,2387300,52927381.0
2019-01-18,3.8,3.88,3.8,3.86,2280684,50245755.0
2019-01-21,3.86,3.95,3.85,3.92,2901787,65112536.0
2019-01-22,3.91,3.96,3.84,3.86,2393746,53617191.0
2019-01-23,3.86,4.24,3.86,4.24,7471128,178649193.0
2019-01-24,4.39,4.47,4.27,4.38,16829912,421485570.0
2019-01-25,4.34,4.67,4.27,4.48,13887881,356682990.0
2019-01-28,4.46,4.67,4.42,4.5,8937936,233078942.0
2019-01-29,4.5,4.58,4.33,4.4,7282843,186055099.0
2019-01-30,4.44,4.62,4.4,4.49,7998200,207751043.0
2019-01-31,4.41,4.58,4.37,4.43,7187059,182982566.0
2019-02-01,4.48,4.81,4.44,4.79,11221594,300511844.0
2019-02-11,4.78,4.97,4.73,4.94,9307320,259094394.0
2019-02-12,4.91,5.09,4.81,4.92,9469030,267155884.0
2019-02-13,4.88,5.0,4.84,4.93,8089930,227977428.0
2019-02-14,4.88,5.23,4.86,5.13,9386098,273693500.0
2019-02-15,5.04,5.13,4.93,4.96,7226404,208265788.0
2019-02-18,5.0,5.14,4.89,5.14,7612754,218919765.0
2019-02-19,5.12,5.29,4.96,5.04,9189848,269658236.0
2019-02-20,5.01,5.14,4.93,5.01,5566865,160492352.0
2019-02-21,4.95,5.02,4.81,4.89,8272736,233283276.0
2019-02-22,4.86,4.96,4.82,4.94,4600613,129571528.0
2019-02-25,4.98,5.43,4.98,5.43,13741864,414527390.0
2019-02-26,5.4,5.93,5.23,5.73,12645532,411354689.0
2019-02-27,5.61,6.14,5.61,5.82,9902926,335488027.0
2019-02-28,5.82,6.07,5.72,5.75,8003613,270403678.0
2019-03-01,5.95,6.06,5.81,5.97,6661815,226704933.0
2019-03-04,5.96,6.2,5.84,5.93,10183491,348727821.0
2019-03-05,5.89,5.89,5.71,5.85,10034124,333363705.0
2019-03-06,5.8,5.91,5.7,5.81,8403430,278412960.0
2019-03-07,5.75,5.86,5.71,5.78,7759485,256853957.0
2019-03-08,5.6,5.73,5.48,5.51,6318866,202671071.0
2019-03-11,5.42,5.82,5.42,5.81,7644808,250862261.0
2019-03-12,5.92,6.19,5.86,5.93,11246235,390494699.0
2019-03-13,5.95,6.13,5.83,5.9,7766560,266905086.0
2019-03-14,5.89,6.12,5.72,5.8,5721052,193850941.0
2019-03-15,5.9,5.9,5.66,5.74,4546119,150221454.0
2019-03-18,5.78,5.86,5.7,5.86,3823599,127110582.0
2019-03-19,5.84,5.98,5.79,5.82,3301637,110824066.0
2019-03-20,5.82,5.86,5.53,5.68,4612209,149613449.0
2019-03-21,5.75,6.03,5.75,5.83,8693535,293439073.0
2019-03-22,5.93,6.14,5.85,6.1,13694277,475405879.0
2019-03-25,5.93,6.34,5.93,6.0,11081825,392163488.0
2019-03-26,6.07,6.1,5.63,5.65,9140726,306291010.0
2019-03-27,5.68,5.8,5.34,5.38,9008539,284378538.0
2019-03-28,5.38,5.44,5.19,5.28,5568121,169797028.0
2019-03-29,5.27,5.44,5.19,5.43,4979405,152296539.0
2019-04-01,5.4,5.61,5.38,5.59,5737556,182302197.0
2019-04-02,5.63,5.65,5.46,5.57,6058945,192710131.0
2019-04-03,5.57,5.57,5.38,5.46,6074541,189231460.0
2019-04-04,5.49,5.49,5.34,5.38,6504991,201419691.0
2019-04-08,5.45,5.89,5.28,5.86,16194170,517600209.0
2019-04-09,5.84,5.84,5.55,5.6,10749602,346681233.0
2019-04-10,5.56,5.56,5.4,5.47,5051458,158257374.0
2019-04-11,5.42,5.47,5.36,5.37,3849464,119553825.0
2019-04-12,5.37,5.44,5.33,5.38,2760218,85232395.0
2019-04-15,5.43,5.44,5.28,5.29,3863859,119105755.0
2019-04-16,5.3,5.3,5.0,5.25,6748005,198676265.0
2019-04-17,5.26,5.63,5.26,5.52,11336921,356778694.0
2019-04-18,5.52,5.52,5.37,5.4,3779632,117902968.0
2019-04-19,5.39,5.44,5.33,5.39,2665059,82226744.0
2019-04-22,5.39,5.46,5.26,5.26,3573825,109844973.0
2019-04-23,5.3,5.33,5.12,5.15,3913205,116040782.0
2019-04-24,5.13,5.2,5.1,5.2,2478045,73303166.0
2019-04-25,5.16,5.2,4.94,5.04,3951457,114324409.0
2019-04-26,5.02,5.02,4.89,4.97,2656263,75312582.0
2019-04-29,4.94,5.03,4.58,5.02,5594595,155344807.0
2019-04-30,4.94,5.05,4.84,4.93,2784505,79147329.0
2019-05-06,4.88,4.88,4.55,4.62,4734594,127253822.0
2019-05-07,4.63,4.68,4.36,4.49,3700893,96571692.0
2019-05-08,4.37,4.55,4.37,4.46,2116459,54250869.0
2019-05-09,4.42,4.5,4.42,4.44,1882307,48218134.0
2019-05-10,4.49,4.57,4.37,4.51,3045297,78646880.0
2019-05-13,4.51,4.56,4.44,4.54,2800548,72660556.0
2019-05-14,4.44,4.54,4.43,4.43,1781789,45784664.0
2019-05-15,4.46,4.5,4.44,4.47,2111392,54102845.0
2019-05-16,4.49,4.58,4.45,4.56,2487679,64716872.0
2019-05-17,4.54,4.6,4.35,4.35,4029207,102616536.0
2019-05-20,4.32,4.39,4.06,4.37,3408277,82192743.0
2019-05-21,4.36,4.44,4.27,4.43,2729519,68592300.0
2019-05-22,4.43,4.44,4.28,4.29,2274092,56792929.0
2019-05-23,4.28,4.28,4.08,4.08,2722511,65116829.0
2019-05-24,4.06,4.22,4.05,4.06,2990510,70698196.0
2019-05-27,4.1,4.21,4.06,4.19,2415712,57513177.0
2019-05-28,4.15,4.29,4.13,4.15,2940914,71044653.0
2019-05-29,4.17,4.25,4.14,4.21,2175321,52533102.0
2019-05-30,4.15,4.23,4.15,4.22,1919735,46143811.0
2019-05-31,4.21,4.22,4.11,4.13,1960485,46761981.0
2019-06-03,4.15,4.17,4.03,4.05,1901951,44483111.0
2019-06-04,4.08,4.08,3.94,3.98,2061600,47095874.0
2019-06-05,4.01,4.09,4.01,4.02,2169195,50426249.0
2019-06-06,4.03,4.09,3.95,3.96,1915400,44049484.0
2019-06-10,4.01,4.15,3.83,4.1,2593300,60522308.0
2019-06-11,4.15,4.21,4.05,4.2,2803132,66719505.0
2019-06-12,4.17,4.21,4.11,4.13,2231599,53235080.0
2019-06-13,4.13,4.17,4.07,4.14,2157401,51025718.0
2019-06-14,4.14,4.17,4.07,4.09,1984135,46881231.0
2019-06-17,4.09,4.12,4.05,4.09,895161,21033893.0
2019-06-18,4.07,4.14,4.05,4.08,1313657,30754477.0
2019-06-19,4.18,4.18,4.1,4.12,2283545,54140695.0
2019-06-20,4.11,4.16,4.06,4.13,2993436,70688762.0
2019-06-21,4.13,4.26,4.13,4.23,3502859,84756050.0
2019-06-24,4.2,4.28,4.19,4.25,2119856,51398628.0
2019-06-25,4.25,4.26,4.1,4.16,3053365,72939363.0
2019-06-26,4.14,4.23,4.13,4.2,2352007,56715991.0
2019-06-27,4.26,4.39,4.2,4.3,5677965,139713250.0
2019-06-28,4.29,4.29,4.18,4.22,2447583,59329156.0
2019-07-01,4.28,4.5,4.24,4.46,5200095,130784098.0
2019-07-02,4.43,4.62,4.4,4.54,5587268,145282916.0
2019-07-03,4.5,4.6,4.4,4.56,7436362,119524955.0
2019-07-04,4.55,4.59,4.46,4.51,4797899,77137653.0
2019-07-05,4.5,4.65,4.43,4.62,5721164,93637305.0
2019-07-08,4.59,4.68,4.45,4.52,5503557,89409756.0
2019-07-09,4.58,4.78,4.45,4.74,8749074,145064876.0
2019-07-10,4.71,4.85,4.63,4.76,7693299,130421970.0
2019-07-11,4.72,4.95,4.71,4.86,7485024,129458829.0
2019-07-12,4.93,5.09,4.81,4.85,14869761,263692691.0
2019-07-15,4.62,4.62,4.37,4.5,15872178,254150332.0
2019-07-16,4.52,4.59,4.34,4.54,9767534,156150615.0
2019-07-17,4.53,4.78,4.46,4.72,13988365,232342910.0
2019-07-18,4.7,4.7,4.54,4.6,6813201,112254613.0
2019-07-19,4.59,4.65,4.5,4.53,4845387,79165753.0
2019-07-22,4.47,4.59,4.41,4.54,5118691,82082842.0
2019-07-23,4.49,4.67,4.46,4.66,6236940,102344979.0
2019-07-24,4.66,4.7,4.59,4.62,3381994,56125162.0
2019-07-25,4.61,4.69,4.57,4.67,4102311,68072904.0
2019-07-26,4.66,4.69,4.61,4.65,2487487,41424135.0
2019-07-29,4.62,4.72,4.59,4.63,2777792,46021386.0
2019-07-30,4.6,4.66,4.59,4.59,2401255,39657566.0
2019-07-31,4.62,4.64,4.55,4.61,2843123,46806800.0
2019-08-01,4.56,4.85,4.55,4.72,5741880,97305815.0
2019-08-02,4.62,4.84,4.59,4.67,5177274,87166186.0
2019-08-05,4.67,4.72,4.58,4.62,3645849,60299250.0
2019-08-06,4.54,4.6,4.43,4.54,4159837,67092188.0
2019-08-07,4.62,4.7,4.56,4.57,3249658,53734429.0
2019-08-08,4.55,4.66,4.51,4.59,2556757,41855967.0
2019-08-09,4.6,4.64,4.43,4.51,3422465,55161586.0
2019-08-12,4.5,4.54,4.43,4.49,1810084,28909655.0
2019-08-13,4.45,4.48,4.42,4.42,2488880,39503821.0
2019-08-14,4.48,4.57,4.43,4.51,2895587,46600565.0
2019-08-15,4.44,4.51,4.41,4.45,1735340,27588321.0
2019-08-16,4.45,4.57,4.43,4.49,2054480,33075364.0
2019-08-19,4.51,4.56,4.49,4.55,2763860,44782471.0
2019-08-20,4.55,4.81,4.54,4.68,5477123,91488844.0
2019-08-21,4.65,4.7,4.61,4.62,2541281,42225575.0
2019-08-22,4.65,4.65,4.54,4.57,2313654,37796515.0
2019-08-23,4.59,4.72,4.56,4.65,3109587,51631328.0
2019-08-26,4.54,4.67,4.51,4.66,2609945,43051062.0
2019-08-27,4.66,4.73,4.63,4.7,3562520,59742486.0
2019-08-28,4.72,4.78,4.66,4.73,4036546,68084992.0
2019-08-29,4.73,4.74,4.59,4.6,2846440,47265069.0
2019-08-30,4.64,4.64,4.53,4.61,3638249,59403824.0
2019-09-02,4.59,4.85,4.58,4.8,7633894,129676497.0
2019-09-03,4.81,4.84,4.72,4.75,3732482,63328317.0
2019-09-04,4.8,4.88,4.74,4.87,6115448,105406393.0
2019-09-05,4.87,4.98,4.81,4.91,6809623,119465957.0
2019-09-06,4.93,4.95,4.85,4.9,3180258,55579036.0
2019-09-09,4.91,5.06,4.88,5.05,5658269,100934059.0
2019-09-10,5.05,5.17,4.96,4.98,6397038,115337691.0
2019-09-11,4.98,5.12,4.94,5.02,5281086,94626790.0
2019-09-12,5.02,5.09,4.95,5.05,3787866,68031087.0
2019-09-16,5.13,5.13,4.95,5.0,3892172,69557331.0
2019-09-17,5.01,5.05,4.84,4.84,3427523,60159028.0
2019-09-18,4.87,4.94,4.85,4.87,1842085,32144953.0
2019-09-19,4.87,4.94,4.85,4.9,2003978,35040902.0
2019-09-20,4.94,4.94,4.76,4.77,5033612,86186838.0
2019-09-23,4.77,4.77,4.62,4.66,3410520,56775093.0
2019-09-24,4.66,4.69,4.62,4.63,2903449,48226106.0
2019-09-25,4.64,4.81,4.54,4.74,4800984,80750438.0
2019-09-26,4.72,4.78,4.62,4.63,3010278,50250287.0
2019-09-27,4.61,4.66,4.56,4.56,2496971,41113625.0
2019-09-30,4.57,4.6,4.47,4.47,2211373,35652733.0
2019-10-08,4.47,4.66,4.47,4.6,2322091,38020999.0
2019-10-09,4.54,4.65,4.54,4.63,1642022,27083901.0
2019-10-10,4.62,4.74,4.62,4.69,2130907,35739731.0
2019-10-11,4.69,4.71,4.59,4.6,1893118,31247460.0
2019-10-14,4.64,4.67,4.62,4.63,1567659,25988737.0
2019-10-15,4.63,4.74,4.52,4.67,3183726,52941182.0
2019-10-16,4.64,4.78,4.64,4.73,3390547,57011924.0
2019-10-17,4.72,4.74,4.62,4.63,1894670,31515312.0
2019-10-18,4.64,4.66,4.54,4.59,2540712,41730538.0
2019-10-21,4.6,4.6,4.54,4.58,718047,11715786.0
2019-10-22,4.58,4.66,4.58,4.61,983279,16183991.0
2019-10-23,4.61,4.63,4.52,4.53,1102861,17950716.0
2019-10-24,4.53,4.57,4.51,4.54,924752,14982565.0
2019-10-25,4.52,4.57,4.52,4.56,988360,16073275.0
2019-10-28,4.55,4.66,4.54,4.65,2484571,40957634.0
2019-10-29,4.61,4.66,4.59,4.63,2232622,36844592.0
2019-10-30,4.47,4.6,4.46,4.52,1209500,19586620.0
2019-10-31,4.53,4.75,4.52,4.73,4332987,72306283.0
2019-11-01,4.71,4.76,4.67,4.7,2531024,42494585.0
2019-11-04,4.7,4.78,4.67,4.74,2981874,50491064.0
2019-11-05,4.74,5.0,4.71,4.93,7523163,130846217.0
2019-11-06,4.9,5.15,4.87,4.93,10182658,182611977.0
2019-11-07,4.93,4.97,4.79,4.81,5664983,97974192.0
2019-11-08,4.84,4.97,4.81,4.81,3811098,66321176.0
2019-11-11,4.79,4.87,4.68,4.7,3830821,65214828.0
2019-11-12,4.67,4.77,4.58,4.73,2556566,42757122.0
2019-11-13,4.69,4.74,4.61,4.73,2913591,48570058.0
2019-11-14,4.7,4.79,4.67,4.75,3384931,57363984.0
2019-11-15,4.79,4.82,4.57,4.61,5606958,94298143.0
2019-11-18,4.67,4.67,4.59,4.63,2188150,36132078.0
2019-11-19,4.62,4.86,4.6,4.83,5307952,90449879.0
2019-11-20,4.84,4.91,4.78,4.85,5108740,88711780.0
2019-11-21,4.8,4.88,4.72,4.77,3365877,57679615.0
2019-11-22,4.9,4.97,4.65,4.78,5661515,97515549.0
2019-11-25,4.74,4.75,4.63,4.7,2865889,47911479.0
2019-11-26,4.7,4.74,4.66,4.7,3405056,57237264.0
2019-11-27,4.67,4.73,4.56,4.64,3203874,53118135.0
2019-11-28,4.61,4.87,4.59,4.84,6162845,105023565.0
2019-11-29,4.85,4.9,4.76,4.83,4051023,69838073.0
2019-12-02,4.81,5.0,4.81,4.96,5726402,101106491.0
2019-12-03,4.95,4.98,4.89,4.96,3368719,59475507.0
2019-12-04,4.97,5.09,4.88,4.89,6560159,115947285.0
2019-12-05,4.88,5.01,4.85,4.98,5472080,96453227.0
2019-12-06,4.97,5.09,4.91,5.09,8489640,152611807.0
2019-12-09,5.08,5.08,4.95,5.02,5491319,98125148.0
2019-12-10,4.98,5.11,4.94,5.09,8255719,148786178.0
2019-12-11,5.05,5.2,4.99,5.0,6005996,109226593.0
2019-12-12,5.02,5.04,4.93,4.94,3690500,65595469.0
2019-12-13,4.98,5.28,4.95,5.26,12757378,234325211.0
2019-12-16,5.29,5.44,5.22,5.37,11721165,222511480.0
2019-12-17,5.37,5.65,5.36,5.45,13359098,262209516.0
2019-12-18,5.41,5.44,5.3,5.36,8220081,157407332.0
2019-12-19,5.37,5.43,5.29,5.38,5087242,97183428.0
2019-12-20,5.36,5.51,5.36,5.38,7654296,148441740.0
2019-12-23,5.38,5.61,5.27,5.52,10738588,210670461.0
2019-12-24,5.58,5.84,5.49,5.83,16894310,344766043.0
2019-12-25,5.82,5.93,5.67,5.76,12335417,254694620.0
2019-12-26,5.77,5.88,5.66,5.85,8735712,180785063.0
2019-12-27,5.79,6.01,5.77,5.79,10503844,219995656.0
2019-12-30,5.68,5.91,5.68,5.8,7278155,150592026.0
2019-12-31,5.77,5.93,5.72,5.79,7409146,153756394.0
2020-01-02,5.84,5.92,5.78,5.92,9193456,192832048.0
2020-01-03,5.9,6.0,5.83,5.84,8395691,176875904.0
2020-01-06,5.83,6.43,5.83,6.39,24565112,549238588.0
2020-01-07,6.38,6.48,6.25,6.34,10661865,241294509.0
2020-01-08,6.42,6.63,6.26,6.38,12821005,295235410.0
2020-01-09,6.53,6.94,6.44,6.84,16205621,389709920.0
2020-01-10,6.82,6.83,6.48,6.62,11583869,273970485.0
2020-01-13,6.72,6.76,6.55,6.7,10099980,240014898.0
2020-01-14,6.77,7.02,6.65,6.74,12346376,300562090.0
2020-01-15,6.72,6.79,6.54,6.76,9297614,221891690.0
2020-01-16,6.71,6.82,6.55,6.68,6211554,148174820.0
2020-01-17,6.71,6.9,6.61,6.79,7916386,191220896.0
2020-01-20,6.72,6.81,6.46,6.8,8564271,203294151.0
2020-01-21,6.63,6.85,6.62,6.7,7757516,186691288.0
2020-01-22,6.63,7.38,6.56,7.38,15621277,398818918.0
2020-01-23,7.25,7.59,6.72,7.04,17018037,439596949.0
2020-02-03,6.34,6.8,6.34,6.45,14949270,348513737.0
2020-02-04,6.63,7.09,6.63,7.09,6142236,154486550.0
2020-02-05,7.72,7.8,7.36,7.8,19204448,527527087.0
2020-02-06,7.42,8.58,7.39,8.58,28264466,842054399.0
2020-02-07,8.92,8.92,8.04,8.15,21810611,648940638.0
2020-02-10,8.27,8.56,8.02,8.43,16273069,484942968.0
2020-02-11,8.34,8.82,8.21,8.42,15484566,469384676.0
2020-02-12,8.2,8.8,8.2,8.68,17027725,526246982.0
2020-02-13,8.62,8.99,8.46,8.62,13991603,434458540.0
2020-02-14,8.78,8.82,8.29,8.38,11480735,347000420.0
2020-02-17,8.32,8.64,8.32,8.59,11410013,346866595.0
2020-02-18,8.61,9.04,8.53,8.66,15896149,494896120.0
2020-02-19,9.52,9.52,8.87,9.21,41593992,1396055998.0
2020-02-20,9.42,9.42,8.7,8.83,39893487,1272265716.0
2020-02-21,8.64,8.66,8.31,8.47,23923601,725014564.0
2020-02-24,8.26,8.63,8.15,8.32,23206242,694630147.0
2020-02-25,8.03,8.59,7.86,8.45,23494878,691730125.0
2020-02-26,8.28,8.38,7.83,7.87,16482056,478417625.0
2020-02-27,7.94,8.02,7.64,7.68,12131523,336572476.0
2020-02-28,7.11,7.36,6.91,6.91,20214506,509277656.0
2020-03-02,7.0,7.18,6.72,7.04,14393823,359135629.0
2020-03-03,7.23,7.6,7.09,7.25,17772087,465860435.0
2020-03-04,7.15,7.35,7.01,7.19,9772803,250576412.0
2020-03-05,7.3,7.33,7.05,7.16,12582435,321962618.0
2020-03-06,7.1,7.36,7.01,7.19,9816707,252667423.0
2020-03-09,7.03,7.14,6.67,6.75,12942858,317363623.0
2020-03-10,6.77,7.03,6.73,7.03,9846941,242296520.0
2020-03-11,7.12,7.31,6.94,7.04,15858049,402154529.0
2020-03-12,6.87,6.96,6.75,6.83,6292042,153701896.0
2020-03-13,6.43,6.7,6.32,6.59,15871369,369317640.0
2020-03-16,6.61,6.62,6.02,6.05,16160421,360910453.0
2020-03-17,6.06,6.26,5.74,6.0,9250548,197349261.0
2020-03-18,6.08,6.15,5.85,5.87,8948015,191850363.0
2020-03-19,5.91,5.93,5.67,5.85,10265599,213005081.0
2020-03-20,5.99,6.09,5.78,5.86,9913256,208857786.0
2020-03-23,5.68,5.76,5.43,5.48,9844334,195859392.0
2020-03-24,5.6,5.71,5.4,5.61,8776534,174659879.0
2020-03-25,5.8,5.96,5.68,5.83,11170630,233075615.0
2020-03-26,5.84,5.86,5.65,5.68,5979840,122935285.0
2020-03-27,5.76,5.81,5.58,5.58,7228805,146431848.0
2020-03-30,5.46,5.57,5.22,5.47,8738560,167825386.0
2020-03-31,5.48,5.55,5.4,5.46,5335589,104342298.0
2020-04-01,5.54,5.8,5.49,5.57,10679894,214641058.0
2020-04-02,5.54,5.9,5.51,5.89,12000036,245603545.0
2020-04-03,5.91,5.93,5.8,5.81,6152553,128459627.0
2020-04-07,6.07,6.39,6.0,6.39,15500240,348743121.0
2020-04-08,6.3,6.5,6.26,6.33,10258484,232954612.0
2020-04-09,6.4,6.42,6.28,6.33,5069951,114694045.0
2020-04-10,6.33,6.77,6.18,6.24,15661135,361435589.0
2020-04-13,6.18,6.58,5.99,6.32,13597495,307955009.0
2020-04-14,6.56,6.92,6.56,6.75,17567795,423710704.0
2020-04-15,6.75,7.42,6.75,7.18,22684060,583830999.0
2020-04-16,7.05,7.34,7.05,7.17,14354928,368660746.0
2020-04-17,7.24,7.33,7.03,7.05,12252861,313111709.0
2020-04-20,7.06,7.33,6.92,7.33,10454153,269244142.0
2020-04-21,7.35,7.4,7.15,7.33,9002411,234072044.0
2020-04-22,7.25,7.29,7.14,7.23,5883855,151346619.0
2020-04-23,7.25,7.42,7.2,7.24,7219263,188299473.0
2020-04-24,7.28,7.41,7.18,7.18,5583241,145310120.0
2020-04-27,7.31,7.31,7.08,7.09,5570568,142888809.0
2020-04-28,7.17,7.39,6.96,7.33,11316052,292499882.0
2020-04-29,7.24,7.52,7.19,7.45,8251926,216652663.0
2020-04-30,7.85,8.19,7.58,7.69,18900562,529690621.0
2020-05-06,7.62,7.76,7.22,7.54,18665309,495595778.0
2020-05-07,7.42,7.49,7.3,7.43,8107986,214685175.0
2020-05-08,7.53,7.7,7.48,7.64,8587698,232698535.0
2020-05-11,7.79,7.79,7.5,7.53,6793313,185044361.0
2020-05-12,7.48,7.7,7.45,7.56,4417135,119204406.0
2020-05-13,7.53,7.72,7.45,7.66,6107358,166434366.0
2020-05-14,7.61,7.81,7.59,7.79,7824413,216203531.0
2020-05-15,7.81,8.03,7.77,7.96,8925639,253007992.0
2020-05-18,7.9,7.94,7.68,7.81,6509178,180933815.0
2020-05-19,7.83,8.0,7.83,7.91,4387863,124205829.0
2020-05-20,8.06,8.31,7.59,7.64,12720729,362766373.0
2020-05-21,7.64,7.72,7.45,7.56,7108901,192895778.0
2020-05-22,7.59,7.59,7.22,7.27,6003320,157613400.0
2020-05-25,7.19,7.23,7.01,7.06,4390334,111309680.0
2020-05-26,7.1,7.7,7.08,7.62,9807756,263281256.0
2020-05-27,7.66,8.12,7.66,8.12,12870245,366828948.0
2020-05-28,8.01,8.06,7.5,7.61,9081534,250769642.0
2020-05-29,7.72,7.89,7.59,7.83,9409315,260186967.0
2020-06-01,7.83,8.07,7.78,7.97,7895070,224361235.0
2020-06-02,7.94,8.08,7.87,8.04,7186747,204928575.0
2020-06-03,7.97,8.03,7.84,7.87,4408465,124668534.0
2020-06-04,7.91,8.29,7.87,8.01,8456734,244134500.0
2020-06-05,7.96,8.15,7.9,8.1,5863551,169258206.0
2020-06-08,8.12,8.34,8.12,8.26,6608482,194409901.0
2020-06-09,8.44,8.64,8.32,8.4,11294398,342089395.0
2020-06-10,8.45,8.62,8.31,8.49,6586764,198633454.0
2020-06-11,8.56,8.71,8.22,8.27,8218332,248419267.0
2020-06-12,8.01,8.26,7.98,8.15,7140491,206881852.0
2020-06-15,8.07,8.34,8.04,8.11,6144735,179380308.0
2020-06-16,8.27,8.38,8.18,8.3,4853894,143585403.0
2020-06-17,8.33,8.37,8.15,8.24,3578742,105234156.0
2020-06-18,8.4,8.48,8.22,8.41,4614522,137670133.0
2020-06-19,8.41,9.05,8.36,9.04,14881040,467983009.0
2020-06-22,9.09,9.51,8.99,9.37,13740326,456851485.0
2020-06-23,9.25,9.53,9.2,9.46,7682961,256995229.0
2020-06-24,9.55,9.59,9.22,9.4,6119916,204950335.0
2020-06-29,9.53,9.7,9.42,9.58,8024141,273501468.0
2020-06-30,9.57,9.7,9.27,9.47,8368495,282268582.0
2020-07-01,9.61,9.69,9.35,9.49,7000642,238431916.0
2020-07-02,9.58,9.62,9.33,9.34,8011316,269607855.0
2020-07-03,9.49,9.7,9.35,9.65,10779069,366756295.0
2020-07-06,9.65,10.62,9.65,10.61,15990415,589565370.0
2020-07-07,11.49,11.67,11.27,11.67,12854540,531349000.0
2020-07-08,11.78,12.04,11.53,11.98,22035497,930417010.0
2020-07-09,11.9,12.46,11.63,12.16,15577457,670000255.0
2020-07-10,11.78,12.05,11.63,11.74,12395460,522180695.0
2020-07-13,11.86,12.39,11.83,12.14,13996121,605570295.0
2020-07-14,12.11,12.4,11.61,11.94,17624194,754641257.0
2020-07-15,12.06,12.28,11.64,11.82,12856165,547226530.0
2020-07-16,12.06,12.28,11.51,11.55,17284652,738058033.0
2020-07-17,11.46,11.83,10.93,11.17,17737958,715450971.0
2020-07-20,11.49,11.54,10.74,11.22,14818164,584642096.0
2020-07-21,11.44,11.63,11.14,11.44,13024808,530026962.0
2020-07-22,11.41,11.65,11.28,11.45,10928178,446873194.0
2020-07-23,11.28,11.68,11.08,11.46,13149500,532907386.0
2020-07-24,11.27,11.32,10.44,10.68,16862244,652695947.0
2020-07-27,10.65,10.83,10.09,10.34,15569377,577213896.0
2020-07-28,10.57,10.73,10.23,10.54,9550725,357905972.0
2020-07-29,10.61,10.81,10.49,10.74,10276876,390852696.0
2020-07-30,10.78,10.88,10.54,10.6,7637724,289725708.0
2020-07-31,10.54,11.01,10.53,10.65,10046767,384915703.0
2020-08-03,10.91,11.0,10.67,10.94,11958087,461722795.0
2020-08-04,11.0,11.23,10.7,10.81,14388310,560946514.0
2020-08-05,10.66,10.91,10.56,10.66,11813390,449108424.0
2020-08-06,10.66,11.13,10.65,10.84,16813938,650430177.0
2020-08-07,10.73,11.32,10.62,11.06,17572906,689930325.0
2020-08-10,10.88,10.93,9.96,10.15,24001543,873255312.0
2020-08-11,10.0,10.6,10.0,10.14,13407042,497226023.0
2020-08-12,10.28,10.45,9.96,10.34,10712503,389709776.0
2020-08-13,10.44,10.72,10.1,10.18,10692007,393711928.0
2020-08-14,10.27,10.58,10.18,10.45,10734419,397682622.0
2020-08-17,10.49,10.79,10.38,10.78,11440750,433061741.0
2020-08-18,10.83,11.69,10.83,11.5,18844421,758445202.0
2020-08-19,11.5,12.02,11.16,11.24,23867418,982011578.0
2020-08-20,11.32,11.46,11.16,11.39,12226462,493938442.0
2020-08-21,11.43,11.57,11.05,11.23,12554987,505797206.0
2020-08-24,11.44,11.72,11.26,11.6,12528681,515282146.0
2020-08-25,11.71,11.71,11.21,11.53,9543622,390015259.0
2020-08-26,11.52,11.52,11.07,11.2,8265698,331722185.0
2020-08-27,11.21,11.49,11.18,11.29,7752551,313852420.0
2020-08-28,11.3,11.7,11.2,11.56,13178683,541500600.0
2020-08-31,11.41,11.49,11.02,11.32,10315538,415472668.0
2020-09-01,11.21,12.08,11.21,11.83,21628858,910009991.0
2020-09-02,11.99,12.73,11.78,12.5,20355855,887510805.0
2020-09-03,13.06,13.39,12.03,12.17,26895392,1211291353.0
2020-09-04,11.86,12.36,11.24,11.49,18131868,751149454.0
2020-09-07,11.73,12.05,11.36,11.47,13616492,569749828.0
2020-09-08,11.41,11.63,11.12,11.35,9009950,366053359.0
2020-09-09,11.09,11.32,10.57,10.61,11805643,457606830.0
2020-09-10,10.93,11.07,10.6,10.84,8991734,348971488.0
2020-09-11,10.82,11.35,10.63,11.28,11119288,438988916.0
2020-09-14,11.41,12.2,11.3,11.97,17502482,743177453.0
2020-09-15,11.97,12.89,11.83,12.83,17967121,805255371.0
2020-09-16,12.84,13.42,12.7,13.13,16748795,782024789.0
2020-09-17,13.07,13.96,13.01,13.71,16242568,782268030.0
2020-09-18,13.7,14.2,13.46,13.94,15959355,787354226.0
2020-09-21,14.12,14.58,13.89,13.97,15316186,773247106.0
2020-09-22,13.76,14.25,13.7,13.76,13352418,662482685.0
2020-09-23,13.96,13.98,13.0,13.75,14178398,684303045.0
2020-09-24,13.73,13.96,13.37,13.42,12062154,584631342.0
2020-09-25,13.58,14.44,13.53,14.21,16256693,812580658.0
2020-09-28,14.3,14.8,14.14,14.35,12370566,636625579.0
2020-09-29,14.54,14.57,14.02,14.3,10690541,547153781.0
2020-09-30,14.43,14.63,14.19,14.49,8622838,442733860.0
2020-10-09,15.07,15.94,14.68,15.94,14025387,777197932.0
2020-10-12,16.48,17.44,16.42,17.25,20052400,1209447495.0
2020-10-13,16.91,17.76,16.35,17.74,14912791,912351871.0
2020-10-14,17.63,17.97,17.25,17.51,14052525,881739602.0
2020-10-15,17.69,18.35,17.25,17.28,14334085,901630750.0
2020-10-16,17.59,17.87,16.68,16.82,17329259,1057678508.0
2020-10-19,17.1,17.19,16.54,16.68,10734549,642763820.0
2020-10-20,16.66,17.65,16.46,17.59,14653242,894389480.0
2020-10-21,17.44,17.51,15.83,15.83,21769369,1250177729.0
2020-10-22,15.55,15.75,14.97,15.45,23710574,1296494162.0
2020-10-23,15.43,16.11,14.83,15.13,16583586,913534196.0
2020-10-26,15.09,16.08,14.66,16.05,14417443,797515700.0
2020-10-27,15.7,16.29,15.38,16.04,19181369,1077113093.0
2020-10-28,16.06,17.64,15.93,17.64,19702248,1176576562.0
2020-10-29,17.19,18.46,17.02,17.4,20199107,1276070187.0
2020-10-30,17.64,17.91,16.77,17.42,16313092,1012167657.0
2020-11-02,17.27,18.36,17.19,18.31,16373495,1037034362.0
2020-11-03,18.31,18.31,17.1,17.79,15824941,998040758.0
2020-11-04,17.4,18.22,17.16,17.46,13665554,859697158.0
2020-11-05,17.72,19.2,17.67,19.2,17918831,1184747509.0
2020-11-06,20.19,20.69,19.09,20.26,22101878,1568122872.0
2020-11-09,20.47,21.49,19.35,20.69,23434423,1696933326.0
2020-11-10,20.41,21.76,19.5,20.75,19895171,1451190253.0
2020-11-11,20.35,21.87,20.21,20.47,17566141,1325496166.0
2020-11-12,20.51,21.28,19.8,21.27,14597240,1069774314.0
2020-11-13,21.5,23.05,20.66,22.57,21330460,1674697320.0
2020-11-16,22.51,22.51,21.42,21.91,14981117,1175077139.0
2020-11-17,22.0,22.33,19.77,20.36,22104658,1633174709.0
2020-11-18,19.93,20.75,19.63,20.01,12112160,865714271.0
2020-11-19,19.99,20.34,19.57,20.09,9850940,701639378.0
2020-11-20,20.13,21.03,20.13,20.83,11572406,854609023.0
2020-11-23,20.89,22.65,20.89,22.22,15737954,1231718528.0
2020-11-24,22.22,23.68,21.74,23.44,14699888,1201518600.0
2020-11-25,23.4,23.73,22.5,23.18,10763195,888720851.0
2020-11-26,23.0,23.15,21.61,22.55,11171940,891232367.0
2020-11-27,22.43,23.04,21.77,22.33,10075783,799186475.0
2020-11-30,22.33,22.33,21.05,22.03,14384428,1113121242.0
2020-12-01,21.31,21.31,19.83,20.98,22532327,1645147233.0
2020-12-02,20.75,21.14,20.29,20.88,12776387,943656850.0
2020-12-03,20.61,20.97,20.06,20.66,9821913,720234037.0
2020-12-04,20.66,21.47,20.52,21.3,13574290,1018059420.0
2020-12-07,21.15,21.69,20.84,21.47,10855716,827862452.0
2020-12-08,21.53,23.62,21.53,23.62,12519389,1035930664.0
2020-12-09,23.74,25.03,23.59,24.05,22274703,1923110485.0
2020-12-10,23.58,24.95,22.92,24.39,19493746,1670788660.0
2020-12-11,24.05,24.36,23.62,23.97,12227261,1045438800.0
2020-12-14,24.11,26.37,23.86,26.37,19128038,1727415120.0
2020-12-15,26.37,26.82,25.26,25.97,14678807,1364766966.0
2020-12-16,26.21,26.46,25.62,26.38,12662804,1177506873.0
2020-12-17,26.21,27.48,25.73,27.06,14441669,1373562072.0
2020-12-18,27.36,28.74,26.64,28.03,16380005,1620519350.0
2020-12-21,28.3,29.72,27.68,29.72,14546402,1487311992.0
2020-12-22,29.42,29.52,27.33,27.47,18756958,1907518112.0
2020-12-23,27.47,28.53,27.13,27.74,16285855,1618647122.0
2020-12-24,27.74,28.48,27.04,27.25,11991234,1178909787.0
2020-12-25,27.11,28.93,26.99,28.62,14946271,1507777493.0
2020-12-28,28.93,29.02,27.48,28.29,12615089,1267266865.0
2020-12-29,27.98,28.74,26.77,28.04,13979958,1388751448.0
2020-12-30,28.5,29.44,27.86,28.44,19463412,1998092571.0
2020-12-31,27.76,29.29,27.73,29.1,13931401,1427065414.0
2021-01-04,29.96,32.0,29.96,31.97,18321218,2046209529.0
2021-01-05,31.68,33.32,30.56,33.0,17033626,1942405934.0
2021-01-06,32.94,33.0,30.28,31.5,19028746,2136202846.0
2021-01-07,31.4,32.8,30.85,32.34,12703733,1450345879.0
2021-01-08,32.86,33.23,30.98,33.03,13528065,1554291273.0
2021-01-11,30.73,31.68,29.72,29.72,16644655,1788702243.0
2021-01-12,28.6,30.3,27.09,29.58,27558361,2804524448.0
2021-01-13,29.94,31.84,28.53,29.8,21760664,2350470194.0
2021-01-14,29.12,29.61,27.51,28.38,13859261,1416934782.0
2021-01-15,28.04,31.22,27.87,31.22,20170228,2147748211.0
2021-01-18,30.56,31.56,29.44,30.84,19226984,2097797581.0
2021-01-19,29.72,30.4,28.63,29.07,15695835,1652255272.0
2021-01-20,29.16,30.39,28.68,29.47,12591750,1331944372.0
2021-01-21,29.02,30.72,28.74,30.53,15199543,1628822411.0
2021-01-22,30.6,32.89,30.28,32.4,16356914,1844901380.0
2021-01-25,32.52,34.65,31.58,32.12,21992153,2585018864.0
2021-01-26,32.24,32.52,28.91,28.91,25839486,2760014388.0
2021-01-27,28.88,29.41,27.56,28.87,17855071,1811468190.0
2021-01-28,27.95,28.3,26.86,27.18,14497745,1425368639.0
2021-01-29,27.5,28.25,25.51,26.74,17344220,1665855391.0
2021-02-01,26.49,27.24,26.21,26.41,12401516,1177879600.0
2021-02-02,26.79,28.97,26.68,28.93,18426106,1839804595.0
2021-02-03,28.96,29.82,28.32,29.11,16300269,1699296262.0
2021-02-04,28.73,29.37,26.41,26.95,19065386,1863122414.0
2021-02-05,27.05,28.23,26.81,27.19,13074035,1279249949.0
2021-02-08,27.06,27.84,25.79,27.75,13275562,1276179739.0
2021-02-09,27.75,29.13,27.51,28.6,13206770,1341216258.0
2021-02-10,28.82,28.82,27.69,28.04,10213060,1021538598.0
2021-02-18,28.6,29.01,25.52,26.16,22367878,2130339234.0
2021-02-19,25.93,26.15,25.24,26.0,12368825,1134714045.0
2021-02-22,26.0,26.89,24.95,26.1,15002948,1396252721.0
2021-02-23,25.71,25.71,24.02,24.67,19519364,1715039177.0
2021-02-24,24.39,25.28,23.61,23.85,13376687,1159672917.0
2021-02-25,24.14,24.5,23.55,24.18,10821549,932187294.0
2021-02-26,23.27,23.97,22.45,23.33,12048167,1001776562.0
2021-03-01,23.64,25.59,23.64,25.07,14992915,1335847273.0
2021-03-02,25.51,26.84,24.95,26.43,17292276,1610934779.0
2021-03-03,26.06,26.32,25.09,26.09,10952774,1011666306.0
2021-03-04,25.97,25.99,24.67,25.14,8363990,747761102.0
2021-03-05,24.39,26.21,24.11,25.2,8468859,761159534.0
2021-03-08,25.57,25.85,24.3,24.46,7662204,687578497.0
2021-03-09,24.12,24.34,22.32,23.52,11802716,987421899.0
2021-03-10,24.11,25.48,23.83,24.84,14258337,1258494275.0
2021-03-11,24.84,25.46,24.67,24.9,7968267,712785977.0
2021-03-12,25.0,25.76,24.04,25.41,9501873,848144919.0
2021-03-15,25.09,25.09,23.41,23.84,8920704,766687776.0
2021-03-16,23.86,24.33,23.27,23.68,6231464,528509793.0
2021-03-17,23.68,26.05,23.21,26.05,12471012,1124334790.0
2021-03-18,26.86,27.02,25.77,26.12,11770641,1107926975.0
2021-03-19,25.52,25.59,23.51,23.55,17161293,1479708984.0
2021-03-22,23.58,24.11,23.02,23.68,8699540,732600507.0
2021-03-23,23.88,23.91,21.32,21.32,15987473,1252980610.0
2021-03-24,20.78,21.12,19.68,19.81,17169059,1235729969.0
2021-03-25,20.47,21.79,20.19,21.79,17887064,1353856656.0
2021-03-26,21.71,23.49,21.15,23.13,25670176,2045439021.0
2021-03-29,22.73,23.38,22.45,22.74,13950555,1135856549.0
2021-03-30,22.74,23.52,22.49,23.05,9615146,791186519.0
2021-03-31,23.16,23.61,22.44,22.88,8759915,714841263.0
2021-04-01,22.81,24.67,22.81,23.82,12801508,1088256310.0
2021-04-02,23.84,24.81,23.71,24.04,9720711,839817388.0
2021-04-06,24.28,24.93,24.25,24.58,6941710,608297457.0
2021-04-07,24.52,25.01,23.69,24.74,8206998,714382782.0
2021-04-08,24.53,25.0,24.34,24.63,6078716,534960084.0
2021-04-09,24.73,25.45,24.31,24.65,9820933,869506536.0
2021-04-12,24.22,25.09,22.81,23.12,14162878,1190726515.0
2021-04-13,23.41,23.94,23.05,23.31,8280567,693770686.0
2021-04-14,23.63,25.08,23.61,24.65,14395016,1259674734.0
2021-04-15,24.39,25.39,24.11,25.2,9785453,863390191.0
2021-04-16,25.37,25.46,23.83,24.73,11510554,1006721204.0
2021-04-19,24.92,27.2,24.92,27.2,14774899,1398512242.0
2021-04-20,27.36,29.21,27.25,28.05,26492364,2662402059.0
2021-04-21,28.33,28.74,28.04,28.23,13813322,1396479407.0
2021-04-22,28.92,29.27,28.29,28.9,11221036,1153223777.0
2021-04-23,29.02,29.93,28.87,29.56,12301646,1292448888.0
2021-04-26,29.6,30.34,28.96,29.35,12348510,1305137358.0
2021-04-27,29.61,30.94,28.61,29.83,25999988,1624095307.0
2021-04-28,29.07,30.86,28.36,30.72,25317097,1582727426.0
2021-04-29,30.32,31.0,30.09,30.66,21422703,1370648305.0
2021-04-30,30.56,32.71,30.37,32.18,24581512,1642504544.0
2021-05-06,32.43,32.8,29.45,31.02,30825946,1992282376.0
2021-05-07,30.39,31.11,29.64,29.75,17601323,1117056170.0
2021-05-10,29.54,30.89,29.2,30.37,18458899,1169638648.0
2021-05-11,29.76,30.32,29.29,30.15,13044288,814378343.0
2021-05-12,29.84,30.64,29.47,30.42,13031409,823222655.0
2021-05-13,29.84,29.95,29.08,29.51,13236581,816551522.0
2021-05-14,29.72,30.18,28.75,30.06,14661089,909988658.0
2021-05-17,30.26,33.07,30.08,33.07,29605094,1986620803.0
2021-05-18,33.43,34.81,32.9,34.33,27006099,1919358146.0
2021-05-19,33.74,37.19,33.67,36.15,30139514,2254675277.0
2021-05-20,35.91,36.89,35.6,36.15,24842189,1876607360.0
2021-05-21,36.54,37.83,36.47,37.03,21299862,1650885605.0
2021-05-24,36.77,37.2,35.82,36.76,16187985,1240886901.0
2021-05-25,37.3,37.49,35.62,36.77,19044083,1453946147.0
2021-05-26,37.15,37.29,35.81,36.03,15334207,1162402781.0
2021-05-27,36.74,38.2,35.84,38.2,20471661,1594292428.0
2021-05-28,40.02,42.02,38.8,41.72,34072783,2949303595.0
2021-05-31,42.5,44.93,42.02,44.63,34162787,3118380724.0
2021-06-01,43.6,43.6,41.34,42.81,28404706,2528951258.0
2021-06-02,43.03,43.87,42.28,43.14,20467748,1844080541.0
2021-06-03,42.4,46.33,41.6,44.37,25702338,2380600246.0
2021-06-04,44.31,47.69,43.74,46.7,27113371,2629846007.0
2021-06-07,45.77,46.46,44.7,45.81,21036609,2003600256.0
2021-06-08,45.6,47.98,42.95,44.59,28369291,2674273717.0
2021-06-09,44.38,44.88,42.85,44.48,17115828,1570999820.0
2021-06-10,44.24,48.09,44.11,48.09,26408384,2583890947.0
2021-06-11,47.64,48.48,46.0,47.27,24721295,2452470402.0
2021-06-15,47.99,49.09,45.99,46.74,19766280,1941301629.0
2021-06-16,45.99,46.47,42.07,42.07,27075502,2431295813.0
2021-06-17,40.66,43.94,40.53,43.31,34839550,3072458574.0
2021-06-18,43.93,47.64,43.32,47.64,33006161,3212344505.0
2021-06-21,49.18,49.57,46.47,47.55,25102134,2515575458.0
2021-06-22,48.23,51.81,46.84,50.62,27079350,2821609909.0
2021-06-23,50.67,52.91,49.65,50.76,26132187,2787113144.0
2021-06-24,51.15,51.38,48.6,49.09,19807297,2063082529.0
2021-06-25,49.21,50.34,47.51,50.12,21472340,2205612191.0
2021-06-28,49.65,51.0,48.4,50.11,23126997,2422099321.0
2021-06-29,51.29,51.57,49.12,51.05,25215511,2670276614.0
2021-06-30,49.98,51.57,49.14,50.89,18880016,1998931243.0
2021-07-01,50.88,50.89,47.75,48.67,21260761,2182595238.0
2021-07-02,47.75,49.78,47.75,48.21,22417778,2289457100.0
2021-07-05,48.9,50.38,47.85,49.42,23424581,2407342960.0
2021-07-06,50.25,50.79,46.71,48.62,29387890,3008552489.0
2021-07-07,47.69,51.01,46.6,50.75,32599708,3360782396.0
2021-07-08,51.16,52.9,49.42,49.42,31093616,3301808987.0
2021-07-09,48.71,54.37,47.35,54.37,48079146,5168255428.0
2021-07-12,53.96,55.55,51.73,53.77,45922151,5177242431.0
2021-07-13,53.79,56.45,53.49,56.05,31702776,3655758153.0
2021-07-14,54.91,55.02,50.88,51.05,37509092,4116537848.0
2021-07-15,50.14,51.57,49.4,50.66,25578993,2694585127.0
2021-07-16,50.04,50.56,47.18,47.27,34318241,3501904268.0
2021-07-19,46.32,46.32,43.74,44.58,43075264,4046835206.0
2021-07-20,44.55,46.7,44.12,46.25,28048642,2685653727.0
2021-07-21,46.94,49.43,46.84,48.75,30322262,3083743672.0
2021-07-22,49.24,49.93,47.82,49.3,25409118,2593497257.0
2021-07-23,51.81,53.0,49.42,50.09,37136806,3996131046.0
2021-07-26,50.24,52.28,47.66,49.18,31416528,3278988528.0
2021-07-27,48.65,50.45,44.79,45.64,29363795,2945547269.0
2021-07-28,44.35,48.44,44.35,48.27,29534823,2906753490.0
2021-07-29,49.65,50.38,48.22,49.98,24889453,2587881443.0
2021-07-30,49.66,50.52,47.27,48.2,26349186,2674557908.0
2021-08-02,49.23,52.53,49.21,51.72,38885761,4153964009.0
2021-08-03,51.38,51.85,48.48,50.38,25967428,2728766207.0
2021-08-04,50.38,55.42,50.22,55.42,32540655,3671596775.0
2021-08-05,56.34,58.85,54.44,57.71,36039308,4278020664.0
2021-08-06,59.68,62.55,58.45,58.93,28906178,3649820107.0
2021-08-09,57.78,61.31,55.44,59.55,28182735,3419922460.0
2021-08-10,58.73,60.17,54.65,56.35,28434246,3405896478.0
2021-08-11,57.04,57.56,54.34,57.15,19884744,2349164101.0
2021-08-12,56.4,60.0,55.81,58.85,16312557,1988992371.0
2021-08-13,57.3,61.05,56.82,57.12,17288631,2128046741.0
2021-08-16,56.82,56.92,53.21,54.52,19530527,2227775379.0
2021-08-17,54.52,56.32,53.86,54.28,13913499,1599589463.0
2021-08-18,54.97,58.12,54.39,55.74,17245684,2019753214.0
2021-08-19,55.62,60.17,54.45,59.59,22103457,2687273141.0
2021-08-20,59.62,62.31,59.0,60.45,20251523,2575367320.0
2021-08-23,61.12,62.08,59.26,61.14,19755716,2515585440.0
2021-08-24,64.94,67.25,64.49,67.25,14203843,1980913106.0
2021-08-25,68.57,69.7,64.69,66.42,33503381,4688646471.0
2021-08-26,66.42,67.27,63.75,64.75,20473026,2806937929.0
2021-08-27,64.1,67.23,63.81,66.48,17567951,2428219009.0
2021-08-30,66.38,68.46,64.3,64.99,20847336,2879693795.0
2021-08-31,64.99,65.95,63.44,65.04,14977609,2024764423.0
2021-09-01,64.51,65.15,59.62,61.49,23379860,3031857106.0
2021-09-02,61.03,64.23,60.88,63.99,17852736,2361230380.0
2021-09-03,63.46,64.47,59.11,60.07,19177798,2458174045.0
2021-09-06,59.87,63.18,56.99,62.27,20267089,2565968442.0
2021-09-07,62.02,68.2,61.54,67.85,23726034,3299703971.0
2021-09-08,67.74,68.05,65.1,65.94,17810000,2473925791.0
2021-09-09,66.38,70.14,65.19,67.34,20179791,2844422352.0
2021-09-10,67.12,69.02,65.64,68.23,14153288,1995616555.0
2021-09-13,68.01,69.48,65.8,67.53,14732565,2082712903.0
2021-09-14,67.33,73.54,65.42,70.81,24482842,3627073973.0
2021-09-15,71.55,74.06,70.83,71.62,16853245,2548642898.0
2021-09-16,70.43,74.02,69.72,71.05,17112582,2571654397.0
2021-09-17,71.06,74.67,70.03,74.03,17899853,2725872620.0
2021-09-22,72.58,74.57,71.63,74.12,10876250,1675022547.0
2021-09-23,75.21,76.21,68.0,69.23,21759595,3216613775.0
2021-09-24,68.76,74.91,67.62,71.67,18154403,2730658784.0
2021-09-27,72.01,73.96,68.57,70.46,16316852,2416723521.0
2021-09-28,70.45,71.68,66.38,67.0,13199487,1891791189.0
2021-09-29,66.85,70.14,65.37,66.04,19233371,2725262465.0
2021-09-30,66.85,72.64,66.18,72.64,22066877,3290706683.0
2021-10-08,74.02,74.45,65.38,65.9,28305477,4005379952.0
2021-10-11,65.42,66.45,60.17,65.78,22251256,2977528217.0
2021-10-12,64.54,65.74,62.41,62.98,13741101,1828913576.0
2021-10-13,62.99,63.99,61.73,63.69,15967437,2098770616.0
2021-10-14,62.79,63.15,60.41,61.56,17692682,2270189795.0
2021-10-15,62.08,64.99,60.45,64.54,23986965,3165960044.0
2021-10-18,64.04,65.61,61.12,64.37,23138266,3058822318.0
2021-10-19,64.26,66.61,63.99,66.31,21820062,3001236470.0
2021-10-20,65.33,70.14,64.61,67.41,19939853,2829083147.0
2021-10-21,67.8,67.8,63.03,65.22,23802004,3223940397.0
2021-10-22,63.99,65.36,62.65,63.51,13243732,1768853177.0
2021-10-25,64.22,69.72,63.81,69.67,30141598,4256241025.0
2021-10-26,71.63,73.61,70.2,71.53,20416893,3077792793.0
2021-10-27,73.54,78.69,72.11,77.41,34552756,5577315744.0
2021-10-28,79.44,81.42,77.36,77.92,20676262,3413024316.0
2021-10-29,78.29,80.16,75.93,78.76,26469193,4320365276.0
2021-11-01,79.27,79.27,72.76,73.07,23870312,3739655491.0
2021-11-02,74.02,74.02,71.2,72.58,14458813,2191500259.0
2021-11-03,71.52,72.33,68.71,70.58,14823444,2181648162.0
2021-11-04,71.69,73.47,69.05,69.96,18768996,2795472640.0
2021-11-05,71.15,73.28,69.79,70.67,16159779,2417441615.0
2021-11-08,68.76,75.05,67.9,73.68,22070037,3355480104.0
2021-11-09,73.78,74.36,70.67,73.16,16300431,2465310150.0
2021-11-10,72.1,72.12,66.22,69.73,24775836,3558826135.0
2021-11-11,68.81,69.96,67.57,69.28,14736715,2126726517.0
2021-11-12,68.78,69.96,67.88,69.1,12831887,1849243436.0
2021-11-15,68.29,68.34,63.51,64.46,23875802,3243404113.0
2021-11-16,64.23,64.94,62.42,62.95,16257971,2166588894.0
2021-11-17,63.9,65.47,63.32,63.82,15825311,2126390671.0
2021-11-18,63.99,64.3,61.79,63.18,15991002,2101023552.0
2021-11-19,63.5,63.61,60.48,60.93,23336684,3009870931.0
2021-11-22,61.6,64.63,61.6,64.42,27779539,3692349229.0
2021-11-23,64.44,65.2,62.56,65.12,21816785,2929690988.0
2021-11-24,65.09,65.77,62.17,62.56,21175501,2807596297.0
2021-11-25,62.89,63.03,61.13,62.79,11125394,1451156652.0
2021-11-26,62.45,65.47,62.34,63.97,16813267,2253899618.0
2021-11-29,62.11,66.14,61.74,65.33,19118246,2603525948.0
2021-11-30,65.66,66.14,64.2,64.47,13018889,1774198317.0
2021-12-01,64.47,65.66,63.3,65.17,13217310,1785351352.0
2021-12-02,65.04,65.46,63.88,64.66,10405581,1407698908.0
2021-12-03,64.47,65.11,63.3,63.93,10857557,1453308005.0
2021-12-06,63.76,64.98,62.56,62.84,13552795,1805112278.0
2021-12-07,63.03,63.27,59.01,59.88,22477446,2849973541.0
2021-12-08,60.68,64.08,60.65,62.65,25263595,3329748315.0
2021-12-09,62.44,62.56,60.55,60.89,20653111,2644166489.0
2021-12-10,60.41,62.39,60.17,61.89,23964467,3095405034.0
2021-12-13,62.09,62.46,59.45,59.45,25054152,3157157120.0
2021-12-14,59.16,60.12,58.31,59.57,18420028,2279220053.0
2021-12-15,59.97,60.48,58.89,59.12,15239698,1898291484.0
2021-12-16,59.38,59.87,58.5,59.54,11969305,1481710753.0
2021-12-17,59.32,59.69,58.23,58.24,10371194,1273881545.0
2021-12-20,58.07,58.2,55.54,56.4,16791337,1988434283.0
2021-12-21,56.4,58.09,56.34,56.82,10861649,1297851657.0
2021-12-22,57.46,58.21,57.18,57.24,10569831,1274736908.0
2021-12-23,57.78,58.02,56.03,56.2,10694812,1267421263.0
2021-12-24,56.68,56.82,52.91,53.98,16808266,1906440014.0
2021-12-27,54.97,55.01,53.0,53.89,10951366,1234073306.0
2021-12-28,54.06,56.56,53.58,56.29,16377992,1891561627.0
2021-12-29,56.2,57.14,55.01,56.35,12181695,1434718378.0
2021-12-30,56.38,57.11,55.5,55.56,8756904,1025771195.0
2021-12-31,55.87,56.75,54.63,54.75,13566739,1573618503.0
2022-01-04,56.12,56.35,52.86,53.2,20673464,2333429422.0
2022-01-05,52.48,52.51,49.73,49.99,19554797,2076011656.0
2022-01-06,49.68,50.53,49.14,50.04,12566328,1315549197.0
2022-01-07,49.92,51.23,49.14,50.35,15798037,1661822598.0
2022-01-10,50.26,50.56,48.71,49.39,14626217,1518902210.0
2022-01-11,49.6,50.45,47.8,48.23,14348373,1470932755.0
2022-01-12,49.42,50.43,49.09,50.24,17333476,1811630054.0
2022-01-13,50.24,50.34,49.04,49.17,10373325,1075472226.0
2022-01-14,48.48,50.9,48.48,50.3,12717682,1330325148.0
2022-01-17,49.76,51.6,49.67,50.89,14361657,1521597384.0
2022-01-18,50.14,50.14,46.69,47.44,38632556,3872694745.0
2022-01-19,47.51,47.61,45.03,45.47,23991236,2300675925.0
2022-01-20,45.47,46.22,45.04,45.72,15923025,1523949788.0
2022-01-21,45.26,47.59,45.07,46.63,14655989,1433417672.0
2022-01-24,46.32,49.02,45.93,48.23,14379200,1440770760.0
2022-01-25,48.24,49.13,47.11,47.21,10822838,1090420285.0
2022-01-26,47.21,48.16,46.32,46.84,7455781,735246267.0
2022-01-27,47.32,48.42,46.32,46.36,12343991,1226932717.0
2022-01-28,46.56,47.27,44.5,44.99,12166612,1162211600.0
2022-02-07,46.32,47.85,45.53,46.39,12003713,1170582876.0
2022-02-08,46.09,46.31,42.99,43.86,13031040,1198853822.0
2022-02-09,44.15,44.19,42.36,43.92,12716872,1154687461.0
2022-02-10,44.31,44.37,42.37,42.74,10459049,936420828.0
2022-02-11,42.4,43.45,41.42,41.54,15410568,1364062286.0
2022-02-14,41.4,42.38,41.07,41.64,11358098,989676266.0
2022-02-15,41.61,43.55,41.61,43.5,15667698,1406354691.0
2022-02-16,43.88,43.88,42.57,43.23,9613954,871069225.0
2022-02-17,43.23,47.27,42.84,46.28,23846140,2281384846.0
2022-02-18,46.26,46.32,44.69,44.89,15040732,1427079191.0
2022-02-21,45.07,45.59,44.35,44.95,11060542,1038191064.0
2022-02-22,44.69,45.77,44.08,45.35,14110031,1330261746.0
2022-02-23,45.24,48.31,45.14,47.59,21702482,2146490091.0
2022-02-24,47.27,49.4,46.94,48.03,25418593,2572155219.0
2022-02-25,48.81,49.43,48.11,48.52,15032179,1531705724.0
2022-02-28,48.7,51.0,48.23,50.71,21302930,2236878766.0
2022-03-01,51.33,51.69,49.41,50.28,19571295,2069547120.0
2022-03-02,49.78,50.08,47.03,47.58,21173832,2120131697.0
2022-03-03,47.51,48.04,46.6,47.6,13858924,1381882543.0
2022-03-04,45.93,47.19,44.89,45.13,18373504,1759426930.0
2022-03-07,44.93,44.93,42.45,42.69,16091659,1460798795.0
2022-03-08,42.72,43.85,41.2,42.55,16674153,1493215870.0
2022-03-09,42.79,43.06,39.64,41.81,15772002,1365027285.0
2022-03-10,45.59,45.99,44.32,45.99,13862000,1319342486.0
2022-03-11,45.75,47.51,45.13,47.23,29079646,2823083796.0
2022-03-14,46.13,46.8,45.69,45.73,13898089,1343193613.0
2022-03-15,45.7,48.4,44.89,45.89,19626271,1919405750.0
2022-03-16,47.5,48.71,46.21,48.29,24101626,2398390195.0
2022-03-17,50.14,51.79,49.18,50.07,26122659,2765530396.0
2022-03-18,49.61,50.59,48.38,49.13,11776519,1209142932.0
2022-03-21,49.42,51.13,48.71,50.02,12415771,1301535469.0
2022-03-22,51.14,51.14,48.74,49.41,14532423,1512840954.0
2022-03-23,49.83,50.0,47.94,48.48,13357359,1364989679.0
2022-03-24,48.47,48.71,46.73,48.23,11941391,1193973206.0
2022-03-25,48.32,48.54,46.03,46.21,11941257,1172285916.0
2022-03-28,45.27,46.57,44.2,44.74,11923896,1125823359.0
2022-03-29,45.6,46.97,44.93,45.84,13027535,1257771983.0
2022-03-30,46.1,47.73,45.37,47.36,13387648,1320309558.0
2022-03-31,46.97,47.01,44.8,44.89,13287890,1260180614.0
2022-04-01,44.46,46.98,44.39,45.85,13115880,1264792224.0
2022-04-06,46.8,46.8,43.4,43.97,13926739,1286377365.0
2022-04-07,43.7,44.56,43.06,43.72,9488217,868361013.0
2022-04-08,43.6,44.4,42.87,42.95,10157170,921142968.0
2022-04-11,42.37,42.37,40.59,40.8,13106059,1129540205.0
2022-04-12,40.59,41.45,40.11,41.16,12259527,1047402649.0
2022-04-13,41.16,41.92,40.2,40.25,14514526,1241785409.0
2022-04-14,40.88,41.54,40.04,40.26,13882905,1179083992.0
2022-04-15,40.68,40.78,38.28,38.94,23859353,1956621422.0
2022-04-18,38.68,39.83,37.36,39.37,17034584,1373817674.0
2022-04-19,39.63,40.49,39.38,39.73,13533206,1129807618.0
2022-04-20,40.03,40.06,37.68,37.72,14395698,1157066191.0
2022-04-21,37.46,38.15,36.48,36.61,13040536,1012638400.0
2022-04-22,35.91,36.6,35.32,35.33,12300051,920506360.0
2022-04-25,34.27,35.01,32.9,32.93,16486985,1172094297.0
2022-04-26,33.12,33.33,31.82,31.99,13573863,925201636.0
2022-04-27,31.66,34.79,31.22,34.47,24954398,1734046809.0
2022-04-28,34.14,35.03,33.43,34.23,17959965,1287291342.0
2022-04-29,34.58,35.89,33.43,35.78,25178523,1833825232.0
2022-05-05,35.09,36.37,34.72,35.83,19023708,1418064508.0
2022-05-06,34.69,35.88,34.45,35.03,11685007,859351841.0
2022-05-09,35.28,35.94,34.94,35.16,10260807,759278959.0
2022-05-10,35.09,35.96,34.12,35.57,18044278,1336759511.0
2022-05-11,35.72,39.11,35.43,37.84,30278859,2390108089.0
2022-05-12,37.25,37.6,36.68,37.19,18535558,1442809516.0
2022-05-13,37.49,37.68,36.64,36.79,14882736,1151079010.0
2022-05-16,37.11,37.49,35.95,36.03,28443401,1080402412.0
2022-05-17,36.05,37.85,35.58,37.36,44129350,1695851712.0
2022-05-18,37.36,40.66,37.11,39.18,58329790,2360725487.0
2022-05-19,38.4,39.82,38.07,39.75,47326066,1924421653.0
2022-05-20,39.99,40.28,39.04,39.51,41354667,1698816257.0
2022-05-23,39.56,39.78,38.74,39.51,30762677,1257304133.0
2022-05-24,39.5,39.5,37.25,37.36,39701655,1585245425.0
2022-05-25,37.21,37.87,36.42,36.75,33636691,1290758284.0
2022-05-26,37.11,37.23,36.05,36.39,30236716,1149875631.0
2022-05-27,36.71,37.46,35.95,36.25,29578007,1130096532.0
2022-05-30,36.56,37.11,35.95,36.44,28809612,1092750751.0
2022-05-31,36.42,36.75,34.86,36.58,53289136,1979652347.0
2022-06-01,36.58,38.58,35.37,38.5,72556180,2790937124.0
2022-06-02,38.47,39.97,37.79,39.84,82949359,3400664581.0
2022-06-06,40.37,43.82,40.28,43.82,66162714,2939577848.0
2022-06-07,45.47,45.64,42.33,42.95,110340295,5038471263.0
2022-06-08,42.3,43.22,41.12,42.54,75744566,3332774424.0
2022-06-09,41.73,42.49,40.88,41.2,44304160,1917746281.0
2022-06-10,42.23,45.3,41.83,44.8,95484737,4341489550.0
2022-06-13,43.93,48.87,43.71,47.93,106858698,5139180636.0
2022-06-14,47.09,51.56,46.62,51.1,111847812,5755737673.0
2022-06-15,51.56,52.7,49.41,49.46,87530972,4584680809.0
2022-06-16,49.31,52.05,49.28,51.37,77570560,4115432948.0
2022-06-17,50.71,56.43,49.99,55.45,95541015,5324718554.0
2022-06-20,55.52,59.94,54.79,56.7,99044896,5904072197.0
2022-06-21,56.1,57.47,53.93,55.34,91670656,5292074339.0
2022-06-22,55.73,58.97,55.73,58.22,90100391,5391456100.0
2022-06-23,58.64,59.12,55.75,58.52,85423699,5104661012.0
2022-06-24,58.24,61.91,56.72,60.45,82091780,5063889797.0
2022-06-27,60.79,62.89,59.77,59.83,77504311,4931183374.0
2022-06-28,61.04,63.79,60.37,63.4,82627595,5344429283.0
2022-06-29,62.48,63.25,59.5,59.58,80258243,5099326354.0
2022-06-30,59.48,61.89,59.21,59.66,58173427,3650245262.0
2022-07-01,59.12,60.75,57.68,60.35,61932786,3823760121.0
2022-07-04,59.68,64.24,59.68,63.44,75467567,4925736523.0
2022-07-05,64.15,65.25,62.1,64.17,60155335,3976293659.0
2022-07-06,63.63,63.63,60.85,62.16,50068004,3239177466.0
2022-07-07,61.52,64.26,60.01,62.59,55645418,3601219702.0
2022-07-08,62.97,63.4,60.09,60.09,45470822,2895372373.0
2022-07-11,59.7,60.94,57.68,58.75,51498625,3139746371.0
2022-07-12,58.74,59.26,54.52,55.76,72472283,4247186287.0
2022-07-13,56.72,58.64,55.42,58.3,58974360,3499590839.0
2022-07-14,57.67,59.6,56.93,58.13,49695627,3017609670.0
2022-07-15,58.35,59.45,56.78,56.81,43632728,2638868196.0
2022-07-18,57.96,58.33,55.97,56.77,42158804,2498563432.0
2022-07-19,56.78,57.15,55.35,55.87,39939998,2326329843.0
2022-07-20,56.24,56.52,54.89,55.25,35434741,2043725146.0
2022-07-21,54.89,55.65,53.92,53.92,34259957,1947965924.0
2022-07-22,54.41,54.68,52.21,53.17,38911828,2153328292.0
2022-07-25,53.17,54.18,52.17,52.45,31838030,1756622880.0
2022-07-26,52.27,54.03,51.7,52.94,36020366,1988339007.0
2022-07-27,52.94,53.83,52.33,53.32,29464506,1628971817.0
2022-07-28,53.4,53.79,51.21,51.79,41416433,2243565686.0
2022-07-29,51.76,52.39,50.33,50.35,36050052,1913330582.0
2022-08-01,49.99,52.87,49.96,52.87,50416167,2723121773.0
2022-08-02,51.91,53.11,50.79,51.19,44397058,2389712560.0
2022-08-03,51.92,52.23,49.41,49.57,41855637,2205387861.0
2022-08-04,49.85,50.83,48.86,49.78,32365874,1673877531.0
2022-08-05,49.98,50.66,49.14,50.62,31786828,1652372867.0
2022-08-08,50.0,50.92,49.75,50.3,23737967,1243751165.0
2022-08-09,50.27,52.85,49.39,51.93,52925109,2849427369.0
2022-08-10,51.9,52.18,50.08,50.45,37277259,1974373968.0
2022-08-11,50.51,54.27,49.52,54.02,70208810,3826482221.0
2022-08-12,53.96,55.6,53.67,53.72,55576605,3155149688.0
2022-08-15,52.97,55.74,52.95,55.47,47375940,2716025321.0
2022-08-16,55.74,56.04,54.88,55.54,34965784,2014143817.0
2022-08-17,55.27,55.32,52.87,53.45,47953636,2676146386.0
2022-08-18,53.41,54.65,52.58,52.67,36868568,2046702543.0
2022-08-19,52.68,52.77,49.75,49.75,50701271,2667183492.0
2022-08-22,49.04,52.07,48.93,51.84,42285682,2229065588.0
2022-08-23,51.52,53.83,51.33,52.4,38276020,2099272385.0
2022-08-24,52.4,52.97,50.05,50.42,32129795,1710133607.0
2022-08-25,50.72,50.95,47.64,48.92,36457295,1854337954.0
2022-08-26,49.17,49.89,47.88,48.33,31690328,1609408674.0
2022-08-29,47.58,48.18,46.91,47.47,28848698,1422041477.0
2022-08-30,47.49,48.36,47.01,48.06,23068868,1145091965.0
2022-08-31,47.9,48.04,45.49,45.71,35723485,1721228292.0
2022-09-01,45.73,46.13,44.89,45.16,21703194,1026281452.0
2022-09-02,45.21,46.24,45.08,45.31,21414251,1013480782.0
2022-09-05,45.06,46.11,44.99,45.35,19434150,919606215.0
2022-09-06,45.81,46.79,44.76,46.39,33617124,1605294335.0
2022-09-07,46.11,47.73,45.94,46.53,33203578,1614330171.0
2022-09-08,46.79,46.9,45.41,45.44,20521844,981324212.0
2022-09-09,45.34,47.1,45.21,46.65,30089267,1451344097.0
2022-09-13,46.78,47.01,46.14,46.29,18729388,904865408.0
2022-09-14,45.36,45.8,44.8,45.02,21855049,1026252305.0
2022-09-15,45.18,45.49,42.97,43.27,27570771,1255373676.0
2022-09-16,42.8,43.67,42.27,42.87,21594017,968159578.0
2022-09-19,43.05,44.99,42.88,44.21,28130440,1292784514.0
2022-09-20,44.43,46.03,44.29,45.21,25123992,1186713621.0
2022-09-21,45.05,46.39,44.54,46.14,29815105,1414294771.0
2022-09-22,46.3,47.49,45.09,45.3,32877791,1580486740.0
2022-09-23,45.3,45.35,44.09,44.82,23991852,1115154347.0
2022-09-26,44.38,45.85,44.2,44.66,19393095,909823351.0
2022-09-27,44.65,45.38,43.39,44.8,19090644,881247306.0
2022-09-28,44.44,44.78,42.3,42.3,20375386,910148311.0
2022-09-29,43.25,44.66,42.59,44.3,32164069,1471257456.0
2022-09-30,44.33,44.41,42.33,42.35,22541902,1007688461.0
2022-10-10,42.49,42.94,39.81,39.99,21646540,915958940.0
2022-10-11,40.85,43.99,40.64,43.99,50278735,2277345720.0
2022-10-12,43.84,46.08,43.26,46.08,53180297,2460049998.0
2022-10-13,45.34,47.18,45.19,46.06,33655512,1618774858.0
2022-10-14,46.65,47.1,45.65,46.61,32760198,1581581494.0
2022-10-17,46.13,46.98,45.48,46.39,24617682,1180048897.0
2022-10-18,46.77,47.22,45.97,46.33,22304594,1077901908.0
2022-10-19,46.14,48.06,45.81,46.33,36045225,1764655790.0
2022-10-20,45.83,46.14,44.68,45.28,25314876,1194168029.0
2022-10-21,45.11,45.28,44.07,44.39,16976467,788416236.0
2022-10-24,45.05,45.55,42.97,43.46,23426698,1077258127.0
2022-10-25,43.2,44.12,42.35,43.26,19976350,897987379.0
2022-10-26,44.22,44.57,42.99,43.56,22869356,1042776830.0
2022-10-27,43.64,44.54,42.26,42.27,28284557,1269817588.0
2022-10-28,42.0,42.03,40.28,40.37,28237684,1200906298.0
2022-10-31,39.99,40.93,39.32,40.85,28619347,1193797995.0
2022-11-01,40.57,42.55,40.15,42.55,35260427,1528359221.0
2022-11-02,42.3,43.31,42.1,42.6,25803263,1145925664.0
2022-11-03,42.3,43.21,42.19,42.72,17830717,792823737.0
2022-11-04,42.85,46.05,42.82,45.77,46816387,2189149399.0
2022-11-07,46.22,47.79,46.15,47.0,43377397,2122579964.0
2022-11-08,47.86,49.44,47.13,47.69,48311349,2429400862.0
2022-11-09,47.68,48.53,46.91,47.01,25144672,1242832540.0
2022-11-10,46.62,47.1,45.04,45.31,24969727,1183993435.0
2022-11-11,46.77,47.2,45.85,46.07,25268318,1219401040.0
2022-11-14,46.07,46.22,44.1,44.46,26159479,1224544668.0
2022-11-15,44.28,45.89,43.57,45.65,22993844,1073823167.0
2022-11-16,45.48,45.65,44.63,44.72,13834879,648596913.0
2022-11-17,44.56,44.56,42.61,43.43,27701350,1244661132.0
2022-11-18,43.26,44.41,42.79,42.98,18268101,827208730.0
2022-11-21,42.97,43.53,42.31,43.17,18238519,814336585.0
2022-11-22,43.26,43.26,41.87,42.19,20712633,913035044.0
2022-11-23,42.16,42.91,41.82,42.58,17286017,763602443.0
2022-11-24,43.14,44.62,42.83,44.06,34575393,1575794910.0
2022-11-25,43.67,43.79,42.3,42.37,21181841,942031383.0
2022-11-28,41.37,42.27,41.09,41.63,18675811,808659969.0
2022-11-29,41.63,43.11,41.6,42.75,18098402,798685391.0
2022-11-30,42.85,43.64,42.16,43.22,19199868,858330407.0
2022-12-01,44.22,47.01,44.17,45.98,56792151,2706723803.0
2022-12-02,45.91,46.32,44.87,46.29,29513148,1406553292.0
2022-12-05,46.15,46.43,44.58,44.94,26765892,1259048907.0
2022-12-06,44.7,49.24,44.46,47.51,57683140,2831232374.0
2022-12-07,47.11,49.79,47.1,49.33,59209053,3019873573.0
2022-12-08,48.96,50.56,48.54,49.55,34192067,1770580449.0
2022-12-09,49.31,49.8,48.33,48.56,37779331,1917968272.0
2022-12-12,48.49,49.17,47.77,48.48,21901837,1102216661.0
2022-12-13,48.35,48.42,46.26,46.57,31228985,1525853806.0
2022-12-14,46.91,46.96,45.52,46.2,24430670,1170449121.0
2022-12-15,46.2,47.38,44.82,47.11,35086741,1684066051.0
2022-12-16,46.53,47.54,46.37,46.85,22434305,1096066790.0
2022-12-19,47.04,49.22,46.96,47.66,30140487,1511112928.0
2022-12-20,47.19,48.31,46.52,47.29,20310203,996587076.0
2022-12-21,47.01,48.0,45.95,47.16,18751101,918558910.0
2022-12-22,47.58,47.68,45.06,45.4,22995505,1100757100.0
2022-12-23,44.97,45.97,44.62,45.22,15247462,715634570.0
2022-12-26,45.26,47.39,45.1,46.74,18555857,899221439.0
2022-12-27,46.77,46.97,46.25,46.59,12988334,629043181.0
2022-12-28,46.12,46.13,44.72,45.21,23074601,1084757972.0
2022-12-29,45.31,46.39,43.93,44.35,31740037,1495129487.0
2022-12-30,44.84,46.22,41.77,42.16,65143657,2930649888.0
2023-01-03,41.91,42.76,40.81,42.7,31103529,1357041210.0
2023-01-04,42.38,42.49,41.09,41.25,35011214,1510492616.0
2023-01-05,41.38,43.55,41.24,42.86,43659223,1929553429.0
2023-01-06,42.46,44.2,42.3,43.17,36153539,1628575552.0
2023-01-09,43.48,45.35,43.29,44.34,37216274,1724262689.0
2023-01-10,44.03,46.14,43.54,45.32,36730850,1716111450.0
2023-01-11,45.33,45.95,44.71,44.81,20808016,979322073.0
2023-01-12,44.77,46.59,44.77,45.78,26855358,1282488577.0
2023-01-13,46.24,47.34,45.36,46.91,36459928,1760361579.0
2023-01-16,46.0,46.14,44.79,44.85,43534538,2051658198.0
2023-01-17,44.7,45.72,44.49,45.25,19907080,935653583.0
2023-01-18,45.38,46.19,45.02,45.19,18147237,859880567.0
2023-01-19,44.81,45.18,44.59,44.87,15706191,732053429.0
2023-01-20,45.19,46.1,44.72,45.74,26968903,1273044211.0
2023-01-30,47.29,48.83,46.87,47.04,51868811,2590710630.0
2023-01-31,47.04,47.82,46.91,47.18,20156612,992233032.0
2023-02-01,47.36,48.54,47.36,47.93,27283945,1362186892.0
2023-02-02,47.97,48.34,46.82,47.12,28068655,1385404693.0
2023-02-03,47.08,47.1,45.71,46.27,22601741,1087657462.0
2023-02-06,45.95,46.14,45.18,45.35,17782426,840131707.0
2023-02-07,45.4,45.79,45.24,45.61,15626337,738990325.0
2023-02-08,45.58,46.04,45.27,45.89,20341017,967734406.0
2023-02-09,45.83,45.87,45.28,45.73,18499364,876833447.0
2023-02-10,45.74,45.74,44.16,44.25,28172414,1311415593.0
2023-02-13,44.22,44.73,43.92,44.39,15837237,731208488.0
2023-02-14,44.54,44.93,44.04,44.56,16157613,745313699.0
2023-02-15,44.59,44.87,43.83,44.0,16254711,747723818.0
2023-02-16,44.03,44.38,42.78,43.33,22885192,1041043969.0
2023-02-17,43.37,43.55,42.5,42.58,19885664,886851234.0
2023-02-20,42.44,42.46,41.39,42.43,33664506,1466281375.0
2023-02-21,42.47,43.82,42.1,43.82,32197670,1445298859.0
2023-02-22,43.51,43.71,43.26,43.7,19574023,885363798.0
2023-02-23,43.71,44.44,43.62,44.05,17502365,801880253.0
2023-02-24,44.13,44.21,42.9,43.22,15033917,678599828.0
2023-02-27,42.84,43.42,42.58,43.38,12232757,549424115.0
2023-02-28,43.6,43.66,42.78,43.25,11202946,502650482.0
2023-03-01,43.26,43.32,42.74,42.95,14085651,628376167.0
2023-03-02,43.07,43.08,41.99,42.21,20554568,906181678.0
2023-03-03,42.25,42.54,41.84,42.34,13953653,612896485.0
2023-03-06,42.45,42.51,41.62,42.26,19902381,871019390.0
2023-03-07,42.2,42.2,41.6,41.62,13958151,607151357.0
2023-03-08,41.39,41.86,41.34,41.7,8548192,370178497.0
2023-03-09,41.9,42.4,41.53,42.26,14367137,627686268.0
2023-03-10,42.1,42.1,41.24,41.27,17771721,766439671.0
2023-03-13,41.18,41.45,39.59,39.89,29470582,1233641235.0
2023-03-14,39.88,39.88,38.3,39.3,29280622,1183577830.0
2023-03-15,39.22,39.89,39.12,39.25,13039357,535559288.0
2023-03-16,38.84,39.03,37.29,37.54,28960020,1145229890.0
2023-03-17,37.97,38.34,37.31,37.53,20469688,804402739.0
2023-03-20,37.55,38.93,36.91,38.6,25996070,1034115114.0
2023-03-21,38.6,38.97,38.1,38.89,20633819,827207695.0
2023-03-22,38.98,40.25,38.97,39.49,24851873,1027303262.0
2023-03-23,39.19,39.68,38.98,39.35,12791192,523244072.0
2023-03-24,39.43,39.96,39.08,39.4,16739968,689058763.0
2023-03-27,39.38,39.89,38.74,39.74,18421611,755273806.0
2023-03-28,39.74,40.17,39.46,39.57,12943996,535032860.0
2023-03-29,39.56,40.28,39.24,39.41,14483224,598350494.0
2023-03-30,39.46,39.84,38.88,39.78,16462288,675151415.0
2023-03-31,39.83,40.65,39.65,40.34,19421208,813169774.0
2023-04-03,40.3,41.22,40.0,40.79,20877530,884158859.0
2023-04-04,40.71,40.72,38.98,39.23,26485081,1089284256.0
2023-04-06,38.93,39.19,38.55,39.05,12589338,508916643.0
2023-04-07,39.0,40.07,38.94,39.52,14296177,589593429.0
2023-04-10,39.7,41.22,39.7,41.07,30553812,1291254708.0
2023-04-11,40.84,41.46,40.7,41.14,26254611,1123097495.0
2023-04-12,41.07,41.27,40.05,40.46,17935075,753897224.0
2023-04-13,40.28,40.66,40.12,40.17,12377392,518976630.0
2023-04-14,40.21,41.75,40.09,41.0,32232126,1381016766.0
2023-04-17,40.71,42.37,40.39,41.34,35957577,1556984483.0
2023-04-18,40.52,43.68,40.47,42.88,61771729,2762883176.0
2023-04-19,42.48,42.68,41.72,42.11,28898693,1266195644.0
2023-04-20,41.99,42.01,39.86,40.52,28775614,1214072172.0
2023-04-21,40.42,41.86,39.99,40.68,27180614,1158747001.0
2023-04-24,40.47,40.47,38.75,39.07,23140846,947327973.0
2023-04-25,39.06,39.35,37.21,37.58,23267869,913212331.0
2023-04-26,37.35,40.85,37.11,40.37,36888785,1520216847.0
2023-04-27,40.62,42.28,40.33,41.29,29451875,1264995469.0
2023-04-28,41.33,41.84,40.42,41.03,22710546,968177404.0
2023-05-04,40.61,42.25,40.6,40.85,17754713,761504159.0
2023-05-05,40.9,41.47,40.01,40.88,14487157,613292080.0
2023-05-08,41.22,42.04,40.88,40.97,17047368,733143672.0
2023-05-09,40.89,40.97,39.88,40.18,13622566,570585277.0
2023-05-10,40.18,43.33,39.86,42.76,45619309,2005014432.0
2023-05-11,42.58,44.25,42.43,43.71,36929677,1674688289.0
2023-05-12,43.55,44.31,42.87,42.87,19855460,895938764.0
2023-05-15,43.03,45.52,42.87,45.07,43007498,2007140597.0
2023-05-16,45.07,45.38,44.07,44.39,20628163,944131462.0
2023-05-17,45.76,46.43,44.59,45.0,26860495,1249957375.0
2023-05-18,44.75,45.18,43.43,43.67,24435642,1102645632.0
2023-05-19,43.67,44.11,43.39,43.54,9721157,436115441.0
2023-05-22,43.12,44.4,42.57,43.98,15337868,687766954.0
2023-05-23,44.11,44.22,43.27,43.33,8599342,386109995.0
2023-05-24,43.0,43.7,42.67,43.0,8359737,370826393.0
2023-05-25,42.75,43.73,42.37,43.34,10855483,481301706.0
2023-05-26,43.72,43.72,41.46,41.68,16388867,705102293.0
2023-05-29,41.68,41.83,39.94,40.52,19067100,792282517.0
2023-05-30,40.41,40.99,39.91,40.68,11527434,479217180.0
2023-05-31,40.56,40.58,39.16,39.82,19184970,781615842.0
2023-06-01,39.75,41.66,39.05,40.99,23893952,1003523864.0
2023-06-02,40.71,41.87,40.6,41.55,12743589,543260101.0
2023-06-05,41.4,41.53,40.3,40.4,14322178,597038592.0
2023-06-06,40.4,40.73,39.92,40.24,8791438,363987451.0
2023-06-07,40.21,40.51,38.85,39.3,17787773,719634322.0
2023-06-08,39.39,40.01,38.73,38.86,14270564,574044175.0
2023-06-09,38.95,39.79,38.82,38.98,12394498,497297867.0
2023-06-12,38.99,39.18,37.81,38.46,20679812,814618986.0
2023-06-13,38.3,38.53,37.84,38.12,13231948,517681390.0
2023-06-14,38.12,38.35,37.59,37.74,16118146,627263992.0
2023-06-15,37.74,41.28,37.41,40.51,38734207,1575731616.0
2023-06-16,40.49,41.56,40.21,40.7,22351856,936731718.0
2023-06-19,40.7,40.76,39.84,40.3,15399032,635823191.0
2023-06-20,40.29,40.51,39.65,39.9,11837389,486436690.0
2023-06-21,39.9,40.69,39.53,39.53,13518531,557287389.0
2023-06-26,38.85,40.29,38.64,39.85,14126587,574640693.0
2023-06-27,39.83,40.28,38.96,39.23,11231708,455117216.0
2023-06-28,39.26,40.24,39.25,39.64,11291249,460753023.0
2023-06-29,39.61,40.02,38.96,39.11,10814991,436402596.0
2023-06-30,39.04,40.75,38.73,40.11,23679265,972883383.0
2023-07-03,40.12,40.58,39.74,40.2,13862111,571136491.0
2023-07-04,40.45,40.89,39.74,40.6,13476442,559309294.0
2023-07-05,40.78,40.89,40.26,40.43,8944865,372513510.0
2023-07-06,40.12,40.35,39.61,39.71,9473239,388093743.0
2023-07-07,39.7,39.7,39.14,39.28,7154497,289280687.0
2023-07-10,39.44,41.2,39.29,40.57,20808489,869957465.0
2023-07-11,40.13,40.39,38.55,39.58,32492811,1308951829.0
2023-07-12,39.44,39.52,38.61,38.8,15987099,639603580.0
2023-07-13,38.93,39.52,38.55,38.92,15422297,616210945.0
2023-07-14,38.85,38.86,37.66,37.95,28145050,1097405452.0
2023-07-17,37.59,37.59,34.18,35.19,52797078,1914936319.0
2023-07-18,35.03,35.42,34.74,34.81,15616765,560382200.0
2023-07-19,34.65,34.78,33.74,34.17,17627918,617723155.0
2023-07-20,34.18,34.74,33.89,33.93,16174608,568155453.0
2023-07-21,33.81,34.07,33.3,33.42,16626025,572808625.0
2023-07-24,33.3,33.38,32.65,32.74,16823756,567551384.0
2023-07-25,33.06,33.97,33.05,33.91,19645765,674875238.0
2023-07-26,33.91,34.49,33.67,34.26,18356870,645276876.0
2023-07-27,34.27,35.63,34.26,34.64,21377932,767849268.0
2023-07-28,34.37,35.1,34.02,35.01,14227549,506458935.0
2023-07-31,35.01,36.14,35.01,35.85,21794032,801260203.0
2023-08-01,35.64,36.61,35.36,36.02,14987091,555132038.0
2023-08-02,35.91,36.32,35.38,35.57,10088186,370107187.0
2023-08-03,35.35,35.74,35.15,35.55,8852353,321885578.0
2023-08-04,35.7,36.18,35.26,35.62,10371533,380267034.0
2023-08-07,35.61,36.13,35.39,35.96,10865126,399937211.0
2023-08-08,36.03,36.32,35.83,36.22,10016480,371605095.0
2023-08-09,36.23,36.5,35.71,36.06,9966809,370706053.0
2023-08-10,36.03,36.49,35.93,36.38,9201686,343684235.0
2023-08-11,36.4,36.54,35.66,35.66,7269631,269024304.0
2023-08-14,35.27,35.53,34.86,35.52,8548975,308682667.0
2023-08-15,35.25,35.61,34.56,34.97,11232593,402916499.0
2023-08-16,34.97,35.9,34.81,34.86,9534644,345307758.0
2023-08-17,34.86,35.19,34.38,34.86,7909262,283281284.0
2023-08-18,34.74,34.96,33.89,33.94,10283884,362225196.0
2023-08-21,33.89,34.0,33.3,33.3,8446394,291241815.0
2023-08-22,33.35,33.87,32.33,32.91,10630589,358997674.0
2023-08-23,32.91,32.99,31.36,31.65,17205976,564323339.0
2023-08-24,31.6,32.59,31.29,32.16,10194404,336164034.0
2023-08-25,32.05,32.12,31.38,31.65,11443711,371789877.0
2023-08-28,33.5,33.51,31.66,31.68,13031667,432873058.0
2023-08-29,31.66,32.52,31.57,31.97,20626178,679026122.0
2023-08-30,31.97,32.49,31.75,32.28,10985707,363706191.0
2023-08-31,32.28,32.32,31.74,31.97,7713888,253668338.0
2023-09-01,32.13,32.28,31.85,32.0,5448827,179229991.0
2023-09-04,32.0,32.54,31.65,32.48,11207221,371634065.0
2023-09-05,32.28,32.7,32.24,32.42,7605583,253509003.0
2023-09-06,32.43,32.49,31.96,32.41,9480299,313265739.0
2023-09-07,32.38,32.38,30.72,30.75,20072615,645488707.0
2023-09-08,30.7,30.7,27.68,28.56,48752004,1423095400.0
2023-09-11,28.58,28.69,27.54,27.77,36532808,1046705951.0
2023-09-12,27.86,28.84,27.75,28.4,24321981,708286297.0
2023-09-13,28.24,28.38,27.71,27.88,15251472,438230761.0
2023-09-14,27.75,27.98,27.34,27.46,11142340,315316901.0
2023-09-15,27.64,27.65,27.25,27.31,11733424,330468286.0
2023-09-18,27.14,28.31,27.04,27.88,18346879,524477589.0
2023-09-19,27.9,28.0,27.52,27.74,9816034,279172035.0
2023-09-20,27.69,27.72,27.22,27.22,11097097,311753234.0
2023-09-21,27.08,27.41,26.96,27.02,11298969,314819909.0
2023-09-22,27.01,27.33,26.88,27.3,11993444,334049725.0
2023-09-25,27.31,27.53,26.89,27.27,12056797,336394647.0
2023-09-26,27.28,27.3,26.32,26.34,23715889,648993155.0
2023-09-27,26.35,27.12,26.22,26.46,23539341,640828330.0
2023-09-28,26.53,26.84,26.26,26.32,15836155,430210296.0
2023-10-09,26.32,26.37,25.71,26.17,17618288,471181326.0
2023-10-10,26.16,26.71,25.9,25.9,17091288,460516530.0
2023-10-11,25.99,26.33,25.71,25.8,15998301,426665786.0
2023-10-12,25.92,27.69,25.88,27.48,49420801,1369347353.0
2023-10-13,27.16,27.34,26.88,27.06,17649813,491192543.0
2023-10-16,27.18,27.18,25.98,26.12,19318540,521302128.0
2023-10-17,26.14,26.97,26.02,26.38,22778198,621639606.0
2023-10-18,26.22,26.22,25.62,25.62,15731922,416510363.0
2023-10-19,25.35,25.56,25.02,25.05,16428685,425850277.0
2023-10-20,24.98,25.95,24.91,25.52,20941647,548087685.0
2023-10-23,25.41,25.41,24.67,24.89,13670062,350140858.0
2023-10-24,25.04,25.2,24.5,24.76,16565344,421668655.0
2023-10-25,24.85,25.36,24.57,24.59,16104127,411812816.0
2023-10-26,24.37,24.91,23.87,24.77,20453230,510264108.0
2023-10-27,24.59,26.56,24.4,26.31,34149137,903056985.0
2023-10-30,26.11,27.74,26.0,27.56,37040515,1034283388.0
2023-10-31,27.32,27.39,26.86,27.08,19881098,552147237.0
2023-11-01,27.11,27.22,26.52,26.93,13786537,380497790.0
2023-11-02,27.07,27.13,26.11,26.2,14817797,403221459.0
2023-11-03,26.32,26.55,25.96,26.46,12556640,339636367.0
2023-11-06,26.49,28.19,26.46,27.83,31209105,886298270.0
2023-11-07,27.84,27.84,26.91,27.2,24012928,670381271.0
2023-11-08,27.33,27.58,26.94,27.16,16485215,461483481.0
2023-11-09,27.02,27.72,26.97,27.35,21049273,592357450.0
2023-11-10,27.18,27.59,26.95,27.29,15902926,446249295.0
2023-11-13,27.34,28.22,27.22,27.4,18931882,535961832.0
2023-11-14,27.48,27.52,26.95,27.16,13910238,388217924.0
2023-11-15,27.56,27.88,27.24,27.45,19771414,559814242.0
2023-11-16,27.26,27.27,26.32,26.4,22568754,616094163.0
2023-11-17,26.35,26.51,26.1,26.5,11284591,304983389.0
2023-11-20,26.5,26.53,25.71,26.41,15646147,419792944.0
2023-11-21,26.42,26.72,26.16,26.16,11865944,322015654.0
2023-11-22,26.16,26.2,25.51,25.54,11603253,306588399.0
2023-11-23,25.48,25.64,25.28,25.48,10392524,271260711.0
2023-11-24,25.45,25.49,24.87,24.88,11289983,290709575.0
2023-11-27,24.81,24.81,24.2,24.39,13276370,333285478.0
2023-11-28,24.34,24.53,24.05,24.29,12650234,315148870.0
2023-11-29,24.3,24.41,23.54,23.63,19193567,468636521.0
2023-11-30,23.58,23.94,23.47,23.56,11251068,273331548.0
2023-12-01,23.56,23.66,23.06,23.34,12470576,298097056.0
2023-12-04,23.26,23.34,22.59,22.64,20179278,472039750.0
2023-12-05,22.53,23.22,22.33,22.48,19786869,464156273.0
2023-12-06,22.48,24.06,22.26,23.17,44570760,1070912651.0
2023-12-07,23.17,23.28,22.6,22.99,20808966,489872693.0
2023-12-08,23.34,23.35,22.69,22.72,15384090,362709680.0
2023-12-11,22.73,22.79,22.11,22.71,19676664,452520368.0
2023-12-12,22.66,22.89,22.53,22.83,13954255,326035879.0
2023-12-13,22.72,22.76,21.83,21.83,18425631,419235476.0
2023-12-14,22.01,22.36,21.48,21.65,14900106,333950723.0
2023-12-15,21.72,22.33,21.57,21.62,19302200,434740837.0
2023-12-18,21.49,21.78,20.84,20.93,20432913,445176464.0
2023-12-19,20.93,21.31,20.76,21.17,16310905,352652146.0
2023-12-20,21.16,21.22,20.68,20.7,13389765,286600285.0
2023-12-21,20.62,21.65,20.57,21.44,24319493,527528377.0
2023-12-22,21.42,22.33,20.99,21.81,24243339,540921217.0
2023-12-25,21.89,22.43,21.89,22.08,17167797,390464534.0
2023-12-26,22.11,22.49,21.92,22.14,15162157,345767070.0
2023-12-27,22.13,22.22,21.86,22.04,10954318,247745718.0
2023-12-28,22.04,24.24,21.9,24.24,44540736,1081455139.0
2023-12-29,24.65,25.14,24.28,24.42,56462704,1432013218.0
2024-01-02,24.54,24.54,23.53,23.58,27351035,670557055.0
2024-01-03,23.49,23.86,23.3,23.71,22136371,536009971.0
2024-01-04,23.76,23.81,22.83,23.04,17612282,418041800.0
2024-01-05,23.04,23.56,22.2,22.34,23981551,563313726.0
2024-01-08,21.92,22.64,21.6,21.73,19457980,438493797.0
2024-01-09,21.87,22.59,21.25,21.95,21843931,490599676.0
2024-01-10,21.74,23.02,21.5,22.33,30644129,704395274.0
2024-01-11,22.3,24.17,22.1,23.56,42525894,1014220827.0
2024-01-12,23.34,24.2,23.27,23.55,33260846,809502922.0
2024-01-15,23.38,23.56,22.8,22.89,19440921,460126239.0
2024-01-16,22.88,23.7,22.72,23.38,26579124,636277204.0
2024-01-17,23.31,23.33,22.55,22.56,22192069,523518422.0
2024-01-18,22.3,23.17,22.15,23.12,28822319,669144449.0
2024-01-19,22.96,24.0,22.83,22.92,33041369,794122213.0
2024-01-22,22.49,22.59,21.33,21.49,32394040,731288013.0
2024-01-23,21.36,22.03,20.9,21.44,22671273,499541409.0
2024-01-24,21.49,21.64,20.09,20.93,41232394,875929060.0
2024-01-25,20.72,21.17,20.27,21.08,31407948,671187411.0
2024-01-26,20.89,21.34,20.55,20.61,23496209,504221557.0
2024-01-29,20.56,20.61,19.17,19.24,36201884,730321641.0
2024-01-30,19.11,19.55,18.6,18.63,22776828,445417867.0
2024-01-31,18.49,19.28,18.19,18.19,30941913,590899114.0
2024-02-01,18.09,18.31,17.6,17.83,21467703,395286201.0
2024-02-02,17.83,17.97,16.36,17.08,27183246,481961552.0
2024-02-05,16.96,17.08,15.65,16.19,31755465,534084106.0
2024-02-06,16.07,17.35,15.97,17.22,30358153,522377960.0
2024-02-07,17.33,17.74,16.95,17.28,32531540,580530566.0
2024-02-08,17.53,17.98,17.23,17.95,33534636,608976989.0
2024-02-19,18.03,18.07,17.62,17.97,25262209,463213525.0
2024-02-20,17.85,18.04,17.57,17.92,17763282,323645149.0
2024-02-21,17.7,18.8,17.64,18.32,33160226,626785038.0
2024-02-22,18.21,18.65,18.14,18.53,16377370,310152278.0
2024-02-23,18.62,18.85,18.47,18.78,20169702,386783631.0
2024-02-26,18.69,19.31,18.61,18.99,25653761,499064404.0
2024-02-27,18.97,19.22,18.75,19.22,22445093,437687341.0
2024-02-28,19.38,20.74,18.9,18.97,52440178,1067725200.0
2024-02-29,18.77,20.16,18.71,20.1,44820563,899819027.0
2024-03-01,20.25,20.36,19.86,20.08,30337741,625522697.0
2024-03-04,20.09,20.35,19.65,19.81,22150238,452843235.0
2024-03-05,19.54,19.62,19.17,19.45,20117605,400822825.0
2024-03-06,19.28,19.96,19.08,19.54,17752533,355298282.0
2024-03-07,19.55,19.72,18.89,18.9,17758254,351064738.0
2024-03-08,18.88,19.28,18.62,18.83,15978819,309852229.0
2024-03-11,19.92,20.71,19.91,20.71,23418285,494498437.0
2024-03-12,22.05,22.64,21.81,22.09,108784981,2473720269.0
2024-03-13,21.79,23.06,21.63,22.42,71050954,1634434098.0
2024-03-14,22.38,22.69,21.4,21.64,54349748,1226889144.0
2024-03-15,21.77,21.86,20.82,21.34,35342030,769364683.0
2024-03-18,21.91,22.55,21.61,22.23,55508596,1256088516.0
2024-03-19,22.24,22.43,21.98,21.98,28825609,655426984.0
2024-03-20,21.99,22.37,21.66,21.82,20315039,456253955.0
2024-03-21,21.74,21.89,21.14,21.32,23522925,517533766.0
2024-03-22,21.15,21.3,20.26,20.32,31284910,661316903.0
2024-03-25,20.2,20.24,19.38,19.49,29620008,599713629.0
2024-03-26,19.45,21.44,19.45,21.44,49202842,1034886487.0
2024-03-27,22.15,22.15,21.17,21.19,71596479,1598108583.0
2024-03-28,21.03,21.9,21.03,21.21,47247409,1038150895.0
2024-03-29,21.08,22.39,20.94,21.65,53984963,1206090814.0
2024-04-01,21.65,22.86,21.43,22.59,65741795,1510455971.0
2024-04-02,22.63,24.33,22.14,23.81,89317212,2117623230.0
2024-04-03,23.37,25.13,23.22,23.26,90236679,2236032398.0
2024-04-08,22.97,24.09,22.36,22.41,60879240,1443414612.0
2024-04-09,22.2,24.64,22.2,24.64,79303710,1930896621.0
2024-04-10,24.6,25.04,24.06,24.28,74052119,1851483219.0
2024-04-11,23.94,24.91,23.37,24.88,68890165,1711053735.0
2024-04-12,24.34,24.8,23.39,23.53,54786072,1353644907.0
2024-04-15,23.37,24.21,22.87,23.61,48248780,1167757059.0
2024-04-16,23.22,23.23,21.71,21.83,49486324,1128543713.0
2024-04-17,22.12,22.81,21.81,22.39,45727075,1047900401.0
2024-04-18,22.05,22.53,21.26,21.89,43242895,976396474.0
2024-04-19,21.44,21.75,20.64,20.77,48217313,1037674305.0
2024-04-22,20.57,21.02,19.82,19.89,35716852,741328884.0
2024-04-23,19.99,20.67,19.98,20.23,29313967,612329716.0
2024-04-24,19.96,20.04,19.39,19.65,38204372,767694451.0
2024-04-25,19.47,20.12,19.25,19.73,30042608,610966375.0
2024-04-26,19.45,20.42,19.45,20.31,37538525,774582093.0
2024-04-29,20.58,22.06,20.43,21.46,53335245,1156740142.0
2024-04-30,21.54,21.58,20.67,20.75,33853493,718973061.0
2024-05-06,21.85,22.5,21.66,21.92,46505821,1033960315.0
2024-05-07,21.87,22.11,21.59,21.92,27012180,596622075.0
2024-05-08,21.93,21.93,21.23,21.25,23420685,508288200.0
2024-05-09,21.96,23.0,21.96,22.39,61129771,1390610192.0
2024-05-10,22.23,22.43,21.64,21.73,37956172,841394788.0
2024-05-13,21.31,21.49,20.75,20.91,32961503,702817069.0
2024-05-14,21.05,21.22,20.76,20.82,19993775,423163361.0
2024-05-15,21.04,21.43,20.78,20.84,18704473,397755992.0
2024-05-16,20.89,20.97,20.43,20.54,25237446,525972637.0
2024-05-17,20.46,20.69,20.18,20.69,26755846,555560201.0
2024-05-20,20.7,20.89,20.5,20.79,22048896,462246915.0
2024-05-21,20.69,20.89,20.21,20.32,21087742,436099462.0
2024-05-22,20.18,20.66,20.11,20.63,25551880,529061488.0
2024-05-23,20.52,20.52,19.86,19.9,25352399,514017665.0
2024-05-24,19.79,19.99,19.45,19.49,20380981,405533894.0
2024-05-27,19.51,19.6,18.86,19.42,24960545,483891932.0
2024-05-28,19.43,19.66,19.08,19.43,17289030,339412589.0
2024-05-29,19.76,20.52,19.66,19.93,32664778,663672970.0
2024-05-30,19.93,20.02,19.57,19.63,15488210,308604121.0
2024-05-31,19.65,19.79,19.31,19.31,16039846,317162638.0
2024-06-03,19.27,19.3,18.92,19.17,16761780,323920878.0
2024-06-04,19.15,19.47,18.93,19.42,15654417,304935066.0
2024-06-05,19.48,20.34,19.43,19.84,35358778,715451790.0
2024-06-06,19.84,20.06,19.17,19.2,21883712,432996100.0
2024-06-07,19.33,19.39,18.39,18.57,26652774,506170710.0
2024-06-11,18.51,18.76,18.15,18.76,17661407,330239274.0
2024-06-12,18.69,19.03,18.57,18.81,13462395,256049379.0
2024-06-13,18.72,18.98,18.47,18.53,15292802,289354310.0
2024-06-14,18.48,18.87,18.2,18.84,22640176,424511233.0
2024-06-17,18.97,20.73,18.79,20.28,91698977,1872902740.0
2024-06-18,20.12,20.12,19.56,19.8,47831428,955798424.0
2024-06-19,19.72,19.75,19.24,19.32,25969427,510563021.0
2024-06-20,19.22,19.29,18.59,18.61,24537444,469029360.0
2024-06-21,18.61,18.75,18.14,18.24,22098551,411272130.0
2024-06-24,17.88,18.32,17.4,18.02,23145478,418666924.0
2024-06-25,18.0,18.13,17.49,17.55,18157015,326117557.0
2024-06-26,17.58,18.27,17.29,18.15,20856566,376600045.0
2024-06-27,17.94,17.99,17.51,17.51,15528485,278699067.0
2024-06-28,17.42,17.86,17.32,17.35,17777947,315713954.0
2024-07-01,17.2,17.2,16.7,17.08,21416315,366303267.0
2024-07-02,16.98,17.35,16.83,16.97,12620217,218555775.0
2024-07-03,16.98,17.44,16.84,17.26,19036766,331580529.0
2024-07-04,17.27,17.34,16.55,16.57,16617154,283499683.0
2024-07-05,16.4,16.52,16.2,16.3,18057866,298591390.0
2024-07-08,16.2,16.29,15.78,15.86,16004036,258950378.0
2024-07-09,15.8,15.96,15.36,15.8,26437004,419099052.0
2024-07-10,15.63,16.2,15.5,15.65,25392985,408059419.0
2024-07-11,15.94,16.86,15.81,16.52,42317526,700349007.0
2024-07-12,16.5,16.66,16.3,16.32,20704685,344442777.0
2024-07-15,16.35,16.4,15.77,15.86,18868820,304819360.0
2024-07-16,15.77,16.11,15.73,16.07,15822735,256285192.0
2024-07-17,16.03,16.2,15.84,15.93,14633615,236985265.0
2024-07-18,15.86,16.18,15.68,16.13,19097763,308703458.0
2024-07-19,16.04,16.42,16.0,16.14,18746921,307154574.0
2024-07-22,16.2,16.35,15.79,15.92,19910600,322959176.0
2024-07-23,15.88,15.88,15.29,15.29,20760085,326989782.0
2024-07-24,15.17,15.36,14.72,14.76,22503718,340602574.0
2024-07-25,14.63,15.23,14.6,14.91,18969645,287658984.0
2024-07-26,14.84,15.56,14.84,15.25,19328394,298809884.0
2024-07-29,15.29,15.3,14.82,14.92,14489278,219139332.0
2024-07-30,14.88,14.96,14.48,14.55,24722223,366805604.0
2024-07-31,14.59,15.52,14.4,15.5,36274652,554951122.0
2024-08-01,15.52,15.58,15.17,15.26,19673940,305728743.0
2024-08-02,15.21,15.52,15.1,15.11,17802125,275543785.0
2024-08-05,15.02,15.49,14.79,14.8,20590645,314511966.0
2024-08-06,15.0,15.19,14.8,15.03,16627825,252125885.0
2024-08-07,15.07,15.07,14.77,14.87,14096120,212045708.0
2024-08-08,14.78,15.11,14.63,14.91,17825597,268408111.0
2024-08-09,15.01,15.2,14.54,14.54,17050564,255309291.0
2024-08-12,14.52,14.7,14.29,14.35,16119086,234792139.0
2024-08-13,14.28,14.7,14.14,14.59,20795896,303728932.0
2024-08-14,14.59,14.78,14.27,14.3,14846958,216195376.0
2024-08-15,14.22,14.51,14.09,14.33,17424003,252468798.0
2024-08-16,14.34,14.38,14.03,14.04,16407445,235049982.0
2024-08-19,13.99,14.25,13.96,14.0,12105108,172283459.0
2024-08-20,13.99,14.31,13.73,13.76,21031286,297957211.0
2024-08-21,13.64,14.32,13.59,14.07,32412926,462783519.0
2024-08-22,14.09,14.24,13.77,13.79,21508906,303616754.0
2024-08-23,13.73,13.96,13.53,13.55,17365113,239943947.0
2024-08-26,13.55,14.32,13.55,13.75,32157587,454969059.0
2024-08-27,13.68,13.71,13.39,13.42,17218857,234992631.0
2024-08-28,13.34,13.55,13.15,13.48,15541999,210451724.0
2024-08-29,13.39,13.95,13.39,13.82,23217613,322235982.0
2024-08-30,13.87,14.5,13.71,14.18,33044972,475139996.0
2024-09-02,14.12,14.34,13.78,13.78,19348348,274139597.0
2024-09-03,13.77,14.4,13.67,14.15,27778646,398410916.0
2024-09-04,14.01,14.5,14.01,14.25,29187395,422599353.0
2024-09-05,14.23,14.67,14.04,14.13,23899909,345666485.0
2024-09-06,14.1,14.13,13.77,13.78,15602372,219361466.0
2024-09-09,13.69,13.89,13.62,13.7,11724521,162655632.0
2024-09-10,13.71,13.79,13.34,13.48,15587932,212706328.0
2024-09-11,13.46,14.84,13.46,14.71,95714426,1404242330.0
2024-09-12,14.39,14.63,14.16,14.16,66941011,969641891.0
2024-09-13,14.23,14.32,13.52,13.52,36271551,504251711.0
2024-09-18,13.49,13.49,12.99,13.08,25491090,339066722.0
2024-09-19,13.22,13.6,12.92,13.22,33177645,444732772.0
2024-09-20,13.22,13.28,12.74,12.8,32137736,418927030.0
2024-09-23,12.79,13.14,12.7,12.92,22346447,293320452.0
2024-09-24,13.04,14.11,13.0,14.07,68212541,943632163.0
2024-09-25,14.32,14.61,14.13,14.15,49584613,720634217.0
2024-09-26,14.08,15.2,14.05,15.18,52275287,776470413.0
2024-09-27,15.49,16.71,15.43,16.64,83802194,1382779240.0
2024-09-30,17.63,18.3,17.19,18.3,95988729,1741481695.0
2024-10-08,20.12,20.12,18.78,20.12,112265617,2244098895.0
2024-10-09,19.84,19.84,18.11,18.11,83197829,1580310505.0
2024-10-10,17.74,18.52,17.24,17.54,56925831,1024251446.0
2024-10-11,17.36,17.45,16.02,16.28,55123916,924778686.0
2024-10-14,16.29,16.65,15.95,16.52,42605556,705338861.0
2024-10-15,16.35,16.54,16.02,16.03,38970710,642188847.0
2024-10-16,15.8,15.96,15.56,15.69,36652646,584265827.0
2024-10-17,15.81,16.04,15.51,15.54,28041729,447274989.0
2024-10-18,15.55,16.73,15.44,16.25,57909432,937752664.0
2024-10-21,16.35,16.79,16.22,16.49,56568442,944250981.0
2024-10-22,16.51,16.93,16.19,16.9,48785748,819594908.0
2024-10-23,17.04,17.8,16.56,17.49,83311735,1449108641.0
2024-10-24,17.24,17.39,16.75,16.81,47454534,815372790.0
2024-10-25,16.81,18.49,16.81,18.49,106457563,1958405091.0
2024-10-28,18.58,18.71,17.93,18.52,98376270,1821298015.0
2024-10-29,18.57,18.85,17.83,17.85,65865185,1213829368.0
2024-10-30,17.58,17.93,17.5,17.75,40661350,728533722.0
2024-10-31,17.75,18.97,17.63,18.69,85092406,1592850306.0
2024-11-01,18.57,19.05,17.87,18.13,56168561,1044436284.0
2024-11-04,17.92,18.64,17.79,18.13,40682690,747412320.0
2024-11-05,18.11,19.95,17.88,19.95,118259269,2318308127.0
2024-11-06,19.96,21.13,19.78,20.43,129804458,2709149135.0
2024-11-07,20.58,21.91,20.45,20.77,97423392,2059281833.0
2024-11-08,21.65,22.84,21.59,21.74,111437026,2497551302.0
2024-11-11,21.04,23.92,21.04,23.92,120265956,2825660110.0
2024-11-12,24.33,25.32,22.72,22.8,138600609,3355059312.0
2024-11-13,22.8,23.71,22.08,23.33,94566122,2186255624.0
2024-11-14,23.34,23.71,21.99,22.04,66663561,1541163473.0
2024-11-15,21.85,22.47,21.49,21.49,57281421,1271653607.0
2024-11-18,21.44,21.99,20.76,20.9,51311189,1110418510.0
2024-11-19,21.06,22.91,20.64,22.62,75251166,1656333511.0
2024-11-20,22.23,22.98,22.13,22.79,68437486,1568247646.0
2024-11-21,22.86,24.7,22.78,24.11,104331297,2531179744.0
2024-11-22,23.71,24.45,23.46,23.49,80752508,1949572098.0
2024-11-25,23.66,25.07,23.66,24.67,89974703,2219598464.0
2024-11-26,24.7,24.7,23.2,23.44,60657082,1454826005.0
2024-11-27,22.94,25.06,22.72,24.71,67141167,1611775552.0
2024-11-28,24.83,24.9,23.95,24.06,43056199,1063014017.0
2024-11-29,23.81,24.7,23.65,24.39,47726109,1175333152.0
2024-12-02,24.2,24.34,23.67,23.88,48668571,1177007344.0
2024-12-03,23.88,23.88,22.98,23.11,43476986,1022774181.0
2024-12-04,22.94,23.33,22.11,22.32,48089617,1097076225.0
2024-12-05,22.33,22.51,22.13,22.28,28917722,652586666.0
2024-12-06,22.23,22.9,21.83,22.71,37902897,862406768.0
2024-12-09,22.57,22.74,22.13,22.48,28825483,654518703.0
2024-12-10,23.31,23.4,22.04,22.11,38530500,881774875.0
2024-12-11,21.93,22.45,21.75,21.88,27676390,617754445.0
2024-12-12,21.77,22.24,21.62,22.0,28072719,622765193.0
2024-12-13,21.83,22.08,21.56,21.86,35577224,788689954.0
2024-12-16,21.86,22.03,20.87,21.02,34261912,738342514.0
2024-12-17,20.9,21.64,20.9,21.25,26805538,579329878.0
2024-12-18,21.25,21.43,21.07,21.16,16044855,344562738.0
2024-12-19,20.9,21.06,20.6,20.78,25756256,541976557.0
2024-12-20,20.83,21.28,20.83,20.99,21100162,449619311.0
2024-12-23,20.95,21.77,20.83,20.84,31966475,686808215.0
2024-12-24,20.84,21.24,20.45,20.81,29261993,615231413.0
2024-12-25,20.94,21.11,20.06,20.17,27140665,559149300.0
2024-12-26,20.1,20.27,19.93,19.98,24412483,495318861.0
2024-12-27,19.97,20.4,19.86,20.04,24508257,499430349.0
2024-12-30,19.93,20.25,19.83,20.12,18965575,384181883.0
2024-12-31,20.12,20.15,19.46,19.48,20083429,399945902.0
2025-01-02,19.48,19.56,18.46,18.62,28466361,545174388.0
2025-01-03,18.63,18.77,17.83,17.96,27859640,515019758.0
2025-01-06,18.24,18.45,17.47,17.6,35051879,633535123.0
2025-01-07,17.6,17.96,17.42,17.92,29428363,528397689.0
2025-01-08,17.86,18.11,17.23,17.61,31278269,555136646.0
2025-01-09,17.44,18.15,17.41,18.05,28870931,525155800.0
2025-01-10,18.06,18.42,17.7,17.7,23537884,429287595.0
2025-01-13,17.49,18.39,17.47,17.89,28248282,514985710.0
2025-01-14,17.89,18.5,17.75,18.39,34853406,642071251.0
2025-01-15,18.37,18.38,17.98,18.09,25079522,460973967.0
2025-01-16,18.16,18.52,17.97,18.22,22119720,408091709.0
2025-01-17,18.14,18.8,18.14,18.46,33574772,629034624.0
2025-01-20,18.63,18.9,18.48,18.6,25765449,485754832.0
2025-01-21,18.68,18.74,18.27,18.52,20748424,387314488.0
2025-01-22,18.38,18.45,18.0,18.1,17312042,318370495.0
2025-01-23,18.28,18.52,17.94,17.94,17706614,327151755.0
2025-01-24,17.88,18.65,17.88,18.33,27433916,509035316.0
2025-01-27,18.39,18.61,18.06,18.06,17247011,319090715.0
2025-02-05,18.21,18.23,17.85,18.0,17078534,311687344.0
2025-02-06,17.92,18.92,17.84,18.79,34988205,656922661.0
2025-02-07,18.87,20.07,18.79,19.69,47520074,944546794.0
2025-02-10,19.77,19.78,19.08,19.42,46077682,899331607.0
2025-02-11,19.43,19.43,18.63,18.77,41787459,795541141.0
2025-02-12,18.69,19.75,18.58,19.37,58306048,1122407314.0
2025-02-13,19.31,19.57,19.12,19.13,43966413,861902352.0
2025-02-14,19.1,19.96,19.1,19.31,40532088,799687446.0
2025-02-17,19.36,19.43,18.77,18.95,42013709,809437829.0
2025-02-18,19.15,19.72,18.98,19.2,61361342,1204445990.0
2025-02-19,19.03,19.32,18.8,19.26,38587719,746237378.0
2025-02-20,19.16,19.2,18.82,19.03,33204436,637998458.0
2025-02-21,19.03,19.62,19.0,19.52,53751240,1057583317.0
2025-02-24,19.84,20.28,19.46,20.02,63604603,1276947850.0
2025-02-25,19.77,20.25,19.59,19.91,44550299,902235251.0
2025-02-26,19.9,20.58,19.9,20.5,50349589,1035046498.0
2025-02-27,20.58,21.4,20.32,21.36,78512029,1663276727.0
2025-02-28,21.14,21.91,20.55,20.63,81700575,1755383684.0
2025-03-03,21.0,22.23,21.0,21.85,95100908,2083776253.0
2025-03-04,21.3,21.33,20.44,20.65,72759462,1524486604.0
2025-03-05,20.55,20.66,20.29,20.55,32747180,677459188.0
2025-03-06,20.6,20.86,20.51,20.63,39372152,824338472.0
2025-03-07,20.42,20.57,19.96,20.16,41498577,847562322.0
2025-03-10,20.07,20.29,19.96,20.17,28120811,572142706.0
2025-03-11,19.96,20.21,19.8,20.15,22068736,447731887.0
2025-03-12,20.16,20.47,20.06,20.21,30769531,631854469.0
2025-03-13,20.24,20.52,19.61,19.72,37554243,760901973.0
2025-03-14,19.56,20.0,19.32,19.9,32504461,649086482.0
2025-03-17,19.92,20.13,19.77,19.88,27095960,547058055.0
2025-03-18,19.92,20.2,19.91,20.05,26813545,544212970.0
2025-03-19,20.01,20.02,19.72,19.8,21662777,435013662.0
2025-03-20,19.79,19.79,19.44,19.45,21368660,424104008.0
2025-03-21,19.42,19.53,18.94,19.04,23569269,457251782.0
2025-03-24,19.01,19.22,18.78,19.17,19673647,378067245.0
2025-03-25,19.17,19.41,19.0,19.26,17268852,335680602.0
2025-03-26,19.17,19.32,19.07,19.08,13342962,259229973.0
2025-03-27,19.02,19.16,18.77,18.95,15940880,305494376.0
2025-03-28,18.95,19.07,18.77,18.77,12434596,237525054.0
2025-03-31,18.65,18.73,18.19,18.41,18337814,341922601.0
2025-04-01,18.49,18.67,18.38,18.4,13029922,243940432.0
2025-04-02,18.39,18.69,18.33,18.56,11135243,209158791.0
2025-04-03,18.35,18.61,18.25,18.36,11931918,222215257.0
2025-04-07,16.75,17.3,16.52,16.52,26123404,440132010.0
2025-04-08,16.25,16.67,15.76,15.97,33951378,553122771.0
2025-04-09,15.65,16.55,15.18,16.38,31365344,504392438.0
2025-04-10,16.69,17.04,16.57,16.57,25016050,424415710.0
2025-04-11,16.43,16.84,16.38,16.73,18753890,316866335.0
2025-04-14,16.87,17.09,16.73,16.83,20367290,348762866.0
2025-04-15,16.88,17.29,16.79,17.0,22736939,392962633.0
2025-04-16,16.93,16.98,16.4,16.62,20667812,347876481.0
2025-04-17,16.49,16.7,16.46,16.46,11644786,195250056.0
2025-04-18,16.38,16.6,16.34,16.56,10371739,172865556.0
2025-04-21,16.55,16.94,16.3,16.94,16104073,273796818.0
2025-04-22,16.88,16.95,16.79,16.82,10828898,184728733.0
2025-04-23,17.16,17.19,16.87,16.98,14958024,257402828.0
2025-04-24,17.05,17.25,16.82,16.84,18749014,323153079.0
2025-04-25,16.79,17.02,16.74,16.88,13416421,229522148.0
2025-04-28,16.84,16.85,16.5,16.54,14181035,238431211.0
2025-04-29,16.5,16.78,16.46,16.68,11095830,187245808.0
2025-04-30,16.66,17.57,16.64,17.27,33079838,577045751.0
2025-05-06,17.27,17.53,17.22,17.53,20223266,356750005.0
2025-05-07,17.76,17.83,17.31,17.45,18729444,331762522.0
2025-05-08,17.4,17.88,17.35,17.69,19549954,349532948.0
2025-05-09,17.58,17.61,17.3,17.57,15064237,266235654.0
2025-05-12,17.71,18.25,17.64,18.23,32049024,583950090.0
2025-05-13,18.43,18.43,17.96,18.0,20661127,378885723.0
2025-05-14,17.96,18.17,17.93,18.15,15670296,286288692.0
2025-05-15,18.01,18.03,17.67,17.67,15399813,277339790.0
2025-05-16,17.62,17.8,17.6,17.67,9612324,172330060.0
2025-05-19,17.61,17.71,17.39,17.7,10334353,183664203.0
2025-05-20,17.68,17.76,17.54,17.69,10273467,183596700.0
2025-05-21,17.66,18.1,17.58,17.87,25681341,466084352.0
2025-05-22,17.88,17.91,17.43,17.47,17275752,306154257.0
2025-05-23,17.39,17.73,17.1,17.1,21603212,377998311.0
2025-05-26,17.04,17.21,16.97,17.11,12567824,215856242.0
2025-05-27,17.09,17.31,16.95,17.15,11305608,194790049.0
2025-05-28,17.16,17.18,16.83,16.85,11022061,188232556.0
2025-05-29,16.79,17.07,16.77,17.04,11694536,199463493.0
2025-05-30,16.99,17.04,16.74,16.74,9692864,164156862.0
2025-06-03,16.78,17.2,16.7,16.89,13937921,238284224.0
2025-06-04,16.95,17.47,16.94,17.21,21082970,365959029.0
2025-06-05,17.21,17.25,16.97,17.21,11511895,198200169.0
2025-06-06,17.21,17.33,17.09,17.11,12321339,213238092.0
2025-06-09,17.11,17.42,17.09,17.26,14998342,261011231.0
2025-06-10,17.31,17.6,17.03,17.21,23462504,409901286.0
2025-06-11,17.16,17.63,17.13,17.38,22274189,391744002.0
2025-06-12,17.39,17.5,17.19,17.4,16481883,287199091.0
2025-06-13,17.26,17.39,16.97,17.02,17972257,309510561.0
2025-06-16,16.92,17.04,16.72,16.83,19509354,330669309.0
2025-06-17,16.84,17.21,16.79,17.0,21733708,372668050.0
2025-06-18,16.98,16.98,16.6,16.82,18583742,313023606.0
2025-06-19,16.75,17.14,16.65,16.7,20487765,348513735.0
2025-06-20,16.59,17.09,16.5,16.51,23904668,404085821.0
2025-06-23,16.41,16.93,16.39,16.84,21310535,359790068.0
2025-06-24,16.95,17.71,16.89,17.7,51504460,904449682.0
2025-06-25,17.85,18.14,17.76,18.05,44562496,805582293.0
2025-06-26,18.04,18.61,17.88,18.11,50907878,937816286.0
2025-06-27,18.18,18.55,17.92,17.97,34405479,627697311.0
2025-06-30,18.0,18.22,17.81,18.0,23463382,424253763.0
2025-07-01,18.08,18.08,17.52,17.83,26402909,471543134.0
2025-07-02,17.76,18.24,17.56,18.07,35712077,644248755.0
2025-07-03,18.08,19.07,17.77,18.82,78810676,1471231238.0
2025-07-04,18.77,18.79,18.4,18.48,43362849,809698605.0
2025-07-07,18.37,18.54,18.24,18.29,22663948,418599540.0
2025-07-08,18.28,18.72,18.21,18.58,33018187,615855440.0
2025-07-09,18.58,18.59,18.17,18.23,29259136,540845372.0
2025-07-10,18.1,18.35,18.03,18.31,20221632,370575679.0
2025-07-11,18.27,18.63,18.08,18.35,31645832,586228423.0
2025-07-14,18.54,18.94,18.4,18.52,34958712,656103868.0
2025-07-15,18.46,18.6,18.12,18.28,25176465,464309590.0
2025-07-16,18.25,18.34,18.08,18.16,15885000,290970178.0
2025-07-17,18.58,19.33,18.36,19.33,78331024,1482693582.0
2025-07-18,19.37,19.54,19.02,19.2,53699487,1039747449.0
2025-07-21,19.2,19.24,18.95,19.07,34685403,664863797.0
2025-07-22,19.07,19.32,18.99,19.19,40742705,786131360.0
2025-07-23,19.27,19.5,19.0,19.0,46690629,902824518.0
2025-07-24,19.0,19.86,18.96,19.77,62517132,1229896022.0
2025-07-25,19.78,20.24,19.69,19.71,46750066,933975166.0
2025-07-28,19.62,20.02,19.44,19.81,34789707,692602592.0
2025-07-29,19.75,19.91,19.52,19.69,28383237,562187025.0
2025-07-30,19.72,19.74,19.2,19.38,28860495,565856338.0
2025-07-31,19.23,19.38,18.67,18.76,38140914,728712789.0
2025-08-01,18.76,19.06,18.68,18.8,21917190,415535261.0
2025-08-04,18.7,18.82,18.54,18.82,19523090,367255398.0
2025-08-05,18.83,19.23,18.78,18.93,24473594,467078332.0
2025-08-06,18.92,19.67,18.82,19.33,34252562,663948775.0
2025-08-07,19.27,19.37,18.95,19.07,25228236,485322317.0
2025-08-08,18.98,19.12,18.83,18.85,19793931,376860282.0
2025-08-11,19.2,20.04,19.08,20.02,76779177,1517346895.0
2025-08-12,19.93,19.94,19.45,19.69,46524197,918629405.0
2025-08-13,19.65,19.81,19.56,19.72,30882521,611706019.0
2025-08-14,19.72,19.79,19.15,19.32,33798634,662020040.0
2025-08-15,19.23,20.14,19.19,20.07,57048748,1141026960.0
2025-08-18,20.3,20.54,20.16,20.34,54748135,1119949654.0
2025-08-19,20.29,20.61,19.97,20.46,52912830,1083669581.0
2025-08-20,20.32,20.53,20.09,20.53,42013503,859274625.0
2025-08-21,20.73,20.81,20.07,20.19,43743721,896036526.0
2025-08-22,20.09,20.43,20.03,20.27,43312145,882737936.0
2025-08-25,20.51,21.14,20.36,20.81,66040523,1375703321.0
2025-08-26,20.76,20.83,20.56,20.71,35017382,729409668.0
2025-08-27,20.65,21.19,20.17,20.19,60524888,1262469811.0
2025-08-28,20.09,20.42,19.68,20.34,48670165,986877893.0
2025-08-29,20.26,21.68,20.26,21.37,93316164,1988689016.0
2025-09-01,21.59,21.94,21.36,21.75,78119666,1702325759.0
2025-09-02,21.72,22.09,21.44,21.58,74619478,1629764230.0
2025-09-03,21.75,22.19,21.42,21.68,70409690,1545930833.0
2025-09-04,21.84,23.39,21.81,23.0,145497919,3343783465.0
2025-09-05,23.15,25.3,22.8,25.3,124590895,3095190723.0
2025-09-08,27.69,27.83,26.52,27.83,156237429,4297504124.0
2025-09-09,28.53,30.48,28.33,28.72,278835938,8219673256.0
2025-09-10,27.44,28.7,27.44,27.6,192311870,5403946689.0
2025-09-11,27.51,28.75,27.04,28.45,172154815,4878830323.0
2025-09-12,28.59,29.25,27.62,27.85,146525828,4156084777.0
2025-09-15,28.16,30.64,28.16,30.64,59684001,1805518092.0
2025-09-16,30.6,30.77,28.93,29.67,196650872,5878807481.0
2025-09-17,29.93,30.3,28.83,29.48,149833692,4451380448.0
2025-09-18,29.13,31.99,28.5,31.06,203979638,6166598713.0
2025-09-19,30.79,32.56,30.3,31.09,180678076,5758265761.0
2025-09-22,30.77,31.35,29.53,30.04,126452667,3819255333.0
2025-09-23,30.64,31.49,29.81,31.1,125312675,3859980016.0
2025-09-24,30.97,34.06,30.2,33.13,177418428,5785663109.0
2025-09-25,33.12,33.77,32.31,32.38,139050824,4617059382.0
2025-09-26,31.9,34.77,31.9,33.94,165775325,5542530781.0
2025-09-29,34.77,37.34,34.77,37.34,217670839,8076890033.0
2025-09-30,36.75,39.83,36.24,37.92,205340692,7745189766.0
2025-10-09,38.59,39.56,37.54,38.53,154261864,5963638034.0
2025-10-10,37.75,37.93,34.68,35.09,151723512,5468601730.0
2025-10-13,33.34,37.41,33.34,37.04,141173090,5132451367.0
2025-10-14,37.15,37.44,34.06,34.33,127567832,4615402886.0
2025-10-15,34.77,35.05,33.07,34.46,97393340,3316171955.0
2025-10-16,34.48,36.5,34.48,35.02,107108439,3825317447.0
2025-10-17,34.84,36.36,33.97,34.12,81145847,2851055391.0
2025-10-20,34.82,35.76,33.66,34.59,82231509,2889197778.0
2025-10-21,35.22,35.63,34.49,34.76,79727533,2812653046.0
2025-10-22,34.42,34.58,32.57,32.7,100895990,3359964778.0
2025-10-23,32.72,33.75,32.04,33.44,89737340,2963435154.0
2025-10-24,33.44,34.12,33.27,34.01,70006702,2378697342.0
2025-10-27,34.4,35.62,34.25,35.01,99829996,3517321422.0
2025-10-28,35.15,37.75,34.59,36.99,153513654,5634430540.0
2025-10-29,36.61,39.17,36.28,38.74,135878811,5135343801.0
2025-10-30,38.92,41.82,38.51,40.67,169658367,6884169469.0
2025-10-31,41.49,44.44,39.61,39.61,217974663,9253049612.0
2025-11-03,40.41,41.0,38.49,40.04,152859896,6100885722.0
2025-11-04,40.64,41.08,39.04,39.3,104901238,4227971779.0
2025-11-05,38.0,40.7,37.55,39.92,119900918,4739554302.0
2025-11-06,39.82,41.04,39.33,39.73,96477109,3881849468.0
2025-11-07,42.72,43.7,41.52,43.42,224732605,9686441503.0
2025-11-10,43.71,46.59,43.42,44.69,247198611,11197719765.0
2025-11-11,43.21,45.89,43.21,43.31,176755658,7845589968.0
2025-11-12,42.22,43.21,40.23,42.63,166092966,6943043055.0
2025-11-13,43.21,46.89,42.91,46.89,143249114,6609097394.0
2025-11-14,48.67,49.45,46.27,46.3,231478254,11120758661.0
2025-11-17,47.06,47.93,45.0,47.27,191991805,8979246239.0
2025-11-18,46.46,46.49,42.55,42.55,172877509,7626564007.0
2025-11-19,42.27,44.67,41.77,44.55,157784756,6827110407.0
2025-11-20,45.18,47.55,43.99,44.04,179333157,8278993606.0
2025-11-21,41.72,42.71,39.65,39.65,159117478,6514920033.0
2025-11-24,39.54,39.6,37.01,38.25,128829431,4959460171.0
2025-11-25,38.25,40.33,37.48,39.91,134243747,5282977771.0
2025-11-26,39.52,39.97,38.74,39.31,86151600,3408603983.0
2025-11-27,39.24,41.32,39.24,40.37,108419325,4424796034.0
2025-11-28,40.21,41.65,39.86,40.98,93088748,3831059052.0
2025-12-01,41.2,43.98,41.18,42.11,137777051,5904464256.0
2025-12-02,41.12,42.02,40.65,40.75,74381617,3067769796.0
2025-12-03,40.84,41.57,39.11,39.72,73940854,2974211696.0
2025-12-04,39.49,39.69,38.82,38.99,47701546,1879944037.0
2025-12-05,38.99,39.18,38.2,38.33,55149791,2141820426.0
2025-12-08,37.71,39.93,37.47,39.54,79350063,3111417281.0
2025-12-09,39.22,40.68,38.45,39.7,70442968,2817649869.0
2025-12-10,39.64,40.14,38.39,39.43,61478180,2428820229.0
2025-12-11,39.84,40.93,39.24,39.44,78921458,3185014758.0
2025-12-12,39.84,39.96,36.61,37.98,105409129,4009828369.0
2025-12-15,37.7,38.81,37.48,37.87,50024423,1917229108.0
2025-12-16,37.86,38.12,36.31,37.01,52068038,1939697433.0
2025-12-17,37.52,40.1,37.4,39.72,116397071,4571165001.0
2025-12-18,39.64,39.99,37.88,37.98,73362315,2871064386.0
2025-12-19,38.16,38.39,37.23,37.79,58543324,2225234258.0
2025-12-22,37.94,38.99,37.88,38.57,59882481,2326653902.0
2025-12-23,38.81,42.43,38.64,42.19,186099615,7754116873.0
2025-12-24,42.2,44.1,42.2,43.24,144871686,6292683568.0
2025-12-25,42.33,43.22,41.74,42.75,77162166,3293997600.0
2025-12-26,43.76,46.1,43.05,45.44,149721428,6717399584.0
2025-12-29,44.7,44.92,42.64,43.71,121076871,5330825351.0
2025-12-30,42.76,45.2,42.16,45.06,103638508,4571577166.0
2025-12-31,45.2,46.52,44.83,46.02,113403707,5222626399.0
2026-01-05,48.28,48.56,45.7,47.72,171700690,8163167223.0
2026-01-06,47.19,48.82,46.29,47.13,139462069,6648739103.0
2026-01-07,47.14,47.67,44.7,45.19,144630496,6665891130.0
2026-01-08,44.74,45.43,43.64,44.11,93442801,4174619933.0
2026-01-09,43.72,45.0,43.32,44.15,74867296,3344263939.0
2026-01-12,44.33,45.2,42.96,43.65,98695149,4341248846.0
2026-01-13,43.67,44.72,43.06,43.31,92772410,4088580056.0
2026-01-14,42.97,43.76,42.27,42.81,86829260,3757966434.0
2026-01-15,42.44,44.73,42.28,43.87,93047847,4124491402.0
2026-01-16,43.88,44.63,43.42,43.62,69534140,3066418874.0
2026-01-19,43.26,44.29,43.12,43.44,56552381,2484640409.0
2026-01-20,43.86,44.03,41.87,42.88,62831782,2702848017.0
2026-01-21,42.76,43.76,42.55,43.23,48107127,2097784325.0
2026-01-22,43.28,44.25,42.95,43.35,48508952,2116214707.0
2026-01-23,43.38,44.15,43.29,44.01,66976642,2952771715.0
2026-01-26,44.49,44.52,43.11,43.17,60901087,2675606193.0
2026-01-27,42.93,43.36,39.54,41.37,94845178,3891011865.0
2026-01-28,41.19,41.95,40.78,41.6,53738560,2232307643.0
2026-01-29,41.55,42.17,40.73,40.92,49663297,2055357954.0
2026-01-30,40.72,40.85,39.33,40.49,45279103,1834364009.0
2026-02-02,40.34,41.27,39.8,39.82,40300172,1645917116.0
2026-02-03,40.28,40.61,39.53,40.57,41621768,1677350015.0
2026-02-04,40.58,40.61,39.48,40.13,33690493,1351938401.0
2026-02-05,39.87,40.23,38.93,39.13,33488439,1326335592.0
2026-02-06,38.66,42.25,38.49,41.55,88983454,3684832237.0
2026-02-09,41.87,41.91,40.58,41.12,53941280,2224088296.0
2026-02-10,40.91,41.2,40.53,40.68,27841984,1140556651.0
2026-02-11,40.66,41.58,40.44,41.28,48167409,1995654539.0
2026-02-12,40.77,41.92,40.28,41.77,48453902,2021095627.0
2026-02-13,41.31,43.75,41.31,43.01,67298689,2909170588.0
2026-02-24,43.44,44.06,42.82,43.13,53389979,2325017548.0
2026-02-25,43.13,44.72,43.12,43.76,73402416,3245665552.0
2026-02-26,44.43,44.43,41.98,42.16,74384234,3188983328.0
2026-02-27,41.87,42.4,41.49,42.05,41369053,1743166042.0
2026-03-02,40.91,42.16,40.82,41.16,43196252,1794205891.0
2026-03-03,41.16,41.77,40.18,40.4,51864560,2135183817.0
2026-03-04,40.14,41.12,39.87,40.33,33844869,1376580789.0
2026-03-05,41.01,43.02,41.01,41.96,69203678,2929285263.0
2026-03-06,42.38,42.76,41.15,41.67,41466618,1739335363.0
2026-03-09,40.42,43.22,39.29,43.12,86660734,3634127263.0
2026-03-10,44.38,45.75,44.38,44.9,128128620,5798411972.0
2026-03-11,45.3,48.96,44.73,48.52,163564110,7777545797.0
2026-03-12,47.74,49.0,47.29,48.36,110973082,5365842471.0
2026-03-13,48.1,50.72,47.81,48.5,127964190,6341012443.0
2026-03-16,48.76,49.49,47.24,47.59,83902959,4051444235.0
2026-03-17,47.69,48.06,45.11,45.33,77834064,3603033105.0
2026-03-18,45.66,45.73,43.49,44.09,62125811,2751924555.0
2026-03-19,43.3,43.49,40.8,41.13,84346845,3548552604.0
2026-03-20,41.28,44.91,40.88,42.56,114925990,4955266277.0
2026-03-23,41.81,44.74,41.81,43.05,105994889,4624371851.0
2026-03-24,43.76,44.08,40.87,43.22,89823190,3841199413.0
2026-03-25,43.55,43.63,41.95,43.02,78808610,3389200009.0
2026-03-26,42.8,45.99,42.67,44.24,121667304,5469278450.0
2026-03-27,43.66,46.62,43.39,45.86,141449093,6453344086.0
2026-03-30,46.97,48.28,45.64,47.9,152757355,7261860236.0
2026-03-31,47.24,47.72,45.45,45.75,100265754,4667414621.0
2026-04-01,46.25,46.73,44.25,45.5,91060804,4146391032.0
2026-04-02,44.87,46.54,44.2,44.56,73165132,3317637899.0
2026-04-03,44.82,45.72,42.47,43.24,72301032,3152478284.0
2026-04-07,43.42,44.41,42.76,43.46,56003041,2445874855.0
2026-04-08,44.05,45.05,43.57,44.73,78140415,3498861568.0
2026-04-09,44.56,45.15,42.53,43.65,81436993,3590546949.0
2026-04-10,44.01,46.48,43.61,46.46,153572838,6997063298.0
2026-04-13,45.63,47.0,45.45,46.45,112775558,5259652522.0
2026-04-14,46.84,49.23,46.64,49.08,127299978,6121050137.0
2026-04-15,49.08,49.71,47.21,47.74,124070956,6026078644.0
2026-04-16,48.23,49.7,47.56,48.89,105752036,5188103494.0
2026-04-17,48.73,50.38,48.38,48.52,113753408,5631650559.0
2026-04-20,48.23,49.38,47.32,49.38,92705252,4530492390.0
2026-04-21,49.53,53.32,48.01,52.5,159342659,8145538197.0
2026-04-22,52.5,53.7,51.3,51.81,127368977,6698098520.0
2026-04-23,51.8,52.09,48.75,49.14,128490710,6437149571.0
2026-04-24,49.15,53.92,48.33,52.75,155398215,7951807299.0
2026-04-27,52.79,55.09,51.96,54.96,147046184,7906351813.0
2026-04-28,56.19,56.69,53.46,53.93,161885515,8934193330.0
2026-04-29,54.12,59.32,53.58,59.32,180574439,10300775598.0
2026-04-30,59.59,61.0,58.53,60.51,182189153,10899512868.0
2026-05-06,60.58,64.98,59.13,64.0,173841368,10742790230.0
2026-05-07,63.66,63.7,61.0,62.8,150403801,9353575277.0
2026-05-08,61.62,63.4,58.34,58.41,175322755,10577172684.0
2026-05-11,58.2,60.43,57.61,59.56,127793610,7568735014.0
2026-05-12,59.24,59.8,56.05,58.59,139191642,8014123322.0
2026-05-13,57.73,58.48,57.02,57.92,97725037,5639859398.0
2026-05-14,57.9,59.0,55.51,55.51,110527520,6343435317.0
2026-05-15,55.89,58.8,55.89,57.54,134661237,7783295340.0
2026-05-18,56.22,57.27,54.5,55.97,99732817,5583071877.0
2026-05-19,55.66,55.89,53.15,54.44,96314049,5214622519.0
2026-05-20,54.88,59.2,54.0,58.0,138308705,7828138715.0
2026-05-21,58.02,60.4,57.22,57.71,155110943,9166039811.0
2026-05-22,57.71,58.89,55.81,58.08,110962511,6410156073.0
2026-05-25,57.4,57.7,52.27,53.07,164185777,8860670228.0
2026-05-26,51.95,53.44,51.4,51.99,95109330,4973962741.0
2026-05-27,52.66,55.17,52.66,53.46,107095061,5767777410.0
2026-05-28,52.89,53.99,50.3,51.89,90093847,4631706933.0
2026-05-29,51.6,53.87,50.61,52.03,104478673,5473775607.0
2026-06-01,52.08,54.2,51.51,51.73,81540934,4312182816.0
2026-06-02,52.99,53.28,50.84,52.11,66939949,3474129124.0
2026-06-03,51.45,52.19,50.86,51.3,67816353,3491286774.0
2026-06-04,50.4,50.46,49.18,49.4,91076601,4516274453.0
2026-06-05,49.17,50.44,48.29,48.62,83873038,4131679625.0
2026-06-08,47.51,48.96,46.05,46.91,76359240,3619407781.0
2026-06-09,47.71,48.47,46.0,47.97,79274639,3733488881.0
2026-06-10,47.39,48.19,46.5,46.9,60241354,2848396374.0
2026-06-11,47.0,49.4,46.38,48.46,105495557,5058523778.0
2026-06-12,48.6,50.61,47.88,49.64,123356371,6079916285.0
2026-06-15,50.0,50.31,48.57,49.02,108918745,5357028595.0
2026-06-16,49.35,52.65,48.47,52.28,141688473,7209801101.0
2026-06-17,51.75,53.38,51.51,52.85,114858578,6019294292.0
2026-06-18,52.5,53.85,51.14,51.61,106371650,5551427732.0
2026-06-22,50.5,56.6,49.09,55.92,173664396,9228374549.0
2026-06-23,55.61,56.1,53.88,54.04,118438256,6493984992.0
2026-06-24,54.02,56.91,52.65,56.34,127691035,7029692929.0
2026-06-25,55.71,56.48,55.0,55.2,94323841,5233383526.0
2026-06-26,55.21,55.95,49.96,50.01,114134436,6038579985.0
2026-06-29,50.48,52.22,49.16,50.91,91269689,4632155572.0
2026-06-30,50.5,52.45,50.31,51.43,88210823,4535569900.0
2026-07-01,51.99,54.87,49.5,54.47,154400060,8120237468.0
2026-07-02,53.39,56.8,53.07,54.84,143323592,7903920505.0
2026-07-03,54.84,55.38,53.08,54.04,95574247,5153470000.0
2026-07-06,52.2,52.79,48.64,49.0,113146735,5744534491.0
2026-07-07,48.81,50.25,48.5,49.54,58291960,2877445793.0
2026-07-08,48.81,49.07,44.59,44.59,101281639,4638318544.0
2026-07-09,44.08,44.5,40.13,41.46,150160921,6228845212.0
2026-07-10,43.54,44.34,39.9,40.06,135428467,5708737280.0
2026-07-13,39.28,39.49,37.01,37.19,106424312,4042299205.0
2026-07-14,37.19,38.4,36.39,38.17,78864101,2959524368.0
2026-07-15,38.31,38.93,37.45,37.55,63055052,2407439652.0
2026-07-16,37.2,37.73,36.33,36.61,56158487,2078580904.0
2026-07-17,36.4,36.98,35.15,35.62,69666531,2511119966.0
2026-07-20,35.56,35.67,32.6,33.41,88829657,3025841939.0
2026-07-21,33.79,36.14,33.2,36.09,91235313,3166012411.0
2026-07-22,35.95,36.88,35.09,35.26,69253125,2492300560.0
2026-07-23,35.41,37.48,35.18,37.44,85668410,3144044254.0
2026-07-24,36.92,38.85,36.82,36.83,92330452,3491334124.0
2026-07-27,37.45,38.68,37.03,38.29,78766837,2982667432.0
2026-07-28,37.68,38.88,37.05,37.29,69089873,2598850737.0
2026-07-29,37.05,37.93,34.75,36.79,79826911,2903613141.0
2026-07-30,36.77,37.1,35.52,35.68,59454438,2156664733.0
2026-07-31,36.48,37.5,35.74,35.74,71315573,2608860384.0
2026-08-03,35.75,36.37,34.89,35.94,45212122,1615777784.0
2026-08-04,35.98,37.26,35.94,37.11,53424215,1969227821.0
2026-08-05,37.12,39.07,37.12,39.05,81105629,3127338472.0
2026-08-06,39.06,39.35,38.35,39.25,78413636,3049601976.0
