timestamps,open,high,low,close,volume,amount
2012-05-11,3.62,3.72,3.44,3.6,15893663,548033088.0
2012-05-14,3.63,3.77,3.53,3.64,13807934,483923968.0
2012-05-15,3.62,3.67,3.53,3.53,6733565,234771040.0
2012-05-16,3.61,3.8,3.57,3.68,8658342,309030880.0
2012-05-17,3.68,3.76,3.63,3.69,5311422,189830464.0
2012-05-18,3.62,3.62,3.51,3.54,5904134,204067472.0
2012-05-21,3.56,3.56,3.36,3.4,4715693,157107904.0
2012-05-22,3.42,3.47,3.39,3.44,2336002,77623688.0
2012-05-23,3.42,3.49,3.38,3.48,2814233,93416312.0
2012-05-24,3.48,3.63,3.45,3.51,4253316,146301600.0
2012-05-25,3.5,3.54,3.41,3.44,2506967,84183224.0
2012-05-28,3.47,3.67,3.47,3.64,4373947,152495040.0
2012-05-29,3.6,3.77,3.59,3.68,4272282,152780960.0
2012-05-30,3.66,3.87,3.65,3.81,4248837,155474080.0
2012-05-31,3.8,3.87,3.78,3.8,3692277,136678464.0
2012-06-01,3.8,3.98,3.78,3.93,3790055,143069216.0
2012-06-04,3.87,4.11,3.87,3.94,4707307,181866688.0
2012-06-05,3.98,4.01,3.9,3.97,2744567,104841928.0
2012-06-06,3.99,4.02,3.87,3.9,2410146,91696672.0
2012-06-07,4.03,4.15,3.95,3.98,3870972,151778944.0
2012-06-08,3.98,4.02,3.85,3.85,3566859,135726128.0
2012-06-11,3.84,4.07,3.81,4.07,2855079,108850128.0
2012-06-12,4.02,4.16,4.0,4.0,3263561,128948456.0
2012-06-13,4.02,4.17,3.98,4.16,2627990,104103808.0
2012-06-14,4.14,4.18,4.01,4.01,3303221,130500848.0
2012-06-15,4.01,4.14,3.95,4.14,2842180,111213952.0
2012-06-18,4.14,4.17,4.11,4.13,1974751,79129712.0
2012-06-19,4.12,4.12,4.01,4.03,2169002,85005000.0
2012-06-20,4.04,4.07,3.95,3.97,1761668,68122344.0
2012-06-21,3.96,4.02,3.94,4.0,1493724,57565536.0
2012-06-25,3.97,4.0,3.79,3.79,2055673,77149832.0
2012-06-26,3.77,3.77,3.64,3.69,2000171,71767456.0
2012-06-27,3.69,3.84,3.68,3.72,2257996,82238104.0
2012-06-28,3.72,3.76,3.66,3.66,1690828,60703748.0
2012-06-29,3.63,3.78,3.6,3.77,2170591,77264648.0
2012-07-02,3.78,3.82,3.71,3.79,2107741,76675944.0
2012-07-03,3.77,3.88,3.75,3.81,1906355,70505112.0
2012-07-04,3.83,3.96,3.83,3.86,1987500,74941176.0
2012-07-05,3.62,3.62,3.48,3.48,2667162,90500272.0
2012-07-06,3.41,3.41,3.15,3.23,5019569,158542816.0
2012-07-09,3.2,3.22,3.14,3.16,2390925,73377496.0
2012-07-10,3.13,3.18,3.03,3.09,2617503,78181432.0
2012-07-11,3.07,3.09,3.03,3.08,1363654,40413092.0
2012-07-12,3.08,3.12,3.01,3.09,2434537,72224976.0
2012-07-13,3.08,3.18,3.02,3.04,3037710,91122720.0
2012-07-16,2.97,2.97,2.73,2.73,2380614,64373128.0
2012-07-17,2.65,2.73,2.61,2.7,1884709,48778152.0
2012-07-18,2.69,2.75,2.64,2.73,1360530,35225372.0
2012-07-19,2.73,2.82,2.71,2.76,1787065,48000108.0
2012-07-20,2.75,2.79,2.73,2.73,1016850,27141474.0
2012-07-23,2.68,2.77,2.64,2.76,1095352,28634984.0
2012-07-24,2.72,2.81,2.7,2.78,1071294,28752658.0
2012-07-25,2.78,2.86,2.74,2.76,1204228,32604792.0
2012-07-26,2.76,2.8,2.71,2.72,994672,26486666.0
2012-07-27,2.75,2.77,2.72,2.77,1038557,27624238.0
2012-07-30,2.78,2.81,2.61,2.61,1361898,35687728.0
2012-07-31,2.58,2.6,2.46,2.48,1575842,38270640.0
2012-08-01,2.48,2.56,2.48,2.53,884431,21617626.0
2012-08-02,2.53,2.54,2.47,2.49,772749,18686982.0
2012-08-03,2.5,2.74,2.49,2.74,3185722,82803584.0
2012-08-06,2.68,2.79,2.67,2.77,2528563,66992116.0
2012-08-07,2.75,2.84,2.74,2.79,2588162,69989432.0
2012-08-08,2.77,3.01,2.76,2.88,3104494,87150200.0
2012-08-09,2.87,2.94,2.86,2.93,2562314,72080008.0
2012-08-10,2.93,2.93,2.83,2.92,2531482,70593736.0
2012-08-13,2.79,2.79,2.63,2.63,3563396,93858616.0
2012-08-14,2.59,2.7,2.59,2.69,2002175,51292756.0
2012-08-15,2.68,2.68,2.59,2.59,1732785,44036444.0
2012-08-16,2.58,2.59,2.5,2.52,2306476,56768712.0
2012-08-17,2.52,2.62,2.51,2.59,1879193,46744684.0
2012-08-20,2.56,2.6,2.52,2.58,1484295,36699436.0
2012-08-21,2.58,2.67,2.57,2.64,2191461,55774320.0
2012-08-22,2.63,2.65,2.56,2.58,2447142,61696672.0
2012-08-23,2.57,2.65,2.55,2.65,2777485,69841008.0
2012-08-24,2.64,2.64,2.55,2.56,1943646,48729788.0
2012-08-27,2.53,2.53,2.34,2.36,3018393,69949344.0
2012-08-28,2.36,2.43,2.34,2.4,1673446,38599736.0
2012-08-29,2.38,2.46,2.37,2.41,1766156,41463200.0
2012-08-30,2.5,2.65,2.48,2.65,7144860,181693760.0
2012-08-31,2.66,2.68,2.58,2.65,5579748,142451952.0
2012-09-03,2.6,2.72,2.55,2.71,5670319,144473888.0
2012-09-04,2.75,2.85,2.68,2.68,6353652,170545984.0
2012-09-05,2.59,2.67,2.57,2.63,3419330,86757296.0
2012-09-06,2.63,2.68,2.62,2.67,2445162,62740672.0
2012-09-07,2.63,2.78,2.6,2.74,6077965,155375984.0
2012-09-10,2.73,2.81,2.7,2.77,4214598,110582992.0
2012-09-11,2.75,2.76,2.71,2.74,2739583,70985432.0
2012-09-12,2.76,2.82,2.73,2.79,3131295,82437744.0
2012-09-13,2.79,2.91,2.78,2.82,5248593,142288192.0
2012-09-14,2.81,2.84,2.71,2.75,3504663,92318936.0
2012-09-17,2.75,2.75,2.57,2.57,2981680,74668376.0
2012-09-18,2.54,2.6,2.53,2.55,1380639,33594324.0
2012-09-19,2.55,2.59,2.55,2.59,976078,23784390.0
2012-09-20,2.59,2.59,2.42,2.43,2136910,50396856.0
2012-09-21,2.43,2.47,2.39,2.4,1324791,30604104.0
2012-09-24,2.4,2.45,2.34,2.42,1073856,24361268.0
2012-09-25,2.41,2.44,2.37,2.38,845930,19244500.0
2012-09-26,2.37,2.39,2.26,2.28,1297697,28641500.0
2012-09-27,2.29,2.36,2.26,2.34,1275648,28122504.0
2012-09-28,2.32,2.4,2.32,2.39,1226019,27549810.0
2012-10-08,2.37,2.42,2.36,2.38,1154774,26077838.0
2012-10-09,2.37,2.47,2.37,2.46,1570726,36357500.0
2012-10-10,2.45,2.5,2.44,2.48,1211071,28387262.0
2012-10-11,2.46,2.46,2.38,2.39,1749498,40126392.0
2012-10-12,2.37,2.42,2.32,2.34,1313863,29495112.0
2012-10-15,2.33,2.33,2.13,2.18,3085447,64483932.0
2012-10-16,2.19,2.22,2.16,2.19,1391256,29132156.0
2012-10-17,2.2,2.22,2.15,2.21,1201958,25000004.0
2012-10-18,2.21,2.25,2.2,2.24,1316017,27925896.0
2012-10-19,2.24,2.26,2.22,2.25,1161425,24644132.0
2012-10-22,2.24,2.26,2.22,2.26,975498,20750776.0
2012-10-23,2.25,2.26,2.19,2.19,1423821,30007858.0
2012-10-24,2.16,2.21,2.16,2.18,816211,16908020.0
2012-10-25,2.19,2.26,2.18,2.2,1648651,34857824.0
2012-10-26,2.21,2.22,2.12,2.13,1500807,30610624.0
2012-10-29,2.15,2.19,2.14,2.14,1398457,28780856.0
2012-10-30,2.14,2.16,2.12,2.13,782656,15873500.0
2012-10-31,2.13,2.13,2.08,2.11,1019510,20301504.0
2012-11-01,2.11,2.16,2.1,2.15,1181760,23997692.0
2012-11-02,2.16,2.2,2.15,2.17,1127387,23206048.0
2012-11-05,2.16,2.17,2.12,2.13,893813,18156528.0
2012-11-06,2.14,2.22,2.13,2.22,2509839,51942068.0
2012-11-07,2.21,2.23,2.18,2.19,1375296,28731016.0
2012-11-08,2.16,2.16,2.08,2.08,1882556,37753476.0
2012-11-09,2.07,2.1,2.07,2.09,803079,15855456.0
2012-11-12,2.1,2.11,2.08,2.1,624821,12431119.0
2012-11-13,2.1,2.22,2.07,2.15,2905408,59964160.0
2012-11-14,2.14,2.21,2.12,2.2,2145280,44370264.0
2012-11-15,2.18,2.19,2.11,2.12,1359603,27821452.0
2012-11-16,2.1,2.14,2.09,2.13,827919,16649060.0
2012-11-19,2.13,2.19,2.12,2.19,1287718,26444614.0
2012-11-20,2.2,2.22,2.16,2.17,1289691,26817090.0
2012-11-21,2.18,2.21,2.14,2.2,1282629,26500482.0
2012-11-22,2.19,2.23,2.16,2.21,1532645,32018388.0
2012-11-23,2.22,2.22,2.17,2.18,1197420,24909158.0
2012-11-26,2.17,2.18,2.09,2.09,1413428,28446046.0
2012-11-27,2.08,2.1,1.97,1.97,1324914,25401320.0
2012-11-28,1.96,1.98,1.91,1.93,856152,15728148.0
2012-11-29,1.93,1.94,1.86,1.86,1149832,20704620.0
2012-11-30,1.87,1.89,1.85,1.87,777445,13808207.0
2012-12-03,1.87,1.87,1.73,1.74,1219104,20909982.0
2012-12-04,1.73,1.78,1.69,1.77,1018701,16768614.0
2012-12-05,1.76,1.86,1.75,1.83,1404044,24322078.0
2012-12-06,1.82,1.89,1.82,1.84,1187787,20919544.0
2012-12-07,1.84,1.89,1.83,1.88,1423683,25213498.0
2012-12-10,1.89,1.95,1.87,1.94,1886102,34409124.0
2012-12-11,1.94,1.94,1.89,1.9,1474492,26717708.0
2012-12-12,1.89,1.92,1.87,1.92,1279334,23057912.0
2012-12-13,1.92,1.98,1.9,1.9,2129791,39198980.0
2012-12-14,1.87,2.0,1.87,1.99,2877852,53392036.0
2012-12-17,1.99,2.06,1.97,2.06,2963484,56875208.0
2012-12-18,2.05,2.05,1.99,2.0,2384688,45787596.0
2012-12-19,2.0,2.04,1.99,2.01,1272351,24355966.0
2012-12-20,2.07,2.16,2.07,2.09,4065255,81774072.0
2012-12-21,2.08,2.3,2.07,2.3,6556515,139322768.0
2012-12-24,2.33,2.51,2.3,2.51,8417876,190738864.0
2012-12-25,2.48,2.7,2.44,2.56,7789678,188244560.0
2012-12-26,2.57,2.82,2.56,2.82,7833999,203826048.0
2012-12-27,2.91,3.1,2.85,2.87,10661876,298342336.0
2012-12-28,2.83,3.12,2.79,2.97,9136374,256106288.0
2012-12-31,2.95,2.95,2.72,2.77,7243410,194227936.0
2013-01-04,2.79,3.04,2.79,3.04,7564794,208416528.0
2013-01-07,3.02,3.32,2.97,3.18,8421535,248866000.0
2013-01-08,3.12,3.24,3.03,3.08,5895401,175492096.0
2013-01-09,3.0,3.05,2.93,3.01,4987914,141231600.0
2013-01-10,3.0,3.22,2.99,3.12,6039205,179090992.0
2013-01-11,3.16,3.25,3.04,3.05,5819093,173664560.0
2013-01-14,3.01,3.17,2.93,3.14,5215492,151046608.0
2013-01-15,3.14,3.25,3.09,3.13,5014080,150190352.0
2013-01-16,3.1,3.1,2.94,2.97,4918851,139965568.0
2013-01-17,2.97,2.98,2.84,2.84,3151104,86465520.0
2013-01-18,2.84,2.95,2.84,2.93,3105340,85673112.0
2013-01-21,2.93,2.97,2.87,2.97,2716817,75109288.0
2013-01-22,2.94,2.97,2.76,2.78,3378763,91573160.0
2013-01-23,2.77,2.77,2.66,2.76,3498934,89981496.0
2013-01-24,2.91,2.95,2.76,2.8,5966840,162413840.0
2013-01-25,2.76,2.78,2.7,2.71,2182984,56602564.0
2013-01-28,2.71,2.8,2.71,2.78,2266246,59612360.0
2013-01-29,2.79,2.86,2.76,2.82,2250139,60254272.0
2013-01-30,2.83,2.83,2.69,2.71,3125112,81174848.0
2013-01-31,2.69,2.69,2.6,2.62,2621291,65374324.0
2013-02-01,2.62,2.68,2.6,2.65,1756445,44271460.0
2013-02-04,2.65,2.7,2.57,2.67,2170240,54478400.0
2013-02-05,2.63,2.9,2.63,2.88,4717529,125649424.0
2013-02-06,2.84,2.91,2.82,2.82,2396803,64849768.0
2013-02-07,2.83,2.92,2.79,2.88,2559938,69991328.0
2013-02-08,2.86,2.93,2.84,2.92,2475273,68202008.0
2013-02-18,2.95,3.01,2.9,2.93,2155025,60113900.0
2013-02-19,2.91,2.93,2.72,2.72,2791627,74387056.0
2013-02-20,2.73,2.79,2.7,2.79,1527049,39930724.0
2013-02-21,2.77,2.77,2.67,2.72,1868357,47979724.0
2013-02-22,2.7,2.75,2.69,2.7,1303471,33633676.0
2013-02-25,2.7,2.73,2.69,2.71,1060958,27311666.0
2013-02-26,2.72,2.8,2.71,2.75,2595287,68461824.0
2013-02-27,2.77,2.78,2.61,2.65,2448380,62374864.0
2013-02-28,2.66,2.77,2.63,2.73,1982885,51398936.0
2013-03-01,2.73,2.81,2.7,2.8,2475534,64951504.0
2013-03-04,2.77,2.78,2.68,2.71,1895371,49053416.0
2013-03-05,2.7,2.78,2.69,2.77,1504449,39323448.0
2013-03-06,2.78,2.88,2.77,2.86,2750986,73957984.0
2013-03-07,2.86,2.87,2.74,2.75,2244168,59666116.0
2013-03-08,2.75,2.86,2.75,2.77,1893545,50555224.0
2013-03-11,2.77,2.8,2.72,2.75,913026,23840868.0
2013-03-12,2.77,2.77,2.56,2.59,2318299,58041268.0
2013-03-13,2.59,2.6,2.52,2.55,1080984,26029142.0
2013-03-14,2.55,2.57,2.53,2.54,616511,14914712.0
2013-03-15,2.55,2.6,2.51,2.54,1031281,25020186.0
2013-03-18,2.52,2.55,2.5,2.5,746156,17868628.0
2013-03-19,2.52,2.59,2.52,2.58,1402590,34176448.0
2013-03-20,2.59,2.66,2.56,2.65,1792184,44374628.0
2013-03-21,2.63,2.68,2.62,2.64,1418003,35659604.0
2013-03-22,2.65,2.65,2.6,2.62,945455,23527402.0
2013-03-25,2.59,2.63,2.54,2.57,919135,22459528.0
2013-03-26,2.56,2.56,2.47,2.5,1124560,26724930.0
2013-03-27,2.5,2.57,2.47,2.5,511011,12151649.0
2013-03-28,2.48,2.48,2.33,2.34,1828284,41069152.0
2013-03-29,2.36,2.37,2.3,2.3,959497,21148894.0
2013-04-01,2.32,2.37,2.32,2.35,1012939,22616846.0
2013-04-02,2.36,2.38,2.3,2.3,945222,20915230.0
2013-04-03,2.31,2.32,2.24,2.26,739543,15970429.0
2013-04-08,2.08,2.13,2.05,2.11,1464954,29145240.0
2013-04-09,2.11,2.19,2.11,2.17,1071040,21963526.0
2013-04-10,2.2,2.26,2.18,2.21,1478053,31201550.0
2013-04-11,2.21,2.24,2.15,2.15,790486,16423173.0
2013-04-12,2.12,2.16,2.11,2.12,609018,12348302.0
2013-04-15,2.11,2.15,2.1,2.12,432681,8722191.0
2013-04-16,2.09,2.16,2.07,2.16,672305,13546430.0
2013-04-17,2.14,2.17,2.13,2.17,615256,12556376.0
2013-04-18,2.16,2.26,2.14,2.24,1182898,24890414.0
2013-04-19,2.24,2.29,2.22,2.26,1195613,25638584.0
2013-04-22,2.22,2.3,2.22,2.27,1126226,24122560.0
2013-04-23,2.26,2.26,2.14,2.14,1140923,23699696.0
2013-04-24,2.15,2.22,2.13,2.2,822307,17018864.0
2013-04-25,2.19,2.21,2.11,2.12,1025375,21069242.0
2013-04-26,2.12,2.15,2.06,2.07,655401,13049127.0
2013-05-02,2.02,2.1,2.02,2.07,473990,9307576.0
2013-05-03,2.08,2.18,2.08,2.15,974194,19933724.0
2013-05-06,2.18,2.21,2.15,2.19,909746,18886896.0
2013-05-07,2.19,2.26,2.19,2.22,1164131,24606316.0
2013-05-08,2.2,2.3,2.18,2.28,1938059,41272268.0
2013-05-09,2.27,2.29,2.23,2.27,1477872,31584172.0
2013-05-10,2.25,2.38,2.25,2.36,2573238,56541196.0
2013-05-13,2.34,2.37,2.3,2.37,1556833,34527820.0
2013-05-14,2.37,2.42,2.32,2.36,1809865,40601676.0
2013-05-15,2.36,2.39,2.3,2.38,1445415,32170314.0
2013-05-16,2.4,2.61,2.39,2.47,4133958,98185488.0
2013-05-17,2.43,2.55,2.39,2.51,2428473,56669004.0
2013-05-20,2.53,2.62,2.51,2.61,2558474,62285552.0
2013-05-21,2.71,2.81,2.67,2.72,3409513,88586136.0
2013-05-22,2.81,2.9,2.72,2.79,4795532,128485928.0
2013-05-23,2.72,2.78,2.62,2.63,2908190,74463184.0
2013-05-24,2.61,2.8,2.61,2.8,3391726,87034088.0
2013-05-27,2.79,2.88,2.74,2.78,2462256,65255984.0
2013-05-28,2.78,2.79,2.64,2.67,2058374,52423148.0
2013-05-29,2.7,2.7,2.64,2.67,1476789,37529756.0
2013-05-30,2.68,2.68,2.61,2.64,1461173,36528136.0
2013-05-31,2.67,2.77,2.67,2.75,2847821,73877480.0
2013-06-03,2.73,2.78,2.64,2.68,2075318,53152884.0
2013-06-04,2.84,2.91,2.74,2.79,5865675,157074992.0
2013-06-05,2.79,2.82,2.63,2.66,2975129,75839392.0
2013-06-06,2.56,2.66,2.42,2.46,4107453,48858736.0
2013-06-07,2.49,2.62,2.48,2.49,4177525,50028784.0
2013-06-13,2.43,2.43,2.25,2.35,3126576,34085968.0
2013-06-14,2.31,2.46,2.31,2.42,2571801,28894368.0
2013-06-17,2.5,2.67,2.48,2.61,8409060,103253096.0
2013-06-18,2.59,2.66,2.45,2.6,5827943,69736080.0
2013-06-19,2.52,2.72,2.52,2.68,6785479,84428568.0
2013-06-20,2.65,2.8,2.58,2.6,5984445,75659912.0
2013-06-21,2.52,2.73,2.41,2.69,4736217,57344296.0
2013-06-24,2.66,2.74,2.45,2.52,5882128,72791256.0
2013-06-25,2.46,2.64,2.27,2.52,4838620,55435332.0
2013-06-26,2.5,2.72,2.47,2.69,6602542,80783184.0
2013-06-27,2.7,2.75,2.59,2.61,6426470,80660224.0
2013-06-28,2.6,2.6,2.42,2.45,4973472,58497760.0
2013-07-01,2.42,2.45,2.29,2.45,4883381,54206632.0
2013-07-02,2.43,2.56,2.4,2.49,4435757,51762508.0
2013-07-03,2.48,2.57,2.4,2.54,4114740,48451852.0
2013-07-04,2.49,2.52,2.44,2.46,3895722,45317396.0
2013-07-05,2.49,2.56,2.35,2.37,3792983,43827480.0
2013-07-08,2.3,2.3,2.13,2.13,4253756,43778816.0
2013-07-09,2.09,2.15,2.0,2.04,3901774,37576084.0
2013-07-10,2.05,2.1,2.0,2.1,3064347,29529958.0
2013-07-11,2.09,2.22,2.06,2.17,3704591,37212660.0
2013-07-12,2.15,2.23,2.12,2.2,3752854,38383872.0
2013-07-15,2.15,2.26,2.12,2.22,4415748,45429352.0
2013-07-16,2.28,2.4,2.27,2.3,5666632,61599460.0
2013-07-17,2.26,2.3,2.17,2.19,4161606,43654020.0
2013-07-18,2.2,2.38,2.18,2.32,6048327,65182912.0
2013-07-19,2.29,2.39,2.27,2.27,4748350,51858864.0
2013-07-22,2.25,2.38,2.24,2.33,2611989,28403608.0
2013-07-23,2.35,2.38,2.31,2.38,4333067,47730736.0
2013-07-24,2.38,2.42,2.31,2.42,4892796,54331964.0
2013-07-25,2.42,2.42,2.26,2.28,4260949,46829404.0
2013-07-26,2.26,2.33,2.21,2.27,2245720,23880064.0
2013-07-29,2.35,2.47,2.3,2.36,6045029,67646208.0
2013-07-30,2.33,2.35,2.23,2.28,3367083,36075148.0
2013-07-31,2.26,2.33,2.25,2.26,1773191,19040402.0
2013-08-01,2.27,2.35,2.24,2.33,2563402,27761190.0
2013-08-02,2.33,2.45,2.33,2.37,4187265,47113216.0
2013-08-05,2.36,2.48,2.36,2.46,4658200,53195068.0
2013-08-06,2.47,2.49,2.41,2.47,4006566,46038744.0
2013-08-07,2.47,2.7,2.37,2.58,8906369,107031160.0
2013-08-08,2.54,2.66,2.52,2.59,5047751,61516572.0
2013-08-09,2.56,2.6,2.47,2.49,4229845,50079304.0
2013-08-12,2.48,2.53,2.43,2.5,3090729,36007416.0
2013-08-13,2.48,2.66,2.46,2.65,5791950,70949736.0
2013-08-14,2.64,2.66,2.58,2.64,3586029,43878088.0
2013-08-15,2.62,2.66,2.57,2.58,2256216,27531270.0
2013-08-16,2.57,2.64,2.47,2.49,2776992,33397554.0
2013-08-19,2.52,2.64,2.49,2.62,3053089,37170240.0
2013-08-20,2.61,2.75,2.61,2.7,4840609,61397368.0
2013-08-21,2.68,2.8,2.68,2.74,3860665,49929252.0
2013-08-22,2.71,2.78,2.68,2.71,2591986,33067274.0
2013-08-23,2.7,2.98,2.7,2.98,7647924,102100624.0
2013-08-26,2.98,3.13,2.91,3.05,7835417,110190424.0
2013-08-27,3.03,3.07,2.94,2.98,4339072,61029572.0
2013-08-28,2.96,3.06,2.88,2.94,4021117,55759728.0
2013-08-29,2.94,3.0,2.9,2.93,2766527,38157760.0
2013-08-30,2.93,3.06,2.89,3.01,5482761,76944296.0
2013-09-02,3.01,3.14,2.99,3.12,4595408,66428088.0
2013-09-03,3.1,3.17,3.05,3.14,3174317,46448440.0
2013-09-04,3.15,3.25,3.07,3.19,3996266,59511928.0
2013-09-05,3.19,3.49,3.16,3.41,6908929,109242192.0
2013-09-06,3.39,3.55,3.35,3.45,6386334,103837040.0
2013-09-09,3.45,3.54,3.3,3.38,4654011,74237664.0
2013-09-10,3.39,3.44,3.21,3.32,4144693,64502368.0
2013-09-11,3.32,3.35,3.1,3.19,4235638,63944636.0
2013-09-12,3.16,3.26,3.09,3.19,2754091,41016516.0
2013-09-13,3.19,3.25,3.16,3.19,2586966,38928140.0
2013-09-16,3.22,3.27,3.12,3.23,2371209,35744672.0
2013-09-17,3.24,3.26,3.11,3.12,1843290,27386146.0
2013-09-18,3.13,3.4,3.11,3.38,4532582,69739408.0
2013-09-23,3.36,3.52,3.33,3.49,3870802,62523136.0
2013-09-24,3.5,3.61,3.39,3.46,4790483,78271464.0
2013-09-25,3.49,3.56,3.44,3.47,2578573,42114492.0
2013-09-26,3.49,3.61,3.46,3.53,3992851,66177600.0
2013-09-27,3.53,3.61,3.45,3.58,2622526,43776476.0
2013-09-30,3.61,3.73,3.55,3.73,2678916,46048256.0
2013-10-08,3.71,3.84,3.67,3.76,2714638,47826832.0
2013-10-09,3.73,3.79,3.56,3.71,2853939,49352112.0
2013-10-10,3.64,3.94,3.64,3.8,4300931,76726488.0
2013-10-11,3.8,3.86,3.72,3.77,2559525,45237252.0
2013-10-14,3.75,3.8,3.64,3.73,1767284,30783386.0
2013-10-15,3.73,3.76,3.55,3.58,2377930,40431436.0
2013-10-16,3.59,3.66,3.47,3.52,2448271,40570212.0
2013-10-17,3.5,3.71,3.48,3.64,2182616,37111436.0
2013-10-18,3.66,3.66,3.56,3.64,901795,15279219.0
2013-10-21,3.67,3.89,3.61,3.89,2866727,50715668.0
2013-10-22,3.88,3.98,3.69,3.73,3262650,58885092.0
2013-10-23,3.81,3.81,3.37,3.66,3802808,63718836.0
2013-10-24,3.57,3.64,3.48,3.58,2170343,36231908.0
2013-10-25,3.53,3.61,3.33,3.39,1676443,26912206.0
2013-10-28,3.35,3.45,3.3,3.38,970759,15386438.0
2013-10-29,3.32,3.41,3.16,3.28,1810021,27742500.0
2013-10-30,3.28,3.41,3.25,3.35,1213705,18962100.0
2013-10-31,3.35,3.38,3.26,3.32,792320,12346650.0
2013-11-01,3.28,3.43,3.18,3.38,2560149,39901688.0
2013-11-04,3.37,3.49,3.25,3.44,1139928,18364802.0
2013-11-05,3.47,3.62,3.39,3.6,1604030,26730956.0
2013-11-06,3.64,3.96,3.62,3.84,5542858,100278272.0
2013-11-07,3.8,3.87,3.72,3.75,2148845,38141904.0
2013-11-08,3.71,3.75,3.38,3.42,3733511,61101948.0
2013-11-11,3.43,3.49,3.33,3.43,1629521,26100356.0
2013-11-12,3.41,3.55,3.36,3.53,1410642,23123836.0
2013-11-13,3.54,3.54,3.41,3.41,1285455,20885328.0
2013-11-14,3.4,3.48,3.32,3.44,2695024,42946136.0
2013-11-15,3.48,3.66,3.46,3.55,2404240,40116920.0
2013-11-18,3.52,3.63,3.5,3.62,1925138,32330368.0
2013-11-19,3.62,3.75,3.57,3.69,2207172,38006952.0
2013-11-20,3.69,3.77,3.58,3.66,1721745,29333152.0
2013-11-21,3.62,3.67,3.53,3.64,1419439,23958312.0
2013-11-22,3.65,3.68,3.55,3.6,1153844,19460594.0
2013-11-25,3.57,3.6,3.5,3.51,1141445,18908244.0
2013-11-26,3.56,3.56,3.48,3.53,824804,13610095.0
2013-11-27,3.53,3.7,3.53,3.69,2230840,38060320.0
2013-11-28,3.69,3.88,3.65,3.77,3130765,55324768.0
2013-11-29,3.77,3.92,3.74,3.84,3278575,59163012.0
2013-12-02,3.67,3.75,3.5,3.52,3572275,60661620.0
2013-12-03,3.46,3.72,3.41,3.69,3291995,55917948.0
2013-12-04,3.68,4.06,3.63,4.06,6027820,112178920.0
2013-12-05,4.26,4.37,3.99,4.03,11333452,222981968.0
2013-12-06,3.84,4.2,3.8,4.1,7118487,133344232.0
2013-12-09,4.05,4.16,4.01,4.11,3043328,58423240.0
2013-12-10,4.07,4.35,3.96,4.24,5041123,99589640.0
2013-12-11,4.22,4.22,3.88,3.97,4690714,88364904.0
2013-12-12,3.91,4.02,3.81,3.93,2460405,45177148.0
2013-12-13,3.9,4.04,3.83,3.96,2163879,39973660.0
2013-12-16,3.95,4.0,3.73,3.8,2565183,46268148.0
2013-12-17,3.8,3.98,3.74,3.84,1582158,28357930.0
2013-12-18,3.81,3.93,3.74,3.84,1864810,33706580.0
2013-12-19,3.84,3.84,3.45,3.53,5040933,85009208.0
2013-12-20,3.5,3.51,3.36,3.4,2120693,34087352.0
2013-12-23,3.39,3.46,3.33,3.41,1710108,27134388.0
2013-12-24,3.41,3.49,3.37,3.47,1516318,24399274.0
2013-12-25,3.45,3.6,3.43,3.57,1643287,27352136.0
2013-12-26,3.56,3.61,3.43,3.44,1629117,26849402.0
2013-12-27,3.46,3.51,3.37,3.42,3172973,51002448.0
2013-12-30,3.43,3.5,3.39,3.5,2438677,39614996.0
2013-12-31,3.46,3.52,3.37,3.52,1530160,24824966.0
2014-01-02,3.51,3.59,3.46,3.59,1777896,29571980.0
2014-01-03,3.59,3.76,3.56,3.59,3164623,54569596.0
2014-01-06,3.59,3.59,3.4,3.47,2234112,36202148.0
2014-01-07,3.43,3.46,3.31,3.4,2656283,42186580.0
2014-01-08,3.4,3.47,3.37,3.46,1938424,31225262.0
2014-01-09,3.45,3.45,3.34,3.34,1261170,20094810.0
2014-01-10,3.38,3.38,3.2,3.25,1443630,22299778.0
2014-01-13,3.25,3.29,3.01,3.01,2018381,29562736.0
2014-01-14,3.03,3.12,3.01,3.11,1189405,17128034.0
2014-01-15,3.12,3.23,3.1,3.15,1471548,21796496.0
2014-01-16,3.19,3.23,3.14,3.22,1743331,26022876.0
2014-01-17,3.21,3.26,3.16,3.19,848297,12713679.0
2014-01-20,3.17,3.2,3.11,3.16,859612,12732215.0
2014-01-21,3.17,3.3,3.16,3.24,2153112,32621870.0
2014-01-22,3.26,3.34,3.22,3.34,1922724,29629942.0
2014-01-23,3.36,3.46,3.31,3.44,2258011,36163360.0
2014-01-24,3.45,3.57,3.41,3.52,3225812,52870836.0
2014-01-27,3.51,3.87,3.43,3.87,5683963,101974104.0
2014-01-28,3.88,3.96,3.73,3.75,7197276,128887464.0
2014-01-29,3.81,3.86,3.71,3.82,3618686,64364844.0
2014-01-30,3.81,3.81,3.63,3.69,2792303,48454448.0
2014-02-07,3.65,3.83,3.62,3.8,3084725,54022680.0
2014-02-10,3.82,4.09,3.82,3.99,5618588,104900424.0
2014-02-11,3.97,4.0,3.8,3.93,3956704,72340848.0
2014-02-12,3.88,4.19,3.88,4.07,5457488,104487336.0
2014-02-13,4.04,4.05,3.74,3.77,5224954,96284792.0
2014-02-14,3.78,3.88,3.73,3.81,2993493,53527652.0
2014-02-17,3.84,4.01,3.79,3.96,4459009,81702968.0
2014-02-18,4.02,4.09,3.89,4.02,4996711,93762640.0
2014-02-19,4.03,4.05,3.92,3.98,3208278,59807960.0
2014-02-20,4.05,4.05,3.84,3.86,2616260,48043656.0
2014-02-21,3.85,4.2,3.85,4.05,5747969,109126296.0
2014-02-24,4.05,4.07,3.94,4.05,3635817,68177400.0
2014-02-25,4.08,4.22,3.84,3.92,6211351,118705552.0
2014-02-26,3.77,3.82,3.62,3.74,4407518,76468784.0
2014-02-27,3.69,3.87,3.56,3.58,3397216,59618208.0
2014-02-28,3.58,3.77,3.45,3.77,2773726,46951540.0
2014-03-03,3.74,4.0,3.74,4.0,3337563,61155588.0
2014-03-04,4.0,4.13,3.9,4.13,3800616,72302488.0
2014-03-05,4.24,4.43,4.21,4.29,8715156,175499312.0
2014-03-06,4.2,4.4,4.14,4.28,3502436,70490376.0
2014-03-07,4.39,4.52,4.23,4.28,4594766,95022304.0
2014-03-10,4.18,4.49,4.14,4.28,4624363,93911992.0
2014-03-11,4.31,4.58,4.26,4.39,4140084,85434288.0
2014-03-12,4.3,4.34,3.95,4.13,5817244,110812848.0
2014-03-13,4.03,4.13,3.99,4.13,2478121,47353100.0
2014-03-14,4.09,4.2,4.01,4.17,1723863,33219576.0
2014-03-17,4.18,4.59,4.18,4.59,6588532,139406432.0
2014-03-18,4.69,5.03,4.62,4.9,8374294,189513280.0
2014-03-19,4.83,4.98,4.81,4.88,4939144,112607688.0
2014-03-20,4.9,5.09,4.71,4.72,6799588,157307232.0
2014-03-21,4.65,4.75,4.42,4.65,5227896,112457176.0
2014-03-24,4.6,4.67,4.48,4.6,3496768,74897320.0
2014-03-25,4.6,5.0,4.52,5.0,4276238,94660384.0
2014-03-26,5.0,5.08,4.9,5.04,3260451,76320024.0
2014-03-27,5.03,5.16,4.74,4.86,4786105,110330912.0
2014-03-28,4.77,4.83,4.54,4.75,2589258,57050224.0
2014-03-31,4.65,4.75,4.58,4.74,2339285,51226252.0
2014-04-01,4.72,5.04,4.65,4.98,3842222,87581624.0
2014-04-02,4.98,5.22,4.97,5.09,4967372,118744360.0
2014-04-03,5.01,5.11,4.88,5.02,2550613,59766824.0
2014-04-04,4.97,5.25,4.92,5.22,3857451,93184928.0
2014-04-08,5.06,5.22,5.01,5.12,3205355,76788528.0
2014-04-09,5.12,5.37,5.08,5.23,4108391,100871096.0
2014-04-10,5.3,5.3,5.01,5.09,4239892,102122864.0
2014-04-11,4.91,5.01,4.82,4.99,2697706,62262432.0
2014-04-14,4.9,5.16,4.9,5.16,2135967,50632640.0
2014-04-15,5.12,5.18,4.9,5.17,2044212,48789608.0
2014-04-16,5.12,5.16,5.01,5.06,1108333,26378662.0
2014-04-17,5.09,5.28,5.02,5.22,2113405,51585132.0
2014-04-18,5.18,5.46,5.18,5.41,2800891,70593936.0
2014-04-21,5.39,5.44,5.27,5.32,1374575,34402236.0
2014-04-22,5.29,5.41,4.93,5.21,3005541,72470424.0
2014-04-23,5.16,5.21,5.06,5.14,1033324,24761700.0
2014-04-24,5.09,5.14,4.93,5.05,1325999,31180376.0
2014-04-25,5.05,5.2,4.95,5.08,1906271,45358988.0
2014-04-28,5.02,5.07,4.71,4.93,2155060,48916552.0
2014-04-29,4.9,4.95,4.78,4.95,1284803,29392272.0
2014-04-30,4.94,5.06,4.9,5.04,1031221,24202826.0
2014-05-05,5.07,5.25,4.97,5.23,879873,21108012.0
2014-05-06,5.26,5.61,5.26,5.45,3518301,89996208.0
2014-05-07,5.34,5.39,5.25,5.26,1734379,43008616.0
2014-05-08,5.32,5.4,5.16,5.31,1475052,36622140.0
2014-05-09,5.17,5.3,4.96,5.23,1899121,45617648.0
2014-05-12,5.2,5.37,5.07,5.36,1956827,48283840.0
2014-05-13,5.36,5.37,5.21,5.29,1203867,29845724.0
2014-05-14,5.24,5.47,5.24,5.44,2078950,52616988.0
2014-05-15,5.38,5.43,5.29,5.31,1098896,27548110.0
2014-05-16,5.24,5.29,5.03,5.21,1524810,36890488.0
2014-05-19,5.19,5.22,5.07,5.2,536825,12987927.0
2014-05-20,5.2,5.32,5.07,5.1,846969,20555052.0
2014-05-21,5.01,5.23,4.97,5.16,655452,15724214.0
2014-05-22,5.16,5.28,5.12,5.2,1284226,31328878.0
2014-05-23,5.17,5.2,5.1,5.14,736004,17764336.0
2014-05-26,5.14,5.4,5.1,5.34,2855426,70631800.0
2014-05-27,5.31,5.58,5.28,5.52,3914501,100300304.0
2014-05-28,5.52,5.55,5.41,5.55,2711862,69893672.0
2014-05-29,5.51,5.53,5.24,5.36,3048002,76907120.0
2014-05-30,5.29,5.74,5.26,5.66,3683709,95960616.0
2014-06-03,5.63,5.71,5.5,5.56,2015666,52803524.0
2014-06-04,5.52,5.58,5.45,5.55,1027689,26557038.0
2014-06-05,5.58,5.67,5.46,5.52,2750330,71944488.0
2014-06-06,5.46,5.54,5.38,5.48,1350448,34681468.0
2014-06-09,5.44,5.57,5.44,5.5,1384040,35833332.0
2014-06-10,5.49,5.53,5.33,5.49,2110138,53549216.0
2014-06-11,5.63,5.66,5.44,5.6,2428179,63482504.0
2014-06-12,5.59,5.64,5.45,5.6,1941377,33491402.0
2014-06-13,5.6,6.15,5.52,6.03,5664287,103836672.0
2014-06-16,6.03,6.28,5.98,6.09,6079510,116292968.0
2014-06-17,6.12,6.19,5.94,6.05,2741673,51458448.0
2014-06-18,6.11,6.15,6.0,6.02,2403998,45540576.0
2014-06-19,5.97,5.97,5.63,5.84,3898758,70516224.0
2014-06-20,5.79,5.85,5.56,5.84,4616010,81815160.0
2014-06-23,6.0,6.0,5.8,5.85,2093035,38207008.0
2014-06-24,5.85,5.9,5.7,5.84,1732002,31198034.0
2014-06-25,5.81,5.84,5.65,5.71,1295859,23038698.0
2014-06-26,5.68,5.88,5.66,5.82,1859646,33607756.0
2014-06-27,5.83,6.02,5.75,5.94,3434673,63388684.0
2014-06-30,5.95,6.07,5.92,5.95,2683394,49875880.0
2014-07-01,5.92,6.03,5.86,5.99,2318153,43060408.0
2014-07-02,6.0,6.09,5.92,6.01,2070056,38684212.0
2014-07-03,6.01,6.19,6.01,6.13,3224211,61401292.0
2014-07-04,6.13,6.19,5.97,6.04,2294332,43089908.0
2014-07-07,6.03,6.05,5.91,6.05,2017707,37588356.0
2014-07-08,6.05,6.1,5.96,6.08,1727944,32483438.0
2014-07-09,6.08,6.23,5.96,6.02,2405414,45623352.0
2014-07-10,5.97,6.06,5.96,6.03,1163641,21703246.0
2014-07-11,5.97,6.14,5.97,6.07,1728581,32711828.0
2014-07-14,6.08,6.08,5.97,6.07,1325801,24876074.0
2014-07-15,6.06,6.07,5.97,5.99,1087053,20315782.0
2014-07-16,5.97,6.0,5.65,5.75,3408862,61294220.0
2014-07-17,5.75,5.8,5.62,5.76,1276612,22653972.0
2014-07-18,5.64,5.8,5.64,5.76,890478,15918329.0
2014-07-21,5.71,5.87,5.71,5.84,1293672,23452474.0
2014-07-22,5.81,5.89,5.79,5.87,1031189,18820108.0
2014-07-23,5.89,5.93,5.75,5.84,1008523,18331582.0
2014-07-24,5.85,5.85,5.63,5.75,1442513,25620994.0
2014-07-25,5.7,5.81,5.57,5.8,2929559,51723768.0
2014-07-28,5.78,5.83,5.72,5.81,1496541,27068122.0
2014-07-29,5.8,5.94,5.8,5.87,1375907,25174328.0
2014-07-30,6.38,6.38,5.97,6.08,3138330,59640888.0
2014-07-31,6.1,6.13,6.0,6.03,1723186,32441702.0
2014-08-01,6.01,6.08,5.97,6.07,1309944,24553338.0
2014-08-04,6.07,6.1,6.03,6.06,891123,16818186.0
2014-08-05,6.05,6.16,5.97,6.16,1525989,28976042.0
2014-08-06,6.2,6.42,6.2,6.32,3453695,68089624.0
2014-08-07,6.28,6.37,6.2,6.22,1501038,29340486.0
2014-08-08,6.29,6.45,6.26,6.28,2587976,51198972.0
2014-08-11,6.26,6.41,6.26,6.29,1541606,30417186.0
2014-08-12,6.35,6.42,6.27,6.35,2369286,46694680.0
2014-08-13,6.41,6.53,6.34,6.53,2675247,53545800.0
2014-08-14,6.54,6.85,6.47,6.81,4299982,89713208.0
2014-08-15,6.74,7.48,6.6,7.12,5177752,112485144.0
2014-08-18,7.27,7.42,7.01,7.29,3985944,89222392.0
2014-08-19,7.23,7.52,7.07,7.38,3874455,89272624.0
2014-08-20,7.29,7.42,7.19,7.2,2222586,50466560.0
2014-08-21,7.2,7.52,7.2,7.32,3210510,73624000.0
2014-08-22,7.33,7.37,7.19,7.32,2199062,49820740.0
2014-08-25,7.29,7.42,7.22,7.32,1766048,40467544.0
2014-08-26,7.32,7.83,7.22,7.74,5056496,120497392.0
2014-08-27,7.7,7.79,7.54,7.7,2860948,68099680.0
2014-08-28,7.7,7.7,7.42,7.54,1935903,45336940.0
2014-08-29,7.54,7.83,7.45,7.72,2535396,60732828.0
2014-09-01,7.7,7.75,7.57,7.69,1726228,41115176.0
2014-09-02,7.74,7.76,7.56,7.72,1891646,45147100.0
2014-09-03,7.76,7.95,7.69,7.89,2231495,54547160.0
2014-09-04,7.83,7.88,7.7,7.83,1616662,39223760.0
2014-09-05,7.86,7.94,7.77,7.84,1634658,40058868.0
2014-09-09,7.85,7.87,7.67,7.82,1996655,48109308.0
2014-09-10,7.54,7.69,7.45,7.64,3237432,76176520.0
2014-09-11,7.49,7.73,7.49,7.64,2130849,50580032.0
2014-09-12,7.63,7.7,7.53,7.67,1009811,24031024.0
2014-09-15,7.63,8.05,7.63,7.85,2576772,63348724.0
2014-09-16,7.95,7.95,7.58,7.58,1771085,42415208.0
2014-09-17,7.63,7.77,7.47,7.55,1670942,39486748.0
2014-09-18,7.6,7.67,7.51,7.63,1407903,33235250.0
2014-09-19,7.61,7.79,7.61,7.75,1563554,37641484.0
2014-09-22,7.73,7.85,7.63,7.85,1466064,35508288.0
2014-09-23,7.9,7.96,7.82,7.93,1246679,30626692.0
2014-09-24,8.02,8.02,7.92,7.97,1470395,36429616.0
2014-09-25,7.98,8.05,7.74,7.92,1945238,48264136.0
2014-09-26,7.84,7.92,7.8,7.86,930013,22736740.0
2014-09-29,7.85,7.9,7.76,7.84,1845091,44997544.0
2014-09-30,7.84,8.17,7.84,8.15,2896383,72917192.0
2014-10-08,7.96,8.35,7.87,8.21,3317927,84441200.0
2014-10-09,8.21,8.31,8.03,8.22,2338002,59301580.0
2014-10-10,8.17,8.22,7.99,8.12,1560760,39340728.0
2014-10-13,8.03,8.12,7.86,7.91,2008160,49605408.0
2014-10-14,7.87,8.01,7.86,7.9,743038,18351194.0
2014-10-15,7.9,7.95,7.87,7.92,748129,18418498.0
2014-10-16,7.89,7.98,7.64,7.74,2060333,49839384.0
2014-10-17,7.68,7.76,7.45,7.48,1597265,37703180.0
2014-10-20,7.61,7.87,7.48,7.87,2422158,58074820.0
2014-10-21,7.85,8.04,7.78,7.96,1585674,39307448.0
2014-10-22,7.94,8.02,7.76,7.89,1534011,37835216.0
2014-10-23,7.81,7.88,7.56,7.7,1338869,32170404.0
2014-10-24,7.75,7.79,7.62,7.76,570585,13691082.0
2014-10-27,7.79,7.88,7.54,7.86,1928268,46618896.0
2014-10-28,7.92,7.98,7.87,7.91,2063758,50942944.0
2014-10-29,7.91,8.08,7.87,8.06,2333722,58151704.0
2014-10-30,8.03,8.14,7.92,7.96,1544190,38498776.0
2014-10-31,7.96,8.01,7.87,7.96,1679403,41437708.0
2014-11-03,7.96,8.08,7.9,8.03,1509384,37645840.0
2014-11-04,8.02,8.03,7.82,7.96,1130692,27901092.0
2014-11-05,7.91,8.05,7.91,8.0,1377451,34305596.0
2014-11-06,8.01,8.07,7.87,7.97,953210,23646636.0
2014-11-07,7.97,8.03,7.9,7.92,1052691,26089664.0
2014-11-10,7.96,7.96,7.79,7.91,1078822,26374446.0
2014-11-11,7.87,7.95,7.65,7.7,1217205,29352492.0
2014-11-12,7.68,7.88,7.48,7.88,1187639,28517780.0
2014-11-13,7.88,7.99,7.74,7.93,1486834,36461144.0
2014-11-14,7.99,8.09,7.93,8.09,3073203,76949576.0
2014-11-17,8.12,8.16,8.0,8.05,1738611,43652644.0
2014-11-18,7.99,8.04,7.87,7.92,898968,22258240.0
2014-11-19,7.95,7.99,7.8,7.93,891796,21999214.0
2014-11-20,7.96,7.98,7.85,7.94,914149,22520692.0
2014-11-21,7.95,7.98,7.92,7.94,1379433,34200988.0
2014-11-24,7.94,8.05,7.9,7.96,1560203,38751596.0
2014-11-25,8.02,8.03,7.86,7.96,1674859,41454724.0
2014-11-26,7.96,8.12,7.94,8.08,1651678,41394992.0
2014-11-27,8.09,8.73,8.08,8.73,5773988,153282208.0
2014-11-28,8.7,8.77,8.57,8.71,3136220,84612848.0
2014-12-01,8.86,8.88,8.28,8.35,3050457,81107824.0
2014-12-02,8.28,8.48,8.28,8.33,1521553,39668872.0
2014-12-03,8.32,8.44,7.99,8.44,2443978,62285888.0
2014-12-04,8.45,8.53,8.29,8.31,2254943,58791824.0
2014-12-05,8.31,9.05,8.01,8.54,4582044,121476880.0
2014-12-08,8.36,8.36,8.06,8.07,3791585,96262376.0
2014-12-09,8.07,8.22,7.53,7.63,3139118,77713992.0
2014-12-10,7.67,7.85,7.55,7.7,2017323,48404992.0
2014-12-11,7.72,7.77,7.61,7.71,2224134,53310580.0
2014-12-12,7.71,7.98,7.71,7.96,1085207,26631200.0
2014-12-15,8.09,8.35,8.09,8.22,1905380,48848936.0
2014-12-16,8.28,8.28,7.96,8.08,1960580,49119368.0
2014-12-17,7.96,8.02,7.83,7.9,1607840,39614924.0
2014-12-18,7.87,7.92,7.84,7.87,738653,18126608.0
2014-12-19,7.87,7.91,7.54,7.75,1367479,32770604.0
2014-12-22,7.75,7.82,6.99,7.53,1850346,42682148.0
2014-12-23,7.51,7.51,7.23,7.45,481430,11107200.0
2014-12-24,7.52,7.54,7.32,7.38,668830,15418718.0
2014-12-25,7.51,7.52,7.34,7.52,861183,20058328.0
2014-12-26,7.48,7.56,7.35,7.39,1055271,24329840.0
2014-12-29,7.41,7.41,7.02,7.05,1331189,29452230.0
2014-12-30,7.02,7.09,6.7,7.09,2144849,46227012.0
2014-12-31,7.19,7.19,6.98,7.06,982845,21551418.0
2015-01-05,6.92,7.11,6.84,6.97,1537006,33304378.0
2015-01-06,6.93,7.24,6.84,7.15,984979,21768716.0
2015-01-07,7.18,7.19,6.94,7.09,786368,17271180.0
2015-01-08,7.03,7.36,7.03,7.31,1286347,28998134.0
2015-01-09,7.48,7.56,7.33,7.35,1030878,23892822.0
2015-01-12,7.35,7.45,7.26,7.35,623749,14331445.0
2015-01-13,7.36,7.44,7.32,7.35,581722,13343824.0
2015-01-14,7.27,7.42,7.27,7.42,1084892,24818352.0
2015-01-15,7.44,7.68,7.42,7.62,886859,20985230.0
2015-01-16,7.66,7.68,7.54,7.65,859094,20450068.0
2015-01-19,7.58,7.7,7.35,7.61,1026392,24213932.0
2015-01-20,7.67,7.87,7.61,7.84,954263,23043458.0
2015-01-21,7.84,7.92,7.79,7.83,584471,14286462.0
2015-01-22,7.96,7.96,7.71,7.83,617414,15038874.0
2015-01-23,7.82,7.86,7.74,7.85,758830,18491714.0
2015-01-26,7.85,7.93,7.79,7.9,991965,24305968.0
2015-01-27,7.99,8.67,7.9,8.3,4411875,115116904.0
2015-01-30,8.49,8.54,7.99,8.14,2058607,52665360.0
2015-02-02,8.03,8.34,7.9,8.23,2228292,57032440.0
2015-02-03,8.49,8.5,8.2,8.42,2241947,58737012.0
2015-02-04,8.42,8.64,8.35,8.54,1491538,39511900.0
2015-02-05,8.57,8.66,8.51,8.54,1031532,27585940.0
2015-02-06,8.48,8.5,8.21,8.31,885966,22981402.0
2015-02-09,8.31,8.31,8.03,8.07,838594,21236520.0
2015-02-10,7.96,8.3,7.96,8.27,557616,14208798.0
2015-02-11,8.19,8.53,8.19,8.47,1208769,31810746.0
2015-02-12,8.47,8.52,8.38,8.49,905665,23917632.0
2015-02-13,8.51,8.82,8.44,8.74,2016769,54867828.0
2015-02-16,8.74,9.61,8.74,9.41,2939987,85972848.0
2015-02-17,9.39,9.56,9.32,9.55,1159070,34271984.0
2015-02-25,9.63,9.63,9.34,9.41,1176509,34799572.0
2015-02-26,9.41,9.48,9.16,9.19,1468003,42575600.0
2015-02-27,9.17,9.43,9.08,9.43,1174622,33779076.0
2015-03-02,9.47,9.76,9.43,9.69,1359336,40950268.0
2015-03-03,9.87,9.88,9.57,9.59,1278056,38636300.0
2015-03-04,9.63,9.68,9.53,9.57,1164416,34797208.0
2015-03-05,9.57,9.71,9.51,9.66,1003281,30064864.0
2015-03-06,10.53,10.62,9.82,10.16,5688591,183350272.0
2015-04-10,11.18,11.18,11.18,11.18,27708,965070.0
2015-04-13,12.3,12.3,12.3,12.3,71337,2732921.0
2015-04-14,13.53,13.53,13.53,13.53,72358,3049166.0
2015-04-15,14.77,14.77,13.48,13.67,9721689,427279424.0
2015-04-16,13.48,14.07,12.88,13.77,4992492,209544512.0
2015-04-17,14.39,15.14,13.68,13.79,3538648,156975088.0
2015-04-20,12.57,13.85,12.57,13.54,2912267,121523336.0
2015-04-21,13.48,14.3,13.19,14.13,3344997,141980736.0
2015-04-22,14.32,15.38,14.14,15.16,2606458,120185864.0
2015-04-23,15.43,15.92,14.51,14.93,8558965,181341840.0
2015-04-24,14.54,15.57,14.54,15.07,6244738,132779272.0
2015-04-27,15.22,16.41,15.22,15.99,9083204,204473184.0
2015-04-28,16.14,16.27,14.83,15.08,7650568,167477488.0
2015-04-29,14.93,15.0,14.16,14.3,12679916,258843856.0
2015-04-30,14.12,14.3,13.22,13.45,15221413,297421952.0
2015-05-04,13.51,13.51,12.87,13.23,12381756,229722496.0
2015-05-05,13.09,13.43,12.39,12.66,10993866,200666320.0
2015-05-06,12.82,13.02,12.53,12.62,9147717,165020368.0
2015-05-07,12.67,12.67,11.36,11.4,21199494,349436704.0
2015-05-08,11.54,12.07,11.4,11.97,22731494,379415392.0
2015-05-11,12.1,13.16,12.05,13.16,22495456,412904224.0
2015-05-12,13.52,14.48,13.52,13.91,22804200,451818080.0
2015-05-13,13.96,14.23,13.1,13.97,12526430,246669504.0
2015-05-14,13.87,15.37,13.67,15.37,20302572,414980992.0
2015-05-15,15.57,16.7,14.87,15.78,14686436,326666848.0
2015-05-18,15.62,16.14,15.22,15.61,13603247,300909152.0
2015-05-19,15.36,16.12,15.35,15.85,9125424,202666912.0
2015-05-20,15.64,16.68,15.64,16.06,11875527,275072608.0
2015-05-21,16.07,17.28,16.0,17.21,11618237,269460096.0
2015-05-22,18.13,18.72,17.42,17.47,14557219,366265472.0
2015-05-26,18.3,18.32,16.97,17.84,14960321,371859040.0
2015-05-27,17.84,17.85,16.51,17.19,17105832,413061408.0
2015-05-28,17.19,17.26,15.47,15.47,17116572,390766112.0
2015-05-29,15.29,16.02,14.23,15.41,12675404,270037344.0
2015-06-01,15.41,16.21,15.34,15.96,12245040,275342688.0
2015-06-02,15.96,16.58,15.57,16.17,15243587,345385888.0
2015-06-03,16.24,16.67,15.79,16.27,19187756,443222848.0
2015-06-04,16.36,16.56,14.64,15.5,14016727,306328192.0
2015-06-05,15.51,15.84,15.0,15.13,15944826,346867296.0
2015-06-08,15.12,15.13,14.07,14.51,13685012,279805120.0
2015-06-09,14.51,15.03,14.3,14.79,9918128,205992064.0
2015-06-10,14.74,15.46,14.37,15.31,10067567,212371664.0
2015-06-11,15.31,16.72,15.1,16.29,19112666,436699616.0
2015-06-12,16.3,16.74,15.85,15.94,11492692,261757232.0
2015-06-15,15.93,16.26,15.4,16.05,12207086,273359456.0
2015-06-16,15.96,15.96,14.86,15.05,10065596,216744784.0
2015-06-17,15.08,16.55,14.58,16.42,16871296,374889440.0
2015-06-18,16.41,17.54,16.28,16.77,21985004,532132448.0
2015-06-19,16.28,17.48,15.93,16.72,19084916,459856480.0
2015-06-23,16.42,18.39,16.21,18.33,29792448,740755968.0
2015-10-08,16.5,16.5,16.5,16.5,374100,8720271.0
2015-10-09,14.85,14.85,14.85,14.85,111400,2337172.0
2015-10-12,13.36,13.36,13.36,13.36,870700,16438816.0
2015-10-13,12.02,12.02,12.02,12.02,3030100,51481400.0
2015-10-14,10.98,11.54,10.89,11.18,94528760,1487231488.0
2015-10-15,10.93,11.5,10.79,11.44,56636568,884897216.0
2015-10-16,11.44,11.47,11.04,11.19,41119972,654388800.0
2015-10-19,11.15,11.4,11.04,11.37,33401388,530360800.0
2015-10-20,11.45,11.86,11.38,11.6,34959576,572548992.0
2015-10-21,11.52,11.57,10.44,10.44,40153888,622992192.0
2015-10-22,10.34,10.79,10.26,10.75,23505728,352107872.0
2015-10-23,10.86,10.88,10.64,10.83,21796332,332019840.0
2015-10-26,11.1,11.1,10.73,10.94,18053924,277745728.0
2015-10-27,10.76,10.9,10.33,10.81,17441148,262545248.0
2015-10-28,10.82,11.35,10.72,11.07,25665448,402597056.0
2015-10-29,11.18,11.32,10.83,10.92,19054228,297521248.0
2015-10-30,10.91,10.91,10.48,10.6,15523421,233736496.0
2015-11-02,10.38,10.76,10.26,10.52,11188955,166960016.0
2015-11-03,10.52,10.65,10.23,10.29,11449757,167987040.0
2015-11-04,10.32,10.74,10.32,10.74,15507193,231664688.0
2015-11-05,10.79,10.82,10.51,10.58,17058580,256855120.0
2015-11-06,10.62,10.91,10.62,10.84,19738596,301322272.0
2015-11-09,10.76,11.19,10.62,11.08,24281338,373198848.0
2015-11-10,10.96,11.24,10.9,11.02,21097460,329301088.0
2015-11-11,11.1,11.64,10.98,11.49,32160552,514711328.0
2015-11-12,11.54,11.57,11.15,11.28,24547928,392672736.0
2015-11-13,11.23,11.23,10.67,10.89,19171648,297933280.0
2015-11-16,10.69,11.41,10.62,11.37,18662066,291763616.0
2015-11-17,11.52,11.52,11.07,11.2,23193336,369611648.0
2015-11-18,11.25,11.4,11.08,11.23,16578322,263201264.0
2015-11-19,11.26,11.81,11.24,11.79,30119244,488537184.0
2015-11-20,11.82,12.6,11.82,12.3,37604620,653144384.0
2015-11-23,12.27,12.27,11.67,11.74,25385920,429080384.0
2015-11-24,12.41,12.85,12.07,12.24,37396480,652308480.0
2015-11-25,12.04,12.34,11.96,12.25,24009216,412390048.0
2015-11-26,12.27,12.36,11.9,11.97,19952262,340337696.0
2015-11-27,11.86,11.95,10.77,10.89,26810932,430694176.0
2015-11-30,10.77,10.96,9.89,10.69,21088088,312314528.0
2015-12-01,10.62,10.74,10.43,10.5,12219310,182462688.0
2015-12-02,10.51,10.69,9.83,10.14,15916000,229641520.0
2015-12-03,10.18,10.5,10.14,10.45,13687495,200265440.0
2015-12-04,10.47,10.72,10.43,10.53,15260233,228235136.0
2015-12-07,10.67,10.95,10.67,10.86,15565447,238743696.0
2015-12-08,10.83,10.83,10.4,10.42,13182507,196880592.0
2015-12-09,10.3,10.49,10.03,10.18,14669517,211245616.0
2015-12-10,10.29,10.33,10.13,10.26,9635505,139455888.0
2015-12-11,10.23,10.26,9.82,9.97,12282086,173035312.0
2015-12-14,9.89,10.22,9.8,10.18,11271211,159077952.0
2015-12-15,10.21,10.54,10.01,10.45,13405475,196060304.0
2015-12-16,10.52,10.6,10.34,10.38,10723910,158417408.0
2015-12-17,10.46,10.77,10.4,10.73,16631120,249632640.0
2015-12-18,10.72,10.85,10.51,10.58,14002332,210669792.0
2015-12-21,10.55,10.7,10.5,10.6,11429554,171080016.0
2015-12-22,10.62,10.73,10.51,10.67,10477451,157188384.0
2015-12-23,10.79,10.86,10.48,10.5,13129277,197827712.0
2015-12-24,10.46,10.55,10.21,10.35,9630030,140637984.0
2015-12-25,10.35,10.44,10.26,10.32,9514540,138794880.0
2015-12-28,10.37,10.6,10.31,10.35,14733540,217640960.0
2015-12-29,10.4,10.79,10.27,10.79,16562059,248105264.0
2015-12-30,10.81,10.85,10.53,10.63,13007086,195592496.0
2015-12-31,10.6,10.74,10.37,10.37,9971117,149367296.0
2016-01-04,10.35,10.5,9.34,9.42,10526454,149174192.0
2016-01-05,8.76,9.5,8.61,8.95,15319768,197048432.0
2016-01-06,9.12,9.41,9.02,9.27,10140124,132053904.0
2016-01-07,8.57,9.07,8.37,8.44,3386113,41698016.0
2016-01-08,8.68,8.8,7.79,8.36,12259531,146451088.0
2016-01-11,8.09,8.25,7.52,7.52,12872390,142501664.0
2016-01-12,7.35,7.59,7.01,7.31,15201277,156488192.0
2016-01-13,7.43,7.48,6.84,6.87,12397842,125395848.0
2016-01-14,6.62,7.16,6.48,7.11,15594533,151143568.0
2016-01-15,7.04,7.08,6.51,6.62,16307273,156883728.0
2016-01-18,6.55,6.93,6.45,6.77,16538790,157174384.0
2016-01-19,6.75,7.13,6.67,7.11,17499348,170902080.0
2016-01-20,7.01,7.21,6.94,6.98,20293972,202808752.0
2016-01-21,6.84,7.42,6.79,6.94,26075588,262126656.0
2016-01-22,7.07,7.13,6.72,6.94,16896060,165562480.0
2016-01-25,7.07,7.11,6.82,6.91,14568153,143393184.0
2016-01-26,6.96,7.18,6.45,6.47,24700464,242000688.0
2016-01-27,6.48,6.59,5.83,6.24,18725488,162144048.0
2016-01-28,6.07,6.2,5.74,5.8,12317126,104228648.0
2016-01-29,5.78,6.12,5.75,5.98,16601696,139782976.0
2016-02-01,5.92,6.02,5.75,5.92,16108966,133888144.0
2016-02-02,6.07,6.52,5.97,6.52,20547676,186023328.0
2016-02-03,6.55,6.7,6.31,6.55,35311220,323290272.0
2016-02-04,6.54,6.72,6.43,6.62,30523314,283836640.0
2016-02-05,6.54,6.77,6.45,6.47,19401180,180992544.0
2016-02-15,6.15,6.43,6.03,6.35,12708102,112000088.0
2016-02-16,6.37,6.84,6.37,6.76,23246662,217442848.0
2016-02-17,6.71,6.88,6.57,6.83,23929248,226317040.0
2016-02-18,6.87,7.04,6.68,6.7,25625872,247518144.0
2016-02-19,6.65,6.9,6.62,6.8,21029700,201141616.0
2016-02-22,6.91,7.06,6.82,7.06,26170420,256387744.0
2016-02-23,7.04,7.04,6.75,6.89,19530570,190059904.0
2016-02-24,6.84,6.97,6.67,6.96,19294612,186473472.0
2016-02-25,6.93,6.94,6.26,6.26,23460104,217488768.0
2016-02-26,6.31,6.33,5.9,6.06,18312960,158048912.0
2016-02-29,6.02,6.08,5.45,5.46,17061152,135379232.0
2016-03-01,5.51,5.71,5.36,5.64,14212696,111423208.0
2016-03-02,5.59,6.07,5.59,5.97,17623292,144470800.0
2016-03-03,5.95,6.35,5.91,5.97,18803878,161667712.0
2016-03-04,5.94,6.0,5.52,5.63,15043077,122340800.0
2016-03-07,5.68,5.92,5.68,5.81,12235609,100487648.0
2016-03-08,5.8,5.95,5.49,5.93,15930621,128654928.0
2016-03-09,5.75,5.9,5.7,5.75,11031686,90225552.0
2016-03-10,5.86,6.04,5.71,5.74,14565467,120684320.0
2016-03-11,5.59,5.77,5.53,5.68,9492309,75934120.0
2016-03-14,5.73,6.08,5.73,5.95,18221640,153015968.0
2016-03-15,5.92,5.98,5.82,5.88,11464427,95380488.0
2016-03-16,5.96,6.02,5.73,5.92,14548587,120319624.0
2016-03-17,5.97,6.52,5.93,6.52,36384524,328555968.0
2016-03-18,6.79,7.06,6.55,6.86,75077368,710945536.0
2016-03-21,6.81,7.21,6.72,7.14,59222780,580678592.0
2016-03-22,7.01,7.11,6.89,6.95,35837976,354019488.0
2016-03-23,6.89,7.13,6.87,7.1,30186564,298997632.0
2016-03-24,7.01,7.04,6.86,6.86,30212586,296354720.0
2016-03-25,6.87,7.15,6.79,7.13,32134956,316878656.0
2016-03-28,7.37,7.67,6.97,7.08,39742464,412724928.0
2016-03-29,7.01,7.14,6.73,6.8,27082764,263390464.0
2016-03-30,6.91,7.13,6.86,7.09,24763276,244551024.0
2016-03-31,7.19,7.27,6.95,6.98,24723544,246652208.0
2016-04-01,6.96,7.01,6.75,6.89,18786512,181759104.0
2016-04-05,6.93,7.15,6.88,7.13,24860704,247890928.0
2016-04-06,7.08,7.28,7.01,7.21,24805252,250525536.0
2016-04-07,7.26,7.33,6.94,6.94,25232108,252582816.0
2016-04-08,6.87,6.95,6.72,6.87,19369590,187488144.0
2016-04-11,6.9,7.14,6.9,7.12,20964376,209067104.0
2016-04-12,7.12,7.16,6.94,7.06,16896548,167804224.0
2016-04-13,7.14,7.4,7.09,7.21,33858068,346874048.0
2016-04-14,7.29,7.37,7.16,7.36,24261136,249107632.0
2016-04-15,7.54,7.54,7.22,7.28,22930528,237789520.0
2016-04-18,7.18,7.23,6.98,7.0,18920496,188366896.0
2016-04-19,7.06,7.15,6.99,7.06,13655275,135188560.0
2016-04-20,7.18,7.31,6.44,6.61,31082588,301611104.0
2016-04-21,6.58,6.71,6.43,6.47,16585131,153871920.0
2016-04-22,6.4,6.52,6.36,6.5,12070008,109475008.0
2016-04-25,6.51,6.51,6.3,6.46,11002997,99122480.0
2016-04-26,6.48,6.55,6.39,6.51,10184503,92513272.0
2016-04-27,6.55,6.57,6.39,6.4,11632558,105756520.0
2016-04-28,6.46,6.46,6.12,6.37,11705586,103751488.0
2016-04-29,6.31,6.39,6.24,6.25,9959274,88063600.0
2016-05-03,6.28,6.51,6.24,6.51,15351478,138030784.0
2016-05-04,6.48,6.68,6.44,6.56,16922496,156281888.0
2016-05-05,6.56,6.61,6.48,6.59,9986220,91801512.0
2016-05-06,6.63,6.67,6.35,6.57,22136008,201959376.0
2016-05-09,6.61,7.03,6.56,6.79,47818200,455690720.0
2016-05-10,6.81,6.81,6.24,6.24,30540860,276400032.0
2016-05-11,6.19,6.32,5.98,5.98,18556507,159107350.0
2016-05-12,5.84,5.92,5.73,5.92,10655970,87432172.0
2016-05-13,5.91,6.04,5.86,5.89,8528746,71041232.0
2016-05-16,5.87,5.97,5.77,5.96,7256768,59988393.0
2016-05-17,5.92,6.05,5.87,5.96,10147389,84939808.0
2016-05-18,5.95,5.96,5.62,5.72,11434881,92468631.0
2016-05-19,5.67,5.86,5.67,5.74,8263505,67105557.0
2016-05-20,5.67,5.84,5.63,5.83,9328803,75682533.0
2016-05-23,5.85,6.01,5.85,5.98,9711371,80719060.0
2016-05-24,6.0,6.02,5.88,5.93,8676844,72263610.0
2016-05-25,5.96,5.99,5.82,5.86,10640080,88248797.0
2016-05-26,5.86,5.88,5.67,5.84,9226808,74812568.0
2016-05-27,5.83,5.87,5.77,5.82,7130895,58367725.0
2016-05-30,5.76,5.89,5.7,5.82,5914553,48134185.0
2016-05-31,5.82,6.17,5.82,6.13,16410430,138851810.0
2016-06-01,6.09,6.26,6.09,6.18,15034267,130708727.0
2016-06-02,6.16,6.49,6.14,6.46,22950737,205415406.0
2016-06-03,6.51,7.11,6.51,7.11,54968567,543121784.0
2016-06-06,7.4,7.44,7.08,7.22,51705110,525820596.0
2016-06-07,7.19,7.39,7.06,7.38,32198485,328410615.0
2016-06-08,7.33,8.12,7.13,7.85,44687255,476841827.0
2016-06-13,7.67,8.15,7.19,7.19,37458253,408955012.0
2016-06-14,7.15,7.33,6.82,7.26,25985500,258070419.0
2016-06-15,7.24,7.99,7.2,7.99,30412974,331075992.0
2016-06-16,8.44,8.79,8.44,8.79,19016649,231839429.0
2016-06-17,9.26,9.26,8.33,8.8,55339029,676641695.0
2016-06-20,8.71,9.68,8.55,9.68,52265745,685422341.0
2016-06-21,9.72,10.53,9.35,10.06,58790855,824973083.0
2016-06-22,9.88,10.04,9.48,9.78,34709786,474596899.0
2016-06-23,9.7,9.91,9.13,9.33,36944973,490166333.0
2016-06-24,9.34,9.68,8.79,9.58,34531227,451605449.0
2016-06-27,9.4,10.29,9.33,10.04,32498816,450186393.0
2016-06-28,10.17,10.41,9.7,9.91,32551215,459186962.0
2016-06-29,9.79,10.0,9.55,9.87,21212681,290528162.0
2016-06-30,9.79,9.86,9.29,9.33,27278770,363142420.0
2016-07-01,9.37,9.57,9.13,9.25,17662357,229979169.0
2016-07-04,9.19,9.47,9.14,9.33,26730507,348873673.0
2016-07-05,9.41,9.43,8.97,9.36,31958724,414609777.0
2016-07-06,9.29,9.5,9.18,9.38,22843116,299871471.0
2016-07-07,9.25,9.72,9.15,9.53,32137358,426496821.0
2016-07-08,9.48,9.6,9.23,9.26,18847294,247636954.0
2016-07-11,9.18,9.23,8.63,8.7,32763466,409209496.0
2016-07-12,8.72,8.79,8.37,8.64,27448933,329510284.0
2016-07-13,8.81,8.95,8.65,8.82,26052237,323066453.0
2016-07-14,8.82,9.13,8.74,8.86,20841372,263356349.0
2016-07-15,8.83,9.02,8.77,8.84,12168169,151987816.0
2016-07-18,8.82,8.85,8.56,8.66,10030263,122307555.0
2016-07-19,8.74,9.06,8.69,9.06,18889735,236268664.0
2016-07-20,9.06,9.44,9.01,9.38,30441958,395884469.0
2016-07-21,9.45,9.82,9.21,9.71,32933990,441254107.0
2016-07-22,9.65,9.95,9.55,9.75,24618079,338156300.0
2016-07-25,9.9,9.9,9.25,9.32,19181260,256647098.0
2016-07-26,9.27,9.47,9.25,9.35,11070357,145140395.0
2016-07-27,9.36,9.38,8.41,8.41,23199727,286830349.0
2016-07-28,8.54,8.6,7.85,8.22,30709399,351973206.0
2016-07-29,8.24,8.47,8.12,8.4,18556297,216294977.0
2016-08-01,8.27,8.74,7.88,8.63,20612291,241271719.0
2016-08-02,8.63,8.72,8.51,8.65,10614917,128312263.0
2016-08-03,8.69,8.81,8.58,8.67,9290057,113396453.0
2016-08-04,8.67,9.09,8.57,9.08,16513487,205059304.0
2016-08-05,9.08,9.08,8.66,8.79,11758767,146147665.0
2016-08-08,8.76,8.79,8.42,8.66,7533876,90969257.0
2016-08-09,8.67,8.93,8.64,8.71,9474010,116626768.0
2016-08-10,8.74,8.86,8.49,8.5,12320280,149055013.0
2016-08-11,8.53,8.56,8.27,8.29,10154386,119146033.0
2016-08-12,8.26,8.39,8.19,8.35,6074482,70947626.0
2016-08-15,8.36,8.83,8.23,8.64,12887998,154584695.0
2016-08-16,8.61,8.72,8.58,8.63,9109135,110573015.0
2016-08-17,8.68,8.84,8.6,8.76,10267259,126129997.0
2016-08-18,8.76,8.79,8.62,8.66,8485369,103498914.0
2016-08-19,8.74,8.75,8.62,8.65,7060799,86013739.0
2016-08-22,8.64,8.93,8.64,8.72,14182116,175159779.0
2016-08-23,8.73,8.81,8.61,8.65,8671742,105925341.0
2016-08-24,8.67,9.09,8.67,9.04,19451312,244320926.0
2016-08-25,8.98,9.24,8.79,9.11,17992855,228023054.0
2016-08-26,9.15,9.43,9.06,9.32,18393481,239339734.0
2016-08-29,9.35,9.38,8.9,8.96,14735224,188149030.0
2016-08-30,9.0,9.07,8.83,8.86,9307634,116604057.0
2016-08-31,8.84,8.9,8.69,8.79,8189289,100762164.0
2016-09-01,8.79,8.93,8.71,8.76,7312246,90554436.0
2016-09-02,8.75,9.01,8.45,8.93,14725978,180134340.0
2016-09-05,8.93,8.96,8.79,8.79,6725300,83694117.0
2016-09-06,8.79,9.01,8.58,8.9,9587702,118903968.0
2016-09-07,9.17,9.52,9.04,9.33,26841412,349134087.0
2016-09-08,9.21,9.32,9.1,9.24,10967617,141521854.0
2016-09-09,9.18,9.23,8.97,8.97,7944796,101500740.0
2016-09-12,8.69,8.81,8.37,8.44,11960451,144867943.0
2016-09-13,8.53,8.57,8.4,8.46,6863726,81762493.0
2016-09-14,8.46,8.61,8.32,8.56,5422057,64729777.0
2016-09-19,8.56,8.79,8.56,8.69,7315848,89350653.0
2016-09-20,8.75,8.8,8.64,8.79,5498921,67283372.0
2016-09-21,8.77,9.22,8.77,8.93,11427922,145120839.0
2016-09-22,8.97,9.06,8.88,8.89,7135440,89814312.0
2016-09-23,8.88,8.96,8.64,8.68,7541323,92709990.0
2016-09-26,8.62,8.8,8.53,8.53,5186231,62978840.0
2016-09-27,8.54,8.72,8.47,8.72,4694325,56662646.0
2016-09-28,8.72,8.88,8.64,8.85,5460133,67223554.0
2016-09-29,8.79,8.91,8.79,8.79,4037454,50160452.0
2016-09-30,8.81,9.38,8.77,9.23,21471005,276472383.0
2016-10-20,9.66,9.86,9.4,9.45,26894290,362286763.0
2016-10-21,9.38,9.72,9.17,9.6,17381728,232427161.0
2016-10-24,9.5,9.68,9.38,9.55,10065724,134644157.0
2016-10-25,9.47,9.53,9.37,9.41,6161448,81547246.0
2016-10-26,9.4,9.61,9.35,9.5,9512125,126649900.0
2016-10-27,9.51,9.78,9.51,9.77,17255968,234112101.0
2016-10-28,9.75,9.77,9.5,9.5,8389399,113635749.0
2016-10-31,9.51,9.65,9.28,9.6,7558573,100832347.0
2016-11-01,9.61,9.72,9.54,9.65,7092422,95959875.0
2016-11-02,9.62,9.74,9.33,9.58,8815972,118886578.0
2016-11-03,9.5,9.68,9.42,9.48,7808464,104435774.0
2016-11-04,9.46,9.53,9.26,9.28,9522861,125087857.0
2016-11-07,9.27,9.39,9.21,9.23,4863037,63413523.0
2016-11-08,9.28,9.36,9.13,9.18,6532680,84555229.0
2016-11-09,9.25,9.43,9.15,9.26,11142350,145576867.0
2016-11-10,9.38,9.38,9.16,9.22,8174644,106427958.0
2016-11-11,9.24,9.24,8.99,9.06,12123920,154636173.0
2016-11-14,9.03,9.22,9.01,9.06,7058309,90239232.0
2016-11-15,9.08,9.21,9.04,9.11,6730041,86261156.0
2016-11-16,9.12,9.31,9.12,9.23,7902153,102338773.0
2016-11-17,9.25,9.28,9.03,9.04,7479959,95552392.0
2016-11-18,9.07,9.18,8.99,9.09,6641821,84517225.0
2016-11-21,9.04,9.1,8.9,8.92,7522018,94521219.0
2016-11-22,8.96,8.98,8.81,8.93,8129681,101503013.0
2016-11-23,8.95,8.97,8.83,8.86,6091733,76107684.0
2016-11-24,8.83,8.91,8.81,8.89,3862100,48087835.0
2016-11-25,8.91,8.94,8.64,8.74,7811802,95747364.0
2016-11-28,8.76,8.77,8.67,8.68,5477974,67041698.0
2016-11-29,8.68,8.82,8.68,8.72,5531415,67883105.0
2016-11-30,8.7,8.91,8.66,8.82,6109377,75620346.0
2016-12-01,8.86,8.96,8.78,8.92,5362191,66777723.0
2016-12-02,8.92,9.04,8.76,8.78,7311071,91535539.0
2016-12-05,8.72,8.87,8.65,8.79,3133359,38690766.0
2016-12-06,8.81,8.86,8.71,8.72,3418908,42140095.0
2016-12-07,8.71,8.92,8.69,8.89,4204113,51974957.0
2016-12-08,8.91,8.92,8.79,8.83,3789632,47093682.0
2016-12-09,8.83,8.88,8.75,8.81,2895307,35808965.0
2016-12-12,8.79,8.83,7.99,8.11,7715684,91397853.0
2016-12-13,8.12,8.19,7.85,8.04,5507556,61810654.0
2016-12-14,8.02,8.11,7.83,7.92,5563087,62010363.0
2016-12-15,7.83,8.12,7.83,8.08,4803805,54188902.0
2016-12-16,8.04,8.14,8.02,8.09,2929160,33242674.0
2016-12-19,8.06,8.12,7.99,8.04,2362150,26735352.0
2016-12-20,8.0,8.07,7.9,7.94,3991463,44624197.0
2016-12-21,7.94,8.04,7.94,8.04,3462308,38878206.0
2016-12-22,8.04,8.66,8.01,8.48,9067312,106411843.0
2016-12-23,8.39,8.52,8.22,8.27,5442613,63861209.0
2016-12-26,8.27,8.43,8.12,8.39,2901055,33667368.0
2016-12-27,8.43,8.71,8.33,8.66,4955600,59062876.0
2016-12-28,8.56,8.65,8.46,8.48,2642230,31739122.0
2016-12-29,8.5,8.58,8.43,8.45,2457300,29341275.0
2016-12-30,8.54,8.61,8.44,8.53,2464186,29560538.0
2017-01-03,8.56,8.65,8.51,8.54,1470200,17644298.0
2017-01-04,8.61,8.76,8.51,8.67,4348395,52823092.0
2017-01-05,8.67,8.75,8.61,8.66,2438650,29704927.0
2017-01-06,8.61,8.69,8.33,8.45,5693243,67804483.0
2017-01-09,8.45,8.54,8.36,8.39,2507955,29710139.0
2017-01-10,8.37,8.58,8.34,8.55,3957289,47156064.0
2017-01-11,8.61,8.61,8.49,8.56,2794237,33563523.0
2017-01-12,8.54,8.64,8.44,8.52,3294082,39491147.0
2017-01-13,8.49,8.53,8.22,8.49,3209810,37710344.0
2017-01-16,8.49,8.49,7.9,8.39,3534929,40704173.0
2017-01-17,8.26,8.45,8.04,8.37,2507239,29144395.0
2017-01-18,8.36,8.37,8.15,8.19,1810500,20943489.0
2017-01-19,8.19,8.39,8.13,8.29,2316480,26924132.0
2017-01-20,8.37,8.41,8.27,8.34,1377737,16163137.0
2017-01-23,8.54,8.57,8.33,8.53,3124016,37229869.0
2017-01-24,8.5,8.53,8.41,8.46,1727319,20522970.0
2017-01-25,8.46,8.55,8.41,8.52,2099277,25077143.0
2017-01-26,8.52,8.59,8.49,8.56,909346,10925193.0
2017-02-03,8.61,8.65,8.45,8.54,1452891,17404321.0
2017-02-06,8.55,8.66,8.49,8.64,2047363,24608393.0
2017-02-07,8.75,8.86,8.61,8.66,4217652,51699241.0
2017-02-08,8.61,8.7,8.52,8.68,3442420,41786324.0
2017-02-09,8.67,8.68,8.56,8.57,4078363,49278981.0
2017-02-10,8.58,8.62,8.49,8.55,2747071,32964459.0
2017-02-13,8.55,8.61,8.45,8.54,2953783,35365520.0
2017-02-14,8.54,8.58,8.49,8.54,2187209,26208685.0
2017-02-15,8.54,8.6,8.48,8.5,2532057,30383553.0
2017-02-16,8.55,8.74,8.49,8.67,5129604,62216512.0
2017-02-17,8.73,8.88,8.61,8.62,4689336,57562551.0
2017-02-20,8.61,8.72,8.55,8.66,2337779,28240273.0
2017-02-21,8.72,8.74,8.6,8.71,2569210,31302502.0
2017-02-22,8.71,8.74,8.61,8.69,2383501,29001722.0
2017-02-23,8.74,9.01,8.69,8.93,8159746,101413794.0
2017-02-24,8.92,9.03,8.83,8.94,5353544,67235589.0
2017-02-27,8.98,9.2,8.92,9.02,6982459,89021025.0
2017-02-28,9.02,9.18,9.02,9.15,6719681,86167572.0
2017-03-01,9.16,9.2,9.03,9.03,4624360,59178529.0
2017-03-02,9.06,9.22,8.93,8.94,4873525,62098079.0
2017-03-03,8.93,9.16,8.87,9.1,4344950,55121924.0
2017-03-06,9.17,9.59,9.08,9.57,13750956,181722320.0
2017-03-07,9.58,9.69,9.45,9.55,6810150,91712849.0
2017-03-08,9.54,9.74,9.41,9.68,8231900,110974689.0
2017-03-09,9.65,9.65,9.37,9.47,6392541,85211008.0
2017-03-10,9.55,9.61,9.26,9.29,5290592,69609238.0
2017-03-13,9.33,9.53,9.28,9.4,5800219,76748797.0
2017-03-14,9.36,9.76,9.36,9.58,10442945,141637884.0
2017-03-15,9.55,9.97,9.55,9.86,11316745,156682984.0
2017-03-16,9.92,10.82,9.92,10.47,29346847,430135156.0
2017-03-17,10.64,10.86,10.32,10.4,17336218,258205085.0
2017-03-20,10.43,10.58,10.28,10.47,10705527,156954878.0
2017-03-21,10.49,10.76,10.49,10.64,10828191,161758599.0
2017-03-22,10.53,10.63,10.33,10.44,7681943,112988995.0
2017-03-23,10.45,10.67,10.18,10.35,11481729,166979893.0
2017-03-24,10.42,10.74,10.32,10.65,11659122,173539735.0
2017-03-27,11.03,11.03,10.32,10.32,10194857,150439280.0
2017-03-28,10.23,10.56,10.03,10.52,10465868,152683959.0
2017-03-29,10.54,10.64,10.32,10.33,6454158,94911572.0
2017-03-30,10.24,10.45,10.08,10.11,5670439,81545102.0
2017-03-31,10.11,10.29,10.05,10.14,3199808,45572335.0
2017-04-05,10.14,10.57,10.11,10.54,6675831,97544512.0
2017-04-06,10.49,10.55,10.32,10.46,5529181,81013998.0
2017-04-07,10.37,10.79,10.37,10.54,6764896,100863756.0
2017-04-10,10.49,10.62,10.03,10.24,7790305,112553996.0
2017-04-11,10.22,10.27,9.9,10.09,5546035,78476185.0
2017-04-12,10.14,10.14,9.75,9.77,4750062,66109933.0
2017-04-13,9.82,9.98,9.75,9.78,3447508,47594269.0
2017-04-14,9.76,9.85,9.6,9.68,2614163,35537347.0
2017-04-17,9.67,9.68,9.35,9.68,4886751,64972329.0
2017-04-18,9.64,9.74,9.47,9.47,2562231,34430045.0
2017-04-19,9.33,9.39,9.1,9.34,4590448,59619997.0
2017-04-20,9.34,9.46,9.08,9.43,4043096,52542475.0
2017-04-21,9.45,9.6,9.36,9.5,3209763,42810738.0
2017-04-24,9.43,9.5,9.03,9.19,4799336,61677134.0
2017-04-25,9.29,9.29,8.55,8.69,7009668,87511692.0
2017-04-26,8.71,8.9,8.65,8.69,3549038,43647401.0
2017-04-27,8.61,9.31,8.61,9.18,5516660,69318903.0
2017-04-28,9.06,9.38,9.06,9.26,2928149,38041649.0
2017-05-02,9.26,9.67,9.25,9.48,4546694,60747012.0
2017-05-03,9.44,9.55,9.26,9.33,4168902,54773312.0
2017-05-04,9.34,9.56,9.3,9.38,3614506,47879006.0
2017-05-05,9.37,9.43,9.25,9.29,2612968,34176457.0
2017-05-08,9.25,9.43,9.15,9.25,3468711,45253657.0
2017-05-09,9.18,9.4,8.93,9.38,3939201,50798316.0
2017-05-10,9.34,9.51,9.04,9.13,4726909,61749431.0
2017-05-11,9.13,9.21,8.65,9.11,3834334,47899898.0
2017-05-12,9.11,9.16,8.98,9.09,1717541,21905620.0
2017-05-15,9.1,9.17,8.97,8.98,1631759,20730564.0
2017-05-16,8.91,9.18,8.78,9.12,3523031,44603632.0
2017-05-17,9.12,9.48,9.12,9.25,4944874,64624554.0
2017-05-18,9.15,9.43,9.04,9.22,4066669,53086453.0
2017-05-19,9.25,9.45,9.15,9.41,3217280,42335159.0
2017-05-22,9.41,9.53,9.31,9.39,2932120,38740172.0
2017-05-23,9.39,9.39,8.83,8.86,4947955,62693969.0
2017-05-24,8.83,9.0,8.7,8.91,2512194,31310694.0
2017-05-25,8.9,9.03,8.79,9.01,2164137,27072227.0
2017-05-26,8.93,9.06,8.87,8.92,1744035,21898102.0
2017-05-31,9.06,9.09,8.71,8.85,4641292,57763802.0
2017-06-01,8.88,8.88,8.34,8.39,6343588,75832972.0
2017-06-02,8.35,8.57,8.08,8.4,3862392,45006418.0
2017-06-05,8.37,8.64,8.35,8.54,3479012,41658458.0
2017-06-06,8.54,8.7,8.54,8.63,3327470,40371323.0
2017-06-07,8.63,8.95,8.63,8.87,4799802,59729240.0
2017-06-08,8.83,8.85,8.65,8.76,3711509,45583647.0
2017-06-09,8.74,8.85,8.68,8.69,4078823,50087346.0
2017-06-12,8.62,8.74,8.55,8.61,2985744,36355847.0
2017-06-13,8.61,8.66,8.51,8.66,3412770,41156136.0
2017-06-14,8.59,8.7,8.59,8.66,1997260,24299023.0
2017-06-15,8.61,8.93,8.61,8.93,4431041,55113169.0
2017-06-16,8.93,9.06,8.82,9.01,2762516,34618498.0
2017-06-19,9.01,9.06,8.9,8.97,2193237,27613916.0
2017-06-20,9.16,9.24,8.95,8.98,4234908,54395486.0
2017-06-21,9.06,9.19,8.93,9.02,2791704,35213667.0
2017-06-22,9.1,9.29,8.91,8.91,3587151,45550380.0
2017-06-23,8.91,9.08,8.87,9.06,2772025,34607806.0
2017-06-26,9.06,9.19,8.83,9.03,5560227,69466452.0
2017-06-27,9.03,9.21,8.92,9.1,5081351,64202604.0
2017-06-28,9.04,9.09,8.86,8.89,2777452,34602255.0
2017-06-29,9.0,9.09,8.95,9.02,3613713,45477752.0
2017-06-30,9.06,9.06,8.9,8.96,4334582,54063563.0
2017-07-03,8.98,9.51,8.98,9.49,8772647,113839771.0
2017-07-04,9.69,9.97,9.62,9.81,12839645,175200205.0
2017-07-05,9.73,9.92,9.58,9.82,6853566,93007447.0
2017-07-06,9.79,10.1,9.75,9.92,8371593,116180581.0
2017-07-07,9.87,10.07,9.8,9.97,6668723,92364635.0
2017-07-10,10.03,10.03,9.67,9.83,7546889,103478383.0
2017-07-11,9.79,9.85,9.64,9.69,4267226,57893409.0
2017-07-12,9.64,9.94,9.58,9.94,5626345,76585546.0
2017-07-13,9.92,10.1,9.71,9.76,8035213,110103065.0
2017-07-14,9.77,9.79,9.47,9.54,6229417,83154245.0
2017-07-17,9.55,9.59,8.81,8.99,8336951,107210431.0
2017-07-18,8.99,9.06,8.62,8.86,6813208,83377060.0
2017-07-19,8.84,9.16,8.78,9.16,6194019,77236513.0
2017-07-20,9.16,9.44,9.05,9.29,5408769,70399610.0
2017-07-21,9.28,9.53,9.21,9.36,7816420,102390387.0
2017-07-24,9.42,9.59,9.19,9.24,8006085,104245380.0
2017-07-25,9.29,9.33,8.93,9.03,7494152,95014612.0
2017-07-26,8.99,9.22,8.99,9.19,5061745,64388702.0
2017-07-27,9.31,10.1,9.26,10.1,24364759,337470618.0
2017-07-28,10.19,10.38,10.02,10.16,24503538,346976598.0
2017-07-31,10.19,10.68,10.18,10.33,21211454,307075927.0
2017-08-01,10.37,11.02,10.37,10.74,25224298,375665641.0
2017-08-02,10.74,10.84,10.45,10.47,20006481,296223958.0
2017-08-03,10.44,10.85,10.33,10.55,19371310,286570640.0
2017-08-04,10.56,10.61,10.25,10.37,13971756,202414365.0
2017-08-07,10.34,10.51,10.18,10.39,10359182,149283023.0
2017-08-08,10.49,10.64,10.28,10.61,14487635,211412878.0
2017-08-09,10.62,10.62,10.11,10.19,13664346,196103834.0
2017-08-10,10.1,10.24,9.82,10.0,15581054,216767658.0
2017-08-11,9.8,10.08,9.77,9.94,8234732,114136761.0
2017-08-14,9.93,10.44,9.87,10.42,14337879,204801696.0
2017-08-15,10.43,10.47,10.24,10.35,7215157,103719920.0
2017-08-16,10.67,10.94,10.51,10.67,24377423,364054142.0
2017-08-17,10.58,10.86,10.47,10.69,17288546,255725183.0
2017-08-18,10.59,11.32,10.55,11.18,34979042,535736734.0
2017-08-21,11.05,11.24,10.94,11.16,19900682,307097175.0
2017-08-22,11.06,11.16,10.66,10.83,18228496,277260724.0
2017-08-23,10.78,10.91,10.62,10.76,12525622,187813282.0
2017-08-24,10.78,10.99,10.58,10.91,11588779,174094388.0
2017-08-25,10.82,10.94,10.67,10.87,8379154,126318607.0
2017-08-28,10.75,11.17,10.73,11.05,10927035,167844872.0
2017-08-29,10.95,10.96,10.34,10.52,22463880,331506811.0
2017-08-30,10.49,10.56,10.33,10.51,8678258,126477395.0
2017-08-31,10.58,10.58,10.44,10.56,5207174,76291277.0
2017-09-01,10.65,10.67,10.46,10.61,7619473,112105638.0
2017-09-04,10.64,10.65,10.25,10.41,15402290,223628731.0
2017-09-05,10.41,10.58,10.3,10.46,10196370,148868580.0
2017-09-06,10.41,10.75,10.38,10.67,12007106,177922457.0
2017-09-07,10.68,10.81,10.19,10.23,16625602,242152458.0
2017-09-08,10.13,10.45,10.06,10.23,8831357,125533263.0
2017-09-11,10.3,10.42,10.19,10.41,9062325,130333747.0
2017-09-12,10.41,11.45,10.4,10.95,37733671,586044428.0
2017-09-13,11.06,11.57,10.98,11.35,34474288,540341654.0
2017-09-14,11.43,11.73,11.25,11.41,30518858,490036759.0
2017-09-15,11.32,11.41,11.12,11.28,12206493,191057761.0
2017-09-18,11.23,11.55,11.17,11.42,14662640,231878488.0
2017-09-19,11.4,11.65,11.08,11.16,19007374,301828065.0
2017-09-20,11.07,11.5,10.97,11.5,18288371,286724559.0
2017-09-21,11.44,11.57,10.9,10.92,15326703,240215555.0
2017-09-22,10.9,11.09,10.83,11.02,10114502,154606443.0
2017-09-25,11.11,11.11,10.58,10.73,10783365,162166820.0
2017-09-26,10.65,10.82,10.53,10.79,6097267,90931541.0
2017-09-27,10.79,10.99,10.7,10.94,5843945,88464318.0
2017-09-28,10.94,11.02,10.83,10.97,8290230,126120607.0
2017-09-29,10.96,11.09,10.81,10.99,9449985,144464192.0
2017-10-09,11.09,11.42,10.93,11.14,11798959,183663262.0
2017-10-10,11.21,11.24,10.71,10.88,12712142,193122278.0
2017-10-11,10.84,10.94,10.79,10.81,7771217,117513038.0
2017-10-12,10.84,10.91,10.63,10.76,6387380,95878202.0
2017-10-13,11.26,11.64,11.09,11.4,34444751,545907451.0
2017-10-16,11.48,11.55,11.21,11.41,14294207,226203585.0
2017-10-17,11.42,11.53,11.14,11.48,13070952,207099053.0
2017-10-18,11.46,12.18,11.42,11.96,31533482,522088155.0
2017-10-19,11.87,12.26,11.66,12.06,23648516,395771410.0
2017-10-20,11.98,12.11,11.89,12.06,10888042,182227583.0
2017-10-23,12.13,12.45,11.88,11.91,15987350,269759526.0
2017-10-24,11.87,12.11,11.67,12.05,11070821,182664868.0
2017-10-25,11.93,12.32,11.8,12.26,14701702,248294191.0
2017-10-26,12.2,12.46,12.11,12.46,15407433,264952330.0
2017-10-27,12.44,12.86,12.29,12.46,18244428,319829294.0
2017-10-30,12.44,12.44,11.87,12.06,15148145,256390839.0
2017-10-31,12.08,12.11,11.7,11.98,14144099,234469924.0
2017-11-01,12.01,13.18,11.86,13.0,42166753,756708351.0
2017-11-02,12.81,13.18,12.74,13.05,22173056,401423374.0
2017-11-03,12.87,13.7,12.87,13.4,27021598,505569520.0
2017-11-06,13.43,13.97,13.38,13.53,26902888,511603767.0
2017-11-07,13.51,13.79,13.23,13.49,21142315,398350613.0
2017-11-08,13.61,14.73,13.51,14.36,32472856,642135605.0
2017-11-09,14.34,14.68,14.15,14.68,18483030,372044619.0
2017-11-10,14.61,15.67,14.5,14.93,25636470,538632718.0
2017-11-13,15.11,15.41,14.67,15.2,27835165,580909603.0
2017-11-14,15.2,15.75,14.17,14.4,31349215,649632101.0
2017-11-15,14.0,14.26,13.44,13.66,45278993,873259729.0
2017-11-16,13.77,14.0,13.46,13.79,29233177,558903892.0
2017-11-17,13.82,14.09,12.92,12.95,32352932,616307235.0
2017-11-20,13.02,14.24,12.9,14.24,37399739,709188870.0
2017-11-21,14.64,14.86,14.35,14.78,38563297,785950288.0
2017-11-22,14.59,15.16,14.19,14.53,33268601,678978481.0
2017-11-23,14.53,14.84,13.56,13.76,30851390,604795937.0
2017-11-24,13.57,14.1,13.28,13.35,22033622,419770695.0
2017-11-27,13.38,13.75,12.61,12.83,22117810,408963146.0
2017-11-28,12.95,13.56,12.95,13.49,16878979,311266343.0
2017-11-29,13.91,14.51,13.33,14.21,30952819,599316537.0
2017-11-30,14.03,14.33,13.52,13.82,21666109,421060037.0
2017-12-01,13.63,14.53,13.46,14.27,25493324,503245294.0
2017-12-04,14.13,14.5,13.92,14.0,20004777,395594572.0
2017-12-05,13.86,14.0,12.81,13.18,36023484,663545829.0
2017-12-06,13.05,13.6,12.92,13.6,15342828,283391606.0
2017-12-07,13.51,13.71,13.15,13.18,12276293,229421843.0
2017-12-08,12.99,13.74,12.99,13.38,15329482,287292116.0
2017-12-11,13.62,14.2,13.35,14.13,20435234,395242032.0
2017-12-12,14.22,14.95,14.06,14.17,31969654,647007292.0
2017-12-13,14.33,14.78,13.94,14.77,33584741,674185386.0
2017-12-14,14.64,14.92,14.44,14.85,28491260,583077318.0
2017-12-15,14.64,14.87,14.19,14.37,20691148,418132136.0
2017-12-18,14.22,14.73,14.07,14.48,16790870,336472974.0
2017-12-19,14.37,15.13,14.27,15.01,32793120,675959801.0
2017-12-20,15.07,15.35,14.46,14.66,27391539,570145374.0
2017-12-21,14.65,15.94,14.46,15.86,38323537,815247664.0
2017-12-22,15.68,15.9,15.58,15.77,23443793,514595313.0
2017-12-25,15.79,16.15,15.06,15.34,29743922,645823962.0
2017-12-26,15.22,16.12,14.83,16.12,27566450,592044110.0
2017-12-27,15.86,16.11,14.65,14.92,25640945,552649224.0
2017-12-28,14.66,15.29,14.66,14.85,16592669,346215305.0
2017-12-29,14.85,15.29,14.75,15.01,15175911,318479356.0
2018-01-02,15.21,15.74,15.08,15.35,18234977,391526384.0
2018-01-03,15.31,15.46,14.98,15.31,17286502,367304216.0
2018-01-04,15.29,15.72,15.07,15.31,18384841,393486930.0
2018-01-05,15.25,15.29,14.15,14.38,36824367,750136075.0
2018-01-08,14.27,14.45,13.86,14.34,19531996,385052638.0
2018-01-09,14.28,14.51,13.99,14.27,16114518,319527892.0
2018-01-10,14.12,14.31,13.28,13.54,32322099,615944523.0
2018-01-11,13.49,13.91,13.22,13.62,17790801,337389259.0
2018-01-12,13.91,13.92,13.39,13.62,14528774,276922326.0
2018-01-15,13.7,13.99,13.19,13.63,18344523,349314050.0
2018-01-16,13.63,13.84,13.3,13.49,15708937,296737649.0
2018-01-17,13.69,14.5,13.24,14.14,26853007,523533530.0
2018-01-18,14.06,14.42,13.91,14.18,16255804,320948676.0
2018-01-19,14.2,14.53,14.03,14.24,16981965,338474065.0
2018-01-22,14.28,14.98,14.03,14.75,27235747,554720414.0
2018-01-23,14.65,14.91,14.54,14.68,14054093,287935812.0
2018-01-24,14.62,15.2,14.28,15.05,25644231,528906914.0
2018-01-25,14.96,15.1,14.72,14.73,14960674,311426835.0
2018-01-26,14.64,15.16,14.5,14.57,15035657,311613036.0
2018-01-29,14.52,14.71,13.12,13.12,41389506,774921707.0
2018-01-30,12.97,13.13,12.62,12.83,23298860,417222073.0
2018-01-31,12.67,13.1,12.67,12.82,12896586,231914884.0
2018-02-01,12.77,13.03,12.06,12.39,17309408,301414903.0
2018-02-02,12.34,12.74,12.16,12.39,11977643,208484296.0
2018-02-05,12.2,12.74,12.13,12.5,9387262,163574324.0
2018-02-06,12.09,12.37,11.25,11.25,26038964,418814016.0
2018-02-07,11.51,11.58,10.13,10.61,38725391,572747141.0
2018-02-08,10.41,11.47,10.41,11.21,23650416,365326326.0
2018-02-09,10.96,11.66,10.76,11.22,28221254,442713836.0
2018-02-12,11.27,11.95,11.27,11.7,22975435,373980252.0
2018-02-13,11.84,12.02,11.58,11.7,14448413,236503433.0
2018-02-14,11.75,11.88,11.56,11.8,7536530,123476529.0
2018-02-22,12.05,12.32,11.7,12.16,11743960,198627660.0
2018-02-23,12.11,12.13,11.63,11.91,15575641,257435170.0
2018-02-26,12.11,12.82,11.98,12.55,22465799,390005029.0
2018-02-27,12.56,13.35,12.49,12.84,27904467,506903614.0
2018-02-28,12.63,13.25,12.52,12.81,14801042,266887922.0
2018-03-01,12.67,13.32,12.67,13.1,18825439,343451248.0
2018-03-02,13.05,13.86,12.95,13.63,25452036,481490567.0
2018-03-05,13.46,13.79,13.32,13.74,15104901,285300915.0
2018-03-06,14.35,14.81,14.07,14.22,30167212,605260741.0
2018-03-07,14.34,14.68,14.19,14.34,17138961,344665420.0
2018-03-08,14.19,14.48,14.11,14.2,12516970,248276326.0
2018-03-09,14.17,14.9,14.14,14.85,21628494,439974124.0
2018-03-12,14.95,15.54,14.85,15.36,24334535,517356655.0
2018-03-13,15.29,15.88,15.14,15.33,23788485,515046887.0
2018-03-14,15.29,15.54,14.78,14.81,18991997,399619060.0
2018-03-15,15.27,16.15,15.11,15.65,33901916,739759661.0
2018-03-16,15.69,15.86,15.43,15.56,18025422,393298429.0
2018-03-19,15.46,16.11,15.18,15.18,20496474,447162716.0
2018-03-20,15.14,15.68,15.07,15.4,15508820,332116221.0
2018-03-21,15.62,15.73,14.72,14.72,17692016,376966172.0
2018-03-22,14.98,15.21,14.75,14.95,17487400,364884229.0
2018-03-23,14.42,15.22,13.99,14.37,23121625,474227939.0
2018-03-26,14.28,15.55,14.28,15.44,32241578,678025336.0
2018-03-27,15.54,16.48,15.32,16.36,41675462,930413078.0
2018-03-28,16.09,16.53,16.09,16.24,21380663,484996999.0
2018-03-29,16.29,16.46,15.77,16.15,16636848,372538047.0
2018-03-30,16.18,17.27,16.15,17.12,25486226,594054635.0
2018-04-02,17.34,17.77,16.76,17.11,26385156,633057997.0
2018-04-03,16.72,16.9,16.1,16.71,25356673,581266456.0
2018-04-04,16.95,17.14,16.22,16.45,19101975,440780374.0
2018-04-09,16.37,16.86,15.92,16.26,15346190,351103605.0
2018-04-10,16.36,16.5,15.77,16.21,18768108,418260981.0
2018-04-11,16.36,16.72,16.02,16.18,15855793,362415421.0
2018-04-12,16.18,16.68,16.15,16.33,13390246,307078254.0
2018-04-13,16.55,16.65,16.06,16.4,12120818,276743674.0
2018-04-16,16.28,16.96,16.22,16.95,20545844,478204799.0
2018-04-17,17.04,17.8,16.07,16.31,31750528,750279030.0
2018-04-18,16.31,17.8,16.12,17.66,33595967,797472573.0
2018-04-19,17.55,18.12,17.07,17.09,39948741,986357450.0
2018-04-20,17.14,17.54,16.71,16.87,20934426,499642680.0
2018-04-23,16.95,17.22,15.18,15.47,31826544,704729484.0
2018-04-24,15.7,16.78,15.54,16.73,25346086,574149200.0
2018-04-25,16.65,17.62,16.55,17.13,21765160,522745402.0
2018-04-26,17.33,17.57,16.9,17.29,23007826,557254727.0
2018-04-27,17.49,17.58,16.47,17.11,18189468,433245441.0
2018-05-02,16.98,17.58,16.92,17.0,13996435,334919191.0
2018-05-03,17.22,18.63,16.56,18.51,30396408,748397930.0
2018-05-04,18.36,18.64,18.03,18.04,22628811,579248963.0
2018-05-07,18.12,18.8,17.88,18.7,21429806,550218813.0
2018-05-08,18.67,18.79,18.21,18.64,13671727,352019193.0
2018-05-09,18.66,19.22,18.48,18.54,17090731,448879889.0
2018-05-10,18.37,18.53,17.83,18.16,16308080,412555696.0
2018-05-11,18.28,18.41,17.85,17.95,11016388,277840707.0
2018-05-14,17.72,18.19,17.58,17.89,10978665,272748102.0
2018-05-15,17.93,18.08,17.24,17.96,15374263,378679218.0
2018-05-16,17.83,18.0,17.6,17.62,8775087,217349757.0
2018-05-17,17.57,17.88,17.43,17.53,9349687,229941462.0
2018-05-18,17.58,17.72,16.79,17.01,17560416,420144316.0
2018-05-21,17.13,18.33,17.13,18.2,21104956,526362912.0
2018-05-22,18.21,18.29,17.69,17.96,14392017,359728116.0
2018-05-23,17.71,18.14,17.69,17.73,14987056,286703755.0
2018-05-24,17.8,17.88,16.35,16.83,36186185,652992609.0
2018-05-25,16.49,16.77,15.27,15.91,37281111,633385988.0
2018-05-28,15.74,15.83,15.07,15.2,33892809,557205836.0
2018-05-29,15.34,15.99,15.08,15.14,35646882,592370112.0
2018-05-30,14.61,15.59,14.57,15.13,21356398,346362570.0
2018-05-31,15.3,15.41,14.38,14.77,24332161,384925285.0
2018-06-01,14.73,14.93,13.94,14.17,25146383,386479143.0
2018-06-04,13.11,13.11,12.76,12.76,17282900,237467196.0
2018-06-05,11.8,12.55,11.48,12.46,77530175,984640491.0
2018-06-06,12.22,12.37,11.75,12.04,47254398,608291036.0
2018-06-07,12.22,12.43,11.93,12.06,26953776,349845233.0
2018-06-08,11.83,12.13,11.58,11.87,23366713,295737673.0
2018-06-11,11.93,11.97,11.24,11.33,28590361,353444860.0
2018-06-12,11.61,12.24,11.4,12.12,44951432,569704622.0
2018-06-13,12.13,12.55,11.92,12.05,36751268,479972865.0
2018-06-14,12.07,12.21,11.78,11.91,22912903,293124536.0
2018-06-15,11.99,12.39,11.91,12.07,25236570,326244693.0
2018-06-19,11.89,12.18,10.86,11.27,37097369,458794997.0
2018-06-20,11.3,12.04,11.3,11.99,29333539,366766064.0
2018-06-21,11.99,12.13,11.25,11.47,29649688,368242858.0
2018-06-22,11.43,11.85,11.27,11.54,23761315,294439335.0
2018-06-25,11.72,11.76,11.04,11.08,30394954,366619151.0
2018-06-26,10.8,11.65,10.66,11.55,31728926,383908363.0
2018-06-27,11.81,12.1,11.63,11.84,31414370,397699998.0
2018-06-28,11.96,12.31,11.83,11.99,27181967,349677206.0
2018-06-29,12.06,12.54,11.67,12.45,37123174,483590484.0
2018-07-02,12.46,12.65,11.83,12.08,30582880,399975272.0
2018-07-03,12.11,12.81,11.99,12.66,38715610,513144603.0
2018-07-04,12.49,12.6,12.23,12.35,26601397,352557934.0
2018-07-05,12.34,12.34,11.56,11.59,26677382,341654619.0
2018-07-06,11.71,12.24,11.44,11.81,31780665,401377695.0
2018-07-09,11.96,12.22,11.95,12.09,21544872,278253216.0
2018-07-10,12.32,12.43,11.99,12.26,24342411,317349240.0
2018-07-11,11.9,12.13,11.69,11.98,24728505,314475727.0
2018-07-12,12.36,13.18,12.31,13.18,50447774,689853666.0
2018-07-13,13.38,13.53,13.13,13.35,47405941,673928456.0
2018-07-16,13.52,14.12,13.47,13.73,43011627,633580303.0
2018-07-17,13.6,14.0,13.36,13.97,29738059,435287224.0
2018-07-18,13.9,14.12,13.52,13.61,24498837,360559786.0
2018-07-19,13.52,13.72,13.13,13.36,25924548,370543242.0
2018-07-20,13.39,13.8,13.23,13.79,27834862,404383031.0
2018-07-23,13.82,14.29,13.74,14.09,31773166,477136528.0
2018-07-24,14.18,14.22,13.73,13.94,29204849,434428110.0
2018-07-25,13.97,14.33,13.87,14.3,29165486,439776815.0
2018-07-26,14.2,14.25,13.5,13.71,24562214,363048595.0
2018-07-27,13.59,13.71,13.41,13.44,16953196,244739050.0
2018-07-30,13.3,13.46,12.76,12.94,22468639,313289278.0
2018-07-31,13.01,13.16,12.7,12.93,16950212,233754351.0
2018-08-01,12.89,13.52,12.89,13.02,24526759,345807963.0
2018-08-02,12.91,12.98,12.43,12.81,20218703,273645242.0
2018-08-03,12.74,12.88,12.18,12.18,19635287,259987073.0
2018-08-06,11.95,12.31,11.33,11.72,17768486,226041427.0
2018-08-07,11.85,12.27,11.61,12.24,16845260,215429985.0
2018-08-08,12.15,12.21,11.62,11.75,15914937,202440383.0
2018-08-09,11.69,12.47,11.66,12.31,23703018,309640859.0
2018-08-10,12.25,12.49,12.19,12.42,19756963,260411015.0
2018-08-13,12.2,12.85,12.11,12.83,19400521,258665844.0
2018-08-14,12.75,12.78,12.39,12.51,15656093,209761093.0
2018-08-15,12.43,12.6,11.84,11.9,21171960,274375302.0
2018-08-16,11.61,12.12,11.48,11.82,13202187,167358564.0
2018-08-17,12.05,12.11,11.44,11.51,13418961,168940876.0
2018-08-20,11.51,11.81,11.35,11.76,11666754,144181336.0
2018-08-21,11.75,11.97,11.6,11.77,15796722,198874780.0
2018-08-22,11.94,12.25,11.84,11.9,19162641,245963823.0
2018-08-23,11.94,12.18,11.81,12.09,15073353,193833108.0
2018-08-24,12.08,12.17,11.83,11.91,10435266,133124859.0
2018-08-27,12.05,12.4,11.92,12.32,19586046,255178499.0
2018-08-28,12.44,12.59,12.23,12.31,18212023,241487344.0
2018-08-29,12.21,12.26,11.93,12.03,14795671,190165925.0
2018-08-30,12.04,12.08,11.61,11.64,14604416,183729848.0
2018-08-31,11.56,11.82,11.5,11.57,9311313,115716492.0
2018-09-03,11.75,11.89,11.56,11.75,12168707,152237434.0
2018-09-04,11.68,12.06,11.63,11.97,14967906,189017482.0
2018-09-05,11.93,12.6,11.9,12.33,37759960,496968573.0
2018-09-06,12.27,12.57,12.09,12.39,21080312,278618523.0
2018-09-07,12.36,12.87,12.05,12.64,32005300,428292399.0
2018-09-10,12.6,12.61,12.21,12.26,18945759,251158177.0
2018-09-11,12.34,12.5,12.12,12.44,13931441,183413152.0
2018-09-12,12.45,12.55,12.23,12.29,11608499,153458862.0
2018-09-13,12.55,12.64,12.09,12.46,15949464,210305787.0
2018-09-14,12.45,12.46,11.21,11.21,31972042,401974161.0
2018-09-17,10.86,10.86,10.12,10.49,27623044,308235186.0
2018-09-18,10.42,10.78,10.42,10.71,15739506,178135078.0
2018-09-19,10.64,11.07,10.5,10.81,18435916,211838928.0
2018-09-20,10.77,10.99,10.56,10.63,12376183,142056498.0
2018-09-21,10.68,10.91,10.58,10.85,12278048,141370120.0
2018-09-25,10.64,11.0,10.64,10.84,9164567,106133530.0
2018-09-26,10.9,11.01,10.72,10.89,12302722,142714252.0
2018-09-27,10.9,10.91,10.39,10.46,17905435,202856841.0
2018-09-28,10.58,10.64,10.42,10.53,11400062,128069674.0
2018-10-08,10.28,10.28,9.48,9.48,24246361,253619508.0
2018-10-09,9.48,9.65,9.24,9.41,13835117,139286737.0
2018-10-10,9.46,9.52,9.18,9.36,15349090,153593704.0
2018-10-11,8.77,8.99,8.42,8.42,20416558,188769715.0
2018-10-12,8.29,8.72,8.08,8.6,20378049,182831056.0
2018-10-15,8.72,8.94,8.54,8.58,13022341,121316915.0
2018-10-16,8.67,8.77,8.18,8.31,15914957,143711388.0
2018-10-17,8.5,8.79,8.44,8.74,20888389,191857154.0
2018-10-18,8.71,8.74,8.4,8.43,15387435,140010274.0
2018-10-19,8.18,8.79,8.15,8.72,18051430,165530318.0
2018-10-22,8.89,9.46,8.81,9.24,25268987,246334413.0
2018-10-23,9.15,9.32,8.92,8.96,15350249,149115873.0
2018-10-24,8.94,9.11,8.86,8.93,10239070,98301673.0
2018-10-25,8.55,8.63,8.06,8.46,22675361,202561569.0
2018-10-26,8.57,8.71,8.47,8.61,13476472,123806418.0
2018-10-29,8.69,8.81,8.57,8.65,12236712,113604250.0
2018-10-30,8.54,8.58,8.16,8.43,20353924,182256691.0
2018-10-31,8.52,8.74,8.44,8.63,17025405,156396579.0
2018-11-01,8.79,9.11,8.69,8.79,26816858,253758546.0
2018-11-02,9.12,9.68,9.03,9.68,46943873,468532223.0
2018-11-05,10.29,10.64,9.88,10.12,61703359,675461256.0
2018-11-06,10.13,10.13,9.68,10.08,23969813,254668651.0
2018-11-07,9.98,10.46,9.98,10.02,25388818,276577099.0
2018-11-08,10.12,10.17,9.7,9.75,18654825,196716309.0
2018-11-09,9.76,9.92,9.68,9.73,12578928,131757804.0
2018-11-12,9.71,10.31,9.7,10.29,21027867,226602423.0
2018-11-13,10.12,10.48,10.05,10.45,24432207,269594424.0
2018-11-14,10.42,10.51,10.23,10.39,14726627,163004071.0
2018-11-15,10.17,10.52,10.16,10.49,15858691,175083011.0
2018-11-16,10.68,11.09,10.62,10.78,25325644,292809556.0
2018-11-19,10.68,10.73,10.47,10.62,16517778,186742072.0
2018-11-20,10.47,10.52,10.02,10.06,18663641,204782068.0
2018-11-21,9.88,10.23,9.81,10.18,12065934,130054581.0
2018-11-22,10.17,10.26,9.99,10.05,9295056,100412691.0
2018-11-23,10.07,10.1,9.45,9.46,17690155,182823280.0
2018-11-26,9.44,9.54,9.18,9.25,15250753,151877325.0
2018-11-27,9.39,9.44,9.23,9.27,9366359,93291668.0
2018-11-28,9.28,9.96,9.12,9.79,23350470,240026605.0
2018-11-29,9.79,9.89,9.43,9.44,14254920,147836245.0
2018-11-30,9.46,9.65,9.26,9.56,11552607,116781290.0
2018-12-03,9.98,10.11,9.84,10.0,22748859,242115685.0
2018-12-04,9.93,10.04,9.84,10.02,13153713,139618503.0
2018-12-05,9.8,10.55,9.72,10.28,26486103,288307001.0
2018-12-06,10.16,10.64,10.1,10.27,29354088,326735135.0
2018-12-07,10.42,10.46,10.12,10.21,14608855,160158626.0
2018-12-10,10.18,10.39,10.05,10.13,12602395,137405307.0
2018-12-11,10.22,10.43,10.16,10.4,13497340,148697236.0
2018-12-12,10.44,10.46,10.16,10.28,10055852,110480802.0
2018-12-13,10.36,10.42,10.11,10.28,13382240,147008430.0
2018-12-14,10.27,10.32,9.8,9.81,13980308,149831621.0
2018-12-17,9.81,10.06,9.6,9.98,12810353,134716935.0
2018-12-18,9.93,10.13,9.75,9.93,10358840,109993700.0
2018-12-19,9.98,9.98,9.66,9.7,8480770,88934661.0
2018-12-20,9.68,10.01,9.68,9.93,10919237,115489900.0
2018-12-21,9.9,9.98,9.38,9.5,15413334,158347063.0
2018-12-24,9.53,10.07,9.51,10.03,17198194,180181957.0
2018-12-25,10.0,10.16,9.7,10.14,16387419,173864310.0
2018-12-26,10.13,10.13,9.77,9.77,11641189,123542330.0
2018-12-27,9.95,9.98,9.51,9.53,12554814,130624215.0
2018-12-28,9.55,9.66,9.23,9.39,16823177,168047073.0
2019-01-02,9.39,9.4,9.13,9.18,9497660,93910148.0
2019-01-03,9.18,9.2,8.92,8.94,10430806,100285649.0
2019-01-04,8.72,9.3,8.62,9.24,17080779,163941371.0
2019-01-07,9.35,9.64,9.23,9.55,14257839,144032250.0
2019-01-08,9.46,9.61,9.42,9.48,9229150,93811256.0
2019-01-09,9.53,9.8,9.45,9.59,13955527,143960565.0
2019-01-10,9.62,9.98,9.58,9.68,17290440,180300817.0
2019-01-11,9.68,9.75,9.44,9.59,11977398,122525355.0
2019-01-14,9.55,9.58,9.42,9.45,8295363,83959248.0
2019-01-15,9.42,9.7,9.3,9.7,14161766,144106029.0
2019-01-16,9.67,9.78,9.48,9.51,11325926,116360661.0
2019-01-17,9.49,9.53,9.29,9.29,10392874,103846505.0
2019-01-18,9.36,9.6,9.25,9.54,11839527,119168634.0
2019-01-21,9.64,9.78,9.48,9.6,15269433,156826405.0
2019-01-22,9.6,9.6,8.65,8.79,39252757,377761139.0
2019-01-23,8.73,8.85,8.46,8.65,18310073,168786642.0
2019-01-24,8.66,9.1,8.64,8.96,22626495,215670191.0
2019-01-25,8.96,9.13,8.8,8.86,14937025,143308115.0
2019-01-28,8.94,9.18,8.87,8.96,13541908,130659631.0
2019-01-29,8.96,9.04,8.52,8.93,15519608,146126377.0
2019-01-30,8.83,9.82,8.83,9.82,58227203,596442367.0
2019-01-31,9.68,9.98,9.54,9.68,41559787,432281303.0
2019-02-01,9.9,10.65,9.72,10.52,50857540,556485070.0
2019-02-11,10.57,11.22,10.57,10.91,38665677,449724661.0
2019-02-12,10.92,11.09,10.79,10.93,22648409,263666416.0
2019-02-13,10.94,11.1,10.82,11.09,25863960,303594954.0
2019-02-14,10.98,12.06,10.87,11.57,36120670,438632799.0
2019-02-15,11.47,11.47,11.16,11.33,22170778,267548582.0
2019-02-18,11.38,11.85,11.33,11.81,22495590,281112283.0
2019-02-19,11.84,12.16,11.16,11.36,32358411,400472177.0
2019-02-20,11.29,11.6,11.2,11.47,23322681,284144593.0
2019-02-21,11.38,12.04,11.24,11.33,39207903,486283972.0
2019-02-22,11.33,12.47,11.33,12.34,46371622,592028785.0
2019-02-25,12.55,13.58,12.45,13.32,58917820,827503292.0
2019-02-26,13.32,13.92,12.93,12.97,41582001,588112205.0
2019-02-27,13.0,13.1,12.23,12.44,35897518,483115828.0
2019-02-28,12.46,12.8,12.28,12.57,21666432,292322842.0
2019-03-01,12.62,13.44,12.46,13.25,22614206,309226269.0
2019-03-04,13.44,14.29,13.21,13.59,42816420,626498305.0
2019-03-05,13.44,14.89,13.36,14.69,39901251,603539560.0
2019-03-06,14.69,15.14,14.17,14.58,25520346,395666195.0
2019-03-07,14.33,14.47,13.68,14.15,46401641,697482231.0
2019-03-08,13.63,14.85,13.39,13.91,44416692,673230526.0
2019-03-11,14.2,14.78,14.08,14.58,32803503,506925881.0
2019-03-12,14.72,15.01,14.25,14.5,32516908,505802836.0
2019-03-13,14.56,14.56,13.84,13.97,24503553,370793986.0
2019-03-14,14.02,14.24,13.28,13.59,23552372,342829609.0
2019-03-15,13.67,14.14,13.61,13.83,20080602,297520512.0
2019-03-18,13.94,14.02,13.55,13.88,24165306,356278969.0
2019-03-19,13.89,15.27,13.86,15.27,62492899,991718240.0
2019-03-20,15.28,15.3,14.3,14.64,49816900,786065922.0
2019-03-21,14.7,15.26,14.42,14.82,29590864,467188301.0
2019-03-22,14.8,14.99,14.28,14.48,21727300,336828745.0
2019-03-25,14.11,14.47,14.02,14.09,17935384,271905503.0
2019-03-26,13.97,14.22,12.92,13.14,37949344,542326767.0
2019-03-27,13.32,13.39,12.72,13.08,21398134,298453952.0
2019-03-28,13.08,13.56,12.84,12.96,22408435,316941673.0
2019-03-29,13.1,13.52,12.95,13.43,20835813,295348343.0
2019-04-01,13.79,14.12,13.53,14.03,27184886,402192502.0
2019-04-02,14.16,14.4,13.79,13.91,22280879,334631144.0
2019-04-03,13.82,13.98,13.57,13.8,21196822,311607622.0
2019-04-04,13.89,14.19,13.69,13.74,20637908,305389363.0
2019-04-08,13.86,13.86,12.79,13.01,36021411,505558960.0
2019-04-09,12.87,13.29,12.73,12.92,21143298,292465997.0
2019-04-10,12.79,13.14,12.65,12.98,27948208,383396558.0
2019-04-11,13.09,13.09,12.42,12.74,26177127,354164127.0
2019-04-12,12.78,12.92,12.59,12.9,16886171,230051776.0
2019-04-15,13.04,13.14,12.55,12.55,23238328,318776233.0
2019-04-16,12.46,12.94,12.34,12.85,20425301,275963507.0
2019-04-17,12.88,13.07,12.7,13.02,25421325,351560911.0
2019-04-18,13.0,13.43,12.76,13.18,32252246,452692387.0
2019-04-19,13.21,13.21,12.85,13.11,15354449,213578271.0
2019-04-22,13.19,13.39,12.76,12.81,17419590,242909230.0
2019-04-23,12.81,12.81,12.34,12.43,15310918,204978921.0
2019-04-24,12.46,12.64,12.18,12.62,17019367,225179546.0
2019-04-25,12.5,12.6,11.93,11.94,15413288,201923090.0
2019-04-26,11.84,12.27,11.81,12.03,17642645,228108132.0
2019-04-29,11.99,12.33,11.88,12.05,15283681,198059935.0
2019-04-30,12.03,12.26,11.83,11.99,11759517,151384403.0
2019-05-06,11.55,11.55,10.79,10.79,18667556,221516374.0
2019-05-07,10.78,10.91,10.21,10.57,24091382,272283248.0
2019-05-08,10.23,10.9,10.13,10.69,19465343,221584246.0
2019-05-09,10.72,11.56,10.72,11.24,28057943,336370120.0
2019-05-10,11.35,11.81,10.89,11.64,26868637,328968656.0
2019-05-13,11.43,11.51,11.03,11.13,15452880,185873182.0
2019-05-14,10.99,11.32,10.99,11.05,11093083,132178227.0
2019-05-15,11.19,11.5,11.06,11.45,15665134,188803090.0
2019-05-16,11.38,11.45,11.18,11.3,10647073,128486972.0
2019-05-17,11.38,11.75,11.02,11.1,15707375,191620332.0
2019-05-20,11.11,11.46,10.97,11.24,15617787,186160668.0
2019-05-21,11.25,11.39,10.89,11.25,17009415,202271312.0
2019-05-22,11.28,11.5,11.13,11.28,13340404,160895012.0
2019-05-23,11.6,11.7,11.28,11.33,22517049,275566376.0
2019-05-24,11.06,11.16,10.61,10.72,17756532,205848488.0
2019-05-27,10.76,11.6,10.67,11.46,25412022,305619891.0
2019-05-28,11.56,11.6,11.31,11.37,13804271,168275502.0
2019-05-29,11.35,11.53,11.16,11.27,14773061,179361764.0
2019-05-30,11.28,11.3,10.79,10.99,15481379,181002466.0
2019-05-31,11.09,11.97,11.05,11.76,39129576,484950989.0
2019-06-03,11.98,12.06,11.54,11.65,21901861,274161629.0
2019-06-04,11.65,11.82,11.33,11.45,16488502,204066211.0
2019-06-05,11.58,11.84,11.47,11.71,22650552,282573505.0
2019-06-06,11.74,11.76,11.12,11.19,18683730,226304337.0
2019-06-10,11.25,11.51,11.2,11.38,10623526,128159751.0
2019-06-11,11.41,11.92,11.14,11.79,17456769,214910509.0
2019-06-12,11.72,11.94,11.65,11.94,16648976,208021976.0
2019-06-13,11.97,11.97,11.64,11.75,14476140,180228431.0
2019-06-14,11.66,11.79,11.36,11.36,12926550,157870312.0
2019-06-17,11.3,11.45,11.09,11.21,8643786,103016431.0
2019-06-18,11.39,11.6,11.24,11.33,9015900,108985128.0
2019-06-19,11.71,11.85,11.51,11.55,15898427,196848077.0
2019-06-20,11.59,11.95,11.51,11.79,16782967,209095067.0
2019-06-21,12.07,12.59,12.02,12.39,26746300,349930773.0
2019-06-24,12.37,12.44,12.22,12.26,12979190,169320368.0
2019-06-25,12.3,12.37,11.99,12.28,13538268,174417424.0
2019-06-26,12.2,12.33,12.07,12.1,8508860,109601773.0
2019-06-27,12.12,12.39,12.09,12.15,13903285,179866882.0
2019-06-28,12.13,12.18,11.84,11.98,9455009,120271063.0
2019-07-01,12.26,12.48,12.19,12.41,16246714,212767660.0
2019-07-02,12.4,12.52,12.0,12.07,17752613,229130826.0
2019-07-03,12.07,12.07,11.82,11.86,9673588,121907082.0
2019-07-04,11.94,11.98,11.64,11.76,10781262,134273345.0
2019-07-05,11.76,11.83,11.66,11.79,6112072,76120605.0
2019-07-08,11.67,11.67,11.14,11.19,14467813,173244603.0
2019-07-09,11.17,11.25,11.06,11.21,5796220,68444904.0
2019-07-10,11.25,11.29,11.03,11.05,7738055,91435893.0
2019-07-11,11.27,11.51,11.13,11.16,14789611,177630604.0
2019-07-12,11.25,11.47,11.17,11.4,8508041,102383717.0
2019-07-15,11.2,11.76,11.11,11.59,13820840,168551179.0
2019-07-16,11.59,11.66,11.39,11.46,6708219,81793644.0
2019-07-17,11.46,11.64,11.42,11.48,6324863,77218905.0
2019-07-18,11.4,11.45,11.2,11.21,6681681,79788968.0
2019-07-19,11.3,11.4,11.16,11.25,6827358,81432890.0
2019-07-22,11.24,11.32,10.87,10.98,8728160,102333540.0
2019-07-23,11.04,11.12,10.78,10.97,10627989,123188534.0
2019-07-24,10.99,11.28,10.99,11.17,16982021,200837092.0
2019-07-25,11.22,11.46,11.12,11.41,12233748,146824672.0
2019-07-26,11.34,11.9,11.31,11.79,20325428,251091716.0
2019-07-29,11.77,12.18,11.7,12.1,16933746,214277389.0
2019-07-30,12.09,12.6,12.09,12.39,29290190,386051548.0
2019-07-31,12.33,12.64,12.33,12.39,16719752,220894007.0
2019-08-01,12.46,12.69,12.34,12.46,15536194,205072628.0
2019-08-02,12.23,12.64,12.13,12.56,20382590,268737484.0
2019-08-05,12.59,13.0,12.32,12.36,26271451,351548533.0
2019-08-06,12.09,12.41,11.96,12.25,22617161,292160016.0
2019-08-07,12.45,12.46,11.86,11.95,16689424,213514651.0
2019-08-08,12.11,12.21,11.8,11.97,12632518,160885839.0
2019-08-09,12.1,12.43,11.79,11.86,13855167,177141239.0
2019-08-12,11.94,12.51,11.88,12.47,17922456,232325121.0
2019-08-13,12.27,12.55,12.07,12.45,19061244,247439837.0
2019-08-14,12.61,12.66,12.22,12.34,21487548,282412853.0
2019-08-15,12.03,12.93,11.99,12.89,24880640,330101879.0
2019-08-16,12.84,13.11,12.72,12.79,21810903,297805077.0
2019-08-19,13.06,13.86,12.84,13.62,33270239,473284427.0
2019-08-20,13.57,13.75,13.42,13.63,17830725,257021207.0
2019-08-21,13.61,14.3,13.51,13.94,27949027,413740862.0
2019-08-22,13.98,14.07,13.6,13.8,16847690,246113879.0
2019-08-23,13.79,13.88,13.43,13.5,16132820,231839518.0
2019-08-26,13.21,13.64,13.13,13.29,15737366,222876015.0
2019-08-27,13.29,13.6,13.14,13.29,21550989,303965528.0
2019-08-28,13.24,13.37,13.04,13.17,15220860,212865038.0
2019-08-29,13.17,13.26,12.94,13.0,13044907,180369227.0
2019-08-30,13.11,13.37,12.63,12.79,22066827,304613332.0
2019-09-02,12.69,13.34,12.69,13.18,15435191,214326622.0
2019-09-03,13.26,13.3,12.98,13.23,15886226,221168913.0
2019-09-04,13.14,13.62,13.14,13.45,20457370,289906157.0
2019-09-05,13.52,13.71,13.39,13.46,19469657,279353531.0
2019-09-06,13.54,13.79,13.28,13.46,15344266,219769932.0
2019-09-09,13.62,13.84,13.31,13.83,22946312,330503977.0
2019-09-10,13.84,13.92,13.41,13.44,21620280,311138525.0
2019-09-11,13.51,13.55,12.94,13.12,22968451,322619644.0
2019-09-12,13.18,13.45,13.11,13.24,17052258,239881344.0
2019-09-16,13.33,13.35,12.99,13.12,16513217,229992138.0
2019-09-17,13.08,13.11,12.56,12.65,16194087,219071554.0
2019-09-18,12.71,12.89,12.54,12.75,15076129,202315047.0
2019-09-19,12.74,13.01,12.6,12.97,14355750,195600069.0
2019-09-20,12.94,13.31,12.92,13.22,18146374,253164939.0
2019-09-23,13.24,13.69,13.04,13.68,34620417,494438353.0
2019-09-24,13.68,13.85,13.49,13.69,27145922,394031997.0
2019-09-25,13.75,14.23,13.62,13.99,44136052,653673730.0
2019-09-26,14.02,14.13,13.22,13.39,33702757,489016130.0
2019-09-27,13.63,14.62,13.49,14.43,44652618,668088420.0
2019-09-30,14.35,14.46,13.84,14.06,31282343,465788617.0
2019-10-08,13.71,14.04,13.6,13.91,26638617,389199149.0
2019-10-09,13.81,14.54,13.73,14.49,25960010,390559892.0
2019-10-10,14.41,14.93,14.38,14.76,28985700,450587567.0
2019-10-11,14.65,14.75,14.24,14.27,21272772,325319654.0
2019-10-14,14.33,14.7,14.29,14.63,20545767,315380794.0
2019-10-15,14.55,15.18,14.26,14.26,27175679,423919676.0
2019-10-16,14.49,14.97,14.31,14.32,25443550,394058260.0
2019-10-17,14.16,14.47,13.86,13.93,20897232,311547971.0
2019-10-18,14.05,14.05,13.32,13.34,19131715,276250834.0
2019-10-21,13.4,13.58,13.17,13.49,12458704,177539257.0
2019-10-22,13.66,13.68,13.38,13.62,10580307,151526552.0
2019-10-23,13.62,13.64,13.36,13.39,9214756,131456791.0
2019-10-24,13.31,13.53,13.18,13.5,8128919,114837691.0
2019-10-25,13.45,13.45,12.89,13.3,17787316,248515377.0
2019-10-28,13.27,13.73,13.22,13.53,20226763,289859973.0
2019-10-29,13.55,14.02,13.55,13.73,20113058,294611413.0
2019-10-30,13.73,14.16,13.56,14.08,17348083,256132067.0
2019-10-31,14.07,14.19,13.74,13.88,12176541,179826218.0
2019-11-01,14.11,14.23,13.86,14.11,17492076,260153851.0
2019-11-04,14.13,14.25,13.97,13.99,14666239,218864181.0
2019-11-05,14.05,14.42,13.62,14.42,29507885,438350946.0
2019-11-06,14.38,14.42,14.02,14.26,19095913,287698760.0
2019-11-07,14.16,14.62,14.12,14.38,18851735,288302095.0
2019-11-08,14.41,14.56,14.24,14.25,12246626,186952871.0
2019-11-11,14.23,14.58,13.97,14.07,12958551,195530898.0
2019-11-12,13.97,14.13,13.74,13.98,10923076,161250747.0
2019-11-13,14.07,14.17,13.83,14.16,11130192,164996159.0
2019-11-14,14.11,14.4,13.89,14.34,12540035,188147560.0
2019-11-15,14.28,14.4,13.88,13.89,9676348,145066824.0
2019-11-18,13.85,13.97,13.68,13.75,10365380,151753809.0
2019-11-19,13.79,13.99,13.6,13.87,13295782,194341206.0
2019-11-20,13.88,14.09,13.61,13.62,12603528,184360291.0
2019-11-21,13.49,13.49,13.06,13.2,20581078,288836235.0
2019-11-22,13.27,13.37,12.75,12.89,18762708,258822952.0
2019-11-25,12.9,12.96,12.55,12.63,13902240,186378601.0
2019-11-26,12.65,12.77,12.53,12.53,9927171,132533000.0
2019-11-27,12.53,12.88,12.46,12.79,16981272,228453640.0
2019-11-28,12.76,12.92,12.61,12.91,12576666,169964714.0
2019-11-29,12.91,12.91,12.56,12.78,8331744,112591089.0
2019-12-02,12.76,13.08,12.73,12.89,10414887,142617063.0
2019-12-03,12.75,13.11,12.74,13.07,12451938,171136801.0
2019-12-04,13.06,13.28,12.94,13.18,11604003,161434212.0
2019-12-05,13.28,13.36,13.05,13.27,14702218,205789716.0
2019-12-06,13.2,13.39,13.14,13.28,11277769,158230809.0
2019-12-09,13.35,13.79,13.29,13.55,22547962,324449814.0
2019-12-10,13.38,13.69,13.27,13.57,17745861,253759941.0
2019-12-11,13.6,14.03,13.44,13.45,20852590,302815089.0
2019-12-12,13.47,13.9,13.45,13.72,20905644,303333320.0
2019-12-13,13.78,13.87,13.45,13.72,23340836,336505269.0
2019-12-16,13.73,14.13,13.54,14.05,23867066,350679132.0
2019-12-17,14.04,14.24,13.88,14.12,22336244,332204400.0
2019-12-18,14.2,14.41,13.97,14.07,19691524,295348520.0
2019-12-19,14.16,14.54,14.07,14.36,24236561,367952910.0
2019-12-20,14.34,14.43,13.84,13.85,24413031,363221664.0
2019-12-23,13.64,14.05,13.55,13.61,19157337,280190643.0
2019-12-24,13.72,14.39,13.62,14.24,26438714,394836854.0
2019-12-25,14.28,15.66,14.27,15.66,80348103,1305850426.0
2019-12-26,15.42,15.7,15.21,15.69,53486242,875382131.0
2019-12-27,15.63,15.63,14.78,14.86,53072748,850794227.0
2019-12-30,14.79,14.85,14.43,14.72,33803667,525079475.0
2019-12-31,14.68,15.01,14.6,14.84,29823701,466969947.0
2020-01-02,14.97,15.5,14.67,15.36,40585021,653285177.0
2020-01-03,15.26,15.48,15.02,15.3,22413247,362800553.0
2020-01-06,15.23,16.03,15.21,15.6,32169860,535920160.0
2020-01-07,15.75,16.64,15.63,16.2,36858514,632101335.0
2020-01-08,15.94,16.48,15.78,15.82,31994386,543417516.0
2020-01-09,16.14,16.2,15.82,16.02,21525258,364705151.0
2020-01-10,16.0,16.05,15.45,15.74,31278294,520533019.0
2020-01-13,15.73,16.6,15.68,16.52,36039957,620168590.0
2020-01-14,16.54,16.54,16.11,16.12,20260031,348477097.0
2020-01-15,16.1,16.59,15.92,16.48,25364429,437053991.0
2020-01-16,16.47,16.95,16.37,16.65,27381370,481559731.0
2020-01-17,17.09,18.29,17.09,17.83,49634526,939295076.0
2020-01-20,17.67,19.27,17.67,18.98,51901900,1017568347.0
2020-01-21,18.78,19.3,18.62,18.69,38212055,764020033.0
2020-01-22,18.41,20.47,18.32,20.06,45417234,931282860.0
2020-01-23,19.53,20.24,18.15,18.46,47976380,973473685.0
2020-02-03,16.62,16.96,16.62,16.62,40834679,720375883.0
2020-02-04,16.81,18.28,16.81,18.27,46652852,885215571.0
2020-02-05,18.27,19.35,18.05,18.41,38613761,762193590.0
2020-02-06,18.08,19.31,17.85,19.1,36365275,718217508.0
2020-02-07,18.91,19.8,18.59,19.67,37456018,758659458.0
2020-02-10,19.26,19.94,18.93,19.47,30825959,631934085.0
2020-02-11,19.46,19.59,18.8,19.19,25218873,513174108.0
2020-02-12,20.29,21.1,19.69,20.91,64400065,1400014676.0
2020-02-13,21.06,21.42,20.3,20.41,44591075,979756141.0
2020-02-14,20.21,21.23,19.96,20.26,34609936,753620344.0
2020-02-17,20.42,20.89,20.12,20.78,29805581,649463988.0
2020-02-18,20.8,22.64,20.8,22.32,40460359,933035436.0
2020-02-19,22.12,24.53,21.73,23.71,51787359,1290408731.0
2020-02-20,24.11,26.08,23.04,26.08,52010340,1365757545.0
2020-02-21,26.14,28.11,26.14,26.81,54270082,1557440089.0
2020-02-24,26.11,27.66,25.78,27.11,53967733,1522350384.0
2020-02-25,26.25,28.79,25.6,26.99,78219167,2259056638.0
2020-02-26,25.97,26.7,24.29,24.29,56649920,1501646564.0
2020-02-27,24.45,24.45,22.85,23.46,53169217,1328900794.0
2020-02-28,21.72,23.43,21.72,22.28,53408766,1277000010.0
2020-03-02,23.29,23.46,22.21,22.85,38414453,931404600.0
2020-03-03,23.24,24.07,22.44,22.67,42404772,1047209653.0
2020-03-04,22.09,22.66,21.42,22.13,34217995,797563664.0
2020-03-05,22.52,22.85,21.77,22.49,31855113,751513578.0
2020-03-06,22.03,22.63,21.87,22.08,17785147,419098838.0
2020-03-09,21.54,22.0,20.27,20.32,34627647,768636431.0
2020-03-10,20.53,21.84,20.37,21.74,37618532,842737547.0
2020-03-11,21.86,22.19,20.65,20.76,35055075,796478180.0
2020-03-12,20.21,21.05,19.88,20.42,26771240,579890447.0
2020-03-13,19.56,22.46,19.49,22.09,58316946,1323897369.0
2020-03-16,22.28,23.13,21.06,21.36,58596617,1377715810.0
2020-03-17,22.38,22.84,21.24,22.68,52360035,1222612068.0
2020-03-18,23.13,23.98,22.19,22.37,58409908,1436494370.0
2020-03-19,22.1,23.84,21.73,23.67,48908807,1179973971.0
2020-03-20,23.74,24.22,22.87,23.23,46910177,1164814223.0
2020-03-23,22.25,23.13,20.9,20.91,39749479,924285476.0
2020-03-24,21.54,21.67,19.0,19.89,49106964,1050298971.0
2020-03-25,20.57,21.41,20.35,21.01,38728367,857865435.0
2020-03-26,20.73,21.03,19.99,20.17,26533685,574913696.0
2020-03-27,20.55,20.61,19.23,19.45,28406019,597061841.0
2020-03-30,19.4,19.43,18.02,18.42,34119807,666747766.0
2020-03-31,18.74,18.93,18.0,18.04,21734983,424520977.0
2020-04-01,18.07,18.84,17.96,18.22,26491541,516124112.0
2020-04-02,18.2,19.41,18.19,19.36,32483200,647420586.0
2020-04-03,19.25,19.47,18.67,18.88,24006544,483364445.0
2020-04-07,19.53,19.78,19.17,19.26,21744161,447405726.0
2020-04-08,19.12,19.59,18.96,19.21,20147198,410676284.0
2020-04-09,19.49,19.54,19.07,19.24,15731731,321711994.0
2020-04-10,19.24,19.3,18.25,18.86,18877477,375366710.0
2020-04-13,18.47,18.68,17.93,18.32,20223987,390693984.0
2020-04-14,18.52,19.08,18.49,18.98,17088137,339232261.0
2020-04-15,18.99,19.69,18.97,19.12,26568336,543499919.0
2020-04-16,18.88,19.58,18.63,19.34,18098023,369117505.0
2020-04-17,19.72,20.54,19.72,19.9,27842154,592782077.0
2020-04-20,19.75,20.03,19.45,19.95,18196959,380464472.0
2020-04-21,19.69,20.19,19.51,20.15,18220677,381835097.0
2020-04-22,19.67,20.15,19.59,19.97,13468227,283681967.0
2020-04-23,19.96,19.96,19.07,19.17,22611500,462977581.0
2020-04-24,19.02,19.64,18.76,18.92,16804978,339516007.0
2020-04-27,18.9,19.48,18.9,19.2,13007276,264827942.0
2020-04-28,19.39,20.64,18.81,20.26,30043940,633983221.0
2020-04-29,20.22,20.87,20.09,20.72,20311434,444177158.0
2020-04-30,21.04,22.75,20.98,22.16,35307380,814329994.0
2020-05-06,22.38,22.91,22.03,22.75,30438725,726880071.0
2020-05-07,22.74,22.97,22.04,22.13,21499368,509764637.0
2020-05-08,22.47,22.66,21.92,22.15,19421309,458020427.0
2020-05-11,22.17,22.66,22.05,22.25,17648204,417170391.0
2020-05-12,22.28,22.41,21.57,22.13,19864221,463218419.0
2020-05-13,22.34,22.96,22.34,22.66,26555475,637247751.0
2020-05-14,22.58,23.09,22.08,22.33,33222095,792886031.0
2020-05-15,22.45,23.18,21.98,23.02,35742069,861385738.0
2020-05-18,23.77,24.06,21.66,21.95,44953968,1072465632.0
2020-05-19,22.22,22.94,21.9,22.88,33572079,801185468.0
2020-05-20,22.75,23.86,22.49,22.67,36683217,898799234.0
2020-05-21,22.94,23.47,22.58,22.65,35702632,868108191.0
2020-05-22,22.6,22.64,21.15,21.46,34298832,788955058.0
2020-05-25,21.24,21.5,20.44,20.71,21098559,466271922.0
2020-05-26,20.89,21.37,20.84,21.37,18927062,422584831.0
2020-05-27,21.24,21.35,20.03,20.13,31053615,673263069.0
2020-05-28,20.3,20.35,19.6,20.03,23083487,488247152.0
2020-05-29,19.91,20.34,19.76,20.21,17919263,381490761.0
2020-06-01,20.39,21.6,20.32,21.22,32473523,723578949.0
2020-06-02,21.43,21.76,21.11,21.57,24253803,550320104.0
2020-06-03,21.49,21.78,21.0,21.14,26296407,594821445.0
2020-06-04,21.26,21.44,20.81,20.88,18285865,407972837.0
2020-06-05,20.98,21.46,20.71,21.23,18905111,423796003.0
2020-06-08,21.44,21.68,21.08,21.24,17719062,401469701.0
2020-06-09,21.06,21.34,20.72,21.26,15770330,351690601.0
2020-06-10,21.17,21.25,20.53,20.91,18765628,412566727.0
2020-06-11,20.82,22.69,20.68,21.71,38739764,890252918.0
2020-06-12,21.23,21.63,20.99,21.22,26341262,590869601.0
2020-06-15,20.96,21.15,20.39,20.57,25016494,546927544.0
2020-06-16,20.86,21.27,20.8,21.27,19234636,426147552.0
2020-06-17,21.29,21.36,20.53,20.88,19807005,436162713.0
2020-06-18,20.86,21.3,20.68,21.12,17962863,399817493.0
2020-06-19,21.13,21.91,20.88,21.64,29492819,669289557.0
2020-06-22,21.66,23.12,21.55,22.69,42821110,1020712561.0
2020-06-23,22.56,22.72,22.21,22.47,23695859,561059995.0
2020-06-24,22.65,23.41,22.48,23.05,36768102,889423526.0
2020-06-29,23.0,23.69,22.77,23.31,30811407,758939790.0
2020-06-30,23.88,23.88,23.03,23.46,27606326,683196583.0
2020-07-01,23.49,23.61,22.31,22.93,30894539,749057082.0
2020-07-02,22.95,23.91,22.65,23.61,31847201,789325651.0
2020-07-03,23.64,24.25,23.08,24.19,34424446,862372260.0
2020-07-06,24.56,26.44,23.9,25.76,46160672,1220190480.0
2020-07-07,25.76,26.74,25.76,25.8,37137370,1027547789.0
2020-07-08,25.8,26.28,25.15,26.05,26454826,719829904.0
2020-07-09,26.22,27.41,26.15,26.67,33052301,933115812.0
2020-07-10,26.57,27.31,26.22,26.84,30749374,868810931.0
2020-07-13,26.6,27.78,26.57,27.78,32641714,937399174.0
2020-07-14,27.74,27.74,25.3,26.0,45217965,1256570034.0
2020-07-15,26.08,26.55,25.05,25.46,35561571,969090194.0
2020-07-16,25.61,25.7,23.05,23.14,42074740,1075144897.0
2020-07-17,23.16,23.6,22.19,22.45,36260407,871720508.0
2020-07-20,22.85,23.4,22.43,23.24,35160608,849802613.0
2020-07-21,23.41,24.18,23.18,23.44,28041098,696237038.0
2020-07-22,23.51,23.91,23.06,23.25,24018939,594133917.0
2020-07-23,23.01,24.06,22.62,23.9,33925135,838140291.0
2020-07-24,23.71,23.86,22.1,22.17,28004203,678136929.0
2020-07-27,22.29,23.09,22.2,22.45,21006804,500054665.0
2020-07-28,23.12,24.04,22.79,23.12,24500479,605317021.0
2020-07-29,23.03,23.9,22.67,23.8,26907735,664182902.0
2020-07-30,23.88,23.9,23.1,23.28,20164655,496258198.0
2020-07-31,23.18,23.95,23.14,23.55,24331635,602653224.0
2020-08-03,23.9,24.95,23.77,24.58,33918138,872544232.0
2020-08-04,24.58,25.25,24.35,24.72,32432780,845943357.0
2020-08-05,25.67,25.69,24.37,24.44,32043134,835547445.0
2020-08-06,24.25,24.58,23.88,23.99,22542890,573433535.0
2020-08-07,23.96,24.09,22.68,23.08,22577086,553770956.0
2020-08-10,23.07,23.58,22.86,23.33,14925488,365737004.0
2020-08-11,23.18,23.85,23.01,23.11,17780473,440044822.0
2020-08-12,23.02,23.24,22.13,22.67,18455686,437693824.0
2020-08-13,22.7,23.06,22.52,22.9,11875752,285770443.0
2020-08-14,23.02,24.1,22.9,23.98,26510882,663632857.0
2020-08-17,24.33,24.33,23.43,23.99,23332220,586474725.0
2020-08-18,23.98,23.98,23.67,23.82,14120041,354165003.0
2020-08-19,23.8,24.17,23.07,23.21,17756750,443814823.0
2020-08-20,22.88,23.27,22.34,22.39,16182040,387760690.0
2020-08-21,22.66,23.01,22.36,22.53,13499809,322783658.0
2020-08-24,22.78,25.1,22.78,24.58,44610481,1135972485.0
2020-08-25,24.32,24.62,23.99,24.33,26385527,674788205.0
2020-08-26,24.41,24.57,22.56,22.86,36334905,889380539.0
2020-08-27,23.07,25.47,22.91,25.02,63808604,1661967853.0
2020-08-28,25.31,26.08,24.77,25.59,50380677,1349071530.0
2020-08-31,25.72,25.83,24.22,24.72,50103159,1300785860.0
2020-09-01,24.63,24.77,24.04,24.74,25993453,668929635.0
2020-09-02,24.65,24.89,24.28,24.63,23086996,597558358.0
2020-09-03,24.53,24.62,23.8,23.95,23150510,588382740.0
2020-09-04,23.52,24.74,23.43,24.37,28793576,736825326.0
2020-09-07,25.09,27.62,24.78,25.65,64549306,1772208012.0
2020-09-08,25.61,27.22,25.14,26.51,60218453,1678850996.0
2020-09-09,25.99,26.29,24.38,24.44,43253484,1142142701.0
2020-09-10,24.78,25.51,23.6,25.36,48599919,1267007553.0
2020-09-11,24.66,27.91,24.23,27.65,57458759,1591178173.0
2020-09-14,28.03,29.82,27.11,29.31,67306799,2035689336.0
2020-09-15,28.74,29.31,28.07,28.99,45006393,1362318852.0
2020-09-16,29.12,30.56,28.17,28.4,50476417,1561441482.0
2020-09-17,28.17,32.98,27.56,31.08,76535132,2435608797.0
2020-09-18,31.01,31.7,30.05,30.49,53009414,1719075503.0
2020-09-21,30.81,31.54,30.05,30.93,42096203,1364199613.0
2020-09-22,30.36,30.71,28.81,28.83,47057995,1461066227.0
2020-09-23,29.38,31.49,29.07,30.63,55718571,1764727867.0
2020-09-24,29.89,29.95,28.18,28.68,49867570,1520521917.0
2020-09-25,28.96,29.01,28.07,28.27,23919455,718372991.0
2020-09-28,28.76,29.67,28.72,28.89,34399283,1056643947.0
2020-09-29,29.24,29.78,28.64,28.64,24962667,769132523.0
2020-09-30,29.78,30.84,29.01,29.07,42704218,1343955123.0
2020-10-09,31.21,31.21,29.78,30.27,46734093,1498264324.0
2020-10-12,30.35,31.18,28.84,31.14,62880593,1983529936.0
2020-10-13,30.35,33.84,29.95,32.64,64159184,2162722672.0
2020-10-14,32.09,32.61,31.3,32.06,40298448,1358901781.0
2020-10-15,32.07,32.83,31.18,31.22,45719764,1541651198.0
2020-10-16,31.2,31.39,29.38,29.55,45355040,1442161260.0
2020-10-19,29.46,29.64,28.46,28.57,25020984,765306739.0
2020-10-20,28.93,29.29,28.57,29.15,21516109,657217542.0
2020-10-21,29.15,29.37,27.6,27.6,34387259,1028775211.0
2020-10-22,28.02,28.33,27.09,27.6,21876072,638227535.0
2020-10-23,27.6,27.94,26.68,26.85,23195494,665048348.0
2020-10-26,26.84,27.56,26.54,27.39,18027916,516153374.0
2020-10-27,27.12,27.76,26.99,27.58,16101281,467009217.0
2020-10-28,27.58,28.41,27.12,28.14,22320343,656127959.0
2020-10-29,27.48,28.7,27.36,28.01,21600048,641984113.0
2020-10-30,28.12,28.83,27.4,27.5,25446448,756397291.0
2020-11-02,27.8,28.55,27.12,28.44,21964718,648200596.0
2020-11-03,28.63,29.02,28.21,28.48,21716751,653930169.0
2020-11-04,28.53,28.76,27.46,27.48,24033643,710227940.0
2020-11-05,27.91,29.1,27.69,29.1,29880715,900284212.0
2020-11-06,29.31,29.34,28.35,28.52,23003645,695620350.0
2020-11-09,28.64,30.5,28.64,30.19,41404454,1299946431.0
2020-11-10,29.83,30.8,29.41,30.46,32330543,1029364190.0
2020-11-11,30.08,30.65,28.83,29.08,24988222,782243215.0
2020-11-12,29.41,29.59,27.7,28.04,22199031,664998794.0
2020-11-13,27.92,28.4,27.61,28.03,14455340,426561739.0
2020-11-16,28.13,28.25,27.01,27.2,22171293,643253422.0
2020-11-17,27.15,27.31,24.9,25.85,38198628,1038159529.0
2020-11-18,26.08,27.02,25.9,26.63,29071186,816325153.0
2020-11-19,26.43,26.9,26.25,26.78,12685305,357025794.0
2020-11-20,26.89,27.64,26.79,27.5,17670266,510221440.0
2020-11-23,27.64,27.85,27.11,27.81,16836311,489459649.0
2020-11-24,27.4,27.97,27.39,27.76,12901052,377006913.0
2020-11-25,27.76,27.88,26.98,27.07,12538624,361365818.0
2020-11-26,27.11,27.37,26.66,27.34,10753968,307170429.0
2020-11-27,27.14,27.52,26.66,26.94,8780266,250095783.0
2020-11-30,27.04,27.15,26.29,26.59,14278032,401053847.0
2020-12-01,26.74,27.6,26.38,27.5,13767760,395561896.0
2020-12-02,27.55,29.26,27.41,28.59,30742048,926576276.0
2020-12-03,28.62,28.74,27.83,28.26,15673356,466026888.0
2020-12-04,28.14,28.45,27.8,28.3,11928366,354167066.0
2020-12-07,28.58,28.88,27.92,28.31,12576064,375320979.0
2020-12-08,28.03,28.39,27.6,27.6,11852440,348643970.0
2020-12-09,27.88,28.21,27.0,27.01,15646143,458805782.0
2020-12-10,27.43,28.44,26.79,28.12,22041245,645945737.0
2020-12-11,28.76,29.1,27.45,27.64,27076632,806879614.0
2020-12-14,28.13,29.89,28.13,29.37,37822069,1167094796.0
2020-12-15,29.11,30.03,29.0,30.0,32998085,1030340494.0
2020-12-16,29.59,30.71,29.46,30.33,31706096,1012097917.0
2020-12-17,30.42,30.59,29.38,30.14,19355967,608780220.0
2020-12-18,30.43,31.06,29.96,30.49,22873086,736523450.0
2020-12-21,31.01,31.84,30.76,31.2,26422253,871782156.0
2020-12-22,31.18,31.66,30.24,30.28,25647318,838083089.0
2020-12-23,30.84,32.43,30.82,31.55,32913741,1100074406.0
2020-12-24,31.3,32.03,30.96,31.15,18937165,627093091.0
2020-12-25,30.77,31.92,29.78,31.91,26949036,878051378.0
2020-12-28,32.15,32.61,30.7,31.29,24796713,821334703.0
2020-12-29,30.79,31.08,28.27,28.45,34932223,1077668600.0
2020-12-30,28.91,29.02,28.03,28.81,29107266,877792987.0
2020-12-31,29.21,29.57,27.97,28.53,26613998,804732999.0
2021-01-04,29.05,30.79,28.55,30.63,32016813,1014418253.0
2021-01-05,30.41,31.39,29.74,31.13,32634825,1054404320.0
2021-01-06,31.11,31.19,29.78,30.44,23718304,760626847.0
2021-01-07,30.64,33.62,30.63,32.87,50604365,1718121047.0
2021-01-08,32.88,33.42,31.78,32.59,35405936,1209298562.0
2021-01-11,33.0,34.25,31.52,32.34,47187776,1643101177.0
2021-01-12,31.39,34.98,31.39,34.9,46197470,1636395934.0
2021-01-13,34.71,35.88,33.95,35.05,42819580,1573659389.0
2021-01-14,35.02,37.41,33.65,35.66,54426412,2040634191.0
2021-01-15,35.47,35.66,33.19,34.33,33120062,1203707876.0
2021-01-18,34.78,37.77,33.63,36.51,41293885,1587218671.0
2021-01-19,36.33,38.29,35.99,36.97,39031313,1530997785.0
2021-01-20,37.08,40.79,36.97,40.21,42587106,1763028299.0
2021-01-21,40.78,43.43,40.07,40.66,55070336,2402927956.0
2021-01-22,41.17,43.1,40.54,42.68,41737257,1841328013.0
2021-01-25,42.16,43.23,40.5,41.0,39879387,1758196889.0
2021-01-26,40.4,41.24,39.12,39.17,33526049,1408644554.0
2021-01-27,40.45,42.85,38.1,41.73,57529729,2444954415.0
2021-01-28,40.78,41.02,39.02,39.66,39564419,1674040273.0
2021-01-29,40.12,41.22,36.99,38.07,37137632,1525591043.0
2021-02-01,39.37,39.7,38.16,39.07,21309632,877184123.0
2021-02-02,41.02,41.54,39.97,40.4,31601539,1355927576.0
2021-02-03,40.26,40.93,38.86,39.19,25203507,1055243537.0
2021-02-04,38.67,39.12,36.88,38.02,26873560,1076012517.0
2021-02-05,38.69,40.62,38.04,38.2,26181534,1084387651.0
2021-02-08,37.37,38.99,36.11,38.41,19598666,781173008.0
2021-02-09,38.61,40.07,38.27,39.57,20167580,837867589.0
2021-02-10,39.69,40.19,38.05,39.54,19044446,790661926.0
2021-02-18,40.23,42.25,39.78,41.11,29594557,1281314526.0
2021-02-19,40.78,40.88,38.58,39.93,20479118,857354700.0
2021-02-22,39.53,40.08,37.94,38.16,25801844,1056272420.0
2021-02-23,37.64,38.64,37.41,37.76,14469289,578711419.0
2021-02-24,37.72,37.94,36.04,36.37,18441941,715600247.0
2021-02-25,36.96,37.15,35.0,35.28,16694617,631747682.0
2021-02-26,34.31,35.72,33.86,35.46,16684919,615864909.0
2021-03-01,35.65,36.37,35.38,35.74,11928858,451109888.0
2021-03-02,36.3,36.32,34.9,35.17,13366330,498499931.0
2021-03-03,35.19,35.63,34.59,34.96,16250879,599588284.0
2021-03-04,34.96,35.19,33.05,33.29,18362483,656510793.0
2021-03-05,33.18,33.76,32.8,33.36,13477369,474043661.0
2021-03-08,33.54,33.98,31.43,31.44,16627307,569446352.0
2021-03-09,31.44,31.73,29.99,30.1,18854920,612676004.0
2021-03-10,31.23,31.44,30.09,30.44,12309359,396523444.0
2021-03-11,30.38,31.62,30.14,31.31,13423832,439291311.0
2021-03-12,31.87,32.06,30.36,31.5,14207241,466873661.0
2021-03-15,32.95,33.75,30.91,31.16,21807354,733031109.0
2021-03-16,31.33,31.7,29.67,29.84,19032796,608468221.0
2021-03-17,29.68,30.56,29.13,30.25,14998306,476111284.0
2021-03-18,30.33,31.78,30.33,31.63,18183251,599405532.0
2021-03-19,31.2,31.55,30.09,30.57,14476796,469753652.0
2021-03-22,30.42,31.23,30.09,30.79,11440588,369339484.0
2021-03-23,31.05,31.71,30.53,30.97,16797227,551398857.0
2021-03-24,30.63,30.97,29.87,30.05,10912328,348351585.0
2021-03-25,29.75,30.54,29.75,30.13,10281871,327472918.0
2021-03-26,30.41,31.41,30.41,31.01,15052313,492617334.0
2021-03-29,31.15,31.15,29.4,30.67,14710130,472526253.0
2021-03-30,30.82,32.13,30.38,31.86,17540706,583069627.0
2021-03-31,31.68,31.94,30.95,31.24,9263346,305353294.0
2021-04-01,31.2,32.42,31.18,31.84,12168761,409158171.0
2021-04-02,32.03,33.43,31.59,33.05,19361308,671356764.0
2021-04-06,33.61,33.61,32.11,32.73,14214047,489364377.0
2021-04-07,33.29,33.38,31.34,32.04,19225863,647318560.0
2021-04-08,31.94,32.35,31.82,32.0,11521704,390381896.0
2021-04-09,31.77,32.32,31.19,31.22,10753087,357612819.0
2021-04-12,31.16,31.57,29.45,29.73,12929432,412177087.0
2021-04-13,29.63,30.0,29.28,29.58,8642976,270047241.0
2021-04-14,29.87,30.29,29.47,30.06,9829459,310265832.0
2021-04-15,29.87,30.74,29.8,30.52,9121032,291691082.0
2021-04-16,30.52,31.86,30.38,31.71,16998802,560790531.0
2021-04-19,31.82,33.16,31.48,33.03,18404852,633204245.0
2021-04-20,32.81,34.17,32.63,33.57,16975306,601809658.0
2021-04-21,33.4,34.65,33.3,34.24,15090717,542442891.0
2021-04-22,34.52,34.62,33.67,34.25,12585262,452924782.0
2021-04-23,34.43,34.44,33.97,34.2,9672661,348644146.0
2021-04-26,34.8,36.11,34.43,34.51,19160021,710737523.0
2021-04-27,34.68,35.41,34.14,34.37,11955742,436568036.0
2021-04-28,34.57,35.65,34.33,35.56,11478227,425387377.0
2021-04-29,36.51,37.57,35.32,36.47,31570145,1215451883.0
2021-04-30,36.13,37.06,35.75,36.68,14858014,572614209.0
2021-05-06,36.82,37.39,35.18,36.11,17129948,652767952.0
2021-05-07,36.14,36.88,35.47,35.92,13330585,507493788.0
2021-05-10,35.85,35.92,34.02,34.33,19169512,702563646.0
2021-05-11,35.45,35.45,33.48,34.22,11511059,414853867.0
2021-05-12,34.18,34.81,33.46,34.64,10165419,366711403.0
2021-05-13,34.14,34.38,33.59,34.14,7394936,264916065.0
2021-05-14,34.36,35.28,34.14,35.0,9504442,348172470.0
2021-05-17,34.92,37.32,34.82,37.11,19586623,751591243.0
2021-05-18,36.88,38.22,36.56,37.77,15072887,593967890.0
2021-05-19,38.39,38.49,37.47,38.02,10559315,423720882.0
2021-05-20,37.7,39.0,37.52,38.7,10555907,427197771.0
2021-05-21,38.58,39.06,37.78,38.36,8415636,340486693.0
2021-05-24,38.41,38.69,37.7,38.41,7806129,315074683.0
2021-05-25,38.32,39.72,38.14,39.46,11852962,491361672.0
2021-05-26,39.1,39.39,37.73,38.69,11819170,479685785.0
2021-05-27,38.79,40.55,38.5,40.48,13400040,565621338.0
2021-05-28,39.88,40.4,38.98,39.27,16864772,704043378.0
2021-05-31,39.8,40.95,39.03,40.85,12106420,516244639.0
2021-06-01,40.58,40.92,39.85,40.85,10573718,450890083.0
2021-06-02,41.11,41.21,39.88,40.65,9246153,394405931.0
2021-06-03,40.59,41.1,39.55,39.72,11923152,507371706.0
2021-06-04,39.82,42.09,39.73,41.18,16195606,704671859.0
2021-06-07,41.18,41.93,40.31,40.47,10275002,441569126.0
2021-06-08,40.94,40.97,38.76,40.02,20248249,844179188.0
2021-06-09,40.03,40.55,39.42,40.4,9321561,394103863.0
2021-06-10,40.4,42.49,39.96,41.98,15992877,703183119.0
2021-06-11,42.67,42.67,41.23,41.54,9152921,402789978.0
2021-06-15,41.66,42.18,41.02,41.67,10044336,441015581.0
2021-06-16,41.68,41.85,39.41,39.45,11098143,470633863.0
2021-06-17,40.09,41.74,39.07,41.25,17705724,753704468.0
2021-06-18,41.35,42.55,40.97,41.93,13030331,575540837.0
2021-06-21,42.2,48.04,41.56,47.33,28662752,1393252276.0
2021-06-22,46.44,46.95,44.65,45.24,20091156,963295379.0
2021-06-23,45.39,46.14,44.76,45.52,18753247,899584922.0
2021-06-24,46.02,46.02,43.44,44.81,16368349,767826476.0
2021-06-25,44.28,45.29,44.12,44.77,11533516,543365589.0
2021-06-28,44.77,46.0,44.43,44.88,15442115,737177695.0
2021-06-29,45.74,47.37,45.24,46.04,19143947,930726599.0
2021-06-30,46.61,48.79,45.77,47.89,21902788,1098006015.0
2021-07-01,48.61,48.61,45.32,45.32,15428627,752739038.0
2021-07-02,44.61,46.34,44.41,44.96,14292914,682879771.0
2021-07-05,45.5,46.77,44.96,45.81,12341632,595756207.0
2021-07-06,46.03,46.8,44.12,44.89,15716752,750618993.0
2021-07-07,44.7,47.84,44.06,47.27,19658989,964764873.0
2021-07-08,47.27,49.79,46.95,47.75,18923992,966150843.0
2021-07-09,48.93,48.98,45.84,47.92,19607839,975020719.0
2021-07-12,48.41,51.87,47.85,50.6,22542570,1195095685.0
2021-07-13,50.41,51.84,49.27,50.03,14680444,775471716.0
2021-07-14,50.31,50.31,48.3,48.34,12904975,665880485.0
2021-07-15,48.36,50.84,48.32,50.54,17258279,903749137.0
2021-07-16,49.9,50.81,48.96,48.98,15619737,816964092.0
2021-07-19,48.39,49.87,48.22,48.53,14214128,729672088.0
2021-07-20,48.51,50.21,48.22,49.26,10938369,565300053.0
2021-07-21,49.71,52.73,49.22,52.17,22999423,1244723061.0
2021-07-22,52.6,53.08,50.84,52.62,17111605,939262412.0
2021-07-23,52.68,60.23,52.66,56.31,33262307,1977784724.0
2021-07-26,57.05,58.02,54.14,55.63,22209744,1299744204.0
2021-07-27,55.64,59.71,55.07,55.22,29890364,1796851230.0
2021-07-28,53.4,55.28,51.28,53.26,26783493,1507393516.0
2021-07-29,55.18,62.77,53.93,61.18,34197720,2095967226.0
2021-07-30,59.93,62.11,59.14,60.74,25249871,1611295641.0
2021-08-02,63.37,67.39,60.51,64.1,43291042,2884516613.0
2021-08-03,63.35,65.32,60.87,61.9,26759141,1764366848.0
2021-08-04,60.92,65.07,60.87,63.91,27058653,1795675924.0
2021-08-05,63.06,63.15,60.87,62.14,16527330,1073620066.0
2021-08-06,62.3,64.09,61.18,62.29,14774307,971020050.0
2021-08-09,61.98,62.31,57.64,58.73,23413146,1454807045.0
2021-08-10,58.94,60.25,57.66,58.72,19217471,1192007788.0
2021-08-11,59.16,62.03,58.72,61.23,20476139,1311503727.0
2021-08-12,61.25,64.36,60.98,61.87,20038444,1324806669.0
2021-08-13,61.12,61.81,58.73,58.97,16443931,1039423836.0
2021-08-16,58.64,59.98,57.24,57.96,15664921,961707896.0
2021-08-17,57.63,58.74,55.51,56.48,19129477,1139117162.0
2021-08-18,57.16,57.62,55.25,56.12,15731262,934995762.0
2021-08-19,56.0,58.16,55.33,57.53,13962351,836334561.0
2021-08-20,57.54,58.85,56.89,57.98,13082935,798368911.0
2021-08-23,58.12,60.71,57.34,59.91,17182555,1072937559.0
2021-08-24,60.27,61.16,58.6,59.71,15037901,946050908.0
2021-08-25,59.62,61.78,58.02,60.97,14449720,910550747.0
2021-08-26,60.95,66.27,60.7,65.06,26264246,1768554824.0
2021-08-27,64.3,68.67,63.82,68.25,25654251,1801369404.0
2021-08-30,68.19,75.84,68.15,73.05,30436298,2334379578.0
2021-08-31,73.24,73.87,71.03,73.87,16679015,1269061807.0
2021-09-01,79.19,80.83,68.77,73.1,33184874,2570782144.0
2021-09-02,73.05,76.56,72.48,73.66,19943196,1549675747.0
2021-09-03,72.24,76.37,70.68,71.33,22086358,1697906348.0
2021-09-06,70.82,72.08,68.19,70.25,20398296,1506567613.0
2021-09-07,69.98,73.09,69.32,70.49,14735880,1094418026.0
2021-09-08,70.86,71.29,66.39,67.06,21573731,1534835453.0
2021-09-09,68.0,68.0,65.06,66.51,17523309,1218224838.0
2021-09-10,67.53,72.14,66.46,71.61,24566325,1798877780.0
2021-09-13,72.16,72.27,66.48,67.48,21924427,1572474187.0
2021-09-14,66.59,69.78,66.38,67.15,15193369,1081740255.0
2021-09-15,66.89,69.3,66.59,68.02,12348989,884704228.0
2021-09-16,66.99,68.1,65.63,66.1,16058513,1129221992.0
2021-09-17,65.53,67.41,62.19,64.41,16754561,1127601621.0
2021-09-22,62.36,66.1,62.26,64.9,11007272,749700017.0
2021-09-23,65.49,65.59,63.77,64.68,10221555,694891785.0
2021-09-24,64.07,67.05,63.54,64.88,14220668,977463097.0
2021-09-27,64.88,67.39,62.43,64.43,13177949,898173549.0
2021-09-28,63.46,65.53,62.39,63.17,9962685,666567683.0
2021-09-29,60.98,63.31,59.92,60.82,13965804,902467625.0
2021-09-30,61.15,62.25,59.63,61.2,9430161,607990117.0
2021-10-08,61.82,62.09,58.97,59.64,11355276,718662420.0
2021-10-11,59.24,60.95,58.21,59.44,9200933,575749372.0
2021-10-12,59.44,60.75,57.64,58.3,9594147,593863819.0
2021-10-13,58.3,60.46,58.02,60.41,9511362,592432276.0
2021-10-14,59.97,67.99,59.63,67.75,25654948,1769519940.0
2021-10-15,68.48,70.45,67.22,68.7,17247394,1246630477.0
2021-10-18,69.95,72.68,68.97,72.37,21958212,1647209062.0
2021-10-19,72.92,73.12,71.02,72.6,12335752,938331349.0
2021-10-20,72.63,74.17,71.6,71.98,11231770,855976302.0
2021-10-21,72.28,72.55,70.06,71.33,14278874,1069337926.0
2021-10-22,71.49,71.98,69.71,69.91,9535477,706594862.0
2021-10-25,70.29,72.24,69.55,71.3,12162907,911586486.0
2021-10-26,70.83,71.98,68.49,70.59,13347784,989931832.0
2021-10-27,72.19,72.27,70.06,71.29,12207382,915435657.0
2021-10-28,71.32,72.84,70.57,71.34,14622848,1103077364.0
2021-10-29,71.62,74.64,69.43,72.67,15120328,1140525699.0
2021-11-01,72.67,73.71,69.77,71.95,14737349,1112561752.0
2021-11-02,70.4,75.73,70.4,73.0,18357205,1412524607.0
2021-11-03,71.81,74.45,71.81,72.86,11751187,903226719.0
2021-11-04,73.1,74.38,72.02,72.63,10465414,802820391.0
2021-11-05,72.63,76.66,71.86,75.15,16362066,1283947910.0
2021-11-08,74.41,75.97,73.05,75.61,11897432,935048351.0
2021-11-09,78.01,78.54,73.24,73.83,13969437,1103275542.0
2021-11-10,73.24,76.56,73.12,75.78,10896885,863153832.0
2021-11-11,75.41,77.41,74.28,77.14,10606053,848335713.0
2021-11-12,77.14,79.16,76.04,78.69,12818415,1047548187.0
2021-11-15,79.5,79.76,71.87,72.09,21391010,1672408287.0
2021-11-16,70.95,72.15,70.01,70.52,16882366,1255533777.0
2021-11-17,70.45,71.48,69.29,70.38,11398423,841872220.0
2021-11-18,70.28,70.28,66.86,68.06,17016251,1220461903.0
2021-11-19,68.04,69.33,66.38,68.52,18018764,1282894555.0
2021-11-22,68.58,73.17,68.0,72.74,20298186,1514346438.0
2021-11-23,72.1,72.1,67.6,67.76,19303221,1407453791.0
2021-11-24,66.29,67.76,64.3,64.62,20724739,1432952435.0
2021-11-25,64.31,65.46,63.33,63.55,13451956,907487081.0
2021-11-26,63.72,65.87,63.34,64.88,10569283,720701125.0
2021-11-29,64.56,67.33,64.3,67.1,13886828,971840128.0
2021-11-30,68.0,68.32,65.91,68.32,10707683,757412782.0
2021-12-01,68.0,68.0,65.15,65.55,16057231,1111982128.0
2021-12-02,65.14,66.37,64.59,65.57,9117103,627480739.0
2021-12-03,64.73,65.89,63.71,64.87,13635288,927511712.0
2021-12-06,66.92,67.94,64.69,64.69,14603273,1015077386.0
2021-12-07,65.62,67.51,63.73,64.7,12876864,880712296.0
2021-12-08,65.51,67.91,65.08,67.41,15965488,1121150962.0
2021-12-09,67.41,67.53,66.01,67.34,12239858,858647738.0
2021-12-10,66.85,72.27,66.85,71.61,30474493,2255811443.0
2021-12-13,72.12,72.12,68.3,71.43,22893562,1698582513.0
2021-12-14,70.71,71.04,69.63,70.05,12040363,889165816.0
2021-12-15,69.24,69.95,68.7,68.77,10480097,762438799.0
2021-12-16,69.43,69.55,68.32,69.17,5371825,389221134.0
2021-12-17,68.91,68.91,67.08,67.27,8461268,602718672.0
2021-12-20,66.77,67.72,64.75,65.39,8082578,559820470.0
2021-12-21,65.13,66.7,63.63,64.87,8892452,605732600.0
2021-12-22,65.05,67.06,63.87,66.16,11555163,800395231.0
2021-12-23,65.96,68.0,65.53,67.03,7097809,499877145.0
2021-12-24,67.68,67.81,64.49,66.03,6369404,439638915.0
2021-12-27,65.29,66.02,63.98,64.71,9689568,659243695.0
2021-12-28,64.68,65.54,63.74,65.32,8158575,554713660.0
2021-12-29,65.04,66.55,63.16,64.68,9815204,667056040.0
2021-12-30,64.33,65.56,63.42,63.44,10867659,732068616.0
2021-12-31,64.13,66.93,64.09,66.1,19586327,1356842812.0
2022-01-04,66.1,66.63,60.87,61.47,26121373,1712285506.0
2022-01-05,62.01,62.18,57.35,58.65,20029511,1245506785.0
2022-01-06,56.7,58.49,56.21,57.49,16186684,977138570.0
2022-01-07,57.58,58.46,54.84,55.87,16440763,966928069.0
2022-01-10,55.74,55.74,53.26,53.9,16004163,910804975.0
2022-01-11,53.82,54.43,53.13,53.69,13091795,739881553.0
2022-01-12,54.0,56.32,53.43,56.2,15788844,916006659.0
2022-01-13,56.54,58.65,54.57,56.55,18912981,1130929272.0
2022-01-14,56.21,59.91,56.12,58.26,17001063,1050849199.0
2022-01-17,59.15,60.46,58.65,59.78,11446786,717402429.0
2022-01-18,59.43,60.26,58.72,59.42,8529940,531545914.0
2022-01-19,59.34,59.34,57.68,58.01,8416330,515051324.0
2022-01-20,58.47,58.91,56.96,57.35,8279543,500864791.0
2022-01-21,57.37,57.97,55.93,56.45,7013855,418691562.0
2022-01-24,56.42,58.97,56.13,58.4,8652391,525391304.0
2022-01-25,58.26,59.63,57.78,57.8,8557392,528924940.0
2022-01-26,57.73,58.71,56.95,58.49,6384620,388035826.0
2022-01-27,58.35,58.35,55.17,55.35,14244408,839417209.0
2022-01-28,55.39,56.44,54.02,54.49,11104558,640475333.0
2022-02-07,55.74,57.32,54.97,56.52,10501550,620250625.0
2022-02-08,57.07,57.07,52.46,53.08,12347794,695862489.0
2022-02-09,53.02,54.64,52.03,54.43,12296461,690739439.0
2022-02-10,54.4,54.97,52.89,54.31,9833683,555194864.0
2022-02-11,53.26,53.67,51.25,51.4,11911740,655303598.0
2022-02-14,50.54,52.98,50.26,51.65,12431002,676185650.0
2022-02-15,52.5,54.31,51.65,54.26,12214722,688628251.0
2022-02-16,54.63,54.88,53.59,54.16,6434117,366866991.0
2022-02-17,54.02,57.41,54.02,56.29,10394108,612631445.0
2022-02-18,55.99,56.54,53.63,54.31,9980594,573134285.0
2022-02-21,54.24,54.68,53.19,54.51,7043336,400872184.0
2022-02-22,54.21,57.35,53.55,57.16,14755282,874390575.0
2022-02-23,57.57,60.71,57.17,59.51,18916056,1186422765.0
2022-02-24,59.63,61.04,58.68,59.5,9723521,611655326.0
2022-02-25,60.94,61.43,59.04,60.49,9859334,628004079.0
2022-02-28,60.57,62.01,60.16,61.82,10201765,657592456.0
2022-03-01,61.98,62.91,60.57,61.14,10072409,647603704.0
2022-03-02,60.49,60.81,59.6,60.28,6066582,383859817.0
2022-03-03,60.72,60.86,58.78,59.1,7134748,446728244.0
2022-03-04,58.95,60.59,58.69,59.14,7457336,466442654.0
2022-03-07,58.29,59.54,57.45,57.77,8518995,522744042.0
2022-03-08,57.76,59.59,57.35,57.49,13176483,809553465.0
2022-03-09,58.97,60.49,55.16,57.71,16500043,1005316286.0
2022-03-10,59.54,61.09,58.65,59.85,14745843,929368426.0
2022-03-11,58.91,60.17,57.68,59.76,10197345,634238436.0
2022-03-14,58.73,59.81,56.6,56.74,12448255,753800493.0
2022-03-15,56.12,57.33,54.38,54.62,13259840,777597716.0
2022-03-16,55.67,57.16,52.55,56.54,14031243,811008217.0
2022-03-17,57.69,59.59,56.8,58.3,13315074,819843849.0
2022-03-18,58.16,58.44,56.2,57.21,7578071,454935924.0
2022-03-21,57.45,61.31,57.3,59.94,9990438,629749454.0
2022-03-22,59.36,59.9,58.42,58.97,8008979,497123410.0
2022-03-23,59.53,60.02,58.11,58.77,6004782,372188440.0
2022-03-24,58.46,59.43,56.87,58.78,5424093,331327323.0
2022-03-25,58.45,59.9,56.78,56.9,6415769,389304781.0
2022-03-28,56.55,57.81,55.19,56.13,5325232,316485591.0
2022-03-29,56.26,57.02,55.21,56.21,5025024,296688107.0
2022-03-30,56.5,57.88,55.53,57.83,5463863,328272892.0
2022-03-31,57.37,57.85,56.27,57.07,5050461,303106999.0
2022-04-01,57.08,57.35,56.1,56.1,5008138,298172530.0
2022-04-06,54.84,55.74,53.75,54.2,7563230,432889694.0
2022-04-07,53.28,54.49,52.8,53.15,5441259,305351910.0
2022-04-08,54.21,54.31,52.13,52.41,5692395,317185202.0
2022-04-11,51.67,52.12,49.95,50.03,7351024,390628898.0
2022-04-12,50.04,50.66,48.22,49.56,10592800,547555002.0
2022-04-13,49.46,50.78,48.43,49.18,6526553,341352053.0
2022-04-14,49.54,50.1,48.84,49.71,6698967,348314986.0
2022-04-15,49.05,49.59,48.48,48.77,4421417,227290751.0
2022-04-18,48.51,52.11,48.18,51.62,7885602,419351527.0
2022-04-19,51.85,53.24,51.36,52.03,6808771,374243716.0
2022-04-20,52.11,53.26,50.22,50.31,5613392,302351590.0
2022-04-21,50.1,51.57,48.48,48.6,5795876,303197500.0
2022-04-22,48.85,48.85,46.74,47.01,8014936,399485810.0
2022-04-25,46.56,46.9,41.85,42.51,15766447,737922143.0
2022-04-26,42.78,43.27,41.37,41.88,9826110,438233609.0
2022-04-27,41.28,45.32,40.14,44.99,16741203,754248506.0
2022-04-28,44.45,46.32,44.21,46.21,9769495,467962401.0
2022-04-29,47.08,48.53,46.65,48.08,10103084,506311813.0
2022-05-05,48.19,49.91,47.92,48.84,8189289,421665583.0
2022-05-06,47.62,49.08,47.58,48.43,5664884,288298785.0
2022-05-09,48.54,49.24,46.89,47.16,6429303,322596587.0
2022-05-10,46.6,49.13,46.51,47.93,9205237,464176504.0
2022-05-11,48.32,50.66,47.94,49.84,10947589,573872253.0
2022-05-12,49.46,49.91,48.73,49.46,5597583,290592658.0
2022-05-13,49.84,50.6,48.85,49.74,5297880,277017585.0
2022-05-16,50.12,51.53,48.62,48.99,6892186,360359987.0
2022-05-17,49.16,51.07,48.74,50.6,8504467,447330164.0
2022-05-18,50.61,52.9,50.29,52.28,8187690,444694026.0
2022-05-19,51.31,54.02,51.26,53.45,11496773,641191826.0
2022-05-20,53.74,53.99,52.12,53.31,7864894,439744811.0
2022-05-23,53.45,54.09,52.7,53.73,5417194,304632479.0
2022-05-24,53.74,54.68,52.03,52.29,6860435,383538630.0
2022-05-25,52.24,52.86,51.39,51.84,6252692,341877830.0
2022-05-26,52.5,52.58,50.98,51.93,5173427,282146731.0
2022-05-27,52.47,53.06,51.25,51.45,4753026,259611168.0
2022-05-30,51.83,52.26,51.02,51.51,5025713,271495095.0
2022-05-31,52.41,52.69,51.26,52.62,7512729,412270078.0
2022-06-01,52.22,52.66,51.06,51.55,8929011,484473205.0
2022-06-02,52.1,54.58,51.72,54.25,10898069,610335962.0
2022-06-06,54.26,57.97,53.93,57.13,11785300,697406026.0
2022-06-07,57.23,58.03,56.22,57.36,9588455,572719709.0
2022-06-08,57.17,57.7,55.49,56.52,8021306,472618968.0
2022-06-09,55.86,56.96,54.91,55.26,7676340,446136063.0
2022-06-10,54.78,56.77,54.5,56.69,9891116,576459147.0
2022-06-13,56.02,57.53,55.55,57.21,8293032,492426443.0
2022-06-14,56.08,57.17,55.75,57.15,8826071,521386553.0
2022-06-15,57.78,59.35,56.66,57.48,9519206,577074378.0
2022-06-16,56.88,59.35,56.74,59.14,7851937,481657724.0
2022-06-17,58.91,60.57,58.03,60.36,9529429,596689111.0
2022-06-20,60.6,64.82,60.59,62.28,12747342,838214633.0
2022-06-21,62.0,62.91,60.24,61.0,7505662,480004684.0
2022-06-22,61.22,63.67,60.8,62.94,10067378,661182696.0
2022-06-23,63.0,64.63,62.34,64.33,8523065,566707588.0
2022-06-24,64.05,64.75,63.12,63.58,7535977,503600531.0
2022-06-27,64.06,64.51,62.1,62.73,11294002,740776760.0
2022-06-28,62.54,66.11,62.24,65.78,11880315,797099641.0
2022-06-29,65.2,66.14,63.11,63.76,11249398,755475725.0
2022-06-30,63.86,65.19,63.28,64.62,8883447,595828276.0
2022-07-01,64.15,64.97,62.55,62.62,7942222,526469341.0
2022-07-04,61.68,67.4,61.67,65.73,14878725,1015602386.0
2022-07-05,65.37,68.05,65.3,65.96,14369167,994995275.0
2022-07-06,65.96,67.5,65.12,65.91,9142782,632880219.0
2022-07-07,65.7,68.15,65.2,67.13,10942774,766391888.0
2022-07-08,67.21,69.05,66.48,66.79,14483558,1022028869.0
2022-07-11,67.88,67.88,64.39,65.35,9480750,650997850.0
2022-07-12,66.73,66.91,64.02,64.37,10071982,685908368.0
2022-07-13,64.37,65.5,62.14,64.53,10992697,735961302.0
2022-07-14,64.33,67.86,63.96,66.73,11207752,780270843.0
2022-07-15,66.86,68.06,65.11,65.46,7359342,511288615.0
2022-07-18,65.42,65.96,62.81,64.81,10283855,689953857.0
2022-07-19,65.97,65.97,63.81,64.06,7189265,485053166.0
2022-07-20,65.73,67.93,65.02,66.52,9262164,643477645.0
2022-07-21,66.53,67.31,64.65,64.88,7673357,529909573.0
2022-07-22,64.68,67.18,64.68,66.15,6806627,469123346.0
2022-07-25,66.1,66.24,64.7,65.65,7466902,511686895.0
2022-07-26,65.69,67.82,65.69,66.94,7231121,506745957.0
2022-07-27,67.29,71.7,66.21,71.37,15734657,1156675034.0
2022-07-28,71.37,71.37,69.29,69.75,10647316,781088712.0
2022-07-29,69.85,70.65,68.86,69.81,6817581,497794107.0
2022-08-01,68.95,69.12,66.33,68.41,8528068,606318604.0
2022-08-02,67.76,69.53,67.22,67.88,8931836,638752384.0
2022-08-03,68.64,69.77,66.98,67.99,9234398,660894892.0
2022-08-04,68.79,69.07,65.87,67.35,7699447,539388159.0
2022-08-05,67.48,68.78,66.45,68.54,6844105,486384848.0
2022-08-08,68.39,68.46,66.14,66.97,7815396,548413568.0
2022-08-09,66.92,70.06,66.35,68.78,9520938,680621057.0
2022-08-10,67.97,69.7,67.29,68.1,7847016,559889151.0
2022-08-11,68.36,68.74,64.58,66.92,12697733,881567097.0
2022-08-12,66.35,67.21,64.58,64.66,10019172,688065913.0
2022-08-15,67.29,72.92,66.92,72.39,28672822,2148755424.0
2022-08-16,71.63,73.1,69.7,72.85,20520540,1547008248.0
2022-08-17,72.97,75.05,72.12,72.76,13460736,1030410051.0
2022-08-18,72.76,81.17,72.51,80.32,27042899,2210971188.0
2022-08-19,81.19,82.13,78.07,78.45,16919706,1410678496.0
2022-08-22,77.47,79.18,76.08,78.1,13791980,1117488729.0
2022-08-23,77.25,80.87,77.25,79.46,15218636,1270402161.0
2022-08-24,79.5,80.95,76.66,76.96,12081030,987074355.0
2022-08-25,78.68,79.24,74.35,75.91,13534836,1077062258.0
2022-08-26,76.05,76.96,72.68,73.53,11002207,854467667.0
2022-08-29,71.7,77.79,71.7,76.64,14684885,1166957907.0
2022-08-30,76.62,80.31,75.66,76.87,13954067,1135564016.0
2022-08-31,76.16,76.87,71.58,72.66,18418524,1407195754.0
2022-09-01,72.12,73.06,70.56,71.2,9530633,713670810.0
2022-09-02,71.56,72.88,69.89,70.87,7862815,586864434.0
2022-09-05,71.24,73.62,69.94,70.94,12631679,942029976.0
2022-09-06,71.47,74.72,69.53,74.49,13848782,1056453710.0
2022-09-07,73.95,77.63,73.62,75.37,13405830,1069637872.0
2022-09-08,75.24,80.4,75.05,79.26,16911692,1387796931.0
2022-09-09,79.45,80.07,77.17,78.01,8727683,711652223.0
2022-09-13,78.4,78.82,75.89,77.05,8234164,663179779.0
2022-09-14,75.73,78.5,75.53,77.03,7454337,601572244.0
2022-09-15,78.01,78.21,68.79,69.79,21877631,1629929408.0
2022-09-16,69.76,72.66,69.31,70.51,10074290,750904418.0
2022-09-19,70.57,72.01,68.84,69.5,6645575,484891602.0
2022-09-20,70.28,71.99,69.41,70.54,6309659,467628516.0
2022-09-21,70.07,70.82,67.99,68.2,7983595,574931139.0
2022-09-22,67.76,69.6,66.65,68.65,6500387,467057863.0
2022-09-23,68.7,69.7,66.79,67.88,7095426,501997306.0
2022-09-26,67.88,70.27,67.0,68.72,8756961,633854182.0
2022-09-27,68.75,69.36,67.52,68.03,5951622,424350323.0
2022-09-28,68.55,68.98,65.69,65.87,9033711,632045516.0
2022-09-29,66.45,67.49,64.84,67.09,6220390,433014227.0
2022-09-30,67.09,67.09,64.53,64.65,7072579,484505109.0
2022-10-10,64.79,65.49,62.45,63.0,8152539,542086782.0
2022-10-11,63.82,63.82,61.85,62.2,6080986,398597224.0
2022-10-12,62.14,64.06,58.96,63.58,13820349,887512483.0
2022-10-13,63.19,67.09,62.67,64.15,9596356,653314864.0
2022-10-14,65.01,66.34,63.18,65.35,10967950,743339707.0
2022-10-17,64.9,68.26,64.64,67.42,11336630,786413076.0
2022-10-18,67.42,68.49,66.63,67.42,6821731,481469183.0
2022-10-19,67.35,69.03,66.54,66.89,5914853,417791935.0
2022-10-20,66.54,68.22,65.3,66.78,6718173,468521849.0
2022-10-21,66.26,67.43,66.16,66.74,3829383,267825455.0
2022-10-24,66.85,67.83,65.01,65.71,6022484,417240868.0
2022-10-25,65.52,67.54,64.11,67.1,7959594,553175791.0
2022-10-26,68.84,74.43,67.98,73.43,20620785,1555498705.0
2022-10-27,73.43,76.46,73.02,73.1,11057781,860777061.0
2022-10-28,73.21,73.92,70.55,71.03,10966152,824445599.0
2022-10-31,71.19,71.94,66.83,68.13,14318103,1030282337.0
2022-11-01,67.32,70.91,67.11,69.79,9906733,717715046.0
2022-11-02,69.46,73.23,69.1,71.7,9235559,686356738.0
2022-11-03,70.95,74.93,70.71,72.97,10818926,830818798.0
2022-11-04,73.04,74.68,72.71,74.28,8823591,681337642.0
2022-11-07,73.62,75.23,72.85,73.28,8715068,672107895.0
2022-11-08,73.28,73.69,71.53,72.16,4209346,317232160.0
2022-11-09,72.16,72.74,69.79,70.15,5257506,389208537.0
2022-11-10,70.26,71.24,68.12,68.93,7414364,538419731.0
2022-11-11,70.9,71.23,68.24,68.5,7610933,551736953.0
2022-11-14,67.93,70.13,66.45,67.05,11056164,783759728.0
2022-11-15,66.89,68.49,66.45,68.27,8263620,585117466.0
2022-11-16,68.59,70.08,67.78,69.2,8051720,581181334.0
2022-11-17,68.41,69.12,64.35,65.27,15002290,1026749849.0
2022-11-18,65.49,66.39,64.36,64.44,11368630,772564658.0
2022-11-21,63.85,66.34,63.85,65.36,6425164,439598929.0
2022-11-22,64.69,65.46,63.28,63.48,7322488,489130438.0
2022-11-23,63.47,66.52,63.19,65.99,9105733,621524051.0
2022-11-24,65.96,67.52,65.58,65.66,5137335,357934134.0
2022-11-25,65.15,66.14,63.46,63.82,5265057,354075762.0
2022-11-28,62.97,63.73,61.89,62.4,8456118,551781683.0
2022-11-29,62.41,62.98,61.1,61.81,8715696,563003196.0
2022-11-30,61.75,61.82,60.12,61.67,9942558,632067542.0
2022-12-01,62.62,62.62,61.24,61.9,7384488,477598789.0
2022-12-02,61.47,62.6,60.77,60.92,6841551,440543308.0
2022-12-05,60.95,62.65,60.71,62.52,12614021,818729973.0
2022-12-06,62.24,64.88,62.14,64.45,14890220,994461754.0
2022-12-07,63.55,67.69,63.55,66.92,14459451,1005521423.0
2022-12-08,67.21,67.59,65.65,67.55,9761892,682092590.0
2022-12-09,67.02,67.67,65.97,67.67,8831947,619698285.0
2022-12-12,67.25,67.77,66.72,67.39,6560765,460511071.0
2022-12-13,67.55,67.76,66.11,66.42,5933667,413497574.0
2022-12-14,67.54,67.69,65.66,66.22,5888794,407498065.0
2022-12-15,65.81,67.1,65.68,67.05,5771843,401688610.0
2022-12-16,66.73,67.97,65.6,66.45,6065049,421859880.0
2022-12-19,65.71,67.3,65.01,66.59,3948377,274895274.0
2022-12-20,66.32,66.89,65.04,65.2,3483831,238779071.0
2022-12-21,65.49,65.58,62.03,62.64,5999108,395552478.0
2022-12-22,63.29,63.38,57.47,57.94,18510891,1151793711.0
2022-12-23,58.14,59.24,56.78,57.51,9076274,545988909.0
2022-12-26,57.55,58.32,56.01,58.05,10595229,637174405.0
2022-12-27,58.37,60.1,58.13,59.3,9711715,604146186.0
2022-12-28,58.83,60.96,58.56,60.23,10205444,638526373.0
2022-12-29,59.68,62.13,59.49,61.47,7618549,488669492.0
2022-12-30,61.48,62.1,60.51,60.77,4650683,297062712.0
2023-01-03,60.82,61.77,59.57,61.18,8990393,572611855.0
2023-01-04,60.42,61.27,58.84,59.1,7874793,490175428.0
2023-01-05,59.27,59.85,58.33,59.35,7290080,450908703.0
2023-01-06,59.33,63.08,59.27,61.74,10305287,665002287.0
2023-01-09,61.77,62.51,60.43,61.23,7114350,457415396.0
2023-01-10,61.6,62.96,61.51,62.63,9440994,615788673.0
2023-01-11,62.23,63.28,61.83,62.43,5761116,377086936.0
2023-01-12,62.18,64.96,62.18,63.74,7373975,494624498.0
2023-01-13,63.74,64.04,62.91,63.29,4912598,324547484.0
2023-01-16,63.41,63.93,62.74,63.76,5667987,376232127.0
2023-01-17,63.32,64.42,63.14,64.06,5337015,356627256.0
2023-01-18,63.9,66.45,63.9,65.63,7331284,502512149.0
2023-01-19,65.5,65.57,63.61,63.68,8261835,553571792.0
2023-01-20,63.77,64.51,63.39,64.01,7185918,479660776.0
2023-01-30,65.01,67.1,64.89,65.49,10822870,745723059.0
2023-01-31,65.28,66.22,64.93,65.74,6208164,426398337.0
2023-02-01,66.16,66.43,64.0,65.65,7038449,480066218.0
2023-02-02,65.97,67.46,64.83,66.64,7683660,535639683.0
2023-02-03,66.64,67.13,65.25,66.35,4958731,342460902.0
2023-02-06,66.92,67.46,65.01,66.29,4624543,319628559.0
2023-02-07,66.26,66.83,65.41,65.51,5628360,387563703.0
2023-02-08,65.39,66.54,65.2,65.4,3770031,259491500.0
2023-02-09,65.39,66.33,64.58,66.21,6787847,467623716.0
2023-02-10,66.21,66.71,65.13,65.58,4061045,279485241.0
2023-02-13,65.68,65.94,64.53,65.11,5196835,353829145.0
2023-02-14,65.06,66.13,64.27,64.58,4567185,310279240.0
2023-02-15,64.68,65.2,63.82,64.16,5783112,387796806.0
2023-02-16,63.87,66.33,63.59,64.44,7713751,524380380.0
2023-02-17,64.92,65.01,63.67,63.73,5179370,348178980.0
2023-02-20,63.58,65.68,63.1,65.35,5302539,356559023.0
2023-02-21,65.37,65.62,62.22,63.9,9745679,648542759.0
2023-02-22,63.58,65.13,63.58,63.58,4929615,330379863.0
2023-02-23,63.86,66.64,63.75,65.8,9604122,659098186.0
2023-02-24,65.97,66.31,64.6,64.73,3900714,265871755.0
2023-02-27,64.37,66.77,64.34,65.02,5479924,374972565.0
2023-02-28,65.01,65.68,63.93,65.58,5061526,344803544.0
2023-03-01,65.66,65.76,64.11,64.65,5192080,350781309.0
2023-03-02,64.34,64.63,60.42,61.28,14219422,916410805.0
2023-03-03,61.74,62.9,61.39,61.68,6271249,407068767.0
2023-03-06,62.13,65.11,61.95,64.84,8687857,580484390.0
2023-03-07,64.72,65.66,64.23,64.43,5838945,394714610.0
2023-03-08,64.39,65.49,63.61,63.92,4071480,274183292.0
2023-03-09,63.96,66.66,63.91,65.57,7560259,518899548.0
2023-03-10,65.46,66.95,64.87,66.11,5652142,390309807.0
2023-03-13,65.79,67.14,64.97,65.44,4196087,288138562.0
2023-03-14,65.06,65.57,64.04,64.24,6105997,411780905.0
2023-03-15,64.63,65.74,63.12,63.3,5531900,370772123.0
2023-03-16,62.94,63.97,60.77,60.98,7186260,464764023.0
2023-03-17,60.98,61.95,60.98,61.06,5268321,338005144.0
2023-03-20,60.78,62.05,59.66,60.46,7449708,473049083.0
2023-03-21,60.24,60.93,58.78,59.76,6462825,401920846.0
2023-03-22,60.08,60.51,59.29,59.49,3982504,249095072.0
2023-03-23,59.17,60.2,58.94,59.61,6658610,415408154.0
2023-03-24,59.47,59.99,58.8,59.46,5361604,333098189.0
2023-03-27,59.52,60.79,59.07,60.33,6584959,414003461.0
2023-03-28,60.21,60.66,58.87,59.32,4594564,286022158.0
2023-03-29,59.56,61.33,59.54,61.04,6569721,417111111.0
2023-03-30,60.8,61.96,60.14,61.71,5807919,372295255.0
2023-03-31,61.71,63.12,61.3,62.42,5723766,373629159.0
2023-04-03,64.17,65.48,63.59,65.25,12343344,831432383.0
2023-04-04,65.25,67.1,64.53,65.36,11891532,818331732.0
2023-04-06,65.97,67.4,64.54,66.25,7670197,529281308.0
2023-04-07,66.48,67.61,65.51,66.39,5568644,389629132.0
2023-04-10,66.86,69.03,66.18,67.88,7715192,549775836.0
2023-04-11,67.66,68.36,66.94,67.93,8379218,594476948.0
2023-04-12,67.86,68.64,65.69,67.76,7921795,556070619.0
2023-04-13,67.58,67.87,66.16,66.68,5892202,410924263.0
2023-04-14,66.73,69.58,66.45,68.65,10354745,740124707.0
2023-04-17,71.68,71.7,66.42,66.68,13544331,964606780.0
2023-04-18,66.77,67.98,66.28,67.9,8989991,630417623.0
2023-04-19,67.89,68.08,65.79,66.06,7687335,536921285.0
2023-04-20,66.54,66.54,64.82,65.39,8247803,563624740.0
2023-04-21,65.9,66.32,64.49,64.51,7713884,527757556.0
2023-04-24,64.98,65.54,62.51,62.88,6934326,460356959.0
2023-04-25,63.29,63.71,60.76,61.8,8548479,550653539.0
2023-04-26,61.61,64.43,61.18,64.02,8681841,574753372.0
2023-04-27,63.79,64.8,63.19,64.06,7095231,474782325.0
2023-04-28,64.53,66.98,64.2,65.41,9793073,672495585.0
2023-05-04,65.21,66.15,64.12,64.45,5716482,387415775.0
2023-05-05,64.18,64.45,62.74,64.07,5250879,349084374.0
2023-05-08,64.13,65.58,63.2,64.88,5047993,340925666.0
2023-05-09,65.3,65.64,64.45,65.01,4391304,298675683.0
2023-05-10,64.67,65.0,63.48,64.75,5496306,370297075.0
2023-05-11,64.75,66.73,64.52,65.54,5346376,368542003.0
2023-05-12,66.05,66.77,65.36,65.86,5855500,404574559.0
2023-05-15,65.88,67.87,65.77,67.78,6966051,488910826.0
2023-05-16,67.64,68.97,67.35,68.19,6539824,464074950.0
2023-05-17,67.84,68.89,66.73,68.66,7761390,546786953.0
2023-05-18,68.65,70.48,68.36,69.4,7770062,560610870.0
2023-05-19,69.08,70.24,68.68,69.76,5196702,376833593.0
2023-05-22,70.8,71.85,68.78,69.26,7395184,535466254.0
2023-05-23,70.43,70.65,67.83,68.2,6836222,487929156.0
2023-05-24,68.54,71.4,67.95,70.32,7771020,564430403.0
2023-05-25,70.25,71.37,69.56,70.24,7411259,543304804.0
2023-05-26,70.22,70.59,68.71,69.28,5702818,410792618.0
2023-05-29,69.36,69.64,67.72,67.96,5873462,416267578.0
2023-05-30,68.11,68.28,65.97,67.01,5401513,375452630.0
2023-05-31,67.69,67.76,65.79,66.34,5892543,406602989.0
2023-06-01,66.34,67.24,65.04,65.28,6680419,456286548.0
2023-06-02,65.3,65.8,64.96,65.3,5887175,400680933.0
2023-06-05,65.39,65.5,63.98,64.05,5988176,402216876.0
2023-06-06,64.05,64.43,62.74,63.22,7174701,472417726.0
2023-06-07,63.31,63.5,62.36,62.54,5017062,326966931.0
2023-06-08,62.53,63.72,62.41,62.54,4980123,325301044.0
2023-06-09,63.02,63.34,61.19,62.33,8018698,516008339.0
2023-06-12,62.23,63.3,60.96,62.92,7957765,515064021.0
2023-06-13,62.73,63.12,62.1,62.51,5051605,328481565.0
2023-06-14,62.81,63.61,62.11,62.23,5982425,389905545.0
2023-06-15,62.53,65.42,62.23,65.28,8948270,597261526.0
2023-06-16,65.31,66.0,64.67,65.88,6183285,420554181.0
2023-06-19,65.43,65.58,63.74,64.29,6503332,435355988.0
2023-06-20,64.45,65.0,63.74,64.27,4809012,321292568.0
2023-06-21,64.13,65.2,63.82,63.91,4060025,271898566.0
2023-06-26,63.78,65.57,62.65,64.54,6187971,412940983.0
2023-06-27,64.53,67.44,64.35,65.09,6111698,416661440.0
2023-06-28,65.72,67.01,65.38,66.68,7150139,492826515.0
2023-06-29,66.81,68.11,66.29,67.47,6157795,432201418.0
2023-06-30,67.11,68.48,66.73,68.22,5521098,389664690.0
2023-07-03,67.84,68.6,67.74,68.03,4787893,338848896.0
2023-07-04,67.84,68.51,66.92,67.01,4410226,308885991.0
2023-07-05,67.05,67.21,66.08,66.2,3604467,248703635.0
2023-07-06,65.94,66.97,65.83,66.21,3668652,252852677.0
2023-07-07,65.6,66.0,64.56,64.56,3635294,245952935.0
2023-07-10,64.56,66.86,64.35,65.72,3818746,261438879.0
2023-07-11,65.52,65.72,64.56,65.23,2991394,202179346.0
2023-07-12,65.3,65.81,64.14,65.13,3053832,206653106.0
2023-07-13,66.56,67.47,66.0,66.32,5101874,353118185.0
2023-07-14,66.27,66.35,65.03,65.15,3516732,239400204.0
2023-07-17,65.08,65.23,63.48,63.9,4252493,283052604.0
2023-07-18,64.4,64.4,62.55,62.83,5186846,339101202.0
2023-07-19,62.91,63.0,61.45,61.68,6069832,390233924.0
2023-07-20,62.01,62.37,61.22,61.28,5337100,342403078.0
2023-07-21,61.19,61.48,60.61,61.1,3552865,225080245.0
2023-07-24,60.74,61.08,59.87,59.96,5747531,360277021.0
2023-07-25,60.37,60.76,59.66,60.42,7212660,451274243.0
2023-07-26,60.35,60.98,59.94,60.62,5638847,354451830.0
2023-07-27,60.88,60.96,58.58,58.77,8759481,539796467.0
2023-07-28,58.65,59.73,58.23,59.36,5667623,348387950.0
2023-07-31,59.65,60.47,59.17,59.44,5103831,316853453.0
2023-08-01,59.44,59.85,58.5,59.08,6030362,370249328.0
2023-08-02,59.56,59.63,58.74,58.88,3542377,217522316.0
2023-08-03,58.8,59.61,58.71,59.16,3808938,234023645.0
2023-08-04,59.09,59.64,59.03,59.28,3906879,240564955.0
2023-08-07,59.46,59.5,58.76,58.81,3538619,216961290.0
2023-08-08,58.82,59.22,58.17,58.24,4302456,261278151.0
2023-08-09,58.06,58.44,57.74,58.03,2759406,166450206.0
2023-08-10,58.03,58.63,57.92,58.07,3198156,193468116.0
2023-08-11,58.08,58.39,57.49,57.49,3466194,208457308.0
2023-08-14,57.42,57.61,56.67,57.34,3341785,198286473.0
2023-08-15,57.16,57.61,55.28,55.42,9916845,577382882.0
2023-08-16,55.3,55.93,53.94,54.44,5764089,329278761.0
2023-08-17,54.44,54.6,53.69,54.26,4327369,243462152.0
2023-08-18,54.54,55.59,53.77,53.85,4765538,270205216.0
2023-08-21,53.65,54.29,53.26,53.26,3800283,212245150.0
2023-08-22,53.86,53.97,51.6,52.92,8499625,464399264.0
2023-08-23,53.11,53.79,52.47,52.49,5731424,316709636.0
2023-08-24,52.77,54.07,52.48,53.56,5574406,310107930.0
2023-08-25,53.37,54.51,53.26,53.64,5615347,313847144.0
2023-08-28,56.57,56.92,51.96,52.35,10958149,613386109.0
2023-08-29,51.97,54.01,51.96,53.88,7499057,416591799.0
2023-08-30,54.11,56.03,53.88,55.08,7929649,454713995.0
2023-08-31,55.02,55.03,53.98,54.2,4935530,278592875.0
2023-09-01,54.34,54.81,53.28,53.69,5439398,304125229.0
2023-09-04,53.84,53.88,52.69,53.16,6922590,381640258.0
2023-09-05,53.37,54.2,53.16,53.54,5314251,296433537.0
2023-09-06,53.22,53.49,52.65,52.93,4363702,240099240.0
2023-09-07,52.92,52.92,51.43,51.47,4470440,241566314.0
2023-09-08,51.2,51.72,50.39,50.63,5463281,287998931.0
2023-09-11,50.72,51.72,50.37,51.1,7490811,397339745.0
2023-09-12,51.21,51.45,50.61,51.07,3498447,185622703.0
2023-09-13,50.86,51.19,50.03,50.32,5874951,308103686.0
2023-09-14,50.21,50.41,49.29,49.57,6682111,345165149.0
2023-09-15,49.79,49.91,48.78,49.07,6527305,333710993.0
2023-09-18,49.07,49.6,48.57,49.38,4457461,228016980.0
2023-09-19,49.19,49.42,48.45,48.65,5141660,260467368.0
2023-09-20,48.81,48.81,47.92,47.92,5077329,254178525.0
2023-09-21,47.99,48.01,46.77,46.87,7369646,362102577.0
2023-09-22,46.66,47.13,46.11,47.04,7394287,359115183.0
2023-09-25,47.15,47.15,46.11,46.66,6214079,300310788.0
2023-09-26,46.66,46.9,45.88,45.93,5181484,248701609.0
2023-09-27,45.92,47.63,45.73,46.81,8362833,406244649.0
2023-09-28,46.81,47.07,45.86,45.9,7396681,354858217.0
2023-10-09,45.89,46.7,45.35,46.39,6079633,291059301.0
2023-10-10,46.54,46.8,45.65,45.65,4942018,236610016.0
2023-10-11,46.06,46.35,45.23,45.38,5957635,282328268.0
2023-10-12,45.41,45.99,44.95,45.79,6018642,284824729.0
2023-10-13,45.43,45.52,44.45,44.66,5367135,249488341.0
2023-10-16,44.47,44.62,43.44,43.67,6458821,293947065.0
2023-10-17,43.84,43.89,43.18,43.52,4483672,202703890.0
2023-10-18,43.32,43.55,42.67,42.74,4653464,207834184.0
2023-10-19,42.75,42.91,42.24,42.32,6058612,267986476.0
2023-10-20,42.01,42.92,41.85,42.07,6455532,283856018.0
2023-10-23,42.07,42.07,40.64,40.8,6790283,290702314.0
2023-10-24,40.8,41.47,40.52,41.19,6718312,286663618.0
2023-10-25,41.2,41.64,40.38,40.47,8142632,345670975.0
2023-10-26,40.44,40.67,39.19,39.88,11214255,462251268.0
2023-10-27,39.93,42.64,39.88,41.62,19206566,825674906.0
2023-10-30,41.62,42.63,41.05,42.28,14251223,618405146.0
2023-10-31,42.14,42.48,41.44,41.84,6755303,293936462.0
2023-11-01,41.86,41.9,41.05,41.13,5677143,244161823.0
2023-11-02,41.26,41.35,39.89,39.96,7897426,331572798.0
2023-11-03,40.01,41.45,39.97,41.23,10761248,459312446.0
2023-11-06,41.76,44.45,41.46,43.73,18473044,834998174.0
2023-11-07,43.69,45.59,43.31,45.05,20079727,935130157.0
2023-11-08,44.75,45.65,44.64,44.97,13155592,615253342.0
2023-11-09,45.03,45.9,44.67,45.17,10759918,507269325.0
2023-11-10,44.84,45.61,44.51,44.63,8159035,379225307.0
2023-11-13,44.81,45.17,44.15,44.56,8511291,393069865.0
2023-11-14,44.67,45.11,44.04,44.17,8472788,390331034.0
2023-11-15,44.84,45.19,44.44,44.59,9424805,437937500.0
2023-11-16,44.46,44.54,43.44,43.49,6499710,296268998.0
2023-11-17,43.3,43.65,43.02,43.29,5021928,225926748.0
2023-11-20,43.29,43.6,42.47,43.28,6759707,302529766.0
2023-11-21,43.58,43.95,42.29,42.46,9207107,411128095.0
2023-11-22,42.13,42.49,41.28,41.28,8976407,388818618.0
2023-11-23,41.37,42.13,41.07,41.57,6102023,263330063.0
2023-11-24,41.41,41.54,40.8,40.99,5938696,253834073.0
2023-11-27,40.68,40.89,39.83,40.09,9175670,383706553.0
2023-11-28,40.09,40.55,39.72,40.08,6246684,260393891.0
2023-11-29,39.86,42.48,39.45,41.79,19567062,843577484.0
2023-11-30,41.35,42.03,40.72,41.54,11120888,478285383.0
2023-12-01,41.57,42.53,40.72,41.14,11122382,478499902.0
2023-12-04,40.95,41.13,40.18,40.25,8338573,350524160.0
2023-12-05,40.28,40.77,39.35,39.35,7788833,323497286.0
2023-12-06,39.25,40.2,39.16,39.43,8404692,346478681.0
2023-12-07,39.2,39.41,38.1,38.15,14060494,562959435.0
2023-12-08,38.48,38.79,37.73,38.74,22713487,906222813.0
2023-12-11,38.48,40.49,37.44,40.42,16638183,671491040.0
2023-12-12,40.19,40.55,39.28,39.6,9747464,403063363.0
2023-12-13,39.59,39.81,38.75,38.81,6490004,264403936.0
2023-12-14,39.06,39.64,38.63,38.68,5197817,211002131.0
2023-12-15,39.05,40.42,38.89,39.59,11747974,486755162.0
2023-12-18,39.25,39.72,38.77,38.91,7311706,297403672.0
2023-12-19,38.99,40.07,38.88,39.17,8729832,357527768.0
2023-12-20,39.16,39.28,38.29,38.41,7063434,283441501.0
2023-12-21,38.33,40.37,38.01,39.79,12651227,518765900.0
2023-12-22,39.81,40.84,39.21,40.16,12460390,519210423.0
2023-12-25,40.03,40.3,39.35,40.05,9056330,374125828.0
2023-12-26,40.0,40.02,38.6,38.9,8721012,354336979.0
2023-12-27,39.07,39.35,38.49,38.93,7029338,284373787.0
2023-12-28,38.81,43.27,38.78,42.96,24220006,1048791457.0
2023-12-29,42.96,42.96,42.09,42.42,12699377,560737106.0
2024-01-02,42.33,42.45,41.07,41.09,10035888,432553050.0
2024-01-03,40.97,41.57,40.76,41.06,8522947,364000580.0
2024-01-04,41.01,41.02,39.37,39.51,10022423,415819157.0
2024-01-05,39.32,40.08,38.08,38.11,11354229,459345893.0
2024-01-08,38.01,38.57,37.08,37.19,10509978,412703185.0
2024-01-09,36.93,39.14,35.99,37.57,15276159,596053471.0
2024-01-10,37.41,39.35,37.04,38.33,12862428,514321876.0
2024-01-11,38.21,39.1,37.92,38.27,12625475,504588843.0
2024-01-12,38.18,39.24,37.28,38.21,13588062,541216176.0
2024-01-15,37.77,38.1,36.92,37.67,8363664,326508060.0
2024-01-16,37.62,38.97,37.16,38.29,9984924,396508677.0
2024-01-17,38.2,38.2,36.88,36.88,8569825,333264170.0
2024-01-18,36.64,38.2,36.48,38.13,15473812,599121808.0
2024-01-19,38.79,39.5,37.72,37.85,14424760,576906200.0
2024-01-22,37.75,38.19,36.52,36.78,13712121,531369663.0
2024-01-23,36.66,38.12,36.19,37.41,12976672,503134074.0
2024-01-24,37.28,37.5,34.91,35.97,22883359,851599738.0
2024-01-25,35.61,37.01,34.97,36.93,15208252,572465176.0
2024-01-26,36.73,36.99,35.44,35.58,12912422,483628188.0
2024-01-29,35.41,35.41,33.77,33.78,13660579,488025123.0
2024-01-30,33.66,33.94,32.37,32.37,12699173,436317170.0
2024-01-31,32.26,32.67,31.48,31.5,14305207,474548597.0
2024-02-01,31.14,32.97,31.14,32.25,12663231,424436422.0
2024-02-02,32.13,32.49,29.69,30.55,18236582,585632098.0
2024-02-05,30.22,31.0,28.38,29.97,17305426,535699648.0
2024-02-06,29.8,32.1,29.64,31.98,17071137,553976646.0
2024-02-07,31.98,32.76,31.46,32.1,19439828,649323864.0
2024-02-08,32.16,33.13,31.41,32.99,22937677,774894631.0
2024-02-19,33.46,33.46,32.36,32.79,14833396,505506386.0
2024-02-20,32.53,33.0,32.22,32.83,10264376,347720739.0
2024-02-21,32.7,34.02,32.28,33.28,14731253,509918696.0
2024-02-22,33.23,33.94,33.1,33.4,12117449,420619342.0
2024-02-23,33.47,33.94,33.15,33.89,12335397,431024505.0
2024-02-26,34.11,34.81,33.39,34.01,16501359,583030022.0
2024-02-27,33.77,35.12,33.58,35.12,14171269,506429124.0
2024-02-28,35.0,36.92,34.35,34.35,23943921,888356197.0
2024-02-29,34.06,35.65,33.79,35.6,16166539,590360530.0
2024-03-01,35.6,36.14,35.28,35.52,14019990,518847476.0
2024-03-04,35.5,36.44,35.32,35.63,14444503,536708103.0
2024-03-05,35.37,35.39,34.66,34.98,11822098,429928235.0
2024-03-06,34.77,36.54,34.73,35.72,15779174,584783714.0
2024-03-07,36.23,36.23,34.64,34.65,12084936,442908467.0
2024-03-08,34.6,35.81,34.59,35.43,12811808,469493131.0
2024-03-11,36.2,37.63,35.81,37.57,27471305,1047610948.0
2024-03-12,37.7,38.69,37.33,37.52,21941939,864559132.0
2024-03-13,37.33,37.72,36.97,37.22,12028049,466033799.0
2024-03-14,37.06,37.78,36.42,36.86,12753683,491556731.0
2024-03-15,36.59,37.03,35.58,36.32,14538362,545729069.0
2024-03-18,36.25,37.45,36.04,37.24,16351087,624519511.0
2024-03-19,37.09,37.64,36.47,36.48,11787169,451468673.0
2024-03-20,36.26,37.02,36.1,36.29,9951945,376585037.0
2024-03-21,36.54,36.99,35.46,35.68,14301728,535292772.0
2024-03-22,35.43,35.64,34.25,34.25,15140100,546353707.0
2024-03-25,34.16,34.57,33.48,33.5,11462468,403911434.0
2024-03-26,33.45,34.44,33.42,34.09,10131175,356364513.0
2024-03-27,34.02,34.41,32.98,32.98,8184969,286511870.0
2024-03-28,32.92,33.82,32.92,33.21,8265066,286178078.0
2024-03-29,33.1,33.43,32.52,32.97,9605838,327964466.0
2024-04-01,33.11,34.06,33.03,33.83,11244402,393201888.0
2024-04-02,33.88,33.91,33.22,33.63,9404110,327694598.0
2024-04-03,33.62,33.69,33.18,33.19,7045009,244218148.0
2024-04-08,33.08,33.08,31.48,31.59,15093795,502746247.0
2024-04-09,31.58,32.45,31.47,32.25,7705263,256272376.0
2024-04-10,32.5,32.5,31.28,31.52,7548375,248533677.0
2024-04-11,31.32,31.77,31.02,31.22,7973981,259460632.0
2024-04-12,31.22,31.39,30.36,30.38,11141254,355923281.0
2024-04-15,30.5,31.65,30.46,31.1,14391661,465770597.0
2024-04-16,31.17,31.91,30.62,30.73,16792303,546121342.0
2024-04-17,30.81,31.46,30.79,31.43,14281065,463324695.0
2024-04-18,31.22,31.3,30.35,30.8,13622893,437641973.0
2024-04-19,30.54,30.6,29.81,29.91,13231785,413928292.0
2024-04-22,29.78,30.57,29.56,29.81,9521119,296880641.0
2024-04-23,29.78,30.18,28.92,29.21,11521097,350813614.0
2024-04-24,29.3,29.33,28.63,28.84,9950459,298464088.0
2024-04-25,28.85,29.28,28.34,28.82,10804900,324040625.0
2024-04-26,29.63,33.42,29.63,32.42,41414915,1368597193.0
2024-04-29,32.7,34.14,32.36,33.65,32847694,1137632036.0
2024-04-30,33.2,33.58,32.59,32.64,19016159,649544453.0
2024-05-06,33.28,33.39,32.67,32.91,20644520,706366080.0
2024-05-07,32.92,33.2,32.55,32.62,14421444,490863359.0
2024-05-08,32.5,32.52,31.55,31.79,14932841,495519948.0
2024-05-09,31.79,33.16,31.79,32.57,22334763,757799105.0
2024-05-10,32.52,32.52,31.38,31.55,18247904,600778364.0
2024-05-13,31.25,31.63,30.59,31.28,14931688,483872935.0
2024-05-14,31.41,31.54,30.84,31.13,11968576,387337468.0
2024-05-15,31.13,32.02,31.13,31.28,17779029,584597733.0
2024-05-16,31.52,33.23,31.19,32.36,30005740,1010380573.0
2024-05-17,32.0,32.14,31.18,31.9,19638912,645512759.0
2024-05-20,31.94,32.24,31.64,31.97,14640759,484985756.0
2024-05-21,31.77,31.82,31.4,31.59,10703915,350986256.0
2024-05-22,31.77,34.6,31.77,33.82,42898346,1443110937.0
2024-05-23,33.43,34.11,32.52,32.75,27211341,915961480.0
2024-05-24,32.84,34.6,32.83,32.96,31287533,1069570657.0
2024-05-27,33.22,33.33,31.12,31.85,26855823,868330743.0
2024-05-28,31.66,32.43,31.33,31.35,16565641,535917408.0
2024-05-29,31.34,33.61,31.34,32.24,31632162,1055476271.0
2024-05-30,32.69,32.79,31.58,31.83,19175693,622219210.0
2024-05-31,31.96,32.01,31.46,31.55,15133436,486604480.0
2024-06-03,31.46,31.47,30.77,31.31,13250078,418978717.0
2024-06-04,31.24,31.8,30.96,31.8,14072776,450933733.0
2024-06-05,31.65,31.9,30.95,31.05,13996808,446926354.0
2024-06-06,31.11,31.59,30.45,30.62,16786371,529217646.0
2024-06-07,30.71,30.82,30.2,30.69,12542859,389377566.0
2024-06-11,30.46,30.95,29.99,30.89,10550103,327685133.0
2024-06-12,30.87,31.83,30.69,31.59,16367630,524525028.0
2024-06-13,31.59,33.59,31.34,33.08,38942161,1296493930.0
2024-06-14,32.79,33.13,32.23,33.06,20267391,673244816.0
2024-06-17,32.8,33.53,32.59,33.1,16979576,572637792.0
2024-06-18,33.02,33.34,32.85,33.25,20806682,700755528.0
2024-06-19,33.22,33.23,32.11,32.19,15924599,525939087.0
2024-06-20,31.96,32.31,30.55,30.56,20742072,656050031.0
2024-06-21,30.87,31.02,30.14,30.38,12845447,398135559.0
2024-06-24,30.08,30.37,29.41,29.44,12615455,383112978.0
2024-06-25,29.55,29.61,28.27,28.71,16083089,471649970.0
2024-06-26,28.71,29.34,28.15,29.28,11924728,349360884.0
2024-06-27,29.0,29.11,28.16,28.24,12236475,355048134.0
2024-06-28,28.34,28.72,28.2,28.24,9351834,270696910.0
2024-07-01,28.0,28.24,26.95,28.08,15828601,442285608.0
2024-07-02,27.84,27.84,27.06,27.06,11996671,334226911.0
2024-07-03,27.16,27.77,26.95,27.46,9705352,269931211.0
2024-07-04,27.28,27.65,27.16,27.53,11563678,322987114.0
2024-07-05,27.42,29.78,27.35,29.13,24113616,703447879.0
2024-07-08,28.9,29.07,27.99,28.14,11954812,346281902.0
2024-07-09,28.25,28.99,27.72,28.56,17724203,510014171.0
2024-07-10,28.21,28.73,27.31,28.18,12928524,371744393.0
2024-07-11,28.76,29.56,28.56,28.93,14935982,440043359.0
2024-07-12,28.8,29.39,28.64,28.97,13152622,387797489.0
2024-07-15,28.82,28.82,28.16,28.54,8882125,257297583.0
2024-07-16,28.42,28.95,28.34,28.84,9579317,279846292.0
2024-07-17,29.38,29.92,29.02,29.05,14684233,439836448.0
2024-07-18,28.81,29.66,28.36,29.62,14480905,430160992.0
2024-07-19,29.34,30.06,29.34,29.95,12453300,378069786.0
2024-07-22,29.86,30.18,29.36,29.57,10427200,315238579.0
2024-07-23,29.58,29.63,28.43,28.43,10036520,295531552.0
2024-07-24,28.33,28.76,27.96,28.1,7146878,205296914.0
2024-07-25,27.92,29.16,27.9,28.71,11176668,326970515.0
2024-07-26,28.61,28.98,28.53,28.9,8222625,240637711.0
2024-07-29,28.83,28.9,27.79,27.85,10395136,296670306.0
2024-07-30,27.91,28.24,27.6,27.77,6549525,185393449.0
2024-07-31,27.76,29.41,27.54,29.37,14547762,424965668.0
2024-08-01,29.22,29.64,28.96,29.0,8412031,250638603.0
2024-08-02,28.95,29.19,28.21,28.34,9068736,264747958.0
2024-08-05,28.2,28.84,27.24,27.24,12991604,369407775.0
2024-08-06,27.58,28.57,27.58,28.2,11005569,314994055.0
2024-08-07,28.15,28.56,27.99,28.23,6621654,190140210.0
2024-08-08,28.21,28.47,27.7,27.95,6153522,175040900.0
2024-08-09,28.2,28.34,27.35,27.36,9688415,272828504.0
2024-08-12,27.76,28.11,27.09,27.3,7644470,212749026.0
2024-08-13,27.13,27.26,26.33,26.74,11786691,320155351.0
2024-08-14,26.69,26.97,26.34,26.34,7334384,197662824.0
2024-08-15,26.34,26.79,25.97,26.39,8658529,232457219.0
2024-08-16,26.47,26.61,26.27,26.41,5093729,136890320.0
2024-08-19,26.25,26.41,25.71,25.75,8655012,228293701.0
2024-08-20,25.81,25.86,25.13,25.27,7715223,199643249.0
2024-08-21,24.94,24.94,23.87,23.92,18715464,463163513.0
2024-08-22,23.91,24.26,22.93,22.97,16570595,392703232.0
2024-08-23,22.9,23.1,22.61,22.76,11225509,260521816.0
2024-08-26,22.76,23.37,22.72,22.88,10286487,240286211.0
2024-08-27,22.91,23.05,22.46,22.49,11167529,257444292.0
2024-08-28,22.49,22.6,22.22,22.29,9191090,209213034.0
2024-08-29,22.16,23.35,21.99,22.96,16724247,388201730.0
2024-08-30,22.87,23.75,22.59,23.28,20546121,486606019.0
2024-09-02,23.17,23.5,22.12,22.13,16195119,372429427.0
2024-09-03,22.07,22.65,21.93,22.41,12332281,280133363.0
2024-09-04,22.18,22.99,22.13,22.61,11924338,273870343.0
2024-09-05,22.55,23.15,22.49,22.87,9349000,217551641.0
2024-09-06,22.8,22.84,22.23,22.29,7839400,178840405.0
2024-09-09,22.18,22.43,21.94,22.09,7124550,160316362.0
2024-09-10,22.08,22.22,21.7,22.09,8256940,184353183.0
2024-09-11,21.98,22.52,21.86,22.34,8497200,192743716.0
2024-09-12,22.38,23.06,22.14,22.15,11711775,268693120.0
2024-09-13,22.2,22.26,21.6,21.6,8897335,198057323.0
2024-09-18,21.51,21.72,21.29,21.55,6381490,139302313.0
2024-09-19,21.82,22.26,21.45,21.78,9616990,214167174.0
2024-09-20,21.82,21.84,21.1,21.27,10454862,226569830.0
2024-09-23,21.27,21.51,21.03,21.04,7877800,170216631.0
2024-09-24,21.23,22.56,21.09,22.55,21953787,489051301.0
2024-09-25,22.8,23.5,22.8,22.89,21492828,505820753.0
2024-09-26,22.89,24.08,22.69,24.08,21706632,518087188.0
2024-09-27,24.46,27.02,24.45,26.53,42476953,1107422972.0
2024-09-30,28.34,31.84,27.41,31.84,63189137,1912495340.0
2024-10-08,38.21,38.21,35.65,38.21,78702679,3034708140.0
2024-10-09,37.36,42.08,36.1,38.14,95836582,3768364501.0
2024-10-10,38.5,38.88,34.89,36.15,52159267,1925774558.0
2024-10-11,35.38,36.05,31.92,32.44,48674507,1656338850.0
2024-10-14,32.54,33.53,31.41,33.36,36053812,1195278338.0
2024-10-15,32.93,34.11,32.56,32.82,30475994,1036928324.0
2024-10-16,31.96,33.23,31.93,32.2,19613987,647241505.0
2024-10-17,32.62,32.72,31.36,31.37,20692575,674011120.0
2024-10-18,31.34,35.65,31.07,34.12,47195054,1591419192.0
2024-10-21,34.47,37.7,34.47,36.06,55430550,2050284912.0
2024-10-22,35.89,36.83,35.11,36.45,35243607,1293898405.0
2024-10-23,36.46,38.14,35.58,37.15,48549407,1822665061.0
2024-10-24,36.37,36.55,35.08,35.1,32122188,1162452386.0
2024-10-25,34.41,37.55,34.41,36.52,50380267,1869605505.0
2024-10-28,36.28,36.28,35.15,35.79,29347728,1062818099.0
2024-10-29,36.02,36.94,34.43,34.44,32344160,1161460869.0
2024-10-30,34.21,35.05,33.94,34.32,20056765,702900443.0
2024-10-31,34.75,35.9,34.38,35.39,33504520,1199373109.0
2024-11-01,35.0,35.11,33.34,33.41,30287666,1046710987.0
2024-11-04,33.52,34.01,33.28,33.72,15365383,525619269.0
2024-11-05,33.99,35.31,33.48,34.98,28878925,1018013947.0
2024-11-06,35.0,36.47,34.7,35.05,33672913,1219782701.0
2024-11-07,33.92,35.53,33.67,35.39,27726959,975109911.0
2024-11-08,35.84,36.66,35.47,35.88,38991144,1429487635.0
2024-11-11,36.37,39.31,36.26,39.31,60399610,2346852317.0
2024-11-12,39.89,39.89,37.16,37.65,45440228,1768751363.0
2024-11-13,37.36,41.04,37.26,39.94,57103641,2287893964.0
2024-11-14,39.79,40.55,38.34,38.53,34529521,1375692083.0
2024-11-15,38.93,39.22,36.16,36.26,32158865,1223330586.0
2024-11-18,35.98,36.26,33.98,34.32,26959089,961877083.0
2024-11-19,34.44,35.52,33.98,35.5,20046723,709667123.0
2024-11-20,35.27,35.62,34.68,35.27,17981305,642765130.0
2024-11-21,35.69,36.32,34.93,35.27,19272658,699550936.0
2024-11-22,34.9,35.2,33.45,33.52,21744454,757582316.0
2024-11-25,33.42,33.74,32.72,33.36,13968710,472262058.0
2024-11-26,33.39,34.04,32.95,33.04,9848631,335227733.0
2024-11-27,32.98,34.29,32.66,34.21,13488035,459379337.0
2024-11-28,34.2,34.46,33.46,33.5,11430568,394892674.0
2024-11-29,33.42,34.76,33.23,34.24,15942164,552981618.0
2024-12-02,33.92,34.73,33.05,34.45,17297859,599612671.0
2024-12-03,34.49,34.96,34.2,34.81,15043939,529287042.0
2024-12-04,35.24,35.57,34.11,34.21,16281744,576972058.0
2024-12-05,33.73,34.36,33.73,34.11,9979457,345645789.0
2024-12-06,34.11,34.62,33.59,34.18,13648650,474353290.0
2024-12-09,34.11,34.26,33.43,33.6,11123114,382627745.0
2024-12-10,34.88,35.08,33.74,33.78,17348102,608357661.0
2024-12-11,33.59,33.86,33.09,33.22,14873882,505991320.0
2024-12-12,33.33,33.56,32.77,33.51,14885870,502205299.0
2024-12-13,33.21,33.23,32.2,32.25,18551095,617630384.0
2024-12-16,32.23,32.43,31.59,31.83,10542686,342529082.0
2024-12-17,31.75,32.21,31.64,31.64,8830524,286641602.0
2024-12-18,31.82,31.96,31.62,31.68,7682872,248065688.0
2024-12-19,31.33,31.88,31.19,31.88,9914669,317388807.0
2024-12-20,31.75,32.49,31.56,32.02,11064622,360735194.0
2024-12-23,31.98,34.05,31.78,33.49,31606881,1070352423.0
2024-12-24,33.13,33.88,32.85,33.6,19751284,671924538.0
2024-12-25,33.52,33.58,32.35,32.46,15507952,516325614.0
2024-12-26,32.32,33.11,32.32,32.66,11334800,376743348.0
2024-12-27,32.49,33.47,32.39,32.87,16143627,542782377.0
2024-12-30,32.76,33.09,32.32,32.52,10840802,360226325.0
2024-12-31,32.52,32.79,31.35,31.36,14394284,466973063.0
2025-01-02,31.26,31.33,29.48,29.79,16079897,496366189.0
2025-01-03,29.78,30.04,28.8,28.89,12190523,364357910.0
2025-01-06,28.61,29.14,28.3,28.58,10987130,321051872.0
2025-01-07,28.51,28.95,28.31,28.92,8354213,243659902.0
2025-01-08,28.71,28.78,27.67,28.44,11508368,331490479.0
2025-01-09,28.3,28.88,28.21,28.29,8358519,242365474.0
2025-01-10,28.24,28.48,27.31,27.31,10855197,307135472.0
2025-01-13,27.04,28.46,26.98,28.01,11302776,321304879.0
2025-01-14,28.03,29.1,27.82,29.05,13425880,390916004.0
2025-01-15,29.01,29.59,28.67,29.15,12412831,367873951.0
2025-01-16,29.22,29.93,28.89,29.85,16190632,484513509.0
2025-01-17,29.61,32.08,29.45,31.28,26814779,843293612.0
2025-01-20,31.34,31.6,30.98,31.17,13819104,440133747.0
2025-01-21,31.29,31.64,30.44,31.38,12455930,393192375.0
2025-01-22,31.17,31.48,30.61,30.71,8861802,279082704.0
2025-01-23,31.11,31.31,30.31,30.31,12002793,375638850.0
2025-01-24,30.34,30.65,30.13,30.5,10174255,314595548.0
2025-01-27,30.53,30.71,30.05,30.08,8444763,260061520.0
2025-02-05,30.09,30.46,29.84,30.02,6947509,212465302.0
2025-02-06,30.08,31.6,29.76,31.36,15275083,480115180.0
2025-02-07,31.45,32.24,31.26,31.71,19006207,614137993.0
2025-02-10,31.87,31.9,31.06,31.54,12148679,387849584.0
2025-02-11,31.41,31.54,30.87,31.0,9175796,289485181.0
2025-02-12,30.97,31.53,30.8,31.44,11764928,372558580.0
2025-02-13,31.45,31.67,30.73,30.73,10759852,340843002.0
2025-02-14,30.71,31.08,30.5,30.78,9866188,308639123.0
2025-02-17,30.72,30.86,30.4,30.62,11878754,369948895.0
2025-02-18,30.57,31.36,30.14,30.14,15866782,496147097.0
2025-02-19,30.08,31.17,30.08,30.95,14129515,442032284.0
2025-02-20,30.82,30.91,30.33,30.86,12044805,375122814.0
2025-02-21,30.8,31.39,30.6,31.18,17687304,558944201.0
2025-02-24,31.18,32.74,30.95,32.08,26817823,874412310.0
2025-02-25,31.9,32.39,31.67,32.03,18208098,594678844.0
2025-02-26,32.11,33.62,31.77,33.32,32418057,1079767358.0
2025-02-27,33.33,33.81,32.36,32.9,25744916,864743250.0
2025-02-28,33.41,34.56,32.49,32.5,37395139,1283744029.0
2025-03-03,32.79,33.62,32.08,32.23,24603338,824354056.0
2025-03-04,32.13,32.71,31.97,32.52,15475968,508524816.0
2025-03-05,32.51,32.53,31.48,31.95,14866874,481870040.0
2025-03-06,32.1,33.54,31.96,33.07,23346011,783911889.0
2025-03-07,32.94,33.31,32.17,32.67,17364455,576717834.0
2025-03-10,32.85,33.13,32.49,33.12,13827300,462390875.0
2025-03-11,32.74,33.06,32.35,33.04,12980610,430762840.0
2025-03-12,33.13,34.41,33.13,33.82,24998404,857644735.0
2025-03-13,33.83,33.99,32.51,32.79,15217433,512062804.0
2025-03-14,32.78,33.44,32.51,33.28,13000607,438364097.0
2025-03-17,33.28,34.87,33.25,34.85,32552725,1139865026.0
2025-03-18,34.7,34.84,34.28,34.33,16766338,588464909.0
2025-03-19,34.51,34.61,33.74,34.02,14416327,501080615.0
2025-03-20,34.07,34.11,33.72,33.82,9758141,336631025.0
2025-03-21,33.77,34.28,32.99,33.15,13138063,448445658.0
2025-03-24,33.15,33.42,32.27,32.78,11162833,372214609.0
2025-03-25,32.79,33.22,32.48,32.68,8326529,277971895.0
2025-03-26,33.09,33.39,32.64,32.95,9128481,306673308.0
2025-03-27,32.77,32.8,31.83,32.41,10473237,343815678.0
2025-03-28,32.41,32.88,32.05,32.05,7538033,247877710.0
2025-03-31,31.85,31.92,31.02,31.44,8592461,274826987.0
2025-04-01,31.51,32.3,31.48,31.75,6892995,223608203.0
2025-04-02,31.81,32.06,31.57,31.63,5228643,168976148.0
2025-04-03,31.4,31.73,31.09,31.1,7275408,231960419.0
2025-04-07,29.2,29.49,26.05,27.33,22020917,623713678.0
2025-04-08,27.88,28.46,27.04,27.45,14371128,404558275.0
2025-04-09,27.09,28.26,26.46,27.81,13620287,382079821.0
2025-04-10,28.51,29.0,28.18,28.26,11775941,342042624.0
2025-04-11,28.04,30.32,28.02,29.36,15756406,468311656.0
2025-04-14,29.63,29.73,29.1,29.14,9213794,274840669.0
2025-04-15,29.1,29.1,28.63,28.87,5586148,163658852.0
2025-04-16,28.74,28.9,27.97,28.37,7014390,202045295.0
2025-04-17,28.09,28.53,28.02,28.04,5446970,156835372.0
2025-04-18,28.02,28.17,27.79,28.1,4154499,118242126.0
2025-04-21,26.72,27.99,26.35,27.95,13777846,382423666.0
2025-04-22,27.8,28.6,27.62,28.31,8252762,236906855.0
2025-04-23,28.31,28.71,27.82,27.97,7777784,222180756.0
2025-04-24,28.02,28.19,27.28,27.42,6179123,173446947.0
2025-04-25,27.53,27.57,27.19,27.22,5625430,156539895.0
2025-04-28,27.33,27.37,26.8,26.84,4750396,130301518.0
2025-04-29,26.72,27.25,26.62,27.02,6873861,188962502.0
2025-04-30,26.94,27.31,26.94,26.96,5471981,150820030.0
2025-05-06,27.13,28.02,27.08,28.01,8433833,237331224.0
2025-05-07,28.39,28.67,27.7,27.88,7712837,220273606.0
2025-05-08,27.81,28.48,27.8,28.48,8696137,250138322.0
2025-05-09,28.42,28.44,27.81,27.94,6046560,172302533.0
2025-05-12,28.26,28.47,28.12,28.36,7643881,219858114.0
2025-05-13,28.79,29.17,28.37,28.41,12037692,352720386.0
2025-05-14,28.42,28.61,27.92,28.26,7814350,223859327.0
2025-05-15,28.15,28.18,27.54,27.57,6273205,177171733.0
2025-05-16,27.57,27.71,27.34,27.42,6515394,181984782.0
2025-05-19,27.32,27.55,27.04,27.43,4838112,134369509.0
2025-05-20,27.52,27.67,27.33,27.6,4608716,129162531.0
2025-05-21,27.72,28.66,27.69,27.87,10052248,287809363.0
2025-05-22,28.12,28.79,28.12,28.31,12719909,367543106.0
2025-05-23,28.2,28.33,27.61,27.64,8843241,250653365.0
2025-05-26,27.75,27.81,27.37,27.59,4879209,136699217.0
2025-05-27,27.58,27.74,27.36,27.41,4420272,123593615.0
2025-05-28,27.43,27.6,26.53,26.89,7042063,190858093.0
2025-05-29,26.82,27.32,26.82,27.24,4519628,123141392.0
2025-05-30,27.24,27.28,26.89,26.89,4162051,112737117.0
2025-06-03,26.73,26.96,26.71,26.85,3695919,99444720.0
2025-06-04,27.01,27.18,26.88,27.08,3419197,92691738.0
2025-06-05,27.09,27.33,26.9,27.27,5099582,138624155.0
2025-06-06,27.25,27.33,27.09,27.14,3699720,100744005.0
2025-06-09,27.16,27.42,27.11,27.42,5182016,141865135.0
2025-06-10,27.33,27.39,26.74,26.88,6992415,189479171.0
2025-06-11,26.87,27.28,26.87,27.11,4904594,133555036.0
2025-06-12,27.11,27.13,26.85,26.89,4646604,125412109.0
2025-06-13,26.8,27.01,26.53,26.59,5784897,154706419.0
2025-06-16,26.52,26.62,26.23,26.34,6785924,179414886.0
2025-06-17,26.36,26.48,26.26,26.44,4686730,123940585.0
2025-06-18,26.63,26.64,26.28,26.42,4447864,117935242.0
2025-06-19,26.33,26.47,25.73,25.75,7659375,200031080.0
2025-06-20,25.8,26.36,25.8,25.92,6607824,172926534.0
2025-06-23,25.75,26.11,25.61,26.06,5691604,148194760.0
2025-06-24,26.13,26.58,26.08,26.53,8414217,222888256.0
2025-06-25,26.48,26.87,26.36,26.87,9495007,253343409.0
2025-06-26,26.84,27.0,26.49,26.5,8702165,233479229.0
2025-06-27,26.59,27.06,26.59,26.88,10011479,269847479.0
2025-06-30,27.02,27.35,26.93,27.08,9142843,248280905.0
2025-07-01,27.01,27.12,26.81,27.05,6254401,168939694.0
2025-07-02,27.05,27.43,26.84,27.38,14417419,393140415.0
2025-07-03,27.21,27.37,26.98,27.13,8798124,239292501.0
2025-07-04,27.32,27.4,26.83,26.88,8189127,221596438.0
2025-07-07,26.81,26.94,26.64,26.69,4970830,133237770.0
2025-07-08,26.69,28.13,26.66,28.0,23921170,665465765.0
2025-07-09,27.99,28.31,27.7,27.77,10592261,296249570.0
2025-07-10,27.78,28.33,27.75,28.16,15376924,432981500.0
2025-07-11,28.23,28.24,27.93,28.03,9633500,271030926.0
2025-07-14,27.96,28.03,27.73,27.77,7121900,198522685.0
2025-07-15,27.73,27.87,27.15,27.34,10375722,285383095.0
2025-07-16,27.34,27.56,27.21,27.41,7214400,198055276.0
2025-07-17,27.58,27.68,27.28,27.53,8543652,235072354.0
2025-07-18,27.48,27.98,27.42,27.63,9072850,250901125.0
2025-07-21,27.7,28.1,27.56,28.04,10238467,286660416.0
2025-07-22,28.08,28.41,27.92,28.41,13027634,368277483.0
2025-07-23,28.5,28.78,28.03,28.09,12404364,352391092.0
2025-07-24,27.98,28.83,27.98,28.77,14070814,402302599.0
2025-07-25,28.76,28.82,28.44,28.62,8396400,240735022.0
2025-07-28,28.52,28.65,28.33,28.38,8590709,244944393.0
2025-07-29,28.4,29.62,28.2,29.13,19288350,560068319.0
2025-07-30,29.09,29.14,28.42,28.64,11047369,319224537.0
2025-07-31,28.57,28.75,27.73,27.81,14441425,407731716.0
2025-08-01,28.01,29.22,28.01,28.4,20539049,591805566.0
2025-08-04,28.23,28.23,27.7,27.96,12487590,348735929.0
2025-08-05,28.05,28.17,27.91,28.1,7277902,204490058.0
2025-08-06,28.09,28.5,27.92,28.49,11102505,313851483.0
2025-08-07,28.49,28.49,28.0,28.18,10198710,288246595.0
2025-08-08,28.1,28.45,28.0,28.03,11073314,312395793.0
2025-08-11,28.03,28.79,27.94,28.67,15551975,444103358.0
2025-08-12,28.58,28.73,28.3,28.67,11446053,327581728.0
2025-08-13,28.62,29.12,28.44,28.8,14591153,420832990.0
2025-08-14,28.81,28.97,28.2,28.27,15262919,437738911.0
2025-08-15,28.25,29.21,28.25,29.12,20287208,588495791.0
2025-08-18,29.55,29.89,29.14,29.6,22379522,662374656.0
2025-08-19,29.71,30.12,29.43,29.63,18585292,554099285.0
2025-08-20,29.63,30.28,29.43,30.27,21007155,628647516.0
2025-08-21,30.15,30.41,29.82,30.01,16831162,508583162.0
2025-08-22,29.84,30.48,29.83,30.39,19298058,585678347.0
2025-08-25,30.09,30.48,29.48,29.87,37022337,1108388632.0
2025-08-26,29.71,30.27,29.5,29.72,19291743,578675365.0
2025-08-27,29.74,30.42,29.22,29.24,26916942,808244854.0
2025-08-28,29.12,30.81,29.12,30.6,34336010,1035840232.0
2025-08-29,30.49,30.57,29.96,30.09,19713213,596886289.0
2025-09-01,30.16,30.57,29.85,30.38,18690950,565145697.0
2025-09-02,30.42,31.4,30.07,30.26,38006225,1169099255.0
2025-09-03,30.26,30.78,29.6,29.86,23942028,722318015.0
2025-09-04,29.86,31.07,29.12,29.52,32470080,982873511.0
2025-09-05,29.47,35.41,29.47,34.91,88586132,2913383643.0
2025-09-08,35.88,35.89,34.06,34.6,72545069,2536935766.0
2025-09-09,34.16,34.85,33.09,33.17,45262622,1528946462.0
2025-09-10,33.52,34.82,32.94,34.46,50392181,1713137560.0
2025-09-11,34.12,35.92,33.74,35.83,52063853,1808175534.0
2025-09-12,36.48,37.63,34.85,35.0,60131982,2194210044.0
2025-09-15,35.92,40.58,35.24,37.97,69610874,2624206334.0
2025-09-16,37.9,39.58,37.71,38.85,53649421,2080117847.0
2025-09-17,38.39,39.28,37.47,38.41,42309537,1623685926.0
2025-09-18,38.23,39.19,36.43,37.72,50205336,1911593299.0
2025-09-19,38.4,39.76,38.4,38.52,48694661,1912964157.0
2025-09-22,38.53,39.55,37.31,39.39,43364504,1668205087.0
2025-09-23,39.4,39.4,37.41,37.99,36104068,1384142969.0
2025-09-24,37.7,38.9,36.75,38.38,38925192,1478159649.0
2025-09-25,38.6,41.15,38.39,39.75,49343559,1984402509.0
2025-09-26,39.41,45.83,39.08,44.83,72531179,3081943443.0
2025-09-29,44.21,48.75,43.9,44.91,77914954,3583651844.0
2025-09-30,45.62,46.83,44.86,45.39,54525931,2502059853.0
2025-10-09,45.08,48.32,44.61,47.43,56411465,2626803879.0
2025-10-10,45.9,46.46,42.4,42.42,57074246,2527239721.0
2025-10-13,40.89,43.68,40.66,43.22,34420162,1468449755.0
2025-10-14,43.39,45.3,41.86,43.33,47626302,2093782533.0
2025-10-15,42.63,43.2,41.09,42.04,35301209,1481396844.0
2025-10-16,41.98,42.24,40.56,40.71,31375241,1297083364.0
2025-10-17,40.67,40.67,37.61,37.61,45912524,1779178416.0
2025-10-20,38.4,39.26,38.15,38.95,31291911,1216393049.0
2025-10-21,38.96,41.48,38.95,41.07,40044553,1626080570.0
2025-10-22,40.32,41.3,40.28,40.81,20021932,818049894.0
2025-10-23,40.64,41.36,39.62,40.27,22219119,902674794.0
2025-10-24,40.49,42.32,40.49,41.97,27492896,1149776259.0
2025-10-27,41.97,42.27,39.2,40.04,43050718,1741733246.0
2025-10-28,39.89,40.24,39.03,39.27,22117305,877028434.0
2025-10-29,39.27,40.88,39.18,40.72,25747308,1036508381.0
2025-10-30,40.6,40.86,39.4,39.48,20449041,820798873.0
2025-10-31,39.35,40.33,38.88,38.9,17397852,688767009.0
2025-11-03,38.9,39.7,37.8,39.25,19342802,748854309.0
2025-11-04,39.12,39.41,37.81,38.08,14805614,567420798.0
2025-11-05,37.49,39.66,37.41,39.3,18665800,725910281.0
2025-11-06,39.35,39.81,38.68,39.32,14061568,551980565.0
2025-11-07,38.9,40.39,38.42,39.7,25558837,1016883230.0
2025-11-10,39.92,43.09,39.92,41.04,40279109,1672279688.0
2025-11-11,41.07,42.15,40.92,41.66,31821232,1330327066.0
2025-11-12,41.39,41.59,38.53,38.65,29176587,1156510056.0
2025-11-13,39.42,40.24,38.78,38.83,19495266,769958139.0
2025-11-14,38.7,41.17,38.05,39.45,24627055,984121647.0
2025-11-17,39.44,39.58,38.12,38.25,15009534,578835885.0
2025-11-18,38.12,38.55,36.45,36.73,26359876,976897523.0
2025-11-19,36.75,37.2,35.31,35.51,23071677,827761938.0
2025-11-20,35.89,35.98,34.83,35.31,17747153,631181165.0
2025-11-21,34.92,35.31,33.87,34.0,15648921,539057292.0
2025-11-24,34.39,34.79,33.71,34.34,13526558,463401434.0
2025-11-25,34.51,35.06,34.36,34.5,13048492,453430006.0
2025-11-26,34.39,36.88,34.11,35.99,29369051,1050933358.0
2025-11-27,36.05,36.93,35.37,35.44,21856456,792741977.0
2025-11-28,35.32,37.66,35.19,36.41,25898341,952768274.0
2025-12-01,36.1,36.84,35.58,36.14,16282903,587175698.0
2025-12-02,35.79,36.51,35.61,35.86,10783582,388100633.0
2025-12-03,35.81,36.29,35.27,35.38,12998388,465946103.0
2025-12-04,35.24,35.71,34.83,35.48,9984202,353267606.0
2025-12-05,35.49,35.59,34.96,35.26,10502849,371307013.0
2025-12-08,35.46,36.78,35.44,36.43,17960820,653241203.0
2025-12-09,36.18,36.26,35.65,36.19,12091345,436182805.0
2025-12-10,36.27,36.95,35.76,36.67,18875603,689547930.0
2025-12-11,36.67,37.09,35.76,35.76,13345317,487055726.0
2025-12-12,35.89,36.3,34.96,35.93,15765947,563417168.0
2025-12-15,35.8,36.39,34.54,34.68,15321039,539877693.0
2025-12-16,34.57,34.68,33.17,33.46,15193016,513434918.0
2025-12-17,33.67,34.19,33.16,34.08,12607876,425948119.0
2025-12-18,33.91,34.59,33.72,33.99,10822655,371437160.0
2025-12-19,33.95,35.16,33.95,34.59,13712002,479373039.0
2025-12-22,34.89,38.0,34.42,37.23,32712828,1201255409.0
2025-12-23,37.1,38.99,36.99,37.98,30282176,1163393869.0
2025-12-24,38.17,40.34,38.0,39.33,34415924,1354787255.0
2025-12-25,39.23,39.57,38.16,38.72,22085985,858664080.0
2025-12-26,38.99,39.1,37.98,38.24,20668013,795175640.0
2025-12-29,38.12,38.57,37.71,37.87,14876542,568518140.0
2025-12-30,37.56,37.87,37.2,37.44,12629422,474367138.0
2025-12-31,37.65,37.75,36.51,36.65,15212854,562230852.0
2026-01-05,36.95,37.44,36.51,36.9,18974969,703059103.0
2026-01-06,37.14,38.0,37.04,37.76,27467194,1034599488.0
2026-01-07,37.79,38.88,37.79,38.51,34220688,1313969747.0
2026-01-08,38.58,39.4,38.13,38.76,29592677,1149126545.0
2026-01-09,38.5,39.0,37.8,38.46,29545110,1136798535.0
2026-01-12,37.93,41.89,37.87,40.81,52105498,2111655241.0
2026-01-13,39.89,40.38,37.98,38.84,44092150,1718878792.0
2026-01-14,38.82,40.08,38.42,38.98,36097670,1422441352.0
2026-01-15,38.5,38.99,37.92,38.48,22208317,853075426.0
2026-01-16,38.75,42.39,38.66,41.99,67300513,2770535070.0
2026-01-19,43.68,43.98,41.83,42.39,57441518,2466280090.0
2026-01-20,41.8,43.22,40.99,41.43,35151157,1475698516.0
2026-01-21,40.89,41.73,40.41,40.55,33472811,1374295675.0
2026-01-22,41.1,43.87,41.1,43.13,56593027,2424164367.0
2026-01-23,45.08,51.75,44.93,51.74,109229501,5330216494.0
2026-01-26,49.79,50.56,45.68,46.26,76419524,3618385122.0
2026-01-27,45.39,47.1,43.77,46.73,62003330,2822523660.0
2026-01-28,46.85,47.09,44.78,45.09,36872959,1686869821.0
2026-01-29,45.09,49.17,44.6,46.8,64171906,3039165622.0
2026-01-30,45.76,46.49,41.92,44.4,56460300,2485904913.0
2026-02-02,45.89,48.29,45.29,46.81,60939323,2876681246.0
2026-02-03,47.74,55.85,47.66,54.92,90494470,4805572826.0
2026-02-04,54.92,65.73,54.31,62.05,124749733,7418974292.0
2026-02-05,57.4,58.72,54.87,55.93,92371692,5234655656.0
2026-02-06,54.27,57.53,53.64,55.55,76588748,4255341740.0
2026-02-09,57.35,60.44,55.47,56.54,86586729,5024284865.0
2026-02-10,55.45,56.91,54.65,54.89,52558638,2911282479.0
2026-02-11,54.72,55.31,53.16,53.27,39205593,2117649895.0
2026-02-12,52.83,53.35,52.04,52.72,35261397,1859448368.0
2026-02-13,52.06,52.36,50.85,50.98,27407357,1413947017.0
2026-02-24,52.16,52.44,50.89,51.42,28532971,1475848158.0
2026-02-25,51.74,54.36,50.97,53.56,55596078,2966695308.0
2026-02-26,52.86,56.05,51.73,55.58,54538206,2963018832.0
2026-02-27,54.77,56.8,54.19,55.59,43788335,2447041310.0
2026-03-02,54.34,58.07,54.34,55.93,57079668,3233557042.0
2026-03-03,55.65,56.42,49.77,50.74,60382499,3130591181.0
2026-03-04,49.34,51.16,48.87,49.29,33990976,1694965251.0
2026-03-05,50.42,50.57,47.55,47.88,35852295,1741148238.0
2026-03-06,47.56,48.15,46.97,47.28,22885072,1090349008.0
2026-03-09,46.56,47.01,44.68,46.52,32331692,1481153433.0
2026-03-10,47.18,48.67,46.37,48.3,35682622,1702112963.0
2026-03-11,48.27,49.87,47.65,47.78,37988172,1855641264.0
2026-03-12,47.58,48.14,45.98,46.98,29905364,1403484640.0
2026-03-13,46.83,48.68,46.2,47.09,28016088,1335949383.0
2026-03-16,47.24,47.55,45.18,46.47,19173372,886022296.0
2026-03-17,46.85,47.57,45.19,45.23,19698451,914832951.0
2026-03-18,45.63,46.14,44.6,45.08,16669284,755059383.0
2026-03-19,44.43,44.75,43.29,43.63,21396529,941708826.0
2026-03-20,44.24,47.31,43.19,45.62,49267157,2260392106.0
2026-03-23,45.03,47.02,45.03,45.66,42977748,1987381531.0
2026-03-24,46.09,46.68,42.69,44.68,33286964,1478754846.0
2026-03-25,44.56,46.23,44.02,44.22,28048225,1263476077.0
2026-03-26,44.27,44.44,42.6,42.96,22663327,983239738.0
2026-03-27,42.66,44.05,42.31,43.34,17834122,772426640.0
2026-03-30,42.69,43.33,40.79,41.91,26595053,1112575242.0
2026-03-31,41.91,43.17,41.0,41.0,19271285,812127389.0
2026-04-01,41.98,43.76,41.25,42.24,25180442,1070949748.0
2026-04-02,42.07,42.57,41.01,41.32,12709610,530452365.0
2026-04-03,41.33,42.04,40.66,40.68,13881385,573620652.0
2026-04-07,41.1,41.91,40.69,40.86,12064043,498512180.0
2026-04-08,41.88,43.57,41.66,43.25,24004697,1029119019.0
2026-04-09,42.69,42.79,39.72,41.28,44732966,1836209978.0
2026-04-10,41.73,42.99,41.09,42.07,27766618,1175150155.0
2026-04-13,41.88,42.87,41.68,42.24,22665902,960419788.0
2026-04-14,42.29,43.17,41.54,42.5,29276144,1239023591.0
2026-04-15,43.11,44.06,42.66,43.32,43257610,1880912881.0
2026-04-16,43.04,46.38,41.84,45.48,54973455,2444176640.0
2026-04-17,44.54,46.35,44.25,46.06,43015406,1951740466.0
2026-04-20,45.85,46.43,45.07,45.12,36134959,1655026993.0
2026-04-21,45.22,45.56,43.99,44.66,25945059,1158516661.0
2026-04-22,44.32,45.46,43.94,44.87,27465735,1232951381.0
2026-04-23,44.94,45.33,43.09,43.48,30665938,1354722996.0
2026-04-24,43.26,44.12,43.05,43.43,20173218,881209721.0
2026-04-27,43.41,44.32,42.5,43.04,27231359,1184835909.0
2026-04-28,41.08,42.93,39.83,40.17,49581599,2041084079.0
2026-04-29,39.89,42.36,39.75,41.7,29309571,1202922364.0
2026-04-30,41.71,42.74,41.22,42.51,22483723,944661243.0
2026-05-06,43.13,44.85,42.97,44.49,31186170,1375793180.0
2026-05-07,45.1,47.3,44.97,45.99,45379180,2107051456.0
2026-05-08,45.87,46.3,45.0,45.86,28679529,1312981117.0
2026-05-11,46.09,48.25,45.99,47.56,40547465,1918802538.0
2026-05-12,48.67,48.92,47.16,47.76,38214194,1837122452.0
2026-05-13,47.57,54.8,47.37,53.85,81311545,4202827960.0
2026-05-14,54.4,56.9,54.08,54.76,81212674,4497563763.0
2026-05-15,54.43,55.14,51.14,52.66,63707774,3370642354.0
2026-05-18,51.71,54.04,50.7,51.11,43252262,2255119092.0
2026-05-19,50.67,52.26,49.45,51.97,35549793,1816285247.0
2026-05-20,51.75,57.43,51.37,56.7,65465634,3633998300.0
2026-05-21,57.0,57.26,52.13,52.41,48650626,2642979957.0
2026-05-22,54.91,56.8,54.17,55.09,49596845,2749951869.0
2026-05-25,55.5,56.65,53.0,56.4,46603829,2593521937.0
2026-05-26,54.55,57.68,52.8,53.8,54969986,3029334427.0
2026-05-27,53.8,56.92,53.7,54.0,43286157,2392908172.0
2026-05-28,53.0,55.55,51.05,54.89,42472369,2264871558.0
2026-05-29,55.22,56.0,50.37,50.82,38814489,2035466521.0
2026-06-01,51.39,52.42,47.59,47.65,40293248,2002136507.0
2026-06-02,47.98,48.38,45.79,47.0,29167278,1372438452.0
2026-06-03,48.01,50.45,47.68,48.41,33934116,1657367678.0
2026-06-04,47.8,49.46,46.88,49.01,25466768,1236102877.0
2026-06-05,48.48,50.22,46.23,48.89,37902194,1827283919.0
2026-06-08,47.0,48.72,45.71,45.76,30646711,1438355452.0
2026-06-09,46.46,53.26,46.14,53.15,50164322,2502421312.0
2026-06-10,51.13,51.25,48.11,49.26,41791119,2066577204.0
2026-06-11,48.91,49.34,47.11,48.23,23111227,1108692969.0
2026-06-12,50.1,51.95,46.21,47.08,42536686,2080463331.0
2026-06-15,47.15,52.75,46.4,52.15,50932379,2563012247.0
2026-06-16,52.24,52.88,51.1,51.69,32628446,1692998463.0
2026-06-17,50.91,52.15,50.11,51.87,35153313,1803562037.0
2026-06-18,51.52,55.65,51.3,53.89,48109094,2586509459.0
2026-06-22,56.0,58.66,54.9,57.3,56288117,3204597763.0
2026-06-23,56.4,57.08,53.83,55.8,37832819,2104447477.0
2026-06-24,54.81,57.51,53.23,57.06,40141175,2244892675.0
2026-06-25,57.4,57.85,55.5,56.48,38490883,2176772983.0
2026-06-26,55.91,59.27,55.47,58.37,52273703,3029330897.0
2026-06-29,59.2,61.24,53.37,56.2,55665486,3170594738.0
2026-06-30,57.21,60.97,56.92,60.4,54261829,3242242301.0
2026-07-01,60.79,63.88,59.99,60.51,51198551,3160110685.0
2026-07-02,58.26,58.3,53.7,53.8,50128759,2810172118.0
2026-07-03,54.27,54.47,50.41,51.08,42866084,2222634435.0
2026-07-06,51.99,52.29,47.53,48.2,37168718,1839653791.0
2026-07-07,48.12,51.1,47.28,50.05,32942938,1616920706.0
2026-07-08,49.9,50.9,45.72,47.2,29175805,1387831783.0
2026-07-09,48.09,49.79,46.66,49.5,23272030,1128136917.0
2026-07-10,49.88,51.1,47.02,47.28,29715028,1457817684.0
2026-07-13,46.88,47.0,42.71,42.94,28393706,1263517203.0
2026-07-14,43.08,43.6,40.8,42.87,23933664,1014315054.0
2026-07-15,43.22,43.4,40.0,40.7,20972222,870133019.0
2026-07-16,40.1,40.83,38.37,38.73,21108912,835244029.0
2026-07-17,38.72,38.79,36.06,37.45,26914393,1012378156.0
2026-07-20,37.93,38.51,35.5,36.39,28663280,1052232299.0
2026-07-21,36.44,38.7,35.52,38.51,29400207,1096113857.0
2026-07-22,38.1,40.38,38.01,39.76,30076748,1190204081.0
2026-07-23,39.89,39.95,38.55,39.12,16234023,633313016.0
2026-07-24,38.67,39.44,38.44,39.01,15463562,602837163.0
2026-07-27,38.83,40.2,38.65,39.96,13910174,548617970.0
2026-07-28,39.3,39.77,38.0,38.46,13873950,537045896.0
2026-07-29,38.65,38.8,36.57,38.43,17380986,652987386.0
2026-07-30,38.01,38.69,36.84,37.39,19200115,725397768.0
2026-07-31,39.04,39.85,38.26,38.6,17037507,665477854.0
2026-08-03,38.6,39.39,37.91,39.05,11013255,427891042.0
2026-08-04,39.11,40.33,38.77,40.0,13279178,526820284.0
2026-08-05,40.0,41.59,39.8,41.37,17122428,698571535.0
2026-08-06,40.62,41.46,40.4,40.75,15753318,645004390.0
