timestamps,open,high,low,close,volume,amount
2010-01-04,13.8,13.97,13.36,13.39,110620760,3510114304.0
2010-01-05,13.54,14.44,13.11,14.27,209391536,6750708736.0
2010-01-06,14.38,14.47,14.03,14.05,143788928,4728324096.0
2010-01-07,14.04,14.31,13.45,13.6,123559232,3980014848.0
2010-01-08,13.47,14.01,13.39,13.95,104092992,3313809664.0
2010-01-11,15.82,15.82,14.47,14.62,308930880,10592362496.0
2010-01-12,14.38,14.88,14.01,14.72,133460080,4424817152.0
2010-01-13,14.18,14.47,13.6,13.68,182804384,5926775296.0
2010-01-14,13.76,14.14,13.46,13.95,110130648,3524337664.0
2010-01-15,13.97,14.08,13.64,13.79,91958176,2946600192.0
2010-01-18,13.48,13.48,12.93,13.17,179327392,5540379136.0
2010-01-19,13.17,13.47,13.05,13.22,116218368,3606246400.0
2010-01-20,13.1,13.1,12.29,12.39,214646752,6436833792.0
2010-01-21,12.44,12.6,12.13,12.52,113881992,3370781952.0
2010-01-22,12.18,12.41,11.78,12.18,121714120,3541346816.0
2010-01-25,12.07,12.43,11.94,12.16,76139280,2234859776.0
2010-01-26,12.18,12.32,11.6,11.75,81527696,2332106496.0
2010-01-27,11.78,11.9,11.61,11.64,64307752,1832727424.0
2010-01-28,11.64,11.77,11.48,11.75,51475104,1456971520.0
2010-01-29,11.67,12.04,11.6,11.64,66025288,1883454976.0
2010-02-01,11.42,11.42,10.48,10.58,136797424,3659428864.0
2010-02-02,10.69,10.78,10.31,10.36,84514336,2234101504.0
2010-02-03,10.61,11.0,10.26,10.99,114915808,3066512896.0
2010-02-04,10.8,11.0,10.73,10.83,67487584,1817583232.0
2010-02-05,10.33,10.63,10.31,10.48,66134708,1732932608.0
2010-02-08,10.49,11.03,10.41,10.8,53945788,1436788864.0
2010-02-09,10.72,10.99,10.67,10.82,46083656,1237246208.0
2010-02-10,10.96,11.06,10.78,11.05,52353208,1416630912.0
2010-02-11,11.07,11.15,10.98,11.05,42433492,1158107008.0
2010-02-12,11.09,11.13,10.91,11.09,42996536,1172146816.0
2010-02-22,11.19,11.4,11.08,11.2,54962056,1514144128.0
2010-02-23,11.13,11.13,10.59,10.81,58278728,1561741312.0
2010-02-24,10.67,11.0,10.59,10.98,41526540,1115104384.0
2010-02-25,11.1,11.35,11.0,11.25,70181048,1933292928.0
2010-02-26,11.24,11.24,11.03,11.09,47802136,1310125184.0
2010-03-01,11.07,11.38,11.04,11.33,54853040,1512700928.0
2010-03-02,11.34,11.39,11.09,11.18,49794992,1370930944.0
2010-03-03,11.13,11.31,10.96,11.25,60662508,1663426560.0
2010-03-04,11.25,11.25,10.67,10.69,66887072,1812702976.0
2010-03-05,10.73,11.13,10.73,10.97,65125444,1767828352.0
2010-03-08,11.02,11.04,10.84,10.95,41056892,1110187648.0
2010-03-09,10.94,11.12,10.7,11.01,50165732,1357754240.0
2010-03-10,11.05,11.31,10.97,11.04,57981724,1590177024.0
2010-03-11,11.16,11.48,11.02,11.39,100812784,2790714624.0
2010-03-12,11.4,11.59,11.28,11.31,89079720,2485689600.0
2010-03-15,11.48,11.53,11.21,11.35,61473600,1705801728.0
2010-03-16,11.32,11.61,11.31,11.55,64219136,1798765056.0
2010-03-17,11.63,11.78,11.45,11.77,76515264,2162711296.0
2010-03-18,11.76,11.79,11.53,11.61,54616888,1547774848.0
2010-03-19,11.63,11.65,11.39,11.61,54576224,1530732416.0
2010-03-22,11.76,11.76,11.5,11.52,65724560,1852410240.0
2010-03-23,11.54,11.58,11.28,11.28,55352244,1539254272.0
2010-03-24,11.35,11.45,11.22,11.27,48515264,1343798144.0
2010-03-25,11.25,11.25,10.92,10.95,56881872,1549840768.0
2010-03-26,10.94,11.22,10.88,11.14,49378672,1348194432.0
2010-03-29,11.28,11.74,11.28,11.69,104806912,2956679168.0
2010-03-30,11.7,11.74,11.51,11.64,51396576,1452431104.0
2010-03-31,11.94,12.02,11.68,11.72,88191248,2522525440.0
2010-04-01,11.74,11.98,11.63,11.94,93321736,2669337344.0
2010-04-02,11.96,12.0,11.84,11.95,63040292,1812676224.0
2010-04-06,11.98,12.22,11.9,12.01,72734872,2108056064.0
2010-04-07,11.97,11.97,11.59,11.71,66682172,1896984960.0
2010-04-08,11.64,11.64,11.43,11.45,58192792,1634063744.0
2010-04-09,11.46,11.64,11.45,11.61,43130696,1214604160.0
2010-04-12,11.6,11.74,11.28,11.4,60317444,1687981568.0
2010-04-13,11.4,11.95,11.38,11.94,98655960,2806191616.0
2010-04-14,11.97,12.0,11.78,11.87,54322604,1555051520.0
2010-04-15,11.97,12.2,11.86,12.03,92650160,2683069184.0
2010-05-04,10.35,10.35,10.35,10.35,14574300,379660512.0
2010-05-05,8.84,9.32,8.84,9.18,223883008,5321903104.0
2010-05-06,8.93,9.03,8.0,8.07,127371672,2924279808.0
2010-05-07,8.0,8.39,7.58,8.03,79576712,1766641664.0
2010-05-10,8.0,8.17,7.63,8.0,61694780,1352182272.0
2010-05-11,8.36,8.36,7.37,7.39,87537336,1904710016.0
2010-05-12,7.29,7.54,7.02,7.43,67366760,1400821376.0
2010-05-13,7.46,7.79,7.43,7.78,72068928,1538083584.0
2010-05-14,7.63,7.75,7.48,7.54,50151380,1067944192.0
2010-05-17,7.31,7.31,6.55,6.56,91439272,1831914240.0
2010-05-18,6.65,6.97,6.56,6.88,68712456,1362926080.0
2010-05-19,6.73,6.93,6.61,6.72,56247508,1118908800.0
2010-05-20,6.6,6.89,6.56,6.62,44516700,881336064.0
2010-05-21,6.26,6.8,6.18,6.72,62916112,1219520640.0
2010-05-24,6.81,7.56,6.81,7.42,104815200,2175744512.0
2010-05-25,7.24,7.34,6.94,7.16,75359624,1547811584.0
2010-05-26,7.24,7.34,7.09,7.19,43630724,899566336.0
2010-05-27,7.2,7.42,6.92,7.35,52913232,1091742464.0
2010-05-28,7.48,7.54,7.14,7.21,45322896,944106944.0
2010-05-31,7.1,7.17,6.7,6.73,46031928,928237248.0
2010-06-01,6.64,6.74,6.43,6.55,43181952,843597248.0
2010-06-02,6.48,6.84,6.35,6.78,47360812,927349440.0
2010-06-03,6.79,6.85,6.6,6.62,43774944,867985280.0
2010-06-04,6.55,7.0,6.51,6.81,45870400,913376512.0
2010-06-07,6.55,6.65,6.47,6.54,40936256,796706816.0
2010-06-08,6.52,6.76,6.45,6.6,30038144,588458240.0
2010-06-09,6.67,7.05,6.5,6.99,58357656,1166734464.0
2010-06-10,6.84,6.96,6.76,6.77,40902932,818264704.0
2010-06-11,6.89,6.96,6.78,6.88,34240488,687151168.0
2010-06-18,6.86,7.02,6.74,6.85,40855288,820487872.0
2010-06-21,6.88,7.29,6.88,7.28,55500900,1137623552.0
2010-06-22,7.21,7.34,7.18,7.32,38068888,789988672.0
2010-06-23,7.27,7.5,7.24,7.34,50631988,1058136640.0
2010-06-24,7.28,7.61,7.28,7.37,37250440,509364896.0
2010-06-25,7.28,7.28,6.93,7.01,48727792,645308416.0
2010-06-28,6.95,6.99,6.69,6.69,43348184,561762176.0
2010-06-29,6.73,6.82,5.97,5.98,78522544,971340736.0
2010-06-30,5.93,5.93,5.56,5.71,60840896,713059968.0
2010-07-01,5.73,5.84,5.43,5.46,62030408,720430592.0
2010-07-02,5.45,5.69,5.26,5.62,57021748,653430784.0
2010-07-05,5.49,5.57,5.32,5.47,37507616,426973216.0
2010-07-06,5.47,5.65,5.41,5.62,42234408,487894080.0
2010-07-07,5.61,5.82,5.49,5.73,53852384,625772224.0
2010-07-08,5.79,5.83,5.56,5.61,41538996,485349248.0
2010-07-09,5.6,5.89,5.44,5.84,77999392,914380288.0
2010-07-12,5.88,6.08,5.77,6.03,68886096,825402688.0
2010-07-13,5.89,5.92,5.76,5.77,48039592,568505664.0
2010-07-14,5.81,6.02,5.77,5.85,47693556,567593600.0
2010-07-15,5.83,5.96,5.54,5.55,48398504,567571072.0
2010-07-16,5.52,5.56,5.35,5.49,42556720,484733056.0
2010-07-19,5.35,5.84,5.32,5.76,54913652,638543872.0
2010-07-20,5.78,6.04,5.76,6.03,88512104,1060611456.0
2010-07-21,6.04,6.17,5.99,6.04,80658288,977561920.0
2010-07-22,5.98,6.2,5.93,6.15,83452960,1011420480.0
2010-07-23,6.18,6.41,6.09,6.39,118012176,1456124288.0
2010-07-26,6.41,6.45,6.16,6.32,79502000,984316032.0
2010-07-27,6.28,6.42,6.16,6.29,76529824,947992384.0
2010-07-28,6.28,6.67,6.16,6.64,114592464,1440763392.0
2010-07-29,6.69,6.97,6.69,6.81,154226592,2003325440.0
2010-07-30,6.8,6.8,6.58,6.69,74339312,953035392.0
2010-08-02,6.69,6.93,6.69,6.86,69894304,907046464.0
2010-08-03,6.91,7.17,6.8,6.83,138953088,1834513664.0
2010-08-04,6.78,6.9,6.59,6.84,77882176,1004311936.0
2010-08-05,6.87,6.89,6.55,6.62,78110616,1002338112.0
2010-08-06,6.62,6.89,6.43,6.86,92317896,1185509504.0
2010-08-09,6.81,6.93,6.72,6.85,73799536,957562432.0
2010-08-10,6.84,6.89,6.37,6.38,80497416,1024561856.0
2010-08-11,6.35,6.47,6.29,6.36,56244216,699439872.0
2010-08-12,6.22,6.3,6.07,6.09,78085376,954758912.0
2010-08-13,6.08,6.19,5.98,6.16,59230320,718885248.0
2010-08-16,6.12,6.63,6.08,6.57,92265816,1151092480.0
2010-08-17,6.59,6.64,6.48,6.57,67159504,850825792.0
2010-08-18,6.61,6.65,6.42,6.47,57224352,722070592.0
2010-08-19,6.48,6.69,6.42,6.57,67133368,851403584.0
2010-08-20,6.49,6.54,6.15,6.23,69006992,858006144.0
2010-08-23,6.21,6.3,6.1,6.16,50003280,612889664.0
2010-08-24,6.16,6.32,6.03,6.18,51315088,627922368.0
2010-08-25,6.06,6.23,5.89,5.89,66111072,797467008.0
2010-08-26,5.9,5.98,5.76,5.83,56977488,676036544.0
2010-08-27,5.82,5.83,5.67,5.77,41596884,488589824.0
2010-08-30,5.81,5.99,5.68,5.9,94375600,1118029696.0
2010-08-31,5.82,5.84,5.67,5.73,76989472,901733248.0
2010-09-01,5.75,5.85,5.55,5.6,74467520,870551680.0
2010-09-02,5.72,5.76,5.58,5.6,67430640,783551488.0
2010-09-03,5.6,5.65,5.43,5.5,108294816,1242669056.0
2010-09-06,5.54,5.98,5.54,5.94,151026224,1789085568.0
2010-09-07,5.97,6.03,5.78,5.89,78573728,932625152.0
2010-09-08,5.81,5.84,5.69,5.75,63765356,748186368.0
2010-09-09,5.78,5.9,5.6,5.62,74821048,876340032.0
2010-09-10,5.62,5.7,5.43,5.49,68716576,787966016.0
2010-09-13,5.53,5.67,5.45,5.55,56863132,654746880.0
2010-09-14,5.57,5.63,5.47,5.49,56349816,648339136.0
2010-09-15,5.49,5.49,5.27,5.29,74744752,843317632.0
2010-09-16,5.29,5.5,5.26,5.31,87171488,982205888.0
2010-09-17,5.33,5.36,5.19,5.22,57813800,644077504.0
2010-09-20,5.22,5.26,5.03,5.04,55398172,611404544.0
2010-09-21,5.1,5.14,5.02,5.03,33050320,361608928.0
2010-09-27,5.07,5.1,4.97,5.05,55347904,603734848.0
2010-09-28,5.03,5.03,4.76,4.78,76563712,822373696.0
2010-09-29,4.77,4.86,4.67,4.69,67193856,711234560.0
2010-09-30,4.63,4.9,4.6,4.79,83176552,883599168.0
2010-10-08,4.88,5.44,4.88,5.36,153690752,1712275200.0
2010-10-11,5.43,6.34,5.38,6.34,366355648,4468809216.0
2010-10-12,6.54,6.8,6.29,6.78,342077504,4320433152.0
2010-10-13,6.67,6.78,6.55,6.7,190290832,2432306176.0
2010-10-14,6.86,7.82,6.86,7.41,444930464,6142482944.0
2010-10-15,7.28,8.56,7.17,8.55,423062048,6055457792.0
2010-10-18,8.67,9.36,8.16,8.78,519828352,7994941952.0
2010-10-19,8.66,9.02,8.36,9.0,255796416,3861977088.0
2010-10-20,8.71,9.9,8.66,9.44,383143104,6019624448.0
2010-10-21,9.45,9.56,8.83,9.0,241728096,3785381888.0
2010-10-22,8.89,8.93,8.48,8.62,229380576,3465763072.0
2010-10-25,8.56,9.92,8.51,9.91,369019008,5873233920.0
2010-10-26,10.05,10.54,9.71,10.03,370038304,6220071424.0
2010-10-27,9.87,10.42,9.62,9.65,224755328,3725389312.0
2010-10-28,9.45,9.96,9.45,9.71,177877856,2889170432.0
2010-10-29,9.63,9.65,8.97,9.03,221656720,3485486336.0
2010-11-01,9.0,9.54,8.95,9.39,172446400,2744576256.0
2010-11-02,9.45,9.87,9.02,9.43,229740896,3665804032.0
2010-11-03,9.4,9.7,9.06,9.34,199771280,3197316608.0
2010-11-04,9.34,9.66,9.18,9.56,164856624,2631995648.0
2010-11-05,10.03,10.23,9.57,9.68,204904816,3370184192.0
2010-11-08,9.71,9.94,9.49,9.7,135063440,2192197888.0
2010-11-09,9.71,9.73,9.29,9.38,135011520,2156196608.0
2010-11-10,9.28,9.28,8.89,8.99,165595472,2571913472.0
2010-11-11,9.03,9.48,8.9,9.14,198271936,3122671872.0
2010-11-12,9.02,9.03,7.78,7.88,268831232,3967658496.0
2010-11-15,7.89,8.06,7.49,7.75,149437312,2096188288.0
2010-11-16,7.81,7.93,7.18,7.23,155285312,2140741760.0
2010-11-17,7.02,7.26,6.84,6.93,137632752,1817086336.0
2010-11-18,7.06,7.15,6.84,7.03,103673088,1368270208.0
2010-11-19,7.09,7.15,6.42,7.03,186721856,2417612544.0
2010-11-22,6.83,7.0,6.69,6.82,114196160,1484036736.0
2010-11-23,6.67,6.71,6.23,6.42,112831720,1416124416.0
2010-11-24,6.42,7.09,6.42,7.06,170280128,2225079040.0
2010-11-25,7.06,7.31,6.8,7.19,153544448,2034289024.0
2010-11-26,7.1,7.36,6.94,7.16,126624824,1690858496.0
2010-11-29,7.06,7.14,6.94,7.0,83091536,1096753792.0
2010-11-30,7.01,7.09,6.41,6.69,117570760,1510935552.0
2010-12-01,6.69,6.88,6.6,6.71,50824584,654413568.0
2010-12-02,7.02,7.16,6.94,6.97,104330608,1380451840.0
2010-12-03,6.9,7.07,6.88,6.98,55922200,735557952.0
2010-12-06,7.03,7.56,6.91,7.49,157785824,2128835712.0
2010-12-07,7.36,7.57,7.1,7.45,137454048,1869661824.0
2010-12-08,7.43,7.45,7.02,7.03,112703032,1513864448.0
2010-12-09,6.95,7.1,6.76,6.78,78257464,1022594688.0
2010-12-10,6.65,7.06,6.6,6.95,62083736,806814208.0
2010-12-13,7.03,7.44,6.92,7.41,136280960,1828214272.0
2010-12-14,7.43,7.48,7.25,7.29,72596216,983545472.0
2010-12-15,7.29,7.54,7.15,7.28,98532176,1336114304.0
2010-12-16,7.29,7.29,7.0,7.04,65018120,868269248.0
2010-12-17,7.02,7.09,6.85,6.98,64556704,847808128.0
2010-12-20,7.02,7.07,6.48,6.67,95242616,1227916928.0
2010-12-21,6.72,7.28,6.66,7.18,124256568,1639279872.0
2010-12-22,7.17,7.23,6.86,6.92,81510648,1081271808.0
2010-12-23,6.85,7.1,6.78,6.86,64168324,839920832.0
2010-12-24,6.77,6.95,6.72,6.87,48056828,624276032.0
2010-12-27,6.93,7.21,6.67,6.69,112136760,1477739392.0
2010-12-28,6.57,6.71,6.43,6.46,71794824,907618304.0
2010-12-29,6.51,6.57,6.23,6.35,64677128,803102272.0
2010-12-30,6.33,6.36,5.98,6.23,82823024,1015183040.0
2010-12-31,6.32,6.54,6.26,6.49,76028120,948821376.0
2011-01-04,6.58,6.9,6.43,6.8,100511424,1292295296.0
2011-01-05,6.68,6.74,6.49,6.6,71317368,909073856.0
2011-01-06,6.63,6.8,6.49,6.54,56381132,717804096.0
2011-01-07,6.49,6.89,6.3,6.64,128957800,1649133440.0
2011-01-10,6.56,6.69,6.32,6.35,89554520,1127692032.0
2011-01-11,6.3,6.48,6.28,6.44,50631032,631506624.0
2011-01-12,6.5,6.63,6.35,6.56,54862508,691368448.0
2011-01-13,6.63,6.65,6.4,6.49,50337048,634630656.0
2011-01-14,6.41,6.44,6.2,6.25,56302700,696666368.0
2011-01-17,6.28,6.34,5.74,5.84,86939120,1050584768.0
2011-01-18,5.8,5.92,5.76,5.83,43165040,510658912.0
2011-01-19,5.83,5.99,5.72,5.98,66614488,791264960.0
2011-01-20,5.96,5.96,5.6,5.63,61114028,717922432.0
2011-01-21,5.63,6.09,5.59,5.86,70740576,838513344.0
2011-01-24,5.87,5.87,5.64,5.69,50566816,593774592.0
2011-01-25,5.69,5.84,5.63,5.83,50238784,587905920.0
2011-01-26,5.78,5.91,5.76,5.89,50146080,594456000.0
2011-01-27,5.84,6.4,5.76,6.28,103472216,1263193728.0
2011-01-28,6.36,6.49,6.19,6.38,81226416,1009721152.0
2011-01-31,6.36,6.54,6.29,6.44,60949784,764290560.0
2011-02-01,6.47,6.51,6.28,6.29,59388488,738931520.0
2011-02-09,6.26,6.5,6.15,6.22,59556940,739920128.0
2011-02-10,6.18,6.54,6.14,6.53,60905520,756537600.0
2011-02-11,6.49,6.63,6.36,6.47,78998104,995773056.0
2011-02-14,6.32,7.56,6.3,7.56,285720096,3820610304.0
2011-02-15,7.65,8.14,7.54,7.56,330110944,4663761408.0
2011-02-16,7.63,7.72,7.45,7.7,166999184,2310529280.0
2011-02-17,7.74,7.8,7.41,7.51,125459488,1732630784.0
2011-02-18,7.49,7.72,7.3,7.46,119805240,1648140416.0
2011-02-21,7.45,7.96,7.37,7.86,166842288,2331259392.0
2011-02-22,7.93,7.96,7.29,7.3,146654240,2025339776.0
2011-02-23,7.24,7.42,7.16,7.29,85644088,1154075264.0
2011-02-24,7.26,8.01,7.19,7.69,161219184,2238819072.0
2011-02-25,7.69,8.1,7.51,7.97,197990624,2810858240.0
2011-02-28,8.01,8.45,7.74,8.33,202678128,2947279360.0
2011-03-01,8.29,8.75,8.23,8.36,209076544,3114722304.0
2011-03-02,8.2,8.34,7.97,8.21,120462376,1746258944.0
2011-03-03,8.27,8.5,8.09,8.11,141895664,2083950976.0
2011-03-04,8.15,8.57,8.02,8.49,146744752,2155398656.0
2011-03-07,8.53,9.02,8.51,8.91,257528544,3933730816.0
2011-03-08,8.94,9.04,8.65,8.82,141370992,2159560704.0
2011-03-09,8.88,9.07,8.65,8.75,110128136,1683759104.0
2011-03-10,8.77,8.77,8.22,8.23,169499856,2504786688.0
2011-03-11,8.11,8.33,8.0,8.03,117694208,1710783616.0
2011-03-14,7.94,8.09,7.7,8.07,106937408,1520418816.0
2011-03-15,7.96,7.99,7.43,7.68,137161936,1911685376.0
2011-03-16,7.76,8.11,7.69,8.03,124129344,1766938496.0
2011-03-17,7.78,7.9,7.49,7.63,104507912,1462155648.0
2011-03-18,7.8,8.02,7.69,7.76,80509600,1138019840.0
2011-03-21,7.8,7.88,7.6,7.68,92752240,1299853312.0
2011-03-22,7.77,7.88,7.49,7.75,86063056,1202530176.0
2011-03-29,8.06,8.38,7.89,7.96,180792496,2620454656.0
2011-03-30,7.96,8.04,7.43,7.6,119607088,1667350144.0
2011-03-31,7.59,8.02,7.58,7.69,68196280,957259072.0
2011-04-01,7.69,8.0,7.67,7.97,77052648,1090550656.0
2011-04-06,7.94,8.56,7.86,8.35,171370624,2498717184.0
2011-04-07,8.35,8.38,8.16,8.24,90387504,1323786624.0
2011-04-08,8.23,8.45,8.17,8.41,92967936,1372078208.0
2011-04-11,8.49,8.67,8.21,8.23,114785792,1703660032.0
2011-04-12,8.22,8.34,8.09,8.17,79487720,1157961856.0
2011-04-14,8.48,8.58,8.2,8.25,111259704,1646638720.0
2011-04-15,8.16,8.6,8.16,8.43,108396656,1605491712.0
2011-04-18,8.36,8.56,8.28,8.4,96490632,1430346624.0
2011-04-19,8.25,8.28,7.89,7.89,109677352,1580387840.0
2011-04-20,7.97,8.02,7.8,7.87,63281164,897916352.0
2011-04-21,7.96,8.33,7.84,8.13,90199560,1305131648.0
2011-04-22,8.11,8.11,7.88,7.9,52253120,746285312.0
2011-04-25,7.89,7.89,7.59,7.62,80528712,1127903872.0
2011-04-26,7.61,7.69,7.2,7.22,122018608,1660666624.0
2011-04-27,7.32,7.35,7.01,7.19,72696392,973681088.0
2011-04-28,7.26,7.36,7.02,7.04,74422416,994853760.0
2011-05-03,7.09,7.19,6.95,7.13,63907576,847793664.0
2011-05-04,7.06,7.06,6.56,6.58,99295656,1281712384.0
2011-05-05,6.56,6.69,6.54,6.57,51697000,658081600.0
2011-05-06,6.49,6.58,6.35,6.51,68201816,858146688.0
2011-05-09,6.58,6.69,6.52,6.57,45601132,580597440.0
2011-05-10,6.59,6.8,6.51,6.78,47412752,607685504.0
2011-05-11,6.76,6.82,6.6,6.65,44428048,569918592.0
2011-05-12,6.51,6.81,6.49,6.69,53396080,682759232.0
2011-05-13,6.7,7.02,6.63,6.93,88154376,1147320064.0
2011-05-16,6.91,7.04,6.81,6.83,47286028,619497792.0
2011-05-17,6.77,7.06,6.58,6.86,60179104,782349888.0
2011-05-18,6.84,6.97,6.79,6.89,34337176,448710976.0
2011-05-19,6.91,6.93,6.7,6.72,41522508,538041792.0
2011-05-20,6.72,6.83,6.66,6.74,27441182,353260512.0
2011-05-23,6.73,6.73,6.31,6.33,61668352,775026368.0
2011-05-24,6.32,6.4,6.22,6.29,44754740,553247360.0
2011-05-25,6.32,6.36,6.16,6.18,34669556,427967520.0
2011-05-26,6.26,6.67,6.26,6.35,60804264,763681344.0
2011-05-27,6.35,6.61,6.33,6.42,55305992,695750016.0
2011-05-30,6.36,6.63,6.23,6.49,44992984,567115840.0
2011-05-31,6.51,6.72,6.49,6.71,48272244,615648256.0
2011-06-01,6.63,6.71,6.55,6.62,37768172,480755264.0
2011-06-02,6.49,6.54,6.19,6.36,53463420,665796224.0
2011-06-03,6.32,6.52,6.28,6.45,28232120,354102528.0
2011-06-07,6.43,6.54,6.38,6.46,26130860,327699136.0
2011-06-08,6.37,6.4,6.21,6.39,52932840,655453120.0
2011-06-10,6.23,6.47,6.22,6.4,48923208,607929920.0
2011-06-13,6.32,6.36,6.17,6.29,33935100,417441856.0
2011-06-14,6.29,6.7,6.26,6.62,71971160,911918272.0
2011-06-15,6.6,6.66,6.5,6.57,49084324,622581568.0
2011-06-16,6.58,6.58,6.31,6.37,44551632,535076448.0
2011-06-17,6.36,6.43,6.22,6.24,40399408,481251808.0
2011-06-20,6.19,6.39,6.16,6.29,37320976,443365504.0
2011-06-21,6.3,6.51,6.3,6.47,37613072,452572832.0
2011-06-22,6.51,6.57,6.31,6.37,33459524,402661536.0
2011-06-23,6.32,6.68,6.32,6.61,43266744,523810432.0
2011-06-24,6.56,7.67,6.53,7.52,245439936,3201619712.0
2011-06-27,7.43,7.56,7.29,7.37,136976576,1804443904.0
2011-06-28,7.35,7.45,7.17,7.4,113000432,1472052608.0
2011-06-29,7.38,7.43,7.15,7.17,66936876,870040064.0
2011-06-30,7.19,7.54,7.17,7.35,87343536,1147270400.0
2011-07-01,7.38,7.46,7.23,7.29,53444436,698730944.0
2011-07-04,7.41,7.89,7.39,7.67,150570160,2027946880.0
2011-07-05,7.63,7.76,7.54,7.67,67153640,900384192.0
2011-07-06,7.66,7.66,7.49,7.57,48863440,650273984.0
2011-07-07,7.8,7.85,7.49,7.5,81838624,1101059584.0
2011-07-08,7.48,7.63,7.45,7.53,48768648,647703680.0
2011-07-11,7.48,7.56,7.3,7.5,51589436,680382144.0
2011-07-12,7.33,7.36,7.03,7.12,98441064,1268470912.0
2011-07-13,7.12,7.36,7.12,7.26,60617260,785325888.0
2011-07-14,7.28,7.32,7.1,7.24,62922872,812050304.0
2011-07-15,7.19,7.34,7.08,7.3,69996952,905582976.0
2011-07-18,7.3,7.34,7.16,7.2,41264180,533733408.0
2011-07-19,7.11,7.14,6.96,7.03,52546360,667550080.0
2011-07-20,7.14,7.16,6.94,7.1,46697596,595896320.0
2011-07-21,7.04,7.11,6.97,6.98,38954352,494801120.0
2011-07-22,7.05,7.29,7.05,7.12,85176120,1098498560.0
2011-07-25,6.99,7.03,6.56,6.66,82394664,1023607232.0
2011-07-26,6.65,6.74,6.56,6.63,33740480,413933920.0
2011-07-27,6.58,6.71,6.54,6.67,34250812,419690400.0
2011-07-28,6.54,6.59,6.44,6.53,42776448,518242272.0
2011-07-29,6.56,6.91,6.5,6.73,71301744,881036928.0
2011-08-01,6.68,6.84,6.58,6.81,49866084,618541824.0
2011-08-02,6.68,6.68,6.48,6.63,49360500,600590592.0
2011-08-03,6.56,6.77,6.49,6.63,36358800,446585600.0
2011-08-04,6.69,6.81,6.58,6.61,32810972,404161888.0
2011-08-05,6.32,6.52,6.27,6.4,71354776,856292352.0
2011-08-08,6.32,6.44,5.76,6.03,84123040,982151104.0
2011-08-09,5.76,6.1,5.63,5.96,66696088,756776896.0
2011-08-10,6.19,6.25,6.04,6.08,59267120,694940544.0
2011-08-11,5.9,6.49,5.87,6.31,77512504,916084416.0
2011-08-12,6.39,6.41,6.24,6.28,53518092,637473856.0
2011-08-16,6.44,6.55,6.27,6.31,54585452,654953984.0
2011-08-17,6.3,6.71,6.27,6.58,85996248,1042880960.0
2011-08-18,6.58,6.68,6.43,6.48,71845904,876373824.0
2011-08-19,6.29,6.46,6.24,6.42,50605008,603406912.0
2011-08-22,6.52,6.55,6.23,6.29,39057316,468298048.0
2011-08-23,6.36,6.63,6.29,6.62,48929136,592127808.0
2011-08-24,6.64,6.66,6.45,6.48,39159184,476661344.0
2011-08-25,6.54,6.99,6.5,6.98,128614888,1610230912.0
2011-08-29,6.76,6.77,6.5,6.55,77959880,952293696.0
2011-08-30,6.66,6.78,6.48,6.49,54542408,669118912.0
2011-08-31,6.5,6.6,6.44,6.56,29455372,357618752.0
2011-09-01,6.59,6.76,6.49,6.55,35250548,431068736.0
2011-09-02,6.53,6.55,6.36,6.39,29838338,358710976.0
2011-09-05,6.23,6.29,6.09,6.11,36789288,431072832.0
2011-09-06,6.06,6.18,5.99,6.16,30079360,350497952.0
2011-09-07,6.19,6.58,6.19,6.43,55214352,663278272.0
2011-09-08,6.48,6.52,6.31,6.33,23381556,281305696.0
2011-09-09,6.49,6.76,6.4,6.48,68823224,836921280.0
2011-09-13,6.31,6.51,6.25,6.49,52875164,634027840.0
2011-09-14,6.53,6.67,6.29,6.66,62452992,757356672.0
2011-09-15,6.63,6.85,6.57,6.64,78753032,973533376.0
2011-09-16,6.7,6.76,6.55,6.56,37752296,463528960.0
2011-09-19,6.48,6.5,6.35,6.36,35164408,421981184.0
2011-09-20,6.36,6.66,6.34,6.63,44514808,539979712.0
2011-09-21,6.63,7.05,6.49,6.9,115853480,1447884800.0
2011-09-22,6.76,6.8,6.42,6.43,85853040,1048998784.0
2011-09-23,6.26,6.51,6.22,6.49,55144408,658728064.0
2011-09-26,6.36,6.6,6.0,6.12,85523288,1010060672.0
2011-09-27,6.24,6.36,6.12,6.24,49661120,586501888.0
2011-09-28,6.31,6.39,5.9,5.99,65418724,765186624.0
2011-09-29,5.89,6.09,5.81,5.85,48105936,549839232.0
2011-09-30,5.89,5.96,5.67,5.76,50738504,571757376.0
2011-10-10,5.82,5.84,5.51,5.58,48136728,533729504.0
2011-10-11,6.01,6.1,5.61,5.73,77687656,882752000.0
2011-10-12,5.67,6.49,5.56,6.33,139518144,1643683456.0
2011-10-13,6.28,6.38,6.21,6.28,69399080,823998208.0
2011-10-14,6.23,6.38,6.16,6.3,39450392,466756608.0
2011-10-17,6.29,6.46,6.19,6.34,46034848,548974016.0
2011-10-18,6.24,6.28,5.82,5.9,62956736,727403264.0
2011-10-19,5.93,6.1,5.88,5.91,35252016,405034784.0
2011-10-20,5.83,5.89,5.73,5.82,36914588,417831488.0
2011-10-21,5.9,5.96,5.76,5.78,34357096,391717088.0
2011-10-24,5.84,6.3,5.84,6.23,93022288,1085565184.0
2011-10-25,6.23,6.41,6.15,6.29,70926504,841610432.0
2011-10-26,6.24,6.54,6.22,6.39,103726448,1249644544.0
2011-10-27,6.43,6.49,6.36,6.41,51948564,623831488.0
2011-10-28,6.62,6.78,6.52,6.58,95514136,1170171776.0
2011-10-31,6.62,6.63,6.35,6.41,63362512,763516480.0
2011-11-01,6.32,6.6,6.27,6.54,66071724,798345664.0
2011-11-02,6.34,6.83,6.3,6.79,96980192,1182479616.0
2011-11-03,6.87,6.96,6.66,6.7,117749632,1470041728.0
2011-11-04,6.84,6.94,6.72,6.79,71280992,889160896.0
2011-11-07,6.71,6.72,6.54,6.58,57055968,698251328.0
2011-11-08,6.56,6.7,6.49,6.52,42172448,514840768.0
2011-11-09,6.59,6.66,6.43,6.63,39463376,480729824.0
2011-11-10,6.49,6.53,6.38,6.39,54763584,659443904.0
2011-11-11,6.41,6.47,6.31,6.36,28897246,346159072.0
2011-11-14,6.45,6.59,6.43,6.56,40223064,488311584.0
2011-11-15,6.51,6.56,6.4,6.46,31044072,374282656.0
2011-11-16,6.46,6.48,6.13,6.15,52564592,621057408.0
2011-11-17,6.15,6.21,6.1,6.16,32114908,375696640.0
2011-11-18,6.08,6.25,5.84,5.91,67040232,774082624.0
2011-11-21,5.93,5.97,5.84,5.96,24067548,274852768.0
2011-11-22,5.89,6.02,5.83,6.0,27260200,312576096.0
2011-11-23,6.02,6.03,5.58,5.7,67511432,758148608.0
2011-11-24,5.63,5.76,5.6,5.67,31663968,353275520.0
2011-11-25,5.68,5.71,5.58,5.62,24639806,273778752.0
2011-11-28,5.66,5.76,5.6,5.66,34757864,387641248.0
2011-11-29,5.75,5.79,5.66,5.77,32831150,368622912.0
2011-11-30,5.75,5.76,5.25,5.31,67560264,736579264.0
2011-12-01,5.8,5.89,5.61,5.65,95699728,1075487872.0
2011-12-02,5.59,5.62,5.35,5.49,45599732,498470560.0
2011-12-05,5.51,5.52,5.35,5.39,26873876,292080544.0
2011-12-06,5.37,5.56,5.37,5.53,33127952,362928416.0
2011-12-07,5.56,5.7,5.49,5.69,35606896,395588896.0
2011-12-08,5.65,5.82,5.49,5.6,31616824,351143456.0
2011-12-09,5.56,5.64,5.49,5.55,26957828,296725312.0
2011-12-12,5.53,5.58,5.42,5.45,20782282,227084240.0
2011-12-13,5.41,5.44,5.19,5.21,45223200,484982560.0
2011-12-14,5.19,5.27,5.04,5.11,28372752,299948160.0
2011-12-15,5.06,5.14,4.81,4.84,39360356,406842624.0
2011-12-16,4.69,5.08,4.69,5.03,41615760,424566656.0
2011-12-19,4.89,5.01,4.66,4.93,52152096,528939904.0
2011-12-20,4.91,4.97,4.73,4.76,35728624,364672992.0
2011-12-21,4.86,4.9,4.63,4.64,39985528,403119744.0
2011-12-22,4.59,4.65,4.27,4.52,50628384,494886272.0
2011-12-26,4.45,4.49,4.3,4.31,39248192,379486528.0
2011-12-27,4.31,4.55,4.23,4.31,39326540,380673184.0
2011-12-28,4.24,4.47,4.21,4.43,49038084,471098240.0
2011-12-29,4.32,4.45,4.31,4.32,38159220,368876160.0
2011-12-30,4.39,4.48,4.36,4.42,35892220,348835808.0
2012-01-04,4.49,4.54,4.29,4.29,35400532,343726592.0
2012-01-05,4.25,4.43,3.97,4.05,47835228,453575488.0
2012-01-06,3.96,4.17,3.83,4.14,55502984,513423424.0
2012-01-09,4.11,4.49,4.03,4.45,62306116,596959872.0
2012-01-10,4.49,4.89,4.42,4.77,84456544,843167552.0
2012-01-11,4.8,4.86,4.65,4.74,47836704,482098304.0
2012-01-12,4.75,4.8,4.66,4.69,36378516,366106944.0
2012-01-13,4.71,4.76,4.44,4.49,52158360,515381248.0
2012-01-16,4.67,4.74,4.5,4.52,45849664,456755104.0
2012-01-17,4.52,5.16,4.49,5.11,85184448,870783488.0
2012-01-18,5.06,5.49,5.02,5.08,84357872,898240832.0
2012-01-19,5.16,5.46,5.09,5.4,77769984,837570048.0
2012-01-20,5.43,5.62,5.33,5.55,78760512,863555264.0
2012-01-30,5.55,5.59,5.23,5.26,58904532,642156992.0
2012-01-31,5.27,5.35,5.16,5.27,38825400,414370688.0
2012-02-01,5.24,5.3,5.04,5.08,30791604,325458496.0
2012-02-02,5.12,5.37,5.02,5.36,48027672,510173024.0
2012-02-03,5.35,5.54,5.24,5.45,54872168,594107200.0
2012-02-06,5.48,5.55,5.32,5.4,39323728,427710976.0
2012-02-07,5.33,5.36,5.06,5.12,46110140,486913568.0
2012-02-08,5.13,5.6,5.06,5.49,69555488,753610176.0
2012-02-09,5.52,5.53,5.37,5.43,68223768,744013248.0
2012-02-10,5.39,5.72,5.36,5.51,86545720,955758784.0
2012-02-13,5.36,5.63,5.29,5.49,51170320,561008192.0
2012-02-14,5.48,5.54,5.36,5.43,33126670,360781696.0
2012-02-15,5.38,5.72,5.37,5.62,77158840,856189888.0
2012-02-16,5.62,5.72,5.55,5.65,69013664,766979840.0
2012-02-17,5.73,5.79,5.61,5.66,41584344,464366112.0
2012-02-20,5.82,5.9,5.66,5.68,72501384,819491200.0
2012-02-21,5.71,5.78,5.57,5.74,50985608,569439040.0
2012-02-22,5.74,6.1,5.69,6.05,117338728,1345631232.0
2012-02-23,6.05,6.09,5.89,5.98,72484048,836639936.0
2012-02-24,5.98,6.29,5.96,6.23,113831528,1332453888.0
2012-02-27,6.3,6.56,6.3,6.37,153774032,1854617728.0
2012-02-28,6.34,6.48,6.28,6.42,68925824,824409472.0
2012-02-29,6.39,6.39,6.13,6.23,69335328,819488512.0
2012-03-01,6.16,6.38,6.14,6.28,46155688,547935040.0
2012-03-02,6.29,6.66,6.29,6.62,108899128,1320279552.0
2012-03-05,6.71,6.88,6.63,6.64,114624928,1422622720.0
2012-03-06,6.63,6.63,6.49,6.56,65396164,796287936.0
2012-03-07,6.42,6.66,6.28,6.49,98178032,1186644352.0
2012-03-08,6.54,6.89,6.54,6.82,130612560,1623168128.0
2012-03-09,6.84,6.88,6.73,6.82,77756800,968863744.0
2012-03-12,6.8,6.96,6.57,6.72,81553952,1010419904.0
2012-03-13,6.7,6.84,6.68,6.79,45103408,560200128.0
2012-03-14,6.89,7.04,6.36,6.39,152257728,1882811264.0
2012-03-15,6.39,6.49,6.21,6.32,91975696,1100780416.0
2012-03-16,6.36,6.69,6.36,6.67,84972816,1035151744.0
2012-03-19,6.63,6.71,6.45,6.63,65074436,795808064.0
2012-03-20,6.58,6.62,6.15,6.19,103200936,1226743936.0
2012-03-21,6.32,6.36,5.92,6.07,93932592,1095742208.0
2012-03-22,6.09,6.28,6.02,6.18,46097304,539860544.0
2012-03-23,6.12,6.29,6.01,6.1,56818712,665598848.0
2012-03-26,6.09,6.17,6.03,6.1,33438996,389176384.0
2012-03-27,6.2,6.25,6.1,6.14,30802732,361822240.0
2012-03-28,6.12,6.14,5.9,5.94,56925408,657518912.0
2012-03-29,5.85,5.97,5.68,5.79,68309160,773540928.0
2012-03-30,5.87,6.11,5.87,6.05,73157152,844021568.0
2012-04-05,6.09,7.06,6.01,6.63,159871888,1952532096.0
2012-04-06,6.61,6.88,6.61,6.77,88687696,1099580544.0
2012-04-09,6.77,6.84,6.62,6.65,45912600,567421760.0
2012-04-10,6.61,6.84,6.42,6.83,68369704,839078592.0
2012-04-11,6.68,6.97,6.61,6.83,69113720,862533760.0
2012-04-12,6.87,7.29,6.83,7.27,184435840,2360354304.0
2012-04-13,7.29,7.63,7.25,7.41,173574752,2294790144.0
2012-04-16,7.28,7.56,7.21,7.43,97069736,1280219392.0
2012-04-17,7.41,7.47,7.05,7.09,91359064,1180674048.0
2012-04-18,7.1,7.63,6.99,7.62,186567952,2450245376.0
2012-04-19,7.63,7.69,7.43,7.53,130055880,1736979584.0
2012-04-20,7.54,7.89,7.38,7.71,181680096,2443375616.0
2012-04-23,7.66,7.66,7.36,7.38,122580768,1629304960.0
2012-04-24,7.32,7.71,7.09,7.49,178095328,2335152128.0
2012-04-25,7.49,7.65,7.37,7.42,97215768,1287140096.0
2012-04-26,7.45,7.55,7.24,7.39,105584976,1388974720.0
2012-04-27,7.38,7.5,7.26,7.28,65116968,851740160.0
2012-05-02,7.63,7.67,7.38,7.43,131881696,1750772224.0
2012-05-03,7.41,7.82,7.36,7.75,145659520,1955591424.0
2012-05-04,7.71,7.84,7.49,7.74,109837144,1473368320.0
2012-05-07,7.65,7.75,7.49,7.59,104054568,1390480384.0
2012-05-08,7.63,7.69,7.28,7.36,108660904,1425928832.0
2012-05-09,7.21,7.37,7.16,7.17,88131608,1141525504.0
2012-05-10,7.17,7.34,7.08,7.26,78480536,1013403264.0
2012-05-11,7.21,7.29,7.03,7.08,59568240,765634752.0
2012-05-14,7.22,7.39,7.03,7.16,101946192,1320660992.0
2012-05-15,7.08,7.36,7.03,7.3,67808000,876052608.0
2012-05-16,7.26,7.49,7.1,7.12,77064176,1002078336.0
2012-05-17,7.15,7.61,7.15,7.55,137055792,1806457472.0
2012-05-18,7.43,7.54,7.29,7.34,84234240,1106516224.0
2012-05-21,7.29,7.43,7.16,7.23,59987512,780467584.0
2012-05-22,7.28,7.58,7.28,7.54,94159176,1244270208.0
2012-05-23,7.51,7.84,7.47,7.8,154785248,2082910208.0
2012-05-24,7.8,7.89,7.58,7.66,84187920,1138625152.0
2012-05-25,7.63,7.8,7.42,7.49,82939328,1110595712.0
2012-05-28,7.43,7.7,7.26,7.7,82817936,1098672384.0
2012-05-29,7.69,8.09,7.63,7.92,149090368,2048848000.0
2012-05-30,7.92,8.04,7.87,7.99,88206736,1217479936.0
2012-05-31,7.89,8.09,7.84,7.95,58930936,813185728.0
2012-06-01,7.95,8.14,7.95,8.04,71799072,998649600.0
2012-06-04,7.8,7.96,7.51,7.57,88782328,1200522240.0
2012-06-05,7.58,7.64,7.35,7.39,62918080,830447744.0
2012-06-06,7.43,7.56,7.28,7.36,49137280,644609152.0
2012-06-07,7.51,7.66,7.34,7.41,61764888,819995072.0
2012-06-08,7.6,7.63,7.35,7.4,54026612,715415552.0
2012-06-11,7.46,7.71,7.44,7.69,58020836,776380416.0
2012-06-12,7.61,7.67,7.47,7.53,45102976,600930048.0
2012-06-13,7.62,7.81,7.35,7.72,90975184,1219000704.0
2012-06-14,7.66,7.78,7.55,7.58,52316332,704636096.0
2012-06-15,7.67,7.75,7.49,7.68,43959972,589670208.0
2012-06-18,7.73,7.93,7.71,7.79,52797356,719340480.0
2012-06-19,7.76,7.78,7.61,7.63,36331072,487965600.0
2012-06-21,7.54,7.54,6.93,6.97,121653848,1566528000.0
2012-06-25,6.97,6.97,6.63,6.68,86304688,1066652864.0
2012-06-26,6.63,6.81,6.52,6.71,50803936,627032128.0
2012-06-27,6.71,6.89,6.69,6.74,32495844,403775584.0
2012-06-28,6.76,6.88,6.45,6.46,53930628,665298688.0
2012-06-29,6.41,6.98,6.38,6.96,75498848,938303808.0
2012-07-02,6.94,7.08,6.84,6.9,49423460,624347776.0
2012-07-03,6.92,7.04,6.76,6.93,62683356,788808128.0
2012-07-04,6.96,6.99,6.85,6.86,24287332,305158016.0
2012-07-05,6.77,6.8,6.54,6.56,41910872,513786400.0
2012-07-06,6.67,7.01,6.45,6.9,58326696,719538624.0
2012-07-09,6.76,6.87,6.49,6.49,46764420,574833344.0
2012-07-10,6.45,6.67,6.44,6.54,46516816,566065728.0
2012-07-11,6.51,6.78,6.5,6.77,47205184,581899200.0
2012-07-12,6.7,7.19,6.61,7.05,83844320,1054970752.0
2012-07-13,6.96,7.29,6.96,6.98,46775104,598173056.0
2012-07-16,7.05,7.07,6.76,6.83,36102368,452793280.0
2012-07-17,6.77,7.33,6.76,7.12,63020844,806835776.0
2012-07-18,7.09,7.28,6.84,7.23,53320120,683585728.0
2012-07-19,7.19,7.49,7.12,7.23,77207000,1009193856.0
2012-07-20,7.14,7.27,7.06,7.12,38467008,494056544.0
2012-07-23,7.03,7.05,6.59,6.67,80188536,998065024.0
2012-07-24,6.6,6.79,6.46,6.64,82268512,1007130496.0
2012-07-25,6.63,6.75,6.51,6.58,35222980,430778624.0
2012-07-26,6.54,6.69,6.49,6.6,44057712,538265088.0
2012-07-27,6.66,6.81,6.49,6.59,48369112,592396032.0
2012-07-30,6.6,6.72,6.43,6.46,59209424,719419328.0
2012-07-31,6.48,6.66,6.43,6.6,33108292,403657824.0
2012-08-01,6.63,6.87,6.63,6.78,52740668,654960000.0
2012-08-02,6.83,6.85,6.6,6.75,37963736,453565088.0
2012-08-03,6.83,6.87,6.62,6.79,32878272,392209888.0
2012-08-06,6.78,7.01,6.74,6.96,44572592,541946880.0
2012-08-07,6.98,7.05,6.89,6.94,32722760,399979072.0
2012-08-08,7.03,7.09,6.93,6.96,42022796,514782400.0
2012-08-09,6.96,7.01,6.77,6.99,38694048,469699296.0
2012-08-10,6.99,6.99,6.8,6.86,32180836,389392576.0
2012-08-13,6.84,6.84,5.83,5.9,175148592,1983026432.0
2012-08-14,5.92,5.96,5.48,5.75,107696224,1151573632.0
2012-08-15,5.72,5.72,5.61,5.65,42907648,459199168.0
2012-08-16,5.65,5.87,5.64,5.68,54971192,593589568.0
2012-08-17,5.68,5.76,5.61,5.74,32476630,348295616.0
2012-08-20,5.63,5.74,5.53,5.69,46996756,500758624.0
2012-08-21,5.68,5.84,5.63,5.71,42477656,458569152.0
2012-08-22,5.74,5.79,5.66,5.75,41113024,442619872.0
2012-08-23,5.77,5.89,5.69,5.75,40985668,444361888.0
2012-08-24,5.73,5.75,5.61,5.7,34841396,374161152.0
2012-08-27,5.66,5.68,5.18,5.21,97981280,1014250816.0
2012-08-28,5.21,5.43,5.03,5.25,71606888,729863744.0
2012-08-29,5.13,5.32,5.1,5.19,35035632,357216960.0
2012-08-30,5.09,5.44,5.09,5.34,70360816,723966976.0
2012-08-31,5.26,5.36,5.22,5.23,27790816,285637600.0
2012-09-03,5.17,5.6,5.14,5.49,63627880,665152704.0
2012-09-04,5.61,5.76,5.49,5.55,62214988,664962944.0
2012-09-05,5.49,5.67,5.49,5.58,35476356,377035584.0
2012-09-06,5.61,5.7,5.53,5.63,32492224,345806624.0
2012-09-07,5.74,6.42,5.74,6.33,146137968,1648934400.0
2012-09-10,6.33,6.51,6.18,6.3,87259840,1005387072.0
2012-09-11,6.26,6.26,5.98,6.16,78839992,883254528.0
2012-09-12,6.24,6.35,6.09,6.21,55949136,634659392.0
2012-09-13,6.17,6.34,6.11,6.12,38110168,433849408.0
2012-09-14,6.28,6.39,6.11,6.23,70184032,799853888.0
2012-09-17,6.19,6.26,5.81,5.83,65539524,726357120.0
2012-09-18,5.76,5.89,5.65,5.76,35179112,381872224.0
2012-09-19,5.76,5.91,5.74,5.85,44290968,483216960.0
2012-09-20,5.83,5.83,5.67,5.74,56667520,612645824.0
2012-09-21,5.67,5.83,5.63,5.71,34734068,374740416.0
2012-09-24,5.58,5.94,5.54,5.76,54290120,587624704.0
2012-09-25,5.74,6.13,5.73,5.93,76232512,842694144.0
2012-09-26,5.94,6.09,5.88,5.91,40979572,452475520.0
2012-09-27,5.92,6.53,5.91,6.38,122667944,1401496448.0
2012-09-28,6.29,6.62,6.25,6.6,105292824,1229942016.0
2012-10-08,6.6,6.71,6.26,6.34,63068128,732760128.0
2012-10-09,6.43,6.74,6.43,6.66,69869760,826007360.0
2012-10-10,6.62,6.65,6.55,6.61,42112648,496560416.0
2012-10-11,6.56,6.63,6.35,6.42,45958620,535112832.0
2012-10-12,6.5,6.6,6.19,6.38,50659808,583339456.0
2012-10-15,6.42,6.53,6.29,6.43,35287944,408173824.0
2012-10-16,6.4,6.6,6.4,6.48,40057024,467847872.0
2012-10-17,6.53,6.58,6.34,6.44,36887716,429964704.0
2012-10-18,6.48,6.66,6.41,6.62,53399964,626708288.0
2012-10-19,6.63,6.66,6.51,6.55,33506274,394501408.0
2012-10-22,6.49,6.65,6.47,6.62,34304728,404299392.0
2012-10-23,6.63,6.65,6.3,6.35,59447484,691049664.0
2012-10-24,6.32,6.39,6.25,6.27,34790460,398861504.0
2012-10-25,6.27,6.34,6.15,6.16,34934464,397389568.0
2012-10-26,6.18,6.22,5.84,5.91,66659544,737233088.0
2012-10-29,5.96,5.96,5.64,5.69,59327944,641603200.0
2012-10-30,5.69,5.85,5.66,5.71,45562848,491993536.0
2012-10-31,5.78,5.84,5.71,5.82,33013652,357833120.0
2012-11-01,5.83,6.1,5.83,6.08,95547048,1061386816.0
2012-11-02,6.09,6.21,5.99,6.19,50611220,568413312.0
2012-11-05,6.17,6.24,6.11,6.15,31345532,353930368.0
2012-11-06,6.19,6.22,5.91,6.15,57659836,643988992.0
2012-11-07,6.12,6.16,5.98,6.03,46618512,520211104.0
2012-11-08,5.93,5.98,5.81,5.83,55870888,612792384.0
2012-11-09,5.77,5.83,5.69,5.72,44133124,476818656.0
2012-11-12,5.72,5.82,5.65,5.79,32759868,354204000.0
2012-11-13,5.83,5.83,5.39,5.64,58797380,621681216.0
2012-11-14,5.6,5.74,5.49,5.68,32024380,342104576.0
2012-11-15,5.61,5.69,5.47,5.49,29284688,310941792.0
2012-11-16,5.47,5.56,5.38,5.49,37805808,396491040.0
2012-11-19,5.48,5.65,5.39,5.56,47944032,507932768.0
2012-11-20,5.63,5.64,5.42,5.43,21255718,224435968.0
2012-11-21,5.44,5.7,5.43,5.69,48992816,520540384.0
2012-11-22,5.62,5.67,5.55,5.63,42379388,451288288.0
2012-11-23,5.72,5.76,5.63,5.65,39409232,423406944.0
2012-11-26,5.61,5.7,5.53,5.56,26226676,279359872.0
2012-11-27,5.52,5.54,5.36,5.38,40028880,419298464.0
2012-11-28,5.36,5.43,5.23,5.26,34956108,359578304.0
2012-11-29,5.29,5.36,4.83,4.87,75990656,760556800.0
2012-11-30,4.89,5.07,4.64,5.05,71954272,705439168.0
2012-12-03,5.02,5.26,4.97,5.04,55722848,562285184.0
2012-12-04,5.05,5.22,4.96,5.19,47627160,478348960.0
2012-12-05,5.14,5.78,5.13,5.53,195056304,2066767360.0
2012-12-06,5.53,5.59,5.42,5.47,80027488,843476800.0
2012-12-07,5.48,5.76,5.43,5.66,124985760,1336124928.0
2012-12-10,5.76,5.95,5.69,5.82,104658440,1144217600.0
2012-12-11,5.76,5.84,5.7,5.73,45256372,490217952.0
2012-12-12,5.79,5.88,5.67,5.76,44666368,483502720.0
2012-12-13,5.72,5.76,5.64,5.69,35770956,384865024.0
2012-12-14,5.74,6.48,5.71,6.37,172651696,1952643328.0
2012-12-17,6.36,6.71,6.35,6.6,128974392,1514802432.0
2012-12-18,6.56,6.91,6.5,6.63,111068688,1325693312.0
2012-12-19,6.61,6.75,6.46,6.61,87545264,1031803264.0
2012-12-20,6.55,6.91,6.51,6.82,84589064,1006404416.0
2012-12-21,6.85,7.0,6.61,6.67,85758560,1029654144.0
2012-12-24,6.67,6.95,6.61,6.71,64879128,779084416.0
2012-12-25,6.66,7.17,6.56,7.09,136713600,1673092608.0
2012-12-26,7.05,7.16,6.91,7.03,66231212,815242432.0
2012-12-27,7.09,7.15,6.93,6.96,76851184,944128448.0
2012-12-28,7.04,7.86,6.95,7.79,177555648,2247161856.0
2012-12-31,7.79,7.98,7.69,7.96,157945840,2092252416.0
2013-01-04,8.17,8.28,7.73,7.88,126574368,1698015360.0
2013-01-07,7.82,8.15,7.69,7.88,89789568,1194370304.0
2013-01-08,7.89,7.94,7.52,7.69,111393984,1450599296.0
2013-01-09,7.61,7.86,7.49,7.68,85897408,1117425280.0
2013-01-10,7.69,8.12,7.66,7.84,105818336,1402853888.0
2013-01-11,7.83,7.9,7.29,7.4,117673368,1512800000.0
2013-01-14,7.33,8.23,7.3,8.16,164308720,2183016704.0
2013-01-15,8.17,8.37,8.07,8.2,150333328,2056777600.0
2013-01-16,8.18,8.22,7.74,8.0,114567320,1529344256.0
2013-01-17,7.95,8.16,7.77,7.93,84813136,1131121536.0
2013-01-18,8.04,8.33,7.91,8.09,115184736,1558456320.0
2013-01-21,8.16,8.43,8.03,8.35,134660944,1848782080.0
2013-01-22,8.29,8.59,8.13,8.32,146579232,2029671552.0
2013-01-23,8.28,8.51,8.17,8.39,88779440,1222127616.0
2013-01-24,8.36,8.79,8.29,8.4,231183744,3249202688.0
2013-01-25,8.39,8.53,8.08,8.12,106748880,1469089152.0
2013-01-28,8.19,8.86,8.19,8.82,200977440,2843673856.0
2013-01-29,8.84,9.47,8.78,9.36,231065296,3410330368.0
2013-01-30,9.4,9.83,9.19,9.6,175200400,2654390016.0
2013-01-31,9.6,9.73,9.33,9.55,123862400,1872890752.0
2013-02-01,9.44,10.13,9.41,10.03,158870896,2462881792.0
2013-02-04,10.17,10.23,9.57,9.64,209597424,3269782528.0
2013-02-05,9.4,9.56,9.18,9.49,149183712,2234957824.0
2013-02-06,9.49,9.99,9.43,9.67,123638816,1908420736.0
2013-02-07,9.64,9.86,9.29,9.68,160098608,2442750208.0
2013-02-08,9.64,9.96,9.56,9.83,122611504,1895852800.0
2013-02-18,9.96,10.03,9.36,9.37,109400408,1663127424.0
2013-02-19,9.3,9.36,8.92,8.97,136059216,1988927744.0
2013-02-20,8.97,9.19,8.72,9.12,119385408,1725789312.0
2013-02-21,8.94,8.94,8.35,8.44,170309424,2406081792.0
2013-02-22,8.44,8.55,8.24,8.27,86646608,1198557440.0
2013-02-25,8.48,8.61,8.27,8.38,86795360,1204178432.0
2013-02-26,8.18,8.59,8.04,8.12,114708808,1579305344.0
2013-02-27,8.17,8.66,8.17,8.48,134239040,1866973824.0
2013-02-28,8.63,9.09,8.45,9.09,171981520,2463856384.0
2013-03-01,9.1,9.28,8.78,9.19,126950320,1861158272.0
2013-03-04,8.83,8.96,8.13,8.36,219582304,3090593280.0
2013-03-05,8.4,8.97,8.4,8.94,159346448,2259651072.0
2013-03-06,9.04,9.07,8.74,8.86,107686896,1555183232.0
2013-03-07,8.87,8.99,8.36,8.5,134139328,1907324544.0
2013-03-08,8.52,8.63,8.23,8.29,88334368,1222496512.0
2013-03-11,8.26,8.38,8.03,8.25,82223592,1119920256.0
2013-03-12,8.2,8.46,7.99,8.12,88540904,1208752512.0
2013-03-13,8.12,8.16,7.67,7.83,97502088,1294042368.0
2013-03-14,7.74,7.89,7.69,7.79,110948384,1460793344.0
2013-03-15,7.83,8.19,7.26,7.56,198599824,2596435968.0
2013-03-18,7.52,7.55,7.17,7.32,155059088,1950645888.0
2013-03-19,7.3,7.51,7.07,7.36,126256640,1590828544.0
2013-03-20,7.43,8.09,7.36,8.04,193889792,2547512832.0
2013-03-21,8.04,8.13,7.92,8.06,114323568,1534619904.0
2013-03-22,8.07,8.1,7.82,7.92,84423456,1126210176.0
2013-03-25,8.02,8.06,7.62,7.64,110299816,1450812160.0
2013-03-26,7.59,7.59,7.26,7.34,126840800,1606592384.0
2013-03-27,7.37,7.61,7.23,7.45,101262208,1287861888.0
2013-03-28,7.11,7.16,6.88,7.02,144386912,1771462016.0
2013-03-29,7.04,7.08,6.86,6.93,64555024,787357440.0
2013-04-01,6.92,7.07,6.87,6.95,71853168,878008832.0
2013-04-02,7.01,7.13,6.78,7.03,108844728,1331574272.0
2013-04-03,7.04,7.11,6.88,6.89,64213560,785668544.0
2013-04-08,6.61,6.75,6.53,6.69,101330208,1198141184.0
2013-04-09,6.75,7.04,6.73,6.89,94448784,1144638848.0
2013-04-10,6.89,6.93,6.67,6.79,48242092,579997696.0
2013-04-11,6.96,7.02,6.69,6.74,59889272,720944640.0
2013-04-12,6.75,6.83,6.5,6.54,66269040,783796416.0
2013-04-15,6.48,6.62,6.35,6.5,61124440,713149824.0
2013-04-16,6.42,7.07,6.35,6.92,113646216,1357500288.0
2013-04-17,6.87,6.99,6.7,6.84,71624376,865692544.0
2013-04-18,6.77,7.07,6.67,6.91,67314672,817293632.0
2013-04-19,6.94,7.61,6.94,7.49,200617536,2536150528.0
2013-04-22,7.43,7.52,7.36,7.47,82111104,1047222080.0
2013-04-23,7.39,7.43,6.85,6.92,108903200,1344060672.0
2013-04-24,6.97,7.46,6.85,7.31,108468880,1349010048.0
2013-04-25,7.23,7.54,7.09,7.23,95556616,1205188736.0
2013-04-26,7.26,7.38,7.09,7.15,66198652,827319360.0
2013-05-02,7.06,7.27,6.96,7.2,67378464,838046528.0
2013-05-03,7.32,7.76,7.31,7.53,121790792,1572104960.0
2013-05-06,7.63,7.73,7.5,7.62,91762824,1189906048.0
2013-05-07,7.6,7.6,7.33,7.49,87159632,1111958784.0
2013-05-08,7.49,7.57,7.26,7.41,98318160,1247206144.0
2013-05-09,7.37,7.41,7.18,7.34,71207424,896177216.0
2013-05-10,7.23,7.44,7.23,7.34,53033756,670673856.0
2013-05-13,7.38,7.39,7.04,7.16,78207416,973457600.0
2013-05-14,7.13,7.14,6.89,6.96,75568504,923286464.0
2013-05-15,6.97,7.06,6.91,7.02,55614584,680208768.0
2013-05-16,6.98,7.37,6.89,7.3,99351336,1238255744.0
2013-05-17,7.28,7.53,7.2,7.47,111759904,1417313536.0
2013-05-20,7.49,7.73,7.41,7.6,136229712,1761510656.0
2013-05-21,7.56,7.6,7.38,7.48,91042472,1164935168.0
2013-05-22,7.56,7.71,7.45,7.52,87056696,1124775296.0
2013-05-23,7.46,7.54,7.25,7.27,90966496,1155306368.0
2013-05-24,7.37,7.45,7.22,7.37,65341772,826812864.0
2013-05-27,7.35,7.63,7.31,7.53,87814984,1129120640.0
2013-05-28,7.55,7.89,7.51,7.87,172354400,2251353088.0
2013-05-29,7.91,7.95,7.77,7.78,129455664,1713390592.0
2013-05-30,7.75,8.03,7.71,7.83,113328032,1506396800.0
2013-05-31,7.88,7.96,7.63,7.64,80206568,1055910528.0
2013-06-03,7.64,7.85,7.58,7.64,78911784,1029561344.0
2013-06-04,7.63,7.63,7.39,7.43,80106576,1024981120.0
2013-06-05,7.48,7.55,7.45,7.55,64703304,829914752.0
2013-06-06,7.48,7.56,7.37,7.41,60923992,779768192.0
2013-06-07,7.31,7.43,6.79,6.89,160307952,1978007808.0
2013-06-13,6.68,6.68,6.01,6.22,140209024,1608492160.0
2013-06-14,6.27,6.32,6.12,6.21,90333992,1022385984.0
2013-06-17,6.23,6.26,5.93,6.02,74850952,836007168.0
2013-06-18,6.09,6.17,5.98,6.1,51980648,582885504.0
2013-06-19,6.04,6.08,5.72,6.04,87749056,965029120.0
2013-06-20,5.95,5.95,5.72,5.76,70913096,773270272.0
2013-06-21,5.56,5.98,5.51,5.96,94899464,1029984320.0
2013-06-24,5.87,5.89,5.1,5.12,133453592,1394820608.0
2013-06-25,5.09,5.24,4.43,5.04,155433200,1531345408.0
2013-06-26,5.06,5.14,4.89,5.03,88136144,878545472.0
2013-06-27,5.09,5.23,4.83,4.9,89160928,891176640.0
2013-06-28,4.89,5.43,4.83,5.16,118057776,1196763776.0
2013-07-01,5.29,5.29,5.02,5.2,65929040,668145600.0
2013-07-02,5.21,5.33,5.03,5.21,66951960,678883648.0
2013-07-03,5.15,5.15,4.94,5.02,69997104,698010240.0
2013-07-04,4.94,5.27,4.84,5.09,89553200,898804480.0
2013-07-05,5.13,5.27,5.09,5.12,64596576,655699648.0
2013-07-08,4.99,5.11,4.87,4.9,57876880,573523776.0
2013-07-09,4.92,5.07,4.9,4.93,42439908,420634560.0
2013-07-10,4.96,5.24,4.88,5.22,98545672,992672576.0
2013-07-11,5.26,6.08,5.19,5.92,205191840,2206178816.0
2013-07-12,5.79,5.96,5.48,5.51,116115000,1256550912.0
2013-07-15,5.74,6.16,5.61,5.88,151831632,1668553088.0
2013-07-16,5.83,5.89,5.69,5.89,80196336,871656512.0
2013-07-17,5.84,5.99,5.56,5.6,92769808,1004182976.0
2013-07-18,5.52,5.67,5.32,5.35,80981368,847196160.0
2013-07-19,5.38,5.52,5.14,5.15,71525568,739505280.0
2013-07-22,5.1,5.38,5.05,5.32,57870260,594092672.0
2013-07-23,5.37,5.87,5.33,5.79,107019048,1148607488.0
2013-07-24,5.69,5.82,5.49,5.73,80501160,861059264.0
2013-07-25,5.8,5.89,5.65,5.7,73529896,796746048.0
2013-07-26,5.63,5.77,5.55,5.62,47640612,510460064.0
2013-07-29,5.46,5.54,5.34,5.36,53503168,558583680.0
2013-07-30,5.46,5.76,5.34,5.54,62360708,661289472.0
2013-07-31,5.78,5.88,5.57,5.61,60444060,653000960.0
2013-08-01,5.72,5.96,5.6,5.89,91679504,998128960.0
2013-08-02,5.96,6.03,5.76,5.86,82046376,900155136.0
2013-08-05,5.82,5.98,5.78,5.98,56422212,620473984.0
2013-08-06,5.95,6.13,5.84,6.06,77625792,858895360.0
2013-08-07,6.06,6.29,5.94,6.02,101612096,1141878144.0
2013-08-08,6.02,6.09,5.83,5.92,56697608,608268608.0
2013-08-09,6.0,6.13,5.87,6.06,67519576,730592704.0
2013-08-12,6.09,6.43,6.09,6.43,130490280,1456180736.0
2013-08-13,6.47,6.56,6.38,6.46,92538432,1049208768.0
2013-08-14,6.48,6.62,6.32,6.37,76713696,871300032.0
2013-08-15,6.37,6.61,6.29,6.3,69512688,785835584.0
2013-08-16,6.23,7.28,6.16,6.18,278498144,3197063168.0
2013-08-19,5.96,6.15,5.74,6.07,144617808,1551642624.0
2013-08-20,6.0,6.16,5.83,5.86,124461920,1341464832.0
2013-08-21,5.89,5.98,5.8,5.93,62457000,666998464.0
2013-08-22,5.89,6.01,5.83,5.85,69011336,737884928.0
2013-08-23,5.91,5.94,5.56,5.75,73041504,769341184.0
2013-08-26,5.93,6.29,5.88,6.23,141213088,1538931328.0
2013-08-27,6.17,6.38,6.15,6.3,86235584,955635520.0
2013-08-28,6.18,6.26,6.1,6.14,69640304,766287424.0
2013-08-29,6.33,6.38,6.12,6.17,72429664,802355584.0
2013-08-30,6.16,6.35,6.04,6.2,100674400,1113393664.0
2013-09-02,6.2,6.3,6.09,6.23,59831268,660853312.0
2013-09-03,6.29,6.35,6.19,6.33,88754232,988114880.0
2013-09-04,6.31,6.36,6.23,6.25,58689892,652772800.0
2013-09-05,6.26,6.33,6.2,6.22,44918736,498745344.0
2013-09-06,6.17,6.35,6.17,6.23,72629152,803818944.0
2013-09-09,6.33,7.04,6.28,6.91,264873008,3076779008.0
2013-09-10,7.01,7.95,6.98,7.95,368260352,4561573376.0
2013-09-11,8.51,8.52,7.97,8.06,423291104,5671849984.0
2013-09-12,8.26,8.65,8.04,8.4,357464544,4824712704.0
2013-09-13,8.29,8.34,7.95,8.1,217626064,2881589248.0
2013-09-16,8.16,8.16,7.57,7.78,228489312,2931728384.0
2013-09-17,7.71,7.78,7.48,7.53,139423840,1763393792.0
2013-09-18,7.48,7.75,7.31,7.73,134367216,1690392448.0
2013-09-23,7.72,7.76,7.55,7.71,103159208,1311020800.0
2013-09-24,7.67,7.68,7.15,7.26,165080432,2033974912.0
2013-09-25,7.25,7.51,7.18,7.27,97456800,1200813184.0
2013-09-26,7.28,7.29,7.04,7.06,83661032,1010341312.0
2013-09-27,7.16,7.38,7.08,7.36,94721584,1157439360.0
2013-09-30,7.38,7.44,7.23,7.29,61293668,753353216.0
2013-10-08,7.23,7.5,7.08,7.41,103506928,1273428352.0
2013-10-09,7.37,7.6,7.29,7.49,87608408,1092675200.0
2013-10-10,7.52,7.53,7.05,7.09,115404776,1406760192.0
2013-10-11,7.2,7.37,7.09,7.3,109350288,1337247872.0
2013-10-14,7.3,7.3,7.09,7.16,81506560,990600512.0
2013-10-15,7.22,7.27,7.12,7.26,80211296,976751360.0
2013-10-16,7.22,7.23,6.84,6.96,85205144,1021854720.0
2013-10-17,7.07,7.1,6.83,6.88,92034048,1094869888.0
2013-10-18,6.87,7.25,6.86,7.04,109392536,1318933632.0
2013-10-21,7.11,7.27,6.92,7.23,130049944,1572646528.0
2013-10-22,7.3,7.3,7.07,7.1,82379808,1002431744.0
2013-10-23,7.17,7.37,7.09,7.09,92936304,1133725056.0
2013-10-24,7.03,7.04,6.85,6.89,61542588,730878592.0
2013-10-25,6.89,7.0,6.65,6.73,90182912,1060449472.0
2013-10-28,6.75,6.84,6.69,6.79,52197496,610793472.0
2013-10-29,6.83,7.1,6.65,7.07,109540232,1296250368.0
2013-10-30,7.02,7.15,6.9,7.13,90468984,1082581248.0
2013-10-31,7.13,7.14,6.89,6.91,66162148,789795584.0
2013-11-01,6.94,7.09,6.88,7.03,66985572,801778240.0
2013-11-04,7.09,7.13,6.89,6.96,40806288,486716480.0
2013-11-05,6.89,6.96,6.73,6.9,54704924,643618688.0
2013-11-06,6.87,6.94,6.66,6.67,56592120,662846272.0
2013-11-07,6.68,6.76,6.56,6.6,45435712,525090528.0
2013-11-08,6.57,6.68,6.09,6.23,84963512,953648064.0
2013-11-11,6.23,6.29,6.07,6.2,49768996,547703936.0
2013-11-12,6.24,6.4,6.22,6.36,52416204,585923712.0
2013-11-13,6.24,6.29,6.0,6.0,65605468,717597248.0
2013-11-14,6.02,6.12,5.96,6.09,38508812,418346432.0
2013-11-15,6.16,6.91,6.11,6.65,161991280,1873428864.0
2013-11-18,6.93,7.66,6.8,7.66,404920416,4984694272.0
2013-11-19,7.76,7.78,7.54,7.69,258944496,3288400128.0
2013-11-20,7.81,7.87,7.54,7.76,191398208,2438066176.0
2013-11-21,7.65,7.65,7.31,7.53,198540304,2486152448.0
2013-11-22,7.64,7.85,7.5,7.63,212426800,2708012800.0
2013-11-25,7.48,7.96,7.41,7.52,163971392,2096004224.0
2013-11-26,7.49,7.76,7.43,7.49,111430016,1403133056.0
2013-11-27,7.48,7.9,7.45,7.83,201566336,2577532928.0
2013-11-28,7.8,8.03,7.73,7.77,167883600,2173811456.0
2013-11-29,7.8,7.86,7.7,7.83,86958976,1117006080.0
2013-12-02,8.22,8.64,7.96,8.4,401728096,5404420096.0
2013-12-03,8.26,8.35,8.09,8.26,133773880,1785323520.0
2013-12-04,8.26,8.5,8.2,8.24,139537120,1883749248.0
2013-12-05,8.25,8.42,8.16,8.3,103760128,1396520448.0
2013-12-06,8.22,8.26,7.87,8.0,210887344,2756363008.0
2013-12-09,8.01,8.19,7.91,7.96,89464208,1176954496.0
2013-12-10,7.96,8.13,7.96,8.03,74439840,979661504.0
2013-12-11,7.91,7.94,7.48,7.63,136415936,1732272896.0
2013-12-12,7.58,7.68,7.46,7.57,73757880,929903232.0
2013-12-13,7.43,7.71,7.4,7.66,67464464,853081344.0
2013-12-16,7.69,7.74,7.38,7.43,86579152,1084796160.0
2013-12-17,7.46,7.56,7.37,7.48,53473156,668365952.0
2013-12-18,7.43,7.63,7.42,7.56,47419080,597002880.0
2013-12-19,7.62,7.73,7.49,7.56,58507144,741545280.0
2013-12-20,7.56,7.62,7.16,7.26,100552336,1239015680.0
2013-12-23,7.3,7.44,7.16,7.29,64090928,788047424.0
2013-12-24,7.35,7.45,7.18,7.32,51112468,630710464.0
2013-12-25,7.34,7.49,7.29,7.44,68642992,851201600.0
2013-12-26,7.39,7.4,7.13,7.25,76134512,930677824.0
2013-12-27,7.23,7.44,7.2,7.4,106341232,1315903360.0
2013-12-30,7.51,7.53,7.32,7.34,89453016,1112600576.0
2013-12-31,7.3,7.74,7.25,7.69,146080704,1835939200.0
2014-01-02,7.57,7.64,7.46,7.56,67821632,852322048.0
2014-01-03,7.48,7.48,7.22,7.24,84037616,1032334592.0
2014-01-06,7.22,7.26,6.92,7.24,104866720,1259462656.0
2014-01-07,7.09,7.17,7.02,7.08,45162776,543938752.0
2014-01-08,7.14,7.26,7.01,7.11,75516400,912001984.0
2014-01-09,7.04,7.14,6.88,6.89,69423216,831226432.0
2014-01-10,6.85,6.89,6.61,6.63,75961008,882822784.0
2014-01-13,6.61,6.73,6.49,6.54,55152284,632531520.0
2014-01-14,6.55,6.73,6.49,6.68,44577872,513250304.0
2014-01-15,6.67,6.68,6.47,6.57,47018848,538306816.0
2014-01-16,6.59,6.8,6.51,6.66,62132260,720186432.0
2014-01-17,6.63,6.76,6.48,6.74,79834680,916384000.0
2014-01-20,6.65,6.75,6.57,6.62,38218496,441567392.0
2014-01-21,6.65,6.94,6.65,6.79,61670688,723617216.0
2014-01-22,6.87,7.15,6.81,7.11,96449944,1155764608.0
2014-01-23,7.09,7.12,6.89,6.96,72409096,864779136.0
2014-01-24,6.9,7.14,6.89,7.01,72182784,866175872.0
2014-01-27,6.91,6.96,6.63,6.66,95808520,1116084864.0
2014-01-28,6.74,6.81,6.62,6.69,49785112,577282624.0
2014-01-29,6.75,6.77,6.65,6.76,51152332,595515456.0
2014-01-30,6.71,6.75,6.64,6.68,41348824,479837312.0
2014-02-07,6.52,6.62,6.47,6.59,71361824,815642368.0
2014-02-10,6.63,6.92,6.63,6.89,80808264,949119040.0
2014-02-11,6.87,7.17,6.8,6.99,121999464,1458463104.0
2014-02-12,7.0,7.17,6.92,6.97,79214168,946880064.0
2014-02-13,6.96,7.09,6.83,6.93,80466904,956610944.0
2014-02-14,6.91,7.0,6.87,6.93,52042308,616708864.0
2014-02-17,7.03,7.08,6.89,6.96,78778176,936319808.0
2014-02-18,6.96,6.96,6.56,6.61,127536960,1477416448.0
2014-02-19,6.6,6.71,6.43,6.6,129753272,1483239680.0
2014-02-20,6.58,6.71,6.28,6.3,129463408,1469235712.0
2014-02-21,6.26,6.29,6.08,6.16,111203576,1224215296.0
2014-02-24,6.09,6.09,5.83,5.9,107728968,1152963200.0
2014-02-25,5.94,6.0,5.73,5.76,95987976,1018527616.0
2014-02-26,5.74,5.76,5.49,5.65,99114184,1028362176.0
2014-02-27,5.73,5.81,5.59,5.69,78898416,823706496.0
2014-02-28,5.7,6.07,5.63,6.03,127105216,1354110464.0
2014-03-03,5.94,5.96,5.79,5.87,90889672,967576512.0
2014-03-04,5.83,5.96,5.82,5.87,86390752,920644544.0
2014-03-05,5.89,5.96,5.75,5.85,69880760,743654400.0
2014-03-06,5.84,5.93,5.69,5.87,84969984,900621504.0
2014-03-07,5.81,5.96,5.74,5.76,74264512,788821504.0
2014-03-10,5.63,5.66,5.38,5.41,87251296,894258624.0
2014-03-11,5.41,5.49,5.3,5.46,74518920,752441344.0
2014-03-12,5.41,5.48,5.3,5.4,73708912,744094528.0
2014-03-13,5.44,5.68,5.43,5.56,75903664,781733760.0
2014-03-14,5.48,5.63,5.43,5.5,57283656,585793024.0
2014-03-17,5.56,5.62,5.44,5.55,45183424,462269984.0
2014-03-18,5.56,5.6,5.49,5.49,39872864,409036160.0
2014-03-19,5.47,5.49,5.35,5.4,48917760,493638080.0
2014-03-20,5.38,5.51,5.34,5.35,46601400,472723200.0
2014-03-21,5.31,5.83,5.28,5.79,123599760,1278943744.0
2014-03-24,5.83,6.12,5.76,5.96,145653904,1560062208.0
2014-03-25,5.91,6.09,5.87,5.96,96204112,1038585216.0
2014-03-26,6.09,6.13,5.83,5.84,69272072,742565440.0
2014-03-27,5.91,6.03,5.69,5.77,90094976,957780672.0
2014-03-28,5.82,5.98,5.76,5.88,81317168,868628800.0
2014-03-31,5.89,5.93,5.71,5.76,52048004,550290944.0
2014-04-01,5.78,5.95,5.75,5.92,45502064,484969856.0
2014-04-02,5.94,6.0,5.86,5.98,50383304,541176768.0
2014-04-03,6.04,6.23,5.97,5.98,95204976,1040594688.0
2014-04-04,5.93,6.11,5.91,6.09,49088496,531249280.0
2014-04-08,6.09,6.45,6.05,6.41,165124352,1843100672.0
2014-04-09,6.43,6.46,6.27,6.34,72893672,816319872.0
2014-04-10,6.35,7.31,6.27,7.29,459621504,5497220096.0
2014-04-11,7.3,7.64,7.19,7.24,423295648,5240655872.0
2014-04-14,7.16,7.3,7.02,7.17,161524928,1952076672.0
2014-04-15,7.07,7.09,6.78,6.79,172623792,2043416576.0
2014-04-16,6.75,7.02,6.74,6.84,126772536,1496462720.0
2014-04-17,6.95,7.0,6.78,6.84,108347432,1282167168.0
2014-04-18,6.76,6.98,6.69,6.92,102466552,1207549440.0
2014-04-21,6.88,6.99,6.49,6.52,118788968,1386236288.0
2014-04-22,6.47,6.61,6.28,6.6,123435672,1400617856.0
2014-04-23,6.52,6.64,6.44,6.55,82519136,942314112.0
2014-04-24,6.49,6.64,6.48,6.56,64786404,740662208.0
2014-04-25,6.58,6.64,6.34,6.36,72750080,827968576.0
2014-04-28,6.36,6.45,6.22,6.32,80889808,903050304.0
2014-04-29,6.29,6.56,6.16,6.55,90812368,1019528768.0
2014-04-30,6.54,6.56,6.41,6.51,63174116,719100928.0
2014-05-05,6.48,6.66,6.36,6.63,61917344,703265536.0
2014-05-06,6.55,6.68,6.52,6.56,55867432,640850176.0
2014-05-07,6.52,6.65,6.49,6.53,63020072,721281408.0
2014-05-08,6.5,6.83,6.4,6.57,91276152,1052842688.0
2014-05-09,6.56,6.75,6.53,6.63,79598200,917780160.0
2014-05-12,6.87,7.13,6.74,7.03,169777200,2020857344.0
2014-05-13,6.98,7.04,6.87,6.91,80394392,955871360.0
2014-05-14,6.96,7.06,6.88,6.97,78558792,935994368.0
2014-05-15,6.97,7.01,6.64,6.72,85482440,1002787776.0
2014-05-16,6.73,6.77,6.43,6.47,89942680,1029966336.0
2014-05-19,6.36,6.37,6.17,6.23,92752568,1027255552.0
2014-05-20,6.31,6.37,6.22,6.32,48814284,543666944.0
2014-05-21,6.22,6.43,6.19,6.41,57431508,641969152.0
2014-05-22,6.41,6.61,6.35,6.38,73625920,836577728.0
2014-05-23,6.38,6.55,6.36,6.54,53332672,604410368.0
2014-05-26,6.56,6.6,6.43,6.5,55865108,634499520.0
2014-05-27,6.49,6.51,6.32,6.33,54793568,618027584.0
2014-05-28,6.35,6.65,6.28,6.59,95197248,1083479296.0
2014-05-29,6.56,6.63,6.42,6.43,62073424,707492160.0
2014-05-30,6.43,6.6,6.37,6.45,60014924,681375424.0
2014-06-03,6.45,6.63,6.43,6.44,58846996,671066688.0
2014-06-04,6.44,6.44,6.32,6.4,46148104,517820416.0
2014-06-05,6.38,6.55,6.35,6.53,52145208,590286592.0
2014-06-06,6.53,6.54,6.35,6.43,59265116,669358336.0
2014-06-09,6.36,6.5,6.29,6.33,56583748,636375552.0
2014-06-10,6.38,6.63,6.32,6.61,120967384,1378379008.0
2014-06-11,6.52,6.58,6.45,6.49,65221400,743204736.0
2014-06-12,6.49,6.54,6.43,6.46,44053012,500410944.0
2014-06-13,6.45,6.68,6.43,6.57,94941624,1089887232.0
2014-06-16,6.6,6.78,6.56,6.74,107413568,1245258368.0
2014-06-17,6.69,6.74,6.6,6.64,57087344,659204864.0
2014-06-18,6.63,6.71,6.57,6.57,48889516,563963712.0
2014-06-19,6.57,6.64,6.33,6.37,64361104,730118848.0
2014-06-20,6.37,6.44,6.32,6.43,47210552,531339584.0
2014-06-23,6.43,6.48,6.37,6.39,42141736,475810432.0
2014-06-24,6.4,6.53,6.39,6.5,37448840,424244032.0
2014-06-25,6.49,6.49,6.37,6.41,31274280,352774752.0
2014-06-26,6.42,6.57,6.42,6.52,57277592,653931008.0
2014-06-27,6.52,6.56,6.44,6.54,44497736,506808320.0
2014-06-30,6.56,6.64,6.53,6.57,58354048,669372800.0
2014-07-01,6.61,6.63,6.5,6.53,43330488,494716256.0
2014-07-02,6.55,6.62,6.49,6.61,67655384,774527424.0
2014-07-03,6.58,6.7,6.56,6.64,76878400,887190976.0
2014-07-04,6.63,6.74,6.62,6.65,52320888,605725568.0
2014-07-07,6.65,6.69,6.58,6.6,38574652,444511840.0
2014-07-08,6.61,6.65,6.52,6.61,45519992,521870816.0
2014-07-09,6.64,6.67,6.52,6.52,68049168,780852992.0
2014-07-10,6.51,6.56,6.48,6.52,46161252,525972000.0
2014-07-11,6.52,6.68,6.49,6.62,44513696,511940832.0
2014-07-14,6.62,6.8,6.6,6.79,113234568,1316451584.0
2014-07-15,6.76,6.83,6.7,6.77,60171420,702864448.0
2014-07-16,6.78,6.97,6.71,6.76,67801608,796798016.0
2014-07-17,6.72,6.8,6.66,6.77,59791548,694758272.0
2014-07-18,6.73,6.96,6.69,6.91,108480400,1280489728.0
2014-07-21,6.89,6.93,6.75,6.83,63935856,750850944.0
2014-07-22,6.93,7.09,6.84,7.04,136504992,1630900992.0
2014-07-23,7.04,7.25,7.0,7.15,145040720,1757207424.0
2014-07-24,7.16,7.56,7.16,7.49,217436848,2706946304.0
2014-07-25,7.5,7.63,7.37,7.62,129955824,1629315712.0
2014-07-28,7.66,8.35,7.66,8.1,301963584,3949592576.0
2014-07-29,8.09,8.12,7.95,8.03,134162144,1760280576.0
2014-07-30,8.09,8.22,7.87,7.93,137827792,1807332352.0
2014-07-31,7.93,8.06,7.87,8.05,109493808,1429344896.0
2014-08-01,8.02,8.12,7.75,7.76,129757816,1691299840.0
2014-08-04,7.85,8.49,7.84,8.44,272407520,3638302208.0
2014-08-05,8.43,8.43,8.18,8.29,172033472,2310809088.0
2014-08-06,8.29,8.43,8.16,8.32,156757632,2104685824.0
2014-08-07,8.31,8.32,7.96,7.98,153428048,2028456576.0
2014-08-08,8.0,8.08,7.86,7.96,120960600,1581303168.0
2014-08-11,8.0,8.33,7.98,8.23,146555984,1952722816.0
2014-08-12,8.17,8.2,8.05,8.11,99764352,1321004160.0
2014-08-13,8.11,8.36,8.03,8.24,143519232,1907932800.0
2014-08-14,8.2,8.29,8.03,8.06,119655144,1592971520.0
2014-08-15,8.14,8.39,8.07,8.32,135078224,1791722496.0
2014-08-18,8.39,8.46,8.21,8.31,114359768,1522296960.0
2014-08-19,8.35,8.36,8.11,8.21,102373880,1352294912.0
2014-08-20,8.18,8.22,8.09,8.13,78312112,1027630080.0
2014-08-21,8.13,8.16,7.83,7.91,135169600,1742303360.0
2014-08-22,7.89,8.09,7.86,8.03,114040288,1473032064.0
2014-08-25,8.04,8.04,7.81,7.86,92835432,1190853120.0
2014-08-26,7.85,7.92,7.65,7.72,95539952,1212605184.0
2014-08-27,7.72,7.83,7.69,7.71,54179868,685558208.0
2014-08-28,7.72,7.86,7.69,7.73,65387624,829699968.0
2014-08-29,7.83,7.96,7.75,7.95,67803800,866985984.0
2014-09-01,7.96,7.99,7.86,7.98,73857872,950189888.0
2014-09-02,7.99,8.26,7.89,8.22,164630816,2145763712.0
2014-09-03,8.24,8.36,8.2,8.27,143075120,1898952320.0
2014-09-04,8.29,8.55,8.25,8.52,173701952,2328496128.0
2014-09-05,8.62,8.82,8.53,8.59,197970624,2714893056.0
2014-09-09,8.6,8.6,8.36,8.42,107365248,1445851008.0
2014-09-10,8.32,8.41,8.23,8.3,106595840,1418004096.0
2014-09-11,8.29,8.7,8.26,8.37,168568048,2271719680.0
2014-09-12,8.29,8.39,8.23,8.37,100023632,1330645632.0
2014-09-15,8.37,8.37,8.16,8.29,104288064,1381063808.0
2014-09-16,8.31,8.37,7.88,7.92,158851280,2084788736.0
2014-09-17,7.99,8.07,7.91,7.98,72742928,940259904.0
2014-09-18,7.95,8.21,7.87,8.03,93253904,1211354624.0
2014-09-19,8.07,8.17,8.0,8.14,71118704,929564096.0
2014-09-22,8.09,8.09,7.86,7.9,100134104,1291425536.0
2014-09-23,7.9,8.16,7.89,8.09,92479984,1201043968.0
2014-09-24,8.03,8.62,8.0,8.47,251677552,3366014720.0
2014-09-25,8.57,8.61,8.24,8.31,171914464,2313782016.0
2014-09-26,8.26,8.34,8.2,8.29,125503024,1663233024.0
2014-09-29,8.34,8.48,8.24,8.38,172803424,2308688896.0
2014-09-30,8.4,8.43,8.29,8.32,105129288,1402743040.0
2014-10-08,8.37,8.4,8.24,8.36,124474872,1657250816.0
2014-10-09,8.36,8.47,8.28,8.38,120537960,1613316096.0
2014-10-10,8.31,8.43,8.22,8.25,127750008,1697474560.0
2014-10-13,8.16,8.17,7.99,8.12,116057640,1510914304.0
2014-10-14,8.04,8.2,7.99,8.03,104318104,1361659776.0
2014-10-15,8.03,8.4,8.01,8.34,191355664,2532755712.0
2014-10-16,8.18,8.43,8.13,8.16,157252128,2089206528.0
2014-10-17,8.2,8.38,8.04,8.3,162270592,2144102144.0
2014-10-20,8.32,8.35,8.2,8.26,119012368,1578668672.0
2014-10-21,8.26,8.42,8.18,8.2,146534304,1949112960.0
2014-10-22,8.2,8.31,8.05,8.07,138940736,1823836160.0
2014-10-23,8.03,8.13,7.85,7.88,135712992,1754545792.0
2014-10-24,7.89,7.92,7.72,7.76,100612704,1283376512.0
2014-10-27,7.56,7.59,7.39,7.46,133575176,1650857216.0
2014-10-28,7.49,7.82,7.49,7.8,141613040,1774452992.0
2014-10-29,7.82,8.16,7.73,7.99,206565760,2665573376.0
2014-10-30,7.99,8.08,7.93,8.03,120304584,1558050688.0
2014-10-31,8.09,8.5,8.05,8.28,298392608,3958877440.0
2014-11-03,8.35,8.44,8.17,8.23,225709264,3003175936.0
2014-11-04,8.16,8.28,8.07,8.16,141034848,1853533952.0
2014-11-05,8.22,8.43,8.09,8.27,235275776,3125696256.0
2014-11-06,8.25,8.3,8.09,8.2,131611848,1735214848.0
2014-11-07,8.26,9.03,8.23,8.59,600904896,8220935168.0
2014-11-10,8.96,9.09,8.66,9.02,552075648,7710405120.0
2014-11-11,9.35,9.68,8.96,9.14,632214592,9191442432.0
2014-11-12,9.1,10.16,8.96,10.11,537451072,7935957504.0
2014-11-13,10.03,10.29,9.73,9.83,512400896,7850271744.0
2014-11-14,9.75,10.26,9.61,10.11,442371392,6740925440.0
2014-11-17,10.22,10.29,9.71,9.75,408278848,6226352128.0
2014-11-18,9.61,9.73,9.31,9.39,323130880,4734747136.0
2014-11-19,9.35,9.48,9.21,9.26,228333232,3312030464.0
2014-11-20,9.29,9.57,9.24,9.43,229138240,3346697984.0
2014-11-21,9.47,10.37,9.32,10.28,503165664,7623298560.0
2014-11-24,10.64,11.42,10.55,11.12,721024960,11834149888.0
2014-11-25,11.0,11.25,10.9,11.05,346274752,5711582208.0
2014-11-26,11.17,11.93,11.16,11.54,458013792,7779568128.0
2014-11-27,11.63,12.09,11.29,11.96,569435648,9794380800.0
2014-11-28,11.8,11.97,11.35,11.75,513278624,8802830336.0
2014-12-01,11.9,12.56,11.53,11.97,610774592,10789097472.0
2014-12-02,11.69,13.45,11.61,13.09,736619136,13402108928.0
2014-12-03,13.17,14.26,12.72,13.39,840389632,16266474496.0
2014-12-04,13.38,15.06,13.28,15.06,730966720,14857753600.0
2014-12-05,16.280001,16.889999,15.62,16.889999,1219100928,27823228928.0
2014-12-08,16.889999,18.91,16.57,18.91,896731200,22144612352.0
2014-12-09,19.65,21.129999,17.65,19.82,1384499712,37927034880.0
2014-12-10,19.870001,21.0,17.780001,20.450001,1273353728,33260275712.0
2014-12-11,19.35,20.450001,18.129999,18.23,842989888,22023163904.0
2014-12-12,17.610001,20.08,17.52,18.889999,859596608,21920329728.0
2014-12-15,18.620001,20.370001,18.309999,20.27,687947008,17816078336.0
2014-12-16,20.74,22.629999,20.48,22.629999,1124336256,32867995648.0
2014-12-17,24.129999,25.219999,22.9,25.219999,1229473920,39050850304.0
2014-12-18,24.85,25.690001,24.129999,24.34,1011644608,32816297984.0
2014-12-19,24.559999,25.690001,22.629999,24.76,996566976,31534624768.0
2014-12-22,23.959999,24.9,22.83,23.469999,706752256,22144231424.0
2014-12-23,23.26,24.379999,22.83,23.700001,541639360,16883884032.0
2014-12-24,24.200001,24.389999,21.02,21.26,845808640,24758624256.0
2014-12-25,21.35,22.52,20.389999,22.129999,716138304,20450156544.0
2014-12-26,22.030001,24.67,21.780001,24.67,869143360,27002587136.0
2014-12-29,26.34,26.35,24.129999,24.73,928899648,30440806400.0
2014-12-30,24.9,26.809999,23.59,25.83,858493760,28251895808.0
2014-12-31,25.559999,27.49,25.17,26.219999,702897600,23999490048.0
2015-01-05,26.219999,27.389999,25.440001,26.879999,698627200,23874097152.0
2015-01-06,26.129999,27.68,25.92,26.92,668119360,23149379584.0
2015-01-07,26.66,29.129999,26.559999,28.17,731508480,26387179520.0
2015-01-08,28.389999,28.65,26.889999,27.389999,637626880,22618464256.0
2015-01-09,27.18,28.83,26.66,27.139999,763640256,27142297600.0
2015-01-12,26.91,27.5,25.629999,25.889999,660267200,22582319104.0
2015-01-13,25.620001,25.99,24.360001,24.709999,624392128,20346445824.0
2015-01-14,24.690001,25.379999,24.440001,25.139999,483502528,15653331968.0
2015-01-15,25.01,25.950001,24.290001,25.76,734447936,23956482048.0
2015-01-16,25.950001,25.959999,24.73,25.360001,585667072,19350255616.0
2015-01-19,22.49,22.49,22.49,22.49,49677500,1471447552.0
2015-01-20,19.92,20.889999,19.92,19.950001,1310854656,35201773568.0
2015-01-21,20.299999,22.129999,20.059999,21.74,1017161600,28203003904.0
2015-01-22,21.74,21.74,21.1,21.459999,532544832,15096108032.0
2015-01-23,21.700001,23.200001,21.690001,22.139999,617294144,18244497408.0
2015-01-26,22.129999,22.129999,21.43,21.629999,383873696,11007166464.0
2015-01-27,21.639999,21.77,20.65,21.129999,436327904,12277369856.0
2015-01-28,21.129999,22.620001,21.01,21.84,604827520,17496098816.0
2015-01-29,21.17,21.59,20.92,21.24,386310944,10875839488.0
2015-01-30,21.52,21.709999,20.889999,20.959999,304218240,8558898688.0
2015-02-02,20.219999,20.709999,19.950001,20.15,321399648,8701630464.0
2015-02-03,20.51,21.559999,20.190001,21.43,455452992,12597196800.0
2015-02-04,21.629999,22.35,21.09,21.110001,527966400,15200429056.0
2015-02-05,22.1,22.129999,21.129999,21.16,554153536,15893339136.0
2015-02-06,21.049999,21.65,20.83,21.360001,349085664,9871918080.0
2015-02-09,21.129999,22.73,21.08,22.309999,578369088,16809358336.0
2015-02-10,22.23,22.719999,22.030001,22.43,416001024,12252572672.0
2015-02-11,22.559999,22.639999,22.0,22.23,270393376,7925359616.0
2015-02-12,22.23,22.23,21.629999,21.959999,250267312,7254124032.0
2015-02-13,22.17,22.559999,21.959999,22.07,336085408,9854166016.0
2015-02-16,22.040001,22.190001,21.709999,21.93,239509952,6936728064.0
2015-02-17,22.049999,22.59,21.959999,22.110001,262691232,7709917696.0
2015-02-25,22.17,22.219999,21.540001,21.73,200882992,5793630720.0
2015-02-26,21.5,22.98,21.120001,22.76,485636512,14237902848.0
2015-02-27,22.719999,22.91,22.370001,22.42,311877536,9287683072.0
2015-03-02,22.93,23.24,22.49,22.709999,387678688,11639701504.0
2015-03-03,22.49,22.49,21.6,21.629999,372102304,10786614272.0
2015-03-04,21.6,21.82,21.26,21.41,242392352,6889448960.0
2015-03-05,21.17,21.76,21.09,21.33,265526448,7510665216.0
2015-03-06,21.35,21.690001,21.15,21.18,204267728,5781353984.0
2015-03-09,20.219999,21.18,20.040001,20.790001,365696544,9949609984.0
2015-03-10,20.790001,21.16,20.370001,20.68,251294416,6921397760.0
2015-03-11,20.68,21.15,20.559999,20.629999,208904320,5787379200.0
2015-03-12,20.92,21.379999,20.57,21.26,292038144,8169473536.0
2015-03-13,21.360001,21.84,21.129999,21.290001,263797584,7507250688.0
2015-03-16,21.43,21.889999,21.049999,21.76,331064512,9445822464.0
2015-03-17,22.17,22.65,21.85,22.48,531301696,15588876288.0
2015-03-18,22.83,23.0,22.549999,22.809999,493267264,14777349120.0
2015-03-19,22.889999,22.9,22.459999,22.559999,348827424,10391902208.0
2015-03-20,22.65,25.139999,22.360001,24.870001,956665088,30097819648.0
2015-03-23,25.16,25.77,24.559999,25.709999,769193920,25133275136.0
2015-03-24,25.690001,25.700001,24.540001,24.959999,593195840,19343552512.0
2015-03-25,24.950001,25.889999,24.66,24.889999,481950560,15796196352.0
2015-03-26,24.559999,25.43,24.219999,24.58,392918208,12658643968.0
2015-03-27,24.58,25.219999,24.35,24.67,310748160,10043422720.0
2015-03-30,24.700001,25.559999,24.41,25.360001,520092736,16950887424.0
2015-03-31,25.799999,27.139999,25.17,25.280001,677022784,22901841920.0
2015-04-01,25.389999,26.360001,25.309999,26.25,516489536,17314623488.0
2015-04-02,26.610001,26.74,25.33,25.82,464873760,15584227328.0
2015-04-03,25.57,26.6,25.540001,26.49,575474496,19509446656.0
2015-04-07,27.059999,27.129999,26.33,26.85,545952832,18774609920.0
2015-04-08,26.959999,28.65,26.51,28.110001,757545280,26972907520.0
2015-04-09,28.48,30.129999,27.780001,27.84,857254016,31644827648.0
2015-04-10,27.76,28.030001,27.09,27.9,513493632,18205968384.0
2015-04-13,27.969999,28.209999,27.190001,27.5,440489696,15595270144.0
2015-04-14,27.5,27.76,26.49,27.34,498500512,17379745792.0
2015-04-15,27.25,27.440001,26.35,26.389999,340786464,11810163712.0
2015-04-16,26.030001,27.299999,25.879999,27.18,363987232,12546977792.0
2015-04-17,27.610001,28.01,26.959999,27.290001,497660768,17607997440.0
2015-04-20,27.35,27.48,25.959999,25.98,537319232,18552391680.0
2015-04-21,25.74,27.68,25.74,27.24,507141184,17615872000.0
2015-04-22,27.51,29.780001,27.200001,29.629999,808341376,29312280576.0
2015-04-23,29.66,30.09,28.49,28.77,698224512,26128664576.0
2015-04-24,28.049999,28.290001,27.0,27.52,537044096,19070402560.0
2015-04-27,27.84,28.49,27.51,27.83,416390848,14911843328.0
2015-04-28,27.83,28.48,27.389999,27.620001,461222912,16503974912.0
2015-04-29,27.43,27.92,27.26,27.68,295511168,10503117824.0
2015-04-30,27.17,27.48,26.559999,26.620001,449607456,15632139264.0
2015-05-04,26.49,26.49,25.74,26.09,276591360,9324507136.0
2015-05-05,26.16,27.129999,25.27,25.49,365345888,12422668288.0
2015-05-06,25.860001,26.620001,25.27,25.68,352449376,11819842560.0
2015-05-07,25.559999,26.17,25.469999,25.57,264109744,8825749504.0
2015-05-08,26.35,26.48,24.969999,25.709999,292004544,9706047488.0
2015-05-11,25.959999,26.299999,25.549999,26.27,353732224,11891318784.0
2015-05-12,26.290001,27.43,25.83,26.65,461378528,15869446144.0
2015-05-13,26.65,26.65,25.57,25.76,316202336,10653186048.0
2015-05-14,25.76,26.07,25.34,25.51,229449680,7630347264.0
2015-05-15,25.43,25.43,24.42,24.549999,302897888,9800427520.0
2015-05-18,24.24,24.290001,23.629999,23.68,271735200,8493783040.0
2015-05-19,23.559999,25.91,23.5,25.440001,462812192,15049428992.0
2015-05-20,25.43,25.5,24.76,24.92,346559776,11288195072.0
2015-05-21,24.9,25.17,24.559999,24.83,230364048,7422018048.0
2015-05-22,25.09,26.120001,25.09,25.540001,403064256,13394765824.0
2015-05-25,25.65,26.889999,25.65,26.51,463371232,15838125056.0
2015-05-26,26.870001,26.98,26.030001,26.639999,454193280,15529617408.0
2015-05-27,26.65,26.870001,26.200001,26.24,345882464,11818707968.0
2015-05-28,26.17,26.18,23.43,23.459999,507991808,16582667264.0
2015-05-29,23.48,24.030001,22.639999,23.15,396078368,12138193920.0
2015-06-01,23.16,25.68,22.83,25.01,441779776,13952581632.0
2015-06-02,24.870001,24.98,24.129999,24.58,306110336,9793029120.0
2015-06-03,24.559999,25.040001,24.09,24.290001,295520576,9408046080.0
2015-06-04,24.299999,25.049999,22.83,24.75,374561216,11857669120.0
2015-06-05,25.030001,25.27,24.030001,24.469999,408101024,13078433792.0
2015-06-08,24.5,26.0,24.290001,25.85,613830336,20081047552.0
2015-06-09,26.34,26.559999,25.23,25.610001,480697728,16120193024.0
2015-06-10,25.26,25.549999,24.99,25.16,294025408,9655675904.0
2015-06-11,25.15,25.16,24.42,24.629999,279684064,8979098624.0
2015-06-12,24.74,24.99,24.309999,24.559999,277522112,8904458240.0
2015-06-15,24.959999,25.16,23.75,23.83,303154880,9632653312.0
2015-06-16,23.91,24.620001,23.41,23.9,273253376,8585330176.0
2015-06-17,23.93,24.08,23.23,23.969999,234446768,7252592128.0
2015-06-18,23.700001,23.799999,22.690001,22.74,236596048,7214496768.0
2015-06-19,22.360001,23.15,21.25,21.379999,261175488,7705558016.0
2015-06-23,21.42,22.32,20.65,22.209999,274815552,7859387904.0
2015-06-24,22.389999,22.440001,21.629999,21.99,275650400,8004304384.0
2015-06-25,22.129999,22.809999,21.43,21.65,305236800,8949840896.0
2015-06-26,21.17,22.219999,19.16,19.370001,454753440,12445942784.0
2015-06-29,20.129999,20.16,17.110001,18.129999,514840448,13072967680.0
2015-06-30,18.48,20.17,17.629999,20.139999,472928320,12154295296.0
2015-07-01,19.870001,20.459999,18.52,18.82,335531296,8884330496.0
2015-07-02,19.540001,19.91,17.98,18.91,411788192,10672789504.0
2015-07-03,18.67,19.82,17.07,18.450001,385487072,9769608192.0
2015-07-06,20.629999,20.629999,18.74,19.93,576062144,15223538688.0
2015-07-07,19.35,20.190001,18.040001,19.370001,546586560,14179111936.0
2015-07-08,17.17,18.889999,17.110001,17.110001,630905472,15121081344.0
2015-07-09,17.110001,19.15,15.17,19.15,672262976,16331911168.0
2015-07-10,18.91,21.35,18.49,20.84,723997376,19867754496.0
2015-07-13,20.299999,21.57,19.790001,20.57,613186624,16871032832.0
2015-07-14,20.16,20.559999,18.74,19.030001,416601728,10987813888.0
2015-07-15,18.65,19.42,17.58,18.23,369456992,9154279424.0
2015-07-16,18.200001,18.639999,17.35,18.030001,238032960,5830866944.0
2015-07-17,18.09,19.17,17.700001,18.809999,299054816,7469277696.0
2015-07-20,18.65,18.77,17.92,18.09,276692352,6857130496.0
2015-07-21,17.870001,18.59,17.52,18.0,281629728,6887598592.0
2015-07-22,17.790001,18.110001,17.49,17.620001,192779104,4663668224.0
2015-07-23,17.629999,18.290001,17.610001,18.08,246820464,6053865984.0
2015-07-24,18.09,18.17,17.49,17.52,235272784,5720621568.0
2015-07-27,17.24,17.299999,15.44,15.44,344547008,7777371648.0
2015-07-28,15.0,16.42,14.09,16.030001,483058688,10399712256.0
2015-07-29,15.87,16.0,15.35,15.84,243514432,5283075072.0
2015-07-30,15.84,16.110001,14.68,14.89,194340384,4230993152.0
2015-07-31,14.83,15.09,14.69,14.82,189992176,3957970432.0
2015-08-03,14.39,14.84,14.22,14.52,162706160,3310017280.0
2015-08-04,14.56,15.06,14.44,15.02,169627728,3522834432.0
2015-08-05,14.99,14.99,14.37,14.39,150943488,3116122880.0
2015-08-06,14.05,14.39,13.89,14.0,135603360,2713149952.0
2015-08-07,14.23,14.7,14.09,14.37,167643952,3406717440.0
2015-08-10,14.51,16.139999,14.37,16.139999,389108800,8394579968.0
2015-08-11,15.87,16.290001,15.77,15.96,301506816,6693367296.0
2015-08-12,15.67,16.379999,15.52,15.85,268453440,5951290880.0
2015-08-13,15.74,16.16,15.21,16.01,214739376,4687605248.0
2015-08-14,16.110001,16.790001,15.9,16.49,310102944,6897320960.0
2015-08-17,16.120001,16.309999,15.77,16.1,195640400,4286567680.0
2015-08-18,16.200001,16.950001,14.51,14.65,363595264,7991213568.0
2015-08-19,14.29,14.97,13.85,14.91,243966272,4916935680.0
2015-08-20,14.64,14.79,14.11,14.16,155335136,3118493184.0
2015-08-21,13.94,14.24,12.66,12.81,235092624,4461435392.0
2015-08-24,12.11,12.27,11.23,11.23,312508768,5192192000.0
2015-08-25,10.2,11.1,9.8,9.8,501553824,7624133632.0
2015-08-26,9.8,10.44,9.23,9.48,425203456,6294308352.0
2015-08-27,10.02,10.37,9.34,10.36,401243680,5979380224.0
2015-08-28,10.33,10.86,9.92,10.77,530611680,8104006656.0
2015-08-31,10.17,10.28,9.39,10.09,569942144,8398848512.0
2015-09-01,9.68,10.3,9.33,10.19,498759904,7443513344.0
2015-09-02,9.7,10.16,9.6,9.91,362296000,5389001216.0
2015-09-07,9.9,10.41,9.77,9.82,200888128,3032953856.0
2015-09-08,9.68,10.28,9.4,10.24,215004144,3183032832.0
2015-09-09,10.32,10.71,10.19,10.62,328061664,5101934080.0
2015-09-10,10.37,10.47,10.09,10.16,192552624,2949927680.0
2015-09-11,10.17,10.37,9.96,10.04,141370912,2142975360.0
2015-09-14,10.1,10.14,8.79,9.08,262223664,3739513600.0
2015-09-15,8.94,9.32,8.66,8.74,170885888,2354542848.0
2015-09-16,8.6,9.91,8.15,9.53,333957440,4553831424.0
2015-09-17,9.17,9.57,8.99,9.01,255029040,3605442048.0
2015-09-18,9.07,9.18,8.83,8.97,150042016,2074433536.0
2015-09-21,8.72,9.17,8.53,9.11,177794352,2429756416.0
2015-09-22,9.05,9.75,9.02,9.35,271749664,3903346688.0
2015-09-23,9.11,9.2,8.81,8.84,175111856,2414937856.0
2015-09-24,8.91,9.03,8.86,8.96,106041240,1458910848.0
2015-09-25,8.9,9.02,8.51,8.55,118116448,1593240448.0
2015-09-28,8.52,8.71,8.4,8.69,76369336,1018343488.0
2015-09-29,8.47,8.89,8.3,8.58,128134608,1704096000.0
2015-09-30,8.57,9.15,8.54,8.79,174483856,2390948352.0
2015-10-08,9.72,9.76,9.33,9.38,252417664,3647069696.0
2015-10-09,9.38,9.71,9.31,9.58,204014912,2950626816.0
2015-10-12,9.64,10.6,9.48,10.33,342112896,5183017472.0
2015-10-13,10.11,10.31,10.08,10.25,165399328,2514093568.0
2015-10-14,10.2,10.75,10.15,10.25,272964288,4213010432.0
2015-10-15,10.23,10.68,10.19,10.65,246834240,3825626880.0
2015-10-16,10.78,11.16,10.49,10.8,326651072,5191987200.0
2015-10-19,10.81,11.49,10.69,11.01,336657312,5460329984.0
2015-10-20,10.91,11.01,10.55,10.91,250514096,3975343616.0
2015-10-21,10.9,10.95,9.84,9.98,300773920,4674699264.0
2015-10-22,10.02,10.37,9.86,10.33,192455904,2910366976.0
2015-10-23,10.46,10.74,10.21,10.64,209349568,3253861376.0
2015-10-26,10.88,11.28,10.66,10.77,345830048,5559018496.0
2015-10-27,10.64,10.76,10.13,10.67,191073744,2951896320.0
2015-10-28,10.57,10.63,10.19,10.24,154733504,2391913728.0
2015-10-29,10.37,10.44,10.19,10.28,124138440,1904824192.0
2015-10-30,10.33,11.14,10.14,10.78,368307808,5843530240.0
2015-11-02,10.51,10.86,10.44,10.5,200774576,3148506624.0
2015-11-03,10.64,10.83,10.49,10.7,166954608,2628258048.0
2015-11-04,10.77,12.07,10.69,12.07,521876256,8713982976.0
2015-11-05,12.37,13.58,12.16,13.19,992481600,18436327424.0
2015-11-06,13.05,14.81,12.87,14.81,864242560,16958693376.0
2015-11-09,15.24,15.75,14.55,14.71,845193280,17665970176.0
2015-11-10,14.42,15.93,14.41,14.97,674908352,14061805568.0
2015-11-11,14.72,15.53,14.41,15.12,496213056,10183623680.0
2015-11-12,15.07,15.17,14.44,14.51,373372384,7617443840.0
2015-11-13,14.2,14.91,14.12,14.6,384486976,7804344320.0
2015-11-16,14.13,14.38,13.87,14.29,292725760,5766523904.0
2015-11-17,14.51,15.5,14.44,14.55,540908864,11184204800.0
2015-11-18,14.81,16.24,14.61,15.05,707987776,14964502528.0
2015-11-19,14.81,15.4,14.36,15.31,334563008,6856697856.0
2015-11-20,15.24,15.24,14.62,14.84,257267328,5297143296.0
2015-11-23,14.84,15.33,14.36,14.46,225470992,4616712192.0
2015-11-24,14.29,14.93,14.11,14.63,198249472,3989681408.0
2015-11-25,14.19,14.64,14.11,14.45,205187056,4094024448.0
2015-11-26,14.64,14.9,14.24,14.28,204784544,4130102016.0
2015-11-27,13.6,13.75,12.55,12.55,483975040,8947270656.0
2015-11-30,12.45,12.63,11.77,12.31,273171232,4793467392.0
2015-12-01,12.31,12.72,12.11,12.44,160317328,2846524928.0
2015-12-02,12.41,13.64,12.33,13.35,291417536,5355322880.0
2015-12-03,13.24,13.63,13.04,13.28,221710880,4165653504.0
2015-12-04,13.09,13.17,12.77,12.84,150895840,2770569472.0
2015-12-07,12.64,12.73,12.42,12.55,132752496,2374961920.0
2015-12-08,12.47,12.73,12.31,12.32,115159096,2051860992.0
2015-12-09,12.27,12.68,12.22,12.45,100356608,1785399680.0
2015-12-10,12.59,13.19,12.42,12.48,169960688,3096320000.0
2015-12-11,12.29,12.82,12.11,12.51,139823600,2480638720.0
2015-12-14,12.27,13.97,12.21,13.9,320100544,5974162944.0
2015-12-15,13.65,13.74,13.09,13.26,233980352,4408501248.0
2015-12-16,13.35,13.59,13.15,13.17,145847616,2740663040.0
2015-12-17,13.39,13.77,13.2,13.56,227145600,4313997312.0
2015-12-18,13.51,13.66,13.31,13.38,140604784,2660594432.0
2015-12-21,13.33,14.58,13.27,14.05,333821120,6562452992.0
2015-12-22,14.03,14.57,13.89,14.31,264728576,5265257472.0
2015-12-23,14.37,16.040001,14.33,15.37,706637952,15021911040.0
2015-12-24,15.23,15.62,14.57,14.92,481492896,10013185024.0
2015-12-25,14.98,15.29,14.73,15.06,274811776,5682051072.0
2015-12-28,15.23,15.29,13.94,13.99,405044384,8159038976.0
2015-12-29,13.89,14.24,13.84,14.21,184380720,3617254400.0
2015-12-30,14.12,14.24,13.77,14.11,181951312,3556376320.0
2015-12-31,14.03,14.23,13.77,13.81,122805800,2407355392.0
2016-01-04,13.76,13.76,12.13,12.16,196058368,3592571392.0
2016-01-05,11.59,12.62,11.44,12.33,233329152,4072751872.0
2016-01-06,12.24,12.77,11.94,12.57,197278336,3489306112.0
2016-01-07,12.18,12.29,11.07,11.19,67903736,1145357952.0
2016-01-08,11.63,12.15,10.9,11.62,297925312,5033516544.0
2016-01-11,11.16,11.31,10.47,10.62,243462000,3924222720.0
2016-01-12,10.83,11.19,10.64,10.8,188831952,3028557824.0
2016-01-13,10.95,11.16,10.68,10.8,239172352,3840837888.0
2016-01-14,10.46,11.22,10.27,11.15,206097648,3292342272.0
2016-01-15,10.97,11.07,10.28,10.51,216224864,3402623232.0
2016-01-18,10.16,10.85,10.16,10.59,143000192,2234447104.0
2016-01-19,10.61,11.15,10.47,11.0,209017984,3340470016.0
2016-01-20,10.98,11.11,10.64,10.74,163036336,2608427520.0
2016-01-21,10.68,10.99,10.04,10.11,154504576,2424457728.0
2016-01-22,10.32,10.44,9.88,10.27,122505824,1862098176.0
2016-01-25,10.32,10.51,10.17,10.33,90966496,1396119168.0
2016-01-26,10.11,10.24,9.0,9.1,206243520,2988330240.0
2016-01-27,9.21,9.29,8.68,9.11,203238432,2821227008.0
2016-01-28,8.98,9.4,8.81,8.9,136138016,1897576320.0
2016-01-29,8.97,9.75,8.83,9.59,211749344,3031444736.0
2016-02-01,9.46,9.59,9.17,9.36,116788872,1661278464.0
2016-02-02,9.34,9.82,9.24,9.68,124180944,1807184640.0
2016-02-03,9.52,9.64,9.31,9.57,85591744,1228141824.0
2016-02-04,9.68,9.92,9.58,9.71,117784256,1728773632.0
2016-02-05,9.43,9.59,9.28,9.31,116807088,1667396608.0
2016-02-15,8.97,9.23,8.91,9.14,77399176,1074729600.0
2016-02-16,9.3,9.98,9.3,9.88,166429376,2437181696.0
2016-02-17,9.77,10.08,9.73,10.04,133990232,1993267968.0
2016-02-18,10.17,10.48,9.96,9.98,155280384,2364322304.0
2016-02-19,9.92,10.21,9.9,10.11,88633416,1332252032.0
2016-02-22,10.37,10.77,10.12,10.53,160546480,2484874496.0
2016-02-23,10.51,10.51,10.07,10.24,105273648,1606782080.0
2016-02-24,10.19,10.43,9.97,10.39,103840128,1576653696.0
2016-02-25,10.37,10.37,9.16,9.3,179321216,2627516416.0
2016-02-26,9.44,9.67,9.19,9.5,129879376,1866882432.0
2016-02-29,9.41,9.46,8.81,9.4,226167008,3159150848.0
2016-03-01,9.51,10.64,9.42,10.31,271148608,4078835456.0
2016-03-02,10.36,11.11,10.27,11.0,347433984,5491185664.0
2016-03-03,10.81,10.98,10.62,10.83,251842032,3996301056.0
2016-03-04,10.71,11.04,10.51,10.9,319406048,5072368640.0
2016-03-07,11.05,11.17,10.81,10.88,174914448,2815094272.0
2016-03-08,10.88,11.05,10.37,11.04,189208592,2990745856.0
2016-03-09,10.72,10.93,10.6,10.9,156741824,2484300544.0
2016-03-10,10.78,10.89,10.46,10.49,89282040,1408964992.0
2016-03-11,10.29,11.04,10.27,10.85,186819184,2961936128.0
2016-03-14,10.9,11.46,10.82,11.04,237134720,3867533056.0
2016-03-15,10.94,11.03,10.73,10.91,114330560,1825608576.0
2016-03-16,10.85,11.12,10.85,10.97,192579392,3106940928.0
2016-03-17,11.05,11.65,10.97,11.44,194107696,3202337536.0
2016-03-18,11.51,12.09,11.44,11.72,282238336,4799301632.0
2016-03-21,12.2,13.2,12.12,13.2,677250688,12475892736.0
2016-03-22,12.77,13.07,12.44,12.63,373403264,6774289408.0
2016-03-23,12.55,13.05,12.39,12.94,253633216,4584082944.0
2016-03-24,12.64,12.64,12.11,12.12,225180944,3998800128.0
2016-03-25,12.12,12.34,11.95,12.19,170782128,2976681728.0
2016-03-28,12.17,12.37,11.82,11.83,135195072,2348819200.0
2016-03-29,11.84,12.07,11.68,11.88,152283104,2608250880.0
2016-03-30,12.07,12.49,12.07,12.36,194669840,3433496064.0
2016-03-31,12.45,12.82,12.29,12.46,186468304,3330753280.0
2016-04-01,12.37,12.53,11.99,12.37,126204464,2222651392.0
2016-04-05,12.27,12.88,12.21,12.57,164772624,2947731712.0
2016-04-06,12.44,12.66,12.29,12.46,98046960,1747928448.0
2016-04-07,12.55,12.6,12.03,12.05,130345792,2283740160.0
2016-04-08,11.83,11.9,11.59,11.71,123975024,2106879360.0
2016-04-11,12.37,12.55,12.09,12.11,194734240,3429997568.0
2016-04-12,12.03,12.19,11.94,12.06,83635312,1446172032.0
2016-04-13,12.33,12.88,12.33,12.51,255746784,4612400640.0
2016-04-14,12.58,12.71,12.44,12.64,128232912,2298021632.0
2016-04-15,12.57,12.64,12.33,12.55,101382904,1805153024.0
2016-04-18,12.33,12.4,12.03,12.08,122018048,2127496832.0
2016-04-19,12.21,12.28,11.97,12.15,83027704,1443187968.0
2016-04-20,12.11,12.18,11.16,11.96,203411040,3450852352.0
2016-04-21,11.7,11.97,11.64,11.67,88363792,1502706176.0
2016-04-22,11.59,11.82,11.53,11.8,66381552,1123792896.0
2016-04-25,11.81,11.82,11.47,11.56,63321948,1062890048.0
2016-04-26,11.53,11.75,11.4,11.65,91368128,1532372992.0
2016-04-27,11.55,11.66,11.37,11.43,69288736,1160108032.0
2016-04-28,11.46,11.56,11.16,11.34,92792984,1531447680.0
2016-04-29,11.27,11.42,11.24,11.28,65102792,1073309696.0
2016-05-03,11.21,11.75,11.2,11.61,120820096,2023766912.0
2016-05-04,11.52,11.64,11.44,11.51,70652016,1182867840.0
2016-05-05,11.48,11.56,11.39,11.53,61429568,1025316864.0
2016-05-06,11.52,11.57,10.97,10.98,132170672,2160592128.0
2016-05-09,10.9,10.9,10.45,10.59,97144280,1523663488.0
2016-05-10,10.52,10.68,10.45,10.55,60739128,948899520.0
2016-05-11,10.6,10.65,10.47,10.52,60605784,946565248.0
2016-05-12,10.42,10.61,10.17,10.55,63850604,985512896.0
2016-05-13,10.51,10.64,10.32,10.38,47747544,740491712.0
2016-05-16,10.3,10.55,10.22,10.52,46020176,710148352.0
2016-05-17,10.53,10.68,10.34,10.52,59310880,921435904.0
2016-05-18,10.4,10.59,10.25,10.54,83603128,1294061056.0
2016-05-19,10.46,10.62,10.43,10.49,50214104,780700096.0
2016-05-20,10.4,10.65,10.33,10.63,63451984,988923264.0
2016-05-23,10.63,10.84,10.55,10.66,79343312,1250793088.0
2016-05-24,10.63,10.64,10.47,10.48,36945320,575195200.0
2016-05-25,10.59,10.74,10.5,10.51,46652388,730763904.0
2016-05-26,10.5,10.6,10.32,10.52,50216036,776271936.0
2016-05-27,10.52,10.59,10.39,10.48,37525664,582950144.0
2016-05-30,10.42,10.64,10.29,10.61,57543344,896062272.0
2016-05-31,10.62,11.62,10.62,11.58,219412592,3639685632.0
2016-06-01,11.58,11.71,11.38,11.39,116695920,1949830016.0
2016-06-02,11.39,11.51,11.26,11.42,77142112,1278390656.0
2016-06-03,11.45,11.66,11.31,11.44,115413776,1920684544.0
2016-06-06,11.46,11.51,11.26,11.3,55176172,911940864.0
2016-06-07,11.34,11.45,11.27,11.32,59436760,981719680.0
2016-06-08,11.31,11.36,11.17,11.24,54804912,899801216.0
2016-06-13,11.07,11.11,10.51,10.56,93167848,1487800320.0
2016-06-14,10.53,10.71,10.44,10.64,54221416,847627648.0
2016-06-15,10.37,11.02,10.35,10.83,83232984,1317170560.0
2016-06-16,10.72,10.77,10.51,10.58,62637696,982640960.0
2016-06-17,10.61,10.9,10.57,10.61,70680944,1115936640.0
2016-06-20,10.64,10.68,10.46,10.6,46708944,730260480.0
2016-06-21,10.68,11.33,10.68,10.76,117403864,1887742848.0
2016-06-22,10.68,11.0,10.64,10.95,67390120,1075771648.0
2016-06-23,10.97,10.97,10.66,10.86,57427188,914596736.0
2016-06-24,10.82,11.03,10.38,10.63,90076864,1422752896.0
2016-06-27,10.6,10.86,10.56,10.84,65866948,1043122688.0
2016-06-28,10.72,11.2,10.71,11.06,104852616,1684908160.0
2016-06-29,11.12,11.22,10.98,11.04,99090608,1606919808.0
2016-06-30,11.13,11.24,11.04,11.1,96978376,1579929344.0
2016-07-01,11.16,11.21,10.99,11.01,68275384,1107731712.0
2016-07-04,10.92,11.66,10.91,11.42,146034432,2412525824.0
2016-07-05,11.37,11.53,11.33,11.4,81722328,1355710720.0
2016-07-06,11.37,11.46,11.19,11.37,70746120,1166813952.0
2016-07-07,11.38,11.52,11.23,11.42,88779360,1471507200.0
2016-07-08,11.4,11.57,11.37,11.41,81204112,1350300928.0
2016-07-11,11.44,11.64,11.36,11.37,124822312,2087217664.0
2016-07-12,11.37,11.72,11.32,11.71,197156496,3300007680.0
2016-07-13,11.79,12.03,11.61,11.71,187028704,3191111680.0
2016-07-14,11.68,11.8,11.64,11.73,71748488,1215166848.0
2016-07-15,11.78,11.81,11.52,11.61,72415616,1220240896.0
2016-07-18,11.51,11.51,11.3,11.35,78474608,1299515264.0
2016-07-19,11.37,11.45,11.25,11.42,53912720,892210368.0
2016-07-20,11.42,11.48,11.37,11.38,35685184,592891968.0
2016-07-21,11.39,11.65,11.38,11.51,71882488,1203585280.0
2016-07-22,11.51,11.56,11.41,11.44,55375668,923395200.0
2016-07-25,11.43,11.52,11.32,11.39,55161232,915465472.0
2016-07-26,11.37,11.64,11.36,11.61,64153684,1073538560.0
2016-07-27,11.61,11.64,10.99,11.46,149243232,2452716800.0
2016-07-28,11.32,11.33,11.05,11.17,78588592,1284512640.0
2016-07-29,11.18,11.24,11.06,11.09,41673040,678560768.0
2016-08-01,11.12,11.14,10.9,11.03,43942660,708452480.0
2016-08-02,11.03,11.1,10.98,11.08,25375892,410501184.0
2016-08-03,11.03,11.09,10.99,11.03,30173188,487484576.0
2016-08-04,11.03,11.11,10.92,11.08,38729176,625192640.0
2016-08-05,11.06,11.24,11.0,11.11,42152928,685149632.0
2016-08-08,11.11,11.2,10.98,11.19,37794440,613977536.0
2016-08-09,11.18,11.3,11.15,11.27,40833848,668854144.0
2016-08-10,11.24,11.31,11.17,11.19,46147632,756034112.0
2016-08-11,11.19,11.57,11.17,11.36,115079400,1907810816.0
2016-08-12,11.37,11.91,11.34,11.9,219140704,3704624896.0
2016-08-15,11.93,13.26,11.84,12.64,420228096,7507200000.0
2016-08-16,12.55,12.71,12.26,12.35,250889056,4462137344.0
2016-08-17,12.37,12.58,12.16,12.3,148752624,2627196928.0
2016-08-18,12.24,12.41,12.03,12.17,133441712,2336697344.0
2016-08-19,12.2,12.23,11.99,12.15,88662896,1496806272.0
2016-08-22,12.11,12.24,11.97,12.0,75698640,1275344640.0
2016-08-23,12.01,12.16,11.94,12.04,67572576,1136819328.0
2016-08-24,12.04,12.09,11.92,11.95,55931304,936638592.0
2016-08-25,11.95,12.06,11.84,12.03,78152992,1306701056.0
2016-08-26,11.99,12.08,11.94,11.97,57474216,964774976.0
2016-08-29,11.98,11.99,11.87,11.95,46683228,779201344.0
2016-08-30,11.97,12.12,11.93,12.05,79453072,1334307968.0
2016-08-31,12.03,12.19,11.97,12.11,61277872,1033007104.0
2016-09-01,12.08,12.11,11.9,11.91,63331456,1060332032.0
2016-09-02,11.91,12.15,11.86,12.03,75749032,1270149120.0
2016-09-05,12.06,12.18,11.99,12.04,56909388,959747584.0
2016-09-06,12.01,12.1,11.84,12.06,69961416,1169401344.0
2016-09-07,12.04,12.1,11.98,12.03,56463072,949324480.0
2016-09-08,12.0,12.0,11.92,11.97,37509324,627001152.0
2016-09-09,11.96,12.08,11.94,11.96,67713040,1136955392.0
2016-09-12,11.67,11.76,11.48,11.73,136676352,2229795840.0
2016-09-13,11.68,11.71,11.5,11.62,58821932,958839424.0
2016-09-14,11.55,11.59,11.43,11.5,63591344,1030858624.0
2016-09-19,11.51,11.57,11.48,11.53,44138952,716322752.0
2016-09-20,11.53,11.54,11.42,11.51,40115564,647811072.0
2016-09-21,11.52,11.59,11.45,11.52,58814516,954393088.0
2016-09-22,11.64,11.7,11.57,11.58,58869492,961732608.0
2016-09-23,11.6,11.63,11.45,11.46,38643956,626874432.0
2016-09-26,11.45,11.45,11.24,11.26,57811284,927254912.0
2016-09-27,11.24,11.46,11.21,11.44,46556448,745644160.0
2016-09-28,11.44,11.44,11.35,11.38,29022184,466495520.0
2016-09-29,11.44,11.63,11.41,11.46,67492288,1094469632.0
2016-09-30,11.43,11.48,11.4,11.44,56822176,915742208.0
2016-10-10,11.58,11.72,11.51,11.69,71730656,1171015552.0
2016-10-11,11.69,11.84,11.64,11.78,78154008,1285859968.0
2016-10-12,11.75,11.77,11.66,11.71,33759124,554726080.0
2016-10-13,11.69,11.75,11.64,11.67,38602276,633451200.0
2016-10-14,11.68,11.75,11.6,11.73,43072620,706858944.0
2016-10-17,11.73,11.75,11.51,11.52,46675352,762930048.0
2016-10-18,11.54,11.91,11.51,11.88,92979760,1532829952.0
2016-10-19,11.85,11.93,11.74,11.78,49669644,822858944.0
2016-10-20,11.8,11.84,11.73,11.76,34082816,562645504.0
2016-10-21,11.74,12.08,11.73,11.88,83697632,1392316928.0
2016-10-24,11.89,12.44,11.85,12.17,197240752,3354235136.0
2016-10-25,12.12,12.19,11.99,12.08,78586312,1323263104.0
2016-10-26,12.05,12.2,11.99,12.04,66888640,1127504000.0
2016-10-27,12.04,12.07,11.91,11.99,48525528,811957504.0
2016-10-28,12.09,12.42,12.01,12.04,142379952,2422948608.0
2016-10-31,11.94,11.97,11.74,11.86,62432596,1037504192.0
2016-11-01,11.88,12.11,11.84,12.04,67189712,1125480960.0
2016-11-02,11.98,12.11,11.87,11.88,74414048,1246488832.0
2016-11-03,11.86,12.37,11.83,12.08,212600352,3606349312.0
2016-11-04,12.04,12.3,12.0,12.06,105783344,1787032448.0
2016-11-07,12.08,12.24,12.06,12.14,82471104,1396326912.0
2016-11-08,12.32,12.36,12.1,12.15,92653272,1573774080.0
2016-11-09,12.16,12.17,11.77,11.91,134207160,2243407360.0
2016-11-10,12.08,12.37,12.06,12.21,172419200,2933781760.0
2016-11-11,12.27,12.79,12.15,12.68,330459680,5739812352.0
2016-11-14,12.55,13.05,12.52,12.77,310864576,5506196992.0
2016-11-15,12.76,12.84,12.54,12.59,145924112,2553636608.0
2016-11-16,12.69,12.71,12.51,12.6,125038264,2182618368.0
2016-11-17,12.57,12.62,12.42,12.59,98494056,1710873216.0
2016-11-18,12.55,12.57,12.36,12.38,92393184,1598494976.0
2016-11-21,12.35,12.73,12.31,12.54,144855616,2523821824.0
2016-11-22,12.57,12.77,12.53,12.76,167808288,2943142912.0
2016-11-23,12.77,12.91,12.59,12.62,160055520,2820873472.0
2016-11-24,12.62,12.91,12.57,12.72,145054048,2554420992.0
2016-11-25,12.76,12.81,12.48,12.78,132264616,2315200512.0
2016-11-28,12.86,12.94,12.67,12.73,151620048,2677339136.0
2016-11-29,12.66,13.24,12.55,13.04,275858944,4907917824.0
2016-11-30,12.97,13.32,12.77,12.85,256835456,4615208960.0
2016-12-01,12.8,13.01,12.72,12.92,171414768,3040506112.0
2016-12-02,12.91,12.93,12.48,12.51,222370096,3895904000.0
2016-12-05,12.29,12.37,11.94,12.07,221077248,3739170048.0
2016-12-06,12.07,12.17,11.97,12.01,101963456,1716880896.0
2016-12-07,12.04,12.12,11.97,12.11,72425464,1218500992.0
2016-12-08,12.12,12.14,11.93,11.94,74622344,1253656576.0
2016-12-09,11.92,12.11,11.91,12.01,89601176,1505026816.0
2016-12-12,11.97,12.03,11.59,11.72,168649184,2777149184.0
2016-12-13,11.64,11.76,11.59,11.68,71006128,1164368640.0
2016-12-14,11.68,11.71,11.52,11.54,62095876,1013786624.0
2016-12-15,11.51,11.65,11.33,11.44,99385896,1605259904.0
2016-12-16,11.42,11.47,11.35,11.42,69577456,1119926272.0
2016-12-19,11.33,11.45,11.31,11.41,56110432,900993984.0
2016-12-20,11.41,11.43,11.24,11.37,61833528,989611456.0
2016-12-21,11.38,11.53,11.38,11.48,71190768,1149758592.0
2016-12-22,11.47,11.49,11.38,11.47,46183112,744656384.0
2016-12-23,11.46,11.46,11.27,11.32,51437360,823408448.0
2016-12-26,11.25,11.44,11.14,11.41,56505248,903573952.0
2016-12-27,11.38,11.47,11.34,11.35,28409556,456987680.0
2016-12-28,11.33,11.4,11.28,11.35,34762744,556542208.0
2016-12-29,11.32,11.37,11.25,11.26,36441536,581726848.0
2016-12-30,11.26,11.41,11.26,11.38,45173408,723683456.0
2017-01-03,11.4,11.53,11.37,11.5,62306948,1007139776.0
2017-01-04,11.49,11.57,11.44,11.52,51671772,837514112.0
2017-01-05,11.54,11.56,11.44,11.46,47862288,774027840.0
2017-01-06,11.48,11.48,11.32,11.34,51664012,829398336.0
2017-01-09,11.34,11.44,11.31,11.39,39840736,639524672.0
2017-01-10,11.36,11.51,11.35,11.43,45401864,732620864.0
2017-01-11,11.45,11.54,11.42,11.42,39877608,644507904.0
2017-01-12,11.43,11.57,11.41,11.46,55959480,906327616.0
2017-01-13,11.45,11.64,11.35,11.51,82520816,1337353984.0
2017-01-16,11.49,11.71,11.35,11.64,172090672,2795618816.0
2017-01-17,11.56,11.61,11.44,11.56,45559832,739153920.0
2017-01-18,11.51,11.71,11.49,11.57,48046708,783819456.0
2017-01-19,11.53,11.67,11.53,11.57,39838792,650136896.0
2017-01-20,11.57,11.71,11.55,11.69,63159672,1034923904.0
2017-01-23,11.68,11.84,11.68,11.71,47498744,783002816.0
2017-01-24,11.73,11.73,11.64,11.66,40238032,659456256.0
2017-01-25,11.66,11.67,11.61,11.67,32219152,527012736.0
2017-01-26,11.71,11.82,11.71,11.75,46823372,772904768.0
2017-02-03,11.81,11.81,11.64,11.65,27282298,448302080.0
2017-02-06,11.69,11.71,11.56,11.63,44795828,731107072.0
2017-02-07,11.62,11.64,11.54,11.59,31790936,517756864.0
2017-02-08,11.58,11.85,11.5,11.78,80007808,1312889856.0
2017-02-09,11.74,11.91,11.72,11.77,64766664,1071782080.0
2017-02-10,11.77,11.99,11.77,11.91,80278440,1335785728.0
2017-02-13,11.93,12.05,11.9,11.93,74956792,1255339264.0
2017-02-14,11.98,12.04,11.83,11.89,60529944,1009170368.0
2017-02-15,11.88,12.0,11.79,11.82,60140352,1001180416.0
2017-02-16,11.82,11.97,11.77,11.96,66838948,1112893696.0
2017-02-17,12.0,12.27,11.87,11.91,121073120,2043050880.0
2017-02-20,11.91,12.13,11.84,12.1,94261936,1575748480.0
2017-02-21,12.1,12.29,12.05,12.12,89535424,1519152000.0
2017-02-22,12.1,12.14,11.95,12.03,61725348,1036997632.0
2017-02-23,12.03,12.04,11.87,11.91,54082440,902652544.0
2017-02-24,11.91,11.97,11.84,11.95,51481024,857433280.0
2017-02-27,11.9,11.96,11.77,11.8,60497116,1003574912.0
2017-02-28,11.78,11.85,11.76,11.81,33324704,551095552.0
2017-03-01,11.81,11.91,11.78,11.8,40324256,668369728.0
2017-03-02,11.86,12.0,11.72,11.73,63644824,1057107328.0
2017-03-03,11.71,11.72,11.58,11.65,56690940,926687936.0
2017-03-06,11.63,11.71,11.6,11.71,38429348,630126464.0
2017-03-07,11.69,11.74,11.64,11.72,42030760,689571648.0
2017-03-08,11.71,11.71,11.62,11.65,33280628,545008640.0
2017-03-09,11.64,11.66,11.52,11.62,48945648,797450880.0
2017-03-10,11.6,11.64,11.53,11.54,24907768,405594912.0
2017-03-13,11.54,11.64,11.44,11.63,47268572,768771008.0
2017-03-14,11.63,11.69,11.6,11.65,34460568,563861312.0
2017-03-15,11.64,11.65,11.56,11.59,37111808,605252864.0
2017-03-16,11.64,11.85,11.64,11.84,96128256,1588258944.0
2017-03-17,11.84,11.89,11.59,11.6,62631440,1029942016.0
2017-03-20,11.64,11.64,11.52,11.59,47066224,766333888.0
2017-03-21,11.59,11.63,11.49,11.52,50697240,822822592.0
2017-03-22,11.46,11.51,11.36,11.39,58682800,945320192.0
2017-03-23,11.39,11.51,11.37,11.46,45538968,734449984.0
2017-03-24,11.44,11.65,11.38,11.58,74546640,1208092416.0
2017-03-27,11.56,11.67,11.53,11.56,42286652,689104960.0
2017-03-28,11.59,11.62,11.48,11.5,30903378,501754400.0
2017-03-29,11.53,11.55,11.44,11.45,36554080,590997184.0
2017-03-30,11.44,11.5,11.32,11.39,70522576,1132955264.0
2017-03-31,11.39,11.45,11.33,11.43,38650424,620769664.0
2017-04-05,11.44,11.62,11.44,11.58,57809520,938804736.0
2017-04-06,11.58,11.61,11.52,11.54,45085728,733385280.0
2017-04-07,11.55,11.61,11.48,11.57,48625808,790358592.0
2017-04-10,11.57,11.66,11.52,11.54,46388408,755752576.0
2017-04-11,11.56,11.58,11.38,11.57,55900184,903644992.0
2017-04-12,11.59,11.76,11.54,11.65,94787160,1552713856.0
2017-04-13,11.59,11.64,11.54,11.58,37720784,614649728.0
2017-04-14,11.57,11.6,11.41,11.49,59255956,958928320.0
2017-04-17,11.43,11.53,11.35,11.49,40787008,657361984.0
2017-04-18,11.44,11.51,11.35,11.36,34323928,553041280.0
2017-04-19,11.34,11.38,11.21,11.37,59929604,956459520.0
2017-04-20,11.38,11.43,11.29,11.42,38438792,616781696.0
2017-04-21,11.4,11.56,11.37,11.55,46651848,754076864.0
2017-04-24,11.51,11.63,11.37,11.59,83536192,1353693184.0
2017-04-25,11.51,11.55,11.43,11.44,36791116,595355584.0
2017-04-26,11.44,11.63,11.37,11.51,53165456,862191872.0
2017-04-27,11.5,11.55,11.42,11.53,42792544,692090048.0
2017-04-28,11.53,11.58,11.46,11.53,37879944,614555776.0
2017-05-02,11.55,11.56,11.41,11.43,32206804,520471392.0
2017-05-03,11.44,11.49,11.32,11.37,35587940,571208704.0
2017-05-04,11.34,11.47,11.34,11.38,34797444,559891840.0
2017-05-05,11.38,11.41,10.93,11.14,138984944,2188258816.0
2017-05-08,11.0,11.17,10.88,11.04,59688976,933446080.0
2017-05-09,11.04,11.08,10.97,10.98,27001616,422103968.0
2017-05-10,10.99,11.03,10.87,10.88,31289812,487129728.0
2017-05-11,10.85,10.99,10.68,10.91,57157388,880951424.0
2017-05-12,10.9,11.11,10.88,11.03,47326280,740996672.0
2017-05-15,11.04,11.31,11.04,11.17,64551980,1023995008.0
2017-05-16,11.18,11.23,11.07,11.19,35346864,558407488.0
2017-05-17,11.19,11.37,11.17,11.19,45971424,731628992.0
2017-05-18,11.14,11.21,11.05,11.05,40548960,638944832.0
2017-05-19,11.04,11.14,11.04,11.08,25183320,396274880.0
2017-05-22,11.08,11.1,10.89,10.94,34428764,536568128.0
2017-05-23,10.91,11.19,10.88,11.1,56519352,886879296.0
2017-05-24,11.06,11.17,11.01,11.15,36432544,573622336.0
2017-05-25,11.03,11.72,11.03,11.69,165936032,2691135232.0
2017-05-26,11.59,11.92,11.58,11.67,120919576,1998363136.0
2017-05-31,11.78,11.99,11.57,11.71,79927880,1320371968.0
2017-06-01,11.7,11.83,11.64,11.65,58340736,958375872.0
2017-06-02,11.66,11.81,11.62,11.66,54782136,899225792.0
2017-06-05,11.64,11.7,11.47,11.51,47757300,774995008.0
2017-06-06,11.52,11.61,11.44,11.55,33921312,550065984.0
2017-06-07,11.56,11.75,11.53,11.65,79532248,1302537728.0
2017-06-08,11.68,11.75,11.61,11.71,56454044,926703040.0
2017-06-09,11.74,11.98,11.71,11.83,116057504,1924941056.0
2017-06-12,11.77,11.97,11.59,11.71,87459400,1444360704.0
2017-06-13,11.68,11.77,11.6,11.7,41921272,688583104.0
2017-06-14,11.72,11.72,11.58,11.64,41949504,685582912.0
2017-06-15,11.65,11.8,11.61,11.73,48097040,790471616.0
2017-06-16,11.72,11.82,11.58,11.6,38715784,635844352.0
2017-06-19,11.56,11.96,11.55,11.95,109275032,1813958144.0
2017-06-20,11.94,12.0,11.84,11.92,63026964,1050731520.0
2017-06-21,12.11,12.34,11.92,12.0,113568200,1918364160.0
2017-06-22,11.95,12.36,11.91,12.11,167313184,2843630592.0
2017-06-23,12.09,12.16,11.95,12.15,92670432,1561999744.0
2017-06-26,12.15,12.56,12.11,12.43,211319536,3640807936.0
2017-06-27,12.42,12.44,12.25,12.3,92402416,1585190016.0
2017-06-28,12.27,12.44,12.21,12.28,87105024,1494472576.0
2017-06-29,12.27,12.37,12.18,12.28,66834132,1140795904.0
2017-06-30,12.22,12.3,12.04,12.22,75109184,1274740864.0
2017-07-03,12.2,12.24,12.01,12.12,68085728,1148370432.0
2017-07-04,12.11,12.11,11.92,11.97,72789648,1220244608.0
2017-07-05,11.98,12.11,11.94,12.09,59509848,1000375296.0
2017-07-06,12.11,12.14,11.9,11.97,86394888,1449162752.0
2017-07-07,11.92,12.24,11.85,12.16,89463504,1504217984.0
2017-07-10,12.14,12.4,12.12,12.21,110150632,1880022272.0
2017-07-11,12.22,12.57,12.22,12.34,177339344,3060196864.0
2017-07-12,12.38,12.55,12.3,12.4,127145568,2193330176.0
2017-07-13,12.44,12.66,12.35,12.63,161718800,2811271936.0
2017-07-14,12.61,12.65,12.46,12.53,93832088,1631204992.0
2017-07-17,12.48,12.59,12.17,12.2,152617728,2620341760.0
2017-07-18,12.16,12.21,11.89,12.04,105104552,1768229888.0
2017-07-19,12.02,12.9,11.97,12.88,272582240,4729308160.0
2017-07-20,12.81,12.92,12.6,12.73,157124320,2770626560.0
2017-07-21,12.65,12.8,12.58,12.65,93440160,1639405824.0
2017-07-24,12.63,12.8,12.6,12.64,96775656,1700540928.0
2017-07-25,12.68,12.73,12.5,12.57,84413024,1475204096.0
2017-07-26,12.59,12.7,12.51,12.64,95855784,1672209152.0
2017-07-27,12.63,12.69,12.38,12.57,113905840,1978525056.0
2017-07-28,12.54,12.55,12.42,12.44,53460968,925949888.0
2017-07-31,12.44,12.62,12.38,12.51,85992328,1492375552.0
2017-08-01,12.53,12.77,12.51,12.69,123758128,2169120768.0
2017-08-02,12.71,12.94,12.62,12.77,176661680,3124761344.0
2017-08-03,12.72,12.87,12.61,12.64,103497872,1823308288.0
2017-08-04,12.62,12.95,12.53,12.69,143101264,2531650048.0
2017-08-07,12.6,12.64,12.44,12.47,97643024,1696743040.0
2017-08-08,12.48,12.65,12.31,12.5,104649104,1812291840.0
2017-08-09,12.46,12.46,12.26,12.31,83373544,1431158656.0
2017-08-10,12.29,12.42,12.17,12.39,102498296,1755218176.0
2017-08-11,12.29,12.31,12.07,12.09,89962792,1529623808.0
2017-08-14,12.13,12.29,11.99,12.24,72137000,1221504384.0
2017-08-15,12.24,12.33,12.16,12.22,48960192,834435136.0
2017-08-16,12.2,12.32,12.11,12.27,46020656,784472192.0
2017-08-17,12.27,12.36,12.23,12.34,64464356,1102487936.0
2017-08-18,12.37,12.37,12.23,12.24,48475872,812936448.0
2017-08-21,12.24,12.35,12.18,12.34,58605864,979685248.0
2017-08-22,12.32,12.39,12.24,12.31,47477100,797566976.0
2017-08-23,12.3,12.57,12.27,12.43,65532800,1106975360.0
2017-08-24,12.41,12.44,12.19,12.2,53089224,890348672.0
2017-08-25,12.19,12.64,12.16,12.63,156474400,2661102080.0
2017-08-28,12.77,13.81,12.74,13.55,398850720,7194500608.0
2017-08-29,13.53,13.63,13.28,13.37,180704336,3269776640.0
2017-08-30,13.36,13.83,13.36,13.39,186462464,3403807744.0
2017-08-31,13.37,13.68,13.36,13.57,121964080,2217701120.0
2017-09-01,13.6,13.81,13.51,13.64,138167536,2525832448.0
2017-09-04,13.61,13.68,13.46,13.53,95641352,1740616448.0
2017-09-05,13.55,13.68,13.5,13.54,82043240,1497390080.0
2017-09-06,13.45,13.53,13.28,13.47,104811936,1888849792.0
2017-09-07,13.47,13.62,13.31,13.33,84259560,1525133184.0
2017-09-08,13.4,13.4,13.13,13.17,79652592,1420985472.0
2017-09-11,13.11,13.35,13.08,13.18,75461568,1344837888.0
2017-09-12,13.24,13.57,13.21,13.3,126827656,2284825856.0
2017-09-13,13.31,13.37,13.21,13.28,54218608,969699008.0
2017-09-14,13.29,13.55,13.27,13.35,83730760,1509768960.0
2017-09-15,13.31,13.5,13.18,13.4,78689168,1415539328.0
2017-09-18,13.44,13.76,13.44,13.71,151510240,2777460480.0
2017-09-19,13.79,13.79,13.44,13.51,99724944,1821538560.0
2017-09-20,13.51,13.6,13.44,13.48,70719720,1284702336.0
2017-09-21,13.48,13.68,13.45,13.47,81419920,1483310848.0
2017-09-22,13.44,13.57,13.21,13.5,101208488,1823231104.0
2017-09-25,13.46,13.52,13.3,13.44,86045464,1554839168.0
2017-09-26,13.38,13.47,13.34,13.37,50526436,910942976.0
2017-09-27,13.37,13.5,13.28,13.4,55060272,991814016.0
2017-09-28,13.38,13.44,13.33,13.4,36912516,665069376.0
2017-09-29,13.41,13.68,13.4,13.54,84875904,1547340800.0
2017-10-09,13.93,14.04,13.44,13.47,139476144,2556601088.0
2017-10-10,13.48,13.59,13.36,13.57,69425368,1258461952.0
2017-10-11,13.57,13.57,13.38,13.42,64537976,1168418048.0
2017-10-12,13.41,13.46,13.31,13.37,48565784,874951296.0
2017-10-13,13.38,13.46,13.31,13.37,48346676,870387456.0
2017-10-16,13.37,13.57,13.33,13.35,81183544,1467755520.0
2017-10-17,13.33,13.41,13.27,13.29,42807304,768389696.0
2017-10-18,13.31,13.44,13.18,13.42,91189496,1636897792.0
2017-10-19,13.37,13.38,13.16,13.19,64951792,1159352576.0
2017-10-20,13.16,13.29,13.1,13.18,39754064,707101248.0
2017-10-23,13.19,13.2,12.98,13.01,49803892,878600576.0
2017-10-24,13.01,13.24,12.97,13.19,57972696,1029164864.0
2017-10-25,13.2,13.3,13.14,13.24,44701892,797672128.0
2017-10-26,13.23,13.42,13.11,13.31,73564624,1316154624.0
2017-10-27,13.31,13.32,13.18,13.25,48605452,868323328.0
2017-10-30,13.2,13.23,12.66,12.91,105899872,1848029696.0
2017-10-31,12.85,12.92,12.72,12.78,51918652,900851200.0
2017-11-01,12.82,12.97,12.65,12.7,59124076,1026253632.0
2017-11-02,12.71,12.77,12.48,12.71,95675952,1642182784.0
2017-11-03,12.68,12.76,12.45,12.74,75162456,1285738880.0
2017-11-06,12.6,12.67,12.5,12.62,44416940,758853056.0
2017-11-07,12.69,13.01,12.64,12.96,106909912,1861354240.0
2017-11-08,12.96,13.83,12.92,13.47,253814224,4597996544.0
2017-11-09,13.39,13.66,13.37,13.62,134696864,2450003712.0
2017-11-10,13.65,13.79,13.44,13.71,168275904,3080507648.0
2017-11-13,13.7,13.91,13.53,13.58,118886392,2183134464.0
2017-11-14,13.61,13.65,13.36,13.5,110152048,1993072000.0
2017-11-15,13.48,13.61,13.33,13.44,108297944,1962377984.0
2017-11-16,13.41,13.53,13.17,13.22,85178368,1529086592.0
2017-11-17,13.26,13.66,13.22,13.64,230384464,4185435904.0
2017-11-20,13.51,13.57,12.85,13.14,172990480,3072531712.0
2017-11-21,13.16,14.67,13.09,14.44,428427936,8143033856.0
2017-11-22,14.45,15.07,14.37,14.84,380476608,7448476160.0
2017-11-23,14.73,15.03,14.17,14.37,272235712,5299357184.0
2017-11-24,14.43,14.56,14.0,14.25,217459536,4132604928.0
2017-11-27,14.15,14.42,14.02,14.26,178993856,3397133056.0
2017-11-28,14.08,14.18,13.81,14.12,152895392,2861570816.0
2017-11-29,14.13,14.41,13.84,14.39,160259024,3020728832.0
2017-11-30,14.24,15.03,14.18,14.41,263658352,5136995328.0
2017-12-01,14.35,14.72,14.17,14.19,158270784,3040549632.0
2017-12-04,14.07,14.3,13.96,14.19,125103480,2355696896.0
2017-12-05,14.15,14.64,14.12,14.48,230349312,4427692544.0
2017-12-06,14.41,14.53,14.2,14.47,139768608,2668344320.0
2017-12-07,14.35,14.43,13.89,13.91,128513264,2423905536.0
2017-12-08,13.85,14.03,13.72,13.82,96701952,1795102208.0
2017-12-11,13.77,14.05,13.75,14.04,98773424,1838308352.0
2017-12-12,13.96,14.04,13.59,13.63,84275368,1558832896.0
2017-12-13,13.64,13.81,13.57,13.74,71220952,1307745408.0
2017-12-14,13.73,13.77,13.43,13.5,76469312,1391582720.0
2017-12-15,13.52,13.57,13.31,13.33,77736632,1403545472.0
2017-12-18,13.33,13.57,13.31,13.4,58531400,1055855552.0
2017-12-19,13.4,13.63,13.36,13.61,79928720,1452203008.0
2017-12-20,13.6,13.6,13.25,13.26,87315688,1571652224.0
2017-12-21,13.24,13.66,13.18,13.54,113695808,2063078016.0
2017-12-22,13.51,13.66,13.49,13.54,52847664,962968576.0
2017-12-25,13.57,13.68,13.37,13.43,66201336,1204269696.0
2017-12-26,13.38,13.75,13.33,13.73,99335808,1817544320.0
2017-12-27,13.68,13.72,13.42,13.46,78546464,1431445376.0
2017-12-28,13.43,13.77,13.36,13.48,102101408,1864400896.0
2017-12-29,13.48,13.6,13.37,13.46,64352160,1165503488.0
2018-01-02,13.49,13.83,13.49,13.76,139328464,2562809856.0
2018-01-03,13.69,14.11,13.68,13.91,151966896,2831079936.0
2018-01-04,13.93,14.11,13.78,13.96,114791456,2141314560.0
2018-01-05,13.97,14.32,13.89,14.14,172884864,3271662080.0
2018-01-08,14.24,14.94,14.17,14.71,248970640,4827830272.0
2018-01-09,14.72,15.0,14.49,14.63,143919392,2805148160.0
2018-01-10,14.65,14.89,14.44,14.77,150258480,2923745536.0
2018-01-11,14.64,14.72,14.35,14.49,113379536,2185829888.0
2018-01-12,14.46,14.75,14.35,14.53,104603808,2023121408.0
2018-01-15,14.46,14.84,14.23,14.64,224135424,4355325952.0
2018-01-16,14.47,15.44,14.41,15.33,233073312,4587774464.0
2018-01-17,15.55,16.76,15.55,15.93,497887680,10510093312.0
2018-01-18,16.110001,16.540001,15.9,16.34,295669216,6301946368.0
2018-01-19,16.299999,16.719999,15.91,16.24,363017664,7792347648.0
2018-01-22,16.07,16.370001,15.93,16.16,180999744,3833395712.0
2018-01-23,16.309999,16.73,15.9,16.17,335664512,7140624384.0
2018-01-24,16.33,17.68,16.110001,17.65,507088576,11200494592.0
2018-01-25,17.290001,17.59,17.059999,17.139999,317331680,7162054144.0
2018-01-26,17.139999,17.5,17.040001,17.15,251997488,5666868736.0
2018-01-29,17.26,17.49,16.860001,16.950001,264480848,5925035520.0
2018-01-30,16.77,17.15,16.440001,16.530001,245154000,5378020352.0
2018-01-31,16.370001,16.59,15.93,16.24,247253408,5273745920.0
2018-02-01,16.33,16.469999,15.99,16.42,278675072,5949369344.0
2018-02-02,16.139999,16.530001,15.82,16.440001,201001040,4271688448.0
2018-02-05,15.99,16.73,15.95,16.67,220891968,4737104896.0
2018-02-06,16.190001,16.52,15.44,15.59,336472736,7065096704.0
2018-02-07,15.96,16.0,14.69,14.72,267963664,5437201408.0
2018-02-08,14.66,14.9,14.3,14.45,184744080,3580692992.0
2018-02-09,13.88,14.02,12.78,12.81,347827136,6192957952.0
2018-02-12,12.87,12.98,12.61,12.79,161969632,2814024960.0
2018-02-13,12.95,13.41,12.91,13.04,203541856,3613495040.0
2018-02-14,13.03,13.09,12.79,13.05,103687712,1816023808.0
2018-02-22,13.37,13.48,13.16,13.38,156016512,2802806272.0
2018-02-23,13.46,13.77,13.31,13.54,158505328,2886887424.0
2018-02-26,13.72,14.14,13.38,13.94,211992032,3906586112.0
2018-02-27,13.9,13.91,13.5,13.59,155042208,2844320000.0
2018-02-28,13.42,13.69,13.19,13.47,158572816,2865959680.0
2018-03-01,13.28,13.59,13.2,13.49,111579104,2017393536.0
2018-03-02,13.29,13.49,13.21,13.23,89989128,1616352640.0
2018-03-05,13.23,13.44,13.21,13.26,69479808,1243930240.0
2018-03-06,13.4,13.78,13.27,13.74,177203216,3232052224.0
2018-03-07,13.64,13.95,13.55,13.61,127517408,2345101824.0
2018-03-08,13.64,13.73,13.51,13.71,79784360,1461994752.0
2018-03-09,13.77,14.2,13.67,14.12,167359968,3118490112.0
2018-03-12,14.29,14.62,14.16,14.51,191370880,3664393728.0
2018-03-13,14.42,14.44,14.15,14.2,109696624,2090717824.0
2018-03-14,14.06,14.25,13.93,13.98,88577976,1665238016.0
2018-03-15,13.9,14.15,13.86,14.07,77728936,1456333952.0
2018-03-16,14.04,14.19,13.64,13.67,103997872,1940783104.0
2018-03-19,13.71,13.99,13.55,13.84,93997824,1738967808.0
2018-03-20,13.66,14.04,13.58,13.97,91687968,1694105344.0
2018-03-21,13.98,14.35,13.77,13.81,150351856,2832969216.0
2018-03-22,13.98,14.36,13.87,14.04,150910288,2844230144.0
2018-03-23,13.44,13.73,12.93,13.11,210434208,3795691008.0
2018-03-26,12.9,13.43,12.9,13.39,110587184,1967960960.0
2018-03-27,13.64,13.75,13.47,13.65,118530352,2164280832.0
2018-03-28,13.46,13.64,13.22,13.25,102763960,1853548416.0
2018-03-29,13.39,13.7,13.21,13.64,144453456,2628208128.0
2018-03-30,13.72,13.95,13.64,13.88,130267440,2407822592.0
2018-04-02,14.04,14.55,13.91,14.18,196708240,3746513920.0
2018-04-03,13.96,14.48,13.92,14.43,177734176,3382455808.0
2018-04-04,14.46,14.57,14.24,14.25,149817856,2872776448.0
2018-04-09,14.24,14.55,14.16,14.54,136411520,2615005696.0
2018-04-10,14.58,14.96,14.48,14.89,188585616,3687172864.0
2018-04-11,14.58,14.8,14.55,14.64,149305504,2907985664.0
2018-04-12,14.64,14.79,14.29,14.34,118139400,2286483712.0
2018-04-13,14.46,14.54,14.16,14.17,93045088,1777349376.0
2018-04-16,14.07,14.21,13.69,13.71,123282744,2295782912.0
2018-04-17,13.72,14.11,13.71,13.73,114517600,2128934784.0
2018-04-18,13.98,14.15,13.77,14.06,119678904,2234897152.0
2018-04-19,14.03,14.38,13.99,14.25,105982496,2010687488.0
2018-04-20,14.19,14.19,13.59,13.62,104730576,1945866496.0
2018-04-23,13.6,13.91,13.6,13.84,75621088,1396013568.0
2018-04-24,13.86,14.47,13.86,14.45,153518752,2922545152.0
2018-04-25,14.34,14.42,14.21,14.37,82393072,1572699520.0
2018-04-26,14.43,14.47,13.97,14.02,89661840,1695980288.0
2018-04-27,14.19,14.38,14.03,14.24,90460992,1714807680.0
2018-05-02,14.57,14.65,14.3,14.37,93546632,1796658944.0
2018-05-03,14.3,14.82,14.28,14.76,152933232,2968318208.0
2018-05-04,14.65,14.81,14.52,14.57,91499440,1780944256.0
2018-05-07,14.71,14.87,14.64,14.79,101806720,1995939200.0
2018-05-08,14.9,15.11,14.77,15.06,130396328,2583526912.0
2018-05-09,15.02,15.05,14.82,14.9,81770016,1615657088.0
2018-05-10,14.94,15.03,14.72,14.97,91964816,1813186816.0
2018-05-11,14.97,14.97,14.65,14.67,81637688,1601761024.0
2018-05-14,14.69,15.07,14.69,15.0,115216768,2284055552.0
2018-05-15,15.02,15.05,14.75,14.96,78460296,1547264384.0
2018-05-16,14.85,14.96,14.68,14.7,72596592,1424844032.0
2018-05-17,14.71,14.77,14.44,14.46,67520288,1309562496.0
2018-05-18,14.48,14.91,14.46,14.88,95707536,1866473216.0
2018-05-21,15.07,15.15,14.91,14.95,114283488,2273820160.0
2018-05-22,14.94,14.94,14.67,14.85,77291552,1515942528.0
2018-05-23,14.76,14.95,14.61,14.69,75081200,1472134528.0
2018-05-24,14.64,14.73,14.49,14.57,63030540,1223135488.0
2018-05-25,14.56,14.67,14.29,14.3,66568236,1283684608.0
2018-05-28,14.33,14.54,14.26,14.46,63241272,1214634368.0
2018-05-29,14.4,14.48,14.04,14.13,82183248,1561650816.0
2018-05-30,13.82,13.97,13.4,13.48,104448680,1919403904.0
2018-05-31,13.64,13.95,13.57,13.93,87212736,1607870720.0
2018-06-01,13.81,14.14,13.69,13.87,77936832,1450717568.0
2018-06-04,13.94,14.11,13.82,13.97,53959164,1011034112.0
2018-06-05,13.98,14.08,13.79,14.04,56093672,1047369408.0
2018-06-06,13.98,14.1,13.82,13.98,52477504,979898560.0
2018-06-07,14.13,14.5,14.08,14.24,125573768,2398609408.0
2018-06-08,14.24,14.3,13.71,13.89,87311568,1630315392.0
2018-06-11,13.8,14.11,13.75,13.98,53764784,1004631616.0
2018-06-12,13.98,14.12,13.79,14.09,52701000,987927040.0
2018-06-13,14.01,14.06,13.82,13.85,45610024,848855808.0
2018-06-14,13.79,14.07,13.77,13.96,47913080,894590144.0
2018-06-15,13.89,14.02,13.72,13.75,66043816,1224610944.0
2018-06-19,13.53,13.63,12.4,12.72,160451424,2819751168.0
2018-06-20,12.59,12.81,12.34,12.57,94996456,1625760384.0
2018-06-21,12.51,12.63,11.72,11.88,121461656,2031942016.0
2018-06-22,11.9,12.13,11.76,12.11,64966844,1065205760.0
2018-06-25,12.19,12.2,11.77,11.77,64091336,1054346432.0
2018-06-26,11.62,12.01,11.55,11.95,68942224,1117594112.0
2018-06-27,11.86,11.96,11.55,11.67,61145272,986422784.0
2018-06-28,11.6,12.17,11.6,11.77,86762240,1413492224.0
2018-06-29,11.79,12.18,11.77,12.13,76434344,1257862400.0
2018-07-02,12.07,12.1,11.54,11.67,88292296,1430084608.0
2018-07-03,11.75,11.98,11.57,11.91,75909752,1231320960.0
2018-07-04,11.84,11.91,11.66,11.71,50903640,820822976.0
2018-07-05,11.73,11.97,11.64,11.65,54317436,877923456.0
2018-07-06,11.71,11.97,11.36,11.78,101893960,1639146624.0
2018-07-09,11.84,12.1,11.84,12.08,73770584,1213400448.0
2018-07-10,12.1,12.2,11.97,12.09,54606296,900945280.0
2018-07-11,11.68,11.79,11.56,11.71,67253824,1079853696.0
2018-07-12,11.72,12.31,11.71,12.14,93159368,1537211520.0
2018-07-13,12.24,12.29,12.08,12.16,50217072,833821632.0
2018-07-16,12.23,12.27,12.0,12.09,47178388,779346432.0
2018-07-17,12.1,12.12,11.81,11.92,58086784,947061952.0
2018-07-18,12.0,12.08,11.77,11.8,59806880,976955136.0
2018-07-19,11.83,12.02,11.77,11.85,58190976,946803712.0
2018-07-20,11.87,12.49,11.78,12.36,148347408,2468664832.0
2018-07-23,12.26,12.66,12.19,12.63,123432352,2091091200.0
2018-07-24,12.7,13.11,12.64,12.78,150544416,2624671744.0
2018-07-25,12.8,12.84,12.65,12.74,59518096,1027488256.0
2018-07-26,12.77,12.79,12.35,12.44,89014880,1514668672.0
2018-07-27,12.37,12.54,12.32,12.37,56771852,958566400.0
2018-07-30,12.4,12.62,12.31,12.48,57397220,970418816.0
2018-07-31,12.4,12.47,12.3,12.38,53633276,903213568.0
2018-08-01,12.46,12.59,12.1,12.12,73606888,1241025664.0
2018-08-02,12.05,12.12,11.58,11.74,80558576,1306446592.0
2018-08-03,11.74,11.84,11.64,11.65,47072488,757758272.0
2018-08-06,11.7,11.85,11.46,11.56,65325432,1046751616.0
2018-08-07,11.59,11.98,11.56,11.97,76852712,1240825472.0
2018-08-08,11.91,11.93,11.62,11.66,57406040,926596032.0
2018-08-09,11.62,12.04,11.6,11.97,74608032,1216680064.0
2018-08-10,11.94,12.04,11.82,11.96,42930100,701528128.0
2018-08-13,11.79,11.91,11.63,11.82,61740716,994151808.0
2018-08-14,11.79,11.84,11.69,11.8,33296912,537424256.0
2018-08-15,11.79,11.82,11.51,11.52,58740276,939839296.0
2018-08-16,11.37,11.8,11.28,11.59,71133624,1133005056.0
2018-08-17,11.71,11.76,11.39,11.42,53196436,848570752.0
2018-08-20,11.47,11.71,11.47,11.7,50083208,799456128.0
2018-08-21,11.7,11.9,11.64,11.77,63098168,1021299136.0
2018-08-22,11.77,11.82,11.7,11.78,32525088,525298752.0
2018-08-23,11.81,11.94,11.67,11.88,64388648,1044689600.0
2018-08-24,11.88,12.2,11.77,11.98,66103652,1055689472.0
2018-08-27,12.05,12.29,11.98,12.27,87360000,1417014016.0
2018-08-28,12.26,12.33,12.11,12.17,50571860,821171904.0
2018-08-29,12.15,12.2,12.0,12.04,48489440,779809216.0
2018-08-30,12.04,12.11,11.93,11.93,34535568,553297728.0
2018-08-31,11.94,12.07,11.9,11.97,44878080,718027584.0
2018-09-03,11.94,12.08,11.91,12.06,38754876,620394624.0
2018-09-04,12.04,12.28,11.95,12.22,61972024,1002356544.0
2018-09-05,12.14,12.18,11.91,11.91,51991864,834842432.0
2018-09-06,11.91,12.01,11.84,11.86,34583452,550817344.0
2018-09-07,11.87,12.12,11.84,11.89,45848840,732317056.0
2018-09-10,11.81,11.88,11.44,11.48,62120984,967007872.0
2018-09-11,11.49,11.64,11.44,11.57,35156744,544302912.0
2018-09-12,11.48,11.71,11.48,11.57,31353568,487889504.0
2018-09-13,11.71,11.77,11.59,11.73,43052000,674413376.0
2018-09-14,11.77,11.82,11.66,11.71,32963504,517933504.0
2018-09-17,11.66,11.71,11.54,11.63,27649614,431098624.0
2018-09-18,11.57,11.93,11.57,11.9,48210172,759527936.0
2018-09-19,11.86,12.2,11.82,12.1,92381600,1487963264.0
2018-09-20,12.17,12.29,12.04,12.11,58920936,953856768.0
2018-09-21,12.09,12.58,12.04,12.57,120304256,1978097408.0
2018-09-25,12.37,12.48,12.3,12.34,56290576,926078400.0
2018-09-26,12.39,12.74,12.34,12.47,97311368,1620899456.0
2018-09-27,12.44,12.5,12.24,12.44,61886776,1019637376.0
2018-09-28,12.49,12.71,12.45,12.58,72866088,1217501312.0
2018-10-08,12.28,12.33,11.91,11.95,86698184,1401272704.0
2018-10-09,11.97,12.07,11.91,12.02,50091768,800417792.0
2018-10-10,12.02,12.13,11.97,12.11,50424304,810706368.0
2018-10-11,11.68,11.81,11.11,11.26,115449976,1777823232.0
2018-10-12,11.14,11.4,10.9,11.3,80035952,1207398400.0
2018-10-15,11.33,11.4,11.11,11.13,51223236,777140288.0
2018-10-16,11.17,11.37,10.94,11.03,49132104,739089536.0
2018-10-17,11.31,11.34,10.94,11.19,56051432,845704704.0
2018-10-18,11.16,11.29,10.97,10.97,52439388,787208768.0
2018-10-19,10.91,11.55,10.87,11.44,116588008,1775554304.0
2018-10-22,11.67,12.78,11.67,12.78,252234576,4175488768.0
2018-10-23,13.29,13.42,12.44,12.6,313625184,5385696256.0
2018-10-24,12.47,13.22,12.44,12.79,251926016,4297195008.0
2018-10-25,12.45,13.18,12.24,13.16,212896288,3578875648.0
2018-10-26,13.06,13.1,12.59,12.75,146762480,2490203648.0
2018-10-29,12.71,12.98,12.45,12.55,110977808,1861378432.0
2018-10-30,12.67,13.54,12.43,13.11,225263904,3878198272.0
2018-10-31,12.97,13.24,12.73,12.99,145244464,2488222720.0
2018-11-01,13.32,13.97,13.11,13.17,253144800,4494493184.0
2018-11-02,13.63,13.69,13.29,13.54,174236288,3093753600.0
2018-11-05,13.39,13.6,13.21,13.47,108939360,1925281536.0
2018-11-06,13.55,13.78,13.33,13.47,112584992,2001672576.0
2018-11-07,13.4,13.44,13.04,13.11,106892928,1863436672.0
2018-11-08,13.27,13.29,12.77,12.83,111553728,1916021248.0
2018-11-09,12.77,12.96,12.69,12.78,78831048,1337680384.0
2018-11-12,12.84,12.99,12.77,12.97,93386688,1594210816.0
2018-11-13,12.78,13.52,12.76,13.19,183341072,3164751616.0
2018-11-14,13.09,13.22,12.84,12.9,116275904,2000065536.0
2018-11-15,12.87,13.24,12.8,13.2,161750192,2793640448.0
2018-11-16,13.19,13.69,13.04,13.36,253362752,4471193600.0
2018-11-19,13.37,13.78,13.31,13.78,255364864,4564839936.0
2018-11-20,13.63,13.77,13.09,13.17,177740816,3136821760.0
2018-11-21,12.98,13.16,12.81,12.97,149895216,2565467904.0
2018-11-22,13.01,13.03,12.72,12.89,95334768,1620533504.0
2018-11-23,12.82,13.0,12.4,12.51,109011824,1824669568.0
2018-11-26,12.51,12.7,12.38,12.48,67235360,1116417152.0
2018-11-27,12.54,12.71,12.45,12.6,66461664,1109092864.0
2018-11-28,12.54,12.96,12.51,12.86,105395392,1784838912.0
2018-11-29,12.91,13.12,12.51,12.53,96642632,1642187904.0
2018-11-30,12.49,12.81,12.42,12.74,75019560,1252359040.0
2018-12-03,13.55,13.57,13.15,13.24,186666704,3276775936.0
2018-12-04,13.24,13.39,13.16,13.37,97245480,1703808000.0
2018-12-05,13.1,13.37,13.07,13.24,81303328,1417852672.0
2018-12-06,13.07,13.09,12.81,12.86,91860816,1568941952.0
2018-12-07,13.02,13.06,12.87,12.9,51228316,876857984.0
2018-12-10,12.7,12.83,12.56,12.65,69550488,1167336704.0
2018-12-11,12.69,12.77,12.65,12.75,35867548,603850240.0
2018-12-12,12.85,12.95,12.78,12.83,55185904,939083328.0
2018-12-13,12.85,13.13,12.74,13.01,122978784,2112096000.0
2018-12-14,12.93,12.96,12.72,12.72,65605064,1112358912.0
2018-12-17,12.66,12.87,12.64,12.84,54182692,916795008.0
2018-12-18,12.71,12.83,12.43,12.55,74808560,1250800512.0
2018-12-19,12.55,12.6,12.33,12.35,53940392,892209728.0
2018-12-20,12.34,12.55,12.16,12.42,75576416,1243444096.0
2018-12-21,12.33,12.37,11.89,12.07,88535888,1425458048.0
2018-12-24,11.98,12.07,11.88,11.99,50526488,807316736.0
2019-01-10,12.98,12.98,12.64,12.68,218684416,3703434240.0
2019-01-11,12.68,12.88,12.63,12.83,112769560,1908024320.0
2019-01-14,12.95,13.08,12.83,12.85,86110896,1471577088.0
2019-01-15,12.89,13.48,12.86,13.37,180546992,3152949504.0
2019-01-16,13.4,13.51,13.27,13.41,110444368,1945845760.0
2019-01-17,13.51,13.61,13.3,13.34,88332560,1561153024.0
2019-01-18,13.44,13.67,13.3,13.62,111055560,1973470336.0
2019-01-21,13.62,13.84,13.45,13.58,113213504,2027762944.0
2019-01-22,13.51,13.57,13.17,13.26,92181312,1620587904.0
2019-01-23,13.33,13.4,13.17,13.31,51943128,909072384.0
2019-01-24,13.37,13.79,13.31,13.63,115756968,2065794432.0
2019-01-25,13.68,13.94,13.63,13.76,113196864,2051498496.0
2019-01-28,13.97,14.09,13.57,13.72,100745696,1831738240.0
2019-01-29,13.65,13.91,13.57,13.81,76907016,1386058496.0
2019-01-30,13.7,13.85,13.64,13.67,48755000,879523072.0
2019-01-31,13.78,14.07,13.71,13.95,92507152,1686835200.0
2019-02-01,14.24,14.39,14.09,14.23,104830640,1950239360.0
2019-02-11,14.17,14.54,14.17,14.47,83710368,1568828672.0
2019-02-12,14.49,14.72,14.4,14.57,88037440,1669275008.0
2019-02-13,14.57,15.03,14.42,15.02,143106928,2754969088.0
2019-02-14,15.01,15.02,14.77,14.85,91635648,1772749056.0
2019-02-15,14.83,14.83,14.24,14.28,160790656,3038429952.0
2019-02-18,14.45,15.32,14.45,15.31,222967952,4316359168.0
2019-02-19,15.31,15.8,15.12,15.27,212070672,4233728256.0
2019-02-20,15.36,15.71,15.24,15.53,135140864,2703705088.0
2019-02-21,15.42,16.42,15.29,15.8,232675200,4752764928.0
2019-02-22,15.97,17.57,15.64,17.57,393082208,8411974656.0
2019-02-25,18.549999,19.52,18.16,19.52,491344672,11795453952.0
2019-02-26,20.17,21.01,19.15,19.370001,587395456,14778467328.0
2019-02-27,19.200001,19.809999,18.43,18.98,456792448,11044914176.0
2019-02-28,18.709999,18.860001,18.07,18.51,298491936,7010397184.0
2019-03-01,18.719999,19.51,18.24,19.34,394365856,9466440704.0
2019-03-04,19.549999,20.77,18.77,19.370001,508336352,12597824512.0
2019-03-05,19.51,19.790001,19.1,19.639999,314828000,7731748864.0
2019-03-06,19.639999,21.790001,19.459999,21.290001,556595136,14220322816.0
2019-03-07,21.01,22.309999,20.639999,21.34,621752000,16685729792.0
2019-03-08,19.809999,20.26,19.01,19.01,632806720,15713739776.0
2019-03-11,18.940001,19.360001,18.24,19.02,379152704,9024724992.0
2019-03-12,19.09,20.110001,19.09,19.530001,431035040,10666379264.0
2019-03-13,19.57,19.610001,18.82,18.870001,299907456,7254913024.0
2019-03-14,18.719999,19.16,18.17,18.389999,283347264,6681719808.0
2019-03-15,18.6,19.030001,18.440001,18.77,246457936,5863635456.0
2019-03-18,18.719999,19.540001,18.33,19.49,299429952,7210529280.0
2019-03-19,19.51,19.59,19.02,19.139999,215235520,5253751808.0
2019-03-20,19.07,19.77,19.02,19.43,258896800,6342445568.0
2019-03-21,19.51,20.190001,19.309999,19.719999,356323968,8909914112.0
2019-03-22,19.610001,19.83,19.200001,19.639999,204317552,5038974976.0
2019-03-25,19.200001,19.41,18.6,18.68,252533728,6083612672.0
2019-03-26,18.85,18.85,17.860001,17.99,257207456,5991016448.0
2019-03-27,18.17,18.309999,17.75,18.040001,187065504,4299513856.0
2019-03-28,17.85,18.27,17.59,17.92,167606096,3825926144.0
2019-03-29,18.01,19.68,18.01,19.620001,423364576,10184644608.0
2019-04-01,19.610001,20.469999,19.440001,20.049999,490451296,12300817408.0
2019-04-02,20.26,20.51,19.85,19.98,285766400,7277402624.0
2019-04-03,19.73,21.040001,19.709999,20.82,390693152,10047928320.0
2019-04-04,20.860001,20.93,20.42,20.68,275009440,7138467328.0
2019-04-08,20.9,20.969999,19.809999,20.08,290387200,7440720896.0
2019-04-09,20.049999,20.370001,19.809999,20.17,198904576,5032670720.0
2019-04-10,20.110001,20.139999,19.440001,19.77,267571184,6659172352.0
2019-04-11,19.59,19.85,19.24,19.309999,181618720,4467916800.0
2019-04-12,19.309999,19.48,18.969999,19.17,159352400,3874146048.0
2019-04-15,19.639999,19.719999,18.719999,18.77,210253040,5132742144.0
2019-04-16,18.68,19.370001,18.299999,19.370001,235530928,5632907264.0
2019-04-17,19.280001,19.469999,19.120001,19.25,137848384,3362537472.0
2019-04-18,19.25,19.5,19.129999,19.18,106350872,2595891456.0
2019-04-19,19.23,19.49,19.040001,19.370001,140886160,3436655872.0
2019-04-22,19.58,19.65,18.690001,18.76,189633280,4582843904.0
2019-04-23,18.68,19.35,18.57,18.9,162566080,3902809344.0
2019-04-24,18.889999,19.18,18.75,19.1,123236168,2965446144.0
2019-04-25,18.940001,19.27,18.49,18.51,166607216,3992360448.0
2019-04-26,18.4,18.9,18.389999,18.58,144930336,3426439680.0
2019-04-29,18.58,18.66,17.83,18.09,177259216,4104934656.0
2019-04-30,18.110001,18.32,17.99,18.110001,106674536,2460178688.0
2019-05-06,16.85,17.17,16.110001,16.110001,279589088,5942961152.0
2019-05-07,16.280001,16.309999,15.57,16.110001,213466064,4403546112.0
2019-05-08,15.55,16.110001,15.46,15.7,146280272,2971070208.0
2019-05-09,15.44,15.64,15.25,15.27,165338080,3295156736.0
2019-05-10,15.55,16.24,15.24,16.02,269613184,5516304384.0
2019-05-13,15.64,15.79,15.37,15.5,135119392,2722359552.0
2019-05-14,15.3,15.63,15.28,15.36,114487160,2288159744.0
2019-05-15,15.52,15.78,15.46,15.72,135989872,2746669568.0
2019-05-16,15.7,15.76,15.54,15.66,91370512,1847535360.0
2019-05-17,15.72,15.77,14.98,15.15,141406928,2815594240.0
2019-05-20,15.1,15.53,15.03,15.35,113526720,2248164352.0
2019-05-21,15.31,15.84,15.31,15.66,127062480,2567114752.0
2019-05-22,15.67,15.8,15.46,15.58,80803408,1630846336.0
2019-05-23,15.44,15.79,15.35,15.51,101230088,2036113024.0
2019-05-24,15.55,15.68,15.44,15.52,68129912,1369509888.0
2019-05-27,15.51,16.110001,15.39,16.01,166691072,3407092480.0
2019-05-28,15.88,16.23,15.86,15.97,122312600,2519027456.0
2019-05-29,15.82,16.16,15.81,15.94,89994672,1852473216.0
2019-05-30,15.81,15.85,15.51,15.64,95165016,1924094080.0
2019-05-31,15.6,15.77,15.57,15.57,57365500,1159997824.0
2019-06-03,15.71,16.040001,15.53,15.63,108330176,2201419008.0
2019-06-04,15.59,15.67,15.44,15.57,66340848,1333835776.0
2019-06-05,15.83,15.94,15.66,15.75,114419952,2334168576.0
2019-06-06,15.81,15.93,15.48,15.52,89586736,1817779840.0
2019-06-10,15.63,15.72,15.21,15.53,105596616,2112416384.0
2019-06-11,15.53,16.469999,15.5,16.41,221743968,4597039104.0
2019-06-12,16.23,16.379999,16.049999,16.17,125361624,2614049792.0
2019-06-13,16.110001,16.51,16.08,16.34,129128672,2709978368.0
2019-06-14,16.370001,16.530001,16.02,16.040001,96582528,2016854656.0
2019-06-17,16.040001,16.24,16.0,16.1,65291228,1354518400.0
2019-06-18,16.139999,16.280001,15.98,16.200001,59873300,1245165824.0
2019-06-19,17.639999,17.9,16.77,16.809999,256773072,5646249984.0
2019-06-20,16.84,18.59,16.799999,18.110001,359422880,8162288128.0
2019-06-21,18.209999,18.969999,18.120001,18.65,317861504,7503320576.0
2019-06-24,18.9,19.030001,18.530001,18.59,195547984,4647988736.0
2019-06-25,18.59,18.73,17.92,18.49,224802320,5240050176.0
2019-06-26,18.290001,18.530001,18.09,18.32,121717536,2838217216.0
2019-06-27,18.51,19.17,18.469999,18.870001,219358864,5251717120.0
2019-06-28,18.809999,18.969999,18.59,18.77,128237752,3052242176.0
2019-07-01,19.51,19.620001,19.110001,19.27,251010608,6146951168.0
2019-07-02,19.16,19.18,19.0,19.07,118546024,2867623680.0
2019-07-03,19.01,19.030001,18.280001,18.440001,168063456,3958484736.0
2019-07-04,18.52,18.870001,18.42,18.59,103266272,2439987968.0
2019-07-05,18.610001,18.719999,18.33,18.540001,82733952,1947899008.0
2019-07-08,18.49,18.639999,17.98,18.219999,128945416,3000007936.0
2019-07-09,18.370001,18.450001,18.0,18.27,95724168,2220341760.0
2019-07-10,18.370001,18.42,18.110001,18.24,78653208,1825237632.0
2019-07-11,18.42,18.629999,18.059999,18.23,123752032,2885829376.0
2019-07-12,18.190001,18.43,17.98,18.389999,96670544,2250020352.0
2019-07-15,18.16,18.99,18.01,18.67,150242304,3538354432.0
2019-07-16,18.6,18.73,18.440001,18.440001,78011704,1837695104.0
2019-07-17,18.299999,18.42,18.08,18.15,120650336,2800564736.0
2019-07-18,17.98,18.030001,17.82,17.83,86781600,1980426496.0
2019-07-19,17.93,18.370001,17.92,18.23,108063712,2499956992.0
2019-07-22,18.32,18.370001,17.879999,17.9,92306456,2121518720.0
2019-07-23,17.92,18.120001,17.860001,17.959999,50154936,1147807104.0
2019-07-24,18.08,18.440001,18.08,18.299999,108612256,2529016576.0
2019-07-25,18.32,18.41,18.209999,18.41,64383228,1499048320.0
2019-07-26,18.309999,18.41,18.24,18.41,53630340,1249082240.0
2019-07-29,18.360001,18.370001,18.120001,18.219999,62672104,1451691776.0
2019-07-30,18.24,18.629999,18.209999,18.43,100197320,2350145024.0
2019-07-31,18.360001,18.41,18.18,18.27,63368300,1470984064.0
2019-08-01,18.15,18.24,17.91,18.0,80971056,1857721600.0
2019-08-02,17.42,17.48,17.23,17.25,111482672,2429534208.0
2019-08-05,17.049999,17.049999,16.57,16.58,140569024,2974561536.0
2019-08-06,16.110001,16.709999,15.91,16.51,164123424,3366485504.0
2019-08-07,16.559999,16.610001,16.18,16.200001,99202288,2052798208.0
2019-08-08,16.77,16.84,16.450001,16.559999,130157272,2732868608.0
2019-08-09,16.719999,16.799999,16.4,16.450001,85086632,1783744256.0
2019-08-12,16.77,16.940001,16.709999,16.93,107820936,2288657408.0
2019-08-13,16.719999,16.780001,16.639999,16.700001,50634896,1067441856.0
2019-08-14,17.030001,17.139999,16.77,16.77,79542424,1702026496.0
2019-08-15,16.200001,16.9,16.16,16.809999,71968872,1505909760.0
2019-08-16,16.74,17.200001,16.74,16.92,94765568,2031079552.0
2019-08-19,17.4,18.52,17.219999,18.49,247363808,5555474432.0
2019-08-20,18.370001,18.49,18.120001,18.17,131382320,3007939840.0
2019-08-21,18.110001,18.26,18.0,18.059999,77130208,1750861952.0
2019-08-22,18.139999,18.23,17.940001,18.120001,65120304,1475841408.0
2019-08-23,18.17,18.299999,17.99,18.059999,88249120,2006969088.0
2019-08-26,17.629999,17.889999,17.559999,17.700001,99365184,2211292672.0
2019-08-27,17.860001,18.41,17.809999,18.17,135503072,3082742016.0
2019-08-28,18.040001,18.16,17.85,17.870001,72306016,1628838912.0
2019-08-29,17.9,17.950001,17.690001,17.719999,63630620,1420785664.0
2019-08-30,17.98,18.190001,17.59,17.780001,84139680,1891217024.0
2019-09-02,17.790001,18.34,17.73,18.17,121144408,2751412992.0
2019-09-03,18.18,18.440001,18.110001,18.24,95727008,2189450496.0
2019-09-04,18.200001,18.76,18.139999,18.66,160964752,3733029120.0
2019-09-05,19.16,19.9,19.07,19.1,309144992,7502351360.0
2019-09-06,19.51,19.58,19.139999,19.370001,155602112,3755546624.0
2019-09-09,19.719999,19.98,19.5,19.52,178036496,4366186496.0
2019-09-10,19.59,19.629999,19.02,19.42,167599232,4033702400.0
2019-09-11,19.66,19.940001,19.42,19.58,201602208,4936660992.0
2019-09-12,19.68,19.950001,19.440001,19.860001,151228928,3709488640.0
2019-09-16,19.969999,20.030001,19.32,19.49,126002824,3078488832.0
2019-09-17,19.370001,19.370001,18.77,18.84,166626464,3953656320.0
2019-09-18,18.870001,18.959999,18.709999,18.75,78403904,1843461888.0
2019-09-19,18.870001,18.92,18.709999,18.889999,77903104,1830356864.0
2019-09-20,18.91,18.91,18.450001,18.67,114404384,2668476416.0
2019-09-23,18.559999,18.57,18.17,18.35,115083184,2638911232.0
2019-09-24,18.48,18.67,18.299999,18.34,101600776,2347692288.0
2019-09-25,18.190001,18.450001,18.15,18.25,66462280,1520551168.0
2019-09-26,18.309999,18.440001,18.049999,18.129999,90037752,2058136320.0
2019-09-27,18.110001,18.42,18.110001,18.42,65597400,1502332800.0
2019-09-30,18.42,18.42,17.92,17.92,71860800,1635540864.0
2019-10-08,17.92,18.01,17.620001,17.790001,78186976,1746832000.0
2019-10-09,17.57,17.74,17.42,17.709999,75038072,1656886912.0
2019-10-10,17.700001,17.91,17.639999,17.84,64531504,1441449344.0
2019-10-11,17.940001,18.42,17.719999,18.32,117496728,2671942144.0
2019-10-14,18.610001,18.77,18.440001,18.450001,144209680,3352969984.0
2019-10-15,18.43,18.43,18.110001,18.110001,74583392,1700398720.0
2019-10-16,18.17,18.360001,17.969999,17.99,63023084,1433875968.0
2019-10-17,17.969999,18.09,17.9,17.959999,41030344,924724544.0
2019-10-18,18.059999,18.09,17.51,17.51,78360184,1744469632.0
2019-10-21,17.469999,17.469999,17.09,17.370001,73638592,1600814976.0
2019-10-22,17.450001,17.610001,17.360001,17.59,46191504,1015489728.0
2019-10-23,17.52,17.66,17.200001,17.32,61421036,1343641344.0
2019-10-24,17.370001,17.549999,17.23,17.370001,55338440,1207721856.0
2019-10-25,17.370001,17.620001,17.209999,17.559999,65778088,1441298048.0
2019-10-28,17.559999,17.860001,17.469999,17.809999,75080232,1667772032.0
2019-10-29,17.809999,17.82,17.389999,17.389999,69272248,1527818880.0
2019-10-31,17.459999,17.549999,17.08,17.24,74334208,1617433216.0
2019-11-01,17.209999,17.75,17.110001,17.66,79709464,1752280320.0
2019-11-04,17.67,17.83,17.58,17.73,74915024,1665913984.0
2019-11-05,17.77,18.27,17.719999,18.040001,142297360,3216870144.0
2019-11-06,18.040001,18.09,17.809999,17.879999,64745092,1455877376.0
2019-11-07,17.91,18.24,17.84,18.120001,84684000,1918046848.0
2019-11-08,18.34,18.459999,17.790001,17.870001,97971832,2222444288.0
2019-11-11,17.76,17.77,17.48,17.51,73069280,1614625792.0
2019-11-12,17.469999,17.57,17.299999,17.530001,59191672,1298066176.0
2019-11-13,17.42,17.530001,17.309999,17.370001,48186592,1054579264.0
2019-11-14,17.370001,17.559999,17.33,17.42,43655340,956819520.0
2019-11-15,17.459999,17.57,17.24,17.25,56753940,1238999552.0
2019-11-18,17.24,17.52,17.17,17.41,50890412,1113552512.0
2019-11-19,17.41,17.639999,17.309999,17.639999,65422388,1437310208.0
2019-11-20,17.59,17.639999,17.23,17.26,70466976,1542070912.0
2019-11-21,17.09,17.33,17.08,17.190001,49185424,1064330048.0
2019-11-22,17.23,17.34,17.0,17.059999,65110056,1405852160.0
2019-11-25,17.139999,17.209999,16.99,17.17,46912448,1011017088.0
2019-11-26,17.219999,17.26,17.07,17.09,44990504,970291136.0
2019-11-27,17.049999,17.09,16.84,17.01,47567156,1017629952.0
2019-11-28,16.98,17.120001,16.98,17.08,32064564,688046912.0
2019-11-29,17.040001,17.200001,16.959999,16.99,49331028,1059598208.0
2019-12-02,17.42,17.49,17.200001,17.23,86554840,1887317632.0
2019-12-03,17.08,17.41,17.049999,17.370001,62064836,1347986048.0
2019-12-04,17.209999,17.35,17.18,17.309999,44527416,966956672.0
2019-12-05,17.370001,17.790001,17.370001,17.77,130152048,2879095296.0
2019-12-06,17.77,17.91,17.65,17.84,105905904,2362884352.0
2019-12-09,17.85,17.879999,17.66,17.719999,69628144,1552295040.0
2019-12-10,17.700001,17.76,17.549999,17.690001,54480416,1207426304.0
2019-12-11,17.75,17.9,17.639999,17.709999,68865800,1534515456.0
2019-12-12,17.77,17.780001,17.6,17.68,54990236,1221227904.0
2019-12-13,18.030001,18.530001,17.959999,18.370001,255689760,5841581056.0
2019-12-16,18.459999,18.799999,18.23,18.65,180346080,4183019776.0
2019-12-17,18.65,19.719999,18.58,19.129999,274182944,6557255680.0
2019-12-18,19.110001,19.49,19.030001,19.07,171599200,4117883648.0
2019-12-19,19.110001,19.139999,18.84,19.030001,106176480,2517792256.0
2019-12-20,19.08,19.33,18.879999,18.879999,138811776,3313876736.0
2019-12-23,18.889999,19.040001,18.42,18.42,141574144,3314418432.0
2019-12-24,18.379999,18.540001,18.33,18.530001,81492376,1880364416.0
2019-12-25,18.5,18.68,18.379999,18.49,77406960,1792232576.0
2019-12-26,18.59,19.040001,18.52,19.030001,118201488,2765566208.0
2019-12-27,18.98,19.309999,18.65,18.66,170276160,4044176384.0
2019-12-30,18.639999,20.690001,18.59,20.690001,615202112,15383114752.0
2019-12-31,20.629999,20.74,20.110001,20.370001,336972992,8558280192.0
2020-01-02,20.76,20.889999,20.34,20.540001,357736576,9157399552.0
2020-01-03,20.41,20.66,20.200001,20.440001,183799216,4662046720.0
2020-01-06,20.17,20.85,20.110001,20.389999,230403488,5854929408.0
2020-01-07,20.459999,20.77,20.200001,20.719999,200305440,5097647104.0
2020-01-08,20.49,20.530001,19.98,20.059999,206612080,5204057600.0
2020-01-09,20.4,20.6,20.299999,20.5,163560304,4151017984.0
2020-01-10,20.950001,21.059999,20.299999,20.59,196946160,5049382912.0
2020-01-13,20.51,20.969999,20.139999,20.959999,189510320,4832118272.0
2020-01-14,20.969999,21.110001,20.559999,20.6,175924080,4551674880.0
2020-01-15,20.459999,20.629999,20.290001,20.389999,114079184,2890492928.0
2020-01-16,20.43,20.43,20.17,20.209999,103835568,2617122560.0
2020-01-17,20.35,20.77,20.309999,20.43,129734240,3300089600.0
2020-01-20,20.41,20.790001,20.290001,20.77,140818256,3600438272.0
2020-01-21,20.52,20.68,20.209999,20.26,169180896,4287213312.0
2020-01-22,20.1,20.49,19.610001,20.290001,203627136,5070795776.0
2020-01-23,19.84,19.99,18.91,19.16,245248384,5960882176.0
2020-02-03,17.08,17.08,17.08,17.08,75337000,1620498816.0
2020-02-04,16.459999,17.450001,16.440001,17.27,348557184,7477240320.0
2020-02-05,17.299999,18.1,17.09,17.57,242765072,5359496704.0
2020-02-06,17.59,18.190001,17.35,18.049999,247840160,5544992256.0
2020-02-07,17.92,18.049999,17.68,17.969999,183639632,4119235840.0
2020-02-10,17.68,18.219999,17.68,18.09,158040352,3568549376.0
2020-02-11,18.23,18.49,18.059999,18.110001,176340880,4024902912.0
2020-02-12,17.950001,18.440001,17.940001,18.290001,170173744,3880469504.0
2020-02-13,18.219999,18.379999,17.940001,17.98,149305584,3388496640.0
2020-02-14,17.940001,18.59,17.91,18.360001,202758992,4649873408.0
2020-02-17,19.030001,19.5,18.719999,19.4,320986592,7637322752.0
2020-02-18,19.4,19.459999,19.0,19.23,191603504,4594404352.0
2020-02-19,19.120001,19.639999,19.1,19.24,208340624,5045241856.0
2020-02-20,19.309999,20.58,19.309999,20.48,389859616,9687303168.0
2020-02-21,20.370001,20.969999,20.110001,20.27,353526880,8966404096.0
2020-02-24,20.110001,20.4,19.940001,20.15,244212624,6120537600.0
2020-02-25,19.690001,20.33,19.27,20.299999,328099776,8103705088.0
2020-02-26,19.85,20.540001,19.709999,19.860001,288155648,7210136576.0
2020-02-27,19.969999,20.370001,19.83,19.91,206395200,5149811712.0
2020-02-28,19.24,19.43,18.620001,18.719999,291435712,6928624640.0
2020-03-02,19.07,19.93,18.91,19.66,254374720,6171344896.0
2020-03-03,20.110001,20.51,19.620001,19.879999,259314416,6463973888.0
2020-03-04,19.82,20.440001,19.639999,20.4,276075040,6888921600.0
2020-03-05,20.639999,21.27,20.17,20.969999,445436096,11474857984.0
2020-03-06,20.709999,20.860001,20.200001,20.209999,263040080,6677400576.0
2020-03-09,19.5,19.91,19.33,19.51,273463872,6680581120.0
2020-03-10,19.559999,20.280001,19.379999,20.17,264456896,6541104128.0
2020-03-11,20.1,20.110001,19.51,19.540001,179069040,4421697024.0
2020-03-12,19.24,19.540001,19.120001,19.23,169641904,4077325312.0
2020-03-13,18.219999,19.4,18.08,19.190001,227357808,5324452352.0
2020-03-16,19.15,19.16,18.07,18.09,205791360,4797882368.0
2020-03-17,18.389999,18.620001,17.709999,18.309999,172748144,3951195136.0
2020-03-18,18.4,18.549999,17.68,17.709999,152189440,3470413312.0
2020-03-19,17.77,18.049999,16.99,17.82,200787648,4433633280.0
2020-03-20,17.98,18.120001,17.68,18.08,121320912,2731567104.0
2020-03-23,17.33,17.809999,17.290001,17.41,110508208,2430578688.0
2020-03-24,17.82,17.889999,17.42,17.77,118821872,2641221632.0
2020-03-25,18.209999,18.309999,18.059999,18.17,129351200,2948428032.0
2020-03-26,17.940001,18.17,17.91,17.92,69784944,1576598784.0
2020-03-27,18.129999,18.370001,17.959999,18.0,90574720,2058061952.0
2020-03-30,17.77,17.83,17.549999,17.74,80411552,1784456064.0
2020-03-31,17.959999,18.01,17.639999,17.639999,63833152,1425249152.0
2020-04-01,17.58,17.9,17.549999,17.59,66673272,1483010944.0
2020-04-02,17.52,17.879999,17.51,17.879999,77517168,1720306176.0
2020-04-03,17.74,17.84,17.57,17.620001,58183728,1291311232.0
2020-04-07,17.98,18.07,17.85,18.01,124118416,2797518592.0
2020-04-08,17.9,18.040001,17.85,17.98,75761992,1704870016.0
2020-04-09,18.18,18.360001,18.07,18.07,114692952,2615070208.0
2020-04-10,18.139999,18.26,17.9,17.93,85850240,1942599936.0
2020-04-13,17.85,17.92,17.68,17.74,58492820,1305441536.0
2020-04-14,17.84,19.08,17.76,18.559999,195685456,4510931968.0
2020-04-15,18.290001,18.85,18.23,18.389999,151885568,3517827328.0
2020-04-16,18.280001,19.24,18.24,18.959999,227896224,5385383936.0
2020-04-17,18.969999,19.09,18.67,18.709999,150420016,3546707200.0
2020-04-20,18.790001,18.84,18.610001,18.799999,80357616,1881766144.0
2020-04-21,18.66,18.68,18.34,18.52,90794240,2099822720.0
2020-04-22,18.370001,18.58,18.290001,18.540001,58212016,1344829440.0
2020-04-23,18.530001,18.58,18.309999,18.309999,62366616,1438234880.0
2020-04-24,18.26,18.41,17.98,18.110001,72336648,1647881600.0
2020-04-27,18.16,18.42,18.120001,18.23,61523668,1409982080.0
2020-04-28,18.43,18.77,18.17,18.629999,134371008,3117771776.0
2020-04-29,18.43,18.809999,18.4,18.709999,79991656,1865959040.0
2020-04-30,18.9,19.139999,18.83,18.98,133957088,3177410304.0
2020-05-06,18.530001,18.969999,18.469999,18.91,111848680,2612450816.0
2020-05-07,18.91,19.030001,18.719999,18.73,84629576,1993833216.0
2020-05-08,18.940001,19.27,18.76,19.09,152774912,3637115136.0
2020-05-11,19.120001,19.23,18.799999,18.870001,95830592,2271423488.0
2020-05-12,18.99,19.049999,18.77,18.92,65097048,1538307328.0
2020-05-13,18.83,19.09,18.790001,19.02,64034464,1513294336.0
2020-05-14,18.9,18.93,18.74,18.76,65437056,1538767104.0
2020-05-15,18.860001,18.9,18.719999,18.76,54857556,1287375360.0
2020-05-18,18.719999,18.75,18.42,18.440001,88919552,2063763072.0
2020-05-19,18.65,18.709999,18.51,18.559999,56510200,1313883776.0
2020-05-20,18.51,18.6,18.379999,18.450001,66661996,1541298560.0
2020-05-21,18.5,18.620001,18.370001,18.389999,54837312,1268712448.0
2020-05-22,18.4,18.4,17.77,17.77,98193976,2219689984.0
2020-05-25,17.77,17.860001,17.57,17.690001,58997236,1310653568.0
2020-05-26,17.799999,17.92,17.77,17.91,54687328,1224514688.0
2020-05-27,17.93,17.93,17.690001,17.76,45559744,1016818432.0
2020-05-28,17.77,18.16,17.700001,17.92,69951464,1572007168.0
2020-05-29,17.780001,17.879999,17.719999,17.74,46558296,1038654848.0
2020-06-01,18.209999,18.66,18.049999,18.5,161856080,3720139264.0
2020-06-02,18.42,18.52,18.290001,18.389999,82847800,1907351296.0
2020-06-03,18.5,18.65,18.25,18.290001,80751104,1865844992.0
2020-06-04,18.440001,18.440001,18.129999,18.17,59279960,1354317184.0
2020-06-05,18.190001,18.280001,18.02,18.24,74821640,1700335104.0
2020-06-08,18.360001,18.5,18.24,18.35,83977832,1932327552.0
2020-06-09,18.290001,18.790001,18.280001,18.629999,113130488,2631203072.0
2020-06-10,18.549999,18.58,18.370001,18.43,58149380,1342545152.0
2020-06-11,18.41,18.57,18.18,18.190001,85079648,1954229120.0
2020-06-12,17.9,18.200001,17.85,18.040001,84215928,1903335040.0
2020-06-15,18.040001,18.440001,18.0,18.02,100457904,2292521984.0
2020-06-16,18.219999,18.370001,18.16,18.25,63805148,1457966976.0
2020-06-17,18.23,18.27,18.040001,18.17,60080720,1366425472.0
2020-06-18,18.190001,18.559999,18.15,18.440001,102177488,2353803008.0
2020-06-19,18.51,19.24,18.450001,19.110001,277013120,6544732672.0
2020-06-22,19.120001,20.110001,19.02,19.34,285617696,6954609664.0
2020-06-23,19.24,19.440001,19.01,19.280001,141664848,3396704512.0
2020-06-24,19.469999,19.969999,19.33,19.459999,128692256,3133587968.0
2020-06-29,19.07,19.16,18.73,18.809999,151630928,3577555200.0
2020-06-30,18.92,19.639999,18.809999,19.34,159980752,3825097216.0
2020-07-01,19.33,19.889999,19.18,19.870001,184229968,4478412288.0
2020-07-02,19.73,21.24,19.709999,21.040001,464117408,11876895744.0
2020-07-03,21.940001,23.309999,21.299999,23.309999,725082944,19916388352.0
2020-07-06,24.290001,25.799999,23.91,25.799999,807332800,24907327488.0
2020-07-07,26.700001,26.77,24.98,25.440001,747448960,23655557120.0
2020-07-08,25.52,28.15,25.52,27.51,690476416,22486167552.0
2020-07-09,26.639999,28.110001,26.33,27.139999,558535744,18479306752.0
2020-07-10,26.59,26.969999,25.82,26.0,432786656,13922598912.0
2020-07-13,25.98,27.51,25.620001,26.620001,473626208,15315923968.0
2020-07-14,26.200001,26.57,25.68,26.23,324730112,10367154176.0
2020-07-15,26.639999,27.24,26.07,26.200001,457122976,14878729216.0
2020-07-16,25.77,26.370001,23.77,23.870001,530566528,16312519680.0
2020-07-17,24.200001,24.370001,22.719999,23.26,369122272,10679760896.0
2020-07-20,23.83,25.440001,23.629999,25.030001,379103584,11368162304.0
2020-07-21,24.75,25.190001,24.370001,24.75,222371536,6735068160.0
2020-07-22,24.85,25.99,24.6,24.9,346070368,10720773120.0
2020-07-23,24.51,25.110001,24.040001,24.93,281298432,8482938368.0
2020-07-24,24.66,24.92,22.99,23.16,344243136,10057112576.0
2020-07-27,23.280001,23.33,22.639999,23.16,184995136,5239755264.0
2020-07-28,23.450001,23.51,22.85,23.07,145542432,4147471360.0
2020-07-29,23.059999,24.379999,22.959999,24.26,277637056,8139618816.0
2020-07-30,24.459999,24.52,23.959999,24.08,194333920,5781617152.0
2020-07-31,24.01,24.99,23.969999,24.43,225613136,6786976256.0
2020-08-03,24.73,24.92,24.25,24.82,229144816,6917767168.0
2020-08-04,24.82,25.07,24.48,24.65,179264352,5430284288.0
2020-08-05,24.530001,24.65,24.17,24.379999,160857152,4810608128.0
2020-08-06,24.459999,26.98,24.02,26.27,372579136,11538311168.0
2020-08-07,25.24,27.889999,24.73,26.17,486621600,15412904960.0
2020-08-10,25.610001,28.24,25.440001,27.25,537305152,17749846016.0
2020-08-11,27.01,27.360001,25.459999,25.6,377799072,12249285632.0
2020-08-12,25.35,25.889999,24.84,25.41,271680352,8433158144.0
2020-08-13,25.49,25.790001,25.08,25.24,163006736,5060877312.0
2020-08-14,24.99,25.75,24.91,25.65,144404256,4489544192.0
2020-08-17,26.209999,28.030001,26.200001,27.040001,383540576,12647809024.0
2020-08-18,27.07,27.77,26.76,27.190001,239349792,7928442368.0
2020-08-19,27.16,27.48,26.66,26.799999,223890064,7411330560.0
2020-08-20,26.23,26.6,25.959999,26.18,156652112,5018497536.0
2020-08-21,26.370001,26.85,26.200001,26.57,122173648,3889780736.0
2020-08-24,26.68,26.84,26.379999,26.459999,106378376,3397786880.0
2020-08-25,26.629999,27.030001,26.290001,26.360001,125494128,4012664320.0
2020-08-26,26.290001,26.5,25.51,25.530001,190694400,5940087808.0
2020-08-27,25.530001,26.030001,25.33,25.74,118299440,3650663168.0
2020-08-28,25.68,26.719999,25.52,26.629999,192199136,6062000640.0
2020-08-31,26.9,27.43,26.459999,26.459999,218904208,7094881280.0
2020-09-01,26.299999,26.73,26.290001,26.73,111589472,3552311808.0
2020-09-02,26.809999,26.91,26.120001,26.549999,145018240,4631792128.0
2020-09-03,26.540001,26.870001,26.049999,26.219999,126474816,4018950656.0
2020-09-04,25.58,26.02,25.51,25.799999,112779648,3498957824.0
2020-09-07,25.790001,25.9,24.719999,24.82,153562672,4681671168.0
2020-09-08,24.85,25.74,24.790001,25.459999,140282880,4260530688.0
2020-09-09,24.99,25.33,24.68,24.969999,113509712,3426217984.0
2020-09-10,25.200001,25.459999,24.84,24.9,106256568,3217266944.0
2020-09-11,24.780001,25.040001,24.719999,24.969999,81850600,2454892544.0
2020-09-14,24.969999,25.049999,24.76,24.940001,65517748,1966843904.0
2020-09-15,24.950001,25.290001,24.83,25.09,77337856,2337364736.0
2020-09-16,25.09,25.440001,24.969999,25.1,80787976,2451250432.0
2020-09-17,24.91,24.98,24.27,24.559999,118171264,3514087936.0
2020-09-18,24.549999,25.85,24.51,25.68,197761872,6019621376.0
2020-09-21,26.42,26.549999,25.66,25.709999,164735104,5153657856.0
2020-09-22,25.48,26.200001,25.33,25.440001,126148472,3901884672.0
2020-09-23,25.52,25.559999,25.110001,25.17,69218528,2107561728.0
2020-09-24,25.07,25.24,24.84,24.85,80637736,2427835904.0
2020-09-25,24.91,25.299999,24.85,25.07,80364200,2427031296.0
2020-09-28,24.959999,25.24,24.950001,25.09,60846664,1839636608.0
2020-09-29,25.110001,25.469999,25.110001,25.120001,70814408,2153124096.0
2020-09-30,25.35,25.370001,24.799999,24.92,74326528,2247656448.0
2020-10-09,25.33,25.440001,25.18,25.42,81713872,2494231808.0
2020-10-12,25.68,26.51,25.58,26.389999,163377344,5143534592.0
2020-10-13,26.18,26.18,25.93,26.07,92755232,2905979136.0
2020-10-14,26.07,26.16,25.66,25.719999,73673056,2288273152.0
2020-10-15,25.77,26.110001,25.709999,25.74,63153488,1966195328.0
2020-10-16,25.74,25.98,25.68,25.84,65919940,2048140800.0
2020-10-19,26.110001,26.33,25.66,25.66,96885400,3030673664.0
2020-10-20,25.6,25.67,25.09,25.459999,85882144,2620081664.0
2020-10-21,25.389999,25.51,25.139999,25.27,67498888,2052696448.0
2020-10-22,25.23,25.48,24.98,25.280001,76701664,2328222208.0
2020-10-23,25.24,25.5,24.98,24.98,78831840,2398658560.0
2020-10-26,24.84,24.84,23.940001,24.040001,138435136,4045036032.0
2020-10-27,24.030001,24.1,23.639999,24.0,87771216,2532515328.0
2020-10-28,23.93,24.41,23.84,24.25,77685048,2264163584.0
2020-10-29,23.99,24.9,23.860001,24.57,103831864,3059199744.0
2020-10-30,24.34,24.540001,23.700001,23.709999,103385376,3004371200.0
2020-11-02,23.549999,24.030001,22.83,23.23,137284736,3883515136.0
2020-11-03,23.389999,24.059999,23.299999,23.790001,97856640,2806860288.0
2020-11-04,23.790001,24.040001,23.549999,23.790001,69412992,1996026368.0
2020-11-05,24.35,24.42,23.940001,24.190001,92944656,2712128000.0
2020-11-06,24.24,24.51,24.049999,24.24,88002064,2579181824.0
2020-11-09,24.48,25.459999,24.32,25.129999,176739360,5315490304.0
2020-11-10,25.24,25.290001,24.51,24.68,116126208,3482326528.0
2020-11-11,24.620001,24.68,24.23,24.25,70971560,2086889472.0
2020-11-12,24.25,24.450001,24.059999,24.129999,54346192,1585677696.0
2020-11-13,24.07,24.07,23.59,23.77,82061512,2352430848.0
2020-11-16,23.959999,24.07,23.700001,24.0,61822892,1785043712.0
2020-11-17,23.969999,24.139999,23.73,24.139999,65990440,1903318784.0
2020-11-18,24.139999,24.49,24.09,24.16,85966504,2517936896.0
2020-11-19,24.030001,24.43,23.83,24.309999,72357128,2105621888.0
2020-11-20,24.309999,24.389999,24.200001,24.389999,55347376,1623246592.0
2020-11-23,24.379999,25.110001,24.23,24.809999,151545344,4522018816.0
2020-11-24,24.799999,24.799999,24.440001,24.49,88560968,2626342656.0
2020-11-25,24.68,24.870001,24.219999,24.219999,84256536,2492452864.0
2020-11-26,24.209999,24.370001,24.030001,24.290001,62000952,1809506432.0
2020-11-27,24.360001,24.879999,24.24,24.879999,111440152,3309352448.0
2020-11-30,25.16,26.200001,25.049999,25.16,299790912,9263539200.0
2020-12-01,25.08,26.33,24.940001,26.030001,227756384,7047064576.0
2020-12-02,26.030001,26.290001,25.59,25.84,156773584,4885400064.0
2020-12-03,25.790001,25.969999,25.610001,25.68,95761480,2969043200.0
2020-12-04,25.719999,25.74,25.049999,25.16,122822704,3728786944.0
2020-12-07,25.17,25.32,24.879999,24.91,89856976,2706322176.0
2020-12-08,24.889999,25.1,24.74,24.91,74325592,2234187008.0
2020-12-09,24.98,25.139999,24.280001,24.280001,109933792,3279290880.0
2020-12-10,24.200001,24.440001,23.9,24.17,105444464,3067176192.0
2020-12-11,24.139999,24.24,23.620001,23.809999,101138984,2921227008.0
2020-12-14,23.85,23.969999,23.700001,23.889999,54477224,1569747328.0
2020-12-15,23.85,23.93,23.540001,23.860001,72795504,2085014912.0
2020-12-16,23.91,23.99,23.639999,23.690001,59936752,1721769472.0
2020-12-17,23.610001,24.26,23.51,24.219999,98178232,2839885056.0
2020-12-18,24.07,24.24,23.809999,23.860001,66384472,1920950656.0
2020-12-21,23.77,24.120001,23.610001,24.049999,66578392,1924521472.0
2020-12-22,23.99,23.99,23.16,23.17,122566472,3487569920.0
2020-12-23,23.17,23.469999,23.07,23.33,77782008,2185111552.0
2020-12-24,23.32,23.51,23.07,23.209999,61188992,1717372544.0
2020-12-25,23.07,23.370001,22.9,23.17,75959696,2127687296.0
2020-12-28,23.07,23.379999,22.959999,23.139999,74036264,2070095232.0
2020-12-29,23.24,23.610001,23.16,23.290001,81814056,2308756992.0
2020-12-30,23.24,23.59,23.120001,23.59,105013576,2966992128.0
2020-12-31,23.85,24.690001,23.83,24.370001,216591280,6349142528.0
2021-01-04,24.41,24.450001,23.77,24.18,194546208,5663123456.0
2021-01-05,23.99,24.360001,23.709999,24.15,165552224,4797399552.0
2021-01-06,24.360001,24.870001,24.26,24.57,205744272,6100120064.0
2021-01-07,24.639999,24.780001,24.030001,24.68,172968688,5094447104.0
2021-01-08,24.719999,25.360001,24.559999,24.950001,220741504,6643557376.0
2021-01-11,25.15,25.27,24.24,24.27,172541856,5148428800.0
2021-01-12,24.030001,26.82,23.85,26.66,516156800,15965170688.0
2021-01-13,26.540001,26.610001,25.59,25.719999,355977664,11164422144.0
2021-01-14,25.610001,25.9,25.07,25.07,210335840,6434610688.0
2021-01-15,24.91,25.68,24.9,25.049999,167939776,5107971584.0
2021-01-18,24.91,25.77,24.77,25.200001,169553344,5167176704.0
2021-01-19,25.18,26.139999,24.93,25.290001,214391456,6580405760.0
2021-01-20,25.4,26.370001,25.299999,25.85,216623712,6739778560.0
2021-01-21,25.959999,26.450001,25.469999,25.91,239859808,7486003712.0
2021-01-22,25.59,25.84,24.969999,25.18,198893424,6066479104.0
2021-01-25,25.040001,25.129999,24.559999,24.870001,190174496,5692128768.0
2021-01-26,24.65,24.860001,23.77,23.84,189734992,5533012480.0
2021-01-27,23.83,24.0,23.65,23.77,100688888,2896690432.0
2021-01-28,23.59,23.92,23.360001,23.59,130052688,3710540032.0
2021-01-29,23.74,23.84,23.16,23.459999,122964456,3483745536.0
2021-02-01,23.58,23.620001,23.309999,23.42,88647664,2513717504.0
2021-02-02,23.549999,23.58,23.049999,23.299999,143519648,4034528256.0
2021-02-03,23.290001,23.49,23.040001,23.129999,95817584,2690715392.0
2021-02-04,22.950001,23.120001,21.91,22.370001,179866560,4893989888.0
2021-02-05,22.370001,22.68,22.219999,22.309999,92497184,2513992704.0
2021-02-08,22.309999,22.709999,22.26,22.57,92630256,2523129088.0
2021-02-09,22.57,23.200001,22.34,23.15,139532640,3854607104.0
2021-02-10,23.08,23.24,22.77,23.040001,115793272,3223799552.0
2021-02-18,23.33,23.459999,23.0,23.110001,131078312,3677901056.0
2021-02-19,23.02,23.74,22.83,23.700001,139274416,3911897856.0
2021-02-22,23.809999,23.809999,22.92,22.959999,167624304,4751289856.0
2021-02-23,22.98,23.200001,22.73,22.809999,98655536,2740894464.0
2021-02-24,22.85,23.049999,22.440001,22.65,95863432,2643981312.0
2021-02-25,22.790001,23.389999,22.559999,22.92,137927536,3838408192.0
2021-02-26,22.450001,22.77,22.4,22.51,109779776,2998556160.0
2021-03-01,21.68,21.68,20.559999,21.09,280313792,7174752256.0
2021-03-02,21.09,21.129999,20.59,20.690001,149000864,3772426496.0
2021-03-03,20.59,20.940001,20.559999,20.870001,97033696,2456529408.0
2021-03-04,20.709999,20.809999,20.360001,20.379999,128801312,3213067264.0
2021-03-05,20.379999,20.709999,20.15,20.59,114981680,2875252480.0
2021-03-08,20.690001,20.83,20.15,20.15,120373648,3001137152.0
2021-03-09,20.120001,20.33,19.42,19.459999,130534176,3147409920.0
2021-03-10,19.66,19.719999,19.370001,19.41,87628624,2089672320.0
2021-03-11,19.469999,19.77,19.469999,19.709999,79347040,1899214336.0
2021-03-12,19.73,19.73,19.15,19.49,115645520,2740710912.0
2021-03-15,19.290001,19.33,18.940001,19.040001,89762648,2095722624.0
2021-03-16,19.15,19.209999,18.959999,19.16,60211576,1405967232.0
2021-03-17,19.17,19.459999,19.09,19.370001,75368776,1774038272.0
2021-03-18,19.370001,19.52,19.24,19.290001,68655768,1623037568.0
2021-03-19,19.17,19.67,19.01,19.66,121014208,2858344960.0
2021-03-22,19.57,20.0,19.52,19.809999,105306920,2536783104.0
2021-03-23,19.77,19.940001,19.42,19.73,76063192,1827225984.0
2021-03-24,19.629999,20.120001,19.59,19.709999,93133096,2256002304.0
2021-03-25,19.59,19.809999,19.57,19.59,47595216,1141050240.0
2021-03-26,19.57,19.75,19.540001,19.66,53854248,1291467392.0
2021-03-29,19.639999,20.16,19.549999,19.91,79638944,1933718400.0
2021-03-30,19.82,20.07,19.780001,19.91,53652828,1302583296.0
2021-03-31,19.9,19.9,19.58,19.58,54736784,1313456128.0
2021-04-01,19.58,19.83,19.469999,19.82,58431612,1400948480.0
2021-04-02,19.84,19.98,19.719999,19.790001,61462332,1486654592.0
2021-04-06,20.110001,20.18,19.790001,19.809999,72629240,1766795776.0
2021-04-07,19.780001,19.879999,19.620001,19.719999,59422032,1428625152.0
2021-04-08,19.59,19.9,19.58,19.67,60919848,1467351808.0
2021-04-09,19.6,19.620001,19.33,19.33,68648456,1628840448.0
2021-04-12,19.33,19.4,19.030001,19.07,59001000,1386702592.0
2021-04-13,19.07,19.18,18.98,19.129999,46245148,1078853376.0
2021-04-14,19.129999,19.459999,19.110001,19.309999,50417532,1190093312.0
2021-04-15,19.26,19.299999,19.02,19.139999,48101444,1123290240.0
2021-04-16,19.17,19.469999,19.139999,19.389999,51971976,1226250880.0
2021-04-19,19.33,19.74,19.25,19.700001,84798816,2026806656.0
2021-04-20,19.58,19.809999,19.450001,19.48,62818308,1500891648.0
2021-04-21,19.360001,19.48,19.299999,19.33,40765320,963694016.0
2021-04-22,19.440001,19.469999,19.18,19.23,54543896,1286346752.0
2021-04-23,19.17,19.290001,19.1,19.16,49375976,1155874944.0
2021-04-26,19.15,19.33,18.83,18.85,71499776,1667558784.0
2021-04-27,18.860001,18.889999,18.540001,18.59,70618504,1611466496.0
2021-04-28,18.6,18.709999,18.450001,18.709999,48516952,1102788224.0
2021-04-29,18.809999,19.639999,18.74,19.5,159256544,3762356992.0
2021-04-30,19.33,19.75,19.27,19.549999,106939648,2550243584.0
2021-05-06,19.780001,20.02,19.530001,19.68,98138632,2364329472.0
2021-05-07,19.6,19.73,19.09,19.190001,83755800,1982045952.0
2021-05-10,19.27,19.620001,19.190001,19.48,66267620,1567994240.0
2021-05-11,19.27,19.75,19.040001,19.57,68055600,1610726656.0
2021-05-12,19.459999,19.67,19.370001,19.629999,57021920,1360121600.0
2021-05-13,19.450001,19.639999,19.290001,19.360001,55686040,1321510272.0
2021-05-14,19.530001,21.139999,19.51,20.93,332616384,8260003840.0
2021-05-17,20.549999,20.59,20.18,20.450001,212858432,5282182144.0
2021-05-18,20.309999,20.719999,20.209999,20.35,92557504,2301327872.0
2021-05-19,20.299999,20.620001,20.26,20.360001,80658368,2003739392.0
2021-05-20,20.35,20.780001,20.290001,20.6,110911504,2771628544.0
2021-05-21,20.620001,20.68,20.200001,20.209999,82748064,2049817600.0
2021-05-24,20.370001,20.959999,20.35,20.75,140013120,3529483776.0
2021-05-25,20.75,21.9,20.67,21.620001,291182720,7609292800.0
2021-05-26,21.66,21.91,21.27,21.309999,194085712,5075432960.0
2021-05-27,21.309999,21.6,21.18,21.35,111909736,2898121472.0
2021-05-28,21.35,21.85,21.17,21.57,139290048,3632518912.0
2021-05-31,21.57,21.57,21.27,21.51,92405432,2401854976.0
2021-06-01,21.41,21.41,20.92,21.219999,104695176,2688762112.0
2021-06-02,21.219999,21.34,20.67,20.719999,97646648,2484072192.0
2021-06-03,20.83,21.110001,20.68,20.709999,78228896,1985269632.0
2021-06-04,20.6,21.809999,20.549999,21.02,136771856,3497660160.0
2021-06-07,21.219999,21.940001,21.040001,21.469999,136612384,3569513984.0
2021-06-08,21.35,21.799999,21.24,21.35,109286352,2852858112.0
2021-06-09,21.389999,21.549999,21.040001,21.18,72410240,1869766912.0
2021-06-10,21.07,21.469999,21.07,21.120001,81987744,2115225856.0
2021-06-11,21.09,21.200001,20.379999,20.5,129016416,3247154432.0
2021-06-15,20.459999,20.530001,20.110001,20.18,79246448,1950889216.0
2021-06-16,20.129999,20.370001,20.110001,20.24,64021984,1576132992.0
2021-06-17,20.18,20.309999,20.02,20.15,59939236,1472184448.0
2021-06-18,20.1,20.370001,19.99,20.24,75679520,1862777600.0
2021-06-21,20.290001,20.51,20.110001,20.110001,76188064,1879519744.0
2021-06-22,20.190001,20.370001,20.08,20.25,60920940,1500322560.0
2021-06-23,20.27,20.51,20.129999,20.34,72418520,1790898048.0
2021-06-24,20.370001,20.76,20.33,20.549999,86781280,2169644800.0
2021-06-25,20.620001,21.299999,20.459999,20.99,165826720,4221097984.0
2021-06-28,21.059999,21.059999,20.6,20.66,94077608,2371759616.0
2021-06-29,20.67,20.77,20.35,20.370001,78454856,1957833728.0
2021-06-30,20.379999,20.57,20.23,20.5,74681832,1853722624.0
2021-07-01,20.77,20.85,20.120001,20.26,105500232,2624412672.0
2021-07-02,20.1,20.1,19.34,19.370001,122945368,2936774912.0
2021-07-05,19.370001,19.5,19.049999,19.27,67815944,1594505088.0
2021-07-06,19.32,19.440001,19.16,19.4,60057392,1414267904.0
2021-07-07,19.309999,19.52,19.280001,19.370001,60338680,1428018688.0
2021-07-08,19.5,19.559999,19.24,19.33,66194556,1567128448.0
2021-07-09,19.24,19.4,19.110001,19.25,62946432,1478749952.0
2021-07-12,19.52,19.75,19.35,19.58,104790328,2502105856.0
2021-07-13,19.51,19.639999,19.309999,19.440001,61632112,1464278784.0
2021-07-14,19.4,19.4,19.049999,19.09,80289208,1878814848.0
2021-07-15,19.08,19.440001,18.99,19.389999,72788656,1711742464.0
2021-07-16,19.540001,19.75,19.379999,19.530001,91080320,2172917760.0
2021-07-19,19.4,19.530001,19.16,19.51,65180560,1536306816.0
2021-07-20,19.309999,19.540001,19.26,19.34,45967744,1085840768.0
2021-07-21,19.4,19.709999,19.370001,19.52,84450680,2013428736.0
2021-07-22,19.48,19.889999,19.41,19.790001,101471856,2441415680.0
2021-07-23,19.76,20.41,19.549999,19.889999,140422336,3413293056.0
2021-07-26,19.860001,20.01,19.190001,19.24,123681264,2949757696.0
2021-07-27,19.24,19.379999,18.66,18.73,101892584,2368717824.0
2021-07-28,18.719999,19.0,18.690001,18.700001,82213192,1889236224.0
2021-07-29,19.049999,19.09,18.700001,18.83,85800344,1979421184.0
2021-07-30,18.75,18.780001,18.35,18.450001,89686088,2032185344.0
2021-08-02,18.440001,19.42,18.0,19.040001,147751760,3392800768.0
2021-08-03,18.91,19.51,18.809999,19.1,112313016,2620644864.0
2021-08-04,19.09,19.16,18.91,19.040001,69389560,1612431616.0
2021-08-05,18.93,19.15,18.639999,18.700001,77863488,1794024576.0
2021-08-06,18.809999,19.01,18.719999,18.879999,60133416,1386423808.0
2021-08-09,18.809999,19.51,18.77,19.26,112829320,2655102976.0
2021-08-10,19.17,19.540001,19.030001,19.48,108177016,2549716992.0
2021-08-11,19.440001,19.75,19.33,19.42,101874080,2428059648.0
2021-08-12,19.469999,19.719999,19.360001,19.450001,72611384,1727545088.0
2021-08-13,19.4,19.809999,19.34,19.77,110272448,2641504256.0
2021-08-16,19.780001,20.110001,19.6,19.690001,121335416,2939197440.0
2021-08-17,19.57,20.24,19.52,19.6,183934864,4468568576.0
2021-08-18,19.639999,20.9,19.59,20.77,316218752,7855652864.0
2021-08-19,20.610001,20.84,20.110001,20.24,198178304,4914386944.0
2021-08-20,20.32,20.450001,19.940001,20.24,136330032,3302682112.0
2021-08-23,20.370001,20.66,20.24,20.4,116459640,2848711680.0
2021-08-24,20.51,21.200001,20.370001,21.02,220882176,5515598848.0
2021-08-25,20.950001,21.309999,20.790001,20.83,135368544,3396550400.0
2021-08-26,20.73,20.9,20.51,20.530001,104462400,2584003584.0
2021-08-27,20.59,21.049999,20.549999,20.66,103833000,2578768896.0
2021-08-30,21.030001,21.139999,20.27,20.32,138613136,3418390272.0
2021-08-31,20.24,21.879999,20.190001,21.49,306285504,7787736064.0
2021-09-01,21.51,23.16,21.379999,22.540001,437522304,11646798848.0
2021-09-02,22.459999,22.809999,22.24,22.709999,260435648,7004441088.0
2021-09-03,23.59,23.709999,22.18,22.280001,282581184,7711825408.0
2021-09-06,22.309999,22.969999,22.309999,22.48,180082560,4861495808.0
2021-09-07,22.48,22.969999,22.030001,22.77,209608192,5642029568.0
2021-09-08,22.639999,23.18,22.51,22.549999,156658656,4251631360.0
2021-09-09,22.299999,22.52,22.08,22.4,119915272,3193017856.0
2021-09-10,22.469999,23.49,22.469999,22.870001,215249184,5887666176.0
2021-09-13,22.85,23.15,22.690001,22.799999,121574168,3316633856.0
2021-09-14,22.85,22.99,22.040001,22.18,160229632,4290873088.0
2021-09-15,22.129999,22.32,21.77,21.969999,108905216,2857648640.0
2021-09-16,22.01,22.049999,21.17,21.309999,134773472,3487369472.0
2021-09-17,21.33,21.85,21.33,21.719999,107762296,2781670912.0
2021-09-22,21.34,21.74,21.16,21.5,89572720,2290076416.0
2021-09-23,21.610001,22.02,21.559999,21.940001,104000720,2711282432.0
2021-09-24,21.99,22.16,21.77,21.799999,81694656,2140439552.0
2021-09-27,21.780001,21.98,21.23,21.459999,95222936,2458101760.0
2021-09-28,21.42,21.82,21.34,21.639999,71104680,1836158848.0
2021-09-29,21.43,21.59,21.040001,21.43,94426336,2408741888.0
2021-09-30,21.459999,21.57,20.959999,21.139999,83429040,2112289920.0
2021-10-08,21.24,21.639999,21.24,21.549999,75130568,1928003200.0
2021-10-11,21.639999,21.889999,21.459999,21.469999,58934508,1525344384.0
2021-10-12,21.32,21.459999,20.51,20.77,112569024,2814644224.0
2021-10-13,20.76,20.950001,20.620001,20.639999,60036328,1491566080.0
2021-10-14,20.719999,20.77,20.379999,20.690001,49316356,1215383808.0
2021-10-15,20.639999,21.0,20.549999,20.860001,62077888,1547360000.0
2021-10-18,20.860001,21.08,20.719999,20.879999,48679776,1214138624.0
2021-10-19,20.809999,21.09,20.77,20.940001,51162748,1281873536.0
2021-10-20,21.049999,21.1,20.879999,20.9,50328728,1261270400.0
2021-10-21,20.9,21.24,20.790001,21.040001,63257028,1591270016.0
2021-10-22,21.07,21.389999,21.0,21.299999,69222128,1754717824.0
2021-10-25,21.299999,21.530001,21.049999,21.459999,80874464,2058552960.0
2021-10-26,21.459999,21.51,21.110001,21.120001,60900288,1550328576.0
2021-10-27,20.969999,21.120001,20.51,20.610001,80214792,1994918656.0
2021-10-28,20.559999,20.950001,20.530001,20.68,64838832,1610473984.0
2021-10-29,20.9,21.889999,20.73,21.66,164183024,4208839168.0
2021-11-01,21.59,21.85,21.530001,21.75,97959392,2540040704.0
2021-11-02,21.68,21.84,21.110001,21.360001,89883688,2300876800.0
2021-11-03,21.33,21.469999,21.110001,21.24,57029540,1449182208.0
2021-11-04,21.42,21.559999,21.16,21.280001,63036712,1605802624.0
2021-11-05,21.16,21.48,21.1,21.209999,54523816,1386543744.0
2021-11-08,21.129999,21.49,20.91,21.299999,56821192,1441756416.0
2021-11-09,21.360001,21.440001,21.110001,21.4,56357528,1435080576.0
2021-11-10,21.32,21.389999,20.700001,20.91,105743048,2649688832.0
2021-11-11,20.809999,21.709999,20.809999,21.549999,145557936,3719322624.0
2021-11-12,21.5,21.5,20.969999,21.190001,108859944,2756837632.0
2021-11-15,21.23,21.33,20.940001,21.09,64213672,1619936896.0
2021-11-16,20.950001,21.030001,19.98,20.040001,228149056,5565688320.0
2021-11-17,19.950001,20.15,19.91,20.059999,67813736,1628413056.0
2021-11-18,20.030001,20.17,19.77,20.1,78501160,1878985472.0
2021-11-19,20.040001,20.41,19.969999,20.290001,79663696,1928681088.0
2021-11-22,20.27,20.48,20.24,20.280001,69691328,1699313792.0
2021-11-23,20.27,20.459999,20.200001,20.209999,64603992,1572556800.0
2021-11-24,20.200001,20.309999,20.07,20.190001,51681848,1248099584.0
2021-11-25,20.16,20.24,20.040001,20.110001,45110508,1086929664.0
2021-11-26,20.049999,20.1,19.950001,19.959999,47073824,1128056832.0
2021-11-29,19.77,19.860001,19.700001,19.85,63221800,1499468672.0
2021-11-30,19.98,20.02,19.780001,19.83,61879932,1476947456.0
2021-12-01,19.77,20.280001,19.719999,20.23,84245896,2034164864.0
2021-12-02,20.190001,20.51,20.110001,20.370001,73973224,1803837056.0
2021-12-03,20.459999,20.809999,20.42,20.709999,104571888,2584044288.0
2021-12-06,20.91,22.200001,20.91,21.690001,316417024,8215428608.0
2021-12-07,21.940001,22.200001,21.77,21.9,183699376,4821063168.0
2021-12-08,22.07,22.309999,21.82,22.190001,141808672,3737147904.0
2021-12-09,22.110001,22.84,22.07,22.530001,189588192,5090107904.0
2021-12-10,22.26,22.309999,21.98,22.15,121397600,3207991808.0
2021-12-13,22.639999,22.870001,22.34,22.35,154817856,4166017792.0
2021-12-14,22.200001,22.32,21.950001,22.040001,91013688,2401177856.0
2021-12-15,22.17,22.43,22.040001,22.110001,67840264,1798785280.0
2021-12-16,22.16,22.440001,22.110001,22.33,59021072,1569049216.0
2021-12-17,22.42,22.48,22.0,22.02,66580324,1764408192.0
2021-12-20,22.030001,22.200001,21.6,21.66,74911896,1952963328.0
2021-12-21,21.620001,22.01,21.620001,21.860001,53078848,1385648000.0
2021-12-22,21.870001,21.969999,21.65,21.66,39866680,1035741760.0
2021-12-23,21.690001,21.82,21.52,21.709999,44802880,1158008832.0
2021-12-24,21.700001,21.940001,21.49,21.5,49996092,1293655168.0
2021-12-27,21.6,21.809999,21.450001,21.77,45189584,1171037696.0
2021-12-28,21.85,22.01,21.629999,21.809999,54914212,1430073472.0
2021-12-29,21.879999,21.879999,21.620001,21.66,48599316,1262206592.0
2021-12-30,21.639999,22.309999,21.639999,22.09,78134616,2057978112.0
2021-12-31,22.17,22.370001,22.110001,22.120001,67051136,1778955648.0
2022-01-04,22.120001,22.280001,21.83,22.15,60626176,1595586688.0
2022-01-05,22.040001,22.15,21.51,21.709999,98236320,2556421376.0
2022-01-06,21.610001,21.780001,21.23,21.26,89895864,2296422400.0
2022-01-07,21.370001,21.75,21.33,21.52,57216656,1472192640.0
2022-01-10,21.719999,21.84,21.540001,21.620001,45867052,1188399872.0
2022-01-11,21.620001,22.15,21.52,21.73,65887860,1719747072.0
2022-01-12,21.68,21.969999,21.51,21.91,60587664,1573836800.0
2022-01-13,22.34,22.5,22.059999,22.08,114438216,3040495360.0
2022-01-14,21.34,21.59,20.91,20.92,185099536,4704172544.0
2022-01-17,20.790001,21.85,20.709999,21.48,161964320,4151337984.0
2022-01-18,21.440001,21.790001,21.370001,21.51,131025344,3369833728.0
2022-01-27,22.09,22.18,21.16,21.43,224922032,5455226368.0
2022-01-28,21.48,22.639999,21.459999,21.879999,179878656,4456353280.0
2022-02-07,22.24,22.68,22.07,22.559999,117847184,2962016512.0
2022-02-08,22.48,22.709999,22.25,22.65,84622760,2135107584.0
2022-02-09,22.610001,22.700001,22.309999,22.59,79955448,2020199296.0
2022-02-10,22.5,22.690001,22.379999,22.610001,62934536,1589715072.0
2022-02-11,22.58,23.450001,22.530001,22.969999,115987512,2996549376.0
2022-02-14,22.68,22.860001,22.0,22.08,99627728,2492266496.0
2022-02-15,21.889999,22.040001,21.59,21.969999,80511184,1975261952.0
2022-02-16,22.040001,22.200001,21.799999,21.82,68418176,1688144896.0
2022-02-17,21.91,21.98,21.5,21.59,62812712,1535516928.0
2022-02-18,21.51,21.98,21.51,21.92,51114940,1253203072.0
2022-02-21,22.08,22.129999,21.58,21.799999,62934156,1540352896.0
2022-02-22,21.58,21.629999,21.01,21.309999,106578688,2555568128.0
2022-02-23,21.309999,21.540001,21.190001,21.530001,76322816,1839488000.0
2022-02-24,21.280001,21.309999,20.51,20.74,133845632,3157525760.0
2022-02-25,20.879999,21.040001,20.549999,20.6,72758608,1707564928.0
2022-02-28,20.530001,20.66,20.290001,20.610001,61445364,1425287552.0
2022-03-01,20.66,20.74,20.4,20.65,76805832,1787849856.0
2022-03-02,20.49,20.57,20.25,20.34,68857752,1590911488.0
2022-03-03,20.4,20.51,20.290001,20.48,57813872,1337785472.0
2022-03-04,20.280001,20.309999,19.940001,20.01,79029056,1802673024.0
2022-03-07,19.860001,19.860001,18.860001,19.02,141964496,3128219392.0
2022-03-08,19.049999,19.16,18.32,18.379999,118329072,2541319680.0
2022-03-09,18.48,18.559999,17.280001,18.040001,138208608,2869523200.0
2022-03-10,18.48,18.559999,17.860001,17.940001,123467456,2583539712.0
2022-03-11,17.65,18.370001,17.23,18.18,154696784,3162146816.0
2022-03-14,17.780001,18.200001,17.719999,17.799999,81273816,1681293824.0
2022-03-15,17.629999,17.93,16.77,16.889999,156699376,3151440384.0
2022-03-16,17.129999,18.450001,16.66,18.110001,231060592,4703705088.0
2022-03-17,18.33,18.610001,17.940001,18.0,162889424,3407112960.0
2022-03-18,18.08,18.73,17.889999,18.73,145058016,3054310144.0
2022-03-21,18.360001,18.389999,17.940001,18.09,118243504,2467372288.0
2022-03-22,17.98,18.34,17.969999,18.129999,66478956,1386652928.0
2022-03-23,18.209999,18.23,18.02,18.120001,54951472,1146055808.0
2022-03-24,17.959999,18.17,17.9,17.959999,54081860,1121941248.0
2022-03-25,17.9,18.110001,17.610001,17.65,61637116,1266244992.0
2022-03-28,17.459999,17.879999,17.34,17.74,65002636,1323383424.0
2022-03-29,17.85,17.9,17.459999,17.530001,53234744,1085804800.0
2022-03-30,17.709999,18.440001,17.709999,18.35,134041296,2799762432.0
2022-03-31,18.17,18.299999,18.08,18.18,68817480,1437739392.0
2022-04-01,17.99,18.59,17.959999,18.4,100026752,2105149952.0
2022-04-06,18.190001,18.42,18.110001,18.4,66707020,1401218944.0
2022-04-07,18.280001,18.459999,17.959999,17.959999,72482520,1516140928.0
2022-04-08,18.049999,18.389999,17.85,18.360001,95096448,1987247872.0
2022-04-11,18.26,18.280001,17.67,17.75,88909648,1832635648.0
2022-04-12,17.75,18.68,17.719999,18.379999,115696928,2423728128.0
2022-04-13,18.08,18.34,17.92,17.98,92859144,1931557504.0
2022-04-14,18.18,18.48,18.1,18.25,99287344,2088214912.0
2022-04-15,18.18,18.379999,18.02,18.16,77065136,1611278720.0
2022-04-18,17.940001,17.940001,17.379999,17.57,92584264,1882755840.0
2022-04-19,17.59,17.700001,17.389999,17.5,57387432,1163116416.0
2022-04-20,17.440001,17.549999,17.15,17.190001,71213320,1426214528.0
2022-04-21,17.129999,17.52,16.99,17.120001,83654464,1670154368.0
2022-04-22,16.959999,17.299999,16.91,17.16,73904088,1470291968.0
2022-04-25,16.77,17.23,16.49,16.51,105141544,2057375872.0
2022-04-26,16.51,16.59,15.49,15.61,145888608,2740075520.0
2022-04-27,15.38,16.27,15.29,16.09,103662752,1930097280.0
2022-04-28,15.93,16.120001,15.73,16.049999,78335856,1462246016.0
2022-04-29,16.559999,17.16,16.209999,16.969999,157135792,3059354368.0
2022-05-05,16.75,16.950001,16.65,16.66,81889216,1595800960.0
2022-05-06,16.280001,16.440001,16.08,16.08,66916312,1265980672.0
2022-05-09,16.030001,16.17,15.93,16.01,42202096,791761664.0
2022-05-10,15.79,16.459999,15.76,16.290001,69568656,1315714560.0
2022-05-11,16.33,16.799999,16.24,16.41,97680160,1883547776.0
2022-05-12,16.290001,16.65,16.26,16.370001,53280920,1018389184.0
2022-05-13,16.48,16.620001,16.360001,16.57,56155816,1078771328.0
2022-05-16,16.709999,16.75,16.27,16.35,59129592,1134387200.0
2022-05-17,16.42,16.73,16.280001,16.6,60007352,1154783360.0
2022-05-18,16.66,16.870001,16.58,16.799999,77286232,1504432640.0
2022-05-19,16.530001,16.719999,16.48,16.65,48800852,940895872.0
2022-05-20,16.84,17.139999,16.799999,17.030001,92175256,1816395776.0
2022-05-23,16.940001,17.08,16.780001,16.98,57712688,1133136128.0
2022-05-24,16.959999,17.02,16.51,16.52,62809224,1224046464.0
2022-05-25,16.530001,16.719999,16.49,16.59,43326344,835603968.0
2022-05-26,16.610001,17.030001,16.49,16.9,66040448,1289281152.0
2022-05-27,16.959999,17.08,16.780001,16.889999,55147400,1084451968.0
2022-05-30,16.959999,17.040001,16.73,16.780001,51413912,1006754816.0
2022-05-31,16.76,17.1,16.709999,17.07,74046280,1456466176.0
2022-06-01,17.08,17.18,16.780001,16.889999,58577824,1151985152.0
2022-06-02,16.76,17.049999,16.620001,16.959999,73083520,1431501568.0
2022-06-06,16.879999,17.35,16.76,17.24,106521296,2114788224.0
2022-06-07,17.209999,17.700001,17.16,17.389999,121889408,2462366464.0
2022-06-08,17.459999,17.74,17.33,17.639999,112341848,2274137600.0
2022-06-09,17.65,18.040001,17.43,17.51,112643288,2302461184.0
2022-06-10,17.379999,18.209999,17.32,18.07,137841552,2821335808.0
2022-06-13,17.76,17.860001,17.389999,17.549999,119970784,2439449344.0
2022-06-14,17.280001,18.43,16.889999,18.389999,204170768,4153409280.0
2022-06-15,18.48,20.030001,18.469999,19.15,387078240,8513421312.0
2022-06-16,19.07,19.07,18.08,18.1,245636176,5205615104.0
2022-06-17,17.879999,18.530001,17.73,18.1,147740016,3071579904.0
2022-06-20,18.07,18.35,17.85,18.0,112338360,2328711936.0
2022-06-21,17.950001,18.469999,17.93,18.290001,130347040,2721466112.0
2022-06-22,18.33,18.52,17.959999,18.040001,108703752,2273574912.0
2022-06-23,18.01,19.58,18.0,19.049999,218982528,4717812224.0
2022-06-24,19.120001,19.26,18.77,18.91,135348464,2930563840.0
2022-06-27,19.030001,19.309999,18.879999,19.08,114777408,2504562176.0
2022-06-28,19.030001,19.27,18.58,19.030001,130724160,2817082112.0
2022-06-29,18.860001,19.129999,18.65,18.690001,102487384,2212563712.0
2022-06-30,18.719999,19.23,18.719999,18.940001,105079376,2282859776.0
2022-07-01,18.98,19.02,18.530001,18.620001,76240528,1637094272.0
2022-07-04,18.620001,18.75,18.18,18.719999,97443864,2063687936.0
2022-07-05,18.73,18.93,18.190001,18.440001,97833760,2072638848.0
2022-07-06,18.33,18.5,18.129999,18.200001,78223168,1640435200.0
2022-07-07,18.209999,18.35,18.120001,18.17,56550116,1183417216.0
2022-07-08,18.24,18.299999,17.91,17.950001,70928512,1476542976.0
2022-07-11,17.799999,17.860001,17.43,17.48,101975392,2072625920.0
2022-07-12,17.530001,17.709999,17.4,17.5,72840384,1475160320.0
2022-07-13,17.5,17.67,17.43,17.5,54402376,1102259328.0
2022-07-14,17.459999,17.5,17.280001,17.299999,56537824,1136079872.0
2022-07-15,17.280001,17.440001,16.85,16.85,84482232,1680384768.0
2022-07-18,16.93,17.25,16.93,17.15,62230232,1234444160.0
2022-07-19,17.15,17.360001,16.98,17.24,56733752,1127763584.0
2022-07-20,17.299999,17.370001,17.209999,17.26,47160728,943903040.0
2022-07-21,17.219999,17.27,17.040001,17.049999,42683240,848576640.0
2022-07-22,17.120001,17.33,17.01,17.16,47138944,937888896.0
2022-07-25,17.15,17.16,16.889999,16.940001,46347868,912775360.0
2022-07-26,16.98,17.190001,16.959999,17.110001,34384560,680693824.0
2022-07-27,17.030001,17.16,17.01,17.09,32673454,647004608.0
2022-07-28,17.190001,17.4,17.129999,17.15,59537616,1189440896.0
2022-07-29,17.16,17.360001,16.870001,16.879999,58242168,1152065664.0
2022-08-01,16.83,16.84,16.52,16.620001,56155972,1086370176.0
2022-08-02,16.379999,16.379999,15.88,16.08,95612424,1800256384.0
2022-08-03,16.08,16.27,15.98,16.030001,56153808,1057628992.0
2022-08-04,16.09,16.309999,16.07,16.120001,61983348,1170035840.0
2022-08-05,16.15,16.610001,16.110001,16.58,70252168,1340690432.0
2022-08-08,16.5,16.76,16.469999,16.709999,47086264,911638272.0
2022-08-09,16.68,16.92,16.620001,16.66,50554448,984708352.0
2022-08-10,16.690001,16.969999,16.559999,16.76,48722344,950413312.0
2022-08-11,16.889999,17.530001,16.790001,17.450001,139731120,2794285568.0
2022-08-12,17.280001,17.440001,17.219999,17.34,74175040,1486937856.0
2022-08-15,17.24,17.469999,17.17,17.23,50225496,1005543296.0
2022-08-16,17.280001,17.389999,17.190001,17.219999,37111056,742068608.0
2022-08-17,17.27,17.559999,17.09,17.48,77617824,1562602112.0
2022-08-18,17.379999,17.48,17.25,17.299999,37190216,746336576.0
2022-08-19,17.32,17.459999,17.24,17.26,37306156,748569984.0
2022-08-22,17.200001,17.4,17.18,17.23,36270256,725333760.0
2022-08-23,17.23,17.459999,17.09,17.18,51528236,1028794240.0
2022-08-24,17.17,17.43,16.780001,16.82,76814976,1523222400.0
2022-08-25,16.84,17.559999,16.790001,17.4,96157088,1913109760.0
2022-08-26,17.52,17.540001,17.16,17.219999,64858948,1264575488.0
2022-08-29,17.1,17.32,17.030001,17.190001,39991408,773931008.0
2022-08-30,17.18,17.32,16.82,17.07,60910384,1169277184.0
2022-08-31,16.969999,17.58,16.940001,17.34,88923112,1730202240.0
2022-09-01,17.200001,17.32,16.99,17.120001,53011084,1025710144.0
2022-09-02,17.120001,17.299999,16.92,17.059999,44617924,859353536.0
2022-09-05,16.98,17.16,16.9,17.09,43061280,825521856.0
2022-09-06,17.120001,17.32,17.1,17.299999,59981828,1163733888.0
2022-09-07,17.219999,17.27,17.120001,17.190001,31908676,617376000.0
2022-09-08,17.219999,17.360001,17.129999,17.129999,37476784,727404096.0
2022-09-09,17.17,17.74,17.139999,17.6,100742072,1984218112.0
2022-09-13,17.68,17.82,17.540001,17.65,62230132,1237405568.0
2022-09-14,17.42,17.559999,17.360001,17.4,52353244,1027554624.0
2022-09-15,17.42,17.620001,17.23,17.35,61597212,1208139264.0
2022-09-16,17.209999,17.290001,16.18,16.24,191865440,3568153600.0
2022-09-19,16.17,16.379999,16.129999,16.24,65878316,1214639488.0
2022-09-20,16.280001,16.389999,16.139999,16.24,44783616,826409472.0
2022-09-21,16.129999,16.370001,16.059999,16.25,48107052,883134016.0
2022-09-22,16.1,16.299999,16.08,16.209999,32702348,600874368.0
2022-09-23,16.190001,16.32,16.07,16.18,37678620,693021376.0
2022-09-26,16.059999,16.129999,15.82,15.84,47775468,867140288.0
2022-09-27,15.92,16.0,15.65,15.89,59660976,1072756800.0
2022-09-28,15.78,15.82,15.47,15.54,54425384,970287360.0
2022-09-29,15.67,15.69,15.14,15.22,56827620,998002688.0
2022-09-30,15.21,15.39,15.18,15.24,41239912,720565504.0
2022-10-10,15.1,15.43,15.07,15.15,44461080,775291328.0
2022-10-11,15.23,15.47,15.09,15.21,39316492,685117696.0
2022-10-12,15.21,15.64,15.12,15.61,56254788,988898496.0
2022-10-13,15.54,15.59,15.41,15.53,41440444,732435136.0
2022-10-14,15.69,16.02,15.64,15.89,62160624,1122144640.0
2022-10-17,15.82,16.07,15.78,16.0,39546040,718127488.0
2022-10-18,16.040001,16.120001,15.92,15.99,37594828,683828864.0
2022-10-19,15.98,16.09,15.88,15.92,43564044,789800064.0
2022-10-20,15.87,16.18,15.84,15.92,46229112,839249600.0
2022-10-21,16.209999,16.32,15.96,16.02,70202016,1286407680.0
2022-10-24,16.139999,16.370001,15.48,15.58,85251768,1538595712.0
2022-10-25,15.62,15.79,15.28,15.35,73666776,1298643968.0
2022-10-26,15.32,15.66,15.27,15.35,69515312,1222304256.0
2022-10-27,15.4,15.63,15.37,15.42,51271480,905111232.0
2022-10-28,15.34,15.46,14.97,15.04,59471144,1033364032.0
2022-10-31,15.01,15.26,14.86,15.03,61830416,1064433280.0
2022-11-01,15.1,15.72,15.08,15.72,83409408,1472122112.0
2022-11-02,15.52,15.84,15.49,15.73,65151124,1161990016.0
2022-11-03,15.67,15.7,15.47,15.55,37755464,670310464.0
2022-11-04,15.53,16.209999,15.53,16.07,86270560,1566133760.0
2022-11-07,15.97,16.219999,15.93,16.09,59813024,1093059840.0
2022-11-08,16.120001,16.209999,15.94,16.1,37208128,678142400.0
2022-11-09,16.09,16.23,16.02,16.07,33356452,610214912.0
2022-11-10,15.98,16.370001,15.94,16.25,61765176,1135083136.0
2022-11-11,16.82,17.02,16.530001,16.780001,124793776,2365374976.0
2022-11-14,16.959999,17.34,16.82,17.02,134059200,2584313088.0
2022-11-15,16.93,17.91,16.93,17.620001,142483312,2808436480.0
2022-11-16,17.530001,17.690001,17.219999,17.25,73020752,1428915712.0
2022-11-17,17.18,17.309999,17.059999,17.280001,51361800,994845888.0
2022-11-18,17.27,17.32,16.940001,16.969999,56586484,1089377408.0
2022-11-21,16.82,16.82,16.52,16.67,46038104,866142976.0
2022-11-22,16.76,17.15,16.639999,16.98,53508776,1021392576.0
2022-11-23,16.950001,17.24,16.9,17.040001,48763728,939238720.0
2022-11-24,17.200001,17.309999,16.889999,16.92,40616460,781955008.0
2022-11-25,16.92,17.27,16.879999,17.17,54237448,1048979328.0
2022-11-28,16.82,16.870001,16.57,16.83,53679828,1013846272.0
2022-11-29,16.870001,17.73,16.870001,17.559999,121273256,2376980992.0
2022-11-30,17.469999,17.91,17.440001,17.639999,105567648,2100630656.0
2022-12-01,18.0,18.780001,17.75,17.790001,197949712,4043440640.0
2022-12-02,17.82,17.950001,17.559999,17.65,58584964,1164943744.0
2022-12-05,17.959999,18.700001,17.959999,18.65,168080560,3464056064.0
2022-12-06,18.450001,19.08,18.450001,18.719999,125161816,2623225856.0
2022-12-07,18.66,18.799999,18.32,18.41,76081408,1572242816.0
2022-12-08,18.370001,18.540001,18.219999,18.33,63247456,1296641408.0
2022-12-09,18.370001,18.58,18.08,18.459999,84404960,1730139520.0
2022-12-12,18.26,18.370001,17.98,18.059999,69433648,1410994432.0
2022-12-13,18.120001,18.32,18.030001,18.120001,59767148,1216271616.0
2022-12-14,18.17,18.52,17.98,18.360001,59059352,1209323904.0
2022-12-15,18.27,18.42,18.07,18.09,43305944,881017344.0
2022-12-16,18.040001,18.4,18.01,18.23,59449900,1209081472.0
2022-12-19,18.280001,18.42,17.68,17.780001,68277184,1376290816.0
2022-12-20,17.719999,17.92,17.379999,17.530001,48812040,967149184.0
2022-12-21,17.66,17.67,17.49,17.559999,29533480,583451968.0
2022-12-22,17.82,17.879999,17.59,17.690001,46856352,933124608.0
2022-12-23,17.549999,17.790001,17.5,17.610001,35493720,703233984.0
2022-12-26,17.57,17.73,17.440001,17.49,34223768,674190464.0
2022-12-27,17.620001,17.99,17.52,17.959999,59665272,1194599296.0
2022-12-28,17.879999,17.969999,17.780001,17.870001,31369784,628623808.0
2022-12-29,17.719999,17.799999,17.450001,17.6,48367876,954677760.0
2022-12-30,17.67,17.969999,17.67,17.73,44871280,897017216.0
2023-01-03,17.6,17.790001,17.18,17.719999,69294432,1365455616.0
2023-01-04,17.76,18.02,17.719999,17.969999,49264468,989875840.0
2023-01-05,18.120001,18.370001,18.030001,18.26,78058640,1591291264.0
2023-01-06,18.16,18.33,18.07,18.23,50333736,1026057472.0
2023-01-09,18.370001,18.719999,18.32,18.469999,78613352,1626914304.0
2023-01-10,18.42,18.58,18.23,18.26,47981044,986290688.0
2023-01-11,18.32,18.4,18.01,18.16,55266760,1125438208.0
2023-01-12,18.209999,18.290001,18.040001,18.280001,38784304,789388224.0
2023-01-13,18.280001,18.57,18.09,18.57,82863904,1704679680.0
2023-01-16,18.6,19.809999,18.48,19.360001,236624304,5085505536.0
2023-01-17,19.190001,19.49,19.120001,19.450001,80704744,1732795008.0
2023-01-18,19.33,19.52,19.200001,19.200001,59336900,1274724352.0
2023-01-19,19.15,19.450001,19.08,19.440001,67817960,1454364160.0
2023-01-20,19.459999,19.52,19.17,19.49,71077976,1534298752.0
2023-01-30,20.07,20.110001,19.280001,19.43,127823152,2779462656.0
2023-01-31,19.549999,19.65,19.110001,19.23,82906280,1786535936.0
2023-02-01,19.309999,20.0,19.23,19.91,100556616,2188098304.0
2023-02-02,20.290001,20.309999,19.219999,19.25,194369152,4207608064.0
2023-02-03,19.120001,19.200001,18.879999,19.18,81982032,1739508736.0
2023-02-06,18.98,18.98,18.620001,18.67,78873040,1652494592.0
2023-02-07,18.77,18.85,18.65,18.719999,41628584,870715008.0
2023-02-08,18.73,18.799999,18.629999,18.690001,30749474,642319296.0
2023-02-09,18.66,18.99,18.620001,18.99,50569212,1064504320.0
2023-02-10,18.92,18.92,18.700001,18.780001,38988600,818068352.0
2023-02-13,18.639999,18.85,18.57,18.75,47059216,982251456.0
2023-02-14,18.82,18.84,18.58,18.74,37826104,789200128.0
2023-02-15,18.709999,18.780001,18.530001,18.57,44150236,917073280.0
2023-02-16,18.59,18.870001,18.219999,18.389999,75467200,1570985472.0
2023-02-17,18.370001,18.469999,18.049999,18.059999,53464912,1094081536.0
2023-02-20,18.290001,18.92,18.23,18.860001,96545544,2006356608.0
2023-02-21,18.75,18.99,18.709999,18.91,71727168,1509584128.0
2023-02-22,18.82,18.92,18.549999,18.620001,69016736,1442714240.0
2023-02-23,18.629999,19.0,18.629999,18.85,69463256,1461387776.0
2023-02-24,18.870001,18.91,18.41,18.41,76029528,1576456320.0
2023-02-27,18.200001,18.360001,18.120001,18.26,37436200,765068160.0
2023-02-28,18.32,18.49,18.17,18.469999,41840608,858376704.0
2023-03-01,18.43,18.82,18.35,18.719999,57092048,1189825664.0
2023-03-02,18.66,18.809999,18.6,18.700001,39571172,826551680.0
2023-03-03,18.74,19.049999,18.67,18.99,71036144,1496285952.0
2023-03-06,19.0,19.01,18.450001,18.51,87747880,1829806848.0
2023-03-07,18.469999,18.98,18.290001,18.33,120109752,2501219072.0
2023-03-08,18.209999,18.27,18.07,18.18,67684040,1376618880.0
2023-03-09,18.26,18.33,18.08,18.1,44234896,900495808.0
2023-03-10,17.940001,17.98,17.73,17.809999,58713024,1176959616.0
2023-03-13,17.82,18.0,17.77,17.950001,44613132,895084608.0
2023-03-14,17.85,17.870001,17.51,17.68,56896128,1129415936.0
2023-03-15,17.860001,17.92,17.76,17.870001,49521096,992407872.0
2023-03-16,17.67,17.91,17.65,17.73,47292320,944159552.0
2023-03-17,17.870001,18.32,17.870001,17.98,88154824,1785662464.0
2023-03-20,17.98,18.24,17.83,17.870001,65184520,1316058880.0
2023-03-21,17.950001,18.17,17.870001,18.030001,43853464,885654400.0
2023-03-22,18.120001,18.200001,17.99,18.120001,53998248,1094844160.0
2023-03-23,17.98,18.32,17.950001,18.309999,50900684,1037667712.0
2023-03-24,18.280001,18.41,18.190001,18.34,42871624,878613184.0
2023-03-27,18.34,18.41,18.09,18.219999,51391664,1049583872.0
2023-03-28,18.26,18.309999,18.120001,18.209999,38034140,775246848.0
2023-03-29,18.299999,18.309999,17.92,18.030001,48101072,973412032.0
2023-03-30,17.99,18.440001,17.879999,18.299999,57689080,1173840768.0
2023-03-31,18.23,18.41,18.190001,18.299999,39027072,799826368.0
2023-04-03,18.299999,18.870001,18.290001,18.82,128558536,2680201216.0
2023-04-04,18.82,18.969999,18.719999,18.889999,99253592,2088420992.0
2023-04-06,18.870001,18.9,18.629999,18.709999,56680176,1186593280.0
2023-04-07,18.719999,19.17,18.65,18.99,78999864,1667342336.0
2023-04-10,19.139999,19.280001,18.870001,18.940001,84966504,1807635712.0
2023-04-11,19.07,19.530001,19.059999,19.16,116138992,2496887040.0
2023-04-12,19.16,19.299999,19.049999,19.16,61283348,1306727680.0
2023-04-13,19.040001,19.049999,18.75,18.76,64718440,1362170112.0
2023-04-14,18.83,18.950001,18.639999,18.77,48102496,1008174912.0
2023-04-17,18.77,19.6,18.73,19.6,162422800,3496576512.0
2023-04-18,19.59,19.74,19.42,19.549999,99057872,2156498944.0
2023-04-19,19.530001,19.549999,19.24,19.299999,65868388,1420881152.0
2023-04-20,19.23,19.41,19.15,19.370001,56848392,1220398208.0
2023-04-21,19.34,19.360001,18.620001,18.629999,95291728,2011565952.0
2023-04-24,18.610001,18.719999,18.309999,18.440001,71296672,1474860928.0
2023-04-25,18.42,18.719999,18.309999,18.540001,74554056,1540111232.0
2023-04-26,18.42,18.58,18.299999,18.450001,65194028,1343921024.0
2023-04-27,18.42,18.92,18.35,18.85,88640056,1848054656.0
2023-04-28,18.6,19.049999,18.35,18.84,126827872,2658143488.0
2023-05-04,18.65,19.280001,18.34,19.09,107027240,2253852672.0
2023-05-05,19.190001,20.049999,19.17,19.75,218306576,4787990528.0
2023-05-08,19.620001,20.799999,19.469999,20.51,283876224,6358561280.0
2023-05-09,20.700001,21.73,20.52,20.559999,402373600,9384941568.0
2023-05-10,20.32,20.48,19.59,19.709999,210339984,4656419840.0
2023-05-11,19.74,19.93,19.540001,19.620001,83092672,1820599680.0
2023-05-12,19.58,19.700001,19.25,19.32,85129080,1838150016.0
2023-05-15,19.290001,19.719999,18.9,19.639999,112291816,2414280192.0
2023-05-16,19.620001,19.969999,19.5,19.620001,80485512,1760859520.0
2023-05-17,19.52,19.719999,19.370001,19.48,48331984,1048547392.0
2023-05-18,19.49,19.84,19.42,19.49,60472352,1316619136.0
2023-05-19,19.42,19.42,19.030001,19.110001,76675280,1634752000.0
2023-05-22,19.09,19.280001,19.030001,19.120001,48494920,1032995584.0
2023-05-23,19.1,19.139999,18.67,18.67,77384568,1625452032.0
2023-05-24,18.66,18.66,18.08,18.1,109007648,2233926656.0
2023-05-25,18.030001,18.18,17.92,18.139999,66011740,1336241664.0
2023-05-26,18.139999,18.309999,17.98,18.190001,45769268,930327424.0
2023-05-29,18.18,18.26,18.040001,18.17,50016272,1017562176.0
2023-05-30,18.209999,18.280001,17.92,18.18,65588312,1330113792.0
2023-05-31,18.120001,18.120001,17.77,17.870001,98247800,1970325120.0
2023-06-01,17.870001,18.129999,17.780001,17.92,75012544,1508997248.0
2023-06-02,17.969999,18.09,17.93,18.01,88261976,1782217088.0
2023-06-05,18.02,18.040001,17.799999,17.82,61300448,1231346304.0
2023-06-06,17.82,18.030001,17.620001,17.65,74098024,1482148352.0
2023-06-07,17.67,17.860001,17.629999,17.690001,47680280,949185856.0
2023-06-08,17.700001,18.110001,17.559999,18.02,77134632,1548094720.0
2023-06-09,18.0,18.120001,17.9,18.0,51067840,1030974912.0
2023-06-12,17.969999,17.99,17.65,17.67,89754720,1788103808.0
2023-06-13,17.629999,17.82,17.629999,17.799999,50998972,1016642752.0
2023-06-14,17.82,18.08,17.799999,17.82,75619128,1521827712.0
2023-06-15,17.950001,18.18,17.85,18.120001,83087920,1679572480.0
2023-06-16,18.15,18.25,18.040001,18.209999,70242568,1428084224.0
2023-06-19,18.200001,18.200001,17.91,17.969999,67958304,1371655424.0
2023-06-20,17.969999,18.030001,17.82,17.879999,60137880,1207409408.0
2023-06-21,17.84,17.91,17.639999,17.67,51231780,1022579968.0
2023-06-26,17.48,17.48,17.1,17.110001,83398000,1618562432.0
2023-06-27,17.120001,17.379999,17.120001,17.309999,37666568,731925824.0
2023-06-28,17.290001,17.360001,17.18,17.32,38411664,747052096.0
2023-06-29,17.309999,17.389999,17.190001,17.26,29588576,575913728.0
2023-06-30,17.24,17.73,17.24,17.6,51832944,1022917696.0
2023-07-03,17.620001,18.209999,17.6,18.059999,87162944,1757998848.0
2023-07-04,18.0,18.23,17.98,18.1,46244364,938334592.0
2023-07-05,18.08,18.16,17.969999,17.969999,34373312,695068864.0
2023-07-06,17.82,18.049999,17.790001,17.870001,42141344,845509312.0
2023-07-07,17.790001,18.059999,17.74,17.950001,41507408,834597696.0
2023-07-10,17.98,18.110001,17.84,17.940001,33942820,684436032.0
2023-07-11,18.02,18.120001,17.969999,18.059999,35391124,716118208.0
2023-07-12,18.09,18.129999,17.879999,17.9,31557168,637090752.0
2023-07-13,18.01,18.360001,18.0,18.290001,80379280,1643443200.0
2023-07-14,18.35,18.4,18.209999,18.32,44511052,911724352.0
2023-07-17,18.26,18.26,18.02,18.1,34943896,708736512.0
2023-07-18,18.200001,18.209999,18.02,18.110001,27426248,556363968.0
2023-07-19,17.959999,18.25,17.959999,18.23,38718240,787116096.0
2023-07-20,18.32,18.370001,18.110001,18.120001,44111792,902068672.0
2023-07-21,18.120001,18.389999,18.09,18.18,44541500,909156736.0
2023-07-24,17.98,18.42,17.969999,18.209999,39666068,809092416.0
2023-07-25,19.120001,19.57,18.809999,19.4,259002496,5533914112.0
2023-07-26,19.370001,19.620001,19.26,19.6,128430176,2778444032.0
2023-07-27,19.59,19.790001,19.290001,19.34,91624328,1988769920.0
2023-07-28,19.290001,21.49,19.280001,21.49,441337728,10176122880.0
2023-07-31,22.120001,22.690001,21.719999,21.92,446501696,10869043200.0
2023-08-01,21.719999,22.09,21.200001,21.49,273839904,6526470656.0
2023-08-02,21.5,22.41,21.469999,21.67,223960832,5398448640.0
2023-08-03,22.280001,22.66,21.610001,22.25,263385728,6391229952.0
2023-08-04,22.82,23.92,22.309999,22.52,467781280,11765352448.0
2023-08-07,22.1,22.700001,21.73,22.59,191968944,4694751744.0
2023-08-08,22.24,23.219999,21.700001,22.719999,248817952,6180883968.0
2023-08-09,22.459999,23.02,22.35,22.73,163923648,4073148160.0
2023-08-10,22.719999,23.02,22.57,23.02,187211152,4681327616.0
2023-08-11,22.799999,22.799999,21.799999,21.92,280168736,6841019392.0
2023-08-14,21.32,22.049999,21.32,21.57,193848608,4625763840.0
2023-08-15,21.549999,21.959999,21.450001,21.93,149124720,3567792896.0
2023-08-16,21.58,22.459999,21.26,21.83,145308336,3500021760.0
2023-08-17,21.620001,22.049999,21.32,21.77,133095472,3171207680.0
2023-08-18,22.08,22.65,21.790001,21.790001,160076736,3906812160.0
2023-08-21,21.49,21.58,20.709999,20.76,211663792,4904903168.0
2023-08-22,21.049999,21.290001,20.719999,21.040001,127726696,2960309504.0
2023-08-23,20.93,21.059999,20.610001,20.620001,75234312,1729102976.0
2023-08-24,20.83,21.74,20.77,21.379999,155638416,3652547072.0
2023-08-25,21.299999,21.950001,21.139999,21.74,134360544,3140901120.0
2023-08-28,24.08,24.08,21.969999,22.1,505635392,12580600832.0
2023-08-29,21.68,22.059999,21.209999,21.690001,251146128,5863110656.0
2023-08-30,21.690001,21.690001,20.84,20.870001,231633504,5279777792.0
2023-08-31,20.870001,21.030001,20.49,20.51,121641392,2724111104.0
2023-09-01,20.629999,20.959999,20.52,20.690001,99838608,2237552384.0
2023-09-04,20.82,21.07,20.610001,20.879999,99220960,2237230592.0
2023-09-05,20.780001,20.780001,20.549999,20.690001,64690752,1444051072.0
2023-09-06,20.549999,20.629999,20.27,20.440001,97795656,2165464832.0
2023-09-07,20.440001,20.73,20.32,20.43,85782400,1902128384.0
2023-09-08,20.34,20.629999,20.09,20.559999,73570096,1624647040.0
2023-09-11,20.610001,21.09,20.42,20.91,112708152,2535351040.0
2023-09-12,20.82,20.93,20.67,20.700001,65593392,1472288768.0
2023-09-13,20.75,20.77,20.49,20.59,55895304,1245310848.0
2023-09-14,20.58,20.690001,20.469999,20.6,55979680,1245730176.0
2023-09-15,20.65,20.690001,20.26,20.360001,74910248,1655739520.0
2023-09-18,20.26,20.459999,20.129999,20.450001,59728432,1316765312.0
2023-09-19,20.450001,20.459999,20.27,20.33,47937180,1056327488.0
2023-09-20,20.299999,20.360001,20.040001,20.209999,39326744,863974528.0
2023-09-21,20.129999,20.34,20.030001,20.040001,49302908,1075917824.0
2023-09-22,20.0,20.959999,19.98,20.92,127837680,2845536768.0
2023-09-25,20.790001,20.790001,20.16,20.209999,103685408,2283798016.0
2023-09-26,20.18,20.450001,20.139999,20.290001,57162592,1256759808.0
2023-09-27,20.219999,20.49,20.219999,20.34,58367836,1287934720.0
2023-09-28,20.379999,20.469999,19.959999,19.969999,85442576,1857947648.0
2023-10-09,19.73,20.049999,19.4,19.99,70771448,1518711552.0
2023-10-10,20.120001,20.17,19.719999,19.74,40555404,875088896.0
2023-10-11,19.889999,19.98,19.76,19.82,39384580,848855680.0
2023-10-12,20.190001,20.290001,19.959999,20.07,57707112,1259034624.0
2023-10-13,19.889999,19.950001,19.77,19.83,37522824,808262912.0
2023-10-16,19.780001,20.02,19.629999,19.82,42436712,913187520.0
2023-10-17,19.9,20.5,19.82,20.26,85770888,1878763520.0
2023-10-18,20.120001,20.35,20.07,20.17,46929088,1026300480.0
2023-10-19,20.01,20.24,19.83,19.870001,79091680,1716268544.0
2023-10-20,19.74,20.059999,19.709999,19.84,65423352,1408421632.0
2023-10-23,19.67,19.780001,19.360001,19.49,54602624,1157653760.0
2023-10-24,19.610001,20.09,19.559999,19.93,76561296,1645720704.0
2023-10-25,20.23,20.41,20.040001,20.15,78453064,1716120448.0
2023-10-26,20.02,20.209999,19.82,20.110001,53043192,1151839744.0
2023-10-27,19.969999,20.49,19.709999,20.34,92986344,2036093824.0
2023-10-30,20.17,20.190001,19.639999,19.91,102883744,2219521536.0
2023-10-31,19.889999,20.17,19.809999,20.02,67283392,1459095680.0
2023-11-01,20.24,20.35,19.809999,20.040001,58170120,1262852992.0
2023-11-02,20.040001,20.18,19.790001,19.84,48260340,1044968128.0
2023-11-03,19.84,20.209999,19.73,20.17,89510264,1944098944.0
2023-11-06,20.860001,21.35,20.57,21.139999,193512624,4386204160.0
2023-11-07,20.92,21.23,20.889999,21.1,96608032,2201868288.0
2023-11-08,21.09,21.129999,20.719999,20.889999,91889392,2074489472.0
2023-11-09,20.780001,20.92,20.610001,20.77,61013592,1370665728.0
2023-11-10,20.66,20.860001,20.610001,20.77,56773176,1273422336.0
2023-11-13,20.77,20.790001,20.52,20.6,53295812,1187792896.0
2023-11-14,20.620001,21.26,20.610001,20.93,110552704,2503959040.0
2023-11-15,21.200001,21.23,20.83,20.91,72854272,1653764224.0
2023-11-16,20.91,21.01,20.73,20.74,46210072,1041928832.0
2023-11-17,20.639999,20.83,20.549999,20.83,48463924,1084784384.0
2023-11-20,20.82,20.83,20.379999,20.66,58828188,1309022848.0
2023-11-21,20.780001,21.15,20.67,20.75,74422240,1681355648.0
2023-11-22,20.620001,20.790001,20.51,20.52,36460256,814714368.0
2023-11-23,20.52,20.6,20.23,20.549999,49874640,1103374720.0
2023-11-24,20.5,20.549999,20.34,20.360001,46539972,1030017536.0
2023-11-27,20.309999,20.32,19.82,20.0,82089880,1776390400.0
2023-11-28,19.99,20.09,19.83,19.92,46339788,1002729408.0
2023-11-29,19.969999,19.969999,19.610001,19.709999,49881324,1068905920.0
2023-11-30,19.709999,19.809999,19.59,19.76,47745436,1021759168.0
2023-12-01,19.719999,19.93,19.620001,19.870001,49445464,1061627008.0
2023-12-04,19.82,19.93,19.709999,19.719999,37454416,805841216.0
2023-12-05,19.65,19.790001,19.41,19.440001,47729212,1015731776.0
2023-12-06,19.4,19.49,19.26,19.26,46364680,976104832.0
2023-12-07,19.209999,19.440001,19.129999,19.34,43100352,904550144.0
2023-12-08,19.33,19.469999,19.26,19.26,46835044,985080384.0
2023-12-11,19.110001,19.559999,18.9,19.52,71746848,1499788032.0
2023-12-12,19.379999,19.51,19.34,19.440001,41815144,882611584.0
2023-12-13,19.43,19.43,19.01,19.02,66797748,1391965568.0
2023-12-14,19.110001,19.18,18.790001,18.809999,54777008,1131395712.0
2023-12-15,18.879999,19.120001,18.75,18.77,58935208,1212153728.0
2023-12-18,18.709999,18.9,18.629999,18.75,42235912,863807552.0
2023-12-19,18.74,18.950001,18.67,18.950001,48547224,996618112.0
2023-12-20,18.92,18.93,18.450001,18.469999,61428052,1248872192.0
2023-12-21,18.42,18.66,18.34,18.58,53244408,1076501120.0
2023-12-22,18.51,18.700001,18.33,18.59,53062024,1073349248.0
2023-12-25,18.49,18.610001,18.299999,18.32,49795696,1000339776.0
2023-12-26,18.309999,18.360001,18.040001,18.16,40262336,799476224.0
2023-12-27,18.139999,18.389999,17.93,18.209999,63184176,1253913600.0
2023-12-28,18.139999,18.76,18.120001,18.68,87208000,1761385728.0
2023-12-29,18.639999,18.85,18.59,18.68,64438236,1314516736.0
2024-01-02,18.690001,18.709999,18.370001,18.379999,58776512,1183084032.0
2024-01-03,18.309999,18.559999,18.290001,18.49,54751356,1101533824.0
2024-01-04,18.43,18.469999,18.15,18.309999,50391804,1006917568.0
2024-01-05,18.26,18.49,17.969999,18.1,69614776,1387740160.0
2024-01-08,18.030001,18.17,17.709999,17.73,62567092,1222235520.0
2024-01-09,17.73,17.870001,17.639999,17.77,45845832,892306240.0
2024-01-10,17.76,17.940001,17.57,17.77,52596064,1024533120.0
2024-01-11,17.790001,17.969999,17.65,17.91,44793312,874928704.0
2024-01-12,17.809999,18.040001,17.76,17.83,39747112,778895680.0
2024-01-15,17.67,18.0,17.639999,17.790001,33855796,659832768.0
2024-01-16,17.76,17.93,17.530001,17.889999,58008392,1127694976.0
2024-01-17,17.809999,17.84,17.530001,17.530001,56149064,1088333184.0
2024-01-18,17.379999,17.85,17.09,17.799999,112136640,2140221952.0
2024-01-19,17.610001,17.889999,17.559999,17.780001,69114136,1343840512.0
2024-01-22,17.709999,17.879999,17.23,17.440001,98447056,1907709440.0
2024-01-23,17.360001,18.26,17.25,18.09,115286960,2254756608.0
2024-01-24,18.190001,18.93,17.92,18.83,145399264,2920645120.0
2024-01-25,18.65,19.01,18.440001,18.870001,154279392,3154344704.0
2024-01-26,18.709999,19.389999,18.620001,19.139999,148255680,3064826624.0
2024-01-29,19.030001,19.200001,18.84,18.889999,89354432,1849438720.0
2024-01-30,18.76,19.110001,18.59,18.75,90056672,1848202240.0
2024-01-31,18.66,19.030001,18.559999,18.809999,79319768,1627214336.0
2024-02-01,18.610001,19.09,18.59,18.75,76505056,1572023040.0
2024-02-02,18.75,18.83,17.98,18.49,102218152,2061606656.0
2024-02-05,18.389999,18.83,18.07,18.49,99699064,2008152320.0
2024-02-06,18.469999,19.530001,18.309999,19.450001,121024552,2509414144.0
2024-02-07,19.33,19.59,19.209999,19.49,112172568,2367112704.0
2024-02-08,19.610001,19.84,19.389999,19.559999,100939584,2149634048.0
2024-02-19,19.43,19.43,18.860001,19.16,95223928,1979888128.0
2024-02-20,19.040001,19.48,18.99,19.299999,88862864,1858587008.0
2024-02-21,19.209999,20.02,19.120001,19.690001,128712976,2749494272.0
2024-02-22,19.58,20.110001,19.540001,20.040001,109404056,2365137920.0
2024-02-23,20.049999,20.09,19.77,19.83,77753584,1679100288.0
2024-02-26,19.85,19.940001,19.620001,19.65,64641352,1386960256.0
2024-02-27,19.629999,19.780001,19.540001,19.77,81028400,1728538368.0
2024-02-28,19.83,20.049999,19.309999,19.309999,117292456,2512179712.0
2024-02-29,19.309999,19.66,19.26,19.610001,96392296,2037055616.0
2024-03-01,19.610001,19.75,19.41,19.629999,72393608,1537955200.0
2024-03-04,19.639999,19.67,19.370001,19.469999,59070856,1250669952.0
2024-03-05,19.34,19.549999,19.33,19.49,79044488,1672330752.0
2024-03-06,19.48,19.709999,19.34,19.41,65445064,1385700096.0
2024-03-07,19.379999,19.51,19.02,19.120001,89248568,1868871424.0
2024-03-08,19.110001,19.209999,19.02,19.110001,46543288,967921216.0
2024-03-11,19.200001,19.51,19.18,19.5,75836856,1598127872.0
2024-03-12,19.610001,19.76,19.469999,19.709999,82088824,1749861632.0
2024-03-13,19.709999,19.74,19.360001,19.379999,63546808,1345066752.0
2024-03-14,19.32,19.469999,19.02,19.110001,67506032,1410848000.0
2024-03-15,19.02,19.200001,18.9,19.18,60880392,1262584832.0
2024-03-18,19.200001,19.74,19.18,19.57,102678960,2177023232.0
2024-03-19,19.530001,19.530001,19.120001,19.139999,72465688,1522354560.0
2024-03-20,19.08,19.280001,19.049999,19.15,47950220,999311232.0
2024-03-21,19.18,19.48,19.110001,19.139999,68056120,1423455104.0
2024-03-22,19.139999,19.18,18.75,18.809999,76624904,1576797440.0
2024-03-25,18.110001,18.23,17.809999,17.809999,179974208,3533742848.0
2024-03-26,17.719999,17.93,17.719999,17.91,76399832,1490546304.0
2024-03-27,17.83,17.85,17.629999,17.66,68782248,1335178752.0
2024-03-28,17.610001,17.84,17.540001,17.620001,103701496,2007001600.0
2024-03-29,17.59,17.59,17.41,17.51,86723088,1661488256.0
2024-04-01,17.610001,17.75,17.610001,17.719999,90708672,1757060992.0
2024-04-02,17.73,17.780001,17.59,17.620001,68856336,1331754368.0
2024-04-03,17.59,17.6,17.440001,17.469999,53094836,1018810176.0
2024-04-08,17.309999,17.379999,17.09,17.23,72459952,1371551744.0
2024-04-09,17.209999,17.360001,17.190001,17.24,44879328,850475072.0
2024-04-10,17.200001,17.219999,16.66,16.719999,97599832,1813346688.0
2024-04-11,16.65,16.83,16.6,16.65,61275916,1126874624.0
2024-04-12,16.66,16.73,16.209999,16.25,105756736,1909255552.0
2024-04-15,15.81,16.23,15.57,16.049999,179911648,3165646080.0
2024-04-16,15.82,16.309999,15.79,15.94,124925192,2217573632.0
2024-04-17,15.89,16.42,15.76,16.41,120547544,2145695232.0
2024-04-18,16.32,16.84,16.290001,16.52,134937616,2464131328.0
2024-04-19,16.41,16.610001,16.370001,16.440001,78230984,1420736128.0
2024-04-22,16.440001,16.860001,16.440001,16.59,77961624,1429239808.0
2024-04-23,16.629999,16.74,16.51,16.58,66568808,1217707136.0
2024-04-24,16.559999,16.639999,16.360001,16.58,54856952,998853312.0
2024-04-25,16.559999,16.629999,16.42,16.49,51667856,940710848.0
2024-04-26,16.860001,17.58,16.68,17.469999,225574144,4248412928.0
2024-04-29,17.48,17.83,17.360001,17.690001,188665200,3638439680.0
2024-04-30,17.559999,17.67,17.26,17.32,102240992,1955881344.0
2024-05-06,17.559999,17.76,17.43,17.52,107831816,2079020160.0
2024-05-07,17.51,17.559999,17.379999,17.43,65979248,1262187136.0
2024-05-08,17.34,17.41,17.059999,17.09,78310256,1478924672.0
2024-05-09,17.139999,17.33,17.129999,17.219999,74266704,1404596224.0
2024-05-10,17.25,17.450001,17.16,17.370001,90579368,1720456320.0
2024-05-13,17.34,17.440001,17.07,17.290001,81422536,1542516608.0
2024-05-14,17.32,17.34,17.139999,17.32,66901856,1266821504.0
2024-05-15,17.370001,17.4,17.049999,17.059999,77412096,1459083392.0
2024-05-16,17.110001,17.290001,17.049999,17.09,60508936,1139557632.0
2024-05-17,17.09,17.530001,17.040001,17.5,101014104,1918998144.0
2024-05-20,17.5,17.82,17.459999,17.6,132560648,2568987392.0
2024-05-21,17.540001,17.67,17.459999,17.549999,56540132,1088790400.0
2024-05-22,17.51,17.67,17.459999,17.620001,64484220,1243525632.0
2024-05-23,17.52,17.58,17.15,17.18,86317824,1640457728.0
2024-05-24,17.110001,17.23,16.83,16.9,72645880,1360105856.0
2024-05-27,16.91,17.07,16.85,17.040001,58370292,1087384832.0
2024-05-28,16.99,17.219999,16.91,16.93,47092168,881360384.0
2024-05-29,16.870001,17.110001,16.870001,16.959999,37977768,709786496.0
2024-05-30,16.9,16.99,16.76,16.870001,47548868,882503744.0
2024-05-31,16.950001,17.15,16.889999,16.93,51955220,971574144.0
2024-06-03,16.860001,16.870001,16.66,16.74,58595708,1079851008.0
2024-06-04,16.74,16.92,16.74,16.870001,48649748,901981184.0
2024-06-05,16.83,16.98,16.83,16.85,45134224,838900160.0
2024-06-06,16.889999,16.99,16.74,16.799999,59233268,1098537216.0
2024-06-07,16.860001,16.91,16.51,16.690001,57164344,1052028672.0
2024-06-11,16.59,16.790001,16.59,16.65,45270976,832296192.0
2024-06-12,16.620001,16.690001,16.58,16.59,41591120,761921792.0
2024-06-13,16.610001,16.67,16.51,16.57,46159592,842708352.0
2024-06-14,16.549999,17.08,16.51,16.940001,121165400,2242525184.0
2024-06-17,16.82,16.98,16.77,16.969999,59644132,1108331648.0
2024-06-18,16.959999,17.200001,16.91,17.02,57472968,1077622144.0
2024-06-19,17.049999,17.049999,16.83,16.84,46344892,861542400.0
2024-06-20,16.84,16.91,16.67,16.690001,42317416,780553088.0
2024-06-21,16.709999,16.9,16.559999,16.75,60417024,1111691904.0
2024-06-24,16.719999,16.879999,16.709999,16.73,51976656,960506560.0
2024-06-25,16.74,16.77,16.309999,16.43,74915912,1362945536.0
2024-06-26,16.4,16.76,16.33,16.709999,51017304,933106624.0
2024-06-27,16.67,16.77,16.559999,16.709999,54151268,996013888.0
2024-06-28,16.67,16.91,16.440001,16.540001,70738608,1300681088.0
2024-07-01,16.5,16.59,16.309999,16.51,46620988,845784512.0
2024-07-02,16.459999,16.700001,16.440001,16.5,40020688,730763520.0
2024-07-03,16.5,16.74,16.379999,16.690001,43434364,794590720.0
2024-07-04,16.66,16.76,16.34,16.35,52014444,946439296.0
2024-07-05,16.41,16.41,16.01,16.120001,78678400,1401453952.0
2024-07-08,16.01,16.09,15.76,15.81,60217256,1058986176.0
2024-07-09,15.78,16.219999,15.66,16.17,64141160,1131167616.0
2024-07-10,16.120001,16.76,16.07,16.48,91748768,1669558528.0
2024-07-11,16.57,16.76,16.49,16.629999,55823832,1023550016.0
2024-07-12,16.639999,16.719999,16.540001,16.67,36218180,664064576.0
2024-07-15,16.67,16.860001,16.629999,16.77,53440140,986784192.0
2024-07-16,16.799999,17.16,16.709999,17.040001,84941176,1588630400.0
2024-07-17,17.01,17.219999,16.969999,17.16,83777184,1578637952.0
2024-07-18,17.17,17.309999,16.950001,17.280001,88410384,1668453888.0
2024-07-19,17.27,17.75,17.23,17.700001,159109632,3066945280.0
2024-07-22,18.299999,18.549999,17.879999,18.5,370449504,7364393984.0
2024-07-23,18.16,18.18,17.49,17.51,257122944,5022003712.0
2024-07-24,17.379999,17.610001,17.07,17.190001,168789712,3198694144.0
2024-07-25,17.15,17.65,17.1,17.33,130620672,2490783488.0
2024-07-26,17.23,17.85,17.18,17.57,113424536,2186433024.0
2024-07-29,17.360001,17.5,17.17,17.190001,95943048,1821926912.0
2024-07-30,17.129999,17.280001,17.049999,17.23,70006288,1320638592.0
2024-07-31,17.23,18.43,17.190001,18.110001,225317632,4428709376.0
2024-08-01,17.860001,18.129999,17.82,17.889999,126438936,2483167488.0
2024-08-02,17.790001,17.959999,17.459999,17.52,97703184,1890702080.0
2024-08-05,17.43,17.73,17.4,17.43,96617016,1859377664.0
2024-08-06,17.629999,17.68,17.24,17.42,75060008,1433376768.0
2024-08-07,17.43,17.530001,17.24,17.280001,57245072,1088904064.0
2024-08-08,17.24,17.530001,17.16,17.379999,64732496,1233211136.0
2024-08-09,17.450001,17.51,17.190001,17.200001,53998400,1027402368.0
2024-08-12,17.129999,17.23,17.030001,17.18,45072580,848463360.0
2024-08-13,17.16,17.389999,17.110001,17.370001,47472448,898005760.0
2024-08-14,17.299999,17.379999,17.139999,17.16,46502324,879791552.0
2024-08-15,17.15,17.610001,17.120001,17.459999,83514496,1597152640.0
2024-08-16,17.41,17.52,17.309999,17.41,45332128,865184320.0
2024-08-19,17.379999,17.530001,17.32,17.35,43305840,826900160.0
2024-08-20,17.370001,17.389999,17.18,17.24,41658616,788835136.0
2024-08-21,17.209999,17.290001,17.1,17.23,37924160,716968064.0
2024-08-22,17.309999,17.4,16.950001,17.040001,50241548,944929792.0
2024-08-23,17.02,17.51,17.0,17.41,68655880,1305618048.0
2024-08-26,17.41,17.5,17.15,17.24,58841280,1089938048.0
2024-08-27,17.18,17.290001,17.040001,17.24,40210256,739365120.0
2024-08-28,17.190001,17.309999,17.110001,17.209999,33370072,614642176.0
2024-08-29,17.280001,17.73,17.24,17.57,86632408,1629341696.0
2024-08-30,17.530001,18.26,17.5,18.07,142158144,2735400704.0
2024-09-02,17.969999,17.98,17.690001,17.700001,65395420,1243771520.0
2024-09-03,17.690001,18.030001,17.690001,17.9,50871884,971650944.0
2024-09-04,17.83,18.07,17.83,17.9,46710928,894498624.0
2024-09-05,17.83,17.959999,17.75,17.889999,52389480,999568000.0
2024-09-06,18.219999,18.360001,17.82,17.84,117612816,2270723840.0
2024-09-09,17.57,17.98,17.530001,17.76,72901488,1386724736.0
2024-09-10,17.82,17.84,17.530001,17.66,53073412,1001496960.0
2024-09-11,17.629999,17.860001,17.6,17.780001,46040784,874378112.0
2024-09-12,17.799999,17.82,17.620001,17.66,34125596,645613120.0
2024-09-13,17.690001,17.860001,17.620001,17.700001,46149992,876310784.0
2024-09-18,17.58,17.790001,17.549999,17.719999,37932608,716767616.0
2024-09-19,17.85,18.280001,17.73,18.120001,98938848,1906649088.0
2024-09-20,18.08,18.139999,17.91,18.07,62919700,1211200768.0
2024-09-23,18.1,18.25,17.950001,18.09,53651088,1037305216.0
2024-09-24,18.49,19.610001,18.18,19.6,286916352,5812378624.0
2024-09-25,20.07,20.559999,19.83,19.940001,300731808,6440028672.0
2024-09-26,19.790001,21.27,19.790001,21.26,309320320,6741430784.0
2024-09-27,22.18,23.51,21.48,23.51,279934720,6591736832.0
2024-09-30,25.98,25.98,25.219999,25.98,394917440,10719669248.0
2024-10-08,28.700001,28.700001,28.700001,28.700001,147521344,4413838336.0
2024-10-09,29.780001,31.67,27.549999,29.129999,1351455104,42197360640.0
2024-10-10,27.879999,28.52,26.26,26.530001,774670400,22003292160.0
2024-10-11,25.98,27.620001,25.459999,26.950001,485999040,13374058496.0
2024-10-14,26.75,26.76,24.85,26.24,450419072,12170846208.0
2024-10-15,25.780001,26.57,25.440001,25.5,278100864,7580601856.0
2024-10-16,24.889999,25.92,24.85,25.190001,259489200,6871284224.0
2024-10-17,25.280001,25.77,24.92,24.940001,206519360,5484875264.0
2024-10-18,24.9,27.559999,24.879999,26.690001,571182912,15746269184.0
2024-10-21,26.219999,26.68,25.98,26.24,363397696,10009390080.0
2024-10-22,26.26,26.690001,26.1,26.450001,223802080,6179374080.0
2024-10-23,26.459999,26.969999,26.25,26.35,279364960,7763427840.0
2024-10-24,26.18,26.49,25.889999,26.059999,162902256,4461535744.0
2024-10-25,26.059999,26.67,25.98,26.280001,166572080,4581169664.0
2024-10-28,26.290001,26.389999,26.120001,26.27,134573200,3691356672.0
2024-10-29,26.299999,26.74,25.98,26.01,186891632,5145710592.0
2024-10-30,26.030001,26.559999,25.950001,26.24,194475312,5331028992.0
2024-10-31,26.18,27.58,25.98,26.9,409520352,11535642624.0
2024-11-01,26.9,27.4,26.620001,26.73,272158176,7672168960.0
2024-11-04,26.790001,27.85,26.790001,27.84,274289696,7846310400.0
2024-11-05,28.01,29.77,27.469999,29.25,427442368,12816061440.0
2024-11-06,29.790001,31.780001,29.370001,29.860001,545096384,17240262656.0
2024-11-07,29.280001,32.970001,29.280001,32.970001,480450528,15537734656.0
2024-11-08,35.27,35.27,33.330002,33.66,745430272,26491205632.0
2024-11-11,32.330002,34.380001,31.879999,33.66,513305856,17642461184.0
2024-11-12,33.669998,33.880001,31.959999,32.709999,414565024,14166082560.0
2024-11-13,31.780001,32.27,31.25,31.700001,364705536,12011916288.0
2024-11-14,31.709999,32.41,31.370001,31.450001,255445072,8452183040.0
2024-11-15,31.450001,31.780001,29.889999,29.91,302257024,9658174464.0
2024-11-18,29.83,30.190001,29.16,29.450001,245026384,7563239936.0
2024-11-19,29.48,30.299999,29.26,30.08,219410608,6795769344.0
2024-11-20,30.120001,30.940001,29.790001,30.52,217290432,6873427456.0
2024-11-21,30.299999,30.9,30.16,30.67,190430592,6042276864.0
2024-11-22,30.67,30.76,29.02,29.110001,230577936,7164401664.0
2024-11-25,29.110001,29.280001,27.92,28.440001,231810112,6880269312.0
2024-11-26,28.459999,29.030001,28.370001,28.5,136519264,4077617152.0
2024-11-27,28.469999,29.07,28.27,29.059999,178303392,5342614016.0
2024-11-28,29.139999,29.190001,28.59,28.65,128196736,3858994176.0
2024-11-29,28.66,30.66,28.530001,29.530001,293290912,9039100928.0
2024-12-02,29.379999,30.24,29.27,30.049999,193238032,6024241152.0
2024-12-03,30.049999,30.24,29.48,29.860001,154230912,4787944448.0
2024-12-04,29.780001,29.98,29.4,29.58,117878576,3643248384.0
2024-12-05,29.48,30.030001,29.43,29.68,115893328,3584769792.0
2024-12-06,29.68,30.42,29.43,30.02,205417744,6420319744.0
2024-12-09,29.93,30.16,29.530001,29.9,125857168,3912475392.0
2024-12-10,31.780001,31.780001,30.17,30.26,306678400,9869463552.0
2024-12-11,30.209999,30.5,29.940001,30.120001,131147984,4119760384.0
2024-12-12,30.059999,30.76,29.82,30.440001,169464112,5331870720.0
2024-12-13,30.120001,30.129999,29.15,29.200001,201322640,6204088320.0
2024-12-16,29.08,29.129999,28.73,28.809999,126345328,3801767936.0
2024-12-17,28.790001,29.43,28.690001,29.01,119716600,3621328128.0
2024-12-18,29.18,29.280001,28.959999,29.07,69869448,2116480640.0
2024-12-19,28.780001,29.17,28.66,29.110001,92146784,2782391040.0
2024-12-20,29.110001,29.58,29.049999,29.360001,97771248,2964895232.0
2024-12-23,29.120001,29.549999,28.9,28.940001,104588904,3149338368.0
2024-12-24,28.940001,29.4,28.92,29.34,108200944,3264728064.0
2024-12-25,29.360001,29.41,28.92,29.110001,94086224,2833858816.0
2024-12-26,29.110001,29.35,28.969999,29.17,81141200,2447344128.0
2024-12-27,29.18,29.780001,28.940001,29.24,179264400,5429064704.0
2024-12-30,29.120001,29.559999,29.02,29.530001,120669104,3662919168.0
2024-12-31,29.549999,29.59,28.17,28.190001,198081280,5903231488.0
2025-01-02,28.0,28.02,26.190001,26.469999,282848736,7898902528.0
2025-01-03,26.360001,26.59,25.860001,25.99,183954608,4998126592.0
2025-01-06,25.82,26.129999,25.540001,26.08,123687712,3329164032.0
2025-01-07,26.120001,26.34,25.83,26.18,97972408,2650426368.0
2025-01-08,26.139999,26.299999,25.52,26.0,119233600,3199334656.0
2025-01-09,25.950001,26.139999,25.82,25.91,63000752,1699066112.0
2025-01-10,25.950001,26.1,25.48,25.48,80024976,2145973120.0
2025-01-13,25.18,25.610001,25.18,25.530001,66066388,1745282944.0
2025-01-14,25.639999,26.780001,25.57,26.719999,166624928,4556431360.0
2025-01-15,26.51,26.68,26.299999,26.389999,88863984,2439628800.0
2025-01-16,26.57,26.809999,26.040001,26.27,88458384,2422135552.0
2025-01-17,26.129999,26.610001,26.129999,26.33,67056248,1835393792.0
2025-01-20,26.57,26.870001,26.34,26.42,90952800,2509191168.0
2025-01-21,26.620001,26.66,26.27,26.440001,72906952,2001896832.0
2025-01-22,26.370001,26.450001,26.120001,26.25,70067080,1906375680.0
2025-01-23,26.84,27.52,26.450001,26.469999,162452768,4530428416.0
2025-01-24,26.450001,26.76,26.360001,26.559999,96903720,2672867072.0
2025-01-27,26.65,26.67,25.940001,25.950001,88625976,2413270272.0
2025-02-05,26.290001,26.290001,25.860001,25.969999,78652888,2123929216.0
2025-02-06,25.92,26.48,25.860001,26.389999,104484160,2841761024.0
2025-02-07,26.370001,27.690001,26.25,27.16,215736560,6040036352.0
2025-02-10,27.18,27.32,26.98,27.17,108905280,3061349632.0
2025-02-11,27.129999,27.15,26.85,26.99,89039232,2488585216.0
2025-02-12,26.99,27.370001,26.73,27.290001,115983824,3249412096.0
2025-02-13,27.290001,27.59,27.02,27.139999,147661664,4172564736.0
2025-02-14,27.02,27.389999,26.98,27.26,98633224,2779540224.0
2025-02-17,27.52,27.65,27.120001,27.309999,120864872,3429274368.0
2025-02-18,27.209999,27.25,26.48,26.559999,111498104,3107292416.0
2025-02-19,26.57,27.18,26.52,27.01,100071840,2792111360.0
2025-02-20,26.950001,27.08,26.74,26.91,71257048,1988990208.0
2025-02-21,26.91,27.629999,26.73,27.48,184740432,5232423936.0
2025-02-24,27.48,27.700001,27.129999,27.370001,119793304,3405197312.0
2025-02-25,27.120001,27.24,26.74,26.85,103860360,2906055936.0
2025-02-26,26.9,27.469999,26.780001,27.469999,139382672,3916115712.0
2025-02-27,27.25,27.52,26.85,27.26,144480000,4062952192.0
2025-02-28,27.18,27.6,26.32,26.35,159499104,4442533888.0
2025-03-03,26.450001,26.82,26.23,26.379999,106508984,2931519744.0
2025-03-04,26.24,26.51,26.18,26.379999,64173120,1755293952.0
2025-03-05,26.379999,26.5,26.139999,26.360001,78185648,2134914432.0
2025-03-06,26.530001,27.120001,26.52,27.02,156284416,4359222784.0
2025-03-07,26.82,26.91,26.540001,26.6,95791192,2653091584.0
2025-03-10,26.52,26.52,26.16,26.26,90443784,2465622784.0
2025-03-11,26.02,26.33,25.93,26.32,77948560,2112824064.0
2025-03-12,26.32,26.74,26.209999,26.32,97578616,2674523648.0
2025-03-13,26.27,26.469999,26.0,26.120001,86042864,2338986240.0
2025-03-14,26.25,27.48,26.16,27.09,261208384,7293137408.0
2025-03-17,27.200001,27.200001,26.85,26.879999,104001952,2908938752.0
2025-03-18,26.98,27.129999,26.860001,26.969999,68407224,1912300544.0
2025-03-19,26.950001,27.110001,26.85,26.950001,67762256,1893145472.0
2025-03-20,26.950001,26.969999,26.629999,26.700001,64119108,1777878912.0
2025-03-21,26.620001,26.73,26.07,26.110001,97701264,2668760576.0
2025-03-24,26.110001,26.219999,26.02,26.209999,66879004,1812137600.0
2025-03-25,26.219999,26.24,26.02,26.040001,53905068,1459856128.0
2025-03-26,26.040001,26.129999,25.959999,26.0,56408100,1523533184.0
2025-03-27,25.959999,26.18,25.73,25.92,72547232,1953678336.0
2025-03-28,26.0,26.049999,25.75,25.82,65897568,1769583872.0
2025-03-31,25.74,25.860001,25.32,25.540001,79783872,2115699456.0
2025-04-01,25.540001,25.68,25.41,25.459999,59639768,1580113152.0
2025-04-02,25.42,25.629999,25.370001,25.559999,45671868,1211260800.0
2025-04-03,25.32,25.74,25.32,25.459999,55867760,1479533312.0
2025-04-07,24.02,24.190001,22.82,23.040001,227729984,5537982464.0
2025-04-08,23.129999,23.610001,22.9,23.52,171895616,4187725056.0
2025-04-09,23.459999,24.139999,23.17,23.91,142335168,3510522624.0
2025-04-10,24.27,24.42,23.719999,24.16,122731520,3093831168.0
2025-04-11,24.15,24.610001,24.049999,24.379999,93228992,2355030784.0
2025-04-14,24.459999,24.51,24.23,24.25,63510016,1608059392.0
2025-04-15,24.209999,24.23,23.959999,24.129999,56251564,1409537536.0
2025-04-16,24.110001,24.27,23.790001,24.17,66204344,1651630464.0
2025-04-17,24.07,24.27,23.99,24.190001,48169472,1210732288.0
2025-04-18,24.08,24.27,24.02,24.17,47629384,1196730496.0
2025-04-21,24.09,24.299999,24.01,24.25,44137124,1112592256.0
2025-04-22,24.219999,24.32,24.1,24.1,45949112,1157699200.0
2025-04-23,24.25,24.299999,24.059999,24.15,48372380,1216639744.0
2025-04-24,24.139999,24.27,23.969999,24.02,51916076,1302315264.0
2025-04-25,24.120001,24.35,24.1,24.219999,67011320,1690527104.0
2025-04-28,24.219999,24.23,24.02,24.15,44065596,1106437376.0
2025-04-29,24.16,24.219999,23.98,24.030001,46258640,1158492288.0
2025-04-30,24.1,24.299999,24.040001,24.1,51451424,1293711616.0
2025-05-06,24.299999,24.700001,24.219999,24.530001,81902960,2086441344.0
2025-05-07,25.299999,25.440001,24.629999,24.690001,117323424,3040010240.0
2025-05-08,24.66,25.219999,24.57,24.879999,83674744,2170080256.0
2025-05-09,24.82,24.9,24.559999,24.57,47695836,1223488768.0
2025-05-12,24.799999,25.4,24.67,25.32,131458160,3436067328.0
2025-05-13,25.52,25.57,25.08,25.110001,79642616,2088033664.0
2025-05-14,25.07,26.76,25.030001,26.09,273905632,7367935488.0
2025-05-15,25.82,26.030001,25.540001,25.6,99456456,2657150208.0
2025-05-16,25.49,25.700001,25.15,25.23,71480000,1878231808.0
2025-05-19,25.200001,25.26,25.040001,25.129999,49274632,1285903232.0
2025-05-20,25.18,25.299999,25.08,25.110001,50524072,1320882688.0
2025-05-21,25.110001,25.219999,25.049999,25.059999,53649224,1400914048.0
2025-05-22,25.02,25.09,24.879999,25.01,44399456,1153132928.0
2025-05-23,24.950001,25.17,24.68,24.690001,66448184,1720713728.0
2025-05-26,24.67,24.790001,24.549999,24.639999,45069896,1154448384.0
2025-05-27,24.610001,24.65,24.440001,24.530001,43510492,1110726912.0
2025-05-28,24.559999,24.6,24.379999,24.440001,35473328,902758272.0
2025-05-29,24.43,24.809999,24.43,24.719999,54271636,1392291072.0
2025-05-30,24.6,24.67,24.389999,24.540001,54977072,1402145792.0
2025-06-03,24.42,24.799999,24.379999,24.610001,54994640,1407063936.0
2025-06-04,24.6,25.07,24.58,24.91,63914300,1653640832.0
2025-06-05,24.940001,25.25,24.879999,25.200001,85204552,2221904896.0
2025-06-06,25.200001,25.299999,24.969999,25.0,50405364,1313321216.0
2025-06-09,25.1,25.549999,25.1,25.450001,90876992,2399507200.0
2025-06-10,25.450001,25.51,24.84,24.969999,73534368,1920532864.0
2025-06-11,25.07,25.719999,25.02,25.4,103266560,2730197504.0
2025-06-12,25.190001,25.700001,25.08,25.459999,74801512,1978379520.0
2025-06-13,25.370001,25.459999,25.200001,25.32,73726528,1937850752.0
2025-06-16,25.219999,25.77,25.190001,25.700001,78096128,2072284928.0
2025-06-17,25.690001,25.74,25.540001,25.719999,51496764,1371101952.0
2025-06-18,25.719999,25.73,25.27,25.4,52304768,1381128448.0
2025-06-19,25.370001,25.440001,24.879999,24.93,65214672,1698490880.0
2025-06-20,24.93,25.07,24.9,24.9,41992436,1089208064.0
2025-06-23,24.799999,25.32,24.77,25.25,55235776,1439115648.0
2025-06-24,25.299999,26.09,25.280001,25.93,136424960,3659696384.0
2025-06-25,25.959999,27.219999,25.870001,27.049999,285636128,7881370112.0
2025-06-26,27.0,27.08,26.57,26.59,166940224,4633306624.0
2025-06-27,26.67,27.48,26.52,26.6,177658496,4968291840.0
2025-06-30,26.629999,26.870001,26.370001,26.639999,96862648,2670400256.0
2025-07-01,26.65,26.799999,26.33,26.41,70762352,1940654080.0
2025-07-02,26.42,26.540001,26.25,26.299999,57525052,1573744128.0
2025-07-03,26.41,26.77,26.379999,26.690001,72598920,2000459008.0
2025-07-04,26.620001,27.07,26.370001,26.68,102139376,2830151424.0
2025-07-07,26.549999,26.93,26.51,26.809999,57222376,1588782720.0
2025-07-08,26.74,27.1,26.73,27.040001,84580320,2365303808.0
2025-07-09,27.040001,27.280001,26.780001,26.83,80770208,2261446144.0
2025-07-10,26.799999,27.440001,26.74,27.25,142197216,4006903040.0
2025-07-11,27.35,28.309999,27.18,27.68,246501552,7099768832.0
2025-07-14,27.790001,27.84,27.4,27.43,100929720,2880998912.0
2025-07-15,27.469999,27.639999,27.1,27.26,94326840,2669330176.0
2025-07-16,27.26,27.35,26.92,27.1,76152360,2140328832.0
2025-07-17,27.09,27.4,27.030001,27.27,63999704,1801602048.0
2025-07-18,27.32,27.48,27.18,27.360001,66669832,1886801280.0
2025-07-21,27.469999,28.030001,27.360001,27.92,132900464,3827828736.0
2025-07-22,27.92,28.1,27.559999,27.950001,112187440,3231522048.0
2025-07-23,28.030001,29.08,28.02,28.799999,288781312,8542345728.0
2025-07-24,28.58,29.299999,28.5,29.059999,209784096,6293474304.0
2025-07-25,29.110001,29.24,28.629999,28.719999,121393488,3625225216.0
2025-07-28,28.75,29.450001,28.66,28.98,125792544,3779720704.0
2025-07-29,28.82,29.01,28.469999,28.969999,122993104,3656078848.0
2025-07-30,28.92,29.35,28.469999,28.799999,126880864,3797224704.0
2025-07-31,28.610001,28.92,27.870001,28.040001,141339520,4146844416.0
2025-08-01,28.02,28.219999,27.719999,27.77,96389080,2786733568.0
2025-08-04,27.67,28.01,27.620001,27.93,71371760,2055044736.0
2025-08-05,27.98,28.299999,27.9,28.200001,91358848,2654420736.0
2025-08-06,28.120001,28.280001,27.98,28.18,73924032,2153758208.0
2025-08-07,28.23,28.469999,27.959999,28.129999,88005632,2566335232.0
2025-08-08,28.120001,28.129999,27.84,27.9,65456136,1894690816.0
2025-08-11,27.91,28.67,27.91,28.4,126773496,3724263680.0
2025-08-12,28.459999,28.59,28.33,28.5,82051264,2415805696.0
2025-08-13,28.67,29.08,28.34,28.639999,200047872,5945238528.0
2025-08-14,28.73,29.219999,28.59,28.67,186187696,5562185728.0
2025-08-15,28.67,30.530001,28.530001,30.120001,400806624,12313562112.0
2025-08-18,30.209999,31.32,29.92,30.719999,356648192,11284011008.0
2025-08-19,30.52,30.85,29.959999,30.040001,196858256,6158371840.0
2025-08-20,29.92,30.18,29.370001,30.17,185823024,5718792704.0
2025-08-21,30.370001,30.440001,29.74,29.9,137901264,4284970496.0
2025-08-22,29.889999,31.24,29.879999,31.219999,270491968,8561038336.0
2025-08-25,31.799999,31.83,30.93,31.440001,251449184,8054612480.0
2025-08-26,31.24,31.389999,30.93,30.98,139998288,4459689472.0
2025-08-27,30.969999,31.379999,30.17,30.190001,209491696,6604013568.0
2025-08-28,30.200001,30.799999,29.99,30.799999,163948384,5092858368.0
2025-08-29,31.0,31.379999,30.65,30.780001,248687104,7870324224.0
2025-09-01,30.790001,30.85,30.200001,30.469999,170874304,5328087552.0
2025-09-02,30.5,30.629999,29.959999,30.08,170084592,5255367168.0
2025-09-03,30.27,30.370001,28.82,29.09,188476080,5681134592.0
2025-09-04,29.059999,29.209999,28.5,28.860001,181580656,5367895552.0
2025-09-05,28.870001,29.15,28.629999,29.129999,133373056,3946998016.0
2025-09-08,29.1,29.1,28.65,28.75,155119824,4576095744.0
2025-09-09,28.75,29.040001,28.68,28.82,117928408,3481157120.0
2025-09-10,28.870001,28.99,28.639999,28.780001,88404840,2609280768.0
2025-09-11,28.690001,29.629999,28.6,29.629999,186399072,5582043136.0
2025-09-12,29.66,29.73,29.0,29.08,147984320,4443482624.0
2025-09-15,29.16,29.450001,28.719999,28.889999,172454096,5134931968.0
2025-09-16,28.9,29.16,28.51,28.58,208344416,6137333248.0
2025-09-17,28.59,28.809999,28.26,28.290001,302415264,8823721984.0
2025-09-18,28.309999,28.49,27.450001,27.65,372997888,10712761344.0
2025-09-19,27.549999,27.9,27.440001,27.610001,166230032,4717340672.0
2025-09-22,27.75,28.18,27.66,28.08,155923424,4470772736.0
2025-09-23,27.93,28.110001,27.549999,27.799999,149735728,4261899008.0
2025-09-24,27.65,28.17,27.639999,27.99,155819808,4449992704.0
2025-09-25,27.93,28.139999,27.85,28.01,132806320,3815540224.0
2025-09-26,27.969999,28.290001,27.809999,28.02,126643056,3641096192.0
2025-09-29,28.02,30.790001,27.92,29.709999,593771456,17972867072.0
2025-09-30,29.58,29.9,29.040001,29.200001,295038784,8855514112.0
2025-10-09,28.9,29.549999,28.65,28.950001,380798464,11325172736.0
2025-10-10,28.940001,29.57,28.84,28.98,267585632,7995784192.0
2025-10-13,28.200001,28.790001,28.110001,28.5,211049328,6135453184.0
2025-10-14,28.5,29.01,28.23,28.33,195512448,5727412736.0
2025-10-15,28.440001,29.030001,28.360001,28.99,196485184,5779800576.0
2025-10-16,28.9,29.280001,28.799999,28.950001,159731520,4745901568.0
2025-10-17,28.959999,29.23,28.35,28.389999,173989888,5124858880.0
2025-10-20,28.700001,28.84,28.42,28.530001,122730688,3594768128.0
2025-10-21,28.610001,29.41,28.51,28.66,306867808,9070647296.0
2025-10-22,28.52,28.530001,28.32,28.49,122694824,3574148864.0
2025-10-23,28.5,28.879999,28.15,28.82,140360528,4096658176.0
2025-10-24,28.85,29.360001,28.799999,29.17,299094336,8892004352.0
2025-10-27,29.549999,29.93,29.129999,29.290001,461214208,13902243840.0
2025-10-28,29.280001,29.639999,29.1,29.299999,226331600,6798411264.0
2025-10-29,29.25,29.76,29.15,29.6,313670208,9477951488.0
2025-10-30,29.49,29.530001,28.92,28.98,245220848,7339678720.0
2025-10-31,29.02,29.17,28.67,28.68,167153232,4938189312.0
2025-11-03,28.65,28.68,28.23,28.52,139351696,4059197696.0
2025-11-04,28.48,28.549999,28.26,28.379999,119758944,3482779136.0
2025-11-05,28.23,28.469999,28.219999,28.360001,94055880,2735028224.0
2025-11-06,28.42,28.73,28.4,28.49,162561808,4753244672.0
2025-11-07,28.389999,28.42,28.25,28.299999,96072136,2787864832.0
2025-11-10,28.299999,28.76,28.26,28.6,162194016,4737134592.0
2025-11-11,28.639999,28.700001,28.299999,28.360001,104299536,3038989824.0
2025-11-12,28.370001,28.41,28.110001,28.200001,108630816,3144600832.0
2025-11-13,28.18,28.42,28.16,28.379999,117874904,3418473472.0
2025-11-14,28.25,28.26,27.92,27.940001,120170704,3463551744.0
2025-11-17,27.91,27.91,27.559999,27.59,107770904,3058387712.0
2025-11-18,27.57,27.73,27.469999,27.52,91515392,2589358336.0
2025-11-19,27.52,27.719999,27.5,27.6,84481272,2392792576.0
2025-11-20,28.15,28.24,27.58,27.6,152864288,4380360192.0
2025-11-21,27.309999,27.549999,26.6,26.6,169503920,4693752832.0
2025-11-24,26.700001,26.799999,26.559999,26.690001,89138880,2441061888.0
2025-11-25,26.77,26.950001,26.700001,26.77,80225904,2207852544.0
2025-11-26,26.82,27.02,26.74,26.9,68169456,1881110528.0
2025-11-27,26.83,27.110001,26.82,26.879999,64864740,1794367872.0
2025-11-28,26.91,26.940001,26.709999,26.889999,74659824,2055903488.0
2025-12-01,26.799999,27.030001,26.780001,26.969999,70798736,1956001664.0
2025-12-02,26.959999,26.99,26.65,26.67,65292152,1793505920.0
2025-12-03,26.75,26.870001,26.33,26.450001,78110536,2129256704.0
2025-12-04,26.440001,26.68,26.32,26.5,69237560,1882466816.0
2025-12-05,26.5,27.389999,26.459999,27.16,163790528,4536315392.0
2025-12-08,27.68,28.360001,27.68,28.0,314621664,9057705984.0
2025-12-09,27.82,28.129999,27.68,27.83,130128520,3717964288.0
2025-12-10,27.719999,27.870001,27.459999,27.82,99289688,2815735296.0
2025-12-11,27.85,27.879999,27.450001,27.59,74225024,2103229440.0
2025-12-12,27.559999,27.860001,27.379999,27.709999,106756984,3023765504.0
2025-12-15,27.559999,28.24,27.48,27.85,119324120,3418024704.0
2025-12-16,27.74,28.09,27.58,27.780001,100161600,2851192320.0
2025-12-17,27.780001,28.450001,27.700001,28.27,161703776,4662507520.0
2025-12-18,28.200001,28.200001,27.77,27.83,113593824,3248014080.0
2025-12-19,27.879999,28.24,27.77,27.98,98348152,2821714176.0
2025-12-22,27.92,28.09,27.9,27.950001,75331312,2160286720.0
2025-12-23,27.98,28.18,27.889999,27.93,94064656,2702038528.0
2025-12-24,27.91,28.129999,27.85,28.040001,78951920,2266348032.0
2025-12-25,28.049999,28.32,28.0,28.26,104494800,3020073472.0
2025-12-26,28.26,28.700001,28.200001,28.4,141352576,4122805504.0
2025-12-29,28.33,28.440001,28.16,28.24,90671096,2628004096.0
2025-12-30,28.16,28.32,28.049999,28.129999,85434792,2463949312.0
2025-12-31,28.1,28.370001,27.98,28.01,85634752,2470416896.0
2026-01-05,28.129999,28.66,28.1,28.629999,185177008,5402908160.0
2026-01-06,28.66,29.549999,28.629999,29.49,334935808,10055094272.0
2026-01-07,29.51,29.51,28.700001,28.799999,229502128,6829635072.0
2026-01-08,28.59,28.59,27.75,27.84,315027232,9039903744.0
2026-01-09,27.84,27.969999,27.65,27.870001,232677168,6628563968.0
2026-01-12,27.870001,28.15,27.709999,28.08,217308304,6227140608.0
2026-01-13,28.15,28.450001,27.780001,27.85,215969104,6226326528.0
2026-01-14,27.790001,28.43,27.450001,27.530001,321882336,9209656320.0
2026-01-15,27.68,28.1,27.530001,27.58,207814144,5904891904.0
2026-01-16,27.799999,27.870001,27.290001,27.379999,209581280,5914162176.0
2026-01-19,27.040001,27.27,27.0,27.209999,159433760,4437181952.0
2026-01-20,27.23,27.450001,27.209999,27.35,138513344,3884362752.0
2026-01-21,27.33,27.41,27.09,27.24,141050128,3943890432.0
2026-01-22,27.200001,27.52,27.120001,27.219999,172592480,4825498112.0
2026-01-23,27.299999,27.360001,27.0,27.07,188106128,5240083968.0
2026-01-26,27.07,27.74,27.01,27.370001,263751168,7423210496.0
2026-01-27,27.389999,27.440001,27.1,27.16,141523808,3957139712.0
2026-01-28,27.190001,27.48,27.07,27.24,171879376,4805814784.0
2026-01-29,27.200001,27.879999,27.0,27.860001,297781184,8387338240.0
2026-01-30,27.799999,27.82,27.379999,27.379999,190709536,5390994432.0
2026-02-02,27.389999,27.9,27.129999,27.16,181833600,5128515584.0
2026-02-03,27.370001,27.4,27.01,27.27,132291752,3686657536.0
2026-02-04,27.15,27.690001,27.139999,27.68,157219248,4440800768.0
2026-02-05,27.59,27.790001,27.43,27.59,115684168,3276268288.0
2026-02-06,27.5,27.66,27.4,27.459999,107402656,3027616768.0
2026-02-09,27.6,27.690001,27.469999,27.65,97053432,2718596608.0
2026-02-10,27.65,27.77,27.57,27.68,75629808,2124582784.0
2026-02-11,27.700001,27.74,27.540001,27.629999,83665984,2346138880.0
2026-02-12,27.620001,27.620001,27.360001,27.459999,95785416,2671181312.0
2026-02-13,27.459999,27.59,27.209999,27.209999,109046512,3032551424.0
2026-02-24,27.35,27.389999,27.200001,27.219999,84792808,2346720256.0
2026-02-25,27.23,27.48,27.200001,27.33,101623024,2823641600.0
2026-02-26,27.34,27.370001,26.92,26.969999,132628848,3647542528.0
2026-02-27,26.950001,27.08,26.77,26.959999,87758760,2400314624.0
2026-03-02,26.700001,26.790001,26.450001,26.66,130969368,3544086016.0
2026-03-03,26.65,26.969999,26.34,26.389999,160721152,4345572352.0
2026-03-04,26.190001,26.24,25.639999,25.73,150080112,3949873408.0
2026-03-05,25.92,26.030001,25.690001,25.799999,81899056,2150433792.0
2026-03-06,25.77,26.17,25.700001,26.02,77673336,2046673152.0
2026-03-09,25.6,25.6,25.219999,25.469999,126946528,3279905536.0
2026-03-10,25.690001,25.860001,25.59,25.719999,90837752,2371463168.0
2026-03-11,25.73,25.790001,25.530001,25.690001,88402600,2304795648.0
2026-03-12,25.59,25.67,25.389999,25.52,91861752,2381053184.0
2026-03-13,25.32,25.540001,25.25,25.34,80647744,2080610944.0
2026-03-16,25.25,25.280001,24.950001,25.09,115669800,2943468032.0
2026-03-17,25.09,26.139999,25.09,25.5,221171776,5770156544.0
2026-03-18,25.49,25.610001,25.34,25.559999,85965856,2224720640.0
2026-03-19,25.34,25.43,25.09,25.200001,107159440,2749163264.0
2026-03-20,25.209999,25.299999,24.889999,24.889999,100896256,2571973376.0
2026-03-23,24.59,24.59,23.68,23.879999,199265632,4887377408.0
2026-03-24,24.09,24.200001,23.67,23.950001,127910112,3112452352.0
2026-03-25,23.99,24.440001,23.950001,24.25,113477200,2792003840.0
2026-03-26,24.17,24.209999,23.639999,23.719999,113838928,2763937536.0
2026-03-27,23.639999,23.959999,23.6,23.85,94772016,2297623296.0
2026-03-30,23.58,23.76,23.469999,23.690001,90949320,2185349376.0
2026-03-31,23.690001,24.030001,23.620001,23.629999,102248552,2478632448.0
2026-04-01,24.02,24.190001,23.84,24.1,117145936,2865740032.0
2026-04-02,24.059999,24.059999,23.67,23.719999,78873568,1911165184.0
2026-04-03,23.809999,23.85,23.540001,23.57,71023360,1710796800.0
2026-04-07,23.58,23.67,23.360001,23.51,71443584,1708575488.0
2026-04-08,24.040001,24.360001,23.92,24.290001,152745984,3749420288.0
2026-04-09,24.07,24.07,23.690001,23.74,98740800,2393489152.0
2026-04-10,24.6,26.09,24.6,25.49,425932896,11036903424.0
2026-04-13,25.209999,25.870001,25.08,25.68,215163872,5591240704.0
2026-04-14,25.889999,25.959999,25.469999,25.780001,145346416,3792758784.0
2026-04-15,25.92,25.98,25.559999,25.6,110753832,2892097792.0
2026-04-16,25.709999,26.07,25.629999,25.9,143003568,3758618880.0
2026-04-17,25.790001,25.93,25.67,25.85,106035472,2777157632.0
2026-04-20,25.82,26.0,25.74,25.889999,96652120,2539846656.0
2026-04-21,25.84,26.0,25.74,25.889999,81388080,2136782208.0
2026-04-22,25.75,26.6,25.74,26.299999,191351728,5104261120.0
2026-04-23,26.17,26.360001,25.940001,26.07,120581832,3199251712.0
2026-04-24,25.959999,25.969999,25.639999,25.82,104235632,2725660416.0
2026-04-27,25.99,26.66,25.99,26.360001,154596432,4142580736.0
2026-04-28,26.440001,27.24,26.440001,26.889999,260790528,7136087552.0
2026-04-29,26.74,26.969999,26.610001,26.91,148566048,4043461120.0
2026-04-30,26.82,27.370001,26.66,26.809999,173001808,4730727936.0
2026-05-06,26.879999,27.43,26.879999,27.08,178738416,4921933824.0
2026-05-07,27.219999,27.280001,26.66,26.82,159363232,4335427072.0
2026-05-08,26.690001,26.790001,26.42,26.540001,130062480,3507949824.0
2026-05-11,26.42,27.07,26.34,26.92,196141088,5325455872.0
2026-05-12,26.940001,27.030001,26.719999,26.809999,128173640,3496454912.0
2026-05-13,26.74,27.049999,26.549999,26.74,122213720,3311273472.0
2026-05-14,26.790001,26.92,26.25,26.25,146758848,3965396736.0
2026-05-15,26.35,26.389999,25.77,25.940001,132231768,3503094016.0
2026-05-18,25.799999,26.02,25.57,25.75,101863488,2665343744.0
2026-05-19,25.709999,25.92,25.469999,25.860001,96224896,2511758336.0
2026-05-20,25.77,25.98,25.59,25.67,95927096,2507438080.0
2026-05-21,25.870001,26.68,25.790001,25.809999,229786128,6134095872.0
2026-05-22,25.969999,26.030001,25.4,25.459999,141086896,3664845568.0
2026-05-25,25.639999,26.030001,25.5,25.780001,128779400,3365988096.0
2026-05-26,25.77,26.27,25.48,25.799999,193176592,5073749504.0
2026-05-27,25.77,26.0,25.120001,25.360001,175360400,4543590400.0
2026-05-28,25.469999,25.549999,24.799999,24.940001,139450432,3548082176.0
2026-05-29,25.120001,26.34,25.120001,25.639999,328261120,8616486912.0
2026-06-01,25.6,25.9,25.120001,25.26,221410016,5715779584.0
2026-06-02,25.190001,25.27,24.84,25.17,178107952,4532467200.0
2026-06-03,25.09,25.49,24.93,25.190001,183238080,4695437312.0
2026-06-04,25.01,25.43,25.0,25.18,129374976,3310998528.0
2026-06-05,25.25,25.629999,25.18,25.26,158096176,4072685568.0
2026-06-08,25.0,25.42,24.940001,25.02,178432112,4557027328.0
2026-06-09,25.030001,25.16,24.799999,25.110001,104687560,2657722624.0
2026-06-10,25.059999,25.75,24.950001,25.66,174665312,4438405632.0
2026-06-11,25.6,26.049999,25.219999,25.51,145581168,3719902208.0
2026-06-12,25.559999,26.450001,25.309999,26.290001,269384512,7027638272.0
2026-06-15,26.450001,27.4,26.440001,26.860001,310465632,8358048768.0
2026-06-16,26.690001,27.290001,26.629999,27.25,220400144,5969042432.0
2026-06-17,27.280001,27.559999,27.16,27.370001,179774112,4915372544.0
2026-06-18,27.35,27.35,26.5,26.559999,193368720,5183913984.0
2026-06-22,26.450001,28.719999,26.379999,28.639999,527085152,14693428224.0
2026-06-23,28.700001,29.299999,28.15,28.32,389126496,11177509888.0
2026-06-24,28.18,28.799999,27.700001,27.889999,276274976,7747666944.0
2026-06-25,27.879999,29.059999,27.709999,28.98,378555104,10826964992.0
2026-06-26,28.799999,29.16,27.709999,27.74,289516672,8204892672.0
2026-06-29,28.0,28.92,27.950001,28.49,253478656,7202425856.0
2026-06-30,28.33,28.950001,28.32,28.73,220333440,6310883328.0
2026-07-01,28.66,29.879999,28.51,29.469999,428245120,12572442624.0
2026-07-02,29.370001,29.43,28.559999,28.620001,285532256,8229007872.0
2026-07-03,28.879999,29.120001,28.33,28.950001,230606864,6628384256.0
2026-07-06,29.52,29.65,28.92,29.23,223854400,6534266368.0
2026-07-07,29.139999,29.139999,28.25,28.450001,189730752,5421569024.0
2026-07-08,28.290001,28.549999,27.98,28.0,135465072,3823541504.0
2026-07-09,28.01,28.76,27.799999,28.68,190382864,5375263232.0
2026-07-10,28.6,28.74,28.25,28.4,167482400,4762803712.0
2026-07-13,28.379999,28.49,27.93,28.120001,159038432,4482410496.0
2026-07-14,28.0,28.059999,27.4,28.0,176676464,4904300544.0
2026-07-15,27.93,28.83,27.84,28.6,187021376,5304478208.0
2026-07-16,28.34,28.440001,27.99,28.1,138492704,3898053376.0
2026-07-17,28.0,28.27,27.6,27.6,170077856,4751646720.0
2026-07-20,27.76,28.389999,27.76,28.280001,190738400,5360957440.0
2026-07-21,28.5,28.5,27.950001,28.34,169076848,4772798464.0
2026-07-22,28.139999,28.370001,27.91,28.299999,109541560,3086715392.0
2026-07-23,28.379999,28.719999,28.16,28.620001,131524840,3749532672.0
2026-07-24,28.6,28.6,27.889999,27.950001,129621944,3651964672.0
2026-07-27,28.299999,28.299999,27.77,28.26,105471512,2963799552.0
2026-07-28,28.1,28.15,27.799999,28.09,103669288,2894487808.0
2026-07-29,28.09,28.540001,27.83,28.5,150701936,4260319744.0
2026-07-30,28.280001,28.6,28.110001,28.49,133149344,3777281792.0
2026-07-31,28.51,28.83,28.379999,28.43,165775536,4740201984.0
2026-08-03,28.190001,28.299999,28.059999,28.27,104924752,2955403776.0
2026-08-04,28.219999,28.42,27.969999,28.0,126536408,3556041472.0
2026-08-05,28.01,28.299999,27.9,28.18,122848328,3458998016.0
