timestamps,open,high,low,close,volume,amount
2010-01-04,7.96,7.96,7.73,7.74,9526558,185187712.0
2010-01-05,7.74,8.13,7.59,8.08,20534020,403771488.0
2010-01-06,8.22,9.18,8.22,8.6,43955696,919264960.0
2010-01-07,8.59,8.82,8.22,8.22,20012006,408398816.0
2010-01-11,8.62,8.68,8.03,8.12,11496329,231769824.0
2010-01-12,8.3,8.68,8.29,8.45,18096248,370935520.0
2010-01-13,8.21,8.68,8.02,8.4,18428542,376209088.0
2010-01-14,8.43,8.99,8.22,8.9,29773768,621666880.0
2010-01-15,8.99,9.28,8.86,8.92,25729374,549338240.0
2010-01-18,8.93,9.2,8.74,9.12,16568399,351824096.0
2010-01-19,9.12,9.24,8.94,9.02,12244883,261448112.0
2010-01-20,9.01,9.01,8.31,8.34,16568137,342598368.0
2010-01-21,8.33,8.56,8.25,8.35,9347841,190148864.0
2010-01-22,8.22,8.38,7.82,8.08,12856069,255517376.0
2010-01-25,8.04,8.18,7.88,7.9,6524520,129493064.0
2010-01-26,7.88,8.14,7.56,7.82,13618900,267281888.0
2010-01-27,7.86,7.88,7.5,7.69,8865770,171597648.0
2010-01-28,7.74,8.11,7.62,8.09,10924699,215189360.0
2010-01-29,8.1,8.4,7.96,8.22,9689626,195062432.0
2010-02-01,8.24,8.48,8.08,8.29,8910762,179882256.0
2010-02-02,8.29,8.42,8.19,8.23,7637174,154604784.0
2010-02-03,8.11,8.34,7.72,7.87,15226730,299508704.0
2010-02-04,7.94,8.13,7.82,8.01,7435400,147216576.0
2010-02-05,7.82,7.97,7.48,7.68,7625294,147347456.0
2010-02-08,7.69,7.71,7.48,7.54,5833999,112183776.0
2010-02-09,7.49,7.61,7.36,7.43,6323258,120014616.0
2010-02-10,7.58,7.74,7.5,7.7,4982461,95824352.0
2010-02-11,7.72,7.84,7.69,7.75,3851293,74780712.0
2010-02-12,7.76,7.85,7.69,7.78,4888055,94780440.0
2010-02-22,7.82,8.38,7.73,8.27,12514636,250466832.0
2010-02-23,8.22,8.47,8.03,8.38,11540643,233125504.0
2010-02-24,8.32,9.12,8.24,8.94,26135404,547773952.0
2010-02-25,9.04,9.39,8.9,8.98,23612672,506413184.0
2010-02-26,8.96,9.23,8.87,9.04,19558020,419589312.0
2010-03-01,9.16,9.26,8.95,8.97,13616792,291112320.0
2010-03-02,8.99,9.05,8.67,8.72,13311235,278600704.0
2010-03-03,8.76,9.05,8.72,8.84,11276267,238211888.0
2010-03-04,8.88,9.03,8.36,8.54,11488867,240086688.0
2010-03-05,8.58,8.72,8.4,8.69,7430557,153532320.0
2010-03-08,8.7,9.19,8.64,9.02,15540232,330889248.0
2010-03-09,9.02,9.13,8.88,8.96,8044298,171118160.0
2010-03-10,8.98,9.21,8.49,8.59,11447733,240224608.0
2010-03-11,8.67,8.8,8.39,8.54,7491986,154505984.0
2010-03-12,8.64,8.72,8.4,8.46,8053753,165441392.0
2010-03-15,8.42,8.56,8.34,8.51,5483979,112241200.0
2010-03-16,8.54,8.6,8.18,8.38,8104274,164268640.0
2010-03-17,8.41,8.62,8.35,8.59,7800746,159964432.0
2010-03-18,8.66,8.74,8.48,8.52,10658255,220282096.0
2010-03-19,8.5,8.56,8.3,8.53,8248147,168109968.0
2010-03-22,8.49,8.77,8.42,8.75,8720684,180541696.0
2010-03-23,8.82,8.89,8.59,8.67,8068314,167469616.0
2010-03-24,8.73,8.78,8.6,8.64,7872491,163602688.0
2010-03-25,8.93,9.12,8.76,8.82,38578800,813222848.0
2010-03-26,8.83,8.95,8.62,8.79,18783480,392438208.0
2010-03-29,8.82,8.98,8.77,8.88,17201128,362982336.0
2010-03-30,8.88,8.88,8.66,8.75,15336697,320212160.0
2010-03-31,8.74,8.92,8.65,8.83,13089773,273875008.0
2010-04-01,8.82,9.08,8.77,9.05,19815324,419930016.0
2010-04-02,9.07,9.09,8.92,9.06,10858332,230839952.0
2010-04-06,9.12,9.4,9.02,9.12,17755402,382501760.0
2010-04-07,9.12,9.24,8.98,9.21,12401978,265209632.0
2010-04-08,9.22,9.82,9.17,9.62,32042876,709039744.0
2010-04-09,9.65,9.9,9.54,9.82,22282838,497932320.0
2010-04-12,9.86,10.25,9.66,9.97,23560152,535690464.0
2010-04-13,9.98,10.41,9.49,10.13,29692120,678988480.0
2010-04-14,10.16,10.42,9.98,10.41,18699564,430913248.0
2010-04-15,10.43,10.93,10.3,10.34,25280520,597260672.0
2010-04-16,10.23,10.68,9.94,10.34,16976904,395283872.0
2010-04-19,10.15,10.96,10.02,10.1,28496156,671335296.0
2010-04-20,10.1,10.96,9.89,10.95,34873508,826201344.0
2010-04-21,11.06,12.22,11.02,11.81,44333368,1123426176.0
2010-04-22,11.89,12.23,11.52,12.04,35427568,905552768.0
2010-04-23,11.86,11.98,11.36,11.49,24306180,613467712.0
2010-04-26,11.4,11.74,11.16,11.22,17364016,431962272.0
2010-04-27,11.28,11.62,11.09,11.46,22128928,548444864.0
2010-04-28,11.16,11.51,10.93,11.18,14552908,357539040.0
2010-04-29,11.26,11.34,10.06,10.1,32145272,760521024.0
2010-04-30,9.96,9.99,9.14,9.73,26406964,585249024.0
2010-05-04,9.16,10.31,9.16,10.19,15284212,348604064.0
2010-05-05,10.05,10.82,9.96,10.69,12532685,293088544.0
2010-05-06,10.7,10.8,10.09,10.16,11841937,277717248.0
2010-05-07,9.96,10.25,9.69,9.76,10427833,236344016.0
2010-05-10,9.7,10.04,9.16,9.48,10914598,239878160.0
2010-05-11,9.86,9.96,8.76,8.84,11511143,248471696.0
2010-05-12,8.82,9.15,8.69,8.98,8981845,189865248.0
2010-05-13,8.98,9.54,8.76,9.48,10893754,235178496.0
2010-05-17,9.28,9.68,8.79,8.88,10541722,228710720.0
2010-05-18,8.88,9.08,8.26,8.88,9707966,202018944.0
2010-05-19,8.72,9.2,8.56,8.81,7479177,157474240.0
2010-05-20,8.68,9.17,8.62,8.82,8393773,177562592.0
2010-05-21,8.42,9.07,8.33,8.92,7947022,165576768.0
2010-05-24,9.04,9.74,9.04,9.56,10106802,222274528.0
2010-05-25,9.5,10.05,9.32,9.46,14659634,327449568.0
2010-05-26,9.46,9.74,9.42,9.58,7043330,155877152.0
2010-05-27,9.58,10.07,9.42,9.97,10095614,226270608.0
2010-05-28,10.16,10.65,10.11,10.22,21565856,504172192.0
2010-05-31,10.15,10.45,9.65,9.69,10408201,238714384.0
2010-06-01,9.64,9.96,9.04,9.49,12726464,279632352.0
2010-06-02,9.41,9.65,9.17,9.62,10043107,220015984.0
2010-06-03,9.76,10.06,9.62,9.72,11707644,264238528.0
2010-06-04,9.66,9.8,9.49,9.71,4921557,109428768.0
2010-06-07,9.41,9.67,9.29,9.64,5243192,115376920.0
2010-06-08,9.59,9.9,9.54,9.74,6785922,151984896.0
2010-06-10,9.95,10.28,9.74,10.08,14746546,337973792.0
2010-06-11,10.06,10.26,9.82,9.85,10287039,234735792.0
2010-06-17,10.04,10.29,8.82,8.91,23985696,524709760.0
2010-06-18,8.75,8.75,7.73,7.96,21228406,424810400.0
2010-06-21,7.82,8.18,7.54,8.1,9006405,177222784.0
2010-06-22,8.09,8.36,8.0,8.14,7626253,153219440.0
2010-06-23,8.05,8.16,7.9,8.08,4654343,92313976.0
2010-06-24,8.09,8.19,7.98,8.07,3300582,65545760.0
2010-06-25,8.0,8.06,7.54,7.71,5047445,97828376.0
2010-06-28,7.69,7.81,7.29,7.37,6391678,121509328.0
2010-06-29,7.4,7.48,6.48,6.49,10748209,193314128.0
2010-06-30,6.36,6.65,6.15,6.49,6286462,108644240.0
2010-07-01,6.56,6.56,5.79,5.8,10748017,181466736.0
2010-07-02,5.7,5.88,5.27,5.8,8387336,135734656.0
2010-07-05,5.58,5.71,5.41,5.56,4324645,69708944.0
2010-07-06,5.62,6.03,5.56,5.97,6696933,110843208.0
2010-07-07,5.91,6.22,5.9,6.22,6464070,109242464.0
2010-07-08,6.32,6.46,6.19,6.44,7311230,126245904.0
2010-07-09,6.53,6.8,6.28,6.67,7008388,123838656.0
2010-07-12,6.76,6.88,6.64,6.82,7594701,136156240.0
2010-07-13,6.79,6.79,6.14,6.32,6843941,118897528.0
2010-07-14,6.37,6.59,6.34,6.52,5002275,87284376.0
2010-07-15,6.46,6.58,6.21,6.23,4261740,74075384.0
2010-07-16,6.32,6.46,6.03,6.31,5315530,91080656.0
2010-07-19,6.34,6.59,6.22,6.55,8243500,143312416.0
2010-07-20,6.75,7.33,6.69,7.24,19013568,349590816.0
2010-07-21,7.41,7.59,7.19,7.5,13573198,255960048.0
2010-07-22,7.45,7.53,7.19,7.52,14399140,271077824.0
2010-07-23,7.68,7.69,7.38,7.53,12137267,230958784.0
2010-07-26,7.62,8.25,7.54,7.99,17523692,229333040.0
2010-07-27,7.87,7.99,7.61,7.75,17514116,226340800.0
2010-07-28,7.84,8.13,7.78,8.08,18732652,246011488.0
2010-07-29,8.09,8.24,7.92,8.05,21899692,289037312.0
2010-07-30,8.07,8.18,7.97,8.13,16231056,214018976.0
2010-08-02,8.18,8.8,8.18,8.79,29081458,397994688.0
2010-08-03,8.89,8.91,8.55,8.55,24968096,345561792.0
2010-08-04,8.44,8.79,8.39,8.78,20907132,285474688.0
2010-08-05,8.87,9.19,8.78,9.07,26442456,373509664.0
2010-08-06,9.11,9.13,8.78,9.11,20091884,283131456.0
2010-08-09,9.15,9.27,9.01,9.16,21506744,306470848.0
2010-08-10,9.19,9.23,8.47,8.51,24791458,345655616.0
2010-08-11,8.4,8.72,8.34,8.57,15280989,208151712.0
2010-08-12,8.44,8.51,8.19,8.21,20625192,276736864.0
2010-08-13,8.21,8.48,7.9,8.43,19985318,266373680.0
2010-08-16,8.39,9.05,8.39,8.93,32790860,459514912.0
2010-08-18,9.02,9.15,8.58,8.72,27083556,376917056.0
2010-08-19,8.73,8.93,8.59,8.68,19342700,267468064.0
2010-08-20,8.63,8.63,7.9,8.03,44438716,589780608.0
2010-08-23,8.06,8.2,7.99,8.15,16909588,223348800.0
2010-08-24,8.15,8.29,7.83,8.26,23336008,307977280.0
2010-08-25,8.18,8.37,8.03,8.15,17069150,226969776.0
2010-08-26,8.27,8.59,8.08,8.57,24245442,326741120.0
2010-08-27,8.54,8.55,8.35,8.52,15612410,211723248.0
2010-08-30,8.62,9.25,8.62,9.24,54553304,770912704.0
2010-08-31,9.14,9.72,9.05,9.63,48130948,697572096.0
2010-09-01,9.63,9.98,9.12,9.38,36233704,529547200.0
2010-09-02,9.5,9.68,9.24,9.6,27753192,404328544.0
2010-09-03,9.68,9.69,9.09,9.26,28535452,412009312.0
2010-09-06,9.34,9.39,9.02,9.17,19109680,272896608.0
2010-09-07,9.09,9.36,9.05,9.34,20523624,293403776.0
2010-09-08,9.27,9.29,9.1,9.18,13234620,189217344.0
2010-09-09,9.25,9.57,8.94,9.02,25756444,370506560.0
2010-09-10,9.04,9.79,9.04,9.59,37686160,548035392.0
2010-09-13,9.64,9.84,9.59,9.69,38397368,569409664.0
2010-09-14,9.69,9.78,9.34,9.48,26060732,380592256.0
2010-09-15,9.46,9.46,9.09,9.19,20609860,296205376.0
2010-09-16,9.23,9.23,8.29,8.56,27817592,381413632.0
2010-09-17,8.59,8.85,8.58,8.77,20150700,278897120.0
2010-09-20,8.77,8.82,8.47,8.5,13466605,184755216.0
2010-09-21,8.56,8.61,8.27,8.4,8456581,114457552.0
2010-09-27,8.52,8.84,8.52,8.75,11771643,162317856.0
2010-09-28,8.69,8.94,8.65,8.87,12839644,179316544.0
2010-09-29,8.87,8.89,8.48,8.52,9930438,136429728.0
2010-09-30,8.45,8.69,8.4,8.66,8944274,122414296.0
2010-10-08,8.73,9.22,8.64,9.05,20100704,283806432.0
2010-10-11,9.09,9.16,8.63,8.86,44394544,616058752.0
2010-10-12,8.8,8.8,8.49,8.64,28103942,386107360.0
2010-10-13,8.64,8.69,8.34,8.56,31798744,431971616.0
2010-10-14,8.59,8.66,8.34,8.39,26720964,362259648.0
2010-10-15,8.36,8.63,8.29,8.52,25913288,352082624.0
2010-10-18,8.53,8.56,7.87,8.09,51403000,675031552.0
2010-10-19,8.11,8.44,8.11,8.38,29589736,395465184.0
2010-10-20,8.24,9.09,8.08,9.08,60686340,838785344.0
2010-10-21,9.14,9.45,8.89,9.08,56581864,807477120.0
2010-10-22,9.11,9.36,9.04,9.14,39864464,569979072.0
2010-10-25,9.21,9.33,9.04,9.27,44507888,636533184.0
2010-10-26,9.31,10.02,9.17,10.0,79198632,1168827136.0
2010-10-27,10.21,10.68,9.53,9.65,78163848,1194203136.0
2010-10-28,9.47,9.49,8.92,9.14,52097912,743930432.0
2010-10-29,9.07,9.26,8.9,9.17,25940288,367821856.0
2010-11-01,9.19,9.36,8.99,9.31,39248936,561581952.0
2010-11-02,9.34,9.44,9.1,9.13,36007864,515963488.0
2010-11-03,9.19,9.26,9.03,9.07,22178214,316035040.0
2010-11-04,9.07,9.24,9.0,9.18,29783536,423809952.0
2010-11-05,9.29,9.58,9.05,9.5,47824620,691556416.0
2010-11-08,9.54,9.87,9.54,9.82,54128760,803228288.0
2010-11-09,9.89,9.98,9.58,9.97,51013140,760241792.0
2010-11-10,10.04,10.75,9.89,10.2,89850832,1394300416.0
2010-11-11,10.14,10.36,9.84,9.86,54918052,836150080.0
2010-11-12,9.78,9.78,8.89,8.94,52040908,748977792.0
2010-11-15,8.89,9.39,8.89,9.32,34402456,490158432.0
2010-11-16,9.34,10.2,9.19,9.59,88032656,1311660544.0
2010-11-17,9.31,9.55,8.52,8.61,46571160,657776832.0
2010-11-18,8.63,8.87,8.46,8.69,21373584,294818368.0
2010-11-19,8.74,9.09,8.64,9.05,24822252,346653888.0
2010-11-22,8.89,9.28,8.79,9.17,25802128,365689632.0
2010-11-23,9.09,9.09,8.61,8.82,23514626,327427968.0
2010-11-24,8.7,9.85,8.69,9.58,47820000,689738112.0
2010-11-25,9.59,10.02,9.47,9.66,50542788,749737728.0
2010-11-26,9.72,9.83,9.35,9.62,32715044,479382752.0
2010-11-29,9.6,10.25,9.54,10.03,77296976,1165062528.0
2010-11-30,10.09,10.09,8.99,9.41,51259512,748937280.0
2010-12-01,9.29,9.3,8.99,9.09,23990388,341392576.0
2010-12-02,9.29,9.35,9.04,9.12,21674664,309465568.0
2010-12-03,9.12,9.27,8.99,9.16,15366698,218750432.0
2010-12-06,9.29,9.66,9.23,9.65,43917552,639892352.0
2010-12-07,9.51,9.56,9.09,9.47,24202256,349416832.0
2010-12-08,9.39,9.59,9.17,9.23,22208868,321193888.0
2010-12-09,9.14,9.18,8.84,8.84,22921026,322894496.0
2010-12-10,8.79,9.05,8.77,9.02,12143789,170545728.0
2010-12-13,9.22,9.57,9.1,9.39,45044348,649968896.0
2010-12-14,9.49,9.76,9.41,9.5,32680730,479093952.0
2010-12-15,9.52,10.04,9.38,9.83,61597128,917191296.0
2010-12-16,9.69,9.79,9.54,9.6,24089156,355411904.0
2010-12-17,9.6,9.74,9.49,9.7,19961326,294084128.0
2010-12-20,9.73,9.75,8.87,9.21,37492832,538529216.0
2010-12-21,9.26,9.49,9.01,9.48,23887182,342978720.0
2010-12-22,9.39,9.52,9.17,9.22,15732483,226755776.0
2010-12-23,9.09,9.33,8.97,9.04,15468723,220413920.0
2010-12-24,8.93,9.11,8.84,8.97,12474468,175522944.0
2010-12-27,9.03,9.11,8.5,8.59,19614274,274089024.0
2010-12-28,8.49,8.6,8.04,8.1,17405978,232382016.0
2010-12-29,8.19,8.29,8.09,8.27,8841035,117695360.0
2010-12-30,8.35,8.41,8.2,8.26,9465616,126872776.0
2010-12-31,8.29,8.43,8.22,8.36,15000849,201733680.0
2011-01-04,8.44,8.57,8.26,8.52,16710791,226117312.0
2011-01-05,8.49,8.67,8.36,8.37,15829972,215069968.0
2011-01-06,8.38,8.47,8.14,8.2,16939512,225904080.0
2011-01-07,8.22,8.43,8.2,8.28,12211507,163560064.0
2011-01-10,8.23,8.27,7.75,7.8,17742168,232414944.0
2011-01-11,7.77,7.86,7.6,7.75,8751154,112032280.0
2011-01-12,7.75,7.87,7.64,7.83,6687413,86057792.0
2011-01-13,7.85,8.03,7.79,7.89,8522937,111027424.0
2011-01-14,7.9,7.97,7.76,7.8,8115207,105239896.0
2011-01-17,7.8,7.8,6.97,7.06,12436406,155478656.0
2011-01-18,6.99,7.06,6.7,7.02,8349653,100292424.0
2011-01-19,7.02,7.15,6.91,7.13,7682052,93531048.0
2011-01-20,7.13,7.14,6.46,6.51,15836387,187179904.0
2011-01-21,6.49,6.73,6.04,6.7,17866874,205874288.0
2011-01-24,6.59,7.03,6.45,6.84,16338643,193975536.0
2011-01-25,6.8,6.81,6.55,6.66,5127040,60349516.0
2011-01-26,6.69,6.77,6.56,6.67,6533028,76884248.0
2011-01-27,6.64,6.83,6.46,6.67,10667355,125636424.0
2011-01-28,6.69,6.95,6.69,6.93,9804970,117113376.0
2011-01-31,6.95,7.03,6.78,6.92,13184263,157916656.0
2011-02-01,6.92,6.95,6.81,6.84,6182606,74054720.0
2011-02-09,6.78,6.95,6.6,6.83,7654402,91539560.0
2011-02-10,6.84,7.23,6.79,7.19,14524193,177324160.0
2011-02-11,7.2,7.36,7.19,7.32,12655076,156699904.0
2011-02-14,7.32,7.58,7.32,7.44,16699022,209774960.0
2011-02-15,7.45,7.56,7.36,7.38,19053276,238821152.0
2011-02-16,7.34,7.9,7.34,7.79,24011434,305625696.0
2011-02-17,7.91,7.99,7.63,7.77,16119616,207908480.0
2011-02-18,7.77,7.77,7.44,7.49,13115330,165995168.0
2011-02-21,7.36,7.66,7.34,7.65,12040231,152083952.0
2011-02-22,7.66,7.71,7.26,7.29,14448232,181228016.0
2011-02-23,7.22,7.46,7.18,7.41,9643656,120336368.0
2011-02-24,7.38,7.53,7.25,7.51,11422661,143141648.0
2011-02-25,7.54,7.63,7.34,7.57,10823972,136489904.0
2011-02-28,7.64,7.66,7.37,7.57,10813417,136467824.0
2011-03-01,7.79,8.08,7.79,7.9,31335656,408646976.0
2011-03-02,7.84,8.28,7.73,8.11,31491020,415155328.0
2011-03-03,8.28,8.28,7.64,7.65,28212712,366019040.0
2011-03-04,7.7,7.77,7.53,7.75,12288519,156902544.0
2011-03-07,7.79,7.85,7.69,7.82,19990596,257425664.0
2011-03-08,7.82,7.82,7.61,7.74,16298344,208769776.0
2011-03-09,7.71,7.8,7.62,7.66,12296342,157412656.0
2011-03-10,7.67,7.81,7.6,7.66,13910000,178423824.0
2011-03-11,7.63,7.74,7.54,7.58,13147356,167798032.0
2011-03-14,7.48,7.83,7.48,7.81,16421272,210647136.0
2011-03-15,7.81,7.81,7.18,7.41,20255440,253979120.0
2011-03-17,7.43,7.6,7.21,7.3,17160630,214884672.0
2011-03-18,7.4,7.49,7.28,7.34,7853303,97848632.0
2011-03-21,7.34,7.39,7.01,7.08,15504406,189550608.0
2011-03-22,7.05,7.12,6.89,6.97,15048891,181827936.0
2011-03-23,6.95,7.09,6.85,7.05,10389374,125708760.0
2011-03-24,7.07,7.14,6.94,7.04,11607676,140878672.0
2011-03-25,7.04,7.13,6.97,7.11,13749539,167248288.0
2011-03-28,7.09,7.32,7.04,7.26,16196040,199668896.0
2011-03-29,7.22,7.22,6.93,6.97,13859071,168344784.0
2011-03-30,6.95,7.0,6.67,6.73,16281169,193336816.0
2011-03-31,6.73,6.88,6.58,6.61,11668556,137505600.0
2011-04-01,6.65,6.74,6.56,6.73,6248057,73479416.0
2011-04-06,6.72,6.76,6.54,6.57,16803264,197197168.0
2011-04-07,6.58,6.75,6.54,6.75,9783603,115409184.0
2011-04-08,6.75,6.89,6.64,6.89,9962020,118715696.0
2011-04-11,6.92,7.0,6.72,6.77,10819968,129101568.0
2011-04-12,6.77,6.84,6.66,6.71,9401461,111215960.0
2011-04-13,6.72,6.97,6.68,6.95,11578415,138692240.0
2011-04-14,6.96,7.02,6.9,6.92,9696276,116948208.0
2011-04-15,6.89,6.98,6.79,6.87,8185935,98004024.0
2011-04-18,6.87,7.06,6.84,7.05,12408697,149502752.0
2011-04-19,6.99,6.99,6.81,6.86,10051383,120579576.0
2011-04-20,6.86,7.2,6.79,7.13,19679242,238456832.0
2011-04-21,7.16,7.34,6.99,7.01,21921494,268788576.0
2011-04-22,7.01,7.02,6.75,6.78,15200871,181394304.0
2011-04-25,6.76,6.77,6.57,6.61,10129843,119059184.0
2011-04-26,6.64,6.82,6.6,6.63,6315127,74540048.0
2011-04-27,6.68,6.72,6.44,6.49,7400793,86384120.0
2011-04-28,6.62,6.62,6.21,6.21,8985751,103231136.0
2011-04-29,6.2,6.43,6.2,6.4,4888732,55906080.0
2011-05-03,6.44,6.54,6.37,6.52,5123790,59401540.0
2011-05-04,6.47,6.49,6.19,6.32,7225155,82717784.0
2011-05-05,6.39,6.72,6.34,6.65,12291442,143869856.0
2011-05-06,6.57,6.8,6.5,6.78,12272652,145454592.0
2011-05-09,6.79,6.82,6.64,6.71,7579990,89571824.0
2011-05-10,6.71,6.8,6.62,6.78,6046272,71398728.0
2011-05-11,6.76,7.07,6.71,6.97,17588684,212053712.0
2011-05-12,6.94,7.02,6.69,6.71,13426643,161383008.0
2011-05-13,6.72,6.84,6.65,6.82,7168433,85035152.0
2011-05-16,6.79,6.92,6.6,6.65,6990388,83199640.0
2011-05-17,6.56,6.87,6.4,6.82,12150872,142763152.0
2011-05-18,6.77,6.84,6.67,6.75,6017295,71255512.0
2011-05-19,6.72,6.86,6.68,6.7,5183340,61576072.0
2011-05-20,6.7,6.74,6.52,6.55,4873907,56982188.0
2011-05-23,6.51,6.51,6.15,6.17,9646087,109900888.0
2011-05-24,6.16,6.27,6.09,6.22,4296443,48519164.0
2011-05-25,6.19,6.24,6.05,6.06,3672802,41274188.0
2011-05-26,6.18,6.19,5.91,5.94,4819925,53621944.0
2011-05-27,5.94,6.03,5.71,5.76,5419285,59297812.0
2011-05-30,5.74,5.83,5.59,5.66,4598690,49728364.0
2011-05-31,5.67,5.86,5.64,5.84,3526166,38249456.0
2011-06-01,5.85,5.91,5.78,5.84,4111696,44976360.0
2011-06-02,5.79,5.84,5.48,5.79,6790358,73323536.0
2011-06-03,5.8,5.9,5.71,5.88,4628358,50700856.0
2011-06-07,5.77,6.08,5.75,5.92,4453469,49292532.0
2011-06-09,5.91,6.04,5.65,5.68,4004955,43963616.0
2011-06-10,5.69,5.84,5.48,5.66,4320254,46365920.0
2011-06-13,5.58,5.59,5.27,5.36,7083396,74189592.0
2011-06-14,5.38,5.54,5.35,5.48,5285586,55725536.0
2011-06-15,5.4,5.52,5.31,5.32,3673030,38592232.0
2011-06-16,5.19,5.23,5.09,5.1,4782957,49073108.0
2011-06-17,5.1,5.17,4.95,4.96,5664181,57577048.0
2011-06-20,4.96,5.13,4.79,4.89,7245670,72596832.0
2011-06-21,4.91,5.01,4.77,4.91,4356483,43557348.0
2011-06-22,4.92,4.97,4.84,4.89,3760855,37628840.0
2011-06-23,4.84,5.06,4.78,5.02,5839025,58623912.0
2011-06-24,4.94,5.3,4.94,5.23,8458650,86974616.0
2011-06-27,5.19,5.6,5.17,5.58,12921642,136702768.0
2011-06-28,5.59,5.63,5.44,5.57,6292381,66919884.0
2011-06-29,5.58,5.59,5.25,5.28,5782175,60982808.0
2011-06-30,5.31,5.85,5.31,5.77,15257276,164732352.0
2011-07-01,5.77,5.87,5.69,5.76,8553623,93264272.0
2011-07-04,5.84,6.02,5.74,6.0,11192360,123237848.0
2011-07-05,6.0,6.05,5.89,6.03,7016934,77748504.0
2011-07-06,6.01,6.19,5.88,6.17,9435844,104928536.0
2011-07-07,6.11,6.58,6.11,6.39,17793304,204233920.0
2011-07-08,6.44,6.44,6.24,6.35,6068841,69369400.0
2011-07-11,6.34,6.51,6.1,6.45,8171833,92960784.0
2011-07-12,6.31,6.5,6.27,6.38,8926962,101885936.0
2011-07-13,6.31,6.54,6.31,6.43,6642310,76144288.0
2011-07-14,6.48,6.49,6.19,6.36,10620321,120518888.0
2011-07-15,6.37,6.61,6.32,6.57,12053420,138658448.0
2011-07-18,6.61,6.87,6.47,6.48,14979594,174993136.0
2011-07-19,6.49,6.49,6.29,6.31,6181945,70477576.0
2011-07-20,6.36,6.43,6.25,6.31,4728821,53609272.0
2011-07-21,6.34,6.36,5.99,6.06,8181646,91144592.0
2011-07-22,6.06,6.17,6.02,6.09,4996999,55477120.0
2011-07-25,6.04,6.04,5.7,5.74,6883001,74812320.0
2011-07-26,5.73,5.89,5.64,5.8,3520511,38014104.0
2011-07-27,5.7,5.91,5.66,5.87,4556267,49214412.0
2011-07-28,5.77,5.81,5.59,5.66,4481435,47884292.0
2011-07-29,5.67,5.84,5.59,5.73,3346356,35896224.0
2011-08-01,5.77,5.81,5.68,5.72,2921649,31407410.0
2011-08-02,5.7,5.94,5.49,5.69,4127953,44008860.0
2011-08-03,5.63,5.72,5.54,5.63,2864574,30580726.0
2011-08-04,5.66,5.76,5.48,5.5,5101032,54063396.0
2011-08-05,5.28,5.35,5.14,5.24,5388070,55184796.0
2011-08-08,5.02,5.13,4.47,4.81,9547425,94114376.0
2011-08-09,4.47,4.74,4.22,4.63,9035557,85823608.0
2011-08-10,4.79,4.92,4.7,4.71,6822379,66967340.0
2011-08-11,4.48,4.83,4.42,4.82,6636772,64055840.0
2011-08-12,4.89,5.39,4.86,5.33,15124391,153313824.0
2011-08-15,5.33,5.54,5.32,5.49,10397648,108482088.0
2011-08-16,5.49,5.49,5.34,5.41,6099032,63520952.0
2011-08-17,5.37,5.6,5.31,5.58,6039680,63360336.0
2011-08-18,5.49,5.69,5.42,5.44,7725756,81613272.0
2011-08-19,5.25,5.52,5.15,5.46,5634034,58045488.0
2011-08-22,5.42,5.71,5.39,5.5,4960333,52295564.0
2011-08-23,5.49,5.59,5.45,5.54,2939721,30945558.0
2011-08-24,5.6,5.67,5.21,5.24,5714476,59720048.0
2011-08-25,5.29,5.43,5.27,5.36,6902929,71517056.0
2011-08-26,5.39,5.78,5.39,5.58,11925423,126793856.0
2011-08-29,5.52,5.75,5.36,5.7,8419350,89146720.0
2011-08-30,5.75,5.84,5.41,5.44,9613346,102311632.0
2011-08-31,5.44,5.54,5.24,5.34,6274679,65009364.0
2011-09-01,5.39,5.59,5.34,5.38,5906669,61734764.0
2011-09-02,5.39,5.51,5.17,5.19,4990125,51577144.0
2011-09-05,5.14,5.27,5.05,5.2,5611679,57066840.0
2011-09-06,5.09,5.27,4.99,5.03,4675992,47393852.0
2011-09-07,5.09,5.34,5.09,5.32,6091022,62484580.0
2011-09-08,5.37,5.47,5.26,5.3,5561060,57695964.0
2011-09-09,5.38,5.45,5.09,5.15,4299562,44063372.0
2011-09-13,4.98,5.09,4.94,5.01,4718918,47239580.0
2011-09-14,5.02,5.13,4.81,5.02,7197654,71708176.0
2011-09-16,5.06,5.11,4.77,4.88,8562894,84947208.0
2011-09-19,4.77,4.82,4.67,4.77,5987103,58510092.0
2011-09-20,4.69,4.81,4.64,4.74,3802827,36969392.0
2011-09-21,4.76,5.01,4.66,4.99,7867351,77878656.0
2011-09-22,4.92,5.03,4.74,4.76,5925984,58846676.0
2011-09-23,4.62,4.81,4.52,4.74,5242946,50641156.0
2011-09-26,4.88,4.94,4.49,4.56,7456397,72183640.0
2011-09-27,4.64,4.83,4.59,4.61,7824483,75921304.0
2011-09-28,4.69,4.75,4.45,4.48,4409972,42355920.0
2011-09-29,4.48,4.54,4.22,4.3,5560802,52270824.0
2011-09-30,4.3,4.4,4.26,4.34,2937908,27390588.0
2011-10-10,4.4,4.56,4.32,4.44,4169633,39401924.0
2011-10-11,4.64,4.72,4.49,4.6,5657842,54529268.0
2011-10-12,4.57,4.89,4.5,4.89,7638181,74640064.0
2011-10-13,4.91,4.94,4.7,4.84,9220677,90525560.0
2011-10-14,4.82,4.84,4.7,4.77,3094997,30241038.0
2011-10-17,4.8,4.94,4.66,4.77,7463384,72983640.0
2011-10-18,4.7,4.7,4.37,4.41,6474784,61740512.0
2011-10-19,4.45,4.69,4.33,4.54,11212447,106875496.0
2011-10-20,4.47,4.6,4.24,4.38,7982609,75161384.0
2011-10-21,4.39,4.43,4.25,4.27,3192049,29764404.0
2011-10-24,4.29,4.44,4.15,4.39,4398529,41062700.0
2011-10-25,4.42,4.55,4.26,4.52,9073701,85765520.0
2011-10-26,4.49,4.63,4.43,4.54,8428360,80533568.0
2011-10-27,4.53,4.8,4.53,4.63,7989362,77532272.0
2011-10-28,4.74,4.79,4.65,4.75,6600917,64179036.0
2011-10-31,4.75,4.92,4.72,4.83,8965704,88145160.0
2011-11-01,4.76,4.9,4.69,4.76,8272381,81208128.0
2011-11-02,4.65,4.99,4.62,4.96,15650811,153167472.0
2011-11-03,4.99,5.17,4.95,4.96,14453424,145573872.0
2011-11-04,5.06,5.06,4.89,4.97,10049242,100144112.0
2011-11-07,4.97,5.15,4.92,4.98,8901258,89499288.0
2011-11-08,5.01,5.06,4.83,4.84,6016571,59862320.0
2011-11-09,4.89,4.99,4.8,4.98,5841203,57901428.0
2011-11-10,4.89,5.04,4.81,4.96,7549464,74967824.0
2011-11-11,4.98,5.19,4.97,5.1,10899020,110232456.0
2011-11-14,5.19,5.33,5.15,5.31,11306389,116386640.0
2011-11-15,5.32,5.34,5.2,5.31,6877829,70722424.0
2011-11-16,5.34,5.36,4.87,4.97,10621686,107234824.0
2011-11-17,4.99,5.1,4.94,4.97,4811164,48190048.0
2011-11-18,4.95,4.95,4.67,4.68,5815465,57034756.0
2011-11-21,4.65,4.74,4.58,4.72,2762303,26741046.0
2011-11-22,4.6,4.66,4.41,4.49,7163612,68268768.0
2011-11-23,4.52,4.61,4.41,4.48,3288412,31234500.0
2011-11-24,4.43,4.6,4.39,4.56,3765010,35891876.0
2011-11-25,4.57,4.64,4.49,4.51,2892404,27661072.0
2011-11-28,4.52,4.58,4.39,4.52,4513893,42790100.0
2011-11-29,4.59,4.67,4.48,4.64,10286624,98507920.0
2011-11-30,4.54,4.63,4.17,4.33,9420715,88602016.0
2011-12-01,4.52,4.7,4.4,4.58,12176896,116881728.0
2011-12-02,4.54,4.64,4.36,4.4,6695272,63536188.0
2011-12-05,4.39,4.41,4.14,4.17,6721078,61950468.0
2011-12-06,4.15,4.23,4.01,4.14,3978280,36241596.0
2011-12-07,4.13,4.18,3.99,4.03,6889909,62437268.0
2011-12-08,4.0,4.1,3.91,4.03,5107591,46105544.0
2011-12-09,3.94,4.05,3.9,3.99,2262525,20369524.0
2011-12-12,4.0,4.04,3.93,3.98,1835564,16525512.0
2011-12-13,3.99,4.01,3.81,3.82,4560345,40630748.0
2011-12-14,3.8,3.91,3.69,3.71,3189467,28041292.0
2011-12-15,3.7,3.7,3.39,3.4,6634332,56516668.0
2011-12-16,3.42,3.59,3.12,3.58,8302074,69443688.0
2011-12-19,3.46,3.53,3.21,3.46,4709096,39486816.0
2011-12-21,3.47,3.67,3.46,3.56,7047620,60375216.0
2011-12-22,3.44,3.62,3.29,3.57,4558159,38647160.0
2011-12-23,3.53,3.75,3.49,3.64,5792290,49999396.0
2011-12-26,3.61,3.68,3.54,3.54,2580576,22217824.0
2011-12-27,3.59,3.64,3.38,3.48,3589402,30484222.0
2011-12-28,3.44,3.59,3.36,3.58,2593925,21962010.0
2011-12-29,3.54,3.62,3.39,3.42,2962162,25305704.0
2011-12-30,3.42,3.58,3.42,3.53,2917759,24894872.0
2012-01-04,3.59,3.67,3.29,3.33,3646588,31013836.0
2012-01-05,3.3,3.39,3.19,3.24,3813551,31532402.0
2012-01-06,3.14,3.23,2.94,3.07,5744370,46153464.0
2012-01-09,3.09,3.34,3.03,3.33,6220812,51153136.0
2012-01-10,3.31,3.67,3.29,3.65,8476847,72250288.0
2012-01-11,3.64,3.74,3.52,3.62,8251113,71443824.0
2012-01-12,3.56,3.71,3.55,3.57,5596947,48273664.0
2012-01-13,3.55,3.62,3.29,3.3,4981859,41958908.0
2012-01-16,3.24,3.33,3.11,3.16,3779612,31086044.0
2012-01-17,3.15,3.61,3.15,3.6,5297156,44713328.0
2012-01-18,3.61,3.67,3.44,3.46,4494457,38503616.0
2012-01-19,3.59,3.66,3.42,3.61,4490182,38553624.0
2012-01-20,3.64,3.8,3.58,3.79,7983183,69630744.0
2012-01-30,3.79,3.8,3.61,3.62,6568648,57097168.0
2012-02-01,3.61,3.67,3.49,3.5,3976311,34167792.0
2012-02-02,3.51,3.63,3.47,3.63,4179983,35796352.0
2012-02-03,3.59,3.8,3.59,3.75,10005472,87230600.0
2012-02-06,3.78,3.85,3.69,3.78,8786079,77162872.0
2012-02-07,3.73,3.76,3.54,3.59,5176318,44678992.0
2012-02-08,3.59,3.79,3.54,3.78,8536914,74239968.0
2012-02-09,3.78,3.91,3.76,3.86,10075423,89153984.0
2012-02-10,3.84,3.97,3.83,3.89,12117351,107983664.0
2012-02-13,3.83,3.96,3.8,3.83,13379597,118917440.0
2012-02-14,3.86,3.95,3.79,3.88,8994609,79871408.0
2012-02-15,3.86,4.0,3.82,3.97,12612978,112853568.0
2012-02-16,3.96,4.05,3.85,3.91,10909187,97699576.0
2012-02-17,3.94,4.02,3.8,3.89,6287802,55963560.0
2012-02-20,3.97,4.08,3.88,4.0,16918926,152023520.0
2012-02-21,3.99,4.16,3.96,4.15,15940341,144733344.0
2012-02-22,4.12,4.2,4.09,4.17,13396540,122672336.0
2012-02-23,4.31,4.39,4.21,4.25,16941970,157457824.0
2012-02-24,4.24,4.32,4.16,4.3,13757271,127283696.0
2012-02-27,4.29,4.44,4.22,4.33,23245696,217405408.0
2012-02-28,4.32,4.4,4.18,4.26,15236482,141353168.0
2012-02-29,4.23,4.39,4.17,4.23,14038403,130439944.0
2012-03-01,4.2,4.35,4.18,4.26,8961495,83142416.0
2012-03-02,4.3,4.42,4.23,4.42,15100405,141435072.0
2012-03-05,4.47,4.55,4.39,4.41,16363090,155086912.0
2012-03-06,4.38,4.38,4.19,4.21,12294885,114135536.0
2012-03-07,4.11,4.41,4.11,4.26,13144299,122078984.0
2012-03-08,4.27,4.47,4.27,4.37,13137599,123537952.0
2012-03-09,4.44,4.49,4.32,4.46,12143727,114521448.0
2012-03-12,4.46,4.67,4.42,4.61,21383924,205226832.0
2012-03-14,4.69,4.82,4.19,4.21,29728440,284619488.0
2012-03-15,4.24,4.45,4.16,4.35,17817254,166318912.0
2012-03-16,4.37,4.92,4.35,4.83,36860896,359275040.0
2012-03-19,4.84,5.24,4.82,5.17,44403360,448281632.0
2012-03-20,5.18,5.26,5.02,5.05,29625562,300079968.0
2012-03-21,5.06,5.13,4.83,5.04,16768443,167343184.0
2012-03-22,5.06,5.06,4.84,4.97,11801151,117498688.0
2012-03-23,4.93,4.98,4.79,4.95,11709457,115750704.0
2012-03-26,4.86,5.0,4.62,4.84,15808274,154794688.0
2012-03-27,4.84,4.93,4.71,4.74,9013450,88444000.0
2012-03-28,4.71,4.75,4.29,4.33,20875954,198493344.0
2012-03-29,4.27,4.4,4.15,4.24,14136311,131121224.0
2012-03-30,4.24,4.36,4.08,4.22,11512522,106218600.0
2012-04-05,4.23,4.57,4.21,4.49,9521965,89646832.0
2012-04-06,4.45,4.56,4.29,4.4,9776353,92306440.0
2012-04-09,4.34,4.42,4.15,4.18,9293488,86282352.0
2012-04-10,4.16,4.39,4.11,4.36,7603736,70242824.0
2012-04-11,4.25,4.38,4.19,4.27,6382359,59194296.0
2012-04-12,4.27,4.59,4.26,4.56,12605432,119235104.0
2012-04-13,4.6,4.62,4.47,4.58,9687516,92519976.0
2012-04-16,4.49,4.58,4.42,4.51,5866630,55722240.0
2012-04-18,4.52,4.69,4.37,4.67,10624851,101555248.0
2012-04-19,4.72,4.87,4.7,4.8,13821100,135523376.0
2012-04-20,4.77,4.91,4.7,4.87,8808961,86768832.0
2012-04-23,4.84,4.85,4.55,4.6,11040350,107098944.0
2012-04-24,4.57,4.78,4.3,4.45,8739340,83260040.0
2012-04-25,4.45,4.56,4.4,4.52,6305047,59915008.0
2012-04-26,4.53,4.58,4.38,4.47,6044150,57259952.0
2012-04-27,4.47,4.52,4.38,4.41,5935803,56124376.0
2012-05-02,4.59,4.78,4.51,4.76,13210691,127993144.0
2012-05-03,4.84,5.06,4.8,5.03,19021236,190119552.0
2012-05-04,4.98,5.06,4.95,5.0,13449555,134493152.0
2012-05-07,4.99,5.16,4.93,5.11,15770410,158808464.0
2012-05-08,5.16,5.23,4.99,5.02,18655568,188606288.0
2012-05-09,4.89,5.01,4.82,4.83,10663314,105707880.0
2012-05-10,4.8,5.29,4.8,5.14,22647158,230152656.0
2012-05-11,5.14,5.25,4.98,5.15,16780072,170398736.0
2012-05-14,5.23,5.61,5.12,5.3,32273212,335428928.0
2012-05-15,5.2,5.29,5.1,5.21,16488244,168053488.0
2012-05-16,5.24,5.57,5.21,5.36,24366748,253059888.0
2012-05-17,5.3,5.45,5.17,5.33,13546813,139434112.0
2012-05-18,5.29,5.4,4.97,5.04,16967576,173020752.0
2012-05-21,5.07,5.15,4.99,5.0,12459421,125574176.0
2012-05-22,5.11,5.32,5.09,5.24,10292322,105355616.0
2012-05-23,5.25,5.42,5.2,5.32,11732361,121054296.0
2012-05-24,5.35,5.43,5.15,5.21,8867598,91386400.0
2012-05-25,5.19,5.27,5.0,5.05,7659239,77422056.0
2012-05-28,5.03,5.42,4.94,5.37,13620331,139015872.0
2012-05-29,5.34,5.42,5.25,5.38,9145571,94712080.0
2012-05-30,5.37,5.54,5.3,5.32,8110628,84599552.0
2012-05-31,5.24,5.51,5.22,5.46,9976351,103995288.0
2012-06-01,5.42,5.49,5.26,5.34,10819606,111843048.0
2012-06-04,5.15,5.35,5.07,5.1,11108477,113134512.0
2012-06-05,5.08,5.3,5.05,5.16,13010260,132340168.0
2012-06-06,5.19,5.23,5.01,5.04,6215940,62696408.0
2012-06-07,5.13,5.16,4.92,4.97,9141697,91437776.0
2012-06-08,5.06,5.08,4.87,4.91,8896288,88691144.0
2012-06-11,4.99,5.13,4.92,5.1,3479508,34624156.0
2012-06-12,5.01,5.18,5.01,5.11,5332023,53417808.0
2012-06-13,5.11,5.47,5.06,5.46,11144145,113807232.0
2012-06-14,5.44,5.49,5.29,5.31,7064315,72895584.0
2012-06-15,5.4,5.63,5.37,5.47,14325533,149414224.0
2012-06-18,5.5,5.59,5.45,5.51,7238364,75515160.0
2012-06-19,5.54,5.6,5.3,5.43,9833539,102008880.0
2012-06-20,5.49,5.53,5.31,5.36,10234520,105365432.0
2012-06-21,5.3,5.36,5.07,5.15,10525712,106012320.0
2012-06-25,5.1,5.3,5.09,5.14,6639002,67098240.0
2012-06-26,5.1,5.29,5.03,5.2,6635809,66800956.0
2012-06-27,5.19,5.32,5.07,5.11,7474367,75511512.0
2012-06-28,5.13,5.33,5.07,5.2,6761174,68489000.0
2012-06-29,5.12,5.41,5.12,5.4,8356598,85470000.0
2012-07-02,5.46,6.12,5.36,6.08,33350348,357283040.0
2012-07-03,5.99,6.29,5.97,6.09,25186454,277766656.0
2012-07-04,6.09,6.09,5.8,5.83,10881071,117990544.0
2012-07-05,5.8,6.04,5.65,6.01,12098045,130441584.0
2012-07-06,6.05,6.64,5.84,6.53,31932458,359539296.0
2012-07-09,6.47,6.6,6.24,6.26,15521693,176379584.0
2012-07-10,6.3,6.37,6.11,6.26,12139898,135149104.0
2012-07-11,6.19,6.73,6.01,6.67,18275338,205891376.0
2012-07-12,6.52,6.97,6.3,6.34,32062356,372576416.0
2012-07-13,6.41,6.69,6.29,6.66,19108582,218698480.0
2012-07-16,6.64,6.94,6.43,6.44,15997521,185570080.0
2012-07-17,6.3,6.43,5.99,6.14,15631507,172711344.0
2012-07-18,6.09,6.31,5.96,6.25,9073834,100453032.0
2012-07-19,6.19,6.66,6.19,6.44,10383692,118186984.0
2012-07-20,6.44,6.94,6.38,6.71,16906868,197093248.0
2012-07-23,6.62,6.94,6.56,6.79,16871352,198181904.0
2012-07-24,6.75,6.94,6.61,6.72,9648629,112823704.0
2012-07-25,6.67,6.93,6.62,6.82,8698798,101965504.0
2012-07-26,6.79,6.84,6.22,6.26,20190214,229700064.0
2012-07-27,6.28,6.34,6.04,6.11,11642298,128721048.0
2012-07-30,6.04,6.19,5.98,5.99,6468167,70929088.0
2012-07-31,6.01,6.15,5.9,6.04,6304321,69104896.0
2012-08-01,5.99,6.34,5.99,6.31,6020842,67157440.0
2012-08-02,6.29,6.53,6.22,6.37,7946027,89578000.0
2012-08-03,6.41,6.52,6.26,6.49,6498848,73876016.0
2012-08-06,6.49,6.82,6.48,6.65,10631487,123436280.0
2012-08-07,6.65,6.85,6.46,6.55,6872245,78960792.0
2012-08-08,6.55,6.61,6.25,6.44,8629277,97529624.0
2012-08-09,6.35,6.82,6.29,6.81,11929513,137437488.0
2012-08-10,6.82,6.94,6.71,6.82,11107854,130448416.0
2012-08-13,6.8,7.07,6.69,6.72,14086548,166623168.0
2012-08-14,6.71,6.99,6.56,6.86,12354090,144073488.0
2012-08-15,6.81,6.92,6.59,6.74,7667164,89668928.0
2012-08-16,6.69,6.77,6.4,6.47,8325456,95583352.0
2012-08-17,6.42,6.52,6.24,6.44,4735648,53457408.0
2012-08-20,6.37,6.44,6.26,6.38,3911633,44055980.0
2012-08-21,6.38,6.7,6.36,6.69,9697864,111377344.0
2012-08-22,6.66,6.76,6.52,6.55,5005256,57759632.0
2012-08-23,6.55,6.8,6.51,6.72,4795892,55675296.0
2012-08-24,6.69,6.94,6.52,6.58,5128955,59550688.0
2012-08-27,6.5,6.59,6.47,6.57,6957473,79650904.0
2012-08-28,6.39,6.45,5.94,6.06,15485391,170672368.0
2012-08-29,6.04,6.12,5.87,5.97,5108525,55613680.0
2012-08-30,5.99,6.2,5.91,5.92,8016587,87846848.0
2012-08-31,5.9,6.07,5.81,6.04,4911339,53257104.0
2012-09-03,5.92,6.25,5.92,6.19,4880948,53763840.0
2012-09-04,6.18,6.27,6.07,6.1,4466702,49423560.0
2012-09-05,6.09,6.2,6.03,6.07,6909436,76076416.0
2012-09-06,6.13,6.15,5.65,5.94,9507146,101946664.0
2012-09-07,5.97,6.34,5.85,6.17,11525877,127327896.0
2012-09-10,6.17,6.27,6.01,6.15,6473090,71313360.0
2012-09-11,6.13,6.29,6.05,6.22,7016515,78064088.0
2012-09-12,6.31,6.37,6.15,6.35,7422454,82917192.0
2012-09-13,6.33,6.52,6.28,6.33,6197485,70140336.0
2012-09-14,6.39,6.62,6.27,6.38,7547615,85779616.0
2012-09-17,6.27,6.27,5.6,5.79,13831320,149963216.0
2012-09-18,5.75,5.95,5.69,5.78,4283863,46094808.0
2012-09-19,5.84,5.86,5.69,5.72,4726497,50371876.0
2012-09-20,5.64,5.68,5.13,5.28,8003133,82336464.0
2012-09-21,5.28,5.47,5.2,5.42,5604754,57729288.0
2012-09-24,5.28,5.42,5.25,5.37,3291486,33832344.0
2012-09-25,5.4,5.57,5.29,5.5,4113540,42840400.0
2012-09-26,5.49,5.52,5.27,5.41,3073729,31638752.0
2012-09-27,5.44,5.8,5.37,5.58,5418461,56777604.0
2012-09-28,5.49,5.85,5.4,5.78,6684231,70532720.0
2012-10-08,5.79,6.04,5.79,5.9,4155902,44991976.0
2012-10-09,6.09,6.19,6.04,6.09,7876561,86818976.0
2012-10-10,6.04,6.1,6.0,6.03,7070819,77403008.0
2012-10-11,5.98,6.1,5.9,6.03,4129571,45062528.0
2012-10-12,5.98,6.13,5.9,5.94,3177712,34597420.0
2012-10-15,5.91,6.01,5.84,6.01,3216927,34916228.0
2012-10-16,6.0,6.24,5.93,6.01,7022472,77396208.0
2012-10-17,6.14,6.14,5.64,5.79,10790277,115972368.0
2012-10-18,5.84,5.89,5.67,5.73,8936278,95331288.0
2012-10-19,5.75,5.76,5.5,5.68,10855059,114569208.0
2012-10-22,5.59,5.76,5.53,5.71,5156876,54614240.0
2012-10-23,5.69,5.69,5.4,5.48,6337674,66287200.0
2012-10-24,5.48,5.67,5.41,5.62,5641639,59245556.0
2012-10-25,5.59,5.63,5.34,5.41,5013203,51866616.0
2012-10-26,5.39,5.47,5.27,5.29,3390488,34771972.0
2012-10-29,5.29,5.43,5.11,5.41,7564760,76567192.0
2012-10-30,5.43,5.43,5.19,5.3,7963001,81109480.0
2012-10-31,5.31,5.39,5.17,5.27,6344204,64469220.0
2012-11-01,5.26,5.48,5.23,5.42,8836482,90813552.0
2012-11-02,5.43,5.48,5.31,5.35,6697727,68721280.0
2012-11-05,5.36,5.51,5.34,5.45,5609794,58111272.0
2012-11-06,5.44,5.5,5.28,5.32,3855196,39533032.0
2012-11-07,5.31,5.36,5.09,5.16,7417686,74822384.0
2012-11-08,5.14,5.14,4.81,4.84,11219795,110386800.0
2012-11-09,4.81,4.88,4.69,4.74,6477309,62699484.0
2012-11-12,4.74,4.8,4.69,4.75,3019115,29169182.0
2012-11-13,4.75,4.79,4.59,4.65,3551261,34002284.0
2012-11-14,4.67,4.75,4.58,4.71,2820385,27034368.0
2012-11-15,4.67,4.75,4.61,4.7,3102040,29737616.0
2012-11-16,4.69,4.72,4.62,4.71,3719364,35622684.0
2012-11-19,4.68,4.77,4.49,4.73,4310075,40991944.0
2012-11-20,4.83,4.83,4.62,4.65,4513043,43291216.0
2012-11-21,4.68,4.77,4.64,4.77,2789738,26836640.0
2012-11-22,4.77,4.77,4.63,4.65,2058907,19780984.0
2012-11-23,4.74,4.81,4.7,4.74,3870385,37374332.0
2012-11-26,4.74,4.91,4.71,4.8,5286614,51461184.0
2012-11-27,4.82,4.82,4.4,4.52,6060468,57576748.0
2012-11-28,4.43,4.51,4.29,4.35,7501337,69750512.0
2012-11-29,4.37,4.43,4.3,4.35,5013438,46584764.0
2012-11-30,4.35,4.45,4.3,4.32,3736107,34636064.0
2012-12-03,4.32,4.36,4.19,4.21,4948917,45413560.0
2012-12-04,4.21,4.29,3.92,4.19,11444456,103027528.0
2012-12-05,4.2,4.5,4.0,4.38,8476012,78508872.0
2012-12-06,4.39,4.53,4.29,4.42,5114446,47758284.0
2012-12-07,4.41,4.61,4.38,4.57,6099359,57473048.0
2012-12-10,4.62,4.68,4.56,4.64,6720290,64046544.0
2012-12-11,4.54,4.63,4.53,4.54,3482704,33026072.0
2012-12-12,4.5,4.59,4.45,4.51,2913155,27435468.0
2012-12-13,4.5,4.51,4.29,4.4,4396659,40877996.0
2012-12-14,4.43,4.77,4.39,4.76,8739229,83446904.0
2012-12-17,4.78,4.85,4.67,4.79,5383910,51964700.0
2012-12-18,4.77,4.88,4.72,4.83,6437568,62607224.0
2012-12-19,4.82,4.82,4.69,4.71,5646999,54420560.0
2012-12-20,4.7,4.75,4.59,4.62,4270147,40891912.0
2012-12-21,4.65,4.79,4.62,4.71,5405770,51999864.0
2012-12-24,4.76,5.09,4.74,5.08,12457183,122912456.0
2012-12-25,5.15,5.32,5.05,5.24,12070570,122053328.0
2012-12-26,5.2,5.41,5.18,5.24,8980040,91263424.0
2012-12-27,5.26,5.45,5.2,5.33,11434868,117228000.0
2012-12-28,5.33,5.45,5.3,5.38,6753474,69565168.0
2012-12-31,5.45,5.64,5.35,5.58,12347168,127966768.0
2013-01-04,5.63,5.64,5.31,5.39,13643651,140555360.0
2013-01-07,5.49,5.64,5.44,5.51,9017303,94191144.0
2013-01-08,5.54,5.61,5.38,5.44,13797588,143527808.0
2013-01-09,5.44,5.5,5.3,5.39,11537158,118521216.0
2013-01-10,5.38,5.46,5.33,5.42,7696262,79399008.0
2013-01-11,5.43,5.48,5.24,5.26,8959395,92192424.0
2013-01-14,5.26,5.69,5.26,5.65,15433742,161046384.0
2013-01-15,5.63,6.14,5.56,5.94,19949748,215666784.0
2013-01-16,5.94,5.99,5.63,5.76,11159951,119859184.0
2013-01-17,5.87,6.18,5.87,5.97,19006840,208329056.0
2013-01-18,6.0,6.11,5.87,6.04,8485239,92659928.0
2013-01-21,6.05,6.44,5.99,6.36,20738680,232122976.0
2013-01-22,6.35,6.39,6.12,6.17,11025317,122567200.0
2013-01-23,6.25,6.26,5.94,6.07,5822499,64098552.0
2013-01-24,6.09,6.26,5.87,5.96,7488598,82192448.0
2013-01-25,5.97,6.35,5.97,6.29,11727934,130851824.0
2013-01-28,6.35,6.38,6.21,6.35,11407412,127716528.0
2013-01-29,6.39,6.5,6.2,6.27,9645624,107975888.0
2013-01-30,6.24,6.27,6.06,6.17,13081587,144747872.0
2013-01-31,6.13,6.18,6.02,6.04,11383764,124924912.0
2013-02-01,5.99,6.12,5.97,6.09,9307746,102083056.0
2013-02-04,6.07,6.14,5.9,5.99,8888556,96959408.0
2013-02-05,5.9,6.23,5.9,6.16,8315831,91753152.0
2013-02-06,6.17,6.25,6.1,6.16,5717687,63336316.0
2013-02-07,6.15,6.22,6.04,6.14,6236894,68666736.0
2013-02-08,6.14,6.38,6.14,6.32,11069231,124203568.0
2013-02-18,6.34,6.47,6.29,6.32,9703584,109715736.0
2013-02-19,6.32,6.69,6.29,6.44,14486808,165800352.0
2013-02-20,6.49,7.16,6.45,6.99,39884432,470830240.0
2013-02-21,6.97,7.07,6.54,6.92,27021944,316847712.0
2013-02-22,6.89,7.08,6.74,6.9,16482918,195091488.0
2013-02-25,6.89,7.02,6.62,6.68,13126218,152784048.0
2013-02-26,6.66,7.13,6.59,6.69,20086394,237203696.0
2013-02-27,6.73,6.95,6.48,6.51,13798773,159642592.0
2013-02-28,6.54,6.75,6.4,6.69,11650020,133740560.0
2013-03-01,6.69,7.2,6.66,7.02,25441436,302737216.0
2013-03-04,7.03,7.28,6.67,6.79,28009672,334276000.0
2013-03-05,6.76,7.11,6.76,6.98,21738170,258409808.0
2013-03-06,7.09,7.75,7.09,7.59,37146000,460859840.0
2013-03-07,7.58,7.58,7.04,7.09,27299342,332107232.0
2013-03-08,7.15,7.41,6.88,7.04,16802072,202074912.0
2013-03-11,7.04,7.49,6.9,7.29,16644033,203361200.0
2013-03-12,7.29,7.54,6.8,6.92,18167760,218701232.0
2013-03-13,6.9,6.96,6.58,6.77,11864190,137982208.0
2013-03-14,6.7,6.88,6.65,6.72,10365538,120735856.0
2013-03-15,6.84,7.11,6.65,6.77,19433608,229847984.0
2013-03-18,6.69,6.87,6.62,6.72,11517149,134385296.0
2013-03-19,6.74,6.8,6.24,6.41,15763867,178290384.0
2013-03-20,6.44,6.67,6.33,6.66,11378912,130469256.0
2013-03-21,6.66,6.98,6.6,6.86,12022211,141190896.0
2013-03-22,6.82,7.02,6.74,7.01,8018896,94524288.0
2013-03-25,7.12,7.25,7.0,7.09,11418382,137454336.0
2013-03-26,7.04,7.49,6.93,7.48,19236494,233658272.0
2013-03-27,7.48,7.88,7.41,7.68,36708608,463680800.0
2013-03-28,7.66,7.99,7.4,7.67,29250732,370490912.0
2013-03-29,7.66,7.75,7.18,7.19,19006614,234871168.0
2013-04-01,7.39,7.46,7.06,7.17,17401860,211374448.0
2013-04-02,7.25,7.41,6.69,6.76,26699580,316969088.0
2013-04-03,6.87,7.14,6.79,6.89,15385612,182403856.0
2013-04-08,6.99,7.24,6.95,7.13,19834044,238328256.0
2013-04-09,7.09,7.1,6.74,6.83,14867442,175559888.0
2013-04-10,6.84,6.9,6.65,6.88,9805435,114559168.0
2013-04-11,6.89,6.93,6.7,6.75,7148529,83690128.0
2013-04-12,6.75,6.83,6.58,6.7,9166196,106522640.0
2013-04-15,6.73,6.84,6.54,6.6,5802770,67041316.0
2013-04-16,6.58,6.85,6.46,6.8,7767667,89636672.0
2013-04-17,6.8,7.08,6.75,7.07,13860881,163975344.0
2013-04-18,6.96,7.11,6.91,7.03,8363351,99743112.0
2013-04-19,7.09,7.33,7.03,7.23,15981733,193629568.0
2013-04-22,7.35,7.43,7.17,7.29,10771228,131562032.0
2013-04-23,7.33,7.33,6.86,6.87,12674384,150962688.0
2013-04-24,6.91,7.25,6.84,7.19,9975552,119636720.0
2013-04-25,7.15,7.15,6.81,6.91,15349412,182134384.0
2013-04-26,6.79,6.99,6.76,6.8,10597882,124754376.0
2013-05-02,6.82,7.18,6.81,6.92,18509064,220765616.0
2013-05-03,6.93,7.66,6.87,7.53,31457238,387485216.0
2013-05-06,7.58,7.7,7.48,7.58,18311880,229068880.0
2013-05-07,7.58,7.6,7.29,7.46,18491112,228393904.0
2013-05-08,7.58,7.93,7.49,7.85,27360244,346456256.0
2013-05-09,7.79,7.8,7.47,7.6,20749340,260396096.0
2013-05-10,7.59,7.83,7.48,7.65,13531122,169987904.0
2013-05-13,7.67,7.67,7.32,7.44,14861110,183240384.0
2013-05-14,7.47,7.49,7.27,7.35,8098834,99284456.0
2013-05-15,7.35,7.56,7.32,7.53,9411420,116332864.0
2013-05-16,7.53,7.71,7.41,7.64,11906090,148989872.0
2013-05-17,7.68,7.74,7.47,7.57,16735004,209063280.0
2013-05-20,7.57,7.57,7.01,7.11,42619768,513127744.0
2013-05-21,7.12,7.16,6.89,7.11,20645008,246285200.0
2013-05-22,7.05,7.17,6.95,7.11,16827368,201199424.0
2013-05-23,7.05,7.14,6.96,6.99,14075269,168095536.0
2013-05-24,7.05,7.15,6.91,7.0,14967493,178784000.0
2013-05-27,7.07,7.13,7.01,7.1,19379278,232329152.0
2013-05-28,7.11,7.26,7.05,7.26,26816512,323829184.0
2013-05-29,7.3,7.47,7.25,7.41,21746512,266669312.0
2013-05-30,7.51,7.83,7.49,7.78,37707232,475099488.0
2013-05-31,7.75,7.83,7.51,7.54,22603920,284027040.0
2013-06-03,7.54,8.24,7.51,8.02,46328360,596555264.0
2013-06-04,7.97,8.07,7.65,7.79,22682172,288457792.0
2013-06-05,7.77,7.87,7.51,7.69,16382571,205362272.0
2013-06-06,7.63,7.67,7.24,7.28,16805500,207403328.0
2013-06-07,7.31,7.37,7.05,7.09,14089745,170347392.0
2013-06-13,6.86,6.9,6.54,6.63,15635191,181382368.0
2013-06-14,6.69,6.94,6.64,6.83,10993672,129028856.0
2013-06-17,6.84,6.87,6.51,6.59,12561544,145526816.0
2013-06-18,6.64,6.89,6.59,6.74,9796742,113924544.0
2013-06-19,6.69,6.69,6.37,6.5,13198700,149987456.0
2013-06-20,6.4,6.43,6.11,6.12,13733420,153647504.0
2013-06-21,5.89,6.17,5.86,5.94,15274758,166731968.0
2013-06-24,5.92,5.92,5.21,5.45,18021010,187405888.0
2013-06-25,5.25,5.58,4.84,5.41,18346466,186618256.0
2013-06-26,5.53,5.68,5.35,5.62,15264577,159346304.0
2013-06-27,5.63,5.83,5.51,5.57,13863335,147025328.0
2013-06-28,5.59,5.78,5.45,5.57,8656616,91216320.0
2013-07-01,5.59,5.77,5.41,5.72,14378867,151408288.0
2013-07-02,5.66,6.36,5.63,6.3,23068456,251636736.0
2013-07-03,6.17,6.43,5.99,6.29,16321361,181877552.0
2013-07-04,6.1,6.38,5.99,6.24,11952190,133158336.0
2013-07-05,6.33,6.33,6.11,6.12,6440589,71560608.0
2013-07-08,6.06,6.06,5.56,5.57,10778381,114832912.0
2013-07-09,5.56,6.16,5.54,6.03,11123489,119519424.0
2013-07-10,5.95,6.26,5.85,6.21,5929120,65020852.0
2013-07-11,6.22,6.67,6.16,6.37,18572908,210796160.0
2013-07-12,6.28,6.57,6.28,6.28,10592314,119885088.0
2013-07-15,6.29,6.73,6.29,6.56,11967598,137321984.0
2013-07-16,6.56,6.65,6.37,6.62,10793303,123569696.0
2013-07-17,6.58,6.64,6.23,6.27,9954969,112925200.0
2013-07-18,6.19,6.54,6.19,6.42,10520905,118688504.0
2013-07-19,6.42,6.52,6.0,6.08,9064579,101144976.0
2013-07-22,5.99,6.21,5.9,6.19,10625383,117372800.0
2013-07-23,6.17,6.44,6.17,6.4,12269837,137992640.0
2013-07-24,6.39,6.57,6.29,6.49,11386371,129243816.0
2013-07-25,6.51,6.62,6.26,6.28,9461020,106766760.0
2013-07-26,6.54,6.82,6.39,6.7,22322380,257222688.0
2013-07-29,6.59,6.9,6.47,6.72,16662466,194446160.0
2013-07-30,6.72,6.79,6.43,6.49,12855914,147838032.0
2013-07-31,6.52,6.69,6.45,6.52,8113245,92924944.0
2013-08-01,6.51,6.83,6.51,6.77,14617613,169661232.0
2013-08-02,6.81,6.87,6.62,6.65,12557970,146112368.0
2013-08-05,6.7,7.07,6.61,7.04,18672562,220596624.0
2013-08-06,6.98,7.35,6.95,7.26,29310046,355476480.0
2013-08-07,7.25,7.35,7.01,7.03,14960658,180163344.0
2013-08-08,7.01,7.3,6.95,7.2,13551912,163731152.0
2013-08-09,7.24,7.36,6.97,7.21,12260939,148443136.0
2013-08-12,7.24,7.46,7.14,7.27,17701964,216328800.0
2013-08-13,7.29,7.32,7.1,7.17,11091535,133913040.0
2013-08-14,7.17,7.35,7.13,7.19,9580221,116121704.0
2013-08-15,7.24,7.24,6.7,6.74,19875784,234456896.0
2013-08-16,6.59,7.37,6.25,6.29,30662196,348873504.0
2013-08-19,6.22,6.49,6.22,6.44,12904996,142977952.0
2013-08-20,6.4,6.51,6.22,6.27,11891805,131667744.0
2013-08-21,6.35,6.44,6.24,6.41,7333907,81162456.0
2013-08-22,6.38,6.64,6.35,6.6,10848460,121768968.0
2013-08-23,6.64,6.69,6.32,6.55,10096446,113235784.0
2013-08-26,6.51,6.77,6.51,6.72,14953024,169812288.0
2013-08-27,6.81,7.02,6.79,6.87,17135440,198338080.0
2013-08-28,6.8,7.1,6.75,6.95,22109992,257095168.0
2013-08-29,7.05,7.12,6.63,6.73,16523516,190541008.0
2013-08-30,6.73,7.07,6.63,6.85,18492752,214153360.0
2013-09-02,6.9,7.04,6.75,6.95,14545694,169081584.0
2013-09-03,7.0,7.03,6.82,6.97,13251050,154011120.0
2013-09-04,6.99,7.0,6.72,6.76,15747248,181258480.0
2013-09-05,6.76,6.77,6.59,6.67,10440333,118665008.0
2013-09-06,6.67,6.83,6.62,6.78,10767783,123342168.0
2013-09-09,6.75,6.92,6.68,6.91,21679016,250027968.0
2013-09-10,6.91,7.31,6.85,7.29,36228376,427393824.0
2013-09-11,7.38,7.4,7.07,7.14,27430936,325724736.0
2013-09-12,7.13,7.68,7.04,7.49,45523344,554192320.0
2013-09-13,7.45,7.59,7.32,7.44,22490366,273205280.0
2013-09-16,7.55,7.6,7.29,7.35,16980488,206335728.0
2013-09-17,7.35,7.41,7.07,7.09,21862652,260346528.0
2013-09-18,7.09,7.42,7.09,7.19,12991428,155320480.0
2013-09-23,7.23,7.6,7.2,7.54,20894076,253348176.0
2013-09-24,7.53,7.78,7.25,7.64,28409708,347491968.0
2013-09-25,7.6,8.87,7.6,8.47,71189192,928617344.0
2013-09-26,8.4,8.79,8.21,8.52,47560440,628630208.0
2013-09-27,8.59,9.32,8.59,9.08,63393568,873464768.0
2013-09-30,9.23,9.46,8.95,9.19,37410512,520048704.0
2013-10-08,9.35,9.43,8.8,8.96,34629552,476093056.0
2013-10-09,8.8,9.0,8.62,8.84,29309834,395423616.0
2013-10-10,9.3,10.19,9.3,10.11,85793648,1253999744.0
2013-10-11,10.02,11.23,9.94,10.85,77123184,1173596288.0
2013-10-14,10.88,11.56,10.59,10.67,58328004,919649984.0
2013-10-15,11.84,12.21,11.84,12.21,61859020,1043477888.0
2013-10-16,12.65,13.05,11.57,12.2,118052760,2010192896.0
2013-10-17,12.27,12.55,11.51,11.63,55100288,912918400.0
2013-10-18,11.5,13.26,11.4,13.26,74792568,1282459776.0
2013-10-21,14.1,15.06,13.41,15.06,57323744,1120351744.0
2013-10-22,15.75,16.18,14.41,14.88,89226768,1787403136.0
2013-10-23,14.85,14.85,13.2,13.9,79888456,1493149440.0
2013-10-24,14.2,15.54,13.71,14.45,79829088,1540198016.0
2013-10-25,13.9,14.23,12.89,13.14,70281896,1275068800.0
2013-10-28,13.0,14.32,12.6,13.22,56743856,1031538816.0
2013-10-29,13.05,13.35,12.24,13.15,50017112,872209792.0
2013-10-30,13.2,14.22,13.06,13.68,43543428,802197440.0
2013-10-31,13.13,13.25,12.41,12.53,41373752,723209408.0
2013-11-01,12.28,12.87,11.85,12.53,29778500,509346624.0
2013-11-04,12.48,13.07,12.21,12.37,32539228,563330816.0
2013-11-05,12.36,12.83,11.89,12.77,34298144,588990784.0
2013-11-06,12.65,12.75,11.87,11.89,40531664,689893824.0
2013-11-07,11.68,12.11,11.42,11.75,30470434,501926176.0
2013-11-08,11.61,11.86,11.01,11.08,33545334,536519488.0
2013-11-11,11.0,12.46,10.95,12.23,42877524,706542976.0
2013-11-12,12.15,13.13,11.89,12.96,49213012,849529728.0
2013-11-13,12.69,13.39,12.5,12.75,46189840,812077440.0
2013-11-14,12.82,13.99,12.66,13.83,46531952,846289216.0
2013-11-15,13.72,14.5,13.39,13.65,55653028,1036287168.0
2013-11-18,13.9,14.84,13.9,14.38,48895372,932652672.0
2013-11-19,14.41,14.5,13.65,13.81,37176808,694615488.0
2013-11-20,14.01,14.43,13.5,14.38,40735724,762317952.0
2013-11-21,14.15,14.24,13.68,13.92,25379140,473376768.0
2013-11-22,13.73,14.1,12.06,13.14,124587872,2172677120.0
2013-11-25,12.6,13.21,12.3,12.54,51280584,894814144.0
2013-11-26,12.7,12.97,12.5,12.63,29604630,516474144.0
2013-11-27,12.43,12.78,11.99,12.68,40664176,695043840.0
2013-11-28,12.63,13.15,12.47,12.94,33429656,587579264.0
2013-11-29,12.85,12.9,12.58,12.69,20841200,363014848.0
2013-12-02,12.3,13.2,12.1,12.69,34948396,610787712.0
2013-12-03,12.82,12.89,12.08,12.69,25279698,434398688.0
2013-12-04,12.68,13.98,12.5,13.71,51192168,919835392.0
2013-12-05,13.5,13.7,13.34,13.44,22798870,414877504.0
2013-12-06,13.44,13.68,12.99,13.01,18834324,338349504.0
2013-12-09,12.96,13.43,12.62,13.24,21785802,386351072.0
2013-12-10,13.3,13.56,12.78,12.87,20376438,364252896.0
2013-12-11,12.75,12.75,12.21,12.47,16653673,286514080.0
2013-12-12,12.47,13.3,12.47,12.93,25612156,452990080.0
2013-12-13,12.65,13.59,12.58,13.28,28013340,506034976.0
2013-12-16,13.25,13.8,13.18,13.37,29590368,540336192.0
2013-12-17,13.33,13.95,13.1,13.61,25659154,470754976.0
2013-12-18,13.45,14.85,13.45,14.67,49103284,941524736.0
2013-12-19,14.53,14.65,14.03,14.29,27784468,529741920.0
2013-12-20,14.1,14.63,13.3,13.61,30043252,559896960.0
2013-12-23,13.64,14.36,13.4,14.29,30176080,563945280.0
2013-12-24,14.15,14.15,13.5,14.1,24352936,451360512.0
2013-12-25,14.05,14.7,13.87,14.36,23155110,442952800.0
2013-12-26,14.37,15.36,14.31,14.82,43582096,859955328.0
2013-12-27,14.82,15.16,14.55,15.14,24828832,486158784.0
2013-12-30,15.18,15.55,14.67,14.8,22120928,434524064.0
2013-12-31,14.58,15.31,14.53,14.89,18524956,362758656.0
2014-01-02,14.89,14.97,14.05,14.4,29840008,571763840.0
2014-01-03,14.2,14.26,13.9,13.99,16776110,314463872.0
2014-01-06,13.8,13.8,13.02,13.02,20922528,376997824.0
2014-01-07,13.09,13.76,13.01,13.23,16977684,307133664.0
2014-01-08,13.29,14.27,13.28,14.06,24273228,451741568.0
2014-01-09,14.0,14.28,13.63,13.69,20548626,381940576.0
2014-01-10,13.62,14.59,13.58,13.79,22694058,426696160.0
2014-01-13,13.51,13.8,12.31,12.41,33551028,591803008.0
2014-01-14,12.42,13.27,12.1,13.19,19870118,348373920.0
2014-01-15,13.0,14.05,12.92,14.02,26062530,480088896.0
2014-01-16,13.9,14.16,13.68,13.77,12805950,237028432.0
2014-01-17,13.8,13.8,12.87,12.97,20889244,371909536.0
2014-01-20,12.9,13.38,12.8,12.9,10344195,183312368.0
2014-01-21,12.9,13.31,12.66,12.9,13492283,237248272.0
2014-01-22,13.05,13.26,12.69,13.17,20465892,361694016.0
2014-01-23,13.11,13.12,12.7,12.98,19214032,339026144.0
2014-01-24,12.95,13.45,12.7,13.31,28581764,510742144.0
2014-01-27,13.1,13.25,12.76,13.02,15707427,277737440.0
2014-01-28,12.96,13.76,12.96,13.54,24985700,453945376.0
2014-01-29,13.62,13.8,13.39,13.76,18892158,346680672.0
2014-01-30,13.6,13.81,13.19,13.25,13822393,249847904.0
2014-02-07,13.1,13.16,12.59,13.08,23498256,412137408.0
2014-02-10,13.19,14.55,13.17,14.14,32657484,609564864.0
2014-02-11,14.13,14.66,13.91,14.19,25127844,476522400.0
2014-02-12,14.19,14.5,14.0,14.34,18307386,346301600.0
2014-02-13,14.2,15.2,14.18,14.47,40987052,801984384.0
2014-02-14,14.59,15.48,14.27,15.38,37471224,739037248.0
2014-02-18,16.059999,17.299999,15.88,17.120001,62706440,1341638016.0
2014-02-19,16.889999,17.549999,16.6,17.08,31559262,688329024.0
2014-02-20,17.049999,17.780001,16.700001,17.25,35742556,789404736.0
2014-02-21,17.040001,17.48,16.49,16.82,25800836,557999232.0
2014-02-24,16.42,18.969999,16.32,18.969999,71667608,1640548096.0
2014-02-25,18.969999,19.709999,17.91,18.290001,65621888,1544781312.0
2014-02-26,18.35,19.51,16.950001,18.950001,50036600,1164788608.0
2014-02-27,18.950001,19.620001,17.299999,17.9,44830568,1043502336.0
2014-02-28,17.700001,18.0,15.9,17.049999,41789948,903358208.0
2014-03-03,17.110001,18.4,17.110001,17.870001,30369750,684644352.0
2014-03-04,17.98,18.799999,17.549999,18.74,30284848,697963072.0
2014-03-05,18.799999,19.469999,18.030001,18.200001,23211742,542021056.0
2014-03-06,17.92,18.969999,17.66,18.43,25039484,579697792.0
2014-03-07,18.35,18.860001,17.98,18.0,20667676,475950112.0
2014-03-10,17.65,17.65,16.870001,16.9,23443480,512289216.0
2014-03-11,16.9,17.200001,16.32,16.99,19701336,422843232.0
2014-03-12,17.200001,18.379999,16.91,17.219999,28209808,628056064.0
2014-03-13,17.01,17.49,16.610001,16.92,14208835,308900960.0
2014-03-14,16.610001,17.18,16.290001,16.719999,14104882,301290624.0
2014-03-17,16.799999,18.379999,16.799999,18.290001,28633004,643993856.0
2014-03-18,18.23,18.98,18.040001,18.85,28259784,658292032.0
2014-03-19,18.68,18.700001,17.98,18.34,17557210,403910368.0
2014-03-20,18.280001,18.389999,16.75,16.82,27028636,600267008.0
2014-03-21,16.6,16.98,15.58,16.950001,30052244,628545984.0
2014-03-24,16.790001,17.299999,16.15,16.379999,20552596,441500640.0
2014-03-25,16.51,16.780001,15.6,16.379999,23179384,483501920.0
2014-03-26,16.799999,17.459999,16.700001,16.74,22332248,485955712.0
2014-03-27,16.459999,16.58,15.71,15.74,25278184,522913472.0
2014-03-28,15.68,15.97,14.6,15.18,27163764,541928192.0
2014-03-31,15.19,15.48,14.9,15.33,11905691,237968224.0
2014-04-01,15.34,16.0,15.23,15.79,18303184,373696288.0
2014-04-02,15.9,16.07,14.72,14.78,29331284,583942528.0
2014-04-03,14.78,14.95,14.4,14.52,21100972,406651712.0
2014-04-04,14.43,15.03,14.4,14.89,14696645,286410272.0
2014-04-08,14.4,15.27,14.07,15.15,31442414,605737344.0
2014-04-09,15.1,16.18,15.03,16.030001,34726408,702672960.0
2014-04-10,15.95,16.23,15.4,15.96,28344878,583124928.0
2014-04-11,15.93,16.09,15.46,15.56,18536874,377787392.0
2014-04-14,15.5,15.54,15.16,15.24,14787102,295585760.0
2014-04-15,15.03,15.52,14.83,15.2,17372738,344800384.0
2014-04-16,15.12,15.22,14.55,14.82,13793904,269738176.0
2014-04-17,14.81,15.22,14.74,15.08,11007421,216995008.0
2014-04-18,15.03,15.08,14.63,14.97,10495771,205317728.0
2014-04-21,14.73,15.29,14.56,14.74,12915889,253834864.0
2014-04-22,14.72,15.03,14.6,14.97,11671092,228049280.0
2014-04-23,15.29,15.95,15.21,15.54,25957496,526857728.0
2014-04-24,15.46,15.53,14.84,14.98,13402376,265932608.0
2014-04-25,14.88,14.96,14.35,14.6,14483914,279581344.0
2014-04-28,14.48,14.52,13.5,13.65,17464652,324503616.0
2014-04-29,13.67,14.18,13.65,14.03,11491159,213114800.0
2014-04-30,14.05,14.49,13.92,14.22,8129524,153972240.0
2014-05-05,14.4,14.56,14.3,14.43,7525538,143794752.0
2014-05-06,14.43,14.8,14.34,14.61,9850430,190466336.0
2014-05-07,14.61,14.61,13.96,14.0,9840019,186477472.0
2014-05-08,13.98,14.36,13.8,14.01,9650591,181926256.0
2014-05-09,14.01,14.19,13.55,13.55,10252555,189268672.0
2014-05-12,13.85,14.29,13.63,14.27,14428278,269885536.0
2014-05-13,14.23,14.37,14.03,14.22,9043307,170529104.0
2014-05-14,14.2,14.68,14.05,14.4,12253976,234002112.0
2014-05-15,14.4,14.67,14.17,14.39,11883490,227689072.0
2014-05-16,14.4,14.72,14.11,14.31,9476751,181745024.0
2014-05-19,14.11,14.24,13.47,13.79,12277931,227244752.0
2014-05-20,13.88,14.15,13.69,13.76,7655243,142523360.0
2014-05-21,13.57,14.01,13.35,13.96,7698195,142020576.0
2014-05-22,13.95,14.5,13.86,14.13,13420577,254184192.0
2014-05-23,14.3,14.45,14.04,14.29,7205019,136305792.0
2014-05-26,14.41,15.1,14.4,14.91,19531476,380964096.0
2014-05-27,15.02,15.04,14.48,14.52,12405847,240425520.0
2014-05-28,14.48,14.83,14.3,14.77,14126813,272764416.0
2014-05-29,14.95,15.8,14.89,15.02,30157668,604086272.0
2014-05-30,14.91,15.18,14.86,15.09,11332810,223158864.0
2014-06-03,15.2,15.55,15.17,15.28,13258262,265917136.0
2014-06-04,15.25,15.25,14.55,14.72,11554998,224972672.0
2014-06-05,14.61,14.99,14.61,14.98,7740072,151172336.0
2014-06-06,14.98,15.23,14.75,14.92,7458071,146890960.0
2014-06-09,14.81,15.24,14.8,14.88,8854844,174730896.0
2014-06-10,14.89,15.35,14.81,15.23,14064903,279381184.0
2014-06-11,15.15,15.87,15.11,15.75,24807156,503825376.0
2014-06-12,15.68,15.82,15.42,15.8,14692386,298294272.0
2014-06-13,15.69,16.0,15.48,15.84,16357208,334986368.0
2014-06-16,15.8,15.97,15.64,15.72,12004395,246077712.0
2014-06-17,15.66,15.66,15.26,15.28,12477075,251214176.0
2014-06-18,15.29,15.43,14.78,14.84,11667189,230397760.0
2014-06-19,14.76,14.98,14.14,14.35,16054052,307336416.0
2014-06-20,14.31,14.59,14.15,14.52,10115292,192500928.0
2014-06-23,14.52,14.64,14.3,14.46,11137930,213577280.0
2014-06-24,14.43,14.9,14.31,14.88,15358866,296446976.0
2014-06-25,14.79,14.86,14.55,14.61,5204303,100650448.0
2014-06-26,14.65,14.96,14.63,14.73,8559981,166873984.0
2014-06-27,14.99,15.57,14.93,15.24,22594992,451085984.0
2014-06-30,15.3,15.6,15.17,15.49,14797449,297467872.0
2014-07-01,15.2,15.28,14.72,15.05,26171124,513995008.0
2014-07-02,14.87,14.99,14.29,14.43,38386284,737357248.0
2014-07-03,14.3,14.59,14.09,14.46,22332020,426618560.0
2014-07-04,14.47,14.48,14.25,14.36,15719978,298839776.0
2014-07-07,14.38,14.43,14.02,14.11,20028612,377470464.0
2014-07-08,14.11,14.27,14.02,14.23,11863062,223540480.0
2014-07-09,14.29,14.43,14.16,14.17,15465021,293412704.0
2014-07-10,14.17,14.25,13.54,13.65,23891412,442291584.0
2014-07-11,13.68,13.74,13.37,13.51,22268948,405316352.0
2014-07-14,13.51,13.77,13.35,13.76,16653661,303818240.0
2014-07-15,13.88,14.07,13.73,13.97,19385316,361146432.0
2014-07-16,13.99,13.99,13.6,13.63,12373970,228204384.0
2014-07-17,13.64,13.72,13.4,13.49,7435496,135308640.0
2014-07-18,13.43,13.78,13.35,13.71,9862893,180865712.0
2014-07-21,13.79,13.94,13.6,13.67,8995964,166136016.0
2014-07-22,13.64,13.93,13.56,13.85,13956162,258605184.0
2014-07-23,13.87,13.87,13.32,13.37,21953368,399888576.0
2014-07-24,13.45,13.6,13.31,13.49,13976260,253573360.0
2014-07-25,13.58,14.03,13.52,14.02,26709028,496477632.0
2014-07-28,14.15,14.4,13.96,14.2,30353822,573229568.0
2014-07-29,14.39,14.58,14.05,14.24,28844316,548207296.0
2014-07-30,14.25,14.27,14.02,14.1,18132822,341366496.0
2014-07-31,14.11,14.23,13.88,14.03,25040148,468440832.0
2014-08-01,13.98,14.43,13.87,14.24,41982356,791869824.0
2014-08-04,14.23,14.28,14.01,14.23,23442688,441702720.0
2014-08-05,14.36,14.55,14.16,14.33,35486664,676420160.0
2014-08-06,14.27,14.27,13.93,14.07,31719168,594418496.0
2014-08-07,14.07,14.09,13.9,13.96,18625256,347679360.0
2014-08-08,13.98,14.04,13.89,13.98,12516830,233459888.0
2014-08-11,14.05,14.34,13.97,14.26,29325694,554010176.0
2014-08-12,14.27,14.28,14.12,14.2,17583172,332452512.0
2014-08-13,14.19,14.23,13.99,14.14,16413993,308514400.0
2014-08-14,14.14,14.14,13.72,13.8,25443340,473883200.0
2014-08-15,13.8,13.97,13.78,13.86,18626252,345837792.0
2014-08-18,13.91,14.13,13.85,14.11,25896364,483963360.0
2014-08-19,14.22,14.22,13.89,13.96,27938976,514402048.0
2014-08-20,14.07,14.32,13.94,14.23,35889628,667509696.0
2014-08-21,14.24,14.29,13.98,14.17,19166076,355133920.0
2014-08-22,14.17,14.47,14.06,14.46,43411492,812619776.0
2014-08-25,14.59,14.81,14.43,14.69,53775460,1026719936.0
2014-08-26,14.67,14.69,14.29,14.36,25883784,488487424.0
2014-08-27,14.32,14.48,14.02,14.11,30339064,563967808.0
2014-08-28,14.17,14.24,13.8,13.88,23483640,432121600.0
2014-08-29,13.96,14.05,13.85,14.01,14682694,269775680.0
2014-09-01,14.04,14.36,14.0,14.35,23884768,445297120.0
2014-09-02,14.35,14.43,14.27,14.42,27447432,515815648.0
2014-09-03,14.42,14.61,14.33,14.51,27316044,516771456.0
2014-09-04,14.51,14.87,14.34,14.86,46934012,894790976.0
2014-09-05,14.88,14.95,14.67,14.78,29575336,567822784.0
2014-09-09,14.8,15.12,14.62,15.03,33669380,651659456.0
2014-09-10,14.95,15.28,14.8,15.11,34221184,667932096.0
2014-09-11,15.07,15.22,14.73,14.77,37050592,717654080.0
2014-09-12,14.75,14.92,14.68,14.82,20622542,396472640.0
2014-09-15,14.81,14.91,14.62,14.82,26688152,512469216.0
2014-09-16,14.85,14.88,14.17,14.2,32624536,618629120.0
2014-09-17,14.18,14.3,14.07,14.22,19380376,361074976.0
2014-09-18,14.21,14.52,14.13,14.34,17311664,324796448.0
2014-09-19,14.39,14.65,14.25,14.5,20428014,386476928.0
2014-09-22,14.47,14.48,14.13,14.16,16535452,309017184.0
2014-09-23,14.09,14.32,14.08,14.25,13727842,256181552.0
2014-09-24,14.25,14.53,14.15,14.49,24534444,461342304.0
2014-09-25,14.53,14.62,14.29,14.37,25336612,478343072.0
2014-09-26,14.27,14.39,14.25,14.27,15657072,293455136.0
2014-09-29,14.41,14.72,14.36,14.71,33420146,634371264.0
2014-09-30,14.82,14.88,14.53,14.61,26380304,503887712.0
2014-10-08,14.73,15.22,14.57,15.18,56309448,1089962368.0
2014-10-09,15.24,15.3,14.92,15.06,40577616,792516416.0
2014-10-10,14.99,15.46,14.92,15.06,40242536,789692992.0
2014-10-13,15.04,15.22,14.9,15.19,29015592,565882048.0
2014-10-14,15.24,15.24,14.71,14.81,28403788,551590848.0
2014-10-15,14.81,15.41,14.71,15.17,41075172,804351680.0
2014-10-16,15.02,15.73,14.92,15.22,57392860,1138904320.0
2014-10-17,15.16,15.31,14.72,15.18,29143436,566080448.0
2014-10-20,15.22,15.67,15.19,15.46,30758084,611719104.0
2014-10-21,15.46,15.66,15.27,15.29,29613622,589475072.0
2014-10-22,15.36,15.39,14.82,14.88,25006412,485665760.0
2014-10-23,14.87,14.94,14.46,14.56,23021090,438590080.0
2014-10-24,14.63,14.72,14.32,14.44,14711783,278151488.0
2014-10-27,14.35,14.6,14.07,14.53,18902596,355436608.0
2014-10-28,14.52,14.67,14.46,14.67,19803340,376281856.0
2014-10-29,14.85,14.92,14.7,14.8,23517116,451999168.0
2014-10-30,14.86,15.12,14.78,14.94,24762512,479401280.0
2014-10-31,15.06,15.17,14.7,14.97,20896784,403760512.0
2014-11-03,15.13,15.32,14.87,15.05,37377888,730046400.0
2014-11-04,14.98,14.98,14.61,14.63,25917176,496080512.0
2014-11-05,14.59,14.66,14.39,14.45,19928984,377253440.0
2014-11-06,14.53,14.79,14.49,14.67,16833666,320989728.0
2014-11-07,14.65,14.67,14.36,14.4,21094204,399281056.0
2014-11-10,14.51,14.65,14.45,14.62,23368928,443586848.0
2014-11-11,14.65,14.85,14.24,14.38,31916782,607692480.0
2014-11-12,14.46,14.68,14.37,14.67,16004292,303804288.0
2014-11-13,14.67,14.75,14.41,14.57,19534604,370319008.0
2014-11-14,14.58,14.99,14.49,14.92,37304232,718550080.0
2014-11-17,15.67,15.67,14.93,14.97,43662592,856834560.0
2014-11-18,14.97,15.37,14.81,15.35,43787008,858543936.0
2014-11-19,15.47,17.07,15.2,16.629999,97185584,2007315456.0
2014-11-20,16.24,16.73,16.190001,16.290001,43925872,915917952.0
2014-11-21,16.17,16.77,16.07,16.51,38359648,803861312.0
2014-11-24,16.67,16.809999,16.290001,16.51,41897248,875871552.0
2014-11-25,16.620001,17.059999,16.370001,16.559999,38939148,822732608.0
2014-11-26,16.57,16.620001,15.92,16.15,46326160,954341824.0
2014-11-28,15.95,16.42,15.77,15.89,43528896,893655104.0
2014-12-01,15.93,16.469999,15.7,16.26,37376984,766143040.0
2014-12-02,16.17,16.41,16.08,16.299999,32744424,677701696.0
2014-12-03,16.290001,16.99,16.139999,16.709999,51810076,1092797824.0
2014-12-04,16.74,17.15,16.74,17.0,47997968,1025798336.0
2014-12-05,17.280001,18.540001,16.870001,17.6,69085552,1532494336.0
2014-12-08,17.57,17.969999,17.17,17.65,49828512,1096199680.0
2014-12-09,17.299999,18.219999,16.68,16.719999,68394400,1491829376.0
2014-12-10,16.77,17.709999,16.620001,17.48,35178856,761351424.0
2014-12-11,17.48,17.98,17.07,17.24,30813494,673377664.0
2014-12-12,17.190001,17.709999,17.120001,17.690001,28060444,613662720.0
2014-12-15,17.629999,18.33,17.51,18.0,40751500,916877120.0
2014-12-16,17.92,18.120001,17.41,17.66,29678908,654190272.0
2014-12-17,17.58,17.58,16.870001,17.09,33495728,722303424.0
2014-12-18,17.09,17.219999,16.57,16.73,36042572,763631552.0
2014-12-19,16.73,16.870001,16.07,16.559999,28783688,599360768.0
2014-12-22,16.52,16.52,15.93,16.02,27861180,571946048.0
2014-12-23,16.1,16.690001,15.97,16.209999,27256398,568845056.0
2014-12-24,16.34,16.360001,16.030001,16.17,17920236,369316992.0
2014-12-25,16.190001,16.35,16.040001,16.27,20528164,423078528.0
2014-12-26,16.25,16.709999,16.120001,16.59,26246884,549777792.0
2014-12-29,16.65,16.82,16.129999,16.24,26571474,555409792.0
2014-12-30,16.379999,16.780001,16.25,16.379999,26798508,561124736.0
2014-12-31,16.5,16.74,16.26,16.67,30111742,629817984.0
2015-01-05,16.620001,17.35,16.389999,17.200001,48762596,1039531456.0
2015-01-06,16.98,18.26,16.92,18.08,66441148,1475110784.0
2015-01-07,18.08,18.08,17.52,17.65,38421336,851416576.0
2015-01-08,17.889999,18.52,17.77,17.940001,47467964,1071251840.0
2015-01-09,17.870001,18.370001,17.549999,17.629999,40018176,900990208.0
2015-01-12,17.66,17.969999,17.18,17.58,30820420,675565440.0
2015-01-13,17.450001,18.049999,17.389999,17.799999,24010292,534881440.0
2015-01-14,17.709999,18.25,17.17,17.299999,29895788,660399296.0
2015-01-15,17.32,17.52,17.15,17.5,21799104,475227616.0
2015-01-16,17.530001,18.07,17.299999,18.0,27734144,612656000.0
2015-01-19,17.450001,18.07,16.370001,16.67,40970216,889151104.0
2015-01-20,17.030001,17.209999,16.75,17.08,27445600,588609280.0
2015-01-21,17.200001,18.1,17.049999,17.860001,39841632,881188352.0
2015-01-22,17.879999,18.25,17.59,18.049999,31657160,709223488.0
2015-01-23,18.049999,18.190001,17.52,17.76,31514112,700786240.0
2015-01-26,17.75,18.709999,17.629999,18.68,46100908,1045121472.0
2015-01-27,18.870001,18.92,18.129999,18.459999,37869468,870478848.0
2015-01-28,18.690001,19.309999,18.48,18.59,42482588,993180544.0
2015-01-29,18.42,18.639999,18.120001,18.190001,23432356,534029664.0
2015-01-30,18.200001,18.49,17.83,17.940001,18743100,422635520.0
2015-02-02,17.780001,18.43,17.67,18.24,21096020,476842880.0
2015-02-03,18.25,18.709999,18.120001,18.48,22967360,525777504.0
2015-02-04,18.48,18.5,18.0,18.059999,21393444,483850624.0
2015-02-05,18.26,18.32,17.469999,17.5,28697278,636145152.0
2015-02-06,17.370001,17.690001,17.07,17.120001,16915986,367835328.0
2015-02-09,17.09,17.25,16.780001,16.91,14469594,310148768.0
2015-02-10,16.92,17.23,16.85,17.209999,14788749,317720576.0
2015-02-11,17.27,17.700001,17.17,17.450001,16164257,353655456.0
2015-02-12,17.34,17.559999,17.129999,17.43,13417729,292030240.0
2015-02-13,17.549999,18.32,17.469999,17.92,31772828,710971072.0
2015-02-16,17.969999,18.190001,17.809999,18.07,19831918,445551520.0
2015-02-17,18.129999,18.65,18.02,18.49,27994764,636690496.0
2015-02-25,18.469999,18.469999,18.0,18.120001,18913288,427499392.0
2015-02-26,18.07,18.32,18.0,18.25,16130507,364199040.0
2015-02-27,18.299999,18.360001,18.059999,18.219999,18971352,429061472.0
2015-03-02,18.32,18.549999,18.07,18.42,26021154,589729600.0
2015-03-03,18.34,19.25,18.18,18.59,46321748,1072052544.0
2015-03-04,18.75,19.27,18.440001,19.24,52102284,1212672640.0
2015-03-05,19.24,19.870001,18.76,19.08,53153844,1265259648.0
2015-03-06,19.27,19.27,18.469999,18.540001,25532266,590662784.0
2015-03-09,18.57,18.709999,18.07,18.6,22892814,521422400.0
2015-03-10,18.549999,19.09,18.200001,18.940001,25602052,593659776.0
2015-03-11,18.92,19.42,18.75,18.860001,24627484,577898880.0
2015-03-12,19.1,19.1,18.35,18.49,25540608,588581504.0
2015-03-13,18.51,18.799999,18.389999,18.68,17615888,404442016.0
2015-03-16,18.92,19.42,18.719999,19.280001,31418596,742151680.0
2015-03-17,19.5,20.24,19.42,19.66,46047028,1118958976.0
2015-03-18,19.66,20.209999,19.370001,20.01,34522936,838417984.0
2015-03-19,19.969999,19.969999,19.52,19.700001,26090268,630013888.0
2015-03-20,19.67,20.32,19.639999,20.18,33240708,813079040.0
2015-03-23,20.42,20.700001,20.059999,20.6,38112400,944859456.0
2015-03-24,20.65,20.67,19.75,20.360001,41464416,1022145600.0
2015-03-25,20.559999,20.92,20.02,20.9,47994720,1189632000.0
2015-03-26,20.73,20.75,20.27,20.32,35377600,881229632.0
2015-03-27,20.33,20.629999,20.07,20.360001,27752718,688166464.0
2015-04-17,22.84,22.84,22.84,22.84,4999306,136331072.0
2015-04-20,24.07,25.030001,23.15,23.24,116083688,3308435968.0
2015-04-21,23.389999,24.57,23.33,24.27,51121192,1453634560.0
2015-04-22,24.450001,24.75,23.719999,24.15,58705796,1676987136.0
2015-04-23,24.25,24.35,23.57,23.700001,45132244,1275722880.0
2015-04-24,23.379999,24.23,23.27,23.690001,36610668,1029538048.0
2015-04-27,23.879999,24.360001,23.49,23.93,41412896,1172179584.0
2015-04-28,23.77,24.049999,22.85,22.969999,40174784,1113702272.0
2015-04-29,22.84,23.66,22.84,22.969999,30103860,832373568.0
2015-04-30,23.379999,23.84,23.07,23.08,31428212,872702272.0
2015-05-04,23.17,23.35,22.57,22.91,23737144,647911104.0
2015-05-05,22.889999,23.84,22.809999,22.940001,39230672,1084044800.0
2015-05-06,23.27,23.790001,23.08,23.370001,44021436,1228713216.0
2015-05-07,23.549999,23.75,21.93,21.969999,34133880,924807488.0
2015-05-08,22.17,22.469999,21.82,22.219999,29801900,791272192.0
2015-05-11,22.370001,23.25,22.120001,23.120001,36368272,990608064.0
2015-05-12,23.18,23.75,23.049999,23.370001,40932948,1138095488.0
2015-05-13,23.389999,23.92,22.98,23.790001,43990156,1226458752.0
2015-05-14,23.85,24.030001,23.42,23.5,27717918,778300096.0
2015-05-15,23.440001,23.440001,22.469999,22.709999,28837496,787692864.0
2015-05-18,22.76,23.82,22.719999,23.26,31243124,867626624.0
2015-05-19,23.65,24.219999,23.48,24.08,47061940,1331426048.0
2015-05-20,24.27,25.120001,23.889999,24.120001,51604640,1496829184.0
2015-05-21,24.120001,24.879999,24.120001,24.73,33337558,966305152.0
2015-05-22,25.73,27.65,24.92,27.65,75676000,2357949696.0
2015-05-25,27.99,30.040001,27.23,28.799999,76895808,2532029696.0
2015-05-26,28.58,29.059999,27.780001,28.84,50641288,1666953216.0
2015-05-27,28.700001,28.700001,27.58,28.030001,45722036,1484253056.0
2015-05-28,27.860001,28.530001,26.51,26.530001,54826412,1743725824.0
2015-05-29,27.360001,29.629999,27.08,29.629999,97083584,3226939392.0
2015-06-01,30.57,31.9,30.219999,31.01,87999000,3117817856.0
2015-06-02,30.57,33.27,30.059999,32.799999,65393988,2327867392.0
2015-06-03,33.57,33.869999,31.27,31.950001,50859096,1881857536.0
2015-06-04,31.67,33.919998,30.559999,33.84,63867176,2328345600.0
2015-06-05,34.759998,35.049999,32.68,33.369999,61611280,2352493056.0
2015-06-08,33.02,33.02,31.370001,31.76,54446600,1976503296.0
2015-06-09,31.870001,32.459999,30.559999,30.860001,43730728,1563651840.0
2015-06-10,30.66,32.099998,30.26,31.559999,41926548,1505012096.0
2015-06-11,31.58,31.9,30.68,30.940001,31066816,1101671680.0
2015-06-12,31.139999,31.870001,30.74,30.82,38963680,1387962368.0
2015-06-15,30.82,31.049999,29.27,29.77,57583492,1975121920.0
2015-06-16,29.719999,30.27,28.58,28.85,36709660,1242504448.0
2015-06-17,28.85,29.18,27.67,29.02,39963792,1313859968.0
2015-06-18,28.77,29.91,28.43,28.559999,37625156,1268020864.0
2015-06-19,28.08,28.9,26.57,27.4,33047280,1072524032.0
2015-06-23,27.379999,27.67,25.32,27.35,35217132,1093660032.0
2015-06-24,27.59,28.290001,26.870001,28.26,40604088,1297651584.0
2015-06-25,28.219999,28.219999,26.450001,26.65,30309016,963429824.0
2015-06-26,25.690001,26.469999,23.540001,23.549999,49146552,1420763136.0
2015-06-29,24.27,24.67,20.75,21.879999,60586660,1627953536.0
2015-06-30,22.07,24.51,20.58,24.51,54521316,1501481472.0
2015-07-01,24.07,25.32,23.17,23.27,45421856,1316544128.0
2015-07-02,23.530001,24.049999,21.360001,21.6,43968404,1204127872.0
2015-07-03,21.549999,23.01,19.23,20.860001,48856272,1247807872.0
2015-07-06,23.389999,23.389999,19.57,21.790001,62984920,1639916416.0
2015-07-07,21.07,21.77,19.17,19.870001,72125240,1758235904.0
2015-07-08,17.440001,18.1,17.440001,17.440001,69732488,1531250048.0
2015-07-09,17.07,19.629999,15.69,19.629999,73529776,1691109248.0
2015-07-10,20.77,22.040001,20.58,22.040001,68454496,1791121024.0
2015-07-13,22.77,24.690001,22.059999,24.690001,91552672,2571795456.0
2015-07-14,23.969999,25.51,23.18,23.559999,76654568,2195712768.0
2015-07-15,22.91,22.91,20.76,20.76,52609616,1376014080.0
2015-07-16,20.76,22.370001,19.57,21.6,35547364,918211712.0
2015-07-17,21.690001,23.34,21.690001,22.92,32787552,886530944.0
2015-07-20,22.85,23.76,22.4,22.66,34103240,936608704.0
2015-07-21,22.57,23.459999,22.17,23.120001,29568468,809284352.0
2015-07-22,22.969999,23.469999,22.370001,22.75,26942524,734758720.0
2015-07-23,22.75,24.1,22.59,23.57,37834260,1050978432.0
2015-07-24,23.42,23.940001,22.75,22.85,36111632,1008232896.0
2015-07-27,22.059999,22.27,20.120001,20.120001,49872440,1285923712.0
2015-07-28,19.620001,21.219999,18.780001,20.9,54915252,1336980736.0
2015-07-29,20.969999,22.450001,20.360001,22.1,30229526,771125568.0
2015-07-30,21.77,22.549999,20.780001,20.9,23916130,628411520.0
2015-07-31,20.57,21.52,20.469999,21.41,22085428,563916032.0
2015-08-03,21.42,22.25,21.09,22.23,38917512,1016587008.0
2015-08-04,22.219999,23.08,22.139999,23.059999,24475492,663680192.0
2015-08-05,22.92,23.15,22.120001,22.299999,17484492,472972128.0
2015-08-06,22.07,22.870001,21.57,22.379999,12744981,340491840.0
2015-08-07,22.620001,23.15,22.469999,22.870001,18566160,507438464.0
2015-08-10,22.99,24.120001,22.76,23.959999,33282788,929627072.0
2015-08-11,23.860001,24.219999,23.23,23.459999,28886768,813386752.0
2015-08-12,23.0,23.139999,22.23,22.299999,30716828,821438336.0
2015-08-13,22.309999,22.719999,21.91,22.700001,17038796,452002688.0
2015-08-14,22.790001,22.9,22.35,22.549999,15413540,413765728.0
2015-08-17,22.540001,22.65,21.85,22.58,21703990,572419712.0
2015-08-18,22.620001,22.809999,20.35,20.940001,27889006,722664448.0
2015-08-19,20.34,21.23,19.74,21.15,20445308,505822080.0
2015-08-20,20.85,20.950001,20.18,20.209999,15258266,377547488.0
2015-08-21,20.01,20.01,19.17,19.809999,22743818,540564288.0
2015-08-24,18.84,18.84,17.41,17.41,35414016,769497600.0
2015-08-25,16.459999,17.27,15.25,15.53,40420744,818594752.0
2015-08-26,16.15,17.32,15.59,16.23,29110456,596426368.0
2015-08-27,17.0,17.85,16.889999,17.84,23983760,514238688.0
2015-08-28,18.139999,18.98,17.58,18.4,28311948,632053248.0
2015-08-31,17.9,18.440001,17.25,18.41,21670102,477599168.0
2015-09-01,18.0,18.559999,17.35,18.549999,36436580,809974592.0
2015-09-02,17.629999,19.33,17.459999,19.110001,32771776,749558784.0
2015-09-07,19.120001,19.83,17.620001,17.629999,23537448,535237408.0
2015-09-08,17.690001,19.370001,17.469999,19.17,17531460,396539648.0
2015-09-09,19.16,19.709999,18.91,19.469999,19131804,450085120.0
2015-09-10,19.15,19.780001,18.870001,19.530001,12601773,297374880.0
2015-09-11,19.4,19.91,19.25,19.700001,9930176,235780832.0
2015-09-14,19.68,19.700001,18.24,19.66,21972672,508089536.0
2015-09-15,18.950001,19.200001,18.35,18.57,10367686,237520928.0
2015-09-16,18.51,20.459999,18.379999,19.959999,14466392,339599296.0
2015-09-17,19.75,20.07,18.969999,19.08,10928736,260274192.0
2015-09-18,19.299999,19.48,18.809999,19.09,7282267,169023184.0
2015-09-21,18.83,19.85,18.690001,19.6,7122420,167794208.0
2015-09-22,19.530001,20.200001,19.530001,20.17,11673854,281187104.0
2015-09-23,19.860001,20.17,19.5,19.67,6412914,153562160.0
2015-09-24,19.459999,20.02,19.34,19.360001,7070576,167680480.0
2015-09-25,19.35,19.59,18.34,18.469999,8547600,196458064.0
2015-09-28,18.48,18.84,18.26,18.51,6263409,141531792.0
2015-09-29,18.24,18.24,17.629999,17.77,9226836,203327840.0
2015-09-30,17.92,18.1,17.66,17.77,5450663,119915048.0
2015-10-08,19.959999,19.959999,19.959999,19.959999,10701862,258021888.0
2015-10-09,20.450001,21.360001,20.23,20.790001,81952248,2044896384.0
2015-10-12,20.370001,21.6,20.16,20.780001,80780288,2025167744.0
2015-10-13,20.379999,20.92,20.25,20.879999,33183800,818399744.0
2015-10-14,20.620001,21.59,20.6,20.629999,37189612,937107904.0
2015-10-15,20.4,21.25,20.370001,21.040001,31610988,789788160.0
2015-10-16,21.219999,21.33,20.41,20.879999,32204864,805666112.0
2015-10-19,21.120001,22.01,21.0,21.950001,49803268,1274555264.0
2015-10-20,21.700001,21.84,21.26,21.639999,30690980,787967680.0
2015-10-21,21.85,21.969999,19.91,20.0,38566404,972091648.0
2015-10-22,20.15,21.23,20.15,21.139999,29646244,737246528.0
2015-10-23,21.73,22.65,21.73,21.98,47902536,1258869376.0
2015-10-26,22.15,22.23,21.290001,21.559999,30828924,795307520.0
2015-10-27,21.450001,21.51,20.549999,21.299999,21198660,534247904.0
2015-10-28,21.24,21.52,20.690001,20.76,16018030,404333568.0
2015-10-29,21.24,21.24,20.67,21.049999,12508871,314219744.0
2015-10-30,20.959999,21.219999,20.559999,20.76,14951120,374807360.0
2015-11-02,20.450001,21.209999,20.290001,20.49,16037559,400733248.0
2015-11-03,20.629999,20.76,20.309999,20.440001,11114486,274278720.0
2015-11-04,20.5,21.51,20.5,21.48,25872458,653962112.0
2015-11-05,21.559999,22.1,21.26,21.84,31287336,807981824.0
2015-11-06,21.73,22.25,21.6,22.15,30533728,797212672.0
2015-11-09,22.15,23.280001,22.120001,22.48,38541452,1034532352.0
2015-11-10,22.32,22.58,22.030001,22.309999,24255432,641195072.0
2015-11-11,22.25,22.5,22.059999,22.34,18217356,481218464.0
2015-11-12,22.549999,22.84,22.24,22.459999,22664606,604606848.0
2015-11-13,22.09,22.23,21.540001,21.620001,18378086,476967296.0
2015-11-16,21.07,22.08,20.98,22.02,11790215,302989536.0
2015-11-17,22.049999,22.450001,21.66,21.74,16690728,438056416.0
2015-11-18,21.74,21.75,21.02,21.120001,12779664,327185888.0
2015-11-19,21.25,21.68,21.24,21.639999,9527672,244372576.0
2015-11-20,21.77,22.299999,21.65,21.84,15365765,401116384.0
2015-11-23,21.950001,22.030001,21.459999,21.5,12206657,315919232.0
2015-11-24,21.41,21.57,21.0,21.459999,9316540,236938304.0
2015-11-25,21.33,21.860001,21.219999,21.85,13008732,334435328.0
2015-11-26,21.969999,22.209999,21.58,21.6,12243987,318962240.0
2015-11-27,21.559999,21.6,19.870001,20.219999,15364498,383279264.0
2015-11-30,20.280001,20.549999,19.530001,19.98,17115012,413036032.0
2015-12-01,20.129999,20.809999,20.030001,20.299999,14752186,361673472.0
2015-12-02,20.26,21.1,20.16,21.01,14730093,366169280.0
2015-12-03,21.049999,21.32,20.969999,21.23,10890100,275799744.0
2015-12-04,21.139999,21.190001,20.75,20.870001,10500205,263626032.0
2015-12-07,21.15,22.120001,21.15,21.85,20916652,540869824.0
2015-12-08,21.68,21.780001,21.299999,21.450001,13446570,345109760.0
2015-12-09,21.379999,21.620001,21.030001,21.17,8918337,226316336.0
2015-12-10,21.1,21.530001,20.99,21.059999,9890972,250930704.0
2015-12-14,19.360001,20.23,18.99,20.110001,66338656,1574258432.0
2015-12-15,19.75,19.950001,19.57,19.73,34156528,815665984.0
2015-12-16,19.66,20.040001,19.57,19.67,22718068,543364928.0
2015-12-17,19.809999,20.09,19.799999,20.07,31895196,768560000.0
2015-12-18,19.92,20.08,19.76,19.84,20787744,499954752.0
2015-12-21,20.02,20.73,20.02,20.389999,31986968,786490816.0
2015-12-22,20.440001,20.6,19.85,20.129999,28053232,681672192.0
2015-12-23,20.15,20.540001,19.870001,19.940001,30835468,749948800.0
2015-12-24,20.0,20.07,19.370001,19.67,19286556,458960224.0
2015-12-25,19.68,19.83,19.639999,19.790001,10902060,260346624.0
2015-12-28,19.91,20.02,19.370001,19.389999,19400798,462511200.0
2015-12-29,19.459999,19.52,19.040001,19.370001,15428683,361024448.0
2015-12-30,19.43,19.52,19.24,19.43,12452191,292943808.0
2015-12-31,19.42,19.690001,19.280001,19.34,14740520,348540512.0
2016-01-04,19.34,19.35,17.68,17.75,15260725,347774848.0
2016-01-05,17.34,18.110001,17.16,17.889999,19517356,426676064.0
2016-01-06,18.0,18.26,17.889999,18.17,10455362,232738112.0
2016-01-07,17.870001,17.870001,16.440001,16.610001,3378200,72579400.0
2016-01-08,17.15,17.280001,16.25,16.84,17143824,360248800.0
2016-01-11,16.35,16.690001,15.79,15.81,14503495,295417760.0
2016-01-12,16.0,16.120001,15.65,15.88,14224140,285559776.0
2016-01-13,16.059999,16.25,15.41,15.55,13107593,262484544.0
2016-01-14,15.15,16.09,14.89,15.99,12942340,255299904.0
2016-01-15,15.86,16.02,15.45,15.62,11300768,224906352.0
2016-01-18,15.15,15.59,14.98,15.0,19596152,380141984.0
2016-01-19,15.11,15.56,14.76,15.55,18434476,356722528.0
2016-01-20,15.35,15.48,14.88,15.06,16421355,317483008.0
2016-01-21,14.88,15.31,14.53,14.56,14731348,281840640.0
2016-01-22,14.86,14.91,13.93,14.3,21010674,387336064.0
2016-01-25,14.45,14.6,14.3,14.52,9357784,174162496.0
2016-01-26,14.34,14.34,13.26,13.51,18403972,330196352.0
2016-01-27,13.55,13.59,12.35,13.17,20466284,351597152.0
2016-01-28,13.05,13.6,12.85,13.33,20935628,365255648.0
2016-01-29,13.35,14.18,13.33,14.04,14347799,258842144.0
2016-02-01,14.04,14.1,13.75,13.99,9374511,169492416.0
2016-02-02,13.95,14.41,13.93,14.24,7877099,145031696.0
2016-02-03,14.1,14.1,13.65,14.02,7288850,131286952.0
2016-02-04,14.1,14.28,14.05,14.19,8177545,149779520.0
2016-02-05,14.24,14.43,13.95,13.99,6321828,116073008.0
2016-02-15,13.65,14.0,13.55,13.95,7551717,135441248.0
2016-02-16,14.06,14.58,14.03,14.5,13986524,259814240.0
2016-02-17,14.49,14.58,14.28,14.55,11272235,210066224.0
2016-02-18,14.68,14.74,14.3,14.34,9054689,168988944.0
2016-02-19,14.39,14.62,14.35,14.52,7628817,142226784.0
2016-02-22,14.75,14.8,14.52,14.71,15553770,292421280.0
2016-02-23,14.83,14.92,14.61,14.88,15944174,301576576.0
2016-02-24,15.13,15.34,14.71,15.08,20932214,402834016.0
2016-02-25,14.95,14.97,13.39,13.56,17259264,317566016.0
2016-02-26,13.73,14.05,13.65,13.98,9052590,162923072.0
2016-02-29,13.88,14.02,13.25,13.8,12346416,218235088.0
2016-03-01,13.8,14.06,13.53,13.99,6347611,114097928.0
2016-03-02,14.17,14.74,14.02,14.68,12436999,230679856.0
2016-03-03,14.65,14.75,14.43,14.73,16622623,311573216.0
2016-03-04,14.6,15.13,14.48,15.01,23277048,442476096.0
2016-03-07,15.03,15.2,14.73,14.95,11977829,229188528.0
2016-03-08,14.89,14.99,14.37,14.94,9724811,182854928.0
2016-03-09,14.63,14.84,14.32,14.81,10355059,193895456.0
2016-03-10,14.65,14.79,14.4,14.53,7715762,144312560.0
2016-03-11,14.44,14.47,14.2,14.34,6160542,113750528.0
2016-03-14,14.48,14.92,14.39,14.76,11019218,208265664.0
2016-03-15,14.6,14.99,14.42,14.91,11442403,215722704.0
2016-03-16,14.83,14.99,14.7,14.89,16445913,313105824.0
2016-03-17,14.99,15.15,14.73,15.09,11778813,225540288.0
2016-03-18,15.14,15.5,15.07,15.26,19465008,378292672.0
2016-03-21,15.85,16.32,15.8,15.89,28028432,564644672.0
2016-03-22,15.68,16.27,15.66,15.99,14565574,293465536.0
2016-03-23,15.98,16.190001,15.76,15.97,9039128,181568432.0
2016-03-24,16.02,16.02,15.55,15.58,9460179,188475760.0
2016-03-25,15.56,15.78,15.52,15.65,6233622,123332136.0
2016-03-28,15.66,16.110001,15.48,15.65,10120883,202362800.0
2016-03-29,15.69,15.76,15.11,15.25,11462251,224266896.0
2016-03-30,15.45,15.79,15.4,15.74,12892209,254164496.0
2016-03-31,15.84,15.93,15.72,15.78,10561719,210853040.0
2016-04-01,15.9,16.030001,15.43,15.8,10198023,202816752.0
2016-04-05,15.79,16.0,15.57,15.94,14103638,282012384.0
2016-04-06,15.96,16.120001,15.89,16.040001,10288988,207504448.0
2016-04-07,16.1,16.139999,15.54,15.6,9510281,190085008.0
2016-04-08,15.5,15.6,15.1,15.26,9548049,186042912.0
2016-04-11,15.36,16.030001,15.35,15.92,14854710,295718560.0
2016-04-12,15.86,16.25,15.8,15.96,13278833,268224912.0
2016-04-13,16.08,16.33,16.030001,16.09,14428073,293813856.0
2016-04-14,16.200001,16.5,16.110001,16.290001,11837538,242188032.0
2016-04-15,16.27,16.32,16.059999,16.110001,6307253,128081328.0
2016-04-18,16.040001,16.040001,15.7,15.73,6822435,136052864.0
2016-04-19,15.85,15.93,15.71,15.84,6179925,123219432.0
2016-04-20,15.86,15.87,14.93,15.23,18375680,355859328.0
2016-04-21,15.21,15.34,15.01,15.03,6604004,127724784.0
2016-04-22,14.98,15.12,14.96,15.05,6374407,122230240.0
2016-04-25,15.07,15.08,14.67,14.83,5967342,113275712.0
2016-04-26,14.75,15.03,14.75,14.93,5501366,104757968.0
2016-04-27,15.0,15.19,14.94,15.03,5635532,108349808.0
2016-04-28,15.1,15.15,14.76,14.95,4024339,76842760.0
2016-04-29,14.95,15.23,14.93,15.16,5517581,106289080.0
2016-05-03,15.16,15.73,15.04,15.59,14856315,291448448.0
2016-05-04,15.46,15.72,15.46,15.6,8049330,159188352.0
2016-05-05,15.52,15.63,15.4,15.57,6792916,133642784.0
2016-05-06,15.57,15.68,14.98,14.99,8130043,157559328.0
2016-05-09,14.86,14.86,14.33,14.44,11617091,216941840.0
2016-05-10,14.3,14.53,14.29,14.35,5390716,99796584.0
2016-05-11,14.42,15.19,14.32,14.73,13866094,262039216.0
2016-05-12,14.53,14.61,14.25,14.58,8804785,163951360.0
2016-05-13,14.58,14.72,14.27,14.49,6591632,122893120.0
2016-05-16,14.54,14.69,14.37,14.66,6319006,118440888.0
2016-05-17,14.71,14.81,14.5,14.55,6271164,117722888.0
2016-05-18,14.46,14.57,14.17,14.38,8511170,157506688.0
2016-05-19,14.37,14.53,14.27,14.41,5108491,94802152.0
2016-05-20,14.29,14.48,14.15,14.47,3396731,62987652.0
2016-05-23,14.5,14.69,14.45,14.62,4673028,87625704.0
2016-05-24,14.57,14.77,14.49,14.61,4511279,84737064.0
2016-05-25,14.75,14.81,14.41,14.48,5433770,102062160.0
2016-05-26,14.48,14.59,14.3,14.55,4780208,88778024.0
2016-05-27,14.55,14.62,14.43,14.53,4019159,75134632.0
2016-05-30,14.58,14.62,14.34,14.49,3334311,62190560.0
2016-05-31,14.51,15.15,14.51,15.13,13290322,253751616.0
2016-06-01,15.12,15.19,14.98,14.99,6192984,119004000.0
2016-06-02,14.98,15.12,14.94,14.99,4622299,88560944.0
2016-06-03,15.09,15.49,15.0,15.32,11686313,227561568.0
2016-06-06,15.33,15.45,15.15,15.26,6071559,118064904.0
2016-06-07,15.3,15.32,15.05,15.23,4951105,95653960.0
2016-06-08,15.15,15.22,15.01,15.1,7196179,138465184.0
2016-06-13,14.85,14.9,14.49,14.5,8828581,166393168.0
2016-06-14,14.42,14.48,14.25,14.4,10204602,188710816.0
2016-06-15,14.26,14.71,14.19,14.58,7262984,135827344.0
2016-06-16,14.55,14.68,14.3,14.34,6353309,118310704.0
2016-06-17,14.4,14.68,14.4,14.51,6881235,128624608.0
2016-06-20,14.52,14.68,14.47,14.62,4985554,93441040.0
2016-06-21,14.7,14.9,14.51,14.61,6018172,113473416.0
2016-06-22,14.6,14.82,14.51,14.8,5239351,98800592.0
2016-06-23,14.83,14.93,14.76,14.79,4252068,79373448.0
2016-06-24,14.81,14.89,14.42,14.64,7770979,143862320.0
2016-06-27,14.56,14.93,14.56,14.88,5928675,110112288.0
2016-06-28,14.78,15.07,14.7,15.04,7647101,143352944.0
2016-06-29,15.08,15.15,14.96,15.0,6614292,124823536.0
2016-06-30,15.01,15.29,15.01,15.19,6658491,126547624.0
2016-07-01,15.21,15.27,15.1,15.12,4697406,89260496.0
2016-07-04,15.07,15.5,15.03,15.49,9650161,185224800.0
2016-07-05,15.68,15.79,15.53,15.59,10134908,197417504.0
2016-07-06,15.57,16.02,15.37,15.89,12373675,241153152.0
2016-07-07,15.93,16.5,15.88,16.08,20029996,401173408.0
2016-07-08,16.16,16.16,15.83,16.0,7257672,143956992.0
2016-07-11,16.469999,16.549999,16.120001,16.16,13086068,263670992.0
2016-07-12,16.25,17.049999,16.17,16.940001,23607332,484783104.0
2016-07-13,17.02,17.559999,16.93,16.959999,20178672,425854368.0
2016-07-14,16.93,17.139999,16.84,17.059999,6523004,135895520.0
2016-07-15,17.18,17.58,17.17,17.280001,11357813,241227952.0
2016-07-18,17.280001,17.450001,16.889999,17.110001,11008804,230817472.0
2016-07-19,16.969999,17.15,16.77,17.01,8041509,167069440.0
2016-07-20,16.969999,17.25,16.950001,17.01,5757160,120598912.0
2016-07-21,17.01,17.620001,16.91,17.41,12540523,266241616.0
2016-07-22,17.41,17.93,17.209999,17.309999,11588762,248563952.0
2016-07-25,17.360001,17.9,17.32,17.65,10356768,222848464.0
2016-07-26,17.65,17.870001,17.530001,17.76,6406070,137944064.0
2016-07-27,17.809999,18.35,16.98,17.870001,23320332,504291136.0
2016-07-29,18.48,18.48,17.77,17.780001,15178985,333397984.0
2016-08-01,17.719999,17.719999,16.870001,16.969999,15649396,327450560.0
2016-08-02,17.040001,17.4,17.040001,17.360001,9631668,203011008.0
2016-08-03,17.18,17.469999,17.030001,17.139999,6891130,145070896.0
2016-08-04,17.139999,17.280001,16.870001,17.15,6311869,131938208.0
2016-08-05,17.15,17.549999,17.09,17.34,8380269,177782416.0
2016-08-08,17.35,17.91,17.190001,17.889999,9432947,203100032.0
2016-08-09,17.969999,18.040001,17.700001,17.799999,7456654,161150128.0
2016-08-10,17.799999,17.959999,17.280001,17.34,10678338,227829984.0
2016-08-11,17.35,17.59,17.040001,17.059999,7922008,167802096.0
2016-08-12,17.08,17.35,16.940001,17.299999,11775829,246894048.0
2016-08-15,17.360001,18.049999,17.290001,17.91,18091196,390483360.0
2016-08-16,17.9,18.17,17.700001,17.719999,18459470,401436896.0
2016-08-17,17.73,18.219999,17.73,18.07,11173381,244118928.0
2016-08-18,17.969999,18.139999,17.66,17.799999,14511439,315263904.0
2016-08-19,17.77,18.02,17.73,17.879999,6139519,133223016.0
2016-08-22,17.74,18.32,17.74,18.07,11253586,247188640.0
2016-08-23,18.17,18.299999,17.66,17.74,11201933,244656400.0
2016-08-24,18.02,19.02,18.02,18.83,32517476,730954432.0
2016-08-25,18.67,19.23,18.389999,18.93,34379552,783957056.0
2016-08-26,18.91,19.540001,18.870001,19.290001,25607340,591995456.0
2016-08-29,19.17,19.540001,19.040001,19.370001,15497010,358016480.0
2016-08-30,19.57,20.059999,19.27,19.35,18876976,445002368.0
2016-08-31,19.23,19.530001,18.99,19.5,14878137,342805824.0
2016-09-01,19.559999,20.290001,19.51,19.92,22495856,536533664.0
2016-09-02,19.91,20.01,19.65,19.969999,12210547,288701856.0
2016-09-05,19.969999,20.09,19.6,19.73,10519574,248287600.0
2016-09-06,19.57,19.780001,19.4,19.639999,12026437,281676448.0
2016-09-07,19.719999,20.1,19.450001,19.58,10700892,252987536.0
2016-09-08,19.65,19.860001,19.48,19.73,6742145,158888752.0
2016-09-09,19.67,20.02,19.65,19.76,9032222,213695376.0
2016-09-12,19.469999,19.690001,19.049999,19.66,18306112,423727616.0
2016-09-13,19.57,19.68,19.290001,19.389999,8566899,199347184.0
2016-09-14,19.190001,19.59,19.190001,19.370001,5376814,124672448.0
2016-09-19,19.370001,19.82,19.360001,19.799999,8437447,197821792.0
2016-09-20,19.73,20.15,19.65,19.790001,8855192,210186608.0
2016-09-21,19.870001,20.040001,19.65,19.719999,5309574,125834016.0
2016-09-22,19.85,20.01,19.75,19.93,6395973,151646944.0
2016-09-23,19.98,20.52,19.98,20.41,15254692,367814624.0
2016-09-26,20.35,20.35,19.43,19.450001,11523270,272475712.0
2016-09-27,19.299999,19.620001,19.23,19.559999,7181623,167274752.0
2016-09-28,19.610001,19.709999,19.4,19.51,4251688,99365968.0
2016-09-29,19.41,19.620001,19.35,19.389999,6376872,148491968.0
2016-09-30,19.530001,19.809999,19.49,19.65,5498593,129232248.0
2016-10-10,19.959999,20.32,19.83,19.940001,10162552,242214656.0
2016-10-11,19.98,20.26,19.870001,20.209999,6994699,166853392.0
2016-10-12,20.059999,20.129999,19.940001,20.040001,4196875,100064520.0
2016-10-13,20.059999,20.110001,19.639999,19.73,9261931,218832208.0
2016-10-14,19.73,19.77,19.379999,19.51,7155821,167283712.0
2016-10-17,19.559999,19.59,19.08,19.18,8233432,190880800.0
2016-10-18,19.139999,19.559999,19.110001,19.540001,6441797,149341056.0
2016-10-19,19.57,19.610001,19.440001,19.48,4389876,102549552.0
2016-10-20,19.52,19.559999,19.17,19.209999,6469106,149618112.0
2016-10-21,19.190001,19.549999,19.17,19.41,6756937,156860624.0
2016-10-24,19.4,19.620001,19.129999,19.370001,7985905,185290032.0
2016-10-25,19.389999,19.540001,19.280001,19.49,6451398,149972464.0
2016-10-26,19.620001,19.91,19.5,19.67,10728080,252182336.0
2016-10-27,19.66,19.66,19.370001,19.52,4634249,108035544.0
2016-10-28,19.52,19.940001,19.469999,19.799999,7617283,179400560.0
2016-10-31,19.82,19.98,19.639999,19.940001,10460196,247589536.0
2016-11-01,19.92,20.07,19.83,19.99,7254502,172587136.0
2016-11-02,19.91,20.42,19.9,20.25,13822588,332311968.0
2016-11-03,20.25,20.799999,20.01,20.709999,17154816,416998048.0
2016-11-04,20.66,21.209999,20.49,20.68,12902502,319068768.0
2016-11-07,20.73,20.809999,20.389999,20.559999,7164682,174337568.0
2016-11-08,20.59,20.65,20.26,20.469999,7309980,177797216.0
2016-11-09,20.540001,20.540001,20.07,20.360001,10141722,244056608.0
2016-11-10,20.57,20.780001,20.360001,20.440001,11302577,275384416.0
2016-11-11,20.48,20.5,20.17,20.24,7486069,180468000.0
2016-11-14,20.17,20.42,19.98,20.1,12759626,305656416.0
2016-11-15,20.07,20.23,19.99,20.200001,7051162,168823536.0
2016-11-16,20.17,20.219999,20.030001,20.139999,7452310,178486080.0
2016-11-17,20.110001,20.200001,19.969999,20.16,5278895,126047440.0
2016-11-18,20.200001,20.34,19.950001,20.049999,6952708,166702672.0
2016-11-21,20.059999,20.309999,19.92,19.959999,7161566,171671200.0
2016-11-22,19.969999,20.26,19.879999,20.09,8836949,211352736.0
2016-11-23,20.17,20.219999,19.969999,20.02,8592887,205293216.0
2016-11-24,20.02,20.27,19.959999,20.1,12365395,295484768.0
2016-11-25,20.09,20.5,20.0,20.42,9716881,234427568.0
2016-11-28,20.49,20.549999,20.17,20.23,10136145,244556048.0
2016-11-29,20.25,20.74,20.209999,20.25,14227388,345393056.0
2016-11-30,20.16,20.299999,19.9,19.969999,9056321,216146704.0
2016-12-01,19.950001,19.99,19.15,19.23,24722104,574825664.0
2016-12-02,19.32,19.33,18.799999,19.07,21506280,490726368.0
2016-12-05,18.870001,19.209999,18.82,19.190001,9022909,206259120.0
2016-12-06,19.17,19.33,19.07,19.280001,6502031,149865440.0
2016-12-07,19.34,19.52,19.34,19.48,7612086,177203312.0
2016-12-08,19.469999,19.6,19.290001,19.35,5431819,126246280.0
2016-12-09,19.450001,19.530001,19.290001,19.4,5862258,136354512.0
2016-12-12,19.43,19.52,18.870001,19.26,12160079,280174720.0
2016-12-13,19.24,19.51,19.120001,19.42,5199841,120245216.0
2016-12-14,19.389999,19.389999,18.85,18.93,7946650,181829360.0
2016-12-15,18.950001,19.059999,18.75,19.0,5665505,129065848.0
2016-12-16,18.92,19.110001,18.92,19.030001,2769835,63271888.0
2016-12-19,19.0,19.120001,18.870001,18.950001,3612138,82299880.0
2016-12-20,18.950001,19.01,18.540001,18.73,6771441,152432208.0
2016-12-21,18.709999,18.82,18.639999,18.780001,4703843,106014800.0
2016-12-22,18.75,18.870001,18.59,18.790001,4293797,96810408.0
2016-12-23,18.77,18.77,18.459999,18.67,5118009,114864376.0
2016-12-26,18.57,18.98,18.52,18.950001,5777113,130516832.0
2016-12-27,18.940001,19.07,18.879999,18.99,3278705,74818216.0
2016-12-28,18.940001,19.16,18.91,19.059999,4486872,102714720.0
2016-12-29,19.02,19.32,19.02,19.120001,4656549,107158760.0
2016-12-30,19.17,19.32,19.059999,19.309999,3927296,90474616.0
2017-01-03,19.440001,19.959999,19.35,19.84,12695808,299375424.0
2017-01-04,19.780001,20.030001,19.68,19.950001,8646319,205173088.0
2017-01-05,19.92,20.1,19.68,19.780001,4897992,115915776.0
2017-01-06,19.74,19.82,19.35,19.52,7804869,182264080.0
2017-01-09,19.52,19.719999,19.469999,19.58,6399767,149822640.0
2017-01-10,19.620001,19.639999,19.43,19.459999,3084483,71933848.0
2017-01-11,19.620001,20.33,19.549999,19.9,14768626,352610848.0
2017-01-12,20.040001,20.129999,19.790001,19.889999,6214183,147688992.0
2017-01-13,19.84,20.129999,19.58,19.93,7360541,174254080.0
2017-01-16,19.809999,20.17,19.620001,20.1,16419157,390305536.0
2017-01-17,19.969999,20.709999,19.870001,20.66,14481192,350264672.0
2017-01-18,20.639999,20.91,20.5,20.530001,11629250,285764096.0
2017-01-19,20.41,20.85,20.389999,20.540001,4296351,105063392.0
2017-01-20,20.5,21.17,20.5,21.030001,11673778,289472864.0
2017-01-23,21.049999,21.33,20.92,20.969999,6902082,172419552.0
2017-01-24,20.98,21.219999,20.870001,20.959999,4918029,122367712.0
2017-01-25,20.969999,21.25,20.92,21.139999,6330182,157899968.0
2017-01-26,21.17,21.280001,21.08,21.09,5819404,145583392.0
2017-02-03,21.1,21.530001,21.1,21.32,6005390,151295088.0
2017-02-06,21.25,21.879999,21.17,21.48,12761770,325002880.0
2017-02-07,21.57,21.85,21.450001,21.84,10255709,260907696.0
2017-02-08,21.75,21.889999,21.620001,21.68,6916984,176730224.0
2017-02-09,21.68,21.74,21.040001,21.16,12923148,325239328.0
2017-02-10,21.16,21.58,21.129999,21.41,10749519,271332608.0
2017-02-13,21.48,21.67,21.190001,21.469999,8713040,220594496.0
2017-02-14,21.4,21.52,21.17,21.360001,6169011,155110656.0
2017-02-15,21.309999,21.41,20.950001,21.02,7832470,195366352.0
2017-02-16,20.92,21.209999,20.91,21.18,3964390,98658856.0
2017-02-17,21.24,21.559999,21.129999,21.200001,5813079,146451312.0
2017-02-20,21.24,21.639999,21.190001,21.49,10106445,255506640.0
2017-02-21,21.49,22.219999,21.49,22.16,18474540,477141920.0
2017-02-22,22.110001,22.17,21.780001,21.879999,7116538,183361008.0
2017-02-23,21.91,22.290001,21.9,22.200001,9019607,234191680.0
2017-02-24,22.42,22.879999,22.27,22.32,19734676,521109728.0
2017-02-27,22.379999,22.48,21.879999,22.0,7307665,189352688.0
2017-02-28,21.99,22.07,21.799999,21.940001,6803939,175200688.0
2017-03-01,22.17,22.82,22.1,22.15,17250970,453285088.0
2017-03-02,22.190001,22.25,21.9,22.01,4763470,123082832.0
2017-03-03,21.9,21.9,21.6,21.85,8226736,210118416.0
2017-03-06,21.700001,22.18,21.690001,21.940001,7727749,199271568.0
2017-03-07,21.950001,22.4,21.85,22.309999,9844048,256358512.0
2017-03-08,22.16,22.309999,22.0,22.09,4276358,111057520.0
2017-03-09,22.030001,22.23,21.66,21.67,6175011,158779808.0
2017-03-10,21.639999,22.09,21.639999,21.969999,7385136,190265760.0
2017-03-13,21.889999,22.440001,21.85,22.16,11778267,306655264.0
2017-03-14,22.18,22.709999,22.18,22.66,12483355,329352608.0
2017-03-15,22.68,22.860001,22.43,22.76,9334639,247841296.0
2017-03-16,22.75,22.91,22.6,22.77,9693783,257492384.0
2017-03-17,22.799999,23.24,22.790001,23.139999,14469181,389854592.0
2017-03-20,23.07,23.92,23.07,23.780001,16928338,465309696.0
2017-03-21,23.969999,24.200001,23.6,23.860001,12992005,361458752.0
2017-03-22,23.75,24.82,23.59,24.709999,18641908,524460064.0
2017-03-23,24.709999,25.07,24.27,24.57,13803087,394179200.0
2017-03-24,24.370001,24.870001,24.219999,24.299999,11554014,327530016.0
2017-03-27,24.32,24.799999,23.76,24.07,12440464,349858880.0
2017-03-28,24.219999,24.450001,24.0,24.309999,11145775,313062080.0
2017-03-29,24.09,24.09,23.110001,23.65,34461432,943487360.0
2017-03-30,23.690001,23.969999,23.209999,23.860001,10517837,289166688.0
2017-03-31,23.77,24.639999,23.75,24.389999,13686610,385511264.0
2017-04-05,24.110001,25.120001,23.969999,24.16,20369722,575938688.0
2017-04-06,24.16,25.049999,24.059999,24.940001,11435265,326153408.0
2017-04-07,24.82,25.07,24.629999,24.83,7011654,201132464.0
2017-04-10,24.85,24.93,24.309999,24.42,5823077,165194640.0
2017-04-11,24.35,24.76,23.85,24.299999,9447949,264768704.0
2017-04-12,24.25,24.52,23.959999,24.34,7407992,208480992.0
2017-04-13,24.34,25.469999,24.1,25.360001,14517975,419253504.0
2017-04-14,25.360001,25.450001,24.879999,25.360001,7310858,212355680.0
2017-04-17,25.209999,25.84,24.99,25.43,11250227,329177792.0
2017-04-18,25.280001,26.48,25.27,26.299999,17268244,517583232.0
2017-04-19,26.17,26.76,26.01,26.51,12948038,391292608.0
2017-04-20,26.52,27.67,26.209999,27.17,13826247,428008672.0
2017-04-21,27.18,27.52,26.16,26.91,13723755,418885792.0
2017-04-24,26.18,26.940001,25.440001,26.91,13357862,402048704.0
2017-04-25,26.719999,26.77,26.049999,26.440001,11756364,354277632.0
2017-04-26,26.26,26.950001,25.57,26.059999,15389180,460906784.0
2017-04-27,25.879999,26.5,25.780001,26.370001,8270418,248170448.0
2017-04-28,26.290001,26.67,25.09,25.709999,17680332,521105664.0
2017-05-02,25.52,25.75,24.77,25.59,15429155,448247712.0
2017-05-03,25.5,26.1,25.24,25.860001,10750110,318760064.0
2017-05-04,25.700001,25.799999,25.370001,25.5,8330175,244435856.0
2017-05-05,25.610001,26.43,25.540001,26.09,13389727,401315744.0
2017-05-08,26.07,26.33,25.85,26.190001,7845788,235025680.0
2017-05-09,26.07,26.07,24.780001,25.48,13418215,391108640.0
2017-05-10,25.790001,26.75,25.790001,26.15,16386576,494746880.0
2017-05-11,26.370001,26.629999,25.98,26.33,11557523,348283424.0
2017-05-12,26.33,27.370001,26.24,27.35,12823108,394502272.0
2017-05-15,27.32,27.82,27.07,27.620001,12104936,378584480.0
2017-05-16,27.530001,28.120001,27.27,28.030001,11754687,371675552.0
2017-05-17,27.709999,27.709999,26.440001,26.5,26086672,802078336.0
2017-05-18,26.17,26.84,26.030001,26.629999,8446655,256760704.0
2017-05-19,26.629999,26.9,26.57,26.84,6034200,184558320.0
2017-05-22,26.83,27.26,26.43,27.23,8986217,277083840.0
2017-05-23,27.200001,28.15,27.01,27.67,13577689,429513472.0
2017-05-24,27.67,27.860001,26.870001,27.83,11362046,354310368.0
2017-05-25,27.75,28.41,27.42,27.469999,11491266,364536096.0
2017-05-26,27.4,27.66,26.67,27.200001,6678299,207164384.0
2017-05-31,27.200001,27.92,26.77,27.85,9540075,296288096.0
2017-06-01,27.75,28.540001,27.59,28.35,11926980,381962528.0
2017-06-02,28.219999,28.549999,27.85,28.059999,8725356,279623552.0
2017-06-05,28.08,28.16,27.27,27.620001,9190114,288912096.0
2017-06-06,27.629999,28.309999,27.379999,28.15,6978683,221674736.0
2017-06-07,28.35,29.120001,28.18,28.790001,13157734,429622080.0
2017-06-08,28.809999,29.73,28.68,29.459999,11814884,392341088.0
2017-06-09,29.6,30.0,29.129999,29.23,9331948,309936096.0
2017-06-12,29.139999,29.99,29.059999,29.309999,11347580,378438656.0
2017-06-13,29.309999,29.58,28.92,29.57,9343245,309472864.0
2017-06-14,29.559999,29.620001,28.17,28.58,17624048,574155456.0
2017-06-15,28.49,28.639999,27.799999,28.219999,16404016,523411872.0
2017-06-16,28.17,28.559999,27.879999,28.190001,11070119,354586816.0
2017-06-19,28.16,28.42,27.85,28.35,8428454,269920864.0
2017-06-20,28.360001,28.450001,27.969999,28.07,10604496,338980704.0
2017-06-21,28.120001,29.01,27.82,28.969999,15482735,497180768.0
2017-06-22,28.83,28.940001,26.059999,26.34,51451024,1592503296.0
2017-06-23,26.77,27.530001,26.35,27.35,40672512,1253590400.0
2017-06-26,27.4,27.82,26.9,27.73,24087304,752044224.0
2017-06-27,27.75,27.799999,27.049999,27.42,14640949,457664768.0
2017-06-28,27.35,27.620001,26.790001,26.969999,10467334,324577952.0
2017-06-29,26.99,27.15,26.52,26.889999,11647746,356733312.0
2017-06-30,26.780001,27.35,26.6,27.16,14712612,453697312.0
2017-07-03,27.120001,27.82,26.950001,27.469999,14101962,442813472.0
2017-07-04,27.290001,27.58,26.809999,27.43,14023102,434953792.0
2017-07-05,27.35,27.790001,27.17,27.51,8609442,270698880.0
2017-07-06,27.51,27.57,24.73,26.360001,55380864,1642561280.0
2017-07-07,26.16,26.33,25.690001,26.049999,22597122,673936000.0
2017-07-10,25.92,25.92,24.790001,25.129999,24960344,724629440.0
2017-07-11,25.17,25.9,25.17,25.66,17731556,520737856.0
2017-07-12,25.66,25.780001,25.219999,25.41,14260848,417444576.0
2017-07-13,25.5,26.4,25.48,25.879999,18110194,541708352.0
2017-07-14,26.110001,26.719999,26.07,26.15,12769486,385955584.0
2017-07-17,26.040001,26.41,25.290001,26.08,13432924,400233376.0
2017-07-18,25.690001,25.82,24.17,24.879999,29608808,845387136.0
2017-07-19,24.959999,25.120001,24.540001,24.99,15279154,438024288.0
2017-07-20,24.969999,25.15,24.49,24.700001,17465142,499423552.0
2017-07-21,24.690001,25.049999,24.57,24.780001,9933022,284547104.0
2017-07-24,25.1,25.85,25.1,25.32,16568371,486254400.0
2017-07-25,25.33,26.09,25.33,25.75,15581485,461179040.0
2017-07-26,25.92,26.040001,25.09,25.23,10125640,295570336.0
2017-07-27,25.370001,25.370001,24.540001,24.950001,9017839,258093488.0
2017-07-28,24.799999,25.07,24.68,24.99,6016328,172943568.0
2017-07-31,25.07,25.610001,24.85,25.32,13228301,385926432.0
2017-08-01,25.32,25.389999,24.870001,24.99,9009673,259823584.0
2017-08-02,25.049999,25.35,24.77,24.860001,8524114,245579552.0
2017-08-03,24.780001,24.870001,24.42,24.48,9706690,275819296.0
2017-08-04,24.440001,24.700001,24.34,24.57,7282908,206343472.0
2017-08-07,24.58,24.82,24.32,24.75,6597039,187386880.0
2017-08-08,24.67,25.27,24.6,25.16,8873359,255931136.0
2017-08-09,25.4,26.389999,25.17,26.209999,16155949,475476704.0
2017-08-10,26.200001,26.379999,25.77,26.030001,8605096,253918320.0
2017-08-11,25.809999,26.030001,25.48,25.51,8539582,249724256.0
2017-08-14,25.52,26.620001,25.52,26.09,11744186,348187360.0
2017-08-15,26.110001,26.280001,25.92,26.120001,4229781,124984320.0
2017-08-16,26.17,26.4,25.93,26.190001,4891060,144881904.0
2017-08-17,26.18,26.41,25.969999,26.1,4959048,147049600.0
2017-08-18,26.01,26.58,25.77,26.540001,9218805,275065984.0
2017-08-21,26.450001,26.9,26.299999,26.809999,8869091,267957520.0
2017-08-22,26.700001,27.370001,26.459999,27.280001,9496564,290218464.0
2017-08-23,27.17,27.469999,27.02,27.389999,7847484,241457456.0
2017-08-24,27.440001,27.450001,26.559999,26.74,5780330,175625104.0
2017-08-25,26.709999,26.98,26.469999,26.66,6317924,190295840.0
2017-08-28,26.68,26.82,25.690001,26.030001,20124060,596672256.0
2017-08-29,26.17,26.690001,26.1,26.66,11929656,356343520.0
2017-08-30,26.15,26.299999,25.690001,25.91,15816517,465686496.0
2017-08-31,26.120001,26.610001,25.25,25.780001,20218412,592341312.0
2017-09-01,25.92,26.08,25.620001,25.93,15439644,452878080.0
2017-09-04,25.959999,26.02,25.42,25.77,15006106,437318400.0
2017-09-05,25.74,26.27,25.66,26.18,12384805,364317984.0
2017-09-06,26.17,26.389999,26.02,26.18,13178736,391491168.0
2017-09-07,26.18,27.190001,26.18,26.889999,18667836,565325952.0
2017-09-08,26.9,27.309999,26.530001,26.940001,8960208,272457440.0
2017-09-11,26.940001,27.049999,25.85,26.02,21097404,627391232.0
2017-09-12,26.040001,26.040001,25.530001,25.76,13255903,387288096.0
2017-09-13,25.889999,25.9,25.67,25.73,5044288,147617472.0
2017-09-14,25.74,26.6,25.74,26.33,16082036,478503232.0
2017-09-15,26.33,27.77,26.33,27.5,25923448,794470528.0
2017-09-18,27.82,28.82,27.67,27.690001,28345202,900045056.0
2017-09-19,28.18,28.620001,27.52,27.700001,14113687,444670752.0
2017-09-20,27.940001,29.68,27.889999,29.280001,27909788,908019968.0
2017-09-21,29.32,29.620001,28.73,29.290001,16617629,542716672.0
2017-09-22,29.280001,30.040001,29.0,29.67,18074516,598806848.0
2017-09-25,29.700001,30.68,29.43,30.469999,15720379,529751936.0
2017-09-26,30.309999,30.32,29.290001,29.530001,12980880,431828128.0
2017-09-27,29.620001,29.709999,29.290001,29.48,9293291,306355584.0
2017-09-28,29.42,30.870001,29.35,30.51,15222211,514880896.0
2017-09-29,30.49,31.07,30.219999,30.709999,12806560,436892384.0
2017-10-09,32.23,32.799999,31.219999,31.4,30033382,1072964096.0
2017-10-10,31.969999,32.360001,29.66,31.190001,39219744,1338405760.0
2017-10-11,30.969999,32.98,30.92,32.349998,27121700,968357568.0
2017-10-12,32.099998,33.52,31.719999,33.220001,18743684,682708224.0
2017-10-13,33.040001,33.77,32.93,33.189999,13277303,490115712.0
2017-10-16,33.5,34.470001,33.200001,34.049999,13943747,522091392.0
2017-10-17,34.080002,34.32,33.400002,34.150002,10585671,395559072.0
2017-10-18,34.119999,34.119999,33.279999,33.810001,9953540,369609888.0
2017-10-19,33.950001,36.32,33.950001,35.98,22636980,881010432.0
2017-10-20,35.720001,36.529999,35.099998,35.970001,12060142,472646304.0
2017-10-23,35.900002,36.459999,35.279999,35.959999,10704479,420138304.0
2017-10-24,35.700001,37.220001,35.470001,36.43,14338762,575016832.0
2017-10-25,36.43,38.470001,36.23,38.27,18215648,751167808.0
2017-10-26,37.919998,38.810001,36.93,37.5,20195020,833819904.0
2017-10-27,37.529999,38.07,36.599998,38.009998,14518373,590289792.0
2017-10-30,38.02,38.200001,36.27,36.700001,20102542,809985984.0
2017-10-31,35.950001,36.639999,35.130001,36.360001,23696890,934392832.0
2017-11-01,36.400002,37.82,36.220001,36.509998,18328456,741889536.0
2017-11-02,36.18,37.73,36.02,37.310001,15254219,619934912.0
2017-11-03,37.220001,39.720001,37.220001,39.52,28968648,1220370688.0
2017-11-06,39.48,41.700001,39.0,41.290001,28733388,1269902336.0
2017-11-07,41.310001,42.02,39.52,39.869999,28391806,1248439040.0
2017-11-08,39.82,40.959999,38.889999,39.34,24536892,1061444928.0
2017-11-09,39.220001,40.599998,38.549999,40.43,21870558,943550528.0
2017-11-10,40.110001,40.889999,39.32,40.330002,21367728,931568128.0
2017-11-13,40.360001,40.560001,38.900002,39.169998,28537808,1225939968.0
2017-11-14,39.389999,39.709999,36.470001,37.02,34757424,1440922624.0
2017-11-15,36.889999,37.880001,36.32,37.619999,27581408,1123429632.0
2017-11-16,37.23,38.52,37.209999,38.470001,18401224,764121472.0
2017-11-17,38.48,38.799999,37.330002,37.709999,14907298,617060160.0
2017-11-20,37.32,38.720001,36.580002,38.700001,16945768,701989184.0
2017-11-21,38.669998,40.18,38.23,38.459999,23324708,991635648.0
2017-11-22,38.82,39.18,36.860001,37.16,21076016,876240640.0
2017-11-23,37.099998,37.099998,34.849998,34.869999,26338004,1025814720.0
2017-11-24,34.52,35.43,34.509998,34.93,11464910,441233376.0
2017-11-27,34.93,34.93,33.330002,33.860001,16100757,604414464.0
2017-11-28,33.75,34.790001,33.720001,34.599998,15938851,602476096.0
2017-11-29,34.560001,35.119999,34.02,34.27,13043745,496345664.0
2017-11-30,34.040001,34.529999,33.150002,33.18,11165827,416687744.0
2017-12-01,33.389999,35.07,33.34,34.77,18750052,710939456.0
2017-12-04,34.740002,36.82,34.549999,36.110001,21012478,830851136.0
2017-12-05,35.889999,36.450001,34.900002,35.25,13781977,537812416.0
2017-12-06,35.389999,36.25,34.27,35.27,14190755,549524288.0
2017-12-07,35.220001,36.27,35.0,36.060001,16403483,646413184.0
2017-12-08,35.869999,37.689999,35.400002,37.610001,22943608,921550016.0
2017-12-11,37.509998,39.990002,37.34,39.529999,30721456,1313730432.0
2017-12-12,39.59,40.59,39.0,39.400002,20785172,900937088.0
2017-12-13,39.200001,40.549999,38.860001,39.950001,17616656,763180480.0
2017-12-14,39.869999,41.48,39.52,40.650002,24079762,1063034688.0
2017-12-15,40.779999,41.470001,39.380001,39.509998,22549940,986252800.0
2017-12-18,39.860001,40.57,38.75,39.509998,16252827,698389760.0
2017-12-19,39.509998,41.200001,39.02,41.150002,25281546,1101847808.0
2017-12-20,41.0,41.310001,40.220001,40.330002,19896276,878394496.0
2017-12-21,40.630001,43.470001,40.18,43.419998,39334168,1798607744.0
2017-12-22,43.09,44.060001,42.84,43.220001,21736920,1018169472.0
2017-12-25,43.209999,44.099998,42.48,43.209999,21402760,1001157952.0
2017-12-26,43.209999,43.369999,40.040001,41.380001,46976424,2101303552.0
2017-12-27,41.02,41.07,39.720001,40.169998,20442716,898870016.0
2017-12-28,40.389999,42.02,39.959999,41.48,26659660,1188403840.0
2017-12-29,41.509998,42.189999,40.82,41.02,15984960,716641728.0
2018-01-02,41.18,41.689999,39.869999,40.259998,24238072,1065077760.0
2018-01-03,40.439999,41.389999,40.16,40.5,25913560,1145969152.0
2018-01-04,40.389999,41.490002,40.209999,41.400002,20310788,903422208.0
2018-01-05,41.52,41.619999,39.330002,39.41,32982510,1429880064.0
2018-01-08,39.41,39.59,38.619999,39.52,21239568,902541504.0
2018-01-09,39.369999,40.880001,39.34,40.84,27349104,1198326912.0
2018-01-10,40.84,41.119999,39.619999,40.25,16490868,720835264.0
2018-01-11,39.869999,40.759998,39.709999,40.34,12231884,536383680.0
2018-01-12,40.349998,42.060001,40.02,41.98,29817556,1337897600.0
2018-01-15,42.049999,42.810001,40.98,41.459999,31898400,1449748352.0
2018-01-16,41.290001,43.57,41.07,42.650002,31423224,1447285632.0
2018-01-17,42.720001,42.919998,40.799999,41.43,21391364,967447104.0
2018-01-18,41.75,42.34,40.23,40.259998,20698892,921059392.0
2018-01-19,40.52,40.650002,39.139999,39.880001,17128420,741628736.0
2018-01-22,39.900002,41.060001,39.700001,41.040001,16763674,737286144.0
2018-01-23,41.02,41.290001,40.349998,40.669998,15907629,702469248.0
2018-01-24,41.060001,41.57,40.59,41.279999,22171032,988260608.0
2018-01-25,41.099998,41.259998,39.720001,39.880001,21556308,941387392.0
2018-01-26,39.889999,40.029999,39.330002,39.59,15078589,649966208.0
2018-01-29,39.599998,39.849998,36.52,36.700001,36504724,1501811584.0
2018-01-30,36.619999,37.16,36.34,36.709999,16585126,667347520.0
2018-01-31,36.52,37.419998,35.599998,37.110001,17106972,686625728.0
2018-02-01,37.119999,37.400002,35.700001,35.91,14751192,586836352.0
2018-02-02,35.849998,37.68,35.540001,37.16,17027152,686557824.0
2018-02-05,36.52,37.610001,36.25,36.700001,14421615,581450688.0
2018-02-06,35.669998,36.119999,34.02,34.490002,23412576,898169600.0
2018-02-07,35.509998,35.639999,32.830002,33.27,24643882,927021760.0
2018-02-08,33.310001,34.290001,33.299999,33.900002,12429511,464312096.0
2018-02-09,32.470001,32.889999,31.08,31.389999,22002004,781882240.0
2018-02-12,31.75,34.02,31.719999,33.959999,21269408,779445568.0
2018-02-13,34.099998,35.880001,34.060001,34.93,16970196,656686976.0
2018-02-14,34.939999,36.610001,34.93,36.43,14708073,582980992.0
2018-02-22,36.630001,37.52,36.43,36.889999,11850280,479978304.0
2018-02-23,37.18,37.27,36.43,36.68,7933033,319720352.0
2018-02-26,36.720001,37.5,36.25,37.48,16018907,648202496.0
2018-02-27,37.580002,37.610001,35.82,35.93,15719017,629269888.0
2018-02-28,35.540001,36.66,35.349998,36.419998,10745888,426646784.0
2018-03-01,36.209999,38.119999,36.07,37.959999,18008892,739217856.0
2018-03-02,37.419998,37.889999,36.380001,36.73,17173532,696091200.0
2018-03-05,37.060001,37.18,35.630001,36.459999,12101117,480223776.0
2018-03-06,36.43,38.619999,36.43,38.540001,25927804,1067279296.0
2018-03-07,38.509998,38.580002,37.450001,37.630001,15555943,644812736.0
2018-03-08,37.57,39.810001,37.540001,39.580002,27264132,1164810368.0
2018-03-09,39.650002,39.990002,39.07,39.950001,20898906,902514816.0
2018-03-12,40.52,41.259998,39.720001,40.369999,25925656,1139587584.0
2018-03-13,40.150002,40.290001,39.02,39.43,18045396,775442048.0
2018-03-14,39.400002,40.080002,38.939999,39.509998,14055292,604206912.0
2018-03-15,39.189999,40.540001,39.049999,39.990002,19954000,866687168.0
2018-03-16,39.91,40.369999,39.099998,39.130001,14375908,620902848.0
2018-03-19,39.07,41.16,38.82,41.080002,35231940,1547781504.0
2018-03-20,40.799999,43.529999,40.560001,43.509998,42772816,1954915456.0
2018-03-21,43.709999,43.900002,42.200001,42.57,28346210,1317502720.0
2018-03-22,42.619999,42.869999,40.959999,41.310001,25257508,1138462208.0
2018-03-23,38.720001,41.169998,38.709999,41.110001,36326040,1584098688.0
2018-03-26,40.700001,43.57,40.02,42.98,39848552,1824637440.0
2018-03-27,42.52,44.099998,40.939999,42.200001,50119712,2305242880.0
2018-03-28,41.869999,42.48,39.32,39.560001,29965184,1324611328.0
2018-03-29,39.619999,40.060001,37.25,38.560001,34087448,1429226880.0
2018-03-30,38.77,41.16,38.77,41.009998,30738162,1344140800.0
2018-04-02,41.080002,42.369999,40.080002,40.880001,25585486,1143355392.0
2018-04-03,40.32,41.299999,39.82,41.27,17270980,758920384.0
2018-04-04,42.02,42.799999,41.110001,41.439999,25371876,1151001600.0
2018-04-09,41.310001,42.02,40.32,40.73,14446218,644127232.0
2018-04-10,40.73,41.669998,40.169998,41.599998,14813181,658656576.0
2018-04-11,41.419998,41.419998,39.220001,39.34,53698984,2316733696.0
2018-04-12,39.200001,39.830002,39.099998,39.459999,20072944,863725696.0
2018-04-13,39.799999,39.869999,35.369999,37.32,64520452,2626106880.0
2018-04-16,36.689999,37.540001,35.82,36.740002,30304846,1217172096.0
2018-04-17,36.82,37.0,34.549999,34.849998,30160084,1175711488.0
2018-04-18,35.119999,35.27,33.200001,34.23,36370604,1367017088.0
2018-04-19,34.139999,35.759998,34.119999,35.189999,32449896,1253968256.0
2018-04-20,35.189999,35.970001,34.450001,35.189999,26566062,1025935360.0
2018-04-23,35.02,35.689999,34.779999,35.59,15350003,595124096.0
2018-04-24,35.669998,36.34,35.650002,35.93,20375188,804384256.0
2018-04-25,35.669998,35.91,34.720001,35.470001,27978088,1083402752.0
2018-04-26,35.299999,35.32,33.52,34.080002,27406952,1035704704.0
2018-04-27,34.16,35.68,33.529999,34.98,29198808,1117438976.0
2018-05-02,35.02,36.869999,34.450001,36.869999,36405204,1448772608.0
2018-05-03,36.57,37.240002,36.400002,36.919998,19827624,799434240.0
2018-05-04,36.720001,38.419998,36.619999,38.189999,22807212,943908928.0
2018-05-07,38.369999,38.5,37.619999,38.23,23582964,979446272.0
2018-05-08,38.119999,38.610001,37.759998,38.009998,17914374,743524288.0
2018-05-09,38.169998,39.470001,38.02,39.259998,25382878,1076041216.0
2018-05-10,39.259998,40.400002,38.529999,39.869999,25197108,1086715520.0
2018-05-11,39.75,40.619999,38.189999,38.32,27858956,1187327744.0
2018-05-14,38.299999,39.189999,37.810001,38.639999,18319924,769382784.0
2018-05-15,39.470001,40.470001,39.049999,40.09,25290640,1097821696.0
2018-05-16,40.02,41.389999,39.75,40.490002,29445132,1306451840.0
2018-05-17,40.419998,40.48,39.200001,39.330002,15910896,685998784.0
2018-05-18,39.240002,39.700001,38.48,39.470001,14776007,629024128.0
2018-05-21,39.700001,40.139999,38.619999,40.110001,18191856,779677504.0
2018-05-22,40.119999,41.169998,39.880001,40.73,21333752,944008576.0
2018-05-23,40.689999,41.41,40.32,40.560001,19423156,863966400.0
2018-05-24,40.560001,41.32,40.450001,40.68,15219170,675578624.0
2018-05-25,41.07,43.75,41.07,43.34,40741040,1875580672.0
2018-05-28,43.220001,44.799999,42.200001,44.41,34080988,1603372928.0
2018-05-29,43.919998,44.369999,41.32,41.580002,35058392,1630335488.0
2018-05-30,41.209999,41.799999,39.759998,40.91,26071524,1155246976.0
2018-05-31,41.27,42.84,41.27,42.810001,20115004,915204480.0
2018-06-01,42.639999,42.639999,39.919998,39.98,24052732,1068715584.0
2018-06-04,40.169998,40.700001,39.380001,40.330002,14823855,645059328.0
2018-06-05,40.419998,42.84,40.389999,42.02,23512900,1070376320.0
2018-06-06,42.02,42.619999,41.689999,42.27,19280538,880501120.0
2018-06-07,42.470001,42.470001,40.720001,40.950001,18706200,838975424.0
2018-06-08,41.0,41.740002,40.700001,40.959999,11893444,530172896.0
2018-06-11,40.720001,41.16,38.5,39.41,23489516,1008384384.0
2018-06-12,39.52,41.099998,39.349998,41.07,22529740,987453056.0
2018-06-13,40.919998,41.02,39.759998,40.040001,16036582,703849984.0
2018-06-14,40.009998,40.82,39.450001,40.029999,11269623,490878656.0
2018-06-15,39.880001,40.07,39.049999,39.700001,12777268,548116544.0
2018-06-19,39.080002,39.990002,38.5,39.799999,31254790,1341234432.0
2018-06-20,39.509998,39.68,38.029999,39.490002,22369644,948946240.0
2018-06-21,39.599998,40.619999,39.02,39.32,19941736,864548800.0
2018-06-22,39.119999,40.549999,38.549999,40.41,17904644,776096448.0
2018-06-25,40.540001,41.5,40.27,40.779999,14654566,650132352.0
2018-06-26,40.150002,40.419998,38.450001,40.009998,17790556,764736000.0
2018-06-27,39.830002,39.990002,36.84,37.490002,27659808,1146838528.0
2018-06-28,37.049999,37.169998,35.889999,36.080002,17368808,693085376.0
2018-06-29,36.220001,38.209999,36.220001,37.91,17088356,695419648.0
2018-07-02,37.900002,38.650002,36.630001,37.040001,14550257,600080320.0
2018-07-03,36.919998,37.200001,34.110001,35.790001,28214072,1096681600.0
2018-07-04,35.970001,36.52,35.259998,35.5,13817805,544684672.0
2018-07-05,35.57,36.220001,34.970001,35.91,17326976,675707776.0
2018-07-06,35.549999,37.200001,35.02,36.369999,16101729,639969472.0
2018-07-09,36.639999,37.720001,36.619999,37.560001,13089069,533624000.0
2018-07-10,37.52,37.77,36.970001,37.560001,10205259,416889888.0
2018-07-11,36.75,37.52,36.18,36.82,10067792,404972384.0
2018-07-12,36.509998,37.849998,36.02,37.099998,25615636,1036113152.0
2018-07-13,36.810001,39.119999,36.299999,38.599998,29960226,1244518784.0
2018-07-16,38.400002,38.57,37.860001,38.369999,15446780,643465216.0
2018-07-17,38.220001,38.369999,37.119999,37.66,14007081,574470912.0
2018-07-18,37.889999,38.869999,37.889999,38.0,16570167,694751232.0
2018-07-19,36.52,37.220001,35.43,36.459999,26240368,1047790912.0
2018-07-20,36.419998,36.419998,35.52,36.25,18413480,727487360.0
2018-07-23,34.029999,35.07,33.689999,34.419998,40474744,1530214016.0
2018-07-24,34.32,35.970001,34.029999,35.459999,31239848,1208780800.0
2018-07-25,35.52,35.869999,35.25,35.52,12775056,498492704.0
2018-07-26,35.57,35.84,34.5,34.689999,15460324,595013632.0
2018-07-27,34.619999,34.990002,34.259998,34.75,10360331,395377184.0
2018-07-30,34.709999,34.709999,32.98,33.349998,25198140,931357248.0
2018-07-31,33.330002,33.830002,33.220001,33.52,9019700,333991616.0
2018-08-01,33.810001,33.810001,32.759998,32.779999,12060819,442523968.0
2018-08-02,32.799999,32.869999,31.620001,32.299999,17070316,606674944.0
2018-08-03,32.52,32.540001,29.799999,30.34,30093860,1016670976.0
2018-08-06,29.950001,30.59,28.809999,29.459999,23903580,782753536.0
2018-08-07,29.559999,30.23,28.799999,30.200001,19707228,645623104.0
2018-08-08,30.1,30.15,28.860001,28.959999,12979274,423593664.0
2018-08-09,28.799999,30.85,28.65,30.48,22175512,738871616.0
2018-08-10,30.59,31.74,30.57,31.139999,18615368,638522240.0
2018-08-13,30.610001,31.84,30.440001,31.639999,11381609,390333408.0
2018-08-14,31.52,31.73,30.85,31.280001,10522613,360356640.0
2018-08-15,31.18,31.190001,29.4,29.629999,20667872,683747072.0
2018-08-16,29.09,30.450001,29.01,29.76,13364177,442101952.0
2018-08-17,29.950001,30.33,26.959999,27.549999,43135444,1341741696.0
2018-08-20,27.370001,27.99,26.780001,27.379999,16710038,506928640.0
2018-08-21,27.49,28.68,27.42,28.370001,17757752,554755840.0
2018-08-22,28.219999,28.68,27.950001,28.1,12560395,394307520.0
2018-08-23,28.1,28.629999,27.98,28.469999,10894965,343229632.0
2018-08-24,28.459999,28.459999,27.07,27.469999,22062224,675974144.0
2018-08-27,28.0,30.530001,27.73,30.530001,52733056,1730840448.0
2018-08-28,29.9,30.26,29.33,29.59,39611644,1301101952.0
2018-08-29,29.75,29.82,29.129999,29.43,18233158,593906432.0
2018-08-30,29.4,29.5,28.209999,28.26,21678748,691236480.0
2018-08-31,25.91,27.1,25.120001,26.1,84861360,2463909376.0
2018-09-03,25.440001,25.58,24.709999,25.030001,45364708,1277585792.0
2018-09-04,25.1,26.209999,25.07,26.01,30087418,864773184.0
2018-09-05,25.9,26.700001,25.73,26.049999,23002796,674288192.0
2018-09-06,26.1,26.610001,25.41,25.65,19152686,556330688.0
2018-09-07,25.85,27.08,25.77,26.6,28304570,840804032.0
2018-09-10,26.57,26.780001,25.719999,25.85,14646792,426954976.0
2018-09-11,26.049999,26.469999,25.76,25.99,11699033,341449696.0
2018-09-12,25.98,25.98,24.68,24.9,27671568,782789760.0
2018-09-13,25.290001,25.389999,23.9,24.620001,29501400,815325120.0
2018-09-14,24.450001,25.049999,24.280001,24.65,16807164,465903328.0
2018-09-17,24.370001,24.799999,23.91,24.030001,10983478,300219968.0
2018-09-18,23.950001,24.709999,23.51,24.549999,17644084,481097504.0
2018-09-19,24.5,25.68,24.120001,25.200001,23073646,649099712.0
2018-09-20,25.110001,25.68,24.99,25.139999,15467967,438862528.0
2018-09-21,25.32,27.200001,25.110001,26.92,31914080,936169344.0
2018-09-25,26.51,26.940001,26.4,26.940001,16096590,479342080.0
2018-09-26,27.01,27.610001,26.799999,27.049999,23265904,706056576.0
2018-09-27,27.049999,28.209999,26.92,27.459999,23199670,713664192.0
2018-09-28,27.809999,28.459999,27.799999,28.450001,21002704,656344512.0
2018-10-08,27.450001,27.9,26.629999,26.83,18978604,575640576.0
2018-10-09,26.85,27.0,26.0,26.33,15266145,451073024.0
2018-10-10,26.35,26.57,25.440001,26.290001,13931768,405902752.0
2018-10-11,24.799999,25.41,24.360001,24.879999,24230568,678520576.0
2018-10-12,24.879999,25.629999,24.299999,25.290001,19132262,537092480.0
2018-10-15,25.389999,25.6,24.559999,24.6,16855122,474229408.0
2018-10-16,24.51,24.9,23.809999,23.91,14067416,385939168.0
2018-10-17,24.4,24.799999,23.92,24.73,14466947,398168992.0
2018-10-18,24.49,24.75,23.75,24.08,12915301,353205408.0
2018-10-19,23.59,25.57,23.41,25.48,23440410,650415040.0
2018-10-22,25.700001,27.34,25.700001,26.99,27236582,809644928.0
2018-10-23,26.99,26.99,25.68,25.99,18793268,552542400.0
2018-10-24,25.85,26.07,25.0,25.559999,14996769,430148032.0
2018-10-25,24.41,25.200001,24.389999,25.049999,13032119,364264832.0
2018-10-26,25.25,25.41,24.1,24.43,15940725,442060416.0
2018-10-29,24.450001,24.5,22.35,22.52,25999940,680306368.0
2018-10-30,20.9,22.139999,20.700001,21.6,31689980,778593984.0
2018-10-31,21.700001,22.32,21.610001,22.299999,19669192,495410560.0
2018-11-01,22.48,23.459999,22.35,22.77,26346292,687215232.0
2018-11-02,23.6,24.540001,23.4,24.450001,32927682,889646592.0
2018-11-05,24.18,24.67,23.75,24.200001,17012364,463655520.0
2018-11-06,24.120001,24.690001,23.84,24.530001,17214556,471625376.0
2018-11-07,24.469999,25.4,24.27,24.76,18975588,530878560.0
2018-11-08,25.059999,25.309999,24.41,24.48,13230944,369781696.0
2018-11-09,24.280001,24.870001,24.09,24.41,10206078,281882592.0
2018-11-12,24.41,25.08,24.110001,24.99,12555202,349314976.0
2018-11-13,24.690001,25.219999,24.41,25.129999,16837232,471251200.0
2018-11-14,25.110001,25.76,25.08,25.17,15322459,436596448.0
2018-11-15,25.209999,25.23,24.690001,25.23,14147668,397880256.0
2018-11-16,25.15,25.26,24.120001,24.49,28011174,774964736.0
2018-11-19,24.4,25.68,24.110001,25.629999,30215024,848846976.0
2018-11-20,25.379999,25.52,24.950001,25.0,17235220,488392704.0
2018-11-21,24.790001,26.190001,24.639999,26.1,29552928,851654976.0
2018-11-22,26.190001,26.27,25.540001,25.870001,18013164,520574240.0
2018-11-23,25.74,25.9,24.299999,24.33,25095386,700724096.0
2018-11-26,24.200001,24.799999,24.049999,24.34,10967214,302869440.0
2018-11-27,24.59,24.700001,23.610001,23.959999,14446039,392073760.0
2018-11-28,24.0,24.52,23.620001,24.42,12512501,341055552.0
2018-11-29,24.59,25.1,24.299999,24.43,12899305,359452608.0
2018-11-30,24.530001,24.83,24.030001,24.74,9294761,257048272.0
2018-12-03,25.370001,26.83,25.32,26.690001,31234784,913708992.0
2018-12-04,26.459999,27.040001,26.360001,26.9,21099470,630568320.0
2018-12-05,26.549999,27.68,26.389999,27.33,22384786,675253696.0
2018-12-06,27.030001,27.040001,24.379999,24.709999,46934296,1343630592.0
2018-12-07,24.6,24.6,22.84,23.02,47231848,1254902400.0
2018-12-10,22.700001,23.18,22.41,22.610001,24134992,623241664.0
2018-12-11,22.75,23.040001,22.629999,22.82,15944659,413334144.0
2018-12-12,22.93,23.040001,22.309999,22.790001,12768931,330451104.0
2018-12-13,22.85,23.379999,22.719999,23.200001,16970504,445214848.0
2018-12-14,23.1,23.1,22.35,22.379999,25547662,658400384.0
2018-12-17,22.299999,22.48,21.51,22.129999,16064363,402363744.0
2018-12-18,21.98,22.34,21.73,21.82,12177600,304833024.0
2018-12-19,21.9,21.940001,20.790001,20.879999,26977328,652804544.0
2018-12-20,20.799999,20.98,20.4,20.76,18581124,441477440.0
2018-12-21,20.73,20.74,20.299999,20.610001,12055622,284474560.0
2018-12-24,20.6,21.299999,20.48,21.18,15764591,380205888.0
2018-12-25,20.83,20.969999,20.35,20.85,15742691,373760448.0
2018-12-26,20.799999,21.09,20.549999,20.610001,8797632,209911120.0
2018-12-27,20.969999,21.030001,20.209999,20.26,13706510,325272160.0
2018-12-28,20.32,20.6,19.93,20.17,13675418,318206560.0
2019-01-02,20.32,20.379999,18.32,18.450001,31424708,694907456.0
2019-01-03,18.450001,18.5,17.530001,17.889999,28821460,605465792.0
2019-01-04,17.700001,18.77,17.51,18.67,24602736,527885120.0
2019-01-07,18.780001,18.85,18.4,18.65,17976374,390307904.0
2019-01-08,18.690001,19.07,18.459999,18.92,15038687,330317952.0
2019-01-09,19.01,19.48,18.799999,19.18,20457604,457888224.0
2019-01-10,19.120001,19.76,18.940001,19.299999,16353423,366425120.0
2019-01-11,19.26,19.26,18.85,19.059999,13381675,295785280.0
2019-01-14,19.059999,19.120001,18.190001,18.299999,16583455,357790304.0
2019-01-15,18.450001,19.4,18.299999,19.27,24076996,532326592.0
2019-01-16,19.32,19.65,19.129999,19.610001,20996998,473760160.0
2019-01-17,19.57,20.18,19.5,19.700001,21779998,501004640.0
2019-01-18,19.709999,20.77,19.709999,20.6,27874970,654591232.0
2019-01-21,20.700001,21.200001,20.33,20.6,27665998,659124416.0
2019-01-22,20.5,20.5,19.809999,19.959999,17122924,395973600.0
2019-01-23,19.85,20.09,19.610001,19.93,10855298,249472096.0
2019-01-24,20.030001,20.09,19.540001,19.879999,13715367,314331776.0
2019-01-25,20.120001,20.540001,19.76,20.26,19081278,445224640.0
2019-01-28,20.59,20.870001,20.18,20.49,24275268,574402752.0
2019-01-29,20.48,20.700001,19.91,20.52,16255732,381523808.0
2019-01-30,20.190001,20.35,19.719999,19.799999,17205248,396806560.0
2019-01-31,19.709999,20.360001,19.66,20.129999,18273646,424156224.0
2019-02-01,20.4,21.049999,20.35,20.959999,19380004,462667008.0
2019-02-11,20.74,21.5,20.639999,21.450001,22603540,549476096.0
2019-02-12,21.51,22.98,21.51,22.66,41215340,1053075136.0
2019-02-13,23.09,23.120001,22.43,22.9,31186738,808214784.0
2019-02-14,22.959999,23.15,22.559999,23.01,25972776,675325120.0
2019-02-15,22.9,22.9,22.059999,22.120001,31287332,797871232.0
2019-02-18,22.42,23.1,22.42,23.1,31330640,811728896.0
2019-02-19,23.1,23.190001,22.379999,22.459999,35522616,916888384.0
2019-02-20,22.389999,22.389999,21.610001,22.129999,27864824,700566656.0
2019-02-21,22.07,22.469999,21.83,21.950001,25439928,643402816.0
2019-02-22,21.799999,22.280001,21.5,22.25,25345136,633064256.0
2019-02-25,22.4,23.700001,22.219999,23.48,60887912,1587043456.0
2019-02-26,24.610001,26.139999,24.25,25.27,86538240,2467159296.0
2019-02-27,25.110001,25.98,24.92,25.379999,53927784,1539146368.0
2019-02-28,25.5,26.559999,25.18,25.68,52490512,1521376256.0
2019-03-01,26.17,26.309999,25.110001,25.610001,36783312,1051927872.0
2019-03-04,25.91,27.049999,25.91,26.469999,62898508,1856410752.0
2019-03-05,26.469999,26.700001,25.9,26.52,36197512,1063548608.0
2019-03-06,26.52,27.26,26.219999,26.75,39985176,1192134656.0
2019-03-07,26.5,26.5,25.41,25.690001,50516332,1458526976.0
2019-03-08,24.9,25.49,24.450001,24.48,39804460,1113679616.0
2019-03-11,25.25,25.9,25.0,25.549999,39141836,1115472640.0
2019-03-12,26.09,26.5,25.52,25.99,47859608,1393598464.0
2019-03-13,25.92,27.76,25.709999,27.18,69113976,2079128064.0
2019-03-14,26.799999,27.26,25.52,25.959999,42332504,1242675456.0
2019-03-15,26.08,26.809999,25.809999,26.32,34605384,1019697856.0
2019-03-18,26.41,27.66,25.9,27.52,53158004,1601216000.0
2019-03-19,27.559999,27.66,26.709999,27.040001,39785672,1197513984.0
2019-03-20,26.93,27.35,26.309999,26.84,35576240,1063962368.0
2019-03-21,26.809999,27.049999,26.610001,26.709999,32509808,972582976.0
2019-03-22,26.709999,26.860001,26.030001,26.66,31442424,929294784.0
2019-03-25,26.1,26.5,25.74,25.76,30131136,878977856.0
2019-03-26,26.26,26.32,24.969999,25.18,32349128,926136384.0
2019-03-27,25.290001,26.15,25.209999,25.93,30123140,870119744.0
2019-03-28,25.860001,25.950001,25.459999,25.51,23497062,676181120.0
2019-03-29,25.690001,26.690001,25.6,26.68,39219608,1151750016.0
2019-04-01,26.799999,27.459999,26.5,27.370001,56480660,1700753152.0
2019-04-02,27.25,27.370001,26.809999,26.959999,40169556,1209845760.0
2019-04-03,26.879999,26.98,26.58,26.9,27886032,833349120.0
2019-04-04,27.01,27.1,26.299999,26.51,38458104,1141532416.0
2019-04-08,26.629999,26.77,25.709999,26.1,31930062,938819136.0
2019-04-09,26.110001,27.6,25.879999,27.6,58879544,1769735296.0
2019-04-10,27.65,29.15,27.110001,28.65,71931152,2268590336.0
2019-04-11,28.6,29.01,27.030001,27.200001,49544504,1531975040.0
2019-04-12,27.120001,27.200001,26.530001,27.0,23672904,707973312.0
2019-04-15,27.35,27.459999,26.16,26.200001,30544352,914183232.0
2019-04-16,25.91,26.780001,25.690001,26.76,22789558,668396288.0
2019-04-17,26.76,27.25,26.530001,26.9,23295076,698058624.0
2019-04-18,26.85,26.870001,26.280001,26.309999,17046368,503873888.0
2019-04-19,26.32,26.879999,26.299999,26.620001,15934621,472695360.0
2019-04-22,26.6,26.610001,25.92,26.049999,19340872,565545600.0
2019-04-23,26.09,26.360001,25.780001,25.83,14469055,421251936.0
2019-04-24,25.83,26.1,25.32,26.040001,17137692,494532096.0
2019-04-25,25.98,26.35,25.459999,25.48,18975134,549663936.0
2019-04-26,25.42,25.690001,25.16,25.23,15338847,437251040.0
2019-04-29,25.559999,25.99,25.290001,25.780001,21710348,625692416.0
2019-04-30,25.530001,26.08,25.299999,26.0,16975436,489649920.0
2019-05-06,25.08,25.08,23.299999,23.459999,31016710,847472512.0
2019-05-07,23.799999,24.379999,23.469999,23.889999,17335544,469229248.0
2019-05-08,23.440001,24.209999,23.200001,23.549999,15214537,408986848.0
2019-05-09,23.5,23.68,22.57,22.610001,22363308,582086016.0
2019-05-10,23.02,23.51,22.16,23.4,24038184,631051968.0
2019-05-13,22.9,23.389999,22.719999,22.84,15970995,416144032.0
2019-05-14,22.76,23.0,22.559999,22.610001,12978037,335733184.0
2019-05-15,22.879999,23.360001,22.74,23.27,18834836,492991168.0
2019-05-16,23.23,23.530001,22.9,23.5,12922627,340200224.0
2019-05-17,23.49,23.51,22.700001,22.77,13601819,354532128.0
2019-05-20,22.68,22.68,21.82,22.1,14974226,377532736.0
2019-05-21,22.26,22.889999,22.110001,22.610001,12990437,333946752.0
2019-05-22,22.719999,22.98,22.35,22.65,9277256,239175376.0
2019-05-23,22.610001,22.610001,22.1,22.17,9668325,245124976.0
2019-05-24,22.0,22.299999,21.93,22.0,7493654,189019152.0
2019-05-27,22.1,22.209999,21.530001,22.16,15211859,380933504.0
2019-05-28,22.23,22.549999,21.959999,22.459999,15532483,394607104.0
2019-05-29,22.129999,22.42,21.969999,22.190001,10123396,256210288.0
2019-05-30,22.049999,22.049999,21.610001,21.780001,11619910,289368768.0
2019-05-31,21.82,22.049999,21.540001,21.639999,11012587,273968384.0
2019-06-03,21.700001,22.030001,21.450001,21.559999,12128590,300469824.0
2019-06-04,21.559999,21.66,20.68,20.809999,19674556,474394688.0
2019-06-05,20.889999,21.01,19.200001,19.709999,40881356,937330176.0
2019-06-06,19.530001,19.780001,19.209999,19.35,16035535,361678464.0
2019-06-10,19.48,19.75,19.299999,19.57,15584067,353821600.0
2019-06-11,19.73,20.51,19.629999,20.48,19810912,460898368.0
2019-06-12,20.4,20.4,20.049999,20.17,12049284,280846720.0
2019-06-13,20.16,20.610001,19.879999,20.41,10542034,246213408.0
2019-06-14,20.450001,20.709999,20.129999,20.18,11336390,266196656.0
2019-06-17,21.09,21.889999,20.889999,21.08,37646376,921472384.0
2019-06-18,21.1,21.33,20.58,20.77,18231152,436536288.0
2019-06-19,21.4,21.530001,20.959999,20.99,16895660,410136352.0
2019-06-20,21.02,21.799999,20.9,21.719999,25923268,637666752.0
2019-06-21,21.700001,22.32,21.6,22.120001,22649832,570097024.0
2019-06-24,22.129999,22.26,21.799999,22.25,15278691,385120064.0
2019-06-25,22.200001,22.280001,21.530001,21.879999,16472339,410930208.0
2019-06-26,21.879999,22.85,21.700001,22.76,20766372,530046336.0
2019-06-27,22.68,23.01,22.49,22.82,17712536,458650400.0
2019-06-28,22.67,22.799999,22.08,22.200001,15749505,401914176.0
2019-07-01,22.809999,23.299999,22.639999,23.190001,25514166,667696896.0
2019-07-02,23.15,23.65,22.940001,23.440001,19094238,505587584.0
2019-07-03,23.200001,23.879999,23.190001,23.57,21305658,569889920.0
2019-07-04,23.59,23.780001,23.299999,23.41,13050819,346590752.0
2019-07-05,23.58,23.84,23.48,23.709999,13061000,350094400.0
2019-07-08,23.719999,23.74,22.58,22.99,19766284,517646144.0
2019-07-09,23.18,23.5,22.9,23.139999,12090215,318058592.0
2019-07-10,23.299999,24.860001,23.209999,24.219999,33349752,910212032.0
2019-07-11,24.370001,24.459999,23.709999,24.110001,20627722,561636992.0
2019-07-12,24.1,24.41,23.870001,24.030001,14796600,402457376.0
2019-07-15,23.950001,24.84,23.52,24.360001,22752262,623458624.0
2019-07-16,24.379999,24.66,24.059999,24.23,10875448,297875456.0
2019-07-17,24.23,24.23,23.74,23.780001,13342639,360554048.0
2019-07-18,23.74,23.74,23.07,23.34,14092110,373243392.0
2019-07-19,23.51,23.77,23.02,23.049999,14244736,376754912.0
2019-07-22,23.1,23.790001,22.83,23.379999,14553753,384337920.0
2019-07-23,23.379999,23.559999,23.15,23.26,10151033,267927584.0
2019-07-24,23.5,24.08,23.42,23.68,14465250,389012544.0
2019-07-25,23.629999,23.83,23.43,23.68,13047216,348589504.0
2019-07-26,23.610001,24.120001,23.51,23.959999,13292424,358737120.0
2019-07-29,23.91,23.92,23.5,23.629999,10118035,270391360.0
2019-07-30,23.629999,23.799999,23.549999,23.709999,8224718,220302704.0
2019-07-31,23.91,23.99,23.1,23.200001,13774408,365802464.0
2019-08-01,23.040001,23.200001,22.59,22.860001,13971505,362530944.0
2019-08-02,22.23,22.370001,21.91,22.120001,14038646,350049344.0
2019-08-05,22.0,22.07,21.52,21.67,9981056,245222192.0
2019-08-06,21.17,21.870001,20.82,21.799999,16316084,392462240.0
2019-08-07,21.629999,21.92,21.5,21.540001,9277973,226738560.0
2019-08-08,21.57,22.4,21.57,22.120001,12867548,319275776.0
2019-08-09,22.35,22.6,22.07,22.129999,10514919,264081408.0
2019-08-12,22.049999,22.620001,21.969999,22.559999,7938046,199686080.0
2019-08-13,22.42,22.6,21.719999,22.0,10409191,259161952.0
2019-08-14,22.379999,22.52,22.01,22.18,10483772,262088912.0
2019-08-15,21.77,22.450001,21.65,22.379999,10021255,249450704.0
2019-08-16,22.469999,23.389999,22.32,23.129999,19590468,505440768.0
2019-08-19,23.469999,23.870001,23.290001,23.77,16976872,448949696.0
2019-08-20,23.76,24.0,23.57,23.799999,12572797,333801504.0
2019-08-21,23.540001,23.65,23.209999,23.32,15057781,394925152.0
2019-08-22,23.68,23.969999,23.48,23.629999,12262182,324964288.0
2019-08-23,23.610001,24.83,23.52,24.719999,28511950,776347968.0
2019-08-26,24.030001,26.040001,24.030001,25.629999,42968608,1208169344.0
2019-08-27,25.540001,26.01,25.120001,25.469999,31018792,878512512.0
2019-08-28,25.25,25.450001,24.75,25.02,21374520,593988032.0
2019-08-29,24.940001,25.32,24.68,25.040001,14437552,400755776.0
2019-08-30,25.209999,25.57,24.540001,24.870001,17690792,492896032.0
2019-09-02,24.83,25.559999,24.639999,25.42,20950504,586007040.0
2019-09-03,25.379999,25.6,25.0,25.15,13952094,391268960.0
2019-09-04,25.07,25.379999,24.870001,25.309999,13005970,362982944.0
2019-09-05,25.469999,25.99,25.299999,25.93,24687608,702640832.0
2019-09-06,25.950001,25.99,25.65,25.92,14892511,425628704.0
2019-09-09,26.049999,26.35,25.57,25.99,21993414,630532544.0
2019-09-10,25.860001,26.42,25.530001,25.67,22353382,643303104.0
2019-09-11,25.74,25.82,24.82,24.83,23861078,665796096.0
2019-09-12,25.01,25.07,24.33,24.67,22724712,621766848.0
2019-09-16,24.870001,24.98,24.52,24.73,12088906,332311232.0
2019-09-17,24.67,24.860001,24.09,24.27,16207849,440197344.0
2019-09-18,24.27,24.559999,24.200001,24.299999,12619967,342142336.0
2019-09-19,24.48,24.77,24.25,24.690001,15601809,426394400.0
2019-09-20,24.950001,25.5,24.879999,25.219999,24237676,679032512.0
2019-09-23,25.17,25.17,24.4,24.57,14026996,385001792.0
2019-09-24,24.58,24.940001,23.92,24.18,26915004,729359616.0
2019-09-25,24.120001,24.120001,22.85,22.91,32808836,851533760.0
2019-09-26,23.02,23.07,22.25,22.34,18982588,480767424.0
2019-09-27,22.450001,22.719999,22.24,22.43,12916020,326149824.0
2019-09-30,22.450001,22.809999,22.440001,22.49,9744568,247151808.0
2019-10-08,22.49,23.0,22.43,22.59,12470090,317807488.0
2019-10-09,22.4,22.4,21.83,22.209999,12930874,320964096.0
2019-10-10,22.219999,22.959999,22.219999,22.719999,14163758,359461024.0
2019-10-11,22.74,22.77,22.17,22.540001,15909922,400863008.0
2019-10-14,22.82,23.059999,22.59,22.74,17502752,447936672.0
2019-10-15,22.74,22.959999,22.4,22.48,13211718,335507680.0
2019-10-16,22.51,22.67,22.27,22.280001,11723979,295441792.0
2019-10-17,22.280001,22.459999,22.190001,22.370001,8768592,220099840.0
2019-10-18,22.41,22.940001,22.33,22.559999,17826640,453679872.0
2019-10-21,22.530001,22.77,22.25,22.41,11334181,285762432.0
2019-10-22,22.41,22.6,22.24,22.58,8797208,221596784.0
2019-10-23,22.57,22.610001,22.219999,22.26,9036486,227044976.0
2019-10-24,22.219999,22.24,21.709999,21.719999,11696327,288911488.0
2019-10-25,21.799999,22.059999,21.620001,22.030001,9325617,230291248.0
2019-10-28,21.52,22.309999,21.52,22.1,13093949,325250912.0
2019-10-29,22.049999,22.959999,21.92,22.790001,21931830,557362176.0
2019-10-30,22.83,22.92,21.92,22.17,16816322,421021504.0
2019-10-31,22.219999,22.709999,22.01,22.68,16077225,406783328.0
2019-11-01,22.84,23.200001,22.52,23.02,20379790,523914144.0
2019-11-04,23.309999,23.450001,23.030001,23.07,16417004,426584960.0
2019-11-05,23.08,23.26,22.83,22.99,13912098,359026272.0
2019-11-06,22.99,23.139999,22.629999,22.690001,10499400,268737216.0
2019-11-07,22.870001,24.719999,22.780001,24.120001,39792176,1059977728.0
2019-11-08,24.23,24.440001,23.870001,24.139999,24885708,671133312.0
2019-11-11,24.139999,24.42,23.84,23.969999,21668966,583171968.0
2019-11-12,24.0,24.209999,23.469999,23.98,16141451,428983136.0
2019-11-13,23.969999,24.469999,23.719999,24.24,22520464,606916032.0
2019-11-14,24.24,24.360001,23.799999,24.059999,14891477,399110336.0
2019-11-15,24.299999,24.58,23.9,24.280001,24276464,657676416.0
2019-11-18,24.129999,25.07,24.129999,24.889999,25221888,694391552.0
2019-11-19,24.889999,25.15,24.73,25.01,20855180,578432064.0
2019-11-20,24.889999,24.99,24.57,24.73,17112060,471166144.0
2019-11-21,24.66,24.799999,23.799999,23.92,22190196,596830464.0
2019-11-22,24.1,24.1,22.82,22.889999,30982438,808629056.0
2019-11-25,22.780001,22.870001,22.43,22.84,14705698,373712224.0
2019-11-26,22.83,23.299999,22.74,23.16,14976193,387608128.0
2019-11-27,23.040001,23.32,22.799999,23.16,10775652,278666368.0
2019-11-28,23.16,23.17,22.860001,22.889999,7324577,188774736.0
2019-11-29,22.99,23.0,22.16,22.370001,21642908,544118016.0
2019-12-02,22.219999,22.48,22.18,22.34,9400371,235615696.0
2019-12-03,22.24,22.290001,21.809999,22.24,12407127,308139008.0
2019-12-04,22.1,22.370001,22.040001,22.190001,8916602,222935856.0
2019-12-05,22.34,22.620001,22.219999,22.52,11898007,300399936.0
2019-12-06,22.59,22.6,22.34,22.48,8958477,226042640.0
2019-12-09,22.4,22.49,22.110001,22.34,11919635,298635616.0
2019-12-10,22.379999,22.780001,22.219999,22.5,14517619,367232160.0
2019-12-11,22.51,22.65,22.27,22.360001,11135739,280403264.0
2019-12-12,22.440001,22.440001,22.129999,22.219999,10219069,255186688.0
2019-12-13,22.42,22.66,22.32,22.610001,14891666,376697440.0
2019-12-16,22.809999,23.01,22.530001,23.0,14990630,383687232.0
2019-12-17,22.969999,23.41,22.780001,23.35,17472136,453765920.0
2019-12-18,23.35,23.41,23.030001,23.139999,14558385,377782528.0
2019-12-19,23.32,23.790001,23.24,23.690001,19458432,511733888.0
2019-12-20,23.82,23.870001,23.51,23.559999,14462257,382302624.0
2019-12-23,23.559999,23.85,23.15,23.190001,12169727,319313920.0
2019-12-24,23.299999,23.74,23.18,23.66,13870679,365662208.0
2019-12-25,23.629999,23.74,23.299999,23.41,11508262,302007232.0
2019-12-26,23.440001,23.65,23.32,23.52,9378931,246303856.0
2019-12-27,23.530001,23.9,23.43,23.459999,16174186,428697952.0
2019-12-30,23.41,23.52,22.959999,23.42,14377729,375179904.0
2019-12-31,23.42,24.07,23.42,23.82,20531896,547164032.0
2020-01-02,23.99,24.299999,23.709999,24.26,23797304,638431360.0
2020-01-03,24.27,24.450001,23.9,24.32,20427940,551435648.0
2020-01-06,24.1,24.370001,23.85,23.92,19187500,515568512.0
2020-01-07,23.940001,24.370001,23.940001,24.120001,14892496,400960320.0
2020-01-08,23.959999,24.01,23.5,23.52,17673908,467875328.0
2020-01-09,23.73,23.959999,23.66,23.82,16543976,439519840.0
2020-01-10,23.92,24.42,23.9,24.18,23293692,627994368.0
2020-01-13,24.200001,24.32,24.01,24.290001,15195071,409566400.0
2020-01-14,24.34,24.43,24.02,24.049999,15677475,422572608.0
2020-01-15,24.02,24.309999,23.82,23.9,12907557,346056352.0
2020-01-16,23.959999,24.139999,23.799999,24.139999,13622116,364309856.0
2020-01-17,24.110001,24.620001,24.040001,24.139999,23125372,626225600.0
2020-01-20,24.469999,24.799999,24.16,24.620001,27388176,745310080.0
2020-01-21,24.77,25.35,24.610001,25.08,42680852,1185716864.0
2020-01-22,25.200001,25.200001,24.08,24.280001,34533484,935627200.0
2020-01-23,24.209999,24.5,23.02,23.4,29110100,770583616.0
2020-02-03,21.209999,23.190001,21.209999,22.889999,45598968,1147814272.0
2020-02-04,23.9,24.48,22.99,24.42,52968724,1408581504.0
2020-02-05,24.74,25.74,24.129999,25.66,62857416,1729245824.0
2020-02-06,25.620001,26.77,25.059999,25.440001,80054320,2296504576.0
2020-02-07,25.42,25.940001,24.5,24.84,53168600,1483524608.0
2020-02-10,24.860001,25.02,24.219999,24.49,29922432,815469312.0
2020-02-11,24.559999,24.65,24.02,24.440001,23112878,625528256.0
2020-02-12,24.42,24.74,24.17,24.48,24614496,669494784.0
2020-02-13,24.559999,24.559999,23.83,23.940001,27709964,743332224.0
2020-02-14,23.98,24.17,23.49,23.68,23503260,624844672.0
2020-02-17,23.67,24.01,23.549999,23.98,23926140,636920448.0
2020-02-18,24.040001,24.17,23.6,23.75,28086082,746054784.0
2020-02-19,23.75,23.75,23.26,23.309999,26562346,695779968.0
2020-02-20,23.27,23.52,23.17,23.48,21465996,561274816.0
2020-02-21,23.49,23.75,23.290001,23.65,25721358,675948288.0
2020-02-24,23.76,24.09,23.65,24.01,32622740,871410624.0
2020-02-25,24.0,26.690001,23.85,26.530001,108967312,3102021632.0
2020-02-26,26.389999,26.719999,25.26,25.26,69731256,2000466304.0
2020-02-27,25.58,26.01,25.1,25.27,35526668,1003044032.0
2020-02-28,24.75,25.120001,24.01,24.1,39269584,1070652288.0
2020-03-02,24.35,24.969999,24.120001,24.82,30081144,822180800.0
2020-03-03,25.09,25.52,24.780001,24.950001,31295452,875583552.0
2020-03-04,24.870001,26.059999,24.469999,25.74,39972844,1124769664.0
2020-03-05,25.780001,26.059999,25.49,25.9,35349200,1011365312.0
2020-03-06,25.719999,26.32,25.58,25.68,30626534,880258176.0
2020-03-09,25.02,25.68,24.9,25.1,35933856,1008017920.0
2020-03-10,25.219999,25.52,24.52,25.190001,37674848,1049096448.0
2020-03-11,25.190001,25.280001,24.58,24.610001,26784184,740112448.0
2020-03-12,24.360001,24.5,23.610001,23.809999,23134234,620084288.0
2020-03-13,22.620001,23.4,22.24,23.32,29268130,751013888.0
2020-03-16,25.190001,25.719999,23.92,24.18,66648072,1834140672.0
2020-03-17,25.02,26.450001,24.209999,26.42,95012344,2676282624.0
2020-03-18,27.02,28.5,25.799999,25.84,118202456,3547529472.0
2020-03-19,26.59,27.25,25.76,27.07,90695000,2668444672.0
2020-03-20,27.16,27.16,26.120001,26.780001,60140576,1766225024.0
2020-03-23,25.98,26.49,25.040001,25.15,49741928,1420036992.0
2020-03-24,25.6,27.879999,24.540001,27.549999,88595808,2577212928.0
2020-03-25,27.450001,29.02,26.92,28.129999,88364424,2723167744.0
2020-03-26,27.709999,31.219999,27.57,31.219999,104254792,3343602176.0
2020-03-27,32.32,32.32,29.709999,29.870001,111420064,3761082880.0
2020-03-30,30.219999,31.459999,29.549999,30.52,80105776,2667734016.0
2020-03-31,30.879999,31.0,29.68,30.08,60588160,1995452928.0
2020-04-01,29.709999,29.959999,28.799999,28.879999,59718780,1913174400.0
2020-04-02,28.870001,29.459999,28.25,29.219999,52133856,1654020096.0
2020-04-03,29.120001,30.969999,29.02,30.18,71207216,2348910080.0
2020-04-07,30.17,31.450001,29.780001,31.09,66918560,2240523008.0
2020-04-08,31.02,32.419998,30.32,31.110001,77459168,2648716288.0
2020-04-09,31.219999,32.169998,30.73,30.84,60657236,2070823808.0
2020-04-10,30.42,31.559999,29.620001,30.1,56697352,1892321536.0
2020-04-13,30.219999,31.16,30.02,30.559999,43476548,1451176192.0
2020-04-14,30.700001,31.780001,30.120001,31.52,57169356,1934574336.0
2020-04-15,31.42,32.700001,31.200001,31.969999,61241952,2136169344.0
2020-04-16,31.66,34.560001,31.370001,33.75,89712536,3214850560.0
2020-04-17,33.470001,33.82,32.779999,32.799999,57757160,2073904256.0
2020-04-20,33.200001,34.810001,33.02,34.32,71055640,2627636736.0
2020-04-21,34.169998,35.419998,33.860001,34.799999,61191380,2290124032.0
2020-04-22,34.220001,34.610001,33.91,34.32,40048004,1483380096.0
2020-04-23,35.720001,36.099998,33.459999,33.610001,85519160,3219364352.0
2020-04-24,33.599998,34.110001,32.290001,32.52,66665848,2386821376.0
2020-04-27,32.77,33.68,32.07,33.43,54664684,1962962432.0
2020-04-28,33.02,33.470001,31.93,32.610001,47233152,1673782016.0
2020-04-29,32.580002,33.139999,31.219999,31.219999,49241784,1714421632.0
2020-04-30,30.73,31.08,29.889999,30.85,64928880,2166308352.0
2020-05-06,30.709999,31.41,30.52,31.41,43869992,1484152960.0
2020-05-07,31.299999,31.66,30.9,30.92,35445080,1205395328.0
2020-05-08,30.969999,31.370001,30.48,30.66,41285920,1388435456.0
2020-05-11,31.07,31.27,30.68,31.07,34984296,1181333120.0
2020-05-12,31.049999,31.6,30.83,31.309999,36289052,1235435136.0
2020-05-13,31.219999,31.219999,30.639999,31.030001,28581008,962797888.0
2020-05-14,30.77,30.77,29.57,29.57,51952836,1707488128.0
2020-05-15,29.82,30.120001,29.360001,29.969999,31930920,1040043840.0
2020-05-18,30.01,30.860001,29.49,30.139999,39112560,1294337664.0
2020-05-19,30.879999,31.27,30.120001,30.16,43361536,1450604160.0
2020-05-20,30.059999,30.110001,29.42,29.540001,36526892,1187698432.0
2020-05-21,29.540001,30.77,29.139999,30.23,47420904,1558568832.0
2020-05-22,29.940001,29.98,28.190001,28.360001,46634888,1479665280.0
2020-05-25,28.35,28.959999,28.219999,28.559999,20456116,641229696.0
2020-05-26,28.77,29.1,28.6,28.77,18830988,594364416.0
2020-05-27,28.809999,28.91,27.799999,28.24,27362744,848653824.0
2020-05-28,28.120001,28.469999,27.18,27.540001,30442020,926706624.0
2020-05-29,27.58,28.18,27.549999,27.969999,23723526,728447296.0
2020-06-01,28.42,28.66,28.23,28.51,25093126,784506688.0
2020-06-02,28.42,28.42,27.9,28.1,26339424,813685504.0
2020-06-03,28.200001,29.040001,28.129999,28.57,34367720,1080030720.0
2020-06-04,28.74,28.77,28.07,28.23,19713122,612813184.0
2020-06-05,28.209999,28.440001,27.77,28.42,19278400,595018816.0
2020-06-08,28.4,28.6,28.049999,28.16,18344064,569472448.0
2020-06-09,28.200001,28.690001,28.0,28.48,22484304,702676992.0
2020-06-10,28.559999,29.559999,28.27,29.559999,45827696,1460392576.0
2020-06-11,29.299999,29.82,28.879999,29.32,37934964,1221712256.0
2020-06-12,28.82,30.719999,28.809999,30.219999,51396824,1685758976.0
2020-06-15,30.76,31.209999,30.030001,30.57,47590420,1591089792.0
2020-06-16,30.57,30.790001,30.059999,30.620001,31944698,1061776192.0
2020-06-17,31.08,32.220001,31.07,32.060001,60724704,2096281600.0
2020-06-18,31.969999,31.969999,30.83,30.889999,47072496,1598634240.0
2020-06-19,30.469999,31.190001,30.469999,30.860001,32379722,1088528128.0
2020-06-22,30.719999,30.799999,29.73,30.219999,41638464,1372499968.0
2020-06-23,30.15,30.42,29.889999,30.34,26341520,867876288.0
2020-06-24,30.33,30.469999,29.799999,29.879999,26824880,879611712.0
2020-06-29,29.950001,31.120001,29.940001,31.1,41209816,1377705088.0
2020-06-30,31.15,31.190001,30.690001,31.07,34071384,1148863360.0
2020-07-01,31.049999,31.049999,30.02,30.4,40841592,1354028160.0
2020-07-02,31.1,33.099998,31.09,31.690001,79672896,2782488832.0
2020-07-03,31.91,31.91,30.83,31.639999,50457216,1719388032.0
2020-07-06,31.639999,32.720001,31.34,32.549999,63163528,2208197120.0
2020-07-07,32.700001,33.419998,32.23,32.75,65933812,2342903040.0
2020-07-08,32.689999,32.919998,32.290001,32.759998,47189424,1667929216.0
2020-07-09,32.610001,33.82,32.450001,33.220001,57858320,2076552192.0
2020-07-10,33.040001,33.759998,32.59,32.759998,49789436,1786467712.0
2020-07-13,33.09,35.189999,33.09,34.860001,64484252,2387117312.0
2020-07-14,36.799999,37.720001,35.5,36.16,95288152,3736800768.0
2020-07-15,37.18,40.049999,36.720001,40.049999,133755656,5628432896.0
2020-07-16,40.02,40.02,35.77,35.77,128703136,5164672000.0
2020-07-17,35.369999,38.099998,34.610001,37.32,83549552,3304881152.0
2020-07-20,38.57,39.509998,37.450001,38.27,64985344,2671231488.0
2020-07-21,38.869999,41.91,38.869999,41.18,93048048,4044672000.0
2020-07-22,40.110001,41.650002,39.970001,40.490002,66769552,2909209600.0
2020-07-23,42.029999,44.82,41.32,44.82,136336080,6342945280.0
2020-07-24,43.720001,49.009998,43.200001,45.34,162663664,7894234112.0
2020-07-27,45.919998,50.150002,45.540001,50.150002,93426928,4793831936.0
2020-07-28,52.009998,53.720001,47.220001,48.5,188733824,10042124288.0
2020-07-29,47.77,53.5,47.720001,53.110001,151669264,8189893120.0
2020-07-30,54.610001,58.66,53.610001,56.610001,195118608,11465489408.0
2020-07-31,54.709999,60.41,54.619999,59.84,156038144,9308410880.0
2020-08-03,60.209999,66.059998,57.970001,66.059998,152293712,10023860224.0
2020-08-04,67.610001,72.190002,61.259998,64.889999,218796496,15169642496.0
2020-08-05,62.189999,71.620003,61.619999,71.620003,176791232,12297662464.0
2020-08-06,73.610001,76.800003,67.68,73.209999,207143360,15605291008.0
2020-08-07,70.629997,72.809998,65.790001,67.309998,179363360,12727050240.0
2020-08-10,65.709999,65.709999,61.709999,62.009998,156631840,10311420928.0
2020-08-11,60.990002,63.560001,59.110001,59.720001,139520864,8847267840.0
2020-08-12,59.610001,60.310001,54.290001,56.169998,151484304,8939593728.0
2020-08-13,57.23,58.990002,55.290001,57.66,136969488,8159746560.0
2020-08-14,56.209999,57.080002,53.84,55.810001,107415680,6206964224.0
2020-08-17,56.619999,57.75,54.990002,56.91,102067328,6006451712.0
2020-08-18,56.509998,58.09,55.490002,56.130001,90854904,5349626368.0
2020-08-19,55.610001,55.610001,51.720001,51.82,122035960,6762365952.0
2020-08-20,51.41,53.18,50.959999,52.459999,76944544,4221966080.0
2020-08-21,52.599998,53.09,50.610001,51.099998,71098040,3859582464.0
2020-08-24,51.639999,52.259998,50.130001,51.919998,57087584,3080139776.0
2020-08-25,52.02,52.209999,50.43,50.59,52290992,2802035968.0
2020-08-26,51.110001,52.669998,50.669998,50.849998,82959072,4493331456.0
2020-08-27,50.439999,50.599998,48.490002,50.290001,67608960,3514005248.0
2020-08-28,51.490002,54.200001,50.57,53.84,120117856,6618168320.0
2020-08-31,53.84,53.860001,52.110001,52.43,72058112,3971660544.0
2020-09-01,51.610001,52.220001,50.509998,51.310001,51536784,2756034304.0
2020-09-02,51.110001,51.950001,50.790001,50.91,37064712,1986091008.0
2020-09-03,51.310001,51.889999,50.32,50.529999,46409272,2489154560.0
2020-09-04,48.619999,50.610001,48.610001,50.209999,40795500,2112726656.0
2020-09-07,50.169998,50.169998,47.389999,47.490002,57193540,2919096576.0
2020-09-08,48.220001,48.68,47.189999,48.130001,35665200,1799483136.0
2020-09-09,47.290001,47.299999,45.720001,45.720001,51308728,2501857280.0
2020-09-10,46.91,47.490002,46.009998,46.02,39134008,1924123136.0
2020-09-11,46.209999,46.98,45.82,46.02,34220008,1665442688.0
2020-09-14,46.27,46.860001,44.860001,45.360001,40801316,1964409728.0
2020-09-15,45.599998,47.91,44.939999,47.290001,57340292,2811901952.0
2020-09-16,46.959999,46.990002,44.509998,44.810001,59342540,2833414144.0
2020-09-17,44.32,44.869999,43.5,44.389999,41701188,1934828032.0
2020-09-18,44.380001,45.700001,44.220001,45.360001,37692072,1788117632.0
2020-09-21,45.41,46.310001,44.650002,45.639999,33091856,1587569408.0
2020-09-22,45.279999,47.209999,45.110001,45.98,51049104,2492678912.0
2020-09-23,46.029999,50.029999,45.209999,49.759998,103843376,5254275072.0
2020-09-24,48.610001,50.080002,47.950001,49.060001,72627432,3721908992.0
2020-09-25,48.66,51.400002,48.529999,49.599998,69416272,3647209728.0
2020-09-28,49.91,50.560001,47.849998,48.16,44352708,2278233600.0
2020-09-29,47.900002,48.040001,46.419998,47.700001,39768516,1976497024.0
2020-09-30,47.709999,48.16,46.540001,46.720001,30445776,1509094528.0
2020-10-09,49.130001,51.630001,48.259998,51.630001,76667456,4035387392.0
2020-10-12,53.02,53.560001,51.779999,52.939999,75141400,4139964928.0
2020-10-13,52.950001,58.200001,52.009998,56.459999,97838920,5687554560.0
2020-10-14,56.509998,60.110001,55.27,57.310001,106872816,6441070592.0
2020-10-15,56.41,58.669998,55.130001,57.52,81584872,4815228928.0
2020-10-16,57.310001,59.810001,57.110001,59.02,71657768,4370046464.0
2020-10-19,59.599998,60.110001,55.630001,55.669998,76260144,4558884864.0
2020-10-20,55.669998,56.880001,55.209999,56.509998,46143812,2702053632.0
2020-10-21,56.810001,58.959999,56.360001,56.41,63769972,3823425280.0
2020-10-22,55.110001,55.110001,52.939999,53.369999,65109076,3655954944.0
2020-10-23,53.369999,53.91,49.689999,50.360001,72635344,3908126464.0
2020-10-26,50.41,51.810001,49.860001,51.189999,40744556,2177477632.0
2020-10-27,49.810001,51.41,49.610001,50.84,30926880,1641672576.0
2020-10-28,51.209999,51.389999,49.689999,50.82,30586392,1618831488.0
2020-10-29,49.669998,53.669998,49.57,53.669998,70527928,3839353600.0
2020-10-30,54.619999,54.619999,51.41,51.990002,51609148,2839322112.0
2020-11-02,52.220001,52.490002,49.610001,50.66,41605948,2199636480.0
2020-11-03,50.689999,52.049999,49.790001,51.529999,31541308,1688067200.0
2020-11-04,51.310001,51.529999,50.220001,50.560001,27358548,1453429760.0
2020-11-05,51.110001,51.52,50.0,50.450001,33231264,1764001536.0
2020-11-06,50.049999,50.060001,46.490002,47.060001,77350856,3853766144.0
2020-11-09,47.360001,49.759998,47.16,49.119999,57610680,2939674368.0
2020-11-10,54.27,54.27,53.290001,54.27,110911784,6266200576.0
2020-11-11,54.27,57.810001,50.439999,54.41,150531744,8373846528.0
2020-11-12,54.610001,58.610001,53.610001,56.75,122882104,7289826304.0
2020-11-13,54.610001,56.110001,53.959999,54.939999,79331360,4539865088.0
2020-11-16,55.959999,57.0,54.610001,55.419998,63529076,3676886528.0
2020-11-17,52.610001,52.91,50.560001,51.009998,87784760,4730194432.0
2020-11-18,50.91,50.91,48.759998,49.150002,60409784,3136253696.0
2020-11-19,49.689999,50.57,49.310001,49.889999,38813888,2032439552.0
2020-11-20,50.209999,50.560001,49.310001,50.150002,30651772,1605298432.0
2020-11-23,50.810001,52.549999,50.43,52.380001,55679972,3027298816.0
2020-11-24,51.610001,51.779999,50.419998,50.630001,38986036,2074654336.0
2020-11-25,50.110001,51.830002,49.16,50.759998,47728428,2519965952.0
2020-11-26,48.91,49.959999,48.91,49.200001,38884900,2009426816.0
2020-11-27,49.110001,49.459999,48.209999,48.959999,27879992,1425240448.0
2020-11-30,49.099998,49.610001,48.580002,49.610001,30454956,1569331072.0
2020-12-01,50.16,51.060001,49.759998,50.029999,43736104,2314477824.0
2020-12-02,50.639999,50.759998,49.43,50.080002,34158192,1790153728.0
2020-12-03,50.869999,53.130001,50.619999,53.009998,84992528,4649653248.0
2020-12-04,51.880001,53.41,51.610001,52.900002,59671232,3271261440.0
2020-12-07,52.110001,52.400002,51.41,51.689999,37223612,2020577280.0
2020-12-08,51.759998,52.389999,51.029999,51.139999,26594396,1433292544.0
2020-12-09,51.41,53.16,50.82,52.68,60332624,3292455424.0
2020-12-10,51.610001,52.880001,51.220001,52.450001,47632000,2593612544.0
2020-12-11,52.439999,54.98,51.639999,54.630001,87344024,4886093824.0
2020-12-14,55.259998,55.610001,53.27,53.84,61761648,3485407744.0
2020-12-15,52.41,53.709999,52.119999,52.349998,49640888,2735476480.0
2020-12-16,53.009998,54.869999,52.68,54.389999,69484664,3913109504.0
2020-12-17,54.830002,56.599998,53.610001,54.23,89241768,5164733440.0
2020-12-18,54.240002,54.470001,52.66,53.52,53144912,2967383040.0
2020-12-21,53.560001,54.110001,52.400002,53.970001,53285656,2967095040.0
2020-12-22,53.599998,56.490002,53.43,55.34,88697312,5125434880.0
2020-12-23,54.599998,55.709999,53.610001,55.490002,59795032,3411397632.0
2020-12-24,55.610001,55.939999,54.619999,55.09,51051052,2944113664.0
2020-12-25,55.009998,55.009998,53.110001,53.299999,51797348,2901653504.0
2020-12-28,53.490002,53.990002,50.669998,50.720001,57895048,3161326848.0
2020-12-29,50.209999,50.209999,48.619999,49.189999,47402236,2447618304.0
2020-12-30,48.860001,49.990002,48.860001,49.400002,32168056,1667268224.0
2020-12-31,49.900002,54.110001,49.419998,51.599998,67320584,3627561728.0
2021-01-04,50.599998,50.790001,49.650002,50.580002,49330508,2593916672.0
2021-01-05,50.110001,50.889999,49.419998,50.209999,43452228,2280909312.0
2021-01-06,50.57,51.490002,50.130001,51.419998,53979872,2871710208.0
2021-01-07,51.279999,51.279999,49.689999,49.849998,43967200,2306884864.0
2021-01-08,49.849998,50.27,49.439999,49.98,27808284,1453511168.0
2021-01-11,49.91,49.91,47.619999,47.740002,53967600,2749370880.0
2021-01-12,47.759998,48.84,47.75,48.619999,28870154,1466364288.0
2021-01-13,48.939999,48.98,47.470001,47.740002,35982368,1811062784.0
2021-01-14,47.790001,48.189999,46.48,46.709999,34855000,1718063232.0
2021-01-15,46.939999,47.810001,46.310001,47.709999,26634664,1323804416.0
2021-01-18,47.599998,48.41,46.810001,47.900002,25205872,1259404032.0
2021-01-19,47.900002,48.0,47.110001,47.509998,24253312,1206057472.0
2021-01-20,47.459999,48.099998,47.009998,47.630001,26142586,1307803264.0
2021-01-21,48.310001,48.880001,47.919998,48.07,32181276,1631493120.0
2021-01-22,48.080002,49.459999,48.080002,49.349998,52851632,2714356480.0
2021-01-25,49.66,50.27,47.689999,47.720001,45066024,2292182784.0
2021-01-26,48.669998,49.029999,47.610001,47.740002,30802620,1559162880.0
2021-01-27,47.450001,47.450001,45.880001,46.59,34696524,1695345536.0
2021-01-28,46.07,46.07,43.790001,44.02,39644100,1866736768.0
2021-01-29,44.009998,44.43,42.169998,43.080002,35121768,1591877632.0
2021-02-01,43.110001,45.099998,42.400002,44.5,27686136,1286374400.0
2021-02-02,44.419998,46.41,43.52,45.209999,33108048,1576969472.0
2021-02-03,44.34,45.900002,43.790001,44.259998,30684320,1451582720.0
2021-02-04,44.259998,45.099998,43.32,43.66,21325928,991607232.0
2021-02-05,44.259998,46.139999,44.150002,45.029999,39792580,1896681088.0
2021-02-08,45.110001,45.889999,43.810001,43.860001,32943416,1549646464.0
2021-02-09,44.290001,45.09,43.84,44.650002,24628568,1156023296.0
2021-02-10,45.060001,48.709999,44.32,47.919998,62446384,3073759488.0
2021-02-18,47.950001,47.959999,45.73,46.009998,48984560,2401093120.0
2021-02-19,45.630001,45.91,44.439999,45.330002,31403716,1486052352.0
2021-02-22,45.330002,45.709999,44.610001,44.619999,30114712,1429197696.0
2021-02-23,44.34,45.290001,43.689999,44.470001,27174616,1269285760.0
2021-02-24,44.490002,44.560001,43.169998,43.41,27459120,1265634560.0
2021-02-25,43.23,44.060001,43.23,43.41,19348348,890779392.0
2021-02-26,42.990002,43.869999,42.709999,43.650002,20120994,922397440.0
2021-03-01,43.66,44.099998,43.310001,43.830002,17006172,783537984.0
2021-03-02,43.84,43.869999,42.5,42.619999,23649664,1074312576.0
2021-03-03,42.41,42.610001,41.43,42.34,25452164,1129605632.0
2021-03-04,42.110001,42.110001,40.290001,40.310001,32670872,1415990144.0
2021-03-05,39.610001,40.529999,39.16,40.16,19312936,816172480.0
2021-03-08,40.240002,40.84,37.689999,37.91,30448644,1265473152.0
2021-03-09,37.709999,38.59,35.5,37.299999,34856104,1377978624.0
2021-03-10,37.610001,37.91,36.25,36.41,23768712,930762688.0
2021-03-11,36.419998,37.349998,36.110001,37.080002,19096506,749867776.0
2021-03-12,37.290001,38.029999,36.82,37.400002,21639880,860105920.0
2021-03-15,37.419998,38.41,37.209999,37.549999,25892278,1041389120.0
2021-03-16,37.540001,37.810001,36.669998,37.439999,13811400,547719168.0
2021-03-17,37.200001,37.599998,36.82,37.5,10700480,425152224.0
2021-03-18,37.709999,38.220001,37.540001,37.790001,16988580,683700288.0
2021-03-19,37.279999,37.68,36.919998,37.259998,13134968,521012320.0
2021-03-22,37.259998,37.52,36.93,37.52,12455100,494389088.0
2021-03-23,37.700001,38.259998,37.360001,37.580002,17946516,720688320.0
2021-03-24,37.310001,37.330002,34.279999,35.27,36416076,1384648192.0
2021-03-25,34.610001,36.57,34.369999,36.290001,23622222,901522816.0
2021-03-26,36.41,36.990002,35.93,36.77,16965988,661216448.0
2021-03-29,36.610001,37.09,36.5,36.73,11544009,452090656.0
2021-03-30,36.68,37.759998,36.400002,36.82,20543512,812897152.0
2021-03-31,37.080002,37.880001,36.689999,37.400002,17929566,712215296.0
2021-04-01,37.639999,37.91,37.400002,37.759998,13378207,536423776.0
2021-04-02,38.110001,38.990002,37.889999,38.32,18035612,737717568.0
2021-04-06,38.470001,38.799999,37.759998,38.060001,12059172,487384032.0
2021-04-07,37.650002,37.889999,37.34,37.82,12338452,494007456.0
2021-04-08,37.66,40.150002,37.529999,39.66,40133852,1676112000.0
2021-04-09,39.66,39.709999,38.310001,38.380001,24185948,995822080.0
2021-04-12,38.419998,40.040001,38.009998,39.07,30096228,1257514752.0
2021-04-13,38.860001,39.560001,38.68,38.900002,16311283,675725824.0
2021-04-14,38.810001,39.330002,37.810001,38.52,17180268,704134208.0
2021-04-15,38.41,38.830002,37.790001,38.220001,12469579,506713248.0
2021-04-16,38.419998,40.860001,38.369999,40.540001,48652220,2067265536.0
2021-04-19,41.110001,44.16,40.91,43.060001,57650788,2623890432.0
2021-04-20,42.919998,42.959999,41.73,42.09,29912144,1332853888.0
2021-04-21,41.720001,43.970001,41.709999,43.599998,38956132,1768089984.0
2021-04-22,43.91,45.380001,43.84,43.869999,51400960,2419811072.0
2021-04-23,43.869999,47.040001,43.869999,45.900002,57692528,2778268416.0
2021-04-26,47.41,48.490002,46.610001,47.09,58004364,2889895936.0
2021-04-27,46.970001,47.779999,45.119999,46.290001,40364264,1966979712.0
2021-04-28,46.419998,51.16,46.419998,51.16,105249600,5498734592.0
2021-04-29,50.939999,53.110001,50.130001,52.369999,93744424,5078018048.0
2021-04-30,53.150002,57.849998,52.709999,57.849998,107769808,6335682560.0
2021-05-06,53.119999,55.439999,51.830002,51.830002,162083840,8920898560.0
2021-05-07,52.939999,53.099998,50.209999,52.259998,105566352,5756738560.0
2021-05-10,57.73,57.73,57.73,57.73,18399148,1106156800.0
2021-05-11,61.610001,62.740002,57.82,60.75,133417112,8404229632.0
2021-05-12,60.16,62.57,57.939999,60.82,89653952,5617761280.0
2021-05-13,59.16,66.059998,58.27,64.120003,97087768,6320550400.0
2021-05-14,64.110001,70.769997,62.84,67.910004,146692960,10362704896.0
2021-05-17,70.099998,70.099998,64.949997,67.32,109459368,7605548032.0
2021-05-18,66.489998,66.589996,60.490002,61.509998,119061152,7750130176.0
2021-05-19,61.110001,63.669998,59.130001,62.610001,96766456,6160012800.0
2021-05-20,61.110001,62.709999,59.73,60.759998,64674356,4113027072.0
2021-05-21,61.900002,63.23,60.330002,61.110001,62679708,4024549632.0
2021-05-24,61.259998,61.560001,57.380001,60.25,65697792,4041036032.0
2021-05-25,62.66,63.490002,61.130001,61.91,73918912,4785071104.0
2021-05-26,60.41,68.110001,59.91,67.059998,120529712,8116935168.0
2021-05-27,65.510002,66.620003,64.410004,65.099998,57810104,3924945408.0
2021-05-28,64.699997,68.480003,63.919998,66.360001,71445248,4916196352.0
2021-05-31,67.610001,69.410004,66.440002,67.010002,61516944,4323494912.0
2021-06-01,67.389999,67.410004,65.269997,65.739998,45327028,3096943872.0
2021-06-02,65.75,66.75,63.779999,65.029999,55879844,3760900352.0
2021-06-03,65.010002,66.07,62.599998,62.610001,48281252,3224023296.0
2021-06-04,61.610001,63.099998,59.73,62.099998,46935340,2993198080.0
2021-06-07,62.09,63.02,60.709999,62.310001,30711658,1982538496.0
2021-06-08,61.73,65.5,61.66,63.509998,49537660,3290379520.0
2021-06-09,63.139999,63.139999,60.529999,60.700001,50563424,3218193920.0
2021-06-10,61.580002,64.610001,60.98,63.209999,55430048,3623263744.0
2021-06-11,63.16,66.110001,61.759998,65.489998,57784620,3869257216.0
2021-06-15,64.110001,65.309998,60.07,60.970001,68214912,4417670144.0
2021-06-16,60.310001,61.790001,58.709999,58.759998,41883600,2607878400.0
2021-06-17,58.810001,60.849998,58.200001,59.860001,29130428,1804972160.0
2021-06-18,60.110001,61.18,59.130001,60.310001,26854060,1682602112.0
2021-06-21,59.73,61.490002,59.310001,60.610001,28941204,1818495744.0
2021-06-22,60.810001,65.870003,60.009998,64.839996,69604176,4584687616.0
2021-06-23,65.220001,68.459999,64.209999,66.019997,65853708,4552415232.0
2021-06-24,66.610001,66.860001,64.300003,65.82,28982908,1967049600.0
2021-06-25,66.610001,66.739998,63.240002,64.620003,45003316,3010894080.0
2021-06-28,65.160004,71.32,65.110001,71.32,87742296,6289465344.0
2021-06-29,71.389999,71.389999,69.129997,69.690002,51019312,3690894080.0
2021-06-30,69.459999,72.0,69.209999,69.739998,41785968,3034766848.0
2021-07-01,69.730003,73.110001,69.690002,71.610001,56364392,4188759808.0
2021-07-02,70.660004,73.269997,69.129997,69.610001,52984144,3874859008.0
2021-07-05,70.410004,72.470001,68.089996,70.099998,49603672,3595522560.0
2021-07-06,69.410004,69.410004,62.849998,63.110001,92142320,6164036096.0
2021-07-07,61.700001,63.560001,60.41,62.509998,43980864,2847700992.0
2021-07-08,62.110001,62.41,59.73,60.41,53820388,3393155072.0
2021-07-09,61.450001,61.580002,59.52,61.209999,35880576,2266127616.0
2021-07-12,63.299999,63.889999,61.389999,62.810001,45481184,2970776832.0
2021-07-13,62.889999,63.110001,60.91,62.139999,27789652,1786472960.0
2021-07-14,61.41,63.610001,61.360001,62.439999,31424008,2045068160.0
2021-07-15,64.110001,67.410004,63.689999,66.68,69047944,4713046016.0
2021-07-16,67.760002,72.760002,66.110001,71.349998,76210160,5521185280.0
2021-07-19,72.040001,73.839996,70.660004,72.790001,55496232,4144379136.0
2021-07-20,74.540001,75.779999,72.540001,73.260002,53850508,4081502208.0
2021-07-21,73.269997,80.779999,72.849998,80.040001,94662744,7532600320.0
2021-07-22,79.220001,79.940002,74.849998,75.839996,72156112,5682955776.0
2021-07-23,77.239998,79.029999,74.989998,75.839996,48134952,3789819904.0
2021-07-26,76.029999,76.029999,68.059998,69.040001,82232480,5961430016.0
2021-07-27,69.300003,70.790001,66.779999,66.839996,51179728,3623134720.0
2021-07-28,65.440002,69.199997,63.139999,68.389999,57636236,3952864000.0
2021-07-29,71.489998,73.639999,70.080002,72.790001,60701532,4508460032.0
2021-07-30,72.760002,80.099998,70.739998,79.919998,85224424,6670541824.0
2021-08-02,82.050003,82.82,77.040001,80.43,74300672,6095692288.0
2021-08-03,78.040001,86.919998,77.559998,84.75,84623544,7245794816.0
2021-08-04,84.459999,86.839996,83.519997,85.440002,72426016,6308423680.0
2021-08-05,88.040001,89.730003,84.839996,85.309998,60219392,5348193280.0
2021-08-06,82.040001,82.040001,76.580002,77.870003,103118528,8246148608.0
2021-08-09,74.839996,75.43,72.059998,74.339996,75302752,5687220224.0
2021-08-10,76.040001,77.199997,73.839996,75.120003,50441152,3913538560.0
2021-08-11,74.779999,74.779999,70.239998,70.5,73521752,5385403904.0
2021-08-12,68.25,73.099998,67.550003,72.940002,70413856,5102062592.0
2021-08-13,71.839996,72.260002,69.089996,69.790001,51747680,3739643136.0
2021-08-16,68.959999,70.339996,68.040001,68.260002,38502528,2728938752.0
2021-08-17,67.400002,68.940002,64.110001,64.239998,59871228,4063218176.0
2021-08-18,65.540001,66.339996,64.599998,65.019997,31009760,2085385344.0
2021-08-19,64.93,67.139999,64.059998,65.540001,34296192,2323309312.0
2021-08-20,64.540001,64.540001,60.23,61.470001,63910440,4084020480.0
2021-08-23,62.119999,66.489998,61.040001,66.480003,57306824,3793916672.0
2021-08-24,67.480003,68.93,65.849998,65.919998,47294464,3277164800.0
2021-08-25,66.239998,69.779999,65.339996,68.300003,46977932,3278805760.0
2021-08-26,66.900002,67.239998,64.040001,64.160004,41876832,2824058368.0
2021-08-27,64.040001,65.57,63.119999,64.989998,31943724,2119598976.0
2021-08-30,63.91,64.279999,61.759998,62.720001,33911644,2197923328.0
2021-08-31,61.950001,62.740002,60.77,61.34,31546164,2000113280.0
2021-09-01,61.470001,63.040001,60.049999,61.700001,36756384,2338286592.0
2021-09-02,62.599998,62.900002,60.07,60.23,30632686,1926645760.0
2021-09-03,59.939999,61.34,58.669998,60.639999,27831230,1733298944.0
2021-09-06,60.240002,63.540001,59.57,62.68,38093680,2447934976.0
2021-09-07,62.43,62.48,60.740002,61.84,31161676,1978614144.0
2021-09-08,61.939999,63.209999,61.68,62.23,28250504,1816903424.0
2021-09-09,61.939999,62.630001,60.259998,60.59,27332380,1722702464.0
2021-09-10,60.41,61.040001,59.889999,60.73,21186244,1322868480.0
2021-09-13,61.540001,63.099998,61.290001,61.779999,30961292,1982242816.0
2021-09-14,61.07,62.419998,60.810001,61.049999,22950902,1456579200.0
2021-09-15,61.049999,61.049999,56.439999,57.400002,55217800,3310906880.0
2021-09-16,57.32,57.32,55.470001,55.549999,35264944,2051361792.0
2021-09-17,55.73,57.459999,54.68,56.740002,33435364,1945421696.0
2021-09-22,54.939999,56.68,54.810001,55.07,26105280,1494584448.0
2021-09-23,54.82,55.990002,54.740002,55.049999,22482924,1288515328.0
2021-09-24,55.139999,55.889999,54.689999,55.360001,22708404,1301477760.0
2021-09-27,55.049999,57.41,54.369999,57.389999,42759140,2493398272.0
2021-09-28,56.41,56.439999,54.900002,54.939999,28730604,1650924032.0
2021-09-29,54.09,54.130001,49.759998,50.09,54048224,2876570624.0
2021-09-30,50.09,51.27,50.060001,50.34,31594822,1659677568.0
2021-10-08,48.049999,50.259998,47.09,49.540001,42648832,2182824704.0
2021-10-11,49.439999,50.509998,49.139999,49.650002,24203870,1253799168.0
2021-10-12,49.650002,49.93,48.040001,48.639999,20678590,1048968576.0
2021-10-13,48.639999,49.040001,47.48,49.009998,19765208,994665984.0
2021-10-14,49.040001,49.389999,48.34,48.84,13902404,706650624.0
2021-10-15,48.84,49.419998,48.09,48.470001,19346960,976570752.0
2021-10-18,48.630001,48.700001,47.73,48.34,19313420,967948416.0
2021-10-19,48.57,50.59,48.57,49.919998,39833600,2061948544.0
2021-10-20,49.990002,51.34,49.139999,50.330002,30333668,1581150976.0
2021-10-21,50.73,50.73,48.790001,48.880001,25662040,1319434368.0
2021-10-22,49.09,50.639999,48.959999,49.970001,26340164,1368152832.0
2021-10-25,50.34,50.490002,48.880001,49.330002,20769282,1066066688.0
2021-10-26,49.34,49.98,48.84,48.950001,17154446,878417664.0
2021-10-27,49.34,49.43,47.48,47.77,23944836,1200108800.0
2021-10-28,47.669998,48.290001,47.349998,47.759998,18005608,896071872.0
2021-10-29,47.540001,48.200001,45.580002,48.040001,24972832,1228650368.0
2021-11-01,47.84,48.369999,47.73,48.07,18592020,929370944.0
2021-11-02,47.939999,47.98,45.540001,45.630001,35070024,1699773696.0
2021-11-03,45.84,49.580002,45.84,48.029999,50405236,2520407296.0
2021-11-04,47.799999,47.98,46.790001,47.740002,29991870,1478362624.0
2021-11-05,47.040001,49.52,46.77,47.939999,35520352,1787433600.0
2021-11-08,46.799999,46.810001,44.720001,45.939999,47095068,2229494016.0
2021-11-09,45.849998,47.639999,45.740002,46.490002,24523220,1195208704.0
2021-11-10,46.830002,49.48,45.68,48.970001,58671472,2932108288.0
2021-11-11,48.540001,48.540001,47.540001,47.98,35086060,1749114496.0
2021-11-12,48.07,48.470001,47.560001,47.970001,21997880,1100471680.0
2021-11-15,47.860001,50.02,47.599998,49.939999,50096376,2570205952.0
2021-11-16,50.18,52.759998,49.810001,52.68,69921528,3745647104.0
2021-11-17,52.669998,52.669998,51.110001,52.27,39853228,2147467008.0
2021-11-18,51.939999,53.619999,51.259998,52.380001,36703616,1988849664.0
2021-11-19,52.380001,53.52,51.939999,52.189999,30372344,1657835136.0
2021-11-22,51.639999,51.639999,49.84,50.439999,39985624,2095898368.0
2021-11-23,50.59,51.119999,50.040001,50.720001,24377104,1280625664.0
2021-11-24,50.299999,50.91,49.830002,50.189999,23614594,1234929408.0
2021-11-25,50.34,51.490002,49.849998,50.84,29014970,1526801664.0
2021-11-26,51.029999,51.419998,50.34,50.84,25964272,1372281472.0
2021-11-29,53.540001,54.939999,52.259998,53.139999,70724544,3912137728.0
2021-11-30,52.959999,54.080002,51.639999,54.040001,56847772,3109071616.0
2021-12-01,53.040001,53.349998,52.389999,52.41,33447760,1831141376.0
2021-12-02,51.939999,52.830002,51.040001,51.040001,29004334,1557004800.0
2021-12-03,50.639999,51.34,50.619999,51.110001,18804046,995919808.0
2021-12-06,50.75,50.919998,49.220001,49.259998,27234188,1414004096.0
2021-12-07,48.73,49.720001,48.639999,49.369999,18287442,936874048.0
2021-12-08,49.5,50.119999,49.380001,49.84,15219628,788345088.0
2021-12-09,49.860001,50.939999,49.860001,50.790001,24924464,1310319872.0
2021-12-10,50.790001,51.040001,49.919998,49.990002,21372860,1115863808.0
2021-12-13,50.029999,50.619999,49.630001,49.82,22769640,1182228096.0
2021-12-14,50.02,51.529999,50.02,50.740002,30720632,1622229248.0
2021-12-15,50.48,50.700001,49.060001,49.119999,28110842,1459087872.0
2021-12-16,48.84,49.419998,48.540001,49.18,17758096,905527232.0
2021-12-17,49.029999,49.32,48.009998,48.009998,24488474,1232594048.0
2021-12-20,47.75,48.639999,47.540001,47.779999,15663439,785499840.0
2021-12-21,47.630001,48.25,47.610001,47.990002,11469034,572533056.0
2021-12-22,48.029999,48.240002,46.860001,47.049999,20081040,991128704.0
2021-12-23,47.040001,47.419998,46.360001,47.07,16638713,812168384.0
2021-12-24,47.040001,48.419998,46.860001,47.990002,27158708,1351754112.0
2021-12-27,47.970001,48.34,47.540001,48.189999,14467712,723337216.0
2021-12-28,48.080002,48.310001,47.34,47.759998,15770701,782576448.0
2021-12-29,47.439999,47.950001,46.84,46.93,19453936,957602880.0
2021-12-30,46.830002,47.189999,46.540001,46.919998,15243165,744348416.0
2021-12-31,47.119999,47.540001,46.93,46.98,19353288,950700416.0
2022-01-04,46.560001,46.959999,46.139999,46.27,23356660,1129111168.0
2022-01-05,46.290001,46.470001,45.07,45.450001,21966136,1043238656.0
2022-01-06,45.07,45.82,44.91,45.639999,20279530,959611008.0
2022-01-07,45.650002,46.389999,45.369999,45.57,21485654,1027058304.0
2022-01-10,46.16,47.240002,46.139999,46.990002,31358716,1529971840.0
2022-01-11,47.220001,47.41,46.68,46.990002,23227950,1138382464.0
2022-01-12,46.830002,47.389999,46.349998,47.02,20462412,998107264.0
2022-01-13,46.889999,47.18,45.639999,45.73,20824156,1004567296.0
2022-01-14,45.540001,48.900002,45.040001,48.209999,50718556,2491588352.0
2022-01-17,48.209999,48.52,47.43,47.73,28843094,1437806208.0
2022-01-18,47.52,47.52,45.939999,47.07,31379528,1521049984.0
2022-01-19,46.48,46.84,45.990002,46.060001,15119156,729972800.0
2022-01-20,46.060001,47.02,46.009998,46.560001,17943120,869243328.0
2022-01-21,51.41,51.41,48.77,49.459999,119460496,6276284928.0
2022-01-24,47.169998,47.43,45.470001,45.720001,61378400,2947212032.0
2022-01-25,45.09,45.419998,43.009998,43.040001,43186964,1987970432.0
2022-01-26,43.029999,43.439999,41.720001,41.990002,24358384,1078248192.0
2022-01-27,41.990002,42.959999,41.439999,41.450001,21540450,947562752.0
2022-01-28,41.57,42.029999,40.360001,40.57,19518620,840422464.0
2022-02-07,41.139999,41.25,40.599998,41.110001,12872710,553289920.0
2022-02-08,41.130001,41.849998,40.77,41.549999,14874957,643830272.0
2022-02-09,41.34,41.830002,41.23,41.779999,15197632,661064704.0
2022-02-10,41.639999,42.02,41.25,41.349998,13969712,607719680.0
2022-02-11,41.240002,41.240002,39.52,39.619999,26758572,1126897792.0
2022-02-14,39.66,40.439999,39.459999,39.619999,15932168,666987072.0
2022-02-15,39.619999,40.490002,38.810001,40.310001,19019268,798659520.0
2022-02-16,40.330002,40.43,39.939999,40.080002,15501094,652325248.0
2022-02-17,40.02,40.290001,39.790001,39.939999,12561798,527511264.0
2022-02-18,39.889999,41.93,39.299999,41.189999,36620324,1561504256.0
2022-02-21,41.189999,41.189999,40.560001,40.959999,18507522,792390656.0
2022-02-22,40.540001,40.540001,39.619999,39.790001,18843252,789109696.0
2022-02-23,39.880001,40.619999,39.880001,40.240002,17434080,736405504.0
2022-02-24,40.040001,40.66,38.82,39.150002,28662242,1191908992.0
2022-02-25,39.220001,40.66,39.18,40.139999,27031668,1136923392.0
2022-02-28,40.029999,40.639999,39.720001,40.439999,17577748,741681344.0
2022-03-01,40.540001,40.689999,40.09,40.41,12608315,533381792.0
2022-03-02,40.41,40.830002,39.759998,40.779999,19111392,808992896.0
2022-03-03,40.84,41.740002,40.439999,41.220001,29672432,1277336192.0
2022-03-04,40.939999,43.540001,40.84,42.77,52015572,2315755008.0
2022-03-07,42.779999,42.790001,40.720001,40.91,32564884,1407429120.0
2022-03-08,40.439999,40.439999,37.639999,38.23,36576244,1494270208.0
2022-03-09,38.139999,38.439999,35.220001,36.490002,30272652,1176561664.0
2022-03-10,37.27,38.84,37.07,38.299999,26301436,1047904192.0
2022-03-11,37.650002,40.939999,37.360001,40.830002,46114024,1909095936.0
2022-03-14,42.130001,45.110001,41.360001,44.740002,110994680,5135287296.0
2022-03-15,43.400002,44.139999,41.130001,41.130001,67990616,3046863360.0
2022-03-16,42.439999,44.540001,40.400002,43.84,69519344,3095181312.0
2022-03-17,43.84,48.419998,43.040001,47.259998,131226464,6384909824.0
2022-03-18,47.040001,51.27,45.869999,48.509998,114042592,5779744256.0
2022-03-21,48.720001,53.560001,46.970001,53.560001,117826424,6073444864.0
2022-03-22,53.59,56.990002,51.740002,52.25,157348816,8843707392.0
2022-03-23,51.049999,52.18,48.34,48.580002,115922240,6010169856.0
2022-03-24,48.040001,52.59,47.630001,51.23,112237528,5884527104.0
2022-03-25,50.540001,50.98,48.400002,48.639999,69954936,3604542208.0
2022-03-28,48.540001,49.84,47.689999,48.18,51855904,2623746304.0
2022-03-29,48.490002,52.91,47.419998,52.07,107188304,5634070528.0
2022-03-30,52.040001,55.439999,50.849998,53.209999,108219064,5981041664.0
2022-03-31,52.419998,55.369999,51.220001,51.369999,115221304,6341990400.0
2022-04-01,49.889999,54.900002,49.889999,53.209999,99000016,5390868480.0
2022-04-06,54.34,55.220001,52.450001,53.099998,88523456,4928701952.0
2022-04-07,52.540001,52.540001,48.939999,49.889999,75219360,3947522816.0
2022-04-08,49.740002,50.23,48.169998,49.029999,43623636,2231962624.0
2022-04-11,48.25,49.700001,45.73,46.130001,67699632,3334779392.0
2022-04-12,46.139999,47.169998,45.59,46.330002,41499920,2004270976.0
2022-04-13,46.209999,46.209999,43.16,43.189999,55833204,2566006528.0
2022-04-14,44.040001,45.779999,43.790001,44.439999,52394224,2446636032.0
2022-04-15,44.450001,46.299999,44.040001,45.330002,46591136,2208931584.0
2022-04-18,44.59,44.84,43.32,44.150002,32904892,1514770048.0
2022-04-19,43.990002,44.419998,42.549999,42.900002,34543440,1559507328.0
2022-04-20,43.130001,43.330002,41.509998,41.700001,28696678,1269112448.0
2022-04-21,41.540001,41.98,39.740002,39.939999,37660616,1604614656.0
2022-04-22,39.919998,39.93,38.75,38.75,27370016,1124863872.0
2022-04-25,39.580002,40.810001,37.540001,38.889999,54419988,2232833024.0
2022-04-26,38.900002,42.98,37.540001,42.98,91052784,3877934080.0
2022-04-27,39.369999,41.439999,39.34,40.41,69422536,2931030784.0
2022-04-28,40.18,41.540001,39.32,40.560001,43735528,1856729984.0
2022-04-29,40.52,41.779999,39.540001,41.02,42932032,1829728768.0
2022-05-05,39.73,42.09,38.889999,41.580002,53359712,2260283904.0
2022-05-06,39.84,41.09,39.639999,40.860001,33777124,1431147648.0
2022-05-09,40.040001,41.82,39.93,41.240002,30159436,1301956736.0
2022-05-10,40.529999,40.93,39.740002,39.93,38789960,1635104000.0
2022-05-11,41.310001,44.119999,41.310001,43.84,102151800,4661440000.0
2022-05-12,42.639999,44.189999,42.34,43.080002,65863472,2965734656.0
2022-05-13,44.040001,44.040001,42.220001,43.299999,38571212,1741841024.0
2022-05-16,43.240002,43.5,42.040001,42.310001,25962614,1159052032.0
2022-05-17,42.060001,42.299999,40.639999,41.509998,26580758,1149188992.0
2022-05-18,41.700001,42.419998,41.439999,42.41,23661700,1038409664.0
2022-05-19,41.639999,41.939999,41.049999,41.740002,20462528,889871104.0
2022-05-20,42.43,42.849998,41.990002,42.450001,25712616,1140198784.0
2022-05-23,42.549999,43.59,42.540001,43.060001,25469464,1148456192.0
2022-05-24,43.07,43.189999,41.200001,41.220001,25961008,1144684672.0
2022-05-25,41.139999,41.740002,40.34,41.040001,24648324,1056390592.0
2022-05-26,41.220001,41.290001,40.099998,40.950001,18225266,777792896.0
2022-05-27,40.950001,41.529999,40.619999,40.759998,19699908,848696768.0
2022-05-30,41.040001,42.610001,40.439999,42.259998,31771668,1385798912.0
2022-05-31,41.869999,42.040001,41.380001,41.84,22907244,1001398528.0
2022-06-01,41.84,42.240002,40.939999,41.150002,18443100,800667456.0
2022-06-02,41.330002,41.330002,40.400002,40.619999,17959984,765380736.0
2022-06-06,40.540001,40.830002,39.919998,40.759998,27687098,1173759744.0
2022-06-07,40.810001,41.689999,40.619999,41.529999,29616450,1282560512.0
2022-06-08,41.619999,42.32,41.139999,41.439999,30391780,1326495104.0
2022-06-09,41.439999,41.740002,40.27,40.290001,25698184,1096015360.0
2022-06-10,39.82,40.880001,39.790001,40.790001,19501160,827786624.0
2022-06-13,40.549999,41.200001,40.34,40.84,17910978,764950208.0
2022-06-14,40.540001,40.84,39.419998,40.77,21773994,916771520.0
2022-06-15,40.689999,41.540001,40.639999,41.029999,26636108,1150521216.0
2022-06-16,41.150002,41.66,40.880001,41.09,20877930,890833152.0
2022-06-17,40.599998,42.09,40.400002,42.02,34894128,1490335744.0
2022-06-20,41.599998,42.580002,41.5,42.040001,33081340,1435688320.0
2022-06-21,41.970001,42.900002,41.610001,42.639999,33853404,1480849536.0
2022-06-22,42.900002,44.599998,42.189999,43.200001,50923792,2288031232.0
2022-06-23,42.799999,43.099998,41.599998,42.240002,34723676,1511206400.0
2022-06-24,42.080002,42.560001,41.610001,41.799999,31515216,1367576960.0
2022-06-27,41.599998,42.490002,41.509998,41.919998,41846088,1815966848.0
2022-06-28,41.950001,41.990002,41.0,41.290001,37282360,1588644608.0
2022-06-29,41.049999,41.700001,40.84,40.900002,30075874,1284481280.0
2022-06-30,40.93,43.700001,40.810001,42.689999,68132256,2997563904.0
2022-07-01,42.689999,45.27,42.599998,44.599998,76359144,3490940416.0
2022-07-04,45.619999,47.279999,45.619999,46.84,64827276,3112371456.0
2022-07-05,46.720001,47.290001,45.84,46.330002,43646744,2086573312.0
2022-07-06,46.689999,47.459999,46.080002,46.880001,42850172,2061384064.0
2022-07-07,47.279999,47.419998,45.299999,46.419998,35824408,1702181120.0
2022-07-08,47.029999,49.740002,47.029999,49.209999,67725416,3385370368.0
2022-07-11,49.599998,49.849998,47.799999,48.669998,45385096,2271421952.0
2022-07-12,48.599998,48.599998,45.389999,45.419998,49186636,2358652416.0
2022-07-13,45.610001,46.52,44.700001,45.599998,30682940,1437870336.0
2022-07-14,45.75,48.68,45.75,48.139999,53903616,2654673152.0
2022-07-15,47.990002,47.990002,45.299999,45.599998,54964436,2632993792.0
2022-07-18,46.459999,48.610001,46.200001,48.599998,58228368,2849148928.0
2022-07-19,47.599998,48.18,46.610001,47.48,39927344,1946041856.0
2022-07-20,47.470001,47.799999,46.82,47.470001,24449980,1192018432.0
2022-07-21,47.509998,48.549999,47.23,47.25,23277218,1144366080.0
2022-07-22,46.98,47.439999,46.43,46.669998,24490820,1180879744.0
2022-07-25,46.5,47.860001,46.25,47.540001,23087784,1120430976.0
2022-07-26,51.48,51.490002,45.599998,46.02,93036680,4599614464.0
2022-07-27,46.02,46.799999,44.889999,45.970001,44758104,2109651712.0
2022-07-28,45.799999,45.810001,44.790001,44.790001,34304680,1598605696.0
2022-07-29,44.790001,44.790001,42.150002,42.5,50805360,2265271808.0
2022-08-01,42.34,42.779999,41.48,42.630001,20631230,902762368.0
2022-08-02,42.09,42.09,40.290001,40.599998,36934560,1559657728.0
2022-08-03,40.75,41.549999,40.48,40.75,27895964,1179196160.0
2022-08-04,41.099998,41.740002,40.810001,41.450001,20798962,889054784.0
2022-08-05,41.75,41.98,41.419998,41.950001,18194286,784847808.0
2022-08-08,43.130001,43.560001,42.23,42.279999,34336556,1519358976.0
2022-08-09,41.799999,41.799999,41.040001,41.200001,26094716,1114050048.0
2022-08-10,41.599998,41.869999,40.810001,41.080002,20237460,863391680.0
2022-08-11,41.220001,41.549999,40.93,41.540001,19647320,839530048.0
2022-08-12,42.5,42.939999,41.799999,42.509998,33180094,1455206016.0
2022-08-15,42.599998,42.720001,41.779999,41.970001,20649788,898204800.0
2022-08-16,42.07,42.130001,41.619999,41.700001,15077455,650509440.0
2022-08-17,41.549999,41.880001,41.110001,41.779999,15534418,667038784.0
2022-08-18,41.509998,41.580002,41.200001,41.380001,14617385,625098368.0
2022-08-19,41.450001,41.59,41.18,41.220001,13639579,583559872.0
2022-08-22,41.080002,41.080002,40.380001,41.040001,15537094,654724096.0
2022-08-23,41.02,41.080002,40.080002,40.099998,23815294,995281216.0
2022-08-24,40.18,40.349998,39.290001,39.310001,18128120,745429440.0
2022-08-25,39.34,39.490002,38.459999,39.299999,18312240,738833600.0
2022-08-26,39.299999,39.849998,39.209999,39.529999,12939148,530397888.0
2022-08-29,38.689999,39.299999,38.450001,39.209999,11644184,469357920.0
2022-08-30,39.290001,39.450001,38.599998,38.68,15130652,608595968.0
2022-08-31,38.68,39.23,38.189999,38.959999,18127962,727317056.0
2022-09-01,38.68,39.93,38.48,39.5,18214360,742309824.0
2022-09-02,39.400002,39.57,38.73,38.810001,15692591,634917376.0
2022-09-05,35.599998,36.5,34.790001,34.790001,55384240,2029088128.0
2022-09-06,34.459999,34.470001,33.349998,34.02,37327204,1314904064.0
2022-09-07,33.93,34.32,33.75,34.150002,20788280,738171072.0
2022-09-08,34.07,34.080002,32.560001,32.560001,42132996,1450484480.0
2022-09-09,32.630001,33.75,32.630001,33.599998,33018536,1147520128.0
2022-09-13,33.200001,33.73,32.970001,33.040001,28153632,976275840.0
2022-09-14,31.6,32.59,29.6,32.360001,33929308,1126681856.0
2022-09-15,32.209999,32.860001,31.290001,31.639999,29798520,992514432.0
2022-09-16,31.799999,32.049999,30.75,30.77,20503862,672472384.0
2022-09-19,31.0,31.190001,30.48,30.790001,15250031,491016064.0
2022-09-20,30.77,31.040001,30.549999,30.870001,14172354,456337440.0
2022-09-21,30.809999,30.82,30.07,30.299999,16469337,522130240.0
2022-09-22,29.879999,30.17,29.450001,29.59,28481124,886825088.0
2022-09-23,29.530001,29.799999,28.809999,29.08,19336504,594010368.0
2022-09-26,28.719999,29.25,28.67,28.690001,17358496,526567648.0
2022-09-27,28.9,29.15,28.450001,29.049999,33333642,1009301248.0
2022-09-28,29.1,29.200001,28.16,28.16,33161332,995106304.0
2022-09-29,28.450001,28.99,28.040001,28.209999,31609370,946290112.0
2022-09-30,28.48,29.07,28.15,28.16,31039252,928348736.0
2022-10-10,28.120001,28.15,26.709999,26.790001,30177016,867988928.0
2022-10-11,27.15,27.190001,26.27,26.57,22515744,629155136.0
2022-10-12,26.559999,27.35,26.24,27.32,22681170,637628096.0
2022-10-13,27.299999,28.49,27.16,27.99,29055356,855321344.0
2022-10-14,28.059999,30.16,28.059999,29.75,50804940,1567800960.0
2022-10-17,29.6,30.290001,28.82,29.950001,35566964,1111184512.0
2022-10-18,30.040001,30.780001,29.59,30.290001,35947624,1137676032.0
2022-10-19,30.299999,30.34,29.450001,29.700001,26240708,819299456.0
2022-10-20,29.4,30.559999,29.299999,29.82,29231156,921029184.0
2022-10-21,29.959999,31.530001,29.959999,30.950001,50363112,1626935808.0
2022-10-24,31.200001,31.25,29.309999,29.389999,46144176,1447662592.0
2022-10-25,29.92,30.290001,29.370001,29.709999,28367766,884084992.0
2022-10-26,29.709999,30.92,29.709999,30.65,36733752,1175825024.0
2022-10-27,30.67,30.959999,29.940001,30.5,28943934,920474304.0
2022-10-28,30.049999,30.58,29.450001,29.51,22593686,708727808.0
2022-10-31,29.889999,32.130001,29.65,31.629999,61184104,2004894848.0
2022-11-01,31.75,33.400002,31.459999,32.990002,69611952,2353336320.0
2022-11-02,33.07,36.43,32.700001,34.57,127240728,4647764480.0
2022-11-03,33.48,34.040001,32.959999,33.48,61649620,2151019776.0
2022-11-04,33.450001,36.200001,33.419998,35.310001,73998080,2702977280.0
2022-11-07,36.0,36.02,33.990002,34.5,70911776,2544565504.0
2022-11-08,34.490002,34.490002,33.360001,33.57,36361508,1273016832.0
2022-11-09,33.599998,34.439999,33.419998,33.860001,28617096,1011280256.0
2022-11-10,33.380001,34.049999,33.240002,33.330002,24246524,847440192.0
2022-11-11,34.279999,35.18,32.98,33.310001,67780264,2409957120.0
2022-11-14,33.299999,34.150002,32.369999,33.849998,47116848,1651377792.0
2022-11-15,33.880001,34.119999,32.959999,34.02,45664700,1600262400.0
2022-11-16,34.209999,35.48,34.0,34.220001,55311228,1989422208.0
2022-11-17,33.599998,34.169998,33.52,34.07,26975604,951101568.0
2022-11-18,34.400002,37.599998,34.189999,37.040001,116120344,4351033856.0
2022-11-21,36.5,37.689999,36.009998,37.139999,77732600,2971234304.0
2022-11-22,36.599998,36.91,35.049999,35.220001,59423192,2214705664.0
2022-11-23,34.860001,35.150002,33.48,33.950001,45476400,1610195200.0
2022-11-24,34.02,34.66,34.02,34.66,28195944,1009094208.0
2022-11-25,34.310001,34.459999,33.389999,33.639999,26111808,918361024.0
2022-11-28,33.700001,34.48,33.48,34.080002,24463920,868423616.0
2022-11-29,34.150002,35.970001,34.099998,35.75,47552740,1743843584.0
2022-11-30,35.279999,35.880001,35.150002,35.700001,35746920,1318735744.0
2022-12-01,36.700001,36.91,34.599998,34.830002,47907104,1751700480.0
2022-12-02,34.700001,35.560001,34.630001,35.099998,23631186,861847296.0
2022-12-05,35.200001,35.580002,34.389999,35.029999,32334952,1177458176.0
2022-12-06,34.599998,34.799999,33.41,33.41,46652696,1649659520.0
2022-12-07,33.200001,33.950001,32.82,33.529999,28674966,999329664.0
2022-12-08,33.779999,36.049999,33.73,35.529999,82930632,3039717632.0
2022-12-09,35.580002,35.869999,34.950001,35.599998,48820592,1797993856.0
2022-12-12,35.700001,36.93,35.700001,36.09,54687800,2065783552.0
2022-12-13,36.66,36.959999,35.040001,35.970001,48254224,1799778816.0
2022-12-14,39.279999,39.279999,36.790001,37.209999,114306928,4513698304.0
2022-12-15,36.799999,37.330002,35.759998,35.91,55499088,2093863552.0
2022-12-16,35.66,39.040001,35.610001,38.639999,106866608,4209862656.0
2022-12-19,38.099998,38.189999,35.790001,35.799999,75996096,2878928896.0
2022-12-20,36.18,36.439999,34.48,35.380001,35788912,1314229632.0
2022-12-21,35.599998,36.150002,34.66,35.650002,29398198,1087876864.0
2022-12-22,35.75,35.919998,34.209999,34.299999,34611328,1254984320.0
2022-12-23,33.650002,36.48,33.650002,35.669998,43540516,1595360896.0
2022-12-26,35.669998,36.16,34.68,34.810001,30966780,1136400000.0
2022-12-27,34.889999,35.139999,33.099998,33.779999,38747008,1358592896.0
2022-12-28,33.650002,34.450001,33.619999,33.970001,23639112,838121088.0
2022-12-29,33.889999,34.75,33.5,34.25,22037624,785245824.0
2022-12-30,34.389999,34.549999,33.68,33.84,19104346,674772672.0
2023-01-03,33.869999,34.59,33.869999,34.169998,17250996,614737536.0
2023-01-04,34.349998,34.470001,34.0,34.27,18238548,649855424.0
2023-01-05,34.43,35.23,34.150002,35.110001,31138962,1127268352.0
2023-01-06,34.849998,34.889999,34.459999,34.700001,19651730,708459648.0
2023-01-09,35.349998,35.720001,34.73,34.77,25867056,944655616.0
2023-01-10,34.779999,34.91,34.049999,34.369999,18979030,678345280.0
2023-01-11,34.34,34.560001,33.919998,33.959999,18603716,662155584.0
2023-01-12,33.810001,34.060001,33.5,33.509998,17978152,630265792.0
2023-01-13,33.599998,34.580002,33.400002,34.52,25338120,900140352.0
2023-01-16,34.400002,35.779999,34.299999,35.490002,45616720,1678548608.0
2023-01-17,35.5,35.549999,34.799999,34.880001,21569952,785782208.0
2023-01-18,35.040001,35.200001,34.650002,35.029999,15263200,554961472.0
2023-01-19,35.060001,35.279999,34.720001,34.889999,20165908,732944000.0
2023-01-20,34.900002,35.099998,34.799999,34.91,18257536,663249920.0
2023-01-30,34.66,34.689999,32.990002,33.099998,78768256,2734710272.0
2023-01-31,33.150002,33.25,32.509998,32.619999,37404472,1274104192.0
2023-02-01,32.650002,32.849998,32.549999,32.830002,26771860,912742144.0
2023-02-02,32.860001,33.150002,32.639999,32.959999,22019712,757003968.0
2023-02-03,32.970001,33.049999,32.599998,32.77,19659604,671190976.0
2023-02-06,32.580002,32.650002,32.220001,32.25,22730412,766579776.0
2023-02-07,32.25,32.48,32.23,32.360001,16604582,559721600.0
2023-02-08,32.360001,32.450001,32.27,32.27,12669386,427440256.0
2023-02-09,32.080002,32.360001,32.0,32.330002,16256156,546584384.0
2023-02-10,32.400002,32.549999,32.200001,32.349998,15040620,507894880.0
2023-02-13,32.310001,32.52,32.259998,32.450001,14066790,475950688.0
2023-02-14,32.509998,32.75,32.32,32.740002,17310510,586914560.0
2023-02-15,32.75,32.779999,32.48,32.669998,13223402,449972512.0
2023-02-16,32.689999,33.009998,32.0,32.549999,27031810,922883840.0
2023-02-17,32.48,32.990002,32.27,32.66,20590872,701611008.0
2023-02-20,32.799999,32.950001,32.27,32.830002,18290000,620917440.0
2023-02-21,32.73,33.0,32.599998,32.810001,15682119,535675200.0
2023-02-22,32.68,32.959999,32.59,32.689999,12906307,440735392.0
2023-02-23,32.700001,32.790001,32.349998,32.400002,15695572,532444128.0
2023-02-24,32.279999,32.52,32.209999,32.279999,10253522,345829824.0
2023-02-27,32.27,32.41,31.83,31.85,13556801,453573280.0
2023-02-28,31.870001,32.400002,31.860001,32.299999,12563776,420420032.0
2023-03-01,32.32,32.75,32.200001,32.57,17489264,593532288.0
2023-03-02,32.580002,32.759998,32.349998,32.369999,10204410,346193280.0
2023-03-03,32.380001,32.599998,32.299999,32.470001,8448245,285963584.0
2023-03-06,32.490002,32.560001,32.189999,32.209999,12296221,414243520.0
2023-03-07,32.099998,32.32,31.76,31.76,13961330,466097824.0
2023-03-08,31.700001,31.700001,31.129999,31.35,13780453,451805824.0
2023-03-09,31.370001,31.58,31.219999,31.32,8743203,286748896.0
2023-03-10,31.09,31.23,30.639999,30.969999,12667001,409769056.0
2023-03-13,30.719999,31.049999,30.33,31.049999,14825044,475268640.0
2023-03-14,31.0,31.25,30.52,30.639999,12325476,397636480.0
2023-03-15,30.860001,31.33,30.85,30.950001,13187210,428538208.0
2023-03-16,30.74,31.129999,30.549999,30.620001,10602350,341317152.0
2023-03-17,30.76,30.91,30.35,30.48,13346284,427496736.0
2023-03-20,30.48,30.540001,29.91,30.030001,13948055,439721408.0
2023-03-21,30.059999,30.709999,30.059999,30.690001,13804597,440016384.0
2023-03-22,30.76,31.07,30.58,30.780001,11099936,357730720.0
2023-03-23,30.66,30.889999,30.57,30.719999,9582293,307373600.0
2023-03-24,30.9,31.139999,30.639999,30.76,10801747,348191968.0
2023-03-27,30.66,31.110001,30.5,30.9,12409260,400364384.0
2023-03-28,30.889999,31.49,30.83,30.98,13944993,452483072.0
2023-03-29,31.049999,31.1,30.530001,30.74,11252738,361999424.0
2023-03-30,30.9,30.940001,30.49,30.65,9729160,311466432.0
2023-03-31,30.73,31.15,30.66,30.99,13772296,445868096.0
2023-04-03,31.09,31.23,30.99,31.200001,13593399,442290560.0
2023-04-04,31.200001,32.200001,31.15,31.85,25520476,849007040.0
2023-04-06,31.85,32.279999,31.67,32.099998,18474764,618334336.0
2023-04-07,32.279999,32.860001,32.279999,32.639999,26042700,886769152.0
2023-04-10,32.66,32.900002,32.41,32.439999,17742240,602692928.0
2023-04-11,32.439999,32.779999,32.220001,32.439999,13242484,448079936.0
2023-04-12,32.580002,32.799999,32.310001,32.41,12701445,430795360.0
2023-04-13,32.110001,32.639999,31.93,32.470001,19790216,668872448.0
2023-04-14,32.389999,32.880001,32.349998,32.419998,18339656,622835392.0
2023-04-17,32.419998,32.650002,32.150002,32.560001,12649537,428328864.0
2023-04-18,32.52,32.599998,32.240002,32.380001,10636237,359185728.0
2023-04-19,32.380001,32.380001,31.790001,31.9,14367102,479021312.0
2023-04-20,31.91,32.060001,31.43,31.52,12608588,417180096.0
2023-04-21,31.6,31.870001,31.059999,31.08,15099877,497100000.0
2023-04-24,31.23,31.83,30.790001,30.889999,15843526,519097120.0
2023-04-25,30.950001,31.049999,29.33,29.700001,23486640,734437440.0
2023-04-26,29.57,30.370001,29.49,30.16,14704819,462047776.0
2023-04-27,30.290001,30.440001,30.0,30.32,11365978,359505056.0
2023-04-28,30.32,30.450001,29.84,30.299999,12586654,397011168.0
2023-05-04,30.610001,31.34,30.610001,31.23,20721548,672352832.0
2023-05-05,31.129999,31.18,30.43,30.52,14500023,464752224.0
2023-05-08,30.469999,30.74,30.120001,30.59,12739314,405028832.0
2023-05-09,30.68,30.690001,30.1,30.120001,13453096,426716992.0
2023-05-10,30.1,30.24,29.83,30.049999,10295732,323925824.0
2023-05-11,30.24,30.35,29.799999,29.82,11469427,360620416.0
2023-05-12,29.76,30.040001,29.58,29.6,10207607,318213856.0
2023-05-15,29.6,30.0,29.379999,30.0,10675905,331998240.0
2023-05-16,30.1,30.65,30.030001,30.43,16078260,510454912.0
2023-05-17,30.379999,30.379999,30.07,30.17,8137746,256786800.0
2023-05-18,30.200001,30.360001,29.75,29.84,9111789,285890880.0
2023-05-19,29.860001,30.09,29.700001,29.98,8050411,252619920.0
2023-05-22,29.889999,30.459999,29.809999,30.35,10260225,324913344.0
2023-05-23,30.360001,31.33,30.299999,30.98,25453580,826679872.0
2023-05-24,30.73,30.799999,30.26,30.32,13876141,442023456.0
2023-05-25,30.17,30.190001,29.690001,29.870001,12232771,382633856.0
2023-05-26,29.889999,30.35,29.76,30.17,10208154,321095488.0
2023-05-29,30.07,30.4,29.75,29.950001,11666161,366748736.0
2023-05-30,29.940001,30.280001,29.469999,29.790001,12138191,378617920.0
2023-05-31,29.75,30.08,29.6,29.780001,11905877,372459520.0
2023-06-01,29.75,29.9,29.120001,29.200001,14787416,455440864.0
2023-06-02,29.209999,29.450001,28.99,29.34,10629373,325687168.0
2023-06-05,29.34,29.48,28.98,29.1,11320603,345960608.0
2023-06-06,29.0,29.049999,28.459999,28.459999,14844775,446455168.0
2023-06-07,28.5,28.68,28.309999,28.43,7807068,233056544.0
2023-06-08,28.4,28.58,27.940001,28.48,12182890,361267232.0
2023-06-09,28.450001,28.959999,28.33,28.549999,11933284,358796992.0
2023-06-12,28.540001,28.66,28.049999,28.66,11903506,354032576.0
2023-06-13,28.66,28.77,28.5,28.690001,7690692,230915184.0
2023-06-14,28.75,28.98,28.629999,28.639999,9912328,299404416.0
2023-06-15,28.68,29.18,28.549999,29.18,12969977,393493568.0
2023-06-16,29.18,29.440001,29.120001,29.35,9891528,303800000.0
2023-06-19,29.52,30.6,29.43,29.85,22199312,698979264.0
2023-06-20,29.73,30.139999,29.6,29.67,11310083,353281760.0
2023-06-21,29.610001,29.780001,29.26,29.26,9270026,286505824.0
2023-06-26,29.02,29.450001,28.93,29.219999,10543856,322287680.0
2023-06-27,29.27,29.73,29.26,29.52,8138164,251866320.0
2023-06-28,29.629999,29.74,29.27,29.450001,6435931,198583360.0
2023-06-29,29.370001,29.58,29.27,29.27,6574168,202282560.0
2023-06-30,29.27,29.65,29.200001,29.5,8253157,255164320.0
2023-07-03,29.5,29.77,29.5,29.639999,8036212,249434368.0
2023-07-04,29.66,30.200001,29.379999,29.959999,13106197,409186912.0
2023-07-05,29.85,30.02,29.67,29.68,7732088,241178176.0
2023-07-06,29.68,29.68,29.309999,29.33,7211625,222468864.0
2023-07-07,29.309999,29.450001,29.219999,29.35,5549529,170558512.0
2023-07-10,29.450001,29.85,29.370001,29.48,7890692,244540000.0
2023-07-11,29.549999,29.65,29.389999,29.639999,5685876,175976416.0
2023-07-12,29.67,29.74,29.35,29.4,6204216,191989296.0
2023-07-13,29.440001,29.75,29.440001,29.65,8144299,252887680.0
2023-07-14,29.67,29.700001,29.4,29.49,6948701,214647056.0
2023-07-17,29.450001,29.450001,28.950001,29.040001,8623150,262975344.0
2023-07-18,29.0,29.190001,28.879999,29.049999,5872042,178674192.0
2023-07-19,29.0,29.34,28.92,29.16,5718601,174710032.0
2023-07-20,29.32,29.459999,29.059999,29.07,6025198,184808944.0
2023-07-21,29.07,29.620001,29.0,29.299999,10475922,322522592.0
2023-07-24,29.35,29.700001,29.280001,29.469999,8010573,247414704.0
2023-07-25,29.690001,29.74,29.469999,29.719999,11234282,348712064.0
2023-07-26,29.66,29.99,29.610001,29.91,11555955,361550368.0
2023-07-27,29.969999,29.98,29.73,29.790001,8770043,273775264.0
2023-07-28,29.709999,30.35,29.68,30.32,16174121,509746432.0
2023-07-31,30.4,30.68,30.049999,30.299999,18848760,599099520.0
2023-08-01,30.139999,30.5,30.0,30.129999,12289617,388547616.0
2023-08-02,29.959999,30.110001,29.5,29.549999,15283027,476030368.0
2023-08-03,29.6,30.290001,29.5,30.219999,16019180,502552192.0
2023-08-04,30.309999,30.41,29.93,30.040001,15267113,480922048.0
2023-08-07,29.9,29.9,28.290001,28.790001,32208708,971593280.0
2023-08-08,28.6,28.99,28.459999,28.700001,16650157,500822816.0
2023-08-09,28.82,29.209999,28.74,28.870001,16508812,493529664.0
2023-08-10,28.870001,29.02,28.67,28.83,11758227,350205056.0
2023-08-11,28.860001,29.1,28.639999,28.639999,13780165,411711936.0
2023-08-14,28.43,28.76,28.17,28.76,9995833,294933856.0
2023-08-15,28.75,28.76,28.17,28.370001,14236482,417192192.0
2023-08-16,28.299999,28.77,28.25,28.360001,9416421,278069344.0
2023-08-17,28.280001,28.42,28.08,28.33,9016780,263439936.0
2023-08-18,28.379999,28.379999,27.77,27.780001,11999023,348326112.0
2023-08-21,27.780001,27.780001,27.24,27.24,10587881,301900320.0
2023-08-22,27.27,27.540001,26.639999,27.18,15539113,434944704.0
2023-08-23,27.120001,27.120001,26.6,26.620001,9851400,274018560.0
2023-08-24,26.639999,27.059999,26.42,26.85,10400667,288760416.0
2023-08-25,26.75,27.110001,26.690001,26.83,9344458,260458912.0
2023-08-28,28.23,28.370001,27.190001,27.32,18080960,519620288.0
2023-08-29,27.32,27.93,27.27,27.93,13322091,382135392.0
2023-08-30,27.42,27.66,27.309999,27.52,15838201,450991840.0
2023-08-31,27.559999,27.559999,26.950001,26.950001,14345510,403080864.0
2023-09-01,26.950001,27.139999,26.93,27.030001,6762344,189393888.0
2023-09-04,27.219999,27.49,27.07,27.360001,9536671,269620384.0
2023-09-05,27.32,27.450001,27.120001,27.17,8330534,234941504.0
2023-09-06,27.120001,27.120001,26.85,27.02,8921977,249104592.0
2023-09-07,27.01,27.02,26.700001,26.719999,8026117,223023888.0
2023-09-08,26.629999,26.790001,26.540001,26.65,6159596,170155936.0
2023-09-11,26.700001,27.200001,26.690001,27.120001,12207680,342323936.0
2023-09-12,27.110001,27.389999,26.98,27.219999,9672108,272896128.0
2023-09-13,27.15,27.26,26.780001,27.01,8879763,248108336.0
2023-09-14,27.43,27.540001,27.1,27.18,9424944,266102592.0
2023-09-15,27.299999,27.51,27.040001,27.309999,12918133,365828224.0
2023-09-18,27.299999,27.65,27.26,27.620001,12667458,361225344.0
2023-09-19,27.6,27.76,27.4,27.5,8183448,233304016.0
2023-09-20,27.440001,27.49,27.16,27.26,6671494,188598176.0
2023-09-21,27.23,27.299999,26.91,26.940001,8461595,237111744.0
2023-09-22,26.84,27.51,26.74,27.49,10787941,304231168.0
2023-09-25,27.459999,27.709999,27.32,27.57,11323086,323337152.0
2023-09-26,27.610001,27.67,27.280001,27.290001,6854876,194593440.0
2023-09-27,27.32,27.76,27.309999,27.68,13007096,372064992.0
2023-09-28,27.790001,27.84,27.51,27.620001,9265309,265028144.0
2023-10-09,27.52,27.870001,27.190001,27.709999,11356614,324064224.0
2023-10-10,27.709999,27.780001,27.27,27.290001,9093009,258317184.0
2023-10-11,27.370001,28.08,27.35,27.77,17058948,491248544.0
2023-10-12,28.02,28.440001,27.879999,27.93,14181036,412052320.0
2023-10-13,27.85,28.41,27.67,28.32,19308676,564638848.0
2023-10-16,28.370001,28.5,27.73,27.82,15048359,436667744.0
2023-10-17,27.82,27.969999,27.43,27.67,9516699,272036512.0
2023-10-18,27.610001,27.610001,27.120001,27.200001,10367243,292807808.0
2023-10-19,27.1,27.200001,26.629999,26.68,11496208,320070176.0
2023-10-20,26.629999,26.639999,26.07,26.17,14010450,381103712.0
2023-10-23,26.02,26.16,25.700001,25.860001,9864546,264958624.0
2023-10-24,25.93,26.33,25.75,26.18,9187703,248566800.0
2023-10-25,26.35,26.620001,26.200001,26.24,9564494,261496688.0
2023-10-26,26.08,26.290001,25.969999,26.27,7000715,189707920.0
2023-10-27,26.18,27.25,26.02,27.1,17025406,472819808.0
2023-10-30,27.030001,28.040001,26.99,27.950001,22255946,640795648.0
2023-10-31,27.309999,27.57,27.23,27.459999,17075990,484496224.0
2023-11-01,27.42,27.42,26.82,27.24,13165923,370061696.0
2023-11-02,27.370001,27.690001,27.25,27.34,9878815,280565120.0
2023-11-03,27.35,27.59,27.34,27.41,9103761,258742464.0
2023-11-06,27.58,27.969999,27.58,27.84,13624036,392548096.0
2023-11-07,27.85,27.950001,27.700001,27.73,9697300,279287456.0
2023-11-08,27.719999,27.98,27.549999,27.74,10517575,302833984.0
2023-11-09,27.73,28.059999,27.48,27.540001,9694521,278234944.0
2023-11-10,27.42,27.620001,27.219999,27.4,8184878,232216544.0
2023-11-13,27.4,27.549999,27.030001,27.219999,9234212,259939776.0
2023-11-14,27.23,27.459999,27.08,27.209999,6949762,196086816.0
2023-11-15,27.42,27.5,27.219999,27.440001,9218574,260974816.0
2023-11-16,27.43,27.440001,27.040001,27.110001,8634761,243002496.0
2023-11-17,27.129999,27.23,26.879999,27.219999,8364537,234664768.0
2023-11-20,27.219999,27.41,27.219999,27.389999,6945720,196703776.0
2023-11-21,27.389999,27.700001,27.360001,27.42,10224828,291286848.0
2023-11-22,27.41,27.48,27.16,27.16,6678442,188721936.0
2023-11-23,27.17,27.610001,27.16,27.610001,10545639,299991392.0
2023-11-24,27.6,27.860001,27.379999,27.52,12781003,365511360.0
2023-11-27,27.299999,27.370001,26.68,26.74,16591914,461443968.0
2023-11-28,26.74,27.280001,26.42,27.209999,13442528,375795040.0
2023-11-29,27.1,27.209999,26.76,26.83,8443074,235549424.0
2023-11-30,26.83,26.969999,26.57,26.92,8014541,222737152.0
2023-12-01,26.92,27.1,26.66,27.0,9234654,257023200.0
2023-12-04,26.93,26.969999,26.43,26.43,11120825,306222464.0
2023-12-05,26.42,26.559999,26.1,26.120001,10656032,290190048.0
2023-12-06,26.15,26.35,25.93,26.15,9813602,265808608.0
2023-12-07,26.07,26.129999,25.879999,25.940001,10264592,276592832.0
2023-12-08,25.950001,26.219999,25.629999,26.219999,22801050,611574912.0
2023-12-11,25.92,25.92,25.290001,25.790001,19682172,521805376.0
2023-12-12,25.690001,25.799999,25.01,25.17,19962944,524792640.0
2023-12-13,25.129999,25.379999,25.0,25.0,14540033,380196864.0
2023-12-14,25.07,25.4,24.879999,24.889999,11366265,296139328.0
2023-12-15,24.940001,25.09,24.68,24.719999,10611667,273852832.0
2023-12-18,24.709999,24.709999,24.1,24.110001,13286760,336382976.0
2023-12-19,24.07,24.09,23.41,23.59,19399628,477796864.0
2023-12-20,23.620001,23.799999,23.299999,23.299999,12603862,308052992.0
2023-12-21,23.24,23.709999,23.18,23.690001,12392891,302765664.0
2023-12-22,23.57,23.639999,23.219999,23.33,11054894,269203680.0
2023-12-25,23.23,23.42,23.209999,23.4,5929042,144135424.0
2023-12-26,23.33,23.41,23.190001,23.27,5416990,131273000.0
2023-12-27,23.23,23.32,22.940001,23.23,7806663,188086432.0
2023-12-28,23.219999,24.1,23.15,23.959999,16132156,398201376.0
2023-12-29,23.91,24.219999,23.889999,24.049999,10584160,264895696.0
2024-01-02,24.07,24.16,23.719999,23.879999,10790673,268344256.0
2024-01-03,23.870001,24.25,23.84,23.99,8776318,219739872.0
2024-01-04,24.0,24.09,23.690001,23.969999,7918101,196752016.0
2024-01-05,23.98,24.01,23.49,23.57,7474258,184740336.0
2024-01-08,23.530001,23.6,23.200001,23.23,6546775,159135520.0
2024-01-09,23.23,23.459999,23.030001,23.139999,6392173,154541712.0
2024-01-10,23.129999,23.440001,22.969999,23.209999,6642772,160782432.0
2024-01-11,23.209999,23.530001,23.17,23.440001,7242507,176329088.0
2024-01-12,23.440001,23.51,23.08,23.08,6699127,162778864.0
2024-01-15,23.02,23.129999,22.719999,22.74,9290531,221905104.0
2024-01-16,22.780001,22.83,22.25,22.73,12880190,302765408.0
2024-01-17,22.639999,22.67,21.91,21.92,11414171,264943552.0
2024-01-18,21.82,21.98,21.15,21.92,17796256,400289920.0
2024-01-19,21.77,22.120001,21.690001,21.99,10021174,229772672.0
2024-01-22,21.91,21.91,21.030001,21.26,11359010,255189408.0
2024-01-23,21.129999,21.620001,21.059999,21.48,9174843,205095712.0
2024-01-24,21.549999,21.790001,21.030001,21.74,10492024,235498704.0
2024-01-25,21.65,22.42,21.58,22.389999,13074045,302041536.0
2024-01-26,22.23,22.57,22.1,22.190001,9989007,232433936.0
2024-01-29,22.25,22.41,21.92,22.01,7798688,180012080.0
2024-01-30,21.889999,22.02,21.52,21.530001,7489444,170474256.0
2024-01-31,21.51,21.74,20.83,20.84,10865918,239982944.0
2024-02-01,20.719999,21.4,20.719999,21.290001,11265143,249156928.0
2024-02-02,21.34,21.540001,19.860001,20.530001,15497435,336408640.0
2024-02-05,20.49,20.68,19.4,20.209999,18223440,384121600.0
2024-02-06,20.209999,22.209999,20.1,22.17,25697828,573881600.0
2024-02-07,22.24,22.92,22.120001,22.870001,29929770,704228352.0
2024-02-08,22.73,23.360001,22.67,22.969999,22404308,538417920.0
2024-02-19,23.02,23.18,22.77,23.0,14625505,350181408.0
2024-02-20,22.870001,23.25,22.719999,23.01,9453762,226897600.0
2024-02-21,22.82,23.33,22.74,23.040001,13362147,321918048.0
2024-02-22,22.91,23.17,22.870001,23.059999,8463014,203092272.0
2024-02-23,23.059999,23.17,22.93,23.09,9000046,216102320.0
2024-02-26,23.08,23.459999,23.0,23.32,13145009,318969504.0
2024-02-27,23.280001,23.59,23.15,23.59,10644030,259083712.0
2024-02-28,23.59,24.32,23.190001,23.190001,20386232,506081248.0
2024-02-29,23.08,23.610001,23.030001,23.6,12359348,301418144.0
2024-03-01,23.620001,23.860001,23.459999,23.790001,11555656,285533696.0
2024-03-04,23.82,24.91,23.82,24.66,24394648,621731200.0
2024-03-05,24.549999,24.559999,24.030001,24.18,15350101,386858112.0
2024-03-06,24.18,24.32,23.780001,23.91,11412906,284569184.0
2024-03-07,23.77,23.940001,23.299999,23.299999,12388872,304389088.0
2024-03-08,23.219999,23.57,23.17,23.299999,7834301,190403264.0
2024-03-11,23.32,23.799999,23.25,23.780001,11058184,271119968.0
2024-03-12,23.73,24.120001,23.690001,24.049999,14990622,374514560.0
2024-03-13,24.1,24.120001,23.620001,23.75,11008839,272935200.0
2024-03-14,24.52,24.809999,23.82,23.940001,21132946,534008480.0
2024-03-15,23.93,24.1,23.620001,23.77,11822983,292812672.0
2024-03-18,23.91,24.16,23.790001,24.120001,12708200,317728864.0
2024-03-19,24.120001,24.120001,23.809999,23.82,10547024,262551168.0
2024-03-20,23.77,23.98,23.68,23.84,8367935,207481216.0
2024-03-21,23.879999,23.950001,23.620001,23.690001,7712006,190729632.0
2024-03-22,23.559999,23.66,23.030001,23.120001,11756600,284422144.0
2024-03-25,23.09,23.290001,22.620001,22.620001,9027222,215932032.0
2024-03-26,22.620001,22.700001,22.33,22.559999,8946292,209846576.0
2024-03-27,22.120001,22.25,21.799999,21.82,12704971,292261728.0
2024-03-28,21.82,22.27,21.700001,22.15,9996330,230226224.0
2024-03-29,22.200001,22.27,21.99,22.09,5396928,124421248.0
2024-04-01,22.02,22.469999,22.02,22.469999,7405753,172616416.0
2024-04-02,22.469999,22.49,22.219999,22.35,6517311,151911552.0
2024-04-03,22.360001,22.639999,22.32,22.360001,6926647,162058672.0
2024-04-08,22.07,22.209999,21.85,21.870001,8875965,204090000.0
2024-04-09,21.870001,22.469999,21.870001,22.450001,8021946,186201536.0
2024-04-10,22.42,22.42,22.030001,22.08,5705604,132321176.0
2024-04-11,21.99,22.129999,21.92,21.959999,6048303,139076736.0
2024-04-12,21.84,22.08,21.559999,21.57,7010513,159396064.0
2024-04-15,21.549999,21.9,21.370001,21.719999,8949665,202453792.0
2024-04-16,21.540001,21.790001,21.27,21.370001,8145300,183217904.0
2024-04-17,21.360001,21.82,21.360001,21.799999,7386597,167440192.0
2024-04-18,21.799999,22.07,21.700001,21.790001,8818726,201653232.0
2024-04-19,21.73,21.83,21.469999,21.530001,5892389,133056480.0
2024-04-22,21.57,21.9,21.540001,21.76,6167673,140037296.0
2024-04-23,21.77,21.870001,21.5,21.77,7525549,170663728.0
2024-04-24,21.780001,21.790001,21.48,21.75,5584819,126387888.0
2024-04-25,21.73,22.1,21.629999,21.9,8754328,200605408.0
2024-04-26,21.799999,22.209999,21.790001,22.209999,11252675,259703696.0
2024-04-29,22.200001,22.93,22.129999,22.73,17613856,416022720.0
2024-04-30,22.59,22.780001,22.48,22.690001,9600485,226917312.0
2024-05-06,22.84,23.219999,22.84,23.139999,13530903,325835040.0
2024-05-07,23.139999,23.299999,23.030001,23.209999,10573423,255476176.0
2024-05-08,23.209999,23.639999,23.1,23.190001,13420448,326157472.0
2024-05-09,23.120001,23.52,22.98,23.360001,12861243,312677696.0
2024-05-10,23.379999,23.49,23.1,23.190001,9038491,219009104.0
2024-05-13,23.18,23.290001,22.940001,22.99,9890605,237802400.0
2024-05-14,22.940001,23.200001,22.940001,22.99,7573955,182099840.0
2024-05-15,22.98,23.030001,22.67,22.709999,6909600,164197280.0
2024-05-16,22.780001,22.879999,22.629999,22.74,7469153,176988816.0
2024-05-17,22.74,22.92,22.58,22.799999,7579779,179586736.0
2024-05-20,22.870001,23.049999,22.76,22.83,9242189,220526192.0
2024-05-21,22.719999,22.76,22.42,22.469999,8877115,209045024.0
2024-05-22,22.469999,22.67,22.469999,22.65,6789958,160058048.0
2024-05-23,22.610001,22.65,22.16,22.219999,7968148,185928672.0
2024-05-24,22.16,22.370001,22.09,22.120001,5869037,136191760.0
2024-05-27,22.15,22.299999,21.969999,22.27,7387616,170682752.0
2024-05-28,22.309999,22.42,22.1,22.219999,5811447,135197200.0
2024-05-29,22.219999,22.370001,22.09,22.120001,4630916,107387480.0
2024-05-30,22.200001,22.299999,22.07,22.17,5418588,125428816.0
2024-05-31,22.219999,22.42,22.129999,22.190001,6103400,141729728.0
2024-06-03,22.4,22.620001,22.129999,22.4,12906830,301973312.0
2024-06-04,22.280001,23.030001,22.24,22.870001,17467340,415215488.0
2024-06-05,22.860001,23.280001,22.719999,22.889999,18244016,438575808.0
2024-06-06,22.940001,23.059999,22.6,22.639999,11217385,266393584.0
2024-06-07,22.700001,23.0,22.690001,22.99,12073389,288231040.0
2024-06-11,22.940001,22.940001,22.5,22.790001,8893339,210846288.0
2024-06-12,22.77,22.92,22.48,22.690001,10368563,245201392.0
2024-06-13,22.67,22.75,22.299999,22.32,8967199,209877216.0
2024-06-14,22.299999,22.309999,21.790001,22.200001,13635301,313958624.0
2024-06-17,22.040001,22.18,21.959999,22.059999,5725348,131889200.0
2024-06-18,22.059999,22.120001,21.870001,21.93,7372787,169227504.0
2024-06-19,21.969999,21.969999,21.639999,21.65,7586357,172182896.0
2024-06-20,21.68,21.98,21.5,21.52,8226300,186503264.0
2024-06-21,21.42,21.610001,21.280001,21.469999,7678645,172141120.0
2024-06-24,21.32,21.450001,20.860001,20.93,9055370,199488880.0
2024-06-25,21.219999,21.309999,20.98,21.1,8325253,184179520.0
2024-06-26,21.219999,21.66,21.139999,21.65,10406011,233107280.0
2024-06-27,21.6,21.629999,21.17,21.17,7461332,167024784.0
2024-06-28,21.139999,21.4,21.120001,21.16,6762996,150421728.0
2024-07-01,21.200001,21.280001,20.84,21.15,7366443,162146208.0
2024-07-02,21.110001,21.209999,20.969999,20.99,4784257,105501232.0
2024-07-03,21.01,21.25,20.93,21.059999,5794379,127837288.0
2024-07-04,21.030001,21.120001,20.67,20.73,8214800,179129600.0
2024-07-05,20.719999,21.42,20.67,21.34,11025286,243395456.0
2024-07-08,21.34,21.35,20.870001,20.92,6893000,152087376.0
2024-07-09,20.92,21.15,20.639999,21.059999,8747113,191490224.0
2024-07-10,21.049999,21.360001,20.91,21.190001,6721324,148983200.0
2024-07-11,21.360001,21.73,21.35,21.59,8943453,201796976.0
2024-07-12,21.6,21.700001,21.549999,21.610001,6288744,142187664.0
2024-07-15,21.5,21.66,21.41,21.51,5197198,116812672.0
2024-07-16,21.469999,21.74,21.42,21.690001,6226275,140823488.0
2024-07-17,21.639999,22.1,21.639999,22.059999,11064720,253735664.0
2024-07-18,22.040001,22.280001,21.879999,22.16,9596692,221596464.0
2024-07-19,22.120001,22.5,21.969999,22.4,10813582,252054656.0
2024-07-22,22.52,22.67,22.23,22.6,10622611,249745072.0
2024-07-23,22.68,22.68,22.02,22.040001,10372077,241381904.0
2024-07-24,21.93,22.15,21.82,21.82,7202473,165209792.0
2024-07-25,21.809999,22.209999,21.799999,22.120001,7457573,171929104.0
2024-07-26,22.08,22.25,22.0,22.110001,6577618,151845536.0
2024-07-29,22.1,22.18,21.85,21.889999,5131747,117847080.0
2024-07-30,21.889999,22.059999,21.690001,21.790001,6326478,144095040.0
2024-07-31,21.809999,22.620001,21.780001,22.6,15579693,364730048.0
2024-08-01,22.59,22.799999,22.450001,22.620001,9566664,225942656.0
2024-08-02,22.639999,23.110001,22.59,22.799999,11978877,286380864.0
2024-08-05,22.74,23.110001,22.610001,22.66,11080852,263868048.0
2024-08-06,22.690001,23.08,22.639999,23.07,11221369,265260608.0
2024-08-07,23.01,23.17,22.809999,23.01,6642815,157600752.0
2024-08-08,23.040001,23.290001,22.99,22.99,9889545,235852016.0
2024-08-09,23.0,23.110001,22.74,22.75,8342377,196966336.0
2024-08-12,22.889999,23.469999,22.870001,23.16,16471752,394492832.0
2024-08-13,23.040001,23.15,22.639999,22.860001,9928030,233275152.0
2024-08-14,22.860001,22.860001,22.52,22.629999,6894253,161037232.0
2024-08-15,22.629999,22.870001,22.51,22.610001,7576675,177033888.0
2024-08-16,22.59,22.780001,22.4,22.74,7068295,164983472.0
2024-08-19,22.799999,22.99,22.52,22.58,7045771,164670416.0
2024-08-20,22.639999,22.639999,22.280001,22.35,6023388,139103680.0
2024-08-21,22.33,22.4,22.02,22.059999,5160369,118059640.0
2024-08-22,22.059999,22.16,21.639999,21.68,6715305,151080592.0
2024-08-23,21.73,21.85,21.59,21.690001,5102954,114363672.0
2024-08-26,21.709999,21.84,21.450001,21.629999,6717457,149949232.0
2024-08-27,21.639999,21.84,21.51,21.59,5373801,120045216.0
2024-08-28,21.389999,21.76,21.07,21.65,8542651,189589632.0
2024-08-29,21.620001,22.08,21.59,21.969999,7696020,174285104.0
2024-08-30,21.889999,22.139999,21.74,21.83,16696051,377747552.0
2024-09-02,21.790001,21.83,21.469999,21.67,8870252,198608944.0
2024-09-03,21.620001,22.08,21.559999,21.99,9185838,207976688.0
2024-09-04,21.940001,22.17,21.799999,21.84,6770553,153349344.0
2024-09-05,21.91,22.16,21.860001,22.110001,6436200,146417888.0
2024-09-06,22.09,22.129999,21.799999,21.799999,4753347,107745888.0
2024-09-09,21.9,22.08,21.57,21.629999,6285237,141453376.0
2024-09-10,21.92,21.969999,21.290001,21.639999,7705867,171318304.0
2024-09-11,21.540001,21.83,21.4,21.790001,6161200,138141936.0
2024-09-12,21.74,22.02,21.639999,21.68,5760000,129864392.0
2024-09-13,21.67,21.77,21.469999,21.51,4307484,96233544.0
2024-09-18,21.5,21.58,21.18,21.57,6348776,140168352.0
2024-09-19,21.620001,22.129999,21.620001,21.790001,8837628,199460912.0
2024-09-20,21.780001,21.780001,21.4,21.620001,8069126,179681104.0
2024-09-23,21.790001,21.83,21.52,21.639999,5519431,123365608.0
2024-09-24,21.74,22.17,21.65,22.17,10968844,248927584.0
2024-09-25,22.290001,22.83,22.290001,22.5,15045610,351596800.0
2024-09-26,22.51,23.27,22.32,23.24,17593056,414977120.0
2024-09-27,23.49,24.440001,23.49,24.440001,26326916,651939456.0
2024-09-30,25.57,26.959999,25.09,26.959999,67474376,1820726400.0
2024-10-08,29.73,29.73,27.389999,28.49,81251648,2396563200.0
2024-10-09,28.139999,28.139999,25.99,26.07,46352960,1278201600.0
2024-10-10,26.07,26.74,25.6,25.870001,34914144,939263616.0
2024-10-11,25.860001,25.969999,24.790001,25.01,22129780,574382656.0
2024-10-14,25.030001,25.23,24.49,25.049999,23092886,591088704.0
2024-10-15,25.09,25.16,24.57,24.59,20455316,523420736.0
2024-10-16,24.440001,24.74,24.08,24.17,17862576,447600032.0
2024-10-17,24.24,24.469999,23.91,23.940001,13711743,341241824.0
2024-10-18,23.99,25.139999,23.799999,24.74,28961600,727748352.0
2024-10-21,24.57,24.969999,24.41,24.709999,24951244,633976896.0
2024-10-22,24.540001,25.18,24.530001,25.110001,22700872,583108096.0
2024-10-23,25.190001,25.26,24.940001,25.1,23064688,594743616.0
2024-10-24,25.120001,25.360001,24.85,24.969999,16356938,421982112.0
2024-10-25,24.98,25.49,24.860001,25.34,19984092,518272928.0
2024-10-28,25.379999,25.84,25.1,25.790001,21504216,566236736.0
2024-10-29,25.99,26.030001,25.219999,25.33,19202388,503264256.0
2024-10-30,25.59,26.93,25.4,25.969999,41186240,1107161600.0
2024-10-31,25.98,26.25,25.65,25.889999,23169488,617326400.0
2024-11-01,25.690001,26.129999,25.65,25.799999,20418250,543197568.0
2024-11-04,25.83,26.139999,25.83,26.129999,16301321,435583776.0
2024-11-05,26.129999,26.51,26.01,26.48,24243770,655587392.0
2024-11-06,26.58,26.719999,26.17,26.389999,22057820,599206528.0
2024-11-07,26.26,26.860001,26.129999,26.84,22291402,609174784.0
2024-11-08,27.09,27.200001,26.59,26.75,28817164,794545728.0
2024-11-11,26.629999,26.790001,26.190001,26.77,27614810,752592576.0
2024-11-12,26.790001,27.629999,26.780001,27.07,38300600,1071924736.0
2024-11-13,27.08,27.41,26.68,26.98,20814904,575882880.0
2024-11-14,27.030001,27.040001,26.35,26.35,17600380,482102048.0
2024-11-15,26.299999,26.559999,26.09,26.1,16811214,455191104.0
2024-11-18,26.120001,26.43,25.879999,25.959999,16261100,437195360.0
2024-11-19,25.99,26.27,25.690001,26.139999,11769011,314378048.0
2024-11-20,26.15,26.82,26.09,26.559999,17266290,470564992.0
2024-11-21,26.540001,26.690001,26.34,26.58,10367938,282153664.0
2024-11-22,26.549999,26.57,25.530001,25.530001,19745900,528271392.0
2024-11-25,25.52,25.9,25.32,25.620001,14023122,369166688.0
2024-11-26,25.57,25.790001,25.299999,25.299999,9851026,258580064.0
2024-11-27,25.299999,25.700001,25.129999,25.68,11478660,299995808.0
2024-11-28,25.690001,25.84,25.549999,25.6,8624058,227850416.0
2024-11-29,25.59,26.08,25.58,25.969999,11407542,303551136.0
2024-12-02,25.99,26.190001,25.889999,26.07,11794272,316033728.0
2024-12-03,25.719999,26.08,25.719999,26.02,9440114,251377408.0
2024-12-04,25.959999,26.01,25.5,25.59,9344129,247068224.0
2024-12-05,25.59,25.629999,25.299999,25.41,9092422,237637952.0
2024-12-06,25.41,25.870001,25.41,25.709999,10560600,278474432.0
2024-12-09,25.799999,26.18,25.530001,25.6,11534415,305595456.0
2024-12-10,26.190001,26.309999,25.629999,25.629999,15028768,400503424.0
2024-12-11,25.85,26.25,25.84,26.030001,14014213,374657984.0
2024-12-12,25.959999,26.16,25.85,26.08,14039295,375575904.0
2024-12-13,26.040001,26.040001,25.559999,25.59,14677583,387681600.0
2024-12-16,25.549999,25.690001,25.02,25.139999,13290153,345745152.0
2024-12-17,25.24,25.58,24.99,25.25,11576695,301040256.0
2024-12-18,25.33,25.459999,25.190001,25.25,7168179,186504240.0
2024-12-19,25.24,25.370001,24.99,25.32,7843402,203141760.0
2024-12-20,25.309999,25.42,25.18,25.190001,7665146,199110336.0
2024-12-23,25.18,25.35,24.82,24.889999,9931367,255758704.0
2024-12-24,24.809999,25.02,24.73,24.98,9128990,233871456.0
2024-12-25,25.09,25.190001,24.639999,24.889999,8530633,218355424.0
2024-12-26,24.84,24.940001,24.379999,24.51,12445874,314824928.0
2024-12-27,24.469999,25.01,24.450001,24.799999,11846778,302366816.0
2024-12-30,24.799999,24.879999,24.4,24.57,13624781,344230016.0
2024-12-31,24.559999,24.620001,24.110001,24.139999,12275863,307096896.0
2025-01-02,24.139999,24.280001,23.49,23.709999,12402065,305256288.0
2025-01-03,23.77,24.0,23.370001,23.450001,11317923,275965920.0
2025-01-06,23.459999,24.190001,23.459999,23.940001,16273180,400368352.0
2025-01-07,23.940001,23.940001,23.24,23.559999,12685228,307032128.0
2025-01-08,23.49,24.09,23.27,23.52,18136080,443030752.0
2025-01-09,23.370001,23.559999,22.950001,23.27,9335528,224365840.0
2025-01-10,23.370001,23.459999,22.9,22.91,8452381,201358272.0
2025-01-13,22.870001,23.120001,22.040001,22.77,15181847,354498400.0
2025-01-14,22.780001,23.33,22.59,23.299999,11491274,272913568.0
2025-01-15,23.290001,23.309999,23.040001,23.209999,6801924,162454352.0
2025-01-16,23.290001,23.440001,22.790001,22.85,11749229,279079776.0
2025-01-17,22.719999,22.889999,22.59,22.780001,8159556,191542448.0
2025-01-20,22.92,23.17,22.860001,23.030001,10408268,247284768.0
2025-01-21,23.07,23.209999,22.77,22.98,8199900,193937168.0
2025-01-22,22.85,23.02,22.639999,22.99,7776748,183067840.0
2025-01-23,23.17,23.360001,22.93,22.950001,11228595,267534720.0
2025-01-24,22.93,23.16,22.799999,23.1,8481404,201754160.0
2025-01-27,23.139999,23.309999,23.049999,23.09,8491901,202847584.0
2025-02-05,23.25,23.34,23.049999,23.27,11477645,274743680.0
2025-02-06,23.34,23.629999,23.139999,23.629999,12292434,297287392.0
2025-02-07,23.68,23.93,23.59,23.870001,14130407,346393408.0
2025-02-10,23.969999,24.780001,23.950001,24.719999,27481648,690983104.0
2025-02-11,24.780001,24.780001,24.299999,24.530001,15430360,388921760.0
2025-02-12,24.51,24.530001,24.139999,24.379999,13187527,330001152.0
2025-02-13,24.32,24.48,24.23,24.290001,9513924,238404320.0
2025-02-14,24.379999,24.77,24.35,24.709999,15346137,388834144.0
2025-02-17,25.24,25.84,25.09,25.42,37327116,977524864.0
2025-02-18,25.17,25.280001,24.75,24.870001,18546958,477261280.0
2025-02-19,24.870001,24.969999,24.6,24.790001,13433067,342646848.0
2025-02-20,24.82,25.25,24.77,24.870001,15527850,399257728.0
2025-02-21,24.870001,25.24,24.66,24.92,18545424,474984160.0
2025-02-24,24.940001,25.09,24.709999,24.799999,14592154,373300256.0
2025-02-25,24.59,24.6,24.4,24.450001,11790377,297169568.0
2025-02-26,24.49,24.68,24.33,24.67,11597224,292291840.0
2025-02-27,24.709999,24.870001,24.5,24.67,11517983,292645728.0
2025-02-28,24.6,24.76,24.15,24.280001,15511340,389457184.0
2025-03-03,24.290001,24.620001,24.190001,24.27,11942937,299522272.0
2025-03-04,24.190001,24.34,24.049999,24.27,8041121,200532000.0
2025-03-05,24.200001,24.27,23.950001,24.08,9725430,240848448.0
2025-03-06,24.17,24.35,24.07,24.299999,11530684,287869408.0
2025-03-07,24.299999,24.48,24.09,24.24,11382986,284890016.0
2025-03-10,24.530001,24.75,24.190001,24.290001,13008738,326501088.0
2025-03-11,23.950001,24.24,23.9,24.190001,10097605,250381280.0
2025-03-12,24.209999,24.27,23.93,23.969999,11056414,273401216.0
2025-03-13,23.99,24.08,23.709999,23.82,9719800,238670256.0
2025-03-14,23.870001,24.34,23.809999,24.32,15913901,394992448.0
2025-03-17,24.370001,24.42,24.129999,24.25,12972091,324288416.0
2025-03-18,24.49,24.620001,24.32,24.379999,13346645,336128384.0
2025-03-19,24.34,24.52,24.280001,24.299999,9201967,230752912.0
2025-03-20,24.299999,24.34,24.139999,24.24,7614939,189904064.0
2025-03-21,24.23,24.34,23.77,23.790001,11744519,290311456.0
2025-03-24,23.84,24.02,23.65,23.799999,8925748,219074592.0
2025-03-25,23.77,24.040001,23.67,24.040001,9578875,235287152.0
2025-03-26,24.09,24.25,23.790001,23.84,13909300,342758432.0
2025-03-27,23.84,24.34,23.610001,24.280001,19604216,485016768.0
2025-03-28,24.190001,25.190001,24.16,24.6,34157612,871379328.0
2025-03-31,24.59,24.77,24.0,24.120001,20946606,525386752.0
2025-04-01,24.23,25.290001,24.23,25.040001,39344236,1010817280.0
2025-04-02,25.07,25.08,24.639999,24.75,18673768,476948672.0
2025-04-03,24.57,25.030001,24.51,24.799999,16689601,425833728.0
2025-04-07,23.57,24.08,22.25,22.49,40018856,949087872.0
2025-04-08,22.48,23.049999,22.48,22.99,25956278,610158144.0
2025-04-09,22.75,22.969999,22.17,22.969999,24120892,564253248.0
2025-04-10,23.34,23.4,22.950001,23.209999,22822180,544646464.0
2025-04-11,23.09,23.280001,22.940001,23.129999,13970003,332778848.0
2025-04-14,23.129999,23.43,23.120001,23.24,13607226,326315424.0
2025-04-15,23.17,23.33,23.030001,23.290001,9790402,233802304.0
2025-04-16,23.309999,23.32,22.91,23.290001,12236871,291124032.0
2025-04-17,23.18,23.25,23.1,23.24,8027700,191731856.0
2025-04-18,23.16,23.309999,23.049999,23.17,5810350,138659136.0
2025-04-21,23.09,23.219999,23.049999,23.190001,8972801,214124928.0
2025-04-22,23.129999,23.83,23.1,23.690001,18835792,457427328.0
2025-04-23,23.68,23.790001,23.450001,23.48,9447884,229386048.0
2025-04-24,23.51,23.83,23.48,23.49,8796850,214086144.0
2025-04-25,23.68,23.690001,23.190001,23.43,17369988,418364256.0
2025-04-28,23.389999,23.4,23.190001,23.24,8197012,196621312.0
2025-04-29,23.209999,23.309999,23.110001,23.110001,7020001,167671024.0
2025-04-30,22.780001,22.860001,22.59,22.690001,21389550,500678784.0
2025-05-06,22.790001,23.01,22.690001,22.98,13618373,321409824.0
2025-05-07,23.25,23.27,23.01,23.1,12618813,300712608.0
2025-05-08,23.030001,23.129999,22.969999,23.120001,7898106,187798160.0
2025-05-09,23.110001,23.120001,22.780001,22.809999,10344980,244494128.0
2025-05-12,22.83,22.91,22.76,22.879999,10914400,257012416.0
2025-05-13,22.969999,23.33,22.92,23.23,17055376,406205696.0
2025-05-14,23.16,23.26,22.950001,23.200001,9755096,232171152.0
2025-05-15,23.200001,23.26,23.040001,23.059999,8586258,204753184.0
2025-05-16,23.07,23.32,23.0,23.309999,12540014,299892384.0
2025-05-19,23.290001,23.309999,23.040001,23.120001,9473565,225733152.0
2025-05-20,23.15,23.459999,23.15,23.360001,14889238,358416128.0
2025-05-21,23.33,23.65,23.299999,23.469999,14215769,344421952.0
2025-05-22,23.389999,23.41,23.200001,23.24,10386290,249178080.0
2025-05-23,23.200001,23.540001,23.200001,23.219999,18849336,454485344.0
2025-05-26,23.219999,23.23,22.719999,22.799999,15477037,365179552.0
2025-05-27,22.799999,22.99,22.709999,22.92,8789628,207260656.0
2025-05-28,22.91,22.98,22.799999,22.82,5985055,141057280.0
2025-05-29,22.82,23.43,22.709999,23.4,17408784,415795840.0
2025-05-30,23.690001,24.74,23.690001,24.66,59830856,1506504064.0
2025-06-03,24.09,24.77,24.09,24.559999,32045700,807816576.0
2025-06-04,24.59,24.91,24.379999,24.73,23916516,607362944.0
2025-06-05,24.75,24.940001,24.32,24.440001,24216776,612744704.0
2025-06-06,24.33,24.530001,24.15,24.32,14698510,367341184.0
2025-06-09,24.41,25.860001,24.41,25.219999,45895912,1193306368.0
2025-06-10,25.389999,25.83,25.040001,25.25,29566972,770222848.0
2025-06-11,25.27,25.379999,25.0,25.049999,18714452,483363872.0
2025-06-12,25.07,25.49,24.9,25.209999,23393460,605824320.0
2025-06-13,25.09,25.73,24.92,25.1,29656706,769064384.0
2025-06-16,25.0,25.24,24.629999,24.74,19035872,486276672.0
2025-06-17,24.950001,25.16,24.32,24.370001,19716072,500442848.0
2025-06-18,24.309999,24.450001,24.030001,24.190001,13436581,334380384.0
2025-06-19,24.110001,24.25,23.82,23.889999,13761674,340019104.0
2025-06-20,23.9,24.040001,23.66,23.709999,10297260,252797440.0
2025-06-23,23.709999,24.08,23.59,23.93,13808825,338638112.0
2025-06-24,24.09,24.24,23.959999,24.18,14906950,370378784.0
2025-06-25,24.32,24.32,23.969999,24.200001,14502000,360241696.0
2025-06-26,24.15,24.15,23.9,23.940001,14604986,361103328.0
2025-06-27,23.99,24.16,23.950001,24.030001,9924707,245730112.0
2025-06-30,24.02,24.4,23.9,24.379999,14816377,368882432.0
2025-07-01,24.440001,24.610001,24.290001,24.59,16320740,410884608.0
2025-07-02,24.59,24.75,24.42,24.459999,11066595,279479968.0
2025-07-03,24.48,24.860001,24.389999,24.73,15349554,389369408.0
2025-07-04,24.75,24.85,24.6,24.719999,14114713,359161568.0
2025-07-07,24.719999,24.77,24.42,24.440001,11833637,298823456.0
2025-07-08,24.4,24.809999,24.379999,24.5,11947500,301719264.0
2025-07-09,24.5,24.809999,24.309999,24.52,18462850,466733120.0
2025-07-10,24.549999,25.34,24.549999,24.719999,25038732,641177152.0
2025-07-11,24.690001,25.09,24.6,24.889999,23942376,613689536.0
2025-07-14,24.9,25.040001,24.82,24.969999,15401543,394919040.0
2025-07-15,24.969999,24.969999,24.530001,24.700001,14883832,378464288.0
2025-07-16,24.68,25.889999,24.66,25.700001,48663028,1273551872.0
2025-07-17,25.549999,25.799999,25.469999,25.690001,28119366,741076480.0
2025-07-18,25.77,25.82,25.469999,25.65,19405084,510859200.0
2025-07-21,25.6,25.690001,25.34,25.42,26952800,704308672.0
2025-07-22,25.42,26.030001,25.4,25.540001,32097576,847038464.0
2025-07-23,25.469999,26.07,25.440001,25.459999,30351868,801333952.0
2025-07-24,25.52,26.27,25.440001,26.040001,35817504,951931392.0
2025-07-25,26.049999,26.559999,25.9,25.950001,36681904,986515392.0
2025-07-28,26.09,26.4,25.98,26.200001,29495590,792997248.0
2025-07-29,27.370001,27.469999,26.190001,26.52,84262072,2302274048.0
2025-07-30,26.27,28.540001,26.25,27.66,111688968,3142182912.0
2025-07-31,27.309999,27.6,26.75,26.879999,70523256,1966497920.0
2025-08-01,26.690001,27.73,26.5,26.85,48580144,1348739840.0
2025-08-04,26.57,26.66,25.77,26.450001,40138792,1063783424.0
2025-08-05,26.41,26.76,26.26,26.48,28184810,757007104.0
2025-08-06,26.57,26.76,26.120001,26.24,30545348,815726016.0
2025-08-07,26.129999,26.35,25.9,25.98,27380854,724010496.0
2025-08-08,25.98,26.110001,25.75,25.98,19793684,521202720.0
2025-08-11,25.98,26.530001,25.879999,26.41,30107338,801504064.0
2025-08-12,27.889999,27.9,26.969999,27.309999,81477432,2266287360.0
2025-08-13,27.309999,28.82,26.82,28.030001,89663632,2518858496.0
2025-08-14,28.01,28.629999,27.49,27.58,54441792,1541977984.0
2025-08-15,27.52,28.559999,27.459999,28.129999,55017440,1563048320.0
2025-08-18,28.360001,28.790001,28.110001,28.139999,56501704,1629150592.0
2025-08-19,28.16,28.639999,27.73,27.780001,49342160,1406212736.0
2025-08-20,27.639999,27.84,27.299999,27.709999,33814944,945819328.0
2025-08-21,27.879999,28.049999,27.450001,27.57,26636256,748374016.0
2025-08-22,27.620001,27.74,27.35,27.67,27386730,764717184.0
2025-08-25,27.799999,28.809999,27.790001,28.74,63107780,1813626112.0
2025-08-26,28.559999,28.709999,28.16,28.16,38915336,1116976640.0
2025-08-27,28.6,29.299999,28.16,28.17,64918944,1895329152.0
2025-08-28,28.190001,28.549999,27.440001,28.16,42300532,1202950144.0
2025-08-29,28.26,28.77,28.040001,28.450001,40752148,1172328960.0
2025-09-01,28.67,30.52,28.59,30.290001,99794408,2990281472.0
2025-09-02,30.48,31.370001,30.190001,30.459999,87269664,2715945984.0
2025-09-03,30.540001,31.01,30.09,30.58,52619724,1623087232.0
2025-09-04,30.559999,30.620001,28.51,28.940001,64306824,1919462272.0
2025-09-05,28.93,29.959999,28.68,29.799999,53043988,1580769664.0
2025-09-08,30.459999,32.41,30.459999,31.690001,91243240,2928387840.0
2025-09-09,31.73,32.709999,31.280001,31.469999,67988192,2196733440.0
2025-09-10,31.799999,32.130001,30.860001,31.120001,41270184,1306268160.0
2025-09-11,29.92,30.91,29.459999,30.91,60734992,1860774528.0
2025-09-12,31.040001,31.5,30.51,31.129999,47719264,1497901184.0
2025-09-15,31.139999,32.060001,31.01,31.639999,52366404,1673716864.0
2025-09-16,31.959999,31.969999,30.76,31.76,49331172,1567522176.0
2025-09-17,31.58,31.809999,31.049999,31.43,37758464,1199261952.0
2025-09-18,31.48,31.860001,30.83,31.219999,51946384,1651370496.0
2025-09-19,31.190001,31.379999,30.389999,30.540001,35320584,1100685312.0
2025-09-22,30.85,31.360001,30.110001,30.4,36964904,1146635264.0
2025-09-23,30.389999,30.67,29.379999,29.85,40633408,1227428992.0
2025-09-24,29.809999,30.01,29.690001,29.950001,26355972,797871680.0
2025-09-25,30.110001,30.360001,29.75,29.91,29572928,900547008.0
2025-09-26,29.290001,29.48,28.870001,28.870001,34889304,1030070976.0
2025-09-29,28.889999,29.07,28.27,28.969999,26784020,778490240.0
2025-09-30,29.01,29.48,28.790001,29.450001,25781776,761855488.0
2025-10-09,29.610001,29.700001,29.18,29.450001,28298660,844364992.0
2025-10-10,29.41,29.610001,28.91,28.959999,27132572,803122176.0
2025-10-13,28.01,28.48,28.01,28.35,26543846,760515712.0
2025-10-14,28.41,28.66,27.690001,27.77,24984398,711968192.0
2025-10-15,27.85,28.27,27.639999,28.209999,18598136,528808992.0
2025-10-16,28.17,29.01,28.09,28.76,33591944,976394624.0
2025-10-17,28.57,29.1,28.24,28.33,26291676,762153152.0
2025-10-20,28.530001,29.059999,28.27,28.809999,24845836,723641152.0
2025-10-21,28.85,29.059999,28.58,28.889999,21568040,630061504.0
2025-10-22,28.860001,29.059999,28.360001,28.450001,22295132,647373440.0
2025-10-23,28.33,28.57,27.639999,28.48,23619468,672912832.0
2025-10-24,28.469999,28.790001,28.32,28.690001,18187272,526907040.0
2025-10-27,28.91,29.16,28.639999,28.82,23541784,689460480.0
2025-10-28,28.790001,28.82,28.09,28.219999,23889260,685823296.0
2025-10-29,28.24,28.559999,28.030001,28.52,18891952,543181312.0
2025-10-30,28.530001,28.530001,28.110001,28.110001,17311028,496330048.0
2025-10-31,28.059999,29.110001,28.049999,28.809999,33770528,984723072.0
2025-11-03,29.209999,29.290001,28.610001,28.66,27257246,796174272.0
2025-11-04,28.66,28.709999,27.77,27.91,25912800,737844928.0
2025-11-05,27.65,28.0,27.549999,27.76,14256130,401668960.0
2025-11-06,27.780001,28.139999,27.66,28.1,14669268,415349952.0
2025-11-07,27.889999,28.0,27.76,27.84,13080775,369644768.0
2025-11-10,27.870001,28.24,27.77,28.16,14831144,420911008.0
2025-11-11,28.15,28.25,27.92,28.23,13835796,393835328.0
2025-11-12,28.23,28.65,28.02,28.07,21253186,610389312.0
2025-11-13,28.16,28.549999,27.959999,28.49,19037034,546965184.0
2025-11-14,28.33,28.74,28.26,28.43,20981268,607575488.0
2025-11-17,28.440001,28.530001,27.73,27.790001,20899252,591943552.0
2025-11-18,27.790001,27.879999,27.42,27.57,14093347,395273920.0
2025-11-19,27.469999,27.690001,27.190001,27.24,12086383,334928928.0
2025-11-20,27.32,27.450001,26.85,26.9,14308370,392834976.0
2025-11-21,26.860001,27.110001,26.360001,26.43,16871628,456261440.0
2025-11-24,26.459999,26.77,26.33,26.77,14317481,386245984.0
2025-11-25,26.629999,27.129999,26.629999,27.1,13721673,375970336.0
2025-11-26,27.01,27.540001,27.01,27.139999,13765456,381357952.0
2025-11-27,27.16,27.24,26.790001,26.82,11326225,309976736.0
2025-11-28,26.780001,26.879999,26.620001,26.74,8715413,236238624.0
2025-12-01,26.73,26.940001,26.620001,26.940001,9368085,255152432.0
2025-12-02,26.959999,26.959999,26.610001,26.700001,9773879,264719168.0
2025-12-03,26.629999,26.85,26.530001,26.66,8062102,218129408.0
2025-12-04,26.719999,26.93,26.530001,26.58,8025028,217183536.0
2025-12-05,26.639999,26.790001,26.299999,26.75,10041311,270760192.0
2025-12-08,27.110001,27.209999,26.889999,26.940001,13032401,357138464.0
2025-12-09,26.92,27.379999,26.85,27.059999,15229892,419200064.0
2025-12-10,28.059999,28.41,27.790001,27.93,39169224,1114336000.0
2025-12-11,27.93,28.73,27.879999,28.15,34304852,986591744.0
2025-12-12,28.110001,28.200001,27.620001,27.889999,20054920,566924160.0
2025-12-15,27.92,27.950001,27.530001,27.540001,14609880,410090592.0
2025-12-16,27.389999,27.41,26.23,26.360001,28353180,764101120.0
2025-12-17,26.299999,26.57,26.110001,26.48,14574020,389484000.0
2025-12-18,26.290001,26.48,26.17,26.290001,11924397,318638880.0
2025-12-19,26.4,27.059999,26.290001,26.879999,18686250,508595520.0
2025-12-22,26.9,26.940001,26.700001,26.83,10339459,281461664.0
2025-12-23,26.82,26.940001,26.690001,26.700001,9899909,269098560.0
2025-12-24,26.66,26.780001,26.559999,26.719999,8106464,219542592.0
2025-12-25,26.700001,26.74,26.59,26.66,8295096,224335472.0
2025-12-26,26.610001,26.700001,26.41,26.5,12034818,324380480.0
2025-12-29,26.48,26.52,26.190001,26.24,13874600,370576640.0
2025-12-30,26.16,26.200001,25.959999,26.07,10610534,280708448.0
2025-12-31,26.09,26.190001,25.92,26.1,10401624,274759040.0
2026-01-05,26.190001,26.889999,26.190001,26.879999,26167832,707252928.0
2026-01-06,26.9,26.959999,26.74,26.959999,18416948,502377888.0
2026-01-07,26.889999,27.24,26.85,26.93,19273486,528603296.0
2026-01-08,26.959999,27.190001,26.940001,27.059999,18694012,513619328.0
2026-01-09,27.059999,27.360001,27.01,27.26,17830536,492106848.0
2026-01-12,27.290001,27.540001,27.139999,27.459999,22682148,628986304.0
2026-01-13,27.540001,28.209999,27.52,27.790001,34027916,964099200.0
2026-01-14,27.959999,28.32,27.370001,27.68,36549700,1035260608.0
2026-01-15,27.530001,27.83,27.309999,27.43,17583424,490523584.0
2026-01-16,27.469999,27.75,27.129999,27.200001,17433560,483330048.0
2026-01-19,27.09,27.280001,26.98,27.049999,15808764,434521184.0
2026-01-20,27.09,27.469999,27.030001,27.07,18417872,508379584.0
2026-01-21,27.040001,27.27,26.85,27.01,16599599,456028800.0
2026-01-22,27.01,27.129999,26.83,26.860001,17499632,478359392.0
2026-01-23,26.959999,27.33,26.959999,27.18,20985892,578192448.0
2026-01-26,27.33,27.950001,27.1,27.77,39389648,1102156160.0
2026-01-27,27.99,28.059999,27.0,27.290001,30085940,833702784.0
2026-01-28,27.299999,27.32,26.559999,26.57,30327384,826046272.0
2026-01-29,26.48,26.74,26.209999,26.73,28938356,776741440.0
2026-01-30,26.73,26.98,26.18,26.280001,20908132,561534400.0
2026-02-02,26.139999,26.309999,25.84,25.860001,17711770,469074944.0
2026-02-03,25.91,26.07,25.610001,25.950001,17202176,451114112.0
2026-02-04,25.959999,26.25,25.73,26.25,14562067,383777792.0
2026-02-05,26.209999,26.41,26.110001,26.209999,11659618,310505408.0
2026-02-06,26.290001,26.360001,26.08,26.290001,12768171,340439232.0
2026-02-09,26.309999,26.549999,26.299999,26.43,11383557,305408000.0
2026-02-10,26.48,26.85,26.309999,26.690001,15338719,414823968.0
2026-02-11,26.73,27.049999,26.65,26.84,14865936,405144608.0
2026-02-12,26.83,26.85,26.459999,26.48,12354982,332836640.0
2026-02-13,26.41,26.559999,26.17,26.18,10386181,277753024.0
2026-02-24,26.290001,26.34,26.120001,26.139999,12253530,325582048.0
2026-02-25,26.209999,26.700001,26.049999,26.09,28974970,774108224.0
2026-02-26,26.18,26.379999,26.059999,26.120001,14787286,392914240.0
2026-02-27,26.120001,26.209999,26.030001,26.09,12617191,334239264.0
2026-03-02,25.9,25.99,25.5,25.75,21311308,556868672.0
2026-03-03,25.709999,25.860001,25.059999,25.110001,19749384,509126528.0
2026-03-04,24.75,25.01,24.530001,24.620001,17719416,444881344.0
2026-03-05,24.9,25.110001,24.74,24.84,11560247,292356096.0
2026-03-06,24.799999,25.530001,24.76,25.52,15490702,398266784.0
2026-03-09,25.309999,25.450001,25.07,25.33,13591620,349128352.0
2026-03-10,25.459999,25.84,25.450001,25.780001,12624352,329240032.0
2026-03-11,25.709999,25.77,25.469999,25.58,13166908,341642304.0
2026-03-12,25.58,25.610001,25.190001,25.360001,12002751,309318784.0
2026-03-13,25.209999,25.450001,25.110001,25.16,11050289,283432672.0
2026-03-16,25.17,25.379999,24.959999,25.219999,9662515,247247968.0
2026-03-17,25.309999,25.709999,25.27,25.32,14257229,368998240.0
2026-03-18,25.32,25.41,25.09,25.370001,9627183,246766064.0
2026-03-19,25.16,25.290001,24.790001,24.870001,10122600,257177888.0
2026-03-20,24.9,25.15,24.450001,24.469999,12451178,312844384.0
2026-03-23,24.120001,24.27,23.219999,23.41,21383674,514999648.0
2026-03-24,23.709999,23.940001,23.41,23.92,13487531,324843424.0
2026-03-25,24.59,25.1,24.41,24.969999,23538868,594555648.0
2026-03-26,25.0,25.26,24.85,24.9,14237901,362177024.0
2026-03-27,24.809999,25.790001,24.73,25.74,22742216,588886144.0
2026-03-30,25.700001,26.33,25.51,26.27,32433160,858794432.0
2026-03-31,26.32,26.790001,26.209999,26.24,29497288,792779904.0
2026-04-01,26.549999,26.76,26.120001,26.68,28836288,776515456.0
2026-04-02,26.629999,26.959999,26.440001,26.67,32087522,870021760.0
2026-04-03,26.34,26.559999,26.23,26.309999,19576400,523933920.0
2026-04-07,26.49,26.610001,25.93,26.290001,16763224,448342144.0
2026-04-08,26.57,26.65,26.110001,26.41,21366680,571511680.0
2026-04-09,26.25,26.610001,26.07,26.17,18225224,486076640.0
2026-04-10,26.129999,26.379999,26.0,26.09,15361341,407903008.0
2026-04-13,25.940001,26.15,25.790001,25.959999,12464032,328478656.0
2026-04-14,25.940001,26.07,25.620001,26.07,16725365,438075104.0
2026-04-15,26.52,26.700001,26.16,26.41,30983520,830374720.0
2026-04-16,26.48,26.48,26.219999,26.309999,15825914,422524224.0
2026-04-17,26.209999,26.209999,25.68,25.76,20319940,533013920.0
2026-04-20,25.690001,25.73,25.4,25.48,15097200,391140928.0
2026-04-21,25.48,25.66,25.139999,25.24,13474556,345728384.0
2026-04-22,25.26,25.43,25.09,25.200001,17643228,451986720.0
2026-04-23,25.280001,25.440001,25.09,25.18,15660986,401413952.0
2026-04-24,25.27,25.280001,24.870001,24.99,12244009,311197952.0
2026-04-27,24.91,25.02,24.83,24.98,11590283,293407488.0
2026-04-28,25.110001,25.5,24.809999,24.91,24674416,629713088.0
2026-04-29,25.07,25.27,24.67,24.889999,25189542,637134720.0
2026-04-30,24.879999,24.879999,24.5,24.5,27640568,690482368.0
2026-05-06,24.440001,24.57,24.290001,24.379999,23509880,582101760.0
2026-05-07,24.4,24.58,24.27,24.34,20706904,512504032.0
2026-05-08,24.379999,24.51,24.309999,24.43,19475410,482879008.0
2026-05-11,24.57,25.030001,24.440001,25.0,39505704,993455488.0
2026-05-12,24.91,25.23,24.57,24.93,31054368,783216640.0
2026-05-13,24.790001,24.870001,24.540001,24.58,19469500,486950240.0
2026-05-14,24.629999,24.790001,24.110001,24.110001,21652900,536387712.0
2026-05-15,24.09,24.23,23.639999,23.74,18918464,460003072.0
2026-05-18,23.700001,23.709999,23.379999,23.67,14176326,339315136.0
2026-05-19,23.629999,23.85,23.6,23.799999,10447814,252278400.0
2026-05-20,23.709999,23.860001,23.559999,23.629999,10970236,263956544.0
2026-05-21,23.67,23.99,23.290001,23.32,19603380,471592768.0
2026-05-22,23.389999,23.459999,22.91,23.01,21430460,504530272.0
2026-05-25,22.98,23.09,22.690001,22.91,14951299,347333664.0
2026-05-26,22.85,22.969999,22.690001,22.780001,11573625,268403264.0
2026-05-27,22.790001,23.110001,22.370001,22.93,22754196,525613184.0
2026-05-28,22.82,22.959999,22.25,22.360001,16401890,375308992.0
2026-05-29,22.379999,23.209999,22.379999,22.860001,26166500,607323392.0
2026-06-01,22.870001,23.209999,22.52,22.6,25049096,581875008.0
2026-06-02,22.559999,22.629999,22.26,22.33,18744406,426840512.0
2026-06-03,22.25,22.379999,21.73,21.790001,24638630,548584192.0
2026-06-04,21.809999,21.889999,21.290001,21.43,18395328,402688608.0
2026-06-05,21.700001,21.889999,21.6,21.629999,16375203,362446336.0
2026-06-08,21.42,21.780001,21.059999,21.26,16109384,350677024.0
2026-06-09,21.27,21.469999,20.99,21.440001,11517757,249611904.0
2026-06-10,21.379999,21.76,21.309999,21.719999,15377234,338322272.0
2026-06-11,21.610001,21.76,21.280001,21.389999,15803679,345261216.0
2026-06-12,21.459999,22.040001,21.299999,21.969999,19366496,429776320.0
2026-06-15,21.959999,22.17,21.780001,21.92,16799452,374577600.0
2026-06-16,21.92,21.92,21.459999,21.459999,16719624,368133024.0
2026-06-17,21.41,21.559999,21.09,21.190001,18318792,396373632.0
2026-06-18,21.139999,21.690001,20.860001,21.4,20298556,441771808.0
2026-06-22,21.309999,21.690001,20.66,21.67,23877404,513386304.0
2026-06-23,21.65,22.389999,21.559999,21.870001,31805626,713713088.0
2026-06-24,21.959999,22.48,21.82,22.110001,33405726,754563776.0
2026-06-25,21.790001,22.09,21.23,21.790001,28867028,634971712.0
2026-06-26,21.639999,22.02,20.809999,20.82,26291150,570184960.0
2026-06-29,20.73,22.360001,20.459999,22.34,51353084,1140390784.0
2026-06-30,22.34,22.34,21.68,22.08,34605576,773149312.0
2026-07-01,21.82,22.799999,21.51,22.73,45117624,1023877056.0
2026-07-02,22.77,23.24,22.57,22.639999,38180320,886716160.0
2026-07-03,22.809999,23.139999,22.530001,22.9,29785052,690907392.0
2026-07-06,22.889999,23.85,22.620001,23.690001,53240688,1271215488.0
2026-07-07,23.43,23.51,22.799999,22.799999,34408048,809834432.0
2026-07-08,22.809999,23.26,22.49,22.559999,23866240,554527872.0
2026-07-09,22.35,22.99,22.110001,22.559999,26662928,609150720.0
2026-07-10,22.49,23.35,22.08,23.059999,37760612,878157120.0
2026-07-13,22.91,23.49,22.860001,23.4,37517576,884805696.0
2026-07-14,23.16,23.85,22.98,23.66,39577476,946950272.0
2026-07-15,23.48,24.57,23.360001,24.450001,59638876,1471872000.0
2026-07-16,24.209999,24.790001,23.85,24.32,49605568,1223366528.0
2026-07-17,24.08,24.309999,22.959999,23.01,48012852,1142901248.0
2026-07-20,22.959999,23.620001,22.85,23.610001,35922244,851566464.0
2026-07-21,23.4,23.629999,22.940001,23.299999,32191142,761378112.0
2026-07-22,23.110001,23.84,23.040001,23.58,29543352,705400128.0
2026-07-23,23.25,23.450001,23.08,23.32,20718584,489628160.0
2026-07-24,23.120001,23.26,22.25,22.280001,29281504,675673472.0
2026-07-27,22.35,22.85,22.219999,22.75,19248692,436005408.0
2026-07-28,22.620001,22.889999,22.52,22.620001,13716439,310714720.0
2026-07-29,22.629999,23.1,22.629999,23.0,17617842,404253600.0
2026-07-30,23.02,23.290001,22.809999,23.17,20371792,470383648.0
2026-07-31,23.0,23.27,22.9,23.23,17713448,409682720.0
2026-08-03,23.24,23.360001,23.1,23.15,14337780,332375264.0
2026-08-04,23.280001,23.540001,23.15,23.190001,21973320,511957184.0
2026-08-05,23.1,23.16,22.780001,22.950001,23270700,533274496.0
