timestamps,open,high,low,close,volume,amount
2010-01-04,3.45,3.61,3.4,3.58,37156004,396809408.0
2010-01-05,3.66,3.88,3.6,3.73,63211840,712730624.0
2010-01-06,3.69,3.82,3.66,3.75,27242626,306547020.0
2010-01-07,3.71,3.81,3.63,3.67,30547806,342577504.0
2010-01-08,3.65,3.84,3.63,3.81,28069668,317520000.0
2010-01-11,3.81,3.98,3.76,3.87,36404404,428573664.0
2010-01-12,3.87,3.97,3.81,3.9,27135860,316478577.0
2010-01-13,3.84,4.03,3.83,3.94,28777550,343366720.0
2010-01-14,3.92,4.08,3.91,4.0,25511898,309860800.0
2010-01-15,4.0,4.05,3.94,4.03,20862416,250580064.0
2010-01-18,4.01,4.23,3.98,4.19,35717272,447495488.0
2010-01-19,4.19,4.21,4.06,4.12,20994820,261599360.0
2010-01-20,4.11,4.15,3.76,3.84,27687234,328892768.0
2010-01-21,3.84,3.9,3.79,3.84,11567441,134296752.0
2010-01-22,3.76,3.77,3.62,3.7,15817718,176601328.0
2010-01-25,3.71,4.0,3.71,3.84,22321300,260148784.0
2010-01-26,3.92,4.03,3.79,3.9,53528608,635093376.0
2010-01-27,3.84,3.97,3.77,3.8,23155896,271583424.0
2010-01-28,3.8,3.96,3.8,3.93,20169364,237947328.0
2010-01-29,3.88,4.3,3.88,4.17,44518232,557752512.0
2010-02-01,4.16,4.16,3.94,4.05,30430780,371802432.0
2010-02-02,4.06,4.11,3.9,3.95,27650220,332315360.0
2010-02-03,3.92,3.96,3.71,3.95,19289520,224111936.0
2010-02-04,3.87,4.04,3.77,3.97,37970604,443844960.0
2010-02-05,3.8,3.8,3.57,3.57,52531200,583296640.0
2010-02-08,3.51,3.65,3.38,3.42,27376504,287320896.0
2010-02-09,3.44,3.51,3.35,3.47,26859660,279307680.0
2010-02-10,3.48,3.49,3.38,3.47,15441383,159668624.0
2010-02-11,3.45,3.5,3.42,3.43,12471074,129983432.0
2010-02-12,3.46,3.58,3.43,3.56,18222548,192630576.0
2010-02-22,3.56,3.56,3.48,3.51,12114871,128814832.0
2010-02-23,3.52,3.6,3.4,3.59,16901376,178728016.0
2010-02-24,3.55,3.76,3.53,3.73,21244012,235416608.0
2010-02-25,3.76,3.81,3.7,3.77,19101652,216381152.0
2010-02-26,3.76,3.79,3.71,3.72,11474599,129494792.0
2010-03-01,3.74,3.83,3.74,3.81,14947627,171209040.0
2010-03-02,3.81,3.87,3.76,3.82,17590884,201796400.0
2010-03-03,3.81,3.87,3.73,3.86,26832344,307431808.0
2010-03-04,3.86,3.86,3.53,3.59,42696628,472683776.0
2010-03-05,3.57,3.59,3.48,3.51,23379084,248333984.0
2010-03-08,3.52,3.55,3.48,3.53,12123881,128735528.0
2010-03-09,3.54,3.63,3.47,3.61,25810352,276954592.0
2010-03-10,3.58,3.61,3.5,3.51,15370316,164211104.0
2010-03-11,3.51,3.56,3.44,3.52,11982909,126180840.0
2010-03-12,3.52,3.54,3.47,3.47,13173933,139043696.0
2010-03-15,3.47,3.53,3.38,3.41,15570759,161180192.0
2010-03-16,3.42,3.47,3.38,3.46,12286125,127453880.0
2010-03-17,3.48,3.65,3.46,3.61,27804520,299935104.0
2010-03-18,3.65,3.72,3.6,3.62,26585420,293120512.0
2010-03-19,3.62,3.89,3.58,3.8,56321556,639828544.0
2010-03-22,3.8,3.96,3.79,3.93,65472860,767903616.0
2010-03-23,3.92,3.95,3.83,3.9,35381896,416018496.0
2010-03-24,3.9,3.93,3.84,3.87,18953884,221939232.0
2010-03-25,3.87,3.87,3.73,3.8,20211624,231340464.0
2010-03-26,3.78,3.91,3.77,3.9,21609006,251737376.0
2010-03-29,3.93,3.94,3.83,3.9,20923168,245273968.0
2010-03-30,3.91,4.04,3.9,3.96,45363816,545253568.0
2010-03-31,3.96,4.11,3.93,4.03,44836868,545192832.0
2010-04-01,4.03,4.08,3.98,4.04,28056576,341517344.0
2010-04-02,4.03,4.03,3.92,3.97,30538480,365580960.0
2010-04-06,3.97,4.03,3.95,3.99,17510740,210515472.0
2010-04-07,3.97,4.09,3.95,4.03,26109144,318443648.0
2010-04-08,4.09,4.38,4.05,4.28,78182456,997063040.0
2010-04-09,4.25,4.38,4.25,4.37,49351192,643163136.0
2010-04-12,4.4,4.47,4.33,4.38,31772000,421392128.0
2010-04-13,4.38,4.5,4.06,4.25,36950976,477640288.0
2010-04-14,4.24,4.43,4.2,4.35,22448216,295305152.0
2010-04-16,4.29,4.42,4.19,4.3,19373072,250918976.0
2010-04-19,4.22,4.31,3.95,3.96,24900084,308532288.0
2010-04-20,3.95,4.1,3.89,4.09,22603640,272747520.0
2010-04-21,4.08,4.4,4.05,4.35,28284158,364323744.0
2010-04-22,4.34,4.54,4.28,4.41,32579716,436139648.0
2010-04-23,4.41,4.5,4.23,4.29,21133360,276739264.0
2010-04-26,4.34,4.43,4.24,4.37,17924472,236467136.0
2010-04-27,4.32,4.43,4.19,4.34,21211464,274971552.0
2010-04-28,4.28,4.56,4.24,4.44,31578516,423619456.0
2010-04-29,4.44,4.51,4.24,4.27,27971766,369914784.0
2010-04-30,4.26,4.26,3.9,4.02,28196356,339602720.0
2010-05-04,3.85,4.03,3.85,3.93,14978829,178253920.0
2010-05-05,3.87,4.14,3.85,4.12,16482016,200247760.0
2010-05-06,4.09,4.16,3.95,3.97,15714388,193240288.0
2010-05-07,3.88,4.01,3.81,3.81,19786942,231639696.0
2010-05-10,3.81,3.87,3.45,3.55,21685210,235749088.0
2010-05-11,3.64,3.67,3.28,3.34,25748886,266978768.0
2010-05-12,3.29,3.4,3.24,3.33,14569178,145596832.0
2010-05-13,3.34,3.5,3.31,3.49,21946066,225395568.0
2010-05-14,3.48,3.56,3.43,3.5,16758125,177247216.0
2010-05-17,3.41,3.45,3.27,3.28,13854977,140754544.0
2010-05-18,3.29,3.38,3.17,3.34,17288296,170992800.0
2010-05-19,3.3,3.42,3.23,3.33,15734877,158460144.0
2010-05-20,3.29,3.41,3.25,3.27,16104507,161089264.0
2010-05-21,3.16,3.33,3.13,3.33,23011090,224382752.0
2010-05-24,3.35,3.49,3.32,3.47,28657708,297039392.0
2010-05-25,3.45,3.48,3.34,3.38,16817804,170943584.0
2010-05-26,3.37,3.41,3.17,3.28,48734636,473027840.0
2010-05-27,3.23,3.37,3.15,3.36,46968056,457728672.0
2010-05-28,3.41,3.44,3.33,3.38,39054408,395029408.0
2010-05-31,3.37,3.37,3.22,3.23,21076128,208199232.0
2010-06-01,3.2,3.24,2.99,3.06,27976894,258813808.0
2010-06-02,3.04,3.13,2.95,3.12,21480868,194425696.0
2010-06-03,3.16,3.16,3.06,3.07,24027744,223384960.0
2010-06-04,3.04,3.12,3.01,3.09,13255945,121442592.0
2010-06-07,3.02,3.07,2.97,3.04,15285764,138020720.0
2010-06-08,3.04,3.11,3.03,3.09,16226157,148594416.0
2010-06-09,3.12,3.2,3.06,3.18,23967148,223752368.0
2010-06-10,3.15,3.28,3.13,3.21,27884636,267666032.0
2010-06-11,3.25,3.28,3.15,3.16,20355014,193772400.0
2010-06-17,3.2,3.21,3.12,3.13,13350767,125900464.0
2010-06-18,3.12,3.13,2.97,3.0,17071096,154580304.0
2010-06-21,2.99,3.09,2.97,3.09,10538420,95740368.0
2010-06-22,3.07,3.1,3.05,3.09,9310401,85399120.0
2010-06-23,3.06,3.11,3.02,3.05,10296637,93782528.0
2010-06-24,3.05,3.12,3.02,3.11,16119027,148228224.0
2010-06-25,3.09,3.11,3.02,3.06,10759669,98049296.0
2010-06-28,3.05,3.09,3.0,3.03,10949782,99221664.0
2010-06-29,3.02,3.04,2.73,2.75,27569348,233071024.0
2010-06-30,2.68,2.73,2.66,2.67,11783579,94070688.0
2010-07-01,2.69,2.7,2.57,2.59,13391745,104348136.0
2010-07-02,2.58,2.59,2.43,2.55,11638861,87474040.0
2010-07-05,2.52,2.53,2.45,2.48,8647425,64399384.0
2010-07-06,2.49,2.61,2.49,2.59,17657900,135111968.0
2010-07-07,2.59,2.63,2.56,2.63,14987311,116413824.0
2010-07-08,2.64,2.65,2.58,2.59,13736241,106782984.0
2010-07-09,2.6,2.74,2.58,2.73,28171276,225273888.0
2010-07-12,2.72,2.77,2.7,2.75,19271502,157066752.0
2010-07-13,2.73,2.73,2.66,2.7,14759245,118562424.0
2010-07-14,2.74,2.78,2.72,2.74,14858475,121853264.0
2010-07-15,2.77,2.77,2.64,2.64,10021623,80727896.0
2010-07-16,2.63,2.71,2.62,2.69,10153096,80749096.0
2010-07-19,2.67,2.94,2.65,2.9,32080790,270168576.0
2010-07-20,2.92,3.04,2.88,3.03,40479348,358197536.0
2010-07-21,3.02,3.05,2.96,3.02,26716696,239137568.0
2010-07-22,2.98,3.08,2.97,3.06,21837524,196870880.0
2010-07-30,3.28,3.28,3.12,3.15,50682632,480604480.0
2010-08-02,3.13,3.19,3.1,3.17,26352400,247476736.0
2010-08-03,3.19,3.27,3.19,3.21,44620904,430367392.0
2010-08-04,3.28,3.32,3.19,3.29,34311536,332383616.0
2010-08-05,3.29,3.29,3.19,3.24,21256544,205179264.0
2010-08-06,3.25,3.29,3.14,3.26,33960308,324916640.0
2010-08-09,3.25,3.27,3.22,3.26,22898036,221615216.0
2010-08-10,3.27,3.28,3.1,3.11,19898332,188951104.0
2010-08-11,3.09,3.14,3.09,3.12,13965421,129789696.0
2010-08-12,3.09,3.13,3.06,3.07,11033914,101649536.0
2010-08-13,3.06,3.13,3.04,3.12,11975984,110185304.0
2010-08-16,3.12,3.23,3.11,3.21,22156836,210480464.0
2010-08-17,3.22,3.24,3.16,3.21,22112742,210781648.0
2010-08-18,3.22,3.27,3.16,3.24,24356560,233754976.0
2010-08-19,3.24,3.26,3.2,3.22,19290084,185850640.0
2010-08-20,3.2,3.21,3.1,3.1,18150668,169901456.0
2010-08-23,3.09,3.16,3.06,3.15,14103314,131110528.0
2010-08-24,3.14,3.21,3.08,3.18,17616860,165800176.0
2010-08-25,3.15,3.28,3.13,3.23,42557952,409764704.0
2010-08-26,3.25,3.39,3.2,3.36,55723896,550402368.0
2010-08-27,3.34,3.35,3.27,3.32,22520708,222250000.0
2010-08-30,3.38,3.43,3.31,3.42,41217376,416537664.0
2010-08-31,3.4,3.48,3.36,3.43,29546944,302276736.0
2010-09-01,3.43,3.43,3.25,3.3,31319466,311890144.0
2010-09-02,3.32,3.39,3.29,3.36,22737208,227156832.0
2010-09-03,3.37,3.5,3.34,3.49,38589608,393542816.0
2010-09-06,3.53,3.64,3.45,3.48,42251584,447565440.0
2010-09-07,3.48,3.53,3.43,3.52,22280204,230958256.0
2010-09-08,3.5,3.54,3.45,3.53,21475192,223623984.0
2010-09-09,3.55,3.6,3.44,3.44,26128180,272580864.0
2010-09-10,3.45,3.47,3.32,3.41,22243788,225620800.0
2010-09-14,3.49,3.69,3.47,3.65,50976500,544943936.0
2010-09-15,3.66,3.66,3.51,3.52,31237312,332199104.0
2010-09-16,3.51,3.55,3.37,3.41,24539488,250456032.0
2010-09-17,3.44,3.48,3.4,3.42,13902437,142451520.0
2010-09-20,3.43,3.46,3.37,3.38,11150260,113582880.0
2010-09-21,3.37,3.47,3.37,3.42,9786721,99942008.0
2010-09-27,3.44,3.53,3.4,3.52,17843668,185034272.0
2010-09-28,3.52,3.56,3.47,3.52,16982692,178310320.0
2010-09-29,3.53,3.6,3.44,3.47,17478510,184111888.0
2010-09-30,3.45,3.57,3.42,3.55,16266655,170908784.0
2010-10-08,3.57,3.65,3.57,3.62,26714164,288090784.0
2010-10-11,3.63,3.69,3.57,3.63,40307568,435437280.0
2010-10-12,3.64,3.74,3.63,3.67,41626052,456357696.0
2010-10-13,3.67,3.67,3.55,3.61,39296272,421416288.0
2010-10-14,3.62,3.64,3.45,3.47,37064836,393569600.0
2010-10-15,3.44,3.51,3.41,3.45,23964036,247203200.0
2010-10-18,3.43,3.6,3.39,3.58,28630102,296476896.0
2010-10-19,3.55,3.72,3.54,3.69,42017056,457148032.0
2010-10-20,3.64,3.84,3.62,3.77,56797392,636684928.0
2010-10-21,3.77,3.84,3.73,3.81,37465008,424697248.0
2010-10-22,3.82,3.83,3.74,3.78,27803116,312560672.0
2010-10-25,3.78,3.9,3.78,3.86,29856166,343015616.0
2010-10-26,3.88,3.9,3.74,3.81,40534280,457812416.0
2010-10-27,3.78,4.0,3.76,3.85,49044344,570237824.0
2010-10-28,3.84,4.05,3.79,4.01,58802876,696118464.0
2010-10-29,4.02,4.04,3.92,4.01,37585872,446309184.0
2010-11-01,4.01,4.08,3.96,4.07,40921896,491984256.0
2010-11-02,4.1,4.1,3.92,3.93,45901600,549100608.0
2010-11-03,3.9,3.94,3.81,3.81,27614834,317202560.0
2010-11-04,3.8,3.9,3.79,3.87,20011586,229926896.0
2010-11-05,3.89,3.94,3.85,3.92,25915800,300898528.0
2010-11-08,3.92,4.05,3.9,4.01,27077390,322619776.0
2010-11-09,4.0,4.0,3.92,3.96,23587896,278156640.0
2010-11-10,3.94,4.01,3.86,3.99,27141854,317594848.0
2010-11-11,3.96,4.06,3.89,3.9,34304588,409176800.0
2010-11-12,3.86,3.91,3.53,3.54,35230672,390948128.0
2010-11-15,3.55,3.65,3.52,3.64,16637037,177815568.0
2010-11-16,3.64,3.64,3.39,3.44,17529310,184224416.0
2010-11-17,3.41,3.51,3.39,3.4,12032461,123735976.0
2010-11-18,3.46,3.5,3.42,3.47,8280469,85349272.0
2010-11-19,3.52,3.74,3.49,3.69,32985648,358096352.0
2010-11-22,3.78,4.05,3.78,3.99,89039088,1053396480.0
2010-11-23,3.89,3.92,3.71,3.82,52101448,591489728.0
2010-11-24,3.85,4.03,3.81,3.97,45424288,532163616.0
2010-11-25,4.07,4.07,3.9,3.96,33702592,398587712.0
2010-11-26,3.96,4.07,3.89,4.03,44383464,530330560.0
2010-11-29,4.0,4.04,3.93,3.97,24757772,293914240.0
2010-11-30,3.99,3.99,3.64,3.75,33428724,378129280.0
2010-12-01,3.76,3.81,3.71,3.75,12572171,141150128.0
2010-12-02,3.81,3.86,3.77,3.77,14812126,168475296.0
2010-12-03,3.76,3.86,3.73,3.79,11855181,134279472.0
2010-12-06,3.81,3.84,3.66,3.69,11437799,126799600.0
2010-12-07,3.67,3.78,3.59,3.76,11092335,122320496.0
2010-12-08,3.77,3.89,3.74,3.83,19958818,227481904.0
2010-12-09,3.8,3.83,3.7,3.81,13093272,146929040.0
2010-12-10,3.76,3.99,3.75,3.93,38625448,450540384.0
2010-12-13,4.05,4.12,3.96,4.04,57284036,692806272.0
2010-12-14,4.02,4.19,3.99,4.11,47713904,585623808.0
2010-12-15,4.13,4.14,4.0,4.02,30303724,367393664.0
2010-12-16,4.01,4.08,3.97,3.98,19294000,231818096.0
2010-12-17,3.97,4.09,3.96,4.07,18858160,226539056.0
2010-12-20,4.11,4.15,3.86,3.98,30129184,359398016.0
2010-12-21,3.99,4.17,3.93,4.17,38804304,473868896.0
2010-12-22,4.15,4.17,4.06,4.09,24225240,297304224.0
2010-12-23,4.08,4.12,3.93,3.95,20224876,240930944.0
2010-12-24,3.93,3.94,3.81,3.86,15413798,177725216.0
2010-12-27,3.89,3.95,3.67,3.7,19108790,216843312.0
2010-12-28,3.66,3.69,3.6,3.6,11934576,129397200.0
2010-12-29,3.64,3.72,3.59,3.7,9002421,98248912.0
2010-12-30,3.69,3.81,3.65,3.81,13696523,152743216.0
2010-12-31,3.8,3.84,3.74,3.82,11052644,125274704.0
2011-01-04,3.82,3.92,3.77,3.91,15591562,178907472.0
2011-01-05,3.88,4.03,3.88,3.98,25180746,298782720.0
2011-01-06,3.96,4.04,3.94,4.01,16316183,194201760.0
2011-01-07,3.99,4.0,3.88,3.9,18119050,213197792.0
2011-01-10,3.92,4.01,3.86,3.89,9609847,112390320.0
2011-01-11,3.9,3.93,3.72,3.79,13475397,152513600.0
2011-01-12,3.79,3.85,3.78,3.85,8391530,95470904.0
2011-01-13,3.89,3.89,3.76,3.81,7065837,80389104.0
2011-01-14,3.77,3.79,3.66,3.69,9989913,110383024.0
2011-01-17,3.66,3.71,3.52,3.55,9328512,100328328.0
2011-01-18,3.58,3.59,3.51,3.55,7148782,75536424.0
2011-01-19,3.57,3.65,3.54,3.64,11275166,121067200.0
2011-01-20,3.62,3.62,3.36,3.4,16351052,169729968.0
2011-01-21,3.39,3.49,3.39,3.39,10839161,110648016.0
2011-01-24,3.4,3.43,3.32,3.34,8266736,83099176.0
2011-01-25,3.34,3.36,3.31,3.33,4381657,43559016.0
2011-01-26,3.34,3.41,3.32,3.4,7514447,75688720.0
2011-01-27,3.38,3.45,3.34,3.43,8290353,84461104.0
2011-01-28,3.43,3.45,3.4,3.44,6727482,68819152.0
2011-01-31,3.44,3.48,3.42,3.47,6236982,64342104.0
2011-02-01,3.47,3.55,3.47,3.51,7180712,75530128.0
2011-02-09,3.45,3.51,3.44,3.46,7194127,74570632.0
2011-02-10,3.49,3.58,3.48,3.57,9418158,99346944.0
2011-02-11,3.56,3.63,3.54,3.59,9246017,99230056.0
2011-02-14,3.58,3.73,3.58,3.69,18934074,206978000.0
2011-02-15,3.68,3.74,3.64,3.65,13272482,146309248.0
2011-02-16,3.65,3.79,3.65,3.78,19371992,216358976.0
2011-02-17,3.81,3.99,3.77,3.89,32561444,379314400.0
2011-02-18,3.89,3.9,3.79,3.8,10921402,124471752.0
2011-02-21,3.79,3.97,3.77,3.95,17033184,198045360.0
2011-02-22,3.93,3.98,3.79,3.82,16883112,195114928.0
2011-02-23,3.79,3.89,3.79,3.86,12581584,144029536.0
2011-02-24,3.83,3.83,3.74,3.8,18509188,208559712.0
2011-02-25,3.79,3.82,3.75,3.77,15937402,179200864.0
2011-02-28,3.78,3.82,3.73,3.82,13177282,148733968.0
2011-03-01,3.82,3.85,3.76,3.78,16842082,190903344.0
2011-03-02,3.76,3.82,3.7,3.81,14336950,160663872.0
2011-03-03,3.8,3.81,3.71,3.73,11944755,133728792.0
2011-03-04,3.73,3.78,3.72,3.77,10896655,121869376.0
2011-03-07,3.77,3.87,3.77,3.86,19170962,219523008.0
2011-03-08,3.86,3.88,3.82,3.88,10559292,121222736.0
2011-03-09,3.89,3.89,3.81,3.82,12335549,141088064.0
2011-03-10,3.82,3.89,3.81,3.81,12840785,147262320.0
2011-03-11,3.81,3.84,3.74,3.79,12236801,138385888.0
2011-03-14,3.92,3.96,3.82,3.93,27512848,318850048.0
2011-03-15,3.89,3.91,3.73,3.78,22481194,254035488.0
2011-03-16,3.8,4.02,3.8,3.95,39869456,465311616.0
2011-03-17,3.86,3.94,3.82,3.85,22031100,254608640.0
2011-03-18,3.87,3.9,3.82,3.87,11098876,128052232.0
2011-03-21,3.87,3.93,3.81,3.84,12758895,147206544.0
2011-03-22,3.86,3.88,3.78,3.8,9423662,106847360.0
2011-03-23,3.8,3.87,3.77,3.85,10127169,115692248.0
2011-03-24,3.86,3.87,3.81,3.82,9281195,106159728.0
2011-03-25,3.81,3.92,3.79,3.87,17934874,207473168.0
2011-03-28,3.89,3.95,3.83,3.94,22103844,256754064.0
2011-03-29,3.92,4.0,3.89,3.93,30372210,357967136.0
2011-03-30,3.91,4.1,3.88,3.98,44255416,528112448.0
2011-03-31,3.97,4.05,3.82,3.82,32897216,385844064.0
2011-04-01,3.83,3.86,3.74,3.83,15760976,178765760.0
2011-04-06,3.82,3.87,3.79,3.83,10833426,123614864.0
2011-04-07,3.84,3.85,3.79,3.82,9871967,112491664.0
2011-04-11,3.85,3.87,3.75,3.76,20568652,232725488.0
2011-04-12,3.77,3.86,3.76,3.82,15418137,175406048.0
2011-04-13,3.84,3.9,3.8,3.89,14699420,169407616.0
2011-04-14,3.89,3.92,3.82,3.83,14495550,166994544.0
2011-04-15,3.83,3.84,3.77,3.82,13893969,157538448.0
2011-04-18,3.82,3.93,3.81,3.92,22539246,261010048.0
2011-04-19,3.91,3.91,3.82,3.86,13041190,146116816.0
2011-04-20,3.88,3.9,3.82,3.84,11654779,130002568.0
2011-04-21,3.84,3.94,3.84,3.92,11512610,130514232.0
2011-04-22,3.91,3.92,3.75,3.75,22008260,244096496.0
2011-04-25,3.72,3.73,3.57,3.58,18292610,192595424.0
2011-04-26,3.56,3.62,3.55,3.57,8108910,84198552.0
2011-04-27,3.59,3.62,3.52,3.54,6336176,65703348.0
2011-04-28,3.55,3.61,3.44,3.46,8537942,87412280.0
2011-04-29,3.49,3.54,3.48,3.54,6034452,61722328.0
2011-05-03,3.57,3.6,3.55,3.59,5289112,55017448.0
2011-05-04,3.57,3.58,3.44,3.47,8529553,86723240.0
2011-05-05,3.47,3.5,3.46,3.49,4333189,43867696.0
2011-05-06,3.48,3.51,3.44,3.5,9387599,94620040.0
2011-05-09,3.5,3.52,3.48,3.51,6119778,62284792.0
2011-05-10,3.51,3.52,3.46,3.51,6812482,68972984.0
2011-05-11,3.52,3.53,3.48,3.52,6035259,61533264.0
2011-05-12,3.49,3.5,3.44,3.45,6714809,67791072.0
2011-05-13,3.44,3.49,3.44,3.49,8045390,80945136.0
2011-05-17,3.5,3.56,3.49,3.52,12399126,126856744.0
2011-05-18,3.51,3.54,3.48,3.51,8092510,82673880.0
2011-05-19,3.53,3.55,3.5,3.51,7125731,73088800.0
2011-05-20,3.51,3.54,3.48,3.53,4944307,50426032.0
2011-05-23,3.51,3.52,3.37,3.39,8547811,85383112.0
2011-05-24,3.37,3.37,3.3,3.36,5744748,55680312.0
2011-05-25,3.37,3.38,3.27,3.27,4783735,46187784.0
2011-05-26,3.3,3.32,3.23,3.24,4192332,39950684.0
2011-05-27,3.23,3.29,3.22,3.23,4331179,40852500.0
2011-05-30,3.23,3.26,3.13,3.14,4222764,39325272.0
2011-05-31,3.14,3.21,3.12,3.2,4550854,41846168.0
2011-06-01,3.21,3.21,3.17,3.2,5036590,46672416.0
2011-06-02,3.17,3.19,3.12,3.16,4452891,40807420.0
2011-06-03,3.16,3.23,3.16,3.2,3888048,36104196.0
2011-06-07,3.19,3.24,3.17,3.23,4703483,43843240.0
2011-06-08,3.23,3.23,3.16,3.2,4036449,37398416.0
2011-06-09,3.2,3.2,3.12,3.13,5088599,46612484.0
2011-06-10,3.14,3.14,3.08,3.13,4815248,43467060.0
2011-06-13,3.11,3.15,3.07,3.13,3713073,33602724.0
2011-06-14,3.14,3.18,3.12,3.17,5880038,53884548.0
2011-06-15,3.15,3.19,3.14,3.14,4839205,44510136.0
2011-06-16,3.12,3.12,3.06,3.06,4644892,41585624.0
2011-06-17,3.05,3.09,3.05,3.05,2768113,24637142.0
2011-06-20,3.06,3.07,2.95,2.99,3752795,32820154.0
2011-06-21,3.01,3.03,2.96,3.02,2642804,23050558.0
2011-06-22,3.02,3.05,3.01,3.02,2767731,24356892.0
2011-06-23,3.02,3.09,2.98,3.08,4565393,40518556.0
2011-06-24,3.07,3.21,3.06,3.17,9070430,82781592.0
2011-06-27,3.17,3.21,3.16,3.17,5209841,48142520.0
2011-06-28,3.18,3.18,3.14,3.17,4994308,45844752.0
2011-06-29,3.17,3.2,3.1,3.11,5795913,52987904.0
2011-06-30,3.1,3.16,3.1,3.16,5613870,51300996.0
2011-07-01,3.16,3.24,3.15,3.18,9510568,88492080.0
2011-07-04,3.21,3.28,3.19,3.28,10192166,96085840.0
2011-07-05,3.29,3.29,3.25,3.27,5830174,55270744.0
2011-07-06,3.27,3.36,3.25,3.33,12327753,118862400.0
2011-07-07,3.35,3.46,3.34,3.39,20996524,207478816.0
2011-07-08,3.38,3.4,3.34,3.38,6234469,60991404.0
2011-07-11,3.38,3.43,3.35,3.39,5998302,59305112.0
2011-07-12,3.37,3.37,3.28,3.28,10108886,97421096.0
2011-07-13,3.28,3.35,3.28,3.34,5157429,49864924.0
2011-07-14,3.35,3.39,3.32,3.37,6458727,62880060.0
2011-07-15,3.37,3.39,3.35,3.38,5562894,54566320.0
2011-07-18,3.37,3.43,3.37,3.42,6540422,64740172.0
2011-07-19,3.4,3.42,3.36,3.37,4738581,46603224.0
2011-07-20,3.4,3.41,3.35,3.39,5160219,50730728.0
2011-07-21,3.4,3.41,3.32,3.4,7566358,74163576.0
2011-07-22,3.41,3.46,3.41,3.45,15105384,150983888.0
2011-07-25,3.37,3.48,3.32,3.35,12763929,125801656.0
2011-07-26,3.33,3.36,3.3,3.34,4823517,46602348.0
2011-07-27,3.31,3.36,3.29,3.35,4429931,42815228.0
2011-07-28,3.3,3.35,3.27,3.3,5016827,48001576.0
2011-07-29,3.3,3.31,3.2,3.21,5063398,47742936.0
2011-08-01,3.21,3.24,3.19,3.21,3724452,34756780.0
2011-08-02,3.2,3.21,3.15,3.2,3822662,35262492.0
2011-08-03,3.15,3.24,3.15,3.2,3328271,31032068.0
2011-08-04,3.2,3.25,3.19,3.21,2637445,24667028.0
2011-08-05,3.12,3.18,3.09,3.15,4606500,42208736.0
2011-08-08,3.11,3.18,2.99,3.02,7682591,68329048.0
2011-08-09,2.93,3.05,2.88,3.01,7449688,64643900.0
2011-08-10,3.06,3.18,3.05,3.08,9188772,83029000.0
2011-08-11,3.03,3.13,3.02,3.11,4663867,41887336.0
2011-08-12,3.14,3.17,3.12,3.13,4192926,38252152.0
2011-08-15,3.14,3.18,3.13,3.17,3725411,34230948.0
2011-08-16,3.18,3.18,3.13,3.13,4774956,43715456.0
2011-08-17,3.13,3.15,3.12,3.13,4014384,36484616.0
2011-08-18,3.13,3.14,3.08,3.09,3169949,28661740.0
2011-08-19,3.03,3.07,2.98,3.02,5301447,46464440.0
2011-08-22,3.03,3.06,2.98,3.02,3057719,26741226.0
2011-08-23,3.04,3.07,3.0,3.07,3237268,28574012.0
2011-08-24,3.08,3.09,3.03,3.05,3725874,33199984.0
2011-08-25,3.06,3.15,3.05,3.14,5204306,46939944.0
2011-08-26,3.13,3.15,3.1,3.14,3977951,36100464.0
2011-08-29,3.12,3.12,3.06,3.06,4512435,40372404.0
2011-08-30,3.09,3.12,3.0,3.0,5623274,49898208.0
2011-08-31,3.02,3.04,3.0,3.03,2961901,25954180.0
2011-09-01,3.03,3.1,3.03,3.06,4122660,36705740.0
2011-09-02,3.06,3.07,3.0,3.06,3527856,31026284.0
2011-09-05,3.01,3.04,2.98,2.98,3112917,27097656.0
2011-09-06,2.95,3.01,2.95,2.96,1998609,17252768.0
2011-09-07,2.98,3.02,2.97,3.02,2648817,23046580.0
2011-09-08,3.03,3.05,2.98,2.99,2533251,22251514.0
2011-09-09,3.05,3.05,2.98,3.01,2579721,22519592.0
2011-09-13,2.99,3.02,2.96,3.02,2760523,23975088.0
2011-09-14,3.03,3.06,2.98,3.06,3120566,27424420.0
2011-09-15,3.06,3.08,3.04,3.05,3019484,26864060.0
2011-09-16,3.06,3.07,3.04,3.06,2367332,20986084.0
2011-09-19,3.05,3.05,3.01,3.03,1807677,15879504.0
2011-09-20,3.03,3.05,3.0,3.04,2400948,21182472.0
2011-09-21,3.05,3.13,3.03,3.13,6313034,56795732.0
2011-09-22,3.1,3.12,3.01,3.02,4750825,42321824.0
2011-09-23,2.99,3.06,2.96,3.04,4255231,37025816.0
2011-09-26,3.02,3.06,3.01,3.05,3139559,27664252.0
2011-09-27,3.06,3.08,3.03,3.06,2614869,23249984.0
2011-09-28,3.08,3.12,2.96,2.97,3698366,32754708.0
2011-09-29,2.98,3.03,2.9,2.97,5167355,44224264.0
2011-09-30,2.97,2.99,2.93,2.95,3629136,31130054.0
2011-10-10,2.96,3.0,2.93,2.94,1891987,16340706.0
2011-10-11,3.01,3.03,2.93,2.94,1975553,17044216.0
2011-10-12,2.93,3.04,2.93,3.02,5470108,47541224.0
2011-10-13,3.01,3.05,2.99,3.04,3539307,31109252.0
2011-10-14,3.03,3.08,2.99,3.07,4614234,40702216.0
2011-10-17,3.06,3.09,3.03,3.05,2733293,24267942.0
2011-10-18,3.02,3.05,2.96,3.0,2850073,24838296.0
2011-10-19,3.0,3.02,2.93,2.98,3419767,29450928.0
2011-10-20,2.95,2.95,2.85,2.88,3058431,25655292.0
2011-10-21,2.91,2.91,2.78,2.83,2505491,20546786.0
2011-10-24,2.84,2.88,2.78,2.86,2949130,24281824.0
2011-10-25,2.84,2.92,2.81,2.92,5054527,42387500.0
2011-10-26,2.9,2.95,2.89,2.91,4822303,40996072.0
2011-10-27,2.92,2.94,2.9,2.9,2482852,21009852.0
2011-10-28,2.93,2.96,2.91,2.96,5346842,45631324.0
2011-10-31,2.95,2.95,2.91,2.93,4211282,35786592.0
2011-11-01,2.91,2.94,2.89,2.91,3947203,33416680.0
2011-11-02,2.87,3.03,2.82,2.99,6932936,58294328.0
2011-11-03,3.0,3.1,2.99,3.07,15333909,135726896.0
2011-11-04,3.1,3.1,3.03,3.08,10043005,89746344.0
2011-11-07,3.04,3.13,3.04,3.09,16660939,149932464.0
2011-11-08,3.13,3.13,3.06,3.08,8036011,72192848.0
2011-11-09,3.08,3.13,3.06,3.11,11862169,106946344.0
2011-11-10,3.08,3.09,3.04,3.08,5482600,48850796.0
2011-11-11,3.09,3.18,3.08,3.1,11879200,107923008.0
2011-11-14,3.12,3.13,3.09,3.11,11280530,101938400.0
2011-11-15,3.1,3.12,3.05,3.1,6019501,53897304.0
2011-11-16,3.1,3.1,3.0,3.01,5985631,52910440.0
2011-11-17,3.01,3.04,2.97,2.98,4330240,37820944.0
2011-11-18,2.97,2.97,2.88,2.89,4595856,38862684.0
2011-11-21,2.9,2.91,2.89,2.91,2046668,17243426.0
2011-11-22,2.88,2.92,2.86,2.91,2680822,22547056.0
2011-11-23,2.93,2.93,2.88,2.88,2150599,18117796.0
2011-11-24,2.87,2.89,2.85,2.88,3134563,26101366.0
2011-11-25,2.87,2.89,2.85,2.86,1780746,14826260.0
2011-11-28,2.87,2.88,2.84,2.85,1665064,13808804.0
2011-11-29,2.88,2.9,2.86,2.9,2471629,20673472.0
2011-11-30,2.9,2.91,2.78,2.8,6239937,51256764.0
2011-12-01,2.86,2.88,2.82,2.82,5196492,42987552.0
2011-12-02,2.82,2.83,2.75,2.76,3813016,30799382.0
2011-12-05,2.78,2.78,2.67,2.7,3168702,25086676.0
2011-12-06,2.7,2.71,2.64,2.69,2607060,20229960.0
2011-12-07,2.68,2.72,2.67,2.67,1882024,14736631.0
2011-12-08,2.67,2.72,2.64,2.7,1927977,15037037.0
2011-12-09,2.68,2.71,2.67,2.7,1463861,11448558.0
2011-12-12,2.68,2.72,2.68,2.71,4503044,35409280.0
2011-12-13,2.71,2.71,2.51,2.6,6500669,49011496.0
2011-12-14,2.58,2.6,2.52,2.55,1652624,12297853.0
2011-12-15,2.55,2.55,2.44,2.49,3281932,23656604.0
2011-12-16,2.49,2.55,2.46,2.54,4194265,30512362.0
2011-12-19,2.5,2.59,2.45,2.58,6512008,47942496.0
2011-12-20,2.56,2.6,2.54,2.55,2469352,18393836.0
2011-12-21,2.57,2.57,2.48,2.53,3111467,22928332.0
2011-12-22,2.51,2.53,2.42,2.5,2608715,18695980.0
2011-12-23,2.5,2.53,2.47,2.52,4509003,32896428.0
2011-12-26,2.49,2.53,2.48,2.52,2898307,21085686.0
2011-12-27,2.51,2.51,2.45,2.5,3269359,23530768.0
2011-12-28,2.47,2.49,2.42,2.47,4981731,35531648.0
2011-12-29,2.46,2.52,2.45,2.47,6583486,47598372.0
2011-12-30,2.5,2.5,2.46,2.49,7075331,51118052.0
2012-01-04,2.5,2.51,2.43,2.45,2558094,18336252.0
2012-01-05,2.43,2.46,2.4,2.44,8060785,57274912.0
2012-01-06,2.43,2.5,2.41,2.49,8411453,59978788.0
2012-01-09,2.49,2.56,2.45,2.55,7035488,51451856.0
2012-01-10,2.53,2.64,2.52,2.63,11527068,86325736.0
2012-01-11,2.61,2.64,2.6,2.63,8729615,66582472.0
2012-01-12,2.62,2.64,2.57,2.61,6353860,48070576.0
2012-01-13,2.6,2.6,2.49,2.53,4581101,33787768.0
2012-01-16,2.51,2.51,2.46,2.49,2463935,17790900.0
2012-01-17,2.48,2.62,2.48,2.61,9776842,72264216.0
2012-01-18,2.59,2.62,2.56,2.58,8539524,64149404.0
2012-01-19,2.57,2.62,2.56,2.6,9119062,68632408.0
2012-01-20,2.61,2.64,2.6,2.64,13623833,103784736.0
2012-01-30,2.65,2.66,2.56,2.57,6650868,50643844.0
2012-01-31,2.57,2.58,2.55,2.58,2613033,19474744.0
2012-02-01,2.65,2.67,2.61,2.61,11649834,89248032.0
2012-02-02,2.62,2.69,2.62,2.66,10780629,83313712.0
2012-02-03,2.65,2.81,2.64,2.79,22027900,176486960.0
2012-02-06,2.78,2.88,2.76,2.87,19846272,163892064.0
2012-02-07,2.87,2.88,2.76,2.82,12420240,101782336.0
2012-02-08,2.8,2.89,2.8,2.88,7887280,65455580.0
2012-02-09,2.86,2.92,2.84,2.89,9074415,75869872.0
2012-02-10,2.87,2.88,2.81,2.84,8331630,68594144.0
2012-02-13,2.82,2.91,2.79,2.9,13327881,110804376.0
2012-02-14,2.89,2.89,2.82,2.84,7497035,62180776.0
2012-02-15,2.83,2.86,2.82,2.85,6491417,53596472.0
2012-02-16,2.84,2.87,2.75,2.78,10321939,83819072.0
2012-02-17,2.8,2.81,2.76,2.8,4770409,38619080.0
2012-02-20,2.83,2.84,2.78,2.78,5479072,44721904.0
2012-02-21,2.8,2.83,2.76,2.83,5002570,40640092.0
2012-02-22,2.83,2.86,2.81,2.86,9203776,75738456.0
2012-02-23,2.85,2.86,2.82,2.84,6422096,52997756.0
2012-02-24,2.84,2.87,2.83,2.87,8195420,67984752.0
2012-02-27,2.88,2.92,2.86,2.86,10921718,91751392.0
2012-02-28,2.85,2.91,2.84,2.85,11823473,98443464.0
2012-02-29,2.83,2.85,2.72,2.75,15542695,125676488.0
2012-03-01,2.73,2.78,2.72,2.76,7656678,61409596.0
2012-03-02,2.76,2.81,2.76,2.8,5629252,45569292.0
2012-03-05,2.81,2.87,2.8,2.85,12106680,99985280.0
2012-03-06,2.84,2.86,2.79,2.8,6705273,54846304.0
2012-03-07,2.77,2.82,2.75,2.78,7565429,60940900.0
2012-03-08,2.78,2.81,2.77,2.8,5953111,48294744.0
2012-03-09,2.8,2.92,2.8,2.92,20232524,169814944.0
2012-03-12,2.91,2.91,2.85,2.89,10983433,91753464.0
2012-03-13,2.88,2.91,2.87,2.9,8851624,74234512.0
2012-03-14,2.91,2.93,2.75,2.77,12357712,102238512.0
2012-03-15,2.77,2.8,2.72,2.77,8568116,68696496.0
2012-03-16,2.76,2.81,2.75,2.8,5502767,44401568.0
2012-03-19,2.77,2.82,2.76,2.81,4708330,38136420.0
2012-03-20,2.8,2.8,2.74,2.74,5390213,43143072.0
2012-03-21,2.75,2.78,2.73,2.77,5574193,44676120.0
2012-03-22,2.77,2.77,2.74,2.74,2497147,19942640.0
2012-03-23,2.74,2.74,2.68,2.7,4899536,38549952.0
2012-03-26,2.69,2.86,2.67,2.78,7809994,62674664.0
2012-03-27,2.77,2.79,2.75,2.77,6356830,51201796.0
2012-03-28,2.76,2.81,2.67,2.72,7345893,58803560.0
2012-03-29,2.74,2.74,2.61,2.63,5685191,44017504.0
2012-03-30,2.63,2.66,2.57,2.59,4538039,34599648.0
2012-04-05,2.6,2.67,2.59,2.65,8119833,62129312.0
2012-04-06,2.66,2.83,2.66,2.81,18390104,147748720.0
2012-04-09,2.78,2.84,2.77,2.79,6817944,55633704.0
2012-04-10,2.78,2.88,2.76,2.88,13048744,107526712.0
2012-04-11,2.84,2.91,2.83,2.85,7128625,59209760.0
2012-04-12,2.85,2.89,2.82,2.88,6216140,51636136.0
2012-04-13,2.88,2.89,2.85,2.86,6399444,53384992.0
2012-04-16,2.85,3.02,2.83,2.98,20658838,177818480.0
2012-04-17,2.98,3.01,2.96,2.96,9955064,86182952.0
2012-04-19,3.03,3.06,2.97,2.98,15557224,136318672.0
2012-04-20,2.97,3.04,2.97,3.02,7270585,63719192.0
2012-04-23,3.02,3.12,3.02,3.04,12177419,108736408.0
2012-04-24,2.96,3.0,2.85,2.91,15657944,132584472.0
2012-04-25,2.9,2.94,2.85,2.92,7974354,67307216.0
2012-04-26,2.91,2.94,2.89,2.91,3871650,32747932.0
2012-04-27,2.91,2.96,2.84,2.87,6069277,50928316.0
2012-05-02,2.9,2.91,2.84,2.89,6266667,52304188.0
2012-05-03,2.88,2.91,2.87,2.9,6034692,50612224.0
2012-05-04,2.89,2.92,2.86,2.88,7629689,63837624.0
2012-05-07,2.86,2.89,2.83,2.89,10612874,88154160.0
2012-05-08,2.88,2.89,2.85,2.86,5138125,42753484.0
2012-05-09,2.84,2.85,2.78,2.81,5359123,43691144.0
2012-05-10,2.81,2.87,2.81,2.83,5215624,43235176.0
2012-05-11,2.82,2.85,2.8,2.83,2906647,23833918.0
2012-05-14,2.84,2.88,2.8,2.81,4399870,36211288.0
2012-05-15,2.79,2.82,2.77,2.8,2680142,21717832.0
2012-05-16,2.79,2.8,2.67,2.72,8837435,69915768.0
2012-05-17,2.7,2.75,2.68,2.74,6420588,50678992.0
2012-05-18,2.72,2.72,2.61,2.63,6417117,49487064.0
2012-05-21,2.64,2.65,2.62,2.62,2897634,22187642.0
2012-05-22,2.65,2.66,2.63,2.66,6210851,47733896.0
2012-05-23,2.66,2.67,2.64,2.66,3318739,25608056.0
2012-05-24,2.65,2.67,2.64,2.66,4026183,31044792.0
2012-05-25,2.66,2.68,2.62,2.63,4170287,32121948.0
2012-05-28,2.66,2.74,2.66,2.74,7575805,59570244.0
2012-05-29,2.75,2.77,2.73,2.76,6011847,48046304.0
2012-05-30,2.75,2.79,2.74,2.77,5915020,47537576.0
2012-05-31,2.76,2.78,2.75,2.77,8525642,68584168.0
2012-06-01,2.77,2.8,2.72,2.76,4479019,26480796.0
2012-06-04,2.73,2.73,2.61,2.65,7590221,43410908.0
2012-06-05,2.66,2.66,2.6,2.61,5789331,32483448.0
2012-06-06,2.62,2.63,2.54,2.57,5267825,29073920.0
2012-06-07,2.59,2.6,2.49,2.51,6399158,35013104.0
2012-06-08,2.53,2.54,2.47,2.51,5866511,31484244.0
2012-06-11,2.53,2.54,2.42,2.48,8057932,42747240.0
2012-06-12,2.47,2.49,2.45,2.49,4398944,23349592.0
2012-06-13,2.49,2.51,2.48,2.51,5311300,28480780.0
2012-06-14,2.51,2.53,2.49,2.5,4474115,24135964.0
2012-06-15,2.52,2.53,2.49,2.51,3440730,18521896.0
2012-06-18,2.51,2.58,2.51,2.55,4136625,22662674.0
2012-06-19,2.54,2.57,2.51,2.54,3154951,17219340.0
2012-06-20,2.54,2.59,2.53,2.58,5082913,28056172.0
2012-06-21,2.58,2.58,2.5,2.53,2854671,15471055.0
2012-06-25,2.51,2.53,2.46,2.47,3086564,16488316.0
2012-06-26,2.45,2.47,2.41,2.46,3467834,18147160.0
2012-06-27,2.45,2.48,2.4,2.47,3571164,18807604.0
2012-06-28,2.47,2.49,2.4,2.4,3031278,15854566.0
2012-06-29,2.4,2.43,2.27,2.4,6994890,35288448.0
2012-07-02,2.4,2.43,2.35,2.37,5043062,25931704.0
2012-07-03,2.38,2.43,2.38,2.4,3398848,17566734.0
2012-07-04,2.4,2.42,2.37,2.4,1561267,8052819.0
2012-07-05,2.4,2.4,2.37,2.39,2832309,14498452.0
2012-07-06,2.4,2.42,2.37,2.41,2696004,13854443.0
2012-07-09,2.41,2.41,2.34,2.35,2894529,14760311.0
2012-07-10,2.34,2.36,2.28,2.33,4217413,21021900.0
2012-07-11,2.33,2.34,2.28,2.31,5018250,24849940.0
2012-07-12,2.29,2.32,2.27,2.31,5672675,27894352.0
2012-07-13,2.3,2.31,2.21,2.28,10150790,49138728.0
2012-07-16,2.27,2.27,2.05,2.06,17269048,77595040.0
2012-07-17,2.06,2.07,1.98,2.05,8679850,37647600.0
2012-07-18,2.05,2.05,2.0,2.05,6087204,26366028.0
2012-07-19,2.05,2.09,2.02,2.07,9199861,40653664.0
2012-07-20,2.06,2.09,2.06,2.08,6629668,29573588.0
2012-07-23,2.06,2.09,2.06,2.07,3442881,15356126.0
2012-07-24,2.07,2.1,2.07,2.09,3484506,15594243.0
2012-07-25,2.08,2.11,2.03,2.05,5129501,22734728.0
2012-07-26,2.06,2.1,2.03,2.07,5798246,25879564.0
2012-07-27,2.09,2.12,2.07,2.1,4042714,18180412.0
2012-07-30,2.11,2.11,2.07,2.07,1961220,8765057.0
2012-07-31,2.07,2.09,2.04,2.05,1783039,7859889.0
2012-08-01,2.05,2.08,2.04,2.07,2364348,10464053.0
2012-08-02,2.05,2.09,2.05,2.05,1945808,8644856.0
2012-08-03,2.06,2.08,2.05,2.08,1859949,8239228.0
2012-08-06,2.08,2.13,2.06,2.12,3680755,16535958.0
2012-08-07,2.12,2.14,2.1,2.13,4032499,18347172.0
2012-08-08,2.13,2.13,2.11,2.13,2614133,11894779.0
2012-08-09,2.13,2.17,2.1,2.15,4756844,21766540.0
2012-08-10,2.14,2.26,2.14,2.22,10517069,49601556.0
2012-08-13,2.2,2.21,2.16,2.17,5074499,23683120.0
2012-08-14,2.17,2.21,2.12,2.19,3789569,17563756.0
2012-08-15,2.19,2.19,2.13,2.15,3345428,15435831.0
2012-08-16,2.13,2.17,2.13,2.14,1377323,6331527.0
2012-08-17,2.15,2.15,2.1,2.1,2410357,10924127.0
2012-08-20,2.08,2.1,2.07,2.09,1803226,8050221.0
2012-08-21,2.09,2.15,2.08,2.13,2932296,13383938.0
2012-08-22,2.13,2.14,2.1,2.12,1587481,7218528.0
2012-08-23,2.13,2.18,2.1,2.16,4370218,20070364.0
2012-08-24,2.16,2.17,2.11,2.11,2805801,12878105.0
2012-08-27,2.1,2.11,2.06,2.08,2685860,11993951.0
2012-08-28,2.08,2.11,2.06,2.07,1838561,8205404.0
2012-08-29,2.06,2.11,2.06,2.07,3211060,14315920.0
2012-08-30,2.07,2.09,2.05,2.07,2745962,12169320.0
2012-08-31,2.06,2.08,2.01,2.04,3646634,15971036.0
2012-09-03,2.04,2.06,2.02,2.06,3636725,15975130.0
2012-09-04,2.04,2.1,2.02,2.03,4952979,21939126.0
2012-09-05,2.03,2.08,2.0,2.07,2658116,11736823.0
2012-09-06,2.08,2.09,2.06,2.09,2693231,12036934.0
2012-09-07,2.1,2.19,2.1,2.17,10130230,46864100.0
2012-09-10,2.17,2.26,2.16,2.22,13568964,64417620.0
2012-09-11,2.19,2.23,2.19,2.21,4475910,21173128.0
2012-09-12,2.23,2.24,2.19,2.23,5681008,26908128.0
2012-09-13,2.22,2.22,2.15,2.15,4637307,21748052.0
2012-09-14,2.18,2.19,2.13,2.15,4612505,21337242.0
2012-09-17,2.15,2.16,2.1,2.1,3342858,15197127.0
2012-09-18,2.11,2.11,2.06,2.06,2360308,10518570.0
2012-09-19,2.06,2.1,2.05,2.08,3376707,15008270.0
2012-09-20,2.08,2.08,1.99,2.0,5274046,23045390.0
2012-09-21,2.01,2.04,2.0,2.01,2527623,10922268.0
2012-09-24,2.0,2.08,1.97,2.06,6048993,26144534.0
2012-09-25,2.05,2.07,2.01,2.01,2797150,12200479.0
2012-09-26,2.01,2.03,1.97,1.98,2012542,8571536.0
2012-09-27,1.97,2.05,1.97,2.01,3343698,14419132.0
2012-09-28,2.0,2.06,1.99,2.05,5005691,21813924.0
2012-10-08,2.05,2.09,2.04,2.07,4313563,19154696.0
2012-10-09,2.08,2.12,2.07,2.12,4633324,20966812.0
2012-10-10,2.11,2.13,2.1,2.12,3747251,17015340.0
2012-10-11,2.11,2.13,2.07,2.08,3906509,17650678.0
2012-10-12,2.1,2.11,2.07,2.1,2950270,13233258.0
2012-10-15,2.1,2.13,2.08,2.11,3311000,14932884.0
2012-10-16,2.11,2.14,2.1,2.12,4418694,20133890.0
2012-10-17,2.13,2.13,2.08,2.1,3347178,15139016.0
2012-10-18,2.12,2.17,2.1,2.16,10121008,46613096.0
2012-10-19,2.15,2.16,2.12,2.13,4921033,22569888.0
2012-10-22,2.12,2.13,2.1,2.13,4486595,20409124.0
2012-10-23,2.13,2.15,2.1,2.1,4836514,22068188.0
2012-10-24,2.1,2.13,2.09,2.11,5032097,22815936.0
2012-10-25,2.12,2.14,2.1,2.12,5555202,25266850.0
2012-10-26,2.12,2.12,2.0,2.02,7653005,33532088.0
2012-10-29,2.02,2.03,1.99,2.02,2967289,12768556.0
2012-10-30,2.02,2.1,2.02,2.03,3423573,14990950.0
2012-10-31,2.02,2.03,1.99,2.02,3754597,16139212.0
2012-11-01,2.02,2.06,2.01,2.06,7415719,32553940.0
2012-11-02,2.05,2.08,2.04,2.06,7474454,32981816.0
2012-11-05,2.06,2.07,2.04,2.05,3172194,13997883.0
2012-11-06,2.05,2.06,1.99,2.03,4173455,18080068.0
2012-11-07,2.02,2.05,2.02,2.04,4114010,18052052.0
2012-11-08,2.03,2.04,1.98,1.99,3583322,15412836.0
2012-11-09,1.99,2.01,1.98,1.99,3080615,13184743.0
2012-11-12,1.99,2.0,1.98,2.0,1556963,6667292.0
2012-11-13,2.0,2.0,1.93,1.95,3295188,13874196.0
2012-11-14,1.95,1.97,1.94,1.96,1958356,8222046.0
2012-11-15,1.95,1.96,1.89,1.89,2466731,10166268.0
2012-11-16,1.87,1.89,1.85,1.85,3044828,12205323.0
2012-11-19,1.85,1.91,1.85,1.91,2748612,11105302.0
2012-11-20,1.91,1.96,1.91,1.91,2415963,9981669.0
2012-11-21,1.93,1.93,1.91,1.92,2154326,8891961.0
2012-11-22,1.92,1.93,1.9,1.91,1231832,5065670.0
2012-11-23,1.91,1.93,1.86,1.88,5526137,22476914.0
2012-11-26,1.87,1.88,1.81,1.82,5117165,20183456.0
2012-11-27,1.82,1.82,1.76,1.77,3641675,13968195.0
2012-11-28,1.75,1.78,1.71,1.74,3408181,12777116.0
2012-11-29,1.75,1.76,1.7,1.71,2564992,9528895.0
2012-11-30,1.71,1.74,1.68,1.72,4618192,16967148.0
2012-12-03,1.72,1.72,1.68,1.69,2657193,9721377.0
2012-12-04,1.69,1.71,1.67,1.71,3179044,11524482.0
2012-12-05,1.7,1.77,1.69,1.75,7219286,27022778.0
2012-12-06,1.76,1.77,1.74,1.74,3287813,12323057.0
2012-12-07,1.76,1.8,1.74,1.78,7433949,28292644.0
2012-12-10,1.79,1.83,1.78,1.82,5470670,21231162.0
2012-12-11,1.81,1.85,1.8,1.83,5985257,23550216.0
2012-12-12,1.82,1.84,1.79,1.81,3753081,14575208.0
2012-12-13,1.8,1.82,1.78,1.79,2605464,10049988.0
2012-12-14,1.79,1.88,1.78,1.88,13329169,52971416.0
2012-12-17,1.88,1.93,1.87,1.92,11932235,48907988.0
2012-12-18,1.92,1.94,1.9,1.9,8844160,36419668.0
2012-12-19,1.9,1.91,1.88,1.9,3374761,13723570.0
2012-12-20,1.9,1.99,1.88,1.95,11617764,48146792.0
2012-12-21,1.95,1.97,1.92,1.93,4591402,19174612.0
2012-12-24,1.95,1.95,1.92,1.95,3406249,14160829.0
2012-12-25,1.95,1.99,1.93,1.98,8340538,35274516.0
2012-12-26,1.98,1.99,1.96,1.98,8168759,34532652.0
2012-12-27,1.98,1.98,1.94,1.95,7283214,30568444.0
2012-12-28,1.95,1.97,1.92,1.94,6348494,26460318.0
2012-12-31,1.95,1.98,1.94,1.96,9488864,39909532.0
2013-01-04,1.97,1.98,1.94,1.98,10927271,46080588.0
2013-01-07,1.98,2.06,1.97,2.06,17494470,76135752.0
2013-01-08,2.06,2.09,2.02,2.07,10112350,44557064.0
2013-01-09,2.07,2.08,2.04,2.06,6755072,29863534.0
2013-01-10,2.06,2.07,2.04,2.06,5989418,26397452.0
2013-01-11,2.06,2.07,1.96,1.97,8026984,34812972.0
2013-01-14,1.97,2.05,1.96,2.04,6978837,30254600.0
2013-01-15,2.04,2.11,2.04,2.09,12007521,53675792.0
2013-01-16,2.09,2.13,2.04,2.08,8677036,38795784.0
2013-01-17,2.08,2.09,2.04,2.06,5942183,26212584.0
2013-01-18,2.05,2.11,2.05,2.08,6988960,31170078.0
2013-01-21,2.09,2.16,2.08,2.14,13002737,59436596.0
2013-01-22,2.15,2.16,2.1,2.12,9019947,41110144.0
2013-01-23,2.1,2.12,2.05,2.1,6175102,27580844.0
2013-01-24,2.1,2.13,2.02,2.03,9477036,42193552.0
2013-01-25,2.04,2.06,2.0,2.04,4734575,20642644.0
2013-01-28,2.05,2.07,2.04,2.06,5968639,26298410.0
2013-01-29,2.07,2.07,2.05,2.06,6015220,26554108.0
2013-01-30,2.06,2.15,2.05,2.12,14499673,65126684.0
2013-01-31,2.12,2.13,2.1,2.12,10077144,45666404.0
2013-02-01,2.11,2.14,2.08,2.11,7512809,34067504.0
2013-02-04,2.13,2.19,2.11,2.15,19440924,89876472.0
2013-02-05,2.15,2.22,2.13,2.21,13806317,65204152.0
2013-02-06,2.21,2.27,2.16,2.19,14924885,71152072.0
2013-02-07,2.19,2.22,2.14,2.21,8853169,41444064.0
2013-02-08,2.19,2.25,2.19,2.23,7794411,37151840.0
2013-02-18,2.23,2.32,2.23,2.31,11706569,57141988.0
2013-02-19,2.31,2.31,2.19,2.21,11440941,54990436.0
2013-02-20,2.21,2.25,2.19,2.24,6443886,30800566.0
2013-02-21,2.24,2.24,2.15,2.17,8306821,38950416.0
2013-02-22,2.17,2.23,2.17,2.21,12625806,59920256.0
2013-02-25,2.21,2.25,2.19,2.23,6859571,32867968.0
2013-02-26,2.23,2.25,2.19,2.19,5820018,27765020.0
2013-02-27,2.19,2.21,2.16,2.18,4976378,23260368.0
2013-02-28,2.19,2.21,2.14,2.2,7515778,35075584.0
2013-03-01,2.2,2.22,2.18,2.21,5059242,23931156.0
2013-03-04,2.2,2.22,2.1,2.12,8683146,40059096.0
2013-03-05,2.12,2.15,2.11,2.14,4846670,22207978.0
2013-03-06,2.14,2.23,2.11,2.23,12603658,58987324.0
2013-03-07,2.22,2.25,2.18,2.19,8212545,38978712.0
2013-03-08,2.19,2.21,2.17,2.19,3150484,14816332.0
2013-03-11,2.19,2.21,2.13,2.15,4353583,20229762.0
2013-03-12,2.16,2.17,2.07,2.1,7321443,33168776.0
2013-03-13,2.1,2.11,2.04,2.06,4395707,19468210.0
2013-03-14,2.07,2.21,2.05,2.15,7212489,32877850.0
2013-03-18,2.1,2.12,2.05,2.06,7168085,31903016.0
2013-03-19,2.06,2.08,2.04,2.07,2682631,11836775.0
2013-03-20,2.07,2.13,2.06,2.12,4153647,18750252.0
2013-03-21,2.11,2.15,2.11,2.13,3828803,17517958.0
2013-03-22,2.12,2.22,2.1,2.22,13808135,64503692.0
2013-03-25,2.2,2.25,2.18,2.23,11241442,53532740.0
2013-03-26,2.22,2.23,2.18,2.2,6985425,32941260.0
2013-03-27,2.2,2.23,2.18,2.2,4418710,20897026.0
2013-03-28,2.19,2.19,2.11,2.12,4671550,21503284.0
2013-03-29,2.11,2.14,2.11,2.12,3078841,14002952.0
2013-04-01,2.1,2.13,2.1,2.12,1893786,8618019.0
2013-04-02,2.13,2.13,2.08,2.08,3600734,16245119.0
2013-04-03,2.07,2.1,2.07,2.09,2221679,9960052.0
2013-04-08,2.07,2.1,2.05,2.09,2523278,11203009.0
2013-04-09,2.1,2.12,2.07,2.08,3917920,17588362.0
2013-04-10,2.09,2.1,2.05,2.06,4207174,18586696.0
2013-04-11,2.06,2.07,2.03,2.04,3492117,15369887.0
2013-04-12,2.04,2.05,2.0,2.01,3565116,15460482.0
2013-04-15,2.0,2.01,1.86,1.91,8076929,33336492.0
2013-04-16,1.9,1.92,1.88,1.91,6599851,26826416.0
2013-04-17,1.92,1.92,1.89,1.91,3410664,13911066.0
2013-04-18,1.9,1.92,1.89,1.91,2624707,10736711.0
2013-04-19,1.92,1.96,1.91,1.95,4415187,18390426.0
2013-04-22,1.94,1.95,1.92,1.94,3128344,12993171.0
2013-04-23,1.95,1.95,1.86,1.87,6803663,27721372.0
2013-04-24,1.87,1.93,1.87,1.92,3613507,14801535.0
2013-04-25,1.92,1.93,1.89,1.89,3771605,15452012.0
2013-05-08,2.03,2.08,2.02,2.08,8321636,36894128.0
2013-05-09,2.19,2.19,2.12,2.14,40784544,188036656.0
2013-05-10,2.13,2.14,2.06,2.1,16307396,73382952.0
2013-05-13,2.1,2.1,2.07,2.09,7624555,34112048.0
2013-05-14,2.09,2.1,2.04,2.1,9495771,42137136.0
2013-05-15,2.09,2.24,2.07,2.23,26347722,123469968.0
2013-05-16,2.2,2.28,2.18,2.25,22757064,109179176.0
2013-05-17,2.24,2.29,2.2,2.27,16542704,80211264.0
2013-05-20,2.26,2.29,2.25,2.27,14249454,69391264.0
2013-05-21,2.27,2.45,2.26,2.44,31580440,160518080.0
2013-05-22,2.44,2.44,2.37,2.38,20278096,104121888.0
2013-05-23,2.35,2.43,2.34,2.4,16551973,85325336.0
2013-05-24,2.4,2.49,2.4,2.45,13269688,69911792.0
2013-05-27,2.45,2.51,2.41,2.43,11651211,61506424.0
2013-05-28,2.43,2.44,2.33,2.37,19158636,97457496.0
2013-05-29,2.37,2.4,2.35,2.39,9602125,49054012.0
2013-05-30,2.39,2.44,2.37,2.4,9799219,50641764.0
2013-05-31,2.41,2.42,2.37,2.4,8132987,41685864.0
2013-06-03,2.4,2.4,2.34,2.39,8484947,43072608.0
2013-06-04,2.39,2.39,2.33,2.34,8289929,41887952.0
2013-06-05,2.35,2.38,2.31,2.34,6768398,33920516.0
2013-06-06,2.33,2.35,2.27,2.28,6987472,34399020.0
2013-06-07,2.28,2.3,2.21,2.24,6158169,29880256.0
2013-06-13,2.23,2.29,2.15,2.28,7257846,34545428.0
2013-06-14,2.3,2.36,2.26,2.35,8261239,41051648.0
2013-06-17,2.35,2.35,2.31,2.33,5221354,26081912.0
2013-06-18,2.33,2.34,2.26,2.29,5921745,28973788.0
2013-06-19,2.27,2.28,2.21,2.28,4321653,20816564.0
2013-06-20,2.27,2.29,2.19,2.22,4323719,20689972.0
2013-06-21,2.2,2.23,2.17,2.21,3204190,15158093.0
2013-06-24,2.21,2.21,2.06,2.09,7170780,32598418.0
2013-06-25,2.08,2.1,1.94,2.07,7170746,31208864.0
2013-06-26,2.1,2.11,2.06,2.1,4339691,19447384.0
2013-06-27,2.1,2.19,2.08,2.09,5607652,25672964.0
2013-06-28,2.09,2.13,2.06,2.1,2748322,12396027.0
2013-07-01,2.09,2.13,2.08,2.13,2045440,9249958.0
2013-07-02,2.13,2.15,2.1,2.14,3571803,16321543.0
2013-07-03,2.13,2.15,2.07,2.14,4191545,19006840.0
2013-07-04,2.12,2.18,2.11,2.14,3770863,17425292.0
2013-07-05,2.13,2.17,2.12,2.14,3922769,18001116.0
2013-07-08,2.12,2.12,2.05,2.06,4417440,19666548.0
2013-07-09,2.06,2.08,2.04,2.08,1882591,8327132.0
2013-07-10,2.09,2.16,2.06,2.16,4626934,21070634.0
2013-07-11,2.15,2.23,2.14,2.19,6444843,30260070.0
2013-07-12,2.2,2.21,2.15,2.17,5469591,25653268.0
2013-07-15,2.17,2.26,2.17,2.24,6570126,31457620.0
2013-07-16,2.24,2.26,2.21,2.25,3404265,16356539.0
2013-07-17,2.24,2.28,2.22,2.23,4745281,22940660.0
2013-07-18,2.21,2.29,2.19,2.26,6002444,28794940.0
2013-07-19,2.26,2.27,2.19,2.21,5680319,27327194.0
2013-07-22,2.19,2.27,2.17,2.26,3461818,16593363.0
2013-07-23,2.26,2.31,2.25,2.31,5689969,27981692.0
2013-07-24,2.31,2.36,2.27,2.36,8257393,41160136.0
2013-07-25,2.37,2.37,2.28,2.28,5733621,28487108.0
2013-07-26,2.29,2.47,2.27,2.42,21190430,109018712.0
2013-07-29,2.47,2.55,2.4,2.41,25872768,137355536.0
2013-07-30,2.42,2.55,2.4,2.41,24415804,128568424.0
2013-07-31,2.35,2.36,2.28,2.33,16238357,81072608.0
2013-08-01,2.34,2.38,2.31,2.37,9554830,46676228.0
2013-08-02,2.38,2.42,2.33,2.36,13154169,64921540.0
2013-08-05,2.34,2.37,2.34,2.36,6976307,34185788.0
2013-08-06,2.35,2.41,2.34,2.39,12429645,61693356.0
2013-08-07,2.39,2.44,2.35,2.43,17830042,89228336.0
2013-08-08,2.46,2.47,2.42,2.45,20984288,106815496.0
2013-08-09,2.46,2.46,2.38,2.42,12154164,61095192.0
2013-08-12,2.44,2.45,2.4,2.45,9107002,45950120.0
2013-08-13,2.44,2.46,2.41,2.45,7874068,39815340.0
2013-08-14,2.45,2.45,2.4,2.4,8610653,43326160.0
2013-08-15,2.4,2.41,2.35,2.35,8167066,40278316.0
2013-08-16,2.34,2.4,2.3,2.3,7065599,34388652.0
2013-08-19,2.27,2.35,2.26,2.34,4870002,23538082.0
2013-08-20,2.35,2.35,2.3,2.31,4606563,22316598.0
2013-08-21,2.31,2.35,2.3,2.35,4792220,23327758.0
2013-08-22,2.35,2.41,2.33,2.38,7463957,37043968.0
2013-08-23,2.39,2.41,2.32,2.37,6965339,34395360.0
2013-08-26,2.36,2.44,2.35,2.43,11063974,55422064.0
2013-08-27,2.42,2.5,2.42,2.45,14826734,75988112.0
2013-08-28,2.44,2.46,2.39,2.4,9553285,48287804.0
2013-08-29,2.42,2.45,2.35,2.38,7573905,37638480.0
2013-08-30,2.37,2.43,2.36,2.4,9016070,44934624.0
2013-09-02,2.4,2.42,2.34,2.38,4670863,23032184.0
2013-09-03,2.38,2.43,2.36,2.43,7695015,38622780.0
2013-09-04,2.44,2.45,2.41,2.42,5056486,25534352.0
2013-09-05,2.42,2.46,2.4,2.42,9669273,48921716.0
2013-09-06,2.42,2.45,2.38,2.44,10088825,50774172.0
2013-09-09,2.45,2.46,2.42,2.45,10625887,54036312.0
2013-09-10,2.46,2.48,2.43,2.46,9960262,50935992.0
2013-09-11,2.46,2.48,2.44,2.46,8274554,42224324.0
2013-09-12,2.46,2.46,2.43,2.44,7265383,36935096.0
2013-09-13,2.44,2.44,2.42,2.43,4708664,23811536.0
2013-09-16,2.43,2.44,2.42,2.43,4155418,21009598.0
2013-09-17,2.42,2.45,2.4,2.41,5356826,26973424.0
2013-09-18,2.4,2.46,2.39,2.45,8805190,44820420.0
2013-09-23,2.46,2.47,2.43,2.46,7400859,37786676.0
2013-09-24,2.46,2.57,2.45,2.49,16492071,86344224.0
2013-09-25,2.49,2.58,2.48,2.54,18340280,97261384.0
2013-09-26,2.54,2.56,2.46,2.52,9053991,47294844.0
2013-09-27,2.5,2.55,2.48,2.51,6072331,31781732.0
2013-09-30,2.51,2.57,2.49,2.57,12275982,65170504.0
2013-10-08,2.56,2.61,2.53,2.6,11203127,60328120.0
2013-10-09,2.6,2.7,2.58,2.68,17097742,94869032.0
2013-10-10,2.65,2.69,2.62,2.65,10639720,58740560.0
2013-10-11,2.64,2.73,2.63,2.65,12220906,67960536.0
2013-10-14,2.69,2.69,2.61,2.62,9461468,51917856.0
2013-10-15,2.62,2.65,2.56,2.64,11588705,62802984.0
2013-10-16,2.64,2.65,2.56,2.58,6696369,36119328.0
2013-10-17,2.66,2.7,2.62,2.64,11260311,62154984.0
2013-10-18,2.64,2.64,2.58,2.63,6159905,33474912.0
2013-10-21,2.63,2.67,2.6,2.67,6327922,34991088.0
2013-10-22,2.67,2.74,2.65,2.68,10141140,57015684.0
2013-10-23,2.69,2.72,2.55,2.57,9265987,50547904.0
2013-10-24,2.56,2.58,2.51,2.52,5233291,27736956.0
2013-10-25,2.52,2.58,2.5,2.54,5376133,28295932.0
2013-10-28,2.55,2.58,2.52,2.57,4560066,24284204.0
2013-10-29,2.58,2.58,2.46,2.52,6751818,35240956.0
2013-10-30,2.5,2.58,2.5,2.58,4101201,21799640.0
2013-10-31,2.58,2.6,2.55,2.59,4860975,26071418.0
2013-11-01,2.59,2.62,2.57,2.58,3163829,17056346.0
2013-11-04,2.58,2.6,2.54,2.55,4001543,21341498.0
2013-11-05,2.52,2.58,2.5,2.58,4427878,23417244.0
2013-11-06,2.57,2.57,2.52,2.52,3855288,20426636.0
2013-11-07,2.52,2.54,2.47,2.51,3535458,18405880.0
2013-11-08,2.51,2.53,2.46,2.49,3356529,17396348.0
2013-11-11,2.47,2.5,2.46,2.49,1957632,10113763.0
2013-11-12,2.49,2.51,2.48,2.49,2519817,13066087.0
2013-11-13,2.49,2.5,2.46,2.48,2602061,13447650.0
2013-11-14,2.48,2.49,2.44,2.48,2830894,14551882.0
2013-11-15,2.49,2.55,2.47,2.51,4389327,23024222.0
2013-11-18,2.52,2.57,2.51,2.56,5247417,27761384.0
2013-11-19,2.56,2.58,2.54,2.55,2883504,15312541.0
2013-11-20,2.56,2.57,2.52,2.57,5026661,26653706.0
2013-11-21,2.56,2.56,2.53,2.55,4085375,21604704.0
2013-11-22,2.56,2.56,2.52,2.52,2399562,12645487.0
2013-11-25,2.51,2.54,2.5,2.51,2027828,10640293.0
2013-11-26,2.51,2.62,2.5,2.59,12443232,66746792.0
2013-11-27,2.59,2.64,2.57,2.6,8819265,47982696.0
2013-11-28,2.62,2.65,2.6,2.61,7555339,41317216.0
2013-11-29,2.63,2.64,2.58,2.61,5713885,31054776.0
2013-12-02,2.59,2.59,2.47,2.5,8037549,42263688.0
2013-12-03,2.49,2.54,2.48,2.53,3888482,20355556.0
2013-12-04,2.53,2.57,2.51,2.54,6925915,36692932.0
2013-12-05,2.56,2.58,2.53,2.55,5918567,31437854.0
2013-12-06,2.55,2.55,2.49,2.51,7204585,37727408.0
2013-12-09,2.51,2.53,2.49,2.51,6624582,34617660.0
2013-12-10,2.51,2.52,2.49,2.51,5958249,31036544.0
2013-12-11,2.51,2.52,2.46,2.48,6990890,36037320.0
2013-12-12,2.47,2.49,2.46,2.48,5653882,29141888.0
2013-12-13,2.47,2.48,2.46,2.46,5904247,30303020.0
2013-12-16,2.47,2.5,2.46,2.5,9057328,46678920.0
2013-12-17,2.48,2.49,2.43,2.46,6066699,30962672.0
2013-12-18,2.45,2.46,2.4,2.41,6991969,35355524.0
2013-12-19,2.41,2.42,2.34,2.35,8720291,43033800.0
2013-12-20,2.35,2.36,2.3,2.33,6118949,29542142.0
2013-12-23,2.32,2.34,2.3,2.32,4669176,22494920.0
2013-12-24,2.33,2.34,2.3,2.31,4885975,23599064.0
2013-12-25,2.32,2.33,2.3,2.33,4470107,21474888.0
2013-12-26,2.32,2.32,2.26,2.29,5714472,27147006.0
2013-12-27,2.28,2.39,2.27,2.38,9771058,47835692.0
2013-12-30,2.4,2.42,2.35,2.36,5795619,28637798.0
2013-12-31,2.35,2.37,2.33,2.37,4184556,20533050.0
2014-01-02,2.37,2.38,2.35,2.38,4515667,22262918.0
2014-01-03,2.37,2.37,2.33,2.35,4680096,22796852.0
2014-01-06,2.35,2.35,2.28,2.29,3605908,17330092.0
2014-01-07,2.28,2.34,2.26,2.33,3922709,18891236.0
2014-01-08,2.33,2.34,2.29,2.3,4216946,20234560.0
2014-01-09,2.29,2.33,2.27,2.32,3499810,16731627.0
2014-01-10,2.31,2.33,2.22,2.27,5908374,27923184.0
2014-01-13,2.27,2.27,2.22,2.25,3070118,14339282.0
2014-01-14,2.25,2.25,2.19,2.24,6163884,28456378.0
2014-01-15,2.24,2.28,2.22,2.26,3784499,17744992.0
2014-01-16,2.26,2.33,2.26,2.33,6795594,32631798.0
2014-01-17,2.33,2.34,2.27,2.28,3920671,18859844.0
2014-01-20,2.27,2.3,2.26,2.29,2629967,12460131.0
2014-01-21,2.3,2.34,2.3,2.33,2706079,13079888.0
2014-01-22,2.33,2.38,2.32,2.37,4646184,22851362.0
2014-01-23,2.37,2.38,2.34,2.36,3864224,18971780.0
2014-01-24,2.34,2.39,2.34,2.38,4513543,22304066.0
2014-01-27,2.39,2.45,2.37,2.4,9221913,46336216.0
2014-01-28,2.41,2.42,2.38,2.41,3238406,16196010.0
2014-01-29,2.41,2.42,2.39,2.41,2893939,14466558.0
2014-01-30,2.41,2.42,2.37,2.37,3127622,15575684.0
2014-02-07,2.36,2.44,2.34,2.43,7592776,37792280.0
2014-02-10,2.44,2.54,2.44,2.51,9708666,50315512.0
2014-02-11,2.52,2.53,2.46,2.49,8174816,42488448.0
2014-02-12,2.5,2.68,2.48,2.62,21299198,115255232.0
2014-02-13,2.6,2.65,2.57,2.57,12803636,69527072.0
2014-02-14,2.57,2.6,2.56,2.6,6843439,36792552.0
2014-02-17,2.61,2.64,2.58,2.64,11374803,61899460.0
2014-02-18,2.63,2.64,2.56,2.57,12549553,67577960.0
2014-02-19,2.57,2.6,2.55,2.57,8458165,45293776.0
2014-02-20,2.57,2.67,2.5,2.62,22807252,123299304.0
2014-02-21,2.6,2.78,2.58,2.65,23679156,131358016.0
2014-02-24,2.65,2.69,2.58,2.67,20490644,113156960.0
2014-02-25,2.7,2.72,2.51,2.55,20309164,111226096.0
2014-02-26,2.54,2.56,2.46,2.56,12076950,63296720.0
2014-02-27,2.55,2.61,2.47,2.48,13450354,70926600.0
2014-02-28,2.49,2.56,2.47,2.55,8803007,46317996.0
2014-03-03,2.55,2.63,2.54,2.62,12655250,68212104.0
2014-03-04,2.59,2.64,2.56,2.6,9566306,51728908.0
2014-03-05,2.61,2.66,2.58,2.61,12746588,69755352.0
2014-03-06,2.6,2.61,2.53,2.58,10309877,55203744.0
2014-03-07,2.58,2.59,2.52,2.56,8816756,46877084.0
2014-03-10,2.53,2.67,2.52,2.62,26675268,145502096.0
2014-03-11,2.6,2.73,2.59,2.73,34367552,191958848.0
2014-03-12,2.72,2.76,2.65,2.71,21885322,123000736.0
2014-03-13,2.7,2.74,2.67,2.74,15805299,88990008.0
2014-03-14,2.71,2.74,2.65,2.66,14919274,83397160.0
2014-03-17,2.66,2.82,2.63,2.81,32085056,183480944.0
2014-03-18,2.79,2.84,2.76,2.78,21598612,125605256.0
2014-03-19,2.77,2.82,2.74,2.81,15206557,88354432.0
2014-03-20,2.79,2.93,2.76,2.82,41265344,246157072.0
2014-03-21,2.81,2.86,2.7,2.83,21258028,123271200.0
2014-03-24,2.82,2.85,2.78,2.82,14984020,87678768.0
2014-03-25,2.8,2.84,2.79,2.8,12019880,70292104.0
2014-03-26,2.8,2.87,2.79,2.83,13522496,79730272.0
2014-03-27,2.82,2.83,2.74,2.77,13050837,75504864.0
2014-03-28,2.78,2.79,2.68,2.69,11983534,68124552.0
2014-03-31,2.69,2.75,2.69,2.71,7542979,42682740.0
2014-04-01,2.71,2.76,2.7,2.75,6372432,36340332.0
2014-04-02,2.75,2.77,2.69,2.7,10652817,60256148.0
2014-04-03,2.7,2.76,2.7,2.75,8327791,47345580.0
2014-04-04,2.74,2.81,2.73,2.8,10073283,58140996.0
2014-04-08,2.79,2.85,2.77,2.83,11095096,65196864.0
2014-04-09,2.83,2.86,2.81,2.83,8577320,50588788.0
2014-04-10,2.84,2.9,2.82,2.85,14206839,84688336.0
2014-04-11,2.84,2.84,2.79,2.8,9938025,58174424.0
2014-04-14,2.8,2.83,2.8,2.83,5696264,33448308.0
2014-04-15,2.82,2.84,2.79,2.81,5829548,34102680.0
2014-04-16,2.81,2.89,2.79,2.87,15721498,93403864.0
2014-04-17,2.86,2.92,2.83,2.84,12469688,74765648.0
2014-04-18,2.82,2.85,2.8,2.84,6398791,37692536.0
2014-04-21,2.82,2.85,2.75,2.76,9857308,57312248.0
2014-04-22,2.74,2.77,2.7,2.74,7653060,43516008.0
2014-04-23,2.73,2.76,2.71,2.73,4220025,24018106.0
2014-04-24,2.72,2.75,2.71,2.73,4978123,28378360.0
2014-04-25,2.74,2.76,2.69,2.7,5917207,33622860.0
2014-04-28,2.71,2.73,2.63,2.71,9080503,51095444.0
2014-04-29,2.71,2.79,2.69,2.78,8978327,51711800.0
2014-04-30,2.81,2.83,2.79,2.82,10139853,59416192.0
2014-05-05,2.83,2.85,2.79,2.83,5724980,33636044.0
2014-05-06,2.83,2.85,2.8,2.82,6835039,40197952.0
2014-05-07,2.8,2.82,2.76,2.76,5552996,32280868.0
2014-05-08,2.74,2.78,2.72,2.74,5733721,32845656.0
2014-05-09,2.75,2.75,2.7,2.72,4382345,24797764.0
2014-05-12,2.74,2.82,2.72,2.81,5510011,31796956.0
2014-05-13,2.83,2.9,2.81,2.84,12093114,71923704.0
2014-05-14,2.86,2.88,2.82,2.86,5860116,34772508.0
2014-05-15,2.85,2.86,2.81,2.82,4458742,26235176.0
2014-05-16,2.81,2.95,2.81,2.95,27582112,166670544.0
2014-05-19,2.96,2.96,2.79,2.81,15485171,85627280.0
2014-05-20,2.82,2.9,2.82,2.85,7552244,42093216.0
2014-05-21,2.84,2.86,2.78,2.85,5233598,28738028.0
2014-05-22,2.86,2.88,2.79,2.82,6571567,36331272.0
2014-05-23,2.82,2.85,2.81,2.83,5209676,28646784.0
2014-05-26,2.83,2.86,2.82,2.83,5418330,29892040.0
2014-05-27,2.85,2.85,2.82,2.82,3661446,20149758.0
2014-05-28,2.82,2.82,2.76,2.8,9564237,51813252.0
2014-05-29,2.81,2.81,2.75,2.77,8248449,44632144.0
2014-05-30,2.77,2.79,2.72,2.78,6442928,34558436.0
2014-06-03,2.78,2.8,2.74,2.74,4223529,22760732.0
2014-06-04,2.74,2.77,2.66,2.7,6033097,31845584.0
2014-06-05,2.71,2.72,2.67,2.71,3219502,16896712.0
2014-06-06,2.72,2.78,2.67,2.75,6552993,34748700.0
2014-06-09,2.75,2.77,2.72,2.73,3450759,18437372.0
2014-06-10,2.73,2.78,2.71,2.78,5849148,31348208.0
2014-06-11,2.77,2.78,2.74,2.75,3672171,19681744.0
2014-06-12,2.75,2.75,2.71,2.72,4847009,25748458.0
2014-06-13,2.72,2.78,2.7,2.76,6807999,36352584.0
2014-06-16,2.77,2.93,2.75,2.88,21686196,120191040.0
2014-06-17,2.88,2.99,2.86,2.92,22561798,129141024.0
2014-06-18,2.92,2.98,2.88,2.93,10628360,60594672.0
2014-06-19,2.92,3.07,2.89,2.99,24764024,145047008.0
2014-06-20,2.97,3.06,2.93,2.97,12373823,71965744.0
2014-06-23,2.97,3.03,2.96,2.98,9803836,57221920.0
2014-06-24,2.99,3.1,2.99,3.08,16227625,96616448.0
2014-06-25,3.08,3.09,3.02,3.04,8774456,51823540.0
2014-06-26,3.06,3.07,3.02,3.05,8980879,53080088.0
2014-06-27,3.04,3.15,3.02,3.04,17607516,105877480.0
2014-06-30,3.05,3.17,3.04,3.17,21551530,130974936.0
2014-07-01,3.16,3.18,3.12,3.13,9549181,58347516.0
2014-07-02,3.13,3.18,3.12,3.15,9403362,57573064.0
2014-07-03,3.15,3.16,3.08,3.13,11704264,71056144.0
2014-07-04,3.13,3.14,3.09,3.12,6384267,38631680.0
2014-07-07,3.11,3.12,3.02,3.03,10564351,62973700.0
2014-07-08,3.02,3.08,3.01,3.07,7021975,41566488.0
2014-07-09,3.05,3.06,2.98,3.01,11503322,67628912.0
2014-07-10,2.99,3.03,2.98,3.01,5764090,33687480.0
2014-07-11,3.0,3.06,2.99,3.03,5153664,30393592.0
2014-07-14,3.03,3.11,3.01,3.1,9098688,54485384.0
2014-07-15,3.11,3.11,3.06,3.08,6076689,36408152.0
2014-07-16,3.08,3.09,3.03,3.05,4415707,26326476.0
2014-07-17,3.03,3.05,2.96,2.99,6297311,36726016.0
2014-07-18,2.98,3.06,2.97,2.99,6679130,38978552.0
2014-07-21,2.97,3.0,2.96,2.97,4826586,27942632.0
2014-07-22,2.97,3.04,2.96,3.02,6348788,37220040.0
2014-07-23,3.01,3.04,2.99,3.01,4010623,23481860.0
2014-07-24,3.08,3.19,3.08,3.18,29516208,180472096.0
2014-07-25,3.18,3.23,3.14,3.21,16575001,103376272.0
2014-07-28,3.19,3.29,3.19,3.26,17208506,108230616.0
2014-07-29,3.24,3.27,3.22,3.24,11908296,75290392.0
2014-07-30,3.27,3.39,3.22,3.32,16467954,105833856.0
2014-07-31,3.3,3.56,3.3,3.47,26809620,181210448.0
2014-08-01,3.44,3.62,3.43,3.51,25790944,178094016.0
2014-08-04,3.52,3.57,3.43,3.54,11162519,76079680.0
2014-08-05,3.52,3.53,3.44,3.51,11849990,80374080.0
2014-08-06,3.48,3.76,3.44,3.71,33697744,237936064.0
2014-08-07,3.72,3.89,3.69,3.71,48483656,356616864.0
2014-08-08,3.71,3.78,3.61,3.66,26833532,193096128.0
2014-08-11,3.65,3.83,3.6,3.78,17052684,123878024.0
2014-08-12,3.78,3.8,3.69,3.74,14694687,106731600.0
2014-08-13,3.75,3.79,3.69,3.73,14468822,105220208.0
2014-08-14,3.72,3.84,3.7,3.74,19531620,143633872.0
2014-08-15,3.74,3.81,3.72,3.78,9972138,73203784.0
2014-08-18,3.78,3.8,3.64,3.75,19474148,140873872.0
2014-08-19,3.75,3.75,3.64,3.67,18802632,134435440.0
2014-08-20,3.67,3.74,3.62,3.69,12927729,92741304.0
2014-08-21,3.69,3.69,3.59,3.63,20259288,142546944.0
2014-08-22,3.63,3.66,3.59,3.64,14485344,102214744.0
2014-08-25,3.64,3.69,3.6,3.61,10689976,75770512.0
2014-08-26,3.6,3.63,3.49,3.53,12753403,88129640.0
2014-08-27,3.53,3.57,3.5,3.52,8702145,59839188.0
2014-08-28,3.54,3.59,3.5,3.57,9649167,66664712.0
2014-08-29,3.57,3.7,3.56,3.7,16124870,114825184.0
2014-09-01,3.7,3.72,3.66,3.71,12714463,91373816.0
2014-09-02,3.71,3.78,3.65,3.75,18770442,135956496.0
2014-09-03,3.75,3.78,3.7,3.74,12098460,88191784.0
2014-09-04,3.75,3.75,3.7,3.75,11975094,87013560.0
2014-09-05,3.75,3.76,3.68,3.75,14000282,101280816.0
2014-09-09,3.75,3.75,3.67,3.7,15727314,113093280.0
2014-09-10,3.67,3.67,3.58,3.63,25464352,178975392.0
2014-09-11,3.61,3.64,3.57,3.6,25381900,177814816.0
2014-09-12,3.6,3.62,3.58,3.62,11005450,77310208.0
2014-09-15,3.62,3.7,3.61,3.7,16280291,116089808.0
2014-09-16,3.69,3.71,3.55,3.56,22350988,157600656.0
2014-09-17,3.56,3.62,3.51,3.62,11171778,77585792.0
2014-09-18,3.61,3.61,3.55,3.59,12190953,84617512.0
2014-09-19,3.58,3.62,3.56,3.61,8478711,59312696.0
2014-09-22,3.61,3.73,3.55,3.68,22943700,163725392.0
2014-09-23,3.7,3.7,3.64,3.68,11190602,79876688.0
2014-09-24,3.69,3.77,3.66,3.75,21392612,155051488.0
2014-09-25,3.77,3.84,3.75,3.83,23725088,175521936.0
2014-09-26,3.8,3.83,3.74,3.83,17507236,129146824.0
2014-09-29,3.83,3.88,3.79,3.82,14379162,106973728.0
2014-09-30,3.82,3.96,3.82,3.95,27195904,206659552.0
2014-10-08,3.96,4.04,3.91,4.01,22940010,177675152.0
2014-10-09,3.99,4.01,3.89,3.95,19905980,152508672.0
2014-10-10,3.92,3.94,3.81,3.85,17456724,131349752.0
2014-10-13,3.83,3.83,3.71,3.79,20630542,150309408.0
2014-10-14,3.77,3.81,3.73,3.78,17083056,125272048.0
2014-10-15,3.77,3.79,3.73,3.78,9890795,72434024.0
2014-10-16,3.75,3.85,3.74,3.74,17649064,130472024.0
2014-10-17,3.75,3.79,3.63,3.75,18767812,135332240.0
2014-10-20,3.74,3.81,3.71,3.81,11613990,85535200.0
2014-10-21,3.82,3.82,3.71,3.72,8994381,65642924.0
2014-10-22,3.71,3.74,3.65,3.66,8272689,59392536.0
2014-10-23,3.65,3.69,3.59,3.61,10536313,74531896.0
2014-10-24,3.61,3.63,3.57,3.6,8046462,56403008.0
2014-10-27,3.59,3.65,3.58,3.63,5689003,39969380.0
2014-10-28,3.63,3.72,3.63,3.71,9198875,65933984.0
2014-10-29,3.73,3.77,3.71,3.75,14377914,104763576.0
2014-10-30,3.75,3.79,3.72,3.74,12891743,93903016.0
2014-10-31,3.73,3.73,3.63,3.69,21069840,150681344.0
2014-11-03,3.69,3.73,3.64,3.73,19500402,139896944.0
2014-11-04,3.71,3.71,3.62,3.63,15394207,109472200.0
2014-11-05,3.59,3.65,3.59,3.63,10661132,75083408.0
2014-11-06,3.63,3.64,3.57,3.61,15201281,106268464.0
2014-11-07,3.61,3.63,3.56,3.58,14404102,100699504.0
2014-11-10,3.59,3.62,3.57,3.61,12848285,89569120.0
2014-11-11,3.61,3.62,3.41,3.42,25444180,173706352.0
2014-11-12,3.42,3.52,3.41,3.5,10260238,69484504.0
2014-11-13,3.51,3.52,3.42,3.44,10113780,67817888.0
2014-11-14,3.44,3.47,3.42,3.46,8661212,58206072.0
2014-11-17,3.47,3.52,3.46,3.5,8833991,60101324.0
2014-11-18,3.5,3.51,3.47,3.5,5916910,40172896.0
2014-11-19,3.5,3.51,3.45,3.5,6217009,42038620.0
2014-11-20,3.5,3.5,3.45,3.46,5529207,37303072.0
2014-11-21,3.48,3.49,3.44,3.48,6692219,45169328.0
2014-11-24,3.52,3.56,3.5,3.54,13711464,94123352.0
2014-11-25,3.54,3.61,3.54,3.61,16554366,115840104.0
2014-11-26,3.62,3.63,3.59,3.61,13384166,93847896.0
2014-11-27,3.61,3.63,3.6,3.62,14750619,103735472.0
2014-11-28,3.62,3.66,3.6,3.64,15732575,111243032.0
2014-12-01,3.65,3.66,3.58,3.61,15794612,111319760.0
2014-12-02,3.63,3.66,3.6,3.66,19146586,135786304.0
2014-12-03,3.66,3.71,3.63,3.67,20289166,145046576.0
2014-12-04,3.69,3.78,3.67,3.77,29710984,216707088.0
2014-12-05,3.92,3.92,3.65,3.74,32852364,240997024.0
2014-12-08,3.72,3.75,3.67,3.74,24860452,180351520.0
2014-12-09,3.73,3.89,3.73,3.78,49783668,369705088.0
2014-12-10,3.83,3.98,3.76,3.97,38140936,288925632.0
2014-12-11,3.96,4.0,3.9,3.99,31805898,244759568.0
2014-12-12,3.98,4.01,3.93,3.96,18189052,139911072.0
2014-12-15,3.93,3.95,3.87,3.92,21356364,162036640.0
2014-12-16,3.93,4.03,3.88,4.02,25662954,196102624.0
2014-12-17,4.0,4.03,3.9,3.94,27479356,212422640.0
2014-12-18,3.93,3.96,3.84,3.89,20475962,154656576.0
2014-12-19,3.86,3.97,3.86,3.88,21154744,160752064.0
2014-12-22,3.86,3.91,3.75,3.78,22229156,164864928.0
2014-12-23,3.78,3.87,3.75,3.76,11836547,87591976.0
2014-12-24,3.76,3.84,3.76,3.82,9525353,70741024.0
2014-12-25,3.84,3.91,3.81,3.87,15656840,117595704.0
2014-12-26,3.87,3.89,3.83,3.87,12800453,96255432.0
2014-12-29,3.87,3.96,3.86,3.94,32169324,244497696.0
2014-12-30,3.98,4.03,3.93,3.97,32852912,254184704.0
2014-12-31,3.94,4.13,3.92,4.1,42415284,333519072.0
2015-01-05,4.11,4.24,4.04,4.15,41740736,335442976.0
2015-01-06,4.12,4.14,4.02,4.09,28293852,224578080.0
2015-01-07,4.08,4.08,3.95,4.01,27496544,214225408.0
2015-01-08,4.01,4.05,3.98,3.99,18572572,144835072.0
2015-01-09,3.96,4.02,3.93,3.99,18309520,142029776.0
2015-01-12,4.01,4.01,3.88,3.89,15778390,120933032.0
2015-01-13,3.9,3.93,3.87,3.91,10050241,76405728.0
2015-01-14,3.92,3.93,3.8,3.85,10922320,82342088.0
2015-01-15,3.85,3.96,3.84,3.95,10326393,78381144.0
2015-01-16,3.96,3.99,3.93,3.98,13359523,102970160.0
2015-01-19,3.85,3.93,3.63,3.7,20904304,155142512.0
2015-01-20,3.71,3.88,3.71,3.85,16372408,121337384.0
2015-01-21,3.86,3.94,3.84,3.93,13062340,99325336.0
2015-01-22,3.92,3.95,3.87,3.94,13532847,103068072.0
2015-01-23,3.94,3.95,3.83,3.87,14148652,107247136.0
2015-01-26,3.87,3.95,3.82,3.95,13042300,98908168.0
2015-01-27,3.96,4.1,3.93,4.06,36957844,287722048.0
2015-01-28,4.03,4.09,4.01,4.04,19443124,152785280.0
2015-01-29,4.01,4.01,3.91,3.95,13557017,104463016.0
2015-01-30,3.95,3.96,3.84,3.85,12719743,96275176.0
2015-02-02,3.76,3.9,3.76,3.85,8611420,64644396.0
2015-02-03,3.85,3.89,3.81,3.88,16041574,120433040.0
2015-02-04,3.89,3.89,3.81,3.82,12206483,91443872.0
2015-02-05,3.87,3.9,3.81,3.83,14799665,110728608.0
2015-02-06,3.81,3.83,3.75,3.77,9842202,72386896.0
2015-02-09,3.75,3.79,3.71,3.73,7774785,56714236.0
2015-02-10,3.73,3.77,3.72,3.77,7289325,53067576.0
2015-02-11,3.77,3.81,3.76,3.79,6270219,46223432.0
2015-02-12,3.8,3.81,3.74,3.79,9757593,71642584.0
2015-02-13,3.8,3.88,3.8,3.84,15735225,117716416.0
2015-02-16,3.85,3.93,3.82,3.92,13066573,98657152.0
2015-02-17,3.91,3.94,3.89,3.91,10958697,83371616.0
2015-02-25,3.92,3.96,3.88,3.92,14832080,113130200.0
2015-02-26,3.93,3.99,3.9,3.99,18949988,145531472.0
2015-02-27,3.96,4.01,3.95,3.99,17168722,133013240.0
2015-03-02,4.01,4.03,3.97,4.02,20982612,163512704.0
2015-03-03,4.0,4.06,3.97,3.98,22970284,178935440.0
2015-03-04,3.98,4.08,3.97,4.06,27444464,216535472.0
2015-03-05,4.07,4.17,4.05,4.1,30759404,245401648.0
2015-03-06,4.07,4.1,3.99,4.0,19595328,153691136.0
2015-03-09,4.01,4.07,3.94,4.06,17407934,136100912.0
2015-03-10,4.05,4.13,4.03,4.07,20499068,162581920.0
2015-03-11,4.09,4.24,4.06,4.22,45593908,369057600.0
2015-03-12,4.24,4.25,4.14,4.14,26570946,216110160.0
2015-03-13,4.16,4.2,4.14,4.18,17064596,138647280.0
2015-03-16,4.21,4.36,4.19,4.33,37048028,310034592.0
2015-03-17,4.36,4.46,4.29,4.35,45666772,388957728.0
2015-03-18,4.34,4.42,4.28,4.42,49952344,422749472.0
2015-03-19,4.4,4.4,4.33,4.39,35257260,299586560.0
2015-03-20,4.39,4.51,4.39,4.43,34948176,302019840.0
2015-03-23,4.44,4.55,4.39,4.5,51549240,449033984.0
2015-03-24,4.52,4.88,4.4,4.75,89287360,802477504.0
2015-03-25,4.74,4.83,4.58,4.72,71937040,660529600.0
2015-03-26,4.68,4.84,4.61,4.74,41978440,385155840.0
2015-03-27,4.68,4.73,4.64,4.68,31364444,285746464.0
2015-03-30,4.68,4.75,4.67,4.69,34282356,313729440.0
2015-03-31,4.69,4.73,4.61,4.62,33326632,303483072.0
2015-04-01,4.62,4.74,4.61,4.73,37482672,341717344.0
2015-04-02,4.74,4.84,4.7,4.83,46812632,434918784.0
2015-04-03,4.8,4.91,4.76,4.86,44690672,422282432.0
2015-04-07,4.92,5.35,4.88,5.19,132608328,1349105024.0
2015-04-08,5.14,5.22,4.98,5.05,88303056,872607168.0
2015-04-09,5.06,5.1,4.86,4.94,51024168,491329056.0
2015-04-10,4.94,5.18,4.94,5.11,47782240,473461952.0
2015-04-13,5.14,5.35,5.11,5.24,50703968,516151680.0
2015-04-14,5.24,5.25,5.06,5.11,51295308,511312000.0
2015-04-15,5.11,5.11,4.86,4.87,45986988,444293824.0
2015-04-16,4.83,5.01,4.79,4.98,43114296,412186592.0
2015-04-17,4.99,5.08,4.94,5.02,49948344,485552800.0
2015-04-20,5.0,5.0,4.86,4.86,48975632,470136928.0
2015-04-21,4.83,5.01,4.83,4.99,34933508,337014336.0
2015-04-22,5.02,5.18,5.02,5.14,68248808,681480704.0
2015-04-23,5.19,5.28,5.04,5.25,83643720,842141760.0
2015-04-24,5.14,5.35,5.11,5.35,74349856,758407232.0
2015-04-27,5.5,5.55,5.22,5.28,68909072,718631808.0
2015-04-28,5.28,5.32,5.04,5.16,78979888,795582848.0
2015-04-29,5.12,5.39,5.09,5.37,51746024,530716896.0
2015-04-30,5.34,5.46,5.23,5.24,71672056,744583680.0
2015-05-04,5.21,5.32,5.11,5.3,65043108,664968384.0
2015-05-05,5.27,5.32,5.04,5.07,43286452,435272608.0
2015-05-06,5.07,5.15,4.89,4.94,32012644,315478112.0
2015-05-07,4.9,4.91,4.77,4.8,27859786,262687968.0
2015-05-08,4.83,5.13,4.83,4.99,81933528,795172160.0
2015-05-11,5.04,5.19,5.0,5.16,57684452,573119040.0
2015-05-12,5.16,5.18,5.09,5.16,43536636,435721984.0
2015-05-13,5.13,5.48,5.09,5.4,82026568,845247872.0
2015-05-14,5.34,5.54,5.24,5.46,74362568,783294848.0
2015-05-15,5.43,5.51,5.24,5.28,48154384,500540384.0
2015-05-18,5.24,5.81,5.19,5.54,158332768,1731906688.0
2015-05-19,5.53,5.75,5.4,5.62,92711088,1005617088.0
2015-05-20,5.62,5.95,5.57,5.69,94035352,1057802560.0
2015-05-21,5.72,5.85,5.65,5.77,59104992,661110848.0
2015-05-22,5.86,5.89,5.61,5.78,88337496,989295616.0
2015-05-25,5.73,6.32,5.68,6.12,125250464,1461412352.0
2015-05-26,6.48,6.48,6.17,6.3,129522712,1591918592.0
2015-05-27,6.22,6.73,6.14,6.69,103874272,1304937472.0
2015-05-28,6.56,6.65,6.02,6.02,109079328,1327658752.0
2015-05-29,5.91,6.28,5.72,6.2,94618584,1089890944.0
2015-06-01,6.27,6.8,6.13,6.66,92069152,1139728256.0
2015-06-02,7.33,7.33,6.77,7.02,181098160,2479548928.0
2015-06-03,6.82,7.06,6.71,6.91,84934408,1115091712.0
2015-06-04,6.82,7.04,6.25,6.84,73858384,944981696.0
2015-06-05,7.24,7.24,6.81,7.03,123448928,1666438912.0
2015-06-08,6.97,7.04,6.69,6.83,76893056,1004948224.0
2015-06-09,6.96,7.27,6.84,6.96,155802768,2103003392.0
2015-06-10,7.05,7.36,6.95,7.24,157846176,2159793408.0
2015-06-11,7.07,7.18,6.97,7.13,79523488,1072365568.0
2015-06-12,7.16,7.44,7.06,7.38,101416704,1408314880.0
2015-06-15,7.48,7.7,7.39,7.42,108429768,1561703296.0
2015-06-16,7.28,7.31,6.82,6.9,72489744,976899392.0
2015-06-17,6.92,7.11,6.67,7.04,49945200,658351488.0
2015-06-18,6.97,7.16,6.71,6.72,48231332,642971072.0
2015-06-19,6.55,6.68,6.05,6.05,50064992,606010048.0
2015-06-23,6.02,6.16,5.45,6.04,44600320,501980544.0
2015-06-24,6.1,6.2,5.92,6.15,48236896,562492864.0
2015-06-25,6.16,6.4,5.96,6.0,54075288,641636864.0
2015-06-26,5.8,5.96,5.4,5.4,53470284,569761920.0
2015-06-29,5.6,5.6,4.86,4.95,58451348,572692672.0
2015-06-30,4.98,5.4,4.46,5.34,58166736,552209280.0
2015-07-01,5.25,5.44,4.85,4.86,45960380,457872128.0
2015-07-02,4.94,4.98,4.38,4.38,55618416,491793376.0
2015-07-03,4.19,4.51,3.94,3.94,59508648,465008832.0
2015-07-06,4.33,4.33,3.55,3.93,89575160,659644928.0
2015-07-07,3.69,3.88,3.53,3.53,85267040,586135744.0
2015-07-08,3.18,3.53,3.18,3.28,122783568,789803008.0
2015-07-09,3.23,3.61,3.23,3.61,32962336,221592560.0
2015-07-10,3.95,3.97,3.83,3.97,21028312,158177232.0
2015-07-13,4.29,4.37,4.19,4.37,63247776,522210944.0
2015-07-14,4.53,4.7,4.38,4.52,99480896,864697280.0
2015-07-15,4.31,4.49,4.07,4.07,63114784,507526080.0
2015-07-16,4.07,4.45,3.89,4.35,57629792,467202144.0
2015-07-17,4.37,4.75,4.37,4.65,56712260,493352384.0
2015-07-20,4.68,4.8,4.51,4.63,58976528,524383104.0
2015-07-21,4.55,4.74,4.48,4.68,42666148,378627552.0
2015-07-22,4.66,4.74,4.56,4.7,46148048,410734368.0
2015-07-23,4.67,4.86,4.66,4.84,55786592,508460320.0
2015-07-24,4.82,4.88,4.56,4.62,59176144,535544512.0
2015-07-27,4.45,4.56,4.16,4.16,52156648,437138976.0
2015-07-28,4.05,4.22,3.77,4.17,53285660,408254496.0
2015-07-29,4.17,4.42,4.12,4.41,30334424,245699616.0
2015-07-30,4.38,4.46,4.24,4.27,35170744,293250688.0
2015-07-31,4.18,4.32,4.18,4.27,22826734,184518224.0
2015-08-03,4.23,4.26,4.04,4.19,23191568,183969968.0
2015-08-04,4.2,4.52,4.2,4.51,29661682,248903840.0
2015-08-05,4.52,4.59,4.39,4.46,24156980,207034032.0
2015-08-06,4.37,4.54,4.32,4.53,16729505,142026432.0
2015-08-07,4.52,4.7,4.52,4.62,27693192,244183728.0
2015-08-10,4.66,4.86,4.64,4.85,43254996,393331584.0
2015-08-11,4.82,4.89,4.77,4.82,36030760,332194432.0
2015-08-12,4.75,4.82,4.64,4.65,24162172,218720928.0
2015-08-13,4.61,4.86,4.61,4.83,27618048,250517040.0
2015-08-14,4.9,4.92,4.79,4.79,27804192,256623408.0
2015-08-17,4.76,4.98,4.69,4.97,36545532,337127808.0
2015-08-18,4.93,5.08,4.47,4.49,50548452,459585152.0
2015-08-19,4.38,4.94,4.35,4.94,57664904,516238688.0
2015-08-20,5.43,5.43,5.19,5.37,148282272,1520650752.0
2015-08-21,5.11,5.21,4.83,4.83,89871696,847275008.0
2015-08-24,4.51,4.61,4.35,4.35,61184076,516041856.0
2015-08-25,4.04,4.3,3.91,3.91,84008760,647499008.0
2015-08-26,3.99,4.3,3.85,3.98,55817216,435706912.0
2015-08-27,4.13,4.38,4.12,4.38,62609008,509335232.0
2015-08-28,4.5,4.82,4.38,4.76,75516312,660360000.0
2015-08-31,4.72,4.73,4.47,4.52,50572296,441692544.0
2015-09-01,4.44,4.97,4.4,4.81,106284000,984062208.0
2015-09-02,4.35,5.03,4.32,4.44,86875232,774844224.0
2015-09-07,4.49,4.82,4.01,4.19,99210176,828959488.0
2015-09-08,4.04,4.3,3.85,4.26,58744716,454204320.0
2015-09-09,4.25,4.45,4.09,4.3,104249352,846327552.0
2015-09-10,4.19,4.29,4.09,4.15,41812836,335098976.0
2015-09-11,4.13,4.21,4.01,4.11,35695032,279962656.0
2015-09-14,4.16,4.29,3.84,3.89,56867700,448233024.0
2015-09-15,3.78,3.88,3.5,3.51,50813116,353060288.0
2015-09-16,3.7,3.86,3.67,3.86,30018116,218429872.0
2015-09-17,4.19,4.24,4.01,4.06,90542000,715042432.0
2015-09-18,4.06,4.16,3.98,4.08,44216056,343093856.0
2015-09-21,3.97,4.17,3.94,4.15,40319212,314411232.0
2015-09-22,4.16,4.28,4.09,4.2,50656800,406180544.0
2015-09-23,4.17,4.23,4.0,4.08,39050448,307718496.0
2015-09-24,4.08,4.17,4.07,4.12,19554880,153324144.0
2015-09-25,4.09,4.11,3.84,3.87,26887652,202358224.0
2015-09-28,3.93,3.96,3.83,3.96,12380268,92308872.0
2015-09-29,3.87,3.9,3.82,3.83,13230965,97274056.0
2015-09-30,3.87,3.92,3.83,3.84,9821104,72561840.0
2015-10-08,3.98,4.06,3.93,4.02,22020556,168314592.0
2015-10-09,4.02,4.1,3.97,4.08,20367472,157059488.0
2015-10-12,4.08,4.28,4.08,4.24,42521020,341645472.0
2015-10-13,4.2,4.26,4.15,4.26,30691718,246518512.0
2015-10-14,4.23,4.26,4.11,4.13,25029508,200732736.0
2015-10-15,4.12,4.32,4.12,4.3,40607720,329025312.0
2015-10-16,4.31,4.36,4.25,4.34,39874904,328003424.0
2015-10-19,4.35,4.43,4.22,4.43,51963912,431782464.0
2015-10-20,4.4,4.44,4.32,4.43,33605736,281422624.0
2015-10-21,4.42,4.44,4.04,4.1,54678424,446372544.0
2015-10-22,4.1,4.29,4.09,4.26,25877020,206584896.0
2015-10-23,4.26,4.39,4.24,4.36,36216656,297865472.0
2015-10-26,4.4,4.48,4.37,4.43,44378280,373988064.0
2015-10-27,4.4,4.46,4.24,4.42,29604080,246525952.0
2015-10-28,4.39,4.6,4.35,4.39,47477492,406479616.0
2015-10-29,4.43,4.46,4.34,4.41,25884936,217825408.0
2015-10-30,4.4,4.45,4.32,4.37,21743720,182450688.0
2015-11-02,4.3,4.37,4.22,4.24,21087856,173171488.0
2015-11-03,4.28,4.29,4.19,4.26,12965838,105140400.0
2015-11-04,4.26,4.47,4.26,4.43,40909776,343252416.0
2015-11-05,4.43,4.54,4.4,4.46,51427680,438012672.0
2015-11-06,4.5,4.61,4.46,4.56,49853904,432604736.0
2015-11-09,4.52,4.65,4.48,4.52,54845964,476292256.0
2015-11-10,4.5,4.61,4.47,4.59,54380920,472729600.0
2015-11-11,4.56,4.71,4.52,4.7,55830272,494036032.0
2015-11-12,4.69,4.76,4.57,4.62,37405628,331091392.0
2015-11-13,4.53,4.61,4.45,4.49,30988074,267149664.0
2015-11-16,4.42,4.64,4.38,4.64,29077168,251889488.0
2015-11-17,4.64,4.75,4.6,4.65,46176780,410757600.0
2015-11-18,4.64,4.76,4.59,4.71,44833204,401314848.0
2015-11-19,4.68,4.97,4.68,4.96,62758716,580266752.0
2015-11-20,4.91,4.97,4.84,4.96,43692988,409036416.0
2015-11-23,4.92,5.14,4.88,5.0,42236092,404170304.0
2015-11-24,4.94,5.02,4.79,5.01,35097492,328536448.0
2015-11-25,4.95,5.08,4.91,5.02,33551104,318762752.0
2015-11-26,5.05,5.21,4.98,5.06,45860156,446931040.0
2015-11-27,4.98,5.03,4.55,4.59,44370900,407222784.0
2015-11-30,4.6,4.84,4.4,4.82,34157848,303600768.0
2015-12-01,4.79,4.96,4.75,4.88,31763557,294385351.0
2015-12-02,4.87,4.87,4.61,4.82,23878584,217386496.0
2015-12-03,4.81,4.94,4.79,4.93,26613583,247997024.0
2015-12-04,4.88,5.02,4.83,4.96,30832098,290072320.0
2015-12-07,4.98,5.37,4.98,5.22,61477186,606285670.0
2015-12-08,5.18,5.32,5.03,5.05,43167036,424265152.0
2015-12-09,4.98,5.17,4.9,5.17,31775377,305031730.0
2015-12-10,5.17,5.21,4.98,4.99,26745148,260399920.0
2015-12-11,4.96,5.02,4.86,4.89,20722248,194575904.0
2015-12-14,4.83,4.97,4.82,4.96,21334844,199171664.0
2015-12-15,4.95,5.07,4.94,5.0,21731596,207838768.0
2015-12-16,5.05,5.05,4.86,4.89,24913940,235457072.0
2015-12-17,4.92,5.19,4.92,5.14,39969748,386115968.0
2015-12-18,5.11,5.14,4.97,5.1,31498856,303679744.0
2015-12-21,5.08,5.37,5.05,5.28,52106504,522508768.0
2015-12-22,5.27,5.5,5.21,5.44,51017958,525541819.0
2015-12-23,5.4,5.64,5.31,5.36,64971668,681009664.0
2015-12-24,5.38,5.54,5.28,5.48,40004160,412228512.0
2015-12-25,5.45,5.53,5.38,5.49,24867836,258660741.0
2015-12-28,5.49,5.5,5.21,5.23,39754235,403115833.0
2015-12-29,5.27,5.32,5.19,5.32,20240197,203651911.0
2015-12-30,5.35,5.38,5.26,5.34,15935178,161892330.0
2015-12-31,5.32,5.33,5.18,5.18,18996224,190072105.0
2016-01-04,5.19,5.21,4.66,4.66,29957785,278536518.0
2016-01-05,4.39,4.64,4.27,4.5,29576621,252793317.0
2016-01-06,4.52,4.62,4.49,4.61,20958328,182112979.0
2016-01-07,4.51,4.53,4.15,4.15,7127640,58372588.0
2016-01-08,4.16,4.37,3.97,4.17,26431688,211098437.0
2016-01-11,4.09,4.13,3.77,3.83,26864096,203305476.0
2016-01-12,3.87,3.99,3.77,3.91,17112230,127930676.0
2016-01-13,3.93,3.99,3.77,3.78,15370231,115135687.0
2016-01-14,3.71,3.99,3.67,3.94,15267592,111834271.0
2016-01-15,3.93,3.97,3.74,3.8,12828012,94225505.0
2016-01-18,3.72,3.96,3.69,3.86,12579784,92891671.0
2016-01-19,3.89,4.02,3.84,4.01,14796357,111357925.0
2016-01-20,3.98,4.02,3.9,3.97,12491785,94412284.0
2016-01-21,3.9,3.98,3.79,3.87,13034235,96634920.0
2016-01-22,3.87,3.94,3.81,3.9,10474688,77390835.0
2016-01-25,3.94,3.98,3.9,3.98,9829840,73995493.0
2016-01-26,3.93,3.94,3.7,3.73,18741302,136426561.0
2016-01-27,3.75,3.84,3.55,3.82,14297387,100648322.0
2016-01-28,3.75,3.91,3.72,3.84,14134690,103502437.0
2016-01-29,3.85,4.01,3.81,3.96,16555044,123462881.0
2016-02-01,3.94,4.08,3.89,4.07,16826925,128874840.0
2016-02-02,4.07,4.16,4.02,4.12,13563837,106274770.0
2016-02-03,4.04,4.17,3.98,4.09,9701582,75121415.0
2016-02-04,4.09,4.17,4.07,4.11,13183072,103738695.0
2016-02-05,4.08,4.14,4.04,4.06,9657014,75208271.0
2016-02-15,3.93,4.23,3.93,4.19,13777543,107635075.0
2016-02-16,4.17,4.35,4.17,4.32,11527328,94386231.0
2016-02-17,4.31,4.32,4.23,4.31,9744913,79615923.0
2016-02-18,4.33,4.36,4.24,4.26,10201310,83401364.0
2016-02-19,4.28,4.4,4.24,4.33,12178589,100446267.0
2016-02-22,4.35,4.39,4.33,4.36,9374097,78070576.0
2016-02-23,4.38,4.38,4.24,4.34,13925906,114158257.0
2016-02-24,4.33,4.44,4.3,4.39,28108592,235293862.0
2016-02-25,4.37,4.39,3.98,4.0,21656433,171865092.0
2016-02-26,4.06,4.16,4.04,4.12,10511484,82300931.0
2016-02-29,4.1,4.1,3.87,3.98,12109529,91589508.0
2016-03-01,4.0,4.12,3.98,4.09,6791969,52448412.0
2016-03-02,4.05,4.33,4.05,4.3,11356829,91634361.0
2016-03-03,4.29,4.34,4.24,4.27,11652667,95349613.0
2016-03-04,4.24,4.29,4.09,4.13,10401375,82919236.0
2016-03-07,4.15,4.26,4.15,4.22,6887579,55370542.0
2016-03-08,4.19,4.23,4.05,4.22,7870654,62174989.0
2016-03-09,4.13,4.18,4.09,4.14,4245007,33488724.0
2016-03-10,4.14,4.18,4.04,4.05,5344610,41815515.0
2016-03-11,3.98,4.07,3.98,4.04,3731822,28669138.0
2016-03-14,4.07,4.19,4.07,4.11,8531160,67549145.0
2016-03-15,4.11,4.16,4.03,4.07,5818747,45247619.0
2016-03-16,4.08,4.13,4.02,4.04,4360275,33842709.0
2016-03-17,4.05,4.17,4.04,4.13,8532854,66944848.0
2016-03-18,4.17,4.28,4.15,4.26,13750509,111090177.0
2016-03-21,4.27,4.33,4.26,4.31,18495649,151583157.0
2016-03-22,4.28,4.39,4.27,4.33,15299613,126564941.0
2016-03-23,4.33,4.37,4.28,4.32,9578696,78827475.0
2016-03-24,4.33,4.34,4.26,4.26,10903169,89630262.0
2016-03-25,4.24,4.33,4.24,4.32,9015336,73833951.0
2016-03-28,4.32,4.4,4.28,4.31,10081423,83403221.0
2016-03-29,4.31,4.34,4.23,4.26,8180582,66923325.0
2016-03-30,4.28,4.38,4.27,4.38,14396931,119049353.0
2016-03-31,4.37,4.46,4.35,4.39,11509494,97012149.0
2016-04-01,4.39,4.39,4.24,4.34,10711521,88038792.0
2016-04-05,4.33,4.46,4.3,4.44,12939600,108812187.0
2016-04-06,4.42,4.6,4.4,4.54,17304629,148232071.0
2016-04-07,4.52,4.54,4.39,4.44,11483403,97671478.0
2016-04-08,4.44,4.5,4.35,4.49,13669814,115689617.0
2016-04-11,4.52,4.59,4.5,4.52,14154314,122796586.0
2016-04-12,4.53,4.54,4.4,4.44,8230317,69846985.0
2016-04-13,4.45,4.55,4.45,4.51,14547546,125477770.0
2016-04-14,4.54,4.55,4.49,4.53,8255617,71196060.0
2016-04-15,4.53,4.55,4.46,4.5,8888749,76302638.0
2016-04-18,4.44,4.5,4.4,4.44,8349129,70687931.0
2016-04-19,4.44,4.64,4.35,4.59,23635227,204238713.0
2016-04-20,4.61,4.61,4.31,4.37,20987423,178218115.0
2016-04-21,4.36,4.42,4.3,4.3,9222959,76716412.0
2016-04-22,4.29,4.45,4.27,4.39,10314369,85692131.0
2016-04-25,4.35,4.46,4.31,4.43,9840684,82225314.0
2016-04-26,4.43,4.45,4.38,4.45,5729717,48402583.0
2016-04-27,4.46,4.49,4.4,4.41,6381887,54083616.0
2016-04-28,4.45,4.57,4.41,4.55,16035771,137303483.0
2016-04-29,4.5,4.61,4.5,4.55,13603767,118460986.0
2016-05-03,4.54,4.73,4.53,4.72,20312423,180846834.0
2016-05-04,4.7,4.76,4.66,4.67,14372706,129279739.0
2016-05-05,4.76,4.85,4.7,4.72,20428550,185547008.0
2016-05-06,4.68,4.74,4.48,4.49,19216495,169081529.0
2016-05-09,4.5,4.64,4.44,4.46,17337472,150567177.0
2016-05-10,4.45,4.49,4.35,4.4,13214494,110827362.0
2016-05-11,4.41,4.47,4.37,4.41,8133809,68659447.0
2016-05-12,4.38,4.62,4.35,4.61,17175359,147688016.0
2016-05-13,4.59,4.7,4.52,4.68,17448716,153144079.0
2016-05-16,4.63,4.86,4.59,4.79,26471497,240186147.0
2016-05-17,4.77,4.79,4.67,4.74,15720844,141768713.0
2016-05-18,4.69,4.69,4.54,4.62,11928624,104817928.0
2016-05-19,4.6,4.89,4.6,4.85,28624057,262389579.0
2016-05-20,4.78,4.89,4.74,4.86,19838902,182762509.0
2016-05-23,4.86,4.9,4.77,4.85,18360468,169176384.0
2016-05-24,4.83,4.89,4.78,4.84,13819536,127509627.0
2016-05-25,4.88,4.91,4.69,4.7,19069146,174149543.0
2016-05-26,4.68,4.76,4.56,4.75,13847986,122992515.0
2016-05-27,4.73,4.96,4.72,4.91,21925553,202356831.0
2016-05-30,4.86,4.93,4.8,4.86,15066885,139559835.0
2016-05-31,4.85,5.04,4.85,5.03,30862726,292576812.0
2016-06-01,5.03,5.16,4.98,5.07,28764669,278248850.0
2016-06-02,5.02,5.08,4.97,5.06,22267902,206419809.0
2016-06-03,5.05,5.15,5.02,5.04,24985658,234827086.0
2016-06-06,5.01,5.07,4.95,4.99,15810656,145605312.0
2016-06-07,4.99,5.02,4.95,4.99,10938898,100819965.0
2016-06-08,4.97,4.99,4.91,4.95,11879168,108765658.0
2016-06-13,4.87,4.93,4.68,4.68,22345530,198267749.0
2016-06-14,4.67,4.71,4.64,4.7,9550584,82515327.0
2016-06-15,4.66,4.9,4.63,4.85,14842442,132253166.0
2016-06-16,4.82,4.86,4.75,4.79,12014922,106663129.0
2016-06-17,4.8,4.85,4.77,4.82,12329350,109785723.0
2016-06-20,4.82,4.86,4.71,4.83,12842849,113416202.0
2016-06-21,4.86,4.99,4.76,4.79,20255095,182605252.0
2016-06-22,4.8,4.92,4.74,4.91,13078819,116975001.0
2016-06-23,4.93,5.06,4.91,4.95,24328207,223944955.0
2016-06-24,4.92,4.98,4.66,4.83,20807903,186848825.0
2016-06-27,4.8,4.99,4.79,4.97,17992090,164120293.0
2016-06-28,4.94,5.06,4.9,5.04,21186894,195820963.0
2016-06-29,5.08,5.09,4.96,5.02,13741548,127319082.0
2016-06-30,5.01,5.12,4.98,5.01,16073542,149971884.0
2016-07-01,5.0,5.02,4.92,4.94,11736497,107781264.0
2016-07-04,4.92,5.06,4.9,5.04,15277398,141373472.0
2016-07-05,5.05,5.05,5.0,5.03,11224231,104089741.0
2016-07-06,4.99,5.06,4.98,5.02,12264712,113655023.0
2016-07-07,4.99,5.02,4.91,4.95,18755298,171645451.0
2016-07-08,4.95,4.99,4.92,4.94,10598017,97107455.0
2016-07-11,4.94,5.01,4.92,4.93,14362333,132163756.0
2016-07-12,4.93,5.12,4.93,5.08,34109534,317922244.0
2016-07-13,5.09,5.21,5.06,5.11,25414306,241382626.0
2016-07-14,5.12,5.14,5.03,5.08,14013670,131473364.0
2016-07-15,5.09,5.09,4.96,5.0,22580377,209080516.0
2016-07-18,4.99,5.02,4.95,5.0,9948114,91717458.0
2016-07-19,5.01,5.01,4.93,5.01,11008788,101055482.0
2016-07-20,4.99,5.05,4.98,5.0,9230999,85514724.0
2016-07-21,4.96,5.05,4.96,5.01,11620797,107851288.0
2016-07-22,5.01,5.02,4.96,4.96,10558966,97397762.0
2016-07-25,4.99,5.18,4.98,5.16,30427496,287234045.0
2016-07-26,5.17,5.17,5.1,5.16,16192649,153728886.0
2016-07-27,5.15,5.22,4.94,4.99,33913354,318833208.0
2016-07-28,4.99,5.1,4.96,5.09,16489208,153171034.0
2016-07-29,5.08,5.27,5.07,5.18,30576421,293057363.0
2016-08-01,5.13,5.15,4.93,5.03,17981243,166492297.0
2016-08-02,5.02,5.19,4.99,5.18,15509616,144926358.0
2016-08-03,5.12,5.38,5.12,5.32,48940502,479709996.0
2016-08-04,5.32,5.51,5.25,5.36,43491640,433695303.0
2016-08-05,5.34,5.78,5.32,5.61,57009549,587848338.0
2016-08-08,5.6,5.73,5.51,5.66,31976162,332426811.0
2016-08-09,5.6,5.71,5.54,5.66,27139731,281811539.0
2016-08-10,5.65,5.83,5.48,5.52,37959732,397859639.0
2016-08-11,5.47,5.58,5.39,5.48,25211889,255524631.0
2016-08-12,5.51,5.54,5.36,5.48,20820014,209429014.0
2016-08-15,5.46,5.67,5.4,5.64,31139524,318632480.0
2016-08-16,5.62,5.66,5.54,5.63,20602320,213073433.0
2016-08-17,5.61,5.78,5.58,5.71,29244941,307773097.0
2016-08-18,5.68,5.8,5.58,5.6,20328254,212601291.0
2016-08-19,5.56,6.04,5.53,6.03,50812136,550041894.0
2016-08-22,5.98,6.1,5.85,5.89,36138698,399518775.0
2016-08-23,5.85,5.95,5.78,5.84,17809648,192774628.0
2016-08-24,5.84,5.93,5.76,5.82,16293262,176496306.0
2016-08-25,5.85,6.15,5.74,6.12,32309739,356561854.0
2016-08-26,6.05,6.14,5.89,5.94,28238758,314503281.0
2016-08-29,5.9,6.26,5.85,6.2,35408958,400640435.0
2016-08-30,6.16,6.43,6.1,6.15,35759504,412980133.0
2016-08-31,6.17,6.58,6.14,6.48,46296018,545332516.0
2016-09-01,6.46,6.66,6.38,6.43,39217825,470866174.0
2016-09-02,6.47,6.58,6.35,6.57,26335726,314320436.0
2016-09-05,6.56,7.02,6.53,6.89,52023848,655733529.0
2016-09-06,6.93,7.27,6.79,7.03,55101865,721100056.0
2016-09-07,7.07,7.27,6.9,6.96,44871549,586713548.0
2016-09-08,6.9,7.46,6.79,7.43,59093032,773856105.0
2016-09-09,7.36,7.5,7.2,7.25,45003047,609980833.0
2016-09-12,7.11,7.11,6.81,6.94,42121120,542642600.0
2016-09-13,7.01,7.06,6.44,6.64,78933064,977343931.0
2016-09-14,6.57,6.7,6.44,6.57,36694198,447054018.0
2016-09-19,6.56,6.84,6.56,6.73,35031394,434152130.0
2016-09-20,6.68,7.1,6.68,7.09,49909447,644041211.0
2016-09-21,7.03,7.1,6.93,7.06,33422906,433685616.0
2016-09-22,7.11,7.41,6.98,7.19,44408713,593260749.0
2016-09-23,7.18,7.42,6.86,6.87,39024361,512880954.0
2016-09-26,6.84,7.1,6.83,6.91,26918883,345453927.0
2016-09-27,6.92,6.97,6.4,6.71,42297360,518162966.0
2016-09-28,6.64,7.07,6.56,7.04,45869128,582991805.0
2016-09-29,6.93,6.98,6.73,6.85,27694364,350308013.0
2016-09-30,6.79,6.87,6.56,6.71,24312168,300971812.0
2016-10-10,6.73,7.0,6.55,6.97,29162014,366610641.0
2016-10-11,6.95,7.14,6.87,7.08,34761312,451033614.0
2016-10-12,7.07,7.2,6.94,7.07,25838780,338048440.0
2016-10-13,7.03,7.28,6.98,7.16,25194565,332659294.0
2016-10-14,7.16,7.19,6.97,7.01,18552766,241881054.0
2016-10-17,7.01,7.06,6.76,6.83,17563113,223527544.0
2016-10-18,6.83,7.31,6.71,7.26,40891746,534411354.0
2016-10-19,7.21,7.27,7.12,7.19,25184971,335096922.0
2016-10-20,7.22,7.27,7.1,7.25,19166624,254911890.0
2016-10-21,7.25,7.71,7.21,7.64,59442992,823307573.0
2016-10-24,7.6,7.69,7.5,7.61,39118258,548642023.0
2016-10-25,7.6,7.65,7.34,7.51,33482470,461412115.0
2016-10-26,7.52,7.52,7.25,7.42,29290763,397800472.0
2016-10-27,7.36,7.63,7.28,7.54,39245237,544964079.0
2016-10-28,7.52,7.54,7.1,7.11,34612901,466939171.0
2016-10-31,7.16,7.25,7.04,7.08,18423439,242816033.0
2016-11-01,7.1,7.13,6.72,6.87,54591725,691998704.0
2016-11-02,6.81,6.9,6.73,6.76,26714933,336198008.0
2016-11-03,6.76,6.85,6.74,6.75,21850666,274279152.0
2016-11-04,6.79,6.85,6.59,6.61,28223800,349542354.0
2016-11-07,6.65,6.74,6.5,6.74,26541291,326239503.0
2016-11-08,6.73,6.78,6.61,6.65,20597536,255355809.0
2016-11-09,6.65,6.65,6.31,6.44,32338588,387681342.0
2016-11-10,6.49,6.64,6.44,6.59,24437120,295119076.0
2016-11-11,6.57,6.57,6.38,6.51,25167220,301531921.0
2016-11-14,6.44,6.57,6.42,6.45,19807342,237493834.0
2016-11-15,6.46,6.48,6.32,6.37,21761716,256045843.0
2016-11-16,6.38,6.62,6.37,6.57,32012097,385281218.0
2016-11-17,6.54,6.57,6.46,6.52,13747693,165854060.0
2016-11-18,6.49,6.59,6.49,6.58,15473134,187470975.0
2016-11-21,6.58,6.67,6.49,6.58,14307803,173956789.0
2016-11-22,6.58,6.63,6.51,6.63,15609635,189973791.0
2016-11-23,6.63,6.65,6.48,6.5,15190177,183944345.0
2016-11-24,6.49,6.51,6.31,6.34,19430666,229495195.0
2016-11-25,6.34,6.35,6.15,6.27,17624685,203495450.0
2016-11-28,6.27,6.47,6.24,6.45,19018778,224026914.0
2016-11-29,6.48,6.48,6.3,6.32,10531330,123912883.0
2016-11-30,6.32,6.36,6.21,6.24,10077225,117098489.0
2016-12-01,6.24,6.38,6.21,6.32,15931267,185729352.0
2016-12-02,6.32,6.32,6.11,6.12,15147498,173223237.0
2016-12-05,6.11,6.24,6.06,6.13,9196793,104741720.0
2016-12-06,6.14,6.18,6.07,6.14,13148803,148991084.0
2016-12-07,6.11,6.36,6.11,6.31,16811319,195116656.0
2016-12-08,6.35,6.63,6.34,6.53,30890539,372140016.0
2016-12-09,6.49,6.55,6.41,6.46,16897869,202093641.0
2016-12-12,6.45,6.45,5.94,5.96,26866621,305002252.0
2016-12-13,5.95,6.15,5.94,6.07,12619842,141089334.0
2016-12-14,6.08,6.08,5.84,5.87,13748572,150670653.0
2016-12-15,5.85,6.0,5.84,5.89,11107291,121306499.0
2016-12-16,5.89,5.98,5.86,5.89,8743294,95381077.0
2016-12-19,5.91,5.98,5.81,5.87,11775394,128071211.0
2016-12-20,5.79,5.88,5.74,5.82,11625734,124530507.0
2016-12-21,5.86,5.99,5.84,5.93,15851916,173967885.0
2016-12-22,5.89,6.02,5.89,6.01,12173033,134068176.0
2016-12-23,6.0,6.11,5.97,6.05,18033635,201488179.0
2016-12-26,6.04,6.13,5.84,6.08,17916677,198331611.0
2016-12-27,6.1,6.2,6.05,6.15,14103468,160092963.0
2016-12-28,6.2,6.23,6.04,6.05,12171166,137510008.0
2016-12-29,6.06,6.06,5.91,5.93,11316354,124583092.0
2016-12-30,5.96,6.01,5.91,5.95,9635283,106035530.0
2017-01-03,5.96,6.02,5.88,5.93,13301820,146306242.0
2017-01-04,5.98,6.53,5.98,6.53,45688167,538037493.0
2017-01-05,6.59,6.59,6.39,6.46,48856251,585469226.0
2017-01-06,6.41,6.45,6.29,6.35,25072240,295060744.0
2017-01-09,6.28,6.42,6.28,6.35,22845962,267978190.0
2017-01-10,6.35,6.38,6.2,6.25,17724993,206285183.0
2017-01-11,6.25,6.29,6.07,6.16,21837902,249362549.0
2017-01-12,6.13,6.19,6.0,6.1,15507472,175149238.0
2017-01-13,6.1,6.25,6.08,6.13,16356234,186280221.0
2017-01-16,6.11,6.17,5.52,5.84,22064606,238494260.0
2017-01-17,5.78,5.94,5.68,5.89,11655032,125315935.0
2017-01-18,5.95,6.09,5.94,5.96,12935733,143713169.0
2017-01-19,5.94,6.04,5.88,5.89,9076982,100024666.0
2017-01-20,5.88,6.13,5.88,6.08,13889904,155210872.0
2017-01-23,6.09,6.22,6.08,6.12,10095801,115044130.0
2017-01-24,6.1,6.2,6.1,6.14,8266758,93990730.0
2017-01-25,6.17,6.22,6.12,6.2,7737657,88461812.0
2017-01-26,6.19,6.21,6.06,6.13,9563358,108098989.0
2017-02-03,6.11,6.14,6.08,6.08,5496575,62116715.0
2017-02-06,6.07,6.39,6.06,6.38,22866472,264483260.0
2017-02-07,6.4,6.64,6.4,6.51,39885918,481478192.0
2017-02-08,6.46,6.58,6.41,6.54,21462953,258396684.0
2017-02-09,6.54,6.7,6.5,6.57,20643006,251392553.0
2017-02-10,6.52,6.68,6.49,6.67,23372133,285186975.0
2017-02-13,6.65,6.68,6.59,6.63,16948054,207587783.0
2017-02-14,6.61,6.67,6.56,6.65,14520246,177867378.0
2017-02-15,6.64,6.66,6.52,6.55,20173772,245683731.0
2017-02-16,6.6,6.78,6.54,6.75,25122287,311240999.0
2017-02-17,6.74,6.87,6.6,6.62,20822427,260109239.0
2017-02-20,6.64,6.75,6.54,6.73,17427323,214577382.0
2017-02-21,6.72,6.9,6.7,6.82,19155569,241422361.0
2017-02-22,6.8,6.85,6.75,6.83,11918496,149846267.0
2017-02-23,6.86,6.89,6.7,6.78,18479456,230940743.0
2017-02-24,6.77,6.94,6.72,6.73,23887849,301884491.0
2017-02-27,6.66,6.74,6.55,6.58,17804530,218153234.0
2017-02-28,6.57,6.83,6.56,6.74,20792637,257764748.0
2017-03-01,6.72,6.89,6.72,6.75,20521392,258455674.0
2017-03-02,6.77,6.89,6.75,6.8,18096349,228065689.0
2017-03-03,6.77,7.05,6.74,7.03,32673258,419368023.0
2017-03-06,7.07,7.33,6.99,7.23,34236306,455910822.0
2017-03-07,7.2,7.26,7.07,7.17,18020154,238227418.0
2017-03-08,7.16,7.27,7.07,7.18,11502754,151980068.0
2017-03-09,7.15,7.18,6.97,6.98,18223674,237909757.0
2017-03-10,6.95,7.16,6.95,7.06,13572394,177279193.0
2017-03-13,7.04,7.4,7.04,7.36,29061408,390940145.0
2017-03-14,7.37,7.39,7.16,7.24,18744284,251256214.0
2017-03-15,7.18,7.31,7.16,7.24,14416210,192339060.0
2017-03-16,7.33,7.44,7.25,7.39,23825316,324093171.0
2017-03-17,7.4,7.44,7.12,7.14,21987031,296622775.0
2017-03-20,7.18,7.22,6.93,7.06,18714354,243619275.0
2017-03-21,7.05,7.26,7.04,7.23,16958034,224863776.0
2017-03-22,7.18,7.32,7.14,7.3,15255379,204417567.0
2017-03-23,7.35,7.37,7.04,7.14,20147113,266424591.0
2017-03-24,7.19,7.28,7.12,7.21,17599470,234803767.0
2017-03-27,7.2,7.37,7.19,7.22,18617550,250672547.0
2017-03-28,7.17,7.23,6.97,6.98,19270728,251291715.0
2017-03-29,7.01,7.05,6.86,6.92,14465045,186039055.0
2017-03-30,6.97,7.04,6.85,6.94,17566538,225626124.0
2017-03-31,6.98,7.17,6.81,7.1,21951830,286239899.0
2017-04-05,7.1,7.56,7.04,7.53,36974515,504283378.0
2017-04-06,7.46,7.59,7.38,7.45,23133184,319155686.0
2017-04-07,7.46,7.56,7.41,7.48,18731988,259177140.0
2017-04-10,7.55,7.55,7.18,7.21,23476250,317607845.0
2017-04-11,7.24,7.29,6.97,7.24,22431251,294521210.0
2017-04-12,7.22,7.23,6.93,6.97,19044416,248025806.0
2017-04-13,6.98,7.09,6.96,7.02,10225241,132770287.0
2017-04-14,7.02,7.04,6.77,6.79,16952232,214702407.0
2017-04-17,6.79,6.91,6.57,6.64,19296203,238925508.0
2017-04-18,6.67,6.68,6.43,6.44,20219633,244702842.0
2017-04-19,6.44,6.48,6.23,6.37,23972330,280817459.0
2017-04-20,6.39,6.45,6.33,6.42,15580150,184053486.0
2017-04-21,6.42,6.46,6.26,6.33,12717812,150040243.0
2017-04-24,6.3,6.3,6.06,6.15,16691714,189727277.0
2017-04-25,6.19,6.34,6.1,6.32,14161973,163924807.0
2017-04-26,6.33,6.47,6.3,6.4,16729877,198049211.0
2017-04-27,6.38,6.58,6.25,6.52,15811028,188204695.0
2017-04-28,6.47,6.53,6.41,6.46,8535326,102055024.0
2017-05-02,6.76,6.8,6.61,6.7,21912541,271966428.0
2017-05-03,6.7,6.81,6.64,6.72,12429578,155198818.0
2017-05-04,6.71,6.84,6.66,6.8,13721395,172221989.0
2017-05-05,6.74,6.85,6.7,6.72,11749804,146967267.0
2017-05-08,6.72,6.77,6.54,6.66,11886190,145997458.0
2017-05-09,6.61,6.75,6.6,6.73,11696212,144535838.0
2017-05-10,6.73,6.78,6.31,6.35,18569153,224925043.0
2017-05-11,6.4,6.46,6.28,6.46,13893259,164257868.0
2017-05-12,6.46,6.46,6.27,6.35,12997991,152527820.0
2017-05-15,6.37,6.44,6.31,6.35,8526571,100480904.0
2017-05-16,6.35,6.75,6.29,6.72,20747447,251668593.0
2017-05-17,6.73,6.77,6.63,6.67,15505946,192000833.0
2017-05-18,6.63,6.73,6.59,6.67,12810999,157757637.0
2017-05-19,6.71,6.71,6.53,6.54,12579172,153235679.0
2017-05-22,6.53,6.53,6.21,6.28,20454954,239626513.0
2017-05-23,6.28,6.34,6.06,6.1,13470050,154627271.0
2017-05-24,6.08,6.24,6.0,6.22,12687932,144241250.0
2017-05-25,6.21,6.39,6.18,6.31,12744004,148219074.0
2017-05-26,6.32,6.36,6.1,6.17,18640549,213715373.0
2017-05-31,6.27,6.3,6.06,6.08,15022769,171127164.0
2017-06-01,6.08,6.14,5.77,5.84,20689127,226920594.0
2017-06-02,5.87,5.93,5.73,5.91,18760501,202469633.0
2017-06-05,5.95,6.01,5.88,5.95,16191375,178269386.0
2017-06-06,5.95,6.04,5.92,5.99,11905757,131658526.0
2017-06-07,6.01,6.19,5.98,6.14,20046466,226365434.0
2017-06-08,6.15,6.29,6.14,6.24,20605186,236968961.0
2017-06-09,6.27,6.29,6.14,6.24,17477353,200587079.0
2017-06-12,6.24,6.24,6.12,6.15,17848979,197763231.0
2017-06-13,6.18,6.34,6.14,6.3,16595271,186574471.0
2017-06-14,6.36,6.41,6.3,6.34,14604393,166405407.0
2017-06-15,6.32,6.39,6.28,6.35,11385710,129575110.0
2017-06-16,6.35,6.37,6.18,6.19,14288376,160550437.0
2017-06-19,6.26,6.27,6.19,6.24,15941661,178137925.0
2017-06-20,6.24,6.37,6.24,6.32,18243560,207156539.0
2017-06-21,6.36,6.41,6.3,6.4,16361317,187067395.0
2017-06-22,6.4,6.41,6.21,6.22,17616665,200028541.0
2017-06-23,6.21,6.29,6.07,6.22,18604694,206289548.0
2017-06-26,6.23,6.59,6.19,6.57,48702627,561922256.0
2017-06-27,6.51,6.66,6.5,6.58,36267463,428870072.0
2017-06-28,6.57,6.66,6.52,6.65,21614679,256353682.0
2017-06-29,6.67,6.88,6.67,6.85,44558955,544262203.0
2017-06-30,6.79,6.88,6.74,6.87,18089228,221184190.0
2017-07-03,6.86,6.93,6.78,6.85,19361182,237684504.0
2017-07-04,6.85,6.88,6.69,6.76,22316642,271060216.0
2017-07-05,6.76,6.93,6.71,6.93,28023852,344394082.0
2017-07-06,6.9,7.0,6.72,6.88,36127996,446860263.0
2017-07-07,6.86,7.14,6.83,7.06,37560929,474343717.0
2017-07-10,7.07,7.27,7.01,7.1,33579038,429566106.0
2017-07-11,7.05,7.18,6.94,7.02,25008623,316397424.0
2017-07-12,7.01,7.04,6.81,6.9,35798932,442482567.0
2017-07-13,6.95,7.34,6.94,7.29,62492745,806867007.0
2017-07-14,7.29,7.34,7.19,7.32,28854523,376932034.0
2017-07-17,7.32,7.35,6.77,7.18,35646272,457194297.0
2017-07-18,7.22,7.59,7.18,7.47,58324724,776902975.0
2017-07-19,7.4,7.87,7.38,7.86,55283567,759871551.0
2017-07-20,7.93,7.93,7.73,7.78,38810005,544344809.0
2017-07-21,7.75,8.33,7.71,8.32,58971725,856749698.0
2017-07-24,8.32,8.59,8.08,8.13,65865275,983160723.0
2017-07-25,8.15,8.27,7.97,8.23,42174568,614761256.0
2017-07-26,8.17,8.23,7.82,8.0,55925279,799814058.0
2017-07-27,8.07,8.41,7.93,8.4,73464122,1078381036.0
2017-07-28,8.3,8.4,8.09,8.28,47087919,697027562.0
2017-07-31,8.2,8.68,8.09,8.55,65665489,986522574.0
2017-08-01,8.72,8.79,8.25,8.38,60066866,913193043.0
2017-08-02,8.24,8.41,7.96,8.01,55063437,811160395.0
2017-08-03,7.96,8.09,7.86,8.02,32620943,468037349.0
2017-08-04,8.01,8.08,7.62,7.62,46049222,649706338.0
2017-08-07,7.61,7.72,7.47,7.66,44504928,606677989.0
2017-08-08,7.68,7.81,7.53,7.65,37992888,523361773.0
2017-08-09,7.65,7.92,7.6,7.87,37090807,520117712.0
2017-08-10,7.85,7.85,7.52,7.72,29608726,408773393.0
2017-08-11,7.59,7.78,7.42,7.45,28874002,394650111.0
2017-08-14,7.45,7.92,7.45,7.84,36337830,505491928.0
2017-08-15,7.84,8.04,7.83,7.89,33402009,474681296.0
2017-08-16,7.89,7.97,7.83,7.86,22151757,313675315.0
2017-08-17,7.81,7.93,7.67,7.85,25335025,353939073.0
2017-08-18,7.76,7.92,7.69,7.82,17162287,241669212.0
2017-08-21,7.78,8.08,7.76,8.07,34043663,486023076.0
2017-08-22,8.05,8.12,7.96,8.01,22807228,328582210.0
2017-08-23,7.96,8.16,7.91,8.1,28756328,416403001.0
2017-08-24,8.09,8.09,7.75,7.76,30265241,431919248.0
2017-08-25,7.7,7.94,7.7,7.85,26936393,378650559.0
2017-08-28,7.89,7.97,7.68,7.73,31281006,440454943.0
2017-08-29,7.77,7.84,7.66,7.81,21531053,300535072.0
2017-08-30,7.81,7.81,7.65,7.73,22716879,314334790.0
2017-08-31,7.68,8.1,7.64,8.09,55118269,790584569.0
2017-09-01,8.07,8.15,8.0,8.12,36506129,529173783.0
2017-09-04,8.09,8.3,8.05,8.12,38034320,557266161.0
2017-09-05,8.11,8.21,7.96,8.2,22839211,330965202.0
2017-09-06,8.15,8.46,8.08,8.32,37016659,550727635.0
2017-09-07,8.43,8.44,8.08,8.11,25587348,379190796.0
2017-09-08,8.19,8.52,8.15,8.42,44874523,676217621.0
2017-09-11,8.47,8.59,8.36,8.55,33363529,509105196.0
2017-09-12,8.5,8.79,8.42,8.61,42629553,657870650.0
2017-09-13,8.57,8.71,8.44,8.54,27767257,426224784.0
2017-09-14,8.54,8.54,8.21,8.33,36972672,552396932.0
2017-09-15,8.27,8.38,8.18,8.25,18739164,278913449.0
2017-09-18,8.24,8.66,8.21,8.64,27827389,422703546.0
2017-09-19,8.57,8.64,8.47,8.51,20259782,310963739.0
2017-09-20,8.52,8.88,8.45,8.81,39894863,626094583.0
2017-09-21,8.76,8.87,8.59,8.76,25274280,396597622.0
2017-09-22,8.67,8.74,8.38,8.42,26568968,404495850.0
2017-09-25,8.37,8.49,8.17,8.21,20642621,310237285.0
2017-09-26,8.24,8.3,8.04,8.14,18710012,272817864.0
2017-09-27,8.16,8.36,8.13,8.32,16992360,253180900.0
2017-09-28,8.31,8.49,8.27,8.37,14950168,225909001.0
2017-09-29,8.38,8.56,8.38,8.53,18364236,280463121.0
2017-10-09,8.64,8.77,8.49,8.67,22088179,343239827.0
2017-10-10,8.65,8.72,8.47,8.7,19627294,302854176.0
2017-10-11,8.82,8.82,8.39,8.46,24418036,374046420.0
2017-10-12,8.45,8.61,8.38,8.57,15711274,240284126.0
2017-10-13,8.53,8.59,8.42,8.44,13693871,208228701.0
2017-10-16,8.43,8.44,8.15,8.18,19580896,291003025.0
2017-10-17,8.17,8.32,8.16,8.25,11087107,164385949.0
2017-10-18,8.3,8.31,7.82,7.86,26728805,385011820.0
2017-10-19,7.88,7.93,7.67,7.86,19898452,279398490.0
2017-10-20,7.86,7.99,7.71,7.98,12885316,182889925.0
2017-10-23,7.97,8.0,7.83,7.98,9381735,133755800.0
2017-10-24,7.98,7.99,7.85,7.94,9572952,136071174.0
2017-10-25,7.95,8.23,7.91,8.2,16490204,240248874.0
2017-10-26,8.18,8.34,8.13,8.23,16644893,247083238.0
2017-10-27,8.24,8.38,8.17,8.2,16264662,242028378.0
2017-10-30,8.21,8.37,8.09,8.18,24848085,368749375.0
2017-10-31,8.09,8.46,8.09,8.46,26169652,390991501.0
2017-11-01,8.46,8.59,8.38,8.45,25432090,387519711.0
2017-11-02,8.4,8.62,8.3,8.61,32034341,489087503.0
2017-11-03,8.6,8.6,8.22,8.33,32160203,486497110.0
2017-11-06,8.3,8.91,8.27,8.89,46591624,721403031.0
2017-11-07,8.84,9.05,8.8,9.0,46282004,740862971.0
2017-11-08,8.99,9.09,8.84,9.01,36501149,586647169.0
2017-11-09,8.91,9.35,8.81,9.25,45173330,736092946.0
2017-11-10,9.2,9.67,9.17,9.58,49122921,835122639.0
2017-11-13,9.63,9.94,9.57,9.6,49316322,862669919.0
2017-11-14,9.6,9.75,9.4,9.72,35312456,608197599.0
2017-11-15,9.68,9.72,9.16,9.24,39583580,666477151.0
2017-11-16,9.19,9.45,9.09,9.34,28751453,480409365.0
2017-11-17,9.3,9.46,9.02,9.14,37337159,620414922.0
2017-11-20,9.15,9.61,9.0,9.59,37262741,620777444.0
2017-11-21,9.56,9.79,9.53,9.75,38321536,664451691.0
2017-11-22,9.91,9.95,9.01,9.06,58469894,992313454.0
2017-11-23,9.05,9.21,8.5,8.63,54491834,860987825.0
2017-11-24,8.52,8.6,8.21,8.23,37958777,568787202.0
2017-11-27,8.23,8.41,8.13,8.21,19788924,293848795.0
2017-11-28,8.23,8.4,8.17,8.37,19175127,285655185.0
2017-11-29,8.35,8.36,8.03,8.2,23500256,345135653.0
2017-11-30,8.21,8.3,8.14,8.22,11401265,168570459.0
2017-12-01,8.22,8.32,8.11,8.25,13035536,192777585.0
2017-12-04,8.22,8.26,7.93,7.94,22027375,319065674.0
2017-12-05,7.95,7.99,7.64,7.71,21709686,304474484.0
2017-12-06,7.73,7.91,7.57,7.89,19461438,270568652.0
2017-12-07,7.84,7.85,7.67,7.72,16009445,222954697.0
2017-12-08,7.77,8.04,7.68,7.97,24876381,352960387.0
2017-12-11,8.16,8.22,7.97,8.2,24173881,352346845.0
2017-12-12,8.23,8.36,8.1,8.14,23818629,352529388.0
2017-12-13,8.07,8.38,8.06,8.31,20491376,304682223.0
2017-12-14,8.33,8.48,8.3,8.38,19047139,287339298.0
2017-12-15,8.41,8.43,8.13,8.16,15609040,231438639.0
2017-12-18,8.17,8.4,8.17,8.28,13961187,208506619.0
2017-12-19,8.35,8.6,8.32,8.48,18227752,277844469.0
2017-12-20,8.49,9.0,8.49,8.81,36321676,573752779.0
2017-12-21,8.87,9.15,8.62,9.06,32655781,524530365.0
2017-12-22,9.02,9.38,8.96,9.29,32943674,548304825.0
2017-12-25,9.38,9.75,9.27,9.32,52274039,892594857.0
2017-12-26,9.37,9.53,9.13,9.44,26843807,449848896.0
2017-12-27,9.36,9.69,9.28,9.3,25127488,428920484.0
2017-12-28,9.27,9.98,9.25,9.89,41743395,729800671.0
2017-12-29,9.88,10.22,9.56,9.61,48582765,862491945.0
2018-01-02,9.85,10.32,9.66,10.29,40399411,730131231.0
2018-01-03,10.19,10.5,10.01,10.16,42390501,777920490.0
2018-01-04,10.16,10.38,10.07,10.14,21710229,396864435.0
2018-01-05,10.18,10.38,9.84,10.14,29635570,538828096.0
2018-01-08,10.02,10.32,9.97,10.21,26716003,485429568.0
2018-01-09,10.24,10.24,9.88,9.97,24305637,435905583.0
2018-01-10,9.96,9.96,9.5,9.76,34864001,607965606.0
2018-01-11,9.77,10.18,9.7,9.99,32319527,578310819.0
2018-01-12,10.0,10.07,9.66,9.68,18085050,319254496.0
2018-01-15,9.78,9.79,8.87,9.06,56870420,936021090.0
2018-01-16,9.05,9.19,8.91,9.07,26518779,430463541.0
2018-01-17,9.1,9.42,8.86,9.29,31421038,515147348.0
2018-01-18,9.19,9.66,9.15,9.51,24568038,419837387.0
2018-01-19,9.49,9.6,9.34,9.48,17064225,290658141.0
2018-01-22,9.52,9.52,9.12,9.34,23102416,384479164.0
2018-01-23,9.34,9.79,9.21,9.79,28451011,489716805.0
2018-01-24,9.74,9.94,9.64,9.9,28053663,493617448.0
2018-01-25,9.91,9.96,9.73,9.78,14701641,259821182.0
2018-01-26,9.71,9.75,9.35,9.49,24619874,419950730.0
2018-01-29,9.46,9.46,8.89,9.07,37965812,616921525.0
2018-01-30,8.97,9.1,8.89,8.95,12349456,199261542.0
2018-01-31,8.87,8.91,8.61,8.68,23366324,365420410.0
2018-02-01,8.73,8.74,8.3,8.41,27186579,412638144.0
2018-02-02,8.44,8.71,8.36,8.67,19124222,293547038.0
2018-02-05,8.52,8.85,8.47,8.77,18897803,294413391.0
2018-02-06,8.6,8.66,8.16,8.17,21422605,323836752.0
2018-02-07,8.43,8.6,8.18,8.51,27175240,411314980.0
2018-02-08,8.46,8.96,8.44,8.87,21230875,335950192.0
2018-02-09,8.6,8.94,8.3,8.61,26766974,417496970.0
2018-02-12,8.72,9.01,8.66,8.79,21433210,340997023.0
2018-02-13,8.8,9.2,8.69,9.19,32523309,524910926.0
2018-02-14,9.14,9.17,8.92,9.09,19476785,316446869.0
2018-02-22,9.16,9.3,9.05,9.19,19441548,320092659.0
2018-02-23,9.15,9.27,8.89,9.03,20385162,331230666.0
2018-02-26,9.09,9.75,9.03,9.66,47334195,805971723.0
2018-02-27,9.64,9.83,9.54,9.69,31208582,543581437.0
2018-02-28,9.58,9.81,9.51,9.65,20287463,352773553.0
2018-03-01,9.63,9.87,9.52,9.85,25459748,445238207.0
2018-03-02,9.77,9.79,9.45,9.49,22413790,386231751.0
2018-03-05,9.49,9.82,9.43,9.82,22580986,390705503.0
2018-03-06,9.83,9.94,9.68,9.86,25498357,450107927.0
2018-03-07,9.85,9.85,9.46,9.47,17729875,307071457.0
2018-03-08,9.53,9.56,9.38,9.51,14336296,243698967.0
2018-03-09,9.46,9.88,9.31,9.81,26755326,462845564.0
2018-03-12,9.87,10.16,9.81,9.98,32741185,587741574.0
2018-03-13,9.96,10.06,9.82,9.83,17663689,315675604.0
2018-03-14,9.77,9.83,9.58,9.73,19717695,343402279.0
2018-03-15,9.66,9.83,9.57,9.79,15356182,267071398.0
2018-03-16,9.74,9.8,9.4,9.41,20006171,343492824.0
2018-03-19,9.35,9.48,9.29,9.4,13309594,224465913.0
2018-03-20,9.34,9.39,9.1,9.32,13204755,219353064.0
2018-03-21,9.27,9.55,9.27,9.34,13769122,233530621.0
2018-03-22,9.34,9.43,9.15,9.28,9972834,166195365.0
2018-03-23,8.86,9.07,8.57,8.74,20131581,319592912.0
2018-03-26,8.6,9.02,8.45,9.01,18221409,287462739.0
2018-03-27,9.21,9.32,9.09,9.28,17683470,292906941.0
2018-03-28,9.21,9.6,9.19,9.36,21492656,364311050.0
2018-03-29,9.38,9.56,9.29,9.55,13966829,236834163.0
2018-03-30,9.6,10.0,9.53,9.88,27230008,478913195.0
2018-04-02,9.85,9.95,9.69,9.89,21962111,387771415.0
2018-04-03,9.69,9.74,9.25,9.54,24843123,423695859.0
2018-04-04,9.55,9.6,9.12,9.27,26941996,448463170.0
2018-04-09,9.19,9.25,8.96,9.13,17292190,283384428.0
2018-04-10,9.16,9.27,8.99,9.25,12694527,208318632.0
2018-04-11,9.25,9.29,9.13,9.15,12066459,199437739.0
2018-04-12,9.19,9.19,9.02,9.12,9016611,147536665.0
2018-04-13,9.2,9.21,8.9,8.95,13442519,217769691.0
2018-04-16,8.86,9.05,8.85,8.99,11181498,180325779.0
2018-04-17,8.97,9.39,8.97,9.06,26138194,431485664.0
2018-04-18,9.18,9.19,8.35,8.85,31178336,494912691.0
2018-04-19,8.79,8.88,8.45,8.54,32509685,503467484.0
2018-04-20,8.46,8.5,7.73,7.91,45652495,663144288.0
2018-04-23,7.85,8.02,7.59,7.76,29716863,414030991.0
2018-04-24,7.78,8.12,7.76,8.1,22861364,328495168.0
2018-04-25,8.02,8.26,7.99,8.12,18599246,271263178.0
2018-04-26,7.74,7.74,7.3,7.3,56816675,751187673.0
2018-04-27,7.32,7.35,7.0,7.17,28683429,367212443.0
2018-05-02,7.18,7.26,7.12,7.23,15270209,197317658.0
2018-05-03,7.18,7.38,7.07,7.35,19926012,259580882.0
2018-05-04,7.35,7.43,7.28,7.34,19275272,254659866.0
2018-05-07,7.33,7.57,7.29,7.52,25966933,348280218.0
2018-05-08,7.55,7.67,7.52,7.63,19522196,267372076.0
2018-05-09,7.61,7.68,7.54,7.59,14919401,203794643.0
2018-05-10,7.64,7.76,7.58,7.71,16722566,230839003.0
2018-05-11,7.73,7.76,7.51,7.52,16770616,228738062.0
2018-05-14,7.68,8.04,7.68,7.93,37259882,527797317.0
2018-05-15,7.96,8.02,7.82,8.0,17427432,248497453.0
2018-05-16,7.93,8.09,7.88,8.01,19183198,276052572.0
2018-05-17,7.95,8.09,7.93,8.01,16619369,239524426.0
2018-05-18,7.96,8.03,7.82,7.97,14518608,207005108.0
2018-05-21,8.1,8.36,8.09,8.31,24021606,355207040.0
2018-05-22,8.33,8.43,8.24,8.37,15573178,233524860.0
2018-05-23,8.35,8.35,8.21,8.25,15995636,237226229.0
2018-05-24,8.26,8.3,7.99,8.13,16468352,240182406.0
2018-05-25,8.12,8.12,7.76,7.8,17598143,248928937.0
2018-05-28,7.85,8.11,7.81,7.93,13782051,132037687.0
2018-05-29,7.93,8.0,7.76,7.81,16182710,152364703.0
2018-05-30,7.64,7.65,7.42,7.53,17135639,155191509.0
2018-05-31,7.59,7.71,7.42,7.55,17280362,156228073.0
2018-06-01,7.52,7.52,7.26,7.35,17512897,155026701.0
2018-06-04,7.18,7.48,7.18,7.4,12280742,108602342.0
2018-06-05,7.41,7.63,7.35,7.62,14276441,129387742.0
2018-06-06,7.65,7.96,7.63,7.85,17513396,164570593.0
2018-06-07,7.97,7.98,7.77,7.84,11100045,104768069.0
2018-06-08,7.89,7.96,7.76,7.84,12781786,120674402.0
2018-06-11,7.87,7.87,7.56,7.67,10615373,97578610.0
2018-06-12,7.67,7.92,7.61,7.92,16836721,158231357.0
2018-06-13,7.89,7.89,7.69,7.76,11068082,103387796.0
2018-06-14,7.7,7.86,7.7,7.78,9366587,87624433.0
2018-06-15,7.8,7.84,7.48,7.5,15604323,142617659.0
2018-06-19,7.09,7.36,6.8,6.87,27886618,236577971.0
2018-06-20,6.86,7.14,6.81,7.08,13046784,109621375.0
2018-06-21,7.08,7.2,6.99,7.08,13156006,111875532.0
2018-06-22,7.08,7.21,6.84,7.18,14322917,122414366.0
2018-06-25,7.26,7.3,7.15,7.26,11823486,102432844.0
2018-06-26,7.1,7.44,7.06,7.37,12259006,107328810.0
2018-06-27,7.36,7.45,7.2,7.26,10575399,92168161.0
2018-06-28,7.28,7.34,7.13,7.2,9912594,85986040.0
2018-06-29,7.16,7.67,7.16,7.64,16445920,147240697.0
2018-07-02,7.65,7.72,7.41,7.54,15018159,136524854.0
2018-07-03,7.47,7.87,7.47,7.83,19281128,178171309.0
2018-07-04,7.8,7.81,7.66,7.73,11531087,106601686.0
2018-07-05,7.72,7.81,7.55,7.7,12501960,115384933.0
2018-07-06,7.67,8.02,7.66,7.92,22929590,216738174.0
2018-07-09,7.96,8.13,7.86,8.01,18261788,174545125.0
2018-07-10,7.98,8.1,7.91,8.04,16768924,160662322.0
2018-07-11,7.91,7.97,7.78,7.9,12505920,118128963.0
2018-07-12,8.01,8.27,7.97,8.21,25442785,248767993.0
2018-07-13,8.17,8.23,8.08,8.17,12224475,119582086.0
2018-07-16,8.22,8.59,8.15,8.42,28457941,287758596.0
2018-07-17,8.47,8.66,8.36,8.46,25194543,256139221.0
2018-07-18,8.59,8.97,8.59,8.71,53203458,561526327.0
2018-07-19,8.76,8.82,8.5,8.55,24013594,247748817.0
2018-07-20,8.53,8.73,8.34,8.72,24973220,257852392.0
2018-07-23,8.67,8.95,8.64,8.82,26569411,280776882.0
2018-07-24,8.82,8.9,8.67,8.84,20601464,217831354.0
2018-07-25,8.82,9.16,8.73,9.13,32157200,348015875.0
2018-07-26,9.07,9.19,8.93,9.09,18432659,199709356.0
2018-07-27,9.07,9.08,8.77,8.85,17299844,184378429.0
2018-07-30,8.86,8.92,8.53,8.62,17905661,185770615.0
2018-07-31,8.65,8.72,8.55,8.65,9614296,99543487.0
2018-08-01,8.7,8.91,8.52,8.54,16616172,173981192.0
2018-08-02,8.55,8.61,8.23,8.55,19239564,193073139.0
2018-08-03,8.47,8.6,8.27,8.29,11522321,116543260.0
2018-08-06,8.3,8.45,8.15,8.29,11489353,114422768.0
2018-08-07,8.33,8.52,8.12,8.51,17835207,178125557.0
2018-08-08,8.47,8.83,8.37,8.6,26967281,279590286.0
2018-08-09,8.47,8.91,8.45,8.83,24029196,253439613.0
2018-08-10,8.83,8.99,8.76,8.94,14642114,155686888.0
2018-08-13,8.82,9.06,8.82,8.97,16127547,173065188.0
2018-08-14,8.87,8.97,8.77,8.81,11431796,121363253.0
2018-08-15,8.81,9.1,8.77,8.82,20094965,214744765.0
2018-08-16,8.79,9.24,8.69,9.01,35081617,380999988.0
2018-08-17,9.07,9.27,8.97,9.07,28662630,314171223.0
2018-08-20,9.0,9.12,8.77,9.0,20083010,215669875.0
2018-08-21,9.03,9.36,9.02,9.31,28124290,310423409.0
2018-08-22,9.29,9.31,9.01,9.05,16266767,178517742.0
2018-08-23,9.04,9.24,8.92,9.18,16530391,181223933.0
2018-08-24,9.2,9.37,8.99,9.09,22461495,247421623.0
2018-08-27,9.17,9.68,9.13,9.61,37187538,422235811.0
2018-08-28,9.59,9.63,9.45,9.58,19006846,216734097.0
2018-08-29,9.57,9.76,9.47,9.57,20212164,232457948.0
2018-08-30,9.51,9.58,9.17,9.21,21680569,241670899.0
2018-08-31,9.19,9.29,9.07,9.12,11333204,124674947.0
2018-09-03,9.05,9.13,8.66,9.05,23835735,253194343.0
2018-09-04,9.04,9.19,8.87,9.12,18936128,205799947.0
2018-09-05,9.09,9.09,8.77,8.77,15642456,167021146.0
2018-09-06,8.77,8.94,8.69,8.81,10096340,106750866.0
2018-09-07,8.81,8.95,8.54,8.69,15059483,158430090.0
2018-09-10,8.69,8.77,8.49,8.52,10582926,109201785.0
2018-09-11,8.52,8.77,8.47,8.63,11689891,120985635.0
2018-09-12,8.62,8.87,8.58,8.65,13157923,137798725.0
2018-09-13,8.79,8.92,8.7,8.85,13314043,140591070.0
2018-09-14,8.88,8.94,8.7,8.73,8939489,94254910.0
2018-09-17,8.61,8.67,8.29,8.38,13858264,140308478.0
2018-09-18,8.26,8.59,8.26,8.57,9314492,94376760.0
2018-09-19,8.54,8.74,8.42,8.62,11496415,118622823.0
2018-09-20,8.62,8.74,8.56,8.6,5886765,60983770.0
2018-09-21,8.63,8.71,8.52,8.67,7856738,81270744.0
2018-09-25,8.67,8.67,8.47,8.47,8922896,91250028.0
2018-09-26,8.5,8.73,8.48,8.72,12477255,129214801.0
2018-09-27,8.78,8.87,8.62,8.64,13310290,139325767.0
2018-09-28,8.62,8.79,8.49,8.78,11355561,117978175.0
2018-10-08,8.58,8.58,8.13,8.17,18249759,182034607.0
2018-10-09,8.17,8.27,7.82,7.91,12956223,124498897.0
2018-10-10,7.91,8.05,7.85,7.99,9373795,89740660.0
2018-10-11,7.64,7.97,7.51,7.58,17567729,161968840.0
2018-10-12,7.53,7.92,7.53,7.81,13012231,120376440.0
2018-10-15,7.83,7.96,7.72,7.73,7495209,70329533.0
2018-10-16,7.72,7.79,7.41,7.49,8728862,79303784.0
2018-10-17,7.63,7.72,7.52,7.67,7732796,70617512.0
2018-10-18,7.61,7.7,7.52,7.54,8180534,74576729.0
2018-10-19,7.51,7.83,7.42,7.82,13889907,128101499.0
2018-10-22,7.97,8.38,7.94,8.22,18006645,175894961.0
2018-10-23,8.27,8.47,8.14,8.24,13810452,137143130.0
2018-10-24,8.18,8.32,8.06,8.07,11886066,116651629.0
2018-10-25,7.86,8.22,7.81,8.18,9350277,89500585.0
2018-10-26,8.21,8.3,8.09,8.13,8427696,82789812.0
2018-10-29,8.12,8.12,7.61,7.71,12993501,121873714.0
2018-10-30,7.67,7.84,7.49,7.74,14588535,134792512.0
2018-10-31,7.75,7.99,7.75,7.92,9272683,87876345.0
2018-11-01,7.99,8.16,7.83,7.87,15450150,148091728.0
2018-11-02,8.02,8.19,7.97,8.18,25390467,246413500.0
2018-11-05,8.17,8.34,8.02,8.22,14441716,141826791.0
2018-11-06,8.22,8.23,8.01,8.12,8385966,81395483.0
2018-11-07,8.09,8.38,8.05,8.21,19071161,188225624.0
2018-11-08,8.22,8.3,8.02,8.07,10672508,103998859.0
2018-11-09,8.02,8.12,7.93,7.97,8561404,82198628.0
2018-11-12,7.97,8.22,7.97,8.22,18080313,176688998.0
2018-11-13,8.07,8.22,8.01,8.17,21914228,213157306.0
2018-11-14,8.12,8.15,7.91,7.93,17699609,170423235.0
2018-11-15,7.93,7.99,7.8,7.98,13993832,132694501.0
2018-11-16,7.97,8.11,7.94,8.06,14265644,137545339.0
2018-11-19,8.06,8.11,7.96,8.02,11810727,113415447.0
2018-11-20,7.97,7.97,7.72,7.72,14432310,135409807.0
2018-11-21,7.67,7.83,7.64,7.74,9334411,86566897.0
2018-11-22,7.77,7.79,7.69,7.72,4842415,44900943.0
2018-11-23,7.72,7.75,7.5,7.55,11180622,101425937.0
2018-11-26,7.56,7.62,7.4,7.46,9382639,84368188.0
2018-11-27,7.49,7.56,7.41,7.48,7530176,67549313.0
2018-11-28,7.49,7.61,7.36,7.61,8608846,77456425.0
2018-11-29,7.64,7.72,7.46,7.46,11067682,100776367.0
2018-11-30,7.42,7.46,7.21,7.42,10696726,94006663.0
2018-12-03,7.64,7.79,7.61,7.66,18088914,166818614.0
2018-12-04,7.66,7.72,7.65,7.68,7768405,71612810.0
2018-12-05,7.57,7.71,7.55,7.7,8763664,80379940.0
2018-12-06,7.54,7.67,7.42,7.46,12393430,111397125.0
2018-12-07,7.49,7.78,7.49,7.75,14303654,131646772.0
2018-12-10,7.72,7.81,7.65,7.67,9155972,84680014.0
2018-12-11,7.72,7.77,7.68,7.74,5053788,46793797.0
2018-12-12,7.76,7.82,7.67,7.69,6448230,59599185.0
2018-12-13,7.7,7.77,7.67,7.72,10071291,93214475.0
2018-12-14,7.7,7.74,7.58,7.61,8709553,79752751.0
2018-12-17,7.58,7.68,7.45,7.64,11479974,103599857.0
2018-12-18,7.56,7.81,7.56,7.79,11954694,110465378.0
2018-12-19,7.79,7.97,7.76,7.94,20872047,197685671.0
2018-12-20,7.92,7.97,7.82,7.92,12752175,120615805.0
2018-12-21,7.88,7.95,7.84,7.95,11803666,111654755.0
2018-12-24,7.95,8.17,7.92,8.13,17742030,172330783.0
2018-12-25,8.08,8.37,8.04,8.34,28360715,279854693.0
2018-12-26,8.34,8.37,8.21,8.34,14046805,139823264.0
2018-12-27,8.42,8.52,8.37,8.49,20883165,212139576.0
2018-12-28,8.42,8.52,8.24,8.39,16119374,162275747.0
2019-01-02,8.34,8.49,8.27,8.35,13420967,134928558.0
2019-01-03,8.36,8.47,8.06,8.16,19181232,188713889.0
2019-01-04,8.14,8.23,8.05,8.1,17033342,165985237.0
2019-01-07,8.17,8.61,8.12,8.52,22970998,230298324.0
2019-01-08,8.51,8.68,8.36,8.39,17446655,177312815.0
2019-01-09,8.44,8.51,8.24,8.28,19743291,198256048.0
2019-01-10,8.3,8.57,8.25,8.42,15646395,158019769.0
2019-01-11,8.42,8.63,8.38,8.46,14544688,147982219.0
2019-01-14,8.44,8.51,8.27,8.45,10025681,101094051.0
2019-01-15,8.42,8.66,8.38,8.58,15120287,155220202.0
2019-01-16,8.62,8.71,8.54,8.57,12556986,129477651.0
2019-01-17,8.61,8.63,8.42,8.43,9622553,98102288.0
2019-01-18,8.47,8.56,8.37,8.55,10311882,104955767.0
2019-01-21,8.55,8.65,8.47,8.57,9148929,93858754.0
2019-01-22,8.58,8.58,8.22,8.35,16058976,160714353.0
2019-01-23,8.3,8.42,8.26,8.39,9787393,97770789.0
2019-01-24,8.39,8.53,8.29,8.39,11562964,116881012.0
2019-01-25,8.42,8.57,8.34,8.5,12267814,124817599.0
2019-01-28,8.53,8.76,8.51,8.57,14086339,146161607.0
2019-01-29,8.53,8.53,8.36,8.43,12104135,122149767.0
2019-01-30,8.44,8.47,8.21,8.24,8668786,86627619.0
2019-01-31,8.23,8.48,8.2,8.48,12370774,124162075.0
2019-02-01,8.47,8.62,8.47,8.59,13261314,135970099.0
2019-02-11,8.64,8.8,8.61,8.74,14017545,146638418.0
2019-02-12,8.71,8.91,8.7,8.78,14157719,149433386.0
2019-02-13,8.77,9.06,8.73,9.02,25612239,274333600.0
2019-02-14,8.98,9.09,8.86,9.02,21331896,229655990.0
2019-02-15,9.0,9.15,8.87,8.91,19363802,208998751.0
2019-02-18,8.97,9.26,8.95,9.25,28583674,312366273.0
2019-02-19,9.36,9.38,8.97,9.05,29995865,327535953.0
2019-02-20,9.04,9.09,8.85,9.07,16948007,182238043.0
2019-02-21,9.24,9.98,9.22,9.63,71298116,827432887.0
2019-02-22,9.73,10.09,9.57,10.05,50637258,598276961.0
2019-02-25,10.48,10.8,10.27,10.34,70810404,887207747.0
2019-02-26,10.39,10.39,9.95,10.01,52307120,634973857.0
2019-02-27,10.01,10.18,9.67,9.84,39473386,470098015.0
2019-02-28,9.82,9.94,9.68,9.76,26816697,314681924.0
2019-03-01,9.88,9.9,9.66,9.86,26166219,306427096.0
2019-03-04,9.96,10.23,9.91,10.0,50335158,609164783.0
2019-03-05,9.94,10.22,9.86,10.21,37560074,454151832.0
2019-03-06,10.23,10.26,9.81,9.99,47080330,562503987.0
2019-03-07,9.85,9.89,9.53,9.66,58459961,678538403.0
2019-03-08,9.55,9.98,9.44,9.58,50710032,592067069.0
2019-03-11,9.58,10.03,9.56,10.01,41690548,490977934.0
2019-03-12,9.88,10.13,9.85,9.98,41271655,494538428.0
2019-03-13,10.01,10.05,9.6,9.65,28427952,333702179.0
2019-03-14,9.54,9.73,9.5,9.61,19262415,221502169.0
2019-03-15,9.62,9.73,9.52,9.58,13452759,155322926.0
2019-03-18,9.61,9.87,9.58,9.85,20017126,233669793.0
2019-03-19,9.8,10.06,9.79,9.98,24918239,297160399.0
2019-03-20,9.97,9.98,9.63,9.92,24211142,285204031.0
2019-03-21,10.18,10.59,9.93,10.41,67045511,828558074.0
2019-03-22,10.4,10.55,10.14,10.53,44022562,547996919.0
2019-03-25,10.29,10.65,10.25,10.29,33323815,417653729.0
2019-03-26,10.41,10.43,9.94,9.98,26994985,329126799.0
2019-03-27,10.13,10.98,9.99,10.8,72036110,923420963.0
2019-03-28,10.69,11.14,10.52,10.93,58779148,768338130.0
2019-03-29,10.84,11.09,10.59,11.04,44886248,586865035.0
2019-04-01,11.1,11.47,10.93,11.29,51823544,697581880.0
2019-04-02,11.23,11.31,11.0,11.07,35438037,472898049.0
2019-04-03,11.0,11.08,10.8,11.03,26772118,351038339.0
2019-04-04,11.12,11.13,10.87,11.02,26966061,354957921.0
2019-04-08,11.13,11.16,10.69,10.83,29649699,386140390.0
2019-04-09,10.78,11.06,10.74,10.98,20030355,262588181.0
2019-04-10,10.98,10.98,10.74,10.87,15738267,204483998.0
2019-04-11,10.9,11.11,10.63,10.97,30571457,398406355.0
2019-04-12,11.05,11.41,10.92,10.92,41194399,551722646.0
2019-04-15,11.17,11.86,11.09,11.43,49854098,685271909.0
2019-04-16,11.46,12.14,11.2,12.09,50206037,708355637.0
2019-04-17,12.09,12.23,11.71,11.76,41793031,594717303.0
2019-04-18,11.76,11.9,11.62,11.66,16874130,237280482.0
2019-04-19,11.66,11.8,11.41,11.75,16769704,233430256.0
2019-04-22,11.76,11.89,11.52,11.56,17916205,251964312.0
2019-04-23,11.58,11.72,11.3,11.51,22236209,306440959.0
2019-04-24,11.54,11.62,11.28,11.48,16017495,219439227.0
2019-04-25,11.31,11.88,11.31,11.49,32963320,459689656.0
2019-04-26,11.51,11.75,11.34,11.49,20103870,279042026.0
2019-04-29,11.38,11.63,10.68,10.83,26459605,353403562.0
2019-04-30,10.83,11.21,10.83,11.07,14245053,188849375.0
2019-05-06,10.5,10.63,9.96,9.98,30212396,371669836.0
2019-05-07,10.03,10.25,9.91,10.16,18264410,220682177.0
2019-05-08,9.99,10.45,9.76,10.33,19066375,234322037.0
2019-05-09,10.24,10.51,10.07,10.11,13428985,165039240.0
2019-05-10,10.26,11.12,10.05,11.12,31109625,399089378.0
2019-05-13,10.84,11.07,10.76,10.88,16284989,212885176.0
2019-05-14,10.58,10.93,10.49,10.74,22404625,286882734.0
2019-05-15,10.84,10.89,10.68,10.83,16041861,207962098.0
2019-05-16,10.83,10.86,10.39,10.64,19883989,252047986.0
2019-05-17,10.68,11.01,10.51,10.56,20433449,263734351.0
2019-05-20,10.83,10.93,10.27,10.69,19122378,244247784.0
2019-05-21,10.55,11.55,10.55,11.26,34502535,460034675.0
2019-05-22,11.4,11.99,11.28,11.69,45965775,644904360.0
2019-05-23,11.69,11.92,11.37,11.47,24820668,345086070.0
2019-05-24,11.32,11.54,10.68,11.04,23907126,319963761.0
2019-05-27,10.99,11.91,10.99,11.84,34239894,477300666.0
2019-05-28,11.86,11.91,11.58,11.64,22417781,313908283.0
2019-05-29,11.53,11.88,11.53,11.59,19207355,268906699.0
2019-05-30,11.52,11.83,11.31,11.61,20221810,280473166.0
2019-05-31,11.62,11.81,11.51,11.79,19517866,273451876.0
2019-06-03,11.77,12.19,11.55,11.89,34271734,489096664.0
2019-06-04,11.94,12.44,11.83,12.1,37492336,547178854.0
2019-06-05,12.01,12.34,11.84,11.86,27463411,395932839.0
2019-06-06,11.84,11.84,11.01,11.02,28664258,375362129.0
2019-06-10,11.03,11.94,11.01,11.71,29041222,393114058.0
2019-06-11,11.76,12.11,11.51,12.08,37852775,526023748.0
2019-06-12,11.97,12.17,11.89,11.94,21742580,305431571.0
2019-06-13,11.91,12.09,11.76,11.91,14288890,198706898.0
2019-06-14,11.89,12.05,11.75,11.84,17502313,243478237.0
2019-06-17,11.87,11.91,11.63,11.64,10746400,147336707.0
2019-06-18,11.71,11.81,11.53,11.56,10243114,139580364.0
2019-06-19,12.44,12.44,11.83,11.85,23159203,325780918.0
2019-06-20,11.84,12.18,11.74,12.01,19151260,269232548.0
2019-06-21,12.08,12.57,12.03,12.46,34797452,502965211.0
2019-06-24,12.36,12.48,12.19,12.23,21748597,312895537.0
2019-06-25,12.26,12.36,11.89,12.07,20172661,285384833.0
2019-06-26,12.01,12.54,12.0,12.46,25277956,365826050.0
2019-06-27,12.76,13.54,12.75,13.16,58749640,897670755.0
2019-06-28,13.04,13.06,12.75,12.87,34952771,526439612.0
2019-07-01,13.34,13.59,12.96,13.1,56760067,878688006.0
2019-07-02,13.1,13.1,12.61,12.78,37579436,562950404.0
2019-07-03,12.74,12.92,12.62,12.9,23406352,349205218.0
2019-07-04,12.91,12.94,12.64,12.7,15319437,228394790.0
2019-07-05,12.7,12.92,12.69,12.9,16045661,240437311.0
2019-07-08,12.89,13.07,12.58,13.06,26039563,391300695.0
2019-07-09,12.95,13.25,12.89,12.98,26388705,403128225.0
2019-07-10,13.05,13.09,12.62,12.7,19719032,294893146.0
2019-07-11,12.78,12.83,12.53,12.66,19162113,283700383.0
2019-07-12,12.64,12.76,12.54,12.73,11871795,176138757.0
2019-07-15,12.71,13.04,12.51,12.87,19207198,287895359.0
2019-07-16,12.83,13.08,12.77,12.95,21181277,321348444.0
2019-07-17,12.98,13.2,12.88,12.94,20396003,310658622.0
2019-07-18,12.83,12.83,12.27,12.31,29838572,433231901.0
2019-07-19,12.38,12.5,12.31,12.39,20679285,299918979.0
2019-07-22,12.47,12.6,12.12,12.4,20172741,293333300.0
2019-07-23,12.49,12.62,12.38,12.55,19693092,288556424.0
2019-07-24,12.64,13.0,12.58,12.94,32482427,488697028.0
2019-07-25,13.66,14.23,13.43,14.23,88405588,1452340808.0
2019-07-26,14.78,15.29,14.43,14.87,101081328,1752466676.0
2019-07-29,14.96,16.36,14.96,16.05,87627042,1616878367.0
2019-07-30,16.67,16.67,16.01,16.16,92944437,1772838548.0
2019-07-31,16.0,16.5,15.99,16.25,67427030,1282948829.0
2019-08-01,16.22,16.49,16.09,16.49,64255201,1225248049.0
2019-08-02,16.17,16.55,15.62,16.33,71819949,1358922051.0
2019-08-05,16.26,17.0,16.01,16.43,66821888,1288103668.0
2019-08-06,16.0,17.14,15.73,16.89,88751538,1703516635.0
2019-08-07,16.85,16.85,16.13,16.22,61629654,1188588507.0
2019-08-08,16.02,16.88,15.87,16.64,60385913,1156291108.0
2019-08-09,16.69,17.82,16.56,17.14,96404015,1946947424.0
2019-08-12,17.1,18.85,16.74,18.85,73674245,1522967098.0
2019-08-13,18.51,19.18,18.05,18.4,85009047,1846798505.0
2019-08-14,18.8,19.12,17.85,17.9,79800073,1726951335.0
2019-08-15,17.1,18.09,16.68,17.77,76748717,1546083489.0
2019-08-16,17.53,18.08,17.36,17.62,57478467,1188655911.0
2019-08-19,17.8,19.39,17.79,19.12,117597512,2602896622.0
2019-08-20,18.86,19.54,18.75,18.9,79376885,1772439966.0
2019-08-21,19.07,20.61,18.68,20.35,93503602,2153762425.0
2019-08-22,20.22,20.45,19.31,19.78,70542045,1640781709.0
2019-08-23,19.56,21.53,19.28,20.86,86474395,2051218180.0
2019-08-26,20.45,22.02,20.29,21.98,91911524,2272704031.0
2019-08-27,21.38,22.53,21.28,21.44,100556248,2554224509.0
2019-08-28,21.52,21.98,21.1,21.56,75106267,1889766647.0
2019-08-29,21.56,22.47,21.55,22.2,89581339,2318696660.0
2019-08-30,22.45,22.51,20.78,20.83,100119957,2523011268.0
2019-09-02,20.81,22.09,20.65,21.63,88545154,2210652231.0
2019-09-03,21.51,23.52,21.51,23.52,103459471,2724014800.0
2019-09-04,23.11,23.17,22.5,23.07,76116852,2034185923.0
2019-09-05,22.85,23.79,22.49,22.49,96007991,2590298750.0
2019-09-06,22.67,23.08,21.21,21.95,84793179,2188642757.0
2019-09-09,22.02,22.81,21.4,22.67,73701249,1913832920.0
2019-09-10,22.63,23.08,21.98,21.98,70281626,1840464551.0
2019-09-11,22.22,22.3,21.28,21.7,66097098,1682531274.0
2019-09-12,21.84,21.94,21.22,21.75,50646562,1278141726.0
2019-09-16,21.83,23.3,21.63,22.77,85354387,2252898469.0
2019-09-17,22.52,23.22,22.46,22.92,68512756,1833560640.0
2019-09-18,23.09,23.73,22.16,23.27,74378634,2000269815.0
2019-09-19,23.1,24.34,22.92,24.02,81474461,2281735627.0
2019-09-20,24.34,25.4,24.03,24.2,99413317,2868770704.0
2019-09-23,24.01,25.64,23.87,25.64,77538998,2237089787.0
2019-09-24,25.31,25.55,24.63,25.1,64785117,1903061310.0
2019-09-25,24.88,25.35,23.23,24.05,73606765,2068666283.0
2019-09-26,23.94,24.46,23.11,23.67,66452938,1850289064.0
2019-09-27,23.64,24.25,23.39,23.7,56034533,1561775560.0
2019-09-30,23.52,23.7,21.33,21.33,71626871,1870024554.0
2019-10-08,21.47,22.32,21.28,21.31,63427253,1616096386.0
2019-10-09,21.45,22.04,20.88,21.91,50401335,1279443056.0
2019-10-10,21.89,22.66,21.76,22.57,59106376,1537241173.0
2019-10-11,23.56,24.06,22.79,23.81,83270950,2284324618.0
2019-10-14,23.44,24.19,23.1,23.89,65483331,1813189259.0
2019-10-15,23.68,23.7,21.69,22.17,78317422,2053289523.0
2019-10-16,22.01,22.49,21.45,21.79,39598397,1018517262.0
2019-10-17,22.01,22.04,21.04,21.83,37433487,946520230.0
2019-10-18,21.87,22.27,21.1,21.31,36775501,933135839.0
2019-10-21,21.38,21.45,20.33,21.1,34935177,852784251.0
2019-10-22,21.41,21.6,20.95,21.29,30423034,756185506.0
2019-10-23,21.39,21.91,20.95,21.62,43661769,1102303724.0
2019-10-24,21.43,21.57,20.8,21.04,33195093,818733851.0
2019-10-25,20.98,21.33,20.38,21.2,39600594,965215090.0
2019-10-28,21.33,22.73,21.25,22.7,56069720,1448619756.0
2019-10-29,22.66,22.66,21.38,21.87,53404456,1360883987.0
2019-10-30,20.52,20.52,19.68,19.68,97812315,2266629856.0
2019-10-31,19.33,20.1,19.2,19.24,55338053,1267804363.0
2019-11-01,19.33,20.1,19.26,19.97,51401499,1190447848.0
2019-11-04,19.97,20.86,19.92,20.51,53140632,1273957941.0
2019-11-05,20.74,20.74,20.19,20.52,36602247,875387180.0
2019-11-06,20.46,20.55,19.28,19.51,63843255,1474221861.0
2019-11-07,19.54,19.7,18.97,19.4,47398823,1076849207.0
2019-11-08,19.62,19.89,19.31,19.34,48068425,1101367137.0
2019-11-11,19.06,19.64,18.64,19.16,43315322,978002621.0
2019-11-12,19.18,20.16,18.94,19.7,54180648,1238782258.0
2019-11-13,19.5,19.86,19.25,19.62,41081556,939616322.0
2019-11-14,19.7,20.32,19.45,20.12,58334807,1359721299.0
2019-11-15,19.89,20.33,19.82,19.89,46368849,1085861691.0
2019-11-18,19.91,19.99,18.75,19.08,55864135,1246293821.0
2019-11-19,19.08,19.24,18.72,19.23,71178481,1577255320.0
2019-11-20,19.11,19.71,19.05,19.17,51519596,1168456649.0
2019-11-21,19.07,19.61,19.01,19.51,43695340,991280708.0
2019-11-22,19.53,19.71,18.78,18.98,43768948,981260286.0
2019-11-25,18.83,18.9,17.88,18.45,41155384,880671377.0
2019-11-26,18.53,18.75,18.04,18.57,38493803,827080888.0
2019-11-27,18.28,19.03,18.17,18.74,35690623,780698856.0
2019-11-28,18.94,19.62,18.58,19.51,48813184,1096131665.0
2019-11-29,19.38,20.15,19.35,19.59,52435853,1213381318.0
2019-12-02,19.67,20.3,19.6,19.98,40929636,958559467.0
2019-12-03,19.89,20.14,19.3,19.99,35940323,830255725.0
2019-12-04,19.76,19.95,19.58,19.68,30052757,694097282.0
2019-12-05,19.76,20.45,19.58,20.16,46849530,1101417545.0
2019-12-06,20.08,20.39,19.92,20.2,29558861,694597955.0
2019-12-09,20.14,20.41,19.85,20.04,29819942,702074071.0
2019-12-10,20.05,20.39,19.64,20.36,39346918,922146402.0
2019-12-11,20.39,21.25,20.33,20.76,62146491,1515068789.0
2019-12-12,21.04,21.19,20.62,20.78,42102427,1027435055.0
2019-12-13,21.09,21.14,19.88,20.0,86302177,2040365574.0
2019-12-16,20.19,20.6,19.91,20.56,53537330,1266104781.0
2019-12-17,20.56,20.9,20.29,20.45,60312691,1447525373.0
2019-12-18,20.45,20.45,19.78,19.92,67252074,1576525460.0
2019-12-19,19.84,19.84,19.06,19.21,56356918,1274574840.0
2019-12-20,19.26,19.33,18.83,18.98,34681927,772009148.0
2019-12-23,18.83,18.85,17.66,17.7,76323773,1609246966.0
2019-12-24,17.71,17.97,17.68,17.82,38808040,809061840.0
2019-12-25,17.87,18.19,17.81,17.97,34713612,731451761.0
2019-12-26,17.96,18.08,17.69,18.01,32200266,673223258.0
2019-12-27,18.18,18.38,17.67,17.76,49098817,1030718677.0
2019-12-30,17.62,17.85,17.11,17.68,34324152,704330806.0
2019-12-31,17.72,18.09,17.72,17.89,41226992,860349819.0
2020-01-02,18.28,19.64,17.98,19.45,97498793,2152265774.0
2020-01-03,19.5,19.8,19.24,19.5,67222064,1536373878.0
2020-01-06,19.34,20.34,19.09,20.08,76493115,1781544909.0
2020-01-07,20.1,20.31,19.68,19.92,44759589,1039496425.0
2020-01-08,19.76,19.77,19.17,19.25,41779383,951450159.0
2020-01-09,19.58,19.67,19.33,19.67,34423410,786079261.0
2020-01-10,19.74,20.1,19.58,19.75,41145597,956207639.0
2020-01-13,19.86,20.91,19.71,20.8,75941510,1817789557.0
2020-01-14,20.82,20.89,20.31,20.42,42727532,1024187777.0
2020-01-15,20.38,20.57,20.0,20.46,35769914,849783325.0
2020-01-16,20.47,20.47,20.08,20.18,30099024,711767053.0
2020-01-17,20.27,20.33,19.54,19.67,37521913,868731782.0
2020-01-20,19.77,20.73,19.74,20.69,54775473,1302957342.0
2020-01-21,20.52,21.55,20.4,21.05,57630633,1425463476.0
2020-01-22,20.78,22.28,20.51,22.02,64772556,1639391171.0
2020-01-23,21.46,22.04,20.33,20.8,57257656,1424481779.0
2020-02-03,18.72,18.72,18.72,18.72,11385100,249219839.0
2020-02-04,17.02,19.31,16.98,18.43,57254300,1232655999.0
2020-02-05,18.56,19.2,17.97,18.25,55144438,1199801517.0
2020-02-06,18.13,19.09,17.73,18.74,56252247,1203792832.0
2020-02-07,18.84,19.77,18.65,19.62,61523136,1389187541.0
2020-02-10,19.62,20.31,19.33,19.98,46699005,1085365665.0
2020-02-11,20.09,20.18,19.39,19.82,48354652,1116200349.0
2020-02-12,19.67,20.44,19.51,20.36,48861929,1146329251.0
2020-02-13,20.27,21.35,20.18,20.81,60005945,1468708005.0
2020-02-14,20.91,22.46,20.78,22.14,79504572,2039407834.0
2020-02-17,22.14,24.24,21.98,23.94,86810951,2367033023.0
2020-02-18,23.94,24.09,23.39,23.93,54880912,1528680315.0
2020-02-19,23.69,24.37,23.0,23.16,57242012,1585050566.0
2020-02-20,23.48,24.2,22.99,23.9,58221736,1611299182.0
2020-02-21,25.05,26.23,24.65,25.04,83845692,2481513624.0
2020-02-24,25.36,27.54,25.36,27.54,79957967,2529014543.0
2020-02-25,27.37,29.3,25.98,28.81,130993795,4281408973.0
2020-02-26,27.88,28.43,25.93,26.12,92154711,2916706284.0
2020-02-27,26.08,27.32,25.32,26.5,65599304,2029987449.0
2020-02-28,25.47,27.62,25.05,26.38,77859531,2387378736.0
2020-03-02,27.45,29.02,27.44,29.02,71169019,2354378591.0
2020-03-03,30.53,31.47,27.83,28.97,105509687,3651728671.0
2020-03-04,28.13,28.46,26.94,27.61,73628716,2381235174.0
2020-03-05,28.69,29.06,26.64,27.3,69948721,2262704920.0
2020-03-06,26.31,27.35,26.31,26.81,36054795,1135876506.0
2020-03-09,26.29,27.53,25.62,25.65,49801290,1537344478.0
2020-03-10,25.57,28.22,25.51,28.22,70116900,2217646701.0
2020-03-11,28.31,29.33,27.54,28.22,65006453,2161534099.0
2020-03-12,27.11,28.07,26.57,28.02,46642074,1488959519.0
2020-03-13,26.51,28.9,26.48,28.38,60155912,1956113620.0
2020-03-16,28.55,28.65,25.54,25.54,70998400,2215864812.0
2020-03-17,25.86,26.21,22.99,24.8,70880966,2018527739.0
2020-03-18,24.93,26.06,24.27,24.33,45260676,1330753824.0
2020-03-19,24.37,25.84,23.6,25.27,48285365,1398524325.0
2020-03-20,26.0,26.07,24.61,25.05,36054453,1063371966.0
2020-03-23,23.84,24.84,23.13,23.72,41533167,1167042541.0
2020-03-24,24.51,24.52,22.2,23.52,43452087,1186436356.0
2020-03-25,24.25,24.92,23.65,24.11,52902284,1502177485.0
2020-03-26,24.06,24.47,23.51,23.69,31152632,872996972.0
2020-03-27,24.16,24.34,23.24,23.34,26888279,747582316.0
2020-03-30,22.85,23.26,21.53,22.66,42467602,1102379459.0
2020-03-31,22.93,23.13,22.09,22.63,29339253,775513738.0
2020-04-01,22.32,23.24,22.23,22.57,33131466,884990846.0
2020-04-02,22.58,23.55,22.46,23.5,40127077,1084919395.0
2020-04-03,23.34,23.47,22.47,22.63,32744797,876360877.0
2020-04-07,23.34,24.0,23.26,23.87,40315186,1118018045.0
2020-04-08,23.73,24.76,23.52,24.29,35625129,1011909733.0
2020-04-09,24.58,25.18,24.29,24.57,28230365,816559844.0
2020-04-10,24.51,24.93,24.03,24.42,26393449,755053234.0
2020-04-13,24.03,24.21,23.26,23.74,23907715,663012776.0
2020-04-14,24.1,24.78,23.94,24.76,24612702,700916584.0
2020-04-15,24.8,25.09,24.29,24.41,22856256,661835733.0
2020-04-16,23.94,24.57,23.7,24.21,16600533,468351931.0
2020-04-17,24.81,25.23,24.61,24.76,29636242,865380585.0
2020-04-20,24.88,26.12,24.77,25.82,30502254,908706827.0
2020-04-21,25.48,26.89,25.4,26.59,35291498,1083564906.0
2020-04-22,26.32,26.73,25.81,26.37,20464473,627921694.0
2020-04-23,26.37,27.19,26.11,26.47,23650851,736935940.0
2020-04-24,26.47,26.94,25.42,25.54,24778612,750503596.0
2020-04-27,25.7,26.19,24.8,25.8,24266412,728471951.0
2020-04-28,25.8,26.59,25.23,26.28,27488647,838154034.0
2020-04-29,26.76,27.39,26.34,26.47,30204023,950829962.0
2020-04-30,26.94,27.89,26.63,27.76,35656112,1143544836.0
2020-05-06,27.58,28.32,27.39,28.18,33892444,1110813952.0
2020-05-07,29.07,29.37,27.65,28.06,43472078,1444116491.0
2020-05-08,27.88,28.51,27.52,27.66,36403726,1184138354.0
2020-05-11,27.75,27.89,26.41,26.85,44619250,1407046431.0
2020-05-12,26.83,27.24,26.34,27.24,28791332,906323369.0
2020-05-13,26.92,27.3,26.51,27.11,28180885,886008670.0
2020-05-14,26.92,28.1,26.72,27.66,38624343,1251125149.0
2020-05-15,27.68,27.92,27.24,27.35,36605213,1175081981.0
2020-05-18,26.6,26.81,25.02,25.17,66439730,1987827408.0
2020-05-19,25.42,25.92,25.12,25.81,30040760,897383746.0
2020-05-20,25.64,25.88,24.72,25.01,28892951,851480047.0
2020-05-21,25.11,25.12,23.94,24.11,38747637,1101731655.0
2020-05-22,24.03,24.24,23.22,23.74,29782173,824853668.0
2020-05-25,23.6,23.66,22.81,23.08,37100059,1001945395.0
2020-05-26,23.34,23.88,23.28,23.77,29390146,810400084.0
2020-05-27,23.74,23.9,23.0,23.26,29466034,800599179.0
2020-05-28,23.09,23.48,22.53,23.47,26191573,704810443.0
2020-05-29,23.58,23.65,23.12,23.26,24481643,658757437.0
2020-06-01,23.56,24.89,23.56,24.74,41566640,1172096371.0
2020-06-02,24.77,25.18,24.53,24.98,29018702,831098345.0
2020-06-03,25.12,25.16,24.37,24.51,33767897,959057970.0
2020-06-04,24.51,24.7,23.92,24.1,24077453,672672774.0
2020-06-05,24.12,24.35,23.82,24.18,20388882,565011859.0
2020-06-08,24.43,24.77,23.85,23.87,35549240,993118959.0
2020-06-09,23.85,24.25,23.47,23.99,31739571,879049689.0
2020-06-10,23.98,23.99,23.37,23.6,29334997,798622510.0
2020-06-11,23.71,24.6,23.64,24.06,38666611,1077098146.0
2020-06-12,23.51,23.93,23.39,23.88,24954642,683208555.0
2020-06-15,23.6,23.6,23.0,23.09,36169772,968447702.0
2020-06-16,23.47,24.68,23.47,24.65,53376194,1482331110.0
2020-06-17,24.69,25.47,24.32,25.41,53852990,1541349259.0
2020-06-18,25.32,25.93,25.02,25.62,49947899,1472938896.0
2020-06-19,25.62,25.75,25.27,25.43,34266231,1005289798.0
2020-06-22,25.43,26.27,25.43,25.75,40443808,1209986276.0
2020-06-23,25.64,26.0,25.16,25.38,40501548,1187757499.0
2020-06-24,25.48,26.12,25.27,25.93,41957314,1248866071.0
2020-06-29,25.77,25.82,24.97,25.18,34969112,1019795969.0
2020-06-30,25.3,25.75,25.28,25.4,28832311,845946944.0
2020-07-01,25.56,25.65,24.73,25.25,35816057,1041568828.0
2020-07-02,25.25,25.82,24.88,25.72,41153279,1210341369.0
2020-07-03,25.63,26.8,25.28,26.64,60900980,1831050916.0
2020-07-06,26.85,27.77,26.6,27.33,67773336,2125972551.0
2020-07-07,27.42,28.46,27.4,27.58,69673504,2239703271.0
2020-07-08,27.42,28.34,27.01,28.14,62705531,1994392536.0
2020-07-09,28.0,30.34,27.91,29.75,75336243,2538358372.0
2020-07-10,29.33,29.61,28.32,28.72,61973485,2065841941.0
2020-07-13,28.94,30.61,28.9,30.22,65393243,2235704179.0
2020-07-14,30.3,30.3,28.33,28.98,56422136,1899053542.0
2020-07-15,28.81,29.07,26.8,26.9,75083746,2377537562.0
2020-07-16,27.27,27.32,24.93,25.36,57324774,1724202685.0
2020-07-17,25.37,25.58,24.63,25.16,41486968,1204562625.0
2020-07-20,25.43,25.85,24.82,25.82,30622376,898335869.0
2020-07-21,25.89,26.28,25.48,25.92,28416023,847017474.0
2020-07-22,25.88,26.42,25.58,25.94,33928304,1016949472.0
2020-07-23,25.68,25.81,24.65,25.08,45667774,1320827425.0
2020-07-24,24.77,25.14,23.21,23.58,51949613,1440613275.0
2020-07-27,23.69,23.86,23.05,23.43,26440083,714112114.0
2020-07-28,23.78,24.08,23.41,23.61,25425307,693050974.0
2020-07-29,24.64,25.11,24.2,24.99,53727522,1530812722.0
2020-07-30,25.07,25.24,24.48,24.74,36747868,1049001158.0
2020-07-31,24.63,25.45,24.58,24.97,34533250,997183151.0
2020-08-03,25.18,25.58,25.06,25.4,38826474,1132499275.0
2020-08-04,25.45,25.56,24.63,24.81,42670347,1228642445.0
2020-08-05,25.24,25.38,24.73,24.84,28463538,819500710.0
2020-08-06,24.8,24.8,24.2,24.49,29708971,836125908.0
2020-08-07,24.49,24.66,23.5,23.88,33812902,933538210.0
2020-08-10,23.83,24.32,23.51,24.21,27744462,765542058.0
2020-08-11,24.06,24.48,23.96,24.03,26722809,746283183.0
2020-08-12,24.05,24.3,23.44,24.29,26644052,729996790.0
2020-08-13,24.48,24.64,24.13,24.19,22499075,632098379.0
2020-08-14,24.29,24.38,23.97,24.31,19373677,540142813.0
2020-08-17,24.28,24.89,24.19,24.75,32130780,910186612.0
2020-08-18,24.75,24.77,24.19,24.31,38499713,1082803840.0
2020-08-19,24.27,24.27,23.43,23.46,43998972,1199346540.0
2020-08-20,23.3,23.58,22.74,22.93,40350418,1073725092.0
2020-08-21,23.07,23.15,21.51,21.64,81237287,2070212638.0
2020-08-24,21.6,22.13,20.84,21.87,44105521,1096260233.0
2020-08-25,21.88,22.29,21.73,22.21,29386482,749147103.0
2020-08-26,22.15,22.15,21.27,21.34,32528992,808472671.0
2020-08-27,21.29,21.54,21.04,21.44,19172936,471411612.0
2020-08-28,21.46,21.76,21.02,21.75,27886576,686750469.0
2020-08-31,21.78,22.11,21.49,21.53,31551022,793641094.0
2020-09-01,21.69,21.91,21.67,21.79,22235105,558000038.0
2020-09-02,21.91,21.94,21.56,21.71,19001197,475375950.0
2020-09-03,21.72,21.77,21.1,21.29,27982559,686640360.0
2020-09-04,20.92,21.66,20.83,21.46,23518701,578765195.0
2020-09-07,21.46,21.62,21.07,21.12,19662283,483086417.0
2020-09-08,21.09,21.16,20.26,20.42,32963060,782808044.0
2020-09-09,20.09,20.09,19.25,19.44,36210688,818152622.0
2020-09-10,19.85,20.31,19.45,19.57,33407167,766487913.0
2020-09-11,19.53,19.85,19.26,19.72,24806411,558421744.0
2020-09-14,19.82,20.08,19.82,19.96,18776589,431784417.0
2020-09-15,19.9,20.08,19.62,19.94,15609829,357108595.0
2020-09-16,19.91,20.05,19.53,19.59,14788737,336258002.0
2020-09-17,19.59,21.32,19.34,20.79,47626991,1125912641.0
2020-09-18,20.73,20.88,20.28,20.82,33138434,787575334.0
2020-09-21,21.15,21.62,20.94,21.12,34813406,855391329.0
2020-09-22,20.71,21.44,20.71,20.98,22330866,543648611.0
2020-09-23,21.07,21.12,20.63,20.79,17422560,418149412.0
2020-09-24,20.57,20.83,20.41,20.55,18834329,446759581.0
2020-09-25,21.06,21.08,20.17,20.39,16415551,387575404.0
2020-09-28,20.39,20.52,19.98,20.05,12572970,292103298.0
2020-09-29,20.19,20.51,20.11,20.32,14371984,336914144.0
2020-09-30,20.32,20.5,20.15,20.24,12134843,284362264.0
2020-10-09,20.82,21.44,20.64,21.25,27576598,672108805.0
2020-10-12,21.56,22.02,21.45,21.9,31907560,800553725.0
2020-10-13,21.9,21.91,21.59,21.75,18396094,459914388.0
2020-10-14,21.62,21.65,21.37,21.42,16195192,400462646.0
2020-10-15,21.42,21.56,21.22,21.39,13079790,321841355.0
2020-10-16,21.23,21.34,21.01,21.12,13163766,320519409.0
2020-10-19,21.26,21.56,21.22,21.35,16777629,413232392.0
2020-10-20,21.22,21.38,21.12,21.36,9083871,222573633.0
2020-10-21,21.43,21.44,20.92,21.03,10470740,254222275.0
2020-10-22,20.93,20.93,20.57,20.77,12116977,289502700.0
2020-10-23,20.72,20.96,20.05,20.13,15583471,366368709.0
2020-10-26,19.96,20.43,19.63,20.0,15449976,356939565.0
2020-10-27,20.0,20.17,19.77,19.89,14045618,322356989.0
2020-10-28,19.87,20.45,19.59,20.37,20441815,472379229.0
2020-10-29,20.05,21.11,19.98,20.77,24464848,585984568.0
2020-10-30,20.77,21.1,20.57,20.75,19467848,466639198.0
2020-11-02,20.7,20.83,20.22,20.51,17908847,424158514.0
2020-11-03,20.52,21.57,20.52,21.45,35006789,861301522.0
2020-11-04,21.47,21.51,21.0,21.23,21169262,518448350.0
2020-11-05,21.49,23.25,21.49,22.9,81173858,2107074815.0
2020-11-06,22.9,23.21,22.73,23.1,55058641,1460010647.0
2020-11-09,23.49,24.8,23.49,24.24,80914997,2270541371.0
2020-11-10,24.26,24.3,23.6,23.97,30780591,848753459.0
2020-11-11,23.97,24.37,23.13,23.19,39300038,1065754715.0
2020-11-12,23.43,24.53,23.26,24.14,48012048,1330747442.0
2020-11-13,24.04,24.82,23.91,24.77,50141831,1418911186.0
2020-11-16,24.86,25.26,23.78,23.81,52185647,1460523237.0
2020-11-17,23.89,24.57,23.13,24.41,42976966,1181837954.0
2020-11-18,24.06,24.42,23.56,23.72,30664122,846734543.0
2020-11-19,23.5,23.82,23.17,23.71,22467621,607918883.0
2020-11-20,23.43,23.43,22.69,22.96,33692114,891063863.0
2020-11-23,22.87,23.52,22.6,23.11,23762262,631371738.0
2020-11-24,23.13,23.61,22.95,23.37,21032447,566358335.0
2020-11-25,23.42,23.7,23.0,23.0,20632262,555190039.0
2020-11-26,23.0,23.42,22.82,23.28,16243170,435319731.0
2020-11-27,23.3,24.03,23.0,23.93,30483977,830237311.0
2020-11-30,23.94,24.73,23.72,24.22,35693179,1006077202.0
2020-12-01,24.3,24.65,24.05,24.51,24708918,696044092.0
2020-12-02,24.64,24.86,24.15,24.56,24216489,684006770.0
2020-12-03,24.91,25.16,24.65,24.95,29731247,857009181.0
2020-12-04,25.23,26.21,25.23,25.54,49298579,1465006291.0
2020-12-07,25.93,26.43,25.93,26.26,45183899,1367088043.0
2020-12-08,25.69,25.99,24.9,25.25,41802060,1221772959.0
2020-12-09,25.02,25.75,24.79,24.81,34317050,1000083951.0
2020-12-10,24.59,24.81,24.13,24.26,31574469,889342244.0
2020-12-11,24.1,24.56,23.35,23.56,32124998,882116860.0
2020-12-14,23.86,24.17,23.6,23.93,17065420,470580706.0
2020-12-15,23.78,24.05,23.41,23.92,17556036,480642031.0
2020-12-16,23.95,23.99,23.02,23.21,22669552,609498443.0
2020-12-17,23.17,23.36,22.92,23.3,18843848,502240171.0
2020-12-18,23.49,23.93,23.26,23.43,22028443,598219499.0
2020-12-21,23.28,24.05,23.11,23.59,27652900,753021804.0
2020-12-22,23.34,23.43,22.56,22.59,23725471,627783299.0
2020-12-23,22.87,22.89,21.69,22.11,42059935,1067254221.0
2020-12-24,22.15,22.8,22.11,22.15,21802621,562524467.0
2020-12-25,22.16,23.98,22.15,23.86,40586759,1091263537.0
2020-12-28,23.69,24.87,23.65,24.44,36886423,1038064670.0
2020-12-29,24.34,24.39,23.76,24.05,27446965,762046593.0
2020-12-30,23.95,24.68,23.88,24.38,29848552,837217068.0
2020-12-31,24.47,24.71,24.04,24.44,23654660,666296114.0
2021-01-04,24.99,25.16,23.72,24.22,44253389,1233095031.0
2021-01-05,23.86,24.86,23.79,24.84,59110505,1654266103.0
2021-01-06,25.07,25.07,23.8,24.04,44196260,1234461931.0
2021-01-07,24.1,24.71,23.86,24.31,38297416,1072867202.0
2021-01-08,24.45,25.56,24.04,25.34,57186353,1644260521.0
2021-01-11,25.6,26.37,25.09,25.37,67565872,2010484801.0
2021-01-12,25.26,25.32,24.51,25.19,35430853,1019674449.0
2021-01-13,25.03,26.42,24.89,26.18,60003588,1800634608.0
2021-01-14,26.18,26.38,25.51,26.35,41911331,1259088960.0
2021-01-15,26.08,26.29,24.48,25.06,42010989,1225998302.0
2021-01-18,24.62,25.58,24.36,25.09,33984483,980895964.0
2021-01-19,24.85,25.06,23.63,23.69,43583527,1218491536.0
2021-01-20,23.56,24.12,23.38,24.04,24831660,681441881.0
2021-01-21,24.07,24.3,23.65,23.73,30149761,827508202.0
2021-01-22,23.59,23.59,22.21,22.78,60127170,1573298218.0
2021-01-25,22.74,23.13,22.02,22.22,53552123,1387801897.0
2021-01-26,22.34,22.67,22.15,22.48,37540334,968141384.0
2021-01-27,22.41,22.91,22.23,22.8,39813753,1035500975.0
2021-01-28,22.39,23.08,22.29,22.39,32668519,854094470.0
2021-01-29,22.53,22.88,21.76,22.14,39637609,1024857680.0
2021-02-01,20.8,20.8,19.92,20.25,79078613,1835177322.0
2021-02-02,20.3,20.75,20.11,20.45,33141657,780974351.0
2021-02-03,20.43,20.43,19.44,19.45,55460289,1269189613.0
2021-02-04,19.28,19.59,18.4,19.09,52520493,1144319113.0
2021-02-05,19.27,19.94,19.27,19.68,33958156,771371796.0
2021-02-08,19.71,20.1,19.31,19.51,32297378,732366866.0
2021-02-09,19.51,20.07,19.37,19.99,27740141,634472034.0
2021-02-10,19.98,20.67,19.87,20.24,24364525,569476120.0
2021-02-18,20.54,21.08,20.31,20.46,24973264,596365647.0
2021-02-19,20.37,21.62,20.16,21.35,36971946,898245900.0
2021-02-22,21.42,21.56,21.1,21.23,23887083,585738720.0
2021-02-23,21.28,21.36,20.69,21.31,25601690,618909240.0
2021-02-24,21.36,22.28,21.36,21.65,33128523,832179461.0
2021-02-25,21.69,21.82,20.92,20.95,23471955,574727684.0
2021-02-26,20.51,21.5,20.39,21.24,20437544,498014997.0
2021-03-01,21.36,23.07,21.36,22.85,55260381,1429237934.0
2021-03-02,22.86,23.27,22.28,22.48,31699386,829957083.0
2021-03-03,22.33,23.3,22.28,23.2,36277754,960351342.0
2021-03-04,23.0,23.06,21.82,21.95,26598780,683615722.0
2021-03-05,21.88,23.93,21.72,23.38,58837422,1575062571.0
2021-03-08,23.21,23.98,22.81,22.95,32462811,876589909.0
2021-03-09,22.8,22.91,21.33,21.69,34776836,882237945.0
2021-03-10,22.11,22.21,21.35,21.48,21718201,542448023.0
2021-03-11,21.85,22.13,20.87,22.01,24929590,621699364.0
2021-03-12,21.81,21.95,21.1,21.52,17003873,420659505.0
2021-03-15,21.17,21.17,20.18,20.37,25307709,598156815.0
2021-03-16,20.51,20.72,19.66,19.9,24698825,569117081.0
2021-03-17,19.91,20.22,19.78,20.0,11566952,266581370.0
2021-03-18,20.03,20.13,19.59,19.74,17519024,398875939.0
2021-03-19,19.49,19.91,19.26,19.49,16008749,361155794.0
2021-03-22,19.44,19.88,19.44,19.79,13702887,311512503.0
2021-03-23,19.87,20.06,19.48,19.52,15771430,357044468.0
2021-03-24,19.44,19.54,19.15,19.19,14070890,312336209.0
2021-03-25,19.13,19.44,19.01,19.32,11052718,245444014.0
2021-03-26,19.35,20.01,19.28,19.94,21166710,479329410.0
2021-03-29,20.22,20.48,19.94,20.1,20508186,476944895.0
2021-03-30,20.07,20.1,19.72,19.96,12895988,295638815.0
2021-03-31,19.96,19.98,19.33,19.72,14233759,322275043.0
2021-04-01,19.78,20.37,19.66,20.21,18163697,421055348.0
2021-04-02,20.35,20.72,20.35,20.61,17162608,407253023.0
2021-04-06,20.83,21.17,20.55,20.68,13862535,333123407.0
2021-04-07,20.69,20.91,20.31,20.84,12614515,300902995.0
2021-04-08,21.0,22.01,20.96,21.19,28931640,715799915.0
2021-04-09,21.03,21.36,20.62,20.72,15211042,367003140.0
2021-04-12,20.63,21.25,20.46,20.52,14974660,359209653.0
2021-04-13,20.48,20.72,20.19,20.64,11137503,262871735.0
2021-04-14,20.52,20.67,20.3,20.54,10133679,239071043.0
2021-04-15,20.83,20.96,20.51,20.86,10215795,243917330.0
2021-04-16,21.09,21.16,20.68,20.72,8187332,196637140.0
2021-04-19,20.53,21.05,20.34,21.02,18488963,443066811.0
2021-04-20,21.8,22.52,21.45,21.56,47002886,1190043699.0
2021-04-21,21.49,21.82,21.4,21.49,14479102,360142157.0
2021-04-22,21.63,21.68,21.33,21.39,11121151,275304369.0
2021-04-23,21.38,21.4,21.05,21.11,15530221,378801424.0
2021-04-26,21.1,21.29,20.3,20.35,28279877,675663362.0
2021-04-27,20.36,20.51,19.87,20.04,13483471,311701834.0
2021-04-28,20.08,20.73,20.02,20.44,12721921,299473898.0
2021-04-29,20.47,20.78,20.4,20.68,10507294,249862194.0
2021-04-30,20.82,21.03,20.14,20.24,15174157,356931294.0
2021-05-06,20.35,20.7,20.35,20.55,11886775,281496576.0
2021-05-07,20.59,21.24,20.53,20.88,19953542,482039069.0
2021-05-10,20.9,20.97,20.53,20.87,10963348,262342996.0
2021-05-11,20.57,20.83,20.09,20.3,17591003,412058993.0
2021-05-12,20.3,20.35,19.89,20.29,11667977,270302963.0
2021-05-13,20.06,20.34,19.44,19.66,19229573,438736780.0
2021-05-14,19.75,20.05,19.45,20.05,13375738,305354834.0
2021-05-17,20.05,20.45,20.01,20.18,15190651,354716744.0
2021-05-18,20.18,20.2,19.98,20.04,7531294,174046398.0
2021-05-19,20.03,20.03,19.7,19.88,9590866,219389789.0
2021-05-20,19.85,19.99,19.71,19.89,8657368,197952172.0
2021-05-21,19.96,20.22,19.65,19.71,9820901,224906531.0
2021-05-24,19.72,19.9,19.63,19.86,10475535,238486662.0
2021-05-25,19.76,20.26,19.72,20.24,14337147,331484792.0
2021-05-26,20.29,20.36,19.91,19.98,16290293,376377709.0
2021-05-27,20.05,20.49,19.96,20.37,25642801,599132265.0
2021-05-28,20.3,20.43,20.02,20.12,20679049,472599097.0
2021-05-31,20.15,20.62,20.02,20.22,25203263,578032518.0
2021-06-01,20.26,20.81,20.02,20.52,27604822,640425117.0
2021-06-02,20.66,20.66,20.04,20.17,20794893,477091243.0
2021-06-03,20.17,20.4,19.7,19.7,32313099,731415826.0
2021-06-04,19.77,19.91,19.54,19.69,22578078,503128984.0
2021-06-07,19.86,20.6,19.85,20.28,32064827,734138683.0
2021-06-08,20.3,20.39,19.85,19.95,25353130,576291112.0
2021-06-09,20.33,20.5,19.92,20.03,24308381,554966772.0
2021-06-10,20.22,20.33,19.78,20.06,26205419,594159869.0
2021-06-11,20.07,20.3,19.76,19.84,30135745,679729626.0
2021-06-15,19.82,19.92,19.51,19.62,21111901,470234853.0
2021-06-16,19.68,19.81,19.11,19.23,20392637,449109765.0
2021-06-17,19.24,19.86,19.07,19.73,20272054,448247876.0
2021-06-18,19.77,19.97,19.2,19.34,23819459,524912241.0
2021-06-21,19.2,19.29,19.0,19.15,18447682,399026534.0
2021-06-22,19.17,19.64,19.03,19.4,19448025,425341461.0
2021-06-23,19.37,20.1,19.25,20.04,40017008,897943133.0
2021-06-24,20.08,20.98,19.96,20.49,53773677,1255555990.0
2021-06-25,20.55,20.83,20.41,20.56,30748594,717127835.0
2021-06-28,20.62,20.99,20.51,20.79,24494094,575610641.0
2021-06-29,20.92,20.92,20.33,20.46,20051701,466369956.0
2021-06-30,20.48,20.87,20.42,20.67,18944556,444048926.0
2021-07-01,20.66,20.74,19.95,20.05,20113010,463290105.0
2021-07-02,19.96,20.27,19.57,19.63,18782775,421641611.0
2021-07-05,19.62,20.24,19.46,20.2,23240203,522130303.0
2021-07-06,20.28,21.71,20.15,21.21,62260897,1489037616.0
2021-07-07,21.12,21.33,20.86,21.19,29923001,715450326.0
2021-07-08,21.22,21.65,21.06,21.42,33242279,806443953.0
2021-07-09,21.19,22.19,21.13,21.63,33426089,820759847.0
2021-07-12,21.77,22.07,21.19,21.56,34706742,853033745.0
2021-07-13,21.74,21.81,21.26,21.45,26490213,643214995.0
2021-07-14,21.46,21.83,21.07,21.09,28307131,685939945.0
2021-07-15,20.97,21.18,20.59,21.12,23926003,565612855.0
2021-07-16,21.1,21.1,20.66,20.71,20792603,491363352.0
2021-07-19,20.58,20.89,20.38,20.6,21051660,490172175.0
2021-07-20,20.46,20.55,20.0,20.45,18857147,433899535.0
2021-07-21,20.55,20.9,20.51,20.75,20030975,470940383.0
2021-07-22,20.77,21.44,20.57,21.14,28193176,673476149.0
2021-07-23,21.19,21.36,20.59,20.66,21640757,512479073.0
2021-07-26,20.57,21.27,20.22,20.72,28705151,675142095.0
2021-07-27,22.33,22.79,22.24,22.79,54522199,1403009907.0
2021-07-28,23.43,24.28,22.29,23.71,165863932,4399066498.0
2021-07-29,24.23,25.2,23.82,24.18,111215794,3091080111.0
2021-07-30,24.19,24.72,23.84,24.28,57693926,1591912034.0
2021-08-02,24.29,25.9,24.28,25.64,79606614,2262815981.0
2021-08-03,25.3,25.9,24.97,25.34,51472281,1482090876.0
2021-08-04,25.17,25.78,25.17,25.41,44667143,1288334337.0
2021-08-05,25.72,26.35,25.26,25.41,39709478,1157035133.0
2021-08-06,24.98,25.77,24.81,25.2,36459160,1039682357.0
2021-08-09,25.2,25.77,24.76,24.99,29970003,852127127.0
2021-08-10,25.12,25.42,24.53,25.14,31921482,905513900.0
2021-08-11,25.08,25.09,24.1,24.29,51411875,1422371048.0
2021-08-12,24.29,24.45,23.94,24.0,33718655,921692324.0
2021-08-13,24.0,24.14,23.42,23.59,33512189,899249944.0
2021-08-16,23.75,24.45,22.98,23.26,54233006,1453193986.0
2021-08-17,23.46,24.17,23.04,23.28,53049755,1417082135.0
2021-08-18,22.49,22.49,21.63,22.25,61775724,1544522586.0
2021-08-19,22.14,22.71,22.01,22.39,32223106,817907644.0
2021-08-20,22.41,22.51,21.9,22.27,20359929,512579325.0
2021-08-23,22.33,22.56,22.13,22.41,24007933,607803110.0
2021-08-24,22.31,22.31,21.78,22.01,31966187,797909103.0
2021-08-25,22.17,22.56,21.98,22.29,33693254,848826677.0
2021-08-26,22.39,22.47,21.8,21.81,29228020,728504501.0
2021-08-27,21.54,22.12,21.28,21.89,30819491,757322910.0
2021-08-30,21.8,21.82,20.92,21.11,36693586,884638591.0
2021-08-31,21.01,21.33,20.5,20.75,31974191,752645529.0
2021-09-01,20.81,20.87,20.19,20.59,38881084,900652997.0
2021-09-02,20.75,20.75,20.23,20.29,27154976,626516611.0
2021-09-03,20.22,20.66,20.15,20.25,29640565,683015133.0
2021-09-06,20.22,20.85,20.04,20.73,35153140,819414992.0
2021-09-07,20.75,21.08,20.66,20.92,33039448,780797136.0
2021-09-08,21.14,21.46,20.7,20.79,42660592,1014592945.0
2021-09-09,20.78,21.25,20.7,20.95,32004895,759289370.0
2021-09-10,20.97,21.19,20.61,20.95,38003964,898019876.0
2021-09-13,20.93,20.93,20.35,20.42,33733031,783215273.0
2021-09-14,20.58,20.63,20.26,20.3,21700075,502638456.0
2021-09-15,20.3,20.33,19.9,20.0,26359911,597285665.0
2021-09-16,20.32,20.61,19.85,19.85,30185463,689678785.0
2021-09-17,19.81,20.0,19.42,19.7,21537659,479079379.0
2021-09-22,19.43,19.79,19.41,19.73,12775366,283988950.0
2021-09-23,19.73,19.95,19.64,19.76,22994883,514938780.0
2021-09-24,19.8,19.85,19.43,19.44,22377459,495366155.0
2021-09-27,19.67,19.91,19.51,19.62,22405091,500199411.0
2021-09-28,19.6,19.63,19.17,19.32,19829613,433643665.0
2021-09-29,19.23,19.23,18.73,19.03,22977217,493804216.0
2021-09-30,19.04,19.19,18.96,19.12,13708135,296732437.0
2021-10-08,19.4,19.76,19.25,19.59,23737375,525144570.0
2021-10-11,19.61,19.83,19.51,19.76,22159841,494181539.0
2021-10-12,19.6,19.62,19.08,19.2,21153467,461782955.0
2021-10-13,19.17,19.81,19.08,19.75,17748460,390995043.0
2021-10-14,19.7,19.74,19.43,19.56,11808996,261719353.0
2021-10-15,19.43,19.67,19.16,19.25,23530607,515455376.0
2021-10-18,19.21,19.36,19.07,19.24,15806640,343626609.0
2021-10-19,19.95,20.14,19.7,20.01,48937113,1104143084.0
2021-10-20,20.13,20.4,19.73,19.79,39349333,893611494.0
2021-10-21,19.78,20.17,19.66,20.05,23701270,536735883.0
2021-10-22,19.97,20.26,19.85,20.09,21854494,497471155.0
2021-10-25,20.24,20.25,19.62,19.91,25481306,572473462.0
2021-10-26,19.82,20.38,19.69,20.19,34107091,774604727.0
2021-10-27,20.05,20.06,19.65,19.78,24187239,542505173.0
2021-10-28,19.9,20.53,19.81,20.04,46991509,1074521005.0
2021-10-29,19.91,19.99,19.17,19.64,39600373,871280314.0
2021-11-01,19.44,20.99,19.43,20.72,76535626,1774429294.0
2021-11-02,21.06,21.61,20.58,20.85,70061015,1671614157.0
2021-11-03,21.07,21.11,20.33,20.56,36601408,855627944.0
2021-11-04,20.65,21.19,20.65,20.9,36403293,864537243.0
2021-11-05,21.28,21.58,20.92,21.05,42158519,1012212199.0
2021-11-08,21.1,21.1,20.44,20.65,29078490,679200353.0
2021-11-09,20.65,20.8,20.22,20.68,31697857,736907428.0
2021-11-10,20.73,20.99,20.48,20.79,31230564,733703113.0
2021-11-11,20.76,21.05,20.54,20.95,30082567,710365299.0
2021-11-12,20.95,21.57,20.77,21.28,38259334,919074614.0
2021-11-15,21.26,21.58,21.12,21.54,37051628,897747423.0
2021-11-16,21.64,21.96,21.25,21.28,44024632,1077211508.0
2021-11-17,21.31,21.78,21.21,21.75,38601946,945082962.0
2021-11-18,21.8,21.93,21.5,21.76,33178649,818238882.0
2021-11-19,21.8,21.94,21.55,21.88,32567642,803884651.0
2021-11-22,21.81,22.34,21.73,22.2,38032828,953641335.0
2021-11-23,22.13,22.18,21.8,22.01,32452468,807981105.0
2021-11-24,21.89,21.97,21.52,21.64,28871228,710821580.0
2021-11-25,21.64,21.8,21.28,21.37,24489314,596170925.0
2021-11-26,21.35,21.51,21.08,21.27,23262001,560024480.0
2021-11-29,20.97,21.01,20.46,20.6,34306122,802437411.0
2021-11-30,20.76,21.06,20.64,20.83,23368141,551673653.0
2021-12-01,20.75,20.83,20.54,20.68,19604571,458384004.0
2021-12-02,20.57,20.64,20.26,20.29,21539977,498070415.0
2021-12-03,20.22,20.52,20.18,20.37,22547567,519509707.0
2021-12-06,20.13,20.24,19.64,19.82,37768707,852582839.0
2021-12-07,20.0,20.07,19.7,19.97,18219243,410454758.0
2021-12-08,20.02,20.26,19.87,20.25,24399349,556023580.0
2021-12-09,20.26,20.66,20.17,20.59,27165389,630027974.0
2021-12-10,20.52,20.52,20.32,20.45,20209255,467121295.0
2021-12-13,20.56,20.92,20.39,20.92,31023046,729695716.0
2021-12-14,20.68,20.96,20.68,20.75,18591109,438539087.0
2021-12-15,20.75,20.95,20.39,20.43,21443435,499386312.0
2021-12-16,20.48,20.63,20.42,20.45,12464614,289288007.0
2021-12-17,20.4,20.45,20.02,20.05,18564321,423617526.0
2021-12-20,19.99,20.2,19.7,19.75,13799614,310949434.0
2021-12-21,19.75,19.93,19.73,19.86,10923451,245262540.0
2021-12-22,19.91,20.25,19.87,20.07,17016881,387322048.0
2021-12-23,20.1,20.65,20.04,20.47,28093488,650609380.0
2021-12-24,20.45,20.52,20.14,20.35,20214278,464848736.0
2021-12-27,20.23,20.64,20.22,20.52,15190485,353095556.0
2021-12-28,20.57,20.89,20.49,20.67,19869904,465298755.0
2021-12-29,20.64,20.86,20.39,20.41,19376382,451970388.0
2021-12-30,20.41,21.09,20.41,20.84,28937141,685742872.0
2021-12-31,20.93,20.99,20.7,20.79,15186091,357613949.0
2022-01-04,20.88,20.92,20.32,20.53,23557987,547895927.0
2022-01-05,20.49,20.6,19.93,20.1,24591904,561247880.0
2022-01-06,20.0,20.16,19.86,20.04,22521666,510591622.0
2022-01-07,20.0,20.17,19.92,19.92,18716054,424494062.0
2022-01-10,19.92,20.15,19.56,20.15,24108636,544097954.0
2022-01-11,20.13,20.28,19.95,20.0,17221388,392328978.0
2022-01-12,20.07,20.12,19.89,20.03,14133175,319824229.0
2022-01-13,20.03,20.07,19.62,19.63,18706234,418641823.0
2022-01-14,19.59,19.76,19.45,19.65,13449586,298846294.0
2022-01-17,19.6,19.97,19.58,19.88,17448875,392347785.0
2022-01-18,19.94,20.17,19.85,19.98,17091283,387115230.0
2022-01-19,19.94,20.02,19.64,19.65,14730600,329861154.0
2022-01-20,19.63,19.74,19.39,19.4,18054472,399513851.0
2022-01-21,19.41,19.45,18.89,19.12,20688387,447826950.0
2022-01-24,19.05,19.12,18.84,19.05,11307781,243256943.0
2022-01-25,18.98,19.1,18.68,18.68,17762543,379659507.0
2022-01-26,18.68,18.8,17.97,18.15,31688768,657967485.0
2022-01-27,17.89,18.4,17.14,17.41,38691738,769994164.0
2022-01-28,17.51,17.71,16.98,17.26,25126785,492170532.0
2022-02-07,17.56,17.81,17.24,17.3,20067195,397633605.0
2022-02-08,17.3,17.55,17.13,17.53,16484380,324220519.0
2022-02-09,17.54,17.74,17.46,17.68,18712843,374341414.0
2022-02-10,17.68,17.79,17.63,17.73,15263563,305851613.0
2022-02-11,17.66,17.67,17.34,17.38,18386016,364306847.0
2022-02-14,17.35,17.54,17.06,17.16,14558314,284535991.0
2022-02-15,17.25,17.42,17.17,17.4,11724768,230436314.0
2022-02-16,17.55,17.6,17.31,17.38,9960240,196357640.0
2022-02-17,17.33,17.35,17.09,17.12,19089621,371321786.0
2022-02-18,16.98,17.25,16.75,17.22,22678142,437783784.0
2022-02-21,17.15,17.29,17.11,17.29,15780155,307931323.0
2022-02-22,17.18,17.18,17.0,17.05,13414789,259238134.0
2022-02-23,17.06,17.47,17.06,17.44,16986590,334205365.0
2022-02-24,17.36,17.58,17.06,17.25,22092646,433079408.0
2022-02-25,17.37,17.44,17.14,17.2,11749059,229828354.0
2022-02-28,17.33,17.37,17.06,17.15,12324964,239407977.0
2022-03-01,17.11,17.21,17.02,17.16,14873603,287906073.0
2022-03-02,17.09,17.09,16.95,17.03,11766924,226483615.0
2022-03-03,17.04,17.11,16.73,16.75,25251700,481438687.0
2022-03-04,16.7,16.93,16.6,16.75,13107820,248985134.0
2022-03-07,16.74,16.74,15.8,15.91,25292818,460725386.0
2022-03-08,15.81,16.04,15.43,15.52,19164701,340333701.0
2022-03-09,15.54,15.75,14.56,15.18,23611907,405174623.0
2022-03-10,15.45,15.58,15.28,15.34,18232674,318302624.0
2022-03-11,15.03,15.44,14.79,15.39,23184905,395113727.0
2022-03-14,15.25,15.25,14.97,14.99,13021883,222996985.0
2022-03-15,14.83,14.92,14.11,14.12,21188779,349156840.0
2022-03-16,14.33,14.54,13.71,14.5,20904016,335597956.0
2022-03-17,14.77,14.95,14.68,14.76,17161255,287727936.0
2022-03-18,14.64,14.82,14.57,14.74,13462477,224374185.0
2022-03-21,14.85,14.99,14.66,14.93,14743305,248250200.0
2022-03-22,14.91,15.0,14.8,14.9,8815462,148495718.0
2022-03-23,14.92,15.4,14.88,15.08,17807555,305472670.0
2022-03-24,15.01,15.08,14.75,14.8,11708069,197418903.0
2022-03-25,14.87,14.94,14.63,14.74,8142312,136223305.0
2022-03-28,14.65,14.76,14.37,14.71,10001430,165152571.0
2022-03-29,14.72,14.88,14.37,14.43,8795511,144915776.0
2022-03-30,14.43,14.67,14.35,14.65,14214393,234166913.0
2022-03-31,14.57,14.57,14.19,14.23,16369167,265881258.0
2022-04-01,14.19,14.35,14.05,14.22,12014120,193401744.0
2022-04-06,14.24,14.25,13.92,14.09,17349349,276308841.0
2022-04-07,14.08,14.47,14.0,14.04,19333514,311073965.0
2022-04-08,14.04,14.12,13.69,14.1,14389206,226598581.0
2022-04-11,14.1,14.1,13.59,13.64,16641228,259125602.0
2022-04-12,13.67,14.1,13.59,14.1,13326974,209250979.0
2022-04-13,14.03,14.12,13.86,13.98,7891078,124934255.0
2022-04-14,14.08,14.21,13.98,14.13,8906027,142342400.0
2022-04-15,14.02,14.46,14.01,14.39,13689414,222086389.0
2022-04-18,14.31,14.96,14.25,14.91,17725058,296474909.0
2022-04-19,14.83,14.93,14.7,14.76,12106297,202526364.0
2022-04-20,14.77,14.95,14.68,14.76,8379687,140533062.0
2022-04-21,14.7,14.9,14.36,14.47,9421048,155699229.0
2022-04-22,14.58,14.65,14.23,14.65,9569568,157177656.0
2022-04-25,14.43,14.48,13.76,13.77,13257618,212191605.0
2022-04-26,13.77,13.94,13.37,13.42,11516480,178463081.0
2022-04-27,13.32,14.44,13.27,14.38,15489361,245395778.0
2022-04-28,14.3,14.6,14.19,14.35,12423196,202484349.0
2022-04-29,14.5,14.74,14.32,14.72,16226689,267583473.0
2022-05-05,14.72,14.81,14.5,14.65,13281130,220809063.0
2022-05-06,14.35,14.6,14.3,14.51,8374001,136898620.0
2022-05-09,14.38,14.59,14.37,14.52,5678292,93320632.0
2022-05-10,14.37,14.88,14.3,14.83,11861270,198486374.0
2022-05-11,14.91,15.18,14.75,14.83,14835815,252292392.0
2022-05-12,14.72,14.95,14.66,14.84,7733679,129929790.0
2022-05-13,14.89,14.93,14.72,14.83,7009017,117532291.0
2022-05-16,14.85,14.91,14.65,14.69,6817983,113905643.0
2022-05-17,14.62,14.76,14.53,14.7,6666815,110605638.0
2022-05-18,14.71,14.94,14.62,14.87,8400781,140770408.0
2022-05-19,14.72,15.32,14.67,15.31,16960456,290540947.0
2022-05-20,15.33,15.66,15.1,15.25,12942636,224624184.0
2022-05-23,15.32,15.35,14.9,14.99,15186143,257977722.0
2022-05-24,14.99,15.06,14.55,14.55,13178268,220699586.0
2022-05-25,14.5,14.69,14.43,14.6,8862208,146196294.0
2022-05-26,14.73,14.73,14.29,14.41,11141264,175488241.0
2022-05-27,14.42,14.59,14.26,14.44,9579558,150530107.0
2022-05-30,14.54,14.54,14.38,14.46,6236541,98318791.0
2022-05-31,14.45,14.97,14.29,14.88,16232337,260194612.0
2022-06-01,14.84,15.07,14.76,14.81,10452985,169688078.0
2022-06-02,14.84,15.1,14.77,15.09,12940123,211663246.0
2022-06-06,15.08,15.65,15.02,15.63,20016509,335815167.0
2022-06-07,15.48,15.55,15.21,15.27,13064825,218802088.0
2022-06-08,15.31,15.4,14.97,15.21,10363675,171837887.0
2022-06-09,15.11,15.19,14.77,14.83,9351903,152286461.0
2022-06-10,14.7,15.04,14.68,15.02,10838418,176044230.0
2022-06-13,14.87,14.94,14.56,14.7,15951489,256617887.0
2022-06-14,14.56,14.79,14.34,14.78,11459407,182136323.0
2022-06-15,14.81,15.35,14.78,15.11,20469485,338617691.0
2022-06-16,15.12,15.33,14.99,15.03,10615440,175530425.0
2022-06-17,15.0,15.23,14.91,15.22,11322512,186790998.0
2022-06-20,15.26,15.38,15.17,15.24,11063774,184401388.0
2022-06-21,15.24,15.43,15.07,15.28,11078684,184517575.0
2022-06-22,15.27,15.27,14.94,14.94,11748194,192718235.0
2022-06-23,14.94,15.29,14.94,15.29,12968515,214853800.0
2022-06-24,15.22,15.62,15.22,15.59,24069548,407520099.0
2022-06-27,15.71,15.81,15.43,15.53,20923327,356380610.0
2022-06-28,15.49,15.77,15.26,15.73,23370654,395733386.0
2022-06-29,15.69,16.01,15.43,15.45,29935638,514109713.0
2022-06-30,15.49,15.74,15.43,15.56,13032847,221821440.0
2022-07-01,15.58,15.71,15.44,15.59,10729998,182562881.0
2022-07-04,15.53,15.58,15.3,15.43,15239603,256315787.0
2022-07-05,15.43,15.57,15.0,15.17,23626861,391781142.0
2022-07-06,15.17,15.24,15.02,15.2,15908351,262926891.0
2022-07-07,15.11,15.26,15.07,15.18,9083538,150643423.0
2022-07-08,15.26,15.34,15.17,15.18,9166030,152769406.0
2022-07-11,15.11,15.15,14.66,14.78,12502417,202132174.0
2022-07-12,14.75,14.75,14.52,14.53,8927650,142200488.0
2022-07-13,14.49,14.58,14.37,14.45,9117157,143809929.0
2022-07-14,14.42,14.56,14.3,14.45,6868523,108460879.0
2022-07-15,14.45,14.58,14.24,14.24,8695589,137064704.0
2022-07-18,14.27,14.56,14.2,14.53,9381162,147437404.0
2022-07-19,14.46,14.73,14.45,14.69,8809137,140921740.0
2022-07-20,14.72,14.88,14.59,14.62,10519229,169082608.0
2022-07-21,14.63,14.78,14.57,14.63,7656809,122749902.0
2022-07-22,14.64,14.68,14.35,14.46,7764685,122892107.0
2022-07-25,14.46,14.56,14.31,14.34,6593573,103531315.0
2022-07-26,14.37,14.43,14.25,14.32,6014080,93839076.0
2022-07-27,14.32,14.32,14.22,14.28,5372831,83644703.0
2022-07-28,14.34,14.98,14.34,14.83,20015376,322891790.0
2022-07-29,14.83,14.91,14.53,14.56,10985688,175764027.0
2022-08-01,14.52,14.84,14.34,14.82,10989008,176619462.0
2022-08-02,14.67,14.68,14.29,14.55,13267238,209937418.0
2022-08-03,14.44,14.8,14.43,14.54,11706034,187316771.0
2022-08-04,14.66,14.8,14.52,14.69,9972628,159783067.0
2022-08-05,14.73,15.18,14.67,15.17,25105332,411282146.0
2022-08-08,15.22,15.28,14.92,15.13,14699946,241355610.0
2022-08-09,15.1,15.26,14.89,15.24,14425118,237123069.0
2022-08-10,15.1,15.38,14.99,15.01,14629116,241915692.0
2022-08-11,15.05,15.5,15.05,15.42,26665625,446323298.0
2022-08-12,15.43,15.69,15.33,15.54,26146407,444073797.0
2022-08-15,15.11,15.75,15.04,15.69,33896086,571571028.0
2022-08-16,15.74,16.12,15.47,15.98,37620229,653023798.0
2022-08-17,16.02,16.09,15.77,15.93,21168702,368148152.0
2022-08-18,15.97,15.98,15.66,15.69,21485181,369898679.0
2022-08-19,15.71,16.18,15.57,15.57,22789227,394077194.0
2022-08-22,15.61,15.87,15.43,15.64,13909809,238105949.0
2022-08-23,15.56,15.63,15.22,15.27,20506467,343242550.0
2022-08-24,15.39,15.42,14.73,14.78,18548624,302982931.0
2022-08-25,14.78,14.84,14.58,14.77,9406498,151005156.0
2022-08-26,14.79,14.9,14.71,14.75,7235167,116765556.0
2022-08-29,14.54,14.67,14.47,14.63,6447067,102696501.0
2022-08-30,14.59,14.7,14.52,14.67,6335973,100979496.0
2022-08-31,14.67,14.72,14.47,14.56,7209514,114609614.0
2022-09-01,14.51,14.65,14.47,14.55,5007623,79590373.0
2022-09-02,14.48,14.64,14.48,14.57,5303772,84365718.0
2022-09-05,14.57,14.59,14.35,14.42,7155204,112567725.0
2022-09-06,14.43,14.56,14.39,14.56,6044271,95476105.0
2022-09-07,14.48,14.66,14.45,14.53,7652174,121519745.0
2022-09-08,14.51,14.53,14.21,14.23,12216153,190673405.0
2022-09-09,14.23,14.34,14.09,14.33,8565348,132866775.0
2022-09-13,14.38,14.54,14.13,14.17,10996860,171874155.0
2022-09-14,14.04,14.06,13.89,14.02,7473335,114105006.0
2022-09-15,14.1,14.1,13.51,13.65,20061277,301377840.0
2022-09-16,13.61,13.73,13.24,13.29,15776982,231976077.0
2022-09-19,13.3,13.35,13.04,13.14,7917746,113757378.0
2022-09-20,13.18,13.27,13.04,13.06,7471504,106910184.0
2022-09-21,13.06,13.09,12.48,12.82,15509925,215252350.0
2022-09-22,12.71,12.8,12.58,12.59,9610670,132837208.0
2022-09-23,12.6,12.66,12.16,12.31,16864338,227631359.0
2022-09-26,12.2,12.35,12.06,12.09,11119921,147885162.0
2022-09-27,12.11,12.32,12.11,12.31,9482866,126763066.0
2022-09-28,12.28,12.28,12.02,12.02,8800815,116304347.0
2022-09-29,12.12,12.23,11.97,12.05,8116402,107234583.0
2022-09-30,12.05,12.13,11.96,12.0,6018003,79097395.0
2022-10-10,12.0,12.05,11.61,11.63,9471401,121878322.0
2022-10-11,11.63,11.79,11.58,11.7,6548041,83426014.0
2022-10-12,11.71,12.15,11.65,12.13,10732959,139399780.0
2022-10-13,12.1,12.29,12.0,12.16,8162080,108624134.0
2022-10-14,12.27,12.38,12.18,12.35,8292160,111502137.0
2022-10-17,12.34,12.57,12.31,12.54,7716594,105165499.0
2022-10-18,12.67,12.67,12.42,12.57,7832633,107165614.0
2022-10-19,12.52,12.64,12.43,12.45,5905084,80755502.0
2022-10-20,12.45,12.74,12.38,12.66,8594398,118247665.0
2022-10-21,12.64,12.72,12.56,12.62,5600550,77249144.0
2022-10-24,12.61,12.82,12.27,12.36,8517042,116339073.0
2022-10-25,12.35,12.46,12.16,12.27,6059205,81328271.0
2022-10-26,12.35,12.92,12.32,12.77,14023599,194657806.0
2022-10-27,12.77,13.05,12.73,12.9,10858939,153167378.0
2022-10-28,12.63,12.81,12.36,12.37,11627725,159941296.0
2022-10-31,12.38,12.82,12.38,12.71,8281707,114370694.0
2022-11-01,12.71,12.87,12.61,12.86,7880272,109926532.0
2022-11-02,12.84,13.13,12.84,13.0,10065198,143276906.0
2022-11-03,12.93,13.17,12.88,13.13,7463400,106219700.0
2022-11-04,13.06,13.26,13.04,13.12,9595471,137651705.0
2022-11-07,13.16,13.23,12.96,13.0,7964657,113381224.0
2022-11-08,12.96,12.98,12.78,12.89,7194337,100909142.0
2022-11-09,12.93,13.04,12.82,13.03,7034665,99559627.0
2022-11-10,12.94,13.02,12.6,12.64,9945333,138410044.0
2022-11-11,13.05,13.18,12.93,12.97,13272006,188962659.0
2022-11-14,12.96,13.29,12.95,13.14,14185097,204077239.0
2022-11-15,13.07,13.81,13.04,13.74,22573888,334288661.0
2022-11-16,13.74,14.09,13.67,14.01,18873330,287628648.0
2022-11-17,13.92,14.15,13.72,14.12,13253415,201957926.0
2022-11-18,14.03,14.14,13.93,13.99,9475642,145314842.0
2022-11-21,13.92,14.13,13.8,14.13,10659967,162518172.0
2022-11-22,14.08,14.49,14.02,14.2,13189976,206153969.0
2022-11-23,14.13,14.24,13.97,14.23,9455187,145774578.0
2022-11-24,14.22,14.3,14.0,14.04,6159388,94677039.0
2022-11-25,14.08,14.15,13.9,13.91,5347160,81597771.0
2022-11-28,13.78,13.86,13.6,13.75,7087758,106245181.0
2022-11-29,13.79,13.91,13.72,13.83,5425289,81924268.0
2022-11-30,13.87,13.91,13.74,13.82,5203685,78387280.0
2022-12-01,13.93,14.01,13.74,13.76,7018377,106145200.0
2022-12-02,13.77,13.88,13.65,13.67,5951981,89228190.0
2022-12-05,13.69,13.99,13.69,13.98,7263462,110115567.0
2022-12-06,13.94,14.08,13.88,14.04,7152353,109460323.0
2022-12-07,14.03,14.03,13.48,13.52,14995765,224129573.0
2022-12-08,13.52,13.53,13.32,13.4,8758576,127999325.0
2022-12-09,13.39,13.63,13.37,13.57,9327150,137452854.0
2022-12-12,13.51,14.25,13.46,14.09,16450304,251085927.0
2022-12-13,14.04,14.15,13.91,13.94,5099270,77798700.0
2022-12-14,14.08,14.19,13.8,13.83,7491485,114429722.0
2022-12-15,13.82,14.16,13.72,14.08,8250436,126740147.0
2022-12-16,14.02,14.09,13.9,14.09,7228987,110455886.0
2022-12-19,14.09,14.11,13.75,13.79,6398496,96604730.0
2022-12-20,13.77,13.89,13.57,13.64,5216455,78017484.0
2022-12-21,13.59,13.72,13.47,13.57,4429653,65736457.0
2022-12-22,13.68,13.94,13.56,13.61,4703400,70369500.0
2022-12-23,13.6,13.72,13.33,13.39,4720800,69521669.0
2022-12-26,13.39,13.65,13.38,13.61,4533650,67122001.0
2022-12-27,13.66,13.69,13.44,13.61,4200510,62166962.0
2022-12-28,13.6,13.64,13.45,13.49,3405011,50157464.0
2022-12-29,13.46,13.55,13.28,13.32,5426476,79254055.0
2022-12-30,13.41,13.47,13.17,13.2,5139728,74501641.0
2023-01-03,13.25,13.93,12.96,13.91,13653933,202885222.0
2023-01-04,13.88,14.13,13.83,13.95,7808635,119229523.0
2023-01-05,13.94,14.01,13.88,13.92,5113972,77743624.0
2023-01-06,13.89,14.01,13.79,13.85,4580498,69388413.0
2023-01-09,13.85,13.92,13.7,13.73,7377078,111011712.0
2023-01-10,13.79,13.88,13.66,13.75,4401312,66238357.0
2023-01-11,13.76,14.05,13.76,13.8,8236700,125190591.0
2023-01-12,13.7,13.83,13.63,13.71,4382300,65582698.0
2023-01-13,13.68,13.88,13.67,13.81,3993947,59852148.0
2023-01-16,13.75,14.13,13.74,14.09,9910476,151943871.0
2023-01-17,14.13,14.43,14.05,14.29,11985695,186989598.0
2023-01-18,14.29,14.56,14.29,14.51,11141646,175978590.0
2023-01-19,14.45,14.67,14.38,14.66,8956120,142665609.0
2023-01-20,14.67,14.75,14.59,14.69,7075549,113246678.0
2023-01-30,14.81,14.98,14.76,14.87,11132196,180656358.0
2023-01-31,14.88,14.93,14.77,14.79,9286962,150199942.0
2023-02-01,14.93,15.16,14.81,15.1,12395787,203727650.0
2023-02-02,15.13,15.34,15.08,15.22,13783658,229549868.0
2023-02-03,15.22,15.28,14.97,15.21,9482519,156349187.0
2023-02-06,15.12,15.14,14.79,14.88,9261194,150743117.0
2023-02-07,14.91,15.14,14.8,15.11,10191403,167730867.0
2023-02-08,15.16,15.32,15.02,15.1,9089129,150369674.0
2023-02-09,15.05,15.43,15.0,15.42,14842371,248086251.0
2023-02-10,15.42,16.49,15.42,15.9,39182564,689792582.0
2023-02-13,15.9,16.63,15.71,16.53,32665957,582632975.0
2023-02-14,16.36,16.53,16.1,16.2,16018244,285040155.0
2023-02-15,16.2,16.63,16.06,16.58,25978767,466073145.0
2023-02-16,16.51,16.99,16.21,16.35,33096131,602406799.0
2023-02-17,16.33,16.41,15.56,15.57,27181789,471449224.0
2023-02-20,15.67,16.53,15.52,16.47,23845474,421219663.0
2023-02-21,16.46,16.85,16.09,16.26,18287749,328036894.0
2023-02-22,16.15,16.25,16.04,16.11,6505048,114734666.0
2023-02-23,16.11,16.17,15.72,15.76,10150553,175695828.0
2023-02-24,15.82,15.98,15.66,15.78,9889400,170618575.0
2023-02-27,15.71,15.94,15.61,15.67,9085634,155965107.0
2023-02-28,15.98,16.71,15.89,16.61,45658264,822103799.0
2023-03-01,16.52,16.86,16.45,16.84,22160607,404659831.0
2023-03-02,16.92,17.12,16.84,16.96,18764905,347620458.0
2023-03-03,17.03,17.08,16.56,16.71,17042524,311041053.0
2023-03-06,16.74,16.89,16.56,16.74,15257835,278922449.0
2023-03-07,16.68,16.78,16.14,16.21,17609933,316155974.0
2023-03-08,16.23,16.75,16.23,16.67,18263495,330870680.0
2023-03-09,16.7,16.84,16.46,16.7,10601103,193299597.0
2023-03-10,16.53,16.71,16.34,16.38,10012113,180406866.0
2023-03-13,16.33,16.48,16.13,16.3,15724666,279372347.0
2023-03-14,16.29,16.31,15.81,16.06,16877721,294898125.0
2023-03-15,16.22,16.34,15.92,15.94,16144264,283147614.0
2023-03-16,15.89,16.19,15.85,15.93,8505697,148791042.0
2023-03-17,15.98,16.51,15.98,16.26,10907782,194571300.0
2023-03-20,16.58,17.02,16.39,16.81,24360672,445113366.0
2023-03-21,16.75,16.95,16.62,16.67,13316259,243833998.0
2023-03-22,16.73,17.28,16.63,17.26,25211772,470708789.0
2023-03-23,17.28,18.28,17.11,17.96,58353884,1130678571.0
2023-03-24,18.3,18.93,17.95,18.18,57888217,1159812558.0
2023-03-27,18.08,18.32,17.4,17.69,30712930,597841560.0
2023-03-28,17.61,17.69,17.28,17.47,19320042,368232146.0
2023-03-29,17.41,17.57,17.04,17.16,20058981,377642336.0
2023-03-30,17.22,17.51,16.95,17.18,18936716,355330020.0
2023-03-31,17.05,17.21,16.72,16.91,18587167,343507840.0
2023-04-03,17.04,17.5,16.85,17.4,24066371,453410055.0
2023-04-04,17.41,17.67,17.22,17.42,24773093,472170809.0
2023-04-06,17.4,18.46,17.33,18.16,49622339,978887761.0
2023-04-07,18.05,18.13,17.63,17.98,21779383,424334722.0
2023-04-10,17.97,18.53,17.84,17.89,29910131,592975057.0
2023-04-11,17.85,18.07,17.69,17.89,19515031,380440418.0
2023-04-12,17.95,18.27,17.83,18.1,15836653,313010403.0
2023-04-13,18.11,18.11,17.43,17.46,17953579,345506015.0
2023-04-14,17.47,17.59,17.02,17.44,12291077,231951397.0
2023-04-17,17.37,17.37,17.07,17.23,13825988,259306930.0
2023-04-18,17.13,17.19,16.77,17.02,15538654,287492609.0
2023-04-19,16.78,17.4,16.78,16.97,17599057,327936877.0
2023-04-20,16.93,18.12,16.83,18.05,38539378,745128907.0
2023-04-21,18.09,18.09,16.25,16.32,40900522,754373844.0
2023-04-24,16.18,16.64,15.77,15.89,28917493,506893317.0
2023-04-25,15.89,16.2,15.68,15.89,16832095,291836347.0
2023-04-26,15.77,15.9,15.0,15.26,24165609,403591670.0
2023-04-27,15.3,15.41,14.78,14.91,19956164,326113230.0
2023-04-28,14.91,15.06,14.52,14.7,35244977,566435634.0
2023-05-04,14.63,14.75,14.17,14.19,25195351,395475377.0
2023-05-05,14.26,14.48,14.1,14.13,14762996,229710236.0
2023-05-08,14.18,14.27,13.91,14.11,13111619,201731466.0
2023-05-09,14.11,14.7,13.99,14.03,24751986,385649766.0
2023-05-10,14.03,14.15,13.73,13.87,14735789,223037227.0
2023-05-11,13.87,13.98,13.65,13.7,15052031,226271053.0
2023-05-12,13.66,13.81,13.52,13.56,11197484,166536162.0
2023-05-15,13.52,13.58,13.25,13.58,19381734,283977489.0
2023-05-16,13.58,13.61,13.26,13.48,14766444,216150088.0
2023-05-17,13.5,13.64,13.36,13.57,13897271,205031116.0
2023-05-18,13.59,13.91,13.54,13.75,20872076,313309575.0
2023-05-19,13.75,13.88,13.6,13.83,15798661,237182116.0
2023-05-22,13.93,14.09,13.77,13.88,13878511,210732518.0
2023-05-23,13.87,13.96,13.75,13.81,12408558,187655441.0
2023-05-24,13.74,13.97,13.61,13.8,10629209,160480835.0
2023-05-25,13.81,13.97,13.58,13.8,11758610,176244773.0
2023-05-26,13.88,13.94,13.69,13.87,9441376,138261667.0
2023-05-29,13.99,14.4,13.9,14.23,24706912,371999359.0
2023-05-30,14.23,14.4,14.05,14.4,20418906,308658666.0
2023-05-31,14.44,14.51,14.23,14.41,17346502,263854139.0
2023-06-01,14.33,14.54,14.24,14.32,14662992,223705892.0
2023-06-02,14.38,14.48,14.19,14.31,13608813,206100555.0
2023-06-05,14.31,14.48,14.26,14.37,13812846,210121960.0
2023-06-06,14.31,14.36,13.88,13.93,14154933,210617833.0
2023-06-07,13.96,14.05,13.81,13.88,8346547,123078559.0
2023-06-08,13.85,13.87,13.62,13.76,9625587,139950792.0
2023-06-09,13.77,14.05,13.63,14.0,11732056,172073302.0
2023-06-12,14.02,14.25,13.93,14.09,14487979,216246133.0
2023-06-13,14.1,14.35,13.99,14.32,15702035,236716097.0
2023-06-14,14.32,14.38,14.14,14.33,13678117,206779196.0
2023-06-15,14.33,14.42,14.18,14.3,14229848,215200768.0
2023-06-16,14.3,14.61,14.29,14.54,21737462,333524035.0
2023-06-19,14.54,15.41,14.25,15.21,54583116,863257733.0
2023-06-20,15.17,15.17,14.4,14.45,50908228,786954954.0
2023-06-21,14.36,14.41,13.78,13.78,35618693,526782017.0
2023-06-26,13.69,13.76,12.91,12.94,34297023,479880509.0
2023-06-27,12.94,13.47,12.91,13.41,23223312,326088100.0
2023-06-28,13.39,13.41,12.91,13.13,17321516,240322370.0
2023-06-29,13.12,13.22,13.04,13.09,12856744,178493365.0
2023-06-30,13.06,13.46,13.06,13.41,21142991,298444371.0
2023-07-03,13.42,13.66,13.38,13.58,15928402,228435248.0
2023-07-04,13.63,13.99,13.53,13.94,20822533,305327921.0
2023-07-05,13.94,14.86,13.91,14.44,42043409,642038733.0
2023-07-06,14.48,14.99,14.35,14.65,34462758,536728695.0
2023-07-07,14.64,14.77,13.97,14.16,26000824,391330477.0
2023-07-10,14.31,14.35,13.95,13.98,16512161,245344511.0
2023-07-11,14.01,14.39,13.97,14.27,15217323,229509864.0
2023-07-12,14.24,14.38,14.06,14.1,14018713,211301905.0
2023-07-13,14.16,14.53,14.11,14.5,18844785,287599950.0
2023-07-14,14.59,14.92,14.49,14.71,22948351,357403151.0
2023-07-17,14.78,15.47,14.76,15.23,39782754,640336310.0
2023-07-18,15.16,15.49,15.11,15.25,28072271,454240219.0
2023-07-19,15.25,15.34,14.99,15.05,17431713,278574219.0
2023-07-20,15.11,15.16,14.55,14.59,17485765,273402647.0
2023-07-21,14.59,14.87,14.49,14.71,13635551,212834054.0
2023-07-24,14.66,15.03,14.55,14.95,18045780,284127891.0
2023-07-25,15.09,15.92,14.99,15.58,42004579,689199356.0
2023-07-26,15.53,15.53,14.99,15.07,26509379,423944506.0
2023-07-27,15.06,15.18,14.84,14.98,24809525,394129218.0
2023-07-28,14.88,15.25,14.79,15.14,17113353,273470136.0
2023-07-31,15.21,15.32,14.98,15.04,21482951,344597213.0
2023-08-01,15.04,15.22,14.84,15.13,15923682,254710731.0
2023-08-02,15.01,15.3,14.9,15.05,15634010,249371981.0
2023-08-03,14.98,15.08,14.57,14.98,18824014,295950015.0
2023-08-04,14.99,15.33,14.99,15.11,11955325,191846450.0
2023-08-07,15.11,15.23,14.99,15.09,8681420,138776180.0
2023-08-08,15.09,15.13,14.82,14.82,8811670,139464784.0
2023-08-09,14.82,14.92,14.51,14.53,13663520,212098805.0
2023-08-10,14.52,14.99,14.4,14.89,27939804,437697096.0
2023-08-11,14.93,14.97,14.36,14.37,16710704,258469171.0
2023-08-14,14.31,14.53,14.05,14.35,13758300,207210285.0
2023-08-15,14.38,14.65,14.09,14.21,10250228,155663887.0
2023-08-16,14.21,14.27,13.91,13.91,6830736,101608358.0
2023-08-17,13.9,14.16,13.72,14.02,9974207,148020309.0
2023-08-18,14.02,14.18,13.64,13.64,9457015,138447486.0
2023-08-21,13.6,13.76,13.46,13.48,10049627,144640804.0
2023-08-22,13.61,13.97,13.51,13.95,14311849,207920473.0
2023-08-23,13.97,13.97,13.46,13.48,10343290,149021894.0
2023-08-24,13.55,13.63,13.23,13.41,13527980,192312480.0
2023-08-25,13.33,13.44,13.16,13.29,9101923,128089099.0
2023-08-28,13.95,14.1,13.37,13.42,12737413,183707972.0
2023-08-29,13.43,13.89,13.31,13.77,12605274,182340079.0
2023-08-30,13.93,14.31,13.85,14.08,15903761,237530734.0
2023-08-31,14.01,14.16,13.88,13.99,10592039,157170459.0
2023-09-01,14.03,14.12,13.91,13.96,7211000,106947018.0
2023-09-04,13.99,14.48,13.99,14.45,18852063,285670877.0
2023-09-05,14.49,14.75,14.4,14.56,15739138,243466481.0
2023-09-06,14.48,14.77,14.44,14.73,9850966,152677920.0
2023-09-07,14.65,14.67,14.42,14.47,11368107,174776671.0
2023-09-08,14.4,14.58,14.35,14.5,5156674,79140041.0
2023-09-11,14.53,14.75,14.48,14.64,19007370,294836427.0
2023-09-12,14.64,14.87,14.55,14.57,7533640,117030146.0
2023-09-13,14.59,14.6,14.26,14.41,9704796,147725911.0
2023-09-14,14.33,14.57,14.33,14.43,7629031,116666431.0
2023-09-15,14.43,14.51,14.28,14.43,11193798,170868434.0
2023-09-18,14.37,14.46,14.24,14.33,7890780,119865704.0
2023-09-19,14.37,14.37,14.12,14.31,7622335,115244981.0
2023-09-20,14.25,14.47,14.15,14.4,14483849,219830773.0
2023-09-21,14.31,14.56,14.27,14.4,18652607,285236512.0
2023-09-22,14.42,14.72,14.33,14.47,14129675,216962692.0
2023-09-25,14.47,14.55,14.21,14.39,11625752,176751314.0
2023-09-26,14.38,14.47,14.07,14.11,12249752,183973047.0
2023-09-27,14.14,14.21,13.99,13.99,15901935,237398291.0
2023-09-28,14.04,14.55,13.99,14.5,19292124,293416672.0
2023-10-09,14.49,14.58,14.31,14.45,12443507,190174841.0
2023-10-10,14.43,14.66,14.4,14.6,11411258,175824700.0
2023-10-11,14.58,15.16,14.54,15.05,23063595,364416762.0
2023-10-12,15.1,15.86,15.06,15.55,38721636,636191778.0
2023-10-13,15.49,16.35,15.44,15.96,49866076,843452939.0
2023-10-16,16.05,16.09,15.8,15.95,29011198,489657189.0
2023-10-17,15.93,16.03,15.49,15.65,24066076,399245737.0
2023-10-18,15.68,15.68,15.33,15.56,14519150,238600373.0
2023-10-19,15.4,15.7,15.39,15.44,12910315,212543701.0
2023-10-20,15.43,15.55,15.12,15.19,12303590,199631454.0
2023-10-23,15.16,15.39,15.02,15.3,14306405,230209574.0
2023-10-24,15.22,15.86,15.16,15.59,27976900,461915355.0
2023-10-25,15.61,15.75,15.44,15.58,13603620,224463131.0
2023-10-26,15.44,15.56,15.11,15.36,21950100,355355725.0
2023-10-27,15.43,16.29,15.42,16.17,38020714,646764035.0
2023-10-30,16.17,16.97,16.17,16.85,33878066,598581977.0
2023-10-31,16.85,17.0,16.57,16.61,15613051,275769024.0
2023-11-01,16.6,16.86,16.41,16.45,17347678,304861765.0
2023-11-02,16.47,16.51,16.17,16.22,13590931,234942142.0
2023-11-03,16.2,16.76,16.19,16.5,16742679,292856225.0
2023-11-06,16.62,17.12,16.34,16.76,29814668,528952925.0
2023-11-07,16.8,16.95,16.56,16.73,19486556,344548129.0
2023-11-08,16.71,16.89,16.54,16.64,12397393,219276555.0
2023-11-09,16.65,16.81,16.51,16.59,17413918,306768730.0
2023-11-10,16.53,16.69,16.46,16.61,13536109,237291588.0
2023-11-13,16.59,16.71,16.35,16.46,13181789,230421603.0
2023-11-14,16.51,16.82,16.47,16.68,16289183,287510956.0
2023-11-15,16.88,17.22,16.59,16.74,14003200,249181694.0
2023-11-16,16.68,16.81,16.52,16.53,9904278,174464627.0
2023-11-17,16.51,16.63,16.46,16.59,7367400,129076922.0
2023-11-20,16.58,16.69,16.15,16.17,19660767,340150573.0
2023-11-21,16.27,16.34,16.0,16.04,21243138,362152462.0
2023-11-22,16.0,16.17,15.92,15.92,11522920,195579401.0
2023-11-23,15.92,16.22,15.89,16.16,8058745,137454924.0
2023-11-24,16.11,16.18,15.83,15.9,11500269,194021944.0
2023-11-27,15.87,16.17,15.82,16.08,15540389,263644515.0
2023-11-28,16.05,16.35,15.97,16.17,10907542,186674459.0
2023-11-29,16.21,16.45,16.15,16.22,9897854,170628354.0
2023-11-30,16.21,16.21,15.92,16.17,9333302,159178266.0
2023-12-01,16.15,16.27,15.97,16.22,9773031,166857794.0
2023-12-04,16.19,16.31,15.92,15.94,9924893,168216387.0
2023-12-05,15.94,15.98,15.61,15.62,9536599,159220871.0
2023-12-06,15.58,15.77,15.54,15.65,7432438,123094558.0
2023-12-07,15.58,15.76,15.5,15.66,9192202,152094445.0
2023-12-08,15.66,16.1,15.65,15.94,11905001,201410870.0
2023-12-11,15.82,16.34,15.64,16.22,14296609,242284781.0
2023-12-12,16.22,16.34,16.13,16.29,11638004,200201816.0
2023-12-13,16.29,17.92,16.04,17.5,64265511,1168576235.0
2023-12-14,17.09,17.85,16.78,17.0,60516869,1103692116.0
2023-12-15,17.0,17.19,16.57,16.79,25660293,456172104.0
2023-12-18,16.68,16.97,16.55,16.82,22171560,395148961.0
2023-12-19,16.85,17.44,16.67,17.34,26519098,481811311.0
2023-12-20,17.33,17.33,16.85,16.86,15162685,272943596.0
2023-12-21,16.81,17.19,16.67,17.05,14372957,257943378.0
2023-12-22,17.06,17.16,16.72,16.88,10770035,192852633.0
2023-12-25,16.81,16.99,16.68,16.96,9864625,175603685.0
2023-12-26,16.86,16.86,16.37,16.53,11784681,206276429.0
2023-12-27,16.51,16.9,16.51,16.82,9518357,168817705.0
2023-12-28,16.88,17.02,16.73,16.99,14586587,261366913.0
2023-12-29,17.02,17.37,17.01,17.29,14898203,272475111.0
2024-01-02,17.31,17.33,16.81,16.89,15955503,287133991.0
2024-01-03,16.86,16.88,16.38,16.54,15566611,273244200.0
2024-01-04,16.49,16.51,16.15,16.29,15134029,260940079.0
2024-01-05,16.15,16.34,15.91,16.03,11543217,197064982.0
2024-01-08,15.95,16.0,15.58,15.62,12357809,205724679.0
2024-01-09,15.64,16.13,15.64,15.91,10684384,179788086.0
2024-01-10,15.85,15.93,15.52,15.58,12834155,213242266.0
2024-01-11,15.49,16.0,15.49,15.83,10474227,175838724.0
2024-01-12,15.75,15.82,15.46,15.51,11203111,184968968.0
2024-01-15,15.47,16.59,15.47,16.44,29142035,500612373.0
2024-01-16,16.52,16.55,16.03,16.31,12217787,210595096.0
2024-01-17,16.31,16.35,15.49,15.49,13390863,224082930.0
2024-01-18,15.43,15.74,14.98,15.65,16060856,260737357.0
2024-01-19,15.66,16.26,15.64,15.75,15450256,260226226.0
2024-01-22,15.86,15.93,15.12,15.25,15490951,254671603.0
2024-01-23,15.24,15.3,14.94,15.09,10980695,175525601.0
2024-01-24,15.11,15.25,14.55,14.95,13844430,217147504.0
2024-01-25,14.99,15.72,14.68,15.6,15712717,256680655.0
2024-01-26,15.49,15.59,14.43,14.74,34626506,538443643.0
2024-01-29,14.6,15.16,14.55,14.75,17459081,272556546.0
2024-01-30,14.43,14.44,13.82,13.91,33880816,505183763.0
2024-01-31,13.84,14.05,13.49,13.55,15705893,227720855.0
2024-02-01,13.41,13.97,13.23,13.83,18915007,274375950.0
2024-02-02,13.83,14.1,12.81,13.17,18150304,257329097.0
2024-02-05,13.22,13.29,12.37,12.98,24595902,335196402.0
2024-02-06,12.96,13.96,12.78,13.87,20697192,296576557.0
2024-02-07,13.92,14.26,13.61,13.87,22923971,338261917.0
2024-02-08,13.86,14.35,13.79,14.16,19213627,287514142.0
2024-02-19,14.45,14.84,14.09,14.81,23338124,359994528.0
2024-02-20,14.79,14.79,14.3,14.52,10973099,168541203.0
2024-02-21,14.3,14.86,14.26,14.7,12373642,192588871.0
2024-02-22,14.81,15.29,14.71,15.18,13523335,216518180.0
2024-02-23,15.32,15.51,15.11,15.38,13183937,214563159.0
2024-02-26,15.47,15.79,15.28,15.55,14973696,247155355.0
2024-02-27,15.53,16.16,15.46,16.15,14627956,246280029.0
2024-02-28,16.03,16.36,15.44,15.46,20176925,337473141.0
2024-02-29,15.73,16.3,15.66,16.19,19648859,334223237.0
2024-03-01,16.14,16.56,16.1,16.42,16395681,285067864.0
2024-03-04,16.43,16.74,16.32,16.41,19019010,332664609.0
2024-03-05,16.36,16.73,16.17,16.43,18651029,325196225.0
2024-03-06,16.37,16.51,16.1,16.35,12177591,210507502.0
2024-03-07,16.45,16.84,16.1,16.16,17353361,302489197.0
2024-03-08,16.27,17.08,16.21,16.9,23353515,413100111.0
2024-03-11,16.52,16.75,16.32,16.74,16055354,281121328.0
2024-03-12,16.68,16.91,16.32,16.61,16036410,282011041.0
2024-03-13,16.83,17.27,16.44,17.02,23200855,416987583.0
2024-03-14,17.09,17.09,16.34,16.45,23346913,408875074.0
2024-03-15,16.43,16.52,16.15,16.51,16402580,283822771.0
2024-03-18,16.54,17.56,16.54,17.42,37970753,693689098.0
2024-03-19,17.35,17.44,16.98,17.0,16663170,302687226.0
2024-03-20,17.13,17.98,17.13,17.91,46011362,859488100.0
2024-03-21,17.73,17.93,17.23,17.28,26481512,489754223.0
2024-03-22,17.27,17.45,17.0,17.18,15366493,280107716.0
2024-03-25,17.13,17.29,16.73,16.79,16860785,304435293.0
2024-03-26,16.9,17.09,16.52,16.77,13660770,242656127.0
2024-03-27,16.52,16.68,16.09,16.16,18597812,319926456.0
2024-03-28,16.16,16.77,16.09,16.56,12255327,214320848.0
2024-03-29,16.5,16.52,16.09,16.27,20530549,352634965.0
2024-04-01,16.34,16.87,15.87,16.67,21851302,382137137.0
2024-04-02,16.73,16.76,15.96,16.1,16886362,290543382.0
2024-04-03,16.11,16.26,15.88,15.94,13692582,232264019.0
2024-04-08,15.86,15.98,15.59,15.61,10339454,172211475.0
2024-04-09,15.63,15.73,15.3,15.59,12410842,203484647.0
2024-04-10,15.62,15.66,14.85,14.95,23831169,380014490.0
2024-04-11,14.88,15.16,14.71,14.82,19039587,300709201.0
2024-04-12,14.82,15.79,14.82,15.42,25975935,423924455.0
2024-04-15,15.34,15.49,15.09,15.36,17386091,281665923.0
2024-04-16,15.3,15.46,14.76,14.78,20557128,326446267.0
2024-04-17,14.92,15.49,14.92,15.48,21564572,349472895.0
2024-04-18,15.48,15.86,15.16,15.64,21891934,362161337.0
2024-04-19,15.61,15.72,15.18,15.43,18867476,307328095.0
2024-04-22,15.13,15.32,14.79,15.13,15961197,255448534.0
2024-04-23,15.16,15.37,14.78,14.87,14307848,226006528.0
2024-04-24,15.0,15.38,14.82,15.33,16472825,264266548.0
2024-04-25,15.31,15.75,15.18,15.41,14531817,238664260.0
2024-04-26,15.49,16.09,15.43,15.89,19050571,320107511.0
2024-04-29,16.93,17.48,16.9,17.48,60810093,1121305878.0
2024-04-30,17.75,18.51,17.56,18.37,75363646,1452584961.0
2024-05-06,18.71,18.84,18.16,18.5,42703354,834649586.0
2024-05-07,18.62,19.52,18.41,19.29,60125915,1222334992.0
2024-05-08,19.26,19.26,18.8,18.86,25602626,515614303.0
2024-05-09,18.94,19.11,18.7,18.9,26091986,522131702.0
2024-05-10,18.93,19.04,18.39,18.79,24496819,483957125.0
2024-05-13,18.88,19.54,18.7,19.09,27317025,554372085.0
2024-05-14,19.13,19.35,18.79,19.04,15763316,317280918.0
2024-05-15,19.07,19.51,18.95,19.05,21070281,429349982.0
2024-05-16,19.42,19.76,19.22,19.38,28417569,586908557.0
2024-05-17,19.2,19.45,18.98,19.43,15743732,321067645.0
2024-05-20,19.36,20.02,19.27,19.85,28894146,603368802.0
2024-05-21,20.22,20.35,19.53,19.68,27343927,573754583.0
2024-05-22,19.69,19.72,19.15,19.2,26687870,546179288.0
2024-05-23,19.29,19.73,19.09,19.27,28093658,575444892.0
2024-05-24,19.3,19.74,19.02,19.12,15060293,301593621.0
2024-05-27,19.2,19.5,18.93,19.46,17714999,353402075.0
2024-05-28,19.37,19.46,19.12,19.14,12222096,243545698.0
2024-05-29,19.21,19.41,19.08,19.37,13789131,275398331.0
2024-05-30,19.23,19.53,18.96,19.26,11083721,221315567.0
2024-05-31,19.32,19.62,19.06,19.1,14780943,295632326.0
2024-06-03,19.1,19.96,19.1,19.47,24885753,504262286.0
2024-06-04,19.41,19.7,19.18,19.59,16719217,336411554.0
2024-06-05,19.65,19.91,19.6,19.66,14554647,298165015.0
2024-06-06,19.85,20.44,19.32,19.37,31387740,644785658.0
2024-06-07,19.31,19.7,19.0,19.21,20110691,401474215.0
2024-06-11,19.0,19.7,18.96,19.46,17712033,356598360.0
2024-06-12,19.25,19.85,19.23,19.46,12512219,253332262.0
2024-06-13,19.64,19.96,19.39,19.61,20777594,423525188.0
2024-06-14,19.6,21.02,19.46,20.74,45236513,959243929.0
2024-06-17,20.83,21.18,20.41,20.68,36936936,793828204.0
2024-06-18,20.66,21.03,20.49,20.7,24279143,521332870.0
2024-06-19,20.86,20.9,19.6,19.74,40213991,829338324.0
2024-06-20,19.65,19.94,19.56,19.75,24353139,499209920.0
2024-06-21,19.53,19.87,19.11,19.79,27243997,553921505.0
2024-06-24,19.59,20.43,19.59,19.83,30682221,637426832.0
2024-06-25,19.85,19.93,18.96,19.19,29767797,595118723.0
2024-06-26,19.35,19.84,19.07,19.75,16245228,327199784.0
2024-06-27,19.65,20.18,19.5,19.62,21588244,442169643.0
2024-06-28,19.5,20.69,19.46,20.33,33317879,701786883.0
2024-07-01,20.13,20.28,18.76,19.45,36248931,725666605.0
2024-07-02,19.5,19.73,19.23,19.57,25629157,518290947.0
2024-07-03,19.61,19.95,19.42,19.53,13448854,273060107.0
2024-07-04,19.65,20.03,19.49,19.61,19592582,401214468.0
2024-07-05,19.5,19.59,18.75,19.34,25294578,499714392.0
2024-07-08,19.33,19.63,19.21,19.42,19082850,384036729.0
2024-07-09,19.42,20.2,19.15,20.13,30848876,633560758.0
2024-07-10,20.66,22.03,20.59,21.95,61767992,1375843013.0
2024-07-11,22.0,22.49,21.58,22.31,51799139,1185911965.0
2024-07-12,21.82,22.26,21.49,22.02,30240552,687759245.0
2024-07-15,22.02,22.16,21.51,21.89,22126635,499904207.0
2024-07-16,21.81,22.86,21.71,22.82,44521388,1037065713.0
2024-07-17,22.7,23.12,21.97,22.03,34637367,805432936.0
2024-07-18,21.63,21.91,20.88,21.66,30718792,681432903.0
2024-07-19,21.6,21.9,21.39,21.48,16156174,361590887.0
2024-07-22,21.68,21.72,21.25,21.47,19260644,427842476.0
2024-07-23,21.48,21.54,20.95,20.95,18041144,394423556.0
2024-07-24,20.85,21.29,20.62,20.73,19714955,426188193.0
2024-07-25,20.46,20.51,19.74,20.03,25370926,525776005.0
2024-07-26,19.92,20.24,19.68,19.88,23650701,487537325.0
2024-07-29,20.1,20.26,19.51,19.54,19632173,401331042.0
2024-07-30,19.53,19.53,18.59,18.62,30026456,587753738.0
2024-07-31,18.61,19.2,18.01,18.88,40780735,787989044.0
2024-08-01,19.02,19.1,18.47,18.9,30295653,591147271.0
2024-08-02,18.54,18.82,18.17,18.22,24872349,474300861.0
2024-08-05,17.97,18.21,17.46,17.48,24788973,456207666.0
2024-08-06,17.66,17.98,17.47,17.77,21677340,396657275.0
2024-08-07,17.65,18.0,17.55,17.78,12798560,236441274.0
2024-08-08,17.56,17.76,17.33,17.61,12845719,233598329.0
2024-08-09,17.77,18.28,17.73,18.01,18107601,337904244.0
2024-08-12,17.86,18.13,17.68,17.79,14600459,270019549.0
2024-08-13,17.79,18.25,17.77,18.17,14063736,262436801.0
2024-08-14,18.25,18.33,17.91,18.06,14922440,279721622.0
2024-08-15,18.02,18.17,17.74,17.86,15304189,284356010.0
2024-08-16,17.99,18.22,17.78,17.81,16234684,302802389.0
2024-08-19,17.82,18.05,17.67,17.75,12667016,233777204.0
2024-08-20,17.83,17.9,17.46,17.55,11195481,204135756.0
2024-08-21,17.52,18.06,17.48,17.85,16599549,306925511.0
2024-08-22,17.72,17.79,17.19,17.36,20563132,371747785.0
2024-08-23,17.31,17.57,17.17,17.51,14529115,261357081.0
2024-08-26,17.57,17.61,17.24,17.44,8775559,158480318.0
2024-08-27,17.39,17.42,16.98,17.08,12930169,229344636.0
2024-08-28,17.42,17.7,17.02,17.09,18723788,335219391.0
2024-08-29,16.9,16.97,16.3,16.79,26429844,456739939.0
2024-08-30,16.92,17.48,16.79,17.02,30737956,547228177.0
2024-09-02,17.09,17.41,16.66,16.75,21854360,383373126.0
2024-09-03,16.7,17.11,16.7,17.01,21287040,373449803.0
2024-09-04,16.66,16.94,16.38,16.82,15417903,266052664.0
2024-09-05,16.86,17.56,16.7,17.22,24028538,429033311.0
2024-09-06,17.19,17.28,16.67,16.71,13859550,242218012.0
2024-09-09,16.59,16.83,16.36,16.51,14333844,245009538.0
2024-09-10,16.51,16.9,16.37,16.81,18366917,317793715.0
2024-09-11,16.78,16.92,16.49,16.59,10326320,178004528.0
2024-09-12,16.89,17.0,16.34,16.34,14688932,251929253.0
2024-09-13,16.35,16.88,16.28,16.49,13962471,240487498.0
2024-09-18,16.41,16.48,16.07,16.17,12480419,209582175.0
2024-09-19,16.32,16.38,15.92,16.07,20150295,336086008.0
2024-09-20,16.03,16.38,15.9,16.3,23863798,398899381.0
2024-09-23,16.22,16.62,16.04,16.15,16240191,274466303.0
2024-09-24,16.11,17.06,16.11,16.95,27212056,470869353.0
2024-09-25,17.09,17.54,16.89,16.94,36173134,645193017.0
2024-09-26,16.89,17.45,16.66,17.45,33813865,595406775.0
2024-09-27,17.67,18.54,17.65,18.53,20446414,384194025.0
2024-09-30,19.31,20.23,18.9,20.12,52717485,1073032893.0
2024-10-08,22.13,22.13,20.28,21.58,75527248,1659341006.0
2024-10-09,20.76,20.98,19.58,19.68,55427501,1168801637.0
2024-10-10,19.78,20.27,19.16,19.38,40041965,813440439.0
2024-10-11,19.41,19.41,18.2,18.49,33356080,641760131.0
2024-10-14,18.36,19.0,18.04,18.98,30751954,592060648.0
2024-10-15,18.91,19.12,18.44,18.49,36988688,721891441.0
2024-10-16,18.22,18.44,17.89,18.07,26509797,497182625.0
2024-10-17,18.25,18.46,17.98,18.05,21705751,409389616.0
2024-10-18,17.93,19.23,17.93,18.84,49750065,960064450.0
2024-10-21,19.15,19.59,18.6,19.11,57176390,1130336193.0
2024-10-22,19.27,19.38,18.74,19.17,31905571,629873513.0
2024-10-23,19.16,19.77,18.91,19.3,41220965,829036010.0
2024-10-24,19.13,19.47,19.02,19.15,24558673,487764419.0
2024-10-25,19.21,19.42,19.02,19.28,26473071,526694387.0
2024-10-28,19.29,19.3,18.62,19.04,32149003,630305656.0
2024-10-29,19.21,20.1,19.04,19.66,66426199,1353180658.0
2024-10-30,19.72,19.89,19.17,19.46,39943313,807064718.0
2024-10-31,19.39,20.01,19.06,19.85,44239919,900208994.0
2024-11-01,19.68,20.75,19.59,20.51,75556004,1595047507.0
2024-11-04,20.46,21.22,20.3,20.57,51985115,1113420213.0
2024-11-05,20.57,22.06,20.4,21.85,68489459,1531093827.0
2024-11-06,21.93,22.09,20.95,21.14,48625611,1078106289.0
2024-11-07,21.14,21.8,21.0,21.43,38052172,842712317.0
2024-11-08,21.44,22.01,21.3,21.36,31969846,715275991.0
2024-11-11,21.26,22.02,21.18,21.88,42011795,944415807.0
2024-11-12,21.88,21.9,21.29,21.51,33073211,737850673.0
2024-11-13,21.23,21.74,20.94,21.41,31925568,703017705.0
2024-11-14,21.12,21.31,20.46,20.57,23798012,513431169.0
2024-11-15,20.55,20.84,20.14,20.18,21666440,460070349.0
2024-11-18,20.26,20.59,19.76,20.0,20544847,428570550.0
2024-11-19,20.01,20.27,19.74,20.17,13912722,288525299.0
2024-11-20,20.17,20.58,19.98,20.48,20961319,442857460.0
2024-11-21,20.48,20.8,20.3,20.55,17440811,372135619.0
2024-11-22,20.52,20.74,19.97,20.01,18111653,381951705.0
2024-11-25,20.01,20.1,19.48,19.7,24283152,495511224.0
2024-11-26,19.65,20.08,19.65,19.86,16471859,339501111.0
2024-11-27,19.8,20.41,19.49,20.4,19409162,402852951.0
2024-11-28,20.37,20.52,20.16,20.33,13489477,283669328.0
2024-11-29,20.29,20.63,20.16,20.33,23006389,485425339.0
2024-12-02,20.34,20.81,20.29,20.53,20676624,440934327.0
2024-12-03,20.54,20.94,20.35,20.51,16680721,356154317.0
2024-12-04,20.57,20.7,20.28,20.47,15010286,317795470.0
2024-12-05,20.45,20.66,20.35,20.39,12634959,268082249.0
2024-12-06,21.09,22.19,21.09,21.98,65268278,1469522396.0
2024-12-09,21.7,22.09,21.18,21.41,28277537,630385184.0
2024-12-10,21.87,22.26,21.05,22.03,46170630,1045402514.0
2024-12-11,21.92,22.15,21.59,21.8,23602430,532655779.0
2024-12-12,21.81,22.26,21.67,21.96,21489997,489455202.0
2024-12-13,21.8,22.26,21.48,21.52,18705870,422063994.0
2024-12-16,21.63,22.98,21.55,22.79,55148252,1291511581.0
2024-12-17,22.83,24.09,22.59,23.68,62429665,1528048987.0
2024-12-18,23.8,24.04,23.06,23.61,32170723,785207429.0
2024-12-19,23.26,23.96,23.18,23.84,26738295,654090802.0
2024-12-20,23.68,24.29,23.46,23.89,29327046,726625246.0
2024-12-23,23.77,24.23,23.22,23.27,25102833,611002511.0
2024-12-24,23.38,23.45,22.88,23.33,21889549,524565671.0
2024-12-25,23.27,23.71,23.23,23.52,17577591,428133273.0
2024-12-26,23.42,25.07,23.08,24.93,39299778,993904481.0
2024-12-27,24.81,25.07,24.38,24.52,25250500,645767933.0
2024-12-30,24.34,24.7,24.09,24.25,25983039,653875175.0
2024-12-31,24.31,24.35,22.98,23.22,37215880,900069306.0
2025-01-02,23.16,23.54,22.47,22.66,30234008,718639702.0
2025-01-03,22.69,22.93,21.87,22.03,25586676,593071691.0
2025-01-06,21.99,22.28,21.66,21.87,20110842,455542616.0
2025-01-07,21.91,22.96,21.82,22.83,30888893,723261946.0
2025-01-08,22.69,23.64,22.5,23.43,26905245,645308007.0
2025-01-09,23.87,25.78,23.83,25.28,84148464,2217756202.0
2025-01-10,25.14,25.14,24.32,24.55,53171028,1359052857.0
2025-01-13,24.16,24.81,23.66,23.81,27821498,696926106.0
2025-01-14,23.81,24.68,23.51,24.57,29338226,737288066.0
2025-01-15,24.35,24.57,23.89,24.09,22397365,560679904.0
2025-01-16,24.32,24.5,23.83,24.09,23537036,587582103.0
2025-01-17,23.76,26.5,23.75,26.5,75717571,2032797026.0
2025-01-20,27.38,28.86,27.19,28.06,85170773,2469503020.0
2025-01-21,28.15,28.46,27.83,28.27,54499313,1589166864.0
2025-01-22,28.75,30.1,28.09,29.74,73823277,2229706819.0
2025-01-23,30.34,30.57,28.44,28.93,59316423,1789814266.0
2025-01-24,28.86,30.24,28.46,29.56,62820786,1911216564.0
2025-01-27,28.97,29.45,28.08,28.79,44457602,1325501318.0
2025-02-05,28.12,28.22,25.91,25.91,61280855,1668252905.0
2025-02-06,26.44,27.01,25.81,26.75,62339612,1707537864.0
2025-02-07,26.84,28.29,26.83,27.86,46213417,1330320469.0
2025-02-10,27.64,28.13,27.18,27.85,31344105,900380049.0
2025-02-11,27.95,28.48,27.69,28.05,28993173,844152172.0
2025-02-12,28.02,29.13,27.8,29.03,25583285,762493304.0
2025-02-13,28.97,29.52,28.4,28.59,27099000,811146240.0
2025-02-14,28.59,29.06,28.33,28.56,17735945,526177718.0
2025-02-17,28.32,31.34,28.29,31.11,39602462,1247963413.0
2025-02-18,31.47,33.41,31.23,32.55,52872713,1787868092.0
2025-02-19,31.86,32.91,31.86,32.66,30851481,1033921108.0
2025-02-20,32.68,33.21,31.93,32.56,24276290,817203854.0
2025-02-21,32.15,34.16,32.14,33.08,31036572,1078413427.0
2025-02-24,32.66,32.8,30.85,31.34,62551984,2045593213.0
2025-02-25,30.38,30.9,29.97,30.15,49350757,1547801039.0
2025-02-26,30.42,31.3,30.13,30.37,42828868,1357105419.0
2025-02-27,30.67,31.18,29.73,30.03,37344248,1172078329.0
2025-02-28,29.43,29.7,27.61,27.78,65085908,1910334047.0
2025-03-03,27.68,27.81,26.64,26.95,48010443,1348604665.0
2025-03-04,25.93,27.29,25.7,27.07,46357610,1273502704.0
2025-03-05,27.25,28.43,27.23,27.88,32051604,928627964.0
2025-03-06,28.09,28.29,27.59,27.86,34153091,987307288.0
2025-03-07,27.58,28.17,27.4,27.71,32962054,948579702.0
2025-03-10,27.65,28.72,27.57,28.54,38432086,1128313102.0
2025-03-11,28.29,29.14,28.0,28.36,37908482,1121426620.0
2025-03-12,28.38,29.0,27.55,28.39,34916056,1023465882.0
2025-03-13,28.46,28.87,27.88,27.93,23653806,692417765.0
2025-03-14,28.05,30.39,28.0,30.05,58452498,1776910053.0
2025-03-17,30.06,30.22,28.82,29.43,35920573,1091530214.0
2025-03-18,29.47,30.88,28.98,30.3,51504735,1597811060.0
2025-03-19,29.55,29.55,27.27,27.27,88192570,2519738398.0
2025-03-20,27.05,27.79,26.86,27.27,36105185,1022273816.0
2025-03-21,27.09,27.81,27.0,27.78,38948002,1110479293.0
2025-03-24,27.52,28.37,27.48,28.0,27641658,799774529.0
2025-03-25,28.12,28.21,26.53,26.63,34079895,959648933.0
2025-03-26,26.76,27.37,26.53,26.57,26522651,736040674.0
2025-03-27,26.26,27.08,26.06,26.73,27067968,745799585.0
2025-03-28,26.51,26.99,26.51,26.79,14979837,415186923.0
2025-03-31,26.79,26.88,26.07,26.27,24882400,679570713.0
2025-04-01,26.55,27.36,26.39,26.79,24757572,688657263.0
2025-04-02,26.76,27.19,26.56,26.76,15804048,439182758.0
2025-04-03,25.95,26.32,25.04,25.35,37514404,989070423.0
2025-04-07,22.82,23.22,22.82,22.82,14546200,344689862.0
2025-04-08,23.17,23.17,20.54,20.97,77029711,1683716071.0
2025-04-09,20.28,21.63,20.08,21.11,51701131,1117766877.0
2025-04-10,22.69,23.22,22.01,22.3,66030571,1550839060.0
2025-04-11,22.28,22.87,21.92,22.53,37834093,879285155.0
2025-04-14,23.15,23.26,22.12,22.29,34144001,797556995.0
2025-04-15,22.31,22.35,21.97,22.07,18306398,419350732.0
2025-04-16,21.78,21.99,20.81,21.14,39688021,871707085.0
2025-04-17,21.05,21.75,20.93,21.62,25395366,566022210.0
2025-04-18,21.72,22.2,21.71,22.11,17841089,406528873.0
2025-04-21,22.25,22.69,21.77,22.55,20470650,476410583.0
2025-04-22,22.59,22.83,22.23,22.48,17390268,405926200.0
2025-04-23,22.97,23.3,22.7,22.98,27721657,661707780.0
2025-04-24,22.97,23.11,22.52,22.57,11335720,266977110.0
2025-04-25,22.64,23.62,22.59,22.94,26976071,647468948.0
2025-04-28,22.81,23.29,22.79,23.13,16433484,393116253.0
2025-04-29,23.42,23.95,23.14,23.28,24800528,604592645.0
2025-04-30,23.42,23.49,23.06,23.45,18519267,447415990.0
2025-05-06,23.72,24.57,23.69,24.56,31083904,783058719.0
2025-05-07,24.88,24.97,24.22,24.34,25122619,639481351.0
2025-05-08,24.4,25.44,24.35,25.25,34487606,899113976.0
2025-05-09,25.18,25.2,24.31,24.46,21693231,552159476.0
2025-05-12,24.99,25.34,24.78,25.18,23253825,602812345.0
2025-05-13,25.58,26.31,25.24,25.3,37280874,994732367.0
2025-05-14,26.07,27.82,26.07,26.82,58524295,1639653456.0
2025-05-15,26.69,27.43,26.17,26.85,39553013,1102099513.0
2025-05-16,26.33,27.03,26.18,26.38,24932893,683513873.0
2025-05-19,26.38,26.39,25.61,25.95,19633632,527928948.0
2025-05-20,25.98,26.44,25.73,25.98,16364600,443123531.0
2025-05-21,25.84,26.25,25.63,26.19,16426939,441797919.0
2025-05-22,26.07,26.43,25.91,26.18,11875334,322293029.0
2025-05-23,26.1,26.18,25.53,25.71,15557500,406824201.0
2025-05-26,25.96,26.26,25.57,26.0,13063629,341341768.0
2025-05-27,25.89,25.92,24.77,25.17,23145241,589167137.0
2025-05-28,25.34,25.7,25.14,25.42,14636041,376923893.0
2025-05-29,25.87,26.89,25.87,26.4,27918841,751400194.0
2025-05-30,26.03,26.19,25.68,25.87,16275628,427201573.0
2025-06-03,25.87,26.03,25.48,25.5,14716185,383356886.0
2025-06-04,25.67,27.0,25.67,26.96,29523823,799267504.0
2025-06-05,26.82,28.49,26.62,28.02,40129895,1124686143.0
2025-06-06,27.92,28.14,27.55,27.89,19314243,545761011.0
2025-06-09,27.84,28.04,27.31,27.4,21458260,598756948.0
2025-06-10,27.25,27.25,26.56,26.81,19689030,535989738.0
2025-06-11,26.8,28.42,26.8,27.72,31613924,891131781.0
2025-06-12,27.67,28.12,27.6,27.79,20887671,590157534.0
2025-06-13,27.69,28.34,27.53,27.65,19360452,546136840.0
2025-06-16,27.64,28.83,27.64,28.24,28544896,822876126.0
2025-06-17,28.44,28.44,27.54,27.68,17807549,502921587.0
2025-06-18,27.66,29.91,27.65,29.37,57013180,1682190510.0
2025-06-19,29.42,29.67,28.66,28.81,27108197,799289018.0
2025-06-20,28.85,29.02,28.2,28.54,23378353,677600202.0
2025-06-23,28.32,29.13,27.95,28.41,27669427,796573404.0
2025-06-24,28.62,28.92,28.07,28.52,26971778,774197818.0
2025-06-25,28.67,29.09,28.47,28.99,24016681,699981684.0
2025-06-26,29.29,29.92,29.04,29.13,27833881,831796292.0
2025-06-27,29.11,29.91,29.03,29.77,24218109,727181672.0
2025-06-30,29.92,29.98,29.33,29.77,24491935,735537220.0
2025-07-01,29.62,30.15,29.3,30.12,23555624,708630079.0
2025-07-02,29.77,29.77,27.99,28.62,43551555,1262293889.0
2025-07-03,28.32,29.57,28.31,29.49,31244592,922789894.0
2025-07-04,29.21,31.1,29.21,30.61,52028650,1603825852.0
2025-07-07,30.36,31.47,29.77,29.87,33787480,1037664043.0
2025-07-08,29.8,31.91,29.79,31.65,41750288,1325342793.0
2025-07-09,32.58,33.05,32.01,32.42,44052566,1451355515.0
2025-07-10,32.96,33.97,32.2,33.72,50827810,1705560215.0
2025-07-11,33.37,33.47,32.05,32.12,39846806,1311579265.0
2025-07-14,32.04,32.69,31.94,32.49,28679037,938110607.0
2025-07-15,34.11,35.44,33.88,35.25,66461617,2350371005.0
2025-07-16,35.24,35.4,34.14,34.46,36245111,1269414031.0
2025-07-17,34.21,37.17,34.17,36.99,57781395,2113436423.0
2025-07-18,37.13,37.32,35.56,36.04,40420669,1489641170.0
2025-07-21,36.05,38.5,35.76,37.93,58261091,2187416758.0
2025-07-22,37.53,39.47,37.52,37.97,51133893,1987424817.0
2025-07-23,37.96,37.96,36.76,37.67,29929029,1127905153.0
2025-07-24,38.07,39.0,37.48,38.36,37116744,1443171705.0
2025-07-25,38.01,38.46,37.03,37.57,22968893,873848884.0
2025-07-28,37.82,41.07,37.66,40.77,42604681,1715664104.0
2025-07-29,40.48,41.67,39.95,41.45,41943100,1733838589.0
2025-07-30,41.42,41.59,40.15,40.83,31868741,1315969649.0
2025-07-31,41.45,43.08,41.45,42.38,45227497,1944263916.0
2025-08-01,41.42,42.11,39.44,40.48,48145706,1971315097.0
2025-08-04,39.5,40.76,38.92,40.59,40215463,1632134031.0
2025-08-05,41.37,41.43,39.68,39.94,41381305,1686660486.0
2025-08-06,39.79,41.27,39.48,39.81,42021749,1705937141.0
2025-08-07,39.76,40.43,38.57,39.23,35299230,1402090940.0
2025-08-08,39.18,39.81,38.74,39.32,27955391,1113827303.0
2025-08-11,39.43,40.21,39.31,39.57,33062788,1331965253.0
2025-08-12,39.38,40.24,39.32,39.69,31856461,1280318794.0
2025-08-13,39.77,42.33,39.61,42.08,67477179,2818096790.0
2025-08-14,41.17,41.2,39.78,40.24,49007885,2007858401.0
2025-08-15,39.99,44.26,39.89,44.26,76578149,3314977631.0
2025-08-18,45.07,45.45,43.69,44.13,80591311,3645198323.0
2025-08-19,44.13,45.52,43.34,44.09,44901124,2009974277.0
2025-08-20,43.06,44.07,41.23,43.86,43544729,1895819850.0
2025-08-21,44.37,44.63,42.78,43.89,37492046,1663380986.0
2025-08-22,43.19,47.83,43.19,47.01,55736283,2620251042.0
2025-08-25,47.39,49.39,46.77,49.24,54376711,2650406222.0
2025-08-26,48.88,49.86,47.39,47.8,42053144,2058701974.0
2025-08-27,47.75,50.01,47.28,47.72,44847875,2212927846.0
2025-08-28,47.79,52.11,47.01,51.84,52017158,2604325482.0
2025-08-29,51.5,53.18,50.33,52.58,37485802,1959156860.0
2025-09-01,51.82,54.26,51.64,54.18,42022429,2252902096.0
2025-09-02,53.64,54.37,48.76,48.88,60759820,3132275860.0
2025-09-03,49.08,50.93,48.04,50.35,37729814,1889066638.0
2025-09-04,50.37,52.11,45.31,45.78,71991107,3444200258.0
2025-09-05,45.78,48.39,44.98,47.92,56982158,2693037479.0
2025-09-08,47.92,49.27,44.98,45.96,59454333,2785158288.0
2025-09-09,45.22,46.46,44.54,45.3,36551995,1681369034.0
2025-09-10,46.9,48.81,45.95,47.36,61808778,2967504098.0
2025-09-11,48.58,52.1,48.58,52.1,56974668,2941950766.0
2025-09-12,51.72,53.58,51.25,52.47,73359137,3874557581.0
2025-09-15,50.85,54.21,50.43,53.08,50630565,2701264648.0
2025-09-16,53.05,55.49,52.78,53.55,48471772,2652818060.0
2025-09-17,53.13,54.19,51.34,52.82,38917081,2072433374.0
2025-09-18,52.87,57.28,52.41,55.68,68554227,3801654914.0
2025-09-19,56.48,56.95,54.7,55.29,40139645,2266924284.0
2025-09-22,55.67,59.19,54.53,58.75,52831420,3085644920.0
2025-09-23,61.53,61.89,55.69,57.89,59555871,3525682945.0
2025-09-24,55.69,57.27,54.29,55.59,49404832,2765242595.0
2025-09-25,54.98,57.86,54.5,56.01,46672251,2647048404.0
2025-09-26,56.0,56.37,52.69,52.71,43039716,2333390881.0
2025-09-29,52.22,54.53,52.22,54.53,33994767,1836797136.0
2025-09-30,54.69,55.14,53.01,53.72,33628941,1817688626.0
2025-10-09,54.2,56.71,54.0,55.25,44501361,2493068275.0
2025-10-10,55.49,58.57,54.35,56.01,58768580,3353960924.0
2025-10-13,52.89,59.85,52.89,57.32,54594475,3133768690.0
2025-10-14,59.47,61.38,55.51,56.11,60079775,3496756519.0
2025-10-15,55.29,61.72,54.51,61.72,57754703,3402201418.0
2025-10-16,61.16,62.24,59.83,59.98,45654118,2786323200.0
2025-10-17,59.67,59.87,53.99,53.99,55660887,3095167844.0
2025-10-20,54.69,56.68,53.74,54.42,44144232,2448230192.0
2025-10-21,54.42,59.38,53.81,58.69,50193872,2881440295.0
2025-10-22,56.7,60.32,56.7,58.22,37400779,2212559595.0
2025-10-23,57.63,58.65,54.77,55.39,31220267,1753384677.0
2025-10-24,58.57,59.04,54.41,58.17,60249935,3457852297.0
2025-10-27,59.28,63.99,58.75,63.99,72686258,4544571574.0
2025-10-28,63.69,69.34,63.64,67.02,73538891,4908332140.0
2025-10-29,68.83,71.06,67.52,68.93,59792270,4154164665.0
2025-10-30,68.96,71.59,66.63,69.11,56907206,3961205800.0
2025-10-31,69.51,70.11,63.45,63.94,60475705,3969174098.0
2025-11-03,62.99,63.91,61.16,63.33,49331551,3100463023.0
2025-11-04,61.38,65.09,61.38,62.73,50331521,3215755867.0
2025-11-05,60.57,63.5,59.79,62.93,34552058,2137163683.0
2025-11-06,63.82,64.4,61.43,64.04,43451158,2760908839.0
2025-11-07,63.25,63.5,60.83,62.2,32651912,2042842942.0
2025-11-10,62.2,63.2,57.18,59.66,68618036,4097488419.0
2025-11-11,60.52,60.54,57.73,58.32,37674298,2225890197.0
2025-11-12,57.2,58.54,56.56,57.54,41193284,2375341525.0
2025-11-13,57.68,58.84,56.56,58.06,31032935,1802667602.0
2025-11-14,56.56,57.48,55.88,56.5,25595978,1461201663.0
2025-11-17,56.96,58.42,55.76,56.38,29549802,1688779419.0
2025-11-18,55.89,57.66,55.31,55.94,29798101,1686152262.0
2025-11-19,55.71,56.33,54.78,55.49,23113046,1293306197.0
2025-11-20,57.67,57.88,55.41,55.64,31629906,1785814712.0
2025-11-21,53.89,54.89,52.72,52.81,30642867,1650297910.0
2025-11-24,52.97,53.94,51.41,52.38,31446500,1659873649.0
2025-11-25,52.98,56.78,52.98,55.03,47711062,2656066256.0
2025-11-26,54.1,57.88,53.87,56.88,50160233,2859530664.0
2025-11-27,57.18,61.16,56.98,57.53,50311172,2999207155.0
2025-11-28,57.07,58.57,56.68,57.36,26416215,1528986013.0
2025-12-01,57.42,59.05,55.54,58.46,36773527,2136853093.0
2025-12-02,58.47,59.92,57.61,58.44,29932135,1766208898.0
2025-12-03,58.57,59.82,57.34,57.6,26085855,1533440491.0
2025-12-04,57.24,57.99,55.33,56.88,32636810,1856563473.0
2025-12-05,56.78,57.52,55.09,56.94,26625045,1510553465.0
2025-12-08,56.73,60.42,56.66,59.12,45091410,2675176446.0
2025-12-09,59.45,64.65,59.16,63.52,59770032,3753244157.0
2025-12-10,62.83,63.15,59.39,61.56,39548109,2418433109.0
2025-12-11,61.57,63.46,60.49,61.57,35710524,2229719932.0
2025-12-12,60.97,61.27,58.03,60.66,40155171,2412501769.0
2025-12-15,58.84,60.66,58.57,58.79,23906840,1425818046.0
2025-12-16,58.55,62.53,58.3,61.17,53627939,3286101293.0
2025-12-17,61.17,64.64,60.56,64.63,48670132,3080999220.0
2025-12-18,62.95,63.35,60.81,60.86,36675734,2273991701.0
2025-12-19,61.72,61.89,59.28,60.09,27294849,1653437500.0
2025-12-22,60.66,65.69,60.65,65.21,51016638,3268857490.0
2025-12-23,65.22,66.8,64.73,65.63,35784877,2360381369.0
2025-12-24,66.36,72.2,64.52,72.2,51827540,3598557573.0
2025-12-25,72.59,72.59,68.6,70.29,52615947,3711218332.0
2025-12-26,70.29,74.38,68.8,74.09,56182737,4045242371.0
2025-12-29,74.15,74.98,70.78,72.79,48966572,3568117199.0
2025-12-30,72.04,72.99,70.2,70.37,39213060,2807715701.0
2025-12-31,71.19,72.98,69.84,71.01,30841789,2210076754.0
2026-01-05,73.09,73.45,70.56,72.84,43950266,3180764106.0
2026-01-06,72.3,74.17,70.64,71.65,41165858,2978681985.0
2026-01-07,70.62,74.06,69.03,72.0,45782415,3293527238.0
2026-01-08,71.9,75.38,70.11,71.04,42676820,3115706682.0
2026-01-09,69.61,71.01,67.54,70.23,43021249,3002134530.0
2026-01-12,69.01,69.13,66.53,67.69,55908873,3791689635.0
2026-01-13,67.58,68.75,64.83,65.63,48839737,3259842896.0
2026-01-14,66.19,67.54,65.29,66.47,40115789,2676748793.0
2026-01-15,65.65,68.16,65.51,67.96,39336145,2666469642.0
2026-01-16,68.63,70.45,67.35,68.59,44180072,3052778200.0
2026-01-19,67.29,70.56,66.41,69.61,41014985,2835526825.0
2026-01-20,69.61,69.71,66.65,67.62,38879091,2653857318.0
2026-01-21,67.12,69.9,66.8,68.85,41985034,2912018490.0
2026-01-22,71.72,74.09,70.68,73.69,67419418,4920995482.0
2026-01-23,74.68,74.68,69.91,70.35,50845597,3636879721.0
2026-01-26,70.31,71.33,69.62,70.09,35603565,2519969081.0
2026-01-27,69.86,73.39,68.19,72.39,46011976,3304279241.0
2026-01-28,72.87,75.32,72.36,74.11,48603588,3610445415.0
2026-01-29,73.7,74.51,68.55,69.01,50927402,3625169385.0
2026-01-30,66.26,70.06,65.05,68.57,48396640,3293420381.0
2026-02-02,67.88,69.31,66.23,66.49,31072893,2114154248.0
2026-02-03,67.29,67.46,63.03,65.49,48163961,3145879247.0
2026-02-04,64.16,64.73,62.15,64.0,35442162,2256788007.0
2026-02-05,63.25,63.93,62.71,63.13,21371192,1360020667.0
2026-02-06,62.41,64.85,60.76,62.69,40191958,2544162808.0
2026-02-09,64.14,65.38,63.68,64.53,37700653,2442802405.0
2026-02-10,64.62,66.51,64.14,65.19,35006223,2306853298.0
2026-02-11,65.64,69.61,65.64,66.85,54974279,3760312401.0
2026-02-12,66.86,66.86,64.15,65.45,38136977,2502383171.0
2026-02-13,64.65,65.45,63.73,63.89,31544438,2041906010.0
2026-02-24,65.19,68.0,64.75,67.25,47033699,3174232789.0
2026-02-25,67.52,69.29,66.68,68.82,43025664,2946785431.0
2026-02-26,68.92,74.09,67.45,72.59,74763885,5394077870.0
2026-02-27,70.11,71.6,68.52,68.73,50440049,3522573213.0
2026-03-02,66.65,68.8,66.65,68.07,38632791,2641410293.0
2026-03-03,71.0,72.2,67.12,67.26,65659218,4605533887.0
2026-03-04,66.26,67.78,64.74,65.5,43200766,2867830051.0
2026-03-05,66.98,68.85,64.82,65.61,50686208,3402223631.0
2026-03-06,65.14,65.62,62.93,63.64,39454659,2541391916.0
2026-03-09,61.04,61.38,57.75,60.58,56177166,3349337782.0
2026-03-10,62.05,64.13,62.01,64.05,54101852,3434255044.0
2026-03-11,64.64,65.45,62.8,63.15,40965270,2634908904.0
2026-03-12,62.71,65.49,61.44,62.41,38460714,2440487050.0
2026-03-13,61.45,64.32,61.43,63.09,44342091,2804699593.0
2026-03-16,63.4,64.55,61.39,64.03,46763473,2956824397.0
2026-03-17,65.53,66.0,61.46,61.54,48135677,3071697377.0
2026-03-18,61.88,63.92,61.38,63.15,44108275,2772130732.0
2026-03-19,61.66,62.01,59.96,60.26,41592929,2545899849.0
2026-03-20,60.66,62.85,59.87,59.89,52757644,3258229455.0
2026-03-23,58.08,58.49,55.08,55.54,61381712,3480312619.0
2026-03-24,56.48,56.67,54.75,56.56,40795888,2289068266.0
2026-03-25,57.33,58.47,56.68,57.48,41720813,2419939681.0
2026-03-26,57.56,57.67,54.89,55.1,47562699,2680013220.0
2026-03-27,54.36,55.35,53.28,54.45,37363936,2040239610.0
2026-03-30,53.15,55.02,52.72,54.79,30947391,1685026105.0
2026-03-31,54.3,55.29,53.11,53.87,32352426,1760454616.0
2026-04-01,55.24,55.67,54.25,54.79,33170513,1827210494.0
2026-04-02,53.84,54.19,50.92,51.34,62601269,3281527282.0
2026-04-03,51.75,53.0,51.74,52.21,39417947,2080292002.0
2026-04-07,53.06,55.68,52.71,54.89,59448886,3267299117.0
2026-04-08,56.68,58.78,56.37,58.65,68697521,3980400742.0
2026-04-09,57.49,59.42,57.21,58.87,41917307,2478621390.0
2026-04-10,59.81,61.91,58.87,60.87,60288992,3681008505.0
2026-04-13,60.02,64.14,59.95,63.12,66870128,4202613832.0
2026-04-14,64.14,67.28,62.93,66.45,79965981,5305592508.0
2026-04-15,68.12,70.61,66.17,66.53,93083026,6373923110.0
2026-04-16,66.95,67.76,65.64,67.18,53024975,3563637405.0
2026-04-17,66.68,69.98,66.33,68.87,56873953,3920315679.0
2026-04-20,68.9,71.09,68.36,69.41,56412671,3954820974.0
2026-04-21,69.12,73.59,68.69,72.15,73539065,5327137233.0
2026-04-22,72.14,76.02,71.6,75.58,67866718,5039233897.0
2026-04-23,75.59,78.06,73.1,74.53,72571409,5491857215.0
2026-04-24,73.79,75.28,71.15,72.23,57444807,4199342894.0
2026-04-27,73.59,77.2,73.59,76.24,55787247,4246757302.0
2026-04-28,76.91,77.67,73.68,76.19,62563826,4759135839.0
2026-04-29,76.23,80.42,75.56,77.57,73641023,5810891333.0
2026-04-30,78.56,80.0,75.9,76.08,46891324,3635144425.0
2026-05-06,78.36,82.31,78.36,80.36,60316719,4912337177.0
2026-05-07,81.96,82.54,79.56,81.54,45102107,3697259651.0
2026-05-08,80.08,83.68,79.65,81.54,38032234,3125385040.0
2026-05-11,82.16,83.81,80.55,83.2,48048727,3976842536.0
2026-05-12,83.23,85.85,82.04,85.14,50873633,4297226320.0
2026-05-13,84.55,93.66,84.55,93.66,71590997,6577327288.0
2026-05-14,97.56,99.94,92.58,92.8,93458994,8976456937.0
2026-05-15,92.86,93.32,87.16,89.45,59825100,5401573089.0
2026-05-18,89.73,98.4,89.73,98.4,75325987,7271190188.0
2026-05-19,97.31,101.3,93.5,100.22,81149019,7982985603.0
2026-05-20,98.96,101.8,97.43,100.0,52046429,5182057884.0
2026-05-21,101.58,106.9,97.12,97.64,72670693,7444835944.0
2026-05-22,101.53,107.41,101.43,107.41,66889947,7105588845.0
2026-05-25,113.37,117.16,109.74,115.87,79441086,9102370340.0
2026-05-26,115.04,127.46,114.96,127.46,78178524,9618405872.0
2026-05-27,132.26,139.22,128.27,131.03,110299850,14801551765.0
2026-05-28,132.03,136.93,124.81,134.89,102669361,13526819364.0
2026-05-29,134.89,144.74,133.14,139.84,100840530,14185705002.0
2026-06-01,139.84,147.08,131.56,134.88,115518912,16026839307.0
2026-06-02,132.47,143.53,127.95,140.29,108331795,14742603927.0
2026-06-03,137.03,146.67,134.27,140.31,109730024,15462433779.0
2026-06-04,136.24,146.98,134.36,143.16,85014382,11982276445.0
2026-06-05,140.0,145.16,136.38,137.36,72627828,10128513370.0
2026-06-08,126.0,140.36,126.0,134.06,75756145,10152251582.0
2026-06-09,138.99,147.47,136.86,147.47,69298936,9897529100.0
2026-06-10,147.0,154.5,144.64,146.9,95919448,14262260188.0
2026-06-11,146.95,153.5,143.11,149.73,84004127,12528374779.0
2026-06-12,155.98,162.62,150.11,151.28,96370472,14973724300.0
2026-06-15,159.11,166.41,153.55,166.41,54034567,8757312454.0
2026-06-16,176.0,183.05,174.8,179.4,91898441,16561268212.0
2026-06-17,180.0,191.0,176.0,180.15,115560830,21243646919.0
2026-06-18,178.5,187.35,176.73,183.87,79876982,14605138345.0
2026-06-22,186.6,191.88,177.54,184.5,94529355,17421782487.0
2026-06-23,179.0,180.0,166.53,167.87,99823757,17118007294.0
2026-06-24,167.9,179.38,167.0,177.3,77821650,13596962090.0
2026-06-25,179.9,188.0,175.18,187.2,71549893,13180267699.0
2026-06-26,182.0,182.3,171.69,178.5,71476966,12697757490.0
2026-06-29,178.5,182.68,162.9,171.16,74837544,12779175470.0
2026-06-30,171.0,178.15,168.11,173.4,67645095,11720608035.0
2026-07-01,173.4,175.88,163.17,164.8,66867995,11258631087.0
2026-07-02,155.0,160.68,150.59,151.95,71896529,11137316609.0
2026-07-03,151.94,166.21,145.99,160.78,77646474,12372235435.0
2026-07-06,163.0,164.0,149.61,154.27,60775485,9515916683.0
2026-07-07,154.19,156.46,146.8,150.77,48406596,7317721094.0
2026-07-08,153.85,154.95,145.2,145.46,45129835,6736456812.0
2026-07-09,149.98,158.03,144.8,157.4,64980880,9884752066.0
2026-07-10,160.0,163.48,149.25,149.39,63401261,9972337689.0
2026-07-13,147.9,150.33,134.45,134.45,80453141,11272364619.0
2026-07-14,139.97,147.9,139.0,147.9,80957181,11779525053.0
2026-07-15,154.01,160.3,151.5,152.43,94258350,14651352708.0
2026-07-16,148.0,155.43,144.0,146.99,71284054,10649968555.0
2026-07-17,144.84,146.0,132.29,132.29,75645621,10217325743.0
2026-07-20,136.0,136.0,119.06,123.34,94539176,11851044665.0
2026-07-21,129.32,135.67,117.5,135.67,89821844,11505130561.0
2026-07-22,135.67,140.19,124.06,126.0,82385680,10952239724.0
2026-07-23,129.0,134.21,123.8,125.1,60998740,7823308884.0
2026-07-24,123.81,123.99,117.99,118.71,60458645,7261157013.0
2026-07-27,120.0,125.99,114.66,125.99,57520985,6950835942.0
2026-07-28,119.42,121.0,113.39,113.39,48057422,5563739833.0
2026-07-29,111.88,112.7,102.6,108.18,88796349,9477419996.0
2026-07-30,105.0,108.83,97.51,100.08,81098342,8252309373.0
2026-07-31,110.09,110.09,105.44,105.64,80842310,8784966808.0
2026-08-03,102.01,105.88,99.88,102.03,53205267,5437578868.0
2026-08-04,105.0,112.23,103.5,112.23,60987470,6695397804.0
2026-08-05,110.0,123.45,110.0,122.79,89347125,10576713124.0
2026-08-06,120.0,130.99,119.5,127.25,76058820,9560626247.0
