timestamps,open,high,low,close,volume,amount
2010-01-04,1.67,1.67,1.65,1.66,5679618,87282256.0
2010-01-05,1.66,1.66,1.62,1.65,6296193,95465064.0
2010-01-06,1.65,1.66,1.63,1.64,5816594,88684970.0
2010-01-07,1.64,1.64,1.58,1.59,6546737,97536928.0
2010-01-08,1.59,1.61,1.56,1.6,5527509,81122416.0
2010-01-11,1.62,1.62,1.58,1.59,4380448,64562336.0
2010-01-12,1.59,1.62,1.59,1.62,5381999,79979481.0
2010-01-13,1.59,1.61,1.57,1.58,5781529,84829096.0
2010-01-14,1.59,1.61,1.58,1.61,4460513,66136716.0
2010-01-15,1.62,1.68,1.62,1.66,10873141,166724064.0
2010-01-18,1.68,1.71,1.67,1.7,14208984,222550288.0
2010-01-19,1.7,1.7,1.66,1.67,9190727,142459040.0
2010-01-20,1.67,1.7,1.63,1.63,8536270,131223192.0
2010-01-21,1.63,1.68,1.63,1.66,7132795,109750088.0
2010-01-22,1.65,1.68,1.63,1.67,10088828,155302496.0
2010-01-25,1.67,1.68,1.6,1.6,6226838,94187096.0
2010-01-26,1.6,1.62,1.51,1.52,6220179,89121224.0
2010-01-27,1.53,1.54,1.51,1.52,3446510,48749404.0
2010-01-28,1.52,1.53,1.51,1.52,3341496,46931648.0
2010-01-29,1.52,1.54,1.51,1.52,3545957,50023328.0
2010-02-01,1.52,1.52,1.46,1.48,4138891,56637784.0
2010-02-02,1.49,1.5,1.46,1.46,2534241,34754900.0
2010-02-03,1.46,1.5,1.42,1.5,3690509,49988820.0
2010-02-04,1.49,1.53,1.48,1.51,4291461,60043424.0
2010-02-05,1.49,1.5,1.46,1.47,3116456,42632888.0
2010-02-08,1.47,1.51,1.46,1.49,2346596,32295592.0
2010-02-09,1.48,1.5,1.47,1.49,1580985,21779188.0
2010-02-10,1.49,1.5,1.48,1.5,1868963,25833272.0
2010-02-11,1.5,1.52,1.5,1.5,2030858,28316322.0
2010-02-12,1.51,1.52,1.51,1.52,2162642,30295284.0
2010-02-22,1.52,1.52,1.5,1.51,2023028,28259188.0
2010-02-23,1.51,1.51,1.48,1.5,2410441,33305684.0
2010-02-24,1.5,1.53,1.48,1.53,3614064,50541248.0
2010-02-25,1.53,1.55,1.53,1.55,5248192,74816896.0
2010-02-26,1.55,1.55,1.53,1.53,3993712,56748932.0
2010-03-01,1.53,1.56,1.53,1.55,4779853,68178480.0
2010-03-02,1.56,1.56,1.54,1.54,3650809,52204224.0
2010-03-03,1.54,1.57,1.54,1.57,4997790,71754872.0
2010-03-04,1.57,1.57,1.51,1.51,4833036,68785776.0
2010-03-05,1.51,1.54,1.51,1.52,4116017,57916968.0
2010-03-08,1.52,1.57,1.52,1.55,4612559,66155896.0
2010-03-09,1.55,1.56,1.53,1.55,4166388,59753536.0
2010-03-10,1.55,1.56,1.52,1.53,2969923,42217152.0
2010-03-11,1.53,1.54,1.5,1.5,3263289,45608632.0
2010-03-12,1.5,1.51,1.47,1.47,3106059,42838660.0
2010-03-15,1.47,1.49,1.46,1.47,2395457,32646664.0
2010-03-16,1.47,1.48,1.46,1.48,1956018,26627668.0
2010-03-17,1.5,1.6,1.5,1.55,11177369,161810000.0
2010-03-18,1.56,1.56,1.53,1.55,5315936,76145072.0
2010-03-19,1.55,1.57,1.54,1.56,3790789,54428860.0
2010-03-22,1.56,1.56,1.55,1.56,3065053,44085232.0
2010-03-23,1.56,1.57,1.55,1.55,4167119,60130848.0
2010-03-24,1.56,1.56,1.54,1.54,3375771,48237232.0
2010-03-25,1.53,1.53,1.49,1.49,5482500,76234776.0
2010-03-26,1.5,1.53,1.48,1.51,3817085,53305488.0
2010-03-29,1.52,1.54,1.51,1.54,4914125,69321248.0
2010-03-30,1.54,1.55,1.53,1.54,3702262,52823204.0
2010-03-31,1.54,1.55,1.51,1.53,3537169,50043768.0
2010-04-01,1.53,1.54,1.53,1.54,5422437,77057824.0
2010-04-02,1.55,1.56,1.54,1.56,6547913,94089536.0
2010-04-06,1.56,1.59,1.55,1.59,9929579,144126128.0
2010-04-07,1.59,1.59,1.56,1.57,6550087,95313928.0
2010-04-08,1.57,1.59,1.55,1.57,5126745,74428376.0
2010-04-09,1.56,1.61,1.56,1.6,11563959,170894000.0
2010-04-12,1.61,1.61,1.56,1.57,7760076,113579640.0
2010-04-13,1.56,1.58,1.5,1.54,6809924,97200784.0
2010-04-14,1.54,1.56,1.53,1.56,4321512,61697604.0
2010-04-15,1.57,1.57,1.53,1.54,3969888,57009232.0
2010-04-16,1.54,1.54,1.51,1.52,3384941,47673240.0
2010-04-19,1.51,1.51,1.43,1.43,5963544,81373896.0
2010-04-20,1.43,1.45,1.41,1.42,3982837,52419200.0
2010-04-21,1.44,1.46,1.42,1.45,4181723,55618168.0
2010-04-22,1.44,1.44,1.42,1.42,4621103,60863728.0
2010-04-23,1.42,1.44,1.4,1.4,4506371,58906220.0
2010-04-26,1.4,1.42,1.39,1.4,3351912,43543768.0
2010-04-27,1.41,1.41,1.33,1.35,4325405,54241992.0
2010-04-28,1.34,1.34,1.3,1.31,3630236,44383308.0
2010-04-29,1.32,1.34,1.31,1.31,2906812,35800664.0
2010-04-30,1.31,1.32,1.3,1.31,2585764,31213678.0
2010-05-04,1.3,1.31,1.26,1.27,2269829,26989536.0
2010-05-05,1.26,1.27,1.21,1.27,4037280,46373796.0
2010-05-06,1.26,1.26,1.17,1.17,3644317,41187380.0
2010-05-07,1.15,1.18,1.14,1.14,3671775,39093868.0
2010-05-10,1.15,1.18,1.13,1.17,3079468,32891822.0
2010-05-11,1.2,1.21,1.14,1.16,4375329,47811952.0
2010-05-12,1.14,1.18,1.14,1.18,3366042,36362700.0
2010-05-13,1.2,1.26,1.2,1.26,10903306,124835504.0
2010-05-14,1.25,1.32,1.24,1.26,11197309,132619400.0
2010-05-17,1.23,1.24,1.16,1.16,5819086,64542468.0
2010-05-18,1.17,1.23,1.15,1.22,4826487,53421840.0
2010-05-19,1.21,1.24,1.2,1.21,3736621,42135192.0
2010-05-20,1.19,1.21,1.17,1.17,2781257,30716420.0
2010-05-21,1.14,1.2,1.12,1.2,3640152,39279232.0
2010-05-24,1.22,1.25,1.2,1.24,5758404,65664184.0
2010-05-25,1.24,1.27,1.22,1.23,5191343,59725008.0
2010-05-26,1.23,1.24,1.21,1.23,3196289,36184400.0
2010-05-27,1.22,1.24,1.2,1.24,3897273,44057932.0
2010-05-28,1.25,1.25,1.21,1.22,3897513,44360016.0
2010-05-31,1.21,1.22,1.16,1.17,3554161,39095592.0
2010-06-01,1.17,1.19,1.13,1.15,3303507,35446200.0
2010-06-02,1.15,1.16,1.14,1.16,2103729,22422034.0
2010-06-03,1.18,1.19,1.16,1.16,2648907,28793574.0
2010-06-04,1.17,1.17,1.15,1.16,1963406,21053292.0
2010-06-07,1.14,1.16,1.14,1.15,2195213,23348500.0
2010-06-08,1.15,1.16,1.15,1.16,1875244,20025682.0
2010-06-09,1.16,1.19,1.16,1.19,3532797,38392160.0
2010-06-10,1.18,1.21,1.17,1.19,3871231,42734964.0
2010-06-11,1.2,1.21,1.18,1.18,2475890,27168272.0
2010-06-17,1.19,1.19,1.17,1.17,1621260,17686710.0
2010-06-18,1.17,1.18,1.14,1.14,1993888,21339244.0
2010-06-21,1.14,1.18,1.14,1.18,2136585,22956468.0
2010-06-22,1.18,1.2,1.16,1.18,2532133,27667016.0
2010-06-23,1.18,1.21,1.17,1.18,2653826,29120812.0
2010-06-24,1.2,1.2,1.18,1.18,1802888,19781560.0
2010-06-25,1.17,1.19,1.15,1.18,2188610,23658884.0
2010-06-28,1.18,1.18,1.16,1.16,1047263,11320021.0
2010-06-29,1.16,1.17,1.08,1.08,3364413,34692176.0
2010-07-01,1.08,1.08,1.03,1.03,2653052,25839044.0
2010-07-02,1.04,1.05,0.98,1.02,1926187,18125816.0
2010-07-05,1.01,1.01,0.98,1.01,1245154,11526488.0
2010-07-06,1.0,1.04,1.0,1.03,2236390,21186446.0
2010-07-07,1.03,1.04,1.02,1.04,1758970,16804276.0
2010-07-08,1.05,1.08,1.03,1.05,3728138,36378204.0
2010-07-09,1.05,1.07,1.04,1.07,3235613,31807758.0
2010-07-12,1.07,1.1,1.06,1.09,3347643,33674748.0
2010-07-13,1.08,1.08,1.06,1.06,2422581,23882692.0
2010-07-14,1.08,1.12,1.07,1.09,4612200,46858928.0
2010-07-15,1.1,1.11,1.06,1.06,3201154,32261998.0
2010-07-16,1.06,1.07,1.05,1.07,2154279,21112346.0
2010-07-19,1.08,1.11,1.06,1.11,4116085,41768372.0
2010-07-20,1.1,1.13,1.1,1.13,5789447,60134988.0
2010-07-21,1.12,1.17,1.12,1.15,8979372,95768312.0
2010-07-22,1.14,1.18,1.14,1.16,5171931,55458908.0
2010-07-23,1.16,1.17,1.14,1.15,3790004,40212296.0
2010-07-26,1.15,1.18,1.15,1.17,3855165,41518280.0
2010-07-27,1.17,1.17,1.14,1.14,4282363,45484856.0
2010-07-28,1.15,1.17,1.14,1.17,6078805,64997712.0
2010-07-29,1.18,1.2,1.17,1.19,9548050,104840360.0
2010-07-30,1.18,1.19,1.16,1.18,4852514,52708376.0
2010-08-02,1.17,1.2,1.17,1.2,5787771,63654724.0
2010-08-03,1.2,1.21,1.17,1.17,6296340,69553896.0
2010-08-04,1.17,1.18,1.15,1.17,4482724,48296584.0
2010-08-05,1.17,1.17,1.16,1.17,3940439,42491912.0
2010-08-06,1.17,1.21,1.15,1.2,7038646,77125024.0
2010-08-09,1.21,1.32,1.21,1.31,18594764,219731360.0
2010-08-10,1.29,1.32,1.27,1.28,16581628,198347120.0
2010-08-11,1.27,1.34,1.27,1.34,15260575,185936544.0
2010-08-12,1.32,1.34,1.3,1.31,8327490,101305152.0
2010-08-13,1.31,1.34,1.27,1.34,11643359,141162576.0
2010-08-16,1.34,1.39,1.32,1.38,12674532,159164080.0
2010-08-17,1.36,1.43,1.36,1.39,12256345,159251952.0
2010-08-18,1.39,1.4,1.36,1.37,9351561,118660928.0
2010-08-19,1.36,1.38,1.33,1.34,8118158,100890744.0
2010-08-20,1.35,1.36,1.31,1.32,5826696,71757232.0
2010-08-23,1.33,1.34,1.32,1.32,3571241,43415268.0
2010-08-24,1.32,1.35,1.31,1.33,4533457,55267896.0
2010-08-25,1.33,1.34,1.28,1.29,5841439,70020032.0
2010-08-26,1.29,1.33,1.28,1.31,5602982,67512208.0
2010-08-27,1.32,1.35,1.29,1.35,6850411,82872616.0
2010-08-30,1.35,1.39,1.35,1.38,7283774,91511768.0
2010-08-31,1.39,1.44,1.38,1.44,14330538,187488224.0
2010-09-01,1.44,1.46,1.41,1.46,13988714,184622336.0
2010-09-02,1.53,1.58,1.51,1.52,25238520,356944096.0
2010-09-03,1.53,1.55,1.5,1.54,11473892,160704112.0
2010-09-06,1.54,1.57,1.52,1.54,12161310,172100736.0
2010-09-07,1.53,1.57,1.52,1.56,8534313,121075824.0
2010-09-08,1.55,1.62,1.55,1.59,12514679,183203376.0
2010-09-09,1.59,1.6,1.5,1.51,14249696,201665648.0
2010-09-10,1.51,1.56,1.5,1.54,9668744,135239552.0
2010-09-13,1.54,1.55,1.52,1.53,6252824,88075504.0
2010-09-14,1.54,1.59,1.53,1.57,7947918,113976504.0
2010-09-15,1.57,1.57,1.53,1.53,5456996,77201144.0
2010-09-16,1.53,1.53,1.46,1.49,6610162,90457864.0
2010-09-17,1.49,1.51,1.46,1.47,4802710,65245388.0
2010-09-20,1.47,1.49,1.44,1.44,6272467,83896776.0
2010-09-21,1.46,1.46,1.44,1.46,2818700,37414504.0
2010-09-27,1.46,1.51,1.46,1.51,4900192,67131784.0
2010-09-28,1.51,1.51,1.48,1.49,5388273,73708712.0
2010-09-29,1.5,1.51,1.47,1.48,3735393,50948164.0
2010-09-30,1.48,1.5,1.46,1.49,5666510,76557016.0
2010-10-08,1.49,1.51,1.46,1.49,13561221,184415488.0
2010-10-11,1.49,1.49,1.43,1.44,16336778,216571168.0
2010-10-12,1.44,1.46,1.43,1.45,7396419,97691672.0
2010-10-13,1.46,1.5,1.44,1.49,10439924,141607856.0
2010-10-14,1.5,1.51,1.43,1.44,9438366,126103000.0
2010-10-15,1.43,1.45,1.39,1.39,11575057,149356624.0
2010-10-18,1.39,1.44,1.39,1.43,7427808,96779648.0
2010-10-19,1.43,1.49,1.43,1.47,9860546,132326728.0
2010-10-20,1.44,1.47,1.43,1.47,8929631,118562784.0
2010-10-21,1.47,1.47,1.44,1.44,5675977,75255328.0
2010-10-22,1.45,1.48,1.44,1.48,6109420,81891496.0
2010-10-25,1.49,1.53,1.49,1.53,10366112,143849888.0
2010-10-26,1.53,1.54,1.49,1.52,7286624,101036784.0
2010-10-27,1.52,1.54,1.49,1.49,7589556,105180872.0
2010-10-28,1.49,1.51,1.46,1.47,5397455,73014456.0
2010-10-29,1.47,1.49,1.45,1.48,5313530,71524728.0
2010-11-01,1.53,1.61,1.51,1.59,19741072,282723328.0
2010-11-02,1.59,1.68,1.59,1.64,24751564,371896768.0
2010-11-03,1.66,1.79,1.66,1.73,30746016,483626688.0
2010-11-04,1.76,1.78,1.7,1.74,24524784,389143808.0
2010-11-05,1.79,1.91,1.76,1.89,49348628,839837440.0
2010-11-08,1.92,2.03,1.89,1.91,52420944,936103808.0
2010-11-09,1.89,1.89,1.85,1.86,22553730,384221920.0
2010-11-10,1.85,1.85,1.79,1.83,18604772,309361920.0
2010-11-11,1.81,1.85,1.8,1.8,15360656,257166848.0
2010-11-12,1.8,1.81,1.64,1.65,18530228,292376704.0
2010-11-15,1.69,1.71,1.66,1.71,11513597,177870496.0
2010-11-16,1.7,1.76,1.66,1.7,15551662,242619120.0
2010-11-17,1.68,1.76,1.67,1.73,15232703,240708416.0
2010-11-18,1.77,1.78,1.65,1.71,10752635,167623872.0
2010-11-19,1.72,1.73,1.68,1.72,9900376,154473360.0
2010-11-22,1.7,1.72,1.65,1.67,11143042,172801584.0
2010-11-23,1.65,1.7,1.65,1.67,8532047,130659208.0
2010-11-24,1.65,1.71,1.65,1.7,8371833,128964808.0
2010-11-25,1.7,1.76,1.69,1.76,14613419,233395568.0
2010-11-26,1.76,1.77,1.7,1.71,8688349,137786464.0
2010-11-29,1.7,1.7,1.67,1.68,6367658,98037760.0
2010-11-30,1.68,1.7,1.58,1.62,8258730,123202528.0
2010-12-01,1.62,1.63,1.6,1.63,3850323,56959804.0
2010-12-02,1.64,1.66,1.62,1.63,4675402,70334608.0
2010-12-03,1.63,1.66,1.62,1.64,6532365,98358760.0
2010-12-06,1.66,1.66,1.59,1.61,5709750,84841304.0
2010-12-07,1.61,1.62,1.57,1.62,4034393,59100724.0
2010-12-08,1.62,1.67,1.6,1.64,5707731,85928320.0
2010-12-09,1.63,1.64,1.6,1.6,4552526,67665360.0
2010-12-10,1.6,1.64,1.59,1.63,2709586,40186996.0
2010-12-13,1.63,1.67,1.63,1.67,6064813,92243704.0
2010-12-14,1.67,1.74,1.67,1.73,10716965,168298048.0
2010-12-15,1.74,1.74,1.69,1.7,8301352,130160000.0
2010-12-16,1.69,1.72,1.67,1.68,7100053,110153832.0
2010-12-17,1.68,1.7,1.68,1.69,2853071,44145472.0
2010-12-20,1.69,1.71,1.63,1.66,6061294,92556424.0
2010-12-21,1.65,1.71,1.64,1.7,6449936,99603288.0
2010-12-22,1.71,1.71,1.66,1.67,4502306,69469352.0
2010-12-23,1.67,1.67,1.63,1.63,4667114,70531024.0
2010-12-24,1.63,1.66,1.6,1.61,3724408,55472732.0
2010-12-27,1.61,1.64,1.56,1.56,5173085,75839712.0
2010-12-28,1.56,1.57,1.52,1.52,4077687,57666876.0
2010-12-29,1.52,1.55,1.5,1.54,4455973,62114144.0
2010-12-30,1.53,1.56,1.52,1.54,4486942,63497752.0
2010-12-31,1.55,1.6,1.55,1.59,3887854,55790380.0
2011-01-04,1.59,1.62,1.59,1.61,3266028,47965280.0
2011-01-05,1.61,1.63,1.6,1.6,3843782,56668828.0
2011-01-06,1.61,1.62,1.6,1.61,3295242,48640172.0
2011-01-07,1.61,1.68,1.6,1.65,9525339,144019936.0
2011-01-10,1.66,1.71,1.61,1.62,10249492,157524592.0
2011-01-11,1.6,1.68,1.6,1.66,7231414,109339264.0
2011-01-12,1.67,1.69,1.64,1.66,4977457,75774272.0
2011-02-21,1.82,1.82,1.82,1.82,3912833,65344312.0
2011-02-22,2.01,2.01,1.83,1.85,45247976,784708160.0
2011-02-23,1.82,1.87,1.77,1.79,17738360,292353760.0
2011-02-24,1.77,1.77,1.72,1.75,12582518,200976400.0
2011-02-25,1.75,1.79,1.75,1.77,8555030,139103504.0
2011-02-28,1.77,1.82,1.75,1.8,10399519,170773088.0
2011-03-01,1.8,1.8,1.76,1.77,11272611,183164544.0
2011-03-02,1.75,1.75,1.72,1.73,9369988,148437808.0
2011-03-03,1.73,1.75,1.7,1.71,5957333,94335936.0
2011-03-04,1.73,1.76,1.71,1.76,6717730,107219120.0
2011-03-07,1.77,1.79,1.76,1.77,10224242,165901616.0
2011-03-08,1.77,1.84,1.77,1.83,17168508,286151168.0
2011-03-09,1.83,1.84,1.81,1.82,10211101,170559744.0
2011-03-10,1.85,1.89,1.83,1.83,16390580,279301568.0
2011-03-11,1.82,1.82,1.78,1.78,9766571,161143264.0
2011-03-14,1.76,1.8,1.75,1.8,5746381,93367464.0
2011-03-15,1.78,1.78,1.72,1.75,8101231,129471408.0
2011-03-16,1.75,1.76,1.72,1.75,7219160,115133392.0
2011-03-17,1.73,1.73,1.71,1.72,5923133,93459848.0
2011-03-18,1.73,1.76,1.73,1.74,3758264,59981584.0
2011-03-21,1.75,1.81,1.75,1.8,11815368,193986784.0
2011-03-22,1.8,1.81,1.76,1.8,6827277,111915232.0
2011-03-23,1.8,1.82,1.79,1.82,6192863,102530912.0
2011-03-24,1.82,1.84,1.8,1.82,8766530,146408832.0
2011-03-25,1.79,1.9,1.75,1.89,38081776,643978048.0
2011-03-28,1.89,1.98,1.89,1.98,35630068,633211392.0
2011-03-29,1.98,2.02,1.96,1.99,44164600,804660288.0
2011-03-30,1.97,2.02,1.96,1.97,20349256,369676960.0
2011-03-31,1.97,1.97,1.88,1.88,17703628,309105344.0
2011-04-01,1.87,2.07,1.83,2.04,23051648,411636640.0
2011-04-06,2.06,2.15,2.0,2.01,37366448,710192128.0
2011-04-07,1.99,2.18,1.98,2.18,34547108,661421120.0
2011-04-08,2.17,2.17,2.11,2.13,30952220,604745536.0
2011-04-11,2.11,2.15,2.05,2.07,25629032,489207584.0
2011-04-12,2.06,2.11,2.03,2.09,16437126,311383424.0
2011-04-13,2.09,2.11,2.04,2.08,16951114,321367136.0
2011-04-14,2.07,2.08,1.99,2.0,21335388,393831040.0
2011-04-15,2.0,2.03,1.97,2.02,16364608,300132128.0
2011-04-18,2.02,2.02,1.98,1.99,11954878,218451296.0
2011-04-19,1.99,1.99,1.92,1.94,15630828,278602240.0
2011-04-20,1.95,2.01,1.95,1.99,12270242,223232096.0
2011-04-21,1.99,2.01,1.94,1.97,11252020,202149232.0
2011-04-22,1.98,2.0,1.95,1.96,8529540,154144304.0
2011-04-26,1.88,1.91,1.8,1.82,14421975,243593120.0
2011-04-27,1.83,1.85,1.76,1.78,7530775,124022872.0
2011-04-28,1.79,1.8,1.73,1.73,6571174,105709072.0
2011-04-29,1.75,1.79,1.75,1.78,6152626,100050320.0
2011-05-03,1.78,1.79,1.75,1.79,4943477,80251104.0
2011-05-04,1.78,1.78,1.72,1.72,6788572,108356672.0
2011-05-05,1.72,1.75,1.69,1.73,6215897,98056824.0
2011-05-06,1.7,1.74,1.7,1.72,4930283,77643920.0
2011-05-09,1.71,1.75,1.71,1.74,4180295,66247628.0
2011-05-10,1.74,1.76,1.72,1.75,5145807,81725968.0
2011-05-11,1.75,1.8,1.74,1.79,9156168,148612064.0
2011-05-12,1.78,1.78,1.73,1.74,5709455,91887792.0
2011-05-13,1.73,1.75,1.67,1.71,6880418,107592528.0
2011-05-16,1.73,1.73,1.7,1.72,3617755,56643480.0
2011-05-17,1.72,1.72,1.67,1.7,4054037,62966292.0
2011-05-18,1.7,1.72,1.68,1.71,2811602,43863412.0
2011-05-19,1.71,1.74,1.7,1.71,3175111,49946120.0
2011-05-20,1.71,1.71,1.68,1.68,3292660,50948052.0
2011-05-23,1.7,1.74,1.65,1.65,7262512,112726800.0
2011-05-24,1.65,1.65,1.61,1.64,3976105,59328268.0
2011-05-25,1.64,1.65,1.6,1.62,4445939,66184604.0
2011-05-26,1.62,1.64,1.59,1.59,2944908,43373552.0
2011-05-27,1.58,1.6,1.54,1.54,4257047,60892888.0
2011-05-30,1.54,1.55,1.51,1.51,4109473,57522880.0
2011-05-31,1.51,1.53,1.49,1.53,7535176,103916176.0
2011-06-01,1.53,1.54,1.51,1.53,4674894,65461976.0
2011-06-02,1.52,1.53,1.47,1.5,5314307,72847328.0
2011-06-03,1.54,1.64,1.54,1.57,13119625,190066752.0
2011-06-07,1.53,1.6,1.53,1.57,7398658,105921104.0
2011-06-08,1.56,1.57,1.53,1.56,5246868,74393256.0
2011-06-09,1.56,1.59,1.52,1.52,6864147,97513864.0
2011-06-10,1.54,1.55,1.52,1.55,4986295,70238000.0
2011-06-13,1.54,1.55,1.52,1.54,2455244,34477488.0
2011-06-14,1.53,1.64,1.53,1.62,11146517,163590352.0
2011-06-15,1.61,1.63,1.59,1.6,4474130,65894216.0
2011-06-16,1.58,1.59,1.54,1.55,3844053,55473844.0
2011-06-17,1.57,1.59,1.57,1.57,4720850,68231280.0
2011-06-20,1.58,1.61,1.57,1.59,5729655,83633984.0
2011-06-22,1.63,1.67,1.62,1.63,11015681,165565664.0
2011-06-23,1.63,1.68,1.62,1.67,10584219,160517472.0
2011-06-24,1.66,1.73,1.65,1.72,13651603,212427824.0
2011-06-27,1.71,1.73,1.7,1.71,6474769,101822784.0
2011-06-28,1.71,1.73,1.69,1.72,5863955,91700880.0
2011-07-04,1.79,1.81,1.76,1.77,12220480,197139488.0
2011-07-05,1.76,1.76,1.74,1.75,5999953,94978664.0
2011-07-06,1.74,1.74,1.7,1.74,6102603,95163304.0
2011-07-07,1.72,1.76,1.72,1.72,5609288,88025416.0
2011-07-08,1.72,1.74,1.68,1.7,5818594,89541792.0
2011-07-11,1.7,1.72,1.7,1.72,3415524,53066192.0
2011-07-12,1.7,1.7,1.68,1.68,3489873,53389984.0
2011-07-13,1.68,1.7,1.68,1.7,4590452,70474384.0
2011-07-14,1.71,1.71,1.68,1.69,6979574,107108112.0
2011-07-15,1.69,1.75,1.69,1.75,9387917,146989328.0
2011-07-18,1.75,1.76,1.71,1.72,6658583,104459528.0
2011-07-19,1.72,1.72,1.66,1.67,7818555,118905200.0
2011-07-20,1.68,1.69,1.65,1.65,4449939,67105584.0
2011-07-21,1.66,1.66,1.62,1.62,6168086,90954176.0
2011-07-22,1.62,1.63,1.61,1.62,3347788,49132408.0
2011-07-25,1.62,1.62,1.54,1.54,8077327,114431360.0
2011-07-26,1.54,1.55,1.52,1.53,4573734,63452340.0
2011-07-27,1.57,1.6,1.55,1.56,8035863,114682616.0
2011-07-28,1.53,1.54,1.51,1.54,5309510,73530992.0
2011-07-29,1.54,1.55,1.52,1.53,3489391,48451380.0
2011-08-01,1.53,1.56,1.52,1.55,3356157,47003600.0
2011-08-02,1.54,1.54,1.51,1.53,2846624,39300596.0
2011-08-03,1.53,1.55,1.52,1.54,3089644,43024952.0
2011-08-04,1.54,1.55,1.53,1.54,3104057,43448784.0
2011-08-05,1.49,1.51,1.47,1.49,4310302,58309568.0
2011-08-08,1.47,1.48,1.39,1.44,7012432,91572656.0
2011-08-09,1.4,1.43,1.37,1.43,5278774,67170024.0
2011-08-10,1.44,1.46,1.43,1.43,4228670,55321936.0
2011-08-11,1.4,1.44,1.38,1.43,3604534,46368684.0
2011-08-12,1.45,1.46,1.43,1.44,3676246,48251680.0
2011-08-15,1.45,1.46,1.44,1.46,3834072,50351300.0
2011-08-16,1.46,1.47,1.45,1.45,3438394,45369624.0
2011-08-17,1.45,1.45,1.44,1.44,2235721,29232468.0
2011-08-18,1.44,1.46,1.42,1.42,2823602,36729332.0
2011-08-19,1.39,1.4,1.38,1.39,3432956,43344496.0
2011-08-22,1.39,1.41,1.37,1.39,2871929,36132000.0
2011-08-23,1.39,1.4,1.38,1.4,2766900,34925544.0
2011-08-24,1.41,1.43,1.4,1.42,3679312,47229208.0
2011-08-25,1.43,1.49,1.41,1.49,10436089,138084320.0
2011-08-26,1.48,1.54,1.47,1.52,11502312,157191040.0
2011-08-29,1.51,1.54,1.48,1.5,9116181,123603760.0
2011-08-30,1.5,1.51,1.45,1.45,6281495,84402528.0
2011-08-31,1.44,1.46,1.43,1.45,2488829,32620494.0
2011-09-01,1.46,1.46,1.44,1.44,2814387,36953960.0
2011-09-02,1.45,1.45,1.42,1.42,3258448,42396012.0
2011-09-05,1.4,1.4,1.37,1.38,3085424,38715452.0
2011-09-06,1.37,1.38,1.36,1.37,2252474,27974552.0
2011-09-07,1.38,1.39,1.37,1.39,3426576,42991732.0
2011-09-08,1.4,1.4,1.37,1.37,2408787,30210228.0
2011-09-09,1.38,1.38,1.34,1.34,3647417,44915072.0
2011-09-13,1.32,1.32,1.3,1.3,2694753,31982612.0
2011-09-14,1.31,1.33,1.29,1.33,2058067,24494428.0
2011-09-15,1.33,1.33,1.3,1.3,2357231,28203796.0
2011-09-16,1.31,1.31,1.3,1.3,2698615,31935604.0
2011-09-19,1.29,1.3,1.25,1.25,4534923,51863344.0
2011-09-20,1.24,1.28,1.24,1.26,2861326,32681316.0
2011-09-21,1.26,1.3,1.25,1.29,3975530,46183420.0
2011-09-22,1.28,1.29,1.24,1.25,3383596,39148168.0
2011-09-23,1.23,1.26,1.22,1.26,3624435,40880488.0
2011-09-26,1.25,1.3,1.25,1.28,8584076,100153520.0
2011-09-27,1.3,1.3,1.28,1.3,3466148,40516272.0
2011-09-28,1.3,1.3,1.25,1.26,2703165,31316528.0
2011-09-29,1.25,1.26,1.21,1.23,4766034,53022080.0
2011-09-30,1.22,1.24,1.13,1.13,9321472,100063656.0
2011-10-11,1.15,1.16,1.09,1.11,4613115,47366032.0
2011-10-12,1.1,1.15,1.1,1.15,4193374,43133072.0
2011-10-13,1.15,1.16,1.14,1.15,5110630,53241856.0
2011-10-14,1.15,1.17,1.14,1.15,3555780,37151176.0
2011-10-17,1.16,1.17,1.15,1.15,3765336,39418928.0
2011-10-18,1.15,1.15,1.12,1.12,3570440,36765844.0
2011-10-19,1.12,1.14,1.12,1.13,1828310,18789908.0
2011-10-20,1.13,1.13,1.09,1.1,3061757,30660552.0
2011-10-21,1.1,1.12,1.09,1.09,1734947,17348988.0
2011-10-24,1.09,1.1,1.04,1.09,4750139,46368912.0
2011-10-25,1.09,1.13,1.08,1.12,3987070,40145240.0
2011-10-26,1.11,1.15,1.11,1.14,4313134,44442952.0
2011-10-27,1.15,1.17,1.14,1.14,4596109,48166044.0
2011-10-28,1.15,1.18,1.15,1.16,5944603,62508356.0
2011-10-31,1.17,1.19,1.16,1.18,7293710,77496952.0
2011-11-01,1.16,1.18,1.16,1.18,4951573,52569992.0
2011-11-02,1.16,1.19,1.15,1.18,6175721,65457632.0
2011-11-03,1.19,1.21,1.19,1.19,8132882,88472808.0
2011-11-04,1.2,1.22,1.2,1.22,7211904,78921720.0
2011-11-07,1.21,1.24,1.21,1.21,7021936,77936304.0
2011-11-08,1.21,1.22,1.18,1.18,5869712,63534912.0
2011-11-09,1.19,1.2,1.15,1.2,6167702,66058064.0
2011-11-10,1.18,1.18,1.17,1.17,4688178,50035656.0
2011-11-11,1.18,1.19,1.17,1.18,2421969,25896950.0
2011-11-14,1.19,1.2,1.18,1.2,4369406,47286916.0
2011-11-15,1.2,1.22,1.19,1.21,3958749,43292152.0
2011-11-16,1.21,1.21,1.17,1.17,4340653,46722540.0
2011-11-17,1.17,1.18,1.16,1.16,2519464,26609156.0
2011-11-18,1.15,1.15,1.11,1.12,3893720,39711192.0
2011-11-21,1.12,1.14,1.11,1.13,2117397,21513012.0
2011-11-22,1.11,1.12,1.1,1.12,1483080,14955576.0
2011-11-23,1.12,1.12,1.1,1.11,1514056,15259756.0
2011-11-24,1.09,1.11,1.09,1.1,1519083,15171631.0
2011-11-25,1.09,1.11,1.09,1.1,1098072,10973713.0
2011-11-28,1.1,1.11,1.1,1.1,1382685,13818217.0
2011-11-29,1.12,1.12,1.1,1.12,1591880,16068014.0
2011-11-30,1.12,1.12,1.06,1.06,3754080,36667012.0
2011-12-01,1.09,1.1,1.08,1.09,3269244,32370004.0
2011-12-02,1.08,1.09,1.05,1.06,2467714,23733120.0
2011-12-05,1.06,1.07,1.03,1.04,2136057,20176588.0
2011-12-06,1.04,1.04,1.0,1.03,2044981,18988144.0
2011-12-07,1.02,1.03,1.02,1.03,1135822,10546261.0
2011-12-08,1.02,1.03,1.0,1.03,1959503,18118052.0
2011-12-09,1.02,1.02,1.0,1.01,1562800,14356119.0
2011-12-12,1.0,1.01,0.99,0.99,2601773,23547092.0
2011-12-13,0.99,0.99,0.95,0.95,4119339,35877316.0
2011-12-14,0.95,0.95,0.91,0.91,5709126,47898932.0
2011-12-15,0.91,0.91,0.89,0.89,3625269,29512814.0
2011-12-16,0.89,0.91,0.88,0.91,4267414,34641652.0
2011-12-19,0.9,0.9,0.88,0.9,3052092,24777352.0
2011-12-20,0.9,0.92,0.9,0.91,3524421,29250268.0
2011-12-21,0.92,0.93,0.89,0.89,2455664,20271436.0
2011-12-22,0.88,0.9,0.88,0.9,3722789,29904264.0
2011-12-23,0.9,0.93,0.89,0.92,5164876,42842208.0
2011-12-26,0.92,0.94,0.92,0.92,3936916,33100392.0
2011-12-27,0.99,0.99,0.94,0.96,13889395,122346752.0
2011-12-28,0.93,0.96,0.92,0.96,6119425,52420644.0
2011-12-29,0.96,0.99,0.95,0.97,6621429,58821608.0
2011-12-30,0.98,0.99,0.97,0.98,4042136,35883588.0
2012-01-04,0.99,0.99,0.93,0.93,4850129,42191176.0
2012-01-06,0.9,0.93,0.89,0.93,3462909,28569760.0
2012-01-09,0.93,0.98,0.92,0.98,5844126,50790908.0
2012-01-10,0.98,1.02,0.97,1.01,9679136,87814472.0
2012-01-11,1.01,1.01,0.99,1.01,7252835,65970760.0
2012-01-12,1.02,1.06,1.02,1.02,10439315,97964960.0
2012-01-13,1.01,1.02,0.98,0.99,5997509,54350820.0
2012-01-16,0.98,1.0,0.97,0.99,2614454,23508952.0
2012-01-17,0.98,1.05,0.98,1.04,8963967,83312064.0
2012-01-18,1.04,1.05,1.02,1.02,6086118,57069888.0
2012-01-19,1.03,1.05,1.02,1.03,5531046,51965360.0
2012-01-20,1.04,1.05,1.03,1.05,4663657,43993112.0
2012-01-30,1.04,1.05,1.03,1.03,4457808,41946504.0
2012-01-31,1.03,1.04,1.0,1.02,3270932,30261940.0
2012-02-01,1.02,1.03,1.0,1.0,2147300,19722680.0
2012-02-02,1.01,1.02,1.01,1.02,2893865,26630764.0
2012-02-03,1.02,1.04,1.02,1.04,5034020,47058968.0
2012-02-06,1.04,1.05,1.03,1.04,4887704,46000128.0
2012-02-07,1.03,1.03,1.02,1.02,3494405,32408368.0
2012-02-08,1.02,1.05,1.02,1.05,7496610,70710928.0
2012-02-09,1.05,1.07,1.05,1.06,6907349,66479220.0
2012-02-10,1.05,1.08,1.05,1.07,7060820,68442696.0
2012-02-13,1.06,1.1,1.05,1.1,8857282,86146544.0
2012-02-14,1.09,1.1,1.08,1.08,5859241,57635172.0
2012-02-15,1.08,1.1,1.07,1.09,5572578,54752536.0
2012-02-16,1.09,1.1,1.08,1.09,4591890,45302452.0
2012-02-17,1.09,1.1,1.07,1.07,4306823,42168748.0
2012-02-20,1.09,1.09,1.08,1.08,4457157,43841372.0
2012-02-21,1.08,1.08,1.06,1.08,3442314,33504094.0
2012-02-22,1.08,1.11,1.08,1.11,8065954,80353944.0
2012-02-23,1.1,1.11,1.09,1.1,6316522,63092832.0
2012-02-24,1.1,1.13,1.1,1.13,10226580,103857360.0
2012-02-27,1.14,1.15,1.12,1.13,10490071,108532752.0
2012-02-28,1.13,1.14,1.11,1.13,7523234,76799056.0
2012-02-29,1.12,1.13,1.1,1.1,6195230,62384164.0
2012-03-01,1.1,1.12,1.1,1.11,3233545,32435238.0
2012-03-02,1.11,1.13,1.11,1.13,5286066,53859096.0
2012-03-05,1.14,1.14,1.12,1.13,5330402,54757292.0
2012-03-06,1.14,1.2,1.13,1.16,17186980,182126912.0
2012-03-07,1.15,1.17,1.14,1.15,7772954,81187920.0
2012-03-08,1.16,1.2,1.16,1.19,10160817,109081440.0
2012-03-09,1.2,1.22,1.17,1.22,12556301,136902960.0
2012-03-12,1.23,1.24,1.21,1.23,9469526,105231360.0
2012-03-13,1.23,1.23,1.2,1.22,7754800,85290480.0
2012-03-14,1.22,1.23,1.13,1.15,12935956,140255968.0
2012-03-15,1.15,1.17,1.12,1.13,7248770,74905312.0
2012-03-16,1.15,1.17,1.14,1.17,7070124,74272816.0
2012-03-19,1.18,1.2,1.17,1.2,6489034,69976312.0
2012-03-20,1.19,1.19,1.16,1.16,5125101,54350928.0
2012-03-21,1.16,1.2,1.16,1.19,6442977,68916072.0
2012-03-22,1.19,1.21,1.18,1.2,6219979,67500904.0
2012-03-23,1.19,1.19,1.15,1.17,5429634,57653636.0
2012-03-26,1.17,1.22,1.17,1.22,9215322,99994472.0
2012-03-27,1.29,1.32,1.26,1.28,27321914,319198048.0
2012-03-28,1.27,1.35,1.26,1.32,30123102,360061856.0
2012-03-29,1.3,1.35,1.28,1.32,21114140,253263216.0
2012-03-30,1.32,1.33,1.27,1.3,13345250,157645728.0
2012-04-05,1.29,1.41,1.29,1.4,19926304,247759504.0
2012-04-06,1.39,1.43,1.37,1.42,17242548,219262240.0
2012-04-09,1.42,1.44,1.38,1.39,13492343,173036272.0
2012-04-10,1.38,1.39,1.33,1.39,13635269,168581952.0
2012-04-11,1.37,1.4,1.36,1.38,10028391,125597928.0
2012-04-12,1.38,1.43,1.37,1.43,13614223,173874400.0
2012-04-13,1.42,1.44,1.4,1.41,10731597,138010864.0
2012-04-17,1.41,1.49,1.41,1.45,16827276,222450640.0
2012-04-18,1.45,1.47,1.44,1.47,10104772,133641496.0
2012-04-19,1.47,1.48,1.45,1.47,7437467,98544504.0
2012-04-20,1.46,1.47,1.44,1.47,8335875,110210128.0
2012-04-23,1.47,1.48,1.4,1.4,13993465,181147584.0
2012-04-24,1.4,1.44,1.38,1.42,9921229,127413040.0
2012-04-25,1.42,1.44,1.4,1.43,7807774,101028600.0
2012-04-26,1.43,1.57,1.43,1.55,24692836,338123136.0
2012-05-02,1.56,1.69,1.53,1.64,22031700,326864512.0
2012-05-03,1.63,1.68,1.62,1.65,14115766,211062976.0
2012-05-04,1.64,1.82,1.63,1.82,34554688,549047936.0
2012-05-07,1.82,2.0,1.82,2.0,58268912,1022929920.0
2012-05-08,2.0,2.13,1.93,1.96,75495464,1376100736.0
2012-05-09,1.93,1.96,1.89,1.94,39320588,687359872.0
2012-05-10,1.97,2.07,1.95,1.96,54329384,490638976.0
2012-05-11,1.89,1.9,1.77,1.77,100050672,818074240.0
2012-05-14,1.77,1.8,1.74,1.77,55916912,445946592.0
2012-05-15,1.73,1.8,1.69,1.8,57710584,458271520.0
2012-05-16,1.78,1.78,1.7,1.71,49789392,389184672.0
2012-05-17,1.71,1.75,1.69,1.73,35647364,277322720.0
2012-05-18,1.71,1.72,1.63,1.65,50456592,379485376.0
2012-05-21,1.64,1.67,1.63,1.64,27698472,205429472.0
2012-05-22,1.65,1.72,1.63,1.71,51288300,389819552.0
2012-05-23,1.69,1.7,1.64,1.66,36692252,275553152.0
2012-05-24,1.66,1.7,1.65,1.67,25522034,192705104.0
2012-05-25,1.67,1.68,1.63,1.64,21370848,158653296.0
2012-05-28,1.64,1.81,1.63,1.81,72075376,560927040.0
2012-05-29,1.81,1.85,1.73,1.78,70552152,569855616.0
2012-05-30,1.75,1.79,1.75,1.76,28450820,226800416.0
2012-05-31,1.78,1.88,1.78,1.82,60491628,499186784.0
2012-06-01,1.82,1.82,1.78,1.79,29347340,237291472.0
2012-06-04,1.75,1.75,1.7,1.7,30424344,235777456.0
2012-06-05,1.73,1.74,1.69,1.71,16334148,125708440.0
2012-06-06,1.71,1.72,1.68,1.69,13729307,105065456.0
2012-06-07,1.71,1.72,1.66,1.66,14354460,109147176.0
2012-06-08,1.69,1.74,1.67,1.69,23219092,179177104.0
2012-06-11,1.69,1.71,1.66,1.71,17510144,133015920.0
2012-06-12,1.7,1.73,1.67,1.7,17588904,135262992.0
2012-06-13,1.71,1.72,1.69,1.72,16233538,125027400.0
2012-06-14,1.72,1.72,1.67,1.68,15150313,115822960.0
2012-06-15,1.68,1.69,1.64,1.66,18727768,140152688.0
2012-06-18,1.67,1.68,1.65,1.66,10685913,80175176.0
2012-06-19,1.66,1.67,1.64,1.65,9620066,71783896.0
2012-06-21,1.67,1.73,1.67,1.69,26738734,204772208.0
2012-06-25,1.69,1.69,1.61,1.61,17345200,127869208.0
2012-06-26,1.61,1.64,1.59,1.63,10435696,76555760.0
2012-06-27,1.62,1.63,1.6,1.61,8627123,62925168.0
2012-06-28,1.7,1.74,1.62,1.62,21651912,162859600.0
2012-06-29,1.59,1.6,1.55,1.6,20497766,145654432.0
2012-07-02,1.62,1.62,1.58,1.59,11498385,82714784.0
2012-07-03,1.6,1.6,1.57,1.58,12266792,87464624.0
2012-07-04,1.57,1.59,1.55,1.56,9216416,65065160.0
2012-07-05,1.55,1.57,1.5,1.51,13047859,89704184.0
2012-07-06,1.52,1.55,1.49,1.54,11585772,79323440.0
2012-07-09,1.53,1.53,1.47,1.47,10979279,74078280.0
2012-07-10,1.46,1.49,1.46,1.46,6441174,42598180.0
2012-07-11,1.46,1.48,1.45,1.48,6540142,43398936.0
2012-07-12,1.48,1.5,1.44,1.49,12478126,82810768.0
2012-07-13,1.48,1.5,1.47,1.47,6590501,43958924.0
2012-07-16,1.47,1.48,1.41,1.41,10182521,65806972.0
2012-07-17,1.41,1.45,1.4,1.44,10175486,65815704.0
2012-07-18,1.44,1.45,1.42,1.44,8111622,52466904.0
2012-07-19,1.45,1.57,1.44,1.53,28351088,193845792.0
2012-07-20,1.51,1.52,1.48,1.49,13924377,94003544.0
2012-07-23,1.46,1.47,1.44,1.45,8208165,53736364.0
2012-07-24,1.43,1.47,1.42,1.45,7042042,45972560.0
2012-07-25,1.43,1.45,1.42,1.42,8277696,53305464.0
2012-07-26,1.42,1.43,1.4,1.4,6779042,43213536.0
2012-07-27,1.41,1.42,1.4,1.4,5586814,35555996.0
2012-07-30,1.41,1.41,1.38,1.38,5553601,34828152.0
2012-07-31,1.38,1.4,1.36,1.37,5169358,31950264.0
2012-08-01,1.37,1.4,1.37,1.39,5709853,35669744.0
2012-08-02,1.39,1.39,1.36,1.37,4784203,29616734.0
2012-08-03,1.37,1.4,1.37,1.4,5914242,36937616.0
2012-08-06,1.4,1.44,1.38,1.43,11162475,71058704.0
2012-08-07,1.43,1.58,1.42,1.56,26694060,181573408.0
2012-08-08,1.53,1.56,1.5,1.51,20039844,137530080.0
2012-08-09,1.5,1.52,1.47,1.51,13574495,91592736.0
2012-08-10,1.5,1.54,1.5,1.51,10984532,75323920.0
2012-08-13,1.5,1.5,1.46,1.46,9548193,63738420.0
2012-08-14,1.45,1.48,1.42,1.47,7480607,48930196.0
2012-08-15,1.47,1.47,1.44,1.46,5527310,36330320.0
2012-08-16,1.45,1.47,1.45,1.45,3374760,22145234.0
2012-08-17,1.45,1.46,1.44,1.46,4523806,29477852.0
2012-08-20,1.45,1.45,1.42,1.44,4389881,28355830.0
2012-08-21,1.44,1.49,1.44,1.48,9693540,64645504.0
2012-08-22,1.49,1.52,1.47,1.5,10384484,70237696.0
2012-08-23,1.51,1.53,1.49,1.5,7390224,50230772.0
2012-08-24,1.5,1.5,1.46,1.48,6465376,42980644.0
2012-08-27,1.48,1.58,1.48,1.49,19066858,131142680.0
2012-08-28,1.47,1.51,1.46,1.49,8384583,56191756.0
2012-08-29,1.49,1.52,1.48,1.51,9622294,65212148.0
2012-08-30,1.52,1.53,1.45,1.47,9888680,66254832.0
2012-08-31,1.47,1.48,1.45,1.46,5795833,38138984.0
2012-09-03,1.46,1.48,1.44,1.47,5642434,37288936.0
2012-09-04,1.47,1.47,1.44,1.44,5860427,38432596.0
2012-09-05,1.47,1.5,1.45,1.46,8890685,58819344.0
2012-09-06,1.45,1.48,1.45,1.46,6019358,39517256.0
2012-09-07,1.48,1.55,1.47,1.53,28440152,195108880.0
2012-09-10,1.55,1.69,1.54,1.69,62848304,467981472.0
2012-09-11,1.7,1.72,1.66,1.71,54842328,418983872.0
2012-09-12,1.73,1.77,1.69,1.72,34242852,266573504.0
2012-09-13,1.72,1.89,1.7,1.89,82367024,673699008.0
2012-09-14,1.86,1.9,1.82,1.87,105580120,882953152.0
2012-09-17,1.86,1.89,1.8,1.85,84452160,704245440.0
2012-09-18,1.85,1.88,1.75,1.83,71734064,587429184.0
2012-09-19,1.81,1.85,1.81,1.84,59595336,491973312.0
2012-09-20,1.84,1.9,1.8,1.87,96407728,807102656.0
2012-09-21,1.89,1.92,1.82,1.86,83546456,706440512.0
2012-09-24,1.89,1.9,1.81,1.87,71917072,603998336.0
2012-09-25,1.86,1.91,1.83,1.89,51239544,432676032.0
2012-09-26,1.86,1.9,1.84,1.88,57684012,487702336.0
2012-09-27,1.94,1.98,1.83,1.88,98072368,834923328.0
2012-09-28,1.91,1.92,1.85,1.89,54951104,466097248.0
2012-10-08,1.88,1.94,1.87,1.92,65132168,558752448.0
2012-10-09,1.92,1.98,1.91,1.97,96122872,844317056.0
2012-10-10,1.96,1.98,1.9,1.91,66386664,576625472.0
2012-10-11,1.9,1.9,1.73,1.74,68348000,556335616.0
2012-10-12,1.73,1.77,1.65,1.71,38846508,299336192.0
2012-10-15,1.71,1.74,1.67,1.73,20384188,156976896.0
2012-10-16,1.72,1.74,1.7,1.71,16215995,125710312.0
2012-10-17,1.71,1.72,1.68,1.71,15843608,121511400.0
2012-10-18,1.72,1.77,1.71,1.76,25460836,200942784.0
2012-10-19,1.76,1.77,1.73,1.74,14117118,111223544.0
2012-10-22,1.74,1.74,1.69,1.72,11874169,91757648.0
2012-10-23,1.73,1.73,1.68,1.68,15152889,116218640.0
2012-10-24,1.66,1.69,1.66,1.67,9650228,73028016.0
2012-10-25,1.68,1.69,1.66,1.67,10547272,79416976.0
2012-10-26,1.67,1.67,1.6,1.6,13694644,100652360.0
2012-10-29,1.6,1.6,1.56,1.58,9269567,65978456.0
2012-10-30,1.59,1.6,1.57,1.59,7742754,55469980.0
2012-10-31,1.58,1.63,1.56,1.62,13811208,99511384.0
2012-11-01,1.62,1.67,1.62,1.65,12505363,92947624.0
2012-11-02,1.65,1.66,1.63,1.65,9724184,72146904.0
2012-11-05,1.64,1.65,1.61,1.63,9380442,68963680.0
2012-11-06,1.63,1.66,1.58,1.65,15410951,112348456.0
2012-11-07,1.64,1.67,1.63,1.64,11067349,82163616.0
2012-11-08,1.63,1.65,1.6,1.61,12423770,91096584.0
2012-11-09,1.61,1.65,1.61,1.65,13897407,102304856.0
2012-11-12,1.64,1.67,1.62,1.64,9534066,70600560.0
2012-11-13,1.63,1.64,1.59,1.59,11034490,79795848.0
2012-11-14,1.59,1.61,1.57,1.59,5522827,39489740.0
2012-11-15,1.59,1.59,1.56,1.56,5852471,41637200.0
2012-11-16,1.56,1.59,1.56,1.57,5698639,40241396.0
2012-11-19,1.57,1.63,1.56,1.59,12365075,88848712.0
2012-11-20,1.59,1.61,1.57,1.58,8394150,60081840.0
2012-11-21,1.58,1.59,1.55,1.59,8163667,58019976.0
2012-11-22,1.58,1.6,1.57,1.58,10533015,75213168.0
2012-11-23,1.58,1.59,1.57,1.58,5017915,35825848.0
2012-11-26,1.59,1.6,1.58,1.58,6395538,45778736.0
2012-11-27,1.6,1.6,1.56,1.56,11088069,79183744.0
2012-11-28,1.55,1.55,1.43,1.51,15998886,107301064.0
2012-11-29,1.51,1.57,1.49,1.51,16338606,113131176.0
2012-11-30,1.51,1.55,1.51,1.53,7052323,48747784.0
2012-12-03,1.53,1.56,1.5,1.53,17580382,122029864.0
2012-12-04,1.51,1.53,1.47,1.52,9588718,65070240.0
2012-12-05,1.52,1.63,1.52,1.61,28597000,204531296.0
2012-12-06,1.6,1.65,1.59,1.61,25788822,188585008.0
2012-12-07,1.6,1.64,1.59,1.62,23937542,174896704.0
2012-12-10,1.63,1.65,1.61,1.64,20126824,148323488.0
2012-12-11,1.63,1.76,1.61,1.69,48987664,375399680.0
2012-12-12,1.68,1.71,1.63,1.66,28063550,210891504.0
2012-12-13,1.65,1.68,1.62,1.63,14481623,107276552.0
2012-12-14,1.62,1.71,1.62,1.69,28506906,216113440.0
2012-12-17,1.7,1.73,1.68,1.7,21456582,164586640.0
2012-12-18,1.69,1.72,1.68,1.69,21714846,166394832.0
2012-12-19,1.69,1.75,1.68,1.71,24648528,191358960.0
2012-12-20,1.7,1.71,1.67,1.7,16472127,125677232.0
2012-12-21,1.7,1.71,1.68,1.68,14015137,106979184.0
2012-12-24,1.68,1.7,1.67,1.68,8564122,65007716.0
2012-12-25,1.68,1.74,1.67,1.72,25829946,199849344.0
2012-12-26,1.72,1.78,1.71,1.75,25568388,201978304.0
2012-12-27,1.75,1.8,1.72,1.72,23950950,189552928.0
2012-12-28,1.72,1.74,1.71,1.73,16685177,129766608.0
2012-12-31,1.75,1.75,1.72,1.73,15142571,118274952.0
2013-01-04,1.73,1.74,1.7,1.71,18101586,140222976.0
2013-01-07,1.71,1.72,1.7,1.71,14166293,109253400.0
2013-01-08,1.71,1.72,1.7,1.71,13933894,107259776.0
2013-01-09,1.72,1.72,1.7,1.71,14670493,113176928.0
2013-01-10,1.72,1.75,1.71,1.75,26592524,208362928.0
2013-01-11,1.75,1.76,1.67,1.67,23920904,185384336.0
2013-01-14,1.67,1.71,1.66,1.71,17583492,134463648.0
2013-01-15,1.72,1.76,1.71,1.75,26897310,211162752.0
2013-01-16,1.75,1.76,1.69,1.72,22098910,171641360.0
2013-01-17,1.71,1.71,1.69,1.69,13485808,103227840.0
2013-01-18,1.71,1.73,1.69,1.72,14290440,110408648.0
2013-01-21,1.73,1.75,1.7,1.74,18660352,145452880.0
2013-01-22,1.74,1.79,1.72,1.76,34574532,273719200.0
2013-01-23,1.74,1.81,1.74,1.8,35625304,285011360.0
2013-01-24,1.81,1.81,1.72,1.73,35322936,281640480.0
2013-01-25,1.73,1.74,1.69,1.7,13302497,102404224.0
2013-01-28,1.71,1.75,1.71,1.74,13350866,104127096.0
2013-01-29,1.75,1.75,1.73,1.74,13595386,106411088.0
2013-01-30,1.74,1.74,1.71,1.72,15298991,118850936.0
2013-01-31,1.73,1.76,1.71,1.75,17540754,137852656.0
2013-02-01,1.73,1.76,1.73,1.75,14268819,112431744.0
2013-02-04,1.75,1.79,1.74,1.74,23774318,189230128.0
2013-02-05,1.74,1.83,1.73,1.81,37543544,302680096.0
2013-02-06,1.81,1.83,1.79,1.79,20495596,166354992.0
2013-02-07,1.79,1.81,1.78,1.79,12028854,97217336.0
2013-02-08,1.8,1.81,1.79,1.8,14381577,116570416.0
2013-02-18,1.81,1.81,1.78,1.79,13404377,108354144.0
2013-02-19,1.79,1.79,1.73,1.74,18707016,147936624.0
2013-02-20,1.75,1.76,1.73,1.75,11207501,88399776.0
2013-02-21,1.74,1.74,1.69,1.71,17857356,138061312.0
2013-02-22,1.71,1.73,1.7,1.71,9697872,75073704.0
2013-02-25,1.72,1.73,1.71,1.71,7236526,56058552.0
2013-02-26,1.75,1.77,1.71,1.72,23537716,185490176.0
2013-02-27,1.72,1.74,1.71,1.72,9935142,77176272.0
2013-02-28,1.73,1.76,1.72,1.75,18001490,141668784.0
2013-03-01,1.76,1.77,1.73,1.75,14978135,118026088.0
2013-03-04,1.73,1.73,1.63,1.65,23130520,175519328.0
2013-03-05,1.65,1.68,1.65,1.68,11862060,89322744.0
2013-03-06,1.68,1.69,1.67,1.69,10683538,81043712.0
2013-03-07,1.69,1.69,1.64,1.67,12638952,95035392.0
2013-03-08,1.67,1.68,1.65,1.66,7546637,56680908.0
2013-03-11,1.66,1.66,1.64,1.65,6015669,44703412.0
2013-03-12,1.65,1.66,1.59,1.61,9996263,73194528.0
2013-03-13,1.61,1.61,1.57,1.59,6613782,47347696.0
2013-03-14,1.59,1.6,1.58,1.59,4498417,32262624.0
2013-03-15,1.6,1.62,1.58,1.59,7542300,54358880.0
2013-03-18,1.59,1.6,1.58,1.59,5463924,39213448.0
2013-03-19,1.61,1.62,1.59,1.61,6843197,49407384.0
2013-03-20,1.61,1.65,1.61,1.64,11954458,87874712.0
2013-03-21,1.64,1.65,1.63,1.64,7501021,55502236.0
2013-03-22,1.64,1.64,1.63,1.63,6020276,44310540.0
2013-03-25,1.63,1.74,1.62,1.71,27860520,213411040.0
2013-03-26,1.71,1.75,1.7,1.72,28724628,223745280.0
2013-03-27,1.72,1.83,1.7,1.81,39461760,313891008.0
2013-03-28,1.81,1.87,1.76,1.78,69460888,568645248.0
2013-03-29,1.79,1.96,1.76,1.96,97244512,827474816.0
2013-04-01,2.01,2.04,1.93,1.96,127695384,1137021184.0
2013-04-02,1.94,2.01,1.89,1.95,108325744,958947584.0
2013-04-03,1.93,1.96,1.9,1.95,40987820,355622720.0
2013-04-08,1.91,2.0,1.89,1.96,55453300,490503840.0
2013-04-09,1.94,2.01,1.91,1.95,74862960,661642368.0
2013-04-10,1.93,1.98,1.9,1.94,45488004,397768384.0
2013-04-11,1.95,2.0,1.93,1.93,57121564,505093056.0
2013-04-12,1.91,1.94,1.89,1.93,49374432,427372480.0
2013-04-15,1.91,1.97,1.9,1.95,58029068,507491552.0
2013-04-16,1.94,1.97,1.91,1.93,59517336,518873440.0
2013-04-17,1.92,1.93,1.75,1.77,81875632,673382016.0
2013-04-18,1.73,1.77,1.7,1.74,36572420,285585344.0
2013-04-19,1.75,1.77,1.74,1.76,31818560,252891568.0
2013-04-22,1.75,1.79,1.75,1.77,22599128,180158656.0
2013-04-23,1.77,1.77,1.69,1.7,27661996,214094624.0
2013-04-24,1.7,1.73,1.69,1.71,16424103,126454128.0
2013-04-25,1.71,1.72,1.67,1.67,18176200,138539152.0
2013-04-26,1.68,1.69,1.66,1.68,12668019,95968248.0
2013-05-02,1.69,1.72,1.67,1.71,11531222,88390152.0
2013-05-03,1.72,1.73,1.71,1.72,15153339,117736464.0
2013-05-06,1.72,1.73,1.7,1.72,15333584,118460032.0
2013-05-07,1.72,1.72,1.69,1.7,14848891,113914032.0
2013-05-08,1.71,1.71,1.69,1.7,11689744,89651776.0
2013-05-09,1.7,1.7,1.66,1.67,17011820,128206448.0
2013-05-10,1.67,1.7,1.65,1.7,11580535,87700832.0
2013-05-13,1.7,1.72,1.69,1.7,11410071,87674104.0
2013-05-14,1.7,1.74,1.69,1.72,20987842,162551344.0
2013-05-15,1.72,1.72,1.7,1.71,10174483,78359384.0
2013-05-16,1.71,1.75,1.7,1.74,21852816,170286240.0
2013-05-17,1.73,1.76,1.73,1.75,22081810,173964640.0
2013-05-20,1.76,1.77,1.74,1.75,18905536,149351696.0
2013-05-21,1.75,1.75,1.72,1.75,19407068,151917568.0
2013-05-22,1.75,1.83,1.73,1.81,42476408,344803808.0
2013-05-23,1.8,1.81,1.77,1.77,20255596,163300464.0
2013-05-24,1.78,1.8,1.78,1.79,13571084,109363944.0
2013-05-27,1.8,1.8,1.76,1.78,15351328,123070960.0
2013-05-28,1.78,1.79,1.75,1.79,16436940,130874256.0
2013-05-29,1.81,1.85,1.8,1.81,36543040,300849952.0
2013-05-30,1.8,1.81,1.78,1.79,17358764,140095872.0
2013-05-31,1.79,1.79,1.75,1.76,14650369,117053760.0
2013-06-03,1.76,1.77,1.76,1.76,8870903,70588864.0
2013-06-04,1.77,1.77,1.71,1.72,12529492,97957480.0
2013-06-05,1.72,1.73,1.7,1.72,7162782,55350364.0
2013-06-06,1.72,1.73,1.71,1.71,7126348,55234476.0
2013-06-07,1.71,1.72,1.68,1.68,8413892,64230888.0
2013-06-13,1.68,1.68,1.61,1.63,7590813,55937160.0
2013-06-14,1.64,1.66,1.63,1.66,5698531,42190744.0
2013-06-17,1.66,1.67,1.62,1.63,6902104,50848252.0
2013-06-18,1.63,1.63,1.61,1.63,4306607,31564272.0
2013-06-19,1.62,1.63,1.61,1.63,4682690,34197592.0
2013-06-20,1.62,1.65,1.61,1.63,8914520,65606440.0
2013-06-21,1.61,1.65,1.59,1.64,7042222,51658952.0
2013-06-24,1.64,1.66,1.51,1.55,14118472,101938840.0
2013-06-25,1.53,1.55,1.4,1.5,14886560,99564056.0
2013-06-26,1.5,1.52,1.48,1.5,6485596,43776684.0
2013-06-27,1.53,1.56,1.52,1.52,12537838,87288496.0
2013-06-28,1.5,1.56,1.49,1.52,7138140,49328712.0
2013-07-01,1.52,1.53,1.5,1.52,7045234,47952224.0
2013-07-02,1.51,1.54,1.51,1.54,6433059,44286296.0
2013-07-03,1.53,1.53,1.49,1.51,6419443,43664184.0
2013-07-04,1.53,1.55,1.51,1.54,9710442,67167848.0
2013-07-05,1.54,1.55,1.53,1.53,7791844,54044344.0
2013-07-08,1.51,1.51,1.46,1.46,8011007,53642968.0
2013-07-09,1.46,1.47,1.44,1.46,4370343,28639032.0
2013-07-10,1.46,1.49,1.46,1.49,5535344,36792832.0
2013-07-11,1.5,1.57,1.5,1.57,13701762,95598560.0
2013-07-12,1.57,1.59,1.55,1.56,9665584,68455840.0
2013-07-15,1.57,1.59,1.56,1.59,7277376,51788148.0
2013-07-16,1.59,1.62,1.56,1.61,12821188,92197968.0
2013-07-17,1.6,1.63,1.6,1.61,9224839,54357624.0
2013-07-18,1.6,1.61,1.55,1.55,9098497,52101492.0
2013-07-19,1.55,1.56,1.5,1.5,8227136,46128688.0
2013-07-22,1.5,1.53,1.47,1.53,5817457,31832972.0
2013-07-23,1.53,1.58,1.53,1.56,8592074,48844128.0
2013-07-24,1.56,1.56,1.51,1.54,8926734,49963440.0
2013-07-25,1.54,1.55,1.51,1.52,6974754,38775264.0
2013-07-26,1.52,1.53,1.5,1.52,7733741,42635304.0
2013-07-29,1.53,1.54,1.5,1.5,6950895,38292044.0
2013-07-30,1.51,1.52,1.49,1.51,5317132,29297086.0
2013-07-31,1.51,1.54,1.51,1.52,5372172,29799768.0
2013-08-01,1.52,1.56,1.52,1.55,12825460,72396112.0
2013-08-02,1.56,1.58,1.54,1.55,9514067,54055988.0
2013-08-05,1.54,1.56,1.54,1.56,5818762,32960188.0
2013-08-06,1.56,1.58,1.55,1.56,8790036,50150832.0
2013-08-07,1.56,1.57,1.55,1.56,9880480,56318392.0
2013-08-08,1.56,1.57,1.54,1.54,7414570,41930340.0
2013-08-09,1.53,1.54,1.5,1.51,15137794,83766992.0
2013-08-12,1.51,1.55,1.51,1.55,14479230,80772848.0
2013-08-13,1.56,1.56,1.54,1.56,10549803,59783780.0
2013-08-14,1.56,1.59,1.56,1.58,19697012,113158808.0
2013-08-15,1.58,1.59,1.56,1.56,10068274,57754952.0
2013-08-16,1.56,1.58,1.53,1.53,13924278,78658120.0
2013-08-19,1.53,1.55,1.52,1.55,6851929,38441624.0
2013-08-20,1.54,1.56,1.52,1.53,7268179,40867056.0
2013-08-21,1.53,1.53,1.52,1.53,5516626,30640340.0
2013-08-22,1.52,1.53,1.51,1.52,5204040,28912552.0
2013-08-23,1.56,1.6,1.54,1.57,31309272,180073008.0
2013-08-26,1.58,1.73,1.56,1.72,61025744,373020608.0
2013-08-27,1.73,1.86,1.7,1.78,78777768,513160832.0
2013-08-28,1.78,1.86,1.71,1.81,81587792,540086848.0
2013-08-29,1.81,1.84,1.76,1.78,39747696,259388976.0
2013-08-30,1.82,1.95,1.79,1.92,96408432,662209984.0
2013-09-02,1.97,1.99,1.77,1.77,74789792,502520448.0
2013-09-03,1.75,1.83,1.73,1.78,36973592,240186048.0
2013-09-04,1.79,1.82,1.75,1.8,34980584,228438480.0
2013-09-05,1.78,1.78,1.73,1.73,31499718,200490848.0
2013-09-06,1.73,1.86,1.73,1.81,54729108,359094112.0
2013-09-09,1.81,1.85,1.78,1.84,56496264,375867232.0
2013-09-10,1.83,2.02,1.81,2.02,64986504,469840448.0
2013-09-11,2.11,2.19,2.0,2.03,156638240,1190313984.0
2013-09-12,1.98,2.07,1.96,2.03,62012592,457253312.0
2013-09-13,2.04,2.04,1.93,1.95,52555240,377733216.0
2013-09-16,1.95,2.03,1.92,1.96,39554016,286653600.0
2013-09-17,1.97,1.98,1.86,1.86,41195252,286538048.0
2013-09-18,1.87,1.93,1.86,1.9,27818226,192965504.0
2013-09-23,1.93,2.01,1.92,1.96,39269832,282092480.0
2013-09-24,1.95,2.12,1.93,2.04,71138008,525139648.0
2013-09-25,2.04,2.08,1.98,1.99,60444964,447303264.0
2013-09-26,1.99,1.99,1.82,1.83,48857064,335975520.0
2013-09-27,1.83,1.85,1.78,1.81,23066780,152065184.0
2013-09-30,1.82,1.87,1.82,1.84,16660204,112421792.0
2013-10-08,1.84,1.86,1.81,1.85,16557399,111317224.0
2013-10-09,1.84,1.85,1.81,1.84,21424594,143002256.0
2013-10-10,1.83,1.87,1.83,1.84,22263472,150424160.0
2013-10-11,1.87,2.03,1.86,2.0,67803568,483986880.0
2013-10-14,1.98,2.01,1.95,1.96,43660360,313772064.0
2013-10-15,1.96,2.0,1.93,1.99,33633360,242027232.0
2013-10-16,1.96,2.01,1.88,1.89,34322728,241866848.0
2013-10-17,1.9,1.92,1.85,1.86,19944496,136913840.0
2013-10-18,1.86,1.88,1.85,1.86,12596101,85643832.0
2013-10-21,1.87,1.94,1.86,1.92,17345436,120553792.0
2013-10-22,1.92,1.93,1.87,1.89,16586973,114570472.0
2013-10-23,1.9,1.94,1.86,1.87,19111456,132549024.0
2013-10-24,1.88,1.89,1.84,1.84,11813891,80023680.0
2013-10-25,1.85,1.85,1.77,1.78,18737724,123155368.0
2013-10-28,1.78,1.81,1.77,1.79,9660816,62999252.0
2013-10-29,1.8,1.8,1.69,1.72,14729940,93291744.0
2013-10-30,1.73,1.75,1.7,1.75,9207425,57995956.0
2013-10-31,1.75,1.77,1.72,1.72,11315335,71652976.0
2013-11-01,1.72,1.75,1.7,1.73,7600886,47841112.0
2013-11-04,1.74,1.75,1.71,1.72,7633246,48064040.0
2013-11-05,1.71,1.74,1.7,1.74,8826515,55281188.0
2013-11-06,1.73,1.73,1.71,1.71,7172416,45051360.0
2013-11-07,1.71,1.71,1.67,1.68,8745017,53992568.0
2013-11-08,1.67,1.71,1.66,1.69,9509047,58477332.0
2013-11-11,1.69,1.69,1.65,1.65,6939055,42040492.0
2013-11-12,1.65,1.67,1.64,1.67,8784656,53137816.0
2013-11-13,1.67,1.68,1.65,1.65,7396411,44933160.0
2013-11-14,1.66,1.67,1.64,1.66,7013784,42411316.0
2013-11-15,1.67,1.73,1.66,1.72,17603416,110204696.0
2013-11-18,1.72,1.77,1.71,1.76,16344024,103746152.0
2013-11-19,1.76,1.78,1.74,1.75,11983654,76639504.0
2013-11-20,1.75,1.76,1.73,1.75,7658730,48760768.0
2013-11-21,1.75,1.75,1.73,1.74,9185863,58309144.0
2013-11-22,1.75,1.75,1.73,1.74,8638210,54936528.0
2013-11-25,1.73,1.78,1.72,1.75,10181190,65355320.0
2013-11-26,1.74,1.78,1.74,1.76,8821821,56665612.0
2013-11-27,1.77,1.78,1.75,1.76,8195078,52727456.0
2013-11-28,1.77,1.79,1.76,1.78,12383191,80333176.0
2013-11-29,1.78,1.79,1.76,1.76,9499705,61435680.0
2013-12-02,1.74,1.75,1.68,1.7,14963916,93821368.0
2013-12-03,1.7,1.73,1.69,1.73,6471164,40458720.0
2013-12-04,1.73,1.86,1.73,1.82,33681576,222587552.0
2013-12-05,1.82,1.83,1.79,1.81,16878426,111254928.0
2013-12-06,1.81,1.81,1.78,1.79,9116391,59784540.0
2013-12-09,1.81,1.83,1.78,1.81,7358029,48524288.0
2013-12-10,1.81,1.89,1.81,1.86,22900580,155470912.0
2013-12-11,1.84,1.84,1.79,1.8,13426683,88757760.0
2013-12-12,1.81,1.85,1.8,1.82,10638794,71101560.0
2013-12-13,1.81,1.85,1.8,1.83,10167809,68001072.0
2013-12-16,1.83,1.86,1.79,1.8,12430553,82289424.0
2013-12-17,1.8,1.82,1.77,1.78,7826058,51146416.0
2013-12-18,1.78,1.79,1.76,1.77,5343149,34611424.0
2013-12-19,1.77,1.78,1.72,1.72,8626195,54932224.0
2013-12-20,1.73,1.75,1.7,1.71,7428656,46708460.0
2013-12-23,1.72,1.73,1.69,1.71,4747476,29605476.0
2013-12-24,1.72,1.73,1.7,1.72,5360045,33542686.0
2013-12-25,1.72,1.73,1.71,1.73,4758173,29847196.0
2013-12-26,1.74,1.74,1.69,1.7,5350573,33402860.0
2013-12-27,1.71,1.72,1.7,1.72,5621472,35106944.0
2013-12-30,1.72,1.73,1.71,1.71,4632987,28994644.0
2013-12-31,1.7,1.72,1.7,1.71,4830963,30120050.0
2014-01-02,1.71,1.72,1.7,1.71,5056931,31477252.0
2014-01-03,1.71,1.71,1.66,1.67,7607485,46539488.0
2014-01-06,1.67,1.67,1.61,1.61,8409260,50045588.0
2014-01-07,1.6,1.65,1.57,1.62,5743533,33838712.0
2014-01-08,1.62,1.65,1.6,1.6,5755155,33946236.0
2014-01-09,1.6,1.63,1.57,1.58,6669727,38944704.0
2014-01-10,1.58,1.6,1.57,1.58,4349705,25113436.0
2014-01-13,1.58,1.59,1.54,1.55,4482931,25575592.0
2014-01-14,1.55,1.59,1.55,1.58,3515591,20084508.0
2014-01-15,1.58,1.58,1.55,1.56,4245374,24214804.0
2014-01-16,1.56,1.58,1.55,1.57,3809228,21776494.0
2014-01-17,1.58,1.58,1.55,1.55,3812825,21623208.0
2014-01-20,1.55,1.56,1.55,1.56,2941173,16709357.0
2014-01-21,1.56,1.58,1.56,1.57,4273282,24477920.0
2014-01-22,1.58,1.62,1.57,1.62,7411299,43449000.0
2014-01-23,1.63,1.64,1.62,1.63,5142127,30543752.0
2014-01-24,1.63,1.65,1.62,1.64,8463541,50551232.0
2014-01-27,1.64,1.64,1.63,1.64,5043672,30086122.0
2014-01-28,1.64,1.65,1.63,1.63,5285120,31563256.0
2014-01-29,1.64,1.64,1.61,1.62,7368325,43677836.0
2014-01-30,1.62,1.64,1.61,1.63,6017435,35749780.0
2014-02-07,1.63,1.64,1.61,1.63,7053812,41766828.0
2014-02-10,1.63,1.67,1.63,1.67,16399162,98780528.0
2014-02-11,1.67,1.67,1.65,1.67,11813235,71708160.0
2014-02-12,1.67,1.68,1.66,1.67,11537145,70179360.0
2014-02-13,1.67,1.7,1.66,1.67,16291937,99748176.0
2014-02-14,1.68,1.75,1.68,1.75,26840926,167745408.0
2014-02-17,1.75,1.81,1.73,1.76,31672348,204545904.0
2014-02-18,1.76,1.78,1.73,1.74,14236028,90788224.0
2014-02-19,1.73,1.75,1.71,1.74,11004584,69526680.0
2014-02-20,1.74,1.77,1.72,1.72,10480104,66656176.0
2014-02-21,1.72,1.73,1.67,1.67,10812736,66745112.0
2014-02-24,1.67,1.67,1.64,1.64,8711355,52373552.0
2014-02-25,1.64,1.66,1.6,1.6,8659330,51625120.0
2014-02-26,1.6,1.67,1.6,1.66,10842650,64620328.0
2014-02-27,1.67,1.68,1.66,1.67,10168657,62029096.0
2014-02-28,1.67,1.69,1.65,1.67,9487049,57795412.0
2014-03-03,1.67,1.73,1.67,1.72,20306676,126686280.0
2014-03-05,1.71,1.71,1.64,1.65,18347712,111590280.0
2014-03-06,1.63,1.67,1.62,1.66,8592199,51599388.0
2014-03-07,1.66,1.66,1.62,1.63,8162760,48861572.0
2014-03-10,1.61,1.61,1.56,1.56,9172456,53045844.0
2014-03-11,1.56,1.59,1.56,1.57,4406999,25276036.0
2014-03-12,1.57,1.62,1.57,1.61,8575259,50106196.0
2014-03-13,1.6,1.61,1.59,1.61,5907346,34510272.0
2014-03-14,1.61,1.61,1.58,1.59,3908482,22734086.0
2014-03-17,1.59,1.63,1.59,1.63,5714892,33639844.0
2014-03-18,1.62,1.63,1.61,1.63,6316175,37356564.0
2014-03-19,1.67,1.68,1.63,1.65,17428356,105091384.0
2014-03-20,1.65,1.66,1.61,1.61,7243232,43246680.0
2014-03-21,1.61,1.67,1.61,1.66,9881272,59194836.0
2014-03-24,1.68,1.68,1.66,1.68,11243497,68633904.0
2014-03-25,1.69,1.78,1.68,1.72,27485566,173928832.0
2014-03-26,1.73,1.75,1.7,1.72,15013129,94426928.0
2014-03-27,1.71,1.73,1.69,1.7,10821582,67410568.0
2014-03-28,1.71,1.75,1.7,1.72,22263132,140777360.0
2014-03-31,1.73,1.75,1.68,1.69,10115699,62977428.0
2014-04-01,1.69,1.71,1.68,1.69,6662001,41157580.0
2014-04-02,1.69,1.71,1.69,1.7,5907816,36671424.0
2014-04-03,1.7,1.72,1.66,1.67,9518925,58486580.0
2014-04-04,1.67,1.69,1.66,1.69,5168822,31676854.0
2014-04-08,1.69,1.72,1.68,1.71,12184584,75648688.0
2014-04-09,1.71,1.73,1.71,1.71,6839440,42838496.0
2014-04-10,1.72,1.73,1.72,1.72,9636925,60631616.0
2014-04-11,1.72,1.73,1.71,1.73,7954640,50058424.0
2014-04-14,1.72,1.74,1.72,1.74,11077296,69974936.0
2014-04-15,1.74,1.74,1.7,1.71,8487979,53224584.0
2014-04-16,1.7,1.72,1.7,1.71,5859852,36501704.0
2014-04-17,1.71,1.73,1.7,1.72,6306694,39476100.0
2014-04-18,1.7,1.72,1.7,1.7,5153359,32079390.0
2014-04-21,1.7,1.7,1.67,1.67,7834105,48207364.0
2014-04-22,1.67,1.69,1.66,1.68,6287487,38353528.0
2014-04-23,1.69,1.7,1.67,1.68,4663396,28719884.0
2014-04-24,1.67,1.68,1.65,1.65,5353976,32515984.0
2014-04-25,1.65,1.66,1.61,1.62,6401624,38380280.0
2014-04-28,1.61,1.63,1.6,1.61,5966778,35072272.0
2014-04-29,1.61,1.65,1.61,1.65,4456637,26515952.0
2014-04-30,1.66,1.66,1.64,1.65,3313322,19944340.0
2014-05-05,1.64,1.65,1.62,1.64,5214346,30980476.0
2014-05-06,1.64,1.64,1.63,1.63,5470121,32623332.0
2014-05-07,1.63,1.63,1.6,1.61,5906863,34801712.0
2014-05-08,1.61,1.63,1.6,1.61,4048043,23830208.0
2014-05-09,1.62,1.62,1.59,1.61,4327325,25352870.0
2014-05-12,1.62,1.65,1.62,1.64,7197799,42952652.0
2014-05-13,1.65,1.65,1.62,1.63,5367214,31847160.0
2014-05-14,1.63,1.64,1.62,1.64,3933024,23436832.0
2014-05-15,1.64,1.64,1.61,1.61,3761128,22236152.0
2014-05-16,1.62,1.63,1.61,1.62,3573387,21089332.0
2014-05-19,1.62,1.62,1.6,1.6,2712724,15881481.0
2014-05-20,1.61,1.62,1.59,1.6,2989999,17488956.0
2014-05-21,1.6,1.61,1.59,1.61,2526112,14759374.0
2014-05-22,1.61,1.63,1.61,1.61,3993237,23569584.0
2014-05-23,1.61,1.63,1.61,1.63,3066956,18135626.0
2014-05-26,1.64,1.64,1.62,1.63,3083696,18314552.0
2014-05-27,1.62,1.63,1.61,1.61,2821290,16672713.0
2014-05-28,1.61,1.62,1.6,1.62,4087481,24039468.0
2014-05-29,1.62,1.63,1.61,1.61,3261321,19214588.0
2014-05-30,1.61,1.62,1.6,1.62,3307868,19468584.0
2014-06-03,1.62,1.62,1.61,1.61,2633702,15526229.0
2014-06-04,1.61,1.61,1.58,1.59,4084245,23769956.0
2014-06-05,1.59,1.6,1.59,1.6,2420145,14063669.0
2014-06-06,1.6,1.6,1.58,1.58,4975373,28768124.0
2014-06-09,1.57,1.6,1.57,1.58,3510066,20297524.0
2014-06-10,1.6,1.62,1.59,1.62,7467462,43872416.0
2014-06-11,1.61,1.63,1.61,1.62,3627522,21468856.0
2014-06-12,1.62,1.62,1.6,1.61,5565645,32633832.0
2014-06-13,1.61,1.62,1.6,1.62,4924276,28989448.0
2014-06-16,1.62,1.64,1.62,1.64,9239779,55101608.0
2014-06-17,1.64,1.65,1.63,1.63,5645381,25081392.0
2014-06-18,1.63,1.63,1.59,1.59,8295875,36112460.0
2014-06-19,1.59,1.6,1.56,1.56,5720279,24566316.0
2014-06-20,1.56,1.58,1.56,1.57,3342129,14223163.0
2014-06-23,1.57,1.57,1.54,1.54,8358968,35214656.0
2014-06-24,1.55,1.55,1.54,1.55,3688596,15466790.0
2014-06-25,1.55,1.56,1.53,1.55,3726813,15595184.0
2014-06-26,1.55,1.57,1.54,1.56,6587341,27820026.0
2014-06-27,1.56,1.57,1.55,1.56,5455015,23067904.0
2014-06-30,1.57,1.59,1.57,1.58,5792296,24818336.0
2014-07-01,1.59,1.59,1.57,1.57,5395612,23069456.0
2014-07-02,1.58,1.58,1.56,1.58,6208242,26474216.0
2014-07-03,1.58,1.59,1.57,1.59,6578907,28249296.0
2014-07-04,1.59,1.59,1.57,1.58,5985860,25570512.0
2014-07-07,1.58,1.58,1.56,1.57,5007006,21316792.0
2014-07-08,1.57,1.57,1.56,1.57,4216262,17926930.0
2014-07-09,1.57,1.57,1.54,1.55,5938790,25043704.0
2014-07-10,1.55,1.55,1.54,1.54,5345955,22398300.0
2014-07-11,1.54,1.56,1.54,1.54,4955542,20817000.0
2014-07-14,1.54,1.56,1.54,1.56,6314576,26620794.0
2014-07-15,1.56,1.57,1.55,1.56,6520765,27509958.0
2014-07-16,1.56,1.59,1.56,1.58,11696889,49909944.0
2014-07-17,1.57,1.58,1.56,1.56,5560473,23572472.0
2014-07-18,1.55,1.57,1.55,1.56,4430449,18797496.0
2014-07-21,1.57,1.58,1.55,1.57,7099136,30109326.0
2014-07-22,1.57,1.58,1.56,1.57,7441433,31685422.0
2014-07-23,1.57,1.57,1.56,1.57,7684022,32665200.0
2014-07-24,1.57,1.6,1.57,1.6,17961492,77406984.0
2014-07-25,1.6,1.61,1.59,1.6,12473082,53965080.0
2014-07-28,1.6,1.64,1.6,1.63,21123940,93225880.0
2014-07-29,1.63,1.67,1.63,1.66,25395856,114044064.0
2014-07-30,1.65,1.67,1.63,1.66,16288491,72852480.0
2014-07-31,1.66,1.67,1.64,1.66,13398107,60120252.0
2014-08-01,1.66,1.75,1.65,1.69,45387164,209706000.0
2014-08-04,1.69,1.73,1.68,1.72,26888464,124594240.0
2014-08-05,1.71,1.72,1.7,1.71,15067845,69637088.0
2014-08-06,1.71,1.72,1.68,1.71,16744692,77280872.0
2014-08-07,1.71,1.72,1.69,1.7,15609048,72082432.0
2014-08-08,1.7,1.71,1.69,1.7,10239712,47149952.0
2014-08-11,1.71,1.71,1.69,1.71,14722464,68153552.0
2014-08-12,1.71,1.71,1.7,1.71,12649347,58547228.0
2014-08-13,1.71,1.71,1.69,1.7,12895284,59429248.0
2014-08-14,1.71,1.72,1.7,1.7,23798168,110260152.0
2014-08-15,1.7,1.71,1.69,1.7,12939211,59571856.0
2014-08-18,1.7,1.71,1.69,1.71,16658847,76956832.0
2014-08-19,1.71,1.71,1.7,1.71,12694272,58737936.0
2014-08-20,1.71,1.74,1.71,1.73,24990724,117083160.0
2014-08-21,1.73,1.73,1.7,1.71,12489695,57948064.0
2014-08-22,1.71,1.74,1.7,1.74,21998052,103032528.0
2014-08-25,1.74,1.75,1.73,1.73,18494664,87230776.0
2014-08-26,1.73,1.73,1.68,1.68,17757776,82110096.0
2014-08-27,1.68,1.69,1.67,1.68,9443152,42984120.0
2014-08-28,1.68,1.68,1.64,1.66,11607428,52344892.0
2014-08-29,1.66,1.67,1.65,1.67,6817596,30691740.0
2014-09-01,1.67,1.73,1.67,1.72,17747768,82276832.0
2014-09-02,1.72,1.73,1.71,1.73,17211544,80240192.0
2014-09-03,1.73,1.76,1.72,1.75,32166656,152252848.0
2014-09-04,1.78,1.81,1.77,1.78,43875244,212862032.0
2014-09-05,1.78,1.8,1.76,1.79,30872520,149098864.0
2014-09-09,1.79,1.81,1.78,1.79,20039380,97470376.0
2014-09-10,1.78,1.78,1.76,1.77,19170632,91952408.0
2014-09-11,1.79,1.84,1.77,1.78,42513564,208480832.0
2014-09-12,1.78,1.82,1.77,1.81,25904144,126511344.0
2014-09-15,1.81,1.82,1.79,1.81,21965256,107685632.0
2014-09-16,1.81,1.86,1.78,1.79,52803528,261255664.0
2014-09-17,1.78,1.81,1.76,1.79,22777264,110091080.0
2014-09-18,1.81,1.86,1.8,1.85,62008848,309461920.0
2014-09-19,1.86,1.86,1.82,1.84,26279628,130759696.0
2014-09-22,1.84,1.85,1.79,1.8,23694692,116220080.0
2014-09-23,1.79,1.83,1.79,1.81,17864950,87660536.0
2014-09-24,1.81,1.84,1.79,1.82,23653084,116849056.0
2014-09-25,1.84,1.84,1.81,1.82,25380314,125841696.0
2014-09-26,1.81,1.83,1.81,1.81,15821019,78009480.0
2014-09-29,1.81,1.84,1.81,1.84,23561056,116734280.0
2014-09-30,1.83,1.86,1.83,1.84,26738410,133895872.0
2014-10-08,1.85,1.86,1.84,1.85,20016690,100280016.0
2014-10-09,1.85,1.86,1.84,1.85,22576300,113037608.0
2014-10-10,1.85,1.85,1.83,1.84,19635468,97970984.0
2014-10-13,1.83,1.84,1.82,1.84,16875764,83807064.0
2014-10-14,1.84,1.85,1.82,1.83,17050380,85021976.0
2014-10-15,1.82,1.84,1.82,1.83,13348515,66168036.0
2014-10-16,1.83,1.9,1.81,1.85,47282812,238764448.0
2014-10-17,1.84,1.85,1.81,1.82,21509868,106631736.0
2014-10-20,1.83,1.84,1.82,1.83,11657159,57834704.0
2014-10-21,1.83,1.85,1.82,1.82,13316170,66231336.0
2014-10-22,1.82,1.83,1.78,1.78,15678130,77007992.0
2014-10-23,1.8,1.82,1.76,1.77,17214784,83362632.0
2014-10-24,1.77,1.79,1.75,1.77,13265768,63796088.0
2014-10-27,1.77,1.77,1.74,1.75,10426570,49623924.0
2014-10-28,1.76,1.8,1.76,1.8,17699656,85697024.0
2014-10-29,1.8,1.86,1.8,1.84,40338920,200882080.0
2014-10-30,1.84,1.96,1.84,1.92,108391296,558838848.0
2014-10-31,1.91,1.92,1.89,1.91,53012256,273476032.0
2014-11-03,1.91,1.94,1.89,1.92,43553964,226850368.0
2014-11-04,1.92,2.01,1.9,1.98,85117072,453245152.0
2014-11-05,2.01,2.04,1.95,1.99,88218744,477722400.0
2014-11-06,2.07,2.19,1.99,2.15,209710064,1222143616.0
2014-11-07,2.06,2.11,2.02,2.07,155974688,876214336.0
2014-11-10,2.06,2.11,2.04,2.1,78391872,443684864.0
2014-11-11,2.1,2.1,1.95,1.99,85444672,468861536.0
2014-11-12,1.98,2.08,1.96,2.06,68075792,377768064.0
2014-11-13,2.08,2.18,2.06,2.08,96224968,553505984.0
2014-11-14,2.05,2.11,1.99,2.04,55224088,305868768.0
2014-11-17,2.06,2.1,2.01,2.06,44303376,246041200.0
2014-11-18,2.05,2.09,2.03,2.06,42727884,238941872.0
2014-11-19,2.08,2.15,2.07,2.09,60429992,344633920.0
2014-11-20,2.11,2.13,2.05,2.07,38976828,219425696.0
2014-11-21,2.07,2.11,2.05,2.1,45350728,255361904.0
2014-11-24,2.15,2.19,2.1,2.15,90774144,529744224.0
2014-11-25,2.17,2.36,2.17,2.36,229865376,1443555200.0
2014-11-26,2.32,2.38,2.29,2.36,145006992,917093376.0
2014-11-27,2.34,2.35,2.29,2.33,78243072,491783136.0
2014-11-28,2.32,2.37,2.29,2.35,92329552,584184256.0
2014-12-01,2.34,2.34,2.27,2.27,70641928,440367936.0
2014-12-02,2.3,2.46,2.3,2.37,112449048,726450432.0
2014-12-03,2.37,2.44,2.32,2.4,107511768,695739392.0
2014-12-04,2.39,2.44,2.36,2.44,92774776,604836736.0
2014-12-05,2.44,2.45,2.3,2.34,82899872,534540480.0
2014-12-08,2.35,2.49,2.31,2.48,116527664,763986880.0
2014-12-09,2.49,2.67,2.37,2.4,155217504,1065970688.0
2014-12-10,2.53,2.57,2.41,2.54,97926328,664570176.0
2014-12-11,2.54,2.64,2.51,2.55,86144672,598950784.0
2014-12-12,2.57,2.71,2.57,2.69,107188608,764035968.0
2014-12-15,2.68,2.96,2.63,2.92,137084752,1043232512.0
2014-12-16,2.91,2.92,2.79,2.88,102115144,794142720.0
2014-12-17,2.88,3.0,2.81,2.88,97363144,766931264.0
2014-12-18,2.86,3.04,2.84,2.97,98055160,785812800.0
2014-12-19,3.04,3.25,2.97,3.24,136792752,1157682176.0
2014-12-22,3.27,3.5,2.99,3.06,152932032,1333541120.0
2014-12-23,3.04,3.04,2.75,2.85,81627744,645561472.0
2014-12-24,2.88,2.91,2.8,2.84,57102088,439207168.0
2014-12-25,2.87,3.09,2.84,3.09,87176944,700476736.0
2014-12-26,3.08,3.24,3.0,3.15,110146384,934880320.0
2014-12-29,3.16,3.28,3.09,3.18,105595952,916636416.0
2014-12-30,3.18,3.19,3.08,3.11,52236972,443081376.0
2014-12-31,3.12,3.16,3.03,3.1,56521496,473668416.0
2015-01-05,3.1,3.21,3.09,3.14,69583888,595559104.0
2015-01-06,3.1,3.17,3.03,3.08,59566304,498395456.0
2015-01-07,3.09,3.16,3.06,3.13,57755784,487840992.0
2015-01-08,3.13,3.13,2.99,3.01,52694212,434946432.0
2015-01-09,2.96,3.03,2.91,2.92,59592256,480107136.0
2015-01-12,2.87,2.9,2.79,2.81,41965244,323511616.0
2015-01-13,2.82,2.87,2.82,2.86,24581962,189712000.0
2015-01-14,2.86,2.88,2.75,2.77,28603720,218569568.0
2015-01-15,2.78,2.94,2.78,2.93,40867544,317391296.0
2015-01-16,2.95,3.1,2.92,3.09,66143704,541501184.0
2015-01-19,2.95,3.17,2.88,2.99,100601560,825757184.0
2015-01-20,2.97,3.16,2.97,3.15,97575368,821861760.0
2015-01-21,3.16,3.34,3.16,3.28,104255808,926498112.0
2015-01-22,3.31,3.42,3.26,3.35,97412304,884432448.0
2015-01-23,3.4,3.42,3.27,3.33,72014608,648700800.0
2015-01-26,3.5,3.66,3.43,3.66,143449536,1375463040.0
2015-01-27,3.77,3.9,3.67,3.71,175981664,1795793408.0
2015-01-28,3.69,3.9,3.66,3.8,113065376,1158200192.0
2015-01-29,3.76,3.78,3.59,3.6,109329136,1091812224.0
2015-01-30,3.59,3.64,3.44,3.45,96763304,920952256.0
2015-02-02,3.38,3.56,3.34,3.49,68377248,644457856.0
2015-02-03,3.53,3.62,3.47,3.52,56859664,545551232.0
2015-02-04,3.5,3.51,3.37,3.41,53388928,499476640.0
2015-02-05,3.5,3.5,3.36,3.37,48272784,446841088.0
2015-02-06,3.35,3.5,3.35,3.38,52820504,490872736.0
2015-02-09,3.4,3.44,3.33,3.4,34088984,313313056.0
2015-02-10,3.39,3.59,3.38,3.59,53368680,504584320.0
2015-02-11,3.58,3.74,3.56,3.68,68456512,681753856.0
2015-02-12,3.76,3.76,3.64,3.66,50100224,501265632.0
2015-02-13,3.71,3.72,3.66,3.66,47105776,470725120.0
2015-02-16,3.68,3.69,3.58,3.66,46857172,460665280.0
2015-02-17,3.7,3.95,3.68,3.85,77433152,804002752.0
2015-02-25,3.87,3.9,3.78,3.85,51408592,535361152.0
2015-02-26,3.85,3.94,3.78,3.9,60541432,636397312.0
2015-02-27,3.89,3.94,3.82,3.86,53105448,558071168.0
2015-03-02,3.89,3.9,3.8,3.9,53533732,560257344.0
2015-03-03,4.05,4.12,3.89,3.9,114958824,1250986624.0
2015-03-04,3.89,3.92,3.76,3.85,78496184,814754880.0
2015-03-05,3.83,3.93,3.8,3.88,48364712,506285984.0
2015-03-06,3.88,4.02,3.8,3.94,75590944,804093760.0
2015-03-09,3.94,4.05,3.9,3.97,69456168,750211968.0
2015-03-10,3.94,4.0,3.88,3.91,56198164,598102400.0
2015-03-11,3.92,3.94,3.78,3.8,62042340,642998976.0
2015-03-12,3.8,3.89,3.8,3.83,38967688,405091232.0
2015-03-13,3.83,3.86,3.79,3.84,32898162,341063520.0
2015-03-16,3.86,4.03,3.86,3.99,77032600,822511040.0
2015-03-17,4.0,4.01,3.93,3.96,66672584,716853056.0
2015-03-18,3.96,4.02,3.94,4.02,62567564,676409920.0
2015-03-19,4.02,4.18,3.97,4.14,94237824,1043915904.0
2015-03-20,4.15,4.16,4.05,4.1,76653328,851412288.0
2015-03-23,4.15,4.2,4.05,4.1,95102720,1057312832.0
2015-03-24,4.15,4.17,3.91,4.0,101452880,1112350592.0
2015-03-25,4.0,4.0,3.91,3.93,67250848,716681408.0
2015-03-26,3.91,3.98,3.86,3.93,50866908,540607168.0
2015-03-27,3.93,3.99,3.91,3.96,43197456,463698912.0
2015-03-30,4.03,4.15,3.99,4.15,112512328,1248011776.0
2015-03-31,4.16,4.31,4.07,4.09,108933368,1240589952.0
2015-04-01,4.07,4.14,4.07,4.11,52837888,588803264.0
2015-04-02,4.12,4.15,4.05,4.09,68438432,757971776.0
2015-04-03,4.1,4.12,4.05,4.1,63101348,700091520.0
2015-04-07,4.12,4.24,4.09,4.19,96983256,1093367424.0
2015-04-08,4.21,4.41,4.13,4.36,136139248,1575387648.0
2015-04-09,4.29,4.34,4.13,4.21,81795360,937285760.0
2015-04-10,4.17,4.39,4.17,4.36,96594992,1133599616.0
2015-04-13,4.41,4.79,4.34,4.75,135913136,1668846592.0
2015-04-14,4.75,4.99,4.63,4.82,132621776,1742604544.0
2015-04-15,4.82,4.82,4.56,4.62,81448672,1033370432.0
2015-04-16,4.57,4.72,4.46,4.67,63013784,788604928.0
2015-04-17,4.74,4.98,4.68,4.85,110824048,1445410176.0
2015-04-20,4.79,5.09,4.71,4.81,127446504,1683209472.0
2015-04-21,4.7,4.79,4.64,4.77,77529240,992800192.0
2015-04-22,4.78,4.96,4.78,4.87,97105080,1286721024.0
2015-04-23,4.87,5.08,4.87,4.95,102862064,1384889472.0
2015-04-24,4.87,4.91,4.72,4.84,74158272,971540032.0
2015-04-27,4.87,5.07,4.87,4.92,76539312,1026640128.0
2015-04-28,4.92,4.92,4.66,4.68,74141824,957385088.0
2015-04-29,4.61,4.77,4.61,4.69,38114364,485908896.0
2015-04-30,4.7,4.84,4.7,4.71,46603964,602318848.0
2015-05-04,4.72,4.91,4.64,4.89,70225864,919370816.0
2015-05-05,4.89,4.89,4.51,4.55,54626768,697228672.0
2015-05-06,4.61,4.71,4.48,4.53,44352472,555551488.0
2015-05-07,4.45,4.58,4.42,4.42,34256600,417264224.0
2015-05-08,4.49,4.55,4.34,4.5,44826192,540630464.0
2015-05-11,4.6,4.67,4.52,4.66,51172168,638153984.0
2015-05-12,4.75,5.06,4.75,5.01,72552560,736889856.0
2015-05-13,4.97,5.3,4.81,5.09,145446096,1506845568.0
2015-05-14,5.09,5.21,4.92,4.95,82600144,851968512.0
2015-05-15,4.95,4.99,4.76,4.87,74839432,748351232.0
2015-05-18,4.87,4.94,4.79,4.82,51066800,510363488.0
2015-05-19,4.82,4.94,4.8,4.9,62502188,627654016.0
2015-05-20,4.92,5.23,4.87,5.11,139966000,1443205376.0
2015-05-21,5.06,5.19,5.04,5.13,103181312,1083616512.0
2015-05-22,5.18,5.64,5.09,5.59,205382240,2267377664.0
2015-05-25,5.59,5.93,5.49,5.78,193551552,2260766720.0
2015-05-26,5.78,5.93,5.61,5.81,151737680,1797287936.0
2015-05-27,6.2,6.39,6.2,6.39,57412244,749122880.0
2015-05-28,6.82,7.03,6.04,6.26,267608608,3673114368.0
2015-05-29,6.26,6.76,5.68,6.61,201405456,2650749440.0
2015-06-01,6.62,7.19,6.42,6.96,189333888,2611261440.0
2015-06-02,6.78,6.99,6.68,6.87,148581664,2078276864.0
2015-06-03,7.14,7.21,6.63,6.77,134988960,1915644544.0
2015-06-04,6.63,6.71,6.1,6.52,117108424,1544654080.0
2015-06-05,6.63,6.67,6.34,6.55,111183872,1491417856.0
2015-06-08,6.55,6.56,6.33,6.47,100081344,1322167936.0
2015-06-09,6.44,6.64,6.37,6.55,88335056,1182067584.0
2015-06-10,6.39,6.72,6.38,6.59,101364696,1375369856.0
2015-06-11,6.6,6.71,6.46,6.67,105016416,1424103808.0
2015-06-12,6.92,7.01,6.67,6.73,141648240,1986734080.0
2015-06-15,6.67,6.68,6.38,6.41,93552032,1249125888.0
2015-06-16,6.33,6.4,5.99,6.04,66843288,851403328.0
2015-06-17,6.03,6.18,5.75,6.13,62212464,761614336.0
2015-06-18,6.17,6.38,6.04,6.08,58559780,747888256.0
2015-06-19,5.84,6.08,5.47,5.47,55911888,663269504.0
2015-06-23,5.46,5.61,4.92,5.41,59379500,641022080.0
2015-06-24,5.49,5.59,5.36,5.57,62575304,707672256.0
2015-06-25,5.58,5.59,5.14,5.21,53917012,598571776.0
2015-06-26,5.02,5.08,4.69,4.69,67508912,670913280.0
2015-06-29,4.87,4.92,4.23,4.23,80859608,746306688.0
2015-06-30,4.24,4.6,3.82,4.57,85709528,743280896.0
2015-07-01,4.52,4.69,4.13,4.2,74608984,692222976.0
2015-07-02,4.32,4.38,3.83,3.88,67270544,564898368.0
2015-07-03,3.85,4.02,3.49,3.51,78526392,595023488.0
2015-07-06,3.86,3.86,3.36,3.64,87541064,653092864.0
2015-07-07,3.5,3.82,3.28,3.79,123025152,903383808.0
2015-07-08,3.43,3.58,3.41,3.41,81229584,577132672.0
2015-07-09,3.41,3.75,3.28,3.75,95127768,705652096.0
2015-07-10,3.89,4.13,3.89,4.13,78364160,657437504.0
2015-07-13,4.33,4.54,4.19,4.54,119148960,1082042240.0
2015-07-14,4.38,4.72,4.32,4.37,123572712,1139344896.0
2015-07-15,4.28,4.31,3.93,3.93,72430544,605993024.0
2015-07-16,3.93,4.17,3.65,4.01,54017864,441878208.0
2015-07-17,4.07,4.31,4.02,4.22,56592284,484853504.0
2015-07-20,4.24,4.64,4.15,4.64,99404040,901366976.0
2015-07-21,4.58,4.87,4.4,4.65,135736800,1317125888.0
2015-07-22,4.58,4.83,4.5,4.72,95276864,917314496.0
2015-07-23,4.73,4.93,4.7,4.84,100057824,993093888.0
2015-07-24,4.82,4.92,4.58,4.65,100891480,996356288.0
2015-07-27,4.5,4.72,4.19,4.19,80295936,738177472.0
2015-07-28,3.99,4.28,3.8,4.19,79979096,666022400.0
2015-07-29,4.27,4.55,4.14,4.5,51402588,454114464.0
2015-07-30,4.56,4.71,4.31,4.39,65621260,615260800.0
2015-07-31,4.3,4.46,4.29,4.44,50071576,449635904.0
2015-08-03,4.4,4.43,4.02,4.28,46542632,404689984.0
2015-08-04,4.28,4.62,4.27,4.56,55481376,505946304.0
2015-08-05,4.53,4.77,4.49,4.6,84779904,807781440.0
2015-08-06,4.49,4.58,4.39,4.43,43038572,397311552.0
2015-08-07,4.56,4.61,4.48,4.53,42894812,400030848.0
2015-08-10,4.59,4.86,4.56,4.81,82483104,803718912.0
2015-08-11,4.84,4.86,4.67,4.73,78560608,768192768.0
2015-08-12,4.68,5.01,4.65,4.82,94893584,944010112.0
2015-08-13,4.83,5.23,4.78,5.11,129408336,1339441664.0
2015-08-14,5.16,5.25,4.96,5.0,103513296,1084579456.0
2015-08-17,5.01,5.19,4.93,5.15,73290424,763938816.0
2015-08-18,5.23,5.23,4.64,4.64,81354696,823738304.0
2015-08-19,4.4,4.84,4.21,4.73,68586928,634213888.0
2015-08-20,4.65,4.69,4.33,4.37,42091564,393515584.0
2015-08-21,4.32,4.48,4.09,4.21,43580964,386255936.0
2015-08-24,4.02,4.02,3.79,3.79,50538872,397868480.0
2015-08-25,3.41,3.57,3.41,3.41,37065184,262645024.0
2015-08-26,3.41,3.58,3.26,3.32,54953384,387995008.0
2015-08-27,3.43,3.51,3.27,3.49,41699744,293072512.0
2015-08-28,3.55,3.8,3.52,3.79,58014460,436615264.0
2015-08-31,3.76,3.87,3.6,3.87,53724836,410957216.0
2015-09-01,3.72,3.98,3.51,3.93,82354192,644743488.0
2015-09-02,3.75,4.31,3.68,4.21,109157496,919457088.0
2015-09-07,4.19,4.42,4.0,4.02,56614100,488622272.0
2015-09-08,3.99,4.38,3.8,4.32,54466028,463806528.0
2015-09-09,4.36,4.49,4.21,4.34,64956388,583828608.0
2015-09-10,4.23,4.28,4.14,4.14,28563440,247296880.0
2015-09-11,4.15,4.48,4.11,4.44,50477508,445982048.0
2015-09-14,4.45,4.47,3.99,3.99,52510816,455891136.0
2015-09-15,3.9,4.11,3.71,3.79,32256412,258281264.0
2015-09-16,3.8,4.17,3.79,4.17,45987548,377522464.0
2015-09-17,4.13,4.32,4.02,4.04,50843560,435743264.0
2015-09-18,4.09,4.14,3.97,4.03,25812298,214365536.0
2015-09-21,4.01,4.15,3.96,4.1,22357124,187771520.0
2015-09-22,4.12,4.15,4.07,4.11,26520780,224139312.0
2015-09-23,4.06,4.26,4.05,4.13,35129584,301326400.0
2015-09-24,4.1,4.17,4.07,4.11,20961620,176971520.0
2015-09-25,4.13,4.17,3.93,3.95,20033648,166912960.0
2015-09-28,3.95,4.02,3.86,3.97,12736852,103273696.0
2015-09-29,3.9,4.01,3.88,3.9,12371692,99969728.0
2015-09-30,3.94,3.96,3.85,3.89,8992561,71935968.0
2015-10-08,4.01,4.03,3.95,4.01,18572638,152770224.0
2015-10-09,4.01,4.04,3.99,4.02,16272274,134482896.0
2015-10-12,4.03,4.23,4.03,4.18,37380336,318805792.0
2015-10-13,4.18,4.22,4.12,4.18,25584218,218549120.0
2015-10-14,4.18,4.19,4.09,4.09,20769534,176518304.0
2015-10-15,4.09,4.19,4.09,4.17,22564656,192325024.0
2015-10-16,4.19,4.43,4.15,4.33,57126800,501506912.0
2015-10-19,4.37,4.39,4.2,4.3,45988360,406180864.0
2015-10-20,4.33,4.36,4.25,4.33,32919150,291238304.0
2015-10-21,4.34,4.41,3.96,3.99,48121336,417978176.0
2015-10-22,3.99,4.11,3.9,4.09,26499260,219524448.0
2015-10-23,4.1,4.21,4.04,4.17,31284968,264817408.0
2015-10-26,4.22,4.24,4.12,4.14,25268132,216658624.0
2015-10-27,4.15,4.15,3.96,4.11,21381180,178455984.0
2015-10-28,4.07,4.13,4.0,4.01,18421088,153509616.0
2015-10-29,4.01,4.06,4.0,4.02,14016667,115986392.0
2015-10-30,4.02,4.03,3.96,3.98,14154543,116151416.0
2015-11-02,3.95,4.04,3.91,4.0,15620261,128027512.0
2015-11-03,3.99,4.02,3.91,3.95,13863429,112676528.0
2015-11-04,3.97,4.09,3.95,4.09,28645766,237860848.0
2015-11-05,4.08,4.28,4.06,4.16,53446720,457914528.0
2015-11-06,4.13,4.21,4.12,4.18,35301592,301779808.0
2015-11-09,4.12,4.12,3.89,4.09,294403552,2409281536.0
2015-11-10,3.97,4.06,3.95,4.0,121372912,996883584.0
2015-11-11,4.03,4.05,3.99,4.02,79114872,651516800.0
2015-11-12,4.03,4.03,3.93,3.96,71639480,583924800.0
2015-11-13,3.93,4.01,3.91,3.95,52016204,423298816.0
2015-11-16,3.9,3.95,3.88,3.95,40328192,324061792.0
2015-11-17,3.97,4.01,3.94,3.95,64670888,528062688.0
2015-11-18,3.95,4.0,3.92,3.94,42523656,345407872.0
2015-11-19,3.94,3.95,3.91,3.94,37877076,305677472.0
2015-11-20,3.94,3.94,3.91,3.92,51262536,413260960.0
2015-11-23,3.93,3.94,3.89,3.91,43117008,346728320.0
2015-11-24,3.89,3.9,3.81,3.87,40123616,317482048.0
2015-11-25,3.87,3.88,3.84,3.87,37209136,294797120.0
2015-11-26,3.89,3.94,3.87,3.89,57455140,459829728.0
2015-11-27,3.89,3.89,3.55,3.58,61724288,473933856.0
2015-11-30,3.55,3.63,3.4,3.52,39987004,288741856.0
2015-12-01,3.52,3.62,3.48,3.58,36062719,264290985.0
2015-12-02,3.59,3.61,3.52,3.61,34892716,256251088.0
2015-12-03,3.6,3.68,3.58,3.64,31469692,234670535.0
2015-12-04,3.63,3.63,3.55,3.57,25616830,188908352.0
2015-12-07,3.55,3.58,3.54,3.56,17957877,131183530.0
2015-12-08,3.54,3.55,3.47,3.47,23587236,169684112.0
2015-12-09,3.46,3.49,3.45,3.46,16706041,119068229.0
2015-12-10,3.46,3.56,3.46,3.52,30086404,217449680.0
2015-12-11,3.5,3.5,3.47,3.48,17284776,123568576.0
2015-12-14,3.47,3.54,3.45,3.54,18537018,133251552.0
2015-12-15,3.54,3.56,3.51,3.53,17307820,125540040.0
2015-12-16,3.54,3.56,3.52,3.54,16714666,121486176.0
2015-12-17,3.54,3.6,3.54,3.58,27768550,203908608.0
2015-12-18,3.58,3.59,3.54,3.55,22635402,165803040.0
2015-12-21,3.55,3.6,3.54,3.59,31683880,232888592.0
2015-12-22,3.6,3.62,3.57,3.59,21836386,160972032.0
2015-12-23,3.6,3.68,3.59,3.62,45719568,342185344.0
2015-12-24,3.62,3.64,3.53,3.56,27139696,198851600.0
2015-12-25,3.55,3.57,3.54,3.56,17916785,130727812.0
2015-12-28,3.57,3.58,3.44,3.46,45279875,325847056.0
2015-12-29,3.46,3.48,3.43,3.47,25276275,179055267.0
2015-12-30,3.47,3.48,3.45,3.47,15086402,107295825.0
2015-12-31,3.47,3.48,3.44,3.45,16496246,117243869.0
2016-01-04,3.45,3.45,3.16,3.16,30336379,208530466.0
2016-01-05,3.06,3.2,3.0,3.14,34451091,220541068.0
2016-01-06,3.14,3.2,3.12,3.19,29487441,191918515.0
2016-01-07,3.15,3.16,2.91,2.94,6301500,39559298.0
2016-01-08,3.01,3.08,2.86,2.98,43429686,266081328.0
2016-01-11,2.92,2.98,2.78,2.79,34520291,205308541.0
2016-01-12,2.8,2.83,2.76,2.82,28961310,166490696.0
2016-01-13,2.86,2.88,2.73,2.74,22894399,132863465.0
2016-01-14,2.66,2.78,2.62,2.77,31319503,174461406.0
2016-01-15,2.75,2.77,2.53,2.58,28315277,154529722.0
2016-01-18,2.51,2.65,2.47,2.6,28979879,153788998.0
2016-01-19,2.6,2.73,2.58,2.71,41823560,229346783.0
2016-01-20,2.69,2.71,2.61,2.64,33224461,181570862.0
2016-01-21,2.61,2.66,2.52,2.53,25436147,135841457.0
2016-01-22,2.58,2.61,2.51,2.57,21438141,112778627.0
2016-01-25,2.6,2.61,2.56,2.58,20105526,106918573.0
2016-01-26,2.56,2.56,2.33,2.35,38085183,191955267.0
2016-01-27,2.36,2.39,2.22,2.29,36910774,174719103.0
2016-01-28,2.3,2.38,2.22,2.24,34215701,161858191.0
2016-01-29,2.24,2.33,2.23,2.31,31368371,147682544.0
2016-02-01,2.32,2.32,2.22,2.24,26853975,125288939.0
2016-02-02,2.26,2.32,2.24,2.3,30356074,143397143.0
2016-02-03,2.29,2.33,2.27,2.32,29648073,140047058.0
2016-02-04,2.34,2.39,2.34,2.36,33957408,164743453.0
2016-02-05,2.37,2.39,2.35,2.37,29039074,141375571.0
2016-02-15,2.29,2.34,2.26,2.32,26385806,125424593.0
2016-02-16,2.33,2.42,2.33,2.42,49459068,241858484.0
2016-02-17,2.4,2.51,2.39,2.49,61680517,310285817.0
2016-02-18,2.49,2.5,2.45,2.46,40357425,205105611.0
2016-02-19,2.46,2.47,2.43,2.45,24272681,122107803.0
2016-02-22,2.49,2.55,2.47,2.51,46193888,238094527.0
2016-02-23,2.52,2.52,2.45,2.47,29260659,148998601.0
2016-02-24,2.45,2.64,2.43,2.58,66633407,345135584.0
2016-02-25,2.54,2.56,2.32,2.36,64782613,328002248.0
2016-02-26,2.39,2.42,2.35,2.4,35474810,173878524.0
2016-03-28,2.64,2.64,2.64,2.64,4722733,25597213.0
2016-03-29,2.72,2.81,2.62,2.65,165400368,919899604.0
2016-03-30,2.61,2.68,2.55,2.67,123823190,663918561.0
2016-03-31,2.66,2.66,2.61,2.62,88236930,476171920.0
2016-04-01,2.62,2.65,2.56,2.64,60316629,322672343.0
2016-04-05,2.63,2.66,2.6,2.65,74233412,402125580.0
2016-04-06,2.65,2.67,2.61,2.65,73560889,399674818.0
2016-04-07,2.65,2.66,2.6,2.61,54278429,292712105.0
2016-04-08,2.6,2.6,2.54,2.56,32844293,173424227.0
2016-04-11,2.58,2.68,2.58,2.65,80855521,437846755.0
2016-04-12,2.62,2.63,2.59,2.6,44894607,239996152.0
2016-04-13,2.61,2.66,2.61,2.62,73490011,398591532.0
2016-04-14,2.63,2.65,2.61,2.63,40659477,219552553.0
2016-04-15,2.64,2.66,2.63,2.65,51584103,280641982.0
2016-04-18,2.68,2.72,2.66,2.67,85466933,470989873.0
2016-04-19,2.67,2.69,2.63,2.65,38666237,210643533.0
2016-04-20,2.66,2.66,2.48,2.54,63877818,336261532.0
2016-04-21,2.54,2.55,2.5,2.5,32088445,166703173.0
2016-04-22,2.49,2.51,2.47,2.51,24613106,126226614.0
2016-04-25,2.49,2.52,2.48,2.51,16054175,82435919.0
2016-04-26,2.51,2.52,2.5,2.52,13280624,68432043.0
2016-04-27,2.52,2.52,2.49,2.5,15279450,78800010.0
2016-04-28,2.51,2.51,2.45,2.48,19368225,98815305.0
2016-04-29,2.48,2.49,2.47,2.47,14470295,73595991.0
2016-05-03,2.48,2.52,2.46,2.52,28310739,145307558.0
2016-05-04,2.51,2.53,2.5,2.52,30985008,160140451.0
2016-05-05,2.52,2.52,2.5,2.52,21477354,110832496.0
2016-05-06,2.52,2.53,2.46,2.47,38378994,196709970.0
2016-05-09,2.45,2.46,2.39,2.4,30161211,149413343.0
2016-05-10,2.41,2.42,2.4,2.42,19352814,95960658.0
2016-05-11,2.42,2.44,2.41,2.43,18092830,90169150.0
2016-05-12,2.43,2.43,2.4,2.43,15605355,77515521.0
2016-05-13,2.43,2.45,2.42,2.43,18431421,92206419.0
2016-05-16,2.44,2.45,2.41,2.44,19264700,77845334.0
2016-05-17,2.44,2.44,2.4,2.42,22538312,90532049.0
2016-05-18,2.41,2.41,2.32,2.35,28539469,111478185.0
2016-05-19,2.33,2.36,2.33,2.33,20035890,77987138.0
2016-05-20,2.32,2.33,2.3,2.33,24374395,93507229.0
2016-05-23,2.32,2.34,2.32,2.34,19428418,75145990.0
2016-05-24,2.33,2.33,2.28,2.3,23318230,88996984.0
2016-05-25,2.31,2.32,2.28,2.3,17589788,67191009.0
2016-05-26,2.3,2.31,2.24,2.28,26839788,101021707.0
2016-05-27,2.26,2.28,2.25,2.26,13862809,52216620.0
2016-05-30,2.27,2.3,2.25,2.29,20136892,76503937.0
2016-05-31,2.28,2.36,2.28,2.36,39261240,152061514.0
2016-06-01,2.35,2.37,2.34,2.35,26982950,105485755.0
2016-06-02,2.35,2.36,2.34,2.35,22561608,87867551.0
2016-06-03,2.35,2.36,2.33,2.34,30823911,119655870.0
2016-06-06,2.34,2.36,2.34,2.34,30998133,120828290.0
2016-06-07,2.34,2.36,2.33,2.34,27833294,107893425.0
2016-06-08,2.34,2.34,2.32,2.33,25948690,100332303.0
2016-06-13,2.33,2.33,2.26,2.26,36510238,139073623.0
2016-06-14,2.26,2.28,2.23,2.25,24342538,90787242.0
2016-06-15,2.23,2.28,2.22,2.27,26508045,99525864.0
2016-06-16,2.28,2.28,2.26,2.26,18535015,69833609.0
2016-06-17,2.26,2.3,2.26,2.29,25311803,95796107.0
2016-06-20,2.3,2.31,2.26,2.28,13300489,50370853.0
2016-06-21,2.28,2.3,2.26,2.27,18673938,70749188.0
2016-06-22,2.26,2.28,2.26,2.28,14920764,56190256.0
2016-06-23,2.28,2.28,2.25,2.26,12971941,48743510.0
2016-06-24,2.26,2.28,2.21,2.23,27536584,102501834.0
2016-06-27,2.22,2.25,2.22,2.25,14566121,54183508.0
2016-06-28,2.25,2.27,2.23,2.27,19416391,72553397.0
2016-06-29,2.27,2.33,2.26,2.3,38731561,147976611.0
2016-06-30,2.31,2.32,2.3,2.31,15083017,57661907.0
2016-07-01,2.31,2.32,2.3,2.3,14946096,57258407.0
2016-07-04,2.28,2.34,2.28,2.34,33817033,130717727.0
2016-07-05,2.34,2.4,2.34,2.37,47593663,187196133.0
2016-07-06,2.36,2.39,2.35,2.39,31595475,124782855.0
2016-07-07,2.39,2.4,2.34,2.37,33845840,132654861.0
2016-07-08,2.37,2.37,2.34,2.35,18067019,70494234.0
2016-07-11,2.34,2.38,2.33,2.35,22403053,87765689.0
2016-07-12,2.36,2.4,2.34,2.4,42992231,169509663.0
2016-07-13,2.4,2.46,2.39,2.41,62344153,251121642.0
2016-07-14,2.42,2.43,2.39,2.43,29038237,116158184.0
2016-07-15,2.43,2.44,2.41,2.42,31418724,126139727.0
2016-07-18,2.42,2.42,2.39,2.4,17077892,68131434.0
2016-07-19,2.4,2.41,2.39,2.4,19571896,77842121.0
2016-07-20,2.4,2.41,2.4,2.4,12743160,50819204.0
2016-07-21,2.4,2.42,2.39,2.4,24247295,96923192.0
2016-07-22,2.4,2.41,2.38,2.38,22271876,88373109.0
2016-07-25,2.38,2.4,2.38,2.39,19106456,75830984.0
2016-07-26,2.39,2.41,2.39,2.41,20469401,81647414.0
2016-07-27,2.41,2.5,2.4,2.46,149171714,608767481.0
2016-07-28,2.46,2.49,2.41,2.48,91525610,373945899.0
2016-07-29,2.52,2.6,2.51,2.52,134012319,566724145.0
2016-08-01,2.51,2.51,2.42,2.47,55422084,226476785.0
2016-08-02,2.47,2.61,2.44,2.61,140298829,594235757.0
2016-08-03,2.6,2.69,2.57,2.64,143072654,628698077.0
2016-08-04,2.63,2.67,2.62,2.64,83392661,366711957.0
2016-08-05,2.63,2.75,2.61,2.72,118775355,532940766.0
2016-08-08,2.72,2.83,2.7,2.75,149625114,686259798.0
2016-08-09,2.75,2.79,2.7,2.76,96113740,438353350.0
2016-08-10,2.75,2.87,2.72,2.83,142412143,666961886.0
2016-08-11,2.83,2.84,2.7,2.72,124539561,571284718.0
2016-08-12,2.73,2.78,2.69,2.77,78499687,356540168.0
2016-08-15,2.76,2.86,2.74,2.83,137180288,641572871.0
2016-08-16,2.86,2.9,2.81,2.83,108050658,509876951.0
2016-08-17,2.82,2.82,2.76,2.78,91598934,423564039.0
2016-08-18,2.78,2.83,2.77,2.8,96202474,446502951.0
2016-08-19,2.78,2.81,2.72,2.75,74658850,340584176.0
2016-08-22,2.74,2.76,2.69,2.69,63597047,286680992.0
2016-08-23,2.7,2.77,2.7,2.74,56811267,257952769.0
2016-08-24,2.73,2.74,2.7,2.72,36648581,165386353.0
2016-08-25,2.7,2.7,2.64,2.66,64095673,282972680.0
2016-08-26,2.67,2.74,2.66,2.7,55434634,248758654.0
2016-08-29,2.71,2.76,2.66,2.73,65917324,297273525.0
2016-08-30,2.72,2.75,2.7,2.72,34347117,154929968.0
2016-08-31,2.73,2.73,2.7,2.72,28866828,130053175.0
2016-09-01,2.71,2.72,2.66,2.66,47216399,210400701.0
2016-09-02,2.66,2.68,2.64,2.66,33503722,147734589.0
2016-09-05,2.66,2.7,2.66,2.66,31422959,139631132.0
2016-09-06,2.67,2.74,2.64,2.72,59873974,267781172.0
2016-09-07,2.72,2.87,2.72,2.83,180743675,845435587.0
2016-09-08,2.82,2.83,2.75,2.78,105185347,484937948.0
2016-09-09,2.78,2.8,2.71,2.73,103293906,471794427.0
2016-09-12,2.68,2.7,2.57,2.59,134992217,589770948.0
2016-09-13,2.61,2.63,2.57,2.6,67575470,291084052.0
2016-09-14,2.58,2.59,2.57,2.58,32740318,140170724.0
2016-09-19,2.58,2.61,2.58,2.6,31715951,136709006.0
2016-09-20,2.61,2.62,2.6,2.6,26327868,113863791.0
2016-09-21,2.6,2.6,2.58,2.59,25551320,109856070.0
2016-09-22,2.6,2.62,2.59,2.6,38805733,167975998.0
2016-09-23,2.6,2.63,2.58,2.59,35775341,154600970.0
2016-09-26,2.58,2.58,2.53,2.54,52691259,223125953.0
2016-09-27,2.54,2.55,2.51,2.55,34966795,146795524.0
2016-09-28,2.55,2.55,2.53,2.53,16344348,68870184.0
2016-09-29,2.54,2.56,2.53,2.55,24849873,105176676.0
2016-09-30,2.54,2.57,2.54,2.55,28492945,120924212.0
2016-10-10,2.55,2.58,2.55,2.57,39751660,169507363.0
2016-10-11,2.57,2.6,2.57,2.6,33107117,142277569.0
2016-10-12,2.58,2.6,2.57,2.58,29485768,126319873.0
2016-10-13,2.58,2.6,2.57,2.6,32605803,140067590.0
2016-10-14,2.6,2.61,2.58,2.61,36263100,156365350.0
2016-10-17,2.61,2.66,2.59,2.61,67867472,297095634.0
2016-10-18,2.61,2.69,2.6,2.67,84163852,371142767.0
2016-10-19,2.67,2.7,2.66,2.67,50441400,224139383.0
2016-10-20,2.66,2.69,2.66,2.66,33178656,146875017.0
2016-10-21,2.67,2.78,2.67,2.72,114759923,518422265.0
2016-10-24,2.73,2.89,2.72,2.83,187185366,875648193.0
2016-10-25,2.83,2.83,2.76,2.77,94069760,435058133.0
2016-10-26,2.77,2.8,2.75,2.76,59727934,274740003.0
2016-10-27,2.76,2.76,2.71,2.74,48017428,217915475.0
2016-10-28,2.73,2.76,2.7,2.7,42574146,192600053.0
2016-10-31,2.68,2.72,2.68,2.7,28185150,126311302.0
2016-11-01,2.72,2.72,2.68,2.7,41798083,187159591.0
2016-11-02,2.7,2.7,2.66,2.67,46274001,205597630.0
2016-11-03,2.66,2.76,2.65,2.73,85217994,384120248.0
2016-11-04,2.72,2.76,2.7,2.71,55376359,251033022.0
2016-11-07,2.71,2.72,2.69,2.72,35812397,160870053.0
2016-11-08,2.73,2.75,2.7,2.73,47585996,215206611.0
2016-11-09,2.73,2.73,2.66,2.69,44406901,198708105.0
2016-11-10,2.7,2.75,2.7,2.72,49843306,225539623.0
2016-11-11,2.72,2.78,2.7,2.76,87914915,401865181.0
2016-11-14,2.78,2.82,2.76,2.81,110971408,513923427.0
2016-11-15,2.81,2.81,2.76,2.78,57537700,265611417.0
2016-11-16,2.77,2.78,2.74,2.75,41823430,191139560.0
2016-11-17,2.75,3.03,2.74,2.92,189903764,907091980.0
2016-11-18,2.9,2.98,2.84,2.92,159072138,767947402.0
2016-11-21,2.9,3.04,2.89,2.95,172641283,853291979.0
2016-11-22,2.95,3.01,2.93,2.95,132710011,654925577.0
2016-11-23,2.95,2.97,2.87,2.9,94952754,458371431.0
2016-11-24,2.89,2.92,2.87,2.89,58169289,280230270.0
2016-11-25,2.9,2.93,2.83,2.93,84332588,402616673.0
2016-11-28,2.94,3.05,2.93,3.02,180405631,901792814.0
2016-11-29,3.01,3.13,2.98,3.06,212685753,1076503317.0
2016-11-30,3.04,3.04,2.95,2.98,114193437,567807125.0
2016-12-01,2.98,3.04,2.97,3.01,77141823,384862667.0
2016-12-02,3.01,3.02,2.89,2.92,114729406,563138333.0
2016-12-05,2.86,2.91,2.81,2.83,86190246,408424136.0
2016-12-06,2.83,2.84,2.79,2.8,53826834,251714464.0
2016-12-07,2.8,2.84,2.78,2.84,47781762,222583170.0
2016-12-08,2.84,2.85,2.79,2.8,37106027,173469755.0
2016-12-09,2.8,2.84,2.78,2.82,50979610,237637247.0
2016-12-12,2.82,2.83,2.72,2.73,72453571,331742467.0
2016-12-13,2.72,2.76,2.7,2.75,45513875,206160543.0
2016-12-14,2.73,2.77,2.71,2.73,44439809,202253977.0
2016-12-15,2.71,2.77,2.71,2.73,55274671,251113748.0
2016-12-16,2.73,2.84,2.73,2.81,70117512,325836947.0
2016-12-19,2.81,2.84,2.78,2.82,47971506,223993804.0
2016-12-20,2.82,2.82,2.78,2.8,34762381,161028229.0
2016-12-21,2.8,2.84,2.79,2.83,59973277,280361523.0
2016-12-22,2.83,2.89,2.81,2.89,85001552,404296902.0
2016-12-23,2.88,2.88,2.84,2.85,49935264,236336096.0
2016-12-26,2.84,2.87,2.79,2.87,47695001,223686088.0
2016-12-27,2.87,2.98,2.87,2.92,109500051,532378392.0
2016-12-28,2.9,2.95,2.87,2.89,61297873,295652649.0
2016-12-29,2.87,2.9,2.85,2.86,35951769,171486250.0
2016-12-30,2.87,2.89,2.83,2.85,34719653,164675303.0
2017-01-03,2.86,2.9,2.85,2.89,39610710,189703347.0
2017-01-04,2.89,2.91,2.87,2.9,45145230,216376517.0
2017-01-05,2.9,2.9,2.87,2.89,31204701,149382390.0
2017-01-06,2.89,2.99,2.89,2.94,102201625,499883049.0
2017-01-09,2.93,3.01,2.93,2.98,75400481,373304556.0
2017-01-10,2.98,2.98,2.95,2.96,40625707,199680397.0
2017-01-11,2.95,2.99,2.92,2.95,53301591,261771280.0
2017-01-12,2.95,2.98,2.92,2.93,44261425,216576436.0
2017-01-13,2.92,2.93,2.86,2.92,60456492,290501006.0
2017-01-16,2.9,2.98,2.84,2.96,130973444,634897406.0
2017-01-17,2.94,2.96,2.91,2.96,31588257,153823829.0
2017-01-18,2.95,2.99,2.94,2.95,39370408,193746544.0
2017-01-19,2.98,3.0,2.94,2.95,51713469,255098020.0
2017-01-20,2.93,2.96,2.93,2.96,34435599,168619328.0
2017-01-23,2.96,2.99,2.96,2.96,33643209,166098209.0
2017-01-24,2.97,2.98,2.95,2.97,28242593,139090433.0
2017-01-25,2.97,2.99,2.96,2.99,44007802,218124164.0
2017-01-26,2.99,3.01,2.97,2.98,29513016,146248016.0
2017-02-03,2.99,2.99,2.95,2.96,26279140,129448737.0
2017-02-06,2.95,2.98,2.94,2.97,34985599,171800730.0
2017-02-07,2.96,2.96,2.92,2.93,44077898,214862113.0
2017-02-08,2.92,2.94,2.9,2.93,34754891,168362904.0
2017-02-09,2.94,2.99,2.93,2.98,69838797,344537989.0
2017-02-10,2.98,3.08,2.97,3.02,118317795,595233619.0
2017-02-13,3.02,3.05,3.01,3.02,94186426,474061574.0
2017-02-14,3.02,3.06,3.0,3.05,69774024,351119394.0
2017-02-15,3.05,3.18,3.05,3.08,205370755,1057682787.0
2017-02-16,3.08,3.11,3.06,3.1,81975763,419142053.0
2017-02-17,3.12,3.13,3.03,3.04,100722088,512938094.0
2017-02-20,3.04,3.06,3.02,3.05,108526772,547916903.0
2017-02-21,3.05,3.07,3.03,3.05,59824502,302428527.0
2017-02-22,3.05,3.05,3.03,3.05,45489034,229649038.0
2017-02-23,3.04,3.05,3.01,3.02,61656078,309496060.0
2017-02-24,3.02,3.02,2.99,3.02,46163816,230644791.0
2017-02-27,3.02,3.08,3.01,3.05,80405824,406922087.0
2017-02-28,3.04,3.08,3.03,3.05,39303184,198852525.0
2017-03-01,3.04,3.06,3.03,3.04,44938636,227021064.0
2017-03-02,3.07,3.08,3.0,3.01,77981618,392516735.0
2017-03-03,2.99,2.99,2.96,2.97,53704300,265140667.0
2017-03-06,2.97,2.99,2.95,2.98,32284672,159294168.0
2017-03-07,2.98,2.98,2.96,2.97,25862256,127393522.0
2017-03-08,2.97,2.98,2.96,2.98,25657709,126596438.0
2017-03-09,2.98,2.98,2.94,2.95,31978007,156589939.0
2017-03-10,2.94,2.96,2.94,2.95,21645262,105927827.0
2017-03-13,2.95,2.97,2.92,2.96,28649406,140205471.0
2017-03-14,2.96,2.99,2.96,2.97,28811371,142383354.0
2017-03-15,2.96,2.98,2.95,2.96,21268808,104523634.0
2017-03-16,2.96,2.99,2.96,2.98,32730021,161683850.0
2017-03-17,2.98,2.99,2.93,2.95,33577976,164950184.0
2017-03-20,2.94,2.95,2.91,2.92,35471873,172435559.0
2017-03-21,2.92,2.92,2.9,2.92,27978256,135227688.0
2017-03-22,2.91,2.96,2.9,2.93,35589652,173421244.0
2017-03-23,2.94,2.94,2.89,2.91,46511883,224619053.0
2017-03-24,2.9,2.99,2.9,2.96,80706958,395293640.0
2017-03-27,2.98,2.99,2.97,2.98,65767896,325622000.0
2017-03-28,2.98,2.99,2.96,2.96,23552392,116015276.0
2017-03-29,2.96,3.02,2.94,3.0,111885463,555689441.0
2017-03-30,2.99,2.99,2.93,2.93,61563768,302248554.0
2017-03-31,2.94,2.96,2.93,2.94,28907551,141229863.0
2017-04-05,2.98,3.01,2.96,3.0,91609379,454167397.0
2017-04-06,2.99,3.07,2.99,3.04,128448181,646796757.0
2017-04-07,3.04,3.05,3.02,3.04,61106210,307614973.0
2017-04-10,3.04,3.06,3.02,3.04,51527626,260033727.0
2017-04-11,3.04,3.05,2.98,3.04,90588095,454118351.0
2017-04-12,3.04,3.1,3.01,3.06,115402234,585087121.0
2017-04-13,3.05,3.08,3.04,3.05,61529314,312530231.0
2017-04-14,3.06,3.07,2.99,3.01,62039485,310972683.0
2017-04-17,3.01,3.03,2.99,3.01,38562648,192509082.0
2017-04-18,3.01,3.03,3.0,3.0,38608053,193344264.0
2017-04-19,2.99,3.0,2.94,2.96,55331523,271946630.0
2017-04-20,2.96,2.98,2.94,2.96,28866125,141705181.0
2017-04-21,2.96,2.97,2.93,2.93,28297858,138415297.0
2017-04-24,2.93,2.93,2.81,2.83,69762763,330189026.0
2017-04-25,2.83,2.86,2.81,2.84,24681060,116231909.0
2017-04-26,2.84,2.86,2.83,2.84,26445321,124665843.0
2017-04-27,2.84,2.84,2.75,2.83,46041260,213978943.0
2017-04-28,2.83,2.84,2.81,2.84,23178545,108967673.0
2017-05-02,2.84,2.84,2.82,2.83,22360501,105037368.0
2017-05-03,2.83,2.83,2.78,2.8,32278702,150297396.0
2017-05-04,2.8,2.83,2.77,2.79,30586157,141906331.0
2017-05-05,2.78,2.8,2.72,2.73,40702954,186075533.0
2017-05-08,2.72,2.74,2.71,2.73,24607540,111320957.0
2017-05-09,2.72,2.75,2.72,2.75,23770053,108186088.0
2017-05-10,2.75,2.76,2.7,2.7,23164200,105152211.0
2017-05-11,2.7,2.73,2.66,2.72,34751883,155022645.0
2017-05-12,2.73,2.75,2.72,2.75,26778128,121937942.0
2017-05-15,2.76,2.8,2.75,2.76,19862188,91372600.0
2017-05-16,2.76,2.79,2.74,2.79,30587059,140369663.0
2017-05-17,2.78,2.81,2.76,2.78,31896062,147390726.0
2017-05-18,2.77,2.8,2.75,2.77,20812662,78396736.0
2017-05-19,2.77,2.78,2.73,2.74,25424878,94835879.0
2017-05-22,2.74,2.74,2.63,2.66,42779180,155215057.0
2017-05-23,2.66,2.66,2.58,2.61,38032903,134556954.0
2017-05-24,2.6,2.66,2.58,2.66,31722942,112772043.0
2017-05-25,2.66,2.68,2.63,2.68,25030197,90320029.0
2017-05-26,2.68,2.69,2.67,2.67,17438042,63325328.0
2017-05-31,2.69,2.71,2.66,2.67,24434555,88773902.0
2017-06-01,2.67,2.68,2.62,2.63,30842822,110759867.0
2017-06-02,2.62,2.64,2.6,2.63,28400493,100998576.0
2017-06-05,2.64,2.64,2.62,2.62,23957890,85260814.0
2017-06-06,2.63,2.64,2.61,2.64,25521740,90894296.0
2017-06-07,2.64,2.69,2.63,2.68,41727064,151336321.0
2017-06-08,2.68,2.7,2.66,2.69,32586802,118511199.0
2017-06-09,2.68,2.72,2.67,2.69,53591624,195693865.0
2017-06-12,2.68,2.68,2.64,2.66,27140119,98101494.0
2017-06-13,2.65,2.68,2.65,2.67,23069901,83331397.0
2017-06-14,2.68,2.68,2.66,2.67,20812248,75314876.0
2017-06-15,2.66,2.69,2.66,2.68,23756765,86274817.0
2017-06-16,2.68,2.69,2.68,2.69,16396538,59666192.0
2017-06-19,2.68,2.7,2.68,2.7,21334008,77816928.0
2017-06-20,2.7,2.88,2.69,2.81,155452034,592701100.0
2017-06-21,2.79,2.81,2.77,2.78,67262260,254113799.0
2017-06-22,2.8,2.87,2.78,2.8,114529859,439827525.0
2017-06-23,2.78,2.82,2.73,2.8,83531573,313645464.0
2017-06-26,2.8,2.82,2.77,2.8,50830560,192627647.0
2017-06-27,2.8,2.83,2.78,2.79,38093714,144648531.0
2017-06-28,2.77,2.81,2.77,2.79,27740031,104928958.0
2017-06-29,2.79,2.81,2.79,2.81,26952858,102370795.0
2017-06-30,2.8,2.82,2.78,2.82,41472639,157483570.0
2017-07-03,2.82,2.83,2.78,2.82,32865917,125190388.0
2017-07-04,2.82,2.83,2.8,2.83,36646778,139850892.0
2017-07-05,2.83,2.84,2.81,2.83,27329235,104608891.0
2017-07-06,2.83,2.85,2.8,2.83,32412146,124198823.0
2017-07-07,2.83,2.83,2.8,2.83,31755163,121440480.0
2017-07-10,2.82,2.84,2.82,2.83,31880334,122174503.0
2017-07-11,2.82,2.83,2.8,2.8,35412436,134811248.0
2017-07-12,2.8,2.8,2.75,2.77,39510493,148529107.0
2017-07-13,2.77,2.83,2.77,2.82,44971597,171134319.0
2017-07-14,2.81,2.83,2.8,2.82,30729129,117403620.0
2017-07-17,2.83,2.83,2.66,2.8,57649708,217003191.0
2017-07-18,2.77,2.82,2.76,2.81,30876352,116757447.0
2017-07-19,2.8,2.92,2.8,2.91,129386381,504406725.0
2017-07-20,2.89,2.94,2.88,2.88,61447039,242414993.0
2017-07-21,2.88,2.91,2.88,2.89,32547364,127700863.0
2017-07-24,2.9,2.94,2.88,2.92,50391221,199345337.0
2017-07-25,2.91,2.94,2.85,2.88,64717140,253848680.0
2017-07-26,2.87,2.89,2.83,2.87,67538751,262186030.0
2017-07-27,2.87,2.88,2.85,2.88,35142816,136726562.0
2017-07-28,2.88,2.88,2.85,2.86,22051233,85614949.0
2017-07-31,2.87,2.88,2.85,2.87,24397179,94731675.0
2017-08-01,2.87,2.88,2.85,2.88,31716082,123341974.0
2017-08-02,2.87,2.88,2.84,2.85,36734992,142122930.0
2017-08-03,2.85,2.91,2.84,2.85,45012601,175261192.0
2017-08-04,2.84,2.85,2.83,2.83,41650625,160322629.0
2017-08-07,2.83,2.84,2.82,2.84,18712567,71849904.0
2017-08-08,2.83,2.84,2.82,2.82,30241255,115885224.0
2017-08-09,2.83,2.83,2.8,2.8,29160939,111205818.0
2017-08-10,2.8,2.83,2.77,2.82,43223919,163702901.0
2017-08-11,2.8,2.82,2.77,2.82,42373166,160893732.0
2017-08-14,2.81,2.83,2.8,2.83,18139684,69303795.0
2017-08-15,2.82,2.83,2.8,2.81,14804159,56476612.0
2017-08-16,2.81,2.81,2.79,2.8,15134184,57382378.0
2017-08-17,2.8,2.82,2.79,2.81,22541794,85681118.0
2017-08-18,2.8,2.86,2.8,2.85,51172210,196636329.0
2017-08-21,2.85,2.85,2.83,2.83,28041818,107862232.0
2017-08-22,2.83,2.85,2.83,2.84,17946712,69044742.0
2017-08-23,2.84,2.84,2.81,2.82,18246000,69847429.0
2017-08-24,2.81,2.83,2.8,2.8,14644495,55767678.0
2017-08-25,2.8,2.84,2.8,2.83,23600515,90331587.0
2017-08-28,2.84,2.86,2.83,2.86,45436315,175654985.0
2017-08-29,2.87,2.88,2.84,2.85,25111043,97271399.0
2017-08-30,2.85,2.88,2.85,2.87,30557247,118791207.0
2017-08-31,2.86,2.87,2.85,2.85,19348696,74964840.0
2017-09-01,2.85,2.88,2.85,2.88,31589561,122863457.0
2017-09-04,2.88,2.91,2.87,2.89,34134641,133905429.0
2017-09-05,2.89,2.9,2.88,2.89,27453170,107603899.0
2017-09-06,2.88,2.9,2.85,2.89,42223120,164550419.0
2017-09-07,2.88,2.88,2.86,2.86,26310604,102414794.0
2017-09-08,2.87,2.87,2.85,2.86,21218738,82223802.0
2017-09-11,2.85,2.88,2.85,2.87,22842309,88654418.0
2017-09-12,2.87,2.87,2.85,2.86,23734723,91887353.0
2017-09-13,2.85,2.86,2.85,2.85,14569083,56314521.0
2017-09-14,2.85,2.88,2.85,2.86,27642001,107257897.0
2017-09-15,2.85,2.86,2.83,2.84,28876376,111577121.0
2017-09-18,2.84,2.86,2.84,2.86,23387797,90538825.0
2017-09-19,2.86,2.89,2.85,2.87,34999637,136232542.0
2017-09-20,2.87,2.88,2.85,2.87,25103708,97504618.0
2017-09-21,2.87,2.88,2.85,2.85,19780556,76800217.0
2017-09-22,2.85,2.87,2.82,2.86,39279810,151414047.0
2017-09-25,2.85,2.88,2.83,2.88,45608114,176687718.0
2017-09-26,2.87,2.87,2.85,2.85,18584968,71924485.0
2017-09-27,2.85,2.86,2.84,2.85,11885968,45926825.0
2017-09-28,2.85,2.86,2.83,2.84,18486016,71288715.0
2017-09-29,2.84,2.85,2.82,2.83,24654653,94730268.0
2017-10-09,2.84,2.85,2.83,2.84,21946826,84436880.0
2017-10-10,2.83,2.84,2.82,2.84,22673067,86932587.0
2017-10-11,2.83,2.85,2.83,2.84,25027611,96174263.0
2017-10-12,2.83,2.84,2.81,2.82,23637681,90455038.0
2017-10-13,2.82,2.83,2.81,2.83,15944472,60902497.0
2017-10-16,2.82,2.83,2.79,2.8,27721174,105459556.0
2017-10-17,2.8,2.8,2.77,2.78,26817356,101168783.0
2017-10-18,2.77,2.79,2.76,2.77,18969436,71452038.0
2017-10-19,2.77,2.77,2.73,2.74,22012794,81960190.0
2017-10-20,2.74,2.85,2.74,2.81,53250887,202994728.0
2017-10-23,2.8,2.82,2.77,2.78,28819249,108696835.0
2017-10-24,2.78,2.83,2.77,2.83,38238238,145404849.0
2017-10-25,2.82,2.83,2.8,2.82,14326674,54675646.0
2017-10-26,2.81,2.82,2.8,2.82,18716060,71302672.0
2017-10-27,2.81,2.82,2.8,2.8,13783957,52473792.0
2017-10-30,2.8,2.81,2.77,2.8,32450953,122524660.0
2017-10-31,2.8,2.85,2.8,2.85,63092547,242415681.0
2017-11-01,2.85,2.85,2.83,2.85,53904154,207569428.0
2017-11-02,2.85,2.85,2.83,2.85,40778117,157080106.0
2017-11-03,2.85,2.86,2.8,2.85,45483488,174756535.0
2017-11-06,2.84,2.85,2.82,2.84,23386775,89858324.0
2017-11-07,2.84,2.84,2.82,2.83,23171534,88826500.0
2017-11-08,2.83,2.84,2.82,2.84,19788325,75968672.0
2017-11-09,2.84,2.94,2.84,2.91,96351085,379184588.0
2017-11-10,2.9,2.91,2.87,2.9,53287892,208336626.0
2017-11-13,2.89,2.9,2.87,2.88,32928799,128611336.0
2017-11-14,2.87,2.88,2.85,2.85,35128756,136340629.0
2017-11-15,2.85,2.87,2.83,2.85,27802962,107234210.0
2017-11-16,2.85,2.88,2.84,2.84,26237783,101776975.0
2017-11-17,2.84,2.88,2.78,2.86,98605333,379667447.0
2017-11-20,2.85,2.86,2.83,2.86,36777812,141802416.0
2017-11-21,2.85,2.87,2.84,2.85,41224586,159480460.0
2017-11-22,2.85,2.91,2.85,2.91,82432827,322943976.0
2017-11-23,2.9,2.93,2.84,2.87,65148849,255453935.0
2017-11-24,2.84,2.88,2.82,2.87,48820357,187892818.0
2017-11-27,2.85,2.88,2.83,2.87,33664310,130342940.0
2017-11-28,2.85,2.87,2.83,2.84,28534300,109988898.0
2017-11-29,2.84,2.85,2.81,2.83,26951807,103220390.0
2017-11-30,2.83,2.85,2.82,2.84,21000513,80621192.0
2017-12-01,2.83,2.84,2.8,2.82,42040453,160547890.0
2017-12-04,2.81,2.83,2.8,2.8,17668868,67325894.0
2017-12-05,2.8,2.82,2.8,2.81,25813972,98106757.0
2017-12-06,2.8,2.82,2.79,2.8,18975913,72130802.0
2017-12-07,2.81,2.81,2.8,2.8,13539119,51433593.0
2017-12-08,2.8,2.8,2.79,2.8,19932694,75554162.0
2017-12-11,2.8,2.82,2.8,2.81,22861051,87100897.0
2017-12-12,2.81,2.82,2.79,2.79,13201015,50090287.0
2017-12-13,2.79,2.79,2.77,2.78,19916964,74951214.0
2017-12-14,2.77,2.78,2.77,2.77,13777888,51760726.0
2017-12-15,2.77,2.77,2.75,2.76,13276723,49692769.0
2017-12-18,2.76,2.77,2.74,2.75,12669044,47260471.0
2017-12-19,2.75,2.77,2.74,2.77,8702367,32568294.0
2017-12-20,2.77,2.77,2.73,2.74,14699752,54703221.0
2017-12-21,2.73,2.74,2.71,2.72,17690867,65284764.0
2017-12-22,2.73,2.73,2.71,2.71,11725582,43152853.0
2017-12-25,2.71,2.74,2.71,2.71,13186173,48683902.0
2017-12-26,2.73,2.74,2.71,2.74,14496405,53659288.0
2017-12-27,2.74,2.74,2.72,2.73,14215396,52693123.0
2017-12-28,2.73,2.74,2.72,2.73,12089767,44864393.0
2017-12-29,2.74,2.74,2.72,2.74,9857149,36528972.0
2018-01-02,2.74,2.77,2.74,2.77,24275417,90817382.0
2018-01-03,2.77,2.79,2.77,2.78,22585657,85047524.0
2018-01-04,2.78,2.81,2.77,2.8,23017711,86730617.0
2018-01-05,2.79,2.85,2.78,2.83,45346737,173289331.0
2018-01-08,2.82,2.83,2.8,2.82,30007106,114444527.0
2018-01-09,2.82,2.84,2.81,2.83,28269582,108303733.0
2018-01-10,2.83,2.83,2.79,2.8,24583884,93565614.0
2018-01-11,2.79,2.81,2.79,2.8,15642404,59332201.0
2018-01-12,2.8,2.8,2.78,2.78,17906167,67718662.0
2018-01-15,2.79,2.79,2.76,2.77,20298494,76240885.0
2018-01-16,2.77,2.8,2.76,2.8,23745619,89757929.0
2018-01-17,2.8,2.83,2.8,2.82,25340710,96762070.0
2018-01-18,2.82,2.87,2.8,2.86,60190546,231827701.0
2018-01-19,2.85,2.86,2.83,2.84,40983002,157738325.0
2018-01-22,2.85,2.85,2.83,2.85,29525040,113742543.0
2018-01-23,2.85,2.89,2.84,2.87,41618051,161594579.0
2018-01-24,2.87,2.91,2.86,2.89,55683387,218011314.0
2018-01-25,2.89,2.94,2.88,2.91,61273998,242204700.0
2018-01-26,2.91,2.93,2.89,2.91,36149254,142586573.0
2018-01-29,2.91,2.94,2.88,2.89,43124007,169896865.0
2018-01-30,2.88,2.89,2.85,2.86,23441012,91310916.0
2018-01-31,2.86,2.86,2.83,2.85,27633370,106729888.0
2018-02-01,2.85,2.87,2.8,2.8,36631497,140591342.0
2018-02-02,2.8,2.92,2.79,2.91,70558643,274781660.0
2018-02-05,2.89,2.98,2.89,2.97,92958287,373209964.0
2018-02-06,2.94,3.01,2.91,2.93,88355685,353610730.0
2018-02-07,2.97,2.98,2.91,2.94,67232804,267893124.0
2018-02-08,2.93,2.93,2.83,2.86,60537248,235941195.0
2018-02-09,2.8,2.8,2.71,2.74,70504556,262851130.0
2018-02-12,2.75,2.77,2.73,2.74,32641768,121447099.0
2018-02-13,2.75,2.8,2.74,2.77,29398908,110396465.0
2018-02-14,2.77,2.77,2.74,2.77,18525849,69241714.0
2018-02-22,2.77,2.8,2.77,2.8,20172761,76250506.0
2018-02-23,2.8,2.82,2.78,2.81,26569251,100936492.0
2018-02-26,2.81,2.83,2.79,2.83,26490115,100848553.0
2018-02-27,2.83,2.83,2.8,2.82,23041250,87982885.0
2018-02-28,2.8,2.82,2.78,2.8,24284355,92142273.0
2018-03-01,2.79,2.81,2.78,2.81,19823984,75254820.0
2018-03-02,2.8,2.8,2.78,2.79,17428452,65934658.0
2018-03-05,2.78,2.8,2.77,2.78,16223285,61194202.0
2018-03-06,2.79,2.8,2.77,2.8,16294732,61572772.0
2018-03-07,2.8,2.82,2.79,2.81,25447271,96753884.0
2018-03-08,2.8,2.82,2.8,2.82,15721147,59847777.0
2018-03-09,2.87,2.91,2.85,2.85,44487075,172844004.0
2018-03-12,2.85,2.87,2.83,2.85,35017785,135146082.0
2018-03-13,2.85,2.85,2.83,2.84,25078117,96677382.0
2018-03-14,2.83,2.84,2.82,2.83,18462850,70754153.0
2018-03-15,2.82,2.83,2.81,2.83,17257013,65950998.0
2018-03-16,2.83,2.83,2.8,2.81,19382691,74022117.0
2018-03-19,2.8,2.82,2.79,2.81,14849168,56489298.0
2018-03-20,2.8,2.8,2.79,2.8,15811867,59918708.0
2018-03-21,2.81,2.84,2.8,2.82,26788239,102632099.0
2018-03-22,2.82,2.83,2.79,2.8,18078465,68638621.0
2018-03-23,2.77,2.78,2.71,2.73,42751397,159013327.0
2018-03-26,2.71,2.75,2.7,2.74,19597725,72377928.0
2018-03-27,2.76,2.77,2.75,2.77,18532941,69361377.0
2018-03-28,2.75,2.75,2.73,2.74,20080668,74584705.0
2018-03-29,2.74,2.77,2.73,2.77,18170141,67721478.0
2018-03-30,2.76,2.77,2.74,2.76,19329175,72118741.0
2018-04-02,2.76,2.77,2.74,2.76,23623898,88285246.0
2018-04-03,2.74,2.74,2.73,2.74,14464818,53636502.0
2018-04-04,2.74,2.74,2.72,2.73,14635893,54241054.0
2018-04-09,2.73,2.73,2.7,2.71,21089561,77499879.0
2018-04-10,2.71,2.74,2.71,2.74,15639040,57729522.0
2018-04-11,2.74,2.75,2.73,2.74,16481613,61199743.0
2018-04-12,2.74,2.74,2.71,2.71,15985996,58988073.0
2018-04-13,2.73,2.73,2.71,2.71,15042513,55442825.0
2018-04-16,2.71,2.71,2.69,2.7,15403893,56433113.0
2018-04-17,2.7,2.71,2.67,2.68,19159380,69852785.0
2018-04-18,2.68,2.69,2.66,2.68,14856269,53914727.0
2018-04-19,2.68,2.69,2.67,2.68,13878302,50442194.0
2018-04-20,2.68,2.68,2.64,2.65,15880912,57199347.0
2018-04-23,2.64,2.66,2.63,2.65,11218503,40234059.0
2018-04-24,2.66,2.68,2.64,2.68,13743724,49831701.0
2018-04-25,2.67,2.68,2.66,2.66,10903903,39551622.0
2018-04-26,2.67,2.68,2.62,2.64,15040157,54228542.0
2018-04-27,2.64,2.66,2.64,2.66,13251024,47711214.0
2018-05-02,2.66,2.68,2.66,2.66,16782856,60638960.0
2018-05-03,2.66,2.68,2.66,2.68,15073253,54471774.0
2018-05-04,2.67,2.69,2.66,2.68,13490196,48984922.0
2018-05-07,2.68,2.7,2.67,2.69,13116711,47819724.0
2018-05-08,2.69,2.71,2.68,2.7,13204462,48279527.0
2018-05-09,2.7,2.71,2.68,2.68,14663125,53495744.0
2018-05-10,2.69,2.71,2.68,2.71,17802771,65263004.0
2018-05-11,2.71,2.71,2.68,2.69,8678061,31709133.0
2018-05-14,2.69,2.7,2.68,2.68,10652963,38817655.0
2018-05-15,2.68,2.69,2.68,2.69,11257888,40963288.0
2018-05-16,2.68,2.7,2.68,2.68,12291623,44849350.0
2018-05-17,2.69,2.7,2.68,2.69,9416548,34303424.0
2018-05-18,2.68,2.7,2.67,2.7,14884397,54175867.0
2018-05-21,2.7,2.73,2.7,2.72,16649008,61315324.0
2018-05-22,2.71,2.72,2.71,2.72,15951844,58741530.0
2018-05-23,2.72,2.73,2.7,2.71,15890660,58573581.0
2018-05-24,2.71,2.71,2.69,2.7,10142240,37148775.0
2018-05-25,2.69,2.7,2.66,2.67,11144729,40544443.0
2018-05-28,2.68,2.68,2.66,2.66,10517680,37972241.0
2018-05-29,2.66,2.67,2.66,2.66,11423726,41202478.0
2018-05-30,2.65,2.65,2.63,2.63,17609747,62871778.0
2018-05-31,2.63,2.64,2.52,2.55,57695242,200171786.0
2018-06-01,2.54,2.54,2.46,2.52,33031485,112269678.0
2018-06-04,2.52,2.53,2.48,2.53,25873387,87835496.0
2018-06-05,2.52,2.53,2.5,2.52,15232256,51884344.0
2018-06-06,2.53,2.54,2.51,2.52,19613697,67099456.0
2018-06-07,2.52,2.53,2.5,2.52,23002431,78314944.0
2018-06-08,2.52,2.52,2.48,2.49,19190045,64804947.0
2018-06-11,2.49,2.52,2.49,2.51,16526884,56205378.0
2018-06-12,2.51,2.53,2.5,2.53,16736031,56974655.0
2018-06-13,2.52,2.53,2.48,2.5,17323928,56652906.0
2018-06-14,2.51,2.52,2.5,2.5,7745170,25278836.0
2018-06-15,2.52,2.53,2.5,2.51,14713073,48057053.0
2018-06-19,2.5,2.5,2.27,2.31,37983433,117808326.0
2018-06-20,2.31,2.34,2.29,2.33,19343437,58386328.0
2018-06-21,2.33,2.35,2.3,2.31,15238021,46301349.0
2018-06-22,2.3,2.35,2.28,2.34,12923643,39106031.0
2018-06-25,2.35,2.36,2.33,2.33,9914419,30207254.0
2018-06-26,2.31,2.33,2.3,2.32,10781500,32475060.0
2018-06-27,2.31,2.34,2.3,2.33,9656043,29155216.0
2018-06-28,2.33,2.33,2.3,2.31,9129276,27573759.0
2018-06-29,2.31,2.34,2.31,2.33,9739598,29536315.0
2018-07-02,2.33,2.33,2.29,2.3,16735562,50286427.0
2018-07-03,2.3,2.32,2.29,2.32,11937636,35774319.0
2018-07-04,2.31,2.32,2.3,2.3,10708393,32147328.0
2018-07-05,2.3,2.3,2.23,2.24,15394333,45587057.0
2018-07-06,2.24,2.28,2.23,2.26,16630759,48864760.0
2018-07-09,2.27,2.29,2.26,2.29,13356244,39588905.0
2018-07-10,2.29,2.32,2.28,2.31,11661596,34918688.0
2018-07-11,2.3,2.3,2.26,2.27,12203839,36114551.0
2018-07-12,2.27,2.34,2.27,2.31,18251324,54885974.0
2018-07-13,2.31,2.33,2.29,2.3,10975187,32942581.0
2018-07-16,2.3,2.3,2.27,2.3,16187742,48233165.0
2018-07-17,2.3,2.3,2.27,2.28,9741617,28923833.0
2018-07-18,2.29,2.3,2.28,2.3,12338264,36858456.0
2018-07-19,2.3,2.3,2.27,2.28,9721726,28947582.0
2018-07-20,2.29,2.32,2.27,2.31,13231668,39605359.0
2018-07-23,2.31,2.4,2.3,2.38,28327502,86788388.0
2018-07-24,2.42,2.53,2.41,2.53,69038635,224797124.0
2018-07-25,2.53,2.53,2.45,2.47,35598378,115148664.0
2018-07-26,2.47,2.59,2.45,2.52,42589752,139070918.0
2018-07-27,2.5,2.51,2.46,2.47,24737269,79863947.0
2018-07-30,2.46,2.51,2.46,2.48,21262410,68809712.0
2018-07-31,2.47,2.49,2.46,2.46,13203542,42412071.0
2018-08-01,2.47,2.5,2.44,2.45,19604404,63338456.0
2018-08-02,2.44,2.45,2.36,2.41,22329467,69895073.0
2018-08-03,2.4,2.42,2.38,2.4,10890349,34052549.0
2018-08-06,2.39,2.43,2.36,2.4,17698638,55389884.0
2018-08-07,2.41,2.51,2.41,2.5,32768340,105561783.0
2018-08-08,2.5,2.52,2.47,2.48,24971831,81143034.0
2018-08-09,2.47,2.51,2.47,2.5,18758422,61043792.0
2018-08-10,2.5,2.51,2.48,2.5,9276804,30124768.0
2018-08-13,2.47,2.49,2.45,2.48,13638439,43781741.0
2018-08-14,2.48,2.5,2.46,2.47,8242780,26643435.0
2018-08-15,2.47,2.49,2.44,2.44,13118904,42079930.0
2018-08-16,2.44,2.44,2.4,2.4,11234774,35396497.0
2018-08-17,2.41,2.43,2.36,2.36,11145494,34796138.0
2018-08-20,2.37,2.38,2.33,2.36,11939976,36638049.0
2018-08-21,2.36,2.39,2.36,2.37,10150567,31360179.0
2018-08-22,2.37,2.37,2.33,2.34,10621842,32420033.0
2018-08-23,2.34,2.36,2.33,2.35,7769403,23760876.0
2018-08-24,2.35,2.36,2.33,2.36,9257324,28251569.0
2018-08-27,2.36,2.4,2.35,2.38,13987386,43219072.0
2018-08-28,2.38,2.38,2.36,2.38,10381664,32092005.0
2018-08-29,2.38,2.41,2.37,2.37,10946475,34082294.0
2018-08-30,2.37,2.39,2.34,2.36,10880887,33388160.0
2018-08-31,2.35,2.36,2.33,2.33,12969270,39566088.0
2018-09-03,2.33,2.35,2.3,2.33,15478005,46890197.0
2018-09-04,2.33,2.35,2.32,2.34,11043512,33536973.0
2018-09-05,2.34,2.35,2.33,2.33,8199041,24966305.0
2018-09-06,2.33,2.33,2.31,2.32,6258600,18929404.0
2018-09-07,2.32,2.34,2.32,2.32,10491124,31807104.0
2018-09-10,2.32,2.32,2.29,2.3,11548120,34552679.0
2018-09-11,2.3,2.3,2.28,2.29,10179995,30366126.0
2018-09-12,2.3,2.31,2.28,2.3,10681313,31943989.0
2018-09-13,2.31,2.34,2.31,2.33,9776638,29541861.0
2018-09-14,2.33,2.33,2.3,2.31,10213590,30757108.0
2018-09-17,2.31,2.31,2.29,2.3,8460940,25342268.0
2018-09-18,2.3,2.36,2.28,2.36,21081111,63994334.0
2018-09-19,2.36,2.37,2.34,2.36,18295789,56189443.0
2018-09-20,2.36,2.36,2.34,2.36,11118427,34159815.0
2018-09-21,2.36,2.39,2.35,2.38,14791147,45713008.0
2018-09-25,2.38,2.38,2.36,2.37,13115924,40473853.0
2018-09-26,2.37,2.4,2.36,2.38,10205848,31634868.0
2018-09-27,2.38,2.38,2.36,2.37,7315168,22610252.0
2018-09-28,2.37,2.39,2.36,2.38,10500422,32516728.0
2018-10-08,2.36,2.36,2.31,2.32,14455532,43970499.0
2018-10-09,2.33,2.33,2.31,2.32,9125807,27602881.0
2018-10-10,2.32,2.33,2.31,2.33,11081126,33514410.0
2018-10-11,2.3,2.31,2.2,2.22,25930503,76565966.0
2018-10-12,2.22,2.24,2.17,2.23,20063334,57934481.0
2018-10-15,2.23,2.26,2.22,2.23,12976409,37920475.0
2018-10-16,2.23,2.24,2.2,2.21,11357484,32928471.0
2018-10-17,2.23,2.24,2.21,2.23,9529325,27667230.0
2018-10-18,2.23,2.23,2.17,2.18,13882124,39571110.0
2018-10-19,2.16,2.2,2.14,2.2,13180559,37480295.0
2018-10-22,2.21,2.3,2.2,2.29,22185315,65515551.0
2018-10-23,2.28,2.29,2.23,2.25,18047778,53059946.0
2018-10-24,2.23,2.29,2.23,2.24,12116203,35641889.0
2018-10-25,2.22,2.25,2.2,2.25,10868631,31491780.0
2018-10-26,2.25,2.3,2.25,2.28,16524272,48996077.0
2018-10-29,2.29,2.3,2.25,2.26,11378837,33664379.0
2018-10-30,2.26,2.29,2.25,2.27,13918702,41201036.0
2018-10-31,2.3,2.33,2.29,2.31,17755308,53483655.0
2018-11-01,2.33,2.33,2.3,2.3,15610385,47016132.0
2018-11-02,2.32,2.33,2.3,2.33,18618082,56259218.0
2018-11-05,2.33,2.35,2.3,2.32,26423040,79725954.0
2018-11-06,2.31,2.41,2.29,2.36,39968075,121934543.0
2018-11-07,2.34,2.35,2.31,2.32,25021556,75717314.0
2018-11-08,2.33,2.33,2.3,2.3,11345878,34174154.0
2018-11-09,2.3,2.31,2.28,2.3,12766418,38128536.0
2018-11-12,2.29,2.32,2.28,2.32,14301714,42913357.0
2018-11-13,2.3,2.36,2.3,2.34,27196954,82503025.0
2018-11-14,2.33,2.36,2.33,2.33,21857475,66707043.0
2018-11-15,2.36,2.36,2.35,2.36,23624484,72506038.0
2018-11-16,2.36,2.42,2.36,2.4,42984918,134403849.0
2018-11-19,2.42,2.45,2.4,2.43,36815126,116204015.0
2018-11-20,2.42,2.46,2.39,2.39,30018352,94665169.0
2018-11-21,2.38,2.4,2.36,2.36,20822545,64474035.0
2018-11-22,2.38,2.39,2.36,2.38,12420067,38463723.0
2018-11-23,2.37,2.38,2.32,2.33,18022419,54957112.0
2018-11-26,2.33,2.34,2.29,2.3,16909677,50843387.0
2018-11-27,2.3,2.31,2.28,2.28,14009265,41826637.0
2018-11-28,2.28,2.3,2.27,2.3,11131784,33149472.0
2018-11-29,2.3,2.31,2.27,2.28,11627238,34752542.0
2018-11-30,2.27,2.3,2.27,2.29,11067625,32880488.0
2018-12-03,2.33,2.33,2.31,2.33,16633702,50342027.0
2018-12-04,2.33,2.34,2.32,2.33,14406017,43680346.0
2018-12-05,2.32,2.33,2.3,2.31,11738644,35371709.0
2018-12-06,2.3,2.31,2.27,2.28,11732203,34956436.0
2018-12-07,2.29,2.3,2.28,2.29,5314398,15843597.0
2018-12-10,2.28,2.29,2.27,2.27,10888655,32215976.0
2018-12-11,2.28,2.32,2.27,2.32,16162582,48478270.0
2018-12-12,2.32,2.33,2.3,2.32,8701209,26230755.0
2018-12-13,2.32,2.36,2.31,2.35,26295306,80430305.0
2018-12-14,2.35,2.35,2.32,2.33,14603363,44448596.0
2018-12-17,2.31,2.41,2.3,2.41,53190445,164612120.0
2018-12-18,2.39,2.4,2.36,2.37,20612953,63822005.0
2018-12-19,2.37,2.39,2.36,2.36,13801821,42608455.0
2018-12-20,2.36,2.37,2.33,2.36,15056881,46121582.0
2018-12-21,2.35,2.36,2.33,2.34,12978844,39547906.0
2018-12-24,2.33,2.37,2.33,2.37,12726549,39142888.0
2018-12-25,2.36,2.36,2.32,2.36,14355399,43748088.0
2018-12-26,2.35,2.37,2.34,2.36,13006208,39972506.0
2018-12-27,2.37,2.39,2.33,2.34,16329934,50144174.0
2018-12-28,2.34,2.35,2.33,2.33,9448192,28789984.0
2019-01-02,2.33,2.35,2.31,2.34,13217070,40163151.0
2019-01-03,2.33,2.37,2.32,2.36,15999303,48958850.0
2019-01-04,2.35,2.4,2.34,2.4,24551940,76234344.0
2019-01-07,2.41,2.45,2.4,2.42,34664872,109471763.0
2019-01-08,2.4,2.43,2.4,2.42,13204865,41577302.0
2019-01-09,2.41,2.43,2.38,2.38,21220105,66682998.0
2019-01-10,2.38,2.4,2.37,2.39,14919436,46457332.0
2019-01-11,2.4,2.4,2.36,2.38,13687012,42346249.0
2019-01-14,2.39,2.4,2.36,2.37,10274954,31824122.0
2019-01-15,2.37,2.39,2.36,2.39,16057871,49633564.0
2019-01-16,2.39,2.39,2.36,2.36,12532644,38739572.0
2019-01-17,2.36,2.37,2.34,2.36,14939323,45874489.0
2019-01-18,2.36,2.39,2.36,2.39,15078373,46604139.0
2019-01-21,2.39,2.4,2.37,2.39,13733916,42663247.0
2019-01-22,2.39,2.4,2.37,2.4,19304264,59960854.0
2019-01-23,2.39,2.4,2.37,2.39,10991106,34171223.0
2019-01-24,2.4,2.45,2.39,2.44,42396496,133518052.0
2019-01-25,2.45,2.46,2.43,2.44,23146063,73475987.0
2019-01-28,2.43,2.46,2.43,2.43,17093429,54318812.0
2019-01-29,2.43,2.46,2.4,2.45,20310780,64428964.0
2019-01-30,2.45,2.46,2.43,2.44,15211174,48447645.0
2019-01-31,2.44,2.47,2.43,2.44,21969752,70327462.0
2019-02-01,2.45,2.48,2.45,2.48,18587238,59737322.0
2019-02-11,2.48,2.5,2.46,2.49,23319629,75445915.0
2019-02-12,2.5,2.5,2.46,2.49,19763910,63827180.0
2019-02-13,2.49,2.53,2.46,2.51,32153128,104423738.0
2019-02-14,2.51,2.52,2.5,2.51,20037468,65362738.0
2019-02-15,2.51,2.51,2.46,2.47,22347269,72313879.0
2019-02-18,2.5,2.58,2.5,2.56,53030110,176454272.0
2019-02-19,2.56,2.57,2.53,2.56,29751190,99091481.0
2019-02-20,2.56,2.6,2.54,2.59,32557657,109102922.0
2019-02-21,2.57,2.62,2.56,2.56,35753981,120683563.0
2019-02-22,2.56,2.59,2.55,2.58,20718034,69266869.0
2019-02-25,2.6,2.67,2.58,2.66,69571107,237704167.0
2019-02-26,2.67,2.81,2.63,2.7,85259982,303122526.0
2019-02-27,2.7,2.78,2.66,2.69,55720298,197345870.0
2019-02-28,2.7,2.79,2.69,2.73,48124187,171342455.0
2019-03-01,2.73,2.76,2.7,2.73,40423372,143698616.0
2019-03-04,2.74,2.82,2.73,2.79,76434202,277400987.0
2019-03-05,2.77,2.88,2.76,2.87,75223458,277213058.0
2019-03-06,2.87,2.94,2.86,2.92,73618119,278483301.0
2019-03-07,2.97,3.19,2.96,3.06,160399082,642210101.0
2019-03-08,2.99,3.06,2.86,2.86,128579362,495468985.0
2019-03-11,2.84,3.01,2.83,2.96,85618839,324876508.0
2019-03-12,2.96,3.01,2.88,2.93,88138771,338204547.0
2019-03-13,2.92,3.06,2.88,2.96,117645371,455289677.0
2019-03-14,2.93,2.96,2.8,2.83,67987499,253951198.0
2019-03-15,2.83,2.96,2.83,2.91,71397354,270819514.0
2019-03-18,2.89,2.97,2.88,2.97,80393892,307597820.0
2019-03-19,2.99,3.02,2.93,2.97,61069101,236800401.0
2019-03-20,2.97,2.98,2.89,2.96,50303923,192915942.0
2019-03-21,2.95,2.98,2.93,2.94,41698088,160409186.0
2019-03-22,2.94,3.0,2.94,2.99,56903817,220264521.0
2019-03-25,2.96,2.96,2.91,2.92,49567126,189756538.0
2019-03-26,2.92,2.95,2.82,2.84,43551064,163530984.0
2019-03-27,2.85,2.87,2.8,2.83,39113794,144042794.0
2019-03-28,2.84,2.84,2.79,2.8,29661514,108732780.0
2019-03-29,2.81,2.87,2.79,2.87,50229240,185768583.0
2019-04-01,2.89,2.99,2.89,2.97,80262159,309407621.0
2019-04-02,2.99,3.03,2.96,2.99,65177129,254247258.0
2019-04-03,3.02,3.15,2.98,3.13,157851589,636229335.0
2019-04-04,3.14,3.19,3.1,3.18,128228558,526044214.0
2019-04-08,3.19,3.2,3.06,3.11,82618177,336677632.0
2019-04-09,3.13,3.15,3.09,3.13,47846709,194654793.0
2019-04-10,3.11,3.14,3.06,3.13,52859609,213010666.0
2019-04-11,3.11,3.13,3.04,3.06,57208338,228881112.0
2019-04-12,3.05,3.08,3.03,3.07,30869681,122973362.0
2019-04-15,3.09,3.13,3.04,3.04,54311512,218125627.0
2019-04-16,3.03,3.06,2.98,3.06,42814388,168612399.0
2019-04-17,3.06,3.06,3.02,3.03,33087909,130945096.0
2019-04-18,3.05,3.05,3.0,3.0,28842621,113214201.0
2019-04-19,3.0,3.03,2.99,3.02,29717280,116254428.0
2019-04-22,3.03,3.04,2.91,2.94,65203043,251536714.0
2019-04-23,2.93,2.96,2.86,2.9,67547023,255920447.0
2019-04-24,2.91,2.93,2.88,2.92,25849363,97906183.0
2019-04-25,2.91,2.92,2.85,2.85,27653927,103666619.0
2019-04-26,2.84,2.85,2.79,2.8,40324041,147719264.0
2019-04-29,2.8,2.83,2.79,2.81,32658957,119285088.0
2019-04-30,2.84,2.94,2.83,2.93,63371134,239790185.0
2019-05-06,2.89,2.91,2.81,2.86,98028772,365558032.0
2019-05-07,2.84,2.93,2.84,2.93,64566929,243937483.0
2019-05-08,2.89,2.96,2.86,2.92,44743162,170429713.0
2019-05-09,2.92,2.96,2.91,2.94,41359922,158278055.0
2019-05-10,2.96,3.03,2.93,3.02,66962416,260848300.0
2019-05-13,2.99,3.11,2.97,3.08,89330974,354821106.0
2019-05-14,3.04,3.06,2.95,2.96,62458440,244710057.0
2019-05-15,2.97,3.02,2.96,3.01,47064150,182715779.0
2019-05-16,3.02,3.05,3.01,3.03,42749263,168657661.0
2019-05-17,3.03,3.03,2.93,2.96,36052492,140232545.0
2019-05-20,2.95,2.97,2.91,2.96,28732590,110097119.0
2019-05-21,2.96,2.98,2.93,2.97,28248228,108978862.0
2019-05-22,2.96,2.98,2.95,2.96,24613816,95028646.0
2019-05-23,2.96,2.96,2.89,2.9,30848416,117027220.0
2019-05-24,2.89,2.9,2.84,2.85,27964972,104435113.0
2019-05-27,2.86,2.89,2.83,2.89,16951364,63254051.0
2019-05-28,2.89,2.92,2.87,2.87,20562616,77495911.0
2019-05-29,2.88,2.89,2.86,2.86,15606850,58480768.0
2019-05-30,2.86,2.87,2.83,2.86,17841789,66047625.0
2019-05-31,2.86,2.89,2.83,2.87,23604485,87898937.0
2019-06-03,2.87,2.89,2.84,2.86,23722642,88395068.0
2019-06-04,2.85,2.86,2.83,2.85,16881990,62507559.0
2019-06-05,2.86,2.87,2.81,2.81,26229313,96660239.0
2019-06-06,2.81,2.81,2.79,2.79,19078647,69475285.0
2019-06-10,2.8,2.86,2.79,2.84,25453035,94147814.0
2019-06-11,2.86,2.93,2.86,2.93,31939456,120944740.0
2019-06-12,2.92,2.95,2.89,2.91,22797716,86504328.0
2019-06-13,2.92,2.92,2.89,2.9,20606410,77889504.0
2019-06-14,2.9,2.91,2.86,2.86,22844435,85754257.0
2019-06-17,2.86,2.92,2.86,2.9,23361704,87955968.0
2019-06-18,2.91,2.92,2.88,2.89,13588768,51268111.0
2019-06-19,2.93,2.96,2.89,2.91,34943601,133047803.0
2019-06-20,2.91,2.97,2.89,2.96,48744631,186296406.0
2019-06-21,2.96,2.98,2.94,2.95,35047682,135056899.0
2019-06-24,2.95,2.96,2.93,2.94,22285337,85395367.0
2019-06-25,2.94,2.97,2.88,2.94,38243014,145402271.0
2019-06-26,2.92,2.92,2.88,2.89,29761432,112457687.0
2019-06-27,2.89,2.92,2.89,2.89,20469481,77267793.0
2019-06-28,2.89,2.91,2.86,2.89,19765385,74228414.0
2019-07-01,2.92,2.93,2.91,2.93,36637601,139371976.0
2019-07-02,2.92,2.96,2.91,2.95,36474407,139707901.0
2019-07-03,2.95,2.97,2.93,2.95,31626089,121458549.0
2019-07-04,2.95,2.98,2.94,2.96,29984243,115631319.0
2019-07-05,2.96,2.98,2.96,2.98,26293700,101735413.0
2019-07-08,2.99,2.99,2.91,2.93,38514737,147055313.0
2019-07-09,2.93,2.93,2.88,2.89,22097401,83447620.0
2019-07-10,2.89,2.93,2.89,2.91,19066493,72281673.0
2019-07-11,2.92,2.93,2.89,2.9,13759536,52231655.0
2019-07-12,2.9,2.93,2.89,2.92,17494656,66433168.0
2019-07-15,2.93,2.99,2.89,2.98,36250731,139435860.0
2019-07-16,2.97,3.02,2.97,2.99,44087050,172035785.0
2019-07-17,3.01,3.01,2.96,2.97,34115560,128047430.0
2019-07-18,2.97,2.98,2.95,2.96,26352934,98349553.0
2019-07-19,2.96,2.98,2.94,2.95,28342766,105625393.0
2019-07-22,2.96,2.98,2.9,2.96,33568650,124547269.0
2019-07-23,2.95,2.99,2.93,2.97,29565235,110162221.0
2019-07-24,2.98,3.02,2.97,3.01,25024551,94636851.0
2019-07-25,3.01,3.04,3.01,3.03,23251595,88467939.0
2019-07-26,3.03,3.05,3.01,3.04,23526674,89714211.0
2019-07-29,3.04,3.09,3.03,3.08,40418575,156384828.0
2019-07-30,3.09,3.1,3.05,3.06,29151262,112604489.0
2019-07-31,3.06,3.06,3.01,3.02,33212706,126523526.0
2019-08-01,3.01,3.03,2.97,2.99,32190461,121373706.0
2019-08-02,2.96,2.98,2.94,2.96,37319931,138737481.0
2019-08-05,2.95,2.96,2.9,2.91,40025515,147075936.0
2019-08-06,2.88,2.88,2.78,2.85,41844893,148534783.0
2019-08-07,2.86,2.88,2.82,2.84,32316096,115710396.0
2019-08-08,2.87,2.9,2.84,2.86,25097791,90168906.0
2019-08-09,2.86,2.86,2.83,2.83,21003245,75190113.0
2019-08-12,2.83,2.88,2.82,2.86,26618015,95596780.0
2019-08-13,2.86,2.87,2.84,2.86,18891988,67700266.0
2019-08-14,2.87,2.89,2.82,2.85,20967354,75398878.0
2019-08-15,2.8,2.84,2.79,2.84,16375601,58028335.0
2019-08-16,2.86,2.86,2.82,2.83,19928206,71044323.0
2019-08-19,2.84,2.89,2.83,2.88,27296674,98084631.0
2019-08-20,2.88,2.9,2.85,2.86,24724060,89380611.0
2019-08-21,2.86,2.89,2.86,2.89,20900232,75582673.0
2019-08-22,2.9,2.9,2.86,2.89,13481851,48725725.0
2019-08-23,2.88,2.89,2.86,2.88,15809827,57133307.0
2019-08-26,2.84,2.85,2.81,2.82,23948420,85028076.0
2019-08-27,2.84,2.91,2.83,2.84,54684265,197496454.0
2019-08-28,2.86,2.93,2.86,2.9,38468919,139998698.0
2019-08-29,2.91,2.92,2.87,2.89,19714516,71645940.0
2019-08-30,2.89,2.9,2.86,2.86,20288950,73525248.0
2019-09-02,2.87,2.88,2.82,2.86,53198817,190023595.0
2019-09-03,2.85,2.86,2.78,2.79,68169752,240006114.0
2019-09-04,2.79,2.82,2.78,2.8,52346857,183894629.0
2019-09-05,2.82,2.83,2.8,2.82,77444347,274265787.0
2019-09-06,2.82,2.83,2.79,2.82,38266701,135121971.0
2019-09-09,2.83,2.83,2.81,2.82,42899756,151884042.0
2019-09-10,2.82,2.83,2.81,2.82,24441951,86613674.0
2019-09-11,2.83,2.83,2.81,2.82,28242709,99967136.0
2019-09-12,2.82,2.83,2.82,2.83,27251836,96806983.0
2019-09-16,2.83,2.84,2.82,2.82,27694902,98372665.0
2019-09-17,2.82,2.82,2.78,2.79,34644035,121941093.0
2019-09-18,2.79,2.81,2.79,2.81,20184780,70970090.0
2019-09-19,2.81,2.81,2.78,2.8,18060896,63447252.0
2019-09-20,2.81,2.82,2.79,2.81,29828632,105026246.0
2019-09-23,2.79,2.8,2.7,2.72,53394567,183815488.0
2019-09-24,2.72,2.74,2.7,2.72,25237611,86148543.0
2019-09-25,2.71,2.71,2.67,2.7,24876560,84156194.0
2019-09-26,2.69,2.69,2.64,2.65,24899608,83325571.0
2019-09-27,2.64,2.66,2.64,2.66,19930983,66585308.0
2019-09-30,2.66,2.7,2.66,2.7,20410398,68765166.0
2019-10-08,2.68,2.7,2.66,2.67,15985307,53859309.0
2019-10-09,2.66,2.66,2.64,2.66,19082616,63684311.0
2019-10-10,2.66,2.68,2.66,2.67,11879321,39856768.0
2019-10-11,2.68,2.69,2.65,2.69,21373856,71777947.0
2019-10-14,2.7,2.74,2.7,2.73,26385024,90280149.0
2019-10-15,2.73,2.74,2.71,2.73,19863442,68064890.0
2019-10-16,2.74,2.74,2.71,2.73,14644534,50245103.0
2019-10-17,2.72,2.73,2.7,2.71,10497851,35865993.0
2019-10-18,2.72,2.73,2.68,2.7,17028804,57918391.0
2019-10-21,2.68,2.7,2.66,2.7,15366911,51965847.0
2019-10-22,2.7,2.72,2.69,2.71,16466186,55943459.0
2019-10-23,2.72,2.74,2.7,2.71,13464600,46078133.0
2019-10-24,2.7,2.72,2.69,2.7,8172404,27809778.0
2019-10-25,2.7,2.7,2.68,2.7,9885408,33478892.0
2019-10-28,2.7,2.72,2.7,2.71,12304899,41927269.0
2019-10-29,2.71,2.71,2.68,2.69,10667989,36176500.0
2019-10-30,2.71,2.74,2.71,2.72,30565251,104754834.0
2019-10-31,2.71,2.73,2.67,2.71,28541074,96996827.0
2019-11-01,2.7,2.74,2.69,2.74,31322171,107260707.0
2019-11-04,2.74,2.74,2.73,2.74,21177684,72878727.0
2019-11-05,2.74,2.78,2.72,2.77,39694989,137498390.0
2019-11-06,2.77,2.78,2.75,2.76,16091860,55803823.0
2019-11-07,2.75,2.78,2.75,2.78,20285973,70550648.0
2019-11-08,2.78,2.78,2.74,2.74,19608868,68108062.0
2019-11-11,2.74,2.74,2.68,2.69,22706269,77074118.0
2019-11-12,2.68,2.7,2.67,2.7,16321186,55228123.0
2019-11-13,2.7,2.71,2.68,2.7,11900889,40297150.0
2019-11-14,2.7,2.71,2.69,2.7,9969568,33830689.0
2019-11-15,2.7,2.7,2.68,2.68,10021017,33873673.0
2019-11-18,2.68,2.7,2.67,2.7,10164870,34394997.0
2019-11-19,2.69,2.72,2.69,2.71,11901125,40471197.0
2019-11-20,2.71,2.73,2.7,2.71,10680380,36475157.0
2019-11-21,2.7,2.71,2.7,2.7,9474145,32179711.0
2019-11-22,2.7,2.71,2.69,2.7,11969730,40667020.0
2019-11-25,2.7,2.75,2.7,2.74,24281930,83500885.0
2019-11-26,2.74,2.78,2.74,2.78,44654741,154765354.0
2019-11-27,2.77,2.78,2.75,2.75,17749024,61594909.0
2019-11-28,2.76,2.78,2.74,2.76,15108231,52425728.0
2019-11-29,2.76,2.77,2.75,2.77,13821083,47990041.0
2019-12-02,2.78,2.78,2.74,2.75,16960510,58971307.0
2019-12-03,2.75,2.77,2.74,2.75,21994804,76151911.0
2019-12-04,2.75,2.78,2.74,2.76,24841626,86390253.0
2019-12-05,2.78,2.8,2.77,2.79,25635533,89935049.0
2019-12-06,2.8,2.82,2.78,2.8,24827790,87431876.0
2019-12-09,2.81,2.82,2.78,2.8,24363213,85647913.0
2019-12-10,2.8,2.81,2.78,2.8,18828232,66189384.0
2019-12-11,2.8,2.8,2.77,2.78,19859684,69474236.0
2019-12-12,2.78,2.78,2.75,2.77,22519403,78303579.0
2019-12-13,2.78,2.8,2.76,2.8,30095243,105222121.0
2019-12-16,2.8,2.82,2.79,2.82,20551776,72531558.0
2019-12-17,2.82,2.84,2.8,2.82,43952450,155921274.0
2019-12-18,2.82,2.83,2.81,2.81,25950648,91996464.0
2019-12-19,2.82,2.82,2.8,2.81,22054634,77905766.0
2019-12-20,2.81,2.82,2.79,2.8,20910211,73796613.0
2019-12-23,2.8,2.81,2.76,2.77,18736004,65709276.0
2019-12-24,2.77,2.81,2.76,2.8,15806810,55293169.0
2019-12-25,2.8,2.8,2.76,2.77,17344073,60553136.0
2019-12-26,2.76,2.78,2.76,2.78,14317209,49943615.0
2019-12-27,2.78,2.81,2.77,2.78,22758752,79781138.0
2019-12-30,2.78,2.82,2.77,2.81,23591210,82956844.0
2019-12-31,2.81,2.82,2.78,2.82,24180586,85169552.0
2020-01-02,2.83,2.86,2.82,2.85,44158641,158024629.0
2020-01-03,2.86,2.86,2.84,2.85,30085559,107880635.0
2020-01-06,2.84,2.88,2.83,2.86,33726311,121312749.0
2020-01-07,2.86,2.86,2.85,2.86,18602394,66822797.0
2020-01-08,2.85,2.86,2.83,2.84,31848879,113853581.0
2020-01-09,2.88,2.92,2.85,2.88,37796272,136652965.0
2020-01-10,2.87,2.88,2.85,2.87,23350090,84050485.0
2020-01-13,2.87,2.87,2.85,2.86,21886153,78577220.0
2020-01-14,2.86,2.87,2.85,2.86,18941827,68119175.0
2020-01-15,2.86,2.86,2.82,2.82,25199666,89630640.0
2020-01-16,2.82,2.83,2.8,2.82,26954572,95247154.0
2020-01-17,2.82,2.82,2.79,2.8,18610234,65617547.0
2020-01-20,2.8,2.81,2.78,2.79,18523294,65058250.0
2020-01-21,2.79,2.8,2.75,2.75,24784018,86215168.0
2020-01-22,2.75,2.75,2.71,2.74,28311946,97240409.0
2020-01-23,2.73,2.74,2.67,2.69,29213975,99032633.0
2020-02-03,2.43,2.45,2.42,2.42,35571127,108267409.0
2020-02-04,2.37,2.45,2.31,2.44,43681984,132683640.0
2020-02-05,2.44,2.49,2.43,2.46,33402537,103229829.0
2020-02-06,2.47,2.5,2.43,2.49,34575797,107147552.0
2020-02-07,2.47,2.48,2.44,2.47,28815245,88993888.0
2020-02-10,2.46,2.49,2.45,2.48,31970227,99387895.0
2020-02-11,2.48,2.51,2.47,2.49,25925828,81398396.0
2020-02-12,2.5,2.51,2.48,2.49,27843981,87166402.0
2020-02-13,2.49,2.53,2.48,2.49,40463808,127524303.0
2020-02-14,2.52,2.61,2.51,2.53,63024335,202176566.0
2020-02-17,2.52,2.59,2.52,2.58,39878571,128331259.0
2020-02-18,2.57,2.6,2.57,2.58,29493328,95669447.0
2020-02-19,2.58,2.61,2.57,2.59,32229576,104970548.0
2020-02-20,2.59,2.65,2.59,2.64,35134795,115771231.0
2020-02-21,2.65,2.66,2.62,2.63,40147881,133017048.0
2020-02-24,2.63,2.7,2.57,2.66,65523084,217224495.0
2020-02-25,2.62,2.63,2.58,2.61,45125719,147815696.0
2020-02-26,2.59,2.72,2.58,2.67,95359552,320271123.0
2020-02-27,2.68,2.72,2.66,2.67,52415931,177008250.0
2020-02-28,2.62,2.71,2.59,2.66,73697589,245893006.0
2020-03-02,2.66,2.86,2.65,2.86,138527766,489288419.0
2020-03-03,2.91,2.95,2.82,2.84,123240461,444421664.0
2020-03-04,2.83,2.9,2.82,2.88,68687675,247086800.0
2020-03-05,2.91,2.92,2.86,2.88,62931628,228417894.0
2020-03-06,2.86,2.9,2.81,2.82,60414237,215598546.0
2020-03-09,2.78,2.82,2.72,2.73,53253931,184706210.0
2020-03-10,2.69,2.79,2.69,2.78,54455025,188319344.0
2020-03-11,2.78,2.79,2.74,2.74,37757693,131250734.0
2020-03-12,2.73,2.77,2.69,2.7,36798491,125701599.0
2020-03-13,2.62,2.68,2.57,2.65,48576478,160005775.0
2020-03-16,2.67,2.68,2.56,2.57,43217807,142889352.0
2020-03-17,2.57,2.62,2.52,2.57,36324608,117330323.0
2020-03-18,2.59,2.61,2.53,2.54,32167658,103837968.0
2020-03-19,2.52,2.55,2.47,2.49,47764482,150443821.0
2020-03-20,2.51,2.54,2.5,2.53,35797084,113399365.0
2020-03-23,2.5,2.51,2.47,2.48,27561518,86266002.0
2020-03-24,2.51,2.53,2.48,2.51,22014710,69449513.0
2020-03-25,2.57,2.58,2.55,2.56,25760398,82947166.0
2020-03-26,2.55,2.56,2.52,2.52,24079768,76806466.0
2020-03-27,2.55,2.62,2.54,2.57,41766927,135697264.0
2020-03-30,2.55,2.6,2.54,2.57,30712203,99437172.0
2020-03-31,2.59,2.61,2.55,2.55,41374887,133835262.0
2020-04-01,2.55,2.58,2.52,2.54,22226130,71227264.0
2020-04-02,2.52,2.55,2.51,2.55,20710523,65907154.0
2020-04-03,2.55,2.55,2.51,2.52,13225870,42056442.0
2020-04-07,2.56,2.58,2.54,2.57,30144843,96908377.0
2020-04-08,2.55,2.58,2.55,2.57,19218158,61905688.0
2020-04-09,2.58,2.59,2.56,2.57,14221720,45965374.0
2020-04-10,2.58,2.58,2.55,2.55,14809817,47762973.0
2020-04-13,2.55,2.55,2.52,2.53,13156318,41934445.0
2020-04-14,2.54,2.56,2.53,2.56,14690811,47040896.0
2020-04-15,2.56,2.62,2.55,2.57,28984848,94215728.0
2020-04-16,2.57,2.59,2.55,2.58,19016185,61471267.0
2020-04-17,2.59,2.63,2.57,2.61,40265060,131789061.0
2020-04-20,2.63,2.66,2.62,2.63,45346418,150249558.0
2020-04-21,2.62,2.63,2.58,2.62,34490586,112637142.0
2020-04-22,2.62,2.68,2.62,2.66,50555158,168435312.0
2020-04-23,2.69,2.7,2.65,2.66,39056009,131102694.0
2020-04-24,2.65,2.66,2.62,2.62,27154203,89995057.0
2020-04-27,2.64,2.66,2.62,2.64,20853801,69444098.0
2020-04-28,2.63,2.64,2.57,2.62,30767863,100844655.0
2020-04-29,2.62,2.64,2.61,2.62,19377271,63927030.0
2020-04-30,2.59,2.62,2.59,2.62,41394750,135562311.0
2020-05-06,2.59,2.62,2.59,2.6,38893641,127016642.0
2020-05-07,2.59,2.6,2.56,2.58,29529261,95750633.0
2020-05-08,2.58,2.59,2.58,2.58,22817197,74084396.0
2020-05-11,2.58,2.59,2.55,2.56,28972519,93530557.0
2020-05-12,2.57,2.57,2.53,2.53,27919933,89387274.0
2020-05-13,2.53,2.55,2.51,2.54,16609788,52930998.0
2020-05-14,2.54,2.54,2.52,2.52,16445011,52286646.0
2020-05-15,2.53,2.54,2.52,2.52,12246135,38889553.0
2020-05-18,2.53,2.55,2.53,2.53,20432250,65289143.0
2020-05-19,2.55,2.55,2.52,2.53,19937356,63543094.0
2020-05-20,2.53,2.53,2.5,2.51,18815531,59426274.0
2020-05-21,2.51,2.51,2.47,2.48,22693291,71094959.0
2020-05-22,2.48,2.49,2.45,2.45,17143277,53127908.0
2020-05-25,2.46,2.47,2.43,2.45,13620715,42058882.0
2020-05-26,2.44,2.46,2.44,2.45,18071185,55629933.0
2020-05-27,2.45,2.46,2.44,2.44,9056499,27847942.0
2020-05-28,2.45,2.48,2.44,2.47,15103923,46769738.0
2020-05-29,2.47,2.47,2.44,2.46,25727147,79204360.0
2020-06-01,2.46,2.49,2.45,2.49,24264528,75422338.0
2020-06-02,2.48,2.49,2.47,2.49,21840509,68187715.0
2020-06-03,2.48,2.5,2.47,2.47,21304200,66512047.0
2020-06-04,2.48,2.48,2.46,2.46,12657023,39280783.0
2020-06-05,2.47,2.47,2.46,2.47,17039303,52779796.0
2020-06-08,2.48,2.48,2.47,2.47,17052921,52979725.0
2020-06-09,2.47,2.47,2.47,2.47,9244845,28691930.0
2020-06-10,2.46,2.47,2.45,2.46,14773638,45644049.0
2020-06-11,2.45,2.47,2.45,2.47,13927594,43008842.0
2020-06-12,2.45,2.46,2.43,2.45,20357439,62511759.0
2020-06-15,2.45,2.45,2.43,2.43,17743233,54463713.0
2020-06-16,2.44,2.45,2.43,2.44,17481698,53692086.0
2020-06-17,2.45,2.45,2.43,2.44,12236140,37596262.0
2020-06-18,2.44,2.47,2.43,2.45,18843710,58072548.0
2020-06-19,2.46,2.48,2.45,2.47,24941212,77508251.0
2020-06-22,2.48,2.48,2.46,2.46,17842401,55295425.0
2020-06-23,2.47,2.47,2.45,2.45,14830748,45791354.0
2020-06-24,2.46,2.47,2.44,2.45,11594296,35731388.0
2020-06-29,2.45,2.46,2.43,2.43,20473499,62817079.0
2020-06-30,2.44,2.45,2.43,2.44,16486140,50614222.0
2020-07-01,2.44,2.46,2.43,2.45,23718499,72867235.0
2020-07-02,2.45,2.5,2.44,2.5,40383783,125937524.0
2020-07-03,2.51,2.56,2.51,2.55,51587725,164315239.0
2020-07-06,2.58,2.67,2.57,2.67,88950351,293779692.0
2020-07-07,2.7,2.74,2.63,2.63,80488687,270182882.0
2020-07-08,2.63,2.67,2.61,2.66,63490669,211454854.0
2020-07-09,2.66,2.68,2.64,2.67,62053366,207799627.0
2020-07-10,2.66,2.68,2.62,2.64,60181104,200792758.0
2020-07-13,2.64,2.7,2.63,2.7,59105898,198822036.0
2020-07-14,2.71,2.73,2.66,2.68,55404498,187294672.0
2020-07-15,2.69,2.7,2.63,2.65,48135297,160969221.0
2020-07-16,2.67,2.67,2.59,2.59,57485673,182446775.0
2020-07-17,2.59,2.62,2.56,2.62,42189506,132159644.0
2020-07-20,2.62,2.67,2.62,2.67,41446198,132636370.0
2020-07-21,2.67,2.7,2.66,2.67,25876894,83281116.0
2020-07-22,2.67,2.69,2.65,2.66,31616662,101644117.0
2020-07-23,2.65,2.67,2.59,2.66,43922959,139290319.0
2020-07-24,2.65,2.67,2.57,2.59,33081677,104125514.0
2020-07-27,2.6,2.6,2.55,2.57,26580772,82153329.0
2020-07-28,2.57,2.59,2.57,2.57,16521772,51237929.0
2020-07-29,2.57,2.61,2.56,2.6,21993986,68417298.0
2020-07-30,2.6,2.62,2.59,2.61,19093373,59814877.0
2020-07-31,2.6,2.62,2.58,2.59,28307239,88513452.0
2020-08-03,2.6,2.62,2.59,2.62,32701033,102559172.0
2020-08-04,2.62,2.64,2.6,2.63,37821788,119299869.0
2020-08-05,2.62,2.63,2.6,2.62,25062001,78920768.0
2020-08-06,2.62,2.62,2.57,2.6,28799555,90088122.0
2020-08-07,2.6,2.6,2.57,2.57,24970164,77552257.0
2020-08-10,2.57,2.64,2.57,2.62,52315301,164704983.0
2020-08-11,2.63,2.65,2.6,2.61,36151692,114582462.0
2020-08-12,2.61,2.64,2.57,2.62,49283106,154909153.0
2020-08-13,2.62,2.64,2.62,2.62,28951701,91550480.0
2020-08-14,2.62,2.65,2.62,2.65,32728473,103772517.0
2020-08-17,2.66,2.69,2.64,2.67,52047599,167330221.0
2020-08-18,2.67,2.68,2.64,2.65,34652139,110835966.0
2020-08-19,2.66,2.69,2.65,2.66,39886777,128033157.0
2020-08-20,2.65,2.66,2.62,2.63,30926137,98392958.0
2020-08-21,2.64,2.65,2.62,2.64,17955667,57055809.0
2020-08-24,2.65,2.66,2.62,2.63,22917795,73032193.0
2020-08-25,2.64,2.65,2.61,2.62,21830127,69039330.0
2020-08-26,2.62,2.62,2.58,2.58,21049336,65906056.0
2020-08-27,2.7,2.84,2.7,2.8,234765926,794536735.0
2020-08-28,2.67,2.69,2.64,2.67,154489805,495543553.0
2020-08-31,2.68,2.69,2.64,2.64,74711055,239428573.0
2020-09-01,2.64,2.65,2.62,2.62,43176526,136588406.0
2020-09-02,2.63,2.65,2.62,2.62,34937925,110826203.0
2020-09-03,2.64,2.65,2.62,2.63,29127485,92358508.0
2020-09-04,2.62,2.63,2.6,2.63,19768385,62320047.0
2020-09-07,2.62,2.64,2.61,2.62,25484891,80473675.0
2020-09-08,2.61,2.64,2.61,2.64,26618471,84195636.0
2020-09-09,2.63,2.68,2.62,2.67,63545522,203429311.0
2020-09-10,2.67,2.68,2.61,2.62,44466788,141397153.0
2020-09-11,2.61,2.63,2.6,2.62,23608097,74267590.0
2020-09-14,2.62,2.64,2.61,2.63,22279522,70391021.0
2020-09-15,2.62,2.63,2.61,2.62,20721564,65240775.0
2020-09-16,2.61,2.62,2.6,2.61,19236209,60449817.0
2020-09-17,2.6,2.62,2.6,2.61,16185695,50759172.0
2020-09-18,2.61,2.65,2.6,2.64,32598141,103338044.0
2020-09-21,2.64,2.65,2.62,2.63,21874020,69310795.0
2020-09-22,2.62,2.63,2.6,2.61,21430950,67483325.0
2020-09-23,2.61,2.62,2.6,2.6,14059282,44095899.0
2020-09-24,2.6,2.6,2.57,2.57,22681722,70541069.0
2020-09-25,2.58,2.59,2.57,2.57,13427936,41654323.0
2020-09-28,2.57,2.59,2.57,2.58,13005497,40446536.0
2020-09-29,2.59,2.6,2.58,2.58,12535061,39084960.0
2020-09-30,2.58,2.59,2.56,2.57,15070823,46686318.0
2020-10-09,2.58,2.59,2.57,2.58,15571582,48451282.0
2020-10-12,2.58,2.62,2.58,2.61,26108866,81755927.0
2020-10-13,2.61,2.61,2.59,2.61,13295038,41625817.0
2020-10-14,2.6,2.62,2.59,2.61,20135691,63102058.0
2020-10-15,2.61,2.62,2.58,2.6,15566209,48693722.0
2020-10-16,2.59,2.61,2.58,2.59,19125744,59775485.0
2020-10-19,2.59,2.61,2.58,2.59,17253032,53927766.0
2020-10-20,2.58,2.59,2.57,2.58,12536253,38974670.0
2020-10-21,2.58,2.59,2.57,2.57,14895162,46160698.0
2020-10-22,2.57,2.58,2.57,2.57,14433518,44693896.0
2020-10-23,2.57,2.58,2.57,2.57,10171357,31537063.0
2020-10-26,2.57,2.58,2.57,2.57,13880759,42957625.0
2020-10-27,2.57,2.57,2.55,2.55,21190958,65262083.0
2020-10-28,2.55,2.55,2.52,2.54,18562541,56611460.0
2020-10-29,2.52,2.54,2.52,2.53,16177171,49242169.0
2020-10-30,2.53,2.54,2.51,2.52,15515784,47186215.0
2020-11-02,2.52,2.52,2.48,2.49,21672456,65241698.0
2020-11-03,2.5,2.53,2.49,2.52,15040563,45536067.0
2020-11-04,2.52,2.52,2.49,2.5,20932018,63051096.0
2020-11-05,2.51,2.52,2.5,2.52,21815077,65921681.0
2020-11-06,2.52,2.53,2.5,2.53,22314825,67580455.0
2020-11-09,2.52,2.56,2.52,2.55,32929628,100856825.0
2020-11-10,2.55,2.56,2.52,2.52,19612749,60005384.0
2020-11-11,2.52,2.56,2.52,2.54,24598020,75288338.0
2020-11-12,2.53,2.55,2.52,2.52,15270475,46551334.0
2020-11-13,2.52,2.52,2.5,2.51,16307439,49277885.0
2020-11-16,2.51,2.54,2.51,2.54,15911766,48451358.0
2020-11-17,2.53,2.55,2.52,2.54,24102637,73576263.0
2020-11-18,2.54,2.57,2.53,2.55,26770352,82261992.0
2020-11-19,2.56,2.56,2.53,2.53,19239922,58863023.0
2020-11-20,2.53,2.54,2.52,2.53,14118699,43033756.0
2020-11-23,2.53,2.57,2.52,2.55,27838993,85339075.0
2020-11-24,2.55,2.56,2.54,2.55,16334881,50145997.0
2020-11-25,2.56,2.57,2.53,2.53,19627117,60200053.0
2020-11-26,2.53,2.53,2.52,2.52,17575943,53462051.0
2020-11-27,2.53,2.55,2.52,2.55,15703238,47936044.0
2020-11-30,2.55,2.58,2.54,2.55,39947364,123363434.0
2020-12-01,2.54,2.57,2.53,2.57,29706757,91502450.0
2020-12-02,2.56,2.58,2.55,2.57,27741403,85762113.0
2020-12-03,2.57,2.57,2.55,2.56,16474614,50757892.0
2020-12-04,2.57,2.57,2.55,2.57,21115303,65128330.0
2020-12-07,2.57,2.57,2.55,2.56,14623446,45008676.0
2020-12-08,2.56,2.56,2.54,2.55,17092219,52497424.0
2020-12-09,2.55,2.55,2.52,2.52,24975945,76394988.0
2020-12-10,2.52,2.54,2.52,2.52,26563867,80792629.0
2020-12-11,2.52,2.57,2.5,2.57,59874278,182206790.0
2020-12-14,2.56,2.57,2.52,2.52,33150517,101162103.0
2020-12-15,2.52,2.52,2.51,2.52,17728128,53618521.0
2020-12-16,2.52,2.52,2.51,2.51,10069218,30465998.0
2020-12-17,2.51,2.52,2.5,2.52,19302500,58317362.0
2020-12-18,2.52,2.52,2.51,2.52,18066285,54673768.0
2020-12-21,2.51,2.52,2.5,2.52,17528184,53043048.0
2020-12-22,2.52,2.52,2.48,2.49,23979476,72194807.0
2020-12-23,2.49,2.51,2.49,2.5,13493008,40569425.0
2020-12-24,2.5,2.51,2.48,2.49,15814880,47419184.0
2020-12-25,2.49,2.51,2.48,2.5,15199617,45650851.0
2020-12-28,2.49,2.5,2.48,2.48,15581206,46658138.0
2020-12-29,2.49,2.5,2.48,2.49,15914433,47806807.0
2020-12-30,2.49,2.5,2.48,2.49,19971117,59852485.0
2020-12-31,2.49,2.51,2.48,2.5,17583781,52889704.0
2021-01-04,2.5,2.51,2.48,2.49,24017679,72027227.0
2021-01-05,2.49,2.5,2.48,2.49,20892019,62686721.0
2021-01-06,2.49,2.52,2.49,2.52,31469656,95071593.0
2021-01-07,2.52,2.52,2.47,2.48,29806523,89378528.0
2021-01-08,2.48,2.5,2.48,2.49,22051630,66151028.0
2021-01-11,2.49,2.49,2.47,2.48,23949417,71525022.0
2021-01-12,2.48,2.5,2.47,2.48,23879618,71505652.0
2021-01-13,2.48,2.52,2.47,2.51,36836023,110597469.0
2021-01-14,2.49,2.54,2.49,2.51,31314033,94844725.0
2021-01-15,2.52,2.52,2.49,2.51,22191603,67024826.0
2021-01-18,2.5,2.51,2.49,2.5,17914634,53931352.0
2021-01-19,2.49,2.51,2.48,2.5,20101520,60389279.0
2021-01-20,2.5,2.5,2.48,2.49,13962070,41878226.0
2021-01-21,2.49,2.5,2.48,2.48,17474286,52361906.0
2021-01-22,2.49,2.49,2.47,2.47,16305026,48650035.0
2021-01-25,2.47,2.47,2.43,2.44,26934272,79394329.0
2021-01-26,2.44,2.44,2.42,2.43,16665401,48848797.0
2021-01-27,2.43,2.46,2.42,2.43,17019930,50119139.0
2021-01-28,2.42,2.43,2.42,2.43,14418717,42166857.0
2021-01-29,2.42,2.44,2.4,2.41,21859984,63759116.0
2021-02-01,2.4,2.42,2.4,2.41,13193073,38218689.0
2021-02-02,2.41,2.43,2.4,2.41,19937636,57897242.0
2021-02-03,2.41,2.41,2.37,2.38,21631562,62211350.0
2021-02-04,2.38,2.38,2.33,2.35,24198670,68512746.0
2021-02-05,2.35,2.36,2.34,2.35,10854701,30761264.0
2021-02-08,2.36,2.37,2.35,2.37,16155567,46050554.0
2021-02-09,2.37,2.38,2.36,2.37,13045869,37263640.0
2021-02-10,2.37,2.38,2.37,2.37,13080694,37358083.0
2021-02-18,2.37,2.4,2.37,2.39,18173140,52281871.0
2021-02-19,2.39,2.46,2.38,2.46,27662127,81039008.0
2021-02-22,2.46,2.5,2.45,2.47,36675202,109670292.0
2021-02-23,2.47,2.48,2.45,2.45,19953845,59176919.0
2021-02-24,2.46,2.47,2.44,2.45,19903808,58874997.0
2021-02-25,2.46,2.49,2.45,2.47,24100226,71809066.0
2021-02-26,2.47,2.48,2.44,2.45,26215081,77725641.0
2021-03-01,2.46,2.47,2.44,2.46,19035239,56252706.0
2021-03-02,2.46,2.47,2.45,2.46,19143616,56724820.0
2021-03-03,2.46,2.49,2.45,2.49,22433672,66928811.0
2021-03-04,2.49,2.5,2.47,2.49,24919654,74638071.0
2021-03-05,2.49,2.51,2.48,2.49,20938772,62873470.0
2021-03-08,2.5,2.52,2.48,2.49,23161419,69715075.0
2021-03-09,2.48,2.51,2.47,2.5,34197144,102611758.0
2021-03-10,2.49,2.5,2.45,2.45,19909685,59336849.0
2021-03-11,2.46,2.48,2.45,2.47,18732885,55590475.0
2021-03-12,2.47,2.5,2.46,2.49,27695600,82815008.0
2021-03-15,2.48,2.52,2.48,2.52,38022071,115103060.0
2021-03-16,2.52,2.53,2.51,2.52,19006616,57597289.0
2021-03-17,2.52,2.52,2.49,2.5,20165328,60911833.0
2021-03-18,2.5,2.51,2.49,2.5,17988313,54085369.0
2021-03-19,2.49,2.5,2.47,2.48,23855640,71315781.0
2021-03-22,2.47,2.51,2.47,2.51,20785006,62590581.0
2021-03-23,2.51,2.52,2.5,2.52,22459032,67904922.0
2021-03-24,2.52,2.52,2.49,2.5,22634004,68403079.0
2021-03-25,2.49,2.51,2.48,2.5,18189734,54626282.0
2021-03-26,2.49,2.51,2.48,2.49,13326481,40040112.0
2021-03-29,2.49,2.49,2.47,2.48,19920779,59486493.0
2021-03-30,2.47,2.48,2.46,2.47,17909782,53279795.0
2021-03-31,2.47,2.52,2.47,2.52,32973473,99289037.0
2021-04-01,2.52,2.52,2.5,2.51,22531898,68162628.0
2021-04-02,2.51,2.52,2.49,2.49,14482456,43546297.0
2021-04-06,2.5,2.51,2.48,2.48,14512415,43555401.0
2021-04-07,2.49,2.51,2.47,2.5,21720313,65208701.0
2021-04-08,2.5,2.51,2.48,2.49,17821364,53432249.0
2021-04-09,2.48,2.49,2.47,2.47,18589330,55374916.0
2021-04-12,2.47,2.48,2.47,2.47,13653753,40668784.0
2021-04-13,2.47,2.48,2.46,2.47,19948670,59297791.0
2021-04-14,2.47,2.47,2.46,2.46,13575843,40282023.0
2021-04-15,2.46,2.47,2.43,2.43,19338337,56914066.0
2021-04-16,2.44,2.47,2.43,2.47,18207923,53880984.0
2021-04-19,2.47,2.48,2.46,2.46,18806217,55935376.0
2021-04-20,2.46,2.47,2.45,2.47,15172780,44950173.0
2021-04-21,2.46,2.47,2.45,2.46,15161187,44769648.0
2021-04-22,2.46,2.47,2.43,2.43,17501664,51607064.0
2021-04-23,2.44,2.44,2.42,2.43,15849853,46359250.0
2021-04-26,2.44,2.45,2.41,2.42,23761081,69411206.0
2021-04-27,2.42,2.42,2.41,2.42,14646303,42618703.0
2021-04-28,2.42,2.42,2.4,2.42,14038077,40706875.0
2021-04-29,2.41,2.42,2.41,2.42,12804688,37290678.0
2021-04-30,2.41,2.42,2.39,2.41,24267177,70139552.0
2021-05-06,2.41,2.42,2.39,2.39,15773629,45666544.0
2021-05-07,2.39,2.42,2.39,2.41,12577953,36397006.0
2021-05-10,2.41,2.42,2.4,2.4,11227593,32504153.0
2021-05-11,2.4,2.43,2.39,2.42,26229616,76230641.0
2021-05-12,2.42,2.42,2.4,2.41,17931720,51991871.0
2021-05-13,2.4,2.42,2.4,2.42,15517128,45146722.0
2021-05-14,2.42,2.44,2.42,2.44,16378870,47891685.0
2021-05-17,2.43,2.44,2.42,2.43,13024926,38172889.0
2021-05-18,2.43,2.43,2.42,2.42,9990299,29167935.0
2021-05-19,2.42,2.42,2.41,2.42,8713096,25370774.0
2021-05-20,2.42,2.42,2.41,2.42,9931273,28863159.0
2021-05-21,2.42,2.42,2.41,2.42,12113747,35243110.0
2021-05-24,2.42,2.42,2.41,2.42,11302991,32936886.0
2021-05-25,2.42,2.44,2.42,2.43,14895058,43559815.0
2021-05-26,2.43,2.44,2.42,2.43,18176795,53233230.0
2021-05-27,2.43,2.44,2.42,2.44,14715464,43199656.0
2021-05-28,2.43,2.44,2.42,2.42,14486102,42316423.0
2021-05-31,2.42,2.42,2.42,2.42,10342446,30153835.0
2021-06-01,2.42,2.42,2.41,2.42,16785473,48805352.0
2021-06-02,2.42,2.43,2.41,2.42,23574100,68699586.0
2021-06-03,2.42,2.5,2.42,2.47,53697215,159268070.0
2021-06-04,2.45,2.45,2.42,2.42,35503220,104014602.0
2021-06-07,2.42,2.43,2.42,2.42,15957340,46469467.0
2021-06-08,2.42,2.43,2.42,2.42,13458326,39319801.0
2021-06-09,2.43,2.43,2.42,2.42,12068078,35293094.0
2021-06-10,2.42,2.43,2.42,2.43,12987235,37997131.0
2021-06-11,2.43,2.44,2.42,2.43,23134290,67756558.0
2021-06-15,2.43,2.43,2.42,2.42,13858677,40413953.0
2021-06-16,2.42,2.42,2.41,2.42,12901610,37573164.0
2021-06-17,2.42,2.42,2.41,2.42,10142005,29531395.0
2021-06-18,2.42,2.42,2.41,2.42,10476441,30430374.0
2021-06-21,2.42,2.42,2.41,2.42,12123889,35326599.0
2021-06-22,2.42,2.43,2.42,2.43,15714271,45933675.0
2021-06-23,2.42,2.43,2.42,2.43,14984650,43771056.0
2021-06-24,2.43,2.44,2.42,2.43,21273147,62365650.0
2021-06-25,2.45,2.45,2.44,2.44,23688063,66337629.0
2021-06-28,2.45,2.45,2.43,2.43,12972810,36174041.0
2021-06-29,2.43,2.44,2.41,2.42,14952377,41410221.0
2021-06-30,2.41,2.42,2.41,2.41,8251114,22792513.0
2021-07-01,2.41,2.43,2.41,2.42,13576162,37613727.0
2021-07-02,2.42,2.45,2.41,2.44,23182108,64432898.0
2021-07-05,2.44,2.45,2.42,2.42,10677165,29689688.0
2021-07-06,2.42,2.43,2.42,2.43,9540742,26463032.0
2021-07-07,2.42,2.43,2.41,2.42,10443020,28923463.0
2021-07-08,2.42,2.43,2.41,2.41,12382438,34211873.0
2021-07-09,2.41,2.42,2.4,2.41,13615484,37524268.0
2021-07-12,2.42,2.42,2.4,2.4,15695997,43326470.0
2021-07-13,2.4,2.42,2.39,2.41,19514571,53761028.0
2021-07-14,2.41,2.41,2.38,2.39,21291270,58326987.0
2021-07-15,2.38,2.39,2.35,2.36,28665231,77677073.0
2021-07-16,2.37,2.38,2.36,2.37,14958368,40474187.0
2021-07-19,2.36,2.37,2.33,2.34,18380795,49310782.0
2021-07-20,2.34,2.37,2.33,2.36,14399210,38744528.0
2021-07-21,2.36,2.37,2.35,2.36,13742723,37090345.0
2021-07-22,2.36,2.38,2.34,2.37,14918057,40361736.0
2021-07-23,2.36,2.37,2.35,2.36,14567020,39346354.0
2021-07-26,2.36,2.37,2.33,2.33,18013286,48269471.0
2021-07-27,2.33,2.34,2.31,2.33,16159181,43143605.0
2021-07-28,2.32,2.37,2.32,2.34,30838535,82556676.0
2021-07-29,2.34,2.34,2.31,2.31,15040336,40066273.0
2021-07-30,2.31,2.33,2.31,2.33,19139905,50816081.0
2021-08-02,2.33,2.35,2.31,2.34,20217063,53977493.0
2021-08-03,2.34,2.35,2.32,2.35,20252778,54227395.0
2021-08-04,2.35,2.35,2.33,2.33,15755866,42176360.0
2021-08-05,2.33,2.34,2.31,2.32,16257626,43328712.0
2021-08-06,2.32,2.32,2.31,2.31,12810751,33951930.0
2021-08-09,2.31,2.34,2.31,2.34,16742228,44668540.0
2021-08-10,2.34,2.34,2.33,2.33,11522914,30819395.0
2021-08-11,2.33,2.37,2.33,2.34,24973057,67186982.0
2021-08-12,2.34,2.35,2.34,2.35,11323833,30406182.0
2021-08-13,2.35,2.37,2.35,2.35,19257918,52006818.0
2021-08-16,2.36,2.37,2.35,2.36,16284188,43983838.0
2021-08-17,2.36,2.38,2.35,2.36,25701637,69545066.0
2021-08-18,2.35,2.37,2.35,2.37,19225125,51905403.0
2021-08-19,2.37,2.37,2.33,2.34,21005826,56485608.0
2021-08-20,2.34,2.34,2.32,2.33,15197894,40560532.0
2021-08-23,2.33,2.35,2.33,2.34,13505872,36186565.0
2021-08-24,2.34,2.35,2.33,2.34,12757283,34154077.0
2021-08-25,2.34,2.35,2.33,2.34,17423897,46746118.0
2021-08-26,2.35,2.39,2.34,2.37,39304329,106570268.0
2021-08-27,2.37,2.38,2.36,2.38,18215336,49318427.0
2021-08-30,2.38,2.39,2.37,2.37,18713275,50980400.0
2021-08-31,2.37,2.43,2.37,2.42,42532461,116837818.0
2021-09-01,2.43,2.48,2.43,2.46,58495950,164802717.0
2021-09-02,2.46,2.49,2.45,2.49,46591929,132163088.0
2021-09-03,2.48,2.52,2.48,2.5,53535398,153649894.0
2021-09-06,2.52,2.54,2.5,2.52,48962798,141435927.0
2021-09-07,2.52,2.56,2.51,2.56,46090866,134192442.0
2021-09-08,2.56,2.58,2.55,2.58,45221295,132901155.0
2021-09-09,2.59,2.68,2.59,2.67,81684253,246597461.0
2021-09-10,2.68,2.77,2.65,2.66,115431692,357270369.0
2021-09-13,2.66,2.73,2.65,2.73,68269958,211261811.0
2021-09-14,2.73,2.75,2.62,2.65,76344655,233359638.0
2021-09-15,2.63,2.66,2.62,2.64,50882722,154081315.0
2021-09-16,2.66,2.71,2.64,2.66,50912659,155588125.0
2021-09-17,2.66,2.66,2.58,2.61,52954959,158236935.0
2021-09-22,2.59,2.87,2.58,2.87,268903010,862859055.0
2021-09-23,3.16,3.16,3.05,3.16,312202345,1128585535.0
2021-09-24,3.48,3.48,3.42,3.48,359239385,1429647930.0
2021-09-27,3.56,3.57,3.13,3.14,694977810,2583296952.0
2021-09-28,3.12,3.45,3.11,3.45,224016063,866202625.0
2021-09-29,3.45,3.79,3.33,3.67,693898113,2857357327.0
2021-09-30,3.49,3.67,3.3,3.58,467536817,1861192165.0
2021-10-08,3.49,3.59,3.26,3.36,304971606,1177239517.0
2021-10-11,3.32,3.37,3.03,3.03,262679247,928232197.0
2021-10-12,2.97,3.07,2.86,2.93,200785732,676167873.0
2021-10-13,2.9,2.9,2.76,2.79,162770599,523476334.0
2021-10-14,2.79,2.88,2.79,2.82,123326656,400580266.0
2021-10-15,2.82,2.83,2.69,2.75,137265614,431687882.0
2021-10-18,2.74,2.8,2.73,2.77,90144662,285382063.0
2021-10-19,2.79,2.9,2.73,2.86,171136374,555948203.0
2021-10-20,2.86,2.91,2.79,2.86,106419180,346843252.0
2021-10-21,2.85,2.89,2.82,2.85,89708384,292999179.0
2021-10-22,2.88,3.0,2.86,2.88,148900991,497475240.0
2021-10-25,2.86,2.96,2.8,2.9,113412153,376124650.0
2021-10-26,2.86,2.91,2.78,2.82,140689478,455824763.0
2021-10-27,2.8,2.97,2.8,2.85,109461982,360422727.0
2021-10-28,2.86,2.88,2.75,2.77,102247349,327899743.0
2021-10-29,2.78,2.91,2.76,2.86,106640830,346181713.0
2021-11-01,2.88,2.97,2.84,2.94,118314521,395293950.0
2021-11-02,2.94,2.95,2.76,2.8,142448821,462918666.0
2021-11-03,2.79,2.94,2.79,2.89,113605021,373723544.0
2021-11-04,2.92,2.94,2.83,2.86,108520309,355741108.0
2021-11-05,2.86,2.86,2.79,2.8,79863600,257201347.0
2021-11-08,2.8,2.82,2.76,2.81,53465837,171043090.0
2021-11-09,2.81,2.85,2.77,2.78,54982592,176340305.0
2021-11-10,2.77,2.79,2.73,2.78,72598659,228993101.0
2021-11-11,2.77,2.82,2.76,2.79,60484211,193084686.0
2021-11-12,2.78,2.79,2.73,2.73,83493469,262763632.0
2021-11-15,2.73,2.75,2.69,2.71,65582381,203695305.0
2021-11-16,2.72,2.76,2.71,2.72,63548108,198683359.0
2021-11-17,2.71,2.72,2.69,2.7,43665568,135182504.0
2021-11-18,2.7,2.74,2.69,2.7,45465853,141322211.0
2021-11-19,2.71,2.71,2.67,2.7,79022106,242817301.0
2021-11-22,2.71,2.82,2.71,2.79,122311325,389204963.0
2021-11-23,2.78,2.8,2.76,2.77,59981003,190765399.0
2021-11-24,2.79,2.79,2.71,2.73,68887678,216033593.0
2021-11-25,2.73,2.77,2.72,2.75,48145608,151274551.0
2021-11-26,2.75,2.75,2.7,2.71,53495962,166334647.0
2021-11-29,2.67,2.72,2.66,2.71,54531144,168039219.0
2021-11-30,2.7,2.81,2.69,2.71,97083891,305282702.0
2021-12-01,2.74,2.81,2.71,2.8,92848918,293821613.0
2021-12-02,2.81,2.82,2.78,2.81,74156081,238147477.0
2021-12-03,2.81,2.99,2.79,2.97,162979514,544676849.0
2021-12-06,3.02,3.04,2.91,2.93,115066264,388165976.0
2021-12-07,2.93,2.99,2.91,2.96,93267929,314519141.0
2021-12-08,2.94,2.95,2.88,2.92,92345858,308581844.0
2021-12-09,2.92,2.93,2.89,2.9,65018509,216487670.0
2021-12-10,2.9,2.96,2.87,2.89,94053744,313335219.0
2021-12-13,2.92,2.99,2.89,2.9,104354013,349388603.0
2021-12-14,2.89,2.91,2.82,2.84,87470867,285789267.0
2021-12-15,2.86,2.89,2.83,2.87,60770254,199274735.0
2021-12-16,2.9,2.95,2.87,2.93,93523712,312304557.0
2021-12-17,2.93,3.22,2.93,3.22,267271614,970987622.0
2021-12-20,3.22,3.23,3.08,3.14,347727486,1258487860.0
2021-12-21,3.15,3.28,3.11,3.19,204041874,745706200.0
2021-12-22,3.18,3.24,3.13,3.16,133113521,482183774.0
2021-12-23,3.16,3.21,3.14,3.16,99565917,361237935.0
2021-12-24,3.16,3.27,3.11,3.18,139623584,507001860.0
2021-12-27,3.17,3.17,3.1,3.13,81874705,293689848.0
2021-12-28,3.13,3.14,3.04,3.09,96029688,338024412.0
2021-12-29,3.11,3.15,3.07,3.11,79772334,283658423.0
2021-12-30,3.11,3.2,3.1,3.17,101515737,367879793.0
2021-12-31,3.19,3.28,3.13,3.14,116399052,425489299.0
2022-01-04,3.15,3.21,3.12,3.13,103611251,374553612.0
2022-01-05,3.13,3.15,3.07,3.08,96003479,341077748.0
2022-01-06,3.08,3.22,3.07,3.18,147509642,535512031.0
2022-01-07,3.17,3.25,3.16,3.2,122537677,450149929.0
2022-01-10,3.2,3.24,3.15,3.21,116522771,425975776.0
2022-01-11,3.21,3.37,3.14,3.17,148764950,548991522.0
2022-01-12,3.14,3.16,3.08,3.14,86573219,309352870.0
2022-01-13,3.14,3.16,3.07,3.07,70986509,251983078.0
2022-01-14,3.07,3.07,2.93,2.97,104610258,357948783.0
2022-01-17,2.93,2.97,2.91,2.93,65390206,219779123.0
2022-01-18,2.93,3.04,2.88,3.0,94321111,320102921.0
2022-01-19,3.0,3.14,2.97,3.07,114165624,400932055.0
2022-01-20,3.06,3.12,3.04,3.07,81375745,286898454.0
2022-01-21,3.05,3.07,2.98,2.99,54855944,189648053.0
2022-01-24,2.96,3.05,2.94,3.01,62122909,213511438.0
2022-01-25,3.01,3.01,2.88,2.88,67946362,229285429.0
2022-01-26,2.91,2.96,2.86,2.93,61184595,204788562.0
2022-01-27,2.93,2.98,2.89,2.9,65307188,219534489.0
2022-01-28,2.94,2.94,2.82,2.87,63279788,208767081.0
2022-02-07,2.9,3.07,2.9,3.04,94106892,324645197.0
2022-02-08,3.06,3.14,3.02,3.14,102500302,362178555.0
2022-02-09,3.14,3.18,3.12,3.15,86243514,310731797.0
2022-02-10,3.14,3.22,3.1,3.19,110407708,402976892.0
2022-02-11,3.18,3.25,3.14,3.14,94704784,345369768.0
2022-02-14,3.14,3.17,3.07,3.09,75012890,267490118.0
2022-02-15,3.1,3.13,3.06,3.07,52154356,184054084.0
2022-02-16,3.1,3.24,3.09,3.21,122669091,448916276.0
2022-02-17,3.23,3.24,3.13,3.14,90239601,327468424.0
2022-02-18,3.11,3.3,3.09,3.27,185722942,686770885.0
2022-02-21,3.27,3.27,3.15,3.23,184238753,673630095.0
2022-02-22,3.2,3.2,3.1,3.14,140560787,506161931.0
2022-02-23,3.14,3.15,3.01,3.03,174888544,610175460.0
2022-02-24,3.0,3.0,2.86,2.89,169158311,568687866.0
2022-02-25,2.91,2.96,2.89,2.9,107140191,358862859.0
2022-02-28,2.89,2.91,2.83,2.85,87821168,286726617.0
2022-03-01,2.85,2.89,2.85,2.87,74455740,244546280.0
2022-03-02,2.86,2.9,2.85,2.88,64978393,214103815.0
2022-03-03,2.88,2.97,2.88,2.94,101367479,340050628.0
2022-03-04,2.93,2.94,2.88,2.9,66804398,222124039.0
2022-03-07,2.89,2.93,2.88,2.89,69853305,232512446.0
2022-03-08,2.88,2.9,2.79,2.81,83732085,273257174.0
2022-03-09,2.82,2.86,2.66,2.8,92417055,294523505.0
2022-03-10,2.85,2.87,2.79,2.83,65961240,214547495.0
2022-03-11,2.78,2.79,2.7,2.79,76710010,241070955.0
2022-03-14,2.76,2.82,2.73,2.73,60744431,192990928.0
2022-03-15,2.74,2.74,2.57,2.57,109248516,331200350.0
2022-03-16,2.61,2.64,2.49,2.62,96163020,283274858.0
2022-03-17,2.65,2.68,2.63,2.64,70612059,214229465.0
2022-03-18,2.62,2.73,2.6,2.72,77943557,239152909.0
2022-03-21,2.71,2.74,2.66,2.69,62705141,193485920.0
2022-03-22,2.69,2.74,2.67,2.73,62597156,194325405.0
2022-03-23,2.73,2.74,2.68,2.73,57852861,179755843.0
2022-03-24,2.71,2.73,2.68,2.69,42755453,132606041.0
2022-03-25,2.7,2.74,2.66,2.71,67481180,208880240.0
2022-03-28,2.69,2.77,2.66,2.75,74575416,232472279.0
2022-03-29,2.74,2.75,2.72,2.73,45421645,142059237.0
2022-03-30,2.73,2.83,2.73,2.82,87057046,278090206.0
2022-03-31,2.8,2.86,2.79,2.85,76120913,247610439.0
2022-04-01,2.82,2.86,2.81,2.86,74316112,242153427.0
2022-04-06,2.86,2.96,2.85,2.96,109861814,366430305.0
2022-04-07,2.94,2.96,2.86,2.88,90747519,303224726.0
2022-04-08,2.9,3.02,2.89,3.0,188519325,641048337.0
2022-04-11,3.02,3.02,2.94,2.98,144294209,492696261.0
2022-04-12,2.96,3.0,2.88,2.99,128250022,433182484.0
2022-04-13,2.96,2.98,2.87,2.87,99206384,332378994.0
2022-04-14,2.89,2.95,2.87,2.92,74854486,250674636.0
2022-04-15,2.91,2.94,2.88,2.88,59319747,197750584.0
2022-04-18,2.89,2.9,2.83,2.84,62141606,202930378.0
2022-04-19,2.83,2.86,2.77,2.83,75791385,243267594.0
2022-04-20,2.82,2.84,2.73,2.73,70252025,222585233.0
2022-04-21,2.75,2.75,2.64,2.65,74904676,229851725.0
2022-04-22,2.65,2.71,2.61,2.69,54484406,166482057.0
2022-04-25,2.66,2.71,2.59,2.59,82187265,249435530.0
2022-04-26,2.6,2.74,2.59,2.66,87694048,267598986.0
2022-04-27,2.69,2.78,2.66,2.74,103987599,323693119.0
2022-04-28,2.71,2.83,2.69,2.79,110391936,349905684.0
2022-04-29,2.81,2.83,2.74,2.83,113639482,363263538.0
2022-05-05,2.77,2.84,2.73,2.76,155964132,492407450.0
2022-05-06,2.72,2.72,2.59,2.61,119769400,361702320.0
2022-05-09,2.61,2.71,2.59,2.65,93528176,284225912.0
2022-05-10,2.61,2.84,2.6,2.82,199411912,625595728.0
2022-05-11,2.85,2.85,2.75,2.78,148553194,475338794.0
2022-05-12,2.78,2.93,2.74,2.83,153589291,498979561.0
2022-05-13,2.8,2.85,2.74,2.79,96547328,307414426.0
2022-05-16,2.81,2.83,2.74,2.76,71849899,227458345.0
2022-05-17,2.75,2.76,2.66,2.69,84389629,259619814.0
2022-05-18,2.69,2.72,2.67,2.68,52879111,163202629.0
2022-05-19,2.66,2.71,2.64,2.7,56240448,172218622.0
2022-05-20,2.69,2.71,2.68,2.71,59650296,183972156.0
2022-05-23,2.71,2.72,2.67,2.68,43925573,135035170.0
2022-05-24,2.69,2.69,2.62,2.62,68681152,208190588.0
2022-05-25,2.62,2.66,2.61,2.66,48046364,145302360.0
2022-05-26,2.66,2.7,2.66,2.69,65538315,201433838.0
2022-05-27,2.69,2.79,2.66,2.75,126279896,395859964.0
2022-05-30,2.83,2.88,2.76,2.79,159461382,515000971.0
2022-05-31,2.75,2.77,2.71,2.74,106972113,335080118.0
2022-06-01,2.74,2.77,2.68,2.7,81717941,253987399.0
2022-06-02,2.71,2.72,2.68,2.71,48944179,151110022.0
2022-06-06,2.7,2.7,2.66,2.69,58943586,180952892.0
2022-06-07,2.7,2.7,2.67,2.69,45899713,141084296.0
2022-06-08,2.69,2.7,2.66,2.68,53815782,165025302.0
2022-06-09,2.68,2.73,2.66,2.73,86393083,268572190.0
2022-06-10,2.72,2.73,2.69,2.7,80057447,247889687.0
2022-06-13,2.69,2.72,2.66,2.67,69592909,213081290.0
2022-06-14,2.66,2.7,2.65,2.7,54934764,168488319.0
2022-06-15,2.7,2.75,2.69,2.7,123269081,383764344.0
2022-06-16,2.71,2.71,2.66,2.66,74949967,229844897.0
2022-06-17,2.66,2.67,2.65,2.67,51136020,155725138.0
2022-06-20,2.67,2.68,2.66,2.66,36325778,110780038.0
2022-06-21,2.66,2.68,2.66,2.67,43791981,133584312.0
2022-06-22,2.67,2.67,2.64,2.64,37099214,112576133.0
2022-06-23,2.64,2.66,2.63,2.64,57624181,174111677.0
2022-06-24,2.65,2.65,2.62,2.64,43410883,130903412.0
2022-06-27,2.64,2.65,2.63,2.63,33314605,100520042.0
2022-06-28,2.63,2.65,2.62,2.64,43470290,131027660.0
2022-06-29,2.64,2.66,2.63,2.66,52258895,158676275.0
2022-06-30,2.65,2.66,2.63,2.65,47855638,144824647.0
2022-07-01,2.65,2.66,2.64,2.65,32452201,98587404.0
2022-07-04,2.66,2.66,2.62,2.63,40928543,123388357.0
2022-07-05,2.64,2.64,2.61,2.63,39482583,118735144.0
2022-07-06,2.63,2.63,2.59,2.6,39835904,118720856.0
2022-07-07,2.61,2.62,2.6,2.6,20282557,60575784.0
2022-07-08,2.6,2.62,2.6,2.61,21554209,64432922.0
2022-07-11,2.61,2.63,2.59,2.61,32338486,96794134.0
2022-07-12,2.61,2.66,2.6,2.65,56813946,172177179.0
2022-07-13,2.66,2.67,2.63,2.65,47340020,143972792.0
2022-07-14,2.64,2.65,2.6,2.61,42541892,127384040.0
2022-07-15,2.59,2.59,2.53,2.53,63827099,186578266.0
2022-07-18,2.53,2.58,2.53,2.56,31898121,93468729.0
2022-07-19,2.57,2.58,2.55,2.56,27099797,79499683.0
2022-07-20,2.57,2.58,2.56,2.58,18301808,53872059.0
2022-07-21,2.57,2.58,2.55,2.56,26143770,76621352.0
2022-07-22,2.55,2.57,2.53,2.55,27355694,79920492.0
2022-07-25,2.55,2.56,2.52,2.53,25568340,74319667.0
2022-07-26,2.55,2.57,2.53,2.56,20017995,58563735.0
2022-07-27,2.57,2.58,2.56,2.57,16985154,49889636.0
2022-07-28,2.57,2.59,2.57,2.57,23818436,70168955.0
2022-07-29,2.58,2.59,2.56,2.56,26917707,79204284.0
2022-08-01,2.57,2.57,2.55,2.56,27878419,77798615.0
2022-08-02,2.55,2.56,2.47,2.51,49345501,134600689.0
2022-08-03,2.5,2.53,2.47,2.47,29694570,80712430.0
2022-08-04,2.48,2.5,2.47,2.48,19479374,52673878.0
2022-08-05,2.48,2.52,2.47,2.51,24244819,65787075.0
2022-08-08,2.51,2.53,2.5,2.5,15696370,42920807.0
2022-08-09,2.51,2.51,2.49,2.5,18153319,49378725.0
2022-08-10,2.51,2.51,2.47,2.48,21970848,59372323.0
2022-08-11,2.49,2.52,2.48,2.5,32950931,89791494.0
2022-08-12,2.5,2.53,2.5,2.52,27831540,76109604.0
2022-08-15,2.52,2.54,2.51,2.52,27840401,76377779.0
2022-08-16,2.52,2.55,2.52,2.53,25569928,70534300.0
2022-08-17,2.54,2.55,2.52,2.53,20324078,55925514.0
2022-08-18,2.52,2.53,2.49,2.49,19875996,54130941.0
2022-08-19,2.49,2.52,2.49,2.5,22193060,60460883.0
2022-08-22,2.49,2.54,2.49,2.53,35335778,96939532.0
2022-08-23,2.54,2.54,2.51,2.51,26131979,71612986.0
2022-08-24,2.51,2.53,2.49,2.5,35361765,96414899.0
2022-08-25,2.49,2.52,2.49,2.51,24795902,67509786.0
2022-08-26,2.52,2.52,2.48,2.49,28537076,77566379.0
2022-08-29,2.48,2.51,2.46,2.5,26551975,71940064.0
2022-08-30,2.51,2.53,2.5,2.52,26044399,71228230.0
2022-08-31,2.5,2.51,2.48,2.49,30677121,83226943.0
2022-09-01,2.49,2.51,2.46,2.46,28918852,78270773.0
2022-09-02,2.48,2.48,2.46,2.46,23864882,64100148.0
2022-09-05,2.46,2.47,2.44,2.45,32234884,86069786.0
2022-09-06,2.45,2.49,2.45,2.48,28644505,77254690.0
2022-09-07,2.49,2.5,2.46,2.49,36212550,97842937.0
2022-09-08,2.49,2.51,2.47,2.51,30593517,83052532.0
2022-09-09,2.51,2.54,2.5,2.53,41423714,113685874.0
2022-09-13,2.54,2.56,2.52,2.53,52293386,144530402.0
2022-09-14,2.51,2.53,2.49,2.5,29371501,80140409.0
2022-09-15,2.52,2.54,2.47,2.5,38862989,106012711.0
2022-09-16,2.5,2.51,2.43,2.43,49423521,132362865.0
2022-09-19,2.43,2.44,2.41,2.41,34261754,90210024.0
2022-09-20,2.42,2.43,2.39,2.39,20579840,53873828.0
2022-09-21,2.39,2.42,2.36,2.41,24742708,64339569.0
2022-09-22,2.39,2.42,2.37,2.38,20857620,54183375.0
2022-09-23,2.38,2.4,2.36,2.38,23044418,59734706.0
2022-09-26,2.38,2.38,2.32,2.32,29140979,74563942.0
2022-09-27,2.32,2.38,2.32,2.37,26219586,67313103.0
2022-09-28,2.37,2.37,2.34,2.35,20961789,53674523.0
2022-09-29,2.36,2.38,2.31,2.32,34939731,89154056.0
2022-09-30,2.31,2.35,2.31,2.32,24276146,61489146.0
2022-10-10,2.32,2.37,2.32,2.33,22250178,56882963.0
2022-10-11,2.33,2.34,2.31,2.33,19413751,49186523.0
2022-10-12,2.33,2.36,2.3,2.35,29051649,73485744.0
2022-10-13,2.34,2.34,2.32,2.32,24340920,61735595.0
2022-10-14,2.32,2.38,2.32,2.36,31059641,79833411.0
2022-10-17,2.37,2.4,2.35,2.38,24415047,63152009.0
2022-10-18,2.39,2.41,2.38,2.39,20190941,52632453.0
2022-10-19,2.39,2.41,2.36,2.37,21304951,55357803.0
2022-10-20,2.37,2.39,2.35,2.37,19090281,49277921.0
2022-10-21,2.4,2.45,2.39,2.4,37696840,99261954.0
2022-10-24,2.4,2.43,2.33,2.35,32392722,83603683.0
2022-10-25,2.35,2.37,2.32,2.34,21171120,53998561.0
2022-10-26,2.34,2.37,2.33,2.35,21087489,54017731.0
2022-10-27,2.36,2.4,2.35,2.38,24026950,62214517.0
2022-10-28,2.38,2.39,2.32,2.33,25848232,66053551.0
2022-10-31,2.32,2.37,2.31,2.36,22749659,58105839.0
2022-11-01,2.35,2.39,2.35,2.39,30646703,79295589.0
2022-11-02,2.38,2.4,2.38,2.39,22136124,57513468.0
2022-11-03,2.39,2.42,2.38,2.4,21956660,57278892.0
2022-11-04,2.4,2.42,2.39,2.41,26796517,70078790.0
2022-11-07,2.4,2.43,2.4,2.43,30698032,80872923.0
2022-11-08,2.43,2.43,2.4,2.41,18262154,47950790.0
2022-11-09,2.42,2.43,2.4,2.4,20061136,52662580.0
2022-11-10,2.4,2.42,2.38,2.41,22778097,59419734.0
2022-11-11,2.43,2.48,2.42,2.45,53954518,143647939.0
2022-11-14,2.47,2.51,2.46,2.49,45919694,124503762.0
2022-11-15,2.48,2.49,2.47,2.48,28463816,76875566.0
2022-11-16,2.47,2.49,2.46,2.46,21347773,57509945.0
2022-11-17,2.46,2.48,2.45,2.47,21870687,58714229.0
2022-11-18,2.48,2.49,2.45,2.47,27080255,72816744.0
2022-11-21,2.46,2.47,2.43,2.44,29068359,77505722.0
2022-11-22,2.45,2.55,2.44,2.51,63989167,174055188.0
2022-11-23,2.51,2.55,2.49,2.52,60413347,165765090.0
2022-11-24,2.52,2.53,2.48,2.5,30417360,82758254.0
2022-11-25,2.49,2.54,2.49,2.53,42634681,117024680.0
2022-11-28,2.52,2.55,2.5,2.53,38528076,105705994.0
2022-11-29,2.54,2.62,2.53,2.6,106889107,300141814.0
2022-11-30,2.59,2.61,2.56,2.56,53474188,150114565.0
2022-12-01,2.58,2.59,2.53,2.54,47975293,133421434.0
2022-12-02,2.55,2.57,2.53,2.56,47818069,132653609.0
2022-12-05,2.56,2.63,2.56,2.61,79124876,224512204.0
2022-12-06,2.6,2.63,2.55,2.56,51056402,143341201.0
2022-12-07,2.56,2.58,2.54,2.55,47768819,132906091.0
2022-12-08,2.54,2.55,2.5,2.52,95329372,262019863.0
2022-12-09,2.52,2.55,2.51,2.55,95411497,263324236.0
2022-12-12,2.55,2.55,2.49,2.5,56146623,153687055.0
2022-12-13,2.51,2.55,2.5,2.53,34976635,96132189.0
2022-12-14,2.53,2.54,2.5,2.5,31316725,85676228.0
2022-12-15,2.5,2.52,2.47,2.47,31044587,84108033.0
2022-12-16,2.48,2.5,2.45,2.47,48066962,129632061.0
2022-12-19,2.47,2.49,2.43,2.43,46165716,123742917.0
2022-12-20,2.43,2.45,2.42,2.43,26611962,70542848.0
2022-12-21,2.43,2.44,2.4,2.41,23807641,62738488.0
2022-12-22,2.41,2.43,2.37,2.38,25840294,67614178.0
2022-12-23,2.38,2.41,2.37,2.38,19659542,51050930.0
2022-12-26,2.38,2.39,2.32,2.36,50692838,130304420.0
2022-12-27,2.37,2.42,2.36,2.4,34878901,90851559.0
2022-12-28,2.39,2.41,2.35,2.39,26224860,68230581.0
2022-12-29,2.39,2.4,2.35,2.36,22074626,56855808.0
2022-12-30,2.36,2.41,2.36,2.39,28588267,74232368.0
2023-01-03,2.39,2.42,2.37,2.4,32712136,85485539.0
2023-01-04,2.4,2.43,2.39,2.43,45133318,118584424.0
2023-01-05,2.42,2.43,2.4,2.42,25944069,68114736.0
2023-01-06,2.41,2.42,2.38,2.39,24911776,65043230.0
2023-01-09,2.39,2.41,2.38,2.38,28155603,73267305.0
2023-01-10,2.39,2.39,2.36,2.36,23890767,61660701.0
2023-01-11,2.36,2.38,2.35,2.36,26147464,67335875.0
2023-01-12,2.35,2.37,2.33,2.34,36356641,92834530.0
2023-01-13,2.34,2.36,2.33,2.36,22507590,57575568.0
2023-01-16,2.36,2.4,2.35,2.38,34214562,88594602.0
2023-01-17,2.38,2.39,2.35,2.35,34702251,89082141.0
2023-01-18,2.36,2.39,2.35,2.38,27886285,72003906.0
2023-01-19,2.37,2.39,2.36,2.39,22885300,59147869.0
2023-01-20,2.39,2.42,2.38,2.42,43731369,114305666.0
2023-01-30,2.43,2.44,2.41,2.41,69034628,181869724.0
2023-01-31,2.42,2.43,2.4,2.42,47345481,124536109.0
2023-02-01,2.43,2.44,2.41,2.43,59220585,156539636.0
2023-02-02,2.43,2.45,2.43,2.44,49250788,130615678.0
2023-02-03,2.43,2.44,2.41,2.42,37597481,99008364.0
2023-02-06,2.42,2.44,2.41,2.43,50710462,134153890.0
2023-02-07,2.43,2.47,2.43,2.46,55170787,147181543.0
2023-02-08,2.47,2.47,2.43,2.44,36420327,97266988.0
2023-02-09,2.43,2.46,2.43,2.45,38223950,102060455.0
2023-02-10,2.45,2.49,2.45,2.47,39319798,105824410.0
2023-02-13,2.47,2.5,2.45,2.48,53119257,143209850.0
2023-02-14,2.48,2.5,2.47,2.48,35311885,95476720.0
2023-02-15,2.49,2.49,2.46,2.47,30716488,82700316.0
2023-02-16,2.46,2.5,2.44,2.46,52739289,142178971.0
2023-02-17,2.46,2.47,2.43,2.44,44240285,118264834.0
2023-02-20,2.44,2.5,2.43,2.5,52064165,140626787.0
2023-02-21,2.49,2.52,2.48,2.5,36984857,100659523.0
2023-02-22,2.49,2.52,2.48,2.51,35891237,97637935.0
2023-02-23,2.51,2.52,2.47,2.49,37840059,102585002.0
2023-02-24,2.49,2.5,2.47,2.49,25627252,69285198.0
2023-02-27,2.48,2.49,2.45,2.46,33011721,88900848.0
2023-02-28,2.46,2.5,2.46,2.49,44258060,119713881.0
2023-03-01,2.5,2.52,2.48,2.49,97824346,265877036.0
2023-03-02,2.49,2.55,2.49,2.52,77087259,211446523.0
2023-03-03,2.53,2.57,2.52,2.56,86094593,238961038.0
2023-03-06,2.57,2.59,2.54,2.54,53840384,149546873.0
2023-03-07,2.54,2.57,2.53,2.53,66497586,184692769.0
2023-03-08,2.53,2.54,2.51,2.52,47432656,130029347.0
2023-03-09,2.53,2.57,2.52,2.55,56187395,155470036.0
2023-03-10,2.55,2.55,2.49,2.49,49962277,136407655.0
2023-03-13,2.48,2.53,2.48,2.53,45504625,124376446.0
2023-03-14,2.52,2.54,2.49,2.5,40564567,110943904.0
2023-03-15,2.5,2.57,2.5,2.56,69609167,192681086.0
2023-03-16,2.55,2.56,2.53,2.54,44203392,122532977.0
2023-03-17,2.55,2.59,2.54,2.57,67648782,189382871.0
2023-03-20,2.57,2.62,2.55,2.55,79987804,225227783.0
2023-03-21,2.56,2.57,2.53,2.54,48552497,134279178.0
2023-03-22,2.55,2.56,2.52,2.55,38018555,105253806.0
2023-03-23,2.55,2.59,2.54,2.58,51724537,144575465.0
2023-03-24,2.59,2.59,2.55,2.56,45225936,126519460.0
2023-03-27,2.56,2.58,2.55,2.56,43513351,121335111.0
2023-03-28,2.57,2.58,2.55,2.55,38051372,105864379.0
2023-03-29,2.55,2.55,2.51,2.52,37954668,104351132.0
2023-03-30,2.51,2.53,2.49,2.51,50246129,136726866.0
2023-03-31,2.51,2.53,2.5,2.51,32432037,88736975.0
2023-04-03,2.51,2.55,2.5,2.53,42257572,116335492.0
2023-04-04,2.53,2.58,2.53,2.57,59163419,165081251.0
2023-04-06,2.57,2.58,2.55,2.56,40660856,113634014.0
2023-04-07,2.57,2.57,2.54,2.55,35050672,97359479.0
2023-04-10,2.55,2.55,2.51,2.52,48736557,133877054.0
2023-04-11,2.52,2.57,2.5,2.57,70386523,195145651.0
2023-04-12,2.56,2.58,2.55,2.57,43309548,121201877.0
2023-04-13,2.57,2.59,2.56,2.58,69011071,193805821.0
2023-04-14,2.58,2.66,2.57,2.64,98565889,280996225.0
2023-04-17,2.65,2.68,2.63,2.64,91698307,263655283.0
2023-04-18,2.64,2.66,2.6,2.63,65504585,187529194.0
2023-04-19,2.64,2.65,2.61,2.62,53570561,153290627.0
2023-04-20,2.62,2.65,2.59,2.64,58329932,166573646.0
2023-04-21,2.64,2.66,2.59,2.59,58573725,167444633.0
2023-04-24,2.6,2.63,2.58,2.59,54132556,153237069.0
2023-04-25,2.6,2.61,2.54,2.57,47398047,132897724.0
2023-04-26,2.57,2.59,2.55,2.57,42521316,119029277.0
2023-04-27,2.57,2.63,2.56,2.62,47321510,134059701.0
2023-04-28,2.62,2.64,2.6,2.62,106101536,302518012.0
2023-05-04,2.61,2.66,2.59,2.62,157450705,450059104.0
2023-05-05,2.63,2.75,2.62,2.73,230505829,675389154.0
2023-05-08,2.76,2.79,2.7,2.72,203547597,605288880.0
2023-05-09,2.72,2.77,2.68,2.69,149207906,441544262.0
2023-05-10,2.7,2.71,2.63,2.65,102898702,298097498.0
2023-05-11,2.66,2.66,2.62,2.64,69184942,198472594.0
2023-05-12,2.63,2.64,2.56,2.57,91987361,260035954.0
2023-05-15,2.57,2.58,2.49,2.55,110446684,303843492.0
2023-05-16,2.55,2.55,2.49,2.5,72876452,199802745.0
2023-05-17,2.5,2.52,2.49,2.5,62534140,170306362.0
2023-05-18,2.51,2.52,2.48,2.49,80556571,218963570.0
2023-05-19,2.49,2.5,2.43,2.44,88328702,235618392.0
2023-05-22,2.44,2.45,2.41,2.41,87899508,232005790.0
2023-05-23,2.41,2.43,2.39,2.39,64850978,169982509.0
2023-05-24,2.4,2.4,2.36,2.37,73179267,189229334.0
2023-05-25,2.36,2.38,2.35,2.38,47977391,123684668.0
2023-05-26,2.38,2.42,2.37,2.4,37945711,98766735.0
2023-05-29,2.4,2.42,2.38,2.38,56735799,148185918.0
2023-05-30,2.38,2.43,2.38,2.43,68481833,179606126.0
2023-05-31,2.42,2.43,2.41,2.43,44269903,116540038.0
2023-06-01,2.43,2.44,2.41,2.43,45928776,121315060.0
2023-06-02,2.43,2.44,2.43,2.43,41787487,110757668.0
2023-06-05,2.44,2.45,2.43,2.43,37160521,98557704.0
2023-06-06,2.43,2.44,2.41,2.42,45504025,120282397.0
2023-06-07,2.42,2.45,2.42,2.44,56069637,149018682.0
2023-06-08,2.44,2.51,2.44,2.5,77549358,209425066.0
2023-06-09,2.5,2.55,2.49,2.55,104928226,288839124.0
2023-06-12,2.55,2.55,2.52,2.53,68004245,187728935.0
2023-06-13,2.52,2.54,2.48,2.5,50399015,137173806.0
2023-06-14,2.5,2.52,2.47,2.48,38870559,105469083.0
2023-06-15,2.48,2.49,2.45,2.49,42924955,115659527.0
2023-06-16,2.5,2.51,2.47,2.48,47836555,129318957.0
2023-06-19,2.48,2.48,2.43,2.44,48798442,129944910.0
2023-06-20,2.45,2.46,2.42,2.43,46295988,122910957.0
2023-06-21,2.42,2.44,2.4,2.4,48160135,126954275.0
2023-06-26,2.4,2.4,2.37,2.37,46639537,120865387.0
2023-06-27,2.38,2.43,2.37,2.43,54583697,142831147.0
2023-06-28,2.43,2.48,2.42,2.47,53752337,143326208.0
2023-06-29,2.46,2.48,2.45,2.46,36188215,97130620.0
2023-06-30,2.46,2.5,2.45,2.47,35597244,96076865.0
2023-07-03,2.47,2.5,2.47,2.49,45359488,122779419.0
2023-07-04,2.48,2.5,2.47,2.49,35074578,94992321.0
2023-07-05,2.48,2.51,2.48,2.49,25309731,68720426.0
2023-07-06,2.48,2.49,2.47,2.47,21160162,57073498.0
2023-07-07,2.47,2.49,2.47,2.48,26661583,72019116.0
2023-07-10,2.48,2.51,2.47,2.5,36139571,97929823.0
2023-07-11,2.49,2.52,2.48,2.52,41600170,113509101.0
2023-07-12,2.52,2.52,2.47,2.47,37441909,101450898.0
2023-07-13,2.48,2.51,2.47,2.5,26519356,71979870.0
2023-07-14,2.51,2.51,2.48,2.51,34561205,94008432.0
2023-07-17,2.5,2.51,2.48,2.5,24231584,65721916.0
2023-07-18,2.5,2.51,2.48,2.5,29715264,80704901.0
2023-07-19,2.51,2.54,2.49,2.53,48965097,134422621.0
2023-07-20,2.54,2.55,2.51,2.52,33718506,92717749.0
2023-07-21,2.51,2.54,2.51,2.53,29145446,80165923.0
2023-07-24,2.55,2.57,2.54,2.56,54646881,151943629.0
2023-07-25,2.58,2.62,2.57,2.62,85595690,242382590.0
2023-07-26,2.62,2.66,2.61,2.65,85953294,247052868.0
2023-07-27,2.65,2.67,2.63,2.66,75943808,219437655.0
2023-07-28,2.65,2.69,2.64,2.68,70484062,204699797.0
2023-07-31,2.69,2.74,2.68,2.73,95379751,282254070.0
2023-08-01,2.74,2.78,2.71,2.75,125584963,376098820.0
2023-08-02,2.74,2.76,2.7,2.72,94721428,280989382.0
2023-08-03,2.71,2.73,2.66,2.71,69263239,203910382.0
2023-08-04,2.73,2.76,2.7,2.72,101036709,299727492.0
2023-08-07,2.73,2.73,2.67,2.69,54235962,159094562.0
2023-08-08,2.69,2.7,2.67,2.67,36513214,106713089.0
2023-08-09,2.67,2.69,2.66,2.66,33625616,97860592.0
2023-08-10,2.67,2.71,2.66,2.69,35363471,101647957.0
2023-08-11,2.68,2.71,2.64,2.64,47383540,135005341.0
2023-08-14,2.64,2.67,2.6,2.66,42739038,120695889.0
2023-08-15,2.66,2.68,2.64,2.67,42908506,122197584.0
2023-08-16,2.66,2.68,2.63,2.66,33704952,95688226.0
2023-08-17,2.65,2.66,2.62,2.66,39463059,111291630.0
2023-08-18,2.65,2.68,2.63,2.64,41837259,118865244.0
2023-08-21,2.64,2.68,2.64,2.64,42808437,121529583.0
2023-08-22,2.65,2.66,2.62,2.65,42791342,120622867.0
2023-08-23,2.66,2.66,2.61,2.61,38739243,109122783.0
2023-08-24,2.63,2.64,2.56,2.58,49193769,136329875.0
2023-08-25,2.58,2.66,2.56,2.62,65882884,184854094.0
2023-08-28,2.74,2.77,2.64,2.65,74192187,213292020.0
2023-08-29,2.66,2.7,2.64,2.66,77101707,219888125.0
2023-08-30,2.66,2.66,2.6,2.6,57098500,160153822.0
2023-08-31,2.62,2.66,2.6,2.62,53774221,150598628.0
2023-09-01,2.61,2.62,2.59,2.6,44739035,124430276.0
2023-09-04,2.61,2.66,2.6,2.65,64225598,181128324.0
2023-09-05,2.64,2.65,2.6,2.62,42440507,118730171.0
2023-09-06,2.62,2.62,2.59,2.6,36109922,100563844.0
2023-09-07,2.6,2.61,2.57,2.57,40889590,113144481.0
2023-09-08,2.57,2.58,2.53,2.53,54147793,147626587.0
2023-09-11,2.53,2.6,2.53,2.6,68937505,190276488.0
2023-09-12,2.6,2.61,2.57,2.59,32292100,89392910.0
2023-09-13,2.6,2.62,2.59,2.61,43766222,122073073.0
2023-09-14,2.63,2.65,2.61,2.65,49766217,140249754.0
2023-09-15,2.65,2.65,2.61,2.62,43901084,123171121.0
2023-09-18,2.62,2.63,2.59,2.61,36417300,101458344.0
2023-09-19,2.61,2.65,2.6,2.64,36255241,101921165.0
2023-09-20,2.64,2.65,2.62,2.64,34871880,98390548.0
2023-09-21,2.64,2.64,2.6,2.61,28660115,80166182.0
2023-09-22,2.61,2.64,2.59,2.62,33275670,92988331.0
2023-09-25,2.62,2.63,2.6,2.61,31170156,87061866.0
2023-09-26,2.62,2.63,2.6,2.6,31968126,89275162.0
2023-09-27,2.62,2.65,2.61,2.64,40729792,114520529.0
2023-09-28,2.63,2.64,2.57,2.57,74659081,206462790.0
2023-10-09,2.57,2.62,2.56,2.59,62934590,173996865.0
2023-10-10,2.59,2.61,2.51,2.51,76661488,207567428.0
2023-10-11,2.51,2.55,2.51,2.51,57614961,155900488.0
2023-10-12,2.53,2.59,2.52,2.58,69527259,191425315.0
2023-10-13,2.57,2.57,2.51,2.53,49197409,133467170.0
2023-10-16,2.54,2.55,2.52,2.53,32025077,86951862.0
2023-10-17,2.54,2.55,2.53,2.54,21895031,59533703.0
2023-10-18,2.54,2.55,2.52,2.55,43937611,119452521.0
2023-10-19,2.52,2.53,2.48,2.48,54115689,144626140.0
2023-10-20,2.48,2.51,2.46,2.47,38377077,101778405.0
2023-10-23,2.47,2.48,2.39,2.4,40749355,105750141.0
2023-10-24,2.42,2.44,2.4,2.43,49500511,128182972.0
2023-10-25,2.47,2.51,2.47,2.51,65655601,175468433.0
2023-10-26,2.49,2.52,2.48,2.51,38693881,103566643.0
2023-10-27,2.51,2.54,2.5,2.52,37638433,101687953.0
2023-10-30,2.52,2.53,2.49,2.49,45286007,121315098.0
2023-10-31,2.5,2.51,2.44,2.46,56056858,147707480.0
2023-11-01,2.46,2.47,2.41,2.41,86065180,223570681.0
2023-11-02,2.41,2.43,2.39,2.39,58232127,149874937.0
2023-11-03,2.39,2.42,2.39,2.39,73773476,189449432.0
2023-11-06,2.4,2.43,2.4,2.42,74485441,192234089.0
2023-11-07,2.42,2.44,2.41,2.42,62466676,162058890.0
2023-11-08,2.42,2.43,2.39,2.41,69740409,179839305.0
2023-11-09,2.4,2.42,2.4,2.4,46008035,118543466.0
2023-11-10,2.4,2.41,2.37,2.37,64575904,164472699.0
2023-11-13,2.38,2.4,2.37,2.4,43601885,111390360.0
2023-11-14,2.39,2.43,2.39,2.41,61551709,158834573.0
2023-11-15,2.42,2.43,2.4,2.41,41842584,108011975.0
2023-11-16,2.41,2.41,2.38,2.38,36933279,94671547.0
2023-11-17,2.38,2.39,2.37,2.38,49585764,126376666.0
2023-11-20,2.38,2.39,2.37,2.39,32843753,83834129.0
2023-11-21,2.39,2.41,2.38,2.39,62940233,161501960.0
2023-11-22,2.38,2.39,2.37,2.37,47617678,121324519.0
2023-11-23,2.37,2.39,2.37,2.38,48247693,122864848.0
2023-11-24,2.38,2.4,2.37,2.37,48446063,123787357.0
2023-11-27,2.37,2.38,2.35,2.36,58847741,148657594.0
2023-11-28,2.36,2.37,2.35,2.36,45826352,115497969.0
2023-11-29,2.36,2.37,2.35,2.36,44106936,110970065.0
2023-11-30,2.35,2.36,2.34,2.34,48391639,121268444.0
2023-12-01,2.35,2.37,2.34,2.36,47772832,120363680.0
2023-12-04,2.36,2.37,2.36,2.37,47404738,119870571.0
2023-12-05,2.37,2.37,2.34,2.34,41792973,105093034.0
2023-12-06,2.34,2.36,2.33,2.34,40416825,101155662.0
2023-12-07,2.34,2.35,2.33,2.34,52811271,131999928.0
2023-12-08,2.34,2.37,2.33,2.34,88600664,222160452.0
2023-12-11,2.34,2.35,2.3,2.34,97334815,241579706.0
2023-12-12,2.34,2.37,2.32,2.37,86330210,217775022.0
2023-12-13,2.37,2.37,2.35,2.36,41774245,105544741.0
2023-12-14,2.36,2.37,2.36,2.36,32486102,82006767.0
2023-12-15,2.36,2.37,2.33,2.33,61420173,154690769.0
2023-12-18,2.33,2.37,2.33,2.34,67634123,169752907.0
2023-12-19,2.34,2.34,2.29,2.31,80820726,199386311.0
2023-12-20,2.3,2.31,2.28,2.29,36482514,89554761.0
2023-12-21,2.28,2.29,2.26,2.28,54805288,133637836.0
2023-12-22,2.29,2.3,2.26,2.29,49405236,120719444.0
2023-12-25,2.29,2.3,2.27,2.27,25996904,63410504.0
2023-12-26,2.27,2.28,2.23,2.26,40484651,97822352.0
2023-12-27,2.25,2.25,2.19,2.2,91334950,215734697.0
2023-12-28,2.2,2.22,2.18,2.2,156233846,367347025.0
2023-12-29,2.2,2.2,2.18,2.19,101932577,238422755.0
2024-01-02,2.19,2.23,2.18,2.22,94880010,223876831.0
2024-01-03,2.21,2.23,2.21,2.23,58742857,139759353.0
2024-01-04,2.23,2.23,2.19,2.2,63358733,149529385.0
2024-01-05,2.2,2.23,2.19,2.21,74992922,177575543.0
2024-01-08,2.21,2.22,2.16,2.16,65974073,154034503.0
2024-01-09,2.16,2.18,2.15,2.17,37858137,87769595.0
2024-01-10,2.17,2.18,2.15,2.16,27385902,63526090.0
2024-01-11,2.16,2.19,2.16,2.18,34427514,80108148.0
2024-01-12,2.18,2.21,2.18,2.19,45680924,107085301.0
2024-01-15,2.18,2.21,2.17,2.19,38158022,89317087.0
2024-01-16,2.19,2.21,2.17,2.18,47152459,110319176.0
2024-01-17,2.18,2.2,2.15,2.15,55424425,128955811.0
2024-01-18,2.15,2.15,2.08,2.13,88179313,199460760.0
2024-01-19,2.12,2.14,2.11,2.12,37887331,86161399.0
2024-01-22,2.12,2.13,2.04,2.05,61258729,136805485.0
2024-01-23,2.05,2.08,2.02,2.08,54641343,119871608.0
2024-01-24,2.08,2.17,2.08,2.17,120485051,274944873.0
2024-01-25,2.18,2.27,2.16,2.26,131686225,313480993.0
2024-01-26,2.26,2.33,2.23,2.27,188133233,457763606.0
2024-01-29,2.27,2.33,2.25,2.27,182739170,446671910.0
2024-01-30,2.23,2.29,2.21,2.22,127913460,307320340.0
2024-01-31,2.22,2.23,2.15,2.17,113154681,264710914.0
2024-02-01,2.16,2.17,2.12,2.12,99334155,227610078.0
2024-02-02,2.13,2.19,2.07,2.12,117368306,268006489.0
2024-02-05,2.12,2.14,2.04,2.09,124177460,276869655.0
2024-02-06,2.08,2.2,2.07,2.18,121454270,276941658.0
2024-02-07,2.19,2.31,2.17,2.3,181769906,438873698.0
2024-02-08,2.3,2.37,2.29,2.31,163426421,409155115.0
2024-02-19,2.34,2.34,2.25,2.26,113760294,277683295.0
2024-02-20,2.26,2.27,2.25,2.26,59212788,143266595.0
2024-02-21,2.26,2.31,2.25,2.28,95685828,233684105.0
2024-02-22,2.27,2.29,2.25,2.27,66258279,160747845.0
2024-02-23,2.28,2.28,2.25,2.26,50655607,122675595.0
2024-02-26,2.27,2.28,2.25,2.25,63930632,154731887.0
2024-02-27,2.25,2.27,2.24,2.27,63308461,153115251.0
2024-02-28,2.27,2.3,2.26,2.26,99402805,242888127.0
2024-02-29,2.26,2.29,2.25,2.29,75934449,184861721.0
2024-03-01,2.29,2.3,2.26,2.27,52822722,128650270.0
2024-03-04,2.26,2.27,2.24,2.25,58981316,142135757.0
2024-03-05,2.24,2.25,2.23,2.24,51970238,124849056.0
2024-03-06,2.24,2.26,2.23,2.24,45289169,108827537.0
2024-03-07,2.24,2.28,2.24,2.24,62762936,151742573.0
2024-03-08,2.24,2.26,2.23,2.26,42655254,102846422.0
2024-03-11,2.26,2.28,2.25,2.27,44590691,108097496.0
2024-03-12,2.28,2.28,2.26,2.27,53300121,129528657.0
2024-03-13,2.27,2.27,2.24,2.25,54206805,130924059.0
2024-03-14,2.25,2.28,2.24,2.26,62178215,150822863.0
2024-03-15,2.25,2.27,2.24,2.26,44375237,107089894.0
2024-03-18,2.26,2.29,2.26,2.28,65529376,159612024.0
2024-03-19,2.28,2.29,2.26,2.26,47670405,115945793.0
2024-03-20,2.26,2.27,2.25,2.27,34500331,83557635.0
2024-03-21,2.27,2.27,2.25,2.25,37322762,90229783.0
2024-03-22,2.25,2.26,2.23,2.23,60225212,144235011.0
2024-03-25,2.23,2.23,2.21,2.21,50616722,120172843.0
2024-03-26,2.21,2.23,2.2,2.21,45976922,108827181.0
2024-03-27,2.21,2.22,2.18,2.18,43749158,102651250.0
2024-03-28,2.18,2.2,2.18,2.18,51812194,121267537.0
2024-03-29,2.19,2.19,2.17,2.19,46089958,107312250.0
2024-04-01,2.19,2.23,2.18,2.22,60621530,143270576.0
2024-04-02,2.22,2.23,2.21,2.22,54253762,128919644.0
2024-04-03,2.23,2.25,2.22,2.24,75612489,180931050.0
2024-04-08,2.24,2.27,2.22,2.23,90555663,217520831.0
2024-04-09,2.23,2.25,2.21,2.22,67349987,160491408.0
2024-04-10,2.22,2.22,2.17,2.18,68850680,161351955.0
2024-04-11,2.18,2.21,2.16,2.19,74199269,173866489.0
2024-04-12,2.19,2.21,2.17,2.19,61713332,144463096.0
2024-04-15,2.19,2.24,2.15,2.23,103957775,246232461.0
2024-04-16,2.23,2.26,2.23,2.23,106376805,255229201.0
2024-04-17,2.22,2.26,2.2,2.26,111582914,266523280.0
2024-04-18,2.26,2.28,2.24,2.27,83229031,201666493.0
2024-04-19,2.27,2.32,2.26,2.3,114749594,282263711.0
2024-04-22,2.3,2.32,2.25,2.26,86359109,211091288.0
2024-04-23,2.26,2.29,2.25,2.25,86288186,209310601.0
2024-04-24,2.25,2.27,2.23,2.25,75488697,180847527.0
2024-04-25,2.24,2.25,2.21,2.22,94922930,226038326.0
2024-04-26,2.22,2.25,2.21,2.25,105295310,251175523.0
2024-04-29,2.25,2.29,2.23,2.29,95230885,231572972.0
2024-04-30,2.28,2.29,2.24,2.24,89015323,215290974.0
2024-05-06,2.26,2.28,2.25,2.26,96511066,233820542.0
2024-05-07,2.26,2.26,2.23,2.23,91433926,219000567.0
2024-05-08,2.23,2.23,2.2,2.2,79902642,189215822.0
2024-05-09,2.2,2.23,2.19,2.23,74303060,176335581.0
2024-05-10,2.23,2.24,2.21,2.24,71277863,170053854.0
2024-05-13,2.23,2.24,2.22,2.24,61175148,146043356.0
2024-05-14,2.24,2.25,2.23,2.23,48454447,115875972.0
2024-05-15,2.23,2.24,2.22,2.22,44802052,106773254.0
2024-05-16,2.22,2.25,2.22,2.23,84954312,203226075.0
2024-05-17,2.23,2.29,2.23,2.29,127307808,306993641.0
2024-05-20,2.29,2.3,2.26,2.28,114621566,279371238.0
2024-05-21,2.28,2.32,2.26,2.28,100741645,246654077.0
2024-05-22,2.27,2.32,2.26,2.29,127470835,313060686.0
2024-05-23,2.3,2.3,2.23,2.23,122904042,296884571.0
2024-05-24,2.23,2.26,2.23,2.24,60556798,145546667.0
2024-05-27,2.23,2.25,2.23,2.24,64188311,153421266.0
2024-05-28,2.24,2.25,2.2,2.2,94033431,222952044.0
2024-05-29,2.2,2.22,2.19,2.19,63272937,148806336.0
2024-05-30,2.19,2.21,2.16,2.18,65189842,152116155.0
2024-05-31,2.17,2.2,2.17,2.18,51404484,119951893.0
2024-06-03,2.18,2.19,2.13,2.15,91274353,209990676.0
2024-06-04,2.14,2.19,2.13,2.18,69227531,160060231.0
2024-06-05,2.18,2.18,2.13,2.14,66746704,153672776.0
2024-06-06,2.14,2.15,2.1,2.11,69569239,157881820.0
2024-06-07,2.11,2.14,2.1,2.13,52161667,118404504.0
2024-06-11,2.13,2.13,2.09,2.1,65617661,147806913.0
2024-06-12,2.09,2.1,2.08,2.09,35642160,79894783.0
2024-06-13,2.09,2.1,2.06,2.08,60675232,134835592.0
2024-06-14,2.08,2.11,2.07,2.09,89728821,200821495.0
2024-06-17,2.09,2.1,2.08,2.08,47646040,106309758.0
2024-06-18,2.08,2.1,2.08,2.09,40715688,91203661.0
2024-06-19,2.09,2.1,2.08,2.09,27743069,62136007.0
2024-06-20,2.08,2.09,2.06,2.08,52038342,115419108.0
2024-06-21,2.09,2.1,2.08,2.09,47176278,102509672.0
2024-06-24,2.08,2.09,2.04,2.06,49657813,106490856.0
2024-06-25,2.06,2.08,2.04,2.08,50319630,107956181.0
2024-06-26,2.07,2.09,2.05,2.09,46482454,100099089.0
2024-06-27,2.09,2.09,2.07,2.08,39281254,84905843.0
2024-06-28,2.07,2.09,2.07,2.07,44211982,95696902.0
2024-07-01,2.08,2.1,2.06,2.09,54071856,117319876.0
2024-07-02,2.09,2.1,2.09,2.09,37357127,81423943.0
2024-07-03,2.09,2.11,2.09,2.09,38740096,84744811.0
2024-07-04,2.1,2.11,2.07,2.08,53151400,115242396.0
2024-07-05,2.08,2.08,2.06,2.07,30707268,66011521.0
2024-07-08,2.07,2.08,2.01,2.01,63792365,134916919.0
2024-07-09,2.02,2.04,1.99,2.03,44953718,94253086.0
2024-07-10,2.03,2.04,2.02,2.03,27906190,58865069.0
2024-07-11,2.05,2.07,2.04,2.07,37319097,79808516.0
2024-07-12,2.07,2.09,2.06,2.09,43711178,94715223.0
2024-07-15,2.09,2.09,2.07,2.09,39958305,86696201.0
2024-07-16,2.09,2.09,2.08,2.08,25102507,54417229.0
2024-07-17,2.08,2.1,2.08,2.09,41270546,90034438.0
2024-07-18,2.09,2.11,2.09,2.1,36470604,79698381.0
2024-07-19,2.1,2.11,2.09,2.09,42961596,93774775.0
2024-07-22,2.09,2.11,2.09,2.1,37461241,81974950.0
2024-07-23,2.11,2.15,2.1,2.12,76135371,169181772.0
2024-07-24,2.13,2.18,2.12,2.16,86025828,193243278.0
2024-07-25,2.17,2.21,2.16,2.2,85633601,194713271.0
2024-07-26,2.2,2.21,2.18,2.21,91799567,209793764.0
2024-07-29,2.21,2.24,2.19,2.22,72932835,168157600.0
2024-07-30,2.21,2.29,2.2,2.28,121592750,285391696.0
2024-07-31,2.28,2.3,2.24,2.25,120953332,284194192.0
2024-08-01,2.26,2.28,2.25,2.26,91429007,214731136.0
2024-08-02,2.25,2.26,2.22,2.22,79880502,185751338.0
2024-08-05,2.22,2.26,2.2,2.2,89930764,208222520.0
2024-08-06,2.2,2.24,2.16,2.19,78959206,180264404.0
2024-08-07,2.19,2.2,2.16,2.17,56327494,127629127.0
2024-08-08,2.17,2.19,2.16,2.18,69649016,157940453.0
2024-08-09,2.18,2.2,2.15,2.17,80349239,182085181.0
2024-08-12,2.16,2.17,2.1,2.11,81974285,181596111.0
2024-08-13,2.11,2.13,2.09,2.12,76998583,169835251.0
2024-08-14,2.12,2.15,2.1,2.1,67419678,149247184.0
2024-08-15,2.1,2.13,2.09,2.12,54200557,119274499.0
2024-08-16,2.12,2.13,2.08,2.09,71290644,155476733.0
2024-08-19,2.08,2.09,2.07,2.07,65354314,141328328.0
2024-08-20,2.07,2.09,2.05,2.05,67159969,143865124.0
2024-08-21,2.05,2.05,2.02,2.03,46744802,98865334.0
2024-08-22,2.02,2.04,2.01,2.01,66977332,140874978.0
2024-08-23,2.01,2.02,1.97,1.98,97815605,202256263.0
2024-08-26,1.98,2.03,1.98,1.99,94359129,196652784.0
2024-08-27,2.0,2.0,1.97,1.98,56426432,116296696.0
2024-08-28,1.98,1.98,1.96,1.96,61327844,125604126.0
2024-08-29,1.96,1.97,1.86,1.88,174540897,344630474.0
2024-08-30,1.89,1.95,1.88,1.9,189474575,378488021.0
2024-09-02,1.91,1.93,1.89,1.9,105099839,208995256.0
2024-09-03,1.9,1.9,1.87,1.88,75848686,148905772.0
2024-09-04,1.88,1.89,1.85,1.85,72908019,141686113.0
2024-09-05,1.85,1.88,1.85,1.87,52740941,102723447.0
2024-09-06,1.87,1.89,1.85,1.86,61507892,120066957.0
2024-09-09,1.85,1.87,1.84,1.85,67257237,129798709.0
2024-09-10,1.85,1.86,1.84,1.86,60592644,116547502.0
2024-09-11,1.85,1.86,1.81,1.82,83214813,158829208.0
2024-09-12,1.82,1.84,1.82,1.84,71364919,136318233.0
2024-09-13,1.84,1.86,1.83,1.85,102052796,196720318.0
2024-09-18,1.85,1.85,1.82,1.85,81033078,154641649.0
2024-09-19,1.85,1.89,1.84,1.88,85881283,167140442.0
2024-09-20,1.87,1.88,1.85,1.86,49442491,96005367.0
2024-09-23,1.87,1.88,1.85,1.87,42815903,83401300.0
2024-09-24,1.87,1.94,1.87,1.94,112453547,223880266.0
2024-09-25,1.96,2.06,1.96,2.0,151446542,316780578.0
2024-09-26,2.0,2.09,1.98,2.09,152546059,324451216.0
2024-09-27,2.11,2.15,2.09,2.14,111091886,245486144.0
2024-09-30,2.22,2.35,2.2,2.35,404233181,968389955.0
2024-10-08,2.59,2.59,2.33,2.39,507501904,1297693786.0
2024-10-09,2.34,2.35,2.17,2.18,322520330,755296133.0
2024-10-10,2.22,2.34,2.17,2.27,307887056,725301907.0
2024-10-11,2.25,2.26,2.15,2.18,192495247,442619786.0
2024-10-14,2.23,2.27,2.2,2.26,187657531,436733366.0
2024-10-15,2.24,2.28,2.2,2.2,151711747,353048168.0
2024-10-16,2.2,2.28,2.19,2.25,164449735,384688922.0
2024-10-17,2.26,2.27,2.19,2.19,137553188,317270261.0
2024-10-18,2.2,2.26,2.16,2.23,150521935,345145109.0
2024-10-21,2.23,2.24,2.2,2.21,114850579,264748830.0
2024-10-22,2.21,2.25,2.2,2.24,111861594,259033855.0
2024-10-23,2.24,2.28,2.23,2.26,129865839,305145536.0
2024-10-24,2.26,2.27,2.23,2.25,83611268,195544206.0
2024-10-25,2.24,2.28,2.24,2.27,103067603,243105576.0
2024-10-28,2.27,2.39,2.27,2.37,245226704,598876436.0
2024-10-29,2.39,2.4,2.31,2.32,152382588,371097658.0
2024-10-30,2.33,2.4,2.32,2.37,163784486,402775952.0
2024-10-31,2.36,2.42,2.36,2.41,179686988,448454675.0
2024-11-01,2.41,2.44,2.36,2.41,174309560,436205409.0
2024-11-04,2.41,2.42,2.37,2.41,133390817,332642338.0
2024-11-05,2.47,2.53,2.45,2.51,307986933,797966178.0
2024-11-06,2.55,2.65,2.46,2.61,446019912,1195384603.0
2024-11-07,2.62,2.71,2.57,2.68,398913446,1098006422.0
2024-11-08,2.71,2.74,2.6,2.62,336656280,935451925.0
2024-11-11,2.61,2.72,2.58,2.6,289060644,791679126.0
2024-11-12,2.59,2.6,2.51,2.54,226015808,600820897.0
2024-11-13,2.53,2.67,2.52,2.6,298689398,812230380.0
2024-11-14,2.61,2.63,2.53,2.53,197831656,526729109.0
2024-11-15,2.52,2.56,2.47,2.47,152998692,398951382.0
2024-11-18,2.52,2.72,2.52,2.72,632627716,1760274355.0
2024-11-19,2.72,2.79,2.57,2.62,670869264,1858021930.0
2024-11-20,2.62,2.68,2.58,2.63,404772061,1108179495.0
2024-11-21,2.61,2.63,2.55,2.58,301190300,809488438.0
2024-11-22,2.57,2.61,2.5,2.5,277926357,741946792.0
2024-11-25,2.5,2.53,2.44,2.47,198220782,509358656.0
2024-11-26,2.49,2.49,2.45,2.46,120656256,310165448.0
2024-11-27,2.46,2.49,2.41,2.49,175512213,446383032.0
2024-11-28,2.48,2.54,2.46,2.5,162454659,422108351.0
2024-11-29,2.51,2.53,2.47,2.51,158401958,412449072.0
2024-12-02,2.53,2.6,2.51,2.59,225882908,605944248.0
2024-12-03,2.6,2.61,2.57,2.59,156625320,421403951.0
2024-12-04,2.59,2.6,2.55,2.56,138930941,371544292.0
2024-12-05,2.55,2.57,2.52,2.57,131542965,348268984.0
2024-12-06,2.58,2.79,2.57,2.72,464695502,1298451938.0
2024-12-09,2.74,2.82,2.7,2.73,340489941,973596046.0
2024-12-10,2.83,2.85,2.69,2.7,286008704,820109526.0
2024-12-11,2.71,2.95,2.71,2.84,527899756,1564724863.0
2024-12-12,2.83,2.83,2.75,2.78,335977751,970153343.0
2024-12-13,2.79,2.79,2.68,2.69,285302876,808211547.0
2024-12-16,2.68,2.73,2.67,2.68,166178143,465785388.0
2024-12-17,2.68,2.69,2.63,2.64,142540001,393464664.0
2024-12-18,2.67,2.75,2.65,2.66,198800757,557418898.0
2024-12-19,2.64,2.67,2.61,2.66,135558973,373287819.0
2024-12-20,2.65,2.66,2.61,2.62,130770533,357994822.0
2024-12-23,2.61,2.66,2.59,2.59,149076010,407773262.0
2024-12-24,2.6,2.64,2.58,2.63,121255307,330233837.0
2024-12-25,2.64,2.64,2.58,2.6,91292358,247569756.0
2024-12-26,2.6,2.61,2.56,2.58,112273817,301703412.0
2024-12-27,2.58,2.64,2.58,2.62,127611695,348294004.0
2024-12-30,2.62,2.63,2.59,2.61,85362896,232286266.0
2024-12-31,2.61,2.63,2.54,2.55,145404611,390469582.0
2025-01-02,2.56,2.58,2.43,2.45,169132123,439672823.0
2025-01-03,2.46,2.47,2.39,2.4,134792163,340762561.0
2025-01-06,2.4,2.43,2.38,2.43,110814723,278281330.0
2025-01-07,2.42,2.44,2.38,2.43,101779245,255194071.0
2025-01-08,2.43,2.43,2.35,2.4,104962898,260940913.0
2025-01-09,2.38,2.4,2.37,2.38,68437676,170088630.0
2025-01-10,2.39,2.4,2.33,2.33,72864696,179433534.0
2025-01-13,2.33,2.34,2.3,2.33,68774508,166498122.0
2025-01-14,2.34,2.42,2.34,2.4,106389290,264464863.0
2025-01-15,2.4,2.4,2.35,2.38,93072962,230342832.0
2025-01-16,2.39,2.43,2.37,2.39,79581518,198877448.0
2025-01-17,2.38,2.4,2.35,2.37,69201892,171496639.0
2025-01-20,2.4,2.43,2.38,2.38,79534166,198900711.0
2025-01-21,2.4,2.41,2.36,2.36,72824896,180337207.0
2025-01-22,2.37,2.37,2.33,2.34,58041638,141923792.0
2025-01-23,2.36,2.41,2.35,2.36,84354263,209224899.0
2025-01-24,2.36,2.39,2.34,2.37,78957062,194742344.0
2025-01-27,2.38,2.44,2.37,2.39,108843522,273452772.0
2025-02-05,2.41,2.42,2.38,2.4,87756629,219211501.0
2025-02-06,2.4,2.41,2.37,2.41,99774432,248783187.0
2025-02-07,2.41,2.47,2.39,2.46,148881430,378019516.0
2025-02-10,2.46,2.51,2.45,2.47,120765485,311362568.0
2025-02-11,2.47,2.48,2.43,2.45,80232215,204268153.0
2025-02-12,2.44,2.46,2.42,2.45,84661935,214886515.0
2025-02-13,2.46,2.5,2.45,2.48,123153253,317243946.0
2025-02-14,2.45,2.46,2.39,2.4,151116014,379596534.0
2025-02-17,2.41,2.49,2.41,2.46,177769402,455081672.0
2025-02-18,2.47,2.48,2.41,2.42,120061799,304227088.0
2025-02-19,2.43,2.43,2.4,2.41,101241611,254317590.0
2025-02-20,2.41,2.41,2.37,2.37,100988098,250823762.0
2025-02-21,2.38,2.39,2.36,2.37,91316981,225921270.0
2025-02-24,2.38,2.5,2.37,2.43,231556457,591973173.0
2025-02-25,2.43,2.47,2.4,2.42,149698255,379399836.0
2025-02-26,2.42,2.48,2.42,2.47,149387132,382668261.0
2025-02-27,2.47,2.47,2.41,2.43,123116242,311937899.0
2025-02-28,2.43,2.45,2.41,2.41,109431392,276443313.0
2025-03-03,2.42,2.44,2.4,2.41,112053726,282000935.0
2025-03-04,2.41,2.41,2.38,2.4,80232615,200252413.0
2025-03-05,2.41,2.41,2.37,2.39,88671519,220038809.0
2025-03-06,2.39,2.41,2.38,2.41,94145230,235352084.0
2025-03-07,2.4,2.4,2.38,2.38,73098555,181935463.0
2025-03-10,2.39,2.4,2.37,2.38,79444186,197353166.0
2025-03-11,2.37,2.39,2.36,2.39,82126794,203019795.0
2025-03-12,2.39,2.4,2.37,2.39,94482340,234949132.0
2025-03-13,2.4,2.45,2.39,2.42,182728179,459549664.0
2025-03-14,2.42,2.46,2.4,2.45,197316641,501198804.0
2025-03-17,2.46,2.52,2.46,2.47,189916382,491144589.0
2025-03-18,2.47,2.48,2.44,2.44,104806951,267100878.0
2025-03-19,2.44,2.46,2.42,2.43,74087341,187722197.0
2025-03-20,2.43,2.44,2.42,2.43,75519193,191081804.0
2025-03-21,2.43,2.48,2.42,2.44,149259384,381262487.0
2025-03-24,2.45,2.46,2.4,2.43,126546478,319787636.0
2025-03-25,2.42,2.47,2.41,2.46,111473200,284168802.0
2025-03-26,2.45,2.46,2.43,2.45,68455258,174165634.0
2025-03-27,2.45,2.45,2.42,2.43,80826322,204515313.0
2025-03-28,2.43,2.44,2.39,2.4,94423536,236634208.0
2025-03-31,2.42,2.47,2.42,2.45,203966229,519945146.0
2025-04-01,2.46,2.62,2.45,2.57,386635114,1026940816.0
2025-04-02,2.55,2.56,2.5,2.53,210323473,551763197.0
2025-04-03,2.5,2.58,2.5,2.57,190821243,506636037.0
2025-04-07,2.5,2.52,2.31,2.33,321042053,802073678.0
2025-04-08,2.34,2.39,2.34,2.36,221084087,544720108.0
2025-04-09,2.34,2.42,2.26,2.42,247477936,603078146.0
2025-04-10,2.43,2.45,2.4,2.43,187313635,474243725.0
2025-04-11,2.42,2.44,2.4,2.42,129766806,326605662.0
2025-04-14,2.42,2.46,2.42,2.45,126783330,322754742.0
2025-04-15,2.44,2.45,2.41,2.42,118156902,297975003.0
2025-04-16,2.43,2.47,2.41,2.44,171120660,436178801.0
2025-04-17,2.46,2.55,2.44,2.49,215824029,561917487.0
2025-04-18,2.49,2.55,2.47,2.55,180154623,471141493.0
2025-04-21,2.54,2.56,2.51,2.55,174294435,458875095.0
2025-04-22,2.54,2.58,2.53,2.57,155765310,414628911.0
2025-04-23,2.56,2.58,2.52,2.52,136474109,359890289.0
2025-04-24,2.52,2.55,2.5,2.52,115223756,302712485.0
2025-04-25,2.52,2.54,2.51,2.53,99619570,261760076.0
2025-04-28,2.53,2.53,2.48,2.48,105500589,273642720.0
2025-04-29,2.49,2.49,2.45,2.47,101321857,260206162.0
2025-04-30,2.4,2.41,2.31,2.32,372774858,903092392.0
2025-05-06,2.33,2.34,2.31,2.33,192030507,464371756.0
2025-05-07,2.34,2.37,2.33,2.34,178840153,436328857.0
2025-05-08,2.33,2.34,2.32,2.33,131235961,318382533.0
2025-05-09,2.33,2.33,2.31,2.32,123380927,297620238.0
2025-05-12,2.32,2.33,2.31,2.33,122143483,293709912.0
2025-05-13,2.33,2.33,2.31,2.32,98798689,238463765.0
2025-05-14,2.32,2.33,2.31,2.33,108459863,261871432.0
2025-05-15,2.33,2.33,2.31,2.31,76569086,184566415.0
2025-05-16,2.32,2.33,2.3,2.31,88360141,211949164.0
2025-05-19,2.3,2.32,2.29,2.31,75661968,181272764.0
2025-05-20,2.31,2.32,2.3,2.32,58837352,141302973.0
2025-05-21,2.32,2.32,2.3,2.31,58087955,139471565.0
2025-05-22,2.31,2.32,2.29,2.29,74934496,178966837.0
2025-05-23,2.29,2.3,2.27,2.27,69419536,164843550.0
2025-05-26,2.27,2.29,2.26,2.28,51334527,121669119.0
2025-05-27,2.29,2.29,2.27,2.28,46814505,110987912.0
2025-05-28,2.28,2.29,2.27,2.27,34629163,81981704.0
2025-05-29,2.28,2.3,2.27,2.29,58218239,138498657.0
2025-05-30,2.29,2.3,2.28,2.29,61799665,146933079.0
2025-06-03,2.28,2.3,2.28,2.29,56519570,134590757.0
2025-06-04,2.3,2.3,2.28,2.3,47182026,112472851.0
2025-06-05,2.3,2.3,2.28,2.29,53517268,127399946.0
2025-06-06,2.3,2.32,2.29,2.32,98803283,237004520.0
2025-06-09,2.32,2.32,2.3,2.31,68821296,165218558.0
2025-06-10,2.32,2.32,2.3,2.3,72060798,172705587.0
2025-06-11,2.3,2.32,2.3,2.3,63468780,152173544.0
2025-06-12,2.3,2.31,2.29,2.31,58264894,139413849.0
2025-06-13,2.31,2.31,2.29,2.3,90419742,216013800.0
2025-06-16,2.29,2.3,2.29,2.3,38532398,91923790.0
2025-06-17,2.3,2.3,2.29,2.29,31370070,74762010.0
2025-06-18,2.29,2.3,2.28,2.29,46176980,109752525.0
2025-06-19,2.28,2.29,2.26,2.27,79334871,187428569.0
2025-06-20,2.26,2.29,2.26,2.29,67617211,160140494.0
2025-06-23,2.28,2.29,2.27,2.28,39784219,94220883.0
2025-06-24,2.29,2.3,2.28,2.29,62963212,150024810.0
2025-06-25,2.3,2.32,2.29,2.31,90375156,216446572.0
2025-06-26,2.31,2.32,2.3,2.3,72308541,173347145.0
2025-06-27,2.31,2.32,2.3,2.31,90325999,216894789.0
2025-06-30,2.31,2.32,2.29,2.3,71959448,172129252.0
2025-07-01,2.31,2.31,2.29,2.3,61237588,146171761.0
2025-07-02,2.3,2.33,2.29,2.33,133562556,320916093.0
2025-07-03,2.32,2.33,2.31,2.31,52677627,126671374.0
2025-07-04,2.31,2.32,2.3,2.31,77499263,186008578.0
2025-07-07,2.31,2.32,2.3,2.32,55453475,133245244.0
2025-07-08,2.31,2.33,2.3,2.32,83941925,202000176.0
2025-07-09,2.32,2.34,2.32,2.33,149307154,362630122.0
2025-07-10,2.33,2.38,2.33,2.37,151421664,371513396.0
2025-07-11,2.37,2.38,2.35,2.37,146253207,360861631.0
2025-07-14,2.37,2.39,2.36,2.37,123089484,304673414.0
2025-07-15,2.37,2.37,2.33,2.34,119856118,291993820.0
2025-07-16,2.34,2.35,2.32,2.33,84831451,206062774.0
2025-07-17,2.33,2.33,2.32,2.33,66702646,161462684.0
2025-07-18,2.33,2.33,2.32,2.33,71729030,173731429.0
2025-07-21,2.33,2.41,2.33,2.39,286431665,709792314.0
2025-07-22,2.38,2.45,2.36,2.45,289904380,727108884.0
2025-07-23,2.46,2.48,2.41,2.42,217246154,551716646.0
2025-07-24,2.42,2.46,2.39,2.44,215179716,545006428.0
2025-07-25,2.44,2.44,2.39,2.4,148308673,372012264.0
2025-07-28,2.42,2.43,2.4,2.41,117173032,294715923.0
2025-07-29,2.41,2.43,2.4,2.43,112569863,283087100.0
2025-07-30,2.42,2.45,2.41,2.43,133541021,337837387.0
2025-07-31,2.43,2.44,2.37,2.38,152081336,370120405.0
2025-08-01,2.38,2.4,2.37,2.39,79016878,191807256.0
2025-08-04,2.38,2.39,2.36,2.39,77858340,188366402.0
2025-08-05,2.39,2.41,2.38,2.39,122034145,297054321.0
2025-08-06,2.38,2.39,2.36,2.37,112781124,271924590.0
2025-08-07,2.38,2.39,2.36,2.37,88449995,213232558.0
2025-08-08,2.37,2.4,2.37,2.4,113682792,275818036.0
2025-08-11,2.4,2.41,2.38,2.41,93220557,227354618.0
2025-08-12,2.41,2.41,2.39,2.39,77238036,188397533.0
2025-08-13,2.4,2.41,2.38,2.39,131371735,319760847.0
2025-08-14,2.39,2.4,2.35,2.35,137902025,332432234.0
2025-08-15,2.36,2.37,2.35,2.36,143956233,345610931.0
2025-08-18,2.36,2.38,2.36,2.37,149206290,359368195.0
2025-08-19,2.37,2.38,2.35,2.36,131735046,316539655.0
2025-08-20,2.35,2.37,2.35,2.37,130812935,314008171.0
2025-08-21,2.37,2.39,2.36,2.38,153666475,371815376.0
2025-08-22,2.38,2.41,2.36,2.41,181483977,439953738.0
2025-08-25,2.41,2.47,2.4,2.45,322205775,799650784.0
2025-08-26,2.45,2.45,2.43,2.45,140897800,349302935.0
2025-08-27,2.44,2.45,2.39,2.39,167542831,412311781.0
2025-08-28,2.39,2.43,2.35,2.4,178925769,435025513.0
2025-08-29,2.4,2.44,2.37,2.38,199116155,486171210.0
2025-09-01,2.39,2.43,2.38,2.43,224303981,549646750.0
2025-09-02,2.43,2.43,2.39,2.41,138821782,340011885.0
2025-09-03,2.41,2.42,2.36,2.37,143102587,346605779.0
2025-09-04,2.37,2.37,2.34,2.36,170259010,407308332.0
2025-09-05,2.35,2.36,2.33,2.35,184206126,438484924.0
2025-09-08,2.35,2.37,2.34,2.35,151037236,361942921.0
2025-09-09,2.35,2.37,2.35,2.36,135797893,325790014.0
2025-09-10,2.37,2.37,2.35,2.36,93216062,223597315.0
2025-09-11,2.36,2.38,2.35,2.37,148948844,357723925.0
2025-09-12,2.37,2.61,2.36,2.61,550522572,1409459063.0
2025-09-15,2.87,2.87,2.87,2.87,188565570,550611464.0
2025-09-16,3.16,3.16,3.16,3.16,168417446,540620002.0
2025-09-17,3.33,3.47,3.05,3.47,2192762851,7407963473.0
2025-09-18,3.48,3.82,3.47,3.82,2294855082,8644185365.0
2025-09-19,3.6,3.68,3.43,3.43,815661875,2884044456.0
2025-09-22,3.1,3.58,3.09,3.2,1727429512,5675802488.0
2025-09-23,3.08,3.52,2.96,3.44,2150949874,7194161883.0
2025-09-24,3.3,3.31,3.11,3.2,1476248532,4783384747.0
2025-09-25,3.13,3.21,3.03,3.04,969121304,3047994777.0
2025-09-26,3.0,3.03,2.91,2.91,777491541,2339852072.0
2025-09-29,2.91,2.99,2.9,2.94,652551140,1949510575.0
2025-09-30,2.92,2.93,2.88,2.9,572824560,1690350471.0
2025-10-09,2.93,3.04,2.92,3.04,804762617,2456010507.0
2025-10-10,3.0,3.05,2.96,2.97,517617396,1571000262.0
2025-10-13,2.87,2.91,2.84,2.91,461875983,1352299763.0
2025-10-14,2.92,3.02,2.89,2.91,568355323,1708717576.0
2025-10-15,2.91,2.95,2.87,2.93,400878760,1189899723.0
2025-10-16,2.91,2.92,2.85,2.86,362960513,1060940909.0
2025-10-17,2.86,2.89,2.79,2.8,339305041,977965027.0
2025-10-20,2.81,2.83,2.79,2.81,283434688,808162943.0
2025-10-21,2.81,2.88,2.81,2.86,350338728,1017225469.0
2025-10-22,2.86,2.89,2.85,2.88,297488159,869987424.0
2025-10-23,2.86,2.88,2.81,2.88,288733257,833326334.0
2025-10-24,2.87,2.9,2.83,2.86,249333210,724553091.0
2025-10-27,2.87,2.88,2.83,2.84,258068735,748749371.0
2025-10-28,2.84,2.85,2.81,2.81,234431914,672099580.0
2025-10-29,2.81,2.82,2.79,2.82,230214595,655471947.0
2025-10-30,2.81,2.82,2.76,2.76,283056027,799836547.0
2025-10-31,2.77,2.81,2.77,2.78,238320268,674042556.0
2025-11-03,2.9,2.99,2.88,2.95,951453617,2841899124.0
2025-11-04,2.9,2.93,2.84,2.87,545847799,1596633724.0
2025-11-05,2.84,3.08,2.83,2.98,916594303,2781008347.0
2025-11-06,2.95,2.96,2.9,2.92,536258633,1591151754.0
2025-11-07,2.91,2.91,2.86,2.87,337910872,991059047.0
2025-11-10,2.88,2.9,2.86,2.88,258175040,755592067.0
2025-11-11,2.88,2.93,2.87,2.9,334607255,985615234.0
2025-11-12,2.91,2.95,2.87,2.92,385932808,1140374837.0
2025-11-13,2.9,2.93,2.88,2.92,305261819,904390551.0
2025-11-14,2.9,2.97,2.9,2.94,416604128,1247279187.0
2025-11-17,2.94,2.96,2.89,2.92,299374036,887750885.0
2025-11-18,2.91,2.96,2.81,2.87,539056447,1568052874.0
2025-11-19,2.84,2.85,2.8,2.8,272246839,778613240.0
2025-11-20,2.81,2.81,2.78,2.8,146941477,417228702.0
2025-11-21,2.78,2.79,2.67,2.67,264926730,731792946.0
2025-11-24,2.7,2.73,2.68,2.72,173416142,475756600.0
2025-11-25,2.71,2.74,2.7,2.73,142955822,395194722.0
2025-11-26,2.72,2.74,2.71,2.71,144096381,398079918.0
2025-11-27,2.71,2.73,2.69,2.7,124493970,342262171.0
2025-11-28,2.71,2.72,2.67,2.72,144623518,396223545.0
2025-12-01,2.71,2.74,2.7,2.74,148620387,410687401.0
2025-12-02,2.73,2.74,2.69,2.71,143240430,393667172.0
2025-12-03,2.71,2.71,2.67,2.67,134593089,366709488.0
2025-12-04,2.67,2.69,2.64,2.66,138127595,372993324.0
2025-12-05,2.65,2.7,2.64,2.7,152039983,412519865.0
2025-12-08,2.7,2.72,2.68,2.69,132058270,361392018.0
2025-12-09,2.68,2.69,2.65,2.65,122488799,331000788.0
2025-12-10,2.65,2.68,2.63,2.67,137537638,370844911.0
2025-12-11,2.67,2.68,2.61,2.62,153201599,409835917.0
2025-12-12,2.62,2.64,2.61,2.63,109252060,291441732.0
2025-12-15,2.62,2.64,2.6,2.61,115271390,306939004.0
2025-12-16,2.61,2.62,2.55,2.57,166602690,436080081.0
2025-12-17,2.57,2.59,2.54,2.58,125893753,327822931.0
2025-12-18,2.57,2.61,2.56,2.59,123189749,324134766.0
2025-12-19,2.59,2.66,2.58,2.65,188227457,503772615.0
2025-12-22,2.64,2.68,2.63,2.66,143415078,386321998.0
2025-12-23,2.66,2.66,2.62,2.63,105184950,281201806.0
2025-12-24,2.62,2.64,2.61,2.63,98248885,261817646.0
2025-12-25,2.63,2.65,2.62,2.63,100401982,268689856.0
2025-12-26,2.63,2.65,2.62,2.64,115838032,310385909.0
2025-12-29,2.65,2.66,2.63,2.64,99819307,268193453.0
2025-12-30,2.63,2.64,2.6,2.6,137970189,366032370.0
2025-12-31,2.61,2.62,2.59,2.61,96765889,256288248.0
2026-01-05,2.62,2.65,2.61,2.65,142980476,382199754.0
2026-01-06,2.65,2.7,2.64,2.69,195790432,533161115.0
2026-01-07,2.69,2.7,2.65,2.66,174825586,473772807.0
2026-01-08,2.65,2.7,2.64,2.69,175891334,479704473.0
2026-01-09,2.7,2.71,2.67,2.68,178801132,487769513.0
2026-01-12,2.69,2.72,2.68,2.72,207969951,570905276.0
2026-01-13,2.72,2.99,2.68,2.99,967505918,2852357658.0
2026-01-14,2.99,3.17,2.89,3.02,1192937328,3641472681.0
2026-01-15,2.96,2.99,2.87,2.88,535777913,1586076478.0
2026-01-16,2.92,3.01,2.89,2.93,444302601,1331372807.0
2026-01-19,2.9,2.92,2.83,2.87,326744163,954096113.0
2026-01-20,2.86,2.89,2.83,2.89,293709160,854080398.0
2026-01-21,2.87,2.89,2.86,2.88,191098015,558369834.0
2026-01-22,2.88,2.95,2.87,2.95,395966678,1174829302.0
2026-01-23,2.94,2.94,2.91,2.92,269024494,799862532.0
2026-01-26,2.93,3.03,2.92,2.93,369668948,1113663924.0
2026-01-27,2.88,2.88,2.78,2.84,377827858,1083130850.0
2026-01-28,2.82,3.13,2.81,3.13,617191334,1891317221.0
2026-01-29,3.13,3.21,3.02,3.04,937882258,2946791512.0
2026-01-30,2.95,3.06,2.88,2.93,564072347,1692590811.0
2026-02-02,2.9,2.93,2.78,2.79,421402990,1220665168.0
2026-02-03,2.81,3.05,2.81,2.97,663623489,1988862823.0
2026-02-04,2.96,2.99,2.91,2.98,445970579,1340742994.0
2026-02-05,2.96,2.99,2.9,2.91,300857600,896238405.0
2026-02-06,2.89,2.93,2.86,2.89,243160727,717238075.0
2026-02-09,2.92,2.96,2.91,2.94,241679046,720982552.0
2026-02-10,2.93,2.93,2.88,2.9,188982750,558016749.0
2026-02-11,2.89,2.91,2.87,2.88,170337027,500743189.0
2026-02-12,2.88,2.9,2.85,2.86,164716266,481821083.0
2026-02-13,2.86,2.87,2.82,2.83,202464063,586381601.0
2026-02-24,2.87,2.89,2.85,2.87,181563094,531264546.0
2026-02-25,2.87,2.97,2.87,2.93,324047916,966837487.0
2026-02-26,2.93,2.94,2.88,2.91,204565939,604988398.0
2026-02-27,2.9,2.95,2.89,2.94,225078196,669125919.0
2026-03-02,2.91,2.94,2.86,2.9,262140831,772692548.0
2026-03-03,2.89,2.91,2.79,2.79,343459675,988538933.0
2026-03-04,2.77,2.81,2.75,2.76,214003159,601863170.0
2026-03-05,2.79,2.82,2.78,2.8,199002892,566299901.0
2026-03-06,2.8,2.86,2.78,2.85,224529925,646484263.0
2026-03-09,2.83,2.86,2.81,2.85,194834728,561976455.0
2026-03-10,2.87,2.9,2.85,2.87,227838798,665716585.0
2026-03-11,2.87,2.97,2.83,2.95,484724555,1445312381.0
2026-03-12,2.95,3.02,2.93,2.99,472814848,1429258862.0
2026-03-13,2.98,3.02,2.93,2.97,366109079,1108961061.0
2026-03-16,2.95,2.96,2.87,2.89,287228858,847444699.0
2026-03-17,2.89,2.96,2.88,2.89,256047874,758575417.0
2026-03-18,2.88,2.9,2.83,2.86,219699767,638345461.0
2026-03-19,2.83,2.85,2.8,2.81,202732751,581234277.0
2026-03-20,2.81,2.83,2.77,2.77,184005523,521294293.0
2026-03-23,2.74,2.75,2.62,2.63,271951320,740127164.0
2026-03-24,2.68,2.71,2.64,2.7,155165761,421259647.0
2026-03-25,2.7,2.81,2.69,2.79,232932587,652957125.0
2026-03-26,2.78,2.79,2.71,2.72,168314192,468617896.0
2026-03-27,2.68,2.72,2.67,2.71,130909109,358440251.0
2026-03-30,2.67,2.72,2.64,2.71,131242658,356823008.0
2026-03-31,2.7,2.74,2.69,2.7,143461900,395192841.0
2026-04-01,2.73,2.76,2.71,2.73,143782089,398544190.0
2026-04-02,2.72,2.73,2.66,2.67,134312613,366058100.0
2026-04-03,2.67,2.68,2.62,2.63,116024413,310623605.0
2026-04-07,2.64,2.65,2.62,2.64,93381239,250027970.0
2026-04-08,2.67,2.81,2.66,2.76,260201000,720861082.0
2026-04-09,2.71,2.72,2.69,2.7,163884994,449840135.0
2026-04-10,2.71,2.74,2.7,2.7,116671245,321509255.0
2026-04-13,2.68,2.71,2.67,2.7,107022861,292283556.0
2026-04-14,2.7,2.72,2.69,2.71,107093038,294100775.0
2026-04-15,2.71,2.73,2.69,2.71,137877900,379886794.0
2026-04-16,2.71,2.72,2.69,2.7,121337409,332712585.0
2026-04-17,2.71,2.72,2.67,2.69,131458886,359103771.0
2026-04-20,2.68,2.7,2.66,2.68,124144095,337360294.0
2026-04-21,2.68,2.69,2.66,2.67,85960465,233071231.0
2026-04-22,2.66,2.67,2.65,2.67,103358463,278962031.0
2026-04-23,2.66,2.68,2.64,2.66,133990768,361585220.0
2026-04-24,2.65,2.66,2.62,2.62,120562442,321884557.0
2026-04-27,2.62,2.63,2.58,2.59,121486817,320624564.0
2026-04-28,2.58,2.63,2.58,2.61,111852273,296557779.0
2026-04-29,2.61,2.65,2.61,2.63,108227004,289521052.0
2026-04-30,2.65,2.68,2.63,2.66,171053632,460892199.0
2026-05-06,2.67,2.68,2.66,2.67,138949425,376485198.0
2026-05-07,2.68,2.7,2.66,2.69,164645019,448341061.0
2026-05-08,2.68,2.75,2.67,2.69,164381169,451035833.0
2026-05-11,2.69,2.71,2.68,2.69,135701671,370725622.0
2026-05-12,2.69,2.7,2.63,2.64,183677743,495504006.0
2026-05-13,2.64,2.67,2.63,2.65,137185778,369026424.0
2026-05-14,2.65,2.66,2.59,2.59,151417420,401455541.0
2026-05-15,2.6,2.61,2.58,2.61,122669114,323154823.0
2026-05-18,2.61,2.62,2.58,2.59,97787475,257256832.0
2026-05-19,2.59,2.6,2.56,2.58,98795839,258514334.0
2026-05-20,2.57,2.58,2.51,2.53,131594447,338480706.0
2026-05-21,2.53,2.56,2.5,2.5,105790237,271995435.0
2026-05-22,2.51,2.52,2.49,2.51,83411352,212000266.0
2026-05-25,2.51,2.56,2.49,2.53,113517678,291150394.0
2026-05-26,2.53,2.54,2.49,2.51,86958320,221516830.0
2026-05-27,2.51,2.52,2.44,2.45,131002513,328705175.0
2026-05-28,2.44,2.47,2.43,2.44,98850872,246266452.0
2026-05-29,2.45,2.6,2.44,2.48,189670070,485604362.0
2026-06-01,2.47,2.56,2.46,2.55,171594516,441696244.0
2026-06-02,2.54,2.57,2.52,2.54,125771360,324805592.0
2026-06-03,2.53,2.54,2.48,2.49,126003176,319452793.0
2026-06-04,2.49,2.5,2.43,2.44,108593514,271065613.0
2026-06-05,2.44,2.47,2.44,2.45,83997456,209083150.0
2026-06-08,2.43,2.43,2.37,2.4,109930687,268695831.0
2026-06-09,2.4,2.42,2.37,2.4,95083105,231248075.0
2026-06-10,2.39,2.4,2.35,2.38,104926308,252421733.0
2026-06-11,2.36,2.38,2.31,2.33,119805847,284484035.0
2026-06-12,2.34,2.41,2.32,2.38,165991321,399921488.0
2026-06-15,2.4,2.45,2.38,2.4,142732209,349520971.0
2026-06-16,2.39,2.4,2.36,2.38,96601601,232990518.0
2026-06-17,2.37,2.4,2.33,2.38,146805129,352319994.0
2026-06-18,2.36,2.37,2.33,2.34,95317279,227145184.0
2026-06-22,2.33,2.35,2.27,2.34,160704015,376517072.0
2026-06-23,2.34,2.39,2.3,2.31,139724224,332994784.0
2026-06-24,2.3,2.31,2.26,2.27,111001632,257206310.0
2026-06-25,2.27,2.27,2.22,2.24,109551382,250633140.0
2026-06-26,2.24,2.25,2.19,2.19,117420107,264854465.0
2026-06-29,2.18,2.21,2.13,2.2,144589174,319579609.0
2026-06-30,2.19,2.2,2.16,2.18,115529904,255196364.0
2026-07-01,2.19,2.27,2.18,2.24,136144417,304119685.0
2026-07-02,2.23,2.26,2.21,2.22,111552165,249022995.0
2026-07-03,2.22,2.26,2.21,2.24,99348687,222409997.0
2026-07-06,2.26,2.27,2.24,2.27,102675121,231855036.0
2026-07-07,2.26,2.27,2.2,2.22,102905362,229017336.0
2026-07-08,2.21,2.24,2.2,2.23,73266918,163039796.0
2026-07-09,2.22,2.24,2.2,2.22,86542207,191656123.0
2026-07-10,2.22,2.31,2.2,2.28,184038214,417594990.0
2026-07-13,2.27,2.3,2.21,2.22,149950868,335528877.0
2026-07-14,2.23,2.27,2.21,2.27,117644737,264377332.0
2026-07-15,2.25,2.32,2.25,2.3,115759593,265885953.0
2026-07-16,2.31,2.38,2.3,2.33,168483479,392893745.0
2026-07-17,2.33,2.36,2.26,2.28,157026229,362649009.0
2026-07-20,2.28,2.33,2.27,2.31,148560630,342870618.0
2026-07-21,2.3,2.34,2.3,2.32,137247424,318888113.0
2026-07-22,2.32,2.33,2.28,2.32,111507979,257188602.0
2026-07-23,2.32,2.37,2.31,2.36,128016152,300116847.0
2026-07-24,2.35,2.37,2.29,2.3,124042083,287967568.0
2026-07-27,2.29,2.34,2.28,2.33,94262501,218632382.0
2026-07-28,2.32,2.34,2.3,2.32,97968338,226703602.0
2026-07-29,2.31,2.36,2.31,2.35,122360555,286891918.0
2026-07-30,2.35,2.38,2.33,2.35,126283316,297450736.0
2026-07-31,2.35,2.37,2.33,2.37,113704956,267560982.0
2026-08-03,2.37,2.41,2.36,2.4,130270703,312241403.0
2026-08-04,2.41,2.42,2.37,2.38,134797939,321403308.0
2026-08-05,2.37,2.38,2.34,2.35,119705574,281899971.0
2026-08-06,2.36,2.36,2.31,2.33,136759340,318478082.0
