timestamps,open,high,low,close,volume,amount
2010-01-04,7.45,7.79,7.29,7.62,45241172,407550368.0
2010-01-05,7.65,8.03,7.57,8.0,54518740,510361760.0
2010-01-06,7.91,8.22,7.85,8.09,43480772,414983520.0
2010-01-07,7.99,8.19,7.72,7.79,38160344,360735712.0
2010-01-08,7.63,8.2,7.56,8.16,34211908,322869984.0
2010-01-11,8.22,8.49,8.07,8.36,42370704,419720992.0
2010-01-12,8.32,8.5,8.22,8.41,32769640,325960544.0
2010-01-13,8.24,8.56,8.14,8.22,31875960,315619008.0
2010-01-14,8.29,8.5,8.16,8.39,35691908,354941568.0
2010-01-18,8.39,8.61,8.11,8.58,46181860,455712800.0
2010-01-19,8.58,8.58,8.4,8.41,28774616,289365344.0
2010-01-20,8.36,8.36,7.54,7.59,75046432,702371392.0
2010-01-21,7.53,7.61,7.07,7.37,50507112,442526688.0
2010-01-22,7.2,7.31,6.96,7.1,29533350,251914544.0
2010-01-25,7.07,7.43,7.04,7.16,21598664,187815440.0
2010-01-26,7.22,7.4,6.98,7.13,30912800,265003376.0
2010-01-27,7.1,7.37,7.01,7.18,24746918,213172816.0
2010-01-28,7.22,7.33,7.09,7.29,20578900,177671920.0
2010-01-29,7.22,7.5,7.13,7.34,30931944,271752064.0
2010-02-01,7.23,7.27,6.57,6.57,57521164,461286432.0
2010-02-02,6.51,6.76,6.33,6.58,41566864,324549728.0
2010-02-03,6.52,6.59,6.1,6.46,27913394,213384128.0
2010-02-04,6.42,6.7,6.35,6.54,28122264,221895808.0
2010-02-05,6.33,6.63,6.25,6.39,18948950,146306752.0
2010-02-08,6.39,6.48,6.19,6.2,19026780,143489616.0
2010-02-09,6.2,6.4,6.15,6.38,19263476,145681456.0
2010-02-10,6.45,6.51,6.34,6.46,15414109,118797360.0
2010-02-11,6.49,6.53,6.38,6.43,11147802,86634272.0
2010-02-12,6.48,6.73,6.44,6.7,22578992,179051568.0
2010-02-22,6.69,6.76,6.56,6.62,15410628,123036112.0
2010-02-23,6.66,7.08,6.62,6.98,45322856,373191712.0
2010-02-24,6.89,7.42,6.85,7.31,44105356,379393728.0
2010-02-25,7.32,7.57,7.24,7.35,41394584,365393792.0
2010-02-26,7.33,7.5,7.22,7.4,22333420,197372432.0
2010-03-01,7.47,7.63,7.42,7.53,24589068,220883456.0
2010-03-02,7.53,7.82,7.46,7.68,38063712,348371680.0
2010-03-03,7.64,7.65,7.29,7.55,39677096,354720064.0
2010-03-04,7.55,7.69,7.2,7.22,40601336,361766432.0
2010-03-05,7.18,7.37,7.17,7.23,26336710,228568976.0
2010-03-08,7.36,7.61,7.2,7.56,34760716,307268352.0
2010-03-09,7.58,7.86,7.58,7.67,49380400,454658272.0
2010-03-10,7.78,8.01,7.56,7.68,42948904,397766208.0
2010-03-11,7.73,7.83,7.38,7.53,29483400,265957632.0
2010-03-12,7.48,7.59,7.24,7.29,26229572,231456672.0
2010-03-15,7.3,7.5,7.18,7.42,22255246,195062896.0
2010-03-16,7.42,7.44,7.2,7.33,20711084,180814624.0
2010-03-17,7.37,8.09,7.33,8.09,89849104,845939520.0
2010-03-18,8.93,8.93,8.63,8.93,339322880,3573276160.0
2010-03-19,8.75,9.23,8.67,9.09,248412640,2640633600.0
2010-03-22,8.94,9.72,8.89,9.22,194692128,2156428800.0
2010-03-23,9.11,9.51,9.01,9.36,133804520,1467680256.0
2010-03-24,9.4,9.55,9.16,9.26,127347664,1407272960.0
2010-03-25,9.13,9.22,8.86,8.92,110407696,1180802304.0
2010-03-26,8.87,9.24,8.85,9.18,92850688,995454912.0
2010-03-30,9.04,9.98,8.99,9.88,138184080,1539636480.0
2010-03-31,9.89,10.85,9.66,10.28,154266032,1843927808.0
2010-04-01,10.16,10.49,10.08,10.14,100798112,1220359296.0
2010-04-02,10.18,10.82,10.1,10.34,112409872,1389904384.0
2010-04-06,10.36,10.4,9.98,10.32,61735036,743699520.0
2010-04-07,10.33,10.57,10.21,10.44,63824192,784377472.0
2010-04-08,10.58,10.73,10.26,10.34,70241224,868107584.0
2010-04-09,10.33,11.37,10.18,10.97,128957648,1638626432.0
2010-04-12,10.96,11.28,10.92,11.15,87133912,1140022784.0
2010-04-13,11.14,11.14,10.08,10.54,104722008,1311963264.0
2010-04-14,10.35,10.68,10.25,10.48,50769376,626914624.0
2010-04-15,10.36,10.59,10.2,10.29,53640332,656586176.0
2010-04-16,10.16,10.52,10.0,10.31,48149436,587476608.0
2010-04-19,10.16,10.5,9.81,9.88,55765768,674782016.0
2010-04-20,10.05,10.47,9.81,10.42,72483600,877368576.0
2010-04-21,10.49,10.99,10.38,10.85,82985808,1055074752.0
2010-04-22,10.76,11.25,10.56,10.84,91186920,1174380544.0
2010-04-23,10.76,10.98,10.3,10.42,73607360,920001088.0
2010-04-26,10.49,10.59,10.3,10.45,35685808,439298080.0
2010-04-27,10.44,10.44,9.85,10.11,47922992,570008064.0
2010-04-28,9.9,10.3,9.73,9.9,37834996,446607648.0
2010-04-29,10.02,10.16,9.29,9.33,46328444,537190528.0
2010-04-30,9.21,9.29,8.63,9.06,42704620,452802336.0
2010-05-04,8.85,9.51,8.72,9.4,40449136,443461632.0
2010-05-05,9.21,9.8,9.17,9.79,41430512,469544768.0
2010-05-06,9.81,9.88,9.34,9.36,39407128,449238528.0
2010-05-07,9.12,9.54,9.08,9.24,25145220,274890016.0
2010-05-10,9.26,9.45,8.38,8.76,35795532,371924160.0
2010-05-11,9.02,9.03,8.42,8.47,32070608,329602816.0
2010-05-12,8.34,8.76,8.27,8.62,32871724,330522880.0
2010-05-13,8.61,8.85,8.16,8.81,48118912,482034336.0
2010-05-14,8.68,9.11,8.5,8.94,52507176,548678720.0
2010-05-17,8.71,8.85,8.29,8.31,38176132,385262848.0
2010-05-18,8.24,8.73,8.21,8.69,40981496,411827104.0
2010-05-19,8.63,9.09,8.58,8.93,58741572,614381440.0
2010-05-20,8.92,9.1,8.68,8.75,44403376,464720608.0
2010-05-21,8.34,9.55,8.34,9.36,68011056,725676224.0
2010-05-24,9.4,9.89,9.39,9.7,74321304,842400512.0
2010-05-25,9.59,10.03,9.56,9.76,62780512,722156672.0
2010-05-26,9.72,9.87,9.5,9.76,44272392,500816992.0
2010-05-27,9.63,10.22,9.49,10.09,66778792,775398464.0
2010-05-28,10.2,10.2,9.86,9.91,54702032,641379648.0
2010-05-31,9.78,9.94,9.37,9.41,41342944,469648064.0
2010-06-01,9.33,9.41,8.7,9.15,52843760,563858432.0
2010-06-02,9.02,10.08,8.97,10.08,84595008,948770688.0
2010-06-03,9.89,10.38,9.87,9.98,112243288,1334748800.0
2010-06-04,9.94,10.72,9.89,10.41,107708720,1304236416.0
2010-06-07,10.14,10.62,10.07,10.43,84943616,1032259584.0
2010-06-08,10.46,10.59,10.09,10.49,67307984,813718016.0
2010-06-09,10.49,10.81,10.31,10.75,88054408,1087554816.0
2010-06-10,10.5,10.81,10.47,10.5,70989312,882508288.0
2010-06-11,10.51,10.56,10.17,10.21,53518132,648423104.0
2010-06-17,10.24,10.49,10.07,10.09,34471908,414450528.0
2010-06-18,10.09,10.32,9.68,9.87,43281324,508509248.0
2010-06-21,9.84,10.81,9.59,10.63,76155792,919322624.0
2010-06-22,10.62,10.79,10.43,10.57,62842876,780444672.0
2010-06-23,10.47,10.69,10.16,10.49,54822020,669756864.0
2010-06-24,10.56,10.82,10.42,10.72,75869952,944952960.0
2010-06-25,10.61,10.73,10.31,10.37,53180816,652480960.0
2010-06-28,10.24,10.29,9.98,10.06,38422608,455345888.0
2010-06-29,10.12,10.21,9.48,9.6,50351632,579452992.0
2010-06-30,9.44,9.56,9.05,9.48,39986368,437603936.0
2010-07-01,9.41,9.54,9.12,9.15,27738902,304988736.0
2010-07-02,9.16,9.25,8.36,9.02,43850464,454874368.0
2010-07-05,8.81,8.94,8.6,8.76,24927644,257378576.0
2010-07-06,8.75,9.3,8.69,9.13,39056916,416562048.0
2010-07-07,9.17,9.29,9.03,9.18,36384392,391459456.0
2010-07-08,9.22,9.25,8.94,9.06,29194006,311720768.0
2010-07-09,9.06,9.69,8.94,9.51,56215472,619968576.0
2010-07-12,9.5,9.68,9.39,9.55,40611208,454686656.0
2010-07-13,9.44,9.51,9.16,9.36,37889504,416232928.0
2010-07-14,9.45,9.61,9.3,9.37,27830448,308783264.0
2010-07-15,9.38,9.54,9.11,9.13,29936720,327852576.0
2010-07-16,9.02,9.23,8.88,9.11,26117404,277903488.0
2010-07-19,8.96,9.45,8.96,9.36,26212024,285199616.0
2010-07-20,9.39,9.97,9.34,9.79,58154020,662033728.0
2010-07-21,9.76,10.01,9.68,9.85,58991428,680835200.0
2010-07-22,9.79,10.02,9.72,9.99,45571760,529085408.0
2010-07-23,10.01,10.02,9.71,9.85,41792424,481884640.0
2010-07-26,9.86,10.22,9.8,10.02,49960176,589503936.0
2010-07-27,9.97,9.97,9.76,9.82,32266522,372771296.0
2010-07-28,9.83,10.44,9.83,10.22,74638712,895434880.0
2010-07-29,10.22,10.37,10.03,10.36,58117772,694921536.0
2010-07-30,10.32,10.41,10.1,10.3,39453800,473668544.0
2010-08-02,10.27,10.55,10.23,10.34,49790080,605548416.0
2010-08-03,10.41,10.5,10.02,10.05,52935636,638588288.0
2010-08-04,9.98,10.23,9.95,10.22,42662136,504243872.0
2010-08-05,10.22,10.22,9.93,10.06,35796104,422859424.0
2010-08-06,9.98,10.55,9.9,10.46,75010512,905459776.0
2010-08-09,10.47,10.55,10.34,10.49,52457336,641873792.0
2010-08-10,10.53,10.57,9.96,9.97,60332976,724432320.0
2010-08-11,9.91,10.23,9.89,10.1,43722156,516108000.0
2010-08-12,9.94,10.16,9.83,9.89,35407804,414367872.0
2010-08-13,9.89,10.08,9.79,10.03,29315816,342020864.0
2010-08-16,9.98,10.37,9.88,10.29,56381600,674026112.0
2010-08-17,10.31,10.52,10.25,10.32,45385532,551182912.0
2010-08-18,10.29,11.34,10.22,11.03,133150920,1682616960.0
2010-08-19,10.93,11.16,10.83,10.86,80604816,1034773312.0
2010-08-20,10.81,10.93,10.43,10.48,58381848,728546880.0
2010-08-23,10.6,11.02,10.55,10.75,58804100,743265280.0
2010-08-24,10.68,11.45,10.46,11.2,99745432,1292796928.0
2010-08-25,11.13,11.32,10.76,10.79,70332800,905415488.0
2010-08-26,10.85,11.69,10.85,11.4,100530384,1332958208.0
2010-08-27,11.37,11.68,11.19,11.5,68954736,923052096.0
2010-08-30,11.55,11.81,11.38,11.68,81449024,1102156416.0
2010-08-31,11.55,11.89,11.44,11.7,72434616,986427456.0
2010-09-01,11.7,11.77,11.01,11.27,82419904,1094519808.0
2010-09-02,11.33,11.55,11.16,11.34,57363120,761283200.0
2010-09-03,11.38,11.59,11.22,11.43,54337736,726188416.0
2010-09-06,11.49,11.54,11.01,11.05,58065396,757353728.0
2010-09-07,11.02,11.21,10.93,11.16,32439148,420935840.0
2010-09-08,11.11,11.36,11.02,11.3,36417976,477122336.0
2010-09-09,11.46,11.68,11.13,11.26,54586208,728637568.0
2010-09-10,11.21,11.36,10.86,11.09,44586964,577248832.0
2010-09-13,11.12,11.69,11.07,11.56,74346136,996246592.0
2010-09-14,11.56,11.79,11.38,11.65,69833208,947364992.0
2010-09-15,11.65,11.68,11.18,11.25,45811512,610449408.0
2010-09-16,11.29,11.31,10.51,10.69,52462356,664912576.0
2010-09-17,10.75,10.81,10.5,10.55,27543464,342246496.0
2010-09-20,10.59,10.66,10.33,10.48,20161562,248502624.0
2010-09-21,10.57,10.58,10.36,10.46,17554868,214833360.0
2010-09-27,10.52,10.78,10.49,10.74,20466316,255420608.0
2010-09-28,10.76,11.06,10.61,10.73,36805172,465811296.0
2010-09-29,10.74,10.8,10.4,10.44,23685996,292177376.0
2010-09-30,10.4,10.54,10.22,10.51,29807734,362252096.0
2010-10-08,10.65,10.82,10.55,10.71,30192304,379234336.0
2010-10-11,11.01,11.35,10.79,10.97,64870084,837756608.0
2010-10-12,10.98,11.16,10.87,11.03,42569600,548502976.0
2010-10-13,11.16,11.54,10.91,11.42,90663096,1198030464.0
2010-10-22,12.0,12.51,11.47,11.88,72636304,942432448.0
2010-10-25,11.88,12.27,11.78,12.25,55821344,728873152.0
2010-10-26,12.32,13.57,12.17,13.57,126475344,1781264128.0
2010-10-27,13.62,13.62,12.88,12.89,92355440,1304752000.0
2010-10-28,12.75,13.05,12.5,12.59,50609944,691138240.0
2010-10-29,12.67,13.34,12.67,12.81,72900840,1012996992.0
2010-11-01,12.77,13.32,12.57,13.18,72991456,1018124992.0
2010-11-02,13.3,13.38,12.73,12.76,78002672,1091078144.0
2010-11-03,12.7,12.95,12.37,12.39,51725916,699308608.0
2010-11-04,12.39,12.72,12.32,12.61,39770728,535681024.0
2010-11-05,12.73,13.21,12.53,12.94,62957928,871916736.0
2010-11-08,13.27,13.42,12.89,13.09,55281580,775117760.0
2010-11-09,13.09,13.85,12.89,13.61,106117960,1519323136.0
2010-11-10,13.43,13.54,13.11,13.23,59677600,847007424.0
2010-11-11,13.23,13.48,12.86,12.87,70736208,999862976.0
2010-11-12,12.72,12.97,11.61,11.84,78542368,1039633856.0
2010-11-15,11.81,12.3,11.81,12.16,40238028,522532704.0
2010-11-16,12.22,12.41,11.28,11.46,51642732,660176128.0
2010-11-17,11.31,11.6,10.87,10.96,31168212,379280160.0
2010-11-18,11.1,11.22,10.89,11.16,25525008,306593504.0
2010-11-19,11.19,12.27,11.19,11.91,65127828,828099328.0
2010-11-23,12.07,12.35,11.67,12.07,75631032,986638336.0
2010-11-24,11.87,12.72,11.77,12.47,65221332,863659392.0
2010-11-25,12.53,12.55,12.14,12.27,49286572,652292096.0
2010-11-26,12.32,12.45,11.93,12.09,32096508,420848096.0
2010-11-29,12.02,12.22,11.84,12.04,29392348,380643456.0
2010-11-30,12.07,12.15,11.07,11.32,45454872,562990720.0
2010-12-01,11.32,11.53,11.22,11.38,19610090,241415808.0
2010-12-02,11.53,11.84,11.43,11.49,27219366,341529216.0
2010-12-03,11.47,11.47,11.17,11.28,18053434,220479152.0
2010-12-06,11.27,11.34,10.92,11.04,19385094,232917568.0
2010-12-07,10.97,11.25,10.79,11.23,17376396,208408944.0
2010-12-08,11.19,11.49,11.12,11.16,18956044,231472384.0
2010-12-09,11.07,11.32,10.83,11.08,24604554,294624096.0
2010-12-10,11.06,11.39,10.89,11.27,20372992,246437408.0
2010-12-13,11.35,11.57,11.26,11.54,29207364,361866368.0
2010-12-14,11.69,11.98,11.55,11.61,34899636,441647264.0
2010-12-16,11.45,11.59,11.33,11.37,20567832,254624496.0
2010-12-17,11.38,11.45,11.27,11.35,14575480,178679968.0
2010-12-20,11.39,11.44,10.77,11.01,26132356,313600000.0
2010-12-21,11.07,11.21,10.98,11.18,16144835,194396464.0
2010-12-22,11.21,11.23,10.97,11.0,16966890,203295504.0
2010-12-23,10.97,11.01,10.68,10.7,18458754,217184336.0
2010-12-24,10.67,10.67,10.41,10.51,15452394,177309984.0
2010-12-27,10.52,10.71,10.04,10.05,16925560,192242656.0
2010-12-28,10.03,10.03,9.55,9.57,17180476,183800784.0
2010-12-29,9.57,9.83,9.57,9.74,16492784,175338512.0
2010-12-30,9.76,9.95,9.65,9.81,16098169,173428624.0
2010-12-31,9.92,10.16,9.88,10.15,16749653,182951584.0
2011-01-04,10.18,10.27,10.03,10.19,17095168,189201776.0
2011-01-05,10.16,10.17,10.01,10.07,15080585,165970192.0
2011-01-06,10.08,10.16,9.95,9.97,12828906,140828784.0
2011-01-07,9.96,10.22,9.85,10.07,17254836,189716496.0
2011-01-10,10.16,10.16,9.67,9.69,13371838,144422896.0
2011-01-11,9.62,9.67,9.26,9.43,15454337,159871760.0
2011-01-12,9.49,9.52,9.27,9.48,10248758,105870656.0
2011-01-13,9.69,9.91,9.69,9.8,22331412,240356288.0
2011-01-14,9.8,9.8,9.37,9.42,11689337,122276088.0
2011-01-17,9.35,9.4,8.99,9.0,12847025,129292272.0
2011-01-18,8.99,9.12,8.88,9.1,7288015,72701144.0
2011-01-19,9.12,9.29,9.04,9.28,9826083,99408488.0
2011-01-20,9.28,9.28,8.78,8.79,12857931,127656240.0
2011-01-21,8.8,9.02,8.75,8.87,8904730,87295680.0
2011-01-24,8.87,8.95,8.58,8.59,9054317,87413424.0
2011-01-25,8.53,8.57,8.3,8.36,8332226,77823320.0
2011-01-26,8.4,8.7,8.38,8.68,10976711,104806864.0
2011-01-27,8.62,9.0,8.52,8.99,15845039,154952336.0
2011-01-28,9.06,9.25,8.98,9.12,19472716,195953120.0
2011-01-31,9.12,9.14,8.99,9.13,11870903,118836016.0
2011-02-01,9.12,9.22,9.08,9.16,9301073,93821912.0
2011-02-09,9.07,9.29,9.01,9.13,9849387,99546048.0
2011-02-10,9.27,9.52,9.27,9.51,20023308,207790592.0
2011-02-11,9.55,9.93,9.54,9.62,21693044,230987824.0
2011-02-14,9.66,9.81,9.55,9.73,20862050,221123056.0
2011-02-15,9.77,10.16,9.75,9.88,30776082,334797152.0
2011-02-16,9.83,10.05,9.77,10.05,20222976,220084256.0
2011-02-17,10.05,10.16,9.93,10.04,20907992,229278608.0
2011-02-18,10.0,10.0,9.68,9.74,19700210,211410816.0
2011-02-21,9.63,10.05,9.62,10.02,17751430,191579216.0
2011-02-22,10.03,10.08,9.57,9.6,19702694,210959936.0
2011-02-23,9.53,10.14,9.49,9.97,26882726,289741760.0
2011-02-24,9.89,10.0,9.77,9.92,14577210,157738208.0
2011-02-25,9.89,10.67,9.84,10.48,58377280,656737792.0
2011-02-28,10.48,10.59,10.28,10.57,33734480,384780288.0
2011-03-01,10.59,10.87,10.47,10.65,34691152,402369376.0
2011-03-02,10.53,10.63,10.27,10.49,21401148,243163056.0
2011-03-03,10.44,10.53,10.15,10.18,19938028,224186816.0
2011-03-04,10.2,10.42,10.18,10.39,13462480,151639472.0
2011-03-07,10.47,10.62,10.41,10.51,19792608,226451456.0
2011-03-08,10.51,10.7,10.48,10.64,17986964,207228464.0
2011-03-09,10.59,10.66,10.46,10.52,15108105,173084784.0
2011-03-10,10.56,10.66,10.38,10.39,16006599,183475040.0
2011-03-11,10.31,10.5,10.28,10.3,15690603,177446192.0
2011-03-14,11.42,11.42,10.69,10.81,67434416,804310144.0
2011-03-15,10.76,10.76,10.29,10.48,36337656,413665152.0
2011-03-16,10.56,10.85,10.56,10.68,29196186,339897408.0
2011-03-17,10.56,10.56,10.33,10.38,19759400,224387824.0
2011-03-18,10.47,10.55,10.13,10.28,27009424,302443776.0
2011-03-21,10.18,10.25,9.97,10.05,20017208,220389776.0
2011-03-22,10.06,10.11,9.75,9.9,16894340,182374720.0
2011-03-23,9.9,10.06,9.89,10.04,12716088,138842128.0
2011-03-24,10.02,10.19,10.01,10.04,12736102,140168672.0
2011-03-25,10.02,10.11,9.98,10.05,13925954,152764464.0
2011-03-28,10.08,10.15,9.84,9.85,20394072,221778656.0
2011-03-29,9.79,9.85,9.48,9.48,24084684,253991056.0
2011-03-30,9.47,9.47,9.2,9.31,14981183,153530192.0
2011-03-31,9.35,9.5,9.28,9.34,11219418,115901632.0
2011-04-01,9.34,9.44,9.24,9.43,9719471,99708888.0
2011-04-06,9.43,9.45,9.23,9.31,10180009,104187600.0
2011-04-07,9.33,9.43,9.25,9.43,10038604,103192688.0
2011-04-11,9.55,9.58,9.3,9.31,12532016,129899248.0
2011-04-12,9.38,9.6,9.38,9.47,14279865,149036912.0
2011-04-13,9.47,9.57,9.33,9.56,10984815,114366824.0
2011-04-14,9.57,9.59,9.45,9.5,9729716,101439000.0
2011-04-15,9.5,9.57,9.29,9.39,12805456,132247952.0
2011-04-18,9.3,9.34,9.22,9.29,13143730,133994960.0
2011-04-19,9.27,9.27,9.04,9.1,15398609,154680704.0
2011-04-20,9.13,9.22,9.11,9.21,9357288,94558680.0
2011-04-21,9.24,9.31,9.18,9.25,10236554,104173200.0
2011-04-22,9.27,9.27,9.11,9.13,11072085,111660352.0
2011-04-25,9.13,9.13,8.79,8.81,15497632,152219152.0
2011-04-26,8.78,8.81,8.64,8.69,8394412,80810160.0
2011-04-27,8.73,8.84,8.47,8.56,10366480,99274264.0
2011-04-28,8.59,8.7,8.28,8.32,11830340,111448976.0
2011-04-29,8.33,8.47,8.28,8.46,6368625,59320112.0
2011-05-03,8.47,8.69,8.38,8.66,8604179,81697104.0
2011-05-04,8.6,8.61,8.37,8.4,7134724,67185592.0
2011-05-05,8.32,8.51,8.32,8.46,5948044,55733604.0
2011-05-06,8.4,8.63,8.33,8.58,7764385,73435624.0
2011-05-09,8.6,8.72,8.58,8.63,7163237,68631248.0
2011-05-10,8.67,8.7,8.57,8.67,5635481,53866176.0
2011-05-11,8.62,8.92,8.58,8.82,13541051,131870392.0
2011-05-12,8.72,8.8,8.56,8.57,8531553,82164464.0
2011-05-13,8.54,9.03,8.54,8.94,15884447,154516160.0
2011-05-16,8.89,9.15,8.87,9.0,20502532,204614144.0
2011-05-17,9.02,9.13,8.85,9.03,12663897,125533848.0
2011-05-18,9.0,9.18,9.0,9.1,11053315,110830592.0
2011-05-19,9.15,9.17,8.87,8.88,10319594,102149960.0
2011-05-20,8.86,8.89,8.63,8.68,9312112,89834280.0
2011-05-23,8.59,8.67,8.27,8.3,10458886,97747088.0
2011-05-24,8.29,8.32,7.98,8.2,8229574,74758672.0
2011-05-25,8.2,8.23,8.03,8.05,5914635,53394872.0
2011-05-26,8.12,8.23,7.98,8.0,4458718,39880460.0
2011-05-27,8.26,8.58,8.0,8.02,9480626,86247400.0
2011-05-30,7.78,7.83,7.46,7.55,7696598,65460396.0
2011-05-31,7.48,7.73,7.47,7.71,5741535,48631816.0
2011-06-01,7.68,7.84,7.64,7.8,5439606,46951584.0
2011-06-02,7.66,7.79,7.48,7.58,6106294,51754040.0
2011-06-03,7.57,7.71,7.54,7.68,4446364,37900724.0
2011-06-07,7.68,7.74,7.63,7.73,5535302,47372188.0
2011-06-08,7.78,7.79,7.57,7.74,6226556,53259748.0
2011-06-09,7.74,7.74,7.46,7.47,6409267,54278860.0
2011-06-10,7.47,7.52,7.25,7.44,7572640,62357260.0
2011-06-13,7.43,7.58,7.31,7.41,4548507,37616960.0
2011-06-14,7.42,7.58,7.39,7.51,6218817,52107484.0
2011-06-16,7.31,7.35,7.11,7.12,8365276,67674912.0
2011-06-17,7.11,7.2,6.93,6.94,6175256,48824728.0
2011-06-20,6.95,6.98,6.7,6.86,5729653,44022056.0
2011-06-21,6.88,6.93,6.8,6.92,4454305,34508828.0
2011-06-22,6.94,7.39,6.85,7.15,13858925,111464024.0
2011-06-23,7.1,7.34,7.03,7.33,13605431,109921512.0
2011-06-24,7.26,7.46,7.24,7.41,16212582,133797704.0
2011-06-27,7.41,7.47,7.33,7.43,10945278,90666584.0
2011-06-28,7.43,7.43,7.28,7.35,8737999,71831456.0
2011-06-29,7.33,7.42,7.16,7.17,8762993,71556880.0
2011-06-30,7.17,7.47,7.17,7.39,11764082,96639088.0
2011-07-01,7.4,7.47,7.32,7.36,7610907,62849764.0
2011-07-04,7.41,7.65,7.38,7.61,15168729,127389360.0
2011-07-05,7.66,7.71,7.58,7.67,13143305,111896104.0
2011-07-06,7.65,7.88,7.54,7.85,17890596,153924672.0
2011-07-07,7.8,8.03,7.71,7.75,18777018,163977424.0
2011-07-08,7.72,7.85,7.69,7.78,8326786,71864048.0
2011-07-11,7.73,7.76,7.64,7.71,6967781,59701376.0
2011-07-12,7.63,7.73,7.5,7.52,11124958,94016208.0
2011-07-13,7.5,7.69,7.5,7.67,8306205,70717936.0
2011-07-14,7.68,7.81,7.64,7.74,8557921,73539736.0
2011-07-15,7.72,7.81,7.69,7.78,7767332,67017332.0
2011-07-18,7.8,7.96,7.8,7.93,14174919,124325216.0
2011-07-19,7.89,8.02,7.83,7.93,13822616,121739392.0
2011-07-20,7.98,8.01,7.65,7.74,15392885,133124576.0
2011-07-21,7.75,7.77,7.5,7.53,8678835,73591056.0
2011-07-22,7.58,7.65,7.54,7.61,5401935,45814428.0
2011-07-25,7.59,7.67,7.17,7.21,11288637,93221576.0
2011-07-26,7.21,7.33,7.15,7.31,5203769,42217824.0
2011-07-27,7.28,7.45,7.23,7.43,6492280,53464576.0
2011-07-28,7.34,7.83,7.24,7.7,16111790,135935600.0
2011-07-29,7.65,7.74,7.52,7.53,17064222,145757664.0
2011-08-01,7.51,7.62,7.45,7.48,5202734,43723884.0
2011-08-02,7.44,7.48,7.22,7.31,6617771,53987976.0
2011-08-03,7.23,7.46,7.13,7.37,10536728,86487632.0
2011-08-04,7.34,7.44,7.29,7.32,4802395,39459056.0
2011-08-05,7.07,7.44,6.97,7.36,13437991,108607312.0
2011-08-08,7.19,7.51,6.9,7.47,30719220,250195488.0
2011-08-09,7.26,7.44,7.01,7.32,26713440,218097184.0
2011-08-10,7.33,8.14,7.22,7.87,55371072,477479488.0
2011-08-11,7.76,8.09,7.7,8.05,47523832,417546432.0
2011-08-12,8.04,8.13,7.91,7.99,29954750,266158512.0
2011-08-15,8.0,8.07,7.9,8.06,21983842,194866080.0
2011-08-16,8.1,8.13,7.78,7.82,23493222,206321568.0
2011-08-17,7.83,7.98,7.74,7.87,16279427,142234384.0
2011-08-18,7.82,7.88,7.63,7.66,13404820,115450984.0
2011-08-19,7.46,7.55,7.23,7.34,17332468,142944192.0
2011-08-22,7.35,7.41,7.18,7.21,10625432,86624320.0
2011-08-23,7.33,7.49,7.29,7.39,12445884,102672888.0
2011-08-24,7.43,7.51,7.34,7.37,12184345,101065200.0
2011-08-26,7.52,7.72,7.46,7.52,18230260,153787808.0
2011-08-29,7.46,7.47,7.32,7.36,9759058,80723952.0
2011-08-30,7.5,7.66,7.39,7.42,15101873,127193000.0
2011-08-31,7.43,7.46,7.24,7.34,8411145,69094120.0
2011-09-01,7.4,7.44,7.25,7.27,6201861,50929040.0
2011-09-02,7.31,7.31,7.17,7.18,6459342,52205412.0
2011-09-05,7.12,7.12,6.88,6.9,7448605,58330796.0
2011-09-06,6.8,6.9,6.73,6.8,5100529,39188232.0
2011-09-07,6.83,7.01,6.82,7.0,5659763,44133464.0
2011-09-08,7.04,7.07,6.78,6.8,5539700,43360944.0
2011-09-09,6.83,6.93,6.73,6.81,4111859,31582680.0
2011-09-13,6.71,6.9,6.64,6.8,4703631,36088292.0
2011-09-14,6.82,6.88,6.69,6.88,3867858,29644838.0
2011-09-15,6.88,6.97,6.83,6.84,5137963,39949348.0
2011-09-16,6.87,6.95,6.78,6.79,3717067,28738338.0
2011-09-19,6.74,6.75,6.51,6.53,5521157,41300012.0
2011-09-20,6.53,6.6,6.49,6.57,3250748,24081220.0
2011-09-21,6.57,6.84,6.52,6.81,8639848,65609848.0
2011-09-22,6.76,6.92,6.63,6.64,9731288,74531888.0
2011-09-23,6.54,6.71,6.44,6.61,7131364,52971000.0
2011-09-26,6.54,6.66,6.4,6.41,4542040,33546966.0
2011-09-27,6.46,6.54,6.34,6.4,4475726,32664200.0
2011-09-28,6.45,6.54,6.25,6.29,6050568,43847684.0
2011-09-29,6.23,6.27,5.89,5.92,7785157,54014784.0
2011-09-30,5.91,5.97,5.73,5.79,5820604,38934168.0
2011-10-10,5.81,5.9,5.79,5.87,3212371,21568266.0
2011-10-11,6.06,6.1,5.78,5.83,3905223,26556960.0
2011-10-12,5.75,6.08,5.75,6.04,6188842,42349672.0
2011-10-13,6.05,6.21,5.99,6.2,9091436,63637080.0
2011-10-14,6.14,6.21,6.04,6.12,4698646,32779892.0
2011-10-17,6.11,6.2,6.06,6.18,5372178,37589540.0
2011-10-18,6.11,6.17,5.82,5.85,5035182,34632312.0
2011-10-19,5.87,6.13,5.84,6.11,8253237,56792268.0
2011-10-20,6.21,6.39,5.95,6.01,18292688,128806648.0
2011-10-21,5.82,5.86,5.55,5.6,8643110,56878500.0
2011-10-24,5.63,5.7,5.38,5.67,6093909,39142336.0
2011-10-25,5.67,6.01,5.56,5.89,13235099,88855008.0
2011-10-26,5.83,6.06,5.83,5.91,11726987,79778224.0
2011-10-27,5.91,5.98,5.82,5.84,7216022,48908444.0
2011-10-28,5.95,6.06,5.9,6.02,12199908,83729096.0
2011-10-31,5.95,6.06,5.91,6.01,9738083,66615704.0
2011-11-01,5.94,6.03,5.91,6.0,8849738,60634940.0
2011-11-02,5.91,6.39,5.84,6.37,30004834,211426096.0
2011-11-03,6.41,6.63,6.36,6.37,35217736,258765328.0
2011-11-04,6.41,6.46,6.3,6.39,13927983,100996168.0
2011-11-07,6.39,6.49,6.3,6.31,9522721,69006088.0
2011-11-08,6.29,6.31,6.14,6.18,9970487,70670672.0
2011-11-09,6.18,6.59,6.11,6.55,18259840,131919976.0
2011-11-10,6.43,6.55,6.33,6.35,16005975,116983400.0
2011-11-11,6.39,6.43,6.27,6.38,7794613,56274048.0
2011-11-14,6.55,6.58,6.45,6.48,12841512,94665112.0
2011-11-16,6.6,6.75,6.35,6.42,19800364,147142912.0
2011-11-17,6.49,6.56,6.23,6.32,10033633,72805456.0
2011-11-18,6.23,6.31,6.12,6.13,9040163,63806188.0
2011-11-21,6.12,6.18,5.97,6.11,4431729,30767510.0
2011-11-22,6.01,6.1,5.89,6.0,5166069,35479512.0
2011-11-23,6.04,6.11,5.91,5.99,4852606,33411314.0
2011-11-24,5.93,6.04,5.82,6.02,5010675,34151092.0
2011-11-25,5.98,6.04,5.78,5.8,5855170,39476600.0
2011-11-28,5.81,5.89,5.72,5.79,3686916,24593082.0
2011-11-29,5.89,5.95,5.81,5.93,4765506,32180270.0
2011-11-30,5.89,5.93,5.44,5.48,7591816,49555764.0
2011-12-01,5.72,5.75,5.57,5.58,6221440,40605932.0
2011-12-02,5.53,5.57,5.43,5.44,3743064,23736922.0
2011-12-05,5.44,5.46,5.23,5.27,3835532,23747744.0
2011-12-06,5.27,5.34,5.23,5.31,3007630,18544446.0
2011-12-07,5.31,5.4,5.28,5.38,2855062,17750180.0
2011-12-08,5.33,5.48,5.21,5.37,4634913,28843412.0
2011-12-09,5.3,5.4,5.29,5.31,2247646,13937748.0
2011-12-12,5.32,5.36,5.22,5.22,2084929,12789417.0
2011-12-13,5.19,5.21,4.91,4.94,4629828,27222818.0
2011-12-14,4.93,4.99,4.66,4.69,3710642,21141882.0
2011-12-15,4.61,4.66,4.39,4.42,6090904,32791032.0
2011-12-16,4.43,4.63,4.42,4.61,5010058,26950770.0
2011-12-19,4.55,4.72,4.47,4.68,6119017,33497880.0
2011-12-20,4.63,4.76,4.58,4.6,4438983,24660920.0
2011-12-21,4.68,4.72,4.46,4.47,3939080,21676014.0
2011-12-22,4.41,4.52,4.19,4.4,5219458,27104732.0
2011-12-23,4.39,4.54,4.3,4.46,4660901,24766374.0
2011-12-26,4.49,4.58,4.43,4.47,4970849,26809964.0
2011-12-27,4.43,4.45,4.23,4.24,3935189,20456966.0
2011-12-28,4.22,4.32,4.12,4.25,4335503,22046276.0
2011-12-29,4.25,4.37,4.16,4.34,6622705,34154952.0
2011-12-30,4.33,4.42,4.31,4.4,5897695,30908240.0
2012-01-04,4.43,4.46,4.33,4.4,5518508,29049902.0
2012-01-05,4.35,4.62,4.19,4.21,8371525,43988072.0
2012-01-06,4.14,4.27,4.03,4.24,4947798,24766942.0
2012-01-09,4.23,4.49,4.15,4.48,9036626,47426120.0
2012-01-10,4.46,4.68,4.41,4.68,11331189,61856400.0
2012-01-11,4.68,4.8,4.57,4.64,12855292,71380096.0
2012-01-12,4.63,4.71,4.58,4.61,6466479,35654912.0
2012-01-13,4.61,4.65,4.31,4.36,8181877,43444312.0
2012-01-17,4.18,4.61,4.18,4.6,9178109,48680236.0
2012-01-18,4.62,4.67,4.49,4.51,7714109,42100340.0
2012-01-19,4.45,4.58,4.39,4.5,5292919,28359284.0
2012-01-20,4.47,4.61,4.44,4.59,8335652,45027596.0
2012-01-30,4.63,4.66,4.51,4.52,5401219,29433666.0
2012-01-31,4.54,4.55,4.45,4.53,2985005,15990724.0
2012-02-01,4.52,4.58,4.41,4.48,4324109,23238692.0
2012-02-02,4.49,4.62,4.46,4.6,7359996,40005956.0
2012-02-03,4.61,5.14,4.58,4.95,32226024,186275824.0
2012-02-06,4.91,5.09,4.89,4.99,20935628,122778856.0
2012-02-07,4.95,4.96,4.77,4.78,8953043,51066244.0
2012-02-08,4.79,5.0,4.76,4.99,11278279,65512548.0
2012-02-09,4.99,5.23,4.95,5.22,20895072,126171000.0
2012-02-10,5.23,5.3,5.12,5.17,15438397,93605912.0
2012-02-13,5.11,5.56,5.08,5.42,24393040,152213856.0
2012-02-14,5.41,5.52,5.29,5.37,12200730,76046376.0
2012-02-15,5.4,5.58,5.35,5.5,15717340,99618720.0
2012-02-16,5.5,5.54,5.35,5.39,13166929,83045000.0
2012-02-17,5.39,5.43,5.19,5.26,16980632,104105496.0
2012-02-20,5.34,5.37,5.21,5.23,13897053,85631280.0
2012-02-21,5.2,5.31,5.11,5.28,14009903,85340240.0
2012-02-22,5.28,5.48,5.23,5.47,20360170,126903936.0
2012-02-23,5.46,5.47,5.32,5.39,14940348,93431168.0
2012-02-24,5.38,5.48,5.35,5.47,15429752,97155648.0
2012-02-27,5.5,5.59,5.44,5.45,18333340,117203720.0
2012-02-28,5.4,5.59,5.34,5.5,18025482,114481624.0
2012-02-29,5.48,5.55,5.27,5.28,16496823,102672504.0
2012-03-01,5.28,5.88,5.24,5.62,51759844,336623264.0
2012-03-02,5.6,5.65,5.51,5.64,30498588,197157440.0
2012-03-05,5.64,5.78,5.58,5.67,24179052,158463152.0
2012-03-06,5.63,5.88,5.59,5.81,33570328,222924624.0
2012-03-07,5.73,5.79,5.63,5.64,21194698,139131296.0
2012-03-08,5.67,5.8,5.59,5.76,15648648,102828280.0
2012-03-09,5.81,5.87,5.75,5.83,16947602,113123600.0
2012-03-12,5.79,5.89,5.69,5.77,14239651,94439968.0
2012-03-13,5.76,5.79,5.69,5.78,11281499,74548840.0
2012-03-14,5.79,5.82,5.26,5.32,23747288,152800032.0
2012-03-15,5.32,5.39,5.08,5.12,16889736,102090424.0
2012-03-16,5.18,5.27,5.06,5.26,11640981,70424320.0
2012-03-19,5.23,5.45,5.19,5.43,13679238,85250784.0
2012-03-20,5.42,5.42,5.21,5.23,9796982,60074200.0
2012-03-21,5.27,5.3,5.11,5.27,8886395,54184520.0
2012-03-22,5.23,5.28,5.11,5.19,6787490,41062700.0
2012-03-23,5.19,5.19,5.05,5.06,6025577,36027824.0
2012-03-26,5.06,5.11,5.02,5.1,3742831,22194172.0
2012-03-27,5.11,5.21,5.08,5.11,4247253,25571304.0
2012-03-28,5.09,5.09,4.68,4.7,8996657,51294860.0
2012-03-29,4.63,4.69,4.41,4.47,7782598,42193180.0
2012-03-30,4.45,4.53,4.29,4.37,7052058,37229636.0
2012-04-05,4.38,4.58,4.38,4.56,4938766,26532264.0
2012-04-06,4.56,4.72,4.51,4.67,6594747,36234624.0
2012-04-09,4.62,4.68,4.55,4.56,4220706,23065772.0
2012-04-10,4.53,4.65,4.42,4.65,5019617,27033642.0
2012-04-11,4.54,4.67,4.54,4.63,5404971,29646504.0
2012-04-12,4.6,4.8,4.6,4.78,9523476,53387380.0
2012-04-13,4.8,4.87,4.74,4.8,7764344,44036228.0
2012-04-16,4.77,4.9,4.72,4.86,7339775,41760332.0
2012-04-17,4.85,5.05,4.74,4.8,11546377,66491060.0
2012-04-18,4.79,4.99,4.79,4.96,10893779,63202124.0
2012-04-19,4.97,5.03,4.91,4.99,9542646,55674112.0
2012-04-20,4.93,5.13,4.91,5.12,15875575,93740368.0
2012-04-23,5.08,5.12,4.9,4.95,10636192,62462500.0
2012-04-24,4.88,5.01,4.63,4.88,11612267,65786680.0
2012-04-25,4.83,4.98,4.72,4.96,11086378,63641384.0
2012-04-26,4.9,4.94,4.73,4.8,11532030,65550112.0
2012-04-27,4.81,4.83,4.76,4.77,4874547,27609562.0
2012-05-02,4.84,4.89,4.78,4.83,7389760,42076152.0
2012-05-03,4.84,4.9,4.78,4.81,7801568,44501956.0
2012-05-04,4.95,5.01,4.86,4.87,13250430,76665312.0
2012-05-07,4.83,4.86,4.73,4.85,9278732,52485320.0
2012-05-08,4.83,4.83,4.75,4.79,6557925,37128172.0
2012-05-09,4.76,4.78,4.69,4.7,7980378,44668508.0
2012-05-10,4.68,4.81,4.68,4.73,5113666,28738088.0
2012-05-11,4.7,4.78,4.68,4.68,4055889,22683384.0
2012-05-14,4.73,4.76,4.58,4.59,8799396,48543664.0
2012-05-16,4.57,4.57,4.48,4.5,4869043,26268044.0
2012-05-17,4.5,4.59,4.46,4.58,4982960,26926172.0
2012-05-18,4.53,4.55,4.44,4.46,5003500,26809784.0
2012-05-21,4.49,4.49,4.38,4.43,3428660,18199252.0
2012-05-22,4.44,4.52,4.44,4.52,3137368,16832108.0
2012-05-23,4.51,4.52,4.41,4.45,3493101,18627396.0
2012-05-24,4.45,4.5,4.39,4.44,5608363,29822358.0
2012-05-25,4.41,4.46,4.29,4.31,7185334,37431796.0
2012-05-28,4.32,4.35,4.19,4.34,5545546,28473056.0
2012-05-29,4.36,4.44,4.34,4.43,7627732,40200304.0
2012-05-30,4.43,4.5,4.38,4.49,7090945,37752192.0
2012-05-31,4.46,4.62,4.41,4.55,10802190,58436984.0
2012-06-01,4.55,4.56,4.45,4.46,6721576,36037360.0
2012-06-04,4.34,4.38,4.2,4.21,7561853,39075128.0
2012-06-05,4.24,4.28,4.19,4.21,4295165,21881588.0
2012-06-06,4.22,4.26,4.19,4.24,3205682,16320366.0
2012-06-07,4.28,4.33,4.19,4.21,2748588,14070227.0
2012-06-08,4.27,4.29,4.12,4.15,2877372,14616705.0
2012-06-11,4.15,4.24,4.15,4.24,2815720,14282450.0
2012-06-12,4.22,4.23,4.17,4.19,2125278,10771077.0
2012-06-13,4.22,4.27,4.19,4.25,2995554,15292611.0
2012-06-14,4.25,4.28,4.21,4.22,2995464,15307971.0
2012-06-15,4.25,4.26,4.16,4.25,3157582,16062317.0
2012-06-18,4.28,4.45,4.25,4.41,11288853,59176488.0
2012-06-19,4.38,4.43,4.35,4.41,5206690,27364072.0
2012-06-20,4.45,4.45,4.29,4.3,9629788,50201048.0
2012-06-21,4.3,4.31,4.15,4.18,5922920,30028296.0
2012-06-25,4.16,4.23,4.07,4.08,3848461,19316316.0
2012-06-26,4.05,4.12,4.05,4.1,2473482,12259213.0
2012-06-27,4.11,4.14,4.07,4.08,2132783,10626004.0
2012-06-28,4.11,4.11,3.92,3.93,4523598,22022002.0
2012-06-29,3.91,3.96,3.73,3.93,6260248,29417766.0
2012-07-02,3.93,3.99,3.91,3.94,3182733,15342882.0
2012-07-03,3.94,4.0,3.88,3.9,3689651,17703288.0
2012-07-04,3.91,3.93,3.86,3.88,2371233,11300960.0
2012-07-05,3.88,3.88,3.68,3.69,4035950,18659964.0
2012-07-06,3.74,3.78,3.56,3.73,5047635,22936164.0
2012-07-09,3.73,3.76,3.55,3.58,3244603,14766548.0
2012-07-10,3.59,3.62,3.55,3.6,2251559,10025399.0
2012-07-11,3.61,3.66,3.59,3.64,2339719,10530609.0
2012-07-12,3.61,3.72,3.61,3.7,3425560,15579118.0
2012-07-13,3.69,3.74,3.63,3.65,2279407,10365741.0
2012-07-16,3.64,3.65,3.36,3.37,5064323,22073118.0
2012-07-17,3.36,3.46,3.36,3.46,3125878,13386454.0
2012-07-18,3.45,3.5,3.39,3.49,3248562,14019244.0
2012-07-19,3.48,3.62,3.46,3.54,4476292,19821108.0
2012-07-20,3.52,3.63,3.51,3.57,4428860,19668926.0
2012-07-23,3.55,3.55,3.47,3.48,2660785,11606787.0
2012-07-24,3.47,3.68,3.46,3.62,4698322,20908080.0
2012-07-25,3.6,3.7,3.52,3.54,3726704,16622416.0
2012-07-26,3.56,3.58,3.47,3.48,2681251,11806836.0
2012-07-27,3.51,3.53,3.33,3.43,2449018,10568756.0
2012-07-30,3.42,3.45,3.25,3.28,4392348,18426350.0
2012-07-31,3.26,3.3,3.18,3.22,2784389,11385566.0
2012-08-01,3.23,3.31,3.23,3.27,1893471,7842911.0
2012-08-02,3.29,3.34,3.22,3.27,2514337,10395981.0
2012-08-03,3.27,3.36,3.24,3.35,4053187,16916296.0
2012-08-06,3.34,3.43,3.27,3.43,4638900,19684726.0
2012-08-07,3.43,3.51,3.4,3.47,5179251,22411720.0
2012-08-08,3.48,3.5,3.42,3.48,5313399,23042588.0
2012-08-09,3.48,3.65,3.47,3.6,11400322,50617404.0
2012-08-10,3.6,3.64,3.56,3.58,6216554,27837288.0
2012-08-13,3.6,3.6,3.43,3.45,4977751,21790984.0
2012-08-14,3.88,3.88,3.8,3.88,48277076,229159856.0
2012-08-15,3.88,3.88,3.67,3.68,39293376,182154016.0
2012-08-16,3.59,3.63,3.48,3.51,14894510,65778184.0
2012-08-17,3.53,3.59,3.43,3.55,8616731,37873768.0
2012-08-20,3.5,3.55,3.45,3.52,5930997,25868708.0
2012-08-21,3.48,3.7,3.46,3.64,15469731,69477936.0
2012-08-22,3.61,3.69,3.54,3.57,7621029,34135720.0
2012-08-23,3.53,4.01,3.53,3.89,36569920,171364080.0
2012-08-24,3.8,3.86,3.68,3.68,17511720,81156280.0
2012-08-27,3.7,3.7,3.54,3.65,9883724,44288624.0
2012-08-28,3.65,3.88,3.59,3.82,20033852,93680312.0
2012-08-29,3.81,4.03,3.78,3.86,23183174,110913784.0
2012-08-30,3.84,3.88,3.68,3.79,13883197,64617900.0
2012-08-31,3.78,3.97,3.75,3.93,15836559,75573016.0
2012-09-03,3.92,4.0,3.87,3.92,13691620,65709720.0
2012-09-04,3.91,4.16,3.9,3.95,25775560,126313544.0
2012-09-05,3.94,4.04,3.86,3.97,13552351,65368196.0
2012-09-06,3.96,4.0,3.89,3.95,12989240,62321308.0
2012-09-07,3.98,4.14,3.94,4.08,23621606,116448624.0
2012-09-10,4.08,4.17,4.02,4.16,15394097,76719104.0
2012-09-11,4.11,4.35,4.09,4.19,24105116,122697864.0
2012-09-12,4.16,4.25,4.07,4.17,14287404,71723488.0
2012-09-13,4.18,4.18,3.98,3.99,11507370,56876288.0
2012-09-14,4.03,4.06,3.92,3.99,8808996,42809436.0
2012-09-17,3.95,3.98,3.83,3.85,9622796,45821944.0
2012-09-18,3.81,3.89,3.8,3.84,5650825,26662360.0
2012-09-19,3.88,4.01,3.84,3.96,8120743,39041748.0
2012-09-20,3.93,3.96,3.76,3.79,7740912,36430064.0
2012-09-21,3.76,3.85,3.71,3.72,6124033,28499286.0
2012-09-24,3.68,3.78,3.64,3.75,4672513,21466770.0
2012-09-25,3.71,3.77,3.65,3.67,3505696,16026524.0
2012-09-26,3.67,3.7,3.48,3.51,5101305,22597376.0
2012-09-27,3.49,3.72,3.49,3.66,6106477,27349556.0
2012-09-28,3.66,3.72,3.61,3.71,4308062,19582204.0
2012-10-08,3.71,3.77,3.64,3.67,2532988,11556698.0
2012-10-09,3.68,3.8,3.68,3.79,4924740,22831282.0
2012-10-10,3.75,3.87,3.74,3.86,5507043,25871512.0
2012-10-11,3.86,3.86,3.72,3.72,5532177,25746124.0
2012-10-12,3.74,3.81,3.66,3.68,3618897,16605589.0
2012-10-15,3.68,3.71,3.58,3.62,3385971,15204329.0
2012-10-16,3.72,3.72,3.63,3.66,3926326,17839964.0
2012-10-17,3.69,3.69,3.62,3.67,2435339,11019516.0
2012-10-18,3.68,3.79,3.68,3.77,5357613,24716516.0
2012-10-19,3.74,3.82,3.71,3.82,7188652,33338772.0
2012-10-22,3.81,3.83,3.75,3.81,4688001,21827786.0
2012-10-23,3.8,3.83,3.69,3.69,5279007,24409268.0
2012-10-24,3.65,3.72,3.63,3.66,3793721,17229660.0
2012-10-25,3.67,3.75,3.63,3.64,3219403,14658178.0
2012-10-26,3.64,3.66,3.47,3.48,6095191,26821848.0
2012-10-29,3.51,3.52,3.42,3.44,2324087,10085772.0
2012-10-30,3.4,3.56,3.4,3.46,2420388,10522395.0
2012-10-31,3.46,3.49,3.42,3.46,2274302,9808867.0
2012-11-01,3.48,3.55,3.45,3.54,3062614,13445222.0
2012-11-02,3.55,3.6,3.52,3.57,2893548,12818550.0
2012-11-05,3.57,3.57,3.48,3.52,3713316,16275304.0
2012-11-06,3.5,3.52,3.41,3.47,2849600,12311181.0
2012-11-07,3.46,3.51,3.45,3.49,2212370,9621063.0
2012-11-08,3.44,3.45,3.31,3.31,4411430,18770460.0
2012-11-09,3.32,3.35,3.26,3.27,2423681,10092304.0
2012-11-12,3.28,3.34,3.28,3.33,1698158,7106302.0
2012-11-13,3.34,3.36,3.26,3.27,3000095,12541022.0
2012-11-14,3.28,3.33,3.26,3.32,2066177,8602453.0
2012-11-15,3.29,3.31,3.2,3.21,2532985,10449559.0
2012-11-16,3.21,3.26,3.18,3.26,2160175,8827829.0
2012-11-19,3.26,3.31,3.21,3.3,1543413,6373291.0
2012-11-20,3.3,3.34,3.27,3.27,1760536,7354508.0
2012-11-21,3.27,3.33,3.22,3.33,2151141,8928952.0
2012-11-22,3.32,3.33,3.28,3.3,1406485,5863646.0
2012-11-23,3.31,3.34,3.29,3.3,1287701,5382469.0
2012-11-26,3.3,3.31,3.22,3.22,1269400,5236007.0
2012-11-27,3.2,3.2,3.05,3.05,3448679,13726540.0
2012-11-28,3.06,3.07,2.88,2.93,2536712,9701901.0
2012-11-29,2.93,2.96,2.77,2.8,3217552,12046953.0
2012-11-30,2.8,2.88,2.79,2.86,2583829,9590817.0
2012-12-03,2.86,2.89,2.77,2.79,1747056,6464286.0
2012-12-04,2.79,2.88,2.75,2.87,2699055,9951405.0
2012-12-05,2.87,3.04,2.85,3.01,5382428,20743764.0
2012-12-06,3.02,3.11,3.01,3.02,4250566,16692088.0
2012-12-07,2.98,3.09,2.97,3.08,4585800,18006916.0
2012-12-10,3.12,3.15,3.06,3.14,5573080,22200612.0
2012-12-11,3.14,3.14,3.07,3.07,4713411,18701400.0
2012-12-12,3.07,3.09,3.02,3.06,3207202,12580044.0
2012-12-13,3.07,3.09,2.97,2.99,3361122,13087001.0
2012-12-14,2.98,3.16,2.98,3.14,7695323,30628938.0
2012-12-17,3.18,3.24,3.15,3.21,6223799,25277208.0
2012-12-18,3.21,3.26,3.16,3.22,5636431,23002890.0
2012-12-19,3.22,3.24,3.18,3.21,3604917,14729766.0
2012-12-20,3.21,3.37,3.17,3.26,9195823,38126200.0
2012-12-21,3.26,3.3,3.2,3.2,5983896,24593644.0
2012-12-24,3.17,3.23,3.17,3.21,3032091,12353570.0
2012-12-25,3.23,3.34,3.19,3.31,8630799,35913116.0
2012-12-26,3.32,3.39,3.28,3.37,7761328,32712620.0
2012-12-27,3.36,3.4,3.32,3.33,5219244,22022090.0
2012-12-28,3.33,3.37,3.3,3.35,4850062,20397700.0
2012-12-31,3.4,3.41,3.32,3.37,5177005,21950056.0
2013-01-04,3.39,3.42,3.32,3.34,3979371,16824836.0
2013-01-07,3.33,3.38,3.29,3.37,4937643,20790946.0
2013-01-08,3.38,3.48,3.32,3.43,10846339,46414888.0
2013-01-09,3.41,3.46,3.37,3.43,6707339,28792404.0
2013-01-10,3.43,3.49,3.39,3.48,7953081,34357488.0
2013-01-11,3.47,3.58,3.36,3.38,14530558,63444564.0
2013-01-14,3.38,3.52,3.35,3.51,11239300,48740248.0
2013-01-15,3.5,3.93,3.5,3.71,26813592,123599288.0
2013-01-16,3.69,3.8,3.63,3.76,14568473,66956700.0
2013-01-17,3.76,3.8,3.63,3.73,8997767,41131640.0
2013-01-18,3.73,3.76,3.65,3.74,8319022,38107084.0
2013-01-21,3.74,3.76,3.63,3.72,7647227,34886332.0
2013-01-22,3.68,3.78,3.6,3.76,14654070,67039440.0
2013-01-23,3.76,3.89,3.73,3.88,24156732,113514016.0
2013-01-24,3.89,3.92,3.66,3.69,15571448,72644160.0
2013-01-25,3.69,3.79,3.66,3.7,6775599,31093858.0
2013-01-28,3.67,3.77,3.63,3.76,6973013,32024372.0
2013-01-29,3.76,3.79,3.72,3.76,7811426,36073288.0
2013-01-30,3.77,4.07,3.74,4.0,36188180,174401264.0
2013-01-31,3.97,4.05,3.93,3.95,23070272,112067520.0
2013-02-01,3.96,4.28,3.96,4.15,35407648,178627440.0
2013-02-04,4.13,4.65,4.07,4.64,76516656,404484000.0
2013-02-05,4.68,4.68,4.33,4.51,60521872,323664960.0
2013-02-06,4.39,5.05,4.31,4.82,82825736,451818176.0
2013-02-07,4.96,4.96,4.48,4.58,64983180,355490208.0
2013-02-08,4.56,4.56,4.33,4.41,31083234,164255168.0
2013-02-18,4.48,4.53,4.37,4.42,16901600,89801728.0
2013-02-19,4.4,4.55,4.39,4.43,19625954,104872776.0
2013-02-20,4.42,4.44,4.24,4.34,15488977,80302008.0
2013-02-21,4.31,4.32,4.15,4.16,17759144,90036792.0
2013-02-22,4.16,4.21,4.09,4.1,10175352,51197076.0
2013-02-25,4.12,4.21,4.12,4.18,8522039,42966892.0
2013-02-26,4.18,4.27,4.15,4.16,11350589,57685220.0
2013-02-27,4.16,4.22,4.03,4.14,8315274,41584844.0
2013-02-28,4.17,4.22,4.09,4.22,11749493,59109124.0
2013-03-01,4.23,4.37,4.23,4.36,17742104,91937840.0
2013-03-04,4.38,4.47,4.19,4.24,20471632,106582320.0
2013-03-05,4.27,4.45,4.27,4.44,16799072,88137136.0
2013-03-06,4.48,4.5,4.38,4.43,16822528,89446760.0
2013-03-07,4.43,4.44,4.22,4.28,16914588,87811256.0
2013-03-08,4.27,4.3,4.15,4.18,9324978,47362340.0
2013-03-11,4.17,4.17,4.08,4.1,9500229,47320700.0
2013-03-12,4.09,4.14,3.83,3.91,10871065,52708380.0
2013-03-13,3.88,3.93,3.79,3.88,6121308,28913246.0
2013-03-14,3.88,3.93,3.84,3.91,4851133,23146024.0
2013-03-15,3.92,4.02,3.81,3.92,8140792,39054104.0
2013-03-18,3.93,3.93,3.82,3.86,6030596,28565920.0
2013-03-19,3.85,3.95,3.84,3.92,5457335,26048148.0
2013-03-20,3.92,4.04,3.91,4.03,9426196,45863892.0
2013-03-21,4.04,4.17,3.99,4.15,13315654,65757936.0
2013-03-22,4.15,4.18,4.05,4.09,9569115,47592704.0
2013-03-25,4.08,4.1,3.97,4.0,6966182,34073580.0
2013-03-26,3.98,4.0,3.87,3.9,6454053,30900034.0
2013-03-27,3.92,3.97,3.89,3.94,4182920,20098672.0
2013-03-28,3.91,3.91,3.75,3.77,6119059,28484836.0
2013-03-29,3.76,3.82,3.73,3.78,3756974,17442484.0
2013-04-01,3.77,3.82,3.73,3.8,3243621,15074230.0
2013-04-02,3.8,3.86,3.74,3.77,4413039,20570048.0
2013-04-03,3.77,3.88,3.66,3.78,8424521,39082264.0
2013-04-08,3.71,3.83,3.63,3.83,6187245,28600800.0
2013-04-09,3.84,3.95,3.83,3.92,6484929,30865560.0
2013-04-10,3.9,3.92,3.73,3.78,5955311,27879524.0
2013-04-11,3.78,3.81,3.71,3.72,3565137,16514481.0
2013-04-12,3.73,3.75,3.63,3.65,4019115,18236792.0
2013-04-15,3.62,3.62,3.5,3.5,4181556,18420876.0
2013-04-16,3.51,3.57,3.45,3.55,2618581,11482111.0
2013-04-17,3.55,3.62,3.53,3.6,2682855,11929511.0
2013-04-18,3.6,3.63,3.55,3.59,3250481,14492134.0
2013-04-19,3.58,3.68,3.57,3.66,3906372,17636662.0
2013-04-22,3.63,3.73,3.57,3.72,5588352,25113758.0
2013-04-23,3.72,3.74,3.54,3.55,5939051,26810640.0
2013-04-24,3.54,3.72,3.54,3.67,8031008,36183008.0
2013-04-25,3.76,3.96,3.74,3.82,22684760,107120440.0
2013-04-26,3.79,3.83,3.74,3.78,8587284,39911880.0
2013-05-02,3.73,3.89,3.68,3.83,5378391,25147044.0
2013-05-03,3.83,3.96,3.83,3.89,8913512,42602576.0
2013-05-06,3.9,4.02,3.89,3.94,8293523,40020024.0
2013-05-07,3.94,4.0,3.86,3.88,6570323,31453696.0
2013-05-08,3.88,4.26,3.87,4.2,27409748,136603136.0
2013-05-09,4.43,4.71,4.43,4.5,66218008,361276256.0
2013-05-10,4.47,4.65,4.42,4.49,31746016,171299072.0
2013-05-13,4.48,4.78,4.46,4.72,30403276,167914848.0
2013-05-14,4.72,4.82,4.5,4.65,28265268,155901248.0
2013-05-15,4.61,4.88,4.56,4.84,32185340,180285024.0
2013-05-16,4.86,5.13,4.72,4.75,47983452,278681536.0
2013-05-17,4.8,5.04,4.75,4.95,28925612,167450992.0
2013-05-20,4.97,5.29,4.86,5.22,39323196,236876384.0
2013-05-21,5.23,5.33,5.13,5.24,22960400,139748160.0
2013-05-22,5.22,5.23,4.86,4.93,30560596,180093424.0
2013-05-23,4.92,5.17,4.88,4.95,31216504,185429520.0
2013-05-24,5.05,5.08,4.86,5.06,19303568,113329136.0
2013-05-27,5.04,5.57,5.04,5.52,45493816,283615392.0
2013-05-28,5.52,5.53,5.34,5.47,20715108,130390832.0
2013-05-29,5.44,5.59,5.37,5.57,18120444,115423416.0
2013-05-30,5.6,5.76,5.49,5.5,26566230,172010528.0
2013-05-31,5.43,5.58,5.3,5.34,19280996,120892616.0
2013-06-03,5.37,5.41,5.08,5.12,28838040,175024384.0
2013-06-04,5.1,5.51,5.09,5.42,46632088,288912960.0
2013-06-05,5.38,5.42,5.25,5.39,15430834,95652672.0
2013-06-06,5.35,5.59,5.28,5.41,23169060,146427552.0
2013-06-07,5.38,5.55,5.04,5.12,25337276,155468352.0
2013-06-13,5.06,5.06,4.53,4.86,16331709,92895416.0
2013-06-14,4.83,5.32,4.83,5.27,21615660,129466800.0
2013-06-17,5.31,5.39,5.22,5.28,14259975,88089224.0
2013-06-18,5.28,5.38,5.16,5.3,8599112,52955472.0
2013-06-19,5.28,5.28,4.98,5.17,11511564,68807320.0
2013-06-20,5.11,5.22,4.9,4.92,11568293,68837152.0
2013-06-21,4.77,5.11,4.75,5.01,11589550,67860360.0
2013-06-24,4.97,5.05,4.7,4.83,15198929,86813584.0
2013-06-25,4.79,4.89,4.45,4.77,20662316,114537776.0
2013-06-26,4.79,5.1,4.78,5.03,19153972,112104408.0
2013-06-27,5.05,5.35,4.94,4.97,29880582,181385264.0
2013-06-28,4.93,5.12,4.8,4.95,10257730,59695400.0
2013-07-01,4.95,5.12,4.82,5.09,10044135,59310016.0
2013-07-02,5.12,5.34,5.09,5.32,17296680,105661256.0
2013-07-03,5.32,5.34,5.16,5.32,14659021,89979544.0
2013-07-04,5.26,5.48,5.19,5.36,16365632,102050528.0
2013-07-05,5.36,5.48,5.08,5.09,15726281,97043224.0
2013-07-08,5.03,5.06,4.78,4.82,11244840,64820636.0
2013-07-09,4.82,4.97,4.7,4.89,9163836,52166136.0
2013-07-10,5.02,5.03,4.83,5.0,10911804,63344632.0
2013-07-11,4.95,5.2,4.93,5.15,13437517,80228504.0
2013-07-12,5.13,5.34,5.12,5.15,12009084,73072256.0
2013-07-15,5.2,5.46,5.2,5.45,24458992,152390272.0
2013-07-16,5.46,5.62,5.35,5.53,23602138,150609248.0
2013-07-17,5.48,5.52,5.31,5.35,14841595,93141904.0
2013-07-18,5.31,5.45,5.21,5.44,13285904,82597808.0
2013-07-19,5.42,5.48,4.83,4.95,26251972,159628000.0
2013-07-22,4.91,5.28,4.85,5.27,19096826,114735384.0
2013-07-23,5.27,5.61,5.23,5.52,30645678,193620944.0
2013-07-24,5.53,6.16,5.47,6.03,64382528,432901728.0
2013-07-25,6.06,6.28,5.81,5.91,39796472,274511840.0
2013-07-26,5.89,6.13,5.85,6.03,23675520,162567856.0
2013-07-29,5.99,6.27,5.8,5.81,29324230,201798464.0
2013-07-30,5.74,5.89,5.37,5.6,23517864,152306976.0
2013-07-31,5.62,5.83,5.47,5.55,12711799,82740248.0
2013-08-01,5.53,6.03,5.52,6.0,22402922,149958368.0
2013-08-02,5.95,6.14,5.87,5.93,40416864,278485248.0
2013-08-05,5.92,6.05,5.71,5.88,26593512,178496256.0
2013-08-06,5.86,6.03,5.74,5.9,25370408,172668800.0
2013-08-07,5.92,6.06,5.76,5.8,23538628,158571328.0
2013-08-08,5.74,5.95,5.65,5.94,17448740,116986824.0
2013-08-09,6.0,6.16,5.88,5.94,28826028,198568000.0
2013-08-12,5.89,5.98,5.75,5.95,23874934,160594224.0
2013-08-13,6.05,6.11,5.93,6.04,22065964,151813216.0
2013-08-14,6.02,6.03,5.83,5.9,16871114,114497048.0
2013-08-15,5.91,6.14,5.83,5.99,24437318,167782048.0
2013-08-16,5.92,6.1,5.78,5.8,18857232,128676056.0
2013-08-19,5.73,5.89,5.61,5.86,16581604,110037320.0
2013-08-20,5.86,5.89,5.68,5.73,13742073,91192432.0
2013-08-21,5.72,5.76,5.65,5.71,9425560,61799616.0
2013-08-22,5.68,5.79,5.67,5.7,8083224,53493324.0
2013-08-23,5.78,5.84,5.49,5.6,12759658,83423904.0
2013-08-26,5.63,5.95,5.59,5.94,20342144,135976640.0
2013-08-27,5.96,6.02,5.82,5.92,15594744,105849456.0
2013-08-28,5.92,6.02,5.84,5.91,15649416,106410528.0
2013-08-29,5.91,5.92,5.62,5.7,16269936,107382288.0
2013-08-30,5.7,5.72,5.49,5.55,14260102,92238120.0
2013-09-02,5.53,5.93,5.53,5.87,14346884,94769440.0
2013-09-03,5.86,5.92,5.79,5.85,10574005,71049456.0
2013-09-04,5.84,5.88,5.72,5.84,10767686,71852984.0
2013-09-05,5.85,5.88,5.77,5.81,10771851,72201992.0
2013-09-06,5.84,6.06,5.81,5.93,22374016,153097552.0
2013-09-09,5.91,5.99,5.88,5.92,12391173,84250160.0
2013-09-10,5.93,5.93,5.77,5.87,13429607,90130096.0
2013-09-11,5.88,5.95,5.64,5.7,13589744,90695976.0
2013-09-12,5.64,5.8,5.56,5.67,18422416,120245264.0
2013-09-13,5.68,5.68,5.52,5.59,12018037,77464032.0
2013-09-16,5.56,5.64,5.53,5.55,10397225,67061804.0
2013-09-17,5.55,5.57,5.33,5.34,13732682,86395496.0
2013-09-18,5.35,5.56,5.35,5.51,7158730,45302368.0
2013-09-23,5.52,5.58,5.49,5.58,7166345,45943008.0
2013-09-24,5.58,5.72,5.54,5.7,11714524,76406240.0
2013-09-25,5.7,5.7,5.52,5.53,9368287,60468932.0
2013-09-26,5.51,5.61,5.41,5.43,7201425,45927608.0
2013-09-27,5.42,5.61,5.36,5.47,8172467,51903004.0
2013-09-30,5.47,5.58,5.47,5.52,4334351,27718358.0
2013-10-08,5.56,5.59,5.52,5.59,5753777,36953584.0
2013-10-09,5.58,5.58,5.45,5.54,8165380,52104804.0
2013-10-10,5.52,5.57,5.41,5.43,7412030,47083344.0
2013-10-11,5.48,5.53,5.35,5.4,14023533,87968512.0
2013-10-14,5.36,5.42,5.31,5.33,12106088,75177376.0
2013-10-15,5.33,5.46,5.33,5.46,13325917,83939056.0
2013-10-16,5.44,5.48,5.13,5.23,10775534,66325172.0
2013-10-17,5.28,5.35,5.13,5.14,8466885,51540400.0
2013-10-18,5.19,5.26,5.13,5.22,5357349,32476788.0
2013-10-21,5.21,5.59,5.21,5.53,24506900,155119648.0
2013-10-22,5.53,5.61,5.38,5.4,13423372,85152704.0
2013-10-23,5.43,5.46,5.17,5.21,8493242,52391968.0
2013-10-24,5.22,5.26,5.06,5.07,6902829,41650268.0
2013-10-25,5.09,5.15,4.79,4.86,11971842,69523816.0
2013-10-28,4.93,4.95,4.66,4.84,8881576,50271140.0
2013-10-29,4.85,5.07,4.45,4.97,14139352,81285296.0
2013-10-30,4.96,5.04,4.78,4.98,10225231,59647188.0
2013-10-31,4.94,5.09,4.93,4.95,6759444,39684184.0
2013-11-01,4.95,4.98,4.73,4.88,7009079,40083372.0
2013-11-04,4.88,4.9,4.7,4.76,5749521,32593458.0
2013-11-05,4.75,4.75,4.56,4.68,7268137,40065988.0
2013-11-06,4.67,4.7,4.53,4.57,8701788,47805604.0
2013-11-07,4.57,4.59,4.47,4.48,5827944,31337656.0
2013-11-08,4.52,4.58,4.47,4.47,5418997,29199464.0
2013-11-11,4.49,4.56,4.43,4.55,5475240,29366320.0
2013-11-12,4.55,4.58,4.5,4.55,5203388,28130028.0
2013-11-13,4.58,5.08,4.58,4.92,27999096,160647264.0
2013-11-14,4.83,5.13,4.81,4.99,12819619,74951792.0
2013-11-15,4.99,5.28,4.99,5.16,22686344,136320032.0
2013-11-18,5.16,5.6,5.1,5.47,35720448,223826752.0
2013-11-19,5.47,5.66,5.37,5.48,17560360,112132864.0
2013-11-20,5.5,5.64,5.46,5.6,20145888,129417520.0
2013-11-28,6.24,6.25,5.82,6.08,82927944,574750336.0
2013-11-29,6.06,6.28,5.94,6.1,38830592,270723840.0
2013-12-02,5.69,5.98,5.4,5.7,48577916,317760512.0
2013-12-03,5.68,5.98,5.48,5.97,20704360,137971584.0
2013-12-04,5.93,6.16,5.87,5.89,20631728,142266064.0
2013-12-05,5.83,6.0,5.69,5.77,13651559,90925840.0
2013-12-06,5.72,5.75,5.48,5.55,17206116,110901040.0
2013-12-09,5.58,5.86,5.58,5.71,11884651,78909656.0
2013-12-10,5.69,5.74,5.48,5.59,10157396,65569588.0
2013-12-11,5.59,5.6,5.38,5.47,10653015,67418464.0
2013-12-12,5.48,5.61,5.41,5.48,8248320,52636892.0
2013-12-13,5.47,5.59,5.41,5.43,8324264,52695344.0
2013-12-16,5.42,5.59,5.4,5.42,9574277,60991072.0
2013-12-17,5.42,5.54,5.37,5.5,6826934,43441084.0
2013-12-18,5.6,5.87,5.58,5.81,20493344,135188128.0
2013-12-19,5.76,5.84,5.61,5.67,9118329,59885004.0
2013-12-20,5.66,5.69,5.35,5.46,7816792,49642244.0
2013-12-23,5.45,5.57,5.36,5.53,3487178,22220746.0
2013-12-24,5.53,5.78,5.46,5.68,11439561,74787552.0
2013-12-25,5.69,5.76,5.57,5.65,7600025,49680392.0
2013-12-26,5.66,5.69,5.43,5.51,6239274,39892412.0
2013-12-27,5.48,5.76,5.48,5.68,10037366,65604212.0
2013-12-30,5.7,5.82,5.63,5.64,6906895,45540140.0
2013-12-31,5.65,5.74,5.48,5.53,9271176,59883084.0
2014-01-02,5.53,5.78,5.51,5.7,14174062,92980176.0
2014-01-03,5.71,5.84,5.68,5.69,12317616,81548728.0
2014-01-06,5.73,5.77,5.58,5.63,12969673,84931136.0
2014-01-07,5.61,5.96,5.53,5.91,24376128,163420992.0
2014-01-08,5.82,5.99,5.76,5.97,20163494,136899792.0
2014-01-09,5.96,6.02,5.63,5.67,15145281,101490024.0
2014-01-10,5.66,5.66,5.02,5.03,28022720,171155680.0
2014-01-13,4.93,5.31,4.84,5.18,17032780,102303752.0
2014-01-14,5.13,5.46,5.11,5.43,13391544,83411320.0
2014-01-15,5.52,5.68,5.44,5.54,19809244,128209296.0
2014-01-16,5.54,5.68,5.44,5.48,11131555,71686280.0
2014-01-17,5.45,5.52,5.23,5.26,11677996,72126808.0
2014-01-20,5.19,5.53,5.19,5.38,8850328,55615804.0
2014-01-21,5.39,5.83,5.39,5.81,18439482,120711960.0
2014-01-22,5.74,5.97,5.7,5.84,22180828,148741344.0
2014-01-23,5.88,6.09,5.79,6.0,25506454,174320352.0
2014-01-24,5.96,6.31,5.95,6.16,25943944,183128480.0
2014-01-27,6.16,6.6,6.14,6.4,25087738,182387728.0
2014-01-28,6.35,6.43,6.15,6.33,15811677,112949792.0
2014-01-29,6.32,6.45,6.25,6.39,12527466,90847088.0
2014-01-30,6.37,6.46,6.21,6.28,11082997,79848648.0
2014-02-07,6.23,6.59,6.15,6.56,17191820,125026496.0
2014-02-10,6.67,7.3,6.56,7.13,43221248,340935680.0
2014-02-11,7.18,7.79,7.01,7.65,65731376,549301696.0
2014-02-12,7.59,8.11,7.53,7.54,52979940,460543904.0
2014-02-13,7.58,7.98,7.37,7.66,35533760,303730272.0
2014-02-14,7.59,7.79,7.44,7.75,22888624,194713040.0
2014-02-17,7.74,8.43,7.67,8.35,39530476,354452416.0
2014-02-18,8.39,8.77,8.07,8.32,42642096,394333408.0
2014-02-19,8.3,8.56,8.08,8.34,24341986,223038128.0
2014-02-20,8.55,9.15,8.13,9.02,52042168,498761600.0
2014-02-21,9.01,9.11,8.64,8.88,22710714,221079296.0
2014-02-24,8.74,9.03,8.23,8.91,36871968,351626912.0
2014-02-25,8.92,8.98,7.93,7.95,40097988,370800608.0
2014-02-26,7.73,8.23,7.73,8.16,24415164,217170912.0
2014-02-27,8.13,8.7,7.87,7.89,31728820,291157920.0
2014-02-28,7.83,8.08,7.41,7.77,29589628,253498896.0
2014-03-03,7.83,8.06,7.72,7.96,22016680,193356864.0
2014-03-04,7.93,8.28,7.83,8.24,21232136,191523136.0
2014-03-05,8.4,8.53,8.14,8.24,19708026,181934528.0
2014-03-06,8.18,8.3,8.02,8.2,11086053,100156128.0
2014-03-07,8.2,8.37,7.76,7.84,17368932,154776048.0
2014-03-10,7.73,7.84,7.03,7.28,20520972,169251440.0
2014-03-11,7.23,7.44,7.05,7.13,16382300,133042776.0
2014-03-12,7.16,7.25,7.0,7.17,9360808,74829464.0
2014-03-13,7.19,7.62,7.19,7.41,12027069,100174000.0
2014-03-14,7.41,7.74,7.31,7.53,16414930,138563328.0
2014-03-17,7.73,8.0,7.71,7.98,16952728,148709312.0
2014-03-18,8.03,8.08,7.61,7.63,22813814,198412224.0
2014-03-19,7.54,7.77,7.49,7.7,10670008,90586960.0
2014-03-20,8.0,8.22,7.65,7.66,24480656,215983392.0
2014-03-21,7.53,7.69,7.22,7.51,27702312,230195024.0
2014-03-24,7.4,7.53,7.23,7.31,18892696,155091264.0
2014-03-25,7.24,7.39,7.21,7.39,18680686,152488016.0
2014-03-26,7.4,7.61,7.4,7.57,18275506,153818992.0
2014-03-27,7.54,7.54,7.23,7.24,13371501,109717056.0
2014-03-28,7.19,7.29,6.63,6.88,20496640,160416432.0
2014-03-31,6.92,7.09,6.71,7.04,13662340,106928064.0
2014-04-01,7.0,7.24,6.89,7.16,10192851,81757544.0
2014-04-02,7.16,7.26,7.03,7.12,9031837,72231680.0
2014-04-03,7.04,7.34,7.04,7.14,10394409,83762552.0
2014-04-04,7.17,7.29,7.08,7.2,7209719,58244124.0
2014-04-08,7.17,7.18,6.92,7.04,11275778,89191192.0
2014-04-09,7.06,7.28,7.06,7.27,14426008,116222976.0
2014-04-10,7.27,7.35,7.13,7.3,11592796,94284192.0
2014-04-11,7.2,7.24,7.06,7.12,12235137,97816096.0
2014-04-14,7.12,7.31,7.12,7.29,11497897,93431512.0
2014-04-15,7.33,7.94,7.29,7.7,34535392,293925056.0
2014-04-16,7.61,7.81,7.56,7.71,11925507,101604728.0
2014-04-17,7.78,7.99,7.58,7.91,24771706,215449392.0
2014-04-18,7.88,8.3,7.83,8.15,34587784,312201024.0
2014-04-21,8.16,8.35,7.94,7.97,21608468,194667568.0
2014-04-22,7.95,8.05,7.62,7.88,20193716,174636128.0
2014-04-23,8.03,8.15,7.75,7.83,16920648,149423664.0
2014-04-24,7.76,7.79,7.21,7.22,24801964,205799248.0
2014-04-25,7.22,7.34,6.88,6.93,19430672,154161712.0
2014-04-28,6.91,6.91,6.23,6.52,23945238,174703904.0
2014-04-29,6.48,6.6,6.28,6.57,13846023,101135696.0
2014-04-30,6.58,6.71,6.5,6.61,10731778,80411656.0
2014-05-05,6.63,6.97,6.63,6.92,12282386,94799040.0
2014-05-06,6.92,7.23,6.88,7.04,12489945,99368968.0
2014-05-07,7.06,7.11,6.84,6.85,8083902,63439448.0
2014-05-08,6.84,7.04,6.7,6.74,7600416,58673148.0
2014-05-09,6.65,6.91,6.43,6.88,11917382,89738064.0
2014-05-12,6.91,7.16,6.81,7.13,17231332,135312752.0
2014-05-13,7.08,7.28,7.05,7.19,11012787,88492248.0
2014-05-14,7.15,7.21,6.92,6.96,9178353,72755952.0
2014-05-15,6.96,7.0,6.61,6.69,10268807,78315400.0
2014-05-16,6.64,6.75,6.24,6.4,23182988,168196496.0
2014-05-19,6.4,6.47,6.28,6.38,7850221,56650848.0
2014-05-20,6.51,6.66,6.41,6.53,11265325,83591264.0
2014-05-21,6.53,6.77,6.39,6.75,11035895,82827512.0
2014-05-22,6.75,7.0,6.72,6.96,16697637,130376440.0
2014-05-23,6.96,6.98,6.79,6.95,12851179,99484272.0
2014-05-26,7.13,7.13,6.88,6.93,10809630,84957656.0
2014-05-27,6.98,7.04,6.83,6.84,7289431,56853872.0
2014-05-28,6.83,7.46,6.81,7.43,32044144,259140208.0
2014-05-29,7.37,7.61,7.29,7.43,22436254,186646336.0
2014-05-30,7.42,7.66,7.28,7.54,20104424,168362320.0
2014-06-03,7.51,7.61,7.25,7.28,17737500,147032592.0
2014-06-04,7.31,7.7,7.19,7.56,30017992,250347856.0
2014-06-05,7.54,7.65,7.34,7.6,21711312,182601072.0
2014-06-06,7.61,7.83,7.41,7.58,20887650,177405264.0
2014-06-09,7.45,7.57,7.34,7.42,13552384,112868624.0
2014-06-10,7.42,7.76,7.33,7.72,19101476,161784864.0
2014-06-11,7.65,7.77,7.57,7.64,13014238,111238504.0
2014-06-12,7.63,7.74,7.45,7.5,14074953,118843704.0
2014-06-13,7.48,7.84,7.43,7.74,22016692,188443680.0
2014-06-16,7.73,7.92,7.62,7.76,30087008,259075456.0
2014-06-17,7.77,7.81,7.55,7.62,14895824,126925824.0
2014-06-18,7.6,7.77,7.48,7.52,15318907,129917712.0
2014-06-19,7.46,7.67,7.07,7.22,19506064,160367568.0
2014-06-20,7.22,7.35,6.98,7.3,20013764,160009696.0
2014-06-23,7.31,7.56,7.27,7.55,22306588,185862624.0
2014-06-24,7.69,7.79,7.58,7.7,21019148,179657776.0
2014-06-25,7.9,7.98,7.47,7.57,30439092,261980720.0
2014-06-26,7.51,7.76,7.5,7.7,21205400,180939712.0
2014-06-27,7.68,7.74,7.47,7.64,15362573,130465024.0
2014-06-30,7.62,8.05,7.55,7.97,34306132,298990720.0
2014-07-01,7.96,8.16,7.9,7.98,24614504,218631104.0
2014-07-02,8.34,8.74,8.25,8.43,54847048,513454720.0
2014-07-03,8.5,9.34,8.48,9.25,54314184,532803200.0
2014-07-04,9.14,9.32,8.95,9.14,30935168,309732704.0
2014-07-07,9.14,9.68,9.14,9.28,37896888,389747744.0
2014-07-08,9.29,9.57,8.98,9.4,27536796,280342496.0
2014-07-09,9.32,9.61,9.0,9.04,26508032,269382944.0
2014-07-10,9.04,9.28,8.77,8.8,27920314,273800032.0
2014-07-11,8.81,9.0,8.53,8.8,26166530,252451200.0
2014-07-14,8.81,9.09,8.67,9.07,21938380,216164624.0
2014-07-15,9.09,9.28,8.77,8.88,18431712,181755072.0
2014-07-16,8.87,8.93,8.45,8.56,22584308,214727168.0
2014-07-17,8.56,8.64,8.45,8.64,11828632,111283264.0
2014-07-18,8.62,8.72,8.53,8.59,10648771,100919664.0
2014-07-21,8.58,8.58,8.31,8.37,16742326,154918464.0
2014-07-22,8.37,8.76,8.34,8.75,19644714,186248304.0
2014-07-23,8.72,8.81,8.39,8.53,13865563,130577352.0
2014-07-24,8.44,8.53,8.17,8.28,20241208,185631712.0
2014-07-25,8.06,8.46,8.06,8.42,14796218,136126928.0
2014-07-28,8.45,8.77,8.35,8.74,18385992,173668064.0
2014-07-29,8.75,8.84,8.57,8.74,15921226,151990432.0
2014-07-30,8.72,8.8,8.54,8.73,15798802,150950976.0
2014-07-31,8.75,8.92,8.64,8.82,13473272,130142144.0
2014-08-01,8.82,9.0,8.66,8.67,21102888,205361680.0
2014-08-04,8.68,8.78,8.57,8.68,16134926,153312592.0
2014-08-05,8.67,8.77,8.52,8.7,16740525,158640432.0
2014-08-06,8.7,9.27,8.59,9.19,39670368,392687872.0
2014-08-07,9.2,9.42,9.09,9.12,24398532,246332336.0
2014-08-08,9.12,9.21,8.94,9.05,16071718,159004464.0
2014-08-11,9.13,9.87,9.07,9.67,35661588,371495040.0
2014-08-12,9.66,9.89,9.55,9.77,28297118,299779072.0
2014-08-13,9.75,9.76,9.41,9.63,20005968,208456016.0
2014-08-14,9.63,9.69,9.3,9.34,18778234,194038384.0
2014-08-15,9.27,9.7,9.27,9.59,20510268,213832480.0
2014-08-18,9.67,10.19,9.66,9.99,38143748,415273216.0
2014-08-19,9.94,10.1,9.64,9.85,20607832,221376544.0
2014-08-20,9.83,10.24,9.75,10.04,26105324,286149952.0
2014-08-21,10.04,10.13,9.79,10.09,16753189,181318032.0
2014-08-22,10.05,10.34,9.96,10.19,23346118,257609968.0
2014-08-25,10.14,10.61,10.09,10.32,25774280,289832928.0
2014-08-26,10.34,10.5,9.62,9.84,32826256,357175328.0
2014-08-27,9.84,9.9,9.52,9.6,18645976,196240640.0
2014-09-05,10.42,10.65,10.18,10.65,82641216,940552064.0
2014-09-09,10.57,10.57,10.34,10.46,46308812,523177568.0
2014-09-10,10.48,10.5,10.2,10.33,24828072,276775008.0
2014-09-11,10.24,10.44,10.18,10.25,21272720,237368560.0
2014-09-12,10.34,10.76,10.26,10.73,42779188,490362752.0
2014-09-15,10.84,10.89,10.49,10.63,26772684,307675648.0
2014-09-16,10.62,10.68,10.08,10.1,25930444,291374304.0
2014-09-17,10.13,10.25,9.88,10.23,20952600,228759824.0
2014-09-18,10.21,10.23,9.85,10.11,19336656,210281280.0
2014-09-19,10.15,10.49,10.15,10.23,23462768,262180608.0
2014-09-22,10.22,10.22,9.94,10.04,13799708,150949088.0
2014-09-23,9.97,10.19,9.95,10.09,11437344,125004832.0
2014-09-24,10.05,10.39,10.01,10.21,15842647,175958608.0
2014-09-25,10.27,10.67,10.27,10.54,30929404,351349856.0
2014-09-26,10.56,10.74,10.34,10.63,22534666,257413696.0
2014-09-29,10.63,10.73,10.48,10.54,15616539,178279968.0
2014-09-30,10.65,11.17,10.56,11.08,37765852,445970560.0
2014-10-08,11.34,11.5,11.04,11.39,30888462,375245184.0
2014-10-09,11.39,11.41,10.92,11.13,27890756,334111776.0
2014-10-10,11.09,11.11,10.74,10.94,20733520,244645632.0
2014-10-13,10.71,10.71,10.3,10.56,38392904,435380544.0
2014-10-14,10.52,10.6,10.35,10.5,21307596,241409120.0
2014-10-15,10.59,10.87,10.44,10.83,31237872,360693312.0
2014-10-16,10.64,10.66,10.17,10.19,44654480,504568512.0
2014-10-17,10.37,10.4,9.81,10.2,26840564,294893120.0
2014-10-20,10.36,10.49,10.17,10.33,14441458,161540992.0
2014-10-21,10.36,10.48,10.18,10.27,13567725,152273632.0
2014-10-22,10.2,10.38,10.03,10.06,16204518,179084432.0
2014-10-23,10.09,10.12,9.76,9.82,12945117,138925888.0
2014-10-24,9.81,9.87,9.6,9.66,15145457,159815920.0
2014-10-27,9.59,9.86,9.48,9.83,16093009,169900320.0
2014-10-28,9.84,10.32,9.84,10.3,20002850,219932560.0
2014-10-29,10.42,10.56,10.28,10.34,22219168,250306160.0
2014-10-30,10.4,10.62,10.31,10.37,20094880,227540544.0
2014-10-31,10.37,10.52,10.1,10.27,14983617,166265680.0
2015-01-14,11.38,11.38,10.54,11.02,118629032,1416944768.0
2015-01-15,10.8,12.21,10.72,12.21,86385848,1091451520.0
2015-01-16,12.24,13.42,11.95,12.75,84573056,1140511232.0
2015-01-19,12.31,12.97,11.84,12.36,70690672,941451136.0
2015-01-20,12.44,13.64,12.44,13.54,76973872,1084061952.0
2015-01-21,13.66,13.76,13.24,13.53,64843776,926978688.0
2015-01-22,13.43,13.82,13.32,13.49,41048556,593740288.0
2015-01-23,13.42,13.44,12.66,12.82,51459304,711922048.0
2015-01-26,13.42,13.81,13.16,13.19,54058600,773684224.0
2015-01-27,13.12,13.54,12.85,13.32,51784384,731921216.0
2015-01-28,13.14,13.58,12.86,12.9,43960712,619959872.0
2015-01-29,12.74,13.19,12.64,12.96,24419554,338384992.0
2015-01-30,13.03,13.49,12.94,13.11,32086080,453574784.0
2015-02-02,12.84,13.09,12.7,12.96,27023576,371687200.0
2015-02-03,12.95,13.59,12.86,13.39,47016824,669424192.0
2015-02-04,13.42,13.63,13.22,13.45,24182958,344610016.0
2015-02-05,13.52,13.55,13.09,13.13,29223868,413436544.0
2015-02-06,13.03,13.03,12.13,12.3,31329436,420046304.0
2015-02-09,12.24,12.3,11.86,12.03,21506192,276789248.0
2015-02-10,12.04,12.45,12.04,12.44,16237428,213311424.0
2015-02-11,12.64,12.87,12.53,12.66,21858278,296342048.0
2015-02-12,12.79,12.91,12.52,12.6,24375504,330488032.0
2015-02-13,12.77,12.94,12.62,12.91,23404594,319391776.0
2015-02-16,13.15,14.29,13.02,14.29,67637544,998030784.0
2015-02-17,14.59,14.59,13.99,14.16,46011724,693287616.0
2015-02-25,14.19,14.26,13.74,13.84,29119192,431693696.0
2015-02-26,13.84,14.17,13.64,13.98,23958654,354415392.0
2015-02-27,14.14,14.14,13.69,13.84,28573780,419636096.0
2015-03-02,13.85,13.9,13.43,13.81,36886888,534471648.0
2015-03-03,13.84,14.65,13.75,14.33,65653300,991253632.0
2015-03-04,14.34,14.4,14.06,14.35,28061558,423015424.0
2015-03-05,14.29,14.29,13.69,13.91,29436024,435877920.0
2015-03-06,13.9,14.03,13.49,13.56,21343150,309911648.0
2015-03-09,13.49,13.84,13.44,13.71,15663249,227452320.0
2015-03-10,13.74,13.86,13.54,13.62,19744364,287122464.0
2015-03-11,13.63,13.69,13.1,13.17,30252812,429911264.0
2015-03-12,13.2,13.43,13.0,13.26,20617998,290203136.0
2015-03-13,13.29,13.36,13.04,13.34,22526832,316595456.0
2015-03-16,13.49,13.97,13.46,13.93,35188320,516997216.0
2015-03-17,14.02,14.08,13.72,13.93,36450132,536499456.0
2015-03-18,13.94,14.52,13.8,14.31,49782196,748226176.0
2015-03-19,14.33,14.47,14.09,14.26,36627116,554100672.0
2015-03-20,14.27,14.98,14.27,14.67,51970488,805539072.0
2015-03-23,15.17,16.049999,15.17,15.68,77897928,1283730560.0
2015-03-24,15.75,15.81,14.85,15.67,58165772,947492416.0
2015-03-25,15.67,15.67,15.02,15.29,51352376,830930752.0
2015-03-26,15.14,15.18,14.69,14.76,41453120,652524416.0
2015-03-27,14.76,15.0,14.74,14.96,25223916,396856320.0
2015-03-30,14.99,15.1,14.74,14.83,37827804,593261632.0
2015-03-31,14.85,15.28,14.51,15.24,49833816,784201280.0
2015-04-01,15.23,15.73,15.15,15.55,54271076,885971840.0
2015-04-02,15.6,15.64,15.24,15.4,41446128,676485696.0
2015-04-03,17.030001,17.030001,16.540001,17.030001,53999608,962103744.0
2015-05-21,18.82,18.82,18.82,18.82,603836,11883492.0
2015-05-22,20.790001,20.790001,20.790001,20.790001,264419,5724671.5
2015-05-25,22.959999,22.959999,22.959999,22.959999,954679,22740454.0
2015-05-26,24.940001,25.34,22.959999,25.34,68384344,1776639872.0
2015-05-27,26.559999,27.43,25.0,26.0,122739248,3337985536.0
2015-05-28,25.48,28.690001,25.48,26.15,91790880,2557473024.0
2015-05-29,26.18,27.17,24.15,26.43,77612144,2105291776.0
2015-06-01,27.15,27.780001,26.450001,27.43,73184168,2047942656.0
2015-06-02,27.559999,28.42,26.700001,27.51,75277136,2132263040.0
2015-06-03,27.75,27.969999,25.959999,26.23,55917268,1540842624.0
2015-06-04,26.030001,28.940001,25.700001,28.940001,94583072,2703005440.0
2015-06-05,29.950001,31.719999,29.15,30.040001,84926712,2655950848.0
2015-06-08,29.530001,30.049999,27.950001,27.969999,63848844,1883404416.0
2015-06-09,27.969999,28.59,26.299999,27.040001,49324552,1389659904.0
2015-06-10,26.879999,28.540001,26.35,28.049999,42367972,1202474240.0
2015-06-11,27.66,28.01,27.01,27.4,29975824,847292928.0
2015-06-12,27.459999,29.030001,27.450001,28.040001,41281480,1204032128.0
2015-06-15,28.049999,28.07,26.48,26.76,36059248,1006530304.0
2015-06-16,26.25,27.549999,25.629999,25.93,34940160,957161024.0
2015-06-17,26.059999,26.530001,23.450001,25.309999,50405616,1288644480.0
2015-06-18,25.1,26.450001,24.67,25.0,33016876,876432000.0
2015-06-19,24.1,25.1,22.42,22.42,31344598,769658048.0
2015-06-23,22.43,23.1,20.09,22.43,42149660,943919104.0
2015-06-24,22.57,23.6,21.85,22.74,36354280,861812032.0
2015-06-25,23.0,23.040001,20.43,20.92,36201168,818569856.0
2015-06-26,20.049999,20.440001,18.74,18.74,37422692,755890368.0
2015-06-29,19.620001,19.620001,16.780001,16.780001,53287020,982317504.0
2015-06-30,16.35,18.290001,15.02,18.26,63646952,1104043136.0
2015-07-01,17.65,19.950001,17.65,17.799999,62650528,1230145280.0
2015-07-02,18.16,18.65,16.450001,17.17,56617612,1056005632.0
2015-07-03,16.51,18.129999,15.42,16.530001,54011176,945243200.0
2015-07-06,18.27,18.27,16.049999,17.93,83491440,1532908928.0
2015-07-07,17.33,18.299999,16.049999,16.049999,80123200,1431658368.0
2015-07-08,14.36,16.17,14.36,14.37,147504656,2306569984.0
2015-07-09,13.95,15.89,13.95,15.89,49362200,804126272.0
2015-07-10,16.85,17.559999,16.700001,17.559999,17046472,309326112.0
2015-07-13,19.370001,19.4,18.049999,19.4,64879676,1287781376.0
2015-07-14,19.610001,21.33,18.66,20.540001,82395248,1730893952.0
2015-07-15,19.75,20.15,18.4,18.4,48639320,963114112.0
2015-07-16,18.4,19.51,16.9,18.73,39420332,762868992.0
2015-07-17,19.440001,20.639999,18.92,20.17,41950968,870576256.0
2015-07-20,20.190001,20.940001,19.530001,20.059999,40411904,852697344.0
2015-07-21,19.65,20.17,19.33,19.77,28386356,587262912.0
2015-07-22,19.85,20.129999,19.17,19.98,29886668,616438272.0
2015-07-23,19.940001,21.610001,19.85,21.26,48793856,1067327808.0
2015-07-24,21.6,22.32,20.549999,20.799999,50396340,1130235392.0
2015-07-27,20.049999,21.48,18.639999,18.68,43073504,899278336.0
2015-07-28,18.15,19.43,16.93,19.08,50255752,971977920.0
2015-07-29,19.450001,20.799999,18.530001,20.74,31816696,644879680.0
2015-07-30,21.139999,21.450001,19.870001,20.1,39295488,857035584.0
2015-07-31,19.68,20.700001,19.139999,20.25,30124356,628834816.0
2015-08-03,20.08,20.200001,18.139999,18.139999,32963384,647858880.0
2015-08-04,18.16,19.200001,17.209999,19.190001,36453344,700950208.0
2015-08-05,19.030001,19.25,17.75,18.16,28174912,547297984.0
2015-08-06,17.68,18.74,17.559999,18.16,17535604,337060160.0
2015-08-07,18.540001,18.969999,18.200001,18.700001,21963648,427822784.0
2015-08-10,19.01,20.15,18.709999,20.0,32759388,664467136.0
2015-08-11,19.75,20.700001,19.75,20.23,38850744,821079424.0
2015-08-12,19.950001,20.73,19.73,19.889999,26515966,557936512.0
2015-08-13,19.799999,20.24,19.35,20.209999,26335816,545606464.0
2015-08-14,20.450001,20.5,19.65,19.879999,21973550,459823968.0
2015-08-17,19.9,20.0,19.32,19.950001,18171694,373425344.0
2015-08-18,20.0,20.42,17.870001,17.879999,32998538,664239104.0
2015-08-19,17.530001,18.43,16.15,18.15,25665188,469325376.0
2015-08-27,16.25,16.25,16.25,16.25,2769200,47353320.0
2015-08-28,14.54,17.15,14.54,16.969999,54788320,896007744.0
2015-08-31,16.15,16.290001,15.19,15.19,29645416,488118624.0
2015-09-01,15.13,15.13,13.59,13.59,25925152,379416128.0
2015-09-02,12.21,13.7,12.21,12.61,31367708,421934592.0
2015-09-07,12.73,13.48,12.52,12.66,17685016,246509760.0
2015-09-08,12.64,13.25,12.17,13.17,13870405,188914640.0
2015-09-09,13.45,13.99,13.25,13.92,24493228,356259552.0
2015-09-10,13.65,13.89,13.28,13.3,12488786,180275216.0
2015-09-11,13.3,13.7,13.17,13.52,11493233,164203952.0
2015-09-14,13.61,13.7,12.08,12.08,15886213,214891248.0
2015-09-15,11.8,11.8,10.79,10.79,23100626,274374176.0
2015-09-16,10.55,11.95,10.55,11.83,31580120,383101632.0
2015-09-17,11.91,13.1,11.55,12.53,47080080,641279744.0
2015-09-18,12.93,13.05,12.09,12.5,24789564,330402112.0
2015-09-21,12.15,13.43,12.0,13.35,26610296,367595136.0
2015-09-22,13.31,13.85,12.93,13.13,24530922,347506400.0
2015-09-23,12.85,13.24,12.57,12.73,17411016,238692656.0
2015-09-24,12.87,12.98,12.6,12.88,13681915,186563008.0
2015-09-25,12.77,13.54,12.67,12.79,23380156,325626624.0
2015-09-28,12.76,12.84,11.53,12.17,24746648,319055424.0
2015-09-29,12.04,12.82,11.85,12.35,25396648,337681184.0
2015-09-30,12.26,12.62,12.16,12.3,17296056,228759344.0
2015-10-08,12.51,13.62,12.48,13.62,56920660,794300288.0
2015-10-09,13.52,14.35,13.36,13.79,42376688,624055872.0
2015-10-12,13.9,15.05,13.76,14.63,46726368,709576960.0
2015-10-13,14.6,14.84,14.25,14.66,32681190,502233056.0
2015-10-14,14.5,14.74,14.1,14.12,29131230,443571648.0
2015-10-15,13.99,14.85,13.99,14.83,31312448,482618016.0
2015-10-16,15.1,15.32,14.5,14.98,33236132,524487296.0
2015-10-19,15.05,15.08,14.47,14.8,21609472,336601824.0
2015-10-20,14.87,15.81,14.86,15.61,43135028,702867328.0
2015-10-21,15.55,15.55,13.96,13.98,37684888,585959552.0
2015-10-22,14.01,14.41,13.65,14.3,28120460,421645568.0
2015-10-23,14.48,14.92,14.05,14.71,29210814,447188512.0
2015-10-26,14.97,15.07,14.36,14.91,32508012,507520576.0
2015-10-27,14.73,14.78,14.0,14.66,31915294,487805792.0
2015-10-28,14.55,14.84,14.05,14.15,27913382,428071040.0
2015-10-29,14.35,14.44,14.07,14.28,19092292,288642144.0
2015-10-30,14.26,14.26,13.57,13.97,27942172,412096480.0
2015-11-02,13.55,14.14,13.36,13.76,24995200,366507200.0
2015-11-03,13.81,14.0,13.31,13.45,20899210,302410656.0
2015-11-04,13.58,14.34,13.54,14.33,30681400,454835712.0
2015-11-05,14.4,15.26,14.34,14.9,63041444,989914752.0
2015-11-06,16.48,16.48,16.48,16.48,21483654,372311712.0
2015-11-09,17.15,17.549999,16.120001,16.84,83474736,1486328320.0
2015-11-10,16.370001,16.73,16.25,16.530001,52811440,914874560.0
2015-11-11,16.459999,17.629999,16.459999,17.15,52959936,951059008.0
2015-11-12,17.200001,17.75,16.73,17.389999,45374220,820482560.0
2015-11-13,17.200001,17.200001,16.25,16.469999,35151912,615999168.0
2015-11-16,16.15,18.200001,16.030001,17.98,51597940,938950144.0
2015-11-17,17.98,18.139999,17.15,17.33,38266000,709683584.0
2015-11-18,17.35,18.75,17.35,17.940001,57069408,1081560192.0
2015-11-19,18.25,19.82,17.950001,19.82,90739288,1837938560.0
2015-11-20,19.639999,21.370001,19.35,20.35,82908512,1745613184.0
2015-11-23,20.879999,21.83,19.65,19.82,60759336,1310082304.0
2015-11-24,20.030001,21.889999,19.65,21.889999,53141688,1160349184.0
2015-11-25,22.65,24.16,22.65,23.209999,86308736,2087746176.0
2015-11-26,22.85,24.09,22.15,23.51,65400280,1570790272.0
2015-11-27,22.950001,23.129999,21.07,21.17,56952308,1306498048.0
2016-05-10,18.969999,18.969999,18.969999,18.969999,562400,11146768.0
2016-05-11,16.99,16.99,16.99,16.99,5161200,92075808.0
2016-05-12,15.27,16.4,15.21,15.63,102515336,1669242752.0
2016-05-13,15.41,16.1,15.15,15.26,53014104,869844416.0
2016-05-16,15.45,15.98,15.28,15.59,44457572,734526272.0
2016-05-17,15.75,15.85,14.82,14.98,45182080,723803200.0
2016-05-18,14.86,14.87,13.9,14.39,37804524,577082240.0
2016-05-19,14.39,14.93,14.25,14.4,31310528,483518176.0
2016-05-20,14.2,14.74,13.97,14.58,23500908,359390784.0
2016-05-23,14.75,15.52,14.73,15.24,35754728,573930688.0
2016-05-24,15.15,15.62,14.95,15.29,24607512,396662624.0
2016-05-25,15.47,15.61,14.95,15.09,19629728,315341120.0
2016-05-26,15.05,15.24,14.43,14.85,23832704,370748384.0
2016-05-27,15.25,16.42,15.25,16.209999,63944096,1076083328.0
2016-05-30,16.15,17.75,16.139999,17.66,71099912,1265277440.0
2016-05-31,17.549999,18.370001,17.15,18.02,67597672,1259407232.0
2016-06-01,17.950001,18.82,17.76,17.879999,65271772,1245517696.0
2016-06-02,17.799999,18.57,17.65,18.139999,47511664,902508224.0
2016-06-03,17.950001,18.4,17.549999,17.629999,43109108,805417472.0
2016-06-06,17.68,18.059999,17.51,17.74,31104536,579796864.0
2016-06-07,17.809999,17.84,17.110001,17.65,29501364,540468288.0
2016-06-08,17.48,17.73,17.209999,17.440001,31075278,569755456.0
2016-06-13,17.049999,17.139999,15.61,15.61,42163600,730485376.0
2016-06-14,15.25,15.66,15.04,15.36,30550152,493033984.0
2016-06-15,15.3,16.950001,15.27,16.639999,43923952,751473856.0
2016-06-16,16.27,16.99,16.24,16.549999,29123400,508888608.0
2016-06-17,16.68,17.540001,16.68,17.360001,40763576,737554496.0
2016-06-20,17.459999,17.85,16.860001,17.709999,37760456,691416064.0
2016-06-21,18.0,18.540001,17.309999,17.540001,41124460,773424832.0
2016-06-22,17.360001,17.75,17.16,17.73,21056344,385246240.0
2016-06-23,17.58,17.74,17.15,17.33,22127954,404627296.0
2016-06-24,17.32,18.16,16.360001,17.52,52648148,962461376.0
2016-06-27,17.42,19.360001,17.360001,19.360001,77323144,1502993152.0
2016-06-28,19.16,19.629999,18.870001,19.6,71212760,1430301696.0
2016-06-29,19.41,19.610001,19.059999,19.129999,37299692,747817664.0
2016-06-30,19.15,20.129999,19.15,19.450001,50688616,1036190272.0
2016-07-01,19.559999,19.620001,18.879999,19.0,30060656,599123072.0
2016-07-04,18.860001,19.459999,18.76,19.18,33436622,666431936.0
2016-07-05,19.200001,19.809999,19.02,19.639999,37654448,761430016.0
2016-07-06,19.469999,19.59,19.1,19.280001,27483906,553316160.0
2016-07-07,19.15,19.35,18.48,19.139999,40333056,798377280.0
2016-07-08,19.16,19.530001,18.969999,19.030001,28566016,573074624.0
2016-07-11,18.99,19.1,18.459999,18.52,32873758,644797056.0
2016-07-12,18.450001,18.610001,17.719999,18.4,36378296,693345152.0
2016-07-13,18.549999,18.82,18.280001,18.790001,26305306,511202976.0
2016-07-14,18.16,18.190001,17.07,17.309999,75275488,1387181312.0
2016-07-15,17.34,17.4,16.83,17.129999,32766504,586182912.0
2016-07-18,17.110001,17.66,16.84,17.639999,37282692,677291712.0
2016-07-19,17.67,17.690001,17.290001,17.540001,17380872,317984576.0
2016-07-20,17.459999,17.950001,17.370001,17.700001,24330928,451079296.0
2016-07-21,17.66,17.85,17.48,17.6,17059818,315183776.0
2016-07-22,17.719999,17.85,17.41,17.52,17364182,319849152.0
2016-07-25,17.57,17.709999,17.120001,17.15,15623172,284529728.0
2016-07-26,17.129999,17.559999,17.120001,17.540001,14664696,267627552.0
2016-07-27,17.559999,18.18,17.02,17.73,51816356,964719488.0
2016-07-28,17.74,17.75,16.870001,17.27,26327870,477182272.0
2016-07-29,17.309999,17.709999,17.16,17.200001,22124228,406030432.0
2016-08-01,17.01,17.01,15.93,15.98,30530284,521553184.0
2016-08-02,15.97,16.709999,15.97,16.52,21044138,363894112.0
2016-08-03,16.58,16.629999,16.110001,16.309999,16509257,283609888.0
2016-08-04,16.48,17.26,16.48,17.18,32965772,586863744.0
2016-08-05,16.66,16.91,16.469999,16.639999,33787788,593343808.0
2016-08-08,16.469999,16.940001,16.459999,16.9,13225258,232577840.0
2016-08-09,16.809999,17.26,16.809999,16.99,17267316,309059456.0
2016-08-10,16.959999,17.309999,16.76,16.77,15670550,280275712.0
2016-08-11,16.709999,16.84,16.379999,16.67,12013051,209138896.0
2016-08-12,16.66,16.700001,16.389999,16.690001,8349075,145235216.0
2016-08-15,16.809999,17.26,16.49,17.08,19822768,353260416.0
2016-08-16,17.049999,17.4,17.049999,17.33,32748240,593602816.0
2016-08-17,17.34,17.450001,17.110001,17.32,13184271,238958320.0
2016-08-18,17.35,17.41,16.809999,16.99,14162583,254437632.0
2016-08-19,17.040001,17.120001,16.76,16.799999,9864314,174931472.0
2016-08-22,16.790001,16.92,16.559999,16.57,10371553,182241792.0
2016-08-23,16.51,16.66,16.34,16.610001,7803477,135524464.0
2016-08-24,16.59,16.84,16.559999,16.639999,6828777,119795688.0
2016-08-25,16.6,16.84,16.24,16.799999,10675214,186725040.0
2016-08-26,16.799999,17.209999,16.799999,16.84,14902655,265863296.0
2016-08-29,16.83,16.940001,16.559999,16.67,9892595,173721296.0
2016-08-30,16.639999,17.35,16.639999,17.129999,22576664,405895392.0
2016-08-31,17.129999,17.25,16.93,17.08,13571459,242574048.0
2016-09-01,16.99,17.059999,16.629999,16.76,14967539,263839728.0
2016-09-02,16.719999,16.719999,16.32,16.41,16722580,289231680.0
2016-09-05,16.459999,16.76,16.459999,16.549999,8760421,153093328.0
2016-09-06,16.59,16.82,16.299999,16.790001,10177520,177912976.0
2016-09-07,16.809999,17.24,16.76,16.889999,16954796,303848960.0
2016-09-08,16.870001,17.15,16.74,17.059999,8692722,155016368.0
2016-09-09,17.379999,17.790001,17.18,17.200001,22446560,411931328.0
2016-09-12,16.76,17.42,16.559999,17.02,17541334,313742432.0
2016-09-13,17.139999,18.790001,17.08,18.51,63096508,1203605504.0
2016-09-14,18.41,19.24,18.17,18.35,49687336,969999488.0
2016-09-19,18.65,18.969999,18.18,18.389999,31315228,606000384.0
2016-09-20,18.280001,18.360001,17.99,18.34,22035508,418704832.0
2016-09-21,18.32,18.33,17.860001,18.02,17001508,321495520.0
2016-09-22,18.209999,18.74,18.059999,18.59,30563196,590353600.0
2016-09-23,19.209999,20.09,18.860001,18.889999,42269024,852008640.0
2016-09-26,19.15,19.17,18.219999,18.32,31213700,605995392.0
2016-09-27,18.16,18.41,17.9,18.32,15228686,289507072.0
2016-09-28,18.41,18.92,18.26,18.780001,24156992,472971392.0
2016-09-29,19.16,19.26,18.440001,18.530001,16295887,318967872.0
2016-09-30,18.549999,18.790001,18.209999,18.57,12347484,238873648.0
2016-10-10,18.76,20.469999,18.610001,20.15,42729832,877278784.0
2016-10-11,19.91,20.700001,19.809999,20.200001,30939398,652024704.0
2016-10-12,20.120001,20.440001,19.879999,20.129999,13975572,292764544.0
2016-10-13,20.139999,20.58,19.870001,20.379999,20857214,439681120.0
2016-10-14,20.360001,20.360001,19.32,19.450001,29621494,608204928.0
2016-10-17,19.549999,19.91,19.0,19.190001,19601282,396457312.0
2016-10-18,19.23,19.639999,19.08,19.549999,17934292,363090752.0
2016-10-19,19.59,19.620001,19.01,19.18,16765314,336222208.0
2016-10-20,19.190001,19.51,19.07,19.450001,12525757,252011872.0
2016-10-21,19.459999,19.67,18.860001,19.15,16361141,328763648.0
2016-10-24,19.030001,19.24,18.860001,19.110001,16246661,322609824.0
2016-10-25,19.1,19.33,18.959999,19.299999,12648898,252895072.0
2016-10-26,19.34,19.49,19.030001,19.07,11148328,223235456.0
2016-10-27,19.059999,19.139999,18.34,18.450001,22322676,432887104.0
2016-10-28,18.41,18.700001,18.35,18.52,8338376,161494864.0
2016-10-31,18.540001,18.91,18.32,18.790001,13743005,268031056.0
2016-11-01,18.799999,18.940001,18.540001,18.83,11221599,220140544.0
2016-11-02,18.690001,19.559999,18.67,19.040001,19207964,385078688.0
2016-11-03,18.959999,19.35,18.950001,18.98,10714924,213801552.0
2016-11-04,18.969999,19.16,18.52,18.57,9187025,180698192.0
2016-11-07,18.52,19.41,18.52,19.030001,15726374,313395456.0
2016-11-08,19.040001,19.299999,18.959999,19.049999,8180396,163182480.0
2016-11-09,19.059999,19.129999,18.559999,18.74,12845475,252050688.0
2016-11-10,18.9,19.139999,18.75,18.860001,11512135,227613424.0
2016-11-11,18.860001,19.059999,18.639999,18.76,16428349,322961664.0
2016-11-14,18.76,19.01,17.83,17.9,37331488,714930880.0
2016-11-15,17.92,18.200001,17.82,18.17,15996035,302211200.0
2016-11-16,18.23,18.34,18.049999,18.27,9927581,188812384.0
2016-11-17,18.27,18.280001,18.059999,18.17,7007580,133061296.0
2016-11-18,18.16,18.25,18.059999,18.08,7924908,150348864.0
2016-11-21,18.07,18.15,17.280001,17.709999,32040022,590334208.0
2016-11-22,17.719999,17.790001,17.360001,17.700001,18512812,341155520.0
2016-11-23,17.76,18.08,17.66,17.719999,22804992,425403520.0
2016-11-24,17.639999,17.9,17.49,17.68,16067923,298242432.0
2016-11-25,17.700001,17.99,17.52,17.860001,10673111,198945904.0
2016-11-28,17.860001,17.950001,17.24,17.370001,21042072,386625536.0
2016-11-29,17.459999,17.49,17.24,17.370001,13016263,236874512.0
2016-11-30,17.27,17.52,17.26,17.450001,7911315,144460576.0
2016-12-01,17.41,17.42,17.25,17.32,8913508,161900496.0
2016-12-02,17.379999,17.440001,16.82,16.860001,12303574,221166048.0
2016-12-05,16.76,17.200001,16.67,17.030001,7251323,129799280.0
2016-12-06,17.08,17.370001,17.08,17.200001,5509698,99720472.0
2016-12-07,17.309999,17.9,17.26,17.74,16522047,305559936.0
2016-12-08,17.73,18.02,17.620001,17.67,10519952,196429968.0
2016-12-09,17.67,17.809999,17.4,17.5,7627369,140108976.0
2016-12-12,17.860001,18.139999,17.120001,17.15,22138208,410970240.0
2016-12-13,17.040001,17.870001,16.98,17.76,14228112,262045472.0
2016-12-14,17.85,18.25,17.559999,17.65,12478445,234128832.0
2016-12-15,17.440001,18.16,17.26,17.75,19772940,368384224.0
2016-12-16,17.700001,18.07,17.610001,17.76,11780536,220427584.0
2016-12-19,17.76,17.82,17.32,17.35,9310174,170824288.0
2016-12-20,17.360001,17.450001,16.950001,17.059999,9917327,178823856.0
2016-12-21,17.059999,17.41,17.059999,17.309999,6020065,109069280.0
2016-12-22,17.299999,17.32,16.959999,17.059999,8148430,145962080.0
2016-12-23,17.08,17.18,16.709999,16.799999,9901244,175481744.0
2016-12-26,16.790001,17.01,16.65,16.91,11791867,208286304.0
2016-12-27,16.860001,17.110001,16.709999,16.889999,9146975,162388576.0
2016-12-28,16.91,17.18,16.9,16.969999,11893858,212938528.0
2016-12-29,16.93,16.98,16.57,16.639999,9874707,173196368.0
2016-12-30,16.610001,16.889999,16.610001,16.809999,5562225,97939984.0
2017-01-03,16.809999,17.18,16.809999,17.01,8272302,147900896.0
2017-01-04,17.08,17.27,17.040001,17.200001,9411022,169613808.0
2017-01-05,17.559999,18.01,17.48,17.52,21363888,396390272.0
2017-01-06,17.52,17.530001,17.059999,17.16,13309099,240890304.0
2017-01-09,17.16,17.51,17.0,17.469999,10002190,181040624.0
2017-01-10,17.43,17.540001,17.200001,17.26,5107814,92928000.0
2017-01-11,17.280001,17.309999,16.610001,16.690001,14861300,262773872.0
2017-01-12,16.719999,16.809999,16.24,16.290001,10825289,187636464.0
2017-01-13,16.27,16.440001,16.139999,16.219999,7930920,135727152.0
2017-01-16,16.16,16.34,15.46,15.86,11078299,186464560.0
2017-01-17,15.88,16.27,15.74,16.25,6308642,106302248.0
2017-01-18,16.15,16.309999,16.01,16.030001,4102788,69688176.0
2017-01-19,16.030001,16.27,15.97,16.15,4345327,73935928.0
2017-01-20,16.139999,16.549999,16.08,16.4,6059836,104198608.0
2017-01-23,16.42,16.52,16.26,16.299999,4159421,71527120.0
2017-01-24,16.299999,16.32,16.01,16.110001,4271948,72511712.0
2017-01-25,16.059999,16.120001,15.77,15.9,6840058,114552040.0
2017-01-26,15.92,16.280001,15.92,16.26,5441213,92369320.0
2017-02-03,16.26,16.27,16.08,16.16,2777543,47259340.0
2017-02-06,16.16,16.51,16.16,16.48,6000702,103493496.0
2017-02-07,16.5,16.84,16.389999,16.620001,9991673,174732720.0
2017-02-08,16.629999,16.799999,16.48,16.75,7321600,128158360.0
2017-02-09,16.76,16.84,16.67,16.75,5053319,88897856.0
2017-02-10,16.690001,16.780001,16.52,16.58,5823520,101806048.0
2017-02-13,16.639999,16.74,16.450001,16.719999,6288563,109820360.0
2017-02-14,16.74,17.129999,16.66,16.690001,10512528,186233536.0
2017-02-15,16.68,16.690001,16.34,16.469999,12064901,208897024.0
2017-02-16,16.459999,16.549999,16.290001,16.459999,5560353,96004352.0
2017-02-17,16.459999,16.610001,16.139999,16.290001,8349073,143170688.0
2017-02-20,16.219999,16.389999,16.1,16.360001,7409371,126514936.0
2017-02-21,16.360001,16.450001,16.25,16.360001,8556936,147173744.0
2017-02-22,16.370001,16.59,16.219999,16.549999,13634451,235114592.0
2017-03-02,17.059999,17.809999,17.059999,17.440001,48552040,886023936.0
2017-03-03,17.280001,17.719999,17.01,17.549999,24691408,449398208.0
2017-03-06,17.959999,18.34,17.690001,17.799999,30221820,570315520.0
2017-03-07,17.92,18.379999,17.709999,18.34,27570970,524409152.0
2017-03-08,18.209999,18.4,17.99,18.17,14256171,270950720.0
2017-03-09,18.16,18.299999,17.91,18.18,13049001,247307168.0
2017-03-10,18.219999,18.34,17.91,17.940001,9995395,188485600.0
2017-03-13,17.93,18.76,17.809999,18.639999,19862270,383456928.0
2017-03-14,18.540001,18.85,18.440001,18.469999,10952632,212691136.0
2017-03-15,18.450001,18.700001,18.24,18.450001,12944259,250195872.0
2017-03-16,18.389999,18.74,18.360001,18.68,15907297,309668192.0
2017-03-17,18.780001,19.25,18.450001,18.5,19992444,395977792.0
2017-03-20,18.459999,18.549999,17.91,18.23,18620950,353733248.0
2017-03-21,18.25,18.469999,18.110001,18.34,11257394,215497296.0
2017-03-22,18.299999,18.35,17.940001,18.23,11455532,217333568.0
2017-03-23,18.16,18.73,17.99,18.700001,16487854,317336960.0
2017-03-24,18.639999,19.190001,18.559999,18.889999,22996796,455740896.0
2017-03-27,18.969999,19.24,18.34,18.389999,17764416,347270240.0
2017-03-28,18.33,18.6,18.290001,18.41,7427330,143506512.0
2017-03-29,18.43,18.82,18.07,18.540001,12799277,247082560.0
2017-03-30,18.5,18.51,17.969999,18.02,14895358,284057152.0
2017-03-31,18.040001,18.219999,17.809999,18.040001,10837102,204070768.0
2017-04-05,18.030001,18.700001,17.969999,18.200001,30978750,589822144.0
2017-04-06,18.16,18.639999,18.049999,18.549999,23329324,449576320.0
2017-04-07,18.530001,18.83,18.290001,18.629999,15585743,302822016.0
2017-04-10,18.559999,18.799999,17.690001,17.950001,26416536,500910464.0
2017-04-11,18.120001,18.18,17.709999,18.049999,15315862,287589408.0
2017-04-12,18.059999,18.17,17.82,17.870001,8361790,157347712.0
2017-04-13,17.790001,17.969999,17.16,17.24,17793616,326326336.0
2017-04-14,17.16,17.299999,16.66,17.01,17765504,315230080.0
2017-04-17,16.77,17.190001,16.76,16.860001,8476282,150622912.0
2017-04-18,16.91,17.26,16.82,16.9,7221749,129437888.0
2017-04-19,16.860001,17.110001,16.620001,17.02,7125386,126220672.0
2017-04-20,17.040001,17.110001,16.799999,17.01,10086070,179413600.0
2017-04-21,17.040001,17.040001,16.16,16.360001,21350732,370799744.0
2017-04-24,16.35,16.57,15.92,16.18,12378431,212169472.0
2017-04-25,16.190001,16.43,15.82,15.84,18604384,316899936.0
2017-04-26,15.82,16.459999,15.72,16.43,19430396,330360160.0
2017-04-27,16.4,16.709999,16.209999,16.6,15497501,269459808.0
2017-04-28,16.559999,16.92,16.559999,16.6,12329487,217016816.0
2017-05-02,16.040001,16.700001,15.96,16.6,8379926,144146368.0
2017-05-03,16.48,16.540001,16.059999,16.110001,10670883,182463088.0
2017-05-04,16.16,16.32,15.87,15.98,12352542,208444336.0
2017-05-05,15.97,16.07,15.6,15.64,11909577,199560592.0
2017-05-08,15.67,15.81,15.46,15.48,9597450,157689344.0
2017-05-09,15.52,15.93,15.29,15.72,9223495,152178016.0
2017-05-10,15.76,16.08,15.7,15.72,12796439,214664704.0
2017-05-11,16.17,16.26,15.64,15.9,16057269,269592064.0
2017-05-12,15.81,16.07,15.77,15.85,9433149,157762080.0
2017-05-15,15.91,16.360001,15.82,16.299999,13860952,236031120.0
2017-05-16,16.23,16.620001,16.190001,16.58,12339117,213024928.0
2017-05-17,16.639999,16.82,16.360001,16.389999,11372750,198552208.0
2017-05-18,16.32,16.49,16.129999,16.15,8021895,137591120.0
2017-05-19,16.17,16.26,15.99,16.1,6173609,104617776.0
2017-05-22,16.17,16.17,15.51,15.59,11669632,193968192.0
2017-05-23,15.59,15.76,15.15,15.2,10072216,163419360.0
2017-05-24,15.2,15.2,14.59,14.81,15920761,249187840.0
2017-05-25,14.86,14.91,14.34,14.82,13741639,212971344.0
2017-05-26,14.85,15.1,14.84,14.96,7778991,123130216.0
2017-05-31,15.16,15.25,14.16,14.18,15343249,237179632.0
2017-06-01,13.9,14.09,12.87,13.16,35722800,512950144.0
2017-06-02,13.01,13.76,12.86,13.55,21866900,308000672.0
2017-06-05,13.69,14.14,13.58,13.99,15600113,230247936.0
2017-06-06,13.99,14.35,13.9,14.19,10244656,154118048.0
2017-06-07,14.17,14.92,14.17,14.76,16311079,253032896.0
2017-06-08,14.74,15.11,14.63,14.73,14589627,229422400.0
2017-06-09,14.74,15.16,14.71,14.93,14420555,226918128.0
2017-06-12,14.88,15.06,14.56,14.58,9116418,142538384.0
2017-06-13,14.74,14.88,14.43,14.78,14140100,219223008.0
2017-06-14,14.63,14.93,14.58,14.81,8914929,138925808.0
2017-06-15,14.92,15.69,14.78,15.59,20885712,339424384.0
2017-06-16,15.71,15.95,15.22,15.31,13861171,225939152.0
2017-06-19,15.39,15.68,15.36,15.51,9450235,154413568.0
2017-06-20,15.74,15.99,15.48,15.87,12250689,203357280.0
2017-06-21,15.87,15.96,15.35,15.5,14815431,241862336.0
2017-06-22,15.53,15.56,15.05,15.07,13101429,211216976.0
2017-06-23,15.0,15.16,14.58,14.81,15895802,248465008.0
2017-06-26,14.81,15.74,14.76,15.62,22034284,356570208.0
2017-06-27,15.75,15.83,15.42,15.67,13473520,221326416.0
2017-06-28,15.53,15.62,15.14,15.24,12099090,195302400.0
2017-06-29,15.23,15.63,15.12,15.47,10391105,168279920.0
2017-06-30,15.46,15.46,15.16,15.23,9660164,155341136.0
2017-07-03,15.37,15.63,15.18,15.48,14174065,230261440.0
2017-07-04,15.47,15.55,15.24,15.26,11992162,193999744.0
2017-07-05,15.23,15.39,15.11,15.36,9676558,155562976.0
2017-07-06,15.36,15.96,15.34,15.95,25268848,417016640.0
2017-07-07,15.98,16.4,15.98,16.32,22528404,383675200.0
2017-07-10,16.32,16.32,15.77,15.93,18991924,319109536.0
2017-07-11,15.85,15.86,15.18,15.2,20865776,340926720.0
2017-07-12,15.18,15.36,14.78,15.16,14391565,228503088.0
2017-07-13,15.18,15.25,14.76,14.82,12104821,190622032.0
2017-07-14,14.81,15.21,14.53,15.13,16954432,266761184.0
2017-07-17,14.98,15.33,14.19,14.97,18714848,292431328.0
2017-07-18,14.93,14.93,14.23,14.78,21825972,335449952.0
2017-07-19,14.71,14.98,14.46,14.97,11713706,182234432.0
2017-07-20,15.09,15.35,15.0,15.14,14618117,234554544.0
2017-07-21,15.18,15.22,14.63,14.71,14583554,229399488.0
2017-07-24,14.58,14.63,14.04,14.16,32352160,486779104.0
2017-07-25,14.11,14.33,13.93,14.07,13245236,198074704.0
2017-07-26,14.07,14.23,14.0,14.15,7847079,117341824.0
2017-07-27,14.22,14.92,14.05,14.79,19956172,307798176.0
2017-07-28,14.88,15.12,14.66,14.79,14319351,225370592.0
2017-07-31,14.69,15.1,14.61,14.71,11051792,172498160.0
2017-08-01,14.78,14.78,14.53,14.71,10143373,156959808.0
2017-08-02,14.88,15.02,14.63,14.66,11846501,185254992.0
2017-08-03,14.56,14.71,14.35,14.41,14077290,215272464.0
2017-08-04,14.41,14.51,14.22,14.25,9190616,139388416.0
2017-08-07,14.33,14.66,14.24,14.55,8846703,135908016.0
2017-08-08,14.47,14.65,14.47,14.59,7290871,112115920.0
2017-08-09,14.52,14.52,14.29,14.46,5745532,87663592.0
2017-08-10,14.46,14.55,14.18,14.25,9121709,138095904.0
2017-08-11,14.12,14.26,14.0,14.02,7975758,119284352.0
2017-08-14,14.11,14.44,14.09,14.37,9753361,147322752.0
2017-08-15,14.41,14.76,14.41,14.53,12858072,198034064.0
2017-08-16,14.63,14.7,14.45,14.63,11444650,176300992.0
2017-08-17,14.5,15.33,14.49,15.27,24712068,390936768.0
2017-08-18,15.2,15.23,14.95,15.1,13364234,212698672.0
2017-08-21,15.09,15.43,15.03,15.17,11056080,177729072.0
2017-08-22,15.18,15.58,15.12,15.39,19645752,319318528.0
2017-08-23,15.33,15.42,14.99,15.21,9305277,148880608.0
2017-08-24,15.15,15.21,14.68,14.8,13234343,208598464.0
2017-08-25,14.8,15.18,14.72,15.14,8793047,138824448.0
2017-08-28,15.17,15.7,15.13,15.62,26386364,430761536.0
2017-08-29,15.76,16.23,15.58,15.87,24236264,405663104.0
2017-08-30,15.9,15.93,15.58,15.68,16328909,270271232.0
2017-08-31,15.64,15.98,15.5,15.72,16983458,281565280.0
2017-09-01,15.72,16.18,15.6,16.059999,18147240,304676352.0
2017-09-04,16.15,16.629999,15.88,16.02,31208124,534143424.0
2017-09-05,16.02,16.65,16.01,16.5,24656634,424768352.0
2017-09-06,16.379999,17.030001,16.280001,17.01,22831088,402386368.0
2017-09-07,17.040001,17.15,16.620001,16.709999,18870340,334210496.0
2017-09-08,16.58,16.85,16.379999,16.58,16571559,288283904.0
2017-09-11,16.629999,16.700001,16.26,16.639999,13921734,239971024.0
2017-09-12,16.559999,16.940001,16.33,16.57,16863282,294105504.0
2017-09-13,16.629999,16.629999,16.040001,16.110001,17707700,301619328.0
2017-09-14,16.110001,16.440001,16.030001,16.24,11702403,200080400.0
2017-09-15,16.23,16.370001,15.92,16.15,10102005,171027760.0
2017-09-18,16.18,16.889999,16.18,16.860001,20709010,361569152.0
2017-09-19,16.9,17.0,16.370001,16.48,18830200,329971360.0
2017-10-09,18.209999,18.209999,18.209999,18.209999,2324030,44226292.0
2017-10-10,20.110001,20.110001,19.030001,19.360001,120891952,2462521344.0
2017-10-11,19.57,19.57,18.26,18.290001,88244680,1740707456.0
2017-10-12,18.15,18.549999,18.059999,18.370001,42380024,811247744.0
2017-10-13,18.23,18.879999,17.93,18.68,46255308,893616768.0
2017-10-16,18.68,18.75,17.780001,17.969999,33851404,645833280.0
2017-10-17,17.93,18.73,17.879999,18.65,30662020,591049728.0
2017-10-18,18.58,19.129999,18.4,18.49,34153772,670260672.0
2017-10-19,18.299999,18.48,17.74,17.790001,27933280,527739872.0
2017-10-20,17.73,18.24,17.610001,18.15,17103360,321662336.0
2017-10-23,18.200001,18.67,17.99,18.48,20188074,389314432.0
2017-10-24,18.35,18.48,18.1,18.41,13669589,261042976.0
2017-10-25,18.309999,18.68,18.110001,18.34,17399216,333866560.0
2017-10-26,18.209999,19.1,17.98,19.0,38586892,753045504.0
2017-10-27,18.879999,19.08,18.6,18.76,22276476,437418560.0
2017-10-30,18.969999,20.110001,18.889999,19.58,58924256,1198744448.0
2017-10-31,19.4,21.389999,19.360001,20.9,58690040,1234327808.0
2017-11-01,20.780001,22.26,20.700001,21.620001,71390096,1606735488.0
2017-11-02,21.68,22.02,21.08,21.639999,54992512,1231382400.0
2017-11-03,21.58,23.07,21.26,22.18,61401428,1424464640.0
2017-11-06,22.59,23.059999,21.58,22.58,67603192,1567781760.0
2017-11-07,22.379999,23.09,22.26,22.74,47921444,1126719360.0
2017-11-08,22.58,22.77,21.76,21.879999,49425936,1136820864.0
2017-11-09,21.799999,22.5,21.73,22.33,37861672,869515200.0
2017-11-10,22.16,24.09,22.059999,23.559999,68788440,1662183296.0
2017-11-13,23.6,25.299999,23.34,24.870001,63654692,1598187648.0
2017-11-14,24.26,24.780001,23.129999,23.43,79318832,1966468480.0
2017-11-15,23.18,23.32,21.360001,22.08,67292000,1553725312.0
2017-11-16,21.93,22.620001,21.639999,22.52,40490192,930912448.0
2017-11-17,22.280001,23.16,21.620001,21.67,45400528,1055204352.0
2017-11-20,21.530001,23.6,21.4,23.48,51328532,1196733184.0
2017-11-21,23.25,23.91,23.030001,23.85,51430100,1249040896.0
2017-11-22,23.629999,24.85,22.709999,23.389999,59077224,1459196800.0
2017-11-23,23.690001,23.93,22.379999,22.709999,47240980,1126958464.0
2017-11-24,22.379999,22.68,21.290001,21.41,56036184,1275206784.0
2017-11-27,20.969999,21.08,19.379999,20.059999,49514824,1046062912.0
2017-11-28,19.9,21.18,19.84,21.059999,34039816,727006400.0
2017-11-29,20.83,20.889999,19.809999,20.43,28799026,609909376.0
2017-11-30,20.23,20.940001,20.059999,20.280001,30474484,649892992.0
2017-12-01,20.18,21.4,20.15,21.209999,37588212,822320512.0
2017-12-04,21.18,21.360001,20.540001,21.049999,25101034,546795392.0
2017-12-05,20.879999,21.24,19.860001,20.459999,28072344,598295488.0
2017-12-06,20.299999,21.68,20.24,21.65,44726524,985365312.0
2017-12-07,21.33,21.76,21.120001,21.370001,31121080,691310208.0
2017-12-08,21.18,22.629999,21.059999,22.4,44297800,1019953856.0
2017-12-11,22.190001,22.73,22.1,22.620001,41776924,973681024.0
2017-12-12,22.629999,23.23,22.32,22.450001,40853824,964392000.0
2017-12-13,22.290001,22.75,22.059999,22.700001,37220304,864388608.0
2017-12-14,22.450001,22.52,21.99,22.27,33197684,765286080.0
2017-12-15,22.18,22.43,20.33,20.59,54135632,1192078592.0
2017-12-18,20.6,20.77,19.93,20.280001,30419602,642957760.0
2017-12-19,20.280001,20.76,20.26,20.639999,21663254,463402688.0
2017-12-20,20.639999,20.74,19.780001,20.1,24725214,521647712.0
2017-12-21,19.98,20.969999,19.98,20.73,27231092,583568704.0
2017-12-22,20.73,20.92,20.370001,20.379999,18814744,403840672.0
2017-12-25,20.379999,20.65,19.290001,19.49,35528084,732692416.0
2017-12-26,19.459999,20.379999,19.18,20.23,25784608,528625984.0
2017-12-27,20.23,20.389999,19.49,19.620001,29264294,606999360.0
2017-12-28,19.379999,20.17,19.360001,19.92,22579804,467833312.0
2017-12-29,19.98,20.639999,19.98,20.51,31864800,676355584.0
2018-01-02,20.639999,21.280001,20.379999,21.17,32192180,697462016.0
2018-01-03,20.98,21.41,20.780001,21.1,30033944,659451008.0
2018-01-04,21.09,21.57,20.77,20.950001,35270880,775966528.0
2018-01-05,20.709999,20.959999,20.24,20.26,25751020,550111040.0
2018-01-08,20.139999,20.440001,19.559999,20.049999,33570760,691307712.0
2018-01-09,20.07,20.15,19.639999,20.040001,23941012,494416064.0
2018-01-10,19.93,20.27,19.459999,19.959999,29149192,601493056.0
2018-01-11,19.74,20.18,19.48,19.92,26023784,539859264.0
2018-01-12,19.99,20.309999,19.709999,19.76,19035488,395627840.0
2018-01-15,19.59,19.629999,17.75,17.969999,54139368,1047704896.0
2018-01-16,17.780001,18.09,17.43,17.67,33454292,620270208.0
2018-01-17,17.620001,18.23,17.01,17.85,36525264,673132864.0
2018-01-18,17.68,18.02,17.5,17.780001,18790980,349813152.0
2018-01-19,17.790001,18.33,17.790001,17.959999,20982346,395494208.0
2018-01-22,17.959999,18.620001,17.43,18.51,25430332,483751872.0
2018-01-23,18.58,18.76,18.370001,18.530001,18694508,362234368.0
2018-01-24,18.5,19.700001,18.290001,19.629999,38032296,759445888.0
2018-01-25,19.48,19.66,19.0,19.07,19226104,388094880.0
2018-01-26,19.040001,19.549999,19.030001,19.1,13638074,273740832.0
2018-01-29,19.08,19.440001,17.860001,18.0,30303792,583833984.0
2018-01-30,18.01,18.309999,17.889999,18.139999,13085212,248309664.0
2018-01-31,17.92,18.299999,17.76,18.08,15734930,297523232.0
2018-02-01,17.950001,18.32,17.379999,17.41,19748496,368351200.0
2018-02-02,17.459999,18.08,17.030001,17.690001,20806140,384455776.0
2018-02-05,17.379999,17.59,17.0,17.15,21445912,386448608.0
2018-02-06,16.48,16.799999,16.0,16.02,33901056,583483456.0
2018-02-07,16.549999,16.629999,15.6,16.379999,27978902,477924480.0
2018-02-08,16.33,16.99,16.299999,16.73,20875806,367172768.0
2018-02-09,16.190001,16.889999,15.99,16.34,21252704,367100576.0
2018-02-12,16.469999,17.18,16.469999,17.02,26075260,461518048.0
2018-02-13,17.08,17.51,16.809999,16.84,22357472,400408992.0
2018-02-14,16.93,17.0,16.43,16.690001,10629994,185727408.0
2018-02-22,16.84,17.540001,16.809999,17.27,18074162,326851392.0
2018-02-23,17.26,17.42,16.99,17.309999,13384388,241475440.0
2018-02-26,17.469999,19.02,17.370001,18.57,49374840,943490304.0
2018-02-27,18.700001,19.33,18.59,18.68,45164540,893443136.0
2018-02-28,18.620001,19.34,18.440001,18.959999,32034072,635798016.0
2018-03-01,18.83,20.18,18.65,19.879999,44728488,909417280.0
2018-03-02,19.629999,20.379999,19.35,19.709999,33704792,693762240.0
2018-03-05,19.83,20.219999,19.49,20.209999,31876264,660368704.0
2018-03-06,20.27,21.059999,20.049999,20.200001,48240492,1030061504.0
2018-03-07,20.059999,20.65,20.040001,20.17,26175616,553535104.0
2018-03-08,20.110001,20.290001,19.629999,19.879999,23116188,478308288.0
2018-03-09,19.879999,20.83,19.879999,20.809999,37151512,790993536.0
2018-03-12,21.01,21.540001,20.85,21.049999,36362840,798927360.0
2018-03-13,21.07,21.299999,20.68,20.719999,26454020,575489280.0
2018-03-14,20.58,20.76,19.99,20.040001,26001972,551020480.0
2018-03-15,19.83,20.5,19.799999,20.49,22898688,481042272.0
2018-03-16,20.48,20.65,19.68,19.790001,22651952,473655488.0
2018-03-19,19.91,20.82,19.870001,20.58,28592866,607359360.0
2018-03-20,20.379999,20.76,20.0,20.59,19771384,420004544.0
2018-03-21,20.629999,20.870001,20.01,20.040001,24671006,526564736.0
2018-03-22,20.1,20.530001,19.799999,19.889999,24290892,509957984.0
2018-03-23,18.639999,19.219999,17.82,18.09,48739464,939439104.0
2018-03-26,17.690001,18.950001,17.68,18.940001,37296016,720862592.0
2018-03-27,19.18,19.799999,19.16,19.709999,37823176,767494976.0
2018-03-28,19.27,19.690001,19.07,19.43,21974120,444779616.0
2018-03-29,19.629999,19.719999,18.98,19.469999,20355832,410388224.0
2018-03-30,19.530001,21.030001,19.360001,20.92,45476472,959096000.0
2018-04-02,21.08,21.93,20.59,21.379999,63529916,1400053504.0
2018-04-03,20.93,21.200001,20.34,21.01,43077192,929759680.0
2018-04-04,21.299999,21.379999,20.25,20.35,31599106,681799168.0
2018-04-09,20.17,20.809999,19.9,20.17,28926832,612556608.0
2018-04-10,20.18,20.35,19.190001,19.860001,29138952,598264896.0
2018-04-11,19.98,20.23,19.51,19.709999,27599588,569434368.0
2018-04-12,19.68,20.459999,19.559999,20.299999,36674256,769790144.0
2018-04-13,20.43,21.1,20.18,20.860001,39688804,854252096.0
2018-04-16,20.73,21.92,20.68,21.83,56132280,1245808640.0
2018-04-17,21.870001,22.030001,20.49,21.040001,57638204,1276636672.0
2018-04-18,21.34,23.059999,21.129999,22.549999,89973872,2065110656.0
2018-04-19,22.379999,22.889999,21.91,22.15,66647164,1549339264.0
2018-04-20,22.18,22.68,21.58,21.629999,63245096,1458165504.0
2018-04-23,21.83,22.82,21.200001,22.27,72377304,1651783296.0
2018-04-24,21.98,23.629999,21.469999,23.370001,81882504,1919209216.0
2018-04-25,22.969999,23.370001,22.51,22.719999,56141476,1333357056.0
2018-04-26,22.65,23.280001,22.23,22.33,55275424,1300378496.0
2018-04-27,22.66,22.76,21.280001,21.57,45815740,1032113792.0
2018-05-02,20.83,20.98,19.4,19.76,76168160,1584473984.0
2018-05-03,19.530001,20.120001,19.049999,20.01,43242384,881680384.0
2018-05-04,19.09,19.93,19.01,19.24,52587648,1059930880.0
2018-05-07,19.33,19.75,19.139999,19.57,30123892,613215168.0
2018-05-08,19.67,19.67,19.18,19.34,28054414,565312640.0
2018-05-09,19.280001,19.690001,19.26,19.41,23939224,486305600.0
2018-05-10,19.459999,19.5,18.940001,19.17,29875000,596179520.0
2018-05-11,19.18,19.200001,18.530001,18.57,31017486,608558080.0
2018-05-14,18.559999,19.08,18.4,18.91,28387754,559364992.0
2018-05-15,18.91,19.360001,18.91,19.34,26417868,527050176.0
2018-05-16,19.200001,19.469999,19.18,19.23,18808084,378277760.0
2018-05-17,19.200001,19.389999,19.0,19.049999,14483363,290033568.0
2018-05-18,19.02,19.200001,18.76,19.0,12694542,250716416.0
2018-05-21,19.17,19.700001,19.09,19.57,26257192,532997504.0
2018-05-22,19.540001,19.74,19.299999,19.629999,18194346,369925888.0
2018-05-23,19.51,19.940001,19.4,19.450001,25706236,526210336.0
2018-05-24,19.459999,19.59,19.059999,19.08,17665408,354214336.0
2018-05-25,19.07,19.17,18.6,18.700001,15695963,307151616.0
2018-05-28,18.700001,19.139999,18.459999,19.02,17593394,346714336.0
2018-05-29,18.940001,19.17,18.26,18.35,18553632,360691040.0
2018-05-30,18.209999,18.65,17.889999,18.16,18675290,356480064.0
2018-05-31,18.25,18.43,17.82,18.139999,17317956,326791424.0
2018-06-01,18.02,18.059999,17.4,17.549999,19089480,352979744.0
2018-06-04,17.610001,17.85,17.139999,17.629999,15342387,281664864.0
2018-06-05,17.799999,18.18,17.73,18.17,13705639,257238192.0
2018-06-06,18.030001,18.280001,17.98,18.1,10783839,203897728.0
2018-06-07,18.16,18.25,17.719999,17.74,9693890,181249792.0
2018-06-08,17.700001,17.950001,17.48,17.790001,10966391,203214592.0
2018-06-11,17.700001,17.879999,17.200001,17.34,13221656,240944832.0
2018-06-12,17.299999,17.540001,16.860001,17.440001,16518376,296410432.0
2018-06-13,17.48,17.85,17.139999,17.59,18532424,341226432.0
2018-06-14,17.4,17.799999,17.389999,17.690001,15111351,279236352.0
2018-06-15,17.709999,17.85,17.040001,17.219999,18275264,331448672.0
2018-06-19,16.950001,17.379999,15.42,15.85,27047044,463198048.0
2018-06-20,15.84,16.299999,15.72,16.129999,16506688,278095104.0
2018-06-21,16.139999,16.15,15.05,15.06,22619644,368138944.0
2018-06-22,15.05,15.4,14.76,15.26,12827731,205197824.0
2018-06-25,15.42,15.47,14.85,14.94,11633076,185750048.0
2018-06-26,14.68,15.74,14.52,15.48,17919856,288190560.0
2018-06-27,15.48,15.89,15.36,15.49,13025972,213408496.0
2018-06-28,15.35,15.71,15.17,15.21,10727302,173946816.0
2018-06-29,15.25,16.219999,15.25,16.139999,19182064,319265856.0
2018-07-02,16.18,16.32,15.71,15.98,17229576,289992320.0
2018-07-03,15.92,16.68,15.6,16.58,23335260,396688128.0
2018-07-04,16.35,16.41,15.76,15.81,18627988,313840096.0
2018-07-05,15.8,15.99,15.16,15.2,16802316,274038688.0
2018-07-06,15.33,16.1,15.08,15.63,21663680,355777408.0
2018-07-09,15.58,15.99,15.55,15.91,14795454,245909968.0
2018-07-10,15.89,15.95,15.54,15.84,14139900,233897680.0
2018-07-11,15.5,15.5,14.64,14.88,21162824,335284608.0
2018-07-12,14.92,15.91,14.92,15.76,26943340,441662752.0
2018-07-13,15.76,16.25,15.7,16.08,21247230,356933280.0
2018-07-16,16.18,16.549999,16.0,16.17,18966678,324562176.0
2018-07-17,16.23,16.629999,16.110001,16.620001,20194966,346877696.0
2018-07-18,16.690001,16.76,16.02,16.040001,20774626,356498272.0
2018-07-19,16.08,16.110001,15.64,15.97,13057851,217755056.0
2018-07-20,15.88,16.32,15.64,16.26,19175496,323353920.0
2018-07-23,16.200001,16.950001,16.110001,16.709999,23242632,406060384.0
2018-07-24,16.74,16.99,16.52,16.84,17357456,305965376.0
2018-07-25,16.83,17.34,16.780001,16.85,17200908,306541568.0
2018-07-26,16.809999,16.93,16.190001,16.290001,17208730,296660896.0
2018-07-27,16.190001,16.41,16.040001,16.33,10818028,184309088.0
2018-07-30,16.23,16.389999,15.75,16.0,11645449,195501488.0
2018-07-31,16.030001,16.139999,15.78,15.97,7833312,131244992.0
2018-08-01,15.95,16.42,15.61,15.65,13622040,230180592.0
2018-08-02,15.49,15.78,15.08,15.52,14171995,229971840.0
2018-08-03,15.45,15.65,15.14,15.19,8410149,135598880.0
2018-08-06,15.12,15.37,14.96,15.26,10216483,163825024.0
2018-08-07,15.38,15.61,14.98,15.59,14376945,232903376.0
2018-08-08,15.48,15.59,15.02,15.11,10826056,174265376.0
2018-08-09,15.05,15.82,15.01,15.69,19588374,321577856.0
2018-08-10,15.61,15.78,15.37,15.65,13380845,218941968.0
2018-08-13,15.42,16.200001,15.32,15.99,17886422,297301280.0
2018-08-14,15.93,15.99,15.69,15.99,10190232,169659872.0
2018-08-15,15.98,16.049999,15.33,15.42,12306752,202569552.0
2018-08-16,15.32,15.87,15.26,15.52,12250639,201161920.0
2018-08-17,15.75,16.059999,15.42,15.49,10917173,180599744.0
2018-08-20,15.48,15.8,15.41,15.77,9930850,163298912.0
2018-08-21,15.79,16.08,15.56,15.97,12304368,205323504.0
2018-08-22,15.9,16.049999,15.63,15.67,8093508,134521776.0
2018-08-23,15.56,15.92,15.28,15.31,18804824,308031360.0
2018-08-24,15.3,15.49,14.62,14.93,19775264,312587424.0
2018-08-27,15.0,15.29,14.77,15.24,14266185,227174832.0
2018-08-28,15.35,15.42,15.05,15.21,10452414,167214368.0
2018-08-29,15.18,15.2,14.56,14.7,17517030,273360544.0
2018-08-30,14.79,14.85,13.92,14.04,17932214,270673888.0
2018-08-31,14.05,14.16,13.87,14.06,9564874,141907968.0
2018-09-03,14.2,14.29,13.83,14.29,12408780,184515440.0
2018-09-04,14.24,14.65,14.16,14.61,12032515,183510880.0
2018-09-05,14.59,14.59,14.21,14.24,6123634,93052552.0
2018-09-06,14.18,14.56,14.08,14.23,6730647,101939720.0
2018-09-07,14.32,14.5,13.58,13.98,10088495,149939008.0
2018-09-10,13.95,14.15,13.16,13.22,11582643,165445872.0
2018-09-11,13.24,13.49,13.1,13.33,8495038,119465664.0
2018-09-12,13.35,13.56,13.27,13.4,6435225,91487568.0
2018-09-13,13.4,13.5,11.98,11.98,45969328,601196736.0
2018-09-14,11.73,11.9,11.17,11.28,30666020,376551840.0
2018-09-17,11.17,11.32,10.87,11.12,12187795,145441296.0
2018-09-18,11.05,11.35,10.96,11.35,14123412,169418928.0
2018-09-19,11.31,11.79,11.23,11.56,21051436,259655552.0
2018-09-20,11.56,11.75,11.41,11.44,9547538,118121424.0
2018-09-21,11.44,11.82,11.41,11.72,12682465,157981616.0
2018-09-25,11.7,11.94,11.66,11.76,8482136,106617088.0
2018-09-26,12.1,12.29,12.03,12.09,17722400,229561248.0
2018-09-27,12.04,12.24,11.8,11.8,10845242,138523184.0
2018-09-28,11.87,12.29,11.82,12.2,11812584,152224768.0
2018-10-08,11.87,11.93,11.49,11.55,12862487,160209568.0
2018-10-09,11.49,11.68,11.29,11.41,6865969,83977256.0
2018-10-10,11.46,11.6,11.14,11.51,7628408,93261304.0
2018-10-11,10.9,11.2,10.28,10.49,24413052,279250080.0
2018-10-12,10.4,10.5,9.7,9.84,23145920,251059056.0
2018-10-15,9.95,10.11,9.53,9.59,16743097,178704064.0
2018-10-16,9.59,9.84,9.01,9.1,17215756,175422160.0
2018-10-17,9.31,9.55,8.98,9.41,16597756,167796608.0
2018-10-18,9.38,9.46,9.14,9.22,11205141,113225200.0
2018-10-19,9.05,9.58,8.98,9.58,13920523,141637472.0
2018-10-22,9.75,10.25,9.61,10.1,22056132,237570160.0
2018-10-23,10.07,10.1,9.64,9.72,12617360,134408528.0
2018-10-24,9.7,9.81,9.47,9.57,10866385,113195832.0
2018-10-25,9.1,9.44,8.96,9.38,17585352,174910464.0
2018-10-26,9.54,9.59,9.42,9.47,8858464,91280440.0
2018-10-29,9.36,9.54,9.15,9.21,9714493,98108848.0
2018-10-30,9.08,9.35,9.0,9.2,10954851,109692800.0
2018-10-31,9.12,9.57,9.12,9.42,15644617,158742848.0
2018-11-01,9.53,9.9,9.49,9.53,20668740,215850944.0
2018-11-02,9.73,10.02,9.67,10.02,26514580,282635296.0
2018-11-05,9.91,10.13,9.7,9.9,20708496,222152640.0
2018-11-06,9.9,9.9,9.46,9.69,18589420,193910928.0
2018-11-07,9.68,9.91,9.65,9.73,15798594,167465920.0
2018-11-08,9.85,9.86,9.4,9.42,13423557,139944528.0
2018-11-09,9.42,9.71,9.38,9.52,11956144,124248928.0
2018-11-12,9.55,10.04,9.5,9.94,18751200,198708544.0
2018-11-13,9.76,10.37,9.75,10.16,23738012,257463056.0
2018-11-14,10.17,10.48,10.08,10.23,23652302,262155264.0
2018-11-15,10.27,10.38,10.16,10.36,16669389,184613568.0
2018-11-16,10.4,10.66,10.29,10.59,20871664,235888256.0
2018-11-19,10.53,10.59,10.18,10.3,21572240,239465008.0
2018-11-20,10.17,10.47,9.9,9.9,22118056,243057520.0
2018-11-21,9.76,10.05,9.72,9.99,13723728,147472112.0
2018-11-22,10.07,10.26,9.9,9.97,13327887,144473776.0
2018-11-23,10.0,10.01,9.31,9.32,19490884,201987312.0
2018-11-26,9.32,9.49,9.15,9.19,13658143,137743280.0
2018-11-27,9.32,9.34,9.11,9.21,10515123,105443392.0
2018-11-28,9.2,9.36,9.07,9.36,12507309,125490928.0
2018-11-29,9.5,9.62,9.17,9.18,17424560,178408560.0
2018-11-30,9.17,9.28,8.89,9.2,16053519,158480016.0
2018-12-03,9.51,9.7,9.37,9.64,22777630,236404528.0
2018-12-04,9.6,9.6,9.44,9.59,16670970,172092432.0
2018-12-05,9.41,9.48,9.3,9.46,10337657,105414184.0
2018-12-06,9.38,9.38,9.06,9.15,15157104,151509872.0
2018-12-07,9.15,9.25,9.11,9.17,7491700,74825200.0
2018-12-10,9.19,9.24,9.1,9.14,8034023,80126288.0
2018-12-11,9.14,9.22,9.08,9.14,7250152,72032848.0
2018-12-12,9.17,9.22,9.11,9.14,6210996,61846808.0
2018-12-13,9.16,9.31,9.04,9.24,11839782,118440736.0
2018-12-14,9.22,9.22,8.93,8.93,12883300,126921528.0
2018-12-17,8.91,8.92,8.68,8.74,9139993,87408808.0
2018-12-18,8.7,8.78,8.56,8.63,7167124,67764968.0
2018-12-19,8.65,8.67,8.17,8.21,18877276,172427744.0
2018-12-20,8.16,8.27,8.03,8.16,10243614,91796136.0
2018-12-21,8.13,8.2,8.01,8.1,7648668,68073656.0
2018-12-24,8.03,8.17,8.03,8.14,8404793,74900960.0
2018-12-25,8.0,8.09,7.68,8.03,16271154,140708176.0
2018-12-26,8.03,8.08,7.88,7.89,7027526,61637136.0
2018-12-27,8.06,8.12,7.68,7.7,10130170,88102200.0
2018-12-28,7.7,7.77,7.4,7.44,15763944,131218528.0
2019-01-02,7.49,7.57,7.4,7.43,8363155,69157776.0
2019-01-03,7.41,7.58,7.38,7.39,9927576,81892928.0
2019-01-04,7.35,7.64,7.24,7.59,16152791,133730920.0
2019-01-07,7.64,7.95,7.57,7.89,16958710,145885424.0
2019-01-08,7.87,7.88,7.76,7.8,9237549,79556384.0
2019-01-09,7.84,8.34,7.78,8.06,29450712,261958528.0
2019-01-10,8.0,8.15,7.88,7.93,13307491,117112152.0
2019-01-11,7.92,8.03,7.83,7.97,9721429,84995648.0
2019-01-14,7.89,7.98,7.76,7.77,9385699,81117592.0
2019-01-15,7.76,7.94,7.73,7.92,12556046,108558976.0
2019-01-16,7.93,8.06,7.9,7.9,10948557,95816904.0
2019-01-17,7.87,7.89,7.45,7.48,21049998,176624016.0
2019-01-18,7.48,8.31,7.46,8.31,33864064,294583296.0
2019-01-21,8.49,9.18,8.38,8.68,61889496,584568384.0
2019-01-22,8.59,9.45,8.47,9.2,64859276,629064832.0
2019-01-23,9.08,9.14,8.9,9.04,36156780,354929920.0
2019-01-24,8.93,9.81,8.92,9.39,62189312,635273600.0
2019-01-25,9.33,9.73,9.22,9.38,46775444,478099136.0
2019-01-28,9.48,9.48,8.98,9.17,31866610,318282848.0
2019-01-29,9.05,9.15,8.77,8.96,24952980,243349792.0
2019-01-30,8.86,9.04,8.51,8.59,27625950,264000576.0
2019-01-31,7.75,8.52,7.75,8.09,44469132,397367584.0
2019-02-01,8.28,8.98,8.2,8.98,36766168,351216896.0
2019-02-11,9.41,9.5,9.11,9.35,44652168,453394080.0
2019-02-12,9.35,9.77,9.28,9.41,46215104,475640960.0
2019-02-13,9.48,10.17,9.48,9.85,66134244,704001664.0
2019-02-14,9.77,10.01,9.53,9.89,42536760,451121344.0
2019-02-15,9.89,10.41,9.79,10.16,53164576,579779392.0
2019-02-18,10.54,11.26,10.23,11.26,41780244,481884864.0
2019-02-19,12.47,12.47,12.23,12.47,50529696,670283456.0
2019-02-20,12.9,13.0,11.9,12.3,116137464,1536570112.0
2019-02-21,12.16,13.61,12.06,13.1,132908384,1830504448.0
2019-02-22,12.95,13.75,12.76,13.42,111884832,1579343872.0
2019-02-25,13.58,14.7,13.58,13.94,119540256,1778765312.0
2019-02-26,13.94,14.15,13.25,13.5,89891080,1297708032.0
2019-02-27,13.33,13.45,12.58,12.88,79286712,1089421184.0
2019-02-28,12.74,13.12,12.71,12.84,37017460,507185536.0
2019-03-01,13.08,13.08,12.25,12.62,51722040,688050304.0
2019-03-04,12.85,13.52,12.52,12.95,77564344,1068596288.0
2019-03-05,12.65,14.33,12.55,14.33,83126800,1198628352.0
2019-03-06,14.84,15.15,13.83,14.2,117934488,1786132096.0
2019-03-07,13.9,14.22,13.58,13.9,80940512,1188880384.0
2019-03-08,13.5,15.37,13.22,15.1,165795440,2632525312.0
2019-03-11,15.69,16.190001,14.47,14.81,148367280,2364493312.0
2019-03-12,14.86,15.64,14.56,15.32,109517536,1726589440.0
2019-03-13,15.05,15.1,14.08,14.27,81099720,1252166784.0
2019-03-14,14.02,14.03,13.12,13.24,56636980,808113728.0
2019-03-15,13.37,13.55,12.81,13.01,45963228,643547456.0
2019-03-18,13.04,13.49,12.86,13.48,36262320,511166400.0
2019-03-19,13.38,14.04,13.3,13.5,41177348,592818048.0
2019-03-20,13.52,13.76,12.97,13.33,31203676,441663936.0
2019-03-21,13.39,13.98,13.38,13.65,52574024,762097152.0
2019-03-22,13.7,14.38,13.67,13.99,60965632,903446336.0
2019-03-25,13.6,14.46,13.42,14.17,56026016,832064384.0
2019-03-26,14.21,14.38,13.03,13.2,53680508,776230848.0
2019-03-27,13.22,13.43,12.2,12.9,53551548,732667200.0
2019-03-28,12.74,13.63,12.74,12.88,46069764,645595520.0
2019-03-29,12.78,13.42,12.41,13.31,46676832,644892544.0
2019-04-01,13.51,14.04,13.51,13.87,45471516,664978304.0
2019-04-02,14.08,14.4,13.84,13.92,55894364,833538752.0
2019-04-03,13.93,14.27,13.79,13.94,33253332,492305216.0
2019-04-04,14.2,14.4,13.9,14.02,44100064,657606016.0
2019-04-08,14.07,14.1,13.18,13.31,54068036,775772672.0
2019-04-09,13.21,13.64,13.09,13.32,26918284,380608896.0
2019-04-10,13.2,13.37,13.01,13.2,23716076,331943104.0
2019-04-11,13.2,13.28,12.72,12.76,26211362,359216864.0
2019-04-12,12.78,12.91,12.62,12.73,15039389,203858656.0
2019-04-15,13.01,13.38,12.73,12.77,26772080,372250112.0
2019-04-16,12.45,13.17,12.27,13.14,33685144,454922848.0
2019-04-17,13.56,14.19,13.5,13.52,64570264,943626240.0
2019-04-18,13.52,14.09,13.23,13.78,50340948,728693888.0
2019-04-19,13.64,13.79,13.42,13.57,26056814,374816192.0
2019-04-22,13.48,14.06,13.45,13.84,44594352,651832704.0
2019-04-23,13.69,13.79,12.9,13.04,39343928,552093504.0
2019-04-24,12.93,14.42,12.59,13.88,66936496,967018688.0
2019-04-25,13.59,13.76,13.0,13.08,39085048,554741696.0
2019-04-26,12.83,13.56,12.71,12.9,34576164,486027680.0
2019-04-29,12.21,12.6,11.95,12.2,35655736,465495296.0
2019-04-30,11.7,12.08,11.3,11.44,33514508,418019776.0
2019-05-06,11.0,11.0,10.22,10.22,37273068,418294080.0
2019-05-07,10.25,10.41,9.78,10.29,30033444,328667872.0
2019-05-08,9.89,10.74,9.79,10.28,33982180,379483680.0
2019-05-09,10.4,10.98,10.25,10.29,38667232,438670912.0
2019-05-10,10.35,11.08,9.72,11.05,48562852,557747392.0
2019-05-13,10.8,10.98,10.46,10.56,37085992,426337536.0
2019-05-14,10.47,10.64,10.28,10.33,33117872,371793952.0
2019-05-15,10.48,10.53,10.25,10.4,33560288,374914912.0
2019-05-16,10.36,10.5,10.14,10.41,24893438,277276096.0
2019-05-17,10.65,10.95,10.39,10.66,69304512,797821504.0
2019-05-20,11.7,11.81,11.7,11.81,23755956,299083904.0
2019-05-21,12.11,12.69,11.31,12.35,104215120,1340054144.0
2019-05-22,12.0,12.49,11.86,12.42,72319144,939895616.0
2019-05-23,12.4,13.74,12.04,13.74,121662184,1673037312.0
2019-05-24,13.2,13.7,12.29,12.32,103921008,1433653888.0
2019-05-27,12.74,13.63,12.5,13.63,50744336,714908928.0
2019-05-28,14.21,14.85,13.95,14.35,194975360,2961490176.0
2019-05-29,14.6,15.35,14.22,14.73,179421280,2791313408.0
2019-05-30,14.35,14.48,13.58,14.07,116429136,1730477952.0
2019-05-31,13.9,14.47,13.72,14.03,97539744,1455507968.0
2019-06-03,14.05,14.15,13.22,13.55,89049984,1278179840.0
2019-06-04,13.3,13.84,12.98,13.25,76872880,1092738944.0
2019-06-05,13.39,13.45,12.79,12.83,64054564,892618624.0
2019-06-06,12.85,13.23,12.58,12.82,66196004,911001984.0
2019-06-10,12.8,13.18,12.65,13.04,46955544,645753088.0
2019-06-11,12.92,13.58,12.73,13.39,77550368,1093028480.0
2019-06-12,12.81,13.18,12.6,13.08,96862656,1321598464.0
2019-06-13,12.81,13.06,12.6,12.76,48704120,661453312.0
2019-06-14,13.07,13.19,11.83,11.9,74015488,973369600.0
2019-06-17,11.75,11.83,11.42,11.6,33328300,413368544.0
2019-06-18,11.61,11.65,11.24,11.42,31579412,386468768.0
2019-06-19,11.77,11.95,11.54,11.58,50112556,629994176.0
2019-06-20,11.54,11.98,11.39,11.85,44347552,556356224.0
2019-06-21,11.95,12.32,11.9,12.11,47478220,613082496.0
2019-06-24,12.05,12.37,11.95,12.25,34636880,448729376.0
2019-06-25,12.19,12.19,11.72,11.86,30055542,381440512.0
2019-06-26,11.77,12.32,11.73,12.16,41429824,535887584.0
2019-06-27,12.16,12.58,12.16,12.41,49751152,656238976.0
2019-06-28,12.24,12.36,11.85,12.05,35653376,458362176.0
2019-07-01,12.49,12.97,12.3,12.78,62703728,842730624.0
2019-07-02,12.7,12.87,12.43,12.53,36429652,488602080.0
2019-07-03,12.44,12.5,11.82,12.0,47703596,614408448.0
2019-07-04,11.99,12.06,11.49,11.62,36848640,461530240.0
2019-07-05,11.62,11.87,11.58,11.64,34044752,425283968.0
2019-07-08,11.6,11.6,10.88,10.99,43329540,517068576.0
2019-07-09,10.94,11.12,10.84,11.04,21745812,256254464.0
2019-07-10,11.02,11.22,10.86,10.96,18814208,223254816.0
2019-07-11,11.04,11.14,10.72,10.9,18528488,217563552.0
2019-07-12,10.9,11.24,10.8,11.09,23408028,278344256.0
2019-07-15,10.93,11.45,10.83,11.35,29146000,350117216.0
2019-07-16,11.26,11.51,11.26,11.36,17757506,216304960.0
2019-07-17,11.37,12.0,11.37,11.78,50230048,631492928.0
2019-07-18,11.6,11.72,11.44,11.45,23617400,291500224.0
2019-07-19,11.58,11.69,11.41,11.44,15690188,193424544.0
2019-07-22,11.55,11.78,10.9,11.34,31162546,379468640.0
2019-07-23,11.38,11.88,11.35,11.81,34844004,434592608.0
2019-07-24,11.95,12.45,11.83,12.19,59983992,782578880.0
2019-07-25,12.21,12.82,12.2,12.46,63200460,842263040.0
2019-07-26,12.55,12.76,12.27,12.4,43551616,579016128.0
2019-07-29,12.55,13.35,12.55,13.04,61822304,856895872.0
2019-07-30,12.96,13.25,12.79,12.92,50944280,704257472.0
2019-07-31,12.93,13.52,12.93,13.31,61042932,861540160.0
2019-08-01,13.2,13.5,13.09,13.26,39390024,553232064.0
2019-08-02,12.73,13.25,12.61,13.0,43223768,595152704.0
2019-08-05,12.95,13.38,12.77,12.85,41575768,576518528.0
2019-08-06,12.41,12.73,11.97,12.56,50448192,664154176.0
2019-08-07,12.75,12.8,12.0,12.0,36073584,473691648.0
2019-08-08,11.9,13.28,11.9,13.28,77424728,1056696576.0
2019-08-09,13.63,13.72,12.96,13.1,85452512,1207254272.0
2019-08-12,13.36,13.84,13.02,13.79,82816176,1179723776.0
2019-08-13,13.57,13.65,13.25,13.49,61714484,879896000.0
2019-08-14,13.85,14.2,13.25,13.27,75230928,1096175488.0
2019-08-15,12.8,14.19,12.75,14.15,74748192,1073834752.0
2019-08-16,14.09,14.25,13.88,13.89,58627996,870947584.0
2019-08-19,14.06,14.51,13.81,14.4,77240904,1163413120.0
2019-08-20,14.4,14.44,14.1,14.33,41442460,623589376.0
2019-08-21,14.25,14.47,13.93,14.1,40739360,608902016.0
2019-08-22,14.09,14.65,13.8,14.02,56586100,849121152.0
2019-08-23,13.91,14.0,13.42,13.52,50573248,730981504.0
2019-08-26,13.2,13.69,13.08,13.36,42664920,604731200.0
2019-08-27,13.45,13.83,13.3,13.5,42328112,609492160.0
2019-08-28,13.4,14.34,13.23,14.05,62020348,910290432.0
2019-08-29,13.4,14.63,13.21,14.26,92705112,1372289024.0
2019-08-30,14.27,14.8,13.98,14.08,70411464,1065271616.0
2019-09-02,14.09,14.42,13.72,14.4,61668596,919260992.0
2019-09-03,14.31,14.76,14.17,14.48,69494096,1059859968.0
2019-09-04,14.39,16.01,14.38,16.01,161394384,2674180864.0
2019-09-05,16.0,16.74,15.6,16.25,136396496,2303950848.0
2019-09-06,16.17,16.530001,15.8,16.51,98155952,1667579648.0
2019-09-09,17.08,17.6,16.59,17.530001,124360728,2227403008.0
2019-09-10,17.950001,18.91,17.4,17.950001,116108800,2191455232.0
2019-09-11,18.33,18.700001,17.85,18.24,93073840,1778264960.0
2019-09-12,18.200001,18.389999,17.66,17.889999,70593504,1322996992.0
2019-09-16,18.110001,19.08,17.959999,18.6,88928960,1714906624.0
2019-09-17,18.25,18.370001,17.440001,17.48,75837776,1413441408.0
2019-09-18,17.610001,17.950001,17.24,17.68,59764324,1102535808.0
2019-09-19,17.780001,18.620001,17.67,18.290001,66402512,1263326848.0
2019-09-20,18.200001,19.27,18.200001,19.110001,87688472,1721820800.0
2019-09-23,19.190001,19.59,18.4,19.17,66461656,1316032000.0
2019-09-24,19.200001,19.68,18.889999,19.25,65469116,1313867520.0
2019-09-25,18.940001,18.969999,17.6,17.629999,78785120,1492801152.0
2019-09-26,17.83,18.040001,17.0,17.32,71678400,1309039616.0
2019-09-27,17.450001,17.52,16.92,17.16,43142496,778639552.0
2019-09-30,17.15,17.15,16.26,16.41,40011488,701110784.0
2019-10-08,16.68,16.98,15.99,16.200001,40444588,699746688.0
2019-10-09,15.92,16.5,15.86,16.33,37777700,640763904.0
2019-10-10,16.25,16.629999,16.1,16.5,46891392,804382272.0
2019-10-11,16.48,16.780001,15.81,15.87,55816088,946934144.0
2019-10-14,16.200001,17.49,16.08,17.200001,67193776,1185251072.0
2019-10-15,17.01,17.17,16.200001,16.34,42739780,738282944.0
2019-10-16,16.25,16.440001,15.89,16.049999,26372944,445748128.0
2019-10-17,16.059999,16.219999,15.59,15.9,23269540,388995200.0
2019-10-18,15.91,16.15,15.16,15.45,37067712,607708416.0
2019-10-21,15.46,15.53,14.91,15.48,23191776,373741120.0
2019-10-22,15.52,16.1,15.52,15.96,32249624,537833152.0
2019-10-23,15.85,16.59,15.8,16.16,35004708,596749760.0
2019-10-24,16.08,16.370001,15.69,15.98,21756314,365642112.0
2019-10-25,15.9,16.719999,15.62,16.51,34074300,582212160.0
2019-10-28,16.780001,18.15,16.77,17.68,64463844,1177918848.0
2019-10-29,17.58,18.549999,17.389999,17.950001,69407600,1308995584.0
2019-10-30,17.860001,18.68,17.35,17.700001,70683872,1334052608.0
2019-10-31,17.700001,18.379999,17.450001,17.860001,52191444,979494784.0
2019-11-01,17.629999,18.17,17.379999,17.950001,39978848,745098112.0
2019-11-04,18.049999,18.34,17.780001,18.25,37335928,705836736.0
2019-11-05,18.16,18.549999,18.0,18.290001,42138680,804551552.0
2019-11-06,18.200001,18.360001,17.65,17.709999,39100120,732241280.0
2019-11-07,17.870001,17.98,17.360001,17.77,35123080,649260544.0
2019-11-08,17.969999,18.219999,17.42,17.450001,32701966,609244608.0
2019-11-11,17.08,17.610001,16.83,16.860001,30080692,539394304.0
2019-11-12,16.879999,17.18,16.629999,16.9,25012486,441477920.0
2019-11-13,16.9,18.129999,16.65,18.1,56987912,1048098624.0
2019-11-14,17.93,19.780001,17.93,19.299999,86606752,1709318656.0
2019-11-15,19.299999,19.969999,18.790001,19.0,73490224,1491047552.0
2019-11-18,19.299999,19.719999,18.959999,19.35,51693760,1042060736.0
2019-11-19,19.309999,19.780001,19.120001,19.65,46132400,933868224.0
2019-11-20,19.41,19.73,19.15,19.17,41541512,839496000.0
2019-11-21,19.299999,19.549999,18.9,19.25,35988224,720823040.0
2019-11-22,19.32,20.6,18.709999,19.379999,74693680,1525404800.0
2019-11-25,19.32,19.700001,17.700001,17.809999,64730124,1242779904.0
2019-11-26,17.889999,19.1,17.889999,18.85,57272660,1116210176.0
2019-11-27,18.65,20.780001,18.4,20.4,78074192,1625041920.0
2019-11-28,20.18,20.75,20.049999,20.219999,48665128,1027879488.0
2019-11-29,20.370001,20.440001,19.58,19.92,40034548,830954368.0
2019-12-02,20.0,20.66,19.83,20.309999,45951080,969810688.0
2019-12-03,19.99,21.299999,19.75,21.030001,56475500,1207258368.0
2019-12-04,20.879999,22.1,20.73,21.25,70700536,1576874624.0
2019-12-05,21.450001,22.33,21.01,21.559999,68195448,1535139456.0
2019-12-06,21.610001,21.99,21.25,21.99,45795056,1027199040.0
2019-12-09,22.1,23.549999,21.9,22.1,97571888,2288161024.0
2019-12-10,21.73,23.26,21.48,23.08,94950528,2203470336.0
2019-12-11,22.76,22.969999,21.85,22.5,64800696,1506680576.0
2019-12-12,22.42,23.379999,22.33,22.620001,67084932,1594766208.0
2019-12-13,22.75,23.040001,21.98,22.209999,59314288,1377853952.0
2019-12-16,22.190001,23.700001,22.18,23.559999,79388240,1874057088.0
2019-12-17,23.309999,23.85,22.85,23.43,71347184,1712462208.0
2019-12-18,23.77,23.780001,22.780001,22.940001,55415912,1334049408.0
2019-12-19,22.6,22.610001,21.290001,21.98,71768392,1622944896.0
2019-12-20,21.84,22.07,21.200001,21.299999,53716892,1199635840.0
2019-12-23,20.1,21.02,19.9,20.549999,61194564,1305120640.0
2019-12-24,20.82,21.51,20.43,21.370001,49533288,1079944704.0
2019-12-25,21.370001,22.540001,21.370001,22.040001,63451980,1451306752.0
2019-12-26,21.799999,22.190001,21.450001,21.700001,36281804,817264256.0
2019-12-27,21.700001,22.1,21.15,21.17,39469740,884002880.0
2019-12-30,20.700001,21.65,19.889999,21.200001,53556696,1162433280.0
2019-12-31,21.200001,21.629999,20.91,21.18,29017970,638994176.0
2020-01-02,21.299999,22.639999,21.0,22.27,59706352,1364459520.0
2020-01-03,22.4,22.799999,21.6,22.309999,54787376,1261416064.0
2020-01-06,22.1,23.139999,21.83,22.719999,65388992,1534784512.0
2020-01-07,22.75,22.76,21.719999,22.129999,68532472,1568869504.0
2020-01-08,21.75,21.75,20.719999,20.809999,71653576,1566318464.0
2020-01-09,21.1,21.469999,20.950001,21.309999,37094576,815925440.0
2020-01-10,21.33,22.0,21.25,21.85,48336248,1089235200.0
2020-01-13,21.51,22.620001,21.26,22.49,65676364,1510585088.0
2020-01-14,22.73,23.08,22.25,22.34,60335728,1410443776.0
2020-01-15,22.450001,23.790001,22.309999,23.32,83078864,1969641344.0
2020-01-16,23.1,23.700001,22.75,23.299999,70940480,1703871104.0
2020-01-17,23.209999,23.6,22.610001,22.9,46348056,1105087616.0
2020-01-20,22.790001,24.299999,22.59,24.02,74608216,1826609024.0
2020-01-21,23.83,24.48,23.629999,23.700001,58679672,1454888704.0
2020-01-22,23.389999,25.280001,22.9,25.200001,81527928,2047259392.0
2020-01-23,24.790001,26.83,24.700001,25.440001,115494976,3049205504.0
2020-02-03,22.82,22.82,22.82,22.82,10968400,259073600.0
2020-02-04,21.200001,24.09,21.200001,23.5,85696080,2064188288.0
2020-02-05,23.299999,24.32,22.709999,23.200001,91313272,2229738496.0
2020-02-06,22.950001,23.950001,22.549999,23.790001,70277864,1692568064.0
2020-02-07,23.450001,25.83,23.450001,25.709999,98672568,2506051584.0
2020-02-10,25.290001,25.9,24.620001,25.299999,74286832,1934071552.0
2020-02-11,25.35,26.43,24.91,25.690001,70867136,1883921024.0
2020-02-12,25.33,26.73,25.209999,26.370001,70879424,1905047168.0
2020-02-13,26.299999,27.620001,25.950001,27.030001,85234784,2352897024.0
2020-02-14,27.559999,29.809999,27.25,29.549999,132876008,3963446016.0
2020-02-17,29.200001,29.969999,28.76,29.950001,89868376,2709860096.0
2020-02-18,29.82,30.799999,29.200001,30.799999,96170376,2968312576.0
2020-02-19,30.4,32.080002,29.700001,29.700001,102314392,3240084480.0
2020-02-20,29.43,30.08,28.1,29.5,98850880,2966230528.0
2020-02-21,29.280001,30.65,29.200001,30.040001,94601552,2910167552.0
2020-02-24,29.93,33.080002,29.4,33.080002,106885616,3429484800.0
2020-02-25,31.969999,34.380001,30.9,34.279999,137086288,4636246016.0
2020-02-26,33.529999,34.099998,30.77,30.77,114122520,3776799744.0
2020-02-27,31.0,31.290001,28.219999,28.41,110707376,3331203840.0
2020-02-28,25.889999,27.190001,25.5,25.809999,112214888,3043287808.0
2020-03-02,26.549999,26.84,25.219999,26.15,100768624,2712237824.0
2020-03-03,26.690001,27.629999,25.99,26.33,88342912,2435547648.0
2020-03-04,25.91,25.98,24.030001,25.309999,93734344,2427813120.0
2020-03-05,25.719999,25.969999,24.74,25.719999,75277800,1974798592.0
2020-03-06,25.24,26.049999,25.030001,25.549999,51651148,1364732800.0
2020-03-09,24.76,25.0,22.92,23.02,83226328,2058919168.0
2020-03-10,22.82,24.73,22.82,24.68,91541112,2267301120.0
2020-03-11,24.959999,25.190001,23.66,23.700001,68154328,1724919424.0
2020-03-12,23.0,24.18,23.0,24.01,54270164,1330857728.0
2020-03-13,23.0,24.9,22.950001,24.52,93189528,2328594944.0
2020-03-16,24.629999,24.690001,22.200001,22.4,74861448,1819932544.0
2020-03-17,22.85,23.18,21.41,22.82,59435172,1385775872.0
2020-03-18,23.040001,23.690001,22.25,22.27,58595736,1397377792.0
2020-03-19,22.6,23.17,22.190001,23.1,56344668,1326253696.0
2020-03-20,23.200001,23.42,22.6,23.139999,50240788,1196638848.0
2020-03-23,22.23,22.9,20.75,20.75,63428604,1425456128.0
2020-03-24,21.219999,21.299999,19.26,20.559999,75270016,1596790528.0
2020-03-25,21.16,21.82,21.16,21.35,58214868,1296391040.0
2020-03-26,21.18,21.879999,21.0,21.1,45843032,1020753024.0
2020-03-27,21.52,21.610001,20.27,20.33,46044992,993853440.0
2020-03-30,19.809999,19.9,18.73,19.33,57364596,1147755904.0
2020-03-31,19.690001,19.92,18.83,18.870001,41650824,838176256.0
2020-04-01,18.9,20.26,18.9,19.51,65515296,1347445888.0
2020-04-02,19.41,21.02,19.41,20.799999,78404320,1646189056.0
2020-04-03,20.68,20.799999,20.15,20.389999,59309544,1262230272.0
2020-04-07,21.190001,21.35,20.65,20.870001,59624696,1293373184.0
2020-04-08,20.73,21.440001,20.610001,21.200001,62167384,1360699520.0
2020-04-09,21.379999,21.379999,20.709999,20.92,41740880,907808576.0
2020-04-10,20.799999,20.84,19.700001,19.91,45874628,961069248.0
2020-04-13,19.49,19.49,18.77,19.1,40124672,797206912.0
2020-04-14,19.190001,19.959999,18.98,19.780001,59709776,1201527680.0
2020-04-15,19.6,20.91,19.51,20.26,73890176,1559143296.0
2020-04-16,20.0,20.940001,19.76,20.719999,60078504,1276930688.0
2020-04-17,21.450001,22.870001,21.35,21.690001,109290624,2497728000.0
2020-04-20,21.700001,22.360001,21.360001,22.049999,71371080,1625421056.0
2020-04-21,21.75,21.950001,21.280001,21.67,49398520,1108211456.0
2020-04-22,21.24,21.860001,21.209999,21.84,38410920,862663680.0
2020-04-23,21.83,22.18,21.280001,21.780001,47843860,1080561792.0
2020-04-24,21.709999,22.129999,20.99,21.1,41309736,921852224.0
2020-04-27,21.24,21.459999,20.6,20.99,34457088,754732672.0
2020-04-28,21.02,22.200001,20.200001,21.799999,66862288,1491799680.0
2020-04-29,21.889999,22.27,21.629999,22.1,45217796,1030245504.0
2020-04-30,23.700001,24.389999,23.299999,24.389999,78498088,1943299712.0
2020-05-06,25.9,26.91,25.299999,26.43,203756640,5516953600.0
2020-05-07,26.17,26.940001,26.01,26.219999,125087872,3412922880.0
2020-05-08,26.690001,26.76,25.440001,25.92,105910832,2839218688.0
2020-05-11,26.1,26.42,25.299999,25.709999,71654064,1911294848.0
2020-05-12,25.68,27.860001,25.450001,27.35,120731856,3320930560.0
2020-05-13,26.799999,27.1,26.4,26.700001,76506720,2107022720.0
2020-05-14,26.700001,29.09,26.530001,28.129999,133132080,3820961536.0
2020-05-15,28.5,30.959999,28.299999,30.41,133658816,4081046272.0
2020-05-18,31.209999,32.639999,28.5,29.5,211639008,6652226560.0
2020-05-19,29.6,32.529999,28.530001,32.09,165575280,5166961664.0
2020-05-20,31.200001,32.459999,30.549999,31.120001,120454312,3866185984.0
2020-05-21,31.040001,31.26,28.610001,28.799999,115749648,3530049280.0
2020-05-22,28.34,29.48,27.49,28.77,102736440,3005805056.0
2020-05-25,28.1,28.6,27.15,27.57,73422992,2107367296.0
2020-05-26,28.049999,28.370001,27.799999,27.98,70256064,2028525952.0
2020-05-27,27.9,29.549999,27.299999,28.67,95474784,2802317824.0
2020-05-28,28.1,28.559999,27.33,28.290001,67767792,1947660544.0
2020-05-29,27.870001,29.450001,27.809999,28.23,77993344,2300436480.0
2020-06-01,28.799999,29.870001,28.469999,29.700001,88046656,2656057600.0
2020-06-02,30.530001,31.129999,29.610001,30.4,91086224,2838828032.0
2020-06-03,30.5,30.98,29.35,29.639999,89787448,2768644608.0
2020-06-04,29.41,29.629999,28.709999,28.77,64333720,1918704512.0
2020-06-05,28.85,29.530001,28.85,29.040001,47691368,1428237952.0
2020-06-08,29.219999,29.370001,27.5,27.540001,81520784,2368322048.0
2020-06-09,27.360001,28.24,27.110001,27.93,53373856,1520979200.0
2020-06-10,27.700001,28.15,27.33,27.85,39843076,1136957952.0
2020-06-11,28.07,28.620001,27.450001,27.549999,60705064,1750887680.0
2020-06-12,26.610001,27.290001,26.5,26.950001,56134760,1558182912.0
2020-06-15,26.5,26.92,25.709999,25.73,67194664,1819159296.0
2020-06-16,26.190001,26.639999,25.99,26.32,47926272,1299748480.0
2020-06-17,26.299999,26.549999,25.799999,26.139999,46152312,1243574400.0
2020-06-18,26.1,28.09,26.059999,27.459999,94392216,2654449152.0
2020-06-19,27.5,28.09,26.9,27.719999,70905080,2011599104.0
2020-06-22,28.23,30.290001,28.23,29.969999,130788944,3958767104.0
2020-06-23,29.9,30.07,29.129999,29.84,80623864,2452710656.0
2020-06-24,29.870001,30.98,29.51,30.24,88688456,2756967424.0
2020-06-29,29.799999,30.620001,29.49,29.950001,71931816,2212797440.0
2020-06-30,30.5,30.700001,29.709999,30.469999,79776112,2478060288.0
2020-07-01,30.6,31.52,29.530001,30.1,106203504,3334114048.0
2020-07-02,30.110001,33.189999,29.75,33.189999,158390896,5219797504.0
2020-07-03,34.200001,34.299999,32.080002,33.299999,139052704,4706100224.0
2020-07-06,35.099998,36.709999,34.279999,36.709999,124096672,4570543616.0
2020-07-07,39.200001,40.459999,37.200001,37.540001,203064944,8191464448.0
2020-07-08,38.139999,41.200001,36.91,40.82,167692624,6658842624.0
2020-07-09,40.110001,43.59,39.490002,42.529999,141780704,6072379904.0
2020-07-10,41.639999,46.860001,41.049999,46.860001,142426816,6362965504.0
2020-07-13,46.880001,51.619999,45.880001,50.189999,165937136,8187846656.0
2020-07-14,50.150002,52.630001,47.169998,50.349998,143866368,7175721984.0
2020-07-15,49.200001,50.209999,45.240002,45.25,160108272,7706579968.0
2020-07-16,43.650002,45.200001,40.650002,40.650002,140171504,5987334656.0
2020-07-17,40.189999,40.869999,37.77,38.369999,124277296,4964015104.0
2020-07-20,39.299999,41.32,37.700001,41.18,118025776,4756462592.0
2020-07-21,40.34,42.02,39.880001,40.189999,95963200,3983057920.0
2020-07-22,40.34,42.09,39.700001,40.639999,93757880,3922221056.0
2020-07-23,39.880001,41.700001,39.09,41.68,99285472,4070964992.0
2020-07-24,41.0,42.060001,37.860001,38.549999,102211264,4162106112.0
2020-07-27,38.59,39.700001,37.860001,38.75,65856216,2611896576.0
2020-07-28,39.349998,39.619999,37.959999,38.400002,55579996,2195628032.0
2020-07-29,38.099998,41.43,37.91,41.200001,97487776,3980663808.0
2020-07-30,41.700001,41.700001,40.119999,41.080002,85305528,3561580288.0
2020-07-31,40.810001,44.299999,40.810001,43.73,125304272,5432354816.0
2020-08-03,44.799999,47.200001,44.799999,46.849998,128805064,6034660352.0
2020-08-04,46.200001,46.470001,44.93,45.32,94774064,4402254336.0
2020-08-05,49.200001,49.200001,46.509998,47.380001,128095320,6240379904.0
2020-08-06,46.779999,49.799999,45.93,48.049999,114837240,5618850816.0
2020-08-07,47.150002,47.639999,43.790001,45.169998,126406408,5855602176.0
2020-08-10,43.900002,45.77,43.610001,44.490002,76962920,3489125888.0
2020-08-11,44.200001,45.099998,42.209999,42.709999,71995120,3220594944.0
2020-08-12,42.599998,44.34,40.700001,44.080002,90042664,3869957120.0
2020-08-13,44.169998,44.68,43.349998,43.369999,54525720,2439798016.0
2020-08-14,43.200001,44.84,42.91,44.68,64867668,2933504512.0
2020-08-17,44.830002,46.759998,44.279999,46.330002,77286928,3573569792.0
2020-08-18,46.299999,46.919998,45.650002,46.110001,64627020,3037432832.0
2020-08-19,45.900002,46.07,43.200001,43.279999,75078768,3396275968.0
2020-08-20,42.200001,44.419998,41.700001,43.869999,54354112,2418809600.0
2020-08-21,43.299999,44.130001,39.98,42.400002,116034944,4978016256.0
2020-08-24,41.77,42.68,40.709999,41.59,57090812,2420263680.0
2020-08-25,41.75,42.380001,41.049999,41.299999,40229104,1706589184.0
2020-08-26,41.400002,41.790001,39.880001,39.880001,49588632,2057241984.0
2020-08-27,39.700001,41.490002,39.099998,40.889999,51593624,2133637248.0
2020-08-28,40.900002,41.459999,40.57,41.279999,36755876,1537008256.0
2020-08-31,41.650002,42.009998,41.0,41.029999,40009176,1690219904.0
2020-09-01,40.599998,41.0,40.0,40.59,31836056,1312905344.0
2020-09-02,38.650002,38.650002,36.75,37.099998,114348872,4390665216.0
2020-09-03,37.099998,37.5,36.25,37.009998,44710580,1692081024.0
2020-09-04,36.419998,38.27,36.299999,37.41,53277076,2046668544.0
2020-09-07,36.299999,37.41,35.470001,35.5,59092224,2189505280.0
2020-09-08,35.490002,35.849998,34.27,34.57,44531104,1589136256.0
2020-09-09,33.900002,34.25,32.799999,33.189999,50403260,1728254848.0
2020-09-10,33.93,34.529999,33.400002,33.5,44665580,1552644480.0
2020-09-11,33.549999,35.43,33.540001,35.349998,59763512,2132250880.0
2020-09-14,35.450001,35.68,34.799999,35.189999,44119052,1586920448.0
2020-09-15,34.950001,36.0,34.369999,35.439999,45538556,1640019200.0
2020-09-16,35.220001,35.790001,35.02,35.09,30535088,1103104640.0
2020-09-17,34.709999,36.099998,34.049999,35.349998,41972400,1506473984.0
2020-09-18,35.299999,36.200001,35.07,36.189999,41479244,1512249088.0
2020-09-21,36.509998,37.529999,36.009998,36.73,48015328,1815071872.0
2020-09-22,36.150002,36.48,35.709999,35.75,27860644,1027435200.0
2020-09-23,35.970001,36.299999,35.43,35.900002,23701332,870008128.0
2020-09-24,35.450001,35.950001,35.099998,35.509998,24144144,876018880.0
2020-09-25,35.709999,36.0,35.200001,35.82,21380164,778637056.0
2020-09-28,35.200001,35.41,34.029999,34.150002,30432284,1076335360.0
2020-09-29,34.549999,35.389999,34.23,35.099998,29900092,1070217472.0
2020-09-30,35.41,35.459999,34.900002,34.990002,16692212,600355776.0
2020-10-09,35.880001,36.349998,35.5,35.98,26543772,973927232.0
2020-10-12,36.599998,38.439999,36.389999,38.349998,56544052,2176361728.0
2020-10-13,38.509998,38.970001,37.700001,38.549999,42900736,1677538944.0
2020-10-14,38.27,38.299999,37.299999,37.5,30525488,1175762304.0
2020-10-15,37.5,38.5,36.900002,37.02,32193574,1240894336.0
2020-10-16,37.779999,38.0,36.919998,37.380001,25969664,990709184.0
2020-10-19,37.700001,37.860001,36.950001,37.049999,25255432,965610560.0
2020-10-20,37.060001,37.060001,36.07,36.970001,26820514,999496704.0
2020-10-21,37.080002,37.09,35.419998,35.77,27223292,1002650432.0
2020-10-22,35.200001,35.580002,34.450001,35.23,19623680,705498432.0
2020-10-23,35.200001,35.73,34.310001,34.509998,18655936,667725888.0
2020-10-26,33.98,34.75,33.720001,34.169998,16014643,560919168.0
2020-10-27,33.779999,34.990002,33.779999,34.959999,18039632,636177344.0
2020-10-28,34.950001,35.369999,34.080002,34.849998,19841092,706810496.0
2020-10-29,34.259998,35.529999,34.080002,35.369999,23332156,838976960.0
2020-10-30,35.52,37.32,35.48,36.220001,53596008,1996404864.0
2020-11-02,37.540001,37.880001,36.389999,37.709999,63551696,2423566848.0
2020-11-03,37.790001,38.540001,37.139999,37.43,59092828,2289061376.0
2020-11-04,37.48,38.310001,37.099998,37.57,38287152,1476752768.0
2020-11-05,38.57,38.799999,37.400002,37.959999,41336832,1602663040.0
2020-11-06,38.209999,40.349998,37.290001,40.349998,82894128,3283387136.0
2020-11-09,41.700001,44.470001,41.400002,44.470001,106249160,4705204224.0
2020-11-10,44.400002,45.400002,42.5,43.93,115786984,5227768832.0
2020-11-11,43.200001,44.099998,40.669998,40.919998,93169680,3984076288.0
2020-11-12,41.689999,41.799999,40.150002,40.860001,51402404,2147682304.0
2020-11-13,40.459999,42.860001,40.209999,42.290001,65636584,2793181952.0
2020-11-16,42.189999,42.349998,40.860001,41.669998,42905720,1818360704.0
2020-11-17,41.299999,43.290001,39.599998,43.290001,83591392,3524638464.0
2020-11-18,42.700001,44.400002,42.450001,42.700001,72917680,3215585024.0
2020-11-19,41.990002,43.380001,41.310001,41.98,51595312,2231513088.0
2020-11-20,41.799999,42.290001,40.799999,41.169998,44909212,1894509952.0
2020-11-23,41.200001,42.849998,40.599998,42.049999,50867632,2162737664.0
2020-11-24,42.5,44.049999,42.459999,42.889999,80300528,3539808768.0
2020-11-25,42.950001,45.0,42.400002,44.080002,96354288,4320899584.0
2020-11-26,44.02,44.990002,42.950001,42.950001,78470592,3526217216.0
2020-11-27,42.400002,42.709999,41.360001,42.119999,68064744,2909753856.0
2020-11-30,42.810001,43.700001,42.07,43.259998,72498352,3167224576.0
2020-12-01,42.75,44.189999,42.75,44.189999,61017528,2705582848.0
2020-12-02,44.639999,45.650002,43.98,45.310001,92759120,4244800768.0
2020-12-03,45.450001,47.09,44.009998,44.049999,105628536,4905605632.0
2020-12-04,43.200001,44.52,43.0,43.639999,64426832,2869488128.0
2020-12-07,44.599998,45.16,43.5,43.610001,56344328,2540087552.0
2020-12-08,43.189999,44.16,43.0,43.290001,40663812,1802750464.0
2020-12-09,43.150002,43.18,40.950001,40.98,69159008,2957176064.0
2020-12-10,40.700001,41.48,40.529999,41.009998,40089496,1679497088.0
2020-12-11,40.75,41.02,39.27,39.27,64653544,2629094400.0
2020-12-14,39.860001,39.900002,39.110001,39.799999,36803168,1485063552.0
2020-12-15,39.799999,40.650002,39.509998,40.23,36324984,1487112064.0
2020-12-16,39.650002,39.669998,37.310001,37.849998,70272008,2741401088.0
2020-12-17,37.509998,38.509998,36.82,38.23,52655876,2021539968.0
2020-12-18,38.759998,39.18,37.200001,37.389999,53627204,2088473472.0
2020-12-21,36.799999,38.990002,36.349998,38.470001,52893888,2062987904.0
2020-12-22,38.099998,38.869999,37.459999,37.599998,38559400,1501925760.0
2020-12-23,37.459999,40.779999,37.400002,40.41,77357032,3099750912.0
2020-12-24,40.0,41.299999,39.82,39.98,49860588,2054074880.0
2020-12-25,40.049999,40.889999,39.330002,40.27,40384732,1654180864.0
2020-12-28,40.25,40.259998,38.599998,38.779999,41780116,1679123200.0
2020-12-29,38.23,39.869999,38.220001,38.91,39914900,1596206592.0
2020-12-30,38.619999,40.400002,38.09,40.32,57056072,2303271680.0
2020-12-31,40.52,41.779999,40.099998,41.77,72724976,3044454656.0
2021-01-04,41.700001,42.23,40.860001,41.73,67647176,2874817280.0
2021-01-05,41.450001,43.639999,41.290001,43.490002,90405336,3923012352.0
2021-01-06,43.830002,43.830002,41.529999,41.59,72288712,3128182016.0
2021-01-07,41.869999,42.02,40.599998,41.349998,56662248,2383044608.0
2021-01-08,41.700001,42.099998,40.709999,41.23,47617412,2013355008.0
2021-01-11,41.240002,43.0,41.240002,42.720001,78671768,3393344768.0
2021-01-12,42.849998,43.48,41.669998,43.419998,70922688,3086844160.0
2021-01-13,43.82,46.52,43.82,45.57,126230240,5811517440.0
2021-01-14,46.18,47.189999,43.830002,45.16,125982296,5890113536.0
2021-01-15,45.380001,46.279999,43.48,44.200001,84015864,3852646400.0
2021-01-18,43.709999,48.18,43.5,47.400002,108226080,5123091456.0
2021-01-19,47.5,48.09,46.200001,46.369999,91078184,4369444864.0
2021-01-20,46.299999,47.150002,45.049999,46.779999,70588656,3320268032.0
2021-01-21,46.560001,47.189999,45.599998,46.580002,61993012,2927643648.0
2021-01-22,46.599998,47.080002,43.209999,43.349998,109929248,4970493440.0
2021-01-25,44.700001,47.389999,43.990002,45.150002,124089120,5768742912.0
2021-01-26,44.900002,47.360001,44.48,46.169998,99215664,4661023232.0
2021-01-27,45.799999,46.16,42.330002,43.279999,103942256,4608332800.0
2021-01-28,42.0,43.150002,40.849998,40.970001,68831480,2941654528.0
2021-01-29,41.5,41.68,39.299999,39.959999,63432076,2592613888.0
2021-02-01,40.07,40.779999,39.209999,40.75,48056632,1963198720.0
2021-02-02,40.790001,40.790001,39.560001,40.41,43926404,1797436032.0
2021-02-03,40.200001,40.290001,38.139999,38.18,61885584,2469454592.0
2021-02-04,37.959999,40.77,37.150002,40.59,81045680,3224154368.0
2021-02-05,40.0,40.290001,39.099998,39.259998,47228728,1911667712.0
2021-02-08,39.5,40.75,38.860001,39.990002,44814072,1837254912.0
2021-02-09,39.990002,41.080002,39.5,40.970001,45512768,1882628992.0
2021-02-10,41.330002,41.400002,40.560001,41.09,39174452,1640406016.0
2021-02-18,41.720001,43.189999,41.450001,42.130001,55877648,2412443136.0
2021-02-19,41.5,42.5,40.799999,42.299999,42853536,1822816768.0
2021-02-22,42.400002,43.5,41.009998,41.009998,56210024,2421311488.0
2021-02-23,40.200001,40.82,39.509998,39.880001,37797184,1547952896.0
2021-02-24,40.189999,41.389999,39.880001,40.150002,42785984,1774645888.0
2021-02-25,40.209999,40.490002,38.799999,38.799999,43293052,1735115008.0
2021-02-26,37.830002,38.759998,37.709999,38.759998,39827392,1553532544.0
2021-03-01,38.91,39.790001,38.349998,39.669998,38259088,1530225408.0
2021-03-02,40.369999,40.459999,39.099998,39.5,33498478,1358568576.0
2021-03-03,39.400002,40.119999,38.580002,40.0,32577458,1306172672.0
2021-03-04,39.799999,40.939999,39.360001,39.73,40872080,1674001536.0
2021-03-05,38.77,39.790001,38.400002,39.299999,26556528,1060817728.0
2021-03-08,39.48,39.650002,37.509998,37.549999,33420788,1318262016.0
2021-03-09,37.209999,37.619999,34.549999,35.040001,47866040,1749513344.0
2021-03-10,35.560001,35.720001,34.470001,34.509998,29764180,1067392576.0
2021-03-11,34.52,36.419998,34.0,36.150002,41249720,1496237952.0
2021-03-12,36.0,36.0,35.150002,35.310001,25710292,932648576.0
2021-03-15,34.619999,34.689999,33.16,33.259998,37376960,1295688704.0
2021-03-16,33.889999,34.0,32.349998,32.810001,32341422,1091970304.0
2021-03-17,33.040001,33.59,32.619999,33.189999,26176204,889492288.0
2021-03-18,33.400002,33.48,32.740002,33.029999,23080674,782875072.0
2021-03-19,32.380001,33.349998,32.009998,33.119999,28386924,954328192.0
2021-03-22,33.119999,33.650002,32.73,33.279999,24768172,841518272.0
2021-03-23,33.400002,34.34,33.150002,33.23,28259260,972434752.0
2021-03-24,33.029999,33.040001,32.299999,32.369999,20347840,678039616.0
2021-03-25,31.950001,32.73,31.879999,32.150002,15272506,506778752.0
2021-03-26,32.389999,33.279999,32.080002,33.110001,23650222,792307584.0
2021-03-29,33.52,33.77,33.080002,33.150002,22358584,763817024.0
2021-03-30,33.189999,33.700001,32.860001,33.580002,21405620,730699392.0
2021-03-31,33.540001,33.77,32.959999,33.389999,17266736,589804480.0
2021-04-01,33.919998,35.299999,33.810001,34.439999,44569320,1579650304.0
2021-04-02,35.009998,37.860001,35.009998,37.380001,81981072,3066088960.0
2021-04-06,37.779999,38.380001,36.810001,37.799999,49883568,1916246912.0
2021-04-07,37.639999,37.970001,36.869999,37.860001,37363104,1426709888.0
2021-04-08,37.200001,38.049999,37.040001,37.049999,29124556,1112076416.0
2021-04-09,37.0,37.599998,36.09,36.459999,36552936,1370570368.0
2021-04-12,36.560001,36.790001,34.93,35.150002,36197148,1327178752.0
2021-04-13,35.299999,35.639999,34.619999,35.080002,23903108,858877504.0
2021-04-14,35.450001,35.759998,34.860001,35.349998,27582780,995036224.0
2021-04-15,35.200001,35.200001,33.700001,34.849998,34405556,1207274752.0
2021-04-16,34.799999,34.889999,34.07,34.630001,20130392,709192448.0
2021-04-19,34.25,35.400002,33.919998,35.290001,33945368,1214961408.0
2021-04-20,35.0,35.0,34.27,34.5,29979922,1061872320.0
2021-04-21,34.099998,34.560001,33.700001,34.259998,24120644,841046080.0
2021-04-22,34.599998,35.639999,34.599998,35.299999,43574732,1565079552.0
2021-04-23,35.009998,36.139999,34.799999,36.080002,43431824,1580898432.0
2021-04-26,36.459999,36.799999,35.380001,35.459999,45522408,1680591616.0
2021-04-27,35.259998,35.650002,34.080002,34.639999,33717688,1200160768.0
2021-04-28,34.639999,36.5,34.459999,36.490002,46501844,1698961920.0
2021-04-29,35.279999,36.049999,35.080002,35.369999,51739664,1877228160.0
2021-04-30,35.43,36.299999,35.259998,36.0,41874552,1533353344.0
2021-05-06,35.700001,36.18,35.330002,35.41,30314012,1104869376.0
2021-05-07,35.560001,35.970001,33.759998,33.830002,42015028,1489652736.0
2021-05-10,33.400002,33.610001,32.360001,32.689999,34469024,1159132416.0
2021-05-11,32.209999,33.130001,32.209999,33.060001,21088748,707681152.0
2021-05-12,33.02,34.400002,32.48,33.959999,27058872,929131392.0
2021-05-13,33.299999,34.639999,33.130001,33.580002,24231928,842853184.0
2021-05-14,34.5,34.610001,33.720001,34.110001,23939212,834082112.0
2021-05-17,34.700001,35.400002,34.200001,34.450001,39813872,1420766976.0
2021-05-18,32.189999,33.080002,32.150002,32.68,56798460,1892839808.0
2021-05-19,32.43,32.91,32.360001,32.610001,26204500,876287872.0
2021-05-20,32.400002,32.52,31.200001,31.26,56105920,1815938816.0
2021-05-21,31.379999,31.700001,30.92,31.049999,28827992,924932288.0
2021-05-24,30.889999,31.629999,30.379999,31.559999,31468194,1002673408.0
2021-05-25,31.6,32.610001,31.41,32.470001,42818340,1406692864.0
2021-05-26,32.52,33.119999,32.110001,32.169998,31283240,1041863232.0
2021-05-27,32.02,34.450001,31.92,34.099998,71564936,2453805824.0
2021-05-28,34.0,34.080002,33.349998,33.450001,40132508,1381666432.0
2021-05-31,33.849998,34.349998,33.57,33.849998,31474790,1091174784.0
2021-06-01,33.779999,34.98,33.299999,34.540001,48909288,1726420096.0
2021-06-02,34.740002,35.16,33.869999,34.130001,35334568,1244206464.0
2021-06-03,34.049999,34.450001,33.580002,33.639999,28650100,996731328.0
2021-06-04,33.259998,34.400002,33.209999,33.990002,38181376,1325596032.0
2021-06-07,35.689999,36.900002,35.099998,36.16,87805464,3224118528.0
2021-06-08,36.419998,36.650002,35.0,35.049999,62716088,2280616448.0
2021-06-09,35.200001,35.84,34.419998,34.610001,46798024,1673078784.0
2021-06-10,34.720001,35.029999,34.400002,34.82,44517248,1580624128.0
2021-06-11,34.849998,34.98,33.040001,33.080002,63649396,2187875328.0
2021-06-15,32.75,33.650002,32.700001,33.099998,35936808,1224363008.0
2021-06-16,33.0,34.110001,32.709999,32.740002,34067292,1162945152.0
2021-06-17,32.599998,35.400002,32.599998,34.990002,83711096,2944257024.0
2021-06-18,35.099998,35.259998,34.299999,35.049999,67826800,2420029184.0
2021-06-21,34.650002,34.849998,34.049999,34.459999,55099988,1937266304.0
2021-06-22,34.700001,34.84,33.610001,33.959999,46845592,1631569536.0
2021-06-23,33.959999,36.299999,33.849998,36.209999,116345424,4218596608.0
2021-06-24,36.18,36.200001,35.150002,35.259998,70074760,2546566400.0
2021-06-25,35.0,37.0,34.779999,36.540001,122275888,4542735872.0
2021-06-28,37.049999,37.389999,36.110001,36.52,84946768,3173349632.0
2021-06-29,36.200001,36.310001,35.099998,35.450001,65986436,2396576512.0
2021-06-30,36.200001,37.189999,35.889999,36.880001,100225384,3761559552.0
2021-07-01,36.5,38.049999,36.119999,36.790001,108436096,4114625792.0
2021-07-02,37.900002,39.599998,37.5,38.290001,145009504,5698398720.0
2021-07-05,38.75,39.34,37.27,39.34,117843656,4611385344.0
2021-07-06,39.34,40.779999,38.650002,39.599998,113121584,4569362432.0
2021-07-07,38.82,40.119999,38.41,39.720001,77821024,3122065664.0
2021-07-08,39.759998,42.200001,39.200001,41.549999,117502128,4892091392.0
2021-07-09,41.0,41.599998,40.200001,41.130001,79275096,3299403776.0
2021-07-12,41.119999,41.299999,39.720001,40.619999,86090520,3554683648.0
2021-07-13,40.150002,40.150002,37.709999,37.759998,121920872,4794502144.0
2021-07-14,37.549999,38.59,37.41,37.799999,61586704,2393155328.0
2021-07-15,37.779999,38.040001,36.810001,37.360001,55117384,2101277824.0
2021-07-16,37.369999,37.720001,36.650002,36.66,51632448,1955081216.0
2021-07-19,36.25,36.75,35.759998,36.41,39863744,1476527744.0
2021-07-20,36.02,37.5,35.880001,37.48,52371516,1972717440.0
2021-07-21,37.540001,38.43,36.549999,36.700001,96439296,3691577088.0
2021-07-22,36.549999,37.130001,35.560001,36.220001,98088272,3624741376.0
2021-07-23,36.400002,36.689999,35.119999,35.130001,75854712,2760726272.0
2021-07-26,35.0,36.200001,33.759998,36.110001,82933224,2989042432.0
2021-07-27,35.939999,39.400002,35.75,37.330002,158585488,6077552128.0
2021-07-28,36.630001,37.009998,33.759998,35.439999,79936432,2898937856.0
2021-07-29,35.849998,37.73,35.709999,37.150002,94279896,3545221120.0
2021-07-30,37.450001,38.73,36.849998,38.43,106541488,4131616512.0
2021-08-02,38.75,39.380001,37.27,38.419998,102468624,4003529472.0
2021-08-03,37.669998,38.02,35.310001,35.880001,100457920,3748744704.0
2021-08-04,35.400002,36.900002,35.380001,36.57,65716584,2441837568.0
2021-08-05,36.349998,37.119999,35.830002,36.169998,50053672,1859752192.0
2021-08-06,37.07,39.549999,36.580002,38.029999,138015408,5368040448.0
2021-08-09,37.279999,37.540001,35.849998,36.799999,85833440,3205430272.0
2021-08-10,36.48,36.84,35.880001,36.290001,61130324,2258832640.0
2021-08-11,36.119999,36.5,35.880001,36.240002,46522904,1717778816.0
2021-08-12,36.279999,37.049999,36.16,36.290001,52559964,1957791104.0
2021-08-13,35.91,35.919998,34.290001,34.389999,91314448,3245442304.0
2021-08-16,34.150002,34.75,33.759998,34.240002,38858488,1361659776.0
2021-08-17,34.259998,34.540001,32.880001,32.950001,53687436,1840416128.0
2021-08-18,33.099998,33.209999,32.759998,33.150002,29626466,999944960.0
2021-08-19,33.150002,33.849998,33.009998,33.599998,31901244,1094907008.0
2021-08-20,34.049999,34.59,33.580002,34.16,42872152,1496056448.0
2021-08-23,35.130001,35.169998,34.200001,34.259998,46552176,1639491200.0
2021-08-24,34.279999,34.93,33.950001,34.360001,46670448,1644370432.0
2021-08-25,34.68,34.75,33.759998,33.860001,39961760,1391873792.0
2021-08-26,33.73,34.049999,32.990002,33.009998,42627868,1455457280.0
2021-08-27,32.93,33.080002,32.290001,32.66,35885512,1198776064.0
2021-08-30,32.669998,33.27,32.299999,32.459999,36010556,1204619264.0
2021-08-31,32.32,33.43,31.280001,33.400002,58066588,1911254528.0
2021-09-01,33.049999,33.189999,32.299999,32.799999,38801680,1299196672.0
2021-09-02,32.540001,32.540001,32.049999,32.16,31831182,1049931456.0
2021-09-03,32.029999,32.970001,31.77,32.57,36795604,1219757184.0
2021-09-06,32.349998,33.099998,32.16,32.950001,29076980,976622720.0
2021-09-07,32.950001,33.200001,32.759998,33.09,27826186,938113856.0
2021-09-08,33.09,33.43,32.990002,33.139999,31178388,1058019392.0
2021-09-09,32.950001,33.119999,32.349998,32.560001,29516880,984797824.0
2021-09-10,32.459999,33.880001,32.389999,33.580002,52589468,1792754816.0
2021-09-13,33.549999,33.549999,32.900002,33.110001,29652774,1002949376.0
2021-09-14,33.189999,33.43,32.259998,32.450001,35602512,1196675200.0
2021-09-15,32.25,32.419998,31.870001,31.93,25839862,847589952.0
2021-09-16,31.85,32.049999,31.25,31.27,28839380,931082816.0
2021-09-17,31.27,31.59,30.65,31.370001,23892996,761408576.0
2021-09-22,30.93,31.74,30.82,31.43,16373172,527258048.0
2021-09-23,31.450001,32.200001,31.360001,31.9,24801580,808846400.0
2021-09-24,31.91,31.98,31.25,31.25,18674228,602496128.0
2021-09-27,31.35,31.85,31.35,31.52,21083660,681898432.0
2021-09-28,31.35,31.75,30.91,31.23,16861924,541260544.0
2021-09-29,30.950001,31.74,30.860001,31.34,25803944,828569792.0
2021-09-30,31.450001,31.67,31.219999,31.32,18596580,598017088.0
2021-10-08,31.620001,31.950001,31.459999,31.66,19613256,635981056.0
2021-10-11,31.66,31.92,31.549999,31.76,17014494,553023360.0
2021-10-12,31.799999,32.09,30.99,31.17,21273560,686332864.0
2021-10-13,31.120001,32.029999,31.08,31.91,23999736,778662784.0
2021-10-14,31.85,31.85,31.4,31.6,17369568,561865984.0
2021-10-15,31.59,32.740002,31.41,32.5,43541360,1441632640.0
2021-10-18,31.959999,32.130001,31.360001,31.799999,28391140,921169856.0
2021-10-19,31.65,31.85,31.25,31.34,26563088,854138944.0
2021-10-20,31.389999,31.49,30.93,30.959999,23343056,742015680.0
2021-10-21,30.85,30.85,30.15,30.23,31477356,981701504.0
2021-10-22,30.290001,30.9,30.280001,30.440001,24771974,777611904.0
2021-10-25,30.450001,30.82,29.77,30.780001,22187448,690194496.0
2021-10-26,30.74,31.85,30.52,31.540001,44555588,1430538752.0
2021-10-27,31.450001,31.450001,29.959999,30.290001,71341520,2221186816.0
2021-10-28,30.25,30.85,29.34,29.42,46981848,1445624192.0
2021-10-29,29.549999,30.540001,29.42,30.16,49335480,1520730112.0
2021-11-01,30.09,30.85,29.950001,30.280001,44963840,1398428800.0
2021-11-02,30.32,32.41,30.32,31.549999,102957736,3342017280.0
2021-11-03,31.629999,31.83,31.120001,31.48,43804460,1409007360.0
2021-11-04,31.65,31.92,31.23,31.67,51507532,1663212672.0
2021-11-05,32.23,32.5,31.450001,31.469999,60569736,1975258240.0
2021-11-08,30.879999,30.879999,29.879999,30.34,46238528,1434387840.0
2021-11-09,30.450001,31.74,30.17,31.33,59871996,1896954880.0
2021-11-10,31.01,32.099998,30.950001,31.690001,62264904,2019674880.0
2021-11-11,31.459999,32.48,31.41,31.99,67980944,2223869440.0
2021-11-12,31.6,32.279999,31.540001,31.620001,53700988,1747368704.0
2021-11-15,31.49,31.950001,31.309999,31.35,37309512,1204217344.0
2021-11-16,31.700001,32.150002,30.969999,31.040001,53470304,1727528832.0
2021-11-17,31.030001,31.42,30.280001,31.42,46620536,1473150464.0
2021-11-18,31.15,31.58,30.629999,30.68,36963928,1174966784.0
2021-11-19,30.700001,31.02,30.379999,30.93,31207272,981882880.0
2021-11-22,30.93,32.220001,30.91,32.130001,86379896,2818045440.0
2021-11-23,32.25,33.220001,32.150002,32.619999,97641944,3271515904.0
2021-11-24,32.669998,33.150002,32.450001,32.529999,56593832,1896847232.0
2021-11-25,32.48,33.580002,32.330002,32.91,74247888,2514439936.0
2021-11-26,32.849998,32.849998,32.080002,32.380001,48995512,1621975296.0
2021-11-29,31.85,32.23,31.6,31.68,51154824,1666188288.0
2021-11-30,31.98,32.73,31.870001,32.450001,58937748,1947572736.0
2021-12-01,32.240002,32.919998,32.16,32.599998,40732672,1357778432.0
2021-12-02,32.59,32.82,32.040001,32.130001,35196648,1164521600.0
2021-12-03,32.25,33.080002,32.209999,32.900002,58689764,1968913408.0
2021-12-06,32.93,33.0,32.139999,32.25,41379096,1377630464.0
2021-12-07,32.459999,32.52,31.48,31.799999,38392672,1249806848.0
2021-12-08,31.950001,32.380001,31.799999,31.969999,33612760,1102035456.0
2021-12-09,31.950001,32.209999,31.57,32.02,41475164,1356183040.0
2021-12-10,31.790001,31.85,31.09,31.379999,55841904,1794181760.0
2021-12-13,31.25,31.67,31.190001,31.43,29289678,943564224.0
2021-12-14,31.280001,31.42,31.110001,31.219999,23873604,763517120.0
2021-12-15,31.219999,31.52,30.93,30.99,27509048,880160576.0
2021-12-16,31.0,31.209999,30.790001,30.969999,27002092,855364160.0
2021-12-17,30.940001,31.049999,30.389999,30.41,33785088,1056983616.0
2021-12-20,30.27,30.549999,30.15,30.17,23099708,717275520.0
2021-12-21,30.129999,30.530001,30.08,30.52,19127408,594044800.0
2021-12-22,30.52,30.75,30.309999,30.360001,24086088,753151232.0
2021-12-23,30.280001,30.43,29.77,29.870001,31582180,969620992.0
2021-12-24,29.91,30.09,29.530001,29.540001,24339402,740624192.0
2021-12-27,29.440001,29.76,29.4,29.74,15401143,467591264.0
2021-12-28,29.75,30.030001,29.73,29.98,17771056,544103616.0
2021-12-29,29.950001,29.950001,29.67,29.709999,14104459,430420416.0
2021-12-30,29.709999,30.200001,29.66,30.030001,21327412,656485312.0
2021-12-31,29.959999,30.34,29.91,30.27,20880560,646399552.0
2022-01-04,30.35,30.43,29.959999,30.200001,19584078,604659328.0
2022-01-05,30.139999,30.309999,29.540001,29.700001,22341390,682780608.0
2022-01-06,29.549999,29.82,29.4,29.6,18464436,560732096.0
2022-01-07,29.629999,29.82,29.530001,29.57,16788668,510448128.0
2022-01-10,29.549999,29.690001,27.450001,28.4,46752776,1361844352.0
2022-01-11,28.27,28.43,27.76,27.85,28517636,821540608.0
2022-01-12,27.98,28.440001,27.9,28.33,17739224,512719424.0
2022-01-13,28.32,28.5,28.129999,28.17,15658915,454509504.0
2022-01-14,28.040001,28.42,27.99,28.08,16217221,469908448.0
2022-01-17,28.08,28.389999,28.08,28.35,17165520,498543040.0
2022-01-18,28.309999,28.83,28.25,28.549999,21927806,643776768.0
2022-01-19,28.370001,28.440001,27.83,28.030001,19610852,564704640.0
2022-01-20,27.879999,28.120001,27.51,27.540001,18785672,535199392.0
2022-01-21,27.450001,27.75,27.41,27.43,15467131,437328352.0
2022-01-24,27.26,27.6,27.049999,27.299999,15528944,435096800.0
2022-01-25,27.58,28.049999,27.129999,27.15,23778098,672937088.0
2022-01-26,27.23,27.719999,27.15,27.66,16786094,473109600.0
2022-01-27,27.629999,27.68,26.450001,26.49,22340972,619780480.0
2022-01-28,26.66,26.85,25.959999,26.1,20375240,551574784.0
2022-02-07,26.48,26.82,26.309999,26.459999,17618272,481494976.0
2022-02-08,26.52,26.9,26.25,26.9,17437324,476437248.0
2022-02-09,26.780001,27.190001,26.719999,27.18,17887568,497366720.0
2022-02-10,27.23,27.42,27.049999,27.200001,15363306,429447840.0
2022-02-11,27.040001,27.43,26.98,27.040001,15975899,446480928.0
2022-02-14,26.799999,26.98,26.35,26.690001,13558459,371646048.0
2022-02-15,26.780001,27.309999,26.780001,27.139999,14844222,413526976.0
2022-02-16,27.35,27.41,27.02,27.09,12342759,344438720.0
2022-02-17,27.01,27.299999,26.85,26.860001,17291722,480008768.0
2022-02-18,26.459999,26.85,26.4,26.85,13581358,371694112.0
2022-02-21,26.75,27.200001,26.67,27.1,14903686,413731488.0
2022-02-22,26.91,26.92,26.469999,26.530001,19149372,523924736.0
2022-02-23,26.5,27.75,26.5,27.700001,44676464,1260707200.0
2022-02-24,27.440001,27.66,26.75,27.09,36051768,1008193152.0
2022-02-25,27.450001,27.719999,27.26,27.35,24876360,701790144.0
2022-02-28,27.280001,27.5,27.110001,27.24,15259913,427128960.0
2022-03-01,27.25,27.370001,27.049999,27.33,14904123,416798336.0
2022-03-02,27.129999,27.129999,26.84,27.0,13769158,381468640.0
2022-03-03,27.120001,27.280001,26.75,26.76,14270876,395500000.0
2022-03-04,26.559999,27.17,26.48,26.65,17934960,495421216.0
2022-03-07,26.530001,26.530001,25.35,25.41,29632620,785021568.0
2022-03-08,25.280001,25.530001,24.26,24.75,25907708,665914816.0
2022-03-09,24.959999,25.4,23.629999,24.92,27651216,706569536.0
2022-03-10,25.4,25.58,24.99,25.0,17686354,459235360.0
2022-03-11,24.49,25.15,24.299999,25.129999,17438396,444102752.0
2022-03-14,24.85,25.299999,24.51,24.51,15926893,408924160.0
2022-03-15,24.280001,24.440001,22.9,22.950001,26818840,656168512.0
2022-03-16,23.26,23.85,22.389999,23.780001,29298108,702828992.0
2022-03-17,24.27,25.07,24.16,24.67,34866784,885949312.0
2022-03-18,24.59,24.969999,24.43,24.790001,16790624,428134336.0
2022-03-21,24.85,25.24,24.82,25.07,20246174,522291360.0
2022-03-22,24.92,25.190001,24.809999,24.92,14257476,366455072.0
2022-03-23,24.92,25.15,24.780001,25.01,13618083,350377504.0
2022-03-24,24.870001,24.870001,24.57,24.6,12320017,313473152.0
2022-03-25,24.85,25.09,24.52,24.52,13426924,342527744.0
2022-03-28,24.23,24.65,24.09,24.6,12271651,309108928.0
2022-03-29,24.67,24.82,24.049999,24.16,13628875,341572224.0
2022-03-30,24.33,24.59,24.200001,24.58,13376029,336644384.0
2022-03-31,24.65,24.67,23.799999,23.83,21793352,541647744.0
2022-04-01,23.73,24.0,23.35,23.75,17320230,423237696.0
2022-04-06,23.700001,23.75,23.18,23.5,19225164,464758336.0
2022-04-07,23.299999,23.58,22.879999,22.879999,14960662,358104608.0
2022-04-08,22.959999,23.25,22.48,23.08,16815774,398112224.0
2022-04-11,22.99,22.99,21.85,21.950001,22112140,510412832.0
2022-04-12,21.950001,22.67,21.77,22.66,16819452,387015040.0
2022-04-13,22.549999,22.870001,22.290001,22.34,13134803,306306464.0
2022-04-14,22.6,23.18,22.4,22.93,17643028,416208512.0
2022-04-15,22.65,23.16,22.549999,23.0,14104121,334077056.0
2022-04-18,22.99,23.639999,22.82,23.5,20483466,495454688.0
2022-04-19,23.4,23.58,23.1,23.17,13613427,326628128.0
2022-04-20,23.25,23.559999,22.9,22.98,11496741,275316224.0
2022-04-21,22.799999,23.389999,22.42,22.49,16073623,380200896.0
2022-04-22,22.27,22.690001,21.84,22.01,16125000,369825824.0
2022-04-25,21.700001,21.700001,19.92,20.120001,24343984,526443968.0
2022-04-26,20.110001,20.370001,19.15,19.200001,23674566,485921152.0
2022-04-27,18.76,20.309999,18.74,20.27,29952630,611955648.0
2022-04-28,20.049999,20.450001,19.85,20.1,19120142,398951008.0
2022-04-29,20.379999,20.99,20.26,20.870001,21186372,453478944.0
2022-05-05,22.35,23.030001,21.870001,22.870001,72228080,1696205952.0
2022-05-06,22.049999,22.469999,22.0,22.120001,42488568,973179520.0
2022-05-09,21.91,22.459999,21.91,22.209999,20631380,473751456.0
2022-05-10,21.85,22.9,21.76,22.75,32006510,746623424.0
2022-05-11,22.75,23.67,22.65,22.969999,44643660,1073775104.0
2022-05-12,22.780001,23.530001,22.76,23.209999,28607900,683986368.0
2022-05-13,23.43,23.48,22.98,23.110001,22179562,530534656.0
2022-05-16,23.25,23.450001,22.75,22.83,20620562,490948832.0
2022-05-17,22.91,23.360001,22.790001,23.309999,23174416,554944384.0
2022-05-18,23.299999,23.5,23.16,23.209999,17059240,410352672.0
2022-05-19,22.799999,23.610001,22.65,23.549999,28037908,673886656.0
2022-05-20,23.629999,24.219999,23.629999,24.0,26700680,658468416.0
2022-05-23,24.0,24.209999,23.75,24.02,19015722,469346976.0
2022-05-24,23.93,24.15,22.940001,22.969999,28947884,703373376.0
2022-05-25,23.0,23.41,22.959999,23.09,16102925,384625728.0
2022-05-26,23.15,23.35,22.629999,23.08,17242240,409213728.0
2022-05-27,23.15,23.42,22.67,22.84,16760833,398338528.0
2022-05-30,22.950001,23.290001,22.780001,23.049999,16443625,391435168.0
2022-05-31,22.85,23.450001,22.5,23.450001,29639652,706437952.0
2022-06-01,23.309999,23.49,23.110001,23.24,19685816,473003232.0
2022-06-02,23.18,23.74,23.049999,23.67,27972332,678871360.0
2022-06-06,23.75,24.530001,23.700001,24.52,45036776,1121670144.0
2022-06-07,24.549999,24.6,23.959999,24.1,32107394,799130112.0
2022-06-08,24.01,24.18,23.51,23.950001,29763096,731902080.0
2022-06-09,23.92,23.92,23.209999,23.33,24964328,604844992.0
2022-06-10,23.110001,23.6,23.049999,23.6,24162740,584960000.0
2022-06-13,23.26,23.790001,23.16,23.57,20459124,496605376.0
2022-06-14,23.309999,23.41,22.459999,23.370001,30296142,717828032.0
2022-06-15,23.34,25.049999,23.290001,24.51,71004608,1790646016.0
2022-06-16,24.65,24.959999,24.389999,24.620001,43223480,1100218496.0
2022-06-17,24.25,24.549999,23.98,24.540001,32017610,802110336.0
2022-06-20,24.6,24.9,24.299999,24.620001,32070924,812095936.0
2022-06-21,24.67,24.700001,24.07,24.49,26409176,663925504.0
2022-06-22,24.440001,24.48,23.75,23.75,25518870,632167616.0
2022-06-23,23.6,24.200001,23.57,24.200001,21836516,539919360.0
2022-06-24,24.34,24.77,24.290001,24.49,34690292,877527872.0
2022-06-27,24.58,25.280001,24.49,25.049999,45349452,1165597440.0
2022-06-28,25.139999,26.139999,24.639999,25.950001,59244548,1554541056.0
2022-06-29,25.75,26.84,25.67,26.200001,81763104,2226057472.0
2022-06-30,26.200001,26.6,25.98,26.25,49324020,1334543232.0
2022-07-01,26.280001,26.48,25.91,26.030001,33501728,901752320.0
2022-07-04,25.6,25.620001,25.129999,25.549999,38256464,999248448.0
2022-07-05,25.450001,25.85,25.120001,25.440001,29729190,778593600.0
2022-07-06,25.34,26.200001,25.26,25.940001,42041408,1114896384.0
2022-07-07,26.030001,26.120001,25.41,25.549999,27501904,725645120.0
2022-07-08,25.639999,25.99,25.43,25.450001,25028368,662551232.0
2022-07-11,25.25,25.280001,24.459999,24.65,26983104,686866432.0
2022-07-12,24.59,24.860001,24.15,24.16,20285950,511314240.0
2022-07-13,24.049999,24.35,23.85,24.120001,17146140,426078592.0
2022-07-14,24.27,24.43,24.059999,24.24,14946659,370646496.0
2022-07-15,24.15,24.559999,23.83,23.83,21090380,521599552.0
2022-07-18,23.84,24.73,23.389999,24.530001,27124168,669503616.0
2022-07-19,24.5,24.709999,24.299999,24.620001,17980962,450796000.0
2022-07-20,24.700001,25.110001,24.559999,24.700001,20913532,530274560.0
2022-07-21,24.58,25.24,24.35,24.74,28304030,721660864.0
2022-07-22,24.74,24.99,24.139999,24.309999,20047836,501180864.0
2022-07-25,24.280001,24.450001,23.809999,23.9,14424899,355074656.0
2022-07-26,24.0,24.24,23.59,24.24,14221449,348489664.0
2022-07-27,24.07,24.190001,23.530001,23.73,15590587,380368736.0
2022-07-28,23.940001,25.450001,23.92,25.049999,56336768,1439712256.0
2022-07-29,25.01,25.17,24.610001,24.67,25981330,659870592.0
2022-08-01,24.48,24.73,23.74,24.67,24036044,598602176.0
2022-08-02,24.27,24.360001,23.26,23.540001,38202092,927743744.0
2022-08-03,23.5,24.99,23.5,24.26,45330920,1127111040.0
2022-08-04,24.41,26.120001,24.379999,25.75,79065192,2062342784.0
2022-08-05,26.15,28.370001,25.82,28.01,147870112,4109901312.0
2022-08-08,28.809999,29.629999,28.01,28.299999,159820768,4672103936.0
2022-08-09,27.66,29.389999,27.15,29.0,131677552,3741442048.0
2022-08-10,28.059999,29.08,27.68,27.98,112325816,3255853824.0
2022-08-11,27.969999,29.370001,27.969999,28.59,105938032,3117475328.0
2022-08-12,28.450001,29.219999,28.360001,28.450001,86877520,2552597248.0
2022-08-15,28.35,28.700001,27.879999,27.940001,60840996,1743510784.0
2022-08-16,27.940001,28.16,27.620001,27.74,48679444,1381853056.0
2022-08-17,27.68,27.83,27.110001,27.620001,47834020,1341650688.0
2022-08-18,27.5,28.1,27.0,27.860001,58799556,1654351488.0
2022-08-19,27.389999,28.030001,26.559999,26.59,71236688,1970523008.0
2022-08-22,26.35,26.950001,26.15,26.41,35526856,959336768.0
2022-08-23,26.280001,26.4,25.790001,25.9,44138516,1171556224.0
2022-08-24,25.950001,25.99,24.709999,24.879999,51681560,1332056320.0
2022-08-25,25.049999,25.1,24.360001,24.68,31880596,802602560.0
2022-08-26,24.85,24.959999,24.370001,24.389999,32111654,808353536.0
2022-08-29,23.940001,24.4,23.85,24.120001,23077796,569543168.0
2022-08-30,24.219999,24.690001,24.16,24.35,28138792,702282688.0
2022-08-31,24.139999,24.41,23.860001,24.24,25486652,628411008.0
2022-09-01,24.209999,24.639999,24.0,24.08,24444048,609666816.0
2022-09-02,23.969999,24.530001,23.969999,24.33,23346064,581232512.0
2022-09-05,24.25,24.25,23.620001,23.950001,23538648,575510208.0
2022-09-06,24.02,24.219999,23.82,24.219999,19852538,487830976.0
2022-09-07,24.25,24.870001,24.24,24.68,34600504,871806720.0
2022-09-08,24.549999,24.59,24.370001,24.5,17058188,426543424.0
2022-09-09,24.530001,24.57,24.15,24.530001,16824096,420073152.0
2022-09-13,24.629999,24.84,24.43,24.48,15941917,400727104.0
2022-09-14,23.950001,24.379999,23.870001,24.190001,15387651,379770816.0
2022-09-15,24.209999,24.35,23.469999,23.709999,22141296,540112640.0
2022-09-16,23.68,23.83,22.99,23.030001,18521792,445082816.0
2022-09-19,22.85,23.139999,22.27,22.309999,18532444,429178496.0
2022-09-20,22.48,22.6,22.129999,22.43,14872754,341220608.0
2022-09-21,22.25,22.51,21.860001,22.370001,12546184,285147584.0
2022-09-22,22.25,22.610001,22.16,22.389999,11153627,256620288.0
2022-09-23,22.360001,22.469999,21.690001,21.790001,14614124,329149248.0
2022-09-26,21.620001,21.799999,21.33,21.41,12096833,267658960.0
2022-09-27,21.450001,21.860001,21.379999,21.85,13730531,304696704.0
2022-09-28,21.75,21.75,21.15,21.15,12393396,272538208.0
2022-09-29,21.35,21.530001,21.0,21.09,10887173,237446432.0
2022-09-30,21.01,21.299999,20.870001,20.879999,9807752,212474384.0
2022-10-10,20.879999,20.879999,19.969999,19.99,17979156,375050432.0
2022-10-11,20.08,20.18,19.860001,20.09,9561267,196863408.0
2022-10-12,20.01,20.790001,19.969999,20.77,19123244,399295648.0
2022-10-13,20.549999,21.01,20.459999,20.76,14335622,306483488.0
2022-10-14,20.959999,21.280001,20.85,21.24,18018436,390536864.0
2022-10-17,21.290001,21.629999,21.139999,21.559999,17078376,375805760.0
2022-10-18,21.639999,21.67,21.200001,21.26,13914900,304785856.0
2022-10-19,21.27,21.459999,21.01,21.01,11619148,253187392.0
2022-10-20,20.950001,22.219999,20.879999,22.030001,41310420,923887360.0
2022-10-21,21.85,22.01,21.49,21.709999,21964908,488055424.0
2022-10-24,21.709999,22.190001,21.25,21.4,21792896,485508576.0
2022-10-25,21.26,21.549999,20.85,21.08,15618867,338581824.0
2022-10-26,21.129999,21.940001,21.0,21.709999,24846878,550895360.0
2022-10-27,21.67,23.41,21.67,22.809999,51845276,1198797184.0
2022-10-28,22.629999,23.870001,22.459999,23.08,62483188,1491594624.0
2022-10-31,23.049999,23.690001,22.889999,23.530001,41232096,986499776.0
2022-11-01,23.25,23.48,22.99,23.42,35932472,855426432.0
2022-11-02,23.5,24.030001,23.129999,23.139999,46303916,1114756096.0
2022-11-03,22.860001,23.540001,22.77,23.4,38629432,916814144.0
2022-11-04,23.299999,23.58,23.040001,23.48,34738828,830446208.0
2022-11-07,23.469999,23.889999,23.370001,23.639999,31353132,757272768.0
2022-11-08,23.629999,23.700001,23.23,23.389999,17429768,417134400.0
2022-11-09,23.34,23.4,23.09,23.23,16683631,396517312.0
2022-11-10,23.02,23.370001,22.639999,22.67,24653442,578244032.0
2022-11-11,23.450001,23.559999,23.049999,23.049999,31410644,748984192.0
2022-11-14,23.07,23.540001,22.950001,23.27,20950240,499952160.0
2022-11-15,23.25,25.530001,23.16,25.190001,91267984,2281443072.0
2022-11-16,25.4,25.4,24.629999,24.68,43471144,1106856064.0
2022-11-17,24.549999,25.129999,24.389999,25.08,38077376,965503232.0
2022-11-18,25.4,25.43,24.709999,24.780001,33983404,870036032.0
2022-11-21,24.73,24.950001,24.389999,24.530001,19564088,490476096.0
2022-11-22,24.530001,25.01,24.360001,24.549999,21882910,551699264.0
2022-11-23,24.559999,24.65,23.83,24.18,22207742,548519808.0
2022-11-24,24.23,24.370001,24.030001,24.17,12898007,319336928.0
2022-11-25,24.110001,24.549999,23.77,23.809999,17782620,438727040.0
2022-11-28,23.33,24.23,23.24,24.059999,19032828,461907200.0
2022-11-29,24.129999,24.5,23.85,24.440001,20979296,521029792.0
2022-11-30,24.450001,24.59,24.26,24.450001,16393593,408984416.0
2022-12-01,24.65,24.92,24.299999,24.360001,21076304,530368544.0
2022-12-02,24.23,24.540001,23.82,23.889999,21117772,521923936.0
2022-12-05,23.959999,24.32,23.82,24.309999,19764710,486667936.0
2022-12-06,24.15,24.790001,24.129999,24.43,26606268,666686848.0
2022-12-07,24.200001,24.33,23.9,23.93,22242102,546288448.0
2022-12-08,23.85,24.01,23.299999,23.389999,23922862,576212096.0
2022-12-09,23.41,23.76,23.370001,23.67,19665382,475111232.0
2022-12-12,23.51,24.190001,23.440001,23.870001,21023380,512784704.0
2022-12-13,23.780001,23.93,23.610001,23.620001,11789444,286436512.0
2022-12-14,24.35,24.65,23.98,23.99,40464896,1007852480.0
2022-12-15,23.75,25.280001,23.709999,24.85,56048384,1423556736.0
2022-12-16,24.57,24.73,24.370001,24.639999,24793126,621955456.0
2022-12-19,24.549999,24.559999,23.58,23.639999,22850548,561690048.0
2022-12-20,23.469999,24.059999,23.280001,23.59,17751186,429471328.0
2022-12-21,23.59,23.799999,23.049999,23.34,15555311,372079296.0
2022-12-22,23.33,23.530001,22.780001,22.889999,15031790,356257120.0
2022-12-23,22.629999,22.84,22.25,22.389999,14939249,344154208.0
2022-12-26,22.4,22.98,22.379999,22.879999,12122877,282645184.0
2022-12-27,22.9,23.07,22.67,22.9,11668101,273007904.0
2022-12-28,22.84,22.870001,22.51,22.6,10574873,245102832.0
2022-12-29,22.530001,22.73,22.41,22.5,9218366,213028704.0
2022-12-30,22.690001,22.719999,22.43,22.5,9109892,210384544.0
2023-01-03,22.530001,22.93,22.379999,22.870001,12943599,300896256.0
2023-01-04,22.85,23.41,22.85,22.99,18334344,433550144.0
2023-01-05,22.879999,23.65,22.83,23.450001,23371806,557969600.0
2023-01-06,23.35,23.65,23.280001,23.43,17336276,416384672.0
2023-01-09,23.5,23.75,23.35,23.469999,14160124,340937408.0
2023-01-10,23.9,24.719999,23.82,24.549999,56330180,1405664896.0
2023-01-11,24.799999,26.77,24.690001,25.6,103263024,2724199424.0
2023-01-12,25.6,25.91,25.209999,25.73,51981440,1358899200.0
2023-01-13,25.9,26.030001,25.35,25.709999,41990208,1099997568.0
2023-01-16,25.5,26.1,25.450001,25.940001,42492216,1122740864.0
2023-01-17,25.950001,26.52,25.9,26.139999,38890392,1040548608.0
2023-01-18,26.110001,26.24,25.889999,25.950001,24119950,640679552.0
2023-01-19,25.950001,26.42,25.76,26.360001,31004898,829269248.0
2023-01-20,26.33,26.73,26.26,26.700001,33763056,915595264.0
2023-01-30,27.139999,27.26,26.549999,26.610001,39233032,1074996864.0
2023-01-31,26.58,26.85,26.129999,26.129999,38640064,1039686976.0
2023-02-01,26.280001,27.200001,26.27,27.040001,43250996,1186698752.0
2023-02-02,27.360001,27.48,26.9,27.059999,39900372,1105432064.0
2023-02-03,26.950001,27.370001,26.780001,27.32,35425608,979539648.0
2023-02-06,27.07,27.200001,26.75,26.9,24103200,662732352.0
2023-02-07,26.9,27.040001,26.620001,26.82,21040052,574791680.0
2023-02-08,26.91,27.200001,26.33,26.4,27342822,743574656.0
2023-02-09,26.299999,27.549999,26.25,27.540001,48948768,1356491392.0
2023-02-10,27.450001,28.030001,27.360001,27.629999,40364448,1137303424.0
2023-02-13,27.41,27.780001,27.18,27.68,34144364,958825984.0
2023-02-14,27.68,29.27,27.68,28.309999,72399136,2110385152.0
2023-02-15,28.25,28.83,28.040001,28.74,46093700,1339084544.0
2023-02-16,28.51,28.65,27.25,27.48,49840404,1424279808.0
2023-02-17,27.52,27.790001,26.610001,26.620001,37975104,1049549376.0
2023-02-20,26.5,28.24,26.43,28.08,48172272,1347858048.0
2023-02-21,27.879999,28.540001,27.700001,28.110001,34398340,983379648.0
2023-02-22,27.85,28.23,27.35,27.860001,30006140,849995072.0
2023-02-23,27.85,28.01,27.41,27.59,19313628,545610048.0
2023-02-24,27.85,28.17,27.43,27.700001,32316712,917398208.0
2023-02-27,27.450001,27.85,27.120001,27.16,25433832,710069696.0
2023-02-28,27.309999,27.889999,27.08,27.59,28983572,812235456.0
2023-03-01,27.610001,28.709999,27.5,28.629999,56354384,1629237888.0
2023-03-02,28.9,29.16,28.190001,28.26,34420224,998696384.0
2023-03-03,28.790001,29.25,28.25,28.98,63157288,1856102144.0
2023-03-06,28.92,28.92,27.790001,28.360001,46578968,1344072320.0
2023-03-07,28.23,28.49,27.049999,27.049999,46236896,1302577152.0
2023-03-08,26.85,27.370001,26.799999,27.219999,24055548,665692096.0
2023-03-09,27.219999,28.34,27.16,27.66,38287664,1085621504.0
2023-03-10,27.450001,28.41,27.35,27.639999,38883520,1108844160.0
2023-03-13,27.610001,27.950001,27.370001,27.940001,25566636,722462208.0
2023-03-14,27.9,28.639999,27.290001,28.42,56172820,1608213248.0
2023-03-15,28.450001,29.0,28.209999,28.530001,52796448,1541159680.0
2023-03-16,28.309999,30.76,28.209999,30.040001,130191720,3999131648.0
2023-03-17,30.25,30.74,29.799999,30.360001,92640768,2859169536.0
2023-03-20,30.43,32.77,30.15,32.209999,139302624,4498813952.0
2023-03-21,31.65,32.080002,31.049999,31.66,79429552,2548216832.0
2023-03-22,31.450001,32.25,31.07,32.240002,73256808,2362905088.0
2023-03-23,31.75,33.84,31.639999,33.279999,117720720,3971619072.0
2023-03-24,32.950001,33.73,32.32,32.849998,74905096,2505637888.0
2023-03-27,32.459999,33.330002,31.93,32.16,71041392,2350766080.0
2023-03-28,32.150002,33.41,31.98,32.630001,61726284,2054303744.0
2023-03-29,32.349998,33.02,31.530001,32.259998,64698792,2120166400.0
2023-03-30,32.450001,33.0,31.76,32.32,48338168,1595085952.0
2023-03-31,32.099998,32.310001,31.35,31.9,52294352,1692584320.0
2023-04-03,32.009998,34.189999,32.009998,34.0,113275224,3833584128.0
2023-04-04,33.849998,35.049999,33.560001,34.389999,102031952,3566138624.0
2023-04-06,34.09,37.73,33.98,36.68,124745936,4587268608.0
2023-04-07,36.950001,38.0,36.459999,37.119999,87406712,3288446976.0
2023-04-10,37.27,37.41,34.889999,35.049999,90920392,3320361216.0
2023-04-11,35.0,35.860001,34.650002,35.23,57039876,2039618944.0
2023-04-12,34.950001,36.610001,34.509998,36.049999,65692312,2394647552.0
2023-04-13,35.959999,35.959999,33.970001,34.349998,67684224,2395626496.0
2023-04-14,34.639999,36.02,33.450001,35.57,80194304,2836306944.0
2023-04-17,35.580002,35.59,34.25,34.580002,53579740,1885678080.0
2023-04-18,34.43,34.43,32.950001,33.740002,71561488,2441269248.0
2023-04-19,33.709999,34.57,33.599998,33.830002,51259712,1775106176.0
2023-04-20,33.810001,34.650002,33.330002,34.139999,71826800,2479971840.0
2023-04-21,33.720001,33.720001,31.459999,31.73,106538048,3498509824.0
2023-04-24,31.879999,33.650002,31.700001,31.98,73606992,2428807424.0
2023-04-25,31.969999,31.98,30.450001,30.940001,64117036,2030384512.0
2023-04-26,27.790001,29.030001,27.790001,27.790001,98811616,2825137664.0
2023-04-27,27.17,27.709999,26.25,26.450001,93721408,2561808128.0
2023-04-28,26.280001,27.24,26.26,27.0,64947344,1787635840.0
2023-05-04,26.85,27.389999,26.26,26.48,45190416,1223459200.0
2023-05-05,26.450001,27.01,25.82,26.139999,41004860,1106329984.0
2023-05-08,26.17,26.91,26.17,26.48,36857704,998444224.0
2023-05-09,26.49,27.26,26.25,26.68,45190120,1237229952.0
2023-05-10,26.700001,27.01,26.309999,26.540001,32783560,890807040.0
2023-05-11,26.82,27.02,26.48,26.75,33791744,922920256.0
2023-05-12,26.83,28.27,26.799999,27.559999,76136616,2144729088.0
2023-05-15,27.290001,27.940001,26.75,27.860001,45936572,1277943552.0
2023-05-16,27.860001,29.6,27.790001,29.299999,83480080,2461240832.0
2023-05-17,29.049999,29.6,28.84,29.139999,44253164,1313889664.0
2023-05-18,29.200001,29.700001,28.85,29.15,34706136,1032302144.0
2023-05-19,29.450001,30.34,29.440001,29.969999,50966868,1554290560.0
2023-05-22,30.15,30.48,28.809999,29.15,44706916,1339255936.0
2023-05-23,29.219999,29.43,28.780001,28.950001,24600594,729491008.0
2023-05-24,28.85,29.33,28.459999,28.809999,28100254,827824256.0
2023-05-25,28.84,29.65,28.83,29.440001,37014752,1104904064.0
2023-05-26,29.65,29.969999,29.23,29.83,32504128,983795072.0
2023-05-29,30.4,31.27,30.34,30.65,49131568,1542253312.0
2023-05-30,30.65,30.809999,29.93,30.809999,35483872,1096124160.0
2023-05-31,30.75,31.219999,30.18,30.65,32390768,1011168704.0
2023-06-01,30.370001,30.43,29.809999,30.01,36953440,1131638784.0
2023-06-02,30.01,30.200001,29.42,29.98,26749438,812295872.0
2023-06-05,30.049999,30.85,30.040001,30.469999,37411260,1163804928.0
2023-06-06,30.25,30.33,28.93,29.0,43732700,1310965632.0
2023-06-07,29.48,31.450001,29.48,30.969999,77838208,2440027904.0
2023-06-08,30.709999,31.18,29.950001,30.780001,46508664,1443575424.0
2023-06-09,30.629999,31.309999,30.129999,31.25,54158572,1695344768.0
2023-06-12,31.42,32.43,31.25,32.07,65041220,2116186880.0
2023-06-13,31.950001,33.279999,31.65,32.919998,64921780,2152402688.0
2023-06-14,33.18,33.43,31.67,32.009998,53665204,1754498560.0
2023-06-15,32.25,32.349998,31.35,31.65,39131696,1262389248.0
2023-06-16,31.59,31.969999,31.18,31.879999,30983856,999998912.0
2023-06-19,31.790001,33.439999,31.33,32.959999,58238568,1927046144.0
2023-06-20,32.450001,33.630001,32.400002,33.450001,52403472,1771502208.0
2023-06-21,33.450001,33.73,32.650002,33.200001,38122948,1276796544.0
2023-06-26,32.549999,32.560001,31.389999,31.66,41445040,1336423808.0
2023-06-27,31.66,32.349998,31.51,31.700001,22982932,739986752.0
2023-06-28,31.870001,32.0,30.25,30.73,38346788,1196929024.0
2023-06-29,30.65,31.450001,30.35,30.52,28511390,885515008.0
2023-06-30,30.43,30.959999,30.15,30.82,21917076,679152576.0
2023-07-03,30.809999,31.610001,30.700001,31.309999,28944284,916340288.0
2023-07-04,31.25,32.029999,30.950001,31.84,24189860,774130112.0
2023-07-05,31.84,32.119999,31.33,31.48,20816416,668620672.0
2023-07-06,31.290001,31.719999,31.25,31.35,15851409,504107200.0
2023-07-07,31.1,31.24,30.209999,30.4,23693356,730533248.0
2023-07-10,30.4,30.639999,30.059999,30.209999,16559223,508192480.0
2023-07-11,30.209999,31.530001,30.209999,31.459999,29854108,938706624.0
2023-07-12,31.450001,31.75,30.91,31.02,18559744,587392960.0
2023-07-13,31.33,32.82,31.02,32.610001,49709384,1623864704.0
2023-07-14,33.669998,35.759998,33.669998,34.349998,103668520,3614012416.0
2023-07-17,34.040001,34.75,33.220001,34.630001,50852432,1758099712.0
2023-07-18,34.950001,36.73,34.950001,35.200001,81475152,2947701760.0
2023-07-19,35.200001,35.93,34.529999,34.810001,52129024,1845224704.0
2023-07-20,34.810001,35.150002,33.450001,33.610001,42033732,1448442368.0
2023-07-21,33.830002,34.75,33.299999,34.119999,38569704,1333642496.0
2023-07-24,33.66,34.849998,33.650002,33.950001,26467876,913695680.0
2023-07-25,34.349998,34.439999,33.139999,33.810001,37194648,1267610112.0
2023-07-26,33.950001,34.25,33.509998,33.799999,26043918,889486656.0
2023-07-27,33.75,33.860001,32.98,33.119999,25093224,843813440.0
2023-07-28,33.119999,33.540001,32.57,33.130001,26572696,890636032.0
2023-07-31,33.049999,33.419998,32.029999,32.639999,38709320,1278327552.0
2023-08-01,32.560001,33.09,32.509998,32.849998,20519196,680705344.0
2023-08-02,32.75,33.25,32.66,33.009998,21487990,716686208.0
2023-08-03,32.720001,33.330002,32.299999,32.900002,18048896,601565440.0
2023-08-04,33.049999,34.200001,33.049999,33.98,42184240,1442213888.0
2023-08-07,34.009998,34.09,33.310001,33.509998,24187318,821861184.0
2023-08-08,33.73,33.93,32.639999,32.66,22218976,744249536.0
2023-08-09,32.349998,32.849998,32.009998,32.099998,21904392,716588160.0
2023-08-10,32.099998,32.68,32.029999,32.209999,17674248,576877440.0
2023-08-11,32.110001,32.150002,31.440001,31.440001,18241880,585012864.0
2023-08-14,30.85,31.700001,30.709999,31.620001,14817136,470458432.0
2023-08-15,31.77,31.91,30.43,30.82,24101210,753403776.0
2023-08-16,30.83,30.91,30.33,30.57,12783588,396374880.0
2023-08-17,30.27,31.4,30.26,31.15,14763418,461379776.0
2023-08-18,31.139999,31.34,30.02,30.049999,17351784,535165056.0
2023-08-21,30.059999,30.389999,29.75,29.76,9708522,295487744.0
2023-08-22,30.01,30.65,29.690001,30.559999,15661587,478308512.0
2023-08-23,30.389999,30.42,29.18,29.73,17926934,541107008.0
2023-08-24,29.879999,30.780001,29.860001,30.51,16377370,503722368.0
2023-08-25,30.25,30.25,29.200001,29.459999,16372206,490810752.0
2023-08-28,31.08,31.530001,29.66,29.719999,22927092,704540096.0
2023-08-29,29.68,30.9,29.65,30.719999,20601528,634528576.0
2023-08-30,31.65,32.360001,31.299999,32.139999,43429720,1404973056.0
2023-08-31,31.65,32.98,31.559999,32.25,34078000,1115808640.0
2023-09-01,32.349998,32.669998,31.799999,32.029999,19011258,617430592.0
2023-09-04,32.189999,33.27,32.150002,33.27,31936654,1055290432.0
2023-09-05,33.599998,34.080002,32.689999,32.959999,47374180,1598253056.0
2023-09-06,32.970001,33.450001,32.759998,33.310001,33186680,1111018880.0
2023-09-07,32.779999,33.0,32.150002,32.16,30042496,988470080.0
2023-09-08,31.950001,32.490002,31.6,32.130001,19998104,648289152.0
2023-09-11,32.110001,32.639999,32.099998,32.349998,17052402,557492544.0
2023-09-12,32.68,33.049999,31.959999,32.150002,19733664,646059328.0
2023-09-13,31.76,31.91,30.559999,30.790001,37496876,1179947904.0
2023-09-14,30.84,31.110001,30.030001,30.209999,24047314,739899456.0
2023-09-15,30.35,30.799999,29.879999,30.18,23847664,729741632.0
2023-09-18,29.950001,30.120001,29.42,29.66,22203512,668219392.0
2023-09-19,29.66,29.66,28.620001,28.879999,27498456,804935424.0
2023-09-20,28.66,28.99,28.469999,28.48,17012258,494308512.0
2023-09-21,28.450001,30.01,28.35,29.51,35437936,1051424320.0
2023-09-22,29.450001,29.93,29.110001,29.83,25569850,766444352.0
2023-09-25,29.84,29.950001,29.57,29.809999,17211252,518165888.0
2023-09-26,29.76,30.09,29.610001,29.85,16578882,500501664.0
2023-09-27,29.82,30.629999,29.75,30.190001,19994002,611482496.0
2023-09-28,30.27,30.6,29.959999,30.15,15808839,483513760.0
2023-10-09,30.1,30.389999,29.85,30.1,15206986,463607392.0
2023-10-10,30.1,30.34,29.879999,30.110001,16801540,511380768.0
2023-10-11,30.16,30.57,29.91,30.540001,26654744,815072192.0
2023-10-12,30.52,30.540001,29.6,30.09,29958668,906534720.0
2023-10-13,29.75,30.280001,29.549999,30.190001,21798728,662202240.0
2023-10-16,30.1,30.139999,29.1,29.32,20282410,604310464.0
2023-10-17,29.440001,29.549999,28.98,29.48,15089759,447419232.0
2023-10-18,29.33,29.879999,28.76,28.77,15787195,464855072.0
2023-10-19,28.549999,29.65,28.549999,28.77,19729374,581652224.0
2023-10-20,28.75,28.950001,27.98,28.1,18195644,521260192.0
2023-10-23,27.870001,28.1,27.07,27.35,19324692,536368960.0
2023-10-24,27.35,28.309999,26.969999,27.93,20936850,588024960.0
2023-10-25,28.1,28.52,27.690001,27.940001,15254827,432522112.0
2023-10-26,27.75,28.15,27.370001,27.73,15470286,434026624.0
2023-10-27,27.629999,28.309999,27.43,28.16,19462924,550575936.0
2023-10-30,28.25,30.379999,28.209999,30.26,50853792,1530503424.0
2023-10-31,30.27,30.58,29.99,30.450001,28114804,861090880.0
2023-11-01,30.26,30.700001,30.07,30.23,16118068,494472192.0
2023-11-02,30.43,30.66,30.15,30.200001,21628910,665345536.0
2023-11-03,30.209999,31.02,30.1,30.93,28137380,873607296.0
2023-11-06,31.450001,31.9,30.870001,31.530001,29800208,947491904.0
2023-11-07,31.360001,32.0,31.309999,31.92,24152188,774988224.0
2023-11-08,31.709999,32.02,31.35,31.559999,21041344,674057600.0
2023-11-09,31.639999,31.889999,31.049999,31.219999,21670980,686382080.0
2023-11-10,31.190001,31.58,30.91,31.17,17057948,538206208.0
2023-11-13,31.35,31.4,30.870001,31.190001,14387402,453095904.0
2023-11-14,31.190001,31.459999,31.0,31.33,13518473,427007296.0
2023-11-15,31.629999,31.870001,31.25,31.459999,19286610,615020096.0
2023-11-16,31.34,31.75,31.15,31.35,12322108,392073184.0
2023-11-17,31.299999,31.77,31.18,31.620001,16308305,520323328.0
2023-11-20,31.620001,31.82,31.200001,31.33,18187976,578099904.0
2023-11-21,31.33,32.419998,31.18,31.34,29127900,934671616.0
2023-11-22,31.120001,31.700001,30.65,31.01,18138348,572485568.0
2023-11-23,31.040001,31.379999,30.68,31.15,17517130,548495808.0
2023-11-24,31.059999,31.139999,30.4,30.41,16604162,514246432.0
2023-11-27,30.209999,30.6,30.059999,30.530001,14392762,442205024.0
2023-11-28,30.59,30.93,30.200001,30.450001,13235579,407489664.0
2023-11-29,30.440001,30.9,30.360001,30.43,13936801,432038880.0
2023-11-30,30.43,30.43,29.85,30.190001,12320730,374784672.0
2023-12-01,30.1,30.33,29.83,30.190001,11813061,359366720.0
2023-12-04,30.190001,30.700001,29.690001,29.74,15121257,460336064.0
2023-12-05,29.719999,29.719999,28.969999,29.09,15658076,463523488.0
2023-12-06,28.950001,29.15,28.530001,28.639999,17023034,495285888.0
2023-12-07,28.68,28.82,28.219999,28.370001,16069643,462507360.0
2023-12-08,28.52,29.51,28.48,29.4,33888540,999989824.0
2023-12-11,29.1,29.950001,28.75,29.85,23723060,703273600.0
2023-12-12,29.780001,29.93,29.450001,29.639999,15228281,456447264.0
2023-12-13,29.549999,29.700001,29.25,29.42,10851022,323474272.0
2023-12-14,29.530001,29.790001,29.280001,29.450001,10927226,326549760.0
2023-12-15,29.16,29.48,28.99,29.120001,9171177,271083520.0
2023-12-18,29.02,29.09,28.709999,28.83,7831012,228844736.0
2023-12-19,28.809999,29.15,28.58,28.85,11518295,336279968.0
2023-12-20,28.85,28.959999,28.379999,28.389999,7820480,226348224.0
2023-12-21,28.25,28.74,28.209999,28.52,12459460,358613664.0
2023-12-22,28.450001,28.77,28.16,28.219999,14107014,405610272.0
2023-12-25,28.049999,28.57,28.049999,28.440001,10014090,288162272.0
2023-12-26,28.440001,28.450001,27.51,27.59,13572870,382013472.0
2023-12-27,27.59,28.309999,27.559999,28.25,14477722,410576416.0
2023-12-28,28.26,28.969999,28.16,28.889999,13953146,405072000.0
2023-12-29,28.91,29.57,28.870001,29.51,17147856,510087392.0
2024-01-02,29.540001,29.629999,29.18,29.18,10266068,304768736.0
2024-01-03,29.059999,29.200001,27.309999,27.629999,28169628,797568704.0
2024-01-04,27.629999,27.65,26.200001,26.73,30149260,820091200.0
2024-01-05,26.639999,27.040001,26.209999,26.379999,16668022,448974720.0
2024-01-08,26.379999,26.4,25.4,25.559999,20775924,540118016.0
2024-01-09,25.76,26.08,25.08,25.43,23994808,620490432.0
2024-01-10,25.110001,25.450001,24.799999,25.26,15568820,396826144.0
2024-01-11,25.26,25.82,25.02,25.65,16807072,434529120.0
2024-01-12,25.629999,25.65,25.35,25.370001,14440485,372916480.0
2024-01-15,25.120001,26.110001,25.049999,25.780001,19916188,521188128.0
2024-01-16,25.65,25.809999,25.18,25.6,13836356,357440896.0
2024-01-17,25.620001,25.73,24.68,24.68,15506726,394844256.0
2024-01-18,24.559999,25.200001,23.870001,25.139999,28435480,705529152.0
2024-01-19,25.23,26.27,25.219999,25.790001,29266448,767258432.0
2024-01-22,25.790001,25.940001,24.870001,25.200001,23251344,601030592.0
2024-01-23,24.879999,25.4,24.610001,25.09,20062656,510751840.0
2024-01-24,24.75,24.870001,23.23,24.16,42082620,1018229568.0
2024-01-25,24.049999,25.4,23.75,25.370001,28725284,724680832.0
2024-01-26,25.16,25.190001,24.049999,24.27,35976644,889511936.0
2024-01-29,24.280001,24.57,23.4,23.59,23040534,555418816.0
2024-01-30,23.469999,23.690001,23.01,23.049999,17128894,404192480.0
2024-01-31,22.9,23.16,22.049999,22.129999,23775162,541433600.0
2024-02-01,21.969999,22.950001,21.950001,22.32,21220212,483821632.0
2024-02-02,22.459999,22.68,20.65,21.43,28956628,634320512.0
2024-02-05,21.200001,21.379999,19.6,20.610001,39428188,823114112.0
2024-02-06,20.450001,22.4,20.280001,22.33,30017778,660513216.0
2024-02-07,22.4,23.370001,22.110001,23.15,30097996,702091712.0
2024-02-08,23.33,24.309999,23.26,23.629999,24949116,601175104.0
2024-02-19,24.1,24.15,23.4,24.129999,25579472,618264000.0
2024-02-20,23.879999,23.91,23.4,23.780001,24871962,595650624.0
2024-02-21,23.51,24.370001,23.309999,23.969999,25343576,616248384.0
2024-02-22,23.969999,24.75,23.969999,24.639999,31222632,775949504.0
2024-02-23,24.950001,24.98,24.450001,24.780001,18196568,456396480.0
2024-02-26,24.66,25.08,24.530001,24.73,18641594,469328448.0
2024-02-27,24.620001,25.75,24.48,25.74,30836642,787019264.0
2024-02-28,25.75,26.15,24.74,24.75,30445864,786582592.0
2024-02-29,24.67,25.860001,24.629999,25.809999,26071648,674237824.0
2024-03-01,25.940001,26.6,25.809999,26.34,33344786,887541376.0
2024-03-04,26.469999,28.139999,26.469999,27.540001,54649780,1514288256.0
2024-03-05,30.33,30.33,29.719999,30.33,69420296,2125014784.0
2024-03-06,30.1,30.1,28.33,28.530001,109948496,3215821056.0
2024-03-07,28.6,28.75,26.969999,27.190001,81709000,2294879744.0
2024-03-08,27.209999,28.77,27.030001,28.639999,77963216,2229442048.0
2024-03-11,27.780001,28.35,27.549999,28.309999,49158932,1391607296.0
2024-03-12,28.200001,29.27,28.030001,28.43,49121232,1422742144.0
2024-03-13,28.57,28.65,28.07,28.23,32004850,917673344.0
2024-03-14,27.75,28.15,27.34,27.610001,32323380,907316864.0
2024-03-15,27.59,27.66,27.07,27.620001,22144564,613638144.0
2024-03-18,27.93,28.389999,27.73,28.389999,31391198,893832960.0
2024-03-19,28.4,28.58,27.9,27.9,23735962,676225344.0
2024-03-27,30.73,30.73,28.639999,28.76,155192576,4643164672.0
2024-03-28,27.84,29.65,26.76,28.68,97660200,2778538496.0
2024-03-29,28.26,28.299999,27.65,27.780001,52636288,1485029376.0
2024-04-01,27.65,28.24,27.0,27.77,57730812,1610877824.0
2024-04-02,27.51,27.52,26.66,26.75,50767276,1388056064.0
2024-04-03,26.83,27.34,26.67,26.83,33954168,927980160.0
2024-04-08,26.66,26.75,25.719999,25.73,35619356,942266560.0
2024-04-09,25.559999,25.950001,25.32,25.860001,24724518,643096832.0
2024-04-10,25.76,25.77,24.709999,24.82,31428918,798155840.0
2024-04-11,24.66,25.440001,24.66,25.040001,29690848,758527488.0
2024-04-12,25.07,25.530001,25.07,25.18,23272996,596284032.0
2024-04-15,25.129999,25.700001,24.860001,25.389999,31067844,797744640.0
2024-04-16,25.049999,25.200001,24.35,24.360001,28588750,715056192.0
2024-04-17,24.469999,25.280001,24.469999,25.24,26763846,679601728.0
2024-04-18,24.99,25.57,24.74,25.200001,24053636,614489984.0
2024-04-19,24.93,25.01,24.01,24.190001,33974876,842618112.0
2024-04-22,23.65,24.059999,23.34,23.709999,28116020,675028928.0
2024-04-23,23.799999,24.129999,23.040001,23.17,28191860,667815296.0
2024-04-24,23.33,24.030001,23.219999,24.030001,31266390,750458432.0
2024-04-25,23.35,24.309999,22.940001,23.959999,36578124,882974656.0
2024-04-26,23.799999,25.0,23.780001,24.82,36348796,907478784.0
2024-04-29,24.959999,25.9,24.85,25.85,38588236,999215680.0
2024-04-30,25.9,25.92,25.290001,25.42,25777502,666807424.0
2024-05-06,25.85,26.41,25.84,26.33,36257232,962518912.0
2024-05-07,26.27,26.49,25.950001,26.32,28693768,764101120.0
2024-05-08,26.309999,26.52,25.780001,25.85,21481762,568069248.0
2024-05-09,25.83,26.389999,25.76,26.32,20653078,548692800.0
2024-05-10,26.4,26.610001,25.799999,25.879999,26035280,687855872.0
2024-05-13,25.629999,25.83,25.209999,25.549999,19476962,504271296.0
2024-05-14,25.59,26.08,25.540001,25.6,18011712,470732256.0
2024-05-15,25.549999,26.540001,25.290001,25.860001,33783848,893604864.0
2024-05-16,25.950001,26.049999,25.450001,25.49,26396400,688757504.0
2024-05-17,25.42,25.620001,25.030001,25.620001,19137550,491777344.0
2024-05-20,26.049999,26.139999,25.57,25.76,20681388,540987136.0
2024-05-21,25.65,25.75,25.450001,25.549999,12143053,314783904.0
2024-05-22,25.559999,25.75,25.32,25.68,19531368,505562752.0
2024-05-23,25.709999,25.709999,25.02,25.040001,21560892,551902976.0
2024-05-24,24.719999,25.139999,24.129999,24.18,25293568,628899008.0
2024-05-27,24.15,24.809999,23.66,24.780001,31274580,767462976.0
2024-05-28,24.93,25.83,24.719999,24.799999,40992616,1047454720.0
2024-05-29,24.75,25.02,24.610001,24.860001,22817120,574660352.0
2024-05-30,24.65,25.870001,24.48,25.73,50364896,1301267968.0
2024-05-31,25.65,25.950001,25.4,25.620001,30881280,804528512.0
2024-06-03,25.629999,26.629999,25.629999,26.49,58122736,1550741504.0
2024-06-04,26.6,26.6,26.059999,26.5,34899344,931807424.0
2024-06-05,26.4,27.41,26.35,26.870001,49591444,1363017600.0
2024-06-06,27.049999,27.83,27.049999,27.6,65473528,1822023424.0
2024-06-07,27.5,27.889999,27.08,27.4,46276244,1286821760.0
2024-06-11,27.530001,28.4,27.41,28.280001,53878192,1534305536.0
2024-06-12,28.32,29.950001,28.32,28.49,89341384,2623983360.0
2024-06-13,28.85,29.549999,28.700001,28.77,62291356,1830697728.0
2024-06-14,28.799999,28.940001,28.33,28.700001,48979128,1418345344.0
2024-06-17,28.700001,31.549999,28.4,30.93,98033152,2989219072.0
2024-06-18,30.85,31.059999,30.459999,31.049999,58095648,1811907712.0
2024-06-19,30.950001,31.67,30.700001,31.4,73979584,2341767936.0
2024-06-20,30.950001,31.530001,30.58,30.73,53015408,1660881280.0
2024-06-21,30.280001,30.9,29.889999,30.65,38197824,1178132992.0
2024-06-24,30.620001,31.450001,30.450001,30.639999,55817072,1751473408.0
2024-06-25,30.459999,31.049999,29.290001,29.65,64186820,1942393984.0
2024-06-26,29.84,31.49,29.34,30.98,51769876,1594855040.0
2024-06-27,30.959999,32.349998,30.77,31.18,66167040,2104053504.0
2024-06-28,30.950001,31.719999,30.709999,31.459999,45139176,1427113600.0
2024-07-01,31.26,31.5,30.32,31.120001,35581084,1107439104.0
2024-07-02,31.049999,31.370001,30.309999,30.459999,28876432,895764800.0
2024-07-03,30.52,32.57,30.26,32.130001,69087696,2202172416.0
2024-07-04,31.860001,32.299999,31.450001,31.6,40098152,1286731008.0
2024-07-05,31.549999,31.700001,30.25,31.200001,40157196,1250151552.0
2024-07-08,31.25,31.639999,30.889999,30.969999,28901832,910614464.0
2024-07-09,30.879999,33.02,30.66,32.860001,70699688,2298503424.0
2024-07-10,32.560001,32.939999,32.349998,32.529999,36498848,1198402304.0
2024-07-11,33.049999,33.93,32.490002,33.459999,60189064,2017918976.0
2024-07-12,33.049999,33.459999,32.549999,33.32,32869952,1092826880.0
2024-07-15,33.23,34.700001,33.110001,34.5,52764184,1808621056.0
2024-07-16,34.049999,35.939999,34.049999,35.779999,65916688,2327808000.0
2024-07-17,35.619999,36.450001,34.09,34.419998,61715560,2200961792.0
2024-07-18,33.75,35.43,32.68,35.049999,80754112,2757132800.0
2024-07-19,34.049999,35.34,33.049999,34.860001,69429224,2404542464.0
2024-07-22,34.75,35.860001,34.630001,35.5,44491624,1587720064.0
2024-07-23,35.240002,35.240002,33.389999,33.43,57165512,1967210368.0
2024-07-24,33.349998,34.139999,33.060001,33.549999,45167460,1529863168.0
2024-07-25,33.150002,33.150002,31.549999,31.84,56613328,1830448768.0
2024-07-26,32.049999,32.290001,31.43,31.950001,32232940,1034983168.0
2024-07-29,32.099998,33.450001,31.83,32.299999,38477424,1268889216.0
2024-07-30,32.060001,32.66,31.58,32.57,31691240,1031247616.0
2024-07-31,32.349998,33.490002,32.09,33.139999,39575528,1314547712.0
2024-08-01,33.549999,34.09,33.18,33.669998,36093436,1224760704.0
2024-08-02,33.0,33.200001,31.83,31.969999,45946800,1500704000.0
2024-08-05,31.530001,31.77,29.389999,29.540001,71875552,2203510528.0
2024-08-06,30.25,30.4,29.25,29.799999,33041806,988203776.0
2024-08-07,29.76,29.969999,29.17,29.32,28718380,856727616.0
2024-08-08,29.0,30.530001,28.93,29.879999,37092816,1115596544.0
2024-08-09,30.549999,31.110001,30.35,30.6,39786412,1232085376.0
2024-08-12,30.58,30.98,30.379999,30.629999,20015396,617291712.0
2024-08-13,30.6,31.33,30.469999,31.139999,22658598,708059392.0
2024-08-14,31.26,31.290001,30.65,30.77,19643326,613297600.0
2024-08-15,30.559999,31.120001,30.209999,30.4,25701460,792962752.0
2024-08-16,30.57,31.0,30.25,30.370001,18083146,558143872.0
2024-08-19,30.1,31.049999,29.950001,30.610001,22599586,699873600.0
2024-08-20,30.610001,30.85,29.91,30.110001,18496648,563516352.0
2024-08-21,29.950001,31.040001,29.85,30.33,23664004,727719232.0
2024-08-22,30.299999,30.299999,29.559999,29.91,20335346,612541184.0
2024-08-23,29.67,30.49,29.65,30.32,18613564,566115584.0
2024-08-26,30.9,32.029999,30.780001,31.01,39570992,1247341696.0
2024-08-27,31.049999,31.049999,29.75,29.85,28288728,859135808.0
2024-08-28,29.76,30.129999,29.559999,29.9,17321352,520967552.0
2024-08-29,29.59,30.84,29.48,30.67,26946028,824881792.0
2024-08-30,30.48,32.830002,30.48,32.400002,50763388,1645059840.0
2024-09-02,32.279999,32.5,30.73,30.780001,38364192,1213580032.0
2024-09-03,30.700001,31.049999,30.459999,30.76,24378380,755671616.0
2024-09-04,30.07,30.48,29.75,30.23,20891904,634389696.0
2024-09-05,30.34,30.540001,29.92,30.200001,18562096,564889152.0
2024-09-06,30.209999,30.309999,29.51,29.52,19181870,575320000.0
2024-09-09,29.309999,29.77,28.969999,29.17,21261796,627254656.0
2024-09-10,29.219999,29.450001,28.610001,29.34,23261334,681329024.0
2024-09-11,29.26,29.48,28.9,29.07,14258994,419363904.0
2024-09-12,29.41,29.48,28.790001,28.809999,14067554,412745440.0
2024-09-13,28.76,29.620001,28.639999,28.709999,23338932,684909504.0
2024-09-18,28.75,28.879999,27.18,27.530001,43767480,1221116800.0
2024-09-19,27.82,28.129999,27.360001,27.620001,29885978,834911040.0
2024-09-20,27.67,28.040001,27.219999,27.809999,24474454,682090880.0
2024-09-23,27.809999,28.35,27.469999,27.540001,24387764,684141120.0
2024-09-24,27.83,28.77,27.25,28.75,43369720,1231930368.0
2024-09-25,29.0,30.08,28.98,29.549999,53343196,1589734400.0
2024-09-26,29.559999,30.379999,29.35,30.370001,41591104,1249161472.0
2024-09-27,30.73,31.879999,30.530001,31.870001,29463744,926751360.0
2024-09-30,33.5,35.080002,32.66,35.080002,89256280,3072340224.0
2024-10-08,38.610001,38.610001,37.299999,38.610001,66960472,2590922496.0
2024-10-09,39.68,41.75,37.540001,39.049999,165205136,6662934528.0
2024-10-10,39.07,39.57,35.900002,37.919998,95675960,3664558336.0
2024-10-11,37.369999,38.43,35.77,36.299999,68346192,2527090944.0
2024-10-14,36.299999,37.25,35.310001,37.189999,63249880,2323592448.0
2024-10-15,37.18,39.240002,36.700001,37.610001,84398232,3248115712.0
2024-10-16,36.509998,37.610001,36.299999,36.93,45855172,1709234944.0
2024-10-17,37.470001,37.740002,36.75,36.75,44447296,1665894912.0
2024-10-18,36.900002,40.450001,36.880001,39.779999,118700832,4646463488.0
2024-10-21,40.75,41.450001,39.610001,39.700001,146009008,5931508224.0
2024-10-22,39.130001,39.73,38.380001,38.73,86272800,3378595584.0
2024-10-23,38.740002,39.029999,38.029999,38.41,71764488,2779133696.0
2024-10-24,38.139999,38.84,37.959999,38.400002,51954244,2007546624.0
2024-10-25,38.52,39.0,38.040001,38.84,55396444,2148251904.0
2024-10-28,38.68,38.68,37.25,38.27,73570968,2804314624.0
2024-10-29,38.279999,39.639999,37.790001,38.369999,88662432,3454756864.0
2024-10-30,37.950001,38.73,37.450001,38.009998,64495576,2473006592.0
2024-10-31,37.900002,40.549999,37.360001,39.669998,117597576,4619560448.0
2024-11-01,41.650002,41.650002,38.25,38.34,113728680,4557471232.0
2024-11-04,38.349998,39.25,37.849998,38.599998,60254632,2332569344.0
2024-11-05,38.610001,41.110001,38.299999,40.82,119830448,4833970176.0
2024-11-06,40.849998,44.900002,40.450001,43.310001,165675040,7008960000.0
2024-11-07,42.349998,44.0,41.5,43.580002,118829160,5089477632.0
2024-11-08,44.540001,45.439999,43.240002,43.360001,119651640,5343170048.0
2024-11-11,44.709999,47.669998,44.27,46.299999,132303032,6109575168.0
2024-11-12,46.330002,47.299999,44.759998,45.849998,99999904,4611430912.0
2024-11-13,45.369999,45.459999,43.490002,44.09,87731008,3903748096.0
2024-11-14,44.48,44.959999,42.759998,42.84,72183784,3175689216.0
2024-11-15,43.630001,46.200001,42.759998,42.939999,108336664,4826996736.0
2024-11-18,42.040001,42.580002,40.110001,40.509998,85193216,3531158272.0
2024-11-19,40.450001,41.860001,40.200001,41.73,63771140,2637166080.0
2024-11-20,41.709999,41.740002,40.66,41.380001,58461352,2424805120.0
2024-11-21,41.25,41.279999,40.419998,40.799999,55671936,2288496128.0
2024-11-22,40.799999,41.25,38.580002,38.669998,70601208,2833315328.0
2024-11-25,38.630001,38.84,36.650002,37.470001,72806216,2742623488.0
2024-11-26,37.490002,38.25,37.23,37.32,40512292,1538089216.0
2024-11-27,37.189999,37.919998,36.57,37.91,53150688,1998534016.0
2024-11-28,37.93,38.939999,37.540001,38.119999,57574428,2219028480.0
2024-11-29,38.049999,39.299999,37.580002,38.73,56235192,2175884288.0
2024-12-02,38.939999,40.25,38.939999,39.939999,63726888,2546953472.0
2024-12-03,39.98,40.709999,39.029999,39.48,58213636,2338575104.0
2024-12-04,40.330002,40.580002,39.029999,39.049999,51648404,2070969600.0
2024-12-05,38.84,39.52,38.75,39.060001,31240888,1227937152.0
2024-12-06,39.080002,39.700001,38.599998,39.310001,45811564,1802291968.0
2024-12-09,39.299999,39.299999,38.049999,38.380001,36837192,1428578176.0
2024-12-10,39.580002,39.73,38.189999,38.299999,45442656,1782816000.0
2024-12-11,38.110001,38.540001,37.799999,38.209999,38879680,1491870336.0
2024-12-12,38.200001,38.459999,37.759998,38.330002,34320584,1316343168.0
2024-12-13,38.25,38.41,37.650002,37.75,41236744,1573535872.0
2024-12-16,37.759998,38.32,37.400002,37.59,34638304,1317783296.0
2024-12-17,37.43,38.110001,37.34,37.490002,31836120,1208083712.0
2024-12-18,37.650002,38.18,37.27,37.939999,41970264,1594968832.0
2024-12-19,37.369999,38.75,37.259998,38.619999,61115916,2340620032.0
2024-12-20,38.549999,40.299999,38.130001,39.73,93949504,3726683904.0
2024-12-23,39.75,39.950001,38.599998,38.779999,57373972,2273705472.0
2024-12-24,38.849998,39.040001,37.799999,38.990002,50299364,1946568064.0
2024-12-25,39.0,39.200001,38.459999,38.68,34364704,1343335552.0
2024-12-26,38.549999,39.849998,38.439999,39.68,61167992,2428757248.0
2024-12-27,39.43,41.27,39.43,40.200001,94710176,3839328256.0
2024-12-30,41.25,43.23,40.75,42.720001,150542960,6359134720.0
2024-12-31,42.73,42.830002,40.599998,40.610001,95529520,3981376256.0
2025-01-02,40.610001,40.669998,37.52,37.98,87935176,3434066944.0
2025-01-03,37.889999,38.119999,35.98,36.110001,62704464,2330323712.0
2025-01-06,35.950001,36.740002,35.099998,35.41,41407244,1489125888.0
2025-01-07,35.740002,37.150002,35.52,37.119999,50876904,1855862144.0
2025-01-08,36.630001,37.240002,35.639999,36.709999,49484896,1814898688.0
2025-01-09,36.459999,37.830002,36.360001,37.439999,52990528,1992987904.0
2025-01-10,37.450001,41.209999,37.439999,39.830002,182273200,7422520832.0
2025-01-13,39.150002,39.830002,38.099998,38.650002,103905992,4057135360.0
2025-01-14,38.799999,40.41,37.869999,40.349998,119725552,4732371456.0
2025-01-15,39.790001,40.470001,39.380001,39.740002,70548592,2827681024.0
2025-01-16,40.82,41.740002,39.259998,39.84,94068192,3825541376.0
2025-01-17,39.259998,41.23,39.150002,40.139999,85723248,3464449024.0
2025-01-20,40.349998,41.950001,40.049999,41.369999,96494728,3985148160.0
2025-01-21,41.450001,41.75,40.540001,41.040001,81146848,3354094592.0
2025-01-22,40.580002,41.049999,39.959999,40.560001,62149768,2530978048.0
2025-01-23,41.209999,41.299999,39.150002,39.150002,78506544,3173107968.0
2025-01-24,38.970001,40.720001,38.939999,40.380001,72123648,2919692800.0
2025-01-27,40.349998,40.380001,38.549999,38.580002,59484264,2341200128.0
2025-02-05,39.619999,39.93,38.939999,39.34,47860520,1897901440.0
2025-02-06,39.25,42.07,39.049999,42.029999,106010160,4396145152.0
2025-02-07,41.950001,42.66,40.950001,41.669998,104597672,4408683520.0
2025-02-10,41.75,42.0,40.959999,41.279999,62393648,2595115264.0
2025-02-11,41.279999,41.400002,40.169998,40.349998,59632908,2427921408.0
2025-02-12,40.25,41.299999,40.16,41.209999,78489200,3215351040.0
2025-02-13,40.759998,40.849998,39.849998,39.860001,62328032,2522410240.0
2025-02-14,39.75,40.25,39.209999,40.009998,51550464,2061244160.0
2025-02-17,40.009998,40.400002,39.830002,40.259998,57602892,2325185280.0
2025-02-18,40.25,40.880001,38.75,38.849998,72281456,2901230080.0
2025-02-19,38.740002,39.93,38.650002,39.82,71031280,2829610240.0
2025-02-20,39.57,39.669998,38.509998,39.09,64230092,2516224256.0
2025-02-21,39.130001,40.700001,38.93,40.41,100093312,4039317760.0
2025-02-24,40.490002,40.98,39.759998,40.580002,86005960,3504477952.0
2025-02-25,39.93,41.09,39.849998,39.93,77985544,3159435776.0
2025-02-26,39.900002,40.099998,39.279999,39.830002,61256308,2441148416.0
2025-02-27,39.830002,39.880001,38.630001,38.849998,61083240,2402877952.0
2025-02-28,38.599998,38.700001,37.02,37.040001,69003264,2616304896.0
2025-03-03,37.110001,37.59,36.650002,37.02,40867368,1526892672.0
2025-03-04,36.650002,37.630001,36.580002,37.549999,39461584,1479102848.0
2025-03-05,37.549999,37.93,37.16,37.470001,29633866,1118877568.0
2025-03-06,37.73,38.209999,37.650002,38.130001,45002504,1722173952.0
2025-03-07,37.950001,37.950001,37.150002,37.450001,45007392,1698847232.0
2025-03-10,37.349998,37.639999,36.91,37.150002,27826080,1040863232.0
2025-03-11,36.68,37.330002,36.560001,37.200001,23514608,876033152.0
2025-03-12,37.330002,37.599998,37.080002,37.18,31145238,1169368576.0
2025-03-13,37.099998,37.150002,36.290001,36.48,33462668,1235406592.0
2025-03-14,36.450001,37.279999,36.380001,37.150002,35415488,1318489728.0
2025-03-17,37.369999,37.439999,36.880001,37.07,24031760,899131136.0
2025-03-18,37.139999,37.630001,37.139999,37.259998,25760604,968631360.0
2025-03-19,37.25,37.25,36.799999,36.919998,21358982,794084800.0
2025-03-20,36.93,37.029999,36.73,36.759998,20606992,764656768.0
2025-03-21,36.66,36.790001,35.849998,36.009998,31276900,1142045184.0
2025-03-24,36.0,36.369999,35.279999,36.349998,28007676,1008210880.0
2025-03-25,36.349998,36.349998,35.73,35.759998,18953828,685503168.0
2025-03-26,35.650002,35.990002,35.630001,35.669998,15049044,542290176.0
2025-03-27,35.57,36.150002,35.290001,35.799999,19578612,705405312.0
2025-03-28,35.849998,35.990002,35.630001,35.650002,15185811,547173824.0
2025-03-31,35.599998,35.84,34.18,34.759998,32509962,1142840576.0
2025-04-01,34.75,34.950001,34.610001,34.75,17271524,605260160.0
2025-04-02,34.759998,35.07,34.68,34.98,15112534,531221248.0
2025-04-03,34.73,35.049999,33.82,34.119999,27634500,958376832.0
2025-04-07,31.059999,32.150002,30.68,30.68,41439780,1293597696.0
2025-04-08,30.68,31.040001,28.83,29.75,73055336,2177802752.0
2025-04-09,29.25,31.059999,28.65,30.83,68987232,2107993088.0
2025-04-10,31.75,32.720001,31.35,31.709999,59010880,1902402816.0
2025-04-11,31.709999,33.880001,31.610001,33.099998,70133600,2316349952.0
2025-04-14,34.150002,34.150002,32.849998,33.099998,48566544,1628151424.0
2025-04-15,32.900002,32.990002,32.41,32.599998,24396092,801412096.0
2025-04-16,32.619999,32.82,31.950001,32.599998,27052312,880533120.0
2025-04-17,32.349998,32.900002,32.25,32.549999,21627244,710844416.0
2025-04-18,32.349998,32.610001,32.09,32.549999,16523801,538859904.0
2025-04-21,32.549999,32.93,32.380001,32.900002,18495558,610632320.0
2025-04-22,32.900002,32.900002,32.450001,32.52,20290436,667081600.0
2025-04-23,32.68,33.0,32.549999,32.860001,23087384,762953728.0
2025-04-24,32.98,32.98,32.349998,32.560001,17623420,579243840.0
2025-04-25,32.580002,32.98,32.450001,32.75,19388698,640549312.0
2025-04-28,32.75,32.84,32.43,32.470001,15020036,492546400.0
2025-04-29,32.650002,32.82,32.400002,32.77,18541014,610254848.0
2025-04-30,32.799999,33.41,32.689999,33.18,27866728,931979008.0
2025-05-06,33.380001,34.09,33.380001,34.07,33288836,1134356992.0
2025-05-07,34.75,34.77,33.610001,33.98,33681436,1153833600.0
2025-05-08,33.77,34.080002,33.700001,34.02,20321516,695345664.0
2025-05-09,34.02,34.02,33.27,33.439999,19535160,659340544.0
2025-05-12,33.75,34.0,33.73,33.900002,21762942,742030208.0
2025-05-13,34.349998,34.349998,33.700001,33.82,20775852,710294784.0
2025-05-14,33.779999,34.09,33.720001,33.98,19153032,654354176.0
2025-05-15,34.099998,34.099998,33.18,33.220001,21190090,716145856.0
2025-05-16,33.349998,33.580002,33.130001,33.43,13870500,467410208.0
2025-05-19,33.25,33.5,32.66,33.209999,18411104,613144640.0
2025-05-20,33.25,33.34,33.049999,33.09,16244582,542926912.0
2025-05-21,33.099998,33.099998,32.75,32.82,14570379,482150112.0
2025-05-22,32.82,33.200001,32.57,32.639999,16736358,553970560.0
2025-05-23,32.639999,33.369999,32.349998,32.380001,21606168,714889664.0
2025-05-26,32.450001,32.700001,32.349998,32.540001,13996750,458338336.0
2025-05-27,32.450001,32.450001,32.049999,32.099998,12079122,392181344.0
2025-05-28,32.25,32.25,31.77,31.809999,11266254,362349088.0
2025-05-29,31.82,32.450001,31.809999,32.439999,17938520,582843136.0
2025-05-30,32.279999,32.290001,31.889999,31.91,12569677,405347072.0
2025-06-03,31.75,32.150002,31.67,31.780001,15024638,482383040.0
2025-06-04,31.84,32.290001,31.780001,32.18,15791681,511079328.0
2025-06-05,32.18,32.82,32.060001,32.77,20644792,676715136.0
2025-06-06,32.799999,32.880001,32.57,32.689999,14570611,480520800.0
2025-06-09,32.689999,32.91,32.650002,32.709999,14918634,492560512.0
2025-06-10,32.75,32.759998,31.940001,32.130001,18506592,602500608.0
2025-06-11,32.110001,32.349998,31.860001,32.049999,21046640,681577856.0
2025-06-12,32.049999,32.310001,31.799999,31.870001,18440944,593563328.0
2025-06-13,31.76,32.400002,31.65,31.65,23010588,738811904.0
2025-06-16,31.459999,32.040001,31.41,31.690001,18182948,582610432.0
2025-06-17,31.700001,31.969999,31.57,31.639999,15882778,507384096.0
2025-06-18,31.549999,32.299999,31.51,32.060001,23331728,750460864.0
2025-06-19,31.950001,32.209999,31.58,31.700001,20035664,644590080.0
2025-06-20,31.67,32.0,31.370001,31.41,15618657,496099968.0
2025-06-23,31.25,32.540001,31.07,32.369999,41098352,1330342144.0
2025-06-24,32.419998,32.84,32.360001,32.77,28530676,935264832.0
2025-06-25,32.84,33.169998,32.59,33.09,35670096,1179255680.0
2025-06-26,33.18,33.27,32.799999,32.830002,26210900,869151232.0
2025-06-27,33.209999,33.950001,32.869999,33.470001,46409192,1558093056.0
2025-06-30,33.650002,33.869999,33.439999,33.560001,30024016,1013129792.0
2025-07-01,33.57,34.25,33.240002,33.84,39286792,1333734912.0
2025-07-02,33.689999,33.689999,33.099998,33.18,26212328,875886912.0
2025-07-03,33.200001,33.52,33.099998,33.400002,21316116,712586496.0
2025-07-04,33.369999,33.52,32.970001,33.099998,20300144,676363712.0
2025-07-07,33.02,33.189999,32.75,32.82,15458230,510490752.0
2025-07-08,32.919998,33.470001,32.880001,33.419998,24446618,818037504.0
2025-07-09,33.419998,33.509998,32.970001,33.049999,19428706,647986688.0
2025-07-10,33.060001,33.220001,32.900002,32.950001,20641000,684172096.0
2025-07-11,32.959999,33.57,32.869999,33.380001,31462010,1052944320.0
2025-07-14,33.459999,33.57,33.27,33.27,18902230,633136960.0
2025-07-15,33.27,33.580002,33.119999,33.509998,27976976,937076928.0
2025-07-16,33.470001,34.009998,33.369999,33.459999,30670400,1036286464.0
2025-07-17,33.369999,33.950001,33.200001,33.830002,40208800,1359935616.0
2025-07-18,33.959999,34.060001,33.669998,33.799999,28219168,958470336.0
2025-07-21,33.810001,34.119999,33.689999,33.939999,25515988,867305024.0
2025-07-22,33.970001,34.389999,33.860001,34.119999,37186192,1274656896.0
2025-07-23,34.130001,34.290001,33.799999,33.889999,36673916,1253089664.0
2025-07-24,33.970001,34.650002,33.950001,34.57,48968064,1693268736.0
2025-07-25,34.650002,34.849998,34.290001,34.689999,38499016,1334394368.0
2025-07-28,34.82,35.32,34.599998,34.880001,46255248,1618637568.0
2025-07-29,34.720001,35.720001,34.720001,35.669998,66342712,2360968192.0
2025-07-30,35.740002,35.959999,35.169998,35.41,61286104,2189338112.0
2025-07-31,35.369999,35.849998,34.66,34.939999,61067920,2162464256.0
2025-08-01,34.880001,35.119999,34.240002,34.41,35873192,1245793408.0
2025-08-04,34.220001,34.810001,34.220001,34.59,23086292,799181760.0
2025-08-05,34.669998,34.700001,34.450001,34.610001,22989520,797235392.0
2025-08-06,34.599998,34.919998,34.330002,34.830002,34358088,1194917888.0
2025-08-07,34.75,35.349998,34.700001,35.049999,45973884,1617424000.0
2025-08-08,34.919998,34.939999,34.470001,34.470001,31680712,1100954752.0
2025-08-11,34.419998,34.82,34.380001,34.639999,25413756,883216256.0
2025-08-12,34.650002,35.220001,34.389999,34.970001,44800132,1564649728.0
2025-08-13,34.990002,35.529999,34.860001,35.439999,57729412,2040701184.0
2025-08-14,35.52,35.990002,34.98,35.150002,69073832,2465722368.0
2025-08-15,35.0,35.869999,35.0,35.73,53130560,1891947904.0
2025-08-18,36.57,37.200001,36.290001,36.77,101271944,3746006272.0
2025-08-19,36.77,37.07,36.200001,36.200001,69393776,2540869120.0
2025-08-20,36.130001,37.669998,36.02,37.57,89100136,3293108736.0
2025-08-21,36.919998,37.32,36.240002,36.450001,105457064,3890905344.0
2025-08-22,36.169998,39.07,36.040001,38.709999,209117216,7962735616.0
2025-08-25,39.860001,40.279999,38.330002,38.869999,183577792,7217823232.0
2025-08-26,38.369999,39.450001,38.0,38.860001,125253584,4853764608.0
2025-08-27,38.869999,40.369999,38.470001,38.470001,150393056,5929198080.0
2025-08-28,38.419998,40.049999,38.029999,40.049999,157605984,6210676736.0
2025-08-29,40.099998,40.639999,39.330002,39.77,114774432,4591110144.0
2025-09-01,41.869999,42.560001,40.27,41.02,155686016,6441937920.0
2025-09-02,40.549999,41.34,38.369999,38.889999,123529024,4907832320.0
2025-09-03,38.900002,39.669998,37.900002,38.220001,89852176,3484406528.0
2025-09-04,38.119999,38.34,35.57,36.119999,106546648,3940314112.0
2025-09-05,36.18,37.209999,35.830002,37.049999,65632092,2408140288.0
2025-09-08,37.369999,37.799999,36.880001,37.5,59735432,2237449984.0
2025-09-09,37.220001,37.25,36.389999,36.48,49776672,1837858176.0
2025-09-10,36.5,37.0,36.380001,36.470001,36582080,1346412160.0
2025-09-11,36.490002,37.93,36.119999,37.919998,82889952,3107199744.0
2025-09-12,37.93,38.34,37.669998,37.75,76163056,2903698944.0
2025-09-15,38.450001,38.630001,37.610001,37.689999,62709656,2390558720.0
2025-09-16,37.619999,38.869999,37.549999,38.57,77177904,2966403328.0
2025-09-17,38.450001,38.939999,37.959999,38.639999,65856196,2544732416.0
2025-09-18,38.860001,40.240002,37.970001,39.0,141211856,5572856832.0
2025-09-19,39.299999,39.610001,38.549999,38.599998,85149176,3336914176.0
2025-09-22,38.75,39.75,38.369999,39.529999,88723472,3495822080.0
2025-09-23,39.57,39.669998,37.98,39.07,89206080,3464905216.0
2025-09-24,39.02,41.560001,38.869999,41.07,185184992,7569190912.0
2025-09-25,41.099998,44.360001,40.75,42.689999,238196416,10118282240.0
2025-09-26,42.299999,43.099998,41.200001,41.23,131969264,5552536576.0
2025-09-29,41.23,41.57,40.330002,40.790001,102754048,4199736832.0
2025-09-30,41.740002,44.880001,41.040001,43.990002,215434176,9289247744.0
2025-10-09,45.209999,47.5,44.900002,46.900002,230258656,10646431744.0
2025-10-10,45.450001,45.75,43.380001,43.669998,166155584,7376464896.0
2025-10-13,40.860001,43.830002,40.860001,43.509998,120308232,5157949440.0
2025-10-14,44.200001,44.380001,40.48,40.689999,137290704,5793296896.0
2025-10-15,40.93,41.84,39.810001,41.82,84115640,3448067072.0
2025-10-16,41.599998,42.5,41.25,41.619999,74077488,3103103232.0
2025-10-17,40.950001,41.48,39.369999,39.400002,83649264,3363928832.0
2025-10-20,40.150002,40.470001,39.290001,39.490002,59487512,2377353984.0
2025-10-21,39.549999,40.400002,39.43,40.400002,65598868,2639323904.0
2025-10-22,40.09,40.400002,39.459999,39.830002,46589992,1863320960.0
2025-10-23,39.5,39.740002,38.759998,39.73,45822408,1799467136.0
2025-10-24,40.299999,41.0,40.0,40.849998,75658560,3082212608.0
2025-10-27,41.779999,42.400002,40.900002,41.990002,123359144,5155208192.0
2025-10-28,41.919998,42.830002,41.5,41.790001,95768240,4048035584.0
2025-10-29,41.529999,42.290001,41.32,41.700001,67862840,2833735424.0
2025-10-30,41.990002,42.5,41.450001,41.5,92839208,3908161280.0
2025-10-31,41.200001,41.209999,39.900002,39.919998,80387832,3251958016.0
2025-11-03,39.700001,39.709999,38.34,39.349998,66861760,2613870592.0
2025-11-04,39.48,41.110001,39.34,39.720001,71868600,2897071360.0
2025-11-05,38.459999,39.130001,38.400002,38.779999,49717864,1930759680.0
2025-11-06,39.169998,39.599998,38.810001,39.59,48840816,1925169920.0
2025-11-07,39.139999,39.150002,38.700001,38.82,35648644,1389916416.0
2025-11-10,39.049999,39.48,38.779999,39.09,38152360,1494887296.0
2025-11-11,39.400002,39.59,38.41,38.419998,39938220,1552991872.0
2025-11-12,38.200001,38.200001,37.360001,37.59,40462796,1529100800.0
2025-11-13,37.57,38.32,37.509998,38.139999,34916244,1330942080.0
2025-11-14,37.700001,37.709999,36.93,36.950001,48226236,1802972160.0
2025-11-17,36.900002,37.23,36.669998,36.98,28551304,1057684352.0
2025-11-18,36.91,37.419998,36.709999,37.07,28868444,1074728832.0
2025-11-19,36.91,37.099998,36.290001,36.490002,29693720,1090272768.0
2025-11-20,36.889999,36.98,36.009998,36.02,26872000,980623936.0
2025-11-21,35.5,35.700001,34.700001,34.75,42233532,1486565504.0
2025-11-24,34.91,35.16,34.48,34.950001,28559948,997828608.0
2025-11-25,35.34,35.830002,35.18,35.41,32948444,1172826368.0
2025-11-26,35.380001,35.98,35.16,35.700001,36563488,1309368320.0
2025-11-27,35.75,36.459999,35.630001,35.650002,36700160,1326760576.0
2025-11-28,35.509998,35.880001,35.330002,35.810001,23399784,836578624.0
2025-12-01,36.880001,37.119999,36.400002,37.0,48395868,1784103552.0
2025-12-02,36.900002,36.900002,36.299999,36.360001,27538492,1009123648.0
2025-12-03,36.43,37.68,36.360001,36.509998,35654280,1317048576.0
2025-12-04,36.380001,36.889999,35.91,36.889999,28584518,1043606528.0
2025-12-05,36.889999,36.889999,36.119999,36.639999,28128676,1029369728.0
2025-12-08,36.630001,37.369999,36.509998,37.18,38282024,1421326464.0
2025-12-09,37.02,37.290001,36.700001,36.799999,29713284,1102145024.0
2025-12-10,36.599998,37.200001,36.349998,37.09,30528864,1129250176.0
2025-12-11,37.060001,37.07,36.27,36.310001,26025244,956493248.0
2025-12-12,36.32,36.849998,35.880001,36.720001,33601144,1228852224.0
2025-12-15,36.380001,36.470001,35.91,35.939999,25048396,908577088.0
2025-12-16,35.900002,36.049999,35.0,35.279999,27127806,961806336.0
2025-12-17,35.200001,35.950001,35.029999,35.830002,27849810,991389568.0
2025-12-18,35.5,36.049999,35.470001,35.57,22518804,807786688.0
2025-12-19,35.869999,36.25,35.639999,35.66,24064360,865662208.0
2025-12-22,35.950001,36.790001,35.93,36.689999,41516940,1519928320.0
2025-12-23,36.700001,36.889999,36.369999,36.529999,28296372,1039494720.0
2025-12-24,36.740002,37.099998,36.599998,37.02,32623248,1207064960.0
2025-12-25,37.060001,37.299999,36.84,37.029999,27905800,1037102400.0
2025-12-26,36.860001,37.16,36.560001,36.700001,30489724,1126125440.0
2025-12-29,36.709999,37.009998,36.450001,36.52,28355192,1043647680.0
2025-12-30,36.43,37.139999,36.41,37.0,33480260,1240081280.0
2025-12-31,37.16,37.25,36.599998,36.68,28095490,1036329984.0
2026-01-05,37.099998,38.5,37.099998,38.259998,79525984,3038786048.0
2026-01-06,38.5,38.59,37.959999,38.34,58452060,2243132160.0
2026-01-07,38.959999,39.490002,38.400002,38.98,97859104,3822377216.0
2026-01-08,38.700001,39.5,38.580002,38.880001,64056496,2512526336.0
2026-01-09,39.150002,41.389999,39.150002,41.080002,134851184,5514654720.0
2026-01-12,41.880001,45.18,41.880001,43.580002,167549856,7357955584.0
2026-01-13,43.400002,43.700001,41.880001,42.099998,101869672,4363252736.0
2026-01-14,42.099998,43.209999,41.43,41.880001,86562008,3668781056.0
2026-01-15,41.610001,44.060001,41.369999,43.889999,125270552,5392901632.0
2026-01-16,44.900002,48.290001,44.700001,48.290001,197080480,9286881280.0
2026-01-19,49.060001,50.66,47.860001,48.73,239101344,11749035008.0
2026-01-20,48.73,50.18,48.299999,49.389999,178916448,8842380288.0
2026-01-21,48.91,53.470001,48.48,52.509998,231403760,11973641216.0
2026-01-22,54.490002,54.529999,48.810001,49.299999,251036976,12607133696.0
2026-01-23,49.299999,50.25,48.349998,48.919998,165477936,8143964160.0
2026-01-26,48.73,49.220001,46.950001,47.209999,125961712,6011664896.0
2026-01-27,47.080002,48.560001,46.049999,48.099998,129552120,6158076928.0
2026-01-28,49.16,51.299999,49.09,49.950001,151152672,7597088256.0
2026-01-29,49.299999,50.900002,48.700001,48.880001,90323136,4469149184.0
2026-01-30,48.849998,50.040001,47.799999,49.380001,92342016,4542014464.0
2026-02-02,48.34,48.650002,46.110001,46.240002,95664824,4515763712.0
2026-02-03,47.349998,47.720001,46.740002,47.59,64265592,3042598656.0
2026-02-04,46.889999,47.029999,45.299999,45.77,69844608,3218140160.0
2026-02-05,44.779999,44.990002,43.77,44.560001,64707600,2871804672.0
2026-02-06,43.889999,44.580002,43.400002,43.959999,48646812,2145297152.0
2026-02-09,45.099998,46.860001,44.400002,46.66,77345432,3552201472.0
2026-02-10,46.669998,47.389999,46.0,46.139999,44473388,2071172736.0
2026-02-11,45.759998,46.759998,45.700001,46.09,33914796,1568992384.0
2026-02-12,46.400002,46.869999,46.09,46.529999,48274792,2250077952.0
2026-02-13,45.900002,46.869999,45.700001,46.029999,43143896,2005592192.0
2026-02-24,46.799999,47.32,45.950001,46.639999,55100736,2579475200.0
2026-02-25,47.349998,47.529999,45.299999,46.82,83846816,3906195456.0
2026-02-26,46.799999,49.880001,46.5,48.619999,100939760,4866861056.0
2026-02-27,47.66,48.139999,46.209999,48.060001,81754728,3875995648.0
2026-03-02,46.68,47.580002,46.599998,46.669998,63626436,2994724096.0
2026-03-03,47.200001,49.790001,46.84,47.470001,155758016,7512230912.0
2026-03-04,45.810001,49.349998,45.810001,47.759998,99526480,4787130880.0
2026-03-05,49.200001,50.23,48.119999,48.599998,114724048,5646963712.0
2026-03-06,48.0,48.990002,46.759998,46.939999,92025304,4373548032.0
2026-03-09,45.529999,45.529999,42.599998,44.900002,107581856,4728604672.0
2026-03-10,45.900002,46.5,45.25,45.900002,71321624,3275463168.0
2026-03-11,46.360001,48.16,46.23,46.709999,91787912,4348980224.0
2026-03-12,46.5,47.580002,45.34,45.630001,65357400,3022709760.0
2026-03-13,45.169998,46.700001,44.689999,45.380001,54306364,2487147520.0
2026-03-16,45.209999,46.360001,44.049999,45.650002,70527088,3203099136.0
2026-03-17,45.93,45.939999,43.59,43.650002,62111436,2774511616.0
2026-03-18,44.150002,46.07,43.830002,45.669998,79123288,3565691648.0
2026-03-19,44.689999,45.07,43.900002,44.09,53194152,2367791360.0
2026-03-20,44.560001,44.650002,41.900002,41.93,77282376,3317503488.0
2026-03-23,40.380001,41.080002,38.57,38.98,75710392,3021893120.0
2026-03-24,39.799999,39.869999,38.290001,39.349998,46118068,1804238336.0
2026-03-25,39.799999,41.16,39.77,40.540001,53328856,2170329856.0
2026-03-26,40.299999,40.66,39.139999,39.330002,37774932,1507017728.0
2026-03-27,38.75,39.84,38.5,39.43,36794000,1445288064.0
2026-03-30,38.560001,39.869999,38.349998,39.740002,33889064,1330224768.0
2026-03-31,39.400002,39.5,38.450001,38.650002,40400504,1576961664.0
2026-04-01,39.779999,39.790001,39.139999,39.389999,36706952,1450867456.0
2026-04-02,39.43,39.43,38.18,38.380001,32891528,1276608512.0
2026-04-03,38.779999,38.880001,37.919998,38.189999,26170612,1005827840.0
2026-04-07,38.599998,38.959999,38.439999,38.720001,27382120,1063155072.0
2026-04-08,39.950001,41.880001,39.93,41.880001,71371224,2924657152.0
2026-04-09,41.07,42.369999,40.950001,41.810001,49753340,2083840384.0
2026-04-10,42.639999,43.689999,42.639999,42.919998,66766920,2885803264.0
2026-04-13,42.400002,43.400002,42.400002,42.75,44321080,1903992576.0
2026-04-14,43.5,44.98,43.200001,44.240002,82549992,3644260096.0
2026-04-15,44.400002,44.599998,43.259998,43.490002,68066552,3000555008.0
2026-04-16,43.5,43.919998,43.099998,43.630001,44243272,1930963712.0
2026-04-17,43.580002,44.5,43.150002,43.880001,61394168,2700991744.0
2026-04-20,43.900002,44.900002,43.389999,44.389999,61180808,2719345408.0
2026-04-21,44.400002,44.5,43.029999,43.93,46511624,2038879616.0
2026-04-22,43.740002,45.580002,43.669998,45.41,76861448,3444471296.0
2026-04-23,45.459999,45.68,43.939999,44.310001,66315596,2974691584.0
2026-04-24,44.720001,45.77,44.41,44.790001,70028952,3159344640.0
2026-04-27,45.900002,46.849998,45.450001,46.220001,102131280,4735395328.0
2026-04-28,46.0,46.389999,44.66,45.0,80440000,3648812800.0
2026-04-29,44.099998,44.529999,42.990002,44.259998,86287560,3795548160.0
2026-04-30,44.549999,45.759998,44.009998,45.459999,101403024,4566035968.0
2026-05-06,47.759998,49.080002,47.75,48.099998,149998288,7269788160.0
2026-05-07,48.799999,49.400002,47.369999,48.66,132166216,6397744128.0
2026-05-08,47.900002,51.490002,47.0,50.650002,168654912,8239048192.0
2026-05-11,53.700001,55.73,53.09,55.73,162994256,8971881472.0
2026-05-12,56.66,56.889999,54.5,55.139999,224398592,12497854464.0
2026-05-13,53.41,57.869999,53.099998,57.389999,218212304,12169573376.0
2026-05-14,57.689999,57.689999,54.18,54.209999,174451472,9730725888.0
2026-05-15,55.07,59.630001,54.529999,57.950001,251079840,14351403008.0
2026-05-18,57.369999,61.860001,56.91,58.23,240294272,14294156288.0
2026-05-19,56.810001,60.900002,55.98,60.709999,231949696,13664043008.0
2026-05-20,59.68,66.790001,59.669998,66.120003,285968256,18682988544.0
2026-05-21,66.779999,71.18,65.57,66.739998,312505760,21324472320.0
2026-05-22,66.949997,73.040001,63.849998,72.779999,286927904,19820619776.0
2026-05-25,73.900002,80.07,70.900002,80.07,275139072,21048786944.0
2026-05-26,82.900002,88.089996,81.050003,88.089996,339836672,28784650240.0
2026-05-27,86.400002,94.800003,83.400002,86.059998,351341152,31523590144.0
2026-05-28,82.910004,87.400002,80.900002,84.639999,272264640,22950139904.0
2026-05-29,85.900002,89.669998,80.230003,81.949997,310358560,26508349440.0
2026-06-01,80.0,83.410004,74.900002,75.550003,295336512,23173515264.0
2026-06-02,76.760002,77.440002,72.550003,75.25,253251200,19021217792.0
2026-06-03,76.129997,82.790001,76.129997,80.029999,325350048,26269143040.0
2026-06-04,78.900002,81.760002,77.699997,79.980003,227052032,18217342976.0
2026-06-05,79.559998,80.32,74.980003,75.550003,205371200,15961191424.0
2026-06-08,70.82,72.900002,69.599998,70.199997,168129760,11980759040.0
2026-06-09,72.879997,75.550003,71.300003,75.190002,166474320,12258528256.0
2026-06-10,73.400002,76.339996,72.370003,73.949997,150274848,11181385728.0
2026-06-11,72.5,74.160004,70.900002,71.849998,127999144,9250455552.0
2026-06-12,74.900002,75.779999,68.75,68.82,186316640,13358663680.0
2026-06-15,70.199997,74.370003,67.849998,74.220001,178153120,12871558144.0
2026-06-16,74.959999,78.279999,74.860001,76.830002,191709376,14701154304.0
2026-06-17,75.900002,82.730003,75.900002,81.660004,222806720,18015770624.0
2026-06-18,81.790001,85.449997,80.93,82.93,234078048,19547621376.0
2026-06-22,85.779999,91.230003,85.5,91.230003,237219440,20917975040.0
2026-06-23,91.959999,91.959999,84.379997,86.089996,222117472,19525842944.0
2026-06-24,84.0,94.699997,84.0,94.699997,257325264,23788607488.0
2026-06-25,100.0,104.169998,99.989998,104.169998,119722976,12320788480.0
2026-06-26,106.919998,109.330002,100.68,100.889999,335828448,35228700672.0
2026-06-29,103.0,105.800003,92.400002,103.25,326160480,32439881728.0
2026-06-30,101.290001,105.07,96.449997,103.550003,228510864,23180238848.0
2026-07-01,105.5,111.110001,101.68,106.639999,245979040,26327310336.0
2026-07-02,99.0,101.0,95.980003,95.980003,190804368,18686955520.0
2026-07-03,93.400002,94.980003,88.349998,90.879997,178226528,16408450048.0
2026-07-06,94.849998,97.900002,90.879997,95.089996,208421376,19748583424.0
2026-07-07,92.0,102.879997,91.800003,100.989998,227205536,22578698240.0
2026-07-08,100.900002,102.68,91.0,94.110001,207165392,19914072064.0
2026-07-09,97.699997,103.519997,94.599998,103.519997,206375824,20497139712.0
2026-07-10,108.879997,113.870003,101.110001,101.110001,305852832,33213192192.0
2026-07-13,98.120003,106.660004,98.120003,99.050003,243121888,25012154368.0
2026-07-14,98.0,103.279999,91.650002,102.699997,278263200,27424669696.0
2026-07-15,105.0,105.050003,92.43,92.459999,238580976,22966900736.0
2026-07-16,87.459999,90.410004,83.209999,83.209999,185426432,15886100480.0
2026-07-17,82.0,90.150002,77.709999,85.489998,252546384,20781602816.0
2026-07-20,86.0,86.989998,76.940002,76.989998,201899728,16284351488.0
2026-07-21,76.699997,84.690002,69.290001,84.690002,268854176,20904685568.0
2026-07-22,84.0,89.879997,82.660004,85.779999,257780880,22454665216.0
2026-07-23,85.779999,86.879997,80.300003,80.809998,168530320,13953017856.0
2026-07-24,78.019997,84.800003,78.019997,82.900002,172161392,14208029696.0
2026-07-27,81.760002,84.199997,77.099998,82.349998,142857984,11593743360.0
2026-07-28,79.300003,82.870003,75.559998,76.830002,137595024,10874183680.0
2026-07-29,76.699997,77.449997,69.699997,71.68,167062768,12070990848.0
2026-07-30,70.0,71.330002,64.510002,64.510002,159793920,10647380992.0
2026-07-31,70.269997,70.269997,65.559998,65.709999,160360272,10900609024.0
2026-08-03,64.099998,65.419998,60.84,61.0,135091376,8459420672.0
2026-08-04,61.990002,66.099998,61.150002,65.410004,143599296,9186951168.0
2026-08-05,65.709999,70.589996,65.699997,68.970001,176105264,12008296448.0
