timestamps,open,high,low,close,volume,amount
2010-01-04,4.13,4.16,4.05,4.05,4170016,114116352.0
2010-01-05,4.01,4.3,3.97,4.28,6664830,183930496.0
2010-01-06,4.28,4.28,4.15,4.15,3632465,101878608.0
2010-01-07,4.15,4.15,3.99,3.99,2738964,74434144.0
2010-01-08,3.99,4.07,3.94,4.0,2820899,75956176.0
2010-01-11,4.01,4.26,3.97,4.22,5432245,150367568.0
2010-01-12,4.16,4.41,4.16,4.28,5551991,158143088.0
2010-01-13,4.17,4.68,4.13,4.5,9564982,282555680.0
2010-01-14,4.57,4.82,4.52,4.8,8807671,269070304.0
2010-01-15,4.78,4.78,4.6,4.64,3545645,107007360.0
2010-01-18,4.65,4.72,4.57,4.61,2991640,89744888.0
2010-01-19,4.62,4.65,4.4,4.56,4795725,141396592.0
2010-01-20,4.56,4.58,4.3,4.33,3228841,93953808.0
2010-01-21,4.38,4.46,4.27,4.34,3035450,87122944.0
2010-01-22,4.25,4.32,3.81,4.04,5007203,137323232.0
2010-01-25,3.97,4.09,3.87,3.99,2792610,75608576.0
2010-01-26,3.93,4.15,3.69,3.82,4388800,115426368.0
2010-01-27,3.83,4.09,3.74,3.94,4663735,124910504.0
2010-01-28,4.05,4.17,4.03,4.14,3930652,108107760.0
2010-01-29,4.07,4.25,4.05,4.18,3154839,87801752.0
2010-02-01,4.17,4.4,4.11,4.34,4899347,139678544.0
2010-02-02,4.35,4.43,4.09,4.15,3655355,102979144.0
2010-02-03,4.12,4.23,3.94,4.09,2442186,66501744.0
2010-02-04,4.09,4.31,4.09,4.14,2211994,61738636.0
2010-02-05,4.08,4.13,3.98,3.98,1497430,40556012.0
2010-02-08,3.98,4.01,3.81,3.87,1180133,31276652.0
2010-02-09,3.86,3.96,3.82,3.92,723254,19187140.0
2010-02-10,3.97,4.19,3.93,4.17,2021620,54845260.0
2010-02-11,4.18,4.28,4.12,4.17,1178649,32800784.0
2010-02-12,4.21,4.29,4.17,4.24,1021137,28696020.0
2010-02-22,4.27,4.28,4.19,4.2,848037,23838406.0
2010-02-23,4.25,4.25,4.0,4.14,1389978,38018576.0
2010-02-24,4.13,4.25,4.01,4.25,1884600,52566048.0
2010-02-25,4.23,4.37,4.22,4.34,2446639,69415344.0
2010-02-26,4.35,4.47,4.29,4.3,2114554,60744392.0
2010-03-01,4.28,4.4,4.27,4.36,1237912,35499128.0
2010-03-02,4.36,4.37,4.2,4.25,2973380,83651184.0
2010-03-03,4.21,4.37,4.2,4.33,2108528,59624412.0
2010-03-04,4.33,4.69,4.33,4.47,6126110,181369840.0
2010-03-05,4.47,4.61,4.46,4.56,4308275,127554416.0
2010-03-08,4.58,4.64,4.54,4.58,3289747,98445232.0
2010-03-09,4.58,4.63,4.44,4.55,1787683,52964636.0
2010-03-10,4.51,4.6,4.38,4.4,1277796,37296576.0
2010-03-11,4.41,4.41,4.28,4.35,1134423,32405208.0
2010-03-12,4.36,4.39,4.24,4.24,962538,27329736.0
2010-03-15,4.23,4.31,4.13,4.25,1391472,38936004.0
2010-03-16,4.27,4.35,4.24,4.28,1606186,45566232.0
2010-03-17,4.29,4.46,4.28,4.41,1618447,46812248.0
2010-03-18,4.44,4.61,4.44,4.53,1753355,51962036.0
2010-03-19,4.48,4.56,4.46,4.53,1327229,39063828.0
2010-03-22,4.53,4.65,4.44,4.49,2021004,59948784.0
2010-03-23,4.57,4.66,4.5,4.57,2437246,72348824.0
2010-03-24,4.6,4.61,4.48,4.48,1544586,45648428.0
2010-03-25,4.48,4.48,4.36,4.4,1338295,38791916.0
2010-03-26,4.37,4.48,4.33,4.42,863858,25091302.0
2010-03-29,4.4,4.51,4.4,4.46,1313032,38397492.0
2010-03-30,4.46,4.59,4.45,4.57,2755605,81353016.0
2010-03-31,4.58,4.58,4.41,4.47,2524501,73993672.0
2010-04-01,4.46,4.73,4.42,4.71,3226985,96328136.0
2010-04-02,4.69,4.69,4.61,4.64,1851771,55775240.0
2010-04-06,4.66,4.76,4.62,4.68,1810844,54921860.0
2010-04-07,4.68,4.76,4.62,4.75,2012660,61251592.0
2010-04-08,4.75,4.94,4.67,4.9,3082552,96288912.0
2010-04-09,4.92,5.27,4.92,5.17,3453159,112385408.0
2010-04-12,5.21,5.49,5.21,5.39,3853516,129797024.0
2010-04-13,5.4,5.43,4.85,5.05,4640478,150084960.0
2010-04-14,5.06,5.43,4.94,5.41,2997150,99358824.0
2010-04-15,5.41,5.49,5.07,5.22,2131591,70981568.0
2010-04-19,5.17,5.36,5.03,5.3,3902986,129401184.0
2010-04-20,5.26,5.83,5.1,5.77,4294247,148384752.0
2010-04-21,5.77,5.88,5.65,5.8,2945447,105456240.0
2010-04-22,5.73,6.17,5.67,6.02,3178212,117051136.0
2010-04-23,6.0,6.13,5.84,5.87,2839539,103329280.0
2010-04-26,5.85,5.97,5.61,5.8,2590178,92420344.0
2010-04-27,5.79,5.8,5.43,5.63,4270928,148553904.0
2010-04-28,5.53,5.98,5.43,5.8,2185356,78149376.0
2010-04-29,5.83,5.88,5.33,5.41,3696536,128628624.0
2010-04-30,4.9,5.21,4.74,4.74,6339562,149271296.0
2010-05-04,4.32,4.74,4.19,4.55,4746666,105696120.0
2010-05-05,4.43,4.8,4.37,4.54,5395411,123147712.0
2010-05-06,4.54,4.64,4.39,4.59,4570878,102052248.0
2010-05-07,4.45,4.71,4.32,4.71,3783913,84742168.0
2010-05-10,4.66,4.73,4.32,4.64,2105551,47280312.0
2010-05-11,4.72,4.8,4.49,4.55,1955034,44456096.0
2010-05-12,4.4,4.65,4.33,4.35,1880618,41283416.0
2010-05-13,4.36,4.53,4.27,4.51,2213425,48069200.0
2010-05-14,4.45,4.64,4.4,4.49,1789032,40023420.0
2010-05-17,4.46,4.46,4.09,4.21,2472274,52611488.0
2010-05-18,4.21,4.32,4.06,4.29,1896164,39821676.0
2010-05-19,4.25,4.32,4.08,4.12,2569181,54062324.0
2010-05-20,4.11,4.23,3.98,4.07,2039831,42054368.0
2010-05-21,3.89,4.14,3.83,4.11,3807789,77458144.0
2010-05-24,4.14,4.4,4.14,4.3,2674992,57351084.0
2010-05-25,4.3,4.36,4.26,4.3,2338995,50135996.0
2010-05-26,4.27,4.41,4.26,4.31,1926689,41531676.0
2010-05-27,4.32,4.38,4.24,4.35,1860631,39970052.0
2010-05-28,4.37,4.51,4.36,4.44,3312542,72579744.0
2010-05-31,4.42,4.42,4.16,4.26,2730014,58592612.0
2010-06-01,4.19,4.3,4.03,4.05,2970270,61314992.0
2010-06-02,4.03,4.11,3.8,3.93,4508094,89935040.0
2010-06-03,4.0,4.44,4.0,4.27,6217238,133471648.0
2010-06-04,4.19,4.56,4.06,4.42,4070176,89298920.0
2010-06-07,4.31,5.0,4.14,5.0,8937909,203531072.0
2010-06-09,5.0,5.16,4.47,4.86,5833381,135867936.0
2010-06-10,4.72,4.84,4.67,4.69,5147966,118281088.0
2010-06-11,4.72,4.95,4.71,4.84,4537806,106657296.0
2010-06-17,4.86,4.92,4.68,4.7,1694955,39200544.0
2010-06-18,4.72,4.76,4.41,4.43,2329151,52000604.0
2010-06-21,4.34,4.57,4.31,4.51,1420894,31343768.0
2010-06-22,4.52,4.74,4.52,4.55,1686580,38194436.0
2010-06-23,4.61,4.98,4.61,4.79,5422366,126700880.0
2010-06-24,4.72,4.74,4.54,4.69,2591800,58815592.0
2010-06-25,4.7,4.71,4.54,4.57,1148845,25858902.0
2010-06-28,4.57,4.72,4.51,4.57,944911,21355634.0
2010-06-29,4.58,4.85,4.3,4.48,8914216,200409712.0
2010-06-30,4.3,4.47,4.06,4.41,2189459,47135132.0
2010-07-01,4.41,4.51,4.32,4.35,2224282,48720192.0
2010-07-02,4.42,4.43,4.01,4.18,2197754,45878412.0
2010-07-05,4.16,4.16,3.94,4.01,1861564,37868224.0
2010-07-06,4.01,4.18,3.97,4.12,1281095,26330802.0
2010-07-07,4.1,4.32,4.06,4.25,1807319,37792832.0
2010-07-08,4.25,4.25,3.99,4.1,2901746,59696376.0
2010-07-09,4.1,4.26,4.0,4.23,3337244,69487848.0
2010-07-12,4.19,4.44,4.15,4.37,2626517,56726004.0
2010-07-13,4.29,4.34,4.16,4.17,1555681,32751500.0
2010-07-14,4.17,4.29,4.16,4.2,1526099,32255548.0
2010-07-15,4.24,4.26,4.04,4.1,1040834,21841914.0
2010-07-16,4.06,4.13,4.0,4.09,1097248,22440554.0
2010-07-19,4.06,4.22,3.98,4.21,3021229,62083364.0
2010-07-20,4.22,4.32,4.15,4.31,3454075,73544552.0
2010-07-21,4.32,4.44,4.27,4.34,2490918,54016340.0
2010-07-22,4.31,4.42,4.3,4.38,1312739,28392704.0
2010-07-23,4.38,4.42,4.3,4.33,1423271,30699074.0
2010-07-26,4.32,4.51,4.28,4.47,2067870,45326628.0
2010-07-27,4.47,4.62,4.42,4.49,2331854,51991800.0
2010-07-28,4.57,4.59,4.49,4.55,2253790,50316452.0
2010-07-29,4.6,4.61,4.41,4.5,2189497,48481828.0
2010-07-30,4.51,4.55,4.45,4.52,1825922,40527704.0
2010-08-02,4.55,4.63,4.46,4.62,3396773,76190064.0
2010-08-03,4.62,4.75,4.4,4.42,4546367,102886448.0
2010-08-04,4.37,4.45,4.32,4.4,2460393,53393048.0
2010-08-05,4.44,4.44,4.32,4.4,3228821,69861040.0
2010-08-06,4.39,4.59,4.38,4.54,2568807,56789816.0
2010-08-09,4.54,4.61,4.51,4.59,3476222,77941416.0
2010-08-10,4.61,4.69,4.5,4.51,5484273,123594488.0
2010-08-11,4.48,4.65,4.47,4.62,6377870,143396080.0
2010-08-12,4.55,4.98,4.52,4.83,9446581,220505456.0
2010-08-13,4.82,4.9,4.72,4.85,5476099,127898616.0
2010-08-16,4.82,5.0,4.73,4.95,5474943,130420432.0
2010-08-17,4.96,5.09,4.85,4.91,3217945,77068752.0
2010-08-18,4.86,4.96,4.81,4.85,3461187,81684392.0
2010-08-19,4.85,4.89,4.68,4.81,3396151,78706592.0
2010-08-20,4.77,4.8,4.6,4.62,2778578,63703604.0
2010-08-23,4.67,4.72,4.54,4.61,3703991,84046672.0
2010-08-24,4.61,4.77,4.59,4.73,3369431,77173056.0
2010-08-25,4.69,4.76,4.58,4.61,2946373,67146480.0
2010-08-26,4.58,4.64,4.48,4.61,2510922,56163084.0
2010-08-27,4.56,4.69,4.54,4.67,2443676,55361348.0
2010-08-30,4.65,4.75,4.51,4.72,12224704,278155872.0
2010-08-31,4.69,4.76,4.65,4.76,6374727,146559760.0
2010-09-01,4.77,4.93,4.71,4.82,6571902,153832752.0
2010-09-02,4.82,5.01,4.75,4.99,8639514,205565808.0
2010-09-03,4.99,5.33,4.95,5.24,10846081,267065312.0
2010-09-06,5.29,5.37,5.08,5.09,5622001,138293600.0
2010-09-07,5.09,5.21,4.9,5.14,6644697,160017008.0
2010-09-08,5.02,5.14,4.95,5.01,5123856,123513288.0
2010-09-09,5.04,5.19,4.95,5.05,6656502,162160576.0
2010-09-10,5.05,5.11,4.97,5.08,4929331,119809064.0
2010-09-13,5.08,5.6,5.08,5.54,9328844,239432592.0
2010-09-14,5.54,5.91,5.46,5.74,9566758,257925504.0
2010-09-15,5.75,5.83,5.56,5.65,4729108,125600728.0
2010-09-16,5.65,5.66,5.34,5.62,3298897,85382728.0
2010-09-17,5.64,5.65,5.4,5.54,2177484,56901900.0
2010-09-20,5.74,5.93,5.31,5.32,4442791,117589704.0
2010-09-21,5.18,5.4,5.18,5.3,2360415,59685836.0
2010-09-27,5.25,5.69,5.12,5.67,3350602,86687488.0
2010-09-28,5.61,5.7,5.51,5.61,2111588,55615344.0
2010-09-29,5.48,5.59,5.35,5.37,5464162,140214480.0
2010-09-30,5.34,5.54,5.3,5.48,2157854,55906276.0
2010-10-08,5.55,5.65,5.42,5.64,3277324,85871096.0
2010-10-11,5.64,5.64,5.38,5.48,5561102,143887456.0
2010-10-12,5.41,5.51,5.13,5.19,11422575,285850592.0
2010-10-13,5.17,5.17,4.77,4.96,14750312,349078624.0
2010-10-14,4.9,4.9,4.69,4.76,7674428,178391904.0
2010-10-15,4.76,4.89,4.75,4.81,5292522,123934672.0
2010-10-18,4.81,4.81,4.49,4.69,9563059,215483184.0
2010-10-19,4.69,4.95,4.67,4.9,5642631,132997112.0
2010-10-20,4.83,5.02,4.73,4.87,5324108,126083528.0
2010-10-21,4.87,4.87,4.63,4.7,7188236,165351104.0
2010-10-22,4.71,4.99,4.59,4.94,10156907,235177760.0
2010-10-25,5.01,5.24,5.01,5.1,11782179,288929568.0
2010-10-26,5.09,5.09,4.86,4.89,9654294,229510208.0
2010-10-27,4.9,5.03,4.71,4.75,7507854,176346656.0
2010-10-28,4.73,5.15,4.72,5.11,13692324,328541024.0
2010-10-29,5.21,5.3,4.98,5.1,14269477,349661312.0
2010-11-01,5.1,5.16,5.01,5.13,11407750,279119296.0
2010-11-02,5.19,5.19,4.86,4.93,11196165,270347776.0
2010-11-03,4.93,4.93,4.69,4.71,11047079,256212208.0
2010-11-04,4.73,4.95,4.73,4.94,10233423,239225984.0
2010-11-05,4.98,5.27,4.98,5.24,26578186,659293632.0
2010-11-08,5.27,5.54,5.25,5.34,19507798,497948960.0
2010-11-09,5.3,5.5,5.24,5.35,18315240,468983616.0
2010-11-10,5.3,5.53,5.09,5.45,19328806,487540704.0
2010-11-11,5.38,5.71,5.35,5.43,18773196,491217184.0
2010-11-12,5.41,5.48,4.82,4.97,12944236,318293856.0
2010-11-15,4.98,5.12,4.9,5.09,8020240,193072688.0
2010-11-16,5.08,5.08,4.71,4.74,9204874,216840800.0
2010-11-17,4.69,4.82,4.56,4.6,4659710,106862440.0
2010-11-18,4.64,4.73,4.49,4.65,3840226,86687416.0
2010-11-19,4.72,4.86,4.6,4.84,5248157,120851208.0
2010-11-22,4.8,5.02,4.72,4.89,6598985,156205232.0
2010-11-23,4.89,4.89,4.66,4.86,5074161,117813192.0
2010-11-24,4.82,4.93,4.78,4.91,6455768,152400288.0
2010-11-25,5.01,5.26,5.0,5.08,10599970,259678688.0
2010-11-26,5.08,5.25,5.01,5.22,8513244,209458544.0
2010-11-29,5.2,5.32,5.11,5.29,9202574,229971472.0
2010-11-30,5.51,5.79,5.29,5.53,40446360,1061627968.0
2010-12-01,5.51,5.64,5.34,5.44,9837776,254205392.0
2010-12-02,5.5,5.63,5.43,5.44,9264973,241685072.0
2010-12-06,5.36,5.48,4.9,5.13,9737585,239450928.0
2010-12-07,5.05,5.12,4.91,5.07,5006164,121025528.0
2010-12-08,5.09,5.14,4.98,5.13,4234063,103404688.0
2010-12-09,5.08,5.08,4.86,4.89,6445069,153709808.0
2010-12-10,4.87,5.01,4.8,4.95,3449554,81667576.0
2010-12-13,4.98,5.16,4.98,5.08,5775714,140453392.0
2010-12-14,5.19,5.35,5.15,5.19,6303046,157387744.0
2010-12-15,5.18,5.18,5.04,5.11,6508482,158940432.0
2010-12-16,5.08,5.16,5.0,5.1,5074024,123539408.0
2010-12-17,5.06,5.16,5.03,5.15,4381211,107318080.0
2010-12-20,5.15,5.22,4.98,5.2,5145228,126136880.0
2010-12-21,5.25,5.25,5.1,5.13,4155934,102522152.0
2010-12-22,5.09,5.16,5.06,5.1,2657932,64970620.0
2010-12-23,5.08,5.11,4.82,4.88,4970203,118179232.0
2010-12-24,4.85,4.9,4.67,4.69,5752020,132929920.0
2010-12-27,4.75,4.85,4.5,4.54,2992090,68330760.0
2010-12-28,4.55,4.6,4.47,4.49,4680317,104495096.0
2010-12-29,4.56,4.57,4.48,4.55,3360505,74676448.0
2010-12-30,4.56,4.71,4.54,4.69,6920515,157933856.0
2010-12-31,4.69,4.87,4.64,4.79,3902778,90835112.0
2011-01-04,4.84,4.87,4.67,4.72,6113324,141073392.0
2011-01-05,4.72,4.77,4.64,4.68,2382740,54561640.0
2011-01-06,4.69,4.76,4.64,4.74,2937760,67562656.0
2011-01-07,4.74,4.76,4.46,4.57,5554449,125587848.0
2011-01-10,4.58,4.59,4.25,4.27,6689303,144557632.0
2011-01-11,4.27,4.48,4.25,4.38,4857708,104932328.0
2011-01-12,4.38,4.45,4.32,4.43,2264133,49224584.0
2011-01-13,4.55,4.62,4.43,4.45,3797663,84361848.0
2011-01-14,4.44,4.44,4.28,4.31,1416405,30486770.0
2011-01-17,4.3,4.3,3.93,4.0,3474352,71464056.0
2011-01-18,4.0,4.09,3.88,4.03,3240922,65798412.0
2011-01-19,4.03,4.08,4.0,4.07,1913477,39135520.0
2011-01-20,4.05,4.11,3.93,3.98,2475295,50252188.0
2011-01-21,3.96,4.06,3.8,3.89,5004732,99367808.0
2011-01-24,3.92,3.95,3.84,3.93,2198006,43729100.0
2011-01-25,3.9,4.0,3.87,3.92,1769295,35252320.0
2011-01-26,3.85,3.96,3.85,3.94,1507573,30078034.0
2011-01-27,3.93,4.08,3.88,4.03,2590912,52685932.0
2011-01-28,4.05,4.25,4.03,4.19,2562807,53672024.0
2011-01-31,4.19,4.25,4.17,4.22,1923589,40489184.0
2011-02-01,4.17,4.33,4.17,4.32,1494831,31925606.0
2011-02-09,4.2,4.32,4.09,4.17,1692560,35721068.0
2011-02-10,4.32,4.35,4.11,4.23,4206931,88739384.0
2011-02-11,4.19,4.27,4.13,4.19,3414005,71739264.0
2011-02-14,4.22,4.31,4.18,4.3,3463598,73545064.0
2011-02-15,4.31,4.55,4.3,4.43,7753694,170887296.0
2011-02-16,4.44,4.5,4.35,4.46,2240761,48898560.0
2011-02-17,4.46,4.47,4.38,4.41,2180812,47758864.0
2011-02-18,4.4,4.42,4.2,4.24,2602699,55688116.0
2011-02-21,4.23,4.36,4.19,4.34,3536096,75034088.0
2011-02-22,4.33,4.52,4.31,4.47,9282643,203602736.0
2011-02-23,4.43,4.55,4.38,4.47,4099148,90654880.0
2011-02-24,4.48,4.54,4.26,4.27,4843592,104526936.0
2011-02-25,4.32,4.37,4.28,4.33,3607149,77449344.0
2011-02-28,4.38,4.43,4.29,4.42,2670703,57901256.0
2011-03-01,4.44,4.45,4.35,4.42,2328097,50684988.0
2011-03-02,4.36,4.4,4.31,4.36,1552390,33490246.0
2011-03-03,4.37,4.45,4.28,4.29,3360095,72660720.0
2011-03-04,4.3,4.35,4.25,4.28,3235641,69111208.0
2011-03-07,4.28,4.32,4.25,4.28,4542185,96906368.0
2011-03-08,4.29,4.34,4.25,4.33,3622341,77473608.0
2011-03-09,4.33,4.35,4.3,4.34,3012963,64833376.0
2011-03-10,4.32,4.4,4.27,4.38,4951009,106847728.0
2011-03-11,4.37,4.39,4.3,4.38,3795781,82064520.0
2011-03-14,4.37,4.38,4.28,4.33,2471490,53122112.0
2011-03-15,4.33,4.33,4.11,4.28,4573198,96075432.0
2011-03-16,4.22,4.34,4.22,4.31,2409379,51480944.0
2011-03-17,4.3,4.3,4.14,4.17,4132071,86672760.0
2011-03-18,4.22,4.24,4.12,4.19,2248552,47075692.0
2011-03-21,4.19,4.21,4.14,4.2,2240178,46924344.0
2011-03-22,4.2,4.22,4.13,4.17,1812912,37849624.0
2011-03-23,4.17,4.23,4.13,4.2,3811025,79879832.0
2011-03-24,4.17,4.22,4.11,4.13,3120217,64966260.0
2011-03-25,4.16,4.16,4.06,4.11,3107564,64424856.0
2011-03-28,4.09,4.09,3.91,3.93,9960525,200184608.0
2011-03-29,3.93,3.93,3.84,3.88,4360131,86257208.0
2011-03-30,3.88,3.95,3.82,3.93,4169978,82877736.0
2011-03-31,3.96,3.96,3.85,3.88,2796949,55587632.0
2011-04-01,3.9,3.98,3.9,3.96,4754871,95374936.0
2011-04-06,3.96,4.02,3.93,4.02,4928602,99461952.0
2011-04-07,4.02,4.02,3.91,3.95,2893530,58114828.0
2011-04-08,3.93,4.02,3.93,3.99,3113604,62769836.0
2011-04-11,3.99,4.05,3.97,4.02,2428602,49304764.0
2011-04-12,4.07,4.2,3.98,4.05,5012631,103210632.0
2011-04-13,4.05,4.13,3.98,4.11,3086569,63347316.0
2011-04-14,4.09,4.14,4.07,4.1,1837165,37956768.0
2011-04-15,4.1,4.1,3.98,4.01,2440448,49605820.0
2011-04-18,4.01,4.02,3.95,4.0,1593420,32203908.0
2011-04-19,4.0,4.0,3.92,3.96,2021232,40555332.0
2011-04-20,4.0,4.03,3.94,4.01,1977401,40062392.0
2011-04-21,4.03,4.1,3.98,4.05,5669877,115727392.0
2011-04-22,4.05,4.05,3.92,3.96,2882589,58065820.0
2011-04-25,3.96,3.96,3.87,3.88,1582296,31494528.0
2011-04-27,3.88,3.91,3.82,3.84,1651163,32633814.0
2011-04-28,3.84,3.87,3.72,3.73,1516944,29489320.0
2011-04-29,3.74,3.81,3.74,3.78,975286,18919996.0
2011-05-03,3.77,3.87,3.69,3.86,1491193,29053310.0
2011-05-04,3.84,3.89,3.76,3.8,1639864,32206026.0
2011-05-05,3.8,4.01,3.8,3.96,4029207,80986008.0
2011-05-06,3.93,4.07,3.88,4.06,3577713,72701096.0
2011-05-09,4.04,4.06,4.0,4.03,1470645,30011706.0
2011-05-10,4.05,4.08,3.98,4.05,1170004,23847716.0
2011-05-11,4.06,4.06,3.96,3.98,1231096,24914806.0
2011-05-12,4.01,4.01,3.86,3.89,1439987,28365408.0
2011-05-13,3.92,4.09,3.89,4.08,2215396,44447672.0
2011-05-16,4.05,4.15,4.01,4.11,2370068,48125260.0
2011-05-17,4.06,4.19,4.06,4.12,3016137,62212256.0
2011-05-18,4.07,4.24,4.07,4.2,3899223,81075904.0
2011-05-19,4.21,4.26,4.13,4.18,3717088,77497320.0
2011-05-20,4.17,4.22,4.05,4.08,2707934,55271852.0
2011-05-23,4.06,4.09,3.91,3.93,1862859,37271388.0
2011-05-24,3.93,3.98,3.86,3.94,1655902,32581282.0
2011-05-25,3.88,3.98,3.86,3.94,915671,18116500.0
2011-05-26,4.01,4.03,3.91,3.92,754538,15097223.0
2011-05-27,3.94,4.04,3.92,3.96,1493252,29843208.0
2011-05-30,3.96,3.97,3.82,3.85,1231637,24127730.0
2011-05-31,3.88,3.94,3.85,3.92,708805,13934607.0
2011-06-01,3.91,4.1,3.86,4.04,2368559,47548992.0
2011-06-02,4.01,4.08,3.96,4.03,1732277,34871448.0
2011-06-03,4.03,4.14,4.03,4.13,1980534,40451932.0
2011-06-07,4.09,4.2,4.09,4.17,1556603,32201674.0
2011-06-08,4.15,4.15,4.07,4.13,1035534,21193660.0
2011-06-09,4.11,4.18,4.03,4.05,1701790,34738772.0
2011-06-10,4.01,4.08,4.01,4.05,884689,17886630.0
2011-06-13,4.05,4.08,3.97,4.0,1188497,23849834.0
2011-06-14,3.96,4.06,3.96,4.01,1931435,38856800.0
2011-06-15,4.01,4.08,3.97,4.07,1474849,29720706.0
2011-06-16,4.04,4.13,4.04,4.12,4234390,86644584.0
2011-06-17,4.11,4.12,3.97,4.0,1405524,28291522.0
2011-06-20,3.97,4.0,3.87,3.9,1033550,20397912.0
2011-06-21,3.91,3.96,3.87,3.95,1389139,27376974.0
2011-06-22,3.96,3.98,3.87,3.91,954574,18755270.0
2011-06-23,3.89,3.99,3.87,3.95,1122992,22240832.0
2011-06-24,3.95,4.12,3.93,4.1,2274740,45990260.0
2011-06-27,4.08,4.17,4.07,4.12,2116845,43398936.0
2011-06-28,4.15,4.25,4.12,4.18,3731082,77608960.0
2011-06-29,4.18,4.25,4.09,4.11,3816195,79225144.0
2011-06-30,4.12,4.19,4.07,4.16,2535141,52087248.0
2011-07-01,4.17,4.2,4.09,4.12,1503208,30884930.0
2011-07-04,4.18,4.25,4.14,4.25,3009020,62599276.0
2011-07-05,4.24,4.29,4.18,4.23,2750567,57740144.0
2011-07-06,4.18,4.28,4.17,4.28,2263090,47347316.0
2011-07-07,4.28,4.57,4.25,4.54,9228813,201226032.0
2011-07-08,4.55,4.78,4.54,4.58,6289497,141743200.0
2011-07-11,4.61,4.66,4.55,4.6,4081979,91194952.0
2011-07-12,4.59,4.6,4.46,4.57,3063911,67783488.0
2011-07-13,4.57,4.68,4.55,4.68,2258881,50642672.0
2011-07-14,4.68,4.76,4.59,4.7,2458320,55618016.0
2011-07-15,4.67,4.8,4.62,4.63,4020957,91687456.0
2011-07-18,4.64,4.72,4.52,4.67,3954000,88158680.0
2011-07-19,4.63,4.66,4.51,4.53,2229530,49561292.0
2011-07-20,4.54,4.67,4.44,4.63,2457821,54095872.0
2011-07-21,4.66,4.69,4.54,4.6,1493396,33346296.0
2011-07-22,4.59,4.84,4.56,4.78,5361897,122695336.0
2011-07-25,4.72,4.74,4.5,4.54,4297219,96230136.0
2011-07-26,4.45,4.7,4.45,4.65,2304634,51378720.0
2011-07-27,4.58,4.84,4.57,4.81,3813338,87840104.0
2011-07-28,4.73,4.8,4.69,4.7,2349293,53669764.0
2011-07-29,4.7,4.86,4.7,4.73,2664800,61252680.0
2011-08-01,4.74,4.78,4.69,4.74,1303736,29758316.0
2011-08-02,4.7,4.7,4.52,4.63,1706052,38019404.0
2011-08-03,4.58,4.65,4.5,4.57,1980626,43934184.0
2011-08-04,4.62,4.72,4.55,4.72,1389390,31249324.0
2011-08-05,4.57,4.78,4.46,4.77,3467515,78886472.0
2011-08-08,4.6,4.86,4.49,4.66,4000210,90293464.0
2011-08-09,4.57,4.63,4.39,4.57,2139737,47128064.0
2011-08-10,4.65,4.76,4.62,4.66,2032668,46135764.0
2011-08-11,4.56,4.85,4.53,4.82,3060095,69986824.0
2011-08-12,4.89,5.17,4.83,4.85,4837534,115059960.0
2011-08-15,4.86,5.05,4.83,4.99,2895247,68892056.0
2011-08-16,5.03,5.03,4.86,4.91,1531539,36187352.0
2011-08-17,4.89,4.97,4.83,4.84,1363396,31864762.0
2011-08-18,4.84,4.96,4.74,4.75,2861688,66482600.0
2011-08-19,4.86,5.08,4.78,4.96,12140475,288843840.0
2011-08-22,4.95,5.04,4.84,4.9,3717983,87709168.0
2011-08-23,4.92,5.05,4.91,5.03,3715596,88583232.0
2011-08-24,5.07,5.16,4.94,4.99,3201287,77337672.0
2011-08-25,4.97,5.0,4.82,4.92,4460678,104611392.0
2011-08-26,4.91,5.04,4.86,5.01,3109646,73466736.0
2011-08-29,4.99,5.19,4.95,5.12,6270436,152379232.0
2011-08-30,5.13,5.17,5.04,5.11,2977784,72374136.0
2011-08-31,5.05,5.13,5.01,5.04,1817468,43709508.0
2011-09-01,5.07,5.16,5.07,5.14,2666927,64876968.0
2011-09-02,5.17,5.17,4.94,4.95,1609566,38509780.0
2011-09-05,4.91,5.05,4.7,4.75,3016438,70848696.0
2011-09-06,4.72,4.83,4.67,4.77,3600426,82407040.0
2011-09-07,4.77,4.92,4.74,4.84,3056466,70890776.0
2011-09-08,4.89,4.92,4.75,4.81,1285807,30014076.0
2011-09-09,4.9,4.92,4.73,4.74,1354339,31415912.0
2011-09-13,4.65,4.79,4.59,4.65,1443711,32786650.0
2011-09-14,4.67,4.79,4.64,4.75,2731358,62138012.0
2011-09-15,4.69,4.98,4.69,4.9,2109402,49648100.0
2011-09-16,4.9,4.94,4.83,4.84,952076,22339014.0
2011-09-19,4.81,4.83,4.71,4.71,1388163,31838020.0
2011-09-20,4.7,4.75,4.62,4.65,1674072,37858292.0
2011-09-21,4.65,4.77,4.63,4.72,1772924,40348344.0
2011-09-22,4.71,4.86,4.71,4.73,2350958,54370700.0
2011-09-23,4.67,4.77,4.57,4.74,2060718,46885900.0
2011-09-26,4.66,4.77,4.66,4.73,1620595,36924592.0
2011-09-27,4.76,4.81,4.7,4.74,744861,17080936.0
2011-09-28,4.75,4.81,4.71,4.75,1785844,40896996.0
2011-09-29,4.62,4.62,4.38,4.5,4223457,93151720.0
2011-09-30,4.49,4.59,4.34,4.56,2275018,49421808.0
2011-10-10,4.51,4.65,4.51,4.57,2085816,46708356.0
2011-10-11,4.6,4.71,4.38,4.47,1446384,31954690.0
2011-10-12,4.38,4.57,4.36,4.53,1906644,41784948.0
2011-10-13,4.51,4.67,4.47,4.65,2058002,45902680.0
2011-10-14,4.6,4.67,4.58,4.64,774785,17406276.0
2011-10-17,4.67,4.77,4.65,4.76,1445006,32928314.0
2011-10-18,4.75,4.9,4.68,4.69,2579297,59395440.0
2011-10-19,4.69,4.8,4.67,4.74,669708,15285047.0
2011-10-20,4.68,4.75,4.57,4.59,734486,16434260.0
2011-10-21,4.7,4.7,4.38,4.46,898859,19716400.0
2011-10-24,4.43,4.51,4.36,4.47,916054,19864736.0
2011-10-25,4.51,4.62,4.44,4.56,1729527,38206388.0
2011-10-26,4.55,4.69,4.55,4.65,1674531,37622780.0
2011-10-27,4.63,4.63,4.05,4.06,23924272,486617824.0
2011-10-28,3.98,4.1,3.81,4.08,22671784,449034272.0
2011-10-31,3.98,4.18,3.91,4.14,11855470,242140000.0
2011-11-01,4.07,4.28,4.05,4.16,7958511,164806880.0
2011-11-02,4.09,4.51,4.06,4.48,11887954,253841744.0
2011-11-03,4.53,5.06,4.53,4.56,12959310,295744128.0
2011-11-04,4.62,4.7,4.41,4.49,6039243,133036080.0
2011-11-07,4.44,4.58,4.39,4.44,2014980,44086384.0
2011-11-08,4.48,4.5,4.3,4.31,2105576,45418388.0
2011-11-09,4.28,4.42,4.23,4.41,3466282,73652024.0
2011-11-10,4.39,4.66,4.32,4.51,6945345,153450064.0
2011-11-11,4.57,4.63,4.44,4.56,3136850,69638792.0
2011-11-14,4.57,4.75,4.56,4.66,3418163,77532344.0
2011-11-15,4.65,4.71,4.57,4.62,1780645,40067412.0
2011-11-16,4.62,4.7,4.46,4.49,2179806,48487744.0
2011-11-17,4.49,4.58,4.43,4.52,1910969,41977804.0
2011-11-18,4.49,4.49,4.22,4.23,3233540,68715368.0
2011-11-21,4.22,4.34,4.22,4.3,1189625,25220940.0
2011-11-22,4.3,4.37,4.22,4.3,2430600,51513528.0
2011-11-23,4.32,4.42,4.25,4.4,2230185,47594284.0
2011-11-24,4.36,4.42,4.32,4.37,1214743,25979016.0
2011-11-25,4.4,4.4,4.25,4.28,1650821,35064412.0
2011-11-28,4.33,4.34,4.12,4.15,4226818,88111472.0
2011-11-29,4.22,4.22,4.08,4.12,5274639,108171152.0
2011-11-30,4.11,4.15,3.88,3.91,4701172,93846928.0
2011-12-01,3.98,4.12,3.96,3.98,3525278,71195440.0
2011-12-02,3.97,4.02,3.91,3.97,1929160,38416332.0
2011-12-05,4.03,4.03,3.86,3.87,2504759,49318484.0
2011-12-06,3.88,3.91,3.82,3.83,1962040,38325316.0
2011-12-07,3.85,3.92,3.82,3.86,1606560,31405498.0
2011-12-08,3.86,3.89,3.75,3.8,3325788,64231668.0
2011-12-12,3.72,3.79,3.54,3.57,4750384,89187464.0
2011-12-13,3.54,3.58,3.36,3.43,3250634,58530260.0
2011-12-14,3.44,3.46,3.28,3.32,2683349,47040116.0
2011-12-15,3.32,3.42,3.07,3.37,4951285,84587224.0
2011-12-16,3.37,3.51,3.32,3.48,2159057,38590916.0
2011-12-19,3.47,3.55,3.32,3.52,1747115,31149934.0
2011-12-20,3.54,3.56,3.44,3.48,1395981,25271434.0
2011-12-21,3.54,3.54,3.42,3.46,766622,13794023.0
2011-12-22,3.43,3.46,3.2,3.46,2273966,40034616.0
2011-12-23,3.37,3.54,3.37,3.45,1243793,22361720.0
2011-12-26,3.51,3.64,3.46,3.47,1881518,34315400.0
2011-12-27,3.45,3.48,3.33,3.34,920030,16257125.0
2011-12-28,3.33,3.37,3.09,3.33,3378242,56967576.0
2011-12-29,3.33,3.46,3.21,3.44,3280966,57116096.0
2011-12-30,3.41,3.51,3.36,3.46,2900566,52262872.0
2012-01-04,3.46,3.51,3.17,3.17,2597370,45352836.0
2012-01-05,3.17,3.17,2.79,3.06,6171953,97610408.0
2012-01-06,2.98,3.03,2.83,2.99,2814091,44977300.0
2012-01-09,2.99,3.1,2.84,3.09,4852289,78108296.0
2012-01-10,3.08,3.24,3.01,3.2,3599410,60593864.0
2012-01-11,3.23,3.59,3.2,3.41,5592946,99374848.0
2012-01-12,3.36,3.41,3.2,3.23,2764174,48072420.0
2012-01-13,3.3,3.3,3.06,3.07,1708498,28524930.0
2012-01-16,3.06,3.06,2.92,2.94,2202001,35524452.0
2012-01-17,2.94,3.14,2.92,3.13,1716522,28252400.0
2012-01-18,3.13,3.19,3.01,3.06,2792294,46100304.0
2012-01-19,3.06,3.06,2.93,2.98,3402193,55098220.0
2012-01-20,2.99,3.12,2.92,3.06,4651132,75993736.0
2012-01-30,3.06,3.08,2.96,2.99,1971045,32115294.0
2012-01-31,3.04,3.11,2.98,3.05,5907922,96922096.0
2012-02-01,3.07,3.18,3.04,3.11,3550503,59244660.0
2012-02-02,3.12,3.25,3.07,3.23,4216641,71155680.0
2012-02-03,3.21,3.45,3.18,3.38,4286195,75649152.0
2012-02-06,3.39,3.47,3.34,3.44,2980534,53485200.0
2012-02-07,3.41,3.43,3.31,3.32,1881676,33036522.0
2012-02-08,3.32,3.46,3.25,3.43,1403639,24761756.0
2012-02-09,3.43,3.49,3.38,3.46,2588319,46401748.0
2012-02-10,3.45,3.49,3.36,3.38,2154221,38417144.0
2012-02-13,3.31,3.56,3.31,3.56,3862222,70055656.0
2012-02-14,3.52,3.55,3.44,3.48,2173995,39433400.0
2012-02-15,3.48,3.56,3.41,3.55,4366122,79053440.0
2012-02-16,3.5,3.75,3.5,3.58,6684260,125086656.0
2012-02-17,3.67,3.67,3.48,3.55,1868328,34188224.0
2012-02-20,3.59,3.68,3.52,3.53,2795313,51798508.0
2012-02-21,3.58,3.66,3.52,3.62,2287439,42306740.0
2012-02-22,3.64,3.8,3.62,3.79,4248183,80529504.0
2012-02-23,3.78,3.78,3.68,3.71,2844395,53938104.0
2012-02-24,3.76,3.76,3.64,3.7,4624776,87600592.0
2012-02-27,3.73,3.77,3.67,3.73,4710679,89441480.0
2012-02-28,3.74,3.76,3.57,3.72,5376675,101142896.0
2012-02-29,3.64,3.67,3.58,3.62,4380715,81564896.0
2012-03-01,3.59,3.67,3.58,3.61,2549737,47350016.0
2012-03-02,3.61,3.69,3.58,3.68,2316969,43259856.0
2012-03-05,3.67,3.69,3.59,3.61,3155424,58928236.0
2012-03-06,3.64,3.64,3.48,3.51,2610131,47726584.0
2012-03-12,3.65,3.98,3.65,3.83,13516595,260081296.0
2012-03-13,3.82,4.07,3.79,4.03,9861795,196821088.0
2012-03-14,4.06,4.22,3.86,3.91,11482573,233128224.0
2012-03-15,3.97,4.17,3.94,4.11,6847423,138449104.0
2012-03-16,4.11,4.23,4.05,4.23,7069575,145729888.0
2012-03-19,4.18,4.3,4.12,4.2,4540769,94470144.0
2012-03-20,4.18,4.2,4.04,4.05,2845883,58384496.0
2012-03-21,4.07,4.15,3.95,4.04,4231531,85530192.0
2012-03-22,4.04,4.1,3.97,4.09,1876664,37948300.0
2012-03-23,4.08,4.08,3.94,3.96,1121435,22389856.0
2012-03-26,3.96,4.03,3.93,3.98,1657968,33078736.0
2012-03-27,4.01,4.04,3.97,4.0,1062568,21311356.0
2012-03-28,4.0,4.0,3.69,3.7,1657692,32257216.0
2012-03-29,3.68,3.74,3.49,3.67,2969582,55140328.0
2012-04-05,3.53,3.96,3.53,3.92,4110977,79841336.0
2012-04-06,3.9,4.11,3.88,3.98,3343423,67128080.0
2012-04-09,4.01,4.14,3.96,3.98,3442128,69724256.0
2012-04-10,3.99,4.04,3.93,4.04,2247723,44886504.0
2012-04-11,4.0,4.08,3.98,4.03,1558397,31355840.0
2012-04-12,4.03,4.09,4.02,4.06,1744161,35352504.0
2012-04-13,4.1,4.22,4.01,4.03,3537563,72575856.0
2012-04-16,4.0,4.14,3.99,4.06,1673437,33997124.0
2012-04-17,4.06,4.11,3.99,4.09,1360125,27497482.0
2012-04-18,4.11,4.16,4.04,4.15,2241291,46020596.0
2012-04-19,4.28,4.28,4.02,4.11,1375644,23288792.0
2012-04-20,4.12,4.14,4.04,4.1,1473892,24549196.0
2012-04-23,4.04,4.1,4.01,4.07,1556495,25774016.0
2012-04-24,4.13,4.16,3.99,4.07,2371246,39376796.0
2012-04-25,4.04,4.04,3.75,3.84,11592646,183263856.0
2012-04-26,3.83,3.88,3.7,3.82,6928658,108227360.0
2012-04-27,3.8,3.88,3.77,3.82,4073033,64600772.0
2012-05-02,3.91,3.99,3.83,3.89,3874949,62235804.0
2012-05-03,3.89,3.94,3.81,3.92,2527934,40377440.0
2012-05-04,3.95,4.19,3.95,4.17,8543226,142472192.0
2012-05-07,4.1,4.26,4.09,4.23,8104566,137569440.0
2012-05-08,4.23,4.25,4.1,4.22,4833398,82098144.0
2012-05-09,4.15,4.22,4.06,4.15,3306698,55709552.0
2012-05-10,4.15,4.19,4.04,4.07,2007171,33361696.0
2012-05-11,4.07,4.08,3.93,4.01,1878702,30823940.0
2012-05-14,4.02,4.03,3.83,3.86,4744593,76009744.0
2012-05-15,3.82,3.91,3.78,3.82,1541523,24374494.0
2012-05-16,3.82,3.86,3.71,3.74,1799770,28044136.0
2012-05-17,3.73,3.78,3.72,3.77,3300406,51357896.0
2012-05-18,3.76,3.76,3.63,3.68,3102984,47707080.0
2012-05-21,3.68,3.77,3.66,3.71,3174857,49376088.0
2012-05-22,3.72,3.83,3.71,3.82,2690493,42230244.0
2012-05-23,3.82,3.82,3.72,3.76,1428761,22327458.0
2012-05-24,3.75,4.0,3.72,3.88,2710970,43235284.0
2012-05-25,3.84,3.86,3.71,3.76,2608384,40743948.0
2012-05-28,3.66,3.83,3.66,3.82,3920606,61281316.0
2012-05-29,3.81,3.87,3.77,3.85,2116615,33507042.0
2012-05-30,3.85,3.9,3.8,3.87,4253317,67444208.0
2012-05-31,3.84,3.91,3.81,3.87,1375421,21949816.0
2012-06-01,3.84,3.99,3.82,3.83,1662868,26753424.0
2012-06-04,3.74,3.83,3.69,3.7,2564420,39773124.0
2012-06-05,3.75,3.75,3.54,3.54,4567530,69359480.0
2012-06-06,3.53,3.65,3.53,3.6,2132861,32112106.0
2012-06-07,3.65,3.65,3.55,3.55,1935394,29301018.0
2012-06-08,3.58,3.62,3.55,3.57,1096096,16465239.0
2012-06-11,3.61,3.74,3.57,3.69,2804975,42746832.0
2012-06-12,3.66,3.66,3.56,3.59,2119743,31949116.0
2012-06-13,3.6,3.67,3.58,3.66,2687693,40961200.0
2012-06-14,3.69,3.88,3.69,3.84,6054357,96054936.0
2012-06-15,3.88,3.93,3.78,3.88,3905033,62189864.0
2012-06-18,3.88,4.0,3.82,3.98,3146154,51066676.0
2012-06-19,3.99,4.07,3.98,4.01,3718449,61027416.0
2012-06-20,3.98,4.15,3.98,4.03,5178707,85972648.0
2012-06-21,4.03,4.03,3.85,3.89,2574577,41369472.0
2012-06-25,3.89,3.99,3.84,3.9,3742651,60640444.0
2012-06-26,3.91,3.93,3.79,3.84,1625055,25827184.0
2012-06-27,3.86,3.95,3.79,3.82,5544417,87999816.0
2012-06-28,3.87,3.87,3.71,3.71,5064332,78782272.0
2012-06-29,3.71,3.71,3.56,3.65,7811282,118279440.0
2012-07-02,3.63,3.66,3.46,3.57,8741330,131553328.0
2012-07-03,3.58,3.63,3.47,3.61,4905661,73582336.0
2012-07-04,3.58,3.61,3.44,3.52,3804854,56520888.0
2012-07-05,3.46,3.53,3.44,3.5,1190061,17543284.0
2012-07-06,3.53,3.69,3.48,3.67,3121462,46985816.0
2012-07-09,3.64,3.72,3.6,3.66,3033575,46553628.0
2012-07-10,3.66,3.7,3.53,3.58,2349984,35287288.0
2012-07-11,3.57,3.62,3.5,3.54,1858743,27860652.0
2012-07-12,3.52,3.54,3.43,3.48,3618810,53259664.0
2012-07-13,3.52,3.52,3.44,3.49,2027678,29750024.0
2012-07-16,3.51,3.51,3.38,3.4,2523069,36787380.0
2012-07-17,3.4,3.46,3.37,3.4,1315331,19031678.0
2012-07-18,3.39,3.4,3.23,3.31,4935628,69418336.0
2012-07-19,3.31,3.32,3.22,3.31,2632283,37131816.0
2012-07-20,3.27,3.28,3.16,3.25,4391582,61064192.0
2012-07-23,3.26,3.3,3.19,3.29,1385234,19363302.0
2012-07-24,3.27,3.31,3.25,3.28,1221892,17237760.0
2012-07-25,3.28,3.28,3.17,3.21,2026468,28125712.0
2012-07-26,3.21,3.22,3.09,3.18,4983105,67894816.0
2012-07-27,3.19,3.26,3.0,3.22,5331777,74014344.0
2012-07-30,3.22,3.27,3.17,3.19,3114164,43219392.0
2012-07-31,3.21,3.22,3.08,3.13,3178593,43391752.0
2012-08-01,3.09,3.17,3.09,3.14,2011571,27490544.0
2012-08-02,3.14,3.3,3.14,3.25,5790908,80967960.0
2012-08-03,3.22,3.41,3.2,3.38,3247461,46261560.0
2012-08-06,3.38,3.59,3.35,3.54,7366161,109171368.0
2012-08-07,3.52,3.68,3.52,3.61,7807695,119075152.0
2012-08-08,3.62,3.74,3.57,3.64,5509674,84334576.0
2012-08-09,3.64,3.71,3.57,3.66,2308088,35209428.0
2012-08-10,3.66,3.69,3.62,3.69,2786018,42714044.0
2012-08-13,3.69,3.8,3.69,3.73,5186472,80858608.0
2012-08-14,3.72,3.79,3.54,3.59,3845141,58490944.0
2012-08-15,3.62,3.63,3.56,3.6,984514,14865598.0
2012-08-16,3.57,3.63,3.5,3.58,1723878,26003180.0
2012-08-17,3.55,3.62,3.48,3.56,2112184,31408264.0
2012-08-20,3.5,3.6,3.49,3.58,1463883,21933568.0
2012-08-21,3.58,3.72,3.52,3.7,2358036,36003752.0
2012-08-22,3.66,3.7,3.53,3.55,1906386,28679126.0
2012-08-23,3.59,3.62,3.44,3.47,2691192,39856180.0
2012-08-24,3.47,3.6,3.44,3.48,1515915,22441808.0
2012-08-27,3.48,3.5,3.38,3.4,2152203,31452128.0
2012-08-28,3.4,3.52,3.39,3.46,2511260,36721224.0
2012-08-29,3.46,3.51,3.41,3.42,1448790,21246018.0
2012-08-30,3.41,3.53,3.34,3.4,1959645,28656396.0
2012-08-31,3.39,3.4,3.25,3.36,2048943,29181706.0
2012-09-03,3.34,3.63,3.34,3.55,3780896,56320208.0
2012-09-04,3.55,3.6,3.51,3.53,2048809,30674048.0
2012-09-05,3.58,3.58,3.47,3.49,2675540,39695136.0
2012-09-06,3.47,3.54,3.41,3.44,1463882,21413788.0
2012-09-07,3.47,3.64,3.47,3.6,7625438,114549504.0
2012-09-10,3.61,3.63,3.55,3.57,3604097,54196988.0
2012-09-11,3.53,3.81,3.52,3.69,8852491,136109456.0
2012-09-12,3.69,3.72,3.62,3.67,2293792,35079960.0
2012-09-13,3.64,3.72,3.6,3.61,2209181,33789520.0
2012-09-14,3.65,3.69,3.57,3.61,2233408,33847780.0
2012-09-17,3.57,3.63,3.5,3.51,1616406,24244876.0
2012-09-18,3.51,3.56,3.47,3.52,1126626,16679277.0
2012-09-19,3.53,3.66,3.51,3.52,1784777,26739752.0
2012-09-20,3.49,3.51,3.38,3.4,2103648,30589288.0
2012-09-21,3.4,3.45,3.27,3.3,2155001,30557232.0
2012-09-24,3.27,3.35,3.25,3.31,1327761,18821380.0
2012-09-25,3.31,3.35,3.25,3.31,936236,13306539.0
2012-09-26,3.34,3.34,3.22,3.25,1177222,16513857.0
2012-09-27,3.25,3.32,3.17,3.25,3174817,44466804.0
2012-09-28,3.22,3.3,3.15,3.28,3080174,42707660.0
2012-10-08,3.28,3.32,3.25,3.3,1316660,18569202.0
2012-10-09,3.3,3.5,3.3,3.44,2700562,39320932.0
2012-10-10,3.41,3.51,3.41,3.47,1918328,28271156.0
2012-10-11,3.43,3.51,3.39,3.46,1733476,25449706.0
2012-10-12,3.5,3.52,3.41,3.47,1097140,16090765.0
2012-10-15,3.47,3.47,3.37,3.4,894371,12986388.0
2012-10-16,3.4,3.44,3.32,3.34,1310409,18882252.0
2012-10-17,3.41,3.47,3.31,3.44,1589706,23028800.0
2012-10-18,3.49,3.49,3.41,3.48,1202538,17562058.0
2012-10-19,3.46,3.56,3.42,3.49,1621928,23957438.0
2012-10-22,3.46,3.46,3.37,3.37,1681541,24299892.0
2012-10-23,3.38,3.4,3.25,3.27,2530929,35724400.0
2012-10-24,3.25,3.28,3.24,3.26,2029640,28457616.0
2012-10-25,3.28,3.3,3.26,3.28,879426,12399475.0
2012-10-26,3.27,3.28,3.12,3.22,1906565,26291520.0
2012-10-29,3.16,3.21,3.12,3.15,1833959,25064060.0
2012-10-30,2.71,2.71,2.71,2.71,2415400,29709420.0
2012-10-31,2.33,2.43,2.32,2.32,29039040,322040736.0
2012-11-01,2.34,2.34,2.22,2.3,39673724,433074624.0
2012-11-02,2.27,2.31,2.21,2.24,33464736,363018432.0
2012-11-05,2.24,2.32,2.23,2.31,29529756,323756832.0
2012-11-06,2.3,2.38,2.27,2.38,24909312,275909312.0
2012-11-07,2.34,2.43,2.34,2.35,16914148,190410384.0
2012-11-08,2.34,2.38,2.3,2.32,11215134,124286808.0
2012-11-09,2.3,2.31,2.27,2.3,5979434,65646992.0
2012-11-12,2.3,2.38,2.29,2.36,10985935,121896136.0
2012-11-13,2.37,2.72,2.36,2.71,68875328,832629376.0
2012-11-14,2.74,2.74,2.57,2.71,54006308,651577472.0
2012-11-15,2.62,2.72,2.61,2.67,41041624,499116928.0
2012-11-16,2.67,2.72,2.6,2.63,38234900,463245984.0
2012-11-19,2.63,2.74,2.54,2.71,28596312,343693376.0
2012-11-20,2.69,2.71,2.61,2.66,26792272,323781760.0
2012-11-21,2.67,2.7,2.58,2.62,45267992,545580480.0
2012-11-22,2.62,2.63,2.52,2.62,58745696,699760576.0
2012-11-23,2.63,2.64,2.33,2.4,92218928,1041083648.0
2012-11-26,2.39,2.39,2.04,2.04,72491280,749377152.0
2012-11-27,1.99,1.99,1.72,1.76,45319612,425334048.0
2012-11-28,1.69,1.81,1.59,1.62,27803980,249553184.0
2012-11-29,1.63,1.64,1.58,1.58,17428756,153468288.0
2012-11-30,1.58,1.61,1.55,1.59,13906866,121469656.0
2012-12-03,1.59,1.61,1.36,1.37,22257204,186820304.0
2012-12-04,1.33,1.47,1.33,1.46,20673484,169093568.0
2012-12-05,1.57,1.68,1.54,1.65,30283228,267375360.0
2012-12-06,1.65,1.69,1.61,1.63,14517080,129170008.0
2012-12-07,1.63,1.69,1.62,1.68,17676354,158712672.0
2012-12-10,1.69,1.73,1.64,1.72,17153156,156229072.0
2012-12-11,1.7,1.71,1.66,1.67,15069431,136341456.0
2012-12-12,1.67,1.68,1.61,1.64,10033745,89396200.0
2012-12-13,1.64,1.67,1.61,1.62,9869972,87701864.0
2012-12-14,1.62,1.73,1.59,1.72,19473112,176427472.0
2012-12-17,1.73,1.81,1.69,1.74,19889578,183697840.0
2012-12-18,1.73,1.81,1.73,1.76,20306110,189666144.0
2012-12-19,1.76,1.87,1.73,1.86,20322280,191631680.0
2012-12-20,1.83,1.93,1.79,1.91,19198036,184131392.0
2012-12-21,1.87,1.9,1.8,1.8,17981360,171756704.0
2012-12-24,1.8,1.82,1.77,1.79,8723307,81900056.0
2012-12-25,1.77,1.87,1.77,1.83,14484436,137745344.0
2012-12-26,1.83,1.88,1.83,1.87,12408030,119020304.0
2012-12-27,1.91,1.96,1.85,1.85,16648700,161722128.0
2012-12-28,1.92,1.97,1.87,1.92,16292526,159251456.0
2012-12-31,1.92,1.97,1.9,1.94,15391304,151793504.0
2013-01-04,1.97,1.99,1.87,1.91,14420176,141455184.0
2013-01-07,1.92,2.13,1.9,2.09,28261638,285079648.0
2013-01-08,2.05,2.13,1.99,2.08,21621360,221745264.0
2013-01-09,2.05,2.08,2.0,2.04,12333390,125475056.0
2013-01-10,2.02,2.1,2.01,2.05,12014642,123174808.0
2013-01-11,2.06,2.13,2.01,2.03,14456156,147994688.0
2013-01-14,2.02,2.11,1.99,2.1,13613735,139933856.0
2013-01-15,2.1,2.25,2.09,2.21,18631584,197586384.0
2013-01-16,2.21,2.22,2.09,2.15,12759829,134261952.0
2013-01-17,2.16,2.25,2.16,2.19,12555013,134276368.0
2013-01-18,2.22,2.24,2.15,2.19,7668480,81526736.0
2013-01-21,2.19,2.22,2.11,2.13,14039762,147483520.0
2013-01-22,2.14,2.19,1.99,2.03,17469280,180299008.0
2013-01-23,1.99,2.05,1.95,2.02,12049605,120811944.0
2013-01-24,2.0,2.05,1.87,1.89,16217945,161861936.0
2013-01-25,1.89,1.93,1.84,1.85,8539437,82796272.0
2013-01-28,1.85,1.91,1.85,1.89,10703571,103449096.0
2013-01-29,1.89,1.99,1.88,1.96,11891916,117183120.0
2013-01-30,1.96,1.98,1.93,1.98,8324334,82383200.0
2013-01-31,1.98,2.06,1.94,2.03,12294900,123874296.0
2013-02-01,2.03,2.06,1.99,2.03,7129308,72276904.0
2013-02-04,2.04,2.05,1.96,1.99,8361150,83922480.0
2013-02-05,1.99,2.08,1.99,2.05,10220798,103853296.0
2013-02-06,2.07,2.15,2.05,2.07,12400466,128307712.0
2013-02-07,2.08,2.08,2.02,2.05,6104328,62109800.0
2013-02-08,2.05,2.1,2.04,2.08,7757253,79693808.0
2013-02-18,2.09,2.12,2.06,2.08,8087804,83321392.0
2013-02-19,2.09,2.09,1.99,2.01,8146318,82281200.0
2013-02-20,2.0,2.05,1.99,2.05,5856580,59307132.0
2013-02-21,2.03,2.04,1.95,1.96,8935424,89381408.0
2013-02-22,1.96,2.0,1.96,1.97,5455092,54454220.0
2013-02-25,1.99,2.01,1.95,2.0,5203657,51885712.0
2013-02-26,1.99,1.99,1.81,1.83,15193837,148322608.0
2013-02-27,1.86,1.87,1.73,1.78,14698925,137990688.0
2013-02-28,1.79,1.84,1.75,1.83,7977001,75175352.0
2013-03-01,1.83,1.84,1.78,1.81,9678479,91287280.0
2013-03-04,1.8,1.81,1.67,1.69,9620247,88490040.0
2013-03-05,1.71,1.76,1.69,1.74,5817630,53548824.0
2013-03-06,1.75,2.03,1.74,2.02,27925620,276499584.0
2013-03-07,1.99,2.03,1.92,1.96,15365201,153340896.0
2013-03-08,1.95,2.05,1.93,1.96,13014746,130339376.0
2013-03-11,1.98,2.03,1.97,1.99,8557698,85860024.0
2013-03-12,2.01,2.12,1.99,2.05,25566018,260943232.0
2013-03-13,2.06,2.1,1.89,1.9,13614977,135457040.0
2013-03-14,1.91,1.94,1.83,1.84,7134104,68962896.0
2013-03-15,1.84,2.01,1.77,1.93,13505704,132514816.0
2013-03-18,1.95,2.04,1.93,2.01,14196947,142340928.0
2013-03-19,2.03,2.12,1.96,2.06,15532447,157942336.0
2013-03-20,2.02,2.12,1.99,2.1,23568024,240934336.0
2013-03-21,2.08,2.24,2.07,2.19,29129402,307922080.0
2013-03-22,2.18,2.18,2.12,2.16,14730707,154827792.0
2013-03-25,2.16,2.25,2.15,2.16,16274702,173958128.0
2013-03-26,2.19,2.23,2.08,2.21,17374400,183439760.0
2013-03-27,2.2,2.52,2.18,2.46,41607904,470282240.0
2013-03-28,2.42,2.61,2.36,2.53,35805760,418860352.0
2013-03-29,2.53,2.57,2.45,2.47,17844996,207362672.0
2013-04-01,2.48,2.55,2.36,2.4,18998614,216860640.0
2013-04-02,2.41,2.51,2.34,2.41,22916496,259683216.0
2013-04-03,2.41,2.41,2.05,2.05,29750548,311366272.0
2013-04-08,1.93,1.93,1.74,1.87,18116268,173134096.0
2013-04-09,1.85,1.93,1.85,1.91,11941556,116534224.0
2013-04-10,1.91,1.97,1.86,1.93,8395178,81880280.0
2013-04-11,1.92,1.92,1.78,1.81,16626310,157841824.0
2013-04-12,1.8,1.83,1.76,1.77,7827599,73498368.0
2013-04-15,1.77,1.77,1.62,1.65,12645000,114187336.0
2013-04-16,1.63,1.71,1.59,1.71,6716181,60211408.0
2013-04-17,1.72,1.75,1.69,1.75,7198330,66094612.0
2013-04-18,1.72,1.76,1.7,1.75,4817887,44440416.0
2013-04-19,1.75,1.84,1.75,1.82,8890493,83919344.0
2013-04-22,1.81,1.86,1.77,1.8,8415261,79245920.0
2013-04-23,1.79,1.8,1.69,1.71,7488204,68687688.0
2013-04-24,1.72,1.85,1.7,1.83,11770089,110791448.0
2013-04-25,1.83,1.89,1.76,1.8,8620571,81878280.0
2013-04-26,1.81,1.84,1.73,1.74,5034532,46975132.0
2013-05-02,1.71,1.77,1.67,1.72,4943786,45242124.0
2013-05-03,1.74,1.79,1.72,1.77,6119147,56938416.0
2013-05-06,1.77,1.85,1.77,1.83,8253614,78181656.0
2013-05-07,1.86,1.93,1.83,1.87,6639230,62869224.0
2013-05-08,1.84,1.94,1.83,1.93,9818403,93232912.0
2013-05-09,1.92,1.96,1.89,1.94,7672395,73639568.0
2013-05-10,1.93,1.97,1.91,1.95,8051196,77782024.0
2013-05-13,1.95,2.16,1.9,2.07,18163628,180783824.0
2013-05-14,2.05,2.06,1.96,1.98,9126781,89932816.0
2013-05-15,1.97,2.11,1.94,2.1,10960262,109865112.0
2013-05-16,2.1,2.15,2.06,2.12,10022459,102439344.0
2013-05-17,2.14,2.15,2.07,2.13,10458688,106871840.0
2013-05-20,2.14,2.3,2.14,2.24,14948938,158919424.0
2013-05-21,2.24,2.36,2.21,2.33,14263734,154213760.0
2013-05-22,2.33,2.41,2.16,2.21,18505380,197980496.0
2013-05-23,2.16,2.29,2.15,2.21,13417578,141939536.0
2013-05-24,2.22,2.36,2.22,2.35,15001134,161780272.0
2013-05-27,2.34,2.4,2.26,2.31,10736997,116576104.0
2013-05-28,2.36,2.4,2.22,2.3,16120780,174109456.0
2013-05-29,2.32,2.39,2.31,2.38,13490635,147942976.0
2013-05-30,2.38,2.39,2.28,2.3,13532467,146857120.0
2013-05-31,2.33,2.4,2.31,2.35,18665548,204719472.0
2013-06-03,2.36,2.51,2.36,2.48,21783526,245421936.0
2013-06-04,2.52,2.57,2.4,2.52,19018276,216820576.0
2013-06-05,2.52,2.54,2.43,2.46,8746995,99244136.0
2013-06-06,2.46,2.5,2.24,2.25,13706154,149223776.0
2013-06-07,2.23,2.27,2.14,2.17,9447945,98970120.0
2013-06-13,2.08,2.17,1.96,2.1,8924458,89407736.0
2013-06-14,2.1,2.18,2.1,2.15,6854047,70608528.0
2013-06-17,2.18,2.18,2.05,2.08,7873200,79943712.0
2013-06-18,2.09,2.22,2.05,2.18,8556124,88388200.0
2013-06-19,2.18,2.18,2.09,2.14,4741573,48600128.0
2013-06-20,2.1,2.17,1.99,2.01,7006805,70803792.0
2013-06-21,1.92,2.01,1.9,1.98,5023930,48715888.0
2013-06-24,1.97,1.97,1.75,1.75,7141205,66932032.0
2013-06-25,1.73,1.79,1.48,1.77,9534983,84338976.0
2013-06-26,1.78,1.84,1.68,1.81,8138490,74595192.0
2013-06-27,1.82,1.84,1.68,1.68,8086269,73335912.0
2013-06-28,1.65,1.77,1.57,1.71,6204528,55226656.0
2013-07-01,1.7,1.76,1.66,1.76,5506134,49629420.0
2013-07-02,1.76,1.87,1.75,1.85,6556186,60675040.0
2013-07-03,1.85,1.9,1.78,1.87,6415841,59933360.0
2013-07-04,1.87,1.92,1.83,1.87,6928730,65561244.0
2013-07-05,1.87,1.87,1.79,1.8,6596127,61393756.0
2013-07-08,1.73,1.75,1.65,1.68,5181899,45964340.0
2013-07-09,1.68,1.7,1.64,1.68,3128394,27478184.0
2013-07-10,1.68,1.78,1.65,1.78,4254933,38044992.0
2013-07-11,1.78,1.88,1.77,1.86,8287098,77390976.0
2013-07-12,1.85,1.91,1.8,1.8,6740801,63168672.0
2013-07-15,1.84,1.9,1.83,1.89,7378248,69621928.0
2013-07-16,1.89,1.95,1.84,1.91,7580323,72230080.0
2013-07-17,1.89,1.94,1.81,1.83,8915754,84018672.0
2013-07-18,1.84,1.94,1.76,1.91,14779398,139378272.0
2013-07-19,1.92,2.21,1.92,2.08,36472104,372771264.0
2013-07-22,2.05,2.23,2.05,2.19,26503880,275211392.0
2013-07-23,2.19,2.23,2.08,2.18,17818764,185146640.0
2013-07-24,2.17,2.39,2.14,2.31,26807416,287889024.0
2013-07-25,2.31,2.36,2.12,2.13,18553036,196138192.0
2013-07-26,2.1,2.35,2.07,2.32,14828342,156028720.0
2013-07-29,2.25,2.33,2.11,2.16,15762933,165481680.0
2013-07-30,2.13,2.26,2.0,2.05,16348658,165063712.0
2013-07-31,2.07,2.19,1.96,2.07,17054076,172183952.0
2013-08-01,2.07,2.39,2.05,2.39,29260480,315114592.0
2013-08-02,2.49,2.72,2.43,2.52,70466776,819274368.0
2013-08-05,2.52,2.57,2.44,2.49,30805548,350975520.0
2013-08-06,2.48,2.71,2.46,2.66,41893780,490355840.0
2013-08-07,2.62,2.63,2.46,2.52,24814972,286872384.0
2013-08-08,2.53,2.67,2.47,2.59,22737800,267247920.0
2013-08-09,2.56,2.64,2.44,2.51,17225826,198279728.0
2013-08-12,2.42,2.42,2.32,2.41,39787896,437797920.0
2013-08-13,2.36,2.71,2.34,2.6,32647412,376253088.0
2013-08-14,2.59,2.97,2.53,2.88,49967312,617503360.0
2013-08-15,2.85,2.98,2.82,2.88,36010884,457154560.0
2013-08-19,2.87,3.28,2.85,3.28,34366736,462033248.0
2013-08-20,3.38,3.58,3.25,3.52,51720016,742146304.0
2013-08-21,3.39,3.78,3.31,3.54,41001516,609650432.0
2013-08-22,3.46,3.66,3.35,3.42,36270324,527709056.0
2013-08-23,3.41,3.49,3.16,3.32,37426304,524264288.0
2013-08-26,3.31,3.44,3.27,3.37,22393684,316694208.0
2013-08-27,3.36,3.74,3.22,3.65,44192856,643151808.0
2013-08-28,3.55,3.6,3.32,3.33,34883664,505223104.0
2013-08-29,3.26,3.42,3.21,3.28,16406340,229423296.0
2013-08-30,3.22,3.26,2.85,2.9,33545260,437273664.0
2013-09-02,2.92,3.04,2.89,2.96,14528667,187276816.0
2013-09-03,2.92,3.28,2.92,3.22,24111080,323633536.0
2013-09-04,3.22,3.23,3.07,3.11,14168861,190119680.0
2013-09-05,3.11,3.28,3.03,3.18,15884345,214839120.0
2013-09-06,3.16,3.27,3.12,3.18,13495090,183329744.0
2013-09-09,3.18,3.19,2.96,3.05,21802864,286261120.0
2013-09-10,3.0,3.07,2.94,3.05,16338779,212700160.0
2013-09-11,3.06,3.08,2.8,2.93,13980920,178337152.0
2013-09-12,2.88,2.99,2.88,2.95,11246973,144008400.0
2013-09-13,2.93,3.2,2.85,3.09,26297654,348727456.0
2013-09-16,3.09,3.43,3.01,3.31,28582758,394387936.0
2013-09-17,3.33,3.45,3.22,3.23,26156740,369397344.0
2013-09-18,3.19,3.29,3.0,3.15,15570660,208271472.0
2013-09-23,3.15,3.33,3.0,3.29,16956468,233096256.0
2013-09-24,3.33,3.63,3.28,3.45,26808000,388614272.0
2013-09-25,3.38,3.43,3.21,3.24,18949892,265002688.0
2013-09-26,3.25,3.4,3.13,3.17,13781478,191758800.0
2013-09-27,3.19,3.25,3.02,3.12,9352019,125008736.0
2013-09-30,3.31,3.36,3.15,3.24,13492708,186367264.0
2013-10-08,3.25,3.67,3.25,3.67,31666856,468812320.0
2013-10-09,3.81,3.93,3.62,3.69,41782564,643426496.0
2013-10-10,3.64,3.86,3.57,3.61,28536256,434924064.0
2013-10-11,3.61,3.74,3.47,3.62,18648896,276526528.0
2013-10-14,3.64,3.78,3.56,3.66,17771966,269185920.0
2013-10-15,3.6,3.75,3.54,3.69,18940976,285508064.0
2013-10-16,3.66,3.66,3.31,3.42,16926396,245668784.0
2013-10-17,3.43,3.57,3.35,3.37,12971171,187569680.0
2013-10-18,3.33,3.52,3.25,3.5,13819793,199488960.0
2013-10-21,3.58,3.75,3.54,3.61,16675473,249504080.0
2013-10-22,3.6,3.79,3.48,3.71,24211008,363955328.0
2013-10-23,3.63,3.63,3.23,3.28,27728628,392461152.0
2013-10-24,3.21,3.35,3.06,3.14,17750620,240265200.0
2013-10-25,3.15,3.16,2.71,2.81,26122778,327577568.0
2013-10-28,2.84,2.87,2.7,2.8,8831238,109345088.0
2013-10-29,2.81,2.86,2.53,2.64,14881843,178100656.0
2013-10-30,2.67,2.74,2.62,2.71,9622395,115521856.0
2013-10-31,2.71,2.74,2.64,2.66,8666225,103929576.0
2013-11-01,2.63,2.63,2.48,2.53,10684493,123283344.0
2013-11-04,2.54,2.6,2.52,2.58,5467221,63589336.0
2013-11-05,2.57,2.73,2.54,2.72,8593029,102599056.0
2013-11-06,2.71,2.86,2.69,2.75,11860211,145796160.0
2013-11-07,2.7,2.8,2.67,2.72,5741947,69396704.0
2013-11-08,2.72,2.79,2.69,2.72,6700519,81604232.0
2013-11-11,2.72,2.73,2.56,2.66,4511704,53680988.0
2013-11-12,2.65,2.74,2.65,2.7,4751176,57149384.0
2013-11-13,2.7,2.77,2.66,2.67,5358029,64995196.0
2013-11-14,2.65,2.74,2.56,2.72,6442781,77267880.0
2013-11-15,2.71,2.88,2.71,2.82,10224581,127227760.0
2013-11-18,2.84,2.92,2.82,2.89,8194103,103393840.0
2013-11-19,2.9,2.98,2.84,2.92,10234666,130266624.0
2013-11-20,2.92,2.96,2.87,2.95,7625456,97013048.0
2013-11-21,2.98,3.12,2.93,3.05,15110243,198549600.0
2013-11-22,3.09,3.1,2.99,3.04,10265994,134645360.0
2013-11-25,3.02,3.04,2.91,2.97,9388655,121561896.0
2013-11-26,2.97,3.05,2.93,2.99,6718136,87379144.0
2013-11-27,3.0,3.12,3.0,3.04,8947021,117876352.0
2013-11-28,3.06,3.1,3.03,3.03,7068253,93310464.0
2013-11-29,3.04,3.08,2.99,3.04,5228011,68524584.0
2013-12-02,2.91,2.99,2.62,2.62,15270954,187971120.0
2013-12-03,2.59,2.78,2.51,2.74,10861753,129537360.0
2013-12-04,2.7,3.11,2.68,3.08,20268712,261672800.0
2013-12-05,3.08,3.22,2.93,3.14,14836884,198131952.0
2013-12-06,3.09,3.29,3.09,3.23,13535433,185476176.0
2013-12-09,3.22,3.4,3.21,3.25,10722754,150285840.0
2013-12-10,3.25,3.37,3.23,3.3,7379123,103177104.0
2013-12-11,3.28,3.3,3.12,3.18,6701483,91350064.0
2013-12-12,3.19,3.27,3.18,3.2,4138248,56739460.0
2013-12-13,3.13,3.25,3.12,3.22,4856240,65894724.0
2013-12-16,3.22,3.39,3.2,3.37,13998366,197142832.0
2013-12-17,3.37,3.39,3.16,3.28,9975899,138057936.0
2013-12-18,3.29,3.39,3.22,3.35,7096668,99922136.0
2013-12-19,3.34,3.46,3.34,3.35,9736988,139220064.0
2013-12-20,3.27,3.34,3.22,3.28,5910870,81804112.0
2013-12-23,3.28,3.46,3.19,3.42,7504963,106146200.0
2013-12-24,3.42,3.5,3.25,3.32,10007011,141495168.0
2013-12-25,3.33,3.42,3.25,3.42,8592183,121528648.0
2013-12-26,3.38,3.41,3.29,3.33,5166133,72868928.0
2013-12-27,3.3,3.39,3.28,3.33,7178986,100843400.0
2013-12-30,3.34,3.37,3.19,3.24,8064638,111282192.0
2013-12-31,3.2,3.31,3.15,3.26,6831302,93337176.0
2014-01-02,3.23,3.3,3.21,3.24,6275613,86354456.0
2014-01-03,3.23,3.45,3.22,3.38,13695083,193876224.0
2014-01-06,3.36,3.41,3.15,3.2,10811872,149755232.0
2014-01-07,3.16,3.28,3.12,3.26,5393413,74176432.0
2014-01-08,3.28,3.34,3.22,3.29,4868178,67770920.0
2014-01-09,3.28,3.38,3.21,3.28,8036641,111923944.0
2014-01-10,3.26,3.3,3.19,3.26,7258214,100187880.0
2014-01-13,3.28,3.36,3.25,3.34,8016926,112107512.0
2014-01-14,3.38,3.47,3.29,3.46,10754447,153967632.0
2014-01-15,3.49,3.89,3.46,3.85,24762570,379951008.0
2014-01-16,3.79,4.08,3.78,4.01,17002904,271165248.0
2014-01-17,3.96,4.09,3.84,3.91,8492843,135549408.0
2014-01-20,3.91,3.96,3.68,3.69,9537646,147530896.0
2014-01-21,3.71,3.89,3.65,3.87,10615241,164069904.0
2014-01-22,3.87,3.98,3.81,3.9,10828416,172082496.0
2014-01-23,3.88,4.13,3.79,4.03,14595442,235343632.0
2014-01-24,4.02,4.53,4.01,4.29,22548516,387952960.0
2014-01-27,4.31,4.83,4.31,4.77,33826172,624024128.0
2014-01-28,4.83,5.24,4.62,4.74,29885076,568423488.0
2014-01-29,4.86,5.33,4.64,5.33,23617738,461521536.0
2014-01-30,5.37,5.47,4.99,5.12,15275728,307667616.0
2014-02-07,5.18,5.74,5.1,5.72,17923982,373427424.0
2014-02-10,5.59,5.84,5.46,5.78,18199830,390329888.0
2014-02-11,5.69,5.8,5.21,5.34,16647951,344047232.0
2014-02-12,5.34,5.49,5.14,5.43,11229899,228872080.0
2014-02-13,5.34,5.37,4.86,4.9,16497778,322558368.0
2014-02-14,4.93,5.21,4.9,5.0,11796154,229988880.0
2014-02-17,5.01,5.2,4.94,5.09,16052489,314246976.0
2014-02-18,5.09,5.5,4.99,5.32,18932318,385240480.0
2014-02-19,5.3,5.49,5.1,5.26,11351341,228658160.0
2014-02-20,5.23,5.42,5.19,5.27,11374881,230717872.0
2014-02-21,5.27,5.54,5.0,5.24,15692938,320241120.0
2014-02-24,5.19,5.55,4.93,5.49,11365537,228580016.0
2014-02-25,5.53,6.15,5.17,5.81,34416596,765287040.0
2014-02-26,5.37,6.38,5.23,5.97,24416156,544934656.0
2014-02-27,5.91,6.66,5.79,6.63,28382664,671717632.0
2014-02-28,6.68,6.7,5.94,6.09,16954388,392799360.0
2014-03-03,6.0,6.29,5.84,6.06,11775410,267499040.0
2014-03-04,6.0,6.05,5.56,5.66,14137379,305757504.0
2014-03-05,5.68,5.95,5.64,5.72,11411878,248854624.0
2014-03-06,5.7,5.72,5.28,5.47,10117033,209810672.0
2014-03-07,5.5,5.71,5.37,5.68,10052880,212438912.0
2014-03-10,5.6,5.62,5.05,5.07,14847579,299737440.0
2014-03-11,4.98,5.17,4.6,4.96,12698717,241418464.0
2014-03-12,4.9,4.93,4.61,4.68,12986568,240286656.0
2014-03-13,4.72,4.94,4.71,4.89,9616723,181343584.0
2014-03-14,4.83,5.11,4.75,4.81,7421090,141165856.0
2014-03-17,4.81,5.3,4.66,5.24,12054509,235002544.0
2014-03-18,5.29,5.87,5.29,5.67,16031974,340384896.0
2014-03-19,5.68,5.86,5.44,5.81,11214669,238695568.0
2014-03-20,5.8,5.8,5.18,5.19,15275884,316897344.0
2014-03-21,5.05,5.41,4.93,5.3,10661048,211502800.0
2014-03-24,5.24,5.31,5.09,5.13,6436049,127889120.0
2014-03-25,5.13,5.37,5.02,5.19,6214971,124535224.0
2014-03-26,5.18,5.23,5.03,5.06,7325479,143668768.0
2014-03-27,5.06,5.11,4.9,4.96,4946201,96083464.0
2014-03-28,4.93,4.98,4.35,4.35,15912295,284267232.0
2014-03-31,4.39,4.46,4.11,4.35,13491349,229949536.0
2014-04-01,4.29,4.61,4.24,4.57,8732315,155280528.0
2014-04-02,4.57,4.63,4.45,4.52,7526120,134627008.0
2014-04-03,4.58,4.69,4.51,4.53,4836385,87263272.0
2014-04-04,4.48,4.67,4.47,4.65,6243321,112262720.0
2014-04-08,4.58,4.77,4.49,4.71,5831145,106239072.0
2014-04-09,4.74,4.84,4.64,4.72,6277450,116367992.0
2014-04-10,4.68,4.83,4.56,4.75,11075531,204199664.0
2014-04-11,4.67,4.69,4.37,4.47,11171311,199164112.0
2014-04-14,4.47,4.53,4.26,4.4,11150843,192897344.0
2014-04-15,4.39,4.41,4.32,4.38,5393677,93555040.0
2014-04-16,4.38,4.52,4.37,4.43,6274036,110383232.0
2014-04-17,4.42,4.55,4.42,4.52,6781768,120694864.0
2014-04-18,4.52,4.62,4.46,4.56,5957632,106641688.0
2014-04-21,4.55,4.83,4.48,4.77,12771785,234953760.0
2014-04-22,4.8,4.99,4.69,4.79,15333103,289466816.0
2014-04-23,4.75,4.79,4.48,4.51,6351443,94370144.0
2014-04-24,4.4,4.64,4.35,4.5,6226852,90238816.0
2014-04-25,4.56,4.56,4.22,4.25,5488948,77712448.0
2014-04-28,4.22,4.25,3.77,3.96,16034277,209278736.0
2014-04-29,3.95,4.03,3.89,4.0,8750414,115140688.0
2014-04-30,3.91,4.03,3.84,3.92,11932432,155844864.0
2014-05-05,3.91,3.98,3.69,3.87,10589603,135125184.0
2014-05-06,3.85,4.1,3.83,4.1,10040199,132519328.0
2014-05-07,4.07,4.07,3.86,3.91,8564186,112201856.0
2014-05-08,3.88,4.02,3.78,3.8,8983483,116090304.0
2014-05-09,3.85,3.85,3.58,3.62,11873957,146016384.0
2014-05-12,3.66,3.76,3.61,3.75,7499211,93300232.0
2014-05-13,3.76,3.82,3.74,3.77,5712736,72060784.0
2014-05-14,3.77,3.8,3.67,3.78,6581467,82697248.0
2014-05-15,3.76,3.84,3.68,3.68,6085084,76636024.0
2014-05-16,3.61,3.74,3.49,3.59,6362931,77265784.0
2014-05-19,3.51,3.59,3.5,3.52,5333058,63987016.0
2014-05-20,3.56,3.77,3.56,3.77,12990730,161597072.0
2014-05-21,3.76,4.16,3.72,4.13,21930100,285998400.0
2014-05-22,4.06,4.13,3.97,3.98,15407105,204882912.0
2014-05-23,3.96,4.43,3.95,4.32,22241768,307983104.0
2014-05-26,4.33,4.63,4.29,4.5,20624318,298323040.0
2014-05-27,4.48,4.52,4.35,4.37,14202560,203105872.0
2014-05-28,4.39,4.8,4.38,4.79,25432932,382213024.0
2014-05-29,4.79,4.84,4.62,4.77,19833044,299414432.0
2014-05-30,4.79,5.11,4.69,4.82,25283636,395930272.0
2014-06-03,4.85,4.95,4.58,4.76,16055471,243885856.0
2014-06-04,4.76,4.84,4.53,4.56,13153175,196761760.0
2014-06-05,4.49,4.55,4.34,4.54,14188450,204508752.0
2014-06-06,4.52,4.65,4.37,4.42,13839461,201507344.0
2014-06-09,4.4,4.45,4.28,4.36,9334953,132293304.0
2014-06-10,4.36,4.7,4.36,4.65,18537780,273215072.0
2014-06-11,4.65,4.74,4.57,4.63,15848207,236693920.0
2014-06-12,4.61,4.82,4.46,4.72,20417176,304231424.0
2014-06-13,4.66,4.92,4.48,4.71,28577936,430450016.0
2014-06-16,4.67,4.68,4.49,4.57,28517856,420250624.0
2014-06-17,4.56,4.85,4.51,4.65,31987188,478004000.0
2014-06-18,4.59,4.82,4.5,4.55,38623532,576590144.0
2014-06-19,4.47,4.47,3.99,3.99,37569216,514577920.0
2014-06-20,3.91,4.04,3.72,3.93,30559998,393874688.0
2014-06-23,3.91,4.08,3.85,3.96,16760817,220184368.0
2014-06-24,3.95,4.12,3.92,4.07,15330655,205120512.0
2014-06-25,4.05,4.07,3.94,4.02,9497038,125352328.0
2014-06-26,4.05,4.22,4.05,4.11,15671182,213417728.0
2014-06-27,4.07,4.24,4.07,4.16,14464547,198426912.0
2014-06-30,4.22,4.35,4.12,4.32,16170021,225288352.0
2014-07-01,4.33,4.85,4.33,4.85,29434432,440765888.0
2014-07-02,5.13,5.13,4.67,4.88,43175540,670794240.0
2014-07-03,4.82,4.89,4.68,4.73,25400700,387163008.0
2014-07-04,4.76,4.94,4.73,4.8,23357008,361007904.0
2014-07-07,4.78,4.78,4.6,4.71,14862523,222746528.0
2014-07-08,4.67,4.91,4.61,4.83,21175554,324755584.0
2014-07-09,4.79,4.82,4.61,4.65,16337829,246457856.0
2014-07-10,4.61,4.67,4.33,4.39,17453092,253113392.0
2014-07-11,4.38,4.57,4.35,4.47,8867550,127919056.0
2014-07-14,4.46,4.54,4.41,4.49,13276583,191939760.0
2014-07-15,4.49,4.54,4.41,4.51,8301191,120172144.0
2014-07-16,4.61,4.78,4.52,4.77,20404208,303931712.0
2014-07-17,4.78,4.81,4.56,4.69,17327602,261615312.0
2014-07-18,4.63,4.75,4.54,4.55,10581874,157946704.0
2014-07-21,4.53,4.62,4.49,4.56,5827446,85509984.0
2014-07-22,4.56,4.76,4.52,4.69,12347056,183824816.0
2014-07-23,4.71,4.71,4.35,4.39,17534856,255731312.0
2014-07-24,4.37,4.43,4.14,4.26,16247963,226639264.0
2014-07-25,4.33,4.5,4.27,4.47,14836803,211362560.0
2014-07-28,4.48,4.67,4.43,4.61,19691180,289458880.0
2014-07-29,4.66,4.84,4.61,4.66,22500826,340287776.0
2014-07-30,4.68,4.86,4.55,4.82,26855628,405672704.0
2014-07-31,4.77,4.82,4.71,4.75,13658627,207652720.0
2014-08-01,4.75,4.8,4.58,4.6,17928416,269656288.0
2014-08-04,4.62,4.71,4.52,4.63,14423659,214033616.0
2014-08-05,4.63,4.82,4.58,4.75,27454086,415208832.0
2014-08-06,4.7,4.75,4.65,4.72,12785145,192839872.0
2014-08-07,4.74,4.81,4.62,4.63,17514068,265020944.0
2014-08-08,4.66,4.85,4.6,4.82,29008476,442616960.0
2014-08-11,4.82,4.89,4.79,4.86,22032700,340325792.0
2014-08-12,4.93,5.43,4.9,5.22,54947176,895050752.0
2014-08-13,5.19,5.19,4.98,5.13,26189398,420799104.0
2014-08-14,5.12,5.28,5.08,5.13,30432806,497906880.0
2014-08-15,5.12,5.35,5.08,5.22,37924904,624646272.0
2014-08-18,5.26,5.33,5.19,5.28,25625828,424349952.0
2014-08-19,5.29,5.6,5.23,5.43,39901476,680585920.0
2014-08-20,5.47,5.47,5.17,5.2,29204784,482621152.0
2014-08-21,5.18,5.24,4.93,5.09,29436192,469654848.0
2014-08-22,5.06,5.14,5.02,5.12,19630154,315950848.0
2014-08-25,5.14,5.18,5.02,5.04,17435888,281417376.0
2014-08-26,5.09,5.12,4.88,4.9,15540483,246038560.0
2014-08-27,4.91,5.09,4.91,4.97,14893783,236371920.0
2014-08-28,4.99,5.08,4.92,4.98,11135916,176836048.0
2014-08-29,4.99,5.09,4.94,5.08,10505338,167230240.0
2014-09-01,5.1,5.2,5.04,5.18,19871550,322529536.0
2014-09-02,5.18,5.3,5.11,5.24,25766084,423082304.0
2014-09-03,5.23,5.26,5.13,5.19,23629940,386731168.0
2014-09-04,5.18,5.25,5.13,5.21,23086284,377293472.0
2014-09-05,5.2,5.23,5.13,5.18,17852476,291023808.0
2014-09-09,5.18,5.19,5.06,5.12,15950996,257591616.0
2014-09-10,5.12,5.22,5.07,5.18,18073216,294471616.0
2014-09-11,5.18,5.42,5.15,5.33,41559256,695773440.0
2014-09-12,5.33,5.33,5.21,5.28,22550832,373186880.0
2014-09-15,5.34,5.42,5.28,5.4,31029886,521092192.0
2014-09-16,5.41,5.42,4.98,5.0,34250636,562089856.0
2014-09-17,5.03,5.09,4.91,5.05,18593744,295462432.0
2014-09-18,5.04,5.1,4.96,5.02,12460656,198145104.0
2014-09-19,5.02,5.09,4.99,5.06,13007350,208176160.0
2014-09-22,5.05,5.07,4.9,4.94,13217805,208930048.0
2014-09-23,4.91,4.99,4.91,4.96,10320580,162489056.0
2014-09-24,4.94,5.07,4.92,5.04,18506212,293585728.0
2014-09-25,5.09,5.1,5.01,5.02,16376476,262072208.0
2014-09-26,5.02,5.06,4.98,5.03,11776371,187714192.0
2014-09-29,5.05,5.2,5.04,5.17,23465994,379651136.0
2014-09-30,5.15,5.37,5.13,5.31,33495452,556721728.0
2014-10-08,5.32,5.46,5.23,5.41,35574044,597607040.0
2014-10-09,5.42,5.5,5.28,5.34,29912556,504748544.0
2014-10-10,5.31,5.31,5.15,5.19,31583016,519791296.0
2014-10-13,5.19,5.19,5.01,5.08,23508232,376848224.0
2014-10-14,5.06,5.14,5.01,5.08,19675784,315843104.0
2014-10-15,5.06,5.11,5.0,5.1,15155560,243141936.0
2014-10-16,5.05,5.2,5.01,5.06,18887444,305216032.0
2014-10-17,5.04,5.46,5.02,5.35,56074112,928351040.0
2014-10-20,5.35,5.92,5.34,5.81,85921024,1506322560.0
2014-10-21,5.76,5.85,5.5,5.59,52996736,930730688.0
2014-10-22,5.57,5.83,5.53,5.54,45136520,796320256.0
2014-10-23,5.48,5.67,5.27,5.56,37879948,646502656.0
2014-10-24,5.57,5.87,5.49,5.76,43605872,772116800.0
2014-10-27,5.68,5.96,5.63,5.68,39155112,702892160.0
2014-10-28,5.66,5.81,5.6,5.78,33245250,590689280.0
2014-10-29,5.79,6.04,5.79,6.02,55221340,1012367616.0
2014-10-30,6.03,6.03,5.84,5.9,35001324,640913024.0
2014-10-31,5.81,5.88,5.56,5.69,37698624,666600576.0
2014-11-03,5.68,6.02,5.64,5.95,40308448,737260160.0
2014-11-04,5.97,6.24,5.97,6.03,40332552,757131584.0
2014-11-05,6.09,6.18,5.89,5.92,26383524,490234176.0
2014-11-06,6.15,6.25,6.0,6.24,41333776,780582336.0
2014-11-07,6.26,6.82,6.25,6.6,62450660,1240964096.0
2014-11-10,6.74,7.1,6.48,6.98,42375184,881145088.0
2014-11-11,7.06,7.24,6.48,6.79,42816092,886224640.0
2014-11-12,6.62,7.55,6.6,7.49,55980428,1208742400.0
2014-11-13,7.44,8.09,7.4,7.65,58859592,1355899392.0
2014-11-14,7.63,7.84,7.23,7.7,37824960,852634432.0
2014-11-17,7.71,7.91,7.43,7.45,40460880,924761408.0
2014-11-18,7.27,8.3,7.11,8.3,60658024,1373462400.0
2014-11-19,8.13,8.98,8.13,8.31,70334640,1771139968.0
2014-12-04,9.24,9.24,9.24,9.24,7747354,209565920.0
2014-12-05,9.98,10.27,9.08,9.93,88713584,2541687296.0
2014-12-08,9.47,9.95,9.19,9.53,65107348,1816511232.0
2014-12-09,9.04,9.15,8.48,8.48,81778168,2075318912.0
2014-12-10,8.13,8.86,7.58,8.61,49700016,1231896832.0
2014-12-11,8.47,9.58,8.39,9.24,45643000,1216854016.0
2014-12-12,9.25,9.88,8.87,9.33,38098204,1043919552.0
2014-12-15,9.33,9.98,9.0,9.75,34961500,982558400.0
2014-12-16,9.75,10.01,9.38,9.59,19757832,552447488.0
2014-12-17,9.45,9.98,9.07,9.86,31797108,882386944.0
2014-12-18,9.8,9.92,9.49,9.75,15895848,449277536.0
2014-12-19,9.74,9.87,9.19,9.45,17143352,473096224.0
2014-12-22,9.29,9.3,8.4,8.4,22701112,572321472.0
2014-12-23,7.92,8.41,7.5,7.97,37607348,880801216.0
2014-12-24,7.97,8.28,7.86,8.04,17150302,410141504.0
2014-12-25,8.23,8.95,8.06,8.84,30859468,784432576.0
2014-12-26,8.84,9.0,8.6,8.75,24108206,620032960.0
2014-12-29,8.75,8.81,8.04,8.1,45222032,1112287744.0
2014-12-30,8.1,8.41,7.68,7.85,26279710,625027840.0
2014-12-31,7.9,8.03,7.62,7.89,22206916,516749024.0
2015-01-05,7.92,8.75,7.78,8.54,46087472,1123567616.0
2015-01-06,8.39,9.35,8.3,9.05,43615568,1130591616.0
2015-01-07,9.0,9.41,8.96,9.23,37071208,997518464.0
2015-01-08,9.22,9.6,9.1,9.41,31871588,876956800.0
2015-01-09,9.33,9.99,9.18,9.5,38325536,1084233728.0
2015-01-12,9.42,10.17,9.3,10.0,32845656,947482560.0
2015-01-13,10.12,11.11,9.94,11.11,48469972,1522282752.0
2015-01-14,11.31,11.68,10.86,11.22,45030096,1460671488.0
2015-01-15,10.93,11.94,10.93,11.92,34140356,1138067840.0
2015-01-16,11.71,13.21,11.69,13.21,30173180,1092254976.0
2015-01-19,13.29,14.34,12.52,12.88,67971552,2575268096.0
2015-01-20,13.02,13.92,12.6,13.53,53773248,2044184576.0
2015-01-21,13.21,13.77,12.87,13.51,44640468,1672860288.0
2015-01-22,13.35,13.51,12.77,12.95,49887044,1845538560.0
2015-01-23,12.79,13.1,11.94,12.05,55489896,1963683456.0
2015-01-26,12.2,12.88,12.06,12.83,42529316,1518384640.0
2015-01-27,12.87,13.2,12.24,12.46,36123864,1300001152.0
2015-01-28,12.49,12.94,12.15,12.45,33434936,1204099328.0
2015-01-29,12.22,13.05,12.16,13.02,35667448,1293176576.0
2015-01-30,13.25,13.45,11.69,11.89,42495996,1519582720.0
2015-02-02,11.8,12.9,11.73,12.49,34747668,1235455744.0
2015-02-03,12.48,13.84,12.27,13.46,63242008,2400021504.0
2015-02-04,13.54,14.84,13.32,14.72,56931472,2265555456.0
2015-02-05,14.5,15.51,14.12,14.42,51883664,2167907328.0
2015-02-06,14.22,14.7,13.21,13.25,33882008,1314471936.0
2015-02-09,13.31,14.15,13.1,13.49,27057348,1046356096.0
2015-02-10,13.47,14.14,12.83,13.95,33411690,1272022272.0
2015-02-11,13.95,14.72,13.82,14.12,36645996,1476734336.0
2015-02-12,14.06,14.44,13.31,13.76,46931616,1817896576.0
2015-02-13,13.78,14.05,13.41,13.7,34584568,1344402816.0
2015-02-16,13.55,15.18,13.4,15.18,58793592,2415376384.0
2015-02-17,15.24,15.27,14.34,14.52,41490200,1705101824.0
2015-02-25,14.46,14.78,13.88,13.96,27823002,1113355648.0
2015-02-26,13.97,14.27,13.63,14.11,23742748,935895616.0
2015-02-27,13.97,14.45,13.71,14.09,26272144,1040646080.0
2015-03-02,14.09,14.72,13.62,14.41,48670592,1936085120.0
2015-03-03,14.14,14.33,13.7,13.78,38539012,1525079808.0
2015-03-04,13.7,13.7,13.32,13.46,35173528,1344313344.0
2015-03-05,13.4,13.4,12.77,12.94,44579320,1646174080.0
2015-03-06,13.01,13.47,12.64,13.08,31008096,1159884160.0
2015-03-09,13.1,14.2,13.1,13.96,55067276,2146212864.0
2015-03-10,14.01,14.03,13.62,13.77,27343872,1068308672.0
2015-03-11,13.79,13.79,13.28,13.34,25927332,985372544.0
2015-03-12,13.24,13.58,12.93,13.2,24008648,896227840.0
2015-03-13,13.22,13.97,13.21,13.7,32243110,1241582208.0
2015-03-16,13.84,15.07,13.73,14.79,60381552,2440697088.0
2015-03-17,14.91,14.91,14.22,14.41,46996588,1914173824.0
2015-03-18,14.27,14.59,13.96,14.42,41440904,1667950592.0
2015-03-19,14.37,14.57,14.06,14.2,30230220,1217136896.0
2015-03-20,14.38,15.42,14.29,14.69,62888312,2632901376.0
2015-03-23,15.25,15.37,14.5,15.22,56277456,2371927552.0
2015-03-24,15.29,16.85,14.97,16.85,70144896,3183196928.0
2015-03-25,17.76,18.629999,17.450001,17.99,99153664,5064343040.0
2015-03-26,17.870001,18.379999,16.379999,16.799999,69681640,3361953024.0
2015-03-27,16.809999,17.68,16.049999,16.559999,62003188,2910298880.0
2015-03-30,16.24,16.700001,15.71,16.18,53909276,2426889728.0
2015-03-31,16.049999,16.870001,16.02,16.299999,47836920,2209017600.0
2015-04-01,16.43,16.92,16.299999,16.67,35510348,1648525824.0
2015-04-02,16.719999,16.950001,16.24,16.540001,37432164,1724696448.0
2015-04-03,16.389999,16.43,15.96,16.18,36944772,1666600320.0
2015-04-07,16.18,16.620001,15.77,16.440001,46538992,2117286784.0
2015-04-08,16.440001,16.440001,15.67,15.86,45215064,2022294400.0
2015-04-09,15.82,15.82,14.79,15.55,41082536,1769043072.0
2015-04-10,15.63,16.190001,15.62,15.95,33525304,1501894400.0
2015-04-13,16.129999,17.110001,16.129999,16.75,57273404,2675726848.0
2015-04-14,16.75,16.75,16.01,16.15,41072904,1873310464.0
2015-04-15,16.049999,16.049999,15.06,15.1,36484336,1583578752.0
2015-04-16,14.88,15.62,14.54,15.18,28295108,1205456128.0
2015-04-17,15.18,15.52,15.02,15.17,25828746,1107362048.0
2015-04-20,14.9,15.43,14.69,15.32,33291262,1415738112.0
2015-04-21,15.32,16.33,15.29,16.299999,47081624,2107710848.0
2015-04-22,16.34,17.059999,16.27,16.370001,48451620,2250149376.0
2015-04-23,16.35,16.43,15.91,16.059999,30034512,1355839232.0
2015-04-24,15.96,17.309999,15.79,17.24,65035560,3055684096.0
2015-04-27,17.9,18.139999,16.809999,16.879999,54970664,2662173696.0
2015-04-28,16.82,16.860001,15.88,16.15,30475464,1384182016.0
2015-04-29,16.049999,16.790001,15.9,16.6,25751892,1185993600.0
2015-04-30,16.93,18.35,16.76,17.950001,40183888,1653446144.0
2015-05-04,17.440001,17.440001,16.459999,17.02,39674944,1559020928.0
2015-05-05,16.85,16.889999,15.71,15.73,33159292,1253936000.0
2015-05-06,16.17,17.4,15.86,16.639999,60000120,2330178816.0
2015-05-07,16.32,17.23,16.23,16.65,37590008,1462702464.0
2015-05-08,16.799999,18.4,16.799999,18.4,92178472,3818398976.0
2015-05-11,18.58,20.030001,17.969999,19.5,98436424,4268321536.0
2015-05-12,19.5,21.48,19.129999,21.07,77312448,3587610624.0
2015-05-13,20.92,21.07,20.030001,20.18,50655784,2384462848.0
2015-05-14,20.16,20.73,19.85,20.07,33873928,1573922304.0
2015-05-15,20.67,21.620001,20.08,20.9,46768156,2230639104.0
2015-05-18,21.01,22.48,20.940001,22.129999,43943696,2191297792.0
2015-05-19,22.209999,22.469999,20.99,21.530001,40906016,2012338304.0
2015-05-20,21.540001,23.629999,21.540001,22.620001,40161512,2084669184.0
2015-05-21,22.66,23.9,22.309999,23.02,36502920,1929663488.0
2015-05-22,23.450001,24.26,22.27,23.02,38696140,2042166144.0
2015-05-25,22.530001,23.17,21.85,22.66,39595840,2027351936.0
2015-05-26,22.700001,23.9,22.700001,23.440001,36269960,1934313088.0
2015-05-27,23.58,24.59,22.629999,24.26,47351628,2543306752.0
2015-05-28,24.25,26.379999,22.99,23.52,53723136,3056648448.0
2015-05-29,23.58,25.959999,22.389999,25.959999,55137196,3107754496.0
2015-06-01,27.290001,28.65,26.209999,28.41,57485084,3547947264.0
2015-06-02,29.09,31.34,28.23,31.34,58450900,4028572416.0
2015-06-03,31.82,32.959999,29.32,30.83,57820652,4049720064.0
2015-06-04,30.51,30.610001,27.66,29.9,40327936,2670221824.0
2015-06-05,29.959999,30.809999,28.23,28.68,38811280,2589141248.0
2015-06-08,28.73,29.129999,26.450001,27.690001,44316976,2770953472.0
2015-06-09,27.690001,28.49,26.93,28.01,28570748,1806333568.0
2015-06-10,27.77,29.889999,27.27,29.35,39142340,2554067712.0
2015-06-11,29.389999,30.719999,29.360001,30.049999,34771448,2359595776.0
2015-06-12,30.959999,32.32,30.049999,30.360001,40091236,2832256768.0
2015-06-15,30.18,30.18,27.82,28.1,39831232,2588852480.0
2015-06-16,27.77,27.77,26.18,26.48,32012436,1956345856.0
2015-06-17,26.32,28.09,25.49,27.77,37197840,2275834880.0
2015-06-18,27.35,28.450001,26.17,26.67,24192090,1515097984.0
2015-06-19,25.5,26.57,23.91,23.91,31009196,1762542464.0
2015-06-23,23.08,24.82,21.450001,24.27,37389344,1982173952.0
2015-06-24,24.59,24.9,23.219999,24.48,33414312,1845689856.0
2015-06-25,24.73,24.889999,22.1,22.530001,27654214,1497551744.0
2015-06-26,21.629999,21.629999,20.190001,20.190001,29938432,1412088832.0
2015-06-29,20.190001,20.49,18.08,18.08,44479948,1883618816.0
2015-06-30,18.07,19.98,16.209999,19.98,64940576,2743266560.0
2015-07-01,20.02,21.84,19.58,20.120001,64893932,3125318656.0
2015-07-02,20.49,21.290001,19.120001,19.58,61791048,2878789120.0
2015-07-03,19.129999,21.02,17.540001,19.9,55886540,2438686976.0
2015-07-06,21.98,21.98,17.82,19.15,75801088,3405716480.0
2015-07-13,21.15,21.15,20.35,21.15,73422688,3540292352.0
2015-07-14,21.16,23.059999,20.809999,21.43,108454832,5406978560.0
2015-07-15,20.530001,20.809999,19.200001,19.200001,44734216,2025206528.0
2015-07-16,17.18,18.809999,17.18,17.299999,137425984,5552694784.0
2015-07-17,17.299999,18.84,16.389999,18.4,93089352,3807823616.0
2015-07-20,18.610001,19.799999,17.99,18.790001,82623168,3598902528.0
2015-07-21,18.440001,19.209999,17.940001,18.469999,60586028,2595468544.0
2015-07-22,18.299999,20.41,18.209999,20.41,140419536,6460247040.0
2015-07-23,20.49,21.25,19.84,20.940001,116872712,5499856384.0
2015-07-24,20.68,21.83,19.67,20.18,92293648,4430090752.0
2015-07-27,19.530001,20.629999,18.08,18.08,80257136,3592956928.0
2015-07-28,16.389999,17.709999,16.18,16.18,107024592,4078737664.0
2015-07-29,16.84,17.889999,15.39,17.889999,101803448,3936309504.0
2015-07-30,18.209999,19.110001,16.83,17.299999,101978552,4316480512.0
2015-07-31,16.940001,17.34,16.23,16.93,60935720,2370807040.0
2015-08-03,15.94,16.290001,15.14,15.36,82909104,2974971392.0
2015-08-04,15.25,16.620001,15.23,16.52,51497680,1902975104.0
2015-08-05,16.379999,16.450001,15.4,15.62,52139796,1925264384.0
2015-08-06,15.14,16.110001,15.03,15.57,35719480,1294086528.0
2015-08-07,15.73,16.48,15.71,16.219999,51563892,1936654464.0
2015-08-10,16.530001,17.49,16.15,17.25,61034080,2377508352.0
2015-08-11,17.23,17.389999,16.709999,16.950001,52418832,2069870592.0
2015-08-12,16.709999,16.92,16.15,16.190001,37976948,1458606080.0
2015-08-13,15.94,16.76,15.76,16.67,36752728,1384557312.0
2015-08-14,16.84,17.99,16.57,17.299999,71424208,2858597888.0
2015-08-17,17.120001,17.17,16.66,17.0,41038664,1607168896.0
2015-08-18,17.17,17.91,15.48,15.63,65466352,2563753984.0
2015-08-19,15.26,16.280001,14.56,16.16,50823828,1840191232.0
2015-08-20,16.129999,16.799999,15.74,15.84,42965052,1621227520.0
2015-08-21,15.35,15.85,14.48,14.6,36536008,1283792896.0
2015-08-24,13.68,14.03,13.05,13.05,27840532,859587008.0
2015-08-25,11.7,12.15,11.65,11.65,31488338,872021888.0
2015-08-26,11.2,11.77,10.4,10.4,58807936,1524292480.0
2015-08-27,10.7,10.91,9.29,10.45,60308108,1477198208.0
2015-08-28,10.62,11.58,10.25,11.58,66592300,1716001152.0
2015-08-31,11.2,11.37,10.41,10.88,56119400,1441168512.0
2015-09-01,10.48,10.68,9.7,10.08,50198988,1211258368.0
2015-09-02,9.36,10.43,9.22,10.02,42280400,1004445056.0
2015-09-07,10.07,10.84,9.85,10.04,28959356,719331072.0
2015-09-08,10.24,10.79,9.77,10.66,26714896,655455424.0
2015-09-09,10.73,11.71,10.68,11.43,50282572,1342948992.0
2015-09-10,11.07,11.38,10.89,10.91,29526224,780104000.0
2015-09-11,11.25,11.49,10.93,11.11,31234338,833341440.0
2015-09-14,11.0,11.15,9.91,10.02,40787528,1003683840.0
2015-09-15,9.75,10.35,9.11,9.12,25576200,587129472.0
2015-09-16,9.47,10.12,9.34,10.12,47067020,1108638336.0
2015-09-17,10.04,10.69,9.83,9.91,50461676,1235370624.0
2015-09-18,10.0,10.1,9.67,9.95,28958064,688210688.0
2015-09-21,9.61,10.98,9.57,10.9,45703260,1138496000.0
2015-09-22,11.02,11.26,10.46,10.82,40262912,1044974720.0
2015-09-23,10.55,11.02,10.52,10.68,27273988,696492992.0
2015-09-24,10.77,11.14,10.73,10.92,24783040,643122048.0
2015-09-25,10.88,10.98,9.88,10.06,23711380,590221248.0
2015-09-28,10.06,10.6,9.74,10.5,23699760,581174272.0
2015-09-29,10.2,10.29,9.91,10.09,20807020,501962304.0
2015-09-30,10.18,10.42,9.94,10.09,16097982,391940288.0
2015-10-08,10.55,11.19,10.39,11.19,57933744,1523678336.0
2015-10-09,11.19,11.57,11.02,11.42,55524896,1491315840.0
2015-10-12,11.7,12.66,11.53,12.33,65379580,1897547904.0
2015-10-13,12.29,12.73,12.18,12.57,39711332,1166695040.0
2015-10-14,12.39,12.56,11.97,12.11,31993184,921594176.0
2015-10-15,12.0,13.21,12.0,12.8,38193052,1139224448.0
2015-10-16,13.13,13.21,12.48,13.03,41016312,1242915328.0
2015-10-19,13.05,13.08,12.43,12.69,29706600,888197376.0
2015-10-20,12.66,14.03,12.62,13.69,51503332,1613188224.0
2015-10-21,13.69,13.69,12.23,12.23,49581848,1505208832.0
2015-10-22,12.14,12.77,11.98,12.64,42974124,1263028224.0
2015-10-23,12.87,13.07,12.57,12.91,40978432,1239215744.0
2015-10-26,13.21,13.66,12.65,13.35,53381312,1653782144.0
2015-10-27,12.98,13.51,12.25,13.32,48592824,1475599232.0
2015-10-28,13.09,13.81,12.98,13.14,40114936,1263633408.0
2015-10-29,13.34,13.41,12.43,12.97,36438952,1100304896.0
2015-10-30,12.75,13.18,12.52,12.74,31107988,941803648.0
2015-11-02,12.25,13.09,12.1,12.32,34955744,1037846144.0
2015-11-03,12.5,12.54,11.9,12.11,25875676,744077888.0
2015-11-04,12.09,13.07,12.06,13.06,47101532,1407463936.0
2015-11-05,13.09,13.32,12.71,13.17,52406232,1608887168.0
2015-11-06,13.21,14.49,13.21,14.29,73623792,2416319488.0
2015-11-09,14.09,14.8,13.7,14.54,55181224,1850636416.0
2015-11-10,14.34,14.94,14.1,14.31,39650264,1338765824.0
2015-11-11,14.35,14.89,14.32,14.73,36127704,1230314368.0
2015-11-12,14.71,14.89,14.11,14.35,34601796,1161405568.0
2015-11-13,14.05,14.19,13.56,13.66,33285086,1076368768.0
2015-11-16,13.25,13.93,13.18,13.83,29248678,934682752.0
2015-11-17,14.08,14.19,13.28,13.43,38938160,1251070720.0
2015-11-18,13.43,13.64,12.97,13.08,24152416,750505152.0
2015-11-19,13.19,13.55,13.02,13.53,20472860,638870720.0
2015-11-20,13.64,13.97,13.53,13.78,29868440,963852992.0
2015-11-23,13.78,13.84,13.16,13.29,27792712,879671232.0
2015-11-24,13.21,13.52,13.05,13.51,17157260,535487296.0
2015-11-25,13.52,13.98,13.43,13.87,34593180,1112928384.0
2015-11-26,13.97,13.98,13.29,13.31,30792280,981877568.0
2015-11-27,13.21,13.36,12.0,12.25,31234780,936884928.0
2015-11-30,12.28,12.43,11.29,11.98,27518436,774365376.0
2015-12-01,12.04,12.37,11.73,12.11,21955576,620885504.0
2015-12-02,12.07,12.16,11.52,12.01,14381342,403426304.0
2015-12-03,12.06,12.42,12.02,12.36,17661960,510767680.0
2015-12-04,12.3,12.36,11.93,12.13,15497283,445052224.0
2015-12-07,12.21,12.59,12.04,12.41,20343364,592033536.0
2015-12-08,12.21,13.0,12.16,12.75,32420780,958474176.0
2015-12-09,12.56,13.38,12.51,12.9,36978184,1135232384.0
2015-12-10,12.84,13.17,12.52,12.93,31571252,955260864.0
2015-12-11,12.89,12.89,12.43,12.51,16921580,502480256.0
2015-12-14,12.3,12.64,12.07,12.53,19292764,561384064.0
2015-12-15,12.53,13.34,12.53,12.93,24584328,749456064.0
2015-12-16,13.02,13.05,12.66,12.81,18571900,559236288.0
2015-12-17,12.89,13.43,12.87,13.3,31101542,961731520.0
2015-12-18,13.23,13.29,12.8,12.97,20558216,628949696.0
2015-12-21,13.18,13.36,12.97,13.21,25405964,786569408.0
2015-12-22,13.22,13.79,13.12,13.69,41118872,1308663168.0
2015-12-23,13.65,13.65,13.22,13.34,28273600,889057408.0
2015-12-24,13.22,13.75,13.05,13.58,29925974,942471488.0
2015-12-25,13.56,13.65,13.27,13.49,17806452,561314240.0
2015-12-28,13.49,13.73,12.91,12.95,25799784,812707008.0
2015-12-29,13.46,13.57,12.98,13.2,20768022,644421888.0
2015-12-30,13.2,14.34,13.02,14.07,58912004,1912826624.0
2015-12-31,13.9,14.03,13.46,13.58,29467920,948045440.0
2016-01-04,13.55,13.73,12.13,12.13,25129658,750885120.0
2016-01-05,11.39,12.05,10.89,11.64,30167128,829338560.0
2016-01-06,11.79,11.95,11.39,11.91,18937788,526849120.0
2016-01-07,11.66,11.66,10.63,10.63,4889600,127735000.0
2016-01-08,10.78,10.93,9.57,10.31,26942780,670659072.0
2016-01-11,10.02,10.2,9.19,9.19,32432516,739330112.0
2016-01-12,9.27,9.38,8.81,9.18,21074100,466387328.0
2016-01-13,9.33,9.37,8.29,8.32,22870822,493567296.0
2016-01-14,7.97,8.75,7.89,8.69,22221872,452676192.0
2016-01-15,8.6,8.65,7.97,8.25,19038644,385369696.0
2016-01-18,7.92,8.68,7.92,8.58,19564980,400450752.0
2016-01-19,8.56,8.94,8.34,8.88,22680110,478186912.0
2016-01-20,8.74,8.87,8.47,8.67,19386860,407719968.0
2016-01-21,8.48,8.91,8.2,8.36,21020120,439348864.0
2016-01-22,8.6,8.65,8.11,8.59,22075832,454609824.0
2016-01-25,8.7,8.77,8.5,8.6,16382335,342495488.0
2016-01-26,8.46,8.51,7.65,7.65,23140748,457698624.0
2016-01-27,7.63,7.7,6.92,7.3,20691648,374363104.0
2016-01-28,7.24,7.65,7.11,7.23,19940588,362090656.0
2016-01-29,7.18,7.7,7.18,7.58,19672828,364703584.0
2016-02-01,7.54,7.7,7.13,7.35,16338161,298670656.0
2016-02-02,7.38,8.02,7.33,7.75,25409540,484242848.0
2016-02-03,7.56,7.69,7.4,7.68,16836004,312950400.0
2016-02-04,7.65,7.94,7.65,7.79,19567270,374204896.0
2016-02-05,7.79,8.0,7.76,7.79,16832982,323467968.0
2016-02-15,7.51,7.64,7.28,7.56,18233516,335894848.0
2016-02-16,7.61,8.4,7.59,8.4,38159084,760968064.0
2016-02-17,8.36,8.47,8.16,8.45,28796470,583714304.0
2016-02-18,8.5,8.72,8.34,8.43,30477572,630555264.0
2016-02-19,8.37,8.55,8.3,8.38,21402180,437684928.0
2016-02-22,8.5,8.63,8.36,8.63,26199294,542247232.0
2016-02-23,8.62,8.64,8.2,8.39,20299100,415768448.0
2016-02-24,8.35,8.45,8.1,8.41,19685602,397555712.0
2016-02-25,8.37,8.4,7.48,7.48,25143528,483268768.0
2016-02-26,7.57,7.58,7.13,7.32,18325864,333336800.0
2016-02-29,7.2,7.29,6.5,6.5,20240896,336886688.0
2016-03-01,6.55,6.81,6.42,6.7,14623729,240940000.0
2016-03-02,6.72,7.21,6.67,7.13,20603064,355216320.0
2016-03-03,7.15,7.66,7.09,7.27,23514236,428373952.0
2016-03-04,7.21,7.25,6.74,6.95,18567476,322548768.0
2016-03-07,7.08,7.42,7.04,7.23,15933237,284922368.0
2016-03-08,7.19,7.3,6.74,7.26,19214444,333693728.0
2016-03-09,7.08,7.28,6.83,7.01,14434429,251623008.0
2016-03-10,7.06,7.13,6.77,6.79,12702767,217866768.0
2016-03-11,6.72,6.89,6.63,6.77,8487980,143156640.0
2016-03-14,6.84,7.54,6.84,7.54,23605220,426841760.0
2016-03-15,7.81,7.99,7.6,7.74,49705664,950600320.0
2016-03-16,7.84,7.9,7.48,7.67,30881624,584701568.0
2016-03-17,7.7,8.46,7.61,8.28,50088268,985062464.0
2016-03-18,8.2,8.88,8.09,8.6,49143420,1011316992.0
2016-03-21,8.65,9.07,8.5,8.78,46841720,995964224.0
2016-03-22,8.61,8.7,8.43,8.6,32562636,678271424.0
2016-03-23,8.53,8.79,8.47,8.77,25661862,538746880.0
2016-03-24,8.65,9.02,8.48,8.53,31338732,661617984.0
2016-03-25,8.48,8.65,8.3,8.5,21843328,449474784.0
2016-03-28,8.55,8.77,8.4,8.52,19091304,398744064.0
2016-03-29,8.41,8.51,8.11,8.21,17862834,359165440.0
2016-03-30,8.31,8.75,8.28,8.73,24446508,504624352.0
2016-03-31,8.73,8.8,8.56,8.6,25705772,541142720.0
2016-04-01,8.49,8.96,8.41,8.93,36828244,774897408.0
2016-04-05,8.86,9.3,8.72,9.24,37965416,832143936.0
2016-04-06,9.13,9.23,8.96,9.06,25076188,550840704.0
2016-04-07,9.11,9.2,8.66,8.73,25888510,555544704.0
2016-04-08,8.58,8.62,8.44,8.6,17056982,353585664.0
2016-04-11,8.74,8.94,8.71,8.78,17660044,377655680.0
2016-04-12,8.75,9.01,8.61,8.76,17038930,363001696.0
2016-04-13,8.79,9.18,8.79,8.98,30706370,669356480.0
2016-04-14,9.06,9.11,8.9,9.08,18199872,396642880.0
2016-04-15,9.12,9.17,8.9,9.01,16994536,369618688.0
2016-04-18,8.86,8.87,8.56,8.65,17397456,365620512.0
2016-04-19,8.79,8.81,8.51,8.61,11668825,243926128.0
2016-04-20,8.67,8.75,7.77,8.01,22576760,452208992.0
2016-04-21,7.95,8.16,7.8,7.87,14675135,287366400.0
2016-04-22,7.87,7.97,7.72,7.95,10840164,208854000.0
2016-04-25,7.93,7.93,7.74,7.87,7904072,150298464.0
2016-04-26,7.97,8.08,7.88,8.05,10173980,197220768.0
2016-04-27,8.08,8.09,7.96,8.03,9044923,176191536.0
2016-04-28,8.09,8.11,7.78,7.94,11468538,220488944.0
2016-04-29,7.88,7.95,7.79,7.86,10564307,201897760.0
2016-05-03,7.81,8.21,7.77,8.16,17521344,341932320.0
2016-05-04,8.12,8.26,8.05,8.18,15409254,304349696.0
2016-05-05,8.18,8.24,8.06,8.18,12702296,250704928.0
2016-05-06,8.18,8.33,7.67,7.68,17607652,342986048.0
2016-05-09,7.59,7.62,7.08,7.27,16798620,299907200.0
2016-05-10,7.18,7.29,7.15,7.23,8482389,150211344.0
2016-05-11,7.28,7.31,7.04,7.16,7905366,139132176.0
2016-05-12,7.01,7.23,6.82,7.13,12249631,211446384.0
2016-05-13,7.13,7.19,6.98,7.0,8188797,142438240.0
2016-05-16,7.03,7.12,6.95,7.11,10265731,177769920.0
2016-05-17,7.11,7.34,7.01,7.19,15591676,273843776.0
2016-05-18,7.08,7.08,6.76,6.88,13811645,234998320.0
2016-05-19,6.9,7.15,6.86,6.93,12423591,214745136.0
2016-05-20,6.8,7.09,6.77,7.08,10677354,183520768.0
2016-05-23,7.1,7.24,7.08,7.16,10098321,177094080.0
2016-05-24,7.15,7.16,6.95,7.08,8511450,147412608.0
2016-05-25,7.15,7.27,7.03,7.08,11446350,201086384.0
2016-05-26,7.09,7.13,6.82,7.12,12077102,207310432.0
2016-05-27,7.12,7.13,7.03,7.07,8749713,152329760.0
2016-05-30,6.98,7.13,6.91,7.03,8924901,154320384.0
2016-05-31,7.09,7.82,7.08,7.82,32102792,591525376.0
2016-06-01,7.84,8.14,7.82,7.96,38798808,751454016.0
2016-06-02,7.96,8.07,7.84,8.01,25201802,486563872.0
2016-06-03,7.99,8.31,7.85,8.12,33380340,652368128.0
2016-06-06,8.12,8.16,7.94,7.99,16350066,318290848.0
2016-06-07,7.97,8.21,7.91,8.07,16237103,317772160.0
2016-06-08,8.05,8.23,7.95,8.11,19460992,382823680.0
2016-06-13,7.96,8.02,7.32,7.34,22735688,428966368.0
2016-06-14,7.32,7.43,7.12,7.31,17890136,317843840.0
2016-06-15,7.15,7.74,7.13,7.58,19147748,350704064.0
2016-06-16,7.58,7.72,7.45,7.56,13787117,254469952.0
2016-06-17,7.6,7.81,7.53,7.59,13312270,248476160.0
2016-06-20,7.45,7.62,7.28,7.56,12614179,229644656.0
2016-06-21,7.62,7.76,7.34,7.39,15278636,282391136.0
2016-06-22,7.3,7.69,7.28,7.67,14891870,273516128.0
2016-06-23,7.66,7.89,7.52,7.79,21401180,400661024.0
2016-06-24,7.71,7.95,7.36,7.65,22221050,416259264.0
2016-06-27,7.56,8.2,7.56,8.09,31220564,604904960.0
2016-06-28,8.04,8.19,7.91,8.14,24474996,479134016.0
2016-06-29,8.17,8.2,7.96,8.01,19782168,386448832.0
2016-06-30,8.07,8.12,7.95,8.08,14174261,276142656.0
2016-07-01,8.07,8.17,7.91,7.98,13558510,264227264.0
2016-07-04,7.91,8.22,7.89,8.15,19664730,385747712.0
2016-07-05,8.15,8.31,8.07,8.19,20457756,405631776.0
2016-07-06,8.15,8.3,8.13,8.2,17312722,343741216.0
2016-07-07,8.2,8.22,7.91,8.06,17206732,335777504.0
2016-07-08,7.99,8.15,7.97,8.07,11782676,230374512.0
2016-07-11,8.06,8.44,8.06,8.21,29973736,599444416.0
2016-07-12,8.15,8.44,7.95,8.42,31610812,628498432.0
2016-07-13,8.43,8.56,8.35,8.45,27061328,552621888.0
2016-07-14,8.45,8.6,8.38,8.52,21288456,436249824.0
2016-07-15,8.5,8.52,8.32,8.38,13555238,275078880.0
2016-07-18,8.33,8.38,8.18,8.32,13893489,277628256.0
2016-07-19,8.31,8.58,8.3,8.58,20306644,413105984.0
2016-07-20,8.59,8.89,8.46,8.72,27470380,575268032.0
2016-07-21,8.72,9.68,8.65,9.41,55772616,1234939520.0
2016-07-22,9.26,10.13,9.23,9.92,62362068,1459021312.0
2016-07-25,10.01,10.12,9.68,9.93,34013792,803966080.0
2016-07-26,9.94,10.04,9.75,10.02,27248572,642859648.0
2016-07-27,9.97,10.4,9.51,9.84,55249292,1315006464.0
2016-07-28,9.76,9.95,9.28,9.33,37374420,848750272.0
2016-07-29,9.37,9.72,8.95,9.49,40001164,897351040.0
2016-08-01,9.18,9.67,9.11,9.44,28812480,648976064.0
2016-08-02,9.31,9.49,9.02,9.26,22093304,487313504.0
2016-08-03,9.25,9.47,9.02,9.45,24743104,548118848.0
2016-08-04,9.42,10.38,9.37,10.31,48584992,1142880000.0
2016-08-05,10.13,10.48,10.02,10.09,40017600,975882880.0
2016-08-08,10.14,10.54,10.01,10.34,38467332,943385728.0
2016-08-09,10.11,10.29,10.03,10.13,26069848,627204672.0
2016-08-10,10.21,10.33,9.93,10.04,22917010,550853632.0
2016-08-11,10.0,10.04,9.57,9.59,21761056,507395168.0
2016-08-12,9.78,9.84,9.41,9.79,19397544,447982624.0
2016-08-15,9.79,10.85,9.72,10.85,51450336,1291271936.0
2016-08-16,10.9,11.14,10.78,10.8,55022212,1424460800.0
2016-08-17,10.68,10.92,10.51,10.86,30404186,771736768.0
2016-08-18,10.77,11.04,10.69,10.72,29102500,746801856.0
2016-08-19,10.66,10.94,10.45,10.84,23467674,597182848.0
2016-08-22,10.73,11.02,10.59,10.64,17531876,447954240.0
2016-08-23,10.7,10.74,10.23,10.42,19485804,485208000.0
2016-08-24,10.42,10.69,10.39,10.48,14147355,353465920.0
2016-08-25,10.43,10.92,10.23,10.8,24673500,624111296.0
2016-08-26,10.82,10.94,10.63,10.78,23473132,597623104.0
2016-08-29,10.68,10.78,10.45,10.7,14648797,368241344.0
2016-08-30,10.84,10.85,10.55,10.64,11637374,294966432.0
2016-08-31,10.55,11.1,10.45,11.09,32791508,843430656.0
2016-09-01,11.02,11.07,10.55,10.67,22149616,569916352.0
2016-09-02,10.57,10.67,9.9,10.17,31995510,781595392.0
2016-09-05,10.18,10.35,10.09,10.19,11582340,281072320.0
2016-09-06,10.14,10.38,9.97,10.27,14339429,347411040.0
2016-09-07,10.25,10.41,10.16,10.25,13648336,333147008.0
2016-09-08,10.23,10.31,10.09,10.13,9451641,229346160.0
2016-09-09,10.07,10.07,9.75,9.81,15849437,373310240.0
2016-09-12,9.54,9.76,9.47,9.65,10327406,237207808.0
2016-09-13,9.71,9.79,9.49,9.57,9158455,210369360.0
2016-09-14,9.49,9.66,9.46,9.49,7194260,164082144.0
2016-09-19,9.48,9.69,9.48,9.62,5584089,128219816.0
2016-09-20,9.59,9.71,9.5,9.56,5484646,125510112.0
2016-09-21,9.55,9.72,9.46,9.62,8384664,192181920.0
2016-09-22,9.67,9.72,9.58,9.61,6945682,159639440.0
2016-09-23,9.62,9.84,9.58,9.66,9766721,226475408.0
2016-09-26,9.59,9.65,9.02,9.03,18085612,399306432.0
2016-09-27,9.08,9.37,8.84,9.36,17129992,375687904.0
2016-09-28,9.27,9.44,9.21,9.29,6125373,136819968.0
2016-09-29,9.27,9.63,9.27,9.41,16558490,373982240.0
2016-09-30,9.41,9.59,9.35,9.46,10294233,233075968.0
2016-10-10,9.57,10.06,9.57,9.88,12575960,295054912.0
2016-10-11,9.86,9.94,9.75,9.82,7538438,176686288.0
2016-10-12,9.75,9.97,9.74,9.85,6840089,160785584.0
2016-10-13,9.82,9.89,9.75,9.88,6189203,145057104.0
2016-10-14,9.78,9.88,9.58,9.77,7245899,167928512.0
2016-10-17,9.77,9.82,9.5,9.53,6470136,149337456.0
2016-10-18,9.4,9.75,9.27,9.67,10423007,236655792.0
2016-10-19,9.67,9.72,9.57,9.64,5309310,122230376.0
2016-10-20,9.59,9.67,9.5,9.56,6229683,142382656.0
2016-10-21,9.57,9.78,9.43,9.76,12860684,295044576.0
2016-10-24,9.84,10.02,9.72,9.77,14306962,335562528.0
2016-10-25,9.72,9.75,9.6,9.68,7429374,171454336.0
2016-10-26,9.68,9.68,9.53,9.6,6248019,143071760.0
2016-10-27,9.54,9.67,9.5,9.57,3995576,91432640.0
2016-10-28,9.54,9.7,9.46,9.6,8337776,191168256.0
2016-10-31,9.54,9.58,9.31,9.52,5766407,130287544.0
2016-11-01,9.57,9.6,9.47,9.55,5058077,115067408.0
2016-11-02,9.5,9.75,9.45,9.65,11644421,268049744.0
2016-11-03,9.62,9.96,9.59,9.87,16530159,387815040.0
2016-11-04,9.87,9.95,9.75,9.82,8929392,209328480.0
2016-11-07,9.78,10.29,9.78,10.16,22609464,542271616.0
2016-11-08,10.17,10.36,10.11,10.2,12578828,305254592.0
2016-11-09,10.16,10.39,10.04,10.23,16164138,393284640.0
2016-11-10,10.32,10.39,10.15,10.26,10196297,248319440.0
2016-11-11,10.2,10.26,9.93,10.03,12564606,300542464.0
2016-11-14,10.07,10.32,9.98,10.31,14380722,346837952.0
2016-11-15,10.25,10.3,10.0,10.16,12779528,307768288.0
2016-11-16,10.15,10.19,10.03,10.09,7699456,185069136.0
2016-11-17,10.08,10.08,9.82,9.99,11830894,279734560.0
2016-11-18,10.06,10.07,9.84,9.87,9330923,220844752.0
2016-11-21,9.87,9.93,9.78,9.82,9306673,218513024.0
2016-11-22,9.82,10.01,9.74,9.95,9799940,230581408.0
2016-11-23,9.93,10.02,9.78,9.82,7217648,170418976.0
2016-11-24,9.81,10.19,9.6,10.02,22034654,519608736.0
2016-11-25,9.94,10.43,9.86,10.35,35764208,871678720.0
2016-11-28,10.31,10.39,10.21,10.27,11284846,275886496.0
2016-11-29,10.25,10.49,10.15,10.25,11734110,286317088.0
2016-11-30,10.16,10.47,10.13,10.46,17996812,442071136.0
2016-12-01,10.45,10.45,10.23,10.32,9688695,237234400.0
2016-12-02,10.29,10.43,9.92,10.19,25047544,606488192.0
2016-12-05,9.95,10.08,9.83,9.91,10876091,257548608.0
2016-12-06,9.95,10.02,9.8,9.81,8911544,209678928.0
2016-12-07,9.78,9.94,9.63,9.91,6268102,146591136.0
2016-12-08,9.86,9.92,9.72,9.81,4804712,112525288.0
2016-12-09,9.84,9.94,9.7,9.76,6694312,156249776.0
2016-12-12,9.77,9.82,8.79,9.27,16425935,367824160.0
2016-12-13,9.14,9.33,8.98,9.32,11738832,257869248.0
2016-12-14,9.28,9.31,9.09,9.27,6269372,138158352.0
2016-12-15,9.18,9.37,9.14,9.26,5385826,119357928.0
2016-12-16,9.26,9.35,9.2,9.22,5146182,114171656.0
2016-12-19,9.22,9.25,9.0,9.09,4243599,92524736.0
2016-12-20,9.1,9.22,8.72,8.97,13496113,292283488.0
2016-12-21,9.09,9.12,8.96,9.09,9952892,215849072.0
2016-12-22,9.19,9.25,9.01,9.05,5062372,110528760.0
2016-12-23,9.05,9.24,9.01,9.12,11458601,251324400.0
2016-12-26,9.06,9.09,8.82,9.05,7047938,151827088.0
2016-12-27,9.04,9.15,8.91,9.0,14314942,310056640.0
2016-12-28,8.98,9.03,8.86,8.86,9067828,194462864.0
2016-12-29,8.87,8.97,8.64,8.78,7864644,165923920.0
2016-12-30,8.76,8.81,8.6,8.64,4735646,99145408.0
2017-01-03,8.72,8.84,8.69,8.71,4720251,99555688.0
2017-01-04,8.76,8.98,8.71,8.94,6975300,148970720.0
2017-01-05,8.94,8.97,8.89,8.94,3340834,71701936.0
2017-01-06,8.94,8.96,8.83,8.88,3388345,72321040.0
2017-01-09,8.91,8.92,8.71,8.81,4465648,94516192.0
2017-01-10,8.8,8.84,8.65,8.7,7660953,160759360.0
2017-01-11,8.72,8.8,8.6,8.66,5226726,109395512.0
2017-01-12,8.63,8.7,8.47,8.57,13168841,272362752.0
2017-01-13,8.59,8.59,7.86,7.93,14737215,289854976.0
2017-01-16,7.94,8.0,7.14,7.48,11277895,209800752.0
2017-01-17,7.49,7.69,7.37,7.63,5819302,107179760.0
2017-01-18,7.62,7.63,7.48,7.54,3934641,72305568.0
2017-01-19,7.56,7.56,7.45,7.53,2415669,44248524.0
2017-01-20,7.54,8.07,7.49,7.95,24623996,471514112.0
2017-01-23,7.9,8.17,7.86,8.0,22243288,433586784.0
2017-01-24,8.01,8.01,7.83,7.85,5477194,104991208.0
2017-01-25,7.85,7.96,7.84,7.85,4879012,93518232.0
2017-01-26,7.89,7.9,7.84,7.85,3167658,60540536.0
2017-02-03,7.85,7.99,7.77,7.86,4285642,82175264.0
2017-02-06,7.86,7.9,7.78,7.89,4790816,91383664.0
2017-02-07,7.9,7.93,7.79,7.83,3134766,59830028.0
2017-02-08,7.82,7.82,7.72,7.81,5181564,98019080.0
2017-02-09,7.83,7.86,7.79,7.83,5856763,111414960.0
2017-02-10,7.84,7.92,7.83,7.84,5571717,106521920.0
2017-02-13,7.83,8.01,7.79,7.94,8746437,168344432.0
2017-02-14,7.93,8.01,7.89,7.91,3275046,63174192.0
2017-02-15,7.92,8.02,7.82,7.84,4458168,85827752.0
2017-02-16,7.82,7.89,7.82,7.85,3689645,70360128.0
2017-02-17,7.86,7.92,7.75,7.75,4967404,94389840.0
2017-02-20,7.76,7.78,7.56,7.66,8157612,151936896.0
2017-02-21,7.66,7.84,7.64,7.78,7485968,141632560.0
2017-02-22,7.81,7.96,7.72,7.9,8626164,164334224.0
2017-02-23,7.9,7.93,7.78,7.85,4722616,89811888.0
2017-02-24,7.83,7.92,7.79,7.89,6238921,119367240.0
2017-02-27,7.9,7.98,7.82,7.84,6456258,123916224.0
2017-02-28,7.84,7.91,7.72,7.91,8091348,153993328.0
2017-03-01,7.91,7.94,7.84,7.92,4918807,94411224.0
2017-03-02,7.92,7.94,7.81,7.83,4218146,80729720.0
2017-03-03,7.83,7.84,7.69,7.78,5280042,99614912.0
2017-03-06,7.78,7.98,7.76,7.94,7827514,150290848.0
2017-03-07,7.91,7.99,7.86,7.98,6531837,125718624.0
2017-03-08,8.01,8.25,8.01,8.1,12116972,238688496.0
2017-03-09,8.06,8.1,7.93,8.01,5693592,110243680.0
2017-03-10,8.02,8.07,7.91,7.91,4157045,80227960.0
2017-03-13,7.95,7.98,7.82,7.94,4467104,85825168.0
2017-03-14,7.94,7.98,7.85,7.89,5900640,113255136.0
2017-03-15,7.9,7.9,7.78,7.85,4897697,93235080.0
2017-03-16,7.82,7.91,7.82,7.87,6861490,131125576.0
2017-03-17,7.89,7.93,7.78,7.79,6926271,132374304.0
2017-03-20,7.72,7.83,7.69,7.8,5538834,104630080.0
2017-03-21,7.8,7.8,7.7,7.73,5141612,96836752.0
2017-03-22,7.69,7.69,7.49,7.63,6783341,125752824.0
2017-03-23,7.63,7.69,7.49,7.61,3890938,72126048.0
2017-03-24,7.62,7.69,7.59,7.68,4214563,78531904.0
2017-03-27,7.7,7.72,7.57,7.62,4511267,83741048.0
2017-03-28,7.61,7.64,7.55,7.61,3957085,73270632.0
2017-03-29,7.61,7.64,7.45,7.48,4595779,84670128.0
2017-03-30,7.48,7.51,7.26,7.28,9353410,168396240.0
2017-03-31,7.28,7.36,7.25,7.26,3857656,68968184.0
2017-04-05,7.28,7.43,7.28,7.41,5105742,92139624.0
2017-04-06,7.44,7.44,7.33,7.38,4769876,86172904.0
2017-04-07,7.41,7.41,7.33,7.37,4206860,75781696.0
2017-04-10,7.37,7.39,7.29,7.3,6310131,113140928.0
2017-04-11,7.29,7.69,7.28,7.63,11780818,217334192.0
2017-04-12,7.62,7.62,7.4,7.42,8462274,154285248.0
2017-04-13,7.42,7.51,7.38,7.4,3955814,71780464.0
2017-04-14,7.43,7.54,7.31,7.35,4921533,88732432.0
2017-04-17,7.35,7.42,7.2,7.3,4949020,88602872.0
2017-04-18,7.3,7.36,7.18,7.18,3912475,69633584.0
2017-04-19,7.18,7.36,7.16,7.28,5718605,101692112.0
2017-04-20,7.35,7.61,7.29,7.54,10742324,195720640.0
2017-04-21,7.54,7.6,7.41,7.45,4297991,78492432.0
2017-04-24,7.45,7.45,7.14,7.23,5798151,103159488.0
2017-04-25,7.29,7.36,7.18,7.31,3844985,68605184.0
2017-04-26,7.32,7.32,7.19,7.25,4043652,71248368.0
2017-04-27,7.28,7.28,6.78,7.04,7853865,133798976.0
2017-04-28,7.01,7.06,6.93,7.03,3251134,55526368.0
2017-05-02,7.03,7.1,6.98,7.03,2445245,41957360.0
2017-05-03,6.98,7.05,6.97,7.02,2733479,46719872.0
2017-05-04,7.01,7.1,6.93,7.02,3325286,56952900.0
2017-05-05,7.02,7.03,6.91,6.95,2961360,50280604.0
2017-05-08,6.96,7.03,6.87,6.9,2856175,48425696.0
2017-05-09,6.88,6.88,6.7,6.82,4038452,67037588.0
2017-05-10,6.82,6.87,6.52,6.53,4758389,78231392.0
2017-05-11,6.53,6.53,5.8,6.14,13292488,202429920.0
2017-05-12,6.06,6.11,5.85,5.97,10849997,161508832.0
2017-05-15,6.11,6.18,5.88,5.96,8736175,130568080.0
2017-05-16,5.96,6.26,5.86,6.24,9987645,149498912.0
2017-05-17,6.19,6.3,6.12,6.14,7792993,119187984.0
2017-05-18,6.01,6.46,6.01,6.45,16378378,255858464.0
2017-05-19,6.37,6.58,6.32,6.51,8804689,140014608.0
2017-05-22,6.46,6.51,6.23,6.24,6094615,95348952.0
2017-05-23,6.26,6.35,6.0,6.12,5813045,88972856.0
2017-05-24,5.98,6.2,5.97,6.07,7808332,117692360.0
2017-05-25,6.1,6.22,6.01,6.13,9852469,149571840.0
2017-05-26,6.19,6.26,6.13,6.17,4307142,65935464.0
2017-05-31,6.23,6.3,6.12,6.13,4872335,74531216.0
2017-06-01,6.05,6.1,5.77,5.8,8673733,127944752.0
2017-06-02,5.79,5.82,5.51,5.76,9244056,130625280.0
2017-06-05,5.76,5.89,5.72,5.83,6493270,94044080.0
2017-06-06,5.8,6.26,5.79,6.12,14241425,214860608.0
2017-06-07,6.07,6.24,6.07,6.21,9260881,141129040.0
2017-06-08,6.3,6.42,6.18,6.33,11920895,185667232.0
2017-06-09,6.35,6.39,6.2,6.23,7589940,117266888.0
2017-06-12,6.19,6.35,6.16,6.23,8099828,125496776.0
2017-06-13,6.23,6.36,6.23,6.32,5211460,80891368.0
2017-06-14,6.32,6.49,6.23,6.47,10554685,165076784.0
2017-06-15,6.45,6.58,6.37,6.5,12560419,200331424.0
2017-06-16,6.46,7.01,6.46,6.84,15115406,249732960.0
2017-06-19,6.83,6.93,6.78,6.88,7368903,123700336.0
2017-06-20,6.87,7.17,6.84,7.05,14292072,245178048.0
2017-06-21,7.05,7.2,6.87,7.09,12397623,214748048.0
2017-06-22,7.1,7.16,6.83,6.85,9126746,155776560.0
2017-06-23,6.88,6.92,6.51,6.63,12499920,204443712.0
2017-06-26,6.64,7.03,6.6,6.92,13449236,224940992.0
2017-06-27,7.01,7.03,6.87,6.92,5309634,89990664.0
2017-06-28,6.92,6.92,6.69,6.74,6150805,101956752.0
2017-06-29,6.77,7.02,6.7,6.98,10263171,173436896.0
2017-06-30,6.96,7.11,6.87,7.02,7449586,127197352.0
2017-07-03,7.0,7.02,6.88,6.98,5452176,92431040.0
2017-07-04,6.98,7.0,6.87,6.9,3276998,55314880.0
2017-07-05,6.82,6.98,6.81,6.94,4477302,75507552.0
2017-07-06,6.94,7.09,6.83,7.03,7914049,134700336.0
2017-07-07,6.98,7.02,6.93,6.96,3982154,67778856.0
2017-07-10,6.96,7.01,6.77,6.8,4484579,75427936.0
2017-07-11,6.83,6.84,6.61,6.64,6025532,99182656.0
2017-07-12,6.63,6.7,6.36,6.48,7205605,115107936.0
2017-07-13,6.48,6.65,6.32,6.61,5636013,90973952.0
2017-07-14,6.58,6.69,6.56,6.61,2664790,43300864.0
2017-07-17,6.54,6.67,6.26,6.37,7258037,115649536.0
2017-07-18,6.36,6.47,6.32,6.42,2427756,38356236.0
2017-07-19,6.42,6.57,6.35,6.56,3863431,61569728.0
2017-07-20,6.57,6.9,6.57,6.82,7196618,118871640.0
2017-07-21,6.82,7.2,6.79,7.0,10546878,181125952.0
2017-07-24,7.0,7.09,6.87,7.02,5481851,93326624.0
2017-07-25,7.03,7.08,6.91,7.0,3296269,56049496.0
2017-07-26,6.95,7.05,6.88,6.96,3419960,58051172.0
2017-07-27,6.96,7.48,6.9,7.46,17861428,315661536.0
2017-07-28,7.44,7.44,7.28,7.42,10372353,185735872.0
2017-07-31,7.37,7.46,7.29,7.39,5499412,98598448.0
2017-08-01,7.35,7.54,7.16,7.35,8873691,157378944.0
2017-08-02,7.32,7.34,6.92,6.97,13986989,240896384.0
2017-08-03,6.96,7.13,6.9,7.04,6042639,103764928.0
2017-08-04,7.04,7.1,6.91,6.94,5021234,85732800.0
2017-08-07,6.97,7.09,6.93,7.0,3838293,65624056.0
2017-08-08,6.98,7.19,6.88,7.17,8291864,142827936.0
2017-08-09,7.11,7.12,6.98,7.04,5043648,86716496.0
2017-08-10,7.09,7.09,6.88,6.96,4661304,79282936.0
2017-08-11,6.91,7.26,6.88,7.13,9645259,166763360.0
2017-08-14,7.1,7.92,7.07,7.92,38035032,714149312.0
2017-08-15,7.92,8.33,7.8,8.24,35438228,691247168.0
2017-08-16,8.14,9.05,8.02,8.59,31188148,636835904.0
2017-08-21,8.96,9.42,8.74,9.19,34971680,755870080.0
2017-08-22,9.01,9.08,8.63,8.81,24236106,510420192.0
2017-08-23,8.72,8.87,8.45,8.71,18957964,394151264.0
2017-08-24,8.78,8.78,8.51,8.69,12192180,252483392.0
2017-08-25,8.69,8.92,8.59,8.82,14694537,308947008.0
2017-08-28,8.78,9.21,8.71,9.0,24337250,524009536.0
2017-08-29,8.92,9.01,8.63,8.74,19037392,398369504.0
2017-08-30,8.65,8.69,8.41,8.67,22049996,452127872.0
2017-08-31,8.6,8.76,8.51,8.72,10745529,222958432.0
2017-09-01,8.68,9.67,8.62,9.67,30608376,676839296.0
2017-09-04,9.89,10.72,9.89,10.72,35580864,876363328.0
2017-09-05,10.79,10.96,10.1,10.59,43329104,1077081856.0
2017-09-06,10.5,11.01,10.21,10.82,38480992,966966464.0
2017-09-07,10.6,10.73,10.29,10.35,22668448,562664640.0
2017-09-08,10.28,10.57,10.1,10.36,15591784,380529536.0
2017-09-11,10.24,10.4,9.98,10.31,15323480,369013536.0
2017-09-12,10.28,11.05,10.11,10.84,33064208,829773632.0
2017-09-13,10.65,11.28,10.48,11.18,32973472,851054464.0
2017-09-14,11.09,11.34,10.92,11.05,18856364,492640704.0
2017-09-15,10.95,11.04,10.47,10.58,14312702,360194752.0
2017-09-18,10.52,10.75,10.45,10.61,10642636,265258272.0
2017-09-19,10.65,10.65,10.15,10.27,12077664,294528736.0
2017-09-20,10.27,10.51,10.17,10.36,8911187,218012736.0
2017-09-21,10.4,10.63,10.24,10.34,8906992,219943360.0
2017-09-22,10.24,10.4,9.69,10.07,8860938,210701472.0
2017-09-25,10.04,10.23,9.83,9.84,6156626,146112032.0
2017-09-26,9.87,9.99,9.72,9.92,7275738,169744944.0
2017-09-27,9.94,9.99,9.69,9.88,9606811,224757072.0
2017-09-28,9.87,10.26,9.78,10.15,13249328,316532064.0
2017-09-29,10.15,10.22,9.96,9.99,7957080,189354576.0
2017-10-09,10.07,10.82,10.02,10.75,16685537,411145184.0
2017-10-10,10.64,10.99,10.51,10.63,15242294,384333280.0
2017-10-11,10.59,10.87,10.07,10.11,17222516,423897536.0
2017-10-12,10.13,10.13,9.71,9.77,14646376,341964192.0
2017-10-13,9.87,9.94,9.72,9.91,7335641,171061680.0
2017-10-16,9.87,9.87,9.15,9.25,15529063,347025248.0
2017-10-17,9.32,9.41,9.19,9.25,4571652,101227224.0
2017-10-18,9.3,9.95,9.28,9.53,11276371,258653680.0
2017-10-19,9.53,9.67,9.34,9.38,4236085,95581456.0
2017-10-20,9.36,9.72,9.31,9.55,4919704,111807512.0
2017-10-23,9.57,9.84,9.57,9.73,5098324,117684592.0
2017-10-24,9.73,9.77,9.41,9.54,4370599,99024720.0
2017-10-25,9.56,9.68,9.49,9.62,3657931,83361688.0
2017-10-26,9.6,9.65,9.28,9.37,11308114,252012528.0
2017-10-27,9.33,9.49,9.26,9.33,5135767,114443936.0
2017-10-30,9.43,9.54,9.06,9.47,10428596,232610736.0
2017-10-31,9.39,9.9,9.34,9.79,12377351,285526912.0
2017-11-01,9.82,9.89,9.65,9.85,8305219,192633296.0
2017-11-02,9.81,10.12,9.63,9.96,12442334,293071232.0
2017-11-03,9.95,10.08,9.64,9.81,8163546,190676752.0
2017-11-06,9.69,9.89,9.52,9.72,7019340,161809040.0
2017-11-07,9.74,10.27,9.58,10.26,17772560,418214144.0
2017-11-08,10.23,10.49,10.01,10.21,15226117,369806720.0
2017-11-09,10.27,10.65,10.15,10.55,13382633,329512000.0
2017-11-10,10.47,10.65,10.28,10.37,13001186,320237152.0
2017-11-13,10.37,10.68,10.16,10.6,14855041,368030208.0
2017-11-14,10.6,10.97,10.38,10.53,20315442,513649088.0
2017-11-15,10.45,10.45,9.87,10.08,14941540,356823616.0
2017-11-16,9.88,9.99,9.65,9.69,11636497,270191360.0
2017-11-17,9.65,9.77,9.01,9.16,16851612,376377472.0
2017-11-20,8.82,9.2,8.7,9.19,6562727,141424608.0
2017-11-21,9.11,9.33,8.71,9.0,12439795,266486192.0
2017-11-22,8.92,9.2,8.87,9.11,8188962,176909808.0
2017-11-23,9.02,9.09,8.74,8.79,6839904,144699680.0
2017-11-24,8.69,8.85,8.69,8.76,4688184,98379944.0
2017-11-27,8.68,8.89,8.47,8.57,5042757,105437552.0
2017-11-28,8.56,8.8,8.55,8.77,4882639,101226224.0
2017-11-29,8.78,8.89,8.63,8.78,4886152,102465280.0
2017-11-30,8.78,8.89,8.46,8.55,5083762,105263056.0
2017-12-01,8.55,8.84,8.49,8.7,6146868,128382064.0
2017-12-04,8.61,8.89,8.61,8.73,4054138,84831992.0
2017-12-05,8.77,8.82,8.27,8.33,7216130,146957968.0
2017-12-06,8.32,8.32,7.93,8.15,8191272,159040592.0
2017-12-07,8.12,8.3,8.1,8.2,3520625,69488848.0
2017-12-08,8.19,8.48,8.17,8.24,4773267,95288944.0
2017-12-11,8.56,9.14,8.55,9.12,18373256,392602400.0
2017-12-12,8.98,9.21,8.95,9.04,11697678,253507584.0
2017-12-13,8.99,9.14,8.96,9.03,4673419,100854176.0
2017-12-14,9.0,9.28,8.97,9.2,9111096,199529552.0
2017-12-15,9.15,9.28,8.93,9.01,5789357,125371528.0
2017-12-18,9.01,9.13,8.91,9.02,4525208,97524096.0
2017-12-19,9.03,9.44,9.03,9.27,10637455,235417744.0
2017-12-20,9.11,9.23,8.96,9.23,7047165,152800144.0
2017-12-21,9.23,9.32,9.06,9.2,5969647,131092544.0
2017-12-22,9.24,9.29,9.04,9.05,3951180,86016552.0
2017-12-25,9.14,9.24,8.81,8.84,5966732,128109528.0
2017-12-26,8.79,8.98,8.63,8.94,4385780,92704312.0
2017-12-27,8.94,9.09,8.88,8.99,4378306,94038696.0
2017-12-28,8.99,9.01,8.58,8.62,6497567,136799488.0
2017-12-29,8.63,8.91,8.63,8.85,4985569,105007960.0
2018-01-02,8.92,9.07,8.86,8.96,6130901,131273568.0
2018-01-03,9.03,9.07,8.82,9.07,8470454,181485664.0
2018-01-04,9.02,9.06,8.91,8.96,6122148,131092552.0
2018-01-05,9.06,9.22,9.0,9.06,7971045,172850944.0
2018-01-08,8.92,9.01,8.58,8.76,12901260,268170048.0
2018-01-09,8.7,8.79,8.46,8.63,7461855,154087904.0
2018-01-10,8.53,8.93,8.53,8.9,12514162,263526896.0
2018-01-11,8.79,9.4,8.71,9.33,18688192,405669152.0
2018-01-12,9.44,10.34,9.23,9.69,26623824,617385472.0
2018-01-15,9.48,9.62,9.17,9.32,12955802,288512960.0
2018-01-16,9.39,9.48,9.11,9.31,10674057,235812544.0
2018-01-17,9.08,9.08,8.3,8.8,16544945,342764320.0
2018-01-18,8.66,8.82,8.6,8.69,5468142,113962056.0
2018-01-19,8.68,8.94,8.68,8.75,5847524,123266400.0
2018-01-22,8.77,9.13,8.53,9.06,8538307,181749584.0
2018-01-23,8.99,9.46,8.95,9.36,10617808,235563440.0
2018-01-24,9.52,9.92,9.28,9.82,15757159,361430176.0
2018-01-25,9.82,9.97,9.62,9.68,7827402,181603264.0
2018-01-26,9.71,9.94,9.54,9.79,8348312,193121952.0
2018-01-29,9.84,10.02,9.4,9.54,9319670,214263568.0
2018-01-30,9.56,9.99,9.53,9.97,11108714,258396192.0
2018-01-31,9.95,10.13,9.68,9.7,13790074,324053696.0
2018-02-01,9.73,10.05,9.42,9.97,13240990,308569984.0
2018-02-02,9.86,10.28,9.72,10.22,16360697,391404704.0
2018-02-05,10.01,10.37,9.82,10.36,11754246,281318848.0
2018-02-06,10.07,10.42,9.83,10.03,17347990,415203840.0
2018-02-07,10.24,11.04,10.07,10.86,25930036,649037376.0
2018-02-08,10.83,11.08,10.47,10.96,23861040,609156672.0
2018-02-09,10.56,10.76,10.0,10.28,18937808,463094016.0
2018-02-12,10.29,11.39,10.29,11.39,17915624,469266624.0
2018-02-13,12.11,12.61,11.7,11.98,53825240,1544252416.0
2018-02-14,12.2,12.21,11.56,11.61,25505750,709577088.0
2018-02-22,11.85,12.85,11.66,12.85,47754580,1394420864.0
2018-02-23,12.65,12.94,12.45,12.77,26243556,776680448.0
2018-02-26,13.12,13.4,12.62,13.17,35173604,1070523520.0
2018-02-27,12.92,13.52,12.83,13.05,28867484,883717248.0
2018-02-28,12.86,14.39,12.65,14.14,43478380,1389100928.0
2018-03-01,13.77,15.63,13.63,15.63,36333216,1236501120.0
2018-03-02,16.75,17.24,15.91,16.17,67786912,2571279360.0
2018-03-05,16.57,17.860001,16.25,17.860001,53707320,2081625600.0
2018-03-06,18.25,18.32,17.23,17.549999,52317012,2115718656.0
2018-03-07,17.610001,18.049999,17.0,17.450001,48590788,1949532288.0
2018-03-08,17.299999,17.73,16.84,17.139999,52065372,2060409344.0
2018-03-09,16.83,18.74,16.66,17.700001,74302496,3003987712.0
2018-03-12,17.43,18.040001,17.25,18.02,58318264,2355883520.0
2018-03-13,17.73,17.889999,17.24,17.440001,40844664,1643947008.0
2018-03-14,17.33,18.15,15.62,15.62,100792192,3853543680.0
2018-03-15,15.25,15.67,15.11,15.56,56479080,2008625792.0
2018-03-16,15.56,15.75,15.31,15.46,40412328,1450951808.0
2018-03-19,15.43,15.92,15.17,15.57,49170800,1770285440.0
2018-03-20,15.2,16.33,15.16,16.059999,48909456,1792941952.0
2018-03-21,16.059999,16.219999,15.4,15.52,36736156,1348686208.0
2018-03-22,15.7,15.91,14.84,14.95,41206172,1462130944.0
2018-03-23,14.24,14.95,13.79,14.34,46519896,1548251264.0
2018-03-26,14.52,15.85,14.52,15.85,49827708,1759321856.0
2018-03-27,16.15,16.65,15.8,16.610001,62127728,2325505280.0
2018-03-28,16.1,16.709999,15.99,16.27,42740636,1609459328.0
2018-03-29,16.379999,16.690001,15.84,16.25,33631184,1261711104.0
2018-03-30,16.27,16.91,16.059999,16.610001,45597200,1730361088.0
2018-04-02,16.52,16.83,15.91,16.4,41923960,1579355392.0
2018-04-03,16.059999,16.18,14.84,15.49,46429076,1661641856.0
2018-04-04,15.43,15.56,14.56,14.88,33249708,1149117824.0
2018-04-09,15.0,15.46,14.56,15.19,27375264,956470208.0
2018-04-10,15.0,15.06,14.61,15.04,21039776,721613440.0
2018-04-11,15.2,15.58,14.93,15.07,28652928,1009417728.0
2018-04-12,15.12,15.4,14.93,15.1,17979056,629976256.0
2018-04-13,15.25,15.36,14.67,14.8,17979304,621612672.0
2018-04-16,14.67,16.35,14.48,16.35,47518100,1706228864.0
2018-04-17,16.33,16.469999,15.25,15.75,35406268,1295395328.0
2018-04-18,15.61,16.67,15.49,16.389999,43419056,1624028928.0
2018-04-19,16.290001,16.629999,15.82,16.059999,31393084,1169019776.0
2018-04-20,15.97,16.129999,15.02,15.06,24620684,881347648.0
2018-04-23,15.04,15.21,14.52,15.09,18407856,632444992.0
2018-04-24,15.06,15.72,14.86,15.69,21035140,747041216.0
2018-04-25,15.56,17.01,15.46,16.059999,42309900,1586945664.0
2018-04-26,15.99,16.51,15.7,15.96,24971318,926522176.0
2018-04-27,16.290001,16.34,14.97,15.96,22407686,816306176.0
2018-05-02,16.389999,16.809999,15.45,15.78,20118968,574526016.0
2018-05-03,15.69,15.96,14.85,15.83,26035526,711393152.0
2018-05-04,15.86,16.719999,15.6,16.190001,35228452,1012186688.0
2018-05-07,16.24,17.16,16.08,17.0,46892768,1382951936.0
2018-05-08,16.84,17.75,16.690001,17.59,48699900,1473016192.0
2018-05-09,17.549999,17.98,17.15,17.51,35080224,1076527232.0
2018-05-10,17.49,17.709999,16.35,16.84,40223240,1202510848.0
2018-05-11,16.85,16.950001,16.219999,16.450001,26704036,776925824.0
2018-05-14,16.41,16.879999,15.68,15.97,31648790,905484672.0
2018-05-15,16.0,16.450001,15.74,16.42,21345180,608210816.0
2018-05-16,16.4,16.4,15.56,15.58,28420780,800809024.0
2018-05-17,15.46,15.77,15.2,15.57,23581506,644983232.0
2018-05-18,15.4,15.64,14.98,15.47,21867774,593661888.0
2018-05-21,15.33,16.110001,15.33,15.9,23664440,663961472.0
2018-05-22,15.78,16.08,15.35,15.67,23754298,657150336.0
2018-05-23,15.66,16.07,15.33,15.6,27432056,763693504.0
2018-05-24,15.56,15.7,15.2,15.23,15281943,415254528.0
2018-05-25,15.07,15.33,14.47,14.64,25707016,672803776.0
2018-05-28,14.64,15.11,14.51,14.9,16490866,435687680.0
2018-05-29,14.88,15.18,14.64,14.88,14945724,395580128.0
2018-05-30,14.62,14.93,14.15,14.59,18136672,469373632.0
2018-05-31,14.6,14.83,13.49,13.85,38077812,948731776.0
2018-06-01,13.68,14.1,13.43,13.94,22253596,544089664.0
2018-06-04,13.82,13.97,13.43,13.62,15732948,382674688.0
2018-06-05,13.62,14.36,13.62,14.34,24187280,605368448.0
2018-06-06,14.33,14.78,14.19,14.59,21262468,548948288.0
2018-06-07,14.61,14.85,14.4,14.59,16958684,440151360.0
2018-06-08,14.98,15.08,14.51,14.62,21498212,562794880.0
2018-06-11,14.44,14.59,14.21,14.29,11777841,300576192.0
2018-06-12,14.2,14.59,13.91,14.41,13078465,332388512.0
2018-06-13,14.46,14.61,13.31,13.36,32708550,810346304.0
2018-06-14,13.35,13.82,13.23,13.63,20951984,507301472.0
2018-06-15,13.7,13.87,13.43,13.58,12521005,303503840.0
2018-06-19,12.97,13.55,12.16,12.18,26302444,599192768.0
2018-06-20,12.17,12.43,11.76,12.1,25798300,557190464.0
2018-06-21,12.12,12.24,11.07,11.27,29355888,610574784.0
2018-06-22,11.29,12.11,11.2,11.82,24525556,516193248.0
2018-06-25,11.88,12.4,11.88,12.07,19627866,427793664.0
2018-06-26,11.95,13.23,11.88,13.09,31952440,726930112.0
2018-06-27,13.07,13.35,12.63,12.9,24732810,571960960.0
2018-06-28,12.9,13.33,12.64,12.8,21287842,491929728.0
2018-06-29,12.8,13.83,12.68,13.8,31200240,739875328.0
2018-07-02,13.79,13.79,13.02,13.42,23039244,552346496.0
2018-07-03,13.34,14.35,13.21,13.99,31736140,776059264.0
2018-07-04,13.85,13.94,13.2,13.33,20779416,500294592.0
2018-07-05,13.2,13.64,12.77,12.78,19363000,455475904.0
2018-07-06,12.82,13.73,12.82,13.29,34726284,821774016.0
2018-07-09,13.49,13.56,13.07,13.37,25469962,604370240.0
2018-07-10,13.27,13.35,12.73,13.03,28108348,647385920.0
2018-07-11,12.72,12.9,11.84,12.23,29548274,650774400.0
2018-07-12,12.37,13.48,12.3,13.27,40880764,946314688.0
2018-07-13,13.79,14.12,13.65,13.83,42585488,1051393856.0
2018-07-16,14.08,14.3,13.79,14.02,32994336,819764160.0
2018-07-17,14.02,15.49,13.56,15.49,50366912,1298438144.0
2018-07-18,15.64,15.94,15.3,15.33,57525584,1588571648.0
2018-07-19,15.42,15.51,14.92,15.14,33901888,908532160.0
2018-07-20,15.14,16.07,14.98,15.66,54630368,1505154560.0
2018-07-23,15.45,16.190001,15.35,15.8,38846376,1081382784.0
2018-07-24,15.69,15.98,15.38,15.65,30171500,833872128.0
2018-07-25,15.61,15.98,15.39,15.42,27363392,757744640.0
2018-07-26,15.31,15.32,14.56,14.77,31143636,819499776.0
2018-07-27,14.84,15.06,14.47,14.92,23304124,612279232.0
2018-07-30,14.83,15.04,14.28,14.52,19109194,493087200.0
2018-07-31,14.38,14.78,14.33,14.56,16928084,436722400.0
2018-08-01,14.62,15.12,14.09,14.17,20789326,540702592.0
2018-08-02,13.97,14.09,13.34,13.82,22695812,554416320.0
2018-08-03,13.88,14.03,13.14,13.16,17145476,415193952.0
2018-08-06,13.1,13.66,13.02,13.1,18724812,443701440.0
2018-08-07,13.33,14.16,13.29,14.1,26524880,648021248.0
2018-08-08,13.97,14.37,13.91,14.11,21817784,547506112.0
2018-08-09,14.1,15.5,13.97,15.25,39243288,1040121152.0
2018-08-10,15.22,15.84,15.1,15.67,39690480,1088516736.0
2018-08-13,15.91,16.950001,15.83,16.58,62339304,1789933312.0
2018-08-14,16.4,16.52,15.9,16.040001,33659840,959636352.0
2018-08-15,16.110001,16.299999,15.4,15.78,37088592,1041157696.0
2018-08-16,15.45,16.01,15.3,15.67,31788224,878053312.0
2018-08-17,15.86,15.92,14.87,14.98,28131356,763273024.0
2018-08-20,14.99,15.62,14.97,15.61,25716210,694818944.0
2018-08-21,15.27,15.48,14.69,15.27,33721132,901765568.0
2018-08-22,15.13,15.5,14.97,15.28,23466912,631783872.0
2018-08-23,15.27,16.049999,15.11,15.8,35755440,995809280.0
2018-08-24,15.65,16.09,15.64,15.77,19917276,557259968.0
2018-08-27,15.77,16.620001,15.69,16.360001,27163036,779651200.0
2018-08-28,16.51,16.559999,15.97,16.139999,20545872,588283584.0
2018-08-29,16.15,16.290001,15.74,16.049999,15924419,448669760.0
2018-08-30,16.01,16.1,15.62,15.63,12852664,357582816.0
2018-08-31,15.64,16.33,15.55,15.8,24992876,702455872.0
2018-09-03,15.73,16.440001,15.09,16.33,28913808,804097280.0
2018-09-04,16.23,17.860001,16.08,17.24,46433828,1375533312.0
2018-09-05,17.139999,17.23,16.629999,16.75,28732156,857985024.0
2018-09-06,16.719999,17.219999,16.690001,16.83,24008096,717133184.0
2018-09-07,16.940001,17.139999,15.27,15.8,37098740,1063353664.0
2018-09-10,15.51,15.71,14.91,15.02,27844466,750372544.0
2018-09-11,15.03,15.4,14.87,15.18,17224544,461315936.0
2018-09-12,15.13,15.37,14.72,15.03,18028840,481467968.0
2018-09-13,15.27,15.45,14.73,15.15,22235858,594899904.0
2018-09-14,15.09,15.11,14.09,14.12,35631888,908959232.0
2018-09-17,14.11,14.35,13.7,13.98,20790994,516381472.0
2018-09-18,14.0,15.0,13.86,14.88,31992336,818191168.0
2018-09-19,14.86,15.58,14.64,15.2,33216524,890141376.0
2018-09-20,15.15,15.39,14.97,15.18,16371758,439195008.0
2018-09-21,15.04,15.15,14.07,14.74,37536232,967537472.0
2018-09-25,14.44,15.08,14.37,14.82,21044894,553214464.0
2018-09-26,14.85,15.08,14.35,14.97,25955128,676167296.0
2018-09-27,14.98,15.76,14.8,15.38,44751928,1219390464.0
2018-09-28,15.45,15.82,14.9,15.75,33990508,924500032.0
2018-10-08,15.21,15.67,15.05,15.36,25559668,695377664.0
2018-10-09,15.49,15.92,14.32,14.45,38178952,1011529792.0
2018-10-10,14.39,14.41,13.9,14.07,21233260,532741376.0
2018-10-11,13.19,13.61,12.59,12.59,29406572,680803520.0
2018-10-12,12.59,12.9,11.93,12.71,24735180,552344512.0
2018-10-15,12.75,13.11,12.48,12.62,23876404,544820096.0
2018-10-16,12.57,12.7,11.65,11.88,30639926,665353344.0
2018-10-17,12.21,12.76,11.88,12.69,36599204,806997376.0
2018-10-18,12.66,13.04,12.46,12.78,35632108,812853312.0
2018-10-19,12.61,14.1,12.49,13.88,41881780,992977472.0
2018-10-22,14.09,14.8,13.9,14.39,39481688,1002935680.0
2018-10-23,14.43,14.43,14.0,14.14,21915084,551583040.0
2018-10-24,14.32,14.32,13.53,13.96,24610186,608542016.0
2018-10-25,13.2,13.56,12.86,13.39,23805786,561216320.0
2018-10-26,13.65,13.78,12.82,13.13,21331044,504134624.0
2018-10-29,13.19,14.01,12.95,13.47,28438984,688180224.0
2018-10-30,13.46,13.76,12.72,13.37,24246544,574604928.0
2018-10-31,13.37,13.8,13.26,13.49,21922888,527729728.0
2018-11-01,13.85,14.43,13.5,13.81,36699152,909530048.0
2018-11-02,14.18,14.42,13.98,14.35,33950924,856923520.0
2018-11-05,14.23,14.53,13.9,14.26,23702236,596668352.0
2018-11-06,14.18,14.23,13.76,13.97,14827388,366890656.0
2018-11-07,13.94,14.46,13.91,14.04,22440860,565382720.0
2018-11-08,14.22,14.22,13.4,13.4,22025416,538871552.0
2018-11-09,13.15,13.72,13.08,13.46,14230673,341512576.0
2018-11-12,13.35,14.48,13.3,14.45,36263280,908780032.0
2018-11-13,14.2,14.65,14.09,14.45,30075240,768788096.0
2018-11-14,14.45,14.65,14.09,14.35,21473080,546352640.0
2018-11-15,14.32,15.03,14.2,14.95,27903464,722391872.0
2018-11-16,14.85,15.33,14.8,14.95,29961116,800848256.0
2018-11-19,14.94,14.94,14.35,14.64,17191808,444040512.0
2018-11-20,14.39,14.61,14.05,14.11,16489804,417956704.0
2018-11-21,13.85,14.24,13.79,14.07,15492112,384844608.0
2018-11-22,14.1,14.29,13.78,13.95,12844171,319940800.0
2018-11-23,13.95,14.1,13.39,13.46,15619530,377581152.0
2018-11-26,13.43,13.66,13.0,13.14,16844504,395303488.0
2018-11-27,13.27,13.43,13.1,13.27,13403912,317099136.0
2018-11-28,13.16,13.45,12.86,13.41,13314708,313777696.0
2018-11-29,13.52,13.67,12.95,13.04,11963856,284590016.0
2018-11-30,13.1,13.31,12.77,13.29,12467914,288833952.0
2018-12-03,13.79,13.97,13.44,13.71,19356212,471623392.0
2018-12-04,13.67,13.8,13.53,13.72,10467713,254176224.0
2018-12-05,13.47,13.79,13.39,13.77,14164275,341804832.0
2018-12-06,13.58,13.9,13.26,13.4,13329280,320478560.0
2018-12-07,13.42,13.59,13.39,13.43,6316458,151482112.0
2018-12-10,13.2,13.48,12.99,13.04,10107999,237981328.0
2018-12-11,13.28,13.35,12.91,13.15,7555168,176316560.0
2018-12-12,13.26,13.3,13.1,13.19,6492378,152568640.0
2018-12-13,13.24,13.55,13.13,13.42,9800504,233690896.0
2018-12-14,13.39,13.46,12.92,12.94,9458314,221565200.0
2018-12-17,12.94,13.06,12.58,12.84,13243933,300594720.0
2018-12-18,12.73,12.85,12.53,12.62,8237862,186212528.0
2018-12-19,12.62,12.69,12.24,12.37,9379952,207730688.0
2018-12-20,12.31,12.57,12.26,12.4,7826841,173474208.0
2018-12-21,12.31,12.65,12.25,12.51,11127582,248495872.0
2018-12-24,12.4,12.77,12.32,12.66,8656776,195360496.0
2018-12-25,12.44,12.76,12.16,12.71,10988628,244034624.0
2018-12-26,12.61,12.61,12.36,12.43,8151917,182094400.0
2018-12-27,12.68,12.72,12.19,12.19,9448589,209669440.0
2018-12-28,12.42,12.42,11.74,11.9,10442477,224433728.0
2019-01-02,11.99,12.25,11.84,12.19,16958592,366334688.0
2019-01-03,12.48,12.81,12.4,12.53,22542400,505925824.0
2019-01-04,12.31,13.22,12.26,13.2,25059808,574575872.0
2019-01-07,13.29,13.69,13.1,13.64,25276220,606061504.0
2019-01-08,13.52,13.72,13.4,13.52,14235129,343063488.0
2019-01-09,13.61,14.0,13.54,13.55,23626188,579597504.0
2019-01-10,13.61,14.06,13.57,13.87,39582840,977856448.0
2019-01-11,13.81,14.05,13.26,13.57,18564858,448953792.0
2019-01-14,13.57,13.81,13.51,13.64,10853338,263432128.0
2019-01-15,13.64,14.2,13.61,13.97,18794198,465861312.0
2019-01-16,14.02,14.47,13.84,13.87,18832956,473285312.0
2019-01-17,13.72,13.95,13.61,13.63,11633593,283795552.0
2019-01-18,13.65,13.97,13.61,13.97,10961785,268875200.0
2019-01-21,13.97,14.24,13.7,14.01,20678996,517628992.0
2019-01-22,14.07,14.25,13.86,13.97,9990555,249262208.0
2019-01-23,13.9,14.03,13.7,13.81,6054043,148531952.0
2019-01-24,13.83,14.57,13.77,14.4,34245320,869315968.0
2019-01-25,14.2,14.66,14.2,14.26,14833283,379500640.0
2019-01-28,14.38,14.75,14.23,14.56,15086756,388051424.0
2019-01-29,14.56,14.72,14.09,14.56,12182620,312571008.0
2019-01-30,14.55,14.84,14.36,14.36,12115018,314269056.0
2019-01-31,14.26,14.26,13.4,13.55,23057872,562812544.0
2019-02-01,13.7,13.98,13.43,13.98,15424705,376726368.0
2019-02-11,13.97,15.19,13.91,15.16,25279324,657075456.0
2019-02-12,15.09,15.13,14.8,14.94,20755320,549197568.0
2019-02-13,14.97,15.41,14.85,15.15,24479332,657660736.0
2019-02-14,15.11,15.56,14.95,15.31,17444556,473194688.0
2019-02-15,15.2,15.43,14.85,14.87,20802922,554965312.0
2019-02-18,15.01,15.56,14.97,15.46,21505356,582217728.0
2019-02-19,15.67,16.110001,15.22,15.45,26399408,727264192.0
2019-02-20,15.41,15.65,15.15,15.56,16997580,464056544.0
2019-02-21,15.51,16.049999,15.19,15.21,23649508,653961792.0
2019-02-22,15.18,16.32,15.08,16.16,30565132,847959424.0
2019-02-25,16.799999,17.84,16.33,17.84,55195076,1677259264.0
2019-02-26,17.84,19.35,17.280001,18.110001,47043816,1501140864.0
2019-02-27,18.0,19.0,17.059999,17.52,37038272,1169425024.0
2019-02-28,17.4,17.629999,17.01,17.32,18403380,560104576.0
2019-03-01,17.41,17.67,16.93,17.67,23838516,730194240.0
2019-03-04,18.23,18.91,17.52,17.809999,44875032,1432818304.0
2019-03-05,17.639999,19.059999,17.33,18.950001,44272624,1423820672.0
2019-03-06,19.459999,20.120001,18.66,19.42,46293728,1574381952.0
2019-03-07,19.41,21.43,19.059999,21.43,53800648,1931016192.0
2019-03-08,20.200001,23.190001,20.190001,21.16,76085976,2868177152.0
2019-03-11,22.42,22.709999,19.610001,21.07,50917308,1871222272.0
2019-03-12,21.209999,22.040001,20.709999,21.66,47873944,1792692096.0
2019-03-13,21.42,21.6,19.459999,19.58,50001680,1791707392.0
2019-03-14,19.59,19.73,18.35,18.690001,37137576,1224252032.0
2019-03-15,18.969999,19.58,18.459999,19.02,28531120,952257792.0
2019-03-18,19.48,19.93,19.34,19.879999,29735060,1023052032.0
2019-03-19,19.91,20.4,19.23,19.940001,30112830,1051689088.0
2019-03-20,19.690001,19.91,19.01,19.48,21046118,715885696.0
2019-03-21,19.530001,20.299999,19.389999,19.91,30243770,1058402752.0
2019-03-22,20.120001,20.15,19.34,20.02,21199232,735707712.0
2019-03-25,19.59,20.59,19.49,20.200001,26905392,947297600.0
2019-03-26,20.209999,20.549999,19.620001,19.75,25208784,884452864.0
2019-03-27,19.91,19.940001,18.530001,18.870001,25341354,845683776.0
2019-03-28,18.92,19.450001,18.700001,18.76,15688800,524028672.0
2019-03-29,18.59,19.540001,18.219999,19.35,26676564,889505600.0
2019-04-01,19.530001,20.75,19.530001,20.620001,34342192,1219876992.0
2019-04-02,20.639999,21.23,20.18,20.299999,32812320,1188389248.0
2019-04-03,20.07,20.65,20.01,20.42,21201164,752504064.0
2019-04-04,20.59,20.889999,20.200001,20.459999,22631844,811633536.0
2019-04-08,20.65,20.68,19.17,19.469999,31249998,1077520128.0
2019-04-09,19.17,19.74,19.15,19.299999,16865996,572697792.0
2019-04-10,19.110001,19.620001,18.84,19.23,18124518,611292032.0
2019-04-11,19.17,19.4,18.59,18.690001,19321074,639459712.0
2019-04-12,18.809999,18.950001,18.360001,18.58,17398500,567116224.0
2019-04-15,18.98,19.450001,18.530001,18.620001,19926268,664271616.0
2019-04-16,18.52,19.110001,17.9,19.1,26444060,857908928.0
2019-04-17,19.139999,19.32,18.870001,18.92,16679356,556577792.0
2019-04-18,18.940001,19.059999,18.52,18.559999,11067165,363250336.0
2019-04-19,18.49,18.969999,18.370001,18.549999,11614591,379233440.0
2019-04-22,18.700001,18.98,18.27,18.370001,17702746,577348032.0
2019-04-23,18.35,18.66,18.200001,18.360001,10917600,352186048.0
2019-04-24,18.4,19.559999,18.290001,19.469999,35829076,1198671360.0
2019-04-25,19.4,19.82,19.040001,19.1,32560030,1110877952.0
2019-04-26,19.35,19.690001,19.110001,19.59,33383196,1138064896.0
2019-04-29,19.82,20.059999,18.059999,18.23,39912900,1315581696.0
2019-04-30,17.940001,18.549999,17.690001,17.969999,17442060,555726976.0
2019-05-06,17.040001,17.450001,16.1,16.1,28332524,832608704.0
2019-05-07,16.360001,16.870001,16.08,16.129999,18094210,400153280.0
2019-05-08,15.62,17.120001,15.44,16.91,36316756,808713088.0
2019-05-09,17.049999,17.27,16.790001,17.030001,21224114,485336192.0
2019-05-10,17.280001,18.139999,16.620001,17.92,37639180,891571264.0
2019-05-13,17.82,18.48,17.559999,18.07,21709490,527253984.0
2019-05-14,17.719999,18.190001,17.540001,17.59,18407218,439256448.0
2019-05-15,17.780001,17.889999,17.5,17.73,19978976,473567392.0
2019-05-16,17.73,17.870001,17.190001,17.26,19323292,450843552.0
2019-05-17,17.4,17.719999,16.93,16.98,21527756,501179808.0
2019-05-20,17.25,17.59,17.059999,17.559999,20206200,471940736.0
2019-05-21,17.440001,18.030001,16.98,17.68,25775608,608161024.0
2019-05-22,17.66,18.219999,17.549999,18.120001,25284806,605987776.0
2019-05-23,18.209999,18.209999,16.879999,17.08,26080612,614675520.0
2019-05-24,17.08,17.24,16.629999,16.68,14179110,321450304.0
2019-05-27,16.67,17.719999,16.59,17.620001,25256016,582182784.0
2019-05-28,17.620001,18.0,17.34,17.889999,24119584,571939584.0
2019-05-29,17.690001,17.790001,17.440001,17.5,15389562,363773440.0
2019-05-30,17.35,17.42,16.780001,17.02,16661204,379722240.0
2019-05-31,17.120001,17.290001,16.889999,17.0,12395748,284386208.0
2019-06-03,17.09,17.360001,16.709999,17.01,14002232,319975040.0
2019-06-04,16.99,17.02,16.360001,16.58,13021888,291790752.0
2019-06-05,16.780001,17.02,16.58,16.809999,13617108,307766496.0
2019-06-06,16.9,16.93,16.34,16.42,11580645,258730528.0
2019-06-10,16.450001,16.77,16.309999,16.75,12283908,273994464.0
2019-06-11,16.690001,17.52,16.49,17.440001,22136316,511339776.0
2019-06-12,17.41,17.51,17.17,17.25,11671243,271349504.0
2019-06-13,17.360001,19.030001,17.32,18.559999,53981868,1330905088.0
2019-06-14,18.290001,18.690001,17.82,17.93,31369024,767456192.0
2019-06-17,18.030001,18.16,17.450001,17.82,16711479,399249536.0
2019-06-18,17.700001,18.48,17.610001,18.1,24333152,592214080.0
2019-06-19,18.790001,19.18,18.469999,18.709999,36446320,917482816.0
2019-06-20,18.709999,19.52,18.540001,19.200001,33634084,859494720.0
2019-06-21,19.23,20.49,19.23,20.23,48578296,1292370432.0
2019-06-24,20.200001,20.360001,19.76,20.209999,25935348,693718208.0
2019-06-25,20.120001,20.120001,19.190001,19.92,26073424,686057984.0
2019-06-26,19.52,20.24,19.52,19.82,18953494,504928448.0
2019-06-27,19.85,20.219999,19.76,19.82,23912820,638232640.0
2019-06-28,19.889999,20.120001,19.59,20.120001,19883360,529927552.0
2019-07-01,20.629999,20.9,20.17,20.809999,34278600,944542080.0
2019-07-02,20.6,20.719999,19.92,20.120001,25380352,689171520.0
2019-07-03,19.92,20.059999,19.209999,19.52,25818918,671934464.0
2019-07-04,19.52,19.82,19.129999,19.559999,16802544,437268320.0
2019-07-05,19.559999,19.709999,19.25,19.549999,14952811,389293952.0
2019-07-08,19.370001,19.66,18.66,18.9,19969952,509803680.0
2019-07-09,18.969999,19.17,18.629999,19.02,15285070,387468576.0
2019-07-10,19.059999,19.190001,18.719999,18.85,10153336,257287872.0
2019-07-11,19.129999,19.17,18.76,18.860001,10546971,267906912.0
2019-07-12,18.93,19.030001,18.68,18.879999,8135321,205676336.0
2019-07-15,18.879999,20.360001,18.68,20.16,34826680,921452672.0
2019-07-16,19.98,20.68,19.889999,20.440001,26075348,707326720.0
2019-07-17,20.440001,20.59,20.16,20.17,16333674,443656736.0
2019-07-18,20.16,20.360001,19.9,20.110001,15071095,404855232.0
2019-07-19,20.200001,20.280001,19.9,20.02,14266435,383185888.0
2019-07-22,20.190001,20.190001,19.309999,19.67,12932281,343886720.0
2019-07-23,19.9,20.719999,19.68,20.67,25146834,683968448.0
2019-07-24,20.719999,21.84,20.559999,21.129999,39418628,1114716928.0
2019-07-25,21.25,21.559999,21.059999,21.299999,23115908,656844672.0
2019-07-26,21.139999,21.35,20.799999,21.200001,20042536,563463808.0
2019-07-29,21.309999,22.02,21.219999,21.9,24691134,714435136.0
2019-07-30,21.9,21.9,21.219999,21.24,22504328,646322752.0
2019-07-31,21.27,21.75,21.209999,21.559999,16529013,474387776.0
2019-08-01,21.559999,21.709999,21.139999,21.33,17398700,496351008.0
2019-08-02,20.67,21.66,20.4,21.370001,20868888,590439680.0
2019-08-05,21.120001,21.67,20.66,20.75,20531492,577968576.0
2019-08-06,20.459999,20.59,19.549999,20.34,28037408,753398592.0
2019-08-07,20.42,20.549999,19.940001,20.02,13577957,366605056.0
2019-08-08,20.209999,20.58,20.059999,20.549999,13217587,359160256.0
2019-08-09,20.82,21.42,20.629999,20.76,26277796,736938560.0
2019-08-12,20.809999,21.49,20.469999,21.459999,21392524,600536640.0
2019-08-13,21.129999,21.4,20.799999,21.09,15342949,431838720.0
2019-08-14,21.559999,21.860001,21.309999,21.66,21877152,629712512.0
2019-08-15,21.059999,23.389999,21.049999,23.25,44159532,1318398208.0
2019-08-16,23.02,23.959999,22.82,23.440001,36994228,1149144064.0
2019-08-19,23.9,24.280001,23.190001,23.73,44582880,1409250688.0
2019-08-20,23.85,24.190001,23.280001,23.559999,30549928,964111680.0
2019-08-21,23.48,23.610001,23.139999,23.43,21657778,673959872.0
2019-08-22,23.59,23.85,23.059999,23.74,21782968,681087424.0
2019-08-23,23.67,23.879999,23.24,23.49,16883804,529030112.0
2019-08-26,23.129999,23.76,23.09,23.549999,19283784,602816064.0
2019-08-27,23.790001,24.959999,23.360001,24.82,36679932,1192008704.0
2019-08-28,24.59,25.299999,24.540001,24.75,27314584,906644992.0
2019-08-29,24.719999,25.5,24.639999,24.91,23864660,797170240.0
2019-08-30,25.209999,25.959999,23.889999,24.110001,33474812,1098317568.0
2019-09-02,24.1,25.690001,24.1,25.559999,29365900,973173440.0
2019-09-03,25.440001,25.74,25.059999,25.66,20828896,703920448.0
2019-09-04,25.52,25.959999,25.1,25.459999,20535460,695453952.0
2019-09-05,25.9,27.389999,25.559999,26.5,35173376,1230015744.0
2019-09-06,26.5,26.870001,25.360001,25.82,28280336,975734208.0
2019-09-09,25.98,26.85,25.59,26.82,27950392,978449472.0
2019-09-10,26.440001,26.73,25.879999,26.16,23624716,821798720.0
2019-09-11,26.290001,26.540001,25.6,26.02,18333754,631572352.0
2019-09-12,26.219999,26.27,25.700001,26.040001,13057872,451408352.0
2019-09-16,26.08,26.469999,25.49,25.65,26777542,921589632.0
2019-09-17,25.719999,25.92,25.059999,25.6,23657704,801639488.0
2019-09-18,25.68,25.709999,25.09,25.66,17020460,574780096.0
2019-09-19,25.6,26.209999,25.209999,26.209999,24332070,832251392.0
2019-09-20,26.219999,26.530001,25.92,26.09,20142372,700201536.0
2019-09-23,26.0,26.0,24.02,24.76,49047424,1607327872.0
2019-09-24,24.76,25.57,24.48,25.049999,27847190,928431296.0
2019-09-25,24.99,25.290001,24.1,24.530001,21114462,690572224.0
2019-09-26,24.82,24.82,23.33,23.82,23758404,755744448.0
2019-09-27,23.860001,23.969999,23.360001,23.52,18196120,572511488.0
2019-09-30,23.66,23.889999,23.120001,23.200001,15033887,469745024.0
2019-10-08,23.309999,23.809999,23.129999,23.219999,14651560,457852864.0
2019-10-09,23.219999,23.870001,22.9,23.57,15624538,488736448.0
2019-10-10,23.719999,24.209999,23.41,24.129999,19631764,623014848.0
2019-10-11,24.290001,24.52,23.370001,23.700001,23828396,755786816.0
2019-10-14,24.030001,24.18,23.65,24.040001,18442930,587256448.0
2019-10-15,23.9,23.9,22.629999,22.870001,26300680,808485248.0
2019-10-16,22.99,23.57,22.719999,23.190001,19596520,604990720.0
2019-10-17,23.190001,23.4,23.02,23.18,9142270,282517728.0
2019-10-18,23.24,23.530001,22.73,22.73,11077774,340459616.0
2019-10-21,22.73,23.059999,22.24,22.9,11427347,345956832.0
2019-10-22,22.889999,23.709999,22.889999,23.66,17414220,544581440.0
2019-10-23,23.58,23.67,22.889999,23.01,14558348,450473696.0
2019-10-24,23.02,23.08,22.43,22.690001,10817216,326895808.0
2019-10-25,22.709999,23.0,22.459999,22.98,8612906,261048528.0
2019-10-28,24.389999,25.040001,23.690001,24.76,51055784,1648638720.0
2019-10-29,24.190001,24.42,22.9,22.9,42904000,1343018240.0
2019-10-30,22.75,22.75,21.620001,22.129999,24440544,721438592.0
2019-10-31,22.15,22.860001,21.93,22.190001,19267396,573771072.0
2019-11-01,22.02,22.34,21.809999,22.15,13236075,389765024.0
2019-11-04,22.209999,22.74,22.08,22.309999,18646066,558060288.0
2019-11-05,22.440001,22.51,22.09,22.209999,18874224,559546880.0
2019-11-06,22.17,22.33,21.66,21.860001,16982636,496378784.0
2019-11-07,21.76,22.26,21.68,22.190001,12829184,377327744.0
2019-11-08,22.43,22.5,22.190001,22.209999,13349516,397554080.0
2019-11-11,21.9,22.09,21.290001,21.51,13292722,384632352.0
2019-11-12,21.51,21.719999,21.01,21.51,10757019,306077440.0
2019-11-13,21.52,21.82,21.450001,21.59,12498016,360968032.0
2019-11-14,21.700001,22.49,21.540001,22.219999,18676360,548480512.0
2019-11-15,22.26,23.059999,22.129999,22.75,27192202,822461888.0
2019-11-18,22.59,22.799999,22.129999,22.41,15050282,450178336.0
2019-11-19,22.49,22.68,22.190001,22.66,18483464,552618624.0
2019-11-20,22.719999,23.33,22.59,22.77,23828186,729398464.0
2019-11-21,22.709999,22.709999,22.23,22.299999,14625442,436940800.0
2019-11-22,22.42,22.66,21.610001,21.709999,16888766,496095424.0
2019-11-25,21.629999,21.629999,20.42,20.879999,21506654,600153088.0
2019-11-26,21.110001,21.129999,20.690001,21.059999,13272984,369986592.0
2019-11-27,20.889999,21.120001,20.629999,20.85,9377608,261258864.0
2019-11-28,20.790001,21.02,20.67,20.860001,8309387,231145904.0
2019-11-29,20.860001,20.870001,20.52,20.790001,10562427,291896768.0
2019-12-02,20.9,21.129999,20.700001,20.809999,11331837,316382816.0
2019-12-03,20.719999,21.110001,20.67,21.09,9784875,273148512.0
2019-12-04,20.940001,21.49,20.860001,21.379999,12027183,341026464.0
2019-12-05,21.450001,21.74,21.290001,21.610001,16582993,475629472.0
2019-12-06,21.52,21.719999,21.35,21.66,12352139,355060096.0
2019-12-09,21.690001,22.219999,21.52,22.02,18087476,529160832.0
2019-12-10,21.969999,22.120001,21.690001,22.02,13025327,380718432.0
2019-12-11,22.049999,22.299999,21.6,21.6,14338407,418879328.0
2019-12-12,21.629999,22.190001,21.51,21.860001,14535160,424000608.0
2019-12-13,22.190001,22.290001,21.860001,22.290001,17369074,511748928.0
2019-12-16,22.48,22.889999,22.32,22.860001,22927960,692433984.0
2019-12-17,22.82,23.040001,22.52,22.809999,21015488,637492864.0
2019-12-18,22.790001,23.09,22.6,22.67,16055931,487569248.0
2019-12-19,22.67,22.860001,22.299999,22.469999,14120053,422810752.0
2019-12-20,22.48,22.67,21.860001,21.9,14579341,430736800.0
2019-12-23,21.76,22.02,21.190001,21.24,15237474,438218080.0
2019-12-24,21.219999,21.639999,21.0,21.48,14224958,403358336.0
2019-12-25,21.41,21.780001,21.309999,21.5,11913137,342831648.0
2019-12-26,21.52,21.690001,21.370001,21.66,7555272,217208720.0
2019-12-27,21.709999,21.860001,21.07,21.09,16610421,474655936.0
2019-12-30,21.110001,21.42,20.82,21.190001,14156095,400116384.0
2019-12-31,21.290001,21.620001,21.27,21.290001,12771762,364527776.0
2020-01-02,21.43,22.76,21.43,22.719999,41129668,1221814272.0
2020-01-03,22.780001,22.98,22.450001,22.77,24742268,747769152.0
2020-01-06,22.629999,23.360001,22.440001,23.02,33807080,1036167040.0
2020-01-07,23.17,23.280001,22.82,23.18,21803480,669886784.0
2020-01-08,22.91,23.219999,22.83,23.02,27366560,838173504.0
2020-01-09,23.27,23.98,23.209999,23.629999,34678400,1089033984.0
2020-01-10,23.860001,23.959999,23.07,23.17,31346756,974613376.0
2020-01-13,23.25,24.219999,23.219999,24.17,58592808,1858517248.0
2020-01-14,24.35,24.35,23.75,23.9,39177260,1251865472.0
2020-01-15,23.889999,24.049999,23.42,23.98,19945016,632599424.0
2020-01-16,24.02,24.190001,23.74,23.85,16473796,524729472.0
2020-01-17,24.65,25.01,24.059999,24.59,40644396,1330240128.0
2020-01-20,24.74,25.799999,24.26,25.51,34695992,1161019392.0
2020-01-21,25.25,25.879999,25.059999,25.290001,21618932,730360640.0
2020-01-22,25.27,26.1,24.48,25.58,27222604,916354496.0
2020-01-23,25.34,25.860001,24.17,24.49,30642316,1017147968.0
2020-02-03,21.98,22.809999,21.98,21.98,39386932,1157683968.0
2020-02-04,22.200001,23.76,22.129999,23.629999,42826720,1315092096.0
2020-02-05,24.059999,25.290001,23.809999,24.5,33728112,1106123520.0
2020-02-06,24.83,27.01,24.52,27.01,33411102,1160395008.0
2020-02-07,28.66,29.59,27.559999,28.75,67365448,2542439680.0
2020-02-10,28.639999,30.120001,27.940001,29.16,56613680,2183663360.0
2020-02-11,29.209999,29.57,28.299999,29.23,39823796,1533709696.0
2020-02-12,29.059999,32.209999,28.690001,32.209999,67890896,2777328896.0
2020-02-13,31.67,33.060001,30.809999,31.99,70825056,2983454464.0
2020-02-14,31.52,34.209999,31.4,32.27,46250628,1998881280.0
2020-02-17,32.82,33.790001,32.040001,33.290001,36858724,1608493440.0
2020-02-18,32.52,34.060001,32.52,33.830002,47571940,2095614464.0
2020-02-19,33.360001,34.119999,32.939999,32.950001,43975292,1950965248.0
2020-02-20,32.619999,33.490002,32.09,32.740002,52188784,2258331136.0
2020-02-21,32.75,34.82,32.75,34.060001,42898412,1934577152.0
2020-02-24,33.91,36.75,33.810001,35.689999,42139660,1973847424.0
2020-02-25,34.900002,36.549999,32.540001,35.060001,48988812,2257794048.0
2020-02-26,33.98,34.82,32.82,34.52,54789096,2445832192.0
2020-02-27,34.150002,38.02,34.150002,38.02,74357280,3617450496.0
2020-02-28,36.75,37.689999,34.720001,34.869999,61188700,2930883072.0
2020-03-02,35.900002,38.419998,33.790001,37.439999,59197232,2863060224.0
2020-03-03,38.060001,41.240002,37.639999,40.52,57716128,3044513792.0
2020-03-04,40.130001,41.630001,36.419998,37.279999,63456876,3200227584.0
2020-03-05,38.029999,38.290001,34.580002,35.709999,64574708,3069738240.0
2020-03-06,34.790001,36.169998,34.25,35.220001,32372756,1512320256.0
2020-03-09,34.380001,34.380001,32.52,33.130001,43328688,1920338176.0
2020-03-10,33.419998,34.43,32.07,34.290001,47966104,2131486720.0
2020-03-11,34.259998,34.259998,32.150002,32.209999,44253272,1935046144.0
2020-03-12,31.75,33.02,30.99,32.490002,36767288,1555551360.0
2020-03-13,30.75,34.02,30.75,33.119999,43313316,1871049344.0
2020-03-16,32.82,33.810001,30.99,31.4,35521824,1525710080.0
2020-03-17,32.59,33.59,31.129999,33.259998,45392368,1955324544.0
2020-03-18,33.290001,34.27,31.959999,32.139999,39422568,1737233664.0
2020-03-19,31.9,33.59,31.370001,33.360001,35527936,1540268672.0
2020-03-20,33.959999,34.130001,32.459999,33.209999,24267756,1065060288.0
2020-03-23,32.09,33.09,31.360001,31.540001,24800404,1050841408.0
2020-03-24,32.360001,33.09,28.67,30.4,50832148,2066928512.0
2020-03-25,31.360001,32.32,31.040001,32.040001,32636624,1367452416.0
2020-03-26,32.060001,33.560001,31.450001,32.639999,36818704,1600061824.0
2020-03-27,33.189999,33.290001,31.440001,31.75,25542638,1082379136.0
2020-03-30,31.129999,32.189999,30.25,31.120001,24150868,996026240.0
2020-03-31,31.610001,31.629999,30.299999,30.559999,17724580,723682688.0
2020-04-01,30.66,32.189999,30.459999,31.059999,26688050,1106759936.0
2020-04-02,31.26,33.130001,30.969999,33.060001,29709416,1264764800.0
2020-04-03,32.68,32.970001,32.189999,32.490002,21359924,919141824.0
2020-04-07,33.130001,33.73,32.900002,33.41,28373816,1249792128.0
2020-04-08,33.130001,34.32,32.889999,33.209999,22632418,1002582784.0
2020-04-09,33.259998,33.529999,32.580002,33.16,15678179,685543104.0
2020-04-10,33.130001,33.150002,31.540001,31.959999,18944380,808895616.0
2020-04-13,31.379999,31.790001,30.83,30.83,13114401,542491392.0
2020-04-14,31.32,32.23,31.059999,32.209999,16646348,698428736.0
2020-04-15,32.360001,33.41,32.290001,32.709999,22317120,971691328.0
2020-04-16,32.299999,33.810001,32.299999,33.57,21971322,967002752.0
2020-04-17,33.919998,35.59,33.82,34.119999,31793248,1453800192.0
2020-04-20,34.23,35.02,33.689999,34.66,17280200,786321920.0
2020-04-21,34.110001,35.080002,33.900002,34.75,16742572,762754752.0
2020-04-22,34.41,34.720001,33.439999,34.290001,17403128,784179456.0
2020-04-23,34.459999,34.459999,33.450001,33.52,11006750,491288000.0
2020-04-24,33.52,33.919998,32.619999,32.75,11669678,510874400.0
2020-04-27,32.759998,33.5,32.25,33.009998,12932649,562929984.0
2020-04-28,33.060001,33.619999,31.67,33.209999,15785645,687515712.0
2020-04-29,33.290001,34.220001,33.209999,33.66,15538339,695252096.0
2020-04-30,32.740002,36.02,32.52,35.130001,37587808,1725240832.0
2020-05-06,34.939999,36.27,34.73,36.049999,23058772,1082044928.0
2020-05-07,36.59,36.599998,35.040001,35.299999,18950456,891216448.0
2020-05-08,35.759998,36.860001,35.759998,35.869999,19412230,927749184.0
2020-05-11,36.360001,36.52,34.98,35.669998,17047878,806350016.0
2020-05-12,35.48,35.82,34.720001,35.360001,13964043,649305408.0
2020-05-13,35.349998,36.119999,34.91,35.59,14784303,695707392.0
2020-05-14,35.5,37.209999,35.360001,36.48,23414964,1125990784.0
2020-05-15,36.77,38.060001,35.869999,37.419998,27653238,1353694208.0
2020-05-18,37.919998,38.349998,36.560001,37.290001,19142312,952093888.0
2020-05-19,37.830002,39.919998,37.799999,38.52,20034040,782278144.0
2020-05-20,38.18,38.330002,36.139999,36.330002,32027712,1199815680.0
2020-05-21,37.25,38.490002,36.869999,37.5,37933752,1447175680.0
2020-05-22,37.5,37.82,35.799999,35.939999,22740712,837276736.0
2020-05-25,35.939999,36.139999,34.740002,35.0,17180802,611038720.0
2020-05-26,35.540001,36.389999,35.5,36.040001,15309496,556707392.0
2020-05-27,36.18,36.259998,34.639999,34.82,19461088,691391808.0
2020-05-28,34.990002,34.990002,33.77,34.349998,20768146,718507200.0
2020-05-29,34.130001,35.43,33.889999,34.540001,18641268,655952960.0
2020-06-01,35.139999,36.700001,35.139999,36.400002,29216090,1069846592.0
2020-06-02,36.400002,37.099998,36.23,36.389999,15022215,554918528.0
2020-06-03,36.700001,36.709999,35.650002,35.900002,17962790,654421440.0
2020-06-04,35.93,36.029999,34.880001,35.139999,16295884,580873856.0
2020-06-05,35.259998,35.650002,35.09,35.5,12370022,441738080.0
2020-06-08,35.630001,35.700001,34.639999,34.720001,18400488,650288384.0
2020-06-09,34.91,35.139999,34.380001,35.060001,13436396,473785344.0
2020-06-10,35.040001,35.5,34.599998,35.43,17131802,606227328.0
2020-06-11,35.459999,36.59,35.040001,35.959999,24407884,884937024.0
2020-06-12,35.139999,36.57,34.900002,35.360001,27998170,1014906880.0
2020-06-15,35.630001,37.139999,35.529999,36.169998,29302960,1081592576.0
2020-06-16,36.700001,36.950001,35.950001,36.700001,21539808,794130240.0
2020-06-17,37.130001,38.299999,36.549999,37.849998,28054612,1066106560.0
2020-06-18,37.66,39.580002,37.439999,38.959999,31116500,1209190016.0
2020-06-19,38.959999,39.310001,38.43,38.869999,22390068,878092864.0
2020-06-22,39.490002,39.990002,39.049999,39.66,22854576,913071872.0
2020-06-23,39.639999,43.07,38.900002,42.200001,35781496,1478534400.0
2020-06-24,41.939999,43.740002,41.66,43.34,27467774,1183198976.0
2020-06-29,43.040001,43.52,41.939999,42.419998,21833398,936870592.0
2020-06-30,42.360001,45.529999,42.360001,43.740002,24640682,1094499584.0
2020-07-01,43.560001,47.639999,42.939999,46.84,34832632,1568938240.0
2020-07-02,46.439999,47.139999,44.939999,45.639999,33695752,1557782784.0
2020-07-03,45.720001,46.619999,44.439999,45.66,21984552,1008563712.0
2020-07-06,45.639999,49.490002,45.200001,47.849998,30118838,1438872448.0
2020-07-07,48.369999,52.57,48.139999,50.639999,33706916,1713067904.0
2020-07-08,50.290001,51.529999,49.619999,51.25,24581600,1254457728.0
2020-07-09,50.73,53.990002,50.639999,52.290001,25454180,1346613120.0
2020-07-10,52.009998,53.610001,51.02,51.720001,24030204,1264060160.0
2020-07-13,51.139999,52.939999,50.639999,51.59,30926884,1606016768.0
2020-07-14,50.939999,51.139999,49.049999,49.810001,42945252,2159703040.0
2020-07-15,49.98,50.919998,48.23,48.639999,40310800,2008360576.0
2020-07-16,48.639999,49.889999,43.740002,44.830002,45252176,2124616960.0
2020-07-17,45.990002,46.290001,43.799999,44.740002,28666972,1299999616.0
2020-07-20,45.650002,45.880001,43.709999,45.150002,24595014,1110703104.0
2020-07-21,45.48,47.279999,45.189999,45.529999,28450734,1322024960.0
2020-07-22,44.740002,47.240002,44.720001,46.560001,29260898,1371673216.0
2020-07-23,46.349998,47.07,45.240002,46.459999,21008814,979078848.0
2020-07-24,46.240002,46.990002,42.040001,43.389999,38173244,1702911488.0
2020-07-27,43.09,44.490002,43.080002,43.639999,17564280,772878016.0
2020-07-28,43.950001,44.459999,42.990002,43.959999,13506717,594491648.0
2020-07-29,44.34,46.830002,44.119999,46.32,33268504,1547629184.0
2020-07-30,46.57,47.279999,45.169998,46.52,27605996,1284522880.0
2020-07-31,46.52,47.509998,45.740002,46.66,26142304,1229897472.0
2020-08-03,46.34,48.290001,46.330002,48.07,27822470,1332595200.0
2020-08-04,48.07,49.07,46.779999,47.349998,23311862,1121487232.0
2020-08-05,48.639999,48.84,46.639999,46.799999,20070788,957265728.0
2020-08-06,47.630001,47.630001,45.34,46.060001,23063462,1069534336.0
2020-08-07,45.650002,46.560001,44.43,45.029999,24467768,1122694784.0
2020-08-10,45.41,46.59,44.560001,45.639999,23050702,1056994880.0
2020-08-11,45.790001,46.240002,44.18,44.439999,15445818,705196416.0
2020-08-12,44.619999,44.630001,42.34,43.560001,22300036,970386240.0
2020-08-13,43.779999,44.27,43.139999,43.5,13378983,589902656.0
2020-08-14,43.75,44.68,43.369999,44.599998,12708205,564578112.0
2020-08-17,44.66,45.09,43.84,44.560001,19888792,894506688.0
2020-08-18,44.639999,45.66,44.25,45.09,18282136,830999424.0
2020-08-19,44.950001,45.139999,43.450001,43.560001,14530623,647304448.0
2020-08-20,43.139999,44.279999,42.23,42.639999,16767736,726404352.0
2020-08-21,43.119999,43.130001,41.639999,42.099998,18764940,798474432.0
2020-08-24,42.360001,43.150002,41.299999,42.889999,15880180,680611520.0
2020-08-25,43.310001,43.43,42.34,42.59,9654202,416566304.0
2020-08-26,42.790001,42.990002,40.599998,40.779999,16535651,692254784.0
2020-08-27,41.119999,42.91,41.060001,42.709999,21375344,909763968.0
2020-08-28,42.93,43.43,42.150002,43.43,13446657,581788096.0
2020-08-31,43.07,43.639999,41.490002,41.549999,32870560,1397900288.0
2020-09-01,41.630001,42.049999,40.650002,41.950001,16000898,669501760.0
2020-09-02,42.139999,43.59,41.549999,43.18,23717524,1020298112.0
2020-09-03,43.139999,43.139999,41.57,41.860001,19856360,842368640.0
2020-09-04,41.09,42.16,39.84,40.57,23615222,970979200.0
2020-09-07,40.630001,40.919998,39.139999,39.220001,16527836,667289856.0
2020-09-08,39.529999,39.580002,38.720001,39.240002,10826638,427284096.0
2020-09-09,38.84,38.84,37.240002,37.25,20834866,796360256.0
2020-09-10,37.919998,38.57,37.490002,37.560001,17933518,688781888.0
2020-09-11,38.439999,38.439999,37.369999,38.049999,13615156,520719488.0
2020-09-14,38.439999,38.990002,37.689999,38.139999,13695363,530295808.0
2020-09-15,38.139999,38.869999,37.740002,38.59,14022130,544760256.0
2020-09-16,38.599998,38.790001,37.610001,37.849998,11674935,448314432.0
2020-09-17,37.610001,38.16,36.950001,37.700001,22124102,837833344.0
2020-09-18,37.759998,38.630001,37.57,38.630001,15691564,604180992.0
2020-09-21,38.799999,39.360001,38.279999,38.450001,14463829,566734144.0
2020-09-22,38.240002,38.959999,37.939999,38.189999,11441134,444752160.0
2020-09-23,38.290001,38.91,38.189999,38.689999,10524460,409887040.0
2020-09-24,38.43,38.580002,37.240002,37.27,12943693,491737344.0
2020-09-25,37.360001,37.84,37.360001,37.630001,6347155,240984240.0
2020-09-28,37.330002,38.07,37.330002,37.43,8000163,304122144.0
2020-09-29,38.040001,38.939999,37.639999,38.720001,17707374,687994496.0
2020-09-30,38.84,38.939999,37.689999,37.849998,13751643,530798464.0
2020-10-09,38.84,41.540001,38.66,41.139999,29344668,1196780032.0
2020-10-12,41.630001,43.490002,41.299999,42.720001,32556652,1395897088.0
2020-10-13,42.630001,43.490002,42.150002,43.220001,18314928,795918080.0
2020-10-14,43.23,44.299999,42.720001,42.93,19799170,866640384.0
2020-10-15,43.740002,44.549999,42.5,44.189999,35443988,1567370624.0
2020-10-16,44.18,44.82,42.84,43.060001,18762492,825995968.0
2020-10-19,43.389999,43.939999,42.59,43.009998,14955692,651105280.0
2020-10-20,43.049999,43.220001,42.470001,43.09,11663697,503869760.0
2020-10-21,43.23,43.23,41.34,41.720001,16071711,680591936.0
2020-10-22,41.700001,41.889999,40.639999,41.07,11413655,474813312.0
2020-10-23,41.450001,41.73,40.240002,40.639999,8212911,339201376.0
2020-10-26,40.48,42.84,40.360001,42.150002,16215314,685338816.0
2020-10-27,41.990002,43.439999,41.650002,43.02,17221186,741461056.0
2020-10-28,43.630001,43.630001,42.639999,43.189999,15122964,658467136.0
2020-10-29,42.830002,43.720001,42.389999,43.540001,14884426,647348160.0
2020-10-30,43.57,44.07,42.540001,42.790001,16055172,704071616.0
2020-11-02,43.23,44.689999,43.16,44.639999,24956132,1110577152.0
2020-11-03,44.639999,46.360001,44.299999,45.619999,23402946,1072401344.0
2020-11-04,45.689999,46.029999,45.119999,45.400002,10558390,485015584.0
2020-11-05,46.02,46.549999,44.939999,45.459999,19183244,883259840.0
2020-11-06,45.34,46.299999,44.650002,45.990002,15302358,704145024.0
2020-11-09,45.990002,48.84,45.68,48.040001,28246060,1360804352.0
2020-11-10,47.639999,48.240002,46.650002,47.599998,17241144,825535744.0
2020-11-11,47.139999,47.52,45.639999,46.299999,17164628,803778560.0
2020-11-12,46.650002,47.490002,45.5,46.349998,13626864,636955456.0
2020-11-13,46.220001,47.849998,46.02,47.27,12213450,579447488.0
2020-11-16,47.189999,48.650002,46.689999,47.610001,17630984,847964800.0
2020-11-17,47.34,48.240002,47.099998,47.66,11664179,560234368.0
2020-11-18,47.720001,48.02,42.950001,43.720001,35321276,1593572096.0
2020-11-19,43.830002,45.360001,42.970001,45.09,22738398,1015283456.0
2020-11-20,45.439999,45.990002,45.139999,45.389999,9390983,430874400.0
2020-11-23,45.139999,45.450001,43.950001,44.419998,15437694,691930944.0
2020-11-24,44.439999,44.939999,43.68,44.080002,11103723,496910176.0
2020-11-25,44.080002,44.619999,42.139999,42.439999,17577254,761970688.0
2020-11-26,42.740002,43.43,41.619999,41.779999,13871919,590565952.0
2020-11-27,42.119999,42.41,41.389999,41.950001,9240849,390563456.0
2020-11-30,41.950001,43.369999,41.650002,43.34,18947016,814316992.0
2020-12-01,43.07,44.27,42.939999,44.07,12537087,553640192.0
2020-12-02,44.099998,44.130001,43.189999,43.400002,7752526,340172320.0
2020-12-03,43.490002,44.459999,42.740002,43.91,10612123,467653504.0
2020-12-04,43.790001,44.240002,43.25,43.75,19402328,857354048.0
2020-12-07,43.75,45.82,43.740002,45.619999,24926742,1131284352.0
2020-12-08,46.310001,46.540001,45.25,45.93,16371657,756513024.0
2020-12-09,45.720001,46.34,44.439999,44.48,14949281,681420864.0
2020-12-10,44.389999,45.119999,43.720001,44.27,9378163,418920800.0
2020-12-11,44.939999,44.939999,42.939999,43.419998,11873060,524252640.0
2020-12-14,43.450001,44.09,43.049999,43.84,15099694,664547392.0
2020-12-15,44.040001,44.240002,42.580002,43.16,16063535,698171328.0
2020-12-16,43.02,45.16,42.939999,44.630001,15283354,685172928.0
2020-12-17,44.939999,45.139999,43.939999,44.360001,10774965,483107456.0
2020-12-18,44.740002,45.419998,44.32,44.450001,11518473,519617152.0
2020-12-21,44.790001,45.939999,44.279999,45.779999,18424016,837002368.0
2020-12-22,45.639999,45.639999,41.740002,41.889999,33156560,1444624384.0
2020-12-23,42.150002,42.470001,40.73,42.139999,23968008,1006687232.0
2020-12-24,41.900002,41.939999,39.540001,39.700001,30119100,1226802176.0
2020-12-25,39.639999,40.700001,39.330002,40.639999,21897426,882707648.0
2020-12-28,41.240002,41.369999,40.110001,40.380001,14033064,575380928.0
2020-12-29,40.389999,43.110001,40.32,42.400002,23177616,982626176.0
2020-12-30,42.16,42.200001,41.18,41.790001,18012030,755913920.0
2020-12-31,41.990002,44.080002,41.450001,43.509998,25722656,1120483072.0
2021-01-04,43.639999,45.869999,43.639999,45.349998,30794928,1401227648.0
2021-01-05,45.66,47.029999,44.990002,46.240002,39495740,1834820864.0
2021-01-06,45.950001,46.23,45.150002,45.93,19884900,914101376.0
2021-01-07,45.639999,45.740002,41.52,43.41,48037360,2096173952.0
2021-01-08,43.02,43.889999,42.189999,42.75,26597260,1149552640.0
2021-01-11,42.939999,44.82,41.869999,43.540001,26625416,1176089472.0
2021-01-12,43.48,44.849998,42.950001,44.73,17891498,797789248.0
2021-01-13,44.549999,44.73,42.990002,43.360001,21224728,933510528.0
2021-01-14,43.490002,47.59,43.490002,47.240002,41950508,1948703872.0
2021-01-15,47.080002,47.080002,42.48,42.48,51118592,2268466432.0
2021-01-18,41.34,43.939999,40.709999,42.950001,50207620,2133908992.0
2021-01-19,42.639999,46.240002,42.57,45.23,45080176,2045847424.0
2021-01-20,44.959999,45.18,43.689999,44.950001,23176756,1041072640.0
2021-01-21,45.299999,47.75,45.299999,46.93,41343488,1950201984.0
2021-01-22,47.139999,48.639999,46.439999,47.43,42199660,2018718336.0
2021-01-25,49.439999,51.459999,47.790001,50.740002,56930000,2850638336.0
2021-01-26,49.68,51.389999,48.73,49.610001,40169284,2022794496.0
2021-01-27,49.59,51.0,48.889999,49.279999,26520232,1329214208.0
2021-01-28,48.23,48.650002,44.32,44.740002,42263660,1962584960.0
2021-01-29,45.060001,45.709999,41.66,42.73,41596816,1819330432.0
2021-02-01,42.16,43.509998,42.130001,42.290001,22379412,965015040.0
2021-02-02,42.59,42.84,41.139999,41.830002,28976088,1218177664.0
2021-02-03,42.0,42.540001,41.139999,41.240002,25859356,1090235392.0
2021-02-04,41.240002,41.240002,37.080002,39.220001,67610144,2596798976.0
2021-02-05,39.240002,40.240002,38.259998,39.25,25490124,1015063552.0
2021-02-08,39.259998,39.939999,38.860001,39.200001,17354416,689206272.0
2021-02-09,39.639999,41.639999,38.990002,40.790001,19969868,814787456.0
2021-02-10,41.529999,43.07,41.52,42.900002,23921576,1027111360.0
2021-02-18,44.439999,44.939999,41.91,42.580002,25180552,1096407552.0
2021-02-19,42.59,42.599998,40.240002,41.09,25147240,1042748288.0
2021-02-22,41.09,41.459999,40.240002,40.27,19225020,789376896.0
2021-02-23,39.869999,40.27,38.669998,38.889999,22130402,880010368.0
2021-02-24,39.279999,39.43,38.169998,38.799999,21788352,850700800.0
2021-02-25,38.919998,39.099998,37.139999,37.639999,29504904,1120166656.0
2021-02-26,36.639999,36.939999,36.220001,36.540001,24301204,897460928.0
2021-03-01,36.889999,37.380001,36.529999,37.32,14333619,535693504.0
2021-03-02,37.32,37.32,34.939999,35.200001,39644528,1429588864.0
2021-03-03,34.860001,35.610001,34.639999,35.439999,19439374,689658560.0
2021-03-04,35.34,35.34,33.389999,33.470001,30414900,1048780992.0
2021-03-05,32.639999,33.310001,32.220001,32.75,30563638,1010995008.0
2021-03-08,33.990002,34.09,32.32,32.740002,37070608,1242401664.0
2021-03-09,32.619999,34.900002,32.139999,34.110001,38136072,1293328768.0
2021-03-10,34.439999,34.990002,33.490002,33.610001,29350394,1014429184.0
2021-03-11,33.439999,34.0,33.09,33.689999,19855128,674720832.0
2021-03-12,33.73,33.939999,32.639999,32.77,25900308,862968128.0
2021-03-15,32.23,32.84,31.23,31.85,21023092,679589440.0
2021-03-16,32.02,32.740002,31.549999,32.540001,17117256,559411456.0
2021-03-17,32.639999,32.740002,31.690001,32.619999,13311469,434644992.0
2021-03-18,32.689999,33.52,32.66,33.040001,15563975,520764640.0
2021-03-19,32.439999,32.759998,31.65,32.060001,13292000,434103680.0
2021-03-22,32.139999,33.919998,32.139999,33.740002,20691992,696492288.0
2021-03-23,33.740002,34.240002,33.41,33.57,13878283,474632960.0
2021-03-24,33.57,33.689999,33.130001,33.459999,10167425,343049088.0
2021-03-25,33.139999,34.240002,32.970001,33.959999,15209931,520234368.0
2021-03-26,34.139999,34.939999,33.790001,34.84,17113748,596278912.0
2021-03-29,35.139999,35.189999,34.119999,34.57,18108354,634375936.0
2021-03-30,34.68,36.27,34.41,36.040001,24084868,864155392.0
2021-03-31,35.75,36.400002,35.25,35.349998,15438737,556829312.0
2021-04-01,35.119999,35.509998,34.860001,35.119999,11339256,402262720.0
2021-04-02,35.290001,36.220001,34.810001,34.849998,17057586,611744384.0
2021-04-06,35.049999,36.57,35.049999,36.060001,19321224,703298560.0
2021-04-07,36.139999,36.290001,35.290001,35.599998,11085794,398832960.0
2021-04-08,35.419998,35.860001,35.209999,35.630001,8045726,289085024.0
2021-04-09,35.5,36.18,34.84,35.919998,13631528,489955520.0
2021-04-12,35.790001,35.919998,34.16,34.299999,12382029,436781536.0
2021-04-13,34.169998,35.139999,34.139999,34.82,8845580,310995712.0
2021-04-14,34.830002,35.900002,34.650002,35.790001,12416541,444676064.0
2021-04-15,35.84,36.400002,35.490002,36.040001,10957701,398684448.0
2021-04-16,36.139999,36.900002,35.240002,35.599998,12790420,462528224.0
2021-04-19,35.549999,36.540001,35.23,36.360001,11691099,426592224.0
2021-04-20,36.41,36.540001,35.84,36.040001,9133215,334145984.0
2021-04-21,35.82,36.09,35.490002,35.630001,6638549,239757360.0
2021-04-22,35.630001,35.740002,35.189999,35.25,8950843,319738112.0
2021-04-23,35.139999,35.919998,34.93,35.369999,10371737,371459616.0
2021-04-26,35.369999,36.040001,33.119999,33.470001,24538208,855531456.0
2021-04-27,33.57,34.73,32.790001,34.5,15525321,531720544.0
2021-04-28,34.32,34.939999,34.139999,34.580002,8496231,296071072.0
2021-04-29,34.139999,34.439999,33.09,33.490002,25808432,872989888.0
2021-04-30,33.669998,33.869999,32.68,32.84,14460692,485960864.0
2021-05-06,32.939999,33.119999,32.189999,32.34,12092136,397905920.0
2021-05-07,32.34,32.82,31.75,31.940001,11055807,360603360.0
2021-05-10,32.130001,32.740002,31.32,32.16,12343800,400331456.0
2021-05-11,31.84,32.549999,31.59,32.240002,11803302,382405760.0
2021-05-12,32.139999,32.299999,31.34,31.98,13216379,424648448.0
2021-05-13,31.780001,31.9,30.74,30.879999,16426606,517382432.0
2021-05-14,31.15,31.58,30.84,31.49,13930170,440964864.0
2021-05-17,31.84,34.66,31.84,34.470001,39405376,1357259264.0
2021-05-18,33.84,34.209999,33.209999,33.889999,19163996,649950528.0
2021-05-19,33.959999,34.360001,33.439999,34.290001,16408443,561070592.0
2021-05-20,35.09,35.310001,34.27,35.240002,24378522,856295104.0
2021-05-21,35.049999,35.099998,33.290001,33.639999,22493698,767415808.0
2021-05-24,33.59,35.259998,33.220001,35.099998,21380296,744037632.0
2021-05-25,35.310001,36.860001,34.900002,36.73,34976960,1271027200.0
2021-05-26,36.84,37.41,36.43,36.439999,19913832,736380224.0
2021-05-27,36.290001,36.740002,35.959999,36.279999,13245129,482613472.0
2021-05-28,36.290001,36.470001,35.349998,36.040001,16446487,593351936.0
2021-05-31,36.040001,36.610001,35.540001,36.09,14772000,532850048.0
2021-06-01,35.860001,36.09,34.84,35.18,19784740,701216704.0
2021-06-02,35.34,35.419998,33.290001,33.540001,32916400,1122862208.0
2021-06-03,33.650002,34.0,32.720001,32.869999,25997612,867864128.0
2021-06-04,32.869999,33.490002,32.48,33.150002,24974308,828156352.0
2021-06-07,33.16,34.639999,33.16,34.25,19441084,665195904.0
2021-06-08,34.529999,34.709999,33.529999,33.669998,17090076,583357376.0
2021-06-09,33.5,33.990002,33.279999,33.790001,11414177,385006880.0
2021-06-10,33.369999,35.490002,33.360001,35.139999,31733596,1105056000.0
2021-06-11,35.439999,36.040001,34.860001,35.459999,35280632,1257357952.0
2021-06-15,35.310001,35.310001,33.349998,34.009998,27789800,948124416.0
2021-06-16,33.52,33.759998,32.759998,32.82,23820452,792985856.0
2021-06-17,32.650002,33.389999,32.5,33.139999,17928900,592446400.0
2021-06-18,33.09,33.540001,32.169998,32.34,22650716,744530624.0
2021-06-21,32.139999,33.240002,31.74,33.119999,17457118,573112576.0
2021-06-22,33.119999,33.450001,32.470001,32.66,13578239,448480576.0
2021-06-23,32.439999,33.5,31.459999,33.32,32438412,1062831488.0
2021-06-24,33.029999,33.279999,32.34,32.580002,16266168,533380736.0
2021-06-25,32.580002,32.82,32.34,32.59,13117118,429606624.0
2021-06-28,32.57,32.619999,31.950001,32.189999,13321186,430832448.0
2021-06-29,32.32,32.959999,32.150002,32.360001,12727272,416309504.0
2021-06-30,32.360001,33.220001,32.23,33.099998,15167888,502220480.0
2021-07-01,33.099998,33.220001,32.509998,32.509998,11304068,371794592.0
2021-07-02,32.34,32.34,31.209999,31.389999,24185506,767965568.0
2021-07-05,31.389999,31.76,30.92,31.299999,11628406,365887840.0
2021-07-06,31.389999,31.389999,30.84,31.1,10193717,317488256.0
2021-07-07,31.01,31.48,30.91,31.33,8623715,270855072.0
2021-07-08,31.42,31.49,29.84,30.139999,28079542,859182144.0
2021-07-09,30.1,30.76,29.360001,30.65,19660098,597140608.0
2021-07-12,30.83,32.790001,30.450001,32.240002,32642452,1050809856.0
2021-07-13,32.639999,33.73,32.279999,33.060001,28136222,939174848.0
2021-07-14,33.619999,33.619999,32.43,32.639999,13726340,450923680.0
2021-07-15,32.48,32.939999,31.959999,32.330002,9871401,320702240.0
2021-07-16,32.450001,32.619999,31.73,31.83,11426995,367327648.0
2021-07-19,31.57,33.330002,31.219999,33.150002,21239060,693421184.0
2021-07-20,32.84,32.84,31.77,32.040001,14228278,459546176.0
2021-07-21,31.75,35.259998,31.75,35.259998,52031348,1813489408.0
2021-07-22,35.34,37.009998,34.75,36.439999,64610692,2336161536.0
2021-07-23,36.860001,37.02,35.290001,36.52,33363472,1212210304.0
2021-07-26,35.98,36.389999,33.84,35.099998,30309752,1067424768.0
2021-07-27,35.099998,37.299999,34.849998,36.130001,39102700,1426873728.0
2021-07-28,35.900002,37.540001,35.849998,36.27,36071844,1332444800.0
2021-07-29,37.209999,38.040001,36.209999,36.380001,34049536,1261981440.0
2021-07-30,36.529999,36.599998,35.23,35.639999,19951204,714660800.0
2021-08-02,36.439999,39.220001,36.439999,39.220001,44707264,1723861504.0
2021-08-03,39.84,42.75,39.740002,41.049999,66985592,2777176832.0
2021-08-04,41.220001,41.720001,40.16,41.23,35230972,1449002624.0
2021-08-05,41.060001,41.060001,39.419998,39.849998,30353778,1220923520.0
2021-08-06,39.84,40.139999,38.240002,39.029999,27047232,1052161792.0
2021-08-09,38.689999,41.040001,38.66,41.029999,38601672,1553406976.0
2021-08-10,40.639999,41.380001,39.5,41.060001,26826308,1085617536.0
2021-08-11,40.529999,40.98,39.889999,40.040001,13853165,558764032.0
2021-08-12,40.009998,41.200001,39.799999,39.900002,18300192,742369344.0
2021-08-13,39.07,39.400002,37.740002,37.75,26340852,1010870080.0
2021-08-16,37.73,38.900002,37.439999,38.240002,13765117,528054752.0
2021-08-17,38.150002,38.5,36.110001,36.419998,21479872,799705024.0
2021-08-18,36.619999,37.439999,36.25,37.09,16030636,594973440.0
2021-08-19,37.540001,38.360001,35.639999,35.990002,31963144,1176558848.0
2021-08-20,35.990002,36.84,35.130001,35.889999,24914810,900741440.0
2021-08-23,36.080002,37.799999,35.650002,36.950001,36524416,1349788544.0
2021-08-24,37.0,37.34,36.439999,37.110001,21614480,799876352.0
2021-08-25,37.290001,37.389999,35.240002,35.84,23905458,862932736.0
2021-08-26,35.639999,35.77,34.82,34.84,20560322,727925888.0
2021-08-27,34.639999,35.290001,34.18,35.200001,15167176,529824960.0
2021-08-30,35.860001,36.220001,34.299999,34.52,20369518,720865472.0
2021-08-31,34.509998,34.810001,32.880001,33.34,28510008,957249792.0
2021-09-01,33.529999,33.630001,32.560001,33.189999,17197304,572061696.0
2021-09-02,33.299999,33.400002,32.209999,32.419998,17166156,562313920.0
2021-09-03,32.630001,33.029999,32.369999,32.560001,13611515,447096608.0
2021-09-06,32.389999,33.299999,32.389999,33.220001,16108084,534447776.0
2021-09-07,33.389999,33.720001,33.16,33.560001,14370098,482919520.0
2021-09-08,33.630001,33.639999,32.740002,32.98,15323731,508638464.0
2021-09-09,32.84,32.950001,32.52,32.650002,12515877,410880224.0
2021-09-10,32.720001,33.189999,32.59,32.790001,14337611,472759168.0
2021-09-13,32.650002,32.709999,31.41,32.490002,25846092,828178496.0
2021-09-14,32.209999,33.380001,31.99,32.060001,20798598,684098112.0
2021-09-15,32.09,32.16,31.34,31.74,12700622,403954880.0
2021-09-16,31.790001,32.02,31.549999,31.73,11402729,364364320.0
2021-09-17,31.610001,32.830002,31.43,32.779999,15335624,495745504.0
2021-09-22,32.599998,33.5,31.809999,32.639999,14133296,468013248.0
2021-09-23,32.540001,33.52,32.48,32.84,17462884,580128832.0
2021-09-24,32.990002,34.380001,32.860001,33.830002,26530688,897877632.0
2021-09-27,33.84,34.549999,32.950001,33.419998,15673389,531746720.0
2021-09-28,33.48,33.939999,32.779999,32.84,12724665,425658176.0
2021-09-29,32.84,32.84,32.040001,32.34,10540035,342699712.0
2021-09-30,32.66,33.43,32.439999,32.970001,15869987,525671936.0
2021-10-08,33.169998,34.790001,33.139999,34.110001,18566592,634331648.0
2021-10-11,34.189999,34.549999,33.779999,34.040001,9421670,322936384.0
2021-10-12,33.84,34.040001,33.27,33.419998,7999300,269768512.0
2021-10-13,33.66,33.939999,33.02,33.75,7118246,240420752.0
2021-10-14,33.799999,34.02,32.84,33.130001,10942898,364669248.0
2021-10-15,33.380001,34.23,33.040001,33.810001,15722951,533497376.0
2021-10-18,33.810001,33.84,32.650002,32.68,14953720,496734048.0
2021-10-19,32.73,33.099998,31.940001,32.540001,10850747,353307232.0
2021-10-20,32.860001,33.240002,32.790001,32.869999,12858124,426972896.0
2021-10-21,32.869999,33.040001,32.189999,32.32,7080546,230925520.0
2021-10-22,32.34,32.689999,32.150002,32.509998,8427996,275014016.0
2021-10-25,32.34,32.630001,32.189999,32.529999,7471514,243720752.0
2021-10-26,32.360001,32.639999,31.440001,31.59,18747660,600900160.0
2021-10-27,31.57,31.59,30.23,30.41,16539961,510894208.0
2021-10-28,30.41,31.01,30.26,30.57,9732584,300127968.0
2021-10-29,30.790001,31.799999,30.77,31.639999,14452077,452974048.0
2021-11-01,31.610001,31.610001,29.139999,30.719999,38182404,1153056896.0
2021-11-02,30.34,32.389999,30.24,31.25,31772770,1012874240.0
2021-11-03,31.41,32.02,31.1,31.43,13566879,429564448.0
2021-11-04,31.42,32.110001,31.24,31.610001,12936325,412272000.0
2021-11-05,31.860001,32.060001,31.52,31.83,10592780,338696416.0
2021-11-08,31.99,32.18,31.52,31.6,10581227,337737696.0
2021-11-09,31.35,32.630001,31.290001,32.439999,14771350,476037792.0
2021-11-10,32.419998,32.639999,31.74,32.330002,12894205,416085568.0
2021-11-11,32.139999,32.360001,31.639999,32.290001,11015911,354239424.0
2021-11-12,32.279999,33.169998,32.009998,32.860001,15103927,496096320.0
2021-11-15,32.75,33.490002,32.450001,32.52,13263643,438884160.0
2021-11-16,32.630001,32.990002,32.200001,32.689999,9762149,320221120.0
2021-11-17,32.59,32.610001,31.540001,31.74,14197841,455378208.0
2021-11-18,31.639999,31.780001,30.91,30.940001,11542593,361049760.0
2021-11-19,31.08,31.16,30.719999,30.959999,8541094,265482592.0
2021-11-22,31.200001,32.400002,30.9,31.959999,16104396,514113472.0
2021-11-23,31.75,31.9,31.34,31.57,11402383,361134688.0
2021-11-24,31.360001,31.440001,30.940001,31.280001,10609824,331917600.0
2021-11-25,31.389999,31.49,31.0,31.190001,8098377,254026480.0
2021-11-26,31.16,31.16,30.76,30.940001,9102479,282830048.0
2021-11-29,30.59,30.82,30.120001,30.49,13919462,426092800.0
2021-11-30,30.700001,32.720001,30.67,32.380001,30831260,990314112.0
2021-12-01,32.799999,32.990002,32.419998,32.630001,15818803,519036608.0
2021-12-02,32.790001,33.16,32.150002,32.34,10323309,337211616.0
2021-12-03,32.34,32.84,31.540001,31.99,12932821,415571616.0
2021-12-06,31.84,31.940001,31.09,31.139999,20670580,650165376.0
2021-12-07,31.42,31.719999,31.049999,31.719999,12465914,393612608.0
2021-12-08,31.84,34.91,31.83,34.91,48576636,1659356928.0
2021-12-09,35.830002,37.48,35.48,36.220001,85061824,3103371264.0
2021-12-10,36.639999,36.639999,35.150002,35.689999,33314550,1193968768.0
2021-12-13,35.639999,36.139999,35.189999,35.759998,27450904,985208320.0
2021-12-14,35.759998,36.119999,35.27,35.799999,19678560,707193088.0
2021-12-15,36.290001,36.34,35.349998,35.540001,13714693,492148288.0
2021-12-16,35.84,36.169998,35.48,35.84,13519676,486382400.0
2021-12-17,35.889999,36.0,34.990002,35.34,17565714,624401536.0
2021-12-20,35.369999,35.91,34.240002,34.540001,20406532,718702336.0
2021-12-21,34.549999,34.93,33.700001,34.5,15528130,535225024.0
2021-12-22,34.689999,35.040001,34.080002,34.34,15660711,541837376.0
2021-12-23,34.59,34.93,33.990002,34.790001,13035158,452260608.0
2021-12-24,34.740002,35.939999,34.5,35.450001,16023211,568927744.0
2021-12-27,35.84,36.310001,35.040001,36.150002,13493459,486250592.0
2021-12-28,36.240002,36.419998,35.599998,35.84,12473763,450152512.0
2021-12-29,35.75,36.119999,35.119999,35.27,9305108,332216288.0
2021-12-30,35.09,36.02,35.060001,35.810001,16246235,581976832.0
2021-12-31,35.919998,37.0,35.639999,35.720001,20313940,740203648.0
2022-01-04,35.439999,36.09,35.139999,35.91,14083834,503340672.0
2022-01-05,35.84,38.34,35.810001,37.369999,43377736,1629339520.0
2022-01-06,36.939999,37.369999,35.25,36.209999,21963258,796505024.0
2022-01-07,35.970001,36.200001,35.34,35.400002,11280816,403514688.0
2022-01-10,35.389999,36.02,34.330002,35.240002,20236966,718726848.0
2022-01-11,34.959999,35.439999,33.040001,33.349998,30197632,1027203200.0
2022-01-12,33.389999,34.990002,33.139999,34.889999,35222340,1208911104.0
2022-01-13,35.34,37.02,34.77,34.84,28196292,1012706880.0
2022-01-14,34.490002,36.939999,34.459999,36.34,29174504,1067351680.0
2022-01-17,37.029999,39.990002,36.939999,39.59,63098272,2454904576.0
2022-01-18,39.32,39.990002,38.18,38.650002,38276904,1498623232.0
2022-01-19,38.220001,38.950001,37.639999,38.720001,23346488,897596928.0
2022-01-20,38.52,38.939999,37.580002,38.580002,16245819,626718144.0
2022-01-21,38.32,38.919998,37.540001,38.389999,18948836,725655424.0
2022-01-24,37.970001,40.169998,37.889999,39.02,28253996,1118107392.0
2022-01-25,39.009998,39.18,37.439999,37.639999,19527684,748401408.0
2022-01-26,38.400002,39.240002,36.66,37.75,25892024,976106176.0
2022-01-27,37.529999,37.529999,35.689999,35.84,24033778,877978688.0
2022-01-28,35.84,36.330002,34.700001,34.75,26931330,959023424.0
2022-02-07,36.470001,36.470001,34.84,34.959999,16001622,569886016.0
2022-02-08,34.880001,36.279999,34.689999,35.990002,23523380,837964864.0
2022-02-09,36.040001,37.419998,35.759998,36.290001,25066944,915945152.0
2022-02-10,36.240002,36.240002,34.84,35.34,15981450,568802752.0
2022-02-11,35.369999,35.720001,32.919998,33.34,36621848,1243855872.0
2022-02-14,32.779999,33.09,31.5,31.84,33844200,1090472576.0
2022-02-15,32.150002,32.84,31.950001,32.709999,19054792,620957184.0
2022-02-16,33.02,33.029999,32.02,32.23,14551510,473572128.0
2022-02-17,32.419998,32.66,31.450001,32.360001,17905996,578374784.0
2022-02-18,32.34,32.509998,31.719999,32.029999,20218780,650988992.0
2022-02-21,32.189999,33.040001,32.169998,33.02,23718026,778406528.0
2022-02-22,32.509998,32.580002,31.74,31.92,20623648,664364928.0
2022-02-23,31.99,32.68,31.82,32.57,22438652,726850240.0
2022-02-24,32.139999,32.52,30.34,30.91,35460244,1114188416.0
2022-02-25,31.290001,31.700001,30.879999,31.24,19965166,627173184.0
2022-02-28,31.25,31.48,30.84,31.190001,11736927,367472640.0
2022-03-01,31.200001,31.440001,30.75,31.209999,14508129,452460640.0
2022-03-02,31.01,31.15,30.75,30.889999,12161872,377792832.0
2022-03-03,31.290001,31.370001,30.639999,30.690001,17460574,541726336.0
2022-03-04,30.389999,30.690001,29.48,29.82,29880144,899365760.0
2022-03-07,29.41,29.440001,27.370001,27.639999,36720432,1036707072.0
2022-03-08,27.790001,28.139999,26.639999,26.82,35974968,985553216.0
2022-03-09,26.85,27.01,25.059999,26.049999,35191144,918478016.0
2022-03-10,26.77,26.790001,25.18,25.49,34481640,895013568.0
2022-03-11,24.35,25.66,24.280001,25.450001,35524548,886157184.0
2022-03-14,25.09,25.83,24.51,24.66,30422756,765649536.0
2022-03-15,24.719999,24.959999,23.27,23.34,35189912,855633216.0
2022-03-16,23.93,25.530001,23.700001,25.23,49629612,1226678656.0
2022-03-17,25.799999,26.120001,25.139999,25.27,36380496,934143360.0
2022-03-18,25.4,25.4,24.870001,25.280001,16829104,425708832.0
2022-03-21,24.639999,25.23,23.84,24.42,59056588,1454631552.0
2022-03-22,24.68,24.719999,23.530001,24.24,37728480,914737920.0
2022-03-23,24.190001,25.0,24.059999,24.43,28012068,689663488.0
2022-03-24,24.139999,24.25,22.84,23.16,60685748,1424732544.0
2022-03-25,23.33,23.67,22.940001,23.059999,31159332,731200384.0
2022-03-28,22.959999,23.040001,22.530001,22.870001,19832836,455557824.0
2022-03-29,23.02,23.030001,22.5,22.76,16490269,378327616.0
2022-03-30,23.110001,23.32,22.709999,23.16,22351106,517804064.0
2022-03-31,23.23,23.23,22.530001,22.74,18917838,433037920.0
2022-04-01,22.5,22.83,22.26,22.68,21726292,494317728.0
2022-04-06,22.59,22.67,22.129999,22.24,20135104,453340640.0
2022-04-07,22.370001,22.370001,21.5,21.51,20740564,456559424.0
2022-04-08,21.6,21.639999,21.049999,21.26,15330887,328812416.0
2022-04-11,21.0,21.209999,20.290001,20.389999,23857992,494764736.0
2022-04-12,20.440001,21.26,19.940001,21.23,33494556,700901376.0
2022-04-13,20.969999,21.16,20.67,20.67,16319804,343951360.0
2022-04-14,21.1,21.190001,20.530001,20.860001,13332252,279496800.0
2022-04-15,20.73,20.860001,20.42,20.629999,12825389,266753968.0
2022-04-18,20.66,20.84,20.299999,20.83,10869830,225895712.0
2022-04-19,20.809999,21.549999,20.139999,20.26,23542556,489407456.0
2022-04-20,20.459999,21.120001,20.25,20.299999,24464800,508977408.0
2022-04-21,20.17,20.530001,19.49,19.6,21405004,431361824.0
2022-04-22,19.49,19.700001,18.99,19.34,17342106,338050624.0
2022-04-25,19.02,19.02,17.66,17.67,26291300,485410752.0
2022-04-26,17.67,17.83,16.74,16.780001,35599808,618786880.0
2022-04-27,16.52,17.610001,16.370001,17.57,31355892,538486784.0
2022-04-28,17.59,18.02,17.24,17.540001,21990112,387996640.0
2022-04-29,17.719999,19.190001,17.57,18.98,39380708,736722112.0
2022-05-05,18.459999,18.719999,18.040001,18.32,30993436,574756800.0
2022-05-06,17.83,19.200001,17.440001,18.16,36424952,673100096.0
2022-05-09,17.780001,18.379999,17.65,17.860001,18724024,338774656.0
2022-05-10,17.51,18.370001,17.440001,18.200001,21999558,400970560.0
2022-05-11,18.309999,18.99,18.040001,18.459999,26100554,489556480.0
2022-05-12,18.49,19.01,18.35,18.66,23114746,434813504.0
2022-05-13,18.84,18.92,18.4,18.549999,11958675,222749760.0
2022-05-16,18.620001,18.99,18.48,18.620001,16819216,315289216.0
2022-05-17,18.530001,18.639999,18.219999,18.59,14327890,265426800.0
2022-05-18,18.690001,19.17,18.65,18.780001,17763260,335716160.0
2022-05-19,18.43,18.52,17.85,18.09,29605464,538087104.0
2022-05-20,18.25,19.440001,18.200001,19.139999,50338208,951030464.0
2022-05-23,19.290001,19.360001,18.709999,18.82,23514338,444959584.0
2022-05-24,18.84,19.280001,17.809999,17.84,33929992,631754560.0
2022-05-25,17.99,18.49,17.84,18.0,19383704,351439136.0
2022-05-26,18.030001,18.25,17.58,18.0,20869148,375543360.0
2022-05-27,18.200001,18.41,17.84,18.059999,18625724,339017696.0
2022-05-30,18.200001,18.879999,17.860001,18.559999,26491146,491215392.0
2022-05-31,18.6,19.42,18.41,19.299999,36000432,685979584.0
2022-06-01,19.280001,19.51,18.77,18.98,22976528,439614944.0
2022-06-02,18.91,19.190001,18.66,19.18,18561832,353544192.0
2022-06-06,19.139999,20.120001,19.07,19.98,37546264,745399872.0
2022-06-07,20.27,20.27,19.57,19.74,30845296,613039360.0
2022-06-08,20.040001,20.620001,19.790001,20.120001,35365432,714111040.0
2022-06-09,19.98,20.040001,19.120001,19.219999,36148604,703590784.0
2022-06-10,19.0,19.360001,18.940001,19.24,28598180,547949568.0
2022-06-13,18.940001,19.360001,18.879999,19.17,19307572,370443328.0
2022-06-14,19.0,19.24,18.459999,19.219999,25074640,474156544.0
2022-06-15,19.209999,20.290001,19.129999,19.84,50046528,996335552.0
2022-06-16,19.84,20.59,19.74,20.110001,30035184,609058496.0
2022-06-17,19.969999,20.360001,19.76,20.129999,23055724,463817952.0
2022-06-20,20.15,20.620001,19.85,20.32,30348652,616060096.0
2022-06-21,20.32,20.41,19.82,20.129999,24928968,500922304.0
2022-06-22,20.1,20.309999,19.34,19.4,29019272,573353792.0
2022-06-23,19.57,19.9,19.139999,19.9,25648326,504178080.0
2022-06-24,20.040001,20.23,19.790001,20.08,25420566,510236416.0
2022-06-27,20.040001,20.82,19.93,20.290001,35986204,734252096.0
2022-06-28,20.32,20.32,19.82,20.190001,38214104,766571968.0
2022-06-29,20.200001,22.219999,20.200001,22.219999,63736104,1358561280.0
2022-06-30,22.290001,22.34,21.32,21.65,87206408,1893518080.0
2022-07-01,21.77,22.290001,21.34,22.040001,54878572,1205189504.0
2022-07-04,22.23,22.24,21.290001,21.690001,45002780,974949504.0
2022-07-05,21.48,21.860001,20.709999,20.98,42383704,898329600.0
2022-07-06,20.98,21.35,20.59,20.790001,28869710,606906304.0
2022-07-07,20.77,20.969999,20.450001,20.84,22782972,473962400.0
2022-07-08,20.93,21.200001,20.51,20.559999,28913216,604882880.0
2022-07-11,20.49,20.540001,19.790001,19.93,26268722,526283360.0
2022-07-12,19.77,20.059999,19.450001,19.450001,20781572,410249312.0
2022-07-13,19.4,19.620001,19.309999,19.51,16041806,313422528.0
2022-07-14,19.379999,19.6,19.15,19.23,20092524,390769536.0
2022-07-15,19.530001,19.93,19.16,19.16,30983376,606859968.0
2022-07-18,19.17,20.030001,18.860001,19.959999,33894516,667068800.0
2022-07-19,19.940001,20.889999,19.860001,20.77,45491384,934950016.0
2022-07-20,20.76,21.42,20.709999,21.34,43220016,918679296.0
2022-07-21,21.24,21.84,20.950001,20.99,31764942,677618304.0
2022-07-22,20.99,21.219999,20.440001,20.68,26162672,544613504.0
2022-07-25,20.709999,20.790001,20.08,20.15,20115420,409310048.0
2022-07-26,20.24,21.639999,20.219999,21.139999,39886656,840006336.0
2022-07-27,21.139999,21.6,21.02,21.299999,36083768,771480832.0
2022-07-28,21.440001,21.530001,20.940001,20.940001,28219888,598544896.0
2022-07-29,21.040001,21.290001,20.690001,20.790001,23082412,484387072.0
2022-08-01,20.67,20.83,20.389999,20.530001,26713028,551724480.0
2022-08-02,20.360001,20.4,19.440001,19.84,29829936,592894016.0
2022-08-03,19.879999,21.190001,19.879999,20.51,48453800,1010241280.0
2022-08-04,20.82,21.190001,20.35,20.92,29619904,618883136.0
2022-08-05,21.07,22.24,20.940001,22.129999,51588548,1124644224.0
2022-08-08,21.940001,22.190001,21.389999,21.709999,32895594,713508032.0
2022-08-09,21.860001,21.860001,21.299999,21.58,21361884,459956032.0
2022-08-10,21.530001,21.59,21.049999,21.23,20567676,438731072.0
2022-08-11,21.35,21.84,21.200001,21.74,25994198,562456192.0
2022-08-12,21.66,21.709999,21.139999,21.549999,26155204,563238592.0
2022-08-15,21.530001,21.530001,21.1,21.17,18352920,391017408.0
2022-08-16,21.15,21.299999,20.709999,20.77,20596712,431418464.0
2022-08-17,20.77,21.190001,20.58,21.120001,16627624,349296320.0
2022-08-18,20.98,21.059999,20.639999,20.82,13990134,291651168.0
2022-08-19,20.85,21.290001,20.27,20.33,23755144,492781472.0
2022-08-22,20.389999,21.690001,20.02,21.16,40537332,862270208.0
2022-08-23,21.139999,21.92,20.99,21.690001,36946564,801228032.0
2022-08-24,21.629999,21.629999,20.549999,20.629999,31724144,670032832.0
2022-08-25,20.82,20.879999,20.030001,20.42,26608962,544377152.0
2022-08-26,20.389999,20.540001,19.92,19.940001,23034764,464981280.0
2022-08-29,19.639999,19.82,18.780001,19.23,37608632,725580608.0
2022-08-30,19.139999,20.120001,18.99,20.01,30500094,604325248.0
2022-08-31,19.870001,20.440001,19.75,20.030001,20740860,418614944.0
2022-09-01,20.040001,21.02,19.92,20.309999,31172602,645186880.0
2022-09-02,20.59,20.59,20.01,20.09,14996900,303552576.0
2022-09-05,19.950001,20.040001,19.6,19.73,11199242,221611648.0
2022-09-06,19.870001,19.889999,19.440001,19.65,12935496,254176400.0
2022-09-07,19.629999,19.76,19.34,19.559999,15003812,293995488.0
2022-09-08,19.57,20.0,19.16,19.27,18133928,353598048.0
2022-09-09,19.33,19.57,19.139999,19.48,10533296,205319104.0
2022-09-13,19.530001,20.02,19.49,19.52,15092777,298190784.0
2022-09-14,19.299999,19.76,19.120001,19.65,12451807,243113776.0
2022-09-15,19.66,19.99,19.190001,19.389999,17372072,340126112.0
2022-09-16,19.290001,20.129999,19.290001,19.469999,29680442,588883584.0
2022-09-19,19.469999,19.49,17.92,17.969999,36063772,662724608.0
2022-09-20,17.93,18.17,17.879999,18.129999,13271331,240239728.0
2022-09-21,18.02,18.360001,17.5,18.23,16573345,299650944.0
2022-09-22,18.07,19.26,18.02,18.43,24543124,461587040.0
2022-09-23,18.49,18.629999,17.92,17.99,14382416,262196256.0
2022-09-26,17.84,18.120001,17.629999,17.700001,13117579,234554336.0
2022-09-27,17.74,18.139999,17.34,18.049999,14943674,265717632.0
2022-09-28,18.0,18.16,17.73,17.780001,11613693,209368128.0
2022-09-29,17.959999,18.129999,17.57,17.74,13486444,241290336.0
2022-09-30,17.65,17.870001,17.540001,17.540001,12440366,220111536.0
2022-10-10,17.639999,17.709999,16.91,16.959999,16213780,279964768.0
2022-10-11,17.16,17.16,16.610001,16.67,13339814,224408672.0
2022-10-12,16.68,17.379999,16.219999,17.32,22326164,374769856.0
2022-10-13,17.209999,18.43,17.110001,18.030001,30249870,545529408.0
2022-10-14,17.98,18.559999,17.969999,18.35,20096896,369718496.0
2022-10-17,18.49,19.639999,18.42,19.290001,33622468,649327168.0
2022-10-18,19.290001,19.57,18.99,19.17,21952770,423678784.0
2022-10-19,19.17,19.24,18.790001,18.969999,15835716,301071584.0
2022-10-20,18.84,19.93,18.799999,19.370001,25999156,507081984.0
2022-10-21,19.33,19.52,19.02,19.280001,14022491,270657440.0
2022-10-24,19.290001,21.209999,19.290001,20.6,76451712,1579634176.0
2022-10-25,20.440001,21.73,20.370001,21.17,64905480,1376640768.0
2022-10-26,20.99,23.290001,20.9,23.290001,60116880,1365133952.0
2022-10-27,24.450001,25.57,23.799999,24.870001,120033808,2975193344.0
2022-10-28,24.33,25.32,23.190001,23.540001,106488160,2587474944.0
2022-10-31,23.219999,25.32,23.190001,24.379999,93179336,2275026176.0
2022-11-01,24.139999,26.82,23.860001,25.940001,88310504,2255666432.0
2022-11-02,25.440001,27.24,25.0,27.24,79313536,2053393792.0
2022-11-03,26.440001,26.629999,24.51,24.559999,82750080,2105921280.0
2022-11-04,24.440001,25.040001,24.09,24.709999,44824584,1106874880.0
2022-11-07,24.59,25.75,24.129999,24.450001,41911972,1038646656.0
2022-11-08,24.459999,25.34,23.799999,25.09,56292032,1394015104.0
2022-11-09,24.639999,24.950001,23.940001,24.549999,26719906,656472832.0
2022-11-10,24.48,25.1,24.07,24.15,35417192,866974272.0
2022-11-11,24.92,25.09,23.700001,24.389999,50773444,1237296512.0
2022-11-14,24.24,24.719999,23.639999,24.4,36626848,886773056.0
2022-11-15,24.52,25.469999,24.27,24.459999,51111476,1271393664.0
2022-11-16,24.639999,25.200001,24.34,24.879999,38409032,956201024.0
2022-11-17,25.139999,26.620001,24.530001,26.559999,78313744,2001455488.0
2022-11-18,26.190001,28.32,25.610001,25.959999,80468328,2171677696.0
2022-11-21,25.799999,26.1,23.360001,24.18,94044704,2284299008.0
2022-11-22,23.74,24.0,22.84,23.57,59536148,1400712704.0
2022-11-23,23.440001,23.889999,23.040001,23.530001,32350042,762268096.0
2022-11-24,23.719999,23.74,22.82,23.040001,38248472,889972544.0
2022-11-25,23.030001,23.52,22.67,22.85,26400284,608880832.0
2022-11-28,22.290001,23.0,21.889999,22.469999,26830284,604988992.0
2022-11-29,22.49,22.93,22.139999,22.809999,29726008,673615552.0
2022-11-30,22.74,22.85,22.32,22.85,17852192,404641408.0
2022-12-01,22.940001,23.690001,22.77,23.32,47125740,1096062464.0
2022-12-02,22.85,23.440001,22.459999,22.52,34386584,790082880.0
2022-12-05,22.610001,23.700001,22.610001,23.1,32780538,761749760.0
2022-12-06,23.059999,23.469999,22.639999,22.780001,21241216,487981952.0
2022-12-07,22.73,22.969999,22.360001,22.629999,25145278,570758656.0
2022-12-08,22.559999,22.59,22.049999,22.290001,21084152,470782944.0
2022-12-09,22.299999,22.84,22.09,22.559999,36991164,837338752.0
2022-12-12,22.540001,23.790001,22.52,23.690001,51733732,1213395456.0
2022-12-13,23.73,23.73,22.879999,22.969999,30922368,718852416.0
2022-12-14,22.969999,23.59,22.860001,23.129999,21650500,504260800.0
2022-12-15,23.190001,23.52,22.549999,23.280001,24886240,579511360.0
2022-12-16,23.120001,23.139999,22.620001,22.799999,16942936,386783200.0
2022-12-19,22.700001,22.809999,21.92,22.07,14642808,326752096.0
2022-12-20,22.110001,22.43,21.190001,21.530001,22315932,483484864.0
2022-12-21,21.49,21.860001,21.139999,21.379999,14902332,320388480.0
2022-12-22,21.52,21.91,21.42,21.530001,14400867,312431168.0
2022-12-23,21.379999,22.84,21.34,22.540001,22772304,510755968.0
2022-12-26,22.52,22.9,22.25,22.84,13027682,296348928.0
2022-12-27,23.040001,23.200001,22.67,22.92,10668079,245250240.0
2022-12-28,22.98,23.379999,22.6,22.940001,14264921,329285024.0
2022-12-29,22.82,23.950001,22.77,23.74,35297160,836207296.0
2022-12-30,23.790001,24.34,23.67,24.110001,23839512,576002304.0
2023-01-03,24.110001,25.02,23.940001,24.84,31709256,784420800.0
2023-01-04,24.99,25.459999,24.540001,24.82,30533244,763372224.0
2023-01-05,24.74,24.9,24.35,24.469999,23236760,572419904.0
2023-01-06,24.469999,24.540001,24.01,24.209999,19314226,468932928.0
2023-01-09,24.209999,24.43,24.040001,24.290001,15115713,367206336.0
2023-01-10,24.34,24.389999,23.84,24.059999,14155163,341228512.0
2023-01-11,24.030001,24.040001,23.389999,23.52,17432370,413834048.0
2023-01-12,23.610001,23.91,23.26,23.620001,14641097,346182496.0
2023-01-13,23.620001,23.780001,23.01,23.34,16709221,389150016.0
2023-01-16,23.34,24.139999,23.34,23.82,20765896,497116544.0
2023-01-17,23.809999,24.02,23.440001,23.59,13887386,329589536.0
2023-01-18,23.65,24.690001,23.6,24.34,23927086,583331712.0
2023-01-19,24.040001,25.43,24.040001,25.26,33761384,845874112.0
2023-01-20,25.24,26.200001,25.139999,26.02,36988828,960178624.0
2023-01-30,26.540001,26.67,24.85,24.889999,57376600,1455505920.0
2023-01-31,25.059999,25.42,24.34,24.450001,34085584,845550912.0
2023-02-01,24.49,24.68,24.27,24.66,32767752,803494336.0
2023-02-02,24.940001,26.620001,24.74,25.66,53136044,1365928192.0
2023-02-03,25.440001,26.389999,25.25,26.190001,33734284,874852288.0
2023-02-06,26.059999,26.42,25.299999,25.639999,36658916,946676160.0
2023-02-07,25.540001,25.639999,24.93,25.1,23290828,588818752.0
2023-02-08,25.110001,25.469999,24.83,24.99,22724316,573043200.0
2023-02-09,24.93,26.139999,24.26,25.780001,41620864,1049346496.0
2023-02-10,25.530001,25.700001,24.709999,24.82,30502450,767983104.0
2023-02-13,24.65,25.120001,24.559999,24.809999,21569384,537392128.0
2023-02-14,24.799999,25.02,24.4,24.43,19183418,473116832.0
2023-02-15,24.389999,25.68,24.219999,25.23,41821400,1051584192.0
2023-02-16,25.42,25.91,24.799999,25.02,34745104,883908736.0
2023-02-17,24.969999,25.09,23.129999,23.190001,47559996,1130822272.0
2023-02-20,23.190001,23.59,22.969999,23.52,23856360,556598144.0
2023-02-21,23.48,23.860001,22.950001,23.18,32477928,759664896.0
2023-02-22,23.02,23.940001,22.83,23.540001,27606968,648401536.0
2023-02-23,23.540001,23.540001,22.85,23.030001,20298496,470122496.0
2023-02-24,22.969999,23.26,22.790001,23.01,18947620,437189664.0
2023-02-27,22.860001,23.200001,22.6,22.76,17629918,402656448.0
2023-02-28,23.23,23.76,23.02,23.219999,37043708,869297728.0
2023-03-01,23.219999,25.549999,23.139999,25.549999,79016032,1960434816.0
2023-03-02,25.91,26.74,25.65,26.41,78771360,2060676864.0
2023-03-03,26.110001,26.57,25.299999,25.9,43477712,1126747776.0
2023-03-06,25.74,26.139999,25.530001,25.709999,24900012,643458048.0
2023-03-07,25.67,25.889999,24.91,24.92,24823188,628122816.0
2023-03-08,24.92,25.459999,24.92,25.27,22071092,556505856.0
2023-03-09,25.290001,25.83,24.889999,25.43,24468536,620563200.0
2023-03-10,25.030001,25.440001,24.92,25.02,19090920,481296704.0
2023-03-13,24.93,27.530001,24.700001,27.530001,59048456,1575080320.0
2023-03-14,28.219999,28.6,27.540001,27.969999,82996952,2331358208.0
2023-03-15,28.129999,28.200001,27.110001,27.360001,41822144,1152113152.0
2023-03-16,27.440001,27.59,26.9,27.0,43549292,1188138112.0
2023-03-17,27.209999,28.76,26.84,28.16,96409088,2702275328.0
2023-03-20,26.959999,26.969999,25.34,25.34,118603776,3034837504.0
2023-03-21,25.42,25.790001,24.190001,25.24,86131552,2170957568.0
2023-03-22,24.940001,24.940001,23.799999,24.17,93595152,2272307968.0
2023-03-23,23.93,24.870001,23.540001,24.84,88935184,2162385408.0
2023-03-24,24.6,26.17,24.5,25.93,104506888,2659949312.0
2023-03-27,26.0,26.34,24.540001,25.190001,87757584,2228155392.0
2023-03-28,25.200001,25.99,24.719999,25.139999,61372696,1562892288.0
2023-03-29,24.98,25.120001,24.08,24.299999,65867948,1617212032.0
2023-03-30,24.139999,24.440001,23.559999,23.68,55111604,1320641280.0
2023-03-31,23.73,25.49,23.41,25.09,84557704,2084065536.0
2023-04-03,24.969999,26.299999,24.860001,26.059999,89878432,2311374080.0
2023-04-04,26.25,26.889999,25.65,26.32,78159376,2058694912.0
2023-04-06,25.790001,26.16,25.42,25.639999,50842920,1308375424.0
2023-04-07,25.76,26.290001,25.469999,26.129999,45620448,1189040000.0
2023-04-10,26.139999,26.360001,24.42,24.469999,51628900,1308489600.0
2023-04-11,24.540001,25.209999,24.41,24.639999,37008772,917656384.0
2023-04-12,24.450001,25.52,24.34,25.040001,39036152,978975936.0
2023-04-13,24.889999,25.219999,24.290001,24.389999,38851060,961127232.0
2023-04-14,24.389999,24.959999,23.82,24.34,34438500,839445056.0
2023-04-17,24.27,24.559999,23.65,23.93,34589384,831718848.0
2023-04-18,23.93,24.08,23.49,23.73,38126236,906650880.0
2023-04-19,23.73,24.290001,23.610001,23.780001,35705556,858189696.0
2023-04-20,23.9,24.02,23.030001,23.34,40382728,947204160.0
2023-04-21,23.889999,25.040001,22.690001,22.780001,80394304,1920714752.0
2023-04-24,22.790001,22.82,21.889999,22.120001,44249664,987841600.0
2023-04-25,21.959999,22.32,21.370001,21.620001,39401308,859293184.0
2023-04-26,21.530001,21.83,21.02,21.35,32359664,695027072.0
2023-04-27,21.219999,21.66,20.85,21.09,29813384,634714112.0
2023-04-28,21.09,21.67,21.059999,21.549999,23071480,496460256.0
2023-05-04,21.139999,21.469999,20.42,20.77,37344252,777600768.0
2023-05-05,20.74,21.379999,20.690001,21.07,28029776,592089728.0
2023-05-08,21.139999,21.389999,20.889999,21.24,21608228,458151392.0
2023-05-09,21.24,21.43,20.940001,20.940001,20915902,443871072.0
2023-05-10,21.049999,21.190001,20.639999,20.809999,18149852,379899744.0
2023-05-11,20.91,21.01,20.559999,20.57,12256858,254095072.0
2023-05-12,20.6,20.639999,20.1,20.190001,16790082,341275744.0
2023-05-15,20.18,20.57,19.93,20.530001,19243330,388936288.0
2023-05-16,20.530001,20.58,20.02,20.08,13743786,278387296.0
2023-05-17,20.08,20.25,19.879999,20.01,14580516,292265472.0
2023-05-18,20.02,20.299999,19.950001,20.1,14126570,284611776.0
2023-05-19,20.08,20.290001,19.9,20.07,16432928,330069024.0
2023-05-22,20.07,20.120001,19.709999,20.0,13018208,258868304.0
2023-05-23,19.950001,20.040001,19.709999,19.709999,12084364,239729024.0
2023-05-24,19.610001,19.82,19.379999,19.629999,15423749,302568832.0
2023-05-25,19.629999,19.799999,19.24,19.43,15661185,304776384.0
2023-05-26,19.43,19.540001,19.24,19.42,10773208,208711984.0
2023-05-29,19.42,19.57,19.040001,19.26,15916580,306993792.0
2023-05-30,19.25,19.58,18.950001,19.58,17551372,339294464.0
2023-05-31,19.5,20.08,19.469999,19.879999,25067130,497681568.0
2023-06-01,19.719999,20.799999,19.690001,20.43,33427068,682657856.0
2023-06-02,20.450001,20.790001,20.309999,20.65,21928408,451958496.0
2023-06-05,20.68,20.76,20.450001,20.459999,17213476,354209152.0
2023-06-06,21.030001,21.18,19.959999,20.07,45794320,936886976.0
2023-06-07,20.059999,20.690001,19.700001,20.43,26100632,531824960.0
2023-06-08,20.27,20.309999,19.700001,20.0,22021258,439334528.0
2023-06-09,20.0,20.530001,19.860001,20.440001,24392920,494119968.0
2023-06-12,20.440001,20.690001,20.299999,20.540001,19035602,391086720.0
2023-06-13,20.530001,21.1,20.370001,21.049999,28707404,600114048.0
2023-06-14,21.1,21.209999,20.809999,20.99,19065624,400323360.0
2023-06-15,20.98,21.09,20.74,20.91,17659084,369359200.0
2023-06-16,20.93,21.940001,20.700001,21.709999,38993176,837519808.0
2023-06-19,21.77,23.08,21.6,22.76,59193952,1328435328.0
2023-06-20,22.610001,23.51,22.5,23.129999,48215516,1115438720.0
2023-06-21,23.360001,23.540001,22.5,22.52,34188064,781665600.0
2023-06-26,22.360001,22.58,21.5,21.610001,32704104,716651008.0
2023-06-27,21.67,21.700001,20.780001,21.120001,29184420,615837312.0
2023-06-28,21.08,21.08,19.99,20.41,27568260,561261312.0
2023-06-29,20.34,20.799999,20.01,20.66,25520560,520924192.0
2023-06-30,20.58,21.23,20.4,20.5,30735240,636766144.0
2023-07-03,20.65,20.75,19.99,20.6,22512134,459585088.0
2023-07-04,20.459999,20.780001,20.440001,20.73,16957936,350194912.0
2023-07-05,20.700001,20.879999,20.209999,20.23,21254286,434886016.0
2023-07-06,20.120001,20.469999,20.049999,20.059999,17189892,347179104.0
2023-07-07,20.01,20.139999,19.549999,19.940001,20860012,413795424.0
2023-07-10,20.040001,20.09,19.77,19.809999,18613652,369879936.0
2023-07-11,19.809999,19.950001,19.790001,19.879999,10478095,208233376.0
2023-07-12,19.959999,19.959999,19.290001,19.309999,23207180,454259584.0
2023-07-13,19.440001,19.65,19.280001,19.51,21910228,427398816.0
2023-07-14,19.440001,19.67,19.18,19.200001,28510720,552505920.0
2023-07-17,18.879999,19.5,18.65,19.389999,22004258,423003584.0
2023-07-18,19.280001,19.42,18.9,18.93,28165484,536349312.0
2023-07-19,18.799999,19.17,18.76,18.83,22929948,433648096.0
2023-07-20,18.83,18.860001,18.35,18.389999,29814680,551540800.0
2023-07-21,18.25,18.440001,18.09,18.110001,22471272,409419520.0
2023-07-24,18.049999,18.280001,18.040001,18.139999,15483375,280963840.0
2023-07-25,18.32,18.91,18.280001,18.84,34662852,643707584.0
2023-07-26,18.66,18.799999,18.389999,18.48,23925224,442725600.0
2023-07-27,18.469999,18.6,18.120001,18.17,24503584,448932800.0
2023-07-28,18.17,18.639999,18.0,18.610001,29700876,546056768.0
2023-07-31,18.549999,19.24,18.530001,18.870001,37088888,699089216.0
2023-08-01,18.790001,19.15,18.719999,18.959999,18037900,341412544.0
2023-08-02,18.9,19.120001,18.860001,19.059999,13271551,252255728.0
2023-08-03,19.0,19.25,18.860001,19.25,16194779,308804288.0
2023-08-04,19.25,19.74,19.200001,19.450001,26967454,526382048.0
2023-08-07,19.450001,19.559999,19.24,19.370001,14419509,279626336.0
2023-08-08,19.4,19.49,19.25,19.309999,12366944,239688192.0
2023-08-09,19.280001,19.639999,19.219999,19.309999,12347862,239646048.0
2023-08-10,19.209999,19.379999,19.15,19.32,9586191,184635920.0
2023-08-11,19.379999,19.389999,18.83,18.84,14303827,273079456.0
2023-08-14,18.700001,19.23,18.48,19.18,18283080,346834176.0
2023-08-15,19.209999,19.23,18.450001,18.67,23439888,438120384.0
2023-08-16,18.67,18.709999,18.299999,18.34,13951447,257376128.0
2023-08-17,18.309999,18.34,18.08,18.18,15144908,275504896.0
2023-08-18,18.120001,18.200001,17.1,17.1,40957652,715304704.0
2023-08-21,17.1,17.440001,16.950001,17.049999,20559200,354106208.0
2023-08-22,17.24,17.84,17.110001,17.75,28684440,500788928.0
2023-08-23,17.74,17.76,17.280001,17.309999,18939962,331987584.0
2023-08-24,17.4,17.709999,17.280001,17.450001,19147584,335054048.0
2023-08-25,17.299999,17.360001,16.799999,16.889999,20193300,343233824.0
2023-08-28,17.940001,17.969999,16.950001,17.040001,25308114,441714560.0
2023-08-29,17.040001,17.59,16.98,17.459999,16970484,294399616.0
2023-08-30,17.5,17.98,17.48,17.85,22606378,402359008.0
2023-08-31,17.9,18.299999,17.879999,18.15,22589570,409847744.0
2023-09-01,18.17,18.17,17.85,17.969999,11602236,208431440.0
2023-09-04,18.02,18.120001,17.780001,18.1,13572717,244272784.0
2023-09-05,18.0,18.25,17.84,17.879999,10976700,197363264.0
2023-09-06,17.799999,17.879999,17.58,17.84,8709243,154705296.0
2023-09-07,17.75,17.799999,17.299999,17.32,17447140,305127808.0
2023-09-08,17.4,17.43,16.959999,17.120001,14209186,243280416.0
2023-09-11,17.16,17.57,16.950001,17.360001,15634654,269683520.0
2023-09-12,17.389999,17.620001,17.26,17.51,11254322,196669600.0
2023-09-13,17.440001,17.440001,16.92,17.02,17602758,301000800.0
2023-09-14,17.0,17.049999,16.66,16.799999,15712054,264378432.0
2023-09-15,16.790001,17.190001,16.75,16.889999,14653252,248252144.0
2023-09-18,16.83,17.35,16.68,17.09,17020660,291337440.0
2023-09-19,17.120001,17.17,16.68,16.73,15068154,253423040.0
2023-09-20,16.690001,16.75,16.530001,16.6,11801061,196275792.0
2023-09-21,16.51,16.68,16.379999,16.389999,12003930,197814672.0
2023-09-22,16.309999,16.9,16.280001,16.860001,18145532,303976448.0
2023-09-25,17.1,17.1,16.24,16.32,24836416,408274400.0
2023-09-26,16.26,16.66,16.25,16.440001,14177626,233726720.0
2023-09-27,16.4,16.719999,16.360001,16.540001,12086356,200238848.0
2023-09-28,16.620001,16.629999,16.41,16.620001,10752233,177785872.0
2023-10-09,16.610001,17.01,16.48,16.879999,14464676,242665152.0
2023-10-10,16.879999,16.969999,16.74,16.76,12935260,217843744.0
2023-10-11,16.82,17.65,16.66,17.299999,26408252,455843936.0
2023-10-12,17.33,17.51,17.139999,17.24,13514844,233481536.0
2023-10-13,17.15,17.200001,16.9,17.0,12628307,214940480.0
2023-10-16,17.049999,17.1,16.48,16.59,18183826,303483904.0
2023-10-17,16.610001,16.73,16.459999,16.709999,9769404,162353360.0
2023-10-18,16.610001,16.610001,15.94,16.32,21534170,349335360.0
2023-10-19,16.15,16.610001,16.0,16.030001,18602904,302950016.0
2023-10-20,15.95,16.0,15.3,15.36,23637940,367915520.0
2023-10-23,15.27,15.57,15.11,15.27,18352916,281178240.0
2023-10-24,15.3,15.6,14.96,15.37,15612765,239308944.0
2023-10-25,15.42,15.83,15.3,15.48,18086520,281552960.0
2023-10-26,15.33,15.7,15.28,15.68,14061890,218417312.0
2023-10-27,15.6,16.25,15.43,16.139999,22825982,363298144.0
2023-10-30,16.01,16.52,15.84,16.43,18796548,305756960.0
2023-10-31,16.43,16.530001,16.209999,16.370001,13843934,225994464.0
2023-11-01,16.360001,16.48,16.23,16.27,9913102,161968544.0
2023-11-02,16.280001,16.43,16.18,16.18,9199893,149921360.0
2023-11-03,16.25,16.700001,16.200001,16.549999,15166769,250500512.0
2023-11-06,16.65,17.18,16.620001,17.16,19382724,330213536.0
2023-11-07,17.16,17.35,16.98,17.17,16203467,278097280.0
2023-11-08,17.17,17.75,17.129999,17.52,27946076,489646464.0
2023-11-09,17.48,17.58,17.23,17.290001,11725297,203660736.0
2023-11-10,17.219999,17.26,17.059999,17.129999,10169212,174443280.0
2023-11-13,17.24,17.58,17.200001,17.43,12961673,225993984.0
2023-11-14,17.5,17.77,17.43,17.57,11791341,207511600.0
2023-11-15,17.77,17.879999,17.57,17.65,14408762,254852528.0
2023-11-16,17.610001,17.74,17.450001,17.450001,9746899,171184768.0
2023-11-17,17.43,17.690001,17.299999,17.469999,12102448,211453472.0
2023-11-20,17.6,18.110001,17.48,17.870001,19980430,356229152.0
2023-11-21,17.9,17.99,17.629999,17.77,13479058,239921904.0
2023-11-22,17.74,17.860001,17.6,17.6,9641779,170842432.0
2023-11-23,17.58,17.74,17.280001,17.68,10886965,191315152.0
2023-11-24,17.639999,17.639999,17.23,17.309999,10744613,186666272.0
2023-11-27,17.24,17.389999,17.07,17.219999,10023424,172538848.0
2023-11-28,17.190001,17.26,16.879999,17.08,10620300,180798608.0
2023-11-29,17.01,17.059999,16.82,16.889999,11264527,190439744.0
2023-11-30,16.809999,16.889999,16.610001,16.709999,13821328,230979456.0
2023-12-01,16.73,17.299999,16.549999,17.16,17062082,288684064.0
2023-12-04,17.139999,17.58,17.129999,17.309999,14016948,243903120.0
2023-12-05,17.219999,17.299999,16.67,16.67,12380430,209506608.0
2023-12-06,16.610001,16.99,16.43,16.85,10160949,170175424.0
2023-12-07,16.76,17.360001,16.75,17.24,15030384,256990464.0
2023-12-08,17.290001,18.1,17.290001,17.940001,35529948,635740096.0
2023-12-11,17.950001,18.1,17.610001,18.059999,18657804,333386336.0
2023-12-12,18.040001,18.18,17.9,18.1,12179023,219856176.0
2023-12-13,18.1,18.360001,17.969999,18.01,13125996,237880640.0
2023-12-14,18.16,18.459999,18.09,18.120001,13951261,254782080.0
2023-12-15,18.200001,18.25,17.76,17.809999,14748369,264121184.0
2023-12-18,17.75,17.870001,17.48,17.58,12289880,216855184.0
2023-12-19,17.59,17.799999,17.32,17.73,10238605,180160704.0
2023-12-20,17.709999,17.790001,16.940001,17.049999,15717015,271908704.0
2023-12-21,17.0,17.370001,16.91,17.290001,12980973,222255440.0
2023-12-22,17.129999,17.34,16.549999,17.09,23737584,402527936.0
2023-12-25,16.9,17.120001,16.73,16.780001,9087726,153388112.0
2023-12-26,16.780001,16.84,16.440001,16.700001,9770833,162106432.0
2023-12-27,16.719999,17.25,16.6,16.610001,12953212,217981088.0
2023-12-28,16.6,17.65,16.51,17.48,19988692,344558848.0
2023-12-29,17.57,17.870001,17.49,17.790001,14434110,255758992.0
2024-01-02,17.799999,17.85,17.4,17.4,10793000,189012288.0
2024-01-03,17.620001,18.280001,17.120001,17.280001,24274622,425743040.0
2024-01-04,17.42,17.450001,16.700001,16.91,12974028,220097776.0
2024-01-05,16.91,17.0,16.379999,16.49,14989769,249433232.0
2024-01-08,16.389999,16.389999,15.73,15.76,24397680,388620032.0
2024-01-09,15.76,16.0,15.07,15.31,29691016,459597664.0
2024-01-10,15.25,15.41,14.84,15.03,20012042,302336320.0
2024-01-11,15.09,15.34,14.78,14.93,33451208,501811328.0
2024-01-12,14.93,14.93,13.6,14.05,63336616,897804288.0
2024-01-15,13.89,14.17,13.77,13.9,32422644,451813504.0
2024-01-16,13.85,13.86,13.26,13.53,46816620,628901056.0
2024-01-17,13.49,13.53,13.2,13.2,23965800,319795456.0
2024-01-18,13.16,13.43,12.91,13.38,29982288,393469664.0
2024-01-19,13.27,13.5,13.12,13.16,24806134,329032896.0
2024-01-22,13.17,13.2,12.45,12.6,31294508,401410144.0
2024-01-23,12.58,13.01,12.38,12.9,25501008,323712128.0
2024-01-24,12.96,13.0,12.35,12.67,40220152,504701184.0
2024-01-25,12.63,13.03,12.48,12.96,29629544,379887584.0
2024-01-26,12.89,12.98,12.6,12.66,24231512,309480512.0
2024-01-29,12.52,12.74,12.32,12.33,28183982,351577568.0
2024-01-30,12.34,12.43,11.86,11.91,33110736,399653504.0
2024-01-31,11.84,11.91,11.13,11.19,47302524,540784448.0
2024-02-01,11.16,11.59,10.94,11.21,37623820,423559040.0
2024-02-02,11.26,11.38,10.26,10.71,52143712,562266432.0
2024-02-05,10.9,10.9,9.71,9.92,68285544,686630528.0
2024-02-06,10.03,10.76,9.83,10.64,48850912,504637088.0
2024-02-07,10.7,11.16,10.69,10.9,50670468,552900864.0
2024-02-08,11.04,11.43,10.69,11.39,49260988,547968128.0
2024-02-19,11.54,11.65,11.16,11.48,48700128,553484864.0
2024-02-20,11.4,11.56,11.19,11.53,26173764,299055136.0
2024-02-21,11.4,12.13,11.33,11.79,35435220,418204352.0
2024-02-22,11.79,12.28,11.75,12.17,33010370,398968768.0
2024-02-23,12.19,12.33,12.0,12.27,29576284,359322016.0
2024-02-26,12.2,12.45,12.16,12.28,32421462,399673408.0
2024-02-27,12.2,12.81,12.08,12.81,43010432,535994304.0
2024-02-28,12.7,13.12,12.15,12.16,44624696,565026880.0
2024-02-29,12.07,12.68,12.01,12.67,32011266,399989184.0
2024-03-01,12.68,13.13,12.6,13.11,32941744,426924736.0
2024-03-04,13.19,13.27,12.76,12.91,30032424,389302752.0
2024-03-05,12.8,12.99,12.6,12.68,25903220,330995616.0
2024-03-06,12.63,12.85,12.41,12.6,22405888,282246848.0
2024-03-07,12.63,12.76,12.2,12.2,22419000,277987552.0
2024-03-08,12.25,12.37,12.05,12.3,19717728,240565072.0
2024-03-11,12.22,12.6,12.16,12.6,24173828,300111712.0
2024-03-12,12.71,12.88,12.56,12.82,27797906,354432672.0
2024-03-13,12.93,13.19,12.8,13.02,31640984,411401408.0
2024-03-14,13.0,13.0,12.53,12.7,24759248,315509792.0
2024-03-15,12.74,12.88,12.42,12.84,21831184,274926976.0
2024-03-18,12.87,13.13,12.8,13.12,29077062,378372736.0
2024-03-19,13.12,13.34,13.0,13.08,22002592,289609792.0
2024-03-20,13.08,13.32,13.02,13.22,22723032,299844224.0
2024-03-21,13.39,14.25,13.36,13.46,63276908,865768384.0
2024-03-22,13.41,13.46,12.91,13.14,38442868,505861056.0
2024-03-25,13.13,13.21,12.63,12.63,27882652,360023616.0
2024-03-26,12.56,12.72,12.15,12.3,28434916,352432832.0
2024-03-27,12.3,12.33,11.61,11.62,28125480,334049888.0
2024-03-28,11.62,12.19,11.53,12.06,26549460,316944864.0
2024-03-29,12.05,12.08,11.75,11.95,17025174,202293280.0
2024-04-01,11.95,13.0,11.94,12.78,44358604,558473280.0
2024-04-02,12.78,12.78,12.25,12.32,28753012,356817280.0
2024-04-03,12.35,12.37,11.6,11.71,39904652,473034976.0
2024-04-08,11.71,11.72,11.37,11.39,23300684,267389648.0
2024-04-09,11.36,11.62,11.35,11.6,14605668,168182368.0
2024-04-10,11.6,11.61,11.18,11.29,18444842,208572912.0
2024-04-11,11.2,11.5,11.16,11.33,16420609,186807776.0
2024-04-12,11.33,11.45,11.18,11.2,15344559,173230032.0
2024-04-15,11.2,11.39,10.95,11.09,21938018,244740320.0
2024-04-16,11.0,11.11,10.73,10.76,25258562,275337504.0
2024-04-17,10.9,11.21,10.87,11.12,24066336,265929904.0
2024-04-18,11.1,11.29,10.87,11.04,23037288,255762208.0
2024-04-19,10.98,11.09,10.78,10.87,18899884,205904240.0
2024-04-22,11.05,11.4,10.67,11.08,27869710,307433760.0
2024-04-23,11.1,11.25,11.04,11.12,18506904,205774096.0
2024-04-24,11.05,11.4,11.03,11.4,20250332,228247536.0
2024-04-25,11.38,11.64,11.2,11.47,20123854,230965216.0
2024-04-26,11.44,11.76,11.42,11.75,21620372,251981280.0
2024-04-29,11.6,11.93,11.6,11.82,30510058,360083776.0
2024-04-30,11.87,11.87,11.5,11.64,24721664,287952928.0
2024-05-06,11.82,12.07,11.73,11.76,27705882,329990336.0
2024-05-07,11.76,11.9,11.69,11.81,19272074,227307600.0
2024-05-08,11.72,11.85,11.55,11.58,16746400,195117760.0
2024-05-09,11.63,11.89,11.6,11.82,16069121,189216160.0
2024-05-10,11.85,11.93,11.56,11.61,17609324,205543920.0
2024-05-13,11.49,11.64,11.3,11.4,18893764,216136768.0
2024-05-14,11.43,11.6,11.38,11.49,13594866,155876768.0
2024-05-15,11.45,11.52,11.35,11.44,11953663,136582912.0
2024-05-16,11.44,11.71,11.39,11.49,18352024,212148160.0
2024-05-17,11.51,11.83,11.43,11.83,19117504,223984752.0
2024-05-20,11.83,12.13,11.74,11.99,20295080,243085840.0
2024-05-21,11.99,12.01,11.87,11.91,11832812,141175744.0
2024-05-22,11.87,12.03,11.8,11.99,11613320,138597728.0
2024-05-23,11.96,12.01,11.61,11.65,14338446,168590016.0
2024-05-24,11.64,11.67,11.23,11.23,17877632,203664096.0
2024-05-27,11.28,11.32,10.88,11.13,21328746,235481504.0
2024-05-28,11.12,11.29,10.97,11.11,13411920,149728848.0
2024-05-29,11.1,11.22,11.0,11.03,11033658,122461944.0
2024-05-30,11.0,11.07,10.87,10.99,13747619,150551184.0
2024-05-31,10.99,11.34,10.99,11.25,19484672,218602784.0
2024-06-03,11.2,11.23,10.88,10.93,15713935,172580528.0
2024-06-04,10.84,10.95,10.75,10.87,14600188,157983088.0
2024-06-05,10.88,11.24,10.83,11.14,19403500,215822720.0
2024-06-06,11.14,11.17,10.58,10.62,26203776,282717248.0
2024-06-07,10.7,10.92,10.66,10.77,14797390,159608224.0
2024-06-11,10.75,11.04,10.55,10.99,17922996,194757760.0
2024-06-12,10.99,11.14,10.91,10.92,14790109,163066320.0
2024-06-13,10.96,11.06,10.8,10.92,11467648,125418048.0
2024-06-14,10.93,10.97,10.77,10.92,12916257,140520160.0
2024-06-17,10.93,11.0,10.75,10.87,13804532,150336384.0
2024-06-18,10.89,11.05,10.82,10.92,14537802,159036928.0
2024-06-19,10.93,10.97,10.66,10.72,16549126,178220848.0
2024-06-20,10.7,10.72,10.34,10.36,18049566,189511680.0
2024-06-21,10.36,10.38,10.1,10.31,17963312,184721744.0
2024-06-24,10.26,10.31,10.03,10.09,24818108,252270032.0
2024-06-25,10.15,10.21,9.74,9.85,24289460,240732736.0
2024-06-26,9.83,10.32,9.73,10.3,20424650,204427360.0
2024-06-27,10.25,10.6,10.22,10.29,22835182,237027568.0
2024-06-28,10.33,10.37,9.97,10.0,19228850,195092576.0
2024-07-01,9.96,9.98,9.65,9.82,17794000,174133232.0
2024-07-02,9.95,10.59,9.95,10.26,53328272,549035328.0
2024-07-03,10.39,10.39,9.65,9.66,54734880,539403584.0
2024-07-04,9.66,9.68,9.25,9.28,35187888,331190464.0
2024-07-05,9.29,9.41,9.21,9.34,23012908,214854112.0
2024-07-08,9.31,9.31,8.97,9.0,27962824,253169648.0
2024-07-09,8.99,9.03,8.73,8.92,30829552,274356032.0
2024-07-10,8.8,9.27,8.68,9.08,32323500,293864800.0
2024-07-11,9.2,9.43,9.1,9.41,24542188,228886880.0
2024-07-12,9.35,9.37,9.17,9.19,19100804,176582848.0
2024-07-15,9.17,9.2,8.85,8.88,20454758,183468112.0
2024-07-16,8.95,9.07,8.68,9.03,21002312,186976224.0
2024-07-17,9.0,9.11,8.94,9.02,15650423,141392512.0
2024-07-18,9.0,9.06,8.76,9.02,21296230,189596784.0
2024-07-19,8.94,9.47,8.92,9.36,30979370,287571648.0
2024-07-22,9.49,9.77,9.4,9.68,34883492,336003744.0
2024-07-23,9.61,9.66,9.4,9.41,24397176,233278560.0
2024-07-24,9.38,9.42,9.15,9.2,17944254,166544656.0
2024-07-25,9.17,9.45,9.13,9.26,16134093,149557488.0
2024-07-26,9.3,9.48,9.2,9.3,14817639,138097536.0
2024-07-29,9.3,9.34,9.16,9.19,11714041,108104064.0
2024-07-30,9.14,9.27,9.09,9.23,12673728,116393328.0
2024-07-31,9.2,9.58,9.19,9.58,23385532,221353680.0
2024-08-01,9.59,9.71,9.37,9.45,22528556,213968336.0
2024-08-02,9.38,9.53,9.2,9.26,17522776,164400480.0
2024-08-05,9.2,9.4,9.05,9.06,21080048,193974352.0
2024-08-06,9.14,9.25,9.06,9.18,15918704,145583696.0
2024-08-07,9.17,9.26,9.09,9.2,13692336,125774216.0
2024-08-08,9.12,9.24,8.96,9.19,14740425,134315040.0
2024-08-09,9.22,9.28,8.94,8.94,17434564,158037392.0
2024-08-12,8.89,8.93,8.71,8.75,19966018,175015840.0
2024-08-13,8.76,8.84,8.69,8.79,13284245,116591208.0
2024-08-14,8.79,8.86,8.66,8.67,13474198,117344104.0
2024-08-15,8.66,8.92,8.59,8.8,18524616,162705920.0
2024-08-16,8.82,8.85,8.68,8.68,11267878,98443880.0
2024-08-19,8.68,8.88,8.67,8.7,15500546,135803680.0
2024-08-20,8.69,8.71,8.45,8.47,15923471,135845824.0
2024-08-21,8.44,8.59,8.4,8.44,13169802,111788496.0
2024-08-22,8.43,8.51,8.19,8.21,16392318,136006496.0
2024-08-23,8.24,8.45,8.22,8.38,19231462,160535616.0
2024-08-26,8.43,8.48,8.28,8.31,17275334,144593664.0
2024-08-27,8.29,8.34,8.09,8.13,16182754,132193888.0
2024-08-28,8.14,8.3,8.03,8.24,15570533,127410496.0
2024-08-29,8.19,8.55,8.17,8.44,15115192,126689328.0
2024-08-30,8.45,8.78,8.39,8.71,27606100,239327984.0
2024-09-02,8.71,8.73,8.31,8.32,22555992,191203008.0
2024-09-03,8.33,8.5,8.29,8.47,18094016,152367888.0
2024-09-04,8.4,8.58,8.39,8.45,14201991,120663792.0
2024-09-05,8.5,8.68,8.48,8.61,14884113,128021616.0
2024-09-06,8.62,8.68,8.43,8.45,9216295,78452568.0
2024-09-09,8.41,8.49,8.28,8.35,14065267,117624264.0
2024-09-10,8.37,8.71,8.24,8.64,21361522,181386640.0
2024-09-11,8.63,8.77,8.59,8.76,16249297,141586144.0
2024-09-12,8.76,8.9,8.69,8.7,14818761,129988328.0
2024-09-13,8.71,8.75,8.58,8.59,9243940,79931968.0
2024-09-18,8.58,8.67,8.44,8.55,10260701,87519544.0
2024-09-19,8.32,8.8,8.32,8.73,19227928,165837376.0
2024-09-20,8.73,8.81,8.64,8.76,18462160,161056256.0
2024-09-23,8.76,8.86,8.69,8.75,13176936,115799384.0
2024-09-24,8.78,8.97,8.6,8.97,29675184,262413632.0
2024-09-25,9.15,9.32,9.06,9.1,34111000,313508480.0
2024-09-26,9.06,9.55,9.05,9.54,34997256,326098816.0
2024-09-27,9.71,10.49,9.71,10.45,43590840,441626816.0
2024-09-30,11.18,11.5,11.11,11.5,62732168,715974848.0
2024-10-08,12.65,12.65,12.09,12.65,154046464,1919341568.0
2024-10-09,12.58,12.69,11.45,11.64,130759328,1579996928.0
2024-10-10,11.6,12.1,11.41,11.77,80272600,944712576.0
2024-10-11,11.65,11.77,10.88,11.06,58831952,662273664.0
2024-10-14,11.07,11.32,10.7,11.3,51394920,567806400.0
2024-10-15,11.28,11.48,10.91,10.93,47582672,533202112.0
2024-10-16,10.72,11.12,10.61,10.93,33071908,360715552.0
2024-10-17,11.06,11.29,10.8,10.82,41670040,461027712.0
2024-10-18,10.74,11.3,10.59,11.05,94480944,1038755328.0
2024-10-21,11.09,11.64,11.05,11.51,83673024,950323776.0
2024-10-22,11.51,11.51,11.1,11.25,50172080,563232128.0
2024-10-23,11.29,12.01,11.08,11.5,83266480,965702784.0
2024-10-24,11.39,11.63,11.31,11.42,38216720,438460960.0
2024-10-25,11.4,11.85,11.31,11.68,46269340,535135936.0
2024-10-28,11.66,11.97,11.53,11.93,50230408,591798656.0
2024-10-29,11.91,12.2,11.74,11.99,64131992,768166848.0
2024-10-30,12.24,12.33,11.74,12.05,63016312,759049536.0
2024-10-31,11.62,11.63,11.03,11.4,111070896,1255121664.0
2024-11-01,11.23,11.5,10.9,10.91,64135008,711603200.0
2024-11-04,11.0,11.11,10.87,11.01,36955312,405318944.0
2024-11-05,11.15,12.11,11.0,11.82,125872192,1467760768.0
2024-11-06,11.68,12.13,11.52,11.83,103463432,1229890304.0
2024-11-07,11.72,12.36,11.53,12.3,114726920,1372354944.0
2024-11-08,12.46,13.1,12.14,12.58,142048624,1790477696.0
2024-11-11,12.58,13.84,12.53,13.84,107843192,1427498240.0
2024-11-12,14.11,14.53,13.3,13.47,164642256,2270684672.0
2024-11-13,13.39,14.14,13.31,14.01,131874872,1814469376.0
2024-11-14,13.96,13.97,13.1,13.1,91654000,1234580096.0
2024-11-15,12.98,13.64,12.95,13.0,78546440,1044103616.0
2024-11-18,12.99,13.15,12.07,12.13,71953048,895583424.0
2024-11-19,12.2,12.3,11.7,12.28,56159872,676666880.0
2024-11-20,12.19,12.57,12.08,12.44,51936296,641844480.0
2024-11-21,12.46,12.65,12.32,12.55,47282820,591549632.0
2024-11-22,12.45,13.5,12.37,12.57,97220808,1262394368.0
2024-11-25,12.6,12.74,11.97,12.54,60284156,738941696.0
2024-11-26,12.45,13.05,12.35,12.62,47985184,609932800.0
2024-11-27,12.54,12.95,12.15,12.92,47557608,591708096.0
2024-11-28,12.89,13.05,12.72,12.78,42113992,542213568.0
2024-11-29,12.95,13.5,12.92,13.22,81451864,1072526272.0
2024-12-02,13.18,13.36,13.0,13.22,52032460,686708992.0
2024-12-03,13.29,13.31,12.92,13.02,38015000,496796288.0
2024-12-04,13.1,13.19,12.56,12.6,44524580,570110784.0
2024-12-05,12.55,12.99,12.55,12.88,40792520,523741632.0
2024-12-06,12.9,13.13,12.66,12.93,45277076,583994112.0
2024-12-09,12.94,13.1,12.52,12.66,41160048,525167872.0
2024-12-10,13.04,13.13,12.78,12.81,48748932,631715392.0
2024-12-11,12.74,12.84,12.46,12.54,53767924,678995712.0
2024-12-12,12.5,12.53,12.22,12.48,44339808,548853504.0
2024-12-13,12.35,12.43,12.11,12.12,36074472,441908608.0
2024-12-16,12.11,12.14,11.82,11.92,29186656,349404256.0
2024-12-17,11.92,12.03,11.76,11.87,26489496,314459520.0
2024-12-18,11.9,12.02,11.81,11.96,21354288,255009280.0
2024-12-19,11.99,12.56,11.9,12.46,60766952,748572096.0
2024-12-20,12.36,12.8,12.25,12.65,60985796,765770752.0
2024-12-23,12.66,12.7,11.99,12.04,34394376,421161152.0
2024-12-24,12.01,12.1,11.81,12.05,26685674,318458336.0
2024-12-25,11.95,12.01,11.68,11.71,19855580,234008672.0
2024-12-26,11.73,11.93,11.72,11.84,14662118,173814944.0
2024-12-27,11.81,12.08,11.58,11.63,31317824,369711232.0
2024-12-30,11.61,11.62,11.25,11.35,35812540,408912224.0
2024-12-31,11.46,11.46,10.72,10.73,45543240,499989664.0
2025-01-02,10.75,10.77,10.09,10.17,47474120,491754176.0
2025-01-03,10.27,10.31,9.94,10.02,28107792,284052768.0
2025-01-06,10.0,10.13,9.88,9.95,23198160,231487760.0
2025-01-07,10.0,10.1,9.93,10.1,19474876,194756880.0
2025-01-08,10.03,10.06,9.61,9.87,32586776,320081824.0
2025-01-09,9.81,10.2,9.78,10.13,31863984,319659840.0
2025-01-10,10.13,10.19,9.7,9.71,23089356,229633344.0
2025-01-13,9.62,9.96,9.58,9.9,20443018,201014448.0
2025-01-14,9.99,10.31,9.87,10.26,31033968,314508544.0
2025-01-15,10.2,10.28,10.05,10.09,20432356,206808992.0
2025-01-16,10.17,10.3,9.94,9.99,27373036,275921280.0
2025-01-17,9.94,10.11,9.88,9.99,16214896,162194112.0
2025-01-20,10.11,10.17,9.96,10.0,21409628,215451408.0
2025-01-21,10.04,10.08,9.85,9.98,17339340,172527008.0
2025-01-22,9.98,10.03,9.84,9.94,14183970,140904320.0
2025-01-23,10.02,10.34,9.9,9.91,33081004,335020480.0
2025-01-24,9.8,10.9,9.72,10.9,86571976,914528192.0
2025-01-27,11.39,11.4,10.9,10.91,84040616,931096704.0
2025-02-05,11.53,12.0,11.42,12.0,84274464,992633152.0
2025-02-06,12.0,12.56,11.8,12.45,124603872,1525679616.0
2025-02-07,12.32,13.7,12.32,13.7,161824672,2161053440.0
2025-02-10,14.23,14.94,13.83,14.62,240233104,3472957952.0
2025-02-11,14.2,15.21,13.94,14.88,210348816,3047491072.0
2025-02-12,14.66,16.370001,14.58,15.82,278423616,4402574848.0
2025-02-13,15.48,17.4,15.22,17.4,243528576,4072413696.0
2025-02-14,17.15,19.1,16.99,18.299999,319766336,5753665536.0
2025-02-17,18.379999,19.190001,17.32,17.530001,315847840,5700622336.0
2025-02-18,17.02,17.99,16.32,17.1,266306400,4524102144.0
2025-02-19,17.18,17.5,16.58,17.25,224852880,3829904640.0
2025-02-20,16.99,17.950001,16.629999,17.74,248574592,4265734912.0
2025-02-21,18.040001,18.1,16.9,17.58,232603488,4099785472.0
2025-02-24,17.200001,18.0,16.530001,16.780001,164660176,2825146624.0
2025-02-25,16.1,16.99,16.1,16.469999,123237472,2037299840.0
2025-02-26,16.48,16.73,16.120001,16.530001,104251880,1711251968.0
2025-02-27,16.440001,16.57,15.65,16.08,110867448,1776274816.0
2025-02-28,15.95,16.24,15.13,15.25,84326000,1318098048.0
2025-03-03,15.77,16.780001,15.71,16.4,198277408,3263810048.0
2025-03-04,16.200001,17.110001,15.96,16.76,198315136,3297977856.0
2025-03-05,16.639999,16.99,16.059999,16.530001,133163368,2197876224.0
2025-03-06,17.77,18.18,17.77,18.18,80071720,1449867392.0
2025-03-07,19.440001,20.0,18.559999,20.0,353033312,6899669504.0
2025-03-10,19.200001,19.51,18.030001,18.030001,227309104,4255529472.0
2025-03-11,17.65,18.5,17.559999,17.889999,156988144,2825131776.0
2025-03-12,18.450001,18.59,17.629999,17.629999,126512456,2279154432.0
2025-03-13,17.450001,18.139999,17.049999,17.68,127531944,2241864704.0
2025-03-14,17.35,17.559999,16.66,17.360001,113283888,1937676032.0
2025-03-17,17.15,17.32,16.93,17.1,70174528,1199721344.0
2025-03-18,17.200001,17.379999,16.9,17.139999,68800448,1179800704.0
2025-03-19,17.02,17.219999,16.5,16.610001,79705136,1336806528.0
2025-03-20,16.58,17.040001,16.290001,16.51,76053784,1266481280.0
2025-03-21,16.200001,16.440001,15.72,15.81,80433584,1285846912.0
2025-03-24,15.8,15.9,15.32,15.63,61157936,953582208.0
2025-03-25,15.67,16.02,15.51,15.55,62090128,977501184.0
2025-03-26,15.56,15.84,15.52,15.8,51633344,811164672.0
2025-03-27,15.71,15.81,15.29,15.43,46120452,715093760.0
2025-03-28,15.46,15.83,15.4,15.42,45131944,703493568.0
2025-03-31,14.81,15.17,14.49,15.06,82094128,1213979008.0
2025-04-01,15.08,15.21,14.84,14.87,45293864,678769472.0
2025-04-02,15.02,15.13,14.8,14.99,37198112,556962880.0
2025-04-03,14.81,15.08,14.77,14.81,37531436,560125120.0
2025-04-07,13.9,14.12,13.33,13.33,51625088,697300160.0
2025-04-08,13.5,13.54,12.67,13.1,93713776,1213094272.0
2025-04-09,12.85,13.54,12.21,13.49,80312520,1054720448.0
2025-04-10,13.95,14.13,13.55,13.61,69809168,962632000.0
2025-04-11,13.67,14.12,13.57,13.79,45007296,621477248.0
2025-04-14,13.87,14.15,13.86,13.9,41037124,574539008.0
2025-04-15,13.91,14.01,13.62,13.77,27711380,381268192.0
2025-04-16,13.65,13.74,13.36,13.59,38716068,523256480.0
2025-04-17,13.5,14.08,13.41,13.88,49620112,689572992.0
2025-04-18,13.84,13.93,13.48,13.55,31205110,425269312.0
2025-04-21,13.5,14.27,13.43,14.19,61552824,863067008.0
2025-04-22,14.14,14.19,13.73,13.75,48588288,672026752.0
2025-04-23,13.89,14.18,13.75,13.83,40279540,560760576.0
2025-04-24,13.84,13.9,13.41,13.52,31504094,428270528.0
2025-04-25,13.8,14.04,13.57,13.7,30355128,417845664.0
2025-04-28,13.38,13.95,13.32,13.62,46918624,643290496.0
2025-04-29,13.62,14.06,13.45,13.82,51843904,719540544.0
2025-04-30,13.96,14.86,13.78,14.59,94388104,1366054272.0
2025-05-06,14.66,14.98,14.5,14.76,70979384,1044238720.0
2025-05-07,14.99,15.05,14.37,14.51,51512984,754373248.0
2025-05-08,14.4,14.83,14.4,14.5,38274504,558594176.0
2025-05-09,14.44,14.62,13.95,13.96,38149952,538389440.0
2025-05-12,14.1,14.29,13.92,14.16,40302384,568657728.0
2025-05-13,14.37,14.6,14.05,14.15,51202524,732740736.0
2025-05-14,14.08,14.36,14.02,14.19,37558096,532774432.0
2025-05-15,14.11,14.15,13.4,13.47,53935612,734185472.0
2025-05-16,13.37,13.46,13.27,13.33,28562182,381068640.0
2025-05-19,13.34,13.34,13.01,13.3,25469130,335952576.0
2025-05-20,13.26,13.4,13.16,13.34,20278652,269728384.0
2025-05-21,13.35,13.37,13.17,13.21,18256910,241461264.0
2025-05-22,13.15,13.28,13.08,13.12,17423016,229251296.0
2025-05-23,13.2,13.28,12.92,12.92,29036360,380744768.0
2025-05-26,12.9,13.26,12.72,13.19,27524012,361088512.0
2025-05-27,13.14,13.18,13.03,13.15,18149330,237858272.0
2025-05-28,13.19,13.21,12.9,12.95,18798936,244502928.0
2025-05-29,12.98,13.48,12.96,13.48,40050640,531529824.0
2025-05-30,13.33,13.35,13.04,13.05,29889732,392337312.0
2025-06-03,12.94,13.21,12.8,13.04,18072992,236522256.0
2025-06-04,13.14,13.28,13.06,13.2,21062572,277753504.0
2025-06-05,13.26,13.65,13.21,13.62,50060900,675704256.0
2025-06-06,13.62,13.8,13.5,13.71,35167296,480053312.0
2025-06-09,13.75,14.99,13.75,14.46,85090496,1229583744.0
2025-06-10,14.44,14.46,13.52,13.74,71966128,994486016.0
2025-06-11,13.6,13.84,13.35,13.52,39969764,542869056.0
2025-06-12,13.43,13.53,13.29,13.31,31644292,423293728.0
2025-06-13,13.36,13.36,12.95,13.07,38801768,507659872.0
2025-06-16,12.96,13.17,12.91,13.06,24788776,323569120.0
2025-06-17,13.04,13.12,12.96,13.01,19240502,250466864.0
2025-06-18,13.0,13.05,12.85,12.91,19410676,250833952.0
2025-06-19,12.91,13.02,12.67,12.73,23699438,303763360.0
2025-06-20,12.69,12.78,12.4,12.4,26135088,327192032.0
2025-06-23,12.3,12.95,12.27,12.72,31105996,392137952.0
2025-06-24,12.62,12.9,12.57,12.86,32940080,421907840.0
2025-06-25,12.91,13.17,12.82,13.15,43255340,563950208.0
2025-06-26,13.14,13.29,13.08,13.16,36571900,482403264.0
2025-06-27,13.14,13.55,13.01,13.1,42244720,559823296.0
2025-06-30,13.1,13.57,13.08,13.37,54250528,723376256.0
2025-07-01,13.46,13.46,13.0,13.1,38728416,508395776.0
2025-07-02,13.08,13.09,12.9,12.97,23794448,308673088.0
2025-07-03,12.97,13.07,12.87,12.96,20122926,260529920.0
2025-07-04,12.96,13.04,12.79,12.83,25683328,331190688.0
2025-07-07,12.83,12.87,12.75,12.8,14697819,188226512.0
2025-07-08,12.8,13.15,12.74,13.09,32135386,418294528.0
2025-07-09,13.08,13.2,12.95,12.99,27557496,360024800.0
2025-07-10,12.96,13.05,12.88,12.96,22113884,286655616.0
2025-07-11,12.94,13.83,12.85,13.55,100779360,1359276288.0
2025-07-14,13.5,13.51,13.06,13.13,60760128,802839168.0
2025-07-15,13.35,14.44,13.32,14.44,168661472,2346732800.0
2025-07-16,14.74,14.83,14.23,14.4,138011472,1997621760.0
2025-07-17,14.35,14.55,14.03,14.29,97234776,1390013952.0
2025-07-18,14.54,14.84,14.28,14.33,99593392,1448982400.0
2025-07-21,14.28,14.42,14.0,14.24,88218784,1252747904.0
2025-07-22,14.2,14.22,13.86,13.92,67444448,942606912.0
2025-07-23,13.85,14.35,13.8,14.17,108202192,1524816256.0
2025-07-24,14.1,14.55,14.1,14.46,82502952,1187567488.0
2025-07-25,14.59,14.81,14.36,14.65,81610296,1191862272.0
2025-07-28,14.62,14.64,14.11,14.36,62515492,894567488.0
2025-07-29,14.28,15.14,14.25,14.88,101630584,1506190336.0
2025-07-30,14.78,15.09,14.5,14.66,66496960,980429184.0
2025-07-31,14.87,16.129999,14.86,15.84,179576960,2819936512.0
2025-08-01,16.280001,16.32,15.21,15.77,199649440,3142864640.0
2025-08-04,15.41,16.280001,15.24,15.99,138152896,2185725184.0
2025-08-05,15.81,16.360001,15.5,15.71,87556368,1378883968.0
2025-08-06,15.71,15.76,15.46,15.6,64252344,1002296576.0
2025-08-07,16.0,16.799999,16.0,16.370001,138661312,2270836992.0
2025-08-08,16.02,16.17,14.91,14.94,154441440,2364263424.0
2025-08-11,15.07,15.5,14.95,15.41,91519216,1401203200.0
2025-08-12,15.45,15.47,15.02,15.22,57894756,879259648.0
2025-08-13,15.2,15.26,15.05,15.11,64081920,970550656.0
2025-08-14,15.13,15.45,14.79,14.81,73344624,1108044544.0
2025-08-15,14.68,15.35,14.65,15.28,72448512,1093911936.0
2025-08-18,15.46,16.809999,15.32,16.4,187648816,3069940224.0
2025-08-19,16.25,16.9,16.07,16.48,119865280,1988767616.0
2025-08-20,16.280001,16.549999,16.040001,16.5,71144248,1162625280.0
2025-08-21,16.4,16.959999,16.4,16.549999,81797960,1361568640.0
2025-08-22,16.799999,17.35,16.51,17.17,110362368,1882947584.0
2025-08-25,17.309999,17.459999,16.719999,17.299999,118367792,2021145600.0
2025-08-26,17.190001,17.559999,16.98,17.129999,85540416,1474159616.0
2025-08-27,17.799999,17.99,16.440001,16.459999,136639696,2344723456.0
2025-08-28,16.200001,16.700001,15.98,16.700001,105719048,1733056128.0
2025-08-29,16.6,16.860001,16.43,16.469999,75987152,1259953536.0
2025-09-01,16.77,16.950001,16.209999,16.24,81983528,1351524352.0
2025-09-02,16.23,16.290001,15.25,15.44,103480016,1622611328.0
2025-09-03,15.44,15.59,14.9,14.92,62341576,948065536.0
2025-09-04,14.91,15.14,14.32,14.59,72580736,1075084800.0
2025-09-05,14.67,14.78,14.23,14.75,65851400,956100608.0
2025-09-08,14.6,14.99,14.59,14.64,77133888,1136576768.0
2025-09-09,14.6,14.62,14.23,14.29,56843632,816841664.0
2025-09-10,14.5,14.9,14.47,14.55,93412584,1372023936.0
2025-09-11,15.25,15.5,14.63,15.37,144453088,2173129728.0
2025-09-12,15.2,15.75,14.99,15.03,123011880,1884434176.0
2025-09-15,14.91,14.98,14.73,14.81,64190704,952785536.0
2025-09-16,14.78,14.95,14.59,14.7,74887816,1104955392.0
2025-09-17,14.67,15.35,14.52,15.28,122815480,1837499136.0
2025-09-18,15.13,15.58,14.84,14.98,123185392,1878736896.0
2025-09-19,14.95,15.18,14.8,14.84,60282480,903735104.0
2025-09-22,14.84,14.95,14.69,14.92,46323544,686151168.0
2025-09-23,14.88,14.89,13.68,14.13,114052584,1610258176.0
2025-09-24,13.95,14.84,13.91,14.83,86831184,1258237568.0
2025-09-25,14.81,16.309999,14.74,15.81,267699216,4279330816.0
2025-09-26,15.6,15.6,15.03,15.03,155684912,2373871360.0
2025-09-29,15.08,15.54,14.83,15.32,102466744,1559889152.0
2025-09-30,15.67,15.76,15.44,15.62,86121952,1343281664.0
2025-10-09,15.6,16.66,15.42,16.360001,147030480,2365715456.0
2025-10-10,16.049999,16.110001,15.17,15.3,130836080,2022796800.0
2025-10-13,15.0,16.76,14.9,15.76,161607344,2583944192.0
2025-10-14,15.75,15.85,15.15,15.32,116666992,1803374592.0
2025-10-15,15.2,15.53,14.81,15.27,78308696,1189805184.0
2025-10-16,15.12,15.12,14.75,14.84,60276760,897661312.0
2025-10-17,14.76,14.82,14.23,14.26,54502312,788794496.0
2025-10-20,14.42,14.47,14.28,14.37,34455488,495055840.0
2025-10-21,14.41,14.59,14.32,14.49,33204530,480673344.0
2025-10-22,14.46,14.46,14.21,14.28,28154344,403216672.0
2025-10-23,14.42,14.53,14.07,14.45,35194796,503225568.0
2025-10-24,14.45,14.56,14.37,14.5,38610308,558695552.0
2025-10-27,14.63,14.64,14.41,14.55,39390296,572233472.0
2025-10-28,14.59,15.13,14.59,15.0,85166464,1273163776.0
2025-10-29,14.95,15.03,14.8,14.99,40467956,602917376.0
2025-10-30,14.86,15.46,14.72,15.04,84591560,1279347328.0
2025-10-31,14.82,15.99,14.74,15.6,138321680,2157212928.0
2025-11-03,15.6,15.78,15.4,15.71,86340920,1346144512.0
2025-11-04,15.53,15.69,15.39,15.58,60688980,940929536.0
2025-11-05,15.31,15.39,14.91,15.2,66431380,1006841536.0
2025-11-06,15.19,15.19,14.68,14.95,70136136,1042413376.0
2025-11-07,14.81,14.89,14.56,14.66,52457820,770790144.0
2025-11-10,14.65,15.27,14.64,14.87,59968288,892511424.0
2025-11-11,14.87,14.95,14.56,14.57,48381112,710006464.0
2025-11-12,14.55,14.57,14.17,14.27,41626992,596127232.0
2025-11-13,14.27,14.5,14.2,14.47,34757128,499418528.0
2025-11-14,14.4,14.45,14.22,14.25,29368324,421032736.0
2025-11-17,14.2,14.77,14.2,14.66,51312296,746936448.0
2025-11-18,14.64,15.14,14.51,14.96,82848696,1237777664.0
2025-11-19,14.95,15.0,14.7,14.81,41383384,614153600.0
2025-11-20,14.88,14.94,14.34,14.38,43248480,627785152.0
2025-11-21,14.22,14.57,13.84,13.96,54175100,763810432.0
2025-11-24,14.09,14.96,13.74,14.78,89309664,1293652224.0
2025-11-25,14.78,15.1,14.72,14.86,67351600,1007187072.0
2025-11-26,14.75,15.06,14.63,14.67,42490176,628668416.0
2025-11-27,14.6,14.68,14.23,14.26,45650528,659063360.0
2025-11-28,14.29,14.52,14.11,14.26,45123324,644668032.0
2025-12-01,14.25,14.3,14.1,14.22,43764024,620508672.0
2025-12-02,14.24,14.27,13.82,13.88,51156312,714181824.0
2025-12-03,13.87,13.91,13.28,13.35,60544744,817349504.0
2025-12-04,13.35,13.49,13.09,13.13,39912516,527402080.0
2025-12-05,13.16,13.39,13.0,13.39,34811748,460237952.0
2025-12-08,13.43,13.6,13.32,13.5,43737952,587864960.0
2025-12-09,13.46,13.5,13.22,13.4,36459308,486430240.0
2025-12-10,13.34,13.35,13.09,13.22,32583832,429685152.0
2025-12-11,13.25,13.25,12.9,12.93,41350096,537707712.0
2025-12-12,12.86,13.0,12.79,12.89,42601488,549708416.0
2025-12-15,12.78,12.91,12.6,12.66,35488088,452847456.0
2025-12-16,12.64,12.7,12.24,12.28,38247324,474452032.0
2025-12-17,12.29,12.74,12.28,12.73,42749584,533163296.0
2025-12-18,12.63,12.77,12.56,12.58,25970648,328766240.0
2025-12-19,12.64,12.69,12.54,12.6,27335848,344747296.0
2025-12-22,12.62,12.78,12.58,12.69,23757764,302058944.0
2025-12-23,12.72,12.78,12.57,12.61,25300584,319740352.0
2025-12-24,12.56,12.72,12.54,12.71,24083848,305040608.0
2025-12-25,12.68,13.21,12.65,13.04,61031480,786884032.0
2025-12-26,12.96,13.03,12.8,12.88,33110340,428193440.0
2025-12-29,12.85,13.03,12.81,12.92,26518576,343149280.0
2025-12-30,12.96,13.23,12.96,13.1,41716848,548207232.0
2025-12-31,13.1,13.35,13.06,13.26,40483236,536738656.0
2026-01-05,13.35,13.7,13.21,13.67,69077848,931698816.0
2026-01-06,13.6,13.85,13.56,13.78,55246496,757666240.0
2026-01-07,13.7,13.77,13.5,13.56,45692776,622464192.0
2026-01-08,13.8,14.27,13.7,13.91,79962448,1115093760.0
2026-01-09,13.81,14.58,13.81,14.56,115334424,1642488576.0
2026-01-12,14.93,16.02,14.91,16.02,169008064,2653399552.0
2026-01-13,16.68,17.620001,16.52,17.280001,404571968,7059989504.0
2026-01-14,17.65,19.01,17.629999,19.01,347244288,6447853568.0
2026-01-15,18.610001,18.610001,17.16,17.5,387957472,6865490944.0
2026-01-16,16.91,17.5,16.0,16.09,261593568,4346110464.0
2026-01-19,16.09,16.290001,15.48,15.6,153722224,2425439232.0
2026-01-20,15.8,15.95,15.01,15.15,113149976,1725590656.0
2026-01-21,15.0,15.46,14.93,15.1,105731640,1603143168.0
2026-01-22,15.2,16.290001,15.18,15.74,170308608,2682797568.0
2026-01-23,15.82,16.15,15.7,15.89,115378880,1834161792.0
2026-01-26,15.95,16.120001,15.34,15.59,98248808,1535302400.0
2026-01-27,15.53,15.8,15.21,15.61,95671928,1483597696.0
2026-01-28,15.79,16.129999,15.54,15.57,127609056,2020840832.0
2026-01-29,15.46,16.49,15.36,15.82,175910944,2821923328.0
2026-01-30,15.63,15.76,15.11,15.18,108716928,1665824128.0
2026-02-02,15.21,15.44,14.77,14.79,81284592,1225213312.0
2026-02-03,15.0,15.32,14.88,15.31,73160024,1107201920.0
2026-02-04,15.1,15.22,14.61,14.81,109957680,1629320960.0
2026-02-05,14.55,14.74,14.45,14.56,54012528,787464448.0
2026-02-06,14.39,14.58,14.15,14.31,55269936,793382976.0
2026-02-09,14.56,14.82,14.4,14.72,66624292,973258176.0
2026-02-10,14.79,14.92,14.51,14.79,64307416,947093120.0
2026-02-11,14.72,14.9,14.6,14.65,51650764,760868160.0
2026-02-12,14.62,14.92,14.51,14.79,62655352,921797184.0
2026-02-13,14.64,15.03,14.57,14.6,60170076,888326016.0
2026-02-24,14.63,14.65,13.87,13.9,97702080,1370776832.0
2026-02-25,13.94,14.12,13.85,14.0,46983360,657227840.0
2026-02-26,14.08,14.16,13.91,13.95,49786780,696871936.0
2026-02-27,13.96,14.48,13.9,14.22,79581056,1132716288.0
2026-03-02,13.9,14.05,13.6,13.71,74111784,1020874816.0
2026-03-03,13.8,13.85,13.11,13.15,72745864,974184704.0
2026-03-04,13.01,13.24,12.9,13.05,49868180,651377216.0
2026-03-05,13.3,13.37,13.17,13.27,38747420,513855008.0
2026-03-06,13.25,13.57,13.17,13.55,40158428,538094272.0
2026-03-09,13.34,13.79,13.22,13.69,56844536,766208064.0
2026-03-10,13.83,14.05,13.56,13.72,61460188,846267456.0
2026-03-11,13.66,13.75,13.51,13.55,36631888,498353568.0
2026-03-12,13.54,13.85,13.47,13.56,41319168,562550144.0
2026-03-13,13.47,13.47,13.17,13.21,41607564,553696192.0
2026-03-16,13.21,13.23,12.98,13.23,36695312,480261312.0
2026-03-17,13.35,13.35,12.93,12.96,39282356,515109056.0
2026-03-18,12.99,13.12,12.9,13.11,29393526,382402720.0
2026-03-19,12.94,12.97,12.76,12.84,34377624,442469120.0
2026-03-20,12.78,12.89,12.4,12.4,40159880,505434528.0
2026-03-23,12.17,12.21,11.54,11.65,55948444,665754304.0
2026-03-24,11.85,11.89,11.61,11.83,34044344,399933824.0
2026-03-25,11.82,12.05,11.81,11.98,33007356,395091808.0
2026-03-26,11.99,12.03,11.6,11.63,31427208,370265504.0
2026-03-27,11.47,11.84,11.41,11.79,25505080,298198912.0
2026-03-30,11.52,11.77,11.45,11.73,29042290,337796704.0
2026-03-31,11.75,11.97,11.62,11.64,29467284,347721600.0
2026-04-01,11.87,11.9,11.73,11.85,25854784,305728320.0
2026-04-02,11.79,11.97,11.6,11.75,45807252,540142784.0
2026-04-03,11.77,11.82,11.41,11.48,29653108,342360320.0
2026-04-07,11.56,11.6,11.31,11.49,22003896,252081888.0
2026-04-08,11.7,12.24,11.69,12.21,52406680,628818432.0
2026-04-09,12.01,12.03,11.83,11.85,33474850,398474752.0
2026-04-10,11.92,12.15,11.91,12.02,33892472,408787360.0
2026-04-13,11.9,12.15,11.86,12.08,25868272,311673920.0
2026-04-14,12.33,12.42,12.1,12.29,35925116,441317408.0
2026-04-15,12.33,12.38,12.09,12.16,26386104,322545728.0
2026-04-16,12.28,12.42,12.22,12.36,31696576,390669216.0
2026-04-17,12.34,12.39,12.17,12.38,29695008,365157216.0
2026-04-20,12.32,12.64,12.29,12.52,40059408,500980768.0
2026-04-21,12.55,12.55,12.12,12.2,39398600,481733568.0
2026-04-22,12.17,12.43,12.07,12.37,39408536,485094752.0
2026-04-23,12.4,12.48,12.13,12.21,31807922,389921952.0
2026-04-24,12.11,12.37,11.93,12.37,47171564,573199232.0
2026-04-27,12.16,12.16,11.55,12.04,62641436,747026112.0
2026-04-28,11.95,11.96,11.66,11.72,39289528,462955680.0
2026-04-29,11.72,11.91,11.7,11.87,28822900,341721696.0
2026-04-30,11.8,11.96,11.59,11.68,43856144,515138144.0
2026-05-06,11.8,12.11,11.78,11.9,58074024,695453504.0
2026-05-07,11.95,12.23,11.8,12.2,58610160,704319552.0
2026-05-08,12.5,12.88,12.27,12.39,98481032,1233835392.0
2026-05-11,12.34,12.54,12.21,12.38,59230808,730029056.0
2026-05-12,12.33,12.33,11.89,11.9,64095728,771924096.0
2026-05-13,11.81,12.11,11.71,12.02,52070256,620133184.0
2026-05-14,12.26,12.7,11.78,11.83,94038208,1144602752.0
2026-05-15,11.8,11.94,11.5,11.51,67196184,785952896.0
2026-05-18,11.4,11.7,11.4,11.6,38113768,440229888.0
2026-05-19,11.55,11.8,11.5,11.77,38036360,444008480.0
2026-05-20,11.68,11.7,11.32,11.43,45888352,525253280.0
2026-05-21,11.47,11.54,10.81,10.85,73476800,819950272.0
2026-05-22,10.9,10.95,10.6,10.87,47531464,512894368.0
2026-05-25,10.96,11.01,10.75,10.94,36382048,396082112.0
2026-05-26,10.87,10.9,10.48,10.7,40329576,430064480.0
2026-05-27,10.69,10.7,10.2,10.3,40754780,425514784.0
2026-05-28,10.2,10.61,10.01,10.52,53377836,548913088.0
2026-05-29,10.71,10.95,10.16,10.37,46350568,485508544.0
2026-06-01,10.5,11.41,10.3,11.41,100472256,1107603712.0
2026-06-02,11.5,11.54,11.09,11.28,90766104,1022149504.0
2026-06-03,11.03,11.18,10.8,10.9,63285244,695966080.0
2026-06-04,10.8,10.82,10.54,10.63,45001020,479674304.0
2026-06-05,10.65,11.22,10.55,10.71,64736444,702760768.0
2026-06-08,10.4,10.81,10.3,10.58,51962136,551481984.0
2026-06-09,10.6,11.16,10.33,10.8,60920488,652371456.0
2026-06-10,10.6,10.87,10.23,10.35,53891176,564647936.0
2026-06-11,10.23,10.29,9.86,9.9,53991060,538803264.0
2026-06-12,10.0,10.21,9.86,10.0,41637796,418493824.0
2026-06-15,10.1,10.25,10.03,10.14,38138248,386446016.0
2026-06-16,10.08,10.11,9.88,9.95,44067792,438547200.0
2026-06-17,9.93,9.94,9.63,9.78,44631620,433889984.0
2026-06-18,9.68,10.17,9.59,9.79,51601356,511585536.0
2026-06-22,9.65,10.02,9.52,9.99,52997792,515998208.0
2026-06-23,9.96,10.07,9.66,9.68,44496524,439122624.0
2026-06-24,9.67,9.71,9.3,9.43,39118052,369869472.0
2026-06-25,9.4,9.41,9.15,9.25,42739612,395830528.0
2026-06-26,9.15,9.18,8.75,8.75,51353304,458707136.0
2026-06-29,8.83,9.23,8.73,8.98,48752608,437627968.0
2026-06-30,8.91,9.38,8.91,9.18,48270292,443478272.0
2026-07-01,9.38,9.67,9.38,9.46,58557428,558130048.0
2026-07-02,9.69,9.69,9.35,9.35,54388216,515712256.0
2026-07-03,9.31,9.44,9.2,9.31,32689372,304718272.0
2026-07-06,9.21,9.31,9.09,9.19,29560520,272565216.0
2026-07-07,9.22,9.25,8.97,9.0,27190074,246642848.0
2026-07-08,9.0,9.47,8.95,9.36,58267420,540198336.0
2026-07-09,9.22,9.51,9.12,9.43,50728760,474013856.0
2026-07-10,9.35,10.1,9.26,9.67,75884440,740736448.0
2026-07-13,9.55,9.74,9.2,9.36,59177620,557560768.0
2026-07-14,9.4,9.44,8.96,9.2,57736648,526577696.0
2026-07-15,9.1,9.47,9.08,9.31,48157152,449103264.0
2026-07-16,9.26,9.51,9.13,9.36,52277772,489645760.0
2026-07-17,9.32,9.42,8.8,8.82,67911752,612416832.0
2026-07-20,8.93,9.23,8.86,9.14,65737328,592489216.0
2026-07-21,9.06,9.47,9.06,9.34,66082532,611424384.0
2026-07-22,9.28,9.97,9.23,9.56,86665720,833474304.0
2026-07-23,9.5,9.55,9.26,9.45,44129896,412579936.0
2026-07-24,9.3,9.3,8.96,8.97,50002248,454298496.0
2026-07-27,9.0,9.33,8.84,9.32,51835408,475171904.0
2026-07-28,9.23,9.65,9.19,9.53,57090004,543861760.0
2026-07-29,9.54,9.92,9.5,9.73,73532584,714523008.0
2026-07-30,9.76,10.36,9.72,10.07,90983880,923638976.0
2026-07-31,9.8,11.08,9.8,11.08,97106544,1036206400.0
2026-08-03,11.39,11.82,11.1,11.2,242109792,2755613184.0
2026-08-04,11.29,11.72,11.2,11.38,157929264,1803602560.0
2026-08-05,11.28,12.15,11.21,11.85,159841232,1883786240.0
