timestamps,open,high,low,close,volume,amount
2010-01-04,4.83,4.84,4.75,4.75,29704266,394184544.0
2010-01-05,4.76,4.79,4.7,4.76,42220064,554958656.0
2010-01-06,4.76,4.77,4.72,4.73,32602223,428819191.0
2010-01-07,4.73,4.73,4.65,4.67,40560736,527976768.0
2010-01-08,4.68,4.7,4.66,4.68,30110220,390440256.0
2010-01-11,4.79,4.81,4.68,4.69,38693420,506897536.0
2010-01-12,4.69,4.76,4.68,4.76,38055456,499271495.0
2010-01-13,4.71,4.8,4.68,4.7,68283616,899269824.0
2010-01-14,4.72,4.73,4.69,4.72,32451968,424075936.0
2010-01-15,4.72,4.73,4.69,4.7,30449104,396909408.0
2010-01-18,4.7,4.72,4.68,4.69,38218656,497151424.0
2010-01-19,4.69,4.72,4.68,4.68,31576932,410562848.0
2010-01-21,4.63,4.65,4.57,4.63,59540092,761047488.0
2010-01-22,4.61,4.61,4.51,4.54,43545020,550518400.0
2010-01-25,4.54,4.66,4.53,4.63,70754720,908797824.0
2010-01-26,4.62,4.66,4.57,4.64,59313136,761896832.0
2010-01-27,4.65,4.68,4.61,4.65,45992984,593214080.0
2010-01-28,4.65,4.66,4.59,4.65,25916162,333075264.0
2010-01-29,4.64,4.65,4.57,4.61,33545732,430074656.0
2010-02-01,4.6,4.63,4.54,4.58,41502248,528987040.0
2010-02-02,4.6,4.6,4.55,4.57,26920200,341285408.0
2010-02-03,4.55,4.65,4.55,4.63,44638536,570679040.0
2010-02-04,4.63,4.66,4.6,4.64,26858600,345588896.0
2010-02-05,4.61,4.67,4.58,4.61,40595436,520028224.0
2010-02-08,4.61,4.62,4.57,4.58,11958401,152253840.0
2010-02-09,4.58,4.6,4.57,4.6,11897786,151283776.0
2010-02-10,4.6,4.61,4.57,4.59,13473485,171282448.0
2010-02-11,4.59,4.6,4.58,4.58,11949105,152138976.0
2010-02-12,4.6,4.6,4.57,4.59,20065330,254955280.0
2010-02-22,4.59,4.62,4.59,4.61,17098198,218598048.0
2010-02-23,4.61,4.63,4.59,4.63,19835844,253736096.0
2010-02-24,4.61,4.7,4.61,4.68,27826044,360324352.0
2010-02-25,4.68,4.71,4.66,4.68,32191876,418273088.0
2010-02-26,4.68,4.69,4.67,4.68,23615996,306855776.0
2010-03-01,4.69,4.74,4.69,4.74,31216240,409739616.0
2010-03-02,4.74,4.75,4.69,4.69,26277964,343825664.0
2010-03-03,4.69,4.72,4.68,4.71,23904988,311854816.0
2010-03-05,4.65,4.66,4.61,4.61,34608360,444187008.0
2010-03-08,4.62,4.63,4.59,4.6,28262918,360575200.0
2010-03-09,4.6,4.63,4.58,4.61,16502920,210785552.0
2010-03-10,4.61,4.64,4.59,4.6,16989274,217278272.0
2010-03-11,4.6,4.62,4.59,4.61,13882046,177175632.0
2010-03-12,4.6,4.63,4.59,4.59,18025456,230287088.0
2010-03-15,4.59,4.61,4.58,4.59,20300828,258359296.0
2010-03-16,4.58,4.6,4.58,4.59,13021599,165761680.0
2010-03-17,4.59,4.65,4.59,4.64,20882512,267355760.0
2010-03-18,4.63,4.64,4.6,4.61,15985001,204627008.0
2010-03-19,4.61,4.62,4.59,4.61,26232084,334664736.0
2010-03-22,4.61,4.61,4.59,4.6,26386902,336609312.0
2010-03-23,4.59,4.6,4.55,4.56,33189240,420701504.0
2010-03-24,4.56,4.57,4.54,4.54,29591384,373573472.0
2010-03-25,4.54,4.56,4.51,4.51,24280856,305023488.0
2010-03-26,4.51,4.55,4.49,4.52,18136204,227447248.0
2010-03-29,4.55,4.6,4.52,4.58,31226350,395861792.0
2010-03-30,4.58,4.58,4.53,4.54,23515644,296548736.0
2010-03-31,4.55,4.56,4.51,4.51,23275844,291916672.0
2010-04-01,4.51,4.54,4.5,4.54,42289036,530070144.0
2010-04-02,4.54,4.55,4.52,4.53,30065276,378247680.0
2010-04-06,4.54,4.55,4.51,4.52,25260480,317405600.0
2010-04-07,4.54,4.57,4.52,4.55,27957644,352430176.0
2010-04-08,4.55,4.57,4.52,4.53,26108890,329212064.0
2010-04-09,4.53,4.62,4.53,4.62,45716568,581007296.0
2010-04-12,4.64,4.75,4.61,4.74,105943136,1376227840.0
2010-04-13,4.74,4.86,4.71,4.75,115619944,1539995776.0
2010-04-14,4.76,4.81,4.73,4.75,37937584,500339744.0
2010-04-15,4.76,4.77,4.67,4.74,35203976,459666944.0
2010-04-16,4.69,4.71,4.65,4.67,40781444,528906304.0
2010-04-19,4.62,4.72,4.61,4.62,45441132,584921472.0
2010-04-20,4.61,4.76,4.61,4.7,64035796,833538624.0
2010-04-21,4.71,4.94,4.71,4.92,117363904,1576047104.0
2010-04-22,4.88,5.03,4.85,4.94,109527496,1506451328.0
2010-04-23,4.94,4.97,4.81,4.83,47853144,644528768.0
2010-04-26,4.9,5.03,4.87,4.98,69012448,950167040.0
2010-04-27,4.94,5.04,4.83,4.97,64162824,879210176.0
2010-04-28,4.88,4.97,4.81,4.84,37615256,508809440.0
2010-04-29,4.89,4.9,4.76,4.78,31690334,423531840.0
2010-04-30,4.83,4.94,4.75,4.92,53199328,717178560.0
2010-05-04,4.88,4.99,4.85,4.86,37723688,514304160.0
2010-05-05,4.8,4.86,4.67,4.78,45177928,595428096.0
2010-05-06,4.76,4.78,4.65,4.65,32327468,422486080.0
2010-05-07,4.6,4.65,4.5,4.51,59414412,750998400.0
2010-05-10,4.52,4.68,4.5,4.62,32485088,412719360.0
2010-05-11,4.69,4.69,4.5,4.52,43422392,551589760.0
2010-05-12,4.51,4.57,4.47,4.54,22479652,281971488.0
2010-05-13,4.54,4.64,4.54,4.61,27577720,351605760.0
2010-05-14,4.59,4.68,4.55,4.64,29971494,385944928.0
2010-05-17,4.58,4.6,4.51,4.52,27122024,341991552.0
2010-05-18,4.51,4.56,4.46,4.52,40764320,510006368.0
2010-05-19,4.53,4.6,4.52,4.56,22357838,282804768.0
2010-05-20,4.53,4.59,4.48,4.5,21728156,272884192.0
2010-05-21,4.43,4.52,4.41,4.51,25884920,320620608.0
2010-05-24,4.52,4.6,4.51,4.58,42872872,541994240.0
2010-05-25,4.55,4.56,4.43,4.46,33851120,420678304.0
2010-05-26,4.47,4.5,4.42,4.45,26742952,330637856.0
2010-05-27,4.45,4.51,4.41,4.5,24438920,302327104.0
2010-05-28,4.52,4.53,4.44,4.46,19658720,244579840.0
2010-05-31,4.46,4.49,4.41,4.42,16657126,205055088.0
2010-06-01,4.4,4.46,4.38,4.39,17332674,212191376.0
2010-06-02,4.4,4.43,4.34,4.39,16289818,197949664.0
2010-06-03,4.4,4.43,4.37,4.37,15009957,183322912.0
2010-06-04,4.37,4.46,4.35,4.44,20455588,251284960.0
2010-06-07,4.39,4.43,4.37,4.39,12549741,152911968.0
2010-06-08,4.38,4.42,4.33,4.36,14509930,175914336.0
2010-06-09,4.37,4.41,4.29,4.39,26059610,314596864.0
2010-06-10,4.36,4.41,4.35,4.37,12881077,156559088.0
2010-06-11,4.38,4.42,4.38,4.39,11123494,135744592.0
2010-06-17,4.42,4.43,4.38,4.39,8416671,102843896.0
2010-06-18,4.39,4.41,4.34,4.34,13961499,169566688.0
2010-06-21,4.34,4.44,4.34,4.43,17901800,218934320.0
2010-06-22,4.43,4.46,4.41,4.44,12225396,150461936.0
2010-06-23,4.43,4.43,4.38,4.4,11161660,136463024.0
2010-06-24,4.41,4.44,4.38,4.41,11081107,135804256.0
2010-06-25,4.41,4.49,4.37,4.47,20794590,255647504.0
2010-06-29,4.48,4.52,4.42,4.42,36001488,446438560.0
2010-06-30,4.4,4.57,4.4,4.5,26988628,335977248.0
2010-07-01,4.49,4.57,4.43,4.45,22276020,276973344.0
2010-07-02,4.44,4.55,4.44,4.48,29234394,365357824.0
2010-07-05,4.47,4.52,4.43,4.46,23657120,293662112.0
2010-07-06,4.44,4.49,4.43,4.46,20814068,256951952.0
2010-07-07,4.46,4.47,4.37,4.38,18932590,230700288.0
2010-07-08,4.4,4.41,4.32,4.33,22251980,268255808.0
2010-07-09,4.35,4.41,4.3,4.38,29607726,358223072.0
2010-07-12,4.37,4.4,4.35,4.39,22468984,272525440.0
2010-07-13,4.37,4.42,4.36,4.38,18292368,222813040.0
2010-07-14,4.42,4.49,4.4,4.45,22333428,275531872.0
2010-07-15,4.47,4.51,4.43,4.44,18175520,225051712.0
2010-07-16,4.44,4.49,4.4,4.47,15450402,190033152.0
2010-07-19,4.47,4.52,4.45,4.52,25087540,312386976.0
2010-07-20,4.52,4.54,4.47,4.53,36263324,293484896.0
2010-07-21,4.53,4.65,4.46,4.55,69085832,563901504.0
2010-07-22,4.52,4.56,4.5,4.54,32577398,264583664.0
2010-07-23,4.56,4.57,4.51,4.52,34575116,281040832.0
2010-07-26,4.54,4.54,4.5,4.52,28114492,228055040.0
2010-07-27,4.51,4.55,4.49,4.54,33308926,270455136.0
2010-07-28,4.55,4.61,4.52,4.59,56401704,462733600.0
2010-07-29,4.6,4.64,4.56,4.6,55666832,459242720.0
2010-07-30,4.59,4.59,4.56,4.58,37432888,307173120.0
2010-08-02,4.6,4.62,4.58,4.61,47838528,394972288.0
2010-08-03,4.61,4.61,4.52,4.53,55434576,454366816.0
2010-08-04,4.52,4.56,4.51,4.56,34053112,277539104.0
2010-08-05,4.55,4.56,4.51,4.52,41040888,333249920.0
2010-08-06,4.52,4.6,4.52,4.59,41582900,340395648.0
2010-08-09,4.59,4.6,4.55,4.57,35935028,294577536.0
2010-08-10,4.61,4.71,4.57,4.59,78858376,657193984.0
2010-08-11,4.6,4.65,4.59,4.6,30138112,249619232.0
2010-08-12,4.57,4.6,4.51,4.55,32850896,268677888.0
2010-08-13,4.54,4.58,4.53,4.55,25881074,211638976.0
2010-08-16,4.56,4.61,4.54,4.61,43273152,355421568.0
2010-08-17,4.61,4.62,4.56,4.59,40635624,333924864.0
2010-08-18,4.57,4.59,4.53,4.54,35464120,289622272.0
2010-08-19,4.55,4.59,4.52,4.56,41536416,339067680.0
2010-08-20,4.55,4.55,4.5,4.51,40764688,330598016.0
2010-08-23,4.51,4.52,4.49,4.5,18155256,146828272.0
2010-08-24,4.5,4.54,4.49,4.51,24393336,197357072.0
2010-08-25,4.5,4.52,4.43,4.44,31719942,254476944.0
2010-08-26,4.44,4.48,4.42,4.44,19509640,155963600.0
2010-08-27,4.44,4.46,4.43,4.44,17046908,135806688.0
2010-08-30,4.45,4.49,4.44,4.47,25644532,205431376.0
2010-08-31,4.46,4.49,4.39,4.41,41001980,325684768.0
2010-09-01,4.41,4.44,4.31,4.33,36289888,285212768.0
2010-09-02,4.35,4.42,4.33,4.39,39896688,312966496.0
2010-09-03,4.39,4.4,4.33,4.35,34156972,266192752.0
2010-09-06,4.36,4.41,4.35,4.4,40561868,318856768.0
2010-09-07,4.4,4.41,4.35,4.37,35242084,276838784.0
2010-09-08,4.37,4.37,4.32,4.33,43891764,341496448.0
2010-09-09,4.35,4.37,4.28,4.32,36792684,285592160.0
2010-09-10,4.32,4.34,4.26,4.29,31270748,240957296.0
2010-09-13,4.29,4.31,4.25,4.29,28988760,222319424.0
2010-09-14,4.29,4.43,4.26,4.37,66358164,517209600.0
2010-09-15,4.35,4.38,4.3,4.34,38755240,301899968.0
2010-09-16,4.31,4.35,4.26,4.29,33603248,259930512.0
2010-09-20,4.28,4.35,4.26,4.26,35590444,274966400.0
2010-09-21,4.27,4.3,4.25,4.26,17292424,132501392.0
2010-09-27,4.27,4.29,4.25,4.28,21224584,162540976.0
2010-09-28,4.27,4.28,4.22,4.24,23613632,180131248.0
2010-09-29,4.24,4.26,4.21,4.22,22419048,170142272.0
2010-09-30,4.22,4.29,4.2,4.27,25116236,192143024.0
2010-10-08,4.3,4.36,4.26,4.33,52503900,406824448.0
2010-10-11,4.41,4.61,4.38,4.58,136026432,1093242368.0
2010-10-12,4.55,4.62,4.52,4.6,84915024,697339520.0
2010-10-13,4.6,4.6,4.51,4.56,57479564,470075040.0
2010-10-14,4.57,4.75,4.55,4.62,143389680,1196482688.0
2010-10-15,4.63,4.76,4.61,4.74,97041264,817979072.0
2010-10-18,4.76,4.89,4.68,4.79,126205392,1084346496.0
2010-10-19,4.78,4.78,4.68,4.76,61406496,520353216.0
2010-10-20,4.69,4.73,4.59,4.61,101444440,844934848.0
2010-10-21,4.63,4.66,4.52,4.55,55784864,458172064.0
2010-10-22,4.56,4.6,4.5,4.54,60524752,492962816.0
2010-10-25,4.55,4.62,4.54,4.61,56811692,466935040.0
2010-10-26,4.62,4.67,4.6,4.61,54996480,456685504.0
2010-10-27,4.62,4.63,4.52,4.54,55211188,453195264.0
2010-10-28,4.54,4.61,4.52,4.56,32673436,267779088.0
2010-10-29,4.56,4.59,4.51,4.53,38230504,311532896.0
2010-11-01,4.59,4.73,4.59,4.64,92652680,774270528.0
2010-11-02,4.65,4.73,4.64,4.7,92585112,777527296.0
2010-11-03,4.71,4.73,4.61,4.61,71297328,594647680.0
2010-11-04,4.63,4.66,4.59,4.62,60187576,498863424.0
2010-11-05,4.67,4.69,4.61,4.64,78723496,657164672.0
2010-11-08,4.66,4.7,4.66,4.7,79133232,664682048.0
2010-11-09,4.7,4.71,4.63,4.65,55955640,467775648.0
2010-11-10,4.65,4.65,4.56,4.62,65353564,538215872.0
2010-11-11,4.6,4.75,4.59,4.67,104108976,873401856.0
2010-11-12,4.68,4.71,4.47,4.48,112436176,929613568.0
2010-11-15,4.51,4.53,4.45,4.49,56228808,451618016.0
2010-11-16,4.49,4.49,4.28,4.29,62557412,492083264.0
2010-11-17,4.3,4.33,4.27,4.3,48182484,371534304.0
2010-11-18,4.31,4.33,4.27,4.28,40092320,309273888.0
2010-11-19,4.3,4.32,4.22,4.31,50291352,385542944.0
2010-11-22,4.28,4.31,4.26,4.27,34958668,268706592.0
2010-11-23,4.27,4.27,4.17,4.18,46878432,353526304.0
2010-11-24,4.18,4.27,4.18,4.23,37299292,283191616.0
2010-11-25,4.26,4.32,4.21,4.31,42415632,324598560.0
2010-11-26,4.31,4.31,4.25,4.27,28183862,215919776.0
2010-11-29,4.26,4.31,4.25,4.28,29369094,225546592.0
2010-11-30,4.29,4.3,4.17,4.22,38504272,291711776.0
2010-12-01,4.24,4.31,4.23,4.31,42026864,323302272.0
2010-12-02,4.35,4.37,4.3,4.3,37674760,292637248.0
2010-12-03,4.32,4.37,4.3,4.36,39311800,306506048.0
2010-12-06,4.36,4.37,4.3,4.34,35046328,272788800.0
2010-12-07,4.34,4.35,4.28,4.32,31743624,245041280.0
2010-12-08,4.32,4.33,4.26,4.28,26573832,204652544.0
2010-12-09,4.27,4.34,4.25,4.27,36257716,278880064.0
2010-12-10,4.27,4.33,4.26,4.31,27303600,210611328.0
2010-12-13,4.32,4.43,4.29,4.42,71924352,562950400.0
2010-12-14,4.4,4.42,4.36,4.39,39715032,312552640.0
2010-12-15,4.39,4.41,4.34,4.35,31392012,246054928.0
2010-12-16,4.35,4.37,4.32,4.33,18514848,144311536.0
2010-12-17,4.33,4.34,4.3,4.31,23258056,179641760.0
2010-12-20,4.31,4.32,4.21,4.25,40107912,307384480.0
2010-12-21,4.26,4.32,4.24,4.31,31409750,241390928.0
2010-12-22,4.31,4.33,4.23,4.26,38412016,295639264.0
2010-12-23,4.26,4.3,4.25,4.25,27894756,213759840.0
2010-12-24,4.25,4.28,4.23,4.25,24390374,186066896.0
2010-12-27,4.25,4.27,4.18,4.19,31968436,243078080.0
2010-12-28,4.19,4.24,4.16,4.18,37714140,283526240.0
2010-12-29,4.18,4.22,4.18,4.21,26534992,200241872.0
2010-12-30,4.21,4.22,4.16,4.18,30129304,226131296.0
2010-12-31,4.18,4.24,4.18,4.22,31221816,235943216.0
2011-01-04,4.23,4.31,4.17,4.24,61760148,470019936.0
2011-01-05,4.24,4.27,4.22,4.23,39413632,300023616.0
2011-01-06,4.26,4.27,4.22,4.23,21286612,162031216.0
2011-01-07,4.24,4.28,4.21,4.26,38571752,293780480.0
2011-01-10,4.25,4.28,4.23,4.24,25654152,195968752.0
2011-01-11,4.24,4.31,4.22,4.3,39817724,305296064.0
2011-01-12,4.3,4.3,4.26,4.29,24398296,187480112.0
2011-01-13,4.31,4.31,4.24,4.26,31646000,242123040.0
2011-01-14,4.25,4.29,4.21,4.26,29468210,224659008.0
2011-01-17,4.26,4.3,4.15,4.15,58697136,445023840.0
2011-01-18,4.16,4.17,4.12,4.15,19245460,143140160.0
2011-01-19,4.15,4.22,4.13,4.21,25550568,191704560.0
2011-01-20,4.21,4.22,4.12,4.14,36003536,269929728.0
2011-01-21,4.14,4.23,4.12,4.18,26812700,201196576.0
2011-01-25,4.21,4.28,4.17,4.24,50007728,379732640.0
2011-01-26,4.23,4.3,4.22,4.27,26430442,202404192.0
2011-01-27,4.25,4.36,4.22,4.32,55493972,429406176.0
2011-01-28,4.31,4.4,4.3,4.37,45046868,352230560.0
2011-01-31,4.37,4.42,4.37,4.37,40440976,318971776.0
2011-02-01,4.37,4.38,4.3,4.34,24513044,190532880.0
2011-02-09,4.32,4.38,4.31,4.33,20172972,156995360.0
2011-02-10,4.32,4.36,4.31,4.35,27145040,210870288.0
2011-02-11,4.35,4.35,4.31,4.33,40716928,316144256.0
2011-02-14,4.33,4.44,4.32,4.41,73281640,577461248.0
2011-02-15,4.44,4.54,4.41,4.45,88159256,708946560.0
2011-02-16,4.45,4.47,4.4,4.44,44807028,356030880.0
2011-02-17,4.43,4.46,4.4,4.42,38678088,306806816.0
2011-02-18,4.4,4.41,4.34,4.35,39004680,306097984.0
2011-02-21,4.35,4.4,4.35,4.39,30217978,237269216.0
2011-02-22,4.39,4.4,4.3,4.3,37262308,289347520.0
2011-02-23,4.31,4.33,4.3,4.3,24328592,188193584.0
2011-02-24,4.31,4.32,4.28,4.31,22926670,177118064.0
2011-02-25,4.32,4.35,4.3,4.33,21520366,166888320.0
2011-02-28,4.34,4.35,4.3,4.33,24381194,189196240.0
2011-03-01,4.33,4.37,4.31,4.37,43685760,340135712.0
2011-03-02,4.34,4.35,4.31,4.33,27163620,210894624.0
2011-03-03,4.33,4.37,4.32,4.33,35961888,280483200.0
2011-03-04,4.33,4.38,4.33,4.36,40247556,314505312.0
2011-03-07,4.37,4.45,4.36,4.44,66535324,527015712.0
2011-03-08,4.44,4.47,4.4,4.42,43299848,344915136.0
2011-03-09,4.44,4.44,4.4,4.4,36247752,287142016.0
2011-03-10,4.4,4.4,4.33,4.33,40667084,317954208.0
2011-03-11,4.32,4.35,4.31,4.32,30422460,236464800.0
2011-03-14,4.32,4.36,4.31,4.33,36969096,287499264.0
2011-03-15,4.33,4.33,4.22,4.27,57097468,437576512.0
2011-03-16,4.28,4.32,4.28,4.3,31011006,239105024.0
2011-03-17,4.3,4.59,4.27,4.46,188676064,1518989568.0
2011-03-18,4.46,4.47,4.39,4.43,68246712,543020864.0
2011-03-21,4.44,4.46,4.39,4.4,43356932,344247680.0
2011-03-22,4.4,4.47,4.37,4.45,49767924,396201120.0
2011-03-23,4.45,4.52,4.44,4.51,70569032,570104768.0
2011-03-24,4.51,4.59,4.49,4.51,48552744,394515232.0
2011-03-25,4.51,4.55,4.5,4.51,40370520,327823584.0
2011-03-28,4.51,4.54,4.49,4.49,40098440,325377760.0
2011-03-29,4.49,4.49,4.42,4.44,51473040,411718496.0
2011-03-30,4.44,4.47,4.42,4.44,36041024,287654528.0
2011-03-31,4.44,4.45,4.41,4.44,28417368,225884176.0
2011-04-01,4.44,4.46,4.4,4.44,31497772,250542512.0
2011-04-06,4.43,4.51,4.42,4.51,40527100,325597024.0
2011-04-07,4.52,4.54,4.49,4.54,32984284,267247888.0
2011-04-08,4.53,4.53,4.5,4.52,23426936,189718304.0
2011-04-11,4.52,4.58,4.51,4.54,46983032,383509152.0
2011-04-12,4.54,4.69,4.53,4.65,105708848,876932160.0
2011-04-13,4.62,4.65,4.58,4.64,44746360,370190592.0
2011-04-14,4.64,4.68,4.6,4.61,34168340,284191456.0
2011-04-15,4.6,4.64,4.55,4.6,37788712,311563520.0
2011-04-18,4.6,4.7,4.59,4.66,44811912,374411104.0
2011-04-19,4.62,4.64,4.54,4.55,37032584,303845312.0
2011-04-20,4.57,4.59,4.51,4.52,48845752,397582976.0
2011-04-21,4.55,4.56,4.5,4.54,29242460,237835136.0
2011-04-22,4.55,4.56,4.51,4.56,40991232,333307232.0
2011-04-25,4.54,4.55,4.47,4.49,35686800,288338368.0
2011-04-26,4.49,4.51,4.45,4.47,30809126,247703440.0
2011-04-27,4.48,4.54,4.48,4.52,47449408,384072032.0
2011-04-28,4.52,4.54,4.44,4.45,36911836,297347104.0
2011-04-29,4.45,4.63,4.45,4.59,71712624,587551936.0
2011-05-03,4.6,4.66,4.55,4.61,61546304,509879904.0
2011-05-04,4.59,4.65,4.52,4.53,47490768,390948320.0
2011-05-05,4.51,4.54,4.48,4.52,32469260,262981504.0
2011-05-06,4.5,4.65,4.48,4.61,47523000,390952416.0
2011-05-09,4.61,4.68,4.6,4.64,48969252,407947488.0
2011-05-10,4.64,4.66,4.59,4.65,44545020,369651328.0
2011-05-11,4.65,4.66,4.57,4.59,33164084,273919232.0
2011-05-12,4.57,4.65,4.54,4.59,45716584,377826272.0
2011-05-13,4.61,4.64,4.51,4.57,47135788,385785632.0
2011-05-16,4.56,4.58,4.5,4.51,28122124,228694464.0
2011-05-17,4.51,4.54,4.47,4.49,42026340,339251072.0
2011-05-18,4.49,4.51,4.47,4.5,30446128,245558576.0
2011-05-19,4.51,4.51,4.4,4.41,52633236,419374784.0
2011-05-23,4.39,4.39,4.11,4.15,142629408,1076871040.0
2011-05-24,4.12,4.16,4.06,4.15,62431592,461951520.0
2011-05-25,4.12,4.17,4.11,4.13,28279852,210162640.0
2011-05-26,4.16,4.18,4.11,4.11,24545430,182655840.0
2011-05-27,4.11,4.12,4.08,4.09,28314416,208112304.0
2011-05-30,4.08,4.11,4.06,4.07,24861508,182296688.0
2011-05-31,4.11,4.16,4.1,4.12,19451044,143979872.0
2011-06-01,4.13,4.14,4.1,4.12,18305200,135337264.0
2011-06-02,4.11,4.15,4.07,4.12,27502616,203439552.0
2011-06-03,4.13,4.14,4.12,4.13,18335174,135941536.0
2011-06-07,4.14,4.17,4.12,4.15,21566808,160509376.0
2011-06-08,4.15,4.15,4.11,4.14,16179484,119962992.0
2011-06-09,4.13,4.15,4.08,4.09,16417754,121697520.0
2011-06-10,4.1,4.13,4.07,4.13,23622024,173786864.0
2011-06-13,4.12,4.16,4.09,4.15,17737176,131759968.0
2011-06-14,4.15,4.17,4.13,4.16,17473620,130293792.0
2011-06-15,4.16,4.16,4.13,4.14,14924859,111107104.0
2011-06-16,4.12,4.13,4.1,4.1,20615760,152222288.0
2011-06-17,4.11,4.13,4.11,4.11,14357867,106123336.0
2011-06-20,4.12,4.16,4.1,4.11,19360268,143194768.0
2011-06-21,4.12,4.13,4.1,4.13,22198664,163712816.0
2011-06-22,4.13,4.15,4.11,4.13,24414804,180551936.0
2011-06-23,4.14,4.16,4.1,4.16,17960512,128453504.0
2011-06-24,4.14,4.22,4.13,4.21,30637248,222295232.0
2011-06-27,4.2,4.21,4.17,4.18,24567982,178314624.0
2011-06-28,4.2,4.2,4.15,4.17,15906789,114797432.0
2011-06-29,4.17,4.18,4.14,4.15,26249804,188911904.0
2011-06-30,4.16,4.19,4.14,4.16,25236572,182162928.0
2011-07-01,4.17,4.17,4.14,4.14,23631892,169831280.0
2011-07-04,4.16,4.21,4.16,4.21,39616256,287208064.0
2011-07-05,4.2,4.24,4.18,4.22,25894952,188895520.0
2011-07-06,4.21,4.22,4.17,4.2,20616210,149698672.0
2011-07-07,4.2,4.21,4.17,4.17,21966144,159313088.0
2011-07-08,4.17,4.19,4.16,4.17,12338441,89237000.0
2011-07-11,4.18,4.2,4.16,4.18,15792145,114358112.0
2011-07-12,4.17,4.18,4.11,4.12,30706520,220138544.0
2011-07-13,4.13,4.16,4.12,4.16,22826112,163613376.0
2011-07-14,4.16,4.16,4.12,4.14,23828920,170668944.0
2011-07-15,4.14,4.16,4.12,4.16,17504484,125565000.0
2011-07-18,4.16,4.16,4.13,4.15,27592562,197994768.0
2011-07-19,4.13,4.14,4.09,4.11,22460728,160168976.0
2011-07-20,4.13,4.14,4.11,4.13,23835336,170408880.0
2011-07-21,4.13,4.14,4.08,4.08,31108528,220982288.0
2011-07-22,4.1,4.1,4.07,4.08,18526448,131131264.0
2011-07-25,4.07,4.07,3.9,3.92,40927956,282446080.0
2011-07-26,3.93,3.94,3.88,3.89,23162506,156548192.0
2011-07-27,3.88,3.88,3.84,3.88,42589416,284539616.0
2011-07-28,3.85,3.85,3.82,3.85,23740048,157724128.0
2011-07-29,3.85,3.91,3.84,3.89,23332708,156479264.0
2011-08-01,3.89,3.89,3.87,3.88,15245315,102452936.0
2011-08-02,3.88,3.88,3.82,3.84,15334162,101950872.0
2011-08-03,3.83,3.84,3.81,3.82,19840964,131543592.0
2011-08-04,3.84,3.86,3.83,3.85,13719989,91284776.0
2011-08-05,3.78,3.78,3.74,3.77,22313306,145701680.0
2011-08-08,3.74,3.76,3.58,3.7,38495472,244897888.0
2011-08-09,3.62,3.68,3.59,3.67,27717696,174163504.0
2011-08-10,3.69,3.72,3.68,3.69,24195316,155078960.0
2011-08-11,3.65,3.72,3.64,3.71,15796672,100863512.0
2011-08-12,3.72,3.77,3.71,3.73,18579752,120514352.0
2011-08-15,3.73,3.78,3.7,3.77,22399754,144794384.0
2011-08-16,3.76,3.79,3.75,3.78,19115312,124987672.0
2011-08-17,3.77,3.79,3.75,3.79,10061395,65924716.0
2011-08-18,3.77,3.79,3.76,3.77,16596487,108393888.0
2011-08-19,3.72,3.75,3.66,3.68,17049318,109390536.0
2011-08-22,3.68,3.69,3.61,3.63,10169740,64324964.0
2011-08-23,3.64,3.7,3.62,3.69,10770349,68215728.0
2011-08-24,3.69,3.7,3.65,3.66,9382621,59745580.0
2011-08-25,3.67,3.76,3.66,3.75,19927340,128380152.0
2011-08-26,3.72,3.74,3.7,3.72,10746949,69186680.0
2011-08-29,3.69,3.7,3.64,3.65,11468234,72803560.0
2011-08-30,3.67,3.71,3.65,3.66,12772060,81443656.0
2011-08-31,3.66,3.68,3.63,3.65,10165777,64313472.0
2011-09-01,3.65,3.68,3.61,3.64,12618346,79675896.0
2011-09-02,3.62,3.64,3.56,3.57,16421538,102137896.0
2011-09-05,3.56,3.56,3.5,3.51,13969097,85066424.0
2011-09-06,3.49,3.52,3.46,3.49,12518479,75801872.0
2011-09-07,3.5,3.55,3.48,3.53,15221952,92692728.0
2011-09-08,3.53,3.61,3.51,3.6,22660520,140173024.0
2011-09-09,3.59,3.7,3.58,3.62,24806628,156976896.0
2011-09-13,3.58,3.75,3.57,3.69,37562768,240106240.0
2011-09-14,3.69,3.7,3.61,3.68,19815486,125304576.0
2011-09-16,3.69,3.73,3.63,3.64,17910980,114294560.0
2011-09-19,3.62,3.63,3.59,3.6,8417658,52602192.0
2011-09-20,3.6,3.67,3.58,3.66,11274493,71075928.0
2011-09-21,3.65,3.75,3.63,3.72,18776076,120360824.0
2011-09-22,3.69,3.71,3.62,3.64,18184078,115860896.0
2011-09-23,3.6,3.65,3.57,3.61,17577652,109711440.0
2011-09-26,3.58,3.62,3.58,3.6,14840057,92646080.0
2011-09-27,3.62,3.67,3.61,3.66,11512875,72652144.0
2011-09-28,3.65,3.67,3.59,3.6,13956965,87547968.0
2011-09-29,3.58,3.64,3.57,3.62,17585232,110076048.0
2011-09-30,3.59,3.64,3.59,3.61,13842484,86759728.0
2011-10-10,3.61,3.64,3.59,3.61,9729355,60874472.0
2011-10-11,3.66,3.69,3.62,3.64,17445854,110410920.0
2011-10-12,3.62,3.72,3.61,3.7,23285712,148668256.0
2011-10-13,3.7,3.74,3.66,3.72,22747264,146002512.0
2011-10-14,3.72,3.73,3.69,3.72,13476996,86612928.0
2011-10-17,3.72,3.76,3.71,3.74,12548818,81198840.0
2011-10-18,3.72,3.72,3.65,3.66,18031654,115090424.0
2011-10-19,3.66,3.71,3.65,3.68,10669872,68118960.0
2011-10-20,3.65,3.69,3.59,3.61,16165855,101947440.0
2011-10-21,3.61,3.65,3.61,3.61,15312918,96099016.0
2011-10-24,3.62,3.68,3.58,3.66,16614039,104620336.0
2011-10-25,3.66,3.73,3.65,3.71,20151962,129174440.0
2011-10-26,3.7,3.75,3.69,3.74,22740800,146912320.0
2011-10-27,3.75,3.82,3.73,3.76,31015488,202951408.0
2011-10-28,3.77,3.8,3.73,3.76,24663344,160692448.0
2011-10-31,3.75,3.79,3.73,3.79,22531684,146736992.0
2011-11-01,3.76,3.82,3.75,3.77,22280400,146435120.0
2011-11-02,3.75,3.87,3.73,3.85,30785184,202762720.0
2011-11-03,3.85,3.86,3.81,3.81,18321226,121729744.0
2011-11-04,3.84,3.85,3.81,3.83,14410707,95769040.0
2011-11-07,3.83,3.84,3.79,3.8,10603387,70052448.0
2011-11-08,3.81,3.92,3.8,3.88,44502892,299464800.0
2011-11-09,3.88,3.92,3.85,3.89,16025734,107685296.0
2011-11-10,3.85,3.87,3.82,3.83,21879596,145676656.0
2011-11-11,3.83,3.85,3.82,3.83,8660971,57534664.0
2011-11-14,3.85,3.93,3.85,3.91,14894152,100750776.0
2011-11-15,3.91,3.95,3.91,3.93,16195459,110230872.0
2011-11-16,3.92,3.92,3.83,3.84,20683862,138189056.0
2011-11-17,3.85,3.92,3.84,3.88,16592139,111846336.0
2011-11-18,3.86,3.9,3.79,3.81,18184116,120576960.0
2011-11-21,3.81,3.83,3.79,3.82,7436289,49088400.0
2011-11-22,3.81,3.86,3.79,3.85,12499047,82926632.0
2011-11-23,3.85,3.85,3.81,3.83,12471743,82892856.0
2011-11-24,3.81,3.83,3.78,3.79,8976451,59101372.0
2011-11-25,3.79,3.81,3.77,3.77,7630432,50046788.0
2011-11-28,3.79,3.81,3.75,3.76,11995198,78427416.0
2011-11-29,3.77,3.83,3.76,3.82,10532885,69432920.0
2011-11-30,3.8,3.83,3.76,3.76,17540630,114899608.0
2011-12-01,3.84,3.87,3.76,3.79,23859156,157813024.0
2011-12-02,3.8,3.81,3.72,3.72,20395344,132376400.0
2011-12-05,3.73,3.73,3.64,3.65,12022957,76327632.0
2011-12-06,3.65,3.68,3.64,3.67,14556569,92386672.0
2011-12-07,3.65,3.68,3.62,3.66,10885967,68977768.0
2011-12-08,3.66,3.68,3.64,3.66,19869588,125874880.0
2011-12-09,3.65,3.7,3.65,3.69,10210888,65047560.0
2011-12-12,3.69,3.7,3.65,3.65,10268732,65317788.0
2011-12-13,3.65,3.7,3.64,3.69,29420136,187483440.0
2011-12-14,3.69,3.75,3.65,3.73,21178118,136676992.0
2011-12-15,3.72,3.73,3.7,3.72,17295078,111341888.0
2011-12-16,3.7,3.73,3.67,3.69,15473707,98937472.0
2011-12-19,3.68,3.72,3.58,3.7,16308612,103051968.0
2011-12-20,3.69,3.72,3.67,3.68,12016395,76695552.0
2011-12-21,3.69,3.72,3.67,3.69,7883148,50384272.0
2011-12-22,3.65,3.71,3.65,3.69,12631727,80583072.0
2011-12-23,3.69,3.72,3.68,3.7,10345274,66341644.0
2011-12-26,3.68,3.7,3.65,3.66,7538701,47951492.0
2011-12-27,3.68,3.69,3.65,3.66,7967235,50604572.0
2011-12-28,3.65,3.68,3.65,3.66,11095659,70477672.0
2011-12-29,3.66,3.69,3.65,3.67,9852918,62658080.0
2012-01-04,3.67,3.69,3.63,3.63,13036357,82586648.0
2012-01-05,3.64,3.64,3.6,3.6,14666315,91903552.0
2012-01-06,3.61,3.62,3.57,3.59,13588308,84718784.0
2012-01-09,3.59,3.64,3.56,3.63,20389330,127153040.0
2012-01-10,3.63,3.7,3.61,3.69,33987624,215643264.0
2012-01-11,3.69,3.71,3.66,3.68,17016432,108469120.0
2012-01-12,3.68,3.71,3.68,3.7,15622281,100117448.0
2012-01-13,3.7,3.72,3.66,3.66,16974796,108420960.0
2012-01-16,3.66,3.72,3.65,3.67,14344105,91428360.0
2012-01-17,3.67,3.78,3.66,3.77,20279590,130735704.0
2012-01-18,3.77,3.8,3.73,3.74,20184556,131487232.0
2012-01-19,3.76,3.84,3.74,3.79,18192670,119763912.0
2012-01-20,3.8,3.81,3.75,3.79,14901146,97534528.0
2012-01-30,3.8,3.8,3.69,3.72,18452766,119169552.0
2012-01-31,3.73,3.75,3.72,3.75,8949269,57866160.0
2012-02-01,3.74,3.75,3.71,3.72,10276076,66367980.0
2012-02-02,3.73,3.75,3.71,3.74,10789073,69717504.0
2012-02-03,3.74,3.78,3.7,3.76,15169595,98356640.0
2012-02-06,3.76,3.77,3.71,3.73,20290624,131058480.0
2012-02-07,3.72,3.73,3.65,3.65,14082436,90198656.0
2012-02-08,3.66,3.77,3.65,3.73,16989356,109337128.0
2012-02-09,3.73,3.75,3.68,3.7,24095512,154685440.0
2012-02-10,3.69,3.72,3.68,3.69,20511634,131425128.0
2012-02-13,3.68,3.72,3.66,3.69,14192503,90783392.0
2012-02-14,3.69,3.71,3.68,3.69,11070662,70957056.0
2012-02-15,3.68,3.73,3.68,3.72,13704992,88108496.0
2012-02-16,3.71,3.75,3.7,3.74,20418680,131763008.0
2012-02-17,3.75,3.76,3.71,3.72,13317284,86165848.0
2012-02-20,3.76,3.76,3.7,3.72,15657945,101134536.0
2012-02-21,3.73,3.73,3.7,3.72,13501478,86889032.0
2012-02-22,3.72,3.73,3.7,3.73,21820730,140330944.0
2012-02-23,3.73,3.76,3.71,3.75,29511108,191123760.0
2012-02-24,3.75,3.77,3.75,3.77,33860916,220481360.0
2012-02-27,3.77,3.81,3.77,3.79,51236704,336419648.0
2012-02-28,3.79,3.82,3.77,3.8,37177232,244117616.0
2012-02-29,3.8,3.81,3.76,3.77,25160844,165229168.0
2012-03-01,3.76,3.8,3.75,3.79,18727800,122588128.0
2012-03-02,3.79,3.84,3.78,3.84,49979564,329868736.0
2012-03-05,3.84,3.85,3.81,3.84,27417300,182170240.0
2012-03-06,3.84,3.85,3.79,3.84,39513656,262506096.0
2012-03-07,3.83,3.87,3.81,3.85,39165772,261252224.0
2012-03-08,3.86,3.87,3.83,3.87,22410404,149697328.0
2012-03-09,3.87,3.92,3.85,3.91,25552320,172027616.0
2012-03-12,3.9,3.94,3.89,3.89,26631586,180263456.0
2012-03-13,3.89,3.94,3.88,3.92,22532742,152718960.0
2012-03-14,3.92,3.94,3.8,3.85,39466176,265259472.0
2012-03-15,3.85,3.87,3.81,3.83,24321238,162420320.0
2012-03-16,3.83,3.91,3.81,3.88,15454052,102839776.0
2012-03-19,3.85,3.88,3.84,3.84,13607307,90864880.0
2012-03-20,3.84,3.88,3.83,3.86,15525870,103753848.0
2012-03-21,3.87,3.87,3.83,3.86,11888651,79268032.0
2012-03-22,3.84,3.86,3.83,3.84,9028349,60221708.0
2012-03-23,3.84,3.85,3.79,3.82,10502292,69539480.0
2012-03-26,3.82,3.83,3.76,3.81,5766677,37890704.0
2012-03-27,3.8,3.83,3.79,3.82,5995762,39575688.0
2012-03-28,3.82,3.82,3.74,3.75,15283286,99953840.0
2012-03-29,3.74,3.76,3.72,3.74,13377003,86550416.0
2012-03-30,3.75,3.77,3.73,3.76,9355050,60642080.0
2012-04-05,3.73,3.77,3.72,3.76,16226224,105068384.0
2012-04-06,3.75,3.75,3.72,3.73,10918171,70601304.0
2012-04-09,3.72,3.73,3.68,3.68,6815238,43723172.0
2012-04-10,3.69,3.72,3.66,3.72,11428283,72975808.0
2012-04-11,3.69,3.71,3.66,3.7,8103097,51775976.0
2012-04-12,3.7,3.75,3.69,3.75,9987651,64418124.0
2012-04-13,3.75,3.75,3.72,3.73,13453567,87040120.0
2012-04-16,3.73,3.74,3.7,3.73,7195203,46418988.0
2012-04-17,3.73,3.75,3.71,3.74,9987430,64712024.0
2012-04-18,3.75,3.79,3.73,3.76,14511790,94630512.0
2012-04-19,3.78,3.78,3.73,3.76,7944022,51700724.0
2012-04-20,3.76,3.77,3.73,3.76,13785494,89698080.0
2012-04-23,3.76,3.77,3.75,3.75,9776809,63630756.0
2012-04-24,3.76,3.78,3.74,3.76,18666628,121483584.0
2012-04-25,3.77,3.78,3.74,3.77,19035342,124055640.0
2012-04-26,3.76,3.77,3.73,3.74,19975376,129644712.0
2012-04-27,3.73,3.75,3.71,3.74,13281781,85900880.0
2012-05-02,3.76,3.85,3.76,3.85,32978328,218636176.0
2012-05-03,3.84,3.85,3.81,3.83,9101957,60394604.0
2012-05-04,3.83,3.86,3.81,3.83,14496910,96538080.0
2012-05-07,3.84,3.96,3.83,3.87,34392292,232067104.0
2012-05-08,3.87,3.9,3.84,3.85,32297520,216293824.0
2012-05-09,3.84,3.86,3.81,3.84,23558844,156453520.0
2012-05-10,3.85,3.87,3.83,3.85,13948750,93103160.0
2012-05-11,3.84,3.87,3.83,3.85,14856948,99220880.0
2012-05-14,3.87,3.87,3.82,3.84,12458064,83029488.0
2012-05-15,3.83,3.89,3.81,3.87,24903472,165610544.0
2012-05-16,3.85,3.88,3.84,3.86,16762834,112208272.0
2012-05-17,3.85,3.91,3.84,3.89,17719724,119072360.0
2012-05-18,3.9,3.91,3.85,3.9,21988088,147996032.0
2012-05-21,3.88,3.9,3.84,3.88,14121444,94884720.0
2012-05-22,3.87,3.93,3.87,3.92,14053733,94737008.0
2012-05-23,3.9,3.91,3.88,3.9,10014761,67551440.0
2012-05-24,3.88,3.9,3.87,3.87,5934075,39935848.0
2012-05-28,3.85,3.91,3.84,3.9,13948211,93604432.0
2012-05-29,3.89,3.94,3.87,3.93,18341100,124224912.0
2012-05-30,3.94,3.95,3.89,3.93,13305725,90247424.0
2012-05-31,3.92,3.99,3.92,3.98,19762064,135720400.0
2012-06-01,3.98,4.02,3.96,3.97,9350135,64577420.0
2012-06-04,3.95,3.95,3.9,3.91,15017848,102107184.0
2012-06-05,3.92,4.02,3.91,3.97,16038643,109857160.0
2012-06-06,3.96,3.97,3.9,3.91,12132712,82683592.0
2012-06-07,3.94,3.94,3.89,3.92,9327713,63184524.0
2012-06-08,3.92,3.95,3.9,3.92,8637705,58818156.0
2012-06-11,3.95,3.98,3.92,3.96,8073321,55277616.0
2012-06-12,3.94,3.99,3.92,3.96,9523578,65197776.0
2012-06-13,3.95,3.99,3.93,3.99,10664653,73514304.0
2012-06-14,3.99,4.02,3.97,3.99,11492211,79762944.0
2012-06-15,4.01,4.12,4.0,4.05,26391274,186098768.0
2012-06-18,4.05,4.07,4.02,4.02,8108170,56738872.0
2012-06-19,4.02,4.03,3.95,3.96,11235267,77641256.0
2012-06-20,3.96,4.0,3.94,3.94,9510049,65300056.0
2012-06-21,3.95,3.96,3.9,3.92,15593599,105914400.0
2012-06-25,3.92,3.95,3.89,3.9,11363729,77238608.0
2012-06-26,3.91,3.94,3.87,3.9,10413901,70463208.0
2012-06-27,3.91,3.92,3.88,3.9,8349193,56511824.0
2012-06-28,3.91,3.94,3.89,3.92,9292425,63159032.0
2012-06-29,3.92,3.96,3.91,3.92,14223677,96905976.0
2012-07-02,3.94,4.02,3.9,3.96,10441617,68361968.0
2012-07-03,3.97,4.0,3.95,3.97,5640058,37379248.0
2012-07-04,3.97,4.02,3.96,4.0,6560460,43745256.0
2012-07-05,4.02,4.06,3.97,4.0,15087060,100879352.0
2012-07-06,4.02,4.08,4.0,4.04,31285436,211413520.0
2012-07-09,4.05,4.08,4.01,4.04,14520626,97872200.0
2012-07-10,4.05,4.05,3.99,4.0,8651480,58017400.0
2012-07-11,4.0,4.05,3.97,4.04,9786033,65383788.0
2012-07-12,4.02,4.05,3.98,4.02,17645132,117995120.0
2012-07-13,4.02,4.05,3.99,4.02,7576309,50738480.0
2012-07-16,4.02,4.04,3.97,3.99,11339747,75604672.0
2012-07-17,3.99,4.01,3.97,3.99,5641454,37574448.0
2012-07-18,3.99,4.0,3.96,3.97,7110403,47216404.0
2012-07-19,3.97,4.0,3.96,3.99,8939529,59348648.0
2012-07-20,3.97,3.99,3.9,3.92,12171762,79842672.0
2012-07-23,3.91,3.92,3.86,3.9,9244562,60019088.0
2012-07-24,3.89,3.95,3.86,3.93,13060190,84708752.0
2012-07-25,3.91,3.92,3.87,3.88,8125489,52797012.0
2012-07-26,3.87,3.91,3.87,3.89,5991870,38900168.0
2012-07-27,3.9,3.93,3.89,3.93,7499329,48917884.0
2012-07-30,3.93,3.94,3.91,3.92,7889037,51742144.0
2012-07-31,3.93,3.97,3.92,3.94,8789089,57836220.0
2012-08-01,3.95,3.96,3.93,3.94,7213470,47457364.0
2012-08-02,3.94,3.96,3.91,3.95,6455968,42353784.0
2012-08-03,3.94,3.97,3.93,3.95,8430174,55601452.0
2012-08-06,3.95,3.97,3.93,3.94,13857835,91155016.0
2012-08-07,3.94,3.95,3.92,3.93,7229819,47477704.0
2012-08-08,3.93,3.96,3.93,3.93,8316495,54722900.0
2012-08-09,3.94,3.95,3.91,3.93,10198114,66791412.0
2012-08-10,3.94,3.96,3.93,3.94,11508241,75712432.0
2012-08-13,3.94,3.97,3.93,3.96,12346232,81381584.0
2012-08-14,3.96,3.98,3.93,3.95,14073353,92962872.0
2012-08-15,3.93,3.95,3.9,3.91,5941379,38812436.0
2012-08-16,3.91,3.93,3.9,3.9,4756370,31023404.0
2012-08-17,3.89,3.91,3.89,3.89,6381657,41517032.0
2012-08-20,3.87,3.9,3.87,3.89,4777005,30997400.0
2012-08-21,3.89,3.91,3.87,3.9,9193790,59664884.0
2012-08-22,3.91,3.91,3.88,3.91,6565528,42652424.0
2012-08-23,3.91,3.93,3.88,3.9,12505468,81420536.0
2012-08-24,3.89,3.92,3.89,3.9,10330841,67313648.0
2012-08-27,3.9,3.93,3.88,3.9,11640119,75738400.0
2012-08-28,3.9,3.93,3.88,3.91,8238984,53785688.0
2012-08-29,3.91,3.93,3.9,3.92,6738707,43994820.0
2012-08-30,3.9,3.93,3.89,3.92,8747831,57106728.0
2012-08-31,3.9,3.91,3.85,3.88,10111902,65275368.0
2012-09-03,3.86,3.87,3.82,3.82,13463494,86146648.0
2012-09-04,3.81,3.84,3.78,3.82,9276472,58933452.0
2012-09-05,3.81,3.82,3.74,3.81,8754177,55293068.0
2012-09-06,3.81,3.82,3.75,3.8,10609629,66793560.0
2012-09-07,3.8,3.9,3.78,3.87,40064336,257344512.0
2012-09-10,3.86,3.87,3.84,3.87,15329427,98611216.0
2012-09-11,3.87,3.87,3.79,3.83,17026662,108513264.0
2012-09-12,3.84,3.84,3.77,3.78,23281284,147465648.0
2012-09-13,3.78,3.83,3.77,3.81,10600466,67201104.0
2012-09-14,3.82,3.86,3.78,3.83,12393796,79071296.0
2012-09-17,3.82,3.87,3.8,3.82,15872493,101770112.0
2012-09-18,3.81,3.83,3.79,3.8,8583568,54524072.0
2012-09-19,3.8,3.83,3.79,3.8,8986046,57082856.0
2012-09-20,3.79,3.8,3.74,3.74,13586442,85276608.0
2012-09-21,3.74,3.78,3.74,3.76,13817849,86550688.0
2012-09-24,3.75,3.75,3.68,3.69,10785514,66803948.0
2012-09-25,3.71,3.72,3.68,3.71,7521156,46351872.0
2012-09-26,3.69,3.75,3.69,3.75,10214580,63535896.0
2012-09-27,3.75,3.9,3.74,3.83,14107680,89680000.0
2012-09-28,3.8,3.88,3.78,3.87,18814846,120303056.0
2012-10-08,3.87,3.91,3.81,3.84,9490064,60841264.0
2012-10-09,3.87,3.93,3.84,3.88,18619152,121066728.0
2012-10-10,3.87,3.88,3.84,3.86,10103063,65016488.0
2012-10-11,3.9,3.9,3.87,3.89,9355607,60639564.0
2012-10-12,3.9,3.93,3.89,3.91,7379721,48111552.0
2012-10-15,3.9,3.91,3.87,3.91,6955106,45179600.0
2012-10-16,3.91,3.92,3.87,3.87,7355998,47641504.0
2012-10-17,3.89,3.9,3.84,3.84,13492155,86995744.0
2012-10-18,3.87,3.9,3.86,3.87,15846795,102571560.0
2012-10-19,3.87,3.89,3.85,3.86,11191331,72260840.0
2012-10-22,3.86,3.89,3.85,3.88,8370458,54150652.0
2012-10-23,3.88,3.89,3.85,3.87,4319287,27893166.0
2012-10-24,3.88,3.9,3.87,3.88,7472401,48400656.0
2012-10-25,3.89,3.9,3.86,3.87,8109966,52506976.0
2012-10-26,3.87,3.89,3.82,3.86,11688203,75208976.0
2012-10-29,3.84,3.86,3.83,3.84,7661848,49130844.0
2012-10-30,3.84,3.87,3.81,3.83,10636791,67978528.0
2012-10-31,3.85,3.87,3.83,3.85,11499241,73761392.0
2012-11-01,3.85,3.9,3.84,3.87,13652357,88150600.0
2012-11-02,3.87,3.93,3.87,3.91,14418915,93875520.0
2012-11-05,3.91,3.93,3.9,3.92,12122557,79258512.0
2012-11-06,3.93,3.94,3.87,3.9,10113278,65687124.0
2012-11-07,3.89,3.91,3.87,3.89,11103141,71924128.0
2012-11-08,3.87,3.89,3.85,3.86,6745106,43419712.0
2012-11-09,3.85,3.86,3.83,3.84,7111420,45601732.0
2012-11-12,3.84,3.87,3.84,3.87,7820680,50306836.0
2012-11-13,3.87,3.87,3.83,3.83,6166071,39437464.0
2012-11-14,3.84,3.86,3.81,3.82,8271788,52719792.0
2012-11-15,3.81,3.83,3.78,3.79,10698470,67845112.0
2012-11-16,3.79,3.81,3.74,3.77,10520191,66286216.0
2012-11-19,3.77,3.84,3.75,3.81,8575347,53971584.0
2012-11-20,3.8,3.81,3.78,3.78,7898402,50007352.0
2012-11-21,3.79,3.83,3.78,3.81,9799999,62228688.0
2012-11-22,3.81,3.83,3.8,3.83,8243804,52518640.0
2012-11-23,3.84,3.87,3.81,3.86,10059624,64505528.0
2012-11-26,3.83,3.87,3.83,3.86,7671431,49305464.0
2012-11-27,3.86,3.87,3.83,3.84,9506362,61061112.0
2012-11-28,3.84,3.84,3.81,3.82,8995191,57476816.0
2012-11-29,3.82,3.83,3.75,3.78,12635752,80089840.0
2012-11-30,3.78,3.83,3.78,3.81,9792219,62007176.0
2012-12-03,3.81,3.83,3.79,3.81,8710803,55406356.0
2012-12-04,3.81,3.85,3.81,3.83,9995694,63907744.0
2012-12-05,3.83,3.9,3.8,3.89,28739138,185174976.0
2012-12-06,3.89,3.9,3.84,3.86,15444175,99731120.0
2012-12-07,3.86,3.9,3.85,3.9,19732248,127662672.0
2012-12-10,3.92,3.97,3.89,3.93,29037040,190079904.0
2012-12-11,3.91,3.97,3.91,3.96,18894198,124143304.0
2012-12-12,3.95,3.99,3.92,3.94,13296409,87577600.0
2012-12-13,3.94,3.96,3.91,3.94,11021388,72360752.0
2012-12-14,3.95,4.06,3.94,4.05,33691788,226147440.0
2012-12-17,4.06,4.11,4.02,4.05,24390876,165686816.0
2012-12-18,4.05,4.07,4.0,4.04,28601086,192544864.0
2012-12-19,4.04,4.06,4.02,4.04,20024968,134825136.0
2012-12-20,4.03,4.06,4.01,4.05,13390283,90077144.0
2012-12-21,4.05,4.06,4.02,4.02,18168008,122176280.0
2012-12-24,4.03,4.05,3.99,4.0,18792304,126046008.0
2012-12-25,4.01,4.12,4.0,4.12,34436088,233970720.0
2012-12-26,4.11,4.12,4.06,4.09,43150172,294068224.0
2012-12-27,4.11,4.11,4.06,4.09,19790560,135089552.0
2012-12-28,4.11,4.12,4.08,4.11,25795852,176547776.0
2012-12-31,4.11,4.16,4.08,4.12,32441364,222920976.0
2013-01-04,4.14,4.16,4.1,4.14,34632184,239027168.0
2013-01-07,4.14,4.17,4.11,4.12,15010990,103647840.0
2013-01-08,4.12,4.15,4.08,4.1,20866836,142976496.0
2013-01-09,4.1,4.12,4.05,4.07,29468954,200791616.0
2013-01-10,4.07,4.13,4.05,4.12,37623552,255858000.0
2013-01-11,4.11,4.12,4.02,4.11,38383404,261065728.0
2013-01-14,4.09,4.21,4.08,4.2,48881752,337406976.0
2013-01-15,4.2,4.23,4.14,4.19,39825912,278541024.0
2013-01-16,4.17,4.22,4.16,4.19,28245952,197477152.0
2013-01-17,4.21,4.42,4.21,4.33,60300884,436432544.0
2013-01-18,4.36,4.45,4.33,4.43,65855240,483720640.0
2013-01-21,4.48,4.57,4.42,4.45,59434708,445281440.0
2013-01-22,4.45,4.47,4.37,4.41,31319904,230240288.0
2013-01-23,4.41,4.44,4.37,4.39,18752396,137748160.0
2013-01-24,4.42,4.44,4.33,4.38,33397308,244247360.0
2013-01-25,4.38,4.41,4.36,4.39,12355485,90419856.0
2013-01-28,4.42,4.44,4.39,4.42,17828464,131173648.0
2013-01-29,4.43,4.45,4.36,4.39,29714428,217550400.0
2013-01-30,4.39,4.42,4.36,4.36,29908288,218496720.0
2013-01-31,4.39,4.56,4.39,4.53,46499468,347498720.0
2013-02-01,4.52,4.65,4.47,4.62,52011264,398382656.0
2013-02-04,4.63,4.71,4.54,4.54,42646176,328849824.0
2013-02-05,4.55,4.66,4.54,4.65,36576512,280655328.0
2013-02-06,4.66,4.66,4.53,4.55,31172180,237676912.0
2013-02-07,4.56,4.62,4.53,4.56,25216076,191988080.0
2013-02-08,4.57,4.62,4.56,4.59,21579728,165202400.0
2013-02-18,4.61,4.61,4.52,4.57,18008164,137459520.0
2013-02-19,4.59,4.6,4.48,4.48,21119126,159280160.0
2013-02-20,4.5,4.56,4.48,4.54,18846176,142418976.0
2013-02-21,4.5,4.51,4.35,4.4,32759584,241284832.0
2013-02-22,4.39,4.42,4.35,4.38,15511312,113619104.0
2013-02-25,4.39,4.43,4.36,4.36,16979960,124529896.0
2013-02-26,4.36,4.36,4.26,4.29,34292932,246778240.0
2013-02-27,4.3,4.32,4.21,4.26,25345586,180373680.0
2013-02-28,4.26,4.4,4.24,4.36,28250292,203812384.0
2013-03-01,4.37,4.39,4.26,4.32,21245436,153025632.0
2013-03-04,4.32,4.36,4.26,4.29,25888180,186529392.0
2013-03-05,4.32,4.32,4.2,4.3,32938160,234133952.0
2013-03-06,4.31,4.41,4.28,4.38,26422424,192252320.0
2013-03-07,4.36,4.39,4.32,4.36,24412656,177482736.0
2013-03-08,4.38,4.39,4.34,4.35,11677225,84987784.0
2013-03-11,4.34,4.36,4.31,4.33,16081062,116115320.0
2013-03-12,4.33,4.41,4.27,4.29,26997160,195677104.0
2013-03-13,4.29,4.3,4.26,4.27,17546156,125162200.0
2013-03-14,4.26,4.3,4.24,4.26,13939108,99402056.0
2013-03-15,4.26,4.39,4.24,4.37,36483412,263854912.0
2013-03-18,4.36,4.4,4.29,4.31,21306144,154093408.0
2013-03-19,4.35,4.47,4.32,4.47,35198420,259306784.0
2013-03-20,4.45,4.52,4.42,4.51,30014484,224497216.0
2013-03-21,4.51,4.51,4.46,4.47,16371205,122488224.0
2013-03-22,4.46,4.55,4.45,4.5,16196426,121866912.0
2013-03-25,4.54,4.54,4.42,4.44,16671722,124122304.0
2013-03-26,4.42,4.47,4.38,4.42,20029168,147492560.0
2013-03-27,4.42,4.5,4.41,4.43,10999739,81763824.0
2013-03-28,4.43,4.5,4.37,4.42,25108458,185497888.0
2013-03-29,4.44,4.5,4.41,4.45,17921826,133461616.0
2013-04-01,4.42,4.45,4.39,4.41,10726958,78953632.0
2013-04-02,4.41,4.45,4.39,4.44,10110874,74500640.0
2013-04-03,4.45,4.47,4.39,4.39,10399853,76693952.0
2013-04-08,4.35,4.4,4.32,4.36,17221024,125104888.0
2013-04-09,4.36,4.4,4.32,4.36,15462491,112305256.0
2013-04-10,4.35,4.36,4.28,4.3,16269801,116842392.0
2013-04-11,4.32,4.34,4.27,4.29,11303021,81007208.0
2013-04-12,4.29,4.3,4.24,4.24,13552411,96450096.0
2013-04-15,4.26,4.28,4.23,4.24,10760041,76193200.0
2013-04-16,4.26,4.27,4.23,4.24,14703022,104210864.0
2013-04-17,4.26,4.26,4.21,4.24,12249925,86310104.0
2013-04-18,4.23,4.26,4.21,4.26,11289904,79852376.0
2013-04-19,4.26,4.32,4.23,4.3,16333566,117029728.0
2013-04-22,4.29,4.31,4.24,4.27,11448813,81617088.0
2013-04-23,4.27,4.27,4.16,4.19,20426730,142840272.0
2013-04-24,4.2,4.25,4.18,4.22,12684081,89053560.0
2013-04-25,4.22,4.28,4.17,4.28,18011688,127572816.0
2013-04-26,4.28,4.3,4.23,4.27,16584791,118169800.0
2013-05-02,4.24,4.3,4.24,4.27,12071809,86177776.0
2013-05-03,4.29,4.36,4.26,4.33,12583858,90704216.0
2013-05-06,4.33,4.36,4.29,4.3,15963181,115038776.0
2013-05-07,4.35,4.49,4.35,4.46,42377092,314650272.0
2013-05-08,4.47,4.5,4.41,4.44,17583400,130459560.0
2013-05-09,4.45,4.45,4.39,4.44,18700516,138049792.0
2013-05-10,4.42,4.47,4.42,4.45,11947708,88504568.0
2013-05-13,4.45,4.46,4.41,4.44,15518603,115008688.0
2013-05-14,4.42,4.46,4.38,4.42,12622560,93000600.0
2013-05-15,4.42,4.45,4.39,4.44,7029521,51900840.0
2013-05-16,4.45,4.5,4.41,4.48,15202194,113468488.0
2013-05-17,4.48,4.56,4.45,4.54,20522438,154803920.0
2013-05-20,4.53,4.69,4.53,4.66,38468320,299100448.0
2013-05-21,4.65,4.72,4.63,4.69,18451850,144036720.0
2013-05-22,4.69,4.69,4.59,4.6,14080708,108756424.0
2013-05-23,4.6,4.6,4.48,4.54,18749054,142175872.0
2013-05-24,4.59,4.6,4.47,4.5,18539076,139624608.0
2013-05-27,4.51,4.54,4.49,4.5,9032095,67903888.0
2013-05-28,4.5,4.54,4.47,4.53,20094518,150970048.0
2013-05-29,4.53,4.6,4.52,4.58,12938633,98757600.0
2013-05-30,4.58,4.6,4.51,4.55,11713603,89405104.0
2013-05-31,4.57,4.59,4.53,4.53,7764481,58849148.0
2013-06-03,4.53,4.62,4.51,4.58,17794992,135988368.0
2013-06-04,4.56,4.59,4.51,4.55,12433680,94294424.0
2013-06-05,4.54,4.59,4.5,4.54,12037958,91434736.0
2013-06-06,4.52,4.54,4.43,4.47,15365246,114808040.0
2013-06-07,4.45,4.5,4.41,4.42,14381163,106824800.0
2013-06-13,4.39,4.39,4.2,4.3,31098924,221545040.0
2013-06-14,4.29,4.3,4.23,4.29,22014036,156440160.0
2013-06-17,4.28,4.29,4.25,4.27,8245128,58764352.0
2013-06-18,4.27,4.3,4.23,4.28,13549536,96453568.0
2013-06-19,4.27,4.27,4.2,4.23,16907472,118979648.0
2013-06-20,4.21,4.23,4.15,4.19,19486910,136527344.0
2013-06-21,4.15,4.18,4.06,4.1,59586560,410624928.0
2013-06-24,4.12,4.15,4.0,4.02,31619644,214923904.0
2013-06-25,3.98,4.07,3.93,4.03,35120596,235034368.0
2013-06-26,4.03,4.09,3.98,4.03,25330634,169643120.0
2013-06-27,4.05,4.12,4.04,4.09,22198460,151056240.0
2013-06-28,4.11,4.21,4.08,4.15,26129436,181259216.0
2013-07-01,4.19,4.19,4.13,4.15,12798439,84597656.0
2013-07-02,4.13,4.26,4.12,4.25,13793888,92216960.0
2013-07-03,4.23,4.43,4.23,4.39,34029876,235010352.0
2013-07-04,4.41,4.46,4.36,4.41,23143644,162229488.0
2013-07-05,4.39,4.41,4.35,4.37,14024266,97300672.0
2013-07-08,4.35,4.36,4.26,4.27,16772493,114658928.0
2013-07-09,4.26,4.41,4.23,4.39,44990296,312558816.0
2013-07-10,4.37,4.42,4.35,4.38,11299180,78665872.0
2013-07-11,4.4,4.48,4.39,4.45,34418448,242461024.0
2013-07-12,4.43,4.48,4.38,4.41,23911160,168447712.0
2013-07-15,4.43,4.45,4.35,4.38,18661170,130146808.0
2013-07-16,4.37,4.44,4.35,4.43,16911910,117930688.0
2013-07-17,4.42,4.51,4.39,4.46,29652864,210534720.0
2013-07-18,4.43,4.5,4.41,4.46,16644221,118055960.0
2013-07-19,4.46,4.5,4.35,4.38,24961468,175398272.0
2013-07-22,4.35,4.46,4.35,4.46,14093459,99520208.0
2013-07-23,4.48,4.52,4.43,4.46,19900226,141555808.0
2013-07-24,4.46,4.5,4.38,4.4,22204000,155880032.0
2013-07-25,4.41,4.43,4.33,4.39,15158878,105472032.0
2013-07-26,4.35,4.41,4.35,4.4,10916322,76031328.0
2013-07-29,4.35,4.38,4.28,4.3,10560576,72512424.0
2013-07-30,4.33,4.4,4.31,4.36,11436479,79110600.0
2013-07-31,4.37,4.4,4.34,4.35,7461603,51750464.0
2013-08-01,4.38,4.45,4.36,4.43,13108418,91874368.0
2013-08-02,4.45,4.48,4.38,4.4,14212213,99965160.0
2013-08-05,4.4,4.43,4.35,4.41,12521516,87483848.0
2013-08-06,4.38,4.45,4.36,4.4,15137555,105766512.0
2013-08-07,4.4,4.42,4.36,4.38,11335721,79113968.0
2013-08-08,4.38,4.41,4.35,4.35,14931498,103662288.0
2013-08-09,4.38,4.39,4.29,4.29,21571344,148248864.0
2013-08-12,4.33,4.4,4.29,4.39,18370282,126510432.0
2013-08-13,4.38,4.39,4.36,4.38,8917379,61887740.0
2013-08-14,4.4,4.4,4.31,4.33,18167474,125714024.0
2013-08-15,4.35,4.38,4.31,4.32,19441600,134604896.0
2013-08-16,4.33,4.75,4.28,4.29,35988916,249781872.0
2013-08-19,4.33,4.33,4.21,4.25,30125908,203319056.0
2013-08-20,4.25,4.26,4.16,4.18,31184992,207965216.0
2013-08-21,4.19,4.2,4.16,4.19,14863601,98773736.0
2013-08-22,4.18,4.22,4.16,4.16,15927079,105742048.0
2013-08-23,4.18,4.19,4.12,4.17,11675911,77150064.0
2013-08-26,4.17,4.22,4.14,4.22,12658190,84083832.0
2013-08-27,4.2,4.21,4.16,4.18,15164087,100544248.0
2013-08-28,4.16,4.19,4.14,4.17,13895183,91864208.0
2013-08-29,4.19,4.19,4.14,4.17,11962216,79113872.0
2013-08-30,4.16,4.22,4.14,4.22,17461408,116095192.0
2013-09-02,4.23,4.24,4.16,4.23,17910458,119571016.0
2013-09-03,4.23,4.26,4.2,4.25,19014376,127765184.0
2013-09-04,4.24,4.25,4.21,4.24,12689217,85046496.0
2013-09-05,4.22,4.26,4.21,4.26,10987169,73834384.0
2013-09-06,4.24,4.26,4.22,4.23,8421652,56571560.0
2013-09-09,4.23,4.31,4.21,4.29,27677044,186943536.0
2013-09-10,4.28,4.33,4.26,4.31,20633804,140789536.0
2013-09-11,4.31,4.35,4.29,4.35,29640244,203880640.0
2013-09-12,4.34,4.36,4.28,4.36,39415184,270255936.0
2013-09-13,4.35,4.36,4.3,4.33,24832892,170938736.0
2013-09-16,4.34,4.36,4.31,4.31,13129192,90534800.0
2013-09-17,4.32,4.33,4.29,4.31,16547368,113233736.0
2013-09-18,4.32,4.36,4.3,4.33,16739307,115313872.0
2013-09-23,4.34,4.41,4.34,4.39,25573314,177530176.0
2013-09-24,4.36,4.37,4.28,4.29,15000249,103088656.0
2013-09-25,4.29,4.32,4.28,4.28,8469148,57825264.0
2013-09-26,4.28,4.28,4.19,4.21,15586160,104313128.0
2013-09-27,4.19,4.21,4.17,4.17,10143007,67518560.0
2013-09-30,4.17,4.23,4.16,4.19,9238108,61435520.0
2013-10-08,4.17,4.24,4.16,4.24,11123459,74150824.0
2013-10-09,4.21,4.22,4.16,4.19,12252809,81506544.0
2013-10-10,4.2,4.2,4.16,4.17,10755406,71280984.0
2013-10-11,4.18,4.21,4.17,4.21,8975517,59865692.0
2013-10-14,4.23,4.24,4.19,4.23,9866642,66034176.0
2013-10-15,4.23,4.24,4.2,4.23,9290712,62322244.0
2013-10-16,4.22,4.26,4.21,4.23,13102968,88180688.0
2013-10-17,4.23,4.25,4.18,4.19,9792484,65446360.0
2013-10-18,4.19,4.19,4.13,4.14,16523290,109010712.0
2013-10-21,4.14,4.16,4.09,4.13,21246952,139209984.0
2013-10-22,4.14,4.15,4.06,4.09,26246330,171115312.0
2013-10-23,4.09,4.12,4.0,4.01,38030368,245026288.0
2013-10-24,4.02,4.03,3.97,3.98,24346956,154370032.0
2013-10-25,3.97,4.0,3.97,3.98,21754530,137592816.0
2013-10-28,4.0,4.03,3.97,4.02,10794697,68744136.0
2013-10-29,4.02,4.06,4.01,4.04,22547344,144506208.0
2013-10-30,4.04,4.21,4.02,4.13,52248960,342755168.0
2013-10-31,4.11,4.11,4.05,4.07,17554026,113300680.0
2013-11-01,4.06,4.18,4.06,4.12,18490864,120892984.0
2013-11-04,4.14,4.16,4.06,4.09,12281207,80043936.0
2013-11-05,4.07,4.1,4.05,4.06,14530929,93756360.0
2013-11-06,4.05,4.09,4.0,4.0,23179690,148361328.0
2013-11-07,4.01,4.03,3.96,4.01,21219704,135089632.0
2013-11-08,4.0,4.02,3.97,3.99,21917322,139067776.0
2013-11-11,3.98,4.0,3.96,3.98,15165996,95842776.0
2013-11-12,3.97,4.02,3.97,3.99,20164888,127635128.0
2013-11-13,3.98,3.99,3.93,3.94,21251394,133480904.0
2013-11-14,3.95,3.99,3.94,3.97,17955704,113300064.0
2013-11-15,3.99,4.05,3.97,4.02,28504270,181810448.0
2013-11-18,4.07,4.14,4.04,4.13,38161992,248089904.0
2013-11-19,4.13,4.15,4.11,4.14,17812500,116855032.0
2013-11-20,4.17,4.19,4.11,4.14,15704332,103097056.0
2013-11-21,4.12,4.14,4.08,4.11,11261003,73336720.0
2013-11-22,4.14,4.14,4.09,4.11,8926642,58279568.0
2013-11-25,4.07,4.13,4.07,4.07,9235373,60108048.0
2013-11-26,4.07,4.09,4.06,4.09,9255675,59972516.0
2013-11-27,4.08,4.13,4.07,4.1,6551644,42667224.0
2013-11-28,4.1,4.16,4.09,4.14,17518952,115194960.0
2013-11-29,4.15,4.16,4.12,4.14,15319471,100638656.0
2013-12-02,4.12,4.22,4.1,4.19,57999696,386239456.0
2013-12-03,4.19,4.21,4.16,4.19,26161520,173843104.0
2013-12-04,4.18,4.21,4.16,4.18,34854176,231534144.0
2013-12-05,4.18,4.19,4.13,4.16,18990604,125294584.0
2013-12-06,4.14,4.16,4.11,4.15,17691404,116201488.0
2013-12-09,4.15,4.17,4.14,4.16,11961309,78973696.0
2013-12-10,4.16,4.17,4.14,4.17,9512262,62892480.0
2013-12-11,4.14,4.17,4.14,4.17,16079836,106260712.0
2013-12-12,4.17,4.17,4.08,4.09,34364188,225034112.0
2013-12-13,4.06,4.08,4.0,4.02,22950276,147141024.0
2013-12-16,4.02,4.04,3.97,3.98,21227456,134730816.0
2013-12-17,3.98,4.0,3.96,3.98,20496252,129474976.0
2013-12-18,3.97,3.99,3.94,3.97,19364448,121760664.0
2013-12-19,3.97,4.0,3.94,3.96,18368794,115822704.0
2013-12-20,3.94,3.97,3.92,3.94,26241440,164162208.0
2013-12-23,3.94,3.95,3.89,3.91,14115034,87813952.0
2013-12-24,3.93,3.95,3.9,3.92,9777799,61050344.0
2013-12-25,3.94,3.97,3.92,3.96,6253194,39271508.0
2013-12-26,3.94,3.99,3.94,3.95,5545790,34840276.0
2013-12-27,3.95,4.02,3.94,4.01,12546389,79276640.0
2013-12-30,4.02,4.02,3.93,3.94,18407896,115736136.0
2013-12-31,3.92,3.99,3.92,3.98,12491443,78446344.0
2014-01-02,3.97,3.97,3.94,3.95,9316026,58527260.0
2014-01-03,3.94,3.95,3.88,3.89,23383834,145065296.0
2014-01-06,3.89,3.89,3.77,3.81,27423396,165689776.0
2014-01-07,3.78,3.8,3.74,3.78,18046186,107994264.0
2014-01-08,3.78,3.81,3.73,3.77,17696024,105859600.0
2014-01-09,3.77,3.77,3.7,3.72,24545856,145450160.0
2014-01-10,3.7,3.76,3.7,3.75,11898058,70636648.0
2014-01-13,3.76,3.77,3.72,3.75,9848774,58462468.0
2014-01-14,3.75,3.8,3.75,3.78,11684448,70050568.0
2014-01-15,3.78,3.78,3.73,3.76,5014820,29859928.0
2014-01-16,3.77,3.78,3.73,3.77,15492609,92286608.0
2014-01-17,3.75,3.77,3.72,3.75,12046399,71471872.0
2014-01-20,3.74,3.77,3.7,3.75,10164217,60411496.0
2014-01-21,3.75,3.82,3.74,3.81,13642697,82118856.0
2014-01-22,3.81,3.85,3.79,3.83,13723047,83270808.0
2014-01-23,3.86,3.92,3.82,3.84,17712040,108943072.0
2014-01-24,3.84,3.87,3.82,3.85,14579987,89128824.0
2014-01-27,3.83,3.83,3.77,3.79,13092647,78859152.0
2014-01-28,3.79,3.81,3.73,3.77,24059034,143649904.0
2014-01-29,3.78,3.8,3.76,3.79,22641898,135862048.0
2014-01-30,3.78,3.8,3.75,3.8,12434554,74501224.0
2014-02-07,3.78,3.78,3.75,3.78,9242245,55258500.0
2014-02-10,3.79,3.82,3.77,3.82,24063756,145133712.0
2014-02-11,3.81,3.83,3.78,3.83,24224662,146475184.0
2014-02-12,3.83,3.83,3.78,3.8,15448113,93255704.0
2014-02-13,3.8,3.8,3.76,3.77,27492480,164755440.0
2014-02-14,3.77,3.8,3.77,3.78,17178194,103072128.0
2014-02-17,3.8,3.8,3.77,3.79,21855540,131165504.0
2014-02-18,3.78,3.78,3.73,3.74,25453818,151601328.0
2014-02-19,3.73,3.78,3.73,3.76,19660416,117272960.0
2014-02-20,3.76,3.83,3.75,3.82,34915016,210618720.0
2014-02-21,3.81,3.83,3.75,3.77,23083216,138791552.0
2014-02-24,3.75,3.76,3.72,3.73,17118408,101553128.0
2014-02-25,3.73,3.74,3.69,3.7,32649196,193009968.0
2014-02-26,3.68,3.73,3.67,3.69,17268698,101182016.0
2014-02-27,3.69,3.76,3.68,3.73,21381388,126132544.0
2014-02-28,3.73,3.78,3.68,3.76,22388204,132310880.0
2014-03-03,3.73,3.77,3.72,3.75,25640810,152170880.0
2014-03-04,3.72,3.73,3.68,3.69,23608398,138556352.0
2014-03-05,3.7,3.7,3.64,3.66,49405580,288157088.0
2014-03-06,3.65,3.66,3.61,3.63,19085416,109932136.0
2014-03-07,3.63,3.65,3.6,3.61,18433346,106011272.0
2014-03-10,3.6,3.6,3.49,3.51,28994592,162989680.0
2014-03-11,3.5,3.54,3.49,3.52,21528552,120362048.0
2014-03-12,3.52,3.56,3.49,3.55,16878672,94448944.0
2014-03-13,3.54,3.59,3.51,3.56,28093868,158675440.0
2014-03-14,3.54,3.56,3.51,3.53,18766156,105286296.0
2014-03-17,3.53,3.56,3.51,3.55,17247696,96960472.0
2014-03-18,3.55,3.59,3.53,3.57,16473863,93310024.0
2014-03-19,3.58,3.64,3.55,3.62,25283884,144185152.0
2014-03-20,3.61,3.63,3.56,3.57,13686749,78291048.0
2014-03-21,3.57,3.66,3.56,3.64,23688560,135809920.0
2014-03-24,3.64,3.66,3.62,3.66,27981296,161871088.0
2014-03-25,3.65,3.72,3.63,3.66,30697436,178934192.0
2014-03-26,3.66,3.68,3.65,3.65,13278441,77212512.0
2014-03-27,3.64,3.66,3.59,3.61,20108628,115814888.0
2014-03-28,3.61,3.66,3.59,3.65,13110728,75559320.0
2014-03-31,3.63,3.66,3.61,3.63,11707638,67656856.0
2014-04-01,3.63,3.66,3.61,3.63,8168810,47218560.0
2014-04-02,3.65,3.71,3.63,3.71,16409683,95888504.0
2014-04-03,3.71,3.73,3.66,3.66,12363695,72635992.0
2014-04-04,3.66,3.72,3.65,3.7,11073172,64887064.0
2014-04-08,3.7,3.75,3.68,3.73,19490888,115113928.0
2014-04-09,3.74,3.75,3.71,3.72,10932281,64848276.0
2014-04-10,3.72,3.77,3.71,3.77,20093808,119295288.0
2014-04-11,3.76,3.83,3.75,3.82,27845448,168017104.0
2014-04-14,3.82,3.83,3.77,3.78,11778794,70791464.0
2014-04-15,3.78,3.78,3.74,3.75,11391725,67932840.0
2014-04-16,3.75,3.82,3.75,3.77,14394350,86450528.0
2014-04-17,3.76,3.78,3.72,3.73,8791159,52264664.0
2014-04-18,3.72,3.74,3.7,3.73,9469327,55869600.0
2014-04-21,3.7,3.74,3.7,3.71,7082685,41794424.0
2014-04-22,3.72,3.72,3.69,3.71,8720455,51308404.0
2014-04-23,3.7,3.72,3.66,3.7,20675378,121090816.0
2014-04-24,3.69,3.72,3.65,3.66,9256926,54048096.0
2014-04-25,3.68,3.68,3.65,3.67,6642307,38701220.0
2014-04-28,3.68,3.71,3.61,3.65,15512434,90101200.0
2014-04-29,3.65,3.66,3.55,3.6,25060328,143168464.0
2014-04-30,3.6,3.61,3.56,3.58,17124540,97605664.0
2014-05-05,3.58,3.6,3.55,3.6,10270947,58315772.0
2014-05-06,3.6,3.61,3.59,3.6,7695068,43998252.0
2014-05-07,3.6,3.6,3.57,3.58,8716159,49632688.0
2014-05-08,3.57,3.63,3.57,3.61,10628163,60885664.0
2014-05-09,3.62,3.65,3.6,3.63,13493860,77717120.0
2014-05-12,3.63,3.7,3.63,3.68,14051540,81913512.0
2014-05-13,3.68,3.72,3.67,3.71,14515987,85217416.0
2014-05-14,3.7,3.73,3.69,3.7,6121553,36062804.0
2014-05-15,3.69,3.72,3.69,3.7,7375247,43403136.0
2014-05-16,3.71,3.74,3.69,3.73,10698962,63051248.0
2014-05-19,3.74,3.74,3.65,3.72,11236604,65970776.0
2014-05-20,3.72,3.75,3.7,3.75,10920154,64847956.0
2014-05-21,3.73,3.77,3.72,3.76,8278590,49348396.0
2014-05-22,3.76,3.83,3.74,3.8,22676220,137109008.0
2014-05-23,3.8,3.87,3.78,3.85,19487720,118680296.0
2014-05-26,3.87,3.88,3.8,3.8,10204548,62145288.0
2014-05-27,3.81,3.86,3.8,3.8,11316911,68826616.0
2014-05-28,3.81,3.85,3.78,3.84,11235102,68334752.0
2014-05-29,3.85,3.87,3.82,3.84,9431702,57688520.0
2014-05-30,3.85,3.85,3.77,3.8,23724680,143265584.0
2014-06-03,3.8,3.88,3.8,3.87,16843692,102792016.0
2014-06-04,3.84,3.86,3.8,3.82,13233694,80434480.0
2014-06-05,3.81,3.87,3.78,3.86,13973181,84893552.0
2014-06-06,3.86,3.86,3.82,3.84,9966401,60807864.0
2014-06-09,3.82,3.95,3.82,3.95,33917376,211069840.0
2014-06-10,3.94,3.97,3.91,3.94,16210362,101522224.0
2014-06-11,3.93,3.99,3.92,3.95,10854876,68223472.0
2014-06-12,3.95,3.96,3.9,3.92,7583081,47330868.0
2014-06-13,3.91,3.97,3.89,3.94,18433876,114884216.0
2014-06-16,3.92,3.96,3.91,3.94,11248677,70402792.0
2014-06-17,3.93,3.95,3.91,3.92,10683517,66637200.0
2014-06-18,3.92,3.97,3.92,3.94,10707471,67190944.0
2014-06-19,3.95,3.95,3.9,3.9,7637350,47611056.0
2014-06-20,3.9,3.92,3.87,3.87,12926796,79916104.0
2014-06-23,3.88,3.91,3.78,3.84,17628376,107385592.0
2014-06-24,3.83,3.85,3.82,3.85,7205774,43924484.0
2014-06-25,3.85,3.86,3.82,3.85,3406355,20755184.0
2014-06-26,3.85,3.88,3.83,3.84,7986026,48847700.0
2014-06-27,3.85,3.85,3.82,3.83,8876662,54057432.0
2014-06-30,3.83,4.0,3.82,3.92,14442581,89293416.0
2014-07-01,3.92,3.93,3.87,3.89,7389476,45676348.0
2014-07-02,3.88,3.93,3.88,3.92,8912488,55281584.0
2014-07-03,3.93,3.97,3.91,3.97,12002520,75375168.0
2014-07-04,3.98,3.99,3.97,3.98,13295952,84036896.0
2014-07-07,3.97,3.98,3.94,3.96,7068311,44409432.0
2014-07-08,3.95,4.0,3.93,3.99,14334243,90381000.0
2014-07-09,3.99,4.0,3.94,3.95,10452830,65872180.0
2014-07-10,3.94,3.98,3.93,3.95,9620941,60439456.0
2014-07-11,3.98,4.07,3.98,4.03,26737276,163677776.0
2014-07-14,4.03,4.17,4.03,4.15,33393188,208600752.0
2014-07-15,4.13,4.2,4.12,4.2,23045768,145739552.0
2014-07-16,4.19,4.24,4.17,4.21,20416328,130378592.0
2014-07-17,4.21,4.26,4.19,4.21,16562789,106365128.0
2014-07-18,4.21,4.24,4.17,4.18,17007842,108388840.0
2014-07-21,4.17,4.26,4.17,4.19,17155326,109749288.0
2014-07-22,4.18,4.26,4.18,4.23,15289268,98116128.0
2014-07-23,4.23,4.29,4.23,4.26,20051828,129826240.0
2014-07-24,4.26,4.41,4.26,4.39,42276624,278504160.0
2014-07-25,4.39,4.41,4.34,4.4,20169676,134184184.0
2014-07-28,4.42,4.44,4.35,4.44,32741576,218830816.0
2014-07-29,4.41,4.52,4.41,4.49,26482684,179385136.0
2014-07-30,4.47,4.5,4.45,4.47,18271444,124149600.0
2014-07-31,4.45,4.5,4.45,4.5,12705936,86300056.0
2014-08-01,4.48,4.61,4.47,4.52,21650400,150078848.0
2014-08-04,4.53,4.61,4.53,4.59,25315768,176169184.0
2014-08-05,4.59,4.63,4.56,4.58,12501509,86914096.0
2014-08-06,4.56,4.56,4.47,4.5,23864476,163048640.0
2014-08-07,4.49,4.52,4.42,4.44,21575876,145845792.0
2014-08-08,4.45,4.46,4.4,4.44,10347700,69600552.0
2014-08-11,4.46,4.52,4.44,4.52,11474420,78216560.0
2014-08-12,4.48,4.52,4.42,4.52,17279350,117046776.0
2014-08-13,4.52,4.52,4.42,4.48,17779682,120286568.0
2014-08-14,4.46,4.49,4.44,4.46,17576172,119333800.0
2014-08-15,4.47,4.53,4.45,4.53,22055876,150758608.0
2014-08-18,4.54,4.69,4.52,4.65,42956800,301264416.0
2014-08-19,4.64,4.68,4.52,4.6,21492308,150407232.0
2014-08-20,4.58,4.63,4.57,4.6,35779808,249736432.0
2014-08-21,4.59,4.65,4.55,4.63,15197457,105678672.0
2014-08-22,4.63,4.71,4.61,4.68,17266574,122177496.0
2014-08-25,4.66,4.7,4.65,4.68,13868054,98360128.0
2014-08-26,4.77,5.13,4.77,4.88,61425980,458930720.0
2014-08-27,4.82,4.84,4.75,4.79,18330304,133450712.0
2014-08-28,4.77,4.82,4.71,4.73,14433897,104536400.0
2014-08-29,4.75,4.92,4.74,4.91,22877220,168936832.0
2014-09-01,4.92,4.97,4.89,4.91,18438228,137846176.0
2014-09-02,4.91,4.94,4.85,4.92,29643814,219998032.0
2014-09-03,4.92,5.02,4.91,5.02,32620630,246984112.0
2014-09-04,5.02,5.08,4.98,5.06,26336838,200982512.0
2014-09-05,5.08,5.1,5.03,5.05,29889340,229912752.0
2014-09-09,5.06,5.13,4.96,5.0,24697568,188568656.0
2014-09-10,4.98,5.02,4.93,5.01,20669532,155948224.0
2014-09-11,5.01,5.06,4.95,4.98,26215136,198822128.0
2014-09-12,4.96,5.0,4.9,5.0,28133866,211187184.0
2014-09-15,4.99,5.0,4.91,4.93,23615880,177027120.0
2014-09-16,4.94,4.98,4.86,4.95,36859056,274953856.0
2014-09-17,4.94,5.0,4.92,5.0,24565888,184844096.0
2014-09-18,4.98,5.03,4.94,5.01,30515972,231160576.0
2014-09-19,5.0,5.06,4.99,5.04,18409892,140183680.0
2014-09-22,5.02,5.17,5.02,5.06,37503680,290345056.0
2014-09-23,5.05,5.08,5.04,5.06,12841425,98587264.0
2014-09-24,5.04,5.11,5.0,5.11,24887280,191616544.0
2014-09-25,5.14,5.18,5.08,5.1,29041740,226914592.0
2014-09-26,5.08,5.15,5.06,5.13,17018920,132301112.0
2014-09-29,5.09,5.17,5.09,5.17,21794108,169743056.0
2014-09-30,5.17,5.23,5.15,5.21,27367100,216238000.0
2014-10-08,5.21,5.23,5.17,5.21,22094032,174194240.0
2014-10-09,5.2,5.21,5.14,5.16,24276700,190628352.0
2014-10-10,5.14,5.15,4.98,5.0,48499872,371641024.0
2014-10-13,4.96,4.97,4.86,4.94,39870528,297318464.0
2014-10-14,4.92,4.94,4.81,4.84,36969116,273568320.0
2014-10-15,4.83,5.02,4.82,5.02,37217260,277299936.0
2014-10-16,4.97,5.0,4.89,4.9,26946826,202159984.0
2014-10-17,4.91,4.96,4.88,4.92,21843202,163061680.0
2014-10-20,4.92,4.98,4.88,4.97,23104796,172834448.0
2014-10-21,4.95,5.23,4.95,5.18,76730216,599444160.0
2014-10-22,5.19,5.24,5.15,5.19,38127384,301123264.0
2014-10-23,5.19,5.28,5.15,5.23,45414152,359844192.0
2014-10-24,5.21,5.21,5.11,5.2,29302984,229759328.0
2014-10-27,5.17,5.17,5.09,5.11,22928250,178112400.0
2014-10-28,5.1,5.23,5.1,5.22,24862806,195197248.0
2014-10-29,5.26,5.33,5.24,5.3,34215664,274811328.0
2014-10-30,5.3,5.42,5.23,5.4,53025588,431707616.0
2014-10-31,5.4,5.52,5.4,5.44,66587208,551891200.0
2014-11-03,5.44,5.56,5.41,5.44,44026344,367516672.0
2014-11-04,5.42,5.67,5.4,5.48,34359596,287714720.0
2014-11-05,5.66,5.77,5.55,5.59,45421044,389638656.0
2014-11-06,5.6,5.68,5.41,5.49,40491516,337185792.0
2014-11-07,5.46,5.56,5.4,5.5,48124696,398895744.0
2014-11-10,5.48,5.68,5.46,5.6,43134280,365459808.0
2014-11-11,5.6,5.7,5.52,5.58,39752520,337772544.0
2014-11-12,5.56,5.62,5.52,5.62,22458812,190321568.0
2014-11-13,5.63,5.81,5.58,5.8,58087192,504801920.0
2014-11-14,5.78,5.95,5.71,5.86,45052308,398956352.0
2014-11-17,6.13,6.14,5.81,5.87,46078484,415293536.0
2014-11-18,5.85,5.87,5.62,5.64,40322036,349086848.0
2014-11-19,5.6,5.69,5.56,5.64,26658348,227647504.0
2014-11-20,5.58,5.75,5.58,5.71,25454844,218210736.0
2014-11-21,5.72,5.77,5.64,5.75,28173960,243558352.0
2014-11-24,5.85,5.89,5.76,5.8,48531056,429028032.0
2014-11-25,5.79,5.85,5.76,5.84,42486384,373724992.0
2014-11-26,5.87,6.02,5.83,5.89,53046300,474693440.0
2014-11-27,5.89,5.94,5.83,5.88,41585568,370495776.0
2014-11-28,5.85,5.85,5.7,5.78,61439876,537013952.0
2014-12-01,5.75,5.88,5.72,5.87,56909072,499509888.0
2014-12-02,5.82,5.93,5.8,5.93,61156456,545325312.0
2014-12-03,5.93,6.06,5.87,6.0,83675232,757390400.0
2014-12-04,6.06,6.19,5.96,6.12,104866456,962440512.0
2014-12-05,6.16,6.29,5.95,6.09,105828704,985407552.0
2014-12-08,6.03,6.37,5.98,6.34,161053408,1514729216.0
2014-12-09,6.26,6.83,6.05,6.1,226756240,2236636416.0
2014-12-10,6.12,6.56,6.06,6.53,116488632,1118616576.0
2014-12-11,6.57,6.72,6.32,6.45,96989744,957101760.0
2014-12-12,6.49,6.57,6.38,6.44,59909864,586941184.0
2014-12-15,6.42,6.51,6.31,6.45,57036708,556167488.0
2014-12-16,6.45,6.45,6.31,6.4,65590664,634313984.0
2014-12-17,6.41,6.44,6.33,6.41,67033500,649155008.0
2014-12-18,6.43,6.62,6.39,6.52,84085800,830837056.0
2014-12-19,6.51,6.83,6.47,6.75,144394960,1460735232.0
2014-12-22,6.95,7.42,6.95,7.28,235618336,2574454016.0
2014-12-23,7.22,7.23,6.72,6.76,143756304,1515117696.0
2014-12-24,6.77,6.9,6.59,6.71,121840160,1236829696.0
2014-12-25,6.72,6.82,6.48,6.78,78310056,791227072.0
2014-12-26,6.83,6.87,6.68,6.82,91849048,944709888.0
2014-12-29,6.84,7.07,6.74,6.87,139522192,1466570112.0
2014-12-30,6.88,6.89,6.61,6.75,85218888,869427840.0
2014-12-31,6.72,7.16,6.68,7.03,131390808,1386165120.0
2015-01-05,7.09,7.46,6.99,7.37,153534144,1692429184.0
2015-01-06,7.3,7.3,7.07,7.16,124864776,1358788864.0
2015-01-07,7.09,7.45,7.07,7.36,110456016,1217411712.0
2015-01-08,7.32,7.4,7.04,7.13,77051960,839361280.0
2015-01-09,7.09,7.2,6.91,7.05,94643664,1009394880.0
2015-01-12,6.95,7.13,6.87,7.01,68330256,727090432.0
2015-01-13,7.02,7.08,6.94,6.95,38030656,403845504.0
2015-01-14,6.95,7.09,6.93,7.09,46444024,495256416.0
2015-01-15,7.1,7.2,7.02,7.2,55404856,599404032.0
2015-01-16,7.3,7.38,7.12,7.24,69642768,766989696.0
2015-01-19,6.93,7.05,6.6,6.72,108817824,1126503424.0
2015-01-20,6.76,6.87,6.61,6.72,62353588,639721344.0
2015-01-21,6.74,6.98,6.68,6.9,69436336,720922432.0
2015-01-22,6.92,6.94,6.81,6.84,44555504,464551744.0
2015-01-23,6.84,6.98,6.82,6.87,41735532,435681248.0
2015-01-26,6.87,6.93,6.79,6.85,38181488,396449152.0
2015-01-27,6.85,6.87,6.59,6.73,71204248,725699712.0
2015-01-28,6.73,6.73,6.59,6.64,47464036,479579648.0
2015-01-29,6.61,6.7,6.58,6.68,48075128,485368480.0
2015-01-30,6.7,6.74,6.6,6.71,44934160,454999584.0
2015-02-02,6.66,6.66,6.54,6.56,37757136,377734976.0
2015-02-03,6.62,6.66,6.54,6.64,36110496,361541760.0
2015-02-04,6.66,6.7,6.59,6.6,22262664,224634272.0
2015-02-05,6.68,6.69,6.39,6.41,48284328,481020736.0
2015-02-06,6.43,6.43,6.1,6.14,65272096,613416832.0
2015-02-09,6.19,6.19,6.0,6.13,49683404,458690080.0
2015-02-10,6.13,6.26,6.1,6.25,38358700,361343232.0
2015-02-11,6.27,6.41,6.27,6.39,32235576,310659648.0
2015-02-12,6.37,6.45,6.31,6.42,19446324,188539072.0
2015-02-13,6.41,6.62,6.41,6.55,36342196,360230752.0
2015-02-16,6.51,6.56,6.46,6.51,20727280,204747552.0
2015-02-17,6.56,6.66,6.47,6.56,26272928,262362320.0
2015-02-25,6.53,6.68,6.43,6.52,45611712,453189440.0
2015-02-26,6.52,6.72,6.51,6.68,60389012,609874368.0
2015-02-27,6.68,6.74,6.58,6.61,34095032,343552224.0
2015-03-02,6.72,6.72,6.63,6.7,57986176,588110720.0
2015-03-03,6.66,6.69,6.53,6.53,43215312,434044384.0
2015-03-04,6.59,6.63,6.52,6.57,28873936,287637984.0
2015-03-05,6.53,6.56,6.34,6.43,38692448,378215296.0
2015-03-06,6.42,6.51,6.39,6.47,24088348,236017648.0
2015-03-09,6.39,6.66,6.35,6.64,47098428,463186560.0
2015-03-10,6.59,6.66,6.58,6.62,44253160,444318944.0
2015-03-11,6.62,6.7,6.55,6.59,39150064,393277120.0
2015-03-12,6.65,6.69,6.57,6.68,54400252,547532032.0
2015-03-13,6.69,6.78,6.68,6.76,59337000,605986688.0
2015-03-16,6.77,6.91,6.66,6.87,77524056,800001408.0
2015-03-17,6.87,6.93,6.82,6.89,86888240,907761920.0
2015-03-18,6.9,6.94,6.82,6.92,110317168,1151090176.0
2015-03-19,6.91,7.11,6.86,7.09,97296688,1029020160.0
2015-03-20,7.09,7.2,6.97,7.14,86147784,924437440.0
2015-03-23,7.22,7.49,7.21,7.39,114094576,1275024640.0
2015-03-24,7.4,7.64,7.32,7.38,125366864,1413781504.0
2015-03-25,7.33,7.35,7.11,7.14,100415536,1095116800.0
2015-03-26,7.11,7.25,7.08,7.15,69516912,756783872.0
2015-03-27,7.14,7.16,6.98,7.07,64662040,693541760.0
2015-03-30,7.12,7.3,7.09,7.24,85872184,936845056.0
2015-03-31,7.28,7.4,7.09,7.18,94497408,1035886016.0
2015-04-01,7.15,7.3,7.12,7.18,64440604,703896640.0
2015-04-02,7.18,7.23,7.01,7.05,98298288,1056139328.0
2015-04-03,7.01,7.16,6.95,7.15,64282668,688997568.0
2015-04-07,7.18,7.4,7.15,7.38,117931664,1300061056.0
2015-04-08,7.39,7.48,7.25,7.44,118000400,1319396352.0
2015-04-09,7.5,7.53,7.19,7.37,107919816,1200573312.0
2015-04-10,7.32,7.47,7.25,7.44,114017104,1275489024.0
2015-04-13,7.46,7.69,7.4,7.65,139804912,1604603520.0
2015-04-14,7.66,7.98,7.59,7.82,146136144,1727890304.0
2015-04-15,7.82,7.82,7.51,7.64,90168592,1046381824.0
2015-04-16,7.64,8.13,7.6,8.07,127444672,1518912000.0
2015-04-17,8.11,8.36,8.01,8.23,174919520,2181411328.0
2015-04-20,8.11,8.49,7.99,8.09,181514176,2263552768.0
2015-04-21,8.44,8.82,8.15,8.48,179477264,2290729472.0
2015-04-22,8.63,8.81,8.52,8.74,220761840,2907696384.0
2015-04-23,8.75,8.75,8.45,8.54,139554416,1814872576.0
2015-04-24,8.44,8.44,8.15,8.31,126611792,1594162560.0
2015-04-27,8.34,8.63,8.32,8.63,139375008,1787266944.0
2015-04-28,8.55,8.57,8.33,8.47,112561496,1441808640.0
2015-04-29,8.38,8.56,8.25,8.5,81057888,1035215296.0
2015-04-30,8.56,8.88,8.5,8.71,155792480,2054961280.0
2015-05-04,8.72,9.31,8.66,9.28,236467920,3230604544.0
2015-05-05,9.24,9.24,8.37,8.4,175409136,2344395520.0
2015-05-06,8.47,8.54,8.01,8.25,115241440,1455592960.0
2015-05-07,8.1,8.24,7.88,7.9,83357856,1010834048.0
2015-05-08,8.06,8.09,7.83,7.98,106666448,1287159552.0
2015-05-11,8.11,8.38,8.04,8.2,183132544,2285996288.0
2015-05-12,8.22,8.56,8.21,8.48,127738560,1625550592.0
2015-05-13,8.44,8.44,8.16,8.21,88717056,1115266304.0
2015-05-14,8.23,8.35,8.17,8.25,66408584,831773888.0
2015-05-15,8.22,8.22,7.96,8.02,73541760,899560000.0
2015-05-18,7.99,8.0,7.88,7.92,71401672,860144640.0
2015-05-19,7.9,8.25,7.86,8.24,77730784,960153664.0
2015-05-20,8.25,8.42,8.21,8.29,94524008,1195421952.0
2015-05-21,8.34,8.44,8.31,8.4,70284632,892350080.0
2015-05-22,8.43,8.73,8.4,8.68,120343696,1555373440.0
2015-05-25,8.8,9.06,8.74,8.93,141287120,1908546176.0
2015-05-26,8.98,9.45,8.94,9.14,162888448,2273049088.0
2015-05-27,9.16,9.21,8.81,9.04,135475200,1840500736.0
2015-05-28,9.04,9.35,8.58,8.6,147031888,2019593216.0
2015-05-29,8.61,8.82,8.38,8.69,127245328,1665536000.0
2015-06-01,8.76,9.25,8.69,9.14,139305840,1922560896.0
2015-06-02,9.17,9.39,9.14,9.29,124710920,1751211136.0
2015-06-03,9.34,9.6,9.23,9.28,127340776,1814758016.0
2015-06-04,9.28,9.54,8.7,9.52,143758896,1983595136.0
2015-06-05,9.85,9.87,9.23,9.48,167875136,2443390976.0
2015-06-08,9.42,9.62,9.3,9.56,152288528,2185833216.0
2015-06-09,9.62,10.03,9.49,9.93,214207152,3178448896.0
2015-06-10,9.77,9.87,9.56,9.68,124202552,1829899648.0
2015-06-11,9.68,9.69,9.44,9.52,96807224,1400150144.0
2015-06-12,9.54,9.87,9.53,9.71,66840636,986978688.0
2015-11-16,8.74,9.13,8.74,8.88,512979392,6688405504.0
2015-11-17,8.87,9.53,8.84,9.32,246702864,3354564352.0
2015-11-18,9.28,9.3,9.03,9.09,113606456,1535057536.0
2015-11-19,9.09,9.26,9.02,9.14,80700744,1086371200.0
2015-11-20,9.13,9.13,8.88,8.95,93135808,1237660928.0
2015-11-23,8.9,9.07,8.88,8.94,64838400,860354176.0
2015-11-24,8.88,9.13,8.88,9.03,53838832,717444224.0
2015-11-25,9.0,9.03,8.9,8.97,52115720,689169088.0
2015-11-26,8.95,8.98,8.88,8.91,42453296,559716032.0
2015-11-27,8.92,8.95,8.77,8.78,68110912,890844672.0
2015-11-30,8.81,9.13,8.8,9.1,92361568,1231207040.0
2015-12-01,9.1,9.11,8.86,8.92,39946312,531802784.0
2015-12-02,8.96,9.65,8.95,9.49,133869696,1858758144.0
2015-12-03,9.47,9.78,9.32,9.54,78428320,1110510972.0
2015-12-04,9.4,9.59,9.36,9.43,38493232,538150080.0
2015-12-07,9.4,9.49,9.29,9.32,30184552,418401760.0
2015-12-08,9.27,9.34,9.15,9.25,35629788,486887904.0
2015-12-09,9.26,9.46,9.09,9.3,48309208,659380978.0
2015-12-10,9.27,9.3,9.13,9.15,40497324,550720832.0
2015-12-11,9.15,9.21,9.09,9.17,22220096,300434848.0
2015-12-14,9.11,9.47,9.1,9.3,29363392,401706560.0
2015-12-15,9.3,9.36,9.19,9.22,22015492,300944160.0
2015-12-16,9.24,9.36,9.2,9.33,27610502,379069824.0
2015-12-17,9.37,9.44,9.32,9.36,39561620,548381056.0
2015-12-18,9.4,9.43,9.28,9.37,27039144,374752640.0
2015-12-21,9.32,9.66,9.32,9.57,54710300,769857472.0
2015-12-22,9.55,9.67,9.44,9.55,35015357,493561926.0
2015-12-23,9.59,9.72,9.47,9.53,32582808,461628576.0
2015-12-24,9.53,9.59,9.4,9.55,29585968,415565664.0
2015-12-25,9.55,9.59,9.4,9.4,22770315,318813876.0
2015-12-28,9.41,9.44,9.18,9.23,44060788,604325972.0
2015-12-29,9.24,9.3,9.18,9.19,23670071,322642376.0
2015-12-30,9.22,9.24,9.13,9.17,23525992,318955237.0
2015-12-31,9.19,9.24,9.14,9.17,19842381,269586188.0
2016-01-04,9.15,9.21,8.9,8.9,38198742,509608375.0
2016-01-05,8.87,9.02,8.8,8.91,49557163,651689661.0
2016-01-06,8.91,8.97,8.88,8.94,26154426,344892501.0
2016-01-07,8.92,8.92,8.66,8.67,9124993,118409167.0
2016-01-08,8.86,8.9,8.71,8.76,46913085,610539747.0
2016-01-11,8.67,8.8,8.46,8.5,62274493,793688604.0
2016-01-12,8.56,8.62,8.44,8.48,33165873,416920172.0
2016-01-13,8.52,8.61,8.4,8.42,41375103,518520431.0
2016-01-14,8.27,8.74,8.19,8.69,63305818,797543331.0
2016-01-15,8.63,8.82,8.4,8.54,39869604,510557107.0
2016-01-18,8.42,8.65,8.4,8.56,24300140,306925435.0
2016-01-19,8.54,8.78,8.51,8.67,27423479,351604110.0
2016-01-20,8.73,8.73,8.49,8.52,27067920,343262492.0
2016-01-21,8.33,8.6,8.33,8.46,26651034,334442650.0
2016-01-22,8.49,8.54,8.45,8.46,21545871,270014080.0
2016-01-25,8.5,8.51,8.44,8.48,13274660,166064729.0
2016-01-26,8.46,8.46,8.17,8.18,37832701,464966549.0
2016-01-27,8.24,8.25,8.01,8.13,71609431,857674745.0
2016-01-28,8.13,8.32,8.07,8.12,30122556,363624970.0
2016-01-29,8.09,8.29,8.07,8.19,39800709,480545161.0
2016-02-01,8.17,8.3,8.16,8.22,20219243,246332055.0
2016-02-02,8.23,8.27,8.15,8.21,20800751,252419880.0
2016-02-03,8.15,8.24,8.14,8.23,18804671,227422507.0
2016-02-04,8.23,8.46,8.23,8.33,21586778,266396984.0
2016-02-05,8.33,8.36,8.25,8.29,10882317,133522889.0
2016-02-15,8.19,8.19,8.11,8.15,30778969,370314218.0
2016-02-16,8.17,8.31,8.17,8.28,21025015,256501503.0
2016-02-17,8.29,8.31,8.2,8.25,21009929,256342209.0
2016-02-18,8.27,8.3,8.22,8.24,22004263,268762044.0
2016-02-19,8.21,8.22,8.13,8.17,16860357,203782244.0
2016-02-22,8.21,8.22,8.12,8.19,26685909,322634941.0
2016-02-23,8.21,8.23,8.16,8.22,26277916,318245379.0
2016-02-24,8.19,8.27,8.17,8.26,28370456,344908038.0
2016-02-25,8.25,8.27,8.04,8.06,33929105,410445869.0
2016-02-26,8.12,8.15,7.89,7.96,37194159,439720043.0
2016-02-29,7.98,8.02,7.53,7.71,45954181,522300379.0
2016-03-01,7.71,7.82,7.53,7.77,44123617,500025746.0
2016-03-02,7.75,7.98,7.7,7.94,37040405,428778031.0
2016-03-11,7.98,8.25,7.79,8.15,71141965,854080959.0
2016-03-14,8.13,8.23,8.05,8.19,30421280,367502269.0
2016-03-15,8.21,8.27,8.15,8.26,20963036,254277139.0
2016-03-16,8.23,8.44,8.22,8.33,49478774,610600231.0
2016-03-17,8.36,8.37,8.24,8.31,28893388,354778101.0
2016-03-18,8.31,8.36,8.25,8.32,28413755,349281856.0
2016-03-21,8.32,8.38,8.27,8.33,25042629,307954699.0
2016-03-22,8.32,8.36,8.27,8.34,18838593,231909336.0
2016-03-23,8.34,8.34,8.27,8.3,9417789,115714682.0
2016-03-24,8.25,8.29,8.19,8.23,12414107,150855742.0
2016-03-25,8.2,8.29,8.2,8.24,10089726,123095127.0
2016-03-28,8.25,8.31,8.17,8.19,13554339,164858244.0
2016-03-29,8.19,8.24,8.15,8.2,13455431,163016533.0
2016-03-30,8.21,8.33,8.21,8.32,20733294,254000937.0
2016-03-31,8.32,8.34,8.25,8.31,10575446,129857152.0
2016-04-01,8.31,8.47,8.28,8.44,21031006,260377738.0
2016-04-05,8.45,8.49,8.35,8.39,21232846,263579451.0
2016-04-06,8.38,8.38,8.27,8.33,25423840,312214482.0
2016-04-07,8.32,8.34,8.23,8.24,20371676,248837163.0
2016-04-08,8.24,8.27,8.2,8.25,15485040,188652695.0
2016-04-11,8.25,8.28,8.23,8.23,26196063,319596563.0
2016-04-12,8.23,8.26,8.22,8.23,11600440,141185045.0
2016-04-13,8.24,8.3,8.2,8.27,29872705,364160225.0
2016-04-14,8.27,8.31,8.25,8.27,25240545,308985500.0
2016-04-15,8.29,8.39,8.28,8.29,21609306,266398201.0
2016-04-18,8.29,8.38,8.27,8.36,20512057,253159427.0
2016-04-19,8.37,8.45,8.36,8.44,22316777,277551958.0
2016-04-20,8.43,8.44,8.23,8.44,35650080,439930471.0
2016-04-21,8.38,8.42,8.31,8.33,10289132,127086199.0
2016-04-22,8.33,8.38,8.29,8.34,16178837,199053234.0
2016-04-25,8.34,8.48,8.3,8.42,17094263,212616476.0
2016-04-26,8.42,8.45,8.31,8.4,19122320,236277584.0
2016-04-27,8.38,8.52,8.36,8.46,24927667,311358871.0
2016-04-28,8.46,8.48,8.37,8.44,7905031,98435273.0
2016-04-29,8.42,8.42,8.31,8.34,15263275,188767592.0
2016-05-03,8.35,8.41,8.32,8.37,15205184,187907855.0
2016-05-04,8.36,8.38,8.34,8.35,11777945,145358434.0
2016-05-05,8.36,8.44,8.31,8.36,11794061,145424883.0
2016-05-06,8.36,8.36,8.3,8.3,18574093,228566446.0
2016-05-09,8.3,8.34,8.25,8.3,23440919,287384657.0
2016-05-10,8.29,8.33,8.27,8.3,12164515,149252205.0
2016-05-11,8.32,8.34,8.25,8.28,29646286,363076075.0
2016-05-12,8.27,8.54,8.25,8.44,35175618,438434315.0
2016-05-13,8.42,8.46,8.36,8.42,17498990,216972694.0
2016-05-16,8.4,8.51,8.4,8.45,17244213,215595754.0
2016-05-17,8.43,8.52,8.37,8.38,17975988,223758585.0
2016-05-18,8.38,8.44,8.3,8.4,24345530,300572253.0
2016-05-19,8.38,8.43,8.32,8.34,14165110,175542914.0
2016-05-20,8.33,8.4,8.3,8.37,12117345,149745892.0
2016-05-23,8.38,8.39,8.3,8.32,17705398,217848509.0
2016-05-24,8.32,8.36,8.31,8.35,12005048,147804541.0
2016-05-25,8.35,8.36,8.3,8.31,11340309,139572341.0
2016-05-26,8.32,8.34,8.29,8.31,13206243,162088156.0
2016-05-27,8.3,8.34,8.29,8.31,11138859,136888087.0
2016-05-30,8.3,8.36,8.29,8.3,14385541,176832683.0
2016-05-31,8.3,8.46,8.3,8.43,23873689,296096631.0
2016-06-01,8.4,8.44,8.38,8.42,13489860,167565240.0
2016-06-02,8.4,8.45,8.4,8.42,12972271,161492445.0
2016-06-03,8.44,8.56,8.39,8.52,20184972,253144470.0
2016-06-06,8.54,8.56,8.43,8.48,15407681,193045132.0
2016-06-07,8.49,8.51,8.44,8.47,9728396,121867527.0
2016-06-08,8.48,8.57,8.44,8.57,16986008,214008359.0
2016-06-13,8.54,8.55,8.46,8.48,11769182,147824016.0
2016-06-14,8.46,8.54,8.38,8.4,18409519,230079931.0
2016-06-15,8.36,8.44,8.36,8.42,10869950,135306748.0
2016-06-16,8.42,8.42,8.31,8.33,28806105,356074043.0
2016-06-17,8.34,8.38,8.34,8.35,21931074,270775770.0
2016-06-20,8.37,8.43,8.35,8.43,21250235,263815012.0
2016-06-21,8.44,8.45,8.38,8.41,18201282,226294864.0
2016-06-22,8.41,8.44,8.38,8.42,9892124,123066629.0
2016-06-23,8.42,8.43,8.36,8.36,9861647,122321288.0
2016-06-24,8.36,8.4,8.33,8.36,18519034,228791299.0
2016-06-27,8.36,8.41,8.34,8.4,9323023,115503193.0
2016-06-28,8.38,8.41,8.36,8.39,9254436,114588307.0
2016-06-29,8.4,8.42,8.36,8.4,12551329,155722613.0
2016-06-30,8.4,8.47,8.39,8.45,13529847,168563827.0
2016-07-01,8.45,8.5,8.42,8.49,10125840,126680568.0
2016-07-04,8.5,8.56,8.48,8.53,15319547,193223009.0
2016-07-05,8.58,8.61,8.5,8.56,14860474,187789587.0
2016-07-06,8.55,8.82,8.52,8.8,43464709,559828179.0
2016-07-07,8.8,8.8,8.69,8.73,14189867,183005963.0
2016-07-08,8.73,8.77,8.69,8.74,10860496,140105691.0
2016-07-11,8.75,8.78,8.66,8.75,26757377,344524844.0
2016-07-12,8.73,8.8,8.65,8.78,27868495,358370390.0
2016-07-13,8.76,8.88,8.75,8.82,28044127,365844312.0
2016-07-14,8.84,8.92,8.8,8.91,15875178,207895285.0
2016-07-15,8.91,9.03,8.9,8.96,19956278,264171043.0
2016-07-18,8.96,8.99,8.82,8.88,16727467,219369704.0
2016-07-19,9.0,9.04,8.87,8.96,23995300,308720346.0
2016-07-20,8.97,8.97,8.92,8.93,7259040,93218614.0
2016-07-21,8.89,8.96,8.87,8.92,18136854,232567046.0
2016-07-22,8.94,8.94,8.78,8.85,16522370,210649930.0
2016-07-25,8.87,8.94,8.85,8.92,11463914,146755583.0
2016-07-26,8.93,8.98,8.9,8.98,19919827,256350151.0
2016-07-27,8.99,9.13,8.92,9.12,46303256,601495474.0
2016-07-28,9.1,9.36,9.08,9.29,28823780,384189542.0
2016-07-29,9.31,9.45,9.19,9.21,18913346,253533697.0
2016-08-01,9.18,9.35,9.17,9.31,19416349,259745000.0
2016-08-02,9.31,9.34,9.16,9.24,15565318,206361571.0
2016-08-03,9.24,9.28,9.18,9.26,10132057,134622821.0
2016-08-04,9.26,9.27,9.17,9.21,11625604,153780758.0
2016-08-05,9.21,9.26,9.17,9.21,6965134,92416673.0
2016-08-08,9.24,9.48,9.21,9.4,15054594,202599354.0
2016-08-09,9.4,9.47,9.36,9.42,11683264,158291774.0
2016-08-10,9.42,9.54,9.4,9.52,17104391,233398446.0
2016-08-11,9.55,9.79,9.44,9.69,26744160,371611518.0
2016-08-12,9.69,10.0,9.68,9.83,39648556,563775198.0
2016-08-15,9.85,9.97,9.79,9.84,31105239,441078989.0
2016-08-16,9.85,9.86,9.49,9.55,72573919,1003639250.0
2016-08-17,9.52,9.63,9.47,9.51,25190709,345563141.0
2016-08-18,9.51,9.6,9.49,9.53,12378630,169877908.0
2016-08-19,9.53,9.64,9.42,9.6,18223642,250019293.0
2016-08-22,9.58,9.7,9.54,9.58,10862092,150240375.0
2016-08-23,9.59,9.63,9.48,9.51,17986137,246667296.0
2016-08-24,9.51,9.59,9.49,9.53,11625710,159457967.0
2016-08-25,9.52,9.53,9.39,9.44,15303593,207764153.0
2016-08-26,9.46,9.65,9.44,9.63,18633971,256193750.0
2016-08-29,9.61,9.61,9.49,9.5,15147264,207598132.0
2016-08-30,9.5,9.56,9.49,9.51,10296753,140857196.0
2016-08-31,9.51,9.63,9.48,9.59,12830616,176275686.0
2016-09-01,9.62,9.62,9.51,9.51,10868083,148975656.0
2016-09-02,9.51,9.74,9.5,9.7,24223380,334742369.0
2016-09-05,9.67,9.7,9.56,9.59,11356848,156847325.0
2016-09-06,9.59,9.6,9.52,9.56,12266692,168501931.0
2016-09-07,9.55,9.56,9.46,9.48,16591977,226534640.0
2016-09-08,9.46,9.48,9.44,9.46,10757205,146317036.0
2016-09-09,9.46,9.49,9.4,9.42,19344121,263171355.0
2016-09-12,9.37,9.56,9.22,9.55,38339293,516656942.0
2016-09-13,9.47,9.49,9.33,9.41,16634166,224441946.0
2016-09-14,9.37,9.42,9.31,9.33,12908236,173184356.0
2016-09-19,9.33,9.37,9.28,9.34,13389150,179570356.0
2016-09-20,9.33,9.33,9.27,9.31,12816049,171360242.0
2016-09-21,9.31,9.33,9.28,9.31,8362350,112012274.0
2016-09-22,9.34,9.4,9.31,9.34,16610182,222992217.0
2016-09-23,9.33,9.37,9.28,9.29,8730109,116857835.0
2016-09-26,9.28,9.35,9.28,9.3,12655205,169604223.0
2016-09-27,9.28,9.33,9.19,9.24,15119689,200813165.0
2016-09-28,9.25,9.26,9.19,9.21,10815192,143467629.0
2016-09-29,9.23,9.26,9.18,9.23,12269644,162821790.0
2016-09-30,9.24,9.28,9.23,9.25,7308139,97218147.0
2016-10-10,9.29,9.32,9.24,9.28,15352718,204527118.0
2016-10-11,9.26,9.42,9.24,9.37,17214016,231111950.0
2016-10-12,9.37,9.44,9.33,9.42,9979200,134668281.0
2016-10-13,9.4,9.44,9.38,9.4,12135803,164092344.0
2016-10-14,9.41,9.49,9.4,9.47,11294545,153344959.0
2016-10-17,9.48,9.51,9.37,9.4,10162022,137873336.0
2016-10-18,9.37,9.44,9.35,9.43,13673552,184660086.0
2016-10-19,9.43,9.47,9.35,9.38,13438663,181929136.0
2016-10-20,9.38,9.41,9.28,9.31,11527849,154827982.0
2016-10-21,9.31,9.35,9.27,9.32,7523842,100687215.0
2016-10-24,9.32,9.41,9.27,9.3,24250838,325164673.0
2016-10-25,9.3,9.36,9.26,9.33,20155785,269948770.0
2016-10-26,9.33,9.33,9.27,9.28,8501144,113570361.0
2016-10-27,9.3,9.31,9.23,9.24,13085412,174155507.0
2016-10-28,9.24,9.33,9.21,9.28,15648258,208857056.0
2016-10-31,9.28,9.37,9.28,9.35,18210260,244555813.0
2016-11-01,9.33,9.37,9.31,9.35,8695976,116800454.0
2016-11-02,9.35,9.36,9.23,9.25,13433807,179149479.0
2016-11-03,9.25,9.29,9.24,9.26,10470581,139508268.0
2016-11-04,9.26,9.28,9.19,9.21,13829725,183572259.0
2016-11-07,9.21,9.24,9.13,9.14,16862207,222257239.0
2016-11-08,9.17,9.19,9.09,9.13,23665940,310907844.0
2016-11-09,9.13,9.14,9.06,9.12,20336786,265972785.0
2016-11-10,9.13,9.2,9.12,9.14,23943360,315465412.0
2016-11-11,9.14,9.18,9.09,9.12,24602515,322727769.0
2016-11-14,9.13,9.15,9.05,9.06,30920042,403960428.0
2016-11-15,9.08,9.12,9.04,9.07,22018329,287009456.0
2016-11-16,9.07,9.1,9.05,9.09,14065473,183671299.0
2016-11-17,9.1,9.1,9.06,9.1,13130287,171385963.0
2016-11-18,9.1,9.1,9.05,9.06,11075702,144507701.0
2016-11-21,9.06,9.14,9.05,9.1,24633015,322186972.0
2016-11-22,9.1,9.14,9.07,9.1,24952100,326489895.0
2016-11-23,9.1,9.12,9.06,9.09,29729833,388669299.0
2016-11-24,9.1,9.22,9.08,9.17,46974806,618137103.0
2016-11-25,9.19,9.38,9.19,9.28,38632994,515835726.0
2016-11-28,9.31,9.34,9.21,9.24,40031542,533616762.0
2016-11-29,9.21,9.45,9.21,9.37,65000869,873558998.0
2016-11-30,9.35,9.42,9.24,9.28,34145975,456186041.0
2016-12-01,9.28,9.31,9.17,9.26,43514760,577700136.0
2016-12-02,9.26,9.33,9.19,9.28,34937020,464995136.0
2016-12-05,9.19,9.28,9.16,9.25,41787330,554215488.0
2016-12-06,9.21,9.24,9.16,9.19,24557002,324498318.0
2016-12-07,9.18,9.19,9.08,9.15,29620169,388515904.0
2016-12-08,9.16,9.17,9.08,9.09,20971334,274708543.0
2016-12-09,9.1,9.16,9.08,9.15,26207115,343648799.0
2016-12-12,9.15,9.15,9.04,9.1,42775811,559014521.0
2016-12-13,9.05,9.08,9.03,9.03,26060258,339217944.0
2016-12-14,9.02,9.05,8.99,8.99,25739727,333564144.0
2016-12-15,8.98,9.0,8.9,8.96,44269320,569500842.0
2016-12-16,8.99,9.07,8.92,9.0,72951355,946321849.0
2016-12-19,9.01,9.01,8.94,8.96,16011852,206743830.0
2016-12-20,8.96,8.99,8.79,8.85,26365380,336161522.0
2016-12-21,8.84,8.96,8.83,8.96,31222762,400854977.0
2016-12-22,8.96,9.01,8.89,8.9,22433724,288634064.0
2016-12-23,8.91,8.96,8.8,8.89,21250453,270937285.0
2016-12-26,8.85,8.87,8.8,8.8,28259072,358216842.0
2016-12-27,8.83,8.83,8.71,8.74,46245379,582595409.0
2016-12-28,8.75,8.75,8.62,8.66,27639800,344557119.0
2016-12-29,8.66,8.84,8.65,8.75,31351206,394200166.0
2016-12-30,8.78,8.84,8.76,8.8,24691166,312349160.0
2017-01-03,8.82,8.85,8.76,8.77,29123130,368218819.0
2017-01-04,8.79,8.85,8.76,8.83,28201784,357081132.0
2017-01-05,8.83,8.88,8.81,8.83,21187928,269342016.0
2017-01-06,8.85,8.93,8.82,8.84,27010813,344331536.0
2017-01-09,8.83,8.87,8.83,8.85,20154690,256400417.0
2017-01-10,8.88,8.89,8.83,8.85,15033875,191293737.0
2017-01-11,8.85,8.87,8.82,8.83,21781184,276754945.0
2017-01-12,8.83,8.85,8.79,8.8,16820600,213402735.0
2017-01-13,8.8,8.89,8.8,8.89,17738386,225739461.0
2017-01-16,8.85,9.07,8.83,9.0,69740263,901127583.0
2017-01-17,8.99,9.07,8.95,8.99,17506366,226633400.0
2017-01-18,9.01,9.03,8.98,8.99,15338479,198545788.0
2017-01-19,8.98,9.06,8.96,9.0,16581747,215032554.0
2017-01-20,8.99,9.05,8.99,9.01,10699351,138844065.0
2017-01-23,9.05,9.1,9.02,9.05,17952115,233712481.0
2017-01-24,9.05,9.1,9.03,9.08,10240989,133459026.0
2017-01-25,9.08,9.09,9.02,9.08,12313258,160372146.0
2017-01-26,9.08,9.08,9.04,9.06,8524590,111049524.0
2017-02-03,9.08,9.09,8.97,8.98,9313897,120548690.0
2017-02-06,9.0,9.05,8.97,9.02,9932815,128888142.0
2017-02-07,9.03,9.05,9.0,9.03,8116045,105404574.0
2017-02-08,9.04,9.12,9.03,9.11,19306776,251894601.0
2017-02-09,9.11,9.11,9.07,9.08,11935561,155863880.0
2017-02-10,9.1,9.15,9.08,9.12,13676308,179255262.0
2017-02-13,9.13,9.15,9.09,9.15,19376881,254185038.0
2017-02-14,9.14,9.17,9.12,9.14,9902299,130225977.0
2017-02-15,9.15,9.19,9.1,9.17,16490445,217185066.0
2017-02-16,9.16,9.19,9.12,9.16,14891244,195872954.0
2017-02-17,9.16,9.18,9.11,9.12,10629049,139779024.0
2017-02-20,9.12,9.24,9.12,9.23,18408454,243284579.0
2017-02-21,9.23,9.24,9.18,9.2,12847512,170079741.0
2017-02-22,9.21,9.21,9.12,9.17,17006719,223971196.0
2017-02-23,9.17,9.19,9.1,9.17,17460500,229813216.0
2017-02-24,9.15,9.17,9.08,9.14,15201850,199408279.0
2017-02-27,9.12,9.14,9.02,9.05,25940984,338341457.0
2017-02-28,9.07,9.08,8.98,9.01,25934354,336800697.0
2017-03-01,9.01,9.08,9.01,9.04,15398849,200652543.0
2017-03-02,9.07,9.1,9.03,9.04,13552582,176756826.0
2017-03-03,9.07,9.07,9.01,9.05,12134712,157653460.0
2017-03-06,9.07,9.08,9.01,9.03,19528726,253871499.0
2017-03-07,9.02,9.05,9.0,9.01,17762291,230474700.0
2017-03-08,9.01,9.05,9.01,9.02,11090850,143954522.0
2017-03-09,9.01,9.04,8.95,9.03,18868485,244053879.0
2017-03-10,9.01,9.03,8.96,8.97,15944017,206074223.0
2017-03-13,9.01,9.08,8.98,9.05,16044609,208548230.0
2017-03-14,9.07,9.11,9.03,9.1,16011796,208952612.0
2017-03-15,9.12,9.26,9.11,9.16,45924092,606350340.0
2017-03-16,9.13,9.2,9.12,9.16,22134657,291499369.0
2017-03-17,9.16,9.18,9.09,9.15,21958740,288653162.0
2017-03-20,9.21,9.25,9.15,9.17,23984340,316463305.0
2017-03-21,9.16,9.21,9.15,9.19,20927989,276276210.0
2017-03-22,9.15,9.2,9.13,9.16,17319586,228049876.0
2017-03-23,9.18,9.29,9.16,9.22,29157419,387692067.0
2017-03-24,9.22,9.34,9.21,9.33,22970330,306935842.0
2017-03-27,9.33,9.37,9.26,9.28,26265456,351505659.0
2017-03-28,9.3,9.3,9.2,9.23,20225152,268682464.0
2017-03-29,9.23,9.28,9.19,9.23,14857829,197095823.0
2017-03-30,9.21,9.24,9.14,9.21,27067379,357796455.0
2017-03-31,9.2,9.26,9.19,9.23,13549419,179647399.0
2017-04-05,9.25,9.29,9.23,9.26,20428291,272213394.0
2017-04-06,9.28,9.28,9.21,9.22,18327638,243603807.0
2017-04-07,9.22,9.26,9.19,9.23,15628784,207439931.0
2017-04-10,9.24,9.29,9.2,9.25,17584643,233850035.0
2017-04-11,9.26,9.28,9.17,9.24,23075723,306105858.0
2017-04-12,9.23,9.43,9.21,9.42,36095561,485467844.0
2017-04-13,9.39,9.49,9.36,9.44,20741965,281361100.0
2017-04-14,9.43,9.47,9.33,9.42,23912957,323407724.0
2017-04-17,9.39,9.42,9.3,9.4,20732376,278724428.0
2017-04-18,9.37,9.41,9.35,9.36,11139011,150246245.0
2017-04-19,9.35,9.45,9.33,9.37,24226068,327377307.0
2017-04-20,9.39,9.56,9.36,9.5,23311818,317795042.0
2017-04-21,9.47,9.61,9.46,9.6,35341620,484032188.0
2017-04-24,9.56,9.63,9.42,9.6,57452245,788086397.0
2017-04-25,9.56,9.58,9.46,9.52,20598962,282292582.0
2017-04-26,9.51,9.78,9.48,9.68,37348146,518903778.0
2017-04-27,9.64,9.73,9.6,9.66,16451534,228471280.0
2017-04-28,9.65,9.67,9.58,9.66,12011867,166521830.0
2017-05-02,9.66,9.88,9.66,9.74,33875230,475020747.0
2017-05-03,9.71,9.83,9.69,9.74,20811993,291850543.0
2017-05-04,9.74,9.78,9.71,9.74,17126876,239874459.0
2017-05-05,9.74,9.79,9.62,9.78,29047967,405720170.0
2017-05-08,9.74,9.86,9.71,9.85,29479468,414726338.0
2017-05-09,9.83,9.85,9.7,9.72,16213271,227736880.0
2017-05-10,9.74,9.77,9.63,9.72,23697534,330488853.0
2017-05-11,9.67,9.83,9.67,9.81,21435396,300676489.0
2017-05-12,9.78,9.87,9.77,9.82,9749948,137599020.0
2017-05-15,9.81,9.9,9.81,9.88,17148074,243111154.0
2017-05-16,9.89,9.98,9.85,9.97,20406492,290989223.0
2017-05-17,9.97,9.99,9.85,9.88,15019441,214053858.0
2017-05-18,9.84,9.92,9.84,9.9,15176331,215543057.0
2017-05-19,9.88,9.95,9.86,9.94,15606983,222256591.0
2017-05-22,9.94,10.13,9.92,10.13,26857956,388124210.0
2017-05-23,10.13,10.28,10.06,10.27,38938123,570411416.0
2017-05-24,10.24,10.29,10.11,10.28,32007948,469687287.0
2017-05-25,10.23,10.27,10.17,10.22,19936337,292960875.0
2017-05-26,10.16,10.22,10.07,10.18,30326010,441788530.0
2017-05-31,10.13,10.34,9.97,10.3,61810534,901285788.0
2017-06-01,10.26,10.47,10.21,10.45,35477869,528181565.0
2017-06-02,10.43,10.54,10.39,10.42,20880070,314300232.0
2017-06-05,10.37,10.44,10.24,10.28,22790160,337890584.0
2017-06-06,10.31,10.33,10.13,10.28,30627610,450044604.0
2017-06-07,10.27,10.37,10.22,10.29,18156420,269137024.0
2017-06-08,10.29,10.47,10.26,10.47,25267028,376980101.0
2017-06-09,10.49,10.54,10.32,10.35,28952167,432903970.0
2017-06-12,10.31,10.4,10.29,10.36,16132987,239875959.0
2017-06-13,10.35,10.36,10.19,10.22,29584530,435883580.0
2017-06-14,10.24,10.25,10.06,10.11,37278235,542184109.0
2017-06-15,10.11,10.11,10.0,10.01,18695390,270023522.0
2017-06-16,10.02,10.07,10.0,10.01,15505655,223583950.0
2017-06-19,10.04,10.11,10.03,10.11,15910151,230497068.0
2017-06-20,10.12,10.16,10.07,10.13,22363723,325005118.0
2017-06-21,10.21,10.24,10.09,10.23,25616713,374732793.0
2017-06-22,10.23,10.35,10.2,10.3,30167767,446398859.0
2017-06-23,10.31,10.36,10.28,10.35,18746703,278006884.0
2017-06-26,10.37,10.45,10.35,10.4,21191743,317064661.0
2017-06-27,10.44,10.46,10.4,10.44,18110038,271636862.0
2017-06-28,10.45,10.51,10.36,10.43,18423610,276356937.0
2017-06-29,10.48,10.59,10.45,10.56,21299587,322537147.0
2017-06-30,10.5,10.7,10.48,10.7,27116321,413593323.0
2017-07-03,10.7,10.76,10.59,10.67,24521469,376307667.0
2017-07-04,10.65,10.73,10.53,10.72,26304603,402375402.0
2017-07-05,10.71,10.73,10.52,10.56,25516246,389245922.0
2017-07-06,10.57,10.62,10.53,10.61,19751527,300118971.0
2017-07-07,10.59,10.69,10.52,10.67,20621659,314416579.0
2017-07-10,10.7,10.84,10.64,10.79,18203354,281169547.0
2017-07-11,10.79,10.9,10.74,10.87,14176720,221001410.0
2017-07-12,10.89,10.92,10.61,10.66,26575518,409918124.0
2017-07-13,10.69,10.69,10.52,10.58,30635078,467130301.0
2017-07-14,10.65,10.85,10.63,10.84,39781497,586554576.0
2017-07-17,10.87,10.95,10.72,10.94,26792590,398104310.0
2017-07-18,10.92,10.97,10.87,10.91,18191811,272177189.0
2017-07-19,10.89,10.95,10.84,10.89,18520685,276034266.0
2017-07-20,10.9,11.03,10.88,11.03,14022195,210215920.0
2017-07-21,10.98,11.06,10.95,10.98,10380539,156371613.0
2017-07-24,10.98,11.03,10.89,10.9,12680007,189851933.0
2017-07-25,10.88,10.96,10.82,10.87,16696493,248961553.0
2017-07-26,10.82,10.95,10.79,10.93,22219621,331274030.0
2017-07-27,10.92,11.01,10.9,10.96,17009655,255250715.0
2017-07-28,10.95,11.2,10.95,11.19,18382830,279647521.0
2017-07-31,11.17,11.21,11.04,11.11,11857578,180751225.0
2017-08-01,11.13,11.21,11.1,11.17,11296913,172838871.0
2017-08-02,11.17,11.32,11.17,11.3,14388309,222359736.0
2017-08-03,11.3,11.41,11.28,11.31,17115133,265951796.0
2017-08-04,11.28,11.32,10.91,10.94,45504713,688557835.0
2017-08-07,10.92,11.0,10.79,10.97,32384385,482891121.0
2017-08-08,10.98,10.99,10.82,10.89,20957647,312444791.0
2017-08-09,10.9,10.92,10.84,10.9,14146923,210515826.0
2017-08-10,10.92,11.01,10.79,10.99,25739692,383464891.0
2017-08-11,10.92,11.14,10.92,11.04,33293352,502687195.0
2017-08-14,11.1,11.12,10.91,10.97,24262039,366234146.0
2017-08-15,10.98,11.12,10.97,11.02,20728006,314014830.0
2017-08-16,11.02,11.21,11.02,11.2,20800860,317743858.0
2017-08-17,11.22,11.28,11.18,11.2,18153848,279408503.0
2017-08-18,11.17,11.28,11.15,11.26,7628526,117288929.0
2017-08-21,11.23,11.31,11.11,11.16,12950256,197999102.0
2017-08-22,11.14,11.17,11.08,11.14,9815278,149339029.0
2017-08-23,11.13,11.19,11.1,11.14,7253416,110747470.0
2017-08-24,11.14,11.17,11.09,11.14,9534970,145588985.0
2017-08-25,11.17,11.22,11.14,11.22,17854867,273226989.0
2017-08-28,11.22,11.28,11.09,11.16,22917687,350745885.0
2017-08-29,11.17,11.25,11.16,11.25,14226131,218425429.0
2017-08-30,11.25,11.25,11.03,11.06,16715077,254935014.0
2017-08-31,11.06,11.15,10.92,10.94,20749645,312871559.0
2017-09-01,10.95,11.0,10.9,10.93,18526365,277647413.0
2017-09-04,10.93,11.0,10.9,10.94,18139029,272008396.0
2017-09-05,10.95,11.01,10.85,10.87,19678211,294158567.0
2017-09-06,10.89,10.95,10.88,10.95,11295314,169038531.0
2017-09-07,10.95,11.04,10.94,11.03,23192409,349469754.0
2017-09-08,11.04,11.2,11.04,11.12,22613680,345022038.0
2017-09-11,11.15,11.28,11.14,11.17,25991555,399077788.0
2017-09-12,11.17,11.17,11.06,11.11,13007192,198007608.0
2017-09-13,11.11,11.19,11.08,11.09,13164344,200832687.0
2017-09-14,11.09,11.09,10.92,10.98,13301692,200290807.0
2017-09-15,10.96,11.06,10.92,10.99,18847493,283786219.0
2017-09-18,10.95,11.01,10.9,10.93,22337038,334834309.0
2017-09-19,10.95,10.99,10.92,10.94,11702125,175411367.0
2017-09-20,10.93,10.95,10.91,10.94,11855556,177586426.0
2017-09-21,10.96,10.98,10.9,10.95,12997718,194434678.0
2017-09-22,10.92,11.04,10.9,11.04,21251310,319195080.0
2017-09-25,11.03,11.2,10.96,11.17,31302362,475526107.0
2017-09-26,11.11,11.18,11.05,11.14,11320571,172529498.0
2017-09-27,11.11,11.2,11.02,11.06,11911615,181020180.0
2017-09-28,11.03,11.07,10.92,11.06,19113328,287574724.0
2017-09-29,11.02,11.09,10.96,11.01,12198715,184207641.0
2017-10-09,11.04,11.19,11.04,11.13,24800665,378192153.0
2017-10-10,11.1,11.17,11.06,11.15,14848050,226391402.0
2017-10-11,11.1,11.36,11.1,11.34,30978186,476805253.0
2017-10-12,11.28,11.4,11.18,11.21,28065595,433311418.0
2017-10-13,11.2,11.25,11.18,11.22,13965382,214562039.0
2017-10-16,11.18,11.28,11.18,11.23,25400631,391127518.0
2017-10-17,11.23,11.44,11.22,11.3,26842872,417022184.0
2017-10-18,11.32,11.64,11.29,11.62,35717212,560814297.0
2017-10-19,11.55,11.73,11.55,11.72,26639436,425665869.0
2017-10-20,11.6,11.92,11.58,11.66,23261167,374589331.0
2017-10-23,11.66,11.76,11.61,11.68,13292266,212355718.0
2017-10-24,11.7,11.88,11.65,11.85,19423786,313863160.0
2017-10-25,11.87,11.93,11.79,11.9,11852297,192808625.0
2017-10-26,11.9,11.95,11.62,11.68,28636766,460906242.0
2017-10-27,11.69,11.81,11.63,11.72,11978805,192346220.0
2017-10-30,11.79,11.87,11.56,11.74,25982398,415857380.0
2017-10-31,11.73,11.73,11.55,11.62,13194019,209674852.0
2017-11-01,11.67,11.71,11.55,11.63,16327446,259995031.0
2017-11-02,11.63,11.7,11.55,11.67,13032937,207459626.0
2017-11-03,11.63,11.74,11.53,11.71,25839458,411728139.0
2017-11-06,11.67,11.95,11.66,11.9,26406432,428216292.0
2017-11-07,11.94,12.07,11.85,12.01,18681599,306205673.0
2017-11-08,12.05,12.15,11.88,12.0,22416568,368695274.0
2017-11-09,12.04,12.07,11.96,12.06,11073219,182361078.0
2017-11-10,12.05,12.17,12.03,12.12,15830347,262138392.0
2017-11-13,12.17,12.19,11.84,11.92,28326589,464291338.0
2017-11-14,11.94,11.96,11.71,11.87,26297046,426008982.0
2017-11-15,11.82,11.89,11.73,11.86,22704106,367586822.0
2017-11-16,11.81,11.92,11.77,11.9,10241890,166045092.0
2017-11-17,11.91,12.38,11.78,12.36,41431915,685508854.0
2017-11-20,12.28,12.51,12.22,12.43,30538197,516430258.0
2017-11-21,12.39,12.43,12.27,12.32,32012229,542028318.0
2017-11-22,12.4,12.61,12.31,12.53,33422512,572306023.0
2017-11-23,12.52,12.55,12.14,12.27,31923912,538688216.0
2017-11-24,12.27,12.4,12.23,12.31,20705008,348884188.0
2017-11-27,12.31,12.33,12.04,12.28,55195340,922511644.0
2017-11-28,12.24,12.25,12.02,12.09,19828459,329181413.0
2017-11-29,11.99,12.17,11.98,12.05,23448417,387556075.0
2017-11-30,12.06,12.09,11.87,12.02,20471784,336096635.0
2017-12-01,12.03,12.06,11.92,12.03,20341426,334595445.0
2017-12-04,11.94,12.06,11.89,12.03,21324424,350702669.0
2017-12-05,12.03,12.4,12.03,12.33,60826941,1019052796.0
2017-12-06,12.3,12.35,12.17,12.22,26091813,437953648.0
2017-12-07,12.2,12.22,11.99,12.12,21597048,357007851.0
2017-12-08,12.12,12.12,12.02,12.06,12158515,200800817.0
2017-12-11,12.07,12.12,12.01,12.06,18063392,297932349.0
2017-12-12,12.03,12.07,11.96,11.98,11047553,181550355.0
2017-12-13,11.98,12.08,11.95,12.04,10252423,168822988.0
2017-12-14,12.06,12.12,11.98,12.03,12245323,201810086.0
2017-12-15,12.01,12.03,11.87,11.98,27277838,446335310.0
2017-12-18,12.01,12.06,11.83,12.0,20914054,342173150.0
2017-12-19,11.94,12.01,11.93,11.96,20488523,335823746.0
2017-12-20,12.02,12.02,11.9,12.0,23364936,382785426.0
2017-12-21,11.98,12.12,11.95,12.05,20249432,333837065.0
2017-12-22,12.03,12.17,11.98,12.0,15461477,255631767.0
2017-12-25,11.98,12.03,11.8,11.93,30291209,493060144.0
2017-12-26,11.9,11.9,11.76,11.77,26844867,433936811.0
2017-12-27,11.78,11.81,11.48,11.53,41930655,669187873.0
2017-12-28,11.53,11.6,11.48,11.55,18552330,293016445.0
2017-12-29,11.55,11.55,11.36,11.38,26676442,417742958.0
2018-01-02,11.46,11.56,11.38,11.42,33821355,530418447.0
2018-01-03,11.48,11.77,11.47,11.68,42081989,670341901.0
2018-01-04,11.68,11.7,11.55,11.57,27101885,431048400.0
2018-01-05,11.63,11.71,11.57,11.69,26421005,421647040.0
2018-01-08,11.7,11.71,11.63,11.67,23727593,379231073.0
2018-01-09,11.68,11.85,11.67,11.78,26552857,428383296.0
2018-01-10,11.79,11.87,11.74,11.81,15892857,256704656.0
2018-01-11,11.85,11.98,11.81,11.92,18820760,306624557.0
2018-01-12,11.95,11.96,11.86,11.89,14243015,232173745.0
2018-01-15,11.89,12.02,11.78,11.95,25661213,419948288.0
2018-01-16,11.95,11.99,11.7,11.73,36581181,591415574.0
2018-01-17,11.75,11.87,11.65,11.77,30619367,492965500.0
2018-01-18,11.76,11.82,11.63,11.74,31915173,511765924.0
2018-01-19,11.76,11.82,11.69,11.76,24894290,400649109.0
2018-01-22,11.83,11.85,11.67,11.75,24695932,397394941.0
2018-01-23,11.78,11.89,11.68,11.79,42859843,689934389.0
2018-01-24,11.79,11.8,11.68,11.69,27414171,439752702.0
2018-01-25,11.69,11.76,11.68,11.74,21777166,349531198.0
2018-01-26,11.76,11.77,11.71,11.73,13444210,216007768.0
2018-01-29,11.74,11.76,11.55,11.58,24345629,387697525.0
2018-01-30,11.56,11.65,11.52,11.53,24105143,381748466.0
2018-01-31,11.53,11.66,11.44,11.61,16953093,268476951.0
2018-02-01,11.61,11.81,11.49,11.8,33533497,534670782.0
2018-02-02,11.78,11.87,11.67,11.82,27192862,438214238.0
2018-02-05,11.73,11.95,11.69,11.9,24059503,390556475.0
2018-02-06,11.76,11.93,11.71,11.9,52321034,850062174.0
2018-02-07,11.9,11.92,11.63,11.88,42004188,678441642.0
2018-02-08,11.82,11.89,11.72,11.85,29964345,485411960.0
2018-02-09,11.71,11.71,11.09,11.66,54108624,844999185.0
2018-02-12,11.5,11.53,11.29,11.39,29842926,466138575.0
2018-02-13,11.43,11.66,11.42,11.51,15445574,244367304.0
2018-02-14,11.55,11.74,11.55,11.68,13113957,209539442.0
2018-02-22,11.74,11.79,11.68,11.76,12485863,200799734.0
2018-02-23,11.76,11.94,11.74,11.87,17783676,288847732.0
2018-02-26,11.93,12.0,11.87,11.98,18906223,309268251.0
2018-02-27,12.01,12.12,11.99,12.08,21009788,347503439.0
2018-02-28,12.03,12.14,11.96,12.03,14353057,236746342.0
2018-03-01,11.97,12.12,11.97,12.04,13479481,222388513.0
2018-03-02,12.01,12.25,11.98,12.23,20526643,341559915.0
2018-03-05,12.2,12.31,12.14,12.3,16191604,271360076.0
2018-03-06,12.33,12.36,12.12,12.17,12535377,209627460.0
2018-03-07,12.14,12.3,12.13,12.17,15277697,255372493.0
2018-03-08,12.25,12.47,12.24,12.38,20296251,344855347.0
2018-03-09,12.47,12.48,12.3,12.39,10022367,169712082.0
2018-03-12,12.43,12.44,12.12,12.2,23945862,401500220.0
2018-03-13,12.2,12.26,12.12,12.2,10944917,182885766.0
2018-03-14,12.18,12.24,12.13,12.2,10672401,178216760.0
2018-03-15,12.15,12.22,12.14,12.16,10741722,179160334.0
2018-03-16,12.13,12.25,12.12,12.16,11089664,184915571.0
2018-03-19,12.14,12.17,11.98,12.16,13566937,224407975.0
2018-03-20,12.09,12.21,12.08,12.18,9706050,161463245.0
2018-03-21,12.21,12.22,12.05,12.14,11080004,184072194.0
2018-03-22,12.12,12.13,11.97,12.06,15075351,248225505.0
2018-03-23,11.9,12.06,11.79,12.04,33462972,546436895.0
2018-03-26,11.95,12.07,11.91,11.95,21246110,348441395.0
2018-03-27,12.0,12.1,11.98,12.04,10206075,168246144.0
2018-03-28,11.98,12.07,11.77,11.82,19465503,317156215.0
2018-03-29,11.89,11.94,11.67,11.76,18864210,303942064.0
2018-03-30,11.76,11.87,11.64,11.7,21465187,344588381.0
2018-04-02,11.68,11.74,11.62,11.66,14314749,229049562.0
2018-04-03,11.63,11.66,11.55,11.59,13661400,216930183.0
2018-04-04,11.59,11.68,11.57,11.58,10198965,162194555.0
2018-04-09,11.6,11.76,11.56,11.71,15594169,249161891.0
2018-04-10,11.72,11.82,11.72,11.79,11963410,192991995.0
2018-04-11,11.79,11.87,11.75,11.85,9443246,152985022.0
2018-04-12,11.89,11.9,11.74,11.79,10647964,172292223.0
2018-04-13,11.82,11.83,11.63,11.64,11194171,179594729.0
2018-04-16,11.68,11.68,11.52,11.56,14035807,222960962.0
2018-04-17,11.57,11.79,11.57,11.68,12683653,203322280.0
2018-04-18,11.74,11.74,11.6,11.71,10721587,171535524.0
2018-04-19,11.74,11.77,11.62,11.65,10374769,166045677.0
2018-04-20,11.61,11.79,11.61,11.72,13052143,209674018.0
2018-04-23,11.68,11.82,11.68,11.79,10985246,177111467.0
2018-04-24,11.75,11.88,11.75,11.83,10422975,168826575.0
2018-04-25,11.83,11.87,11.66,11.68,11310638,181989338.0
2018-04-26,11.72,11.74,11.65,11.68,11697829,187175938.0
2018-04-27,11.71,11.79,11.67,11.76,13910532,223308013.0
2018-05-02,11.67,11.74,11.41,11.66,24575999,389940916.0
2018-05-03,11.58,11.68,11.53,11.67,13668940,217514040.0
2018-05-04,11.68,11.77,11.65,11.75,9815803,157407265.0
2018-05-07,11.75,11.82,11.71,11.78,12293352,198029889.0
2018-05-08,11.81,11.83,11.74,11.81,13101019,211430931.0
2018-05-09,11.81,11.85,11.79,11.82,8053046,130319658.0
2018-05-10,11.87,11.9,11.66,11.71,19414686,311876233.0
2018-05-11,11.74,11.8,11.68,11.78,13209483,212637326.0
2018-05-14,11.77,11.89,11.76,11.85,12572644,203666575.0
2018-05-15,11.88,12.17,11.84,12.15,21001141,346913904.0
2018-05-16,12.12,12.29,12.05,12.2,15244118,254601965.0
2018-05-17,12.18,12.28,12.1,12.2,10816822,180579915.0
2018-05-18,12.17,12.28,12.08,12.25,18275428,305739343.0
2018-05-21,12.27,12.33,12.07,12.17,12988922,216800567.0
2018-05-22,12.16,12.23,12.09,12.21,7911454,131798298.0
2018-05-23,12.2,12.21,12.12,12.15,8629347,143788647.0
2018-05-24,12.12,12.21,12.09,12.12,10393129,172742880.0
2018-05-25,12.13,12.45,12.09,12.32,20477210,344515018.0
2018-05-28,12.36,12.44,12.27,12.35,12162854,205966155.0
2018-05-29,12.31,12.41,12.28,12.4,16099983,271680399.0
2018-05-30,12.32,12.39,12.2,12.25,15663525,263602502.0
2018-05-31,12.21,12.58,12.21,12.49,32396758,552782527.0
2018-06-01,12.46,12.46,12.25,12.25,13313398,224663922.0
2018-06-04,12.34,12.39,12.22,12.31,9878857,166369388.0
2018-06-05,12.31,12.36,12.19,12.34,12153921,204606610.0
2018-06-06,12.37,12.59,12.32,12.56,16603485,284063076.0
2018-06-07,12.56,12.58,12.34,12.44,19675040,335130319.0
2018-06-08,12.39,12.47,12.28,12.41,18432366,312035762.0
2018-06-11,12.33,12.44,12.29,12.41,14371075,243582407.0
2018-06-12,12.38,12.59,12.36,12.52,21663129,371176599.0
2018-06-13,12.49,12.74,12.49,12.65,24301660,420693492.0
2018-06-14,12.62,13.04,12.6,12.81,30709120,540530822.0
2018-06-15,12.83,13.0,12.75,12.9,25128475,442501257.0
2018-06-19,12.84,12.99,12.74,12.92,48952933,863649055.0
2018-06-20,12.79,12.93,12.72,12.82,20060997,352086593.0
2018-06-21,12.85,12.93,12.82,12.89,20449646,360719222.0
2018-06-22,12.93,12.93,12.49,12.62,30268377,503815132.0
2018-06-25,12.6,12.62,12.46,12.5,21345191,352461552.0
2018-06-26,12.46,12.56,12.3,12.33,18978862,310260023.0
2018-06-27,12.34,12.46,12.21,12.32,19382744,314118842.0
2018-06-28,12.23,12.34,12.15,12.25,17096988,275616352.0
2018-06-29,12.25,12.3,12.21,12.26,13495715,217644205.0
2018-07-02,12.22,12.26,12.02,12.04,14357259,229185812.0
2018-07-03,12.11,12.14,11.73,12.05,21517010,338971828.0
2018-07-04,12.02,12.34,11.97,12.27,18098783,290794114.0
2018-07-05,12.19,12.43,12.14,12.41,30634218,496664188.0
2018-07-06,12.38,12.49,12.33,12.4,16588640,271452319.0
2018-07-09,12.46,12.52,12.34,12.39,11391081,186275017.0
2018-07-10,12.38,12.43,12.21,12.37,12604767,204528214.0
2018-07-11,12.27,12.3,12.15,12.24,8743238,140680098.0
2018-07-12,12.2,12.35,12.2,12.25,13233751,213880151.0
2018-07-13,12.3,12.3,12.14,12.21,12930195,207867759.0
2018-07-16,12.19,12.28,12.16,12.24,9601699,154543375.0
2018-07-17,12.19,12.27,12.12,12.18,10864615,174351164.0
2018-07-18,12.23,12.49,12.18,12.37,18237720,296659558.0
2018-07-19,12.44,12.67,12.4,12.63,17421915,288564868.0
2018-07-20,12.57,12.74,12.54,12.71,13680043,228001427.0
2018-07-23,12.68,12.81,12.57,12.72,12473401,208471139.0
2018-07-24,12.68,12.74,12.46,12.56,22969581,379823250.0
2018-07-25,12.53,12.57,12.34,12.41,17328610,283551052.0
2018-07-26,12.48,12.62,12.44,12.58,12653651,208766138.0
2018-07-27,12.62,12.63,12.45,12.47,8531894,140874134.0
2018-07-30,12.47,12.8,12.47,12.8,20110052,336811241.0
2018-07-31,12.8,12.88,12.74,12.79,11329167,191284883.0
2018-08-01,12.84,12.85,12.7,12.75,14045953,236372293.0
2018-08-02,12.68,12.93,12.48,12.62,26616882,447145636.0
2018-08-03,12.62,12.82,12.54,12.74,18884850,316497556.0
2018-08-06,12.8,12.83,12.44,12.46,21004088,350159375.0
2018-08-07,12.5,12.61,12.46,12.53,15356045,253180957.0
2018-08-08,12.54,12.6,12.32,12.33,18196080,298975417.0
2018-08-09,12.31,12.52,12.23,12.44,17543102,286918001.0
2018-08-10,12.42,12.53,12.37,12.42,8541905,140019573.0
2018-08-13,12.42,12.51,12.25,12.47,15302707,248728231.0
2018-08-14,12.5,12.5,12.24,12.39,16001387,259941290.0
2018-08-15,12.34,12.37,12.24,12.25,10138829,164217145.0
2018-08-16,12.19,12.34,12.08,12.24,14220635,228743577.0
2018-08-17,12.27,12.39,12.19,12.25,15388747,249268859.0
2018-08-20,12.31,12.65,12.27,12.65,25365991,417964186.0
2018-08-21,12.67,12.68,12.51,12.59,11132522,184426397.0
2018-08-22,12.55,12.56,12.37,12.46,12827353,209956226.0
2018-08-23,12.43,12.47,12.31,12.34,10440683,169931639.0
2018-08-24,12.33,12.38,12.17,12.31,10825323,175000570.0
2018-08-27,12.23,12.37,12.23,12.31,13180237,213609943.0
2018-08-28,12.33,12.44,12.31,12.37,10365643,168896920.0
2018-08-29,12.33,12.4,12.19,12.22,15200045,244833179.0
2018-08-30,12.24,12.29,12.21,12.21,9434411,151901979.0
2018-08-31,12.21,12.24,12.01,12.02,27842539,444199904.0
2018-09-03,12.02,12.21,12.02,12.12,16557791,264757584.0
2018-09-04,12.14,12.27,12.11,12.24,10468112,167974314.0
2018-09-05,12.2,12.24,12.05,12.07,9913272,158161374.0
2018-09-06,12.04,12.1,12.0,12.02,8224457,130306978.0
2018-09-07,12.04,12.08,11.91,11.92,10437300,164590522.0
2018-09-10,11.92,11.96,11.73,11.84,11306162,175815841.0
2018-09-11,11.84,11.96,11.73,11.75,9429066,146772976.0
2018-09-12,11.7,11.91,11.67,11.9,11861394,184166504.0
2018-09-13,11.93,12.02,11.87,11.98,10181885,160049422.0
2018-09-14,12.02,12.02,11.87,11.93,6424191,100930652.0
2018-09-17,11.91,12.01,11.86,11.94,9655242,151915105.0
2018-09-18,11.89,12.04,11.89,12.03,10323679,163090846.0
2018-09-19,12.05,12.11,11.94,12.05,11153010,176865300.0
2018-09-20,12.05,12.14,12.03,12.11,7540565,120158919.0
2018-09-21,12.14,12.33,12.08,12.33,13475008,216520332.0
2018-09-25,12.27,12.36,12.24,12.32,7594611,123174160.0
2018-09-26,12.29,12.42,12.24,12.29,13801604,224258847.0
2018-09-27,12.37,12.46,12.27,12.44,13788516,225276793.0
2018-09-28,12.46,12.49,12.4,12.44,11178894,183234173.0
2018-10-08,12.24,12.33,12.11,12.15,19924787,319772037.0
2018-10-09,12.08,12.21,12.02,12.06,14174097,226064485.0
2018-10-10,12.08,12.14,11.95,12.0,12177940,192676009.0
2018-10-11,11.92,12.03,11.64,11.67,34567993,538997948.0
2018-10-12,11.8,11.88,11.64,11.68,24772953,383732489.0
2018-10-15,11.73,11.95,11.7,11.7,19155067,298471160.0
2018-10-16,11.73,11.84,11.62,11.77,18416867,284695371.0
2018-10-17,11.84,12.11,11.83,12.01,24817379,391139860.0
2018-10-18,12.04,12.05,11.73,11.78,15897190,248392475.0
2018-10-19,11.77,12.08,11.7,12.02,26509976,415508551.0
2018-10-22,12.0,12.31,12.0,12.21,27311793,438992207.0
2018-10-23,12.15,12.21,11.96,11.96,20713355,327881112.0
2018-10-24,11.98,12.13,11.87,11.99,11787101,186721511.0
2018-10-25,11.91,12.05,11.77,12.01,16632689,261113654.0
2018-10-26,12.0,12.19,11.91,12.16,23451736,372456335.0
2018-10-29,12.23,12.31,11.82,11.85,24931940,395145394.0
2018-10-30,11.99,12.0,11.83,11.86,16218002,254510168.0
2018-10-31,11.89,11.92,11.8,11.86,18996778,296420223.0
2018-11-01,11.92,11.94,11.7,11.77,31082110,483826741.0
2018-11-02,11.82,11.87,11.66,11.86,51012560,789930295.0
2018-11-05,11.83,11.83,11.69,11.71,33873706,523917313.0
2018-11-06,11.7,11.7,11.38,11.48,37053163,561398261.0
2018-11-07,11.51,11.55,11.4,11.48,19483451,294252701.0
2018-11-08,11.56,11.58,11.43,11.53,15634281,236928599.0
2018-11-09,11.48,11.54,11.05,11.13,49490776,729926542.0
2018-11-12,11.08,11.19,11.0,11.1,28279708,414082603.0
2018-11-13,11.03,11.13,10.97,11.09,25346121,369207659.0
2018-11-14,11.09,11.26,10.92,10.96,34958846,509140619.0
2018-11-15,10.95,11.09,10.94,11.08,17338953,252115059.0
2018-11-16,11.11,11.12,10.98,11.12,19360790,282117640.0
2018-11-19,11.15,11.2,11.1,11.17,20091356,294930313.0
2018-11-20,11.13,11.16,10.98,10.98,15703118,227904363.0
2018-11-21,10.92,11.06,10.9,11.02,9031341,130857740.0
2018-11-22,11.06,11.07,10.94,10.97,9419448,136193737.0
2018-11-23,10.94,10.98,10.78,10.82,18387264,262902900.0
2018-11-26,10.9,11.02,10.83,10.99,16556310,238626473.0
2018-11-27,10.99,11.1,10.93,10.96,18583646,269730279.0
2018-11-28,11.01,11.04,10.87,10.94,12988095,186888112.0
2018-11-29,10.97,10.98,10.82,10.82,17878700,256277666.0
2018-11-30,10.82,11.11,10.81,10.9,23030093,332717057.0
2018-12-03,11.1,11.2,11.05,11.17,25580605,374818709.0
2018-12-04,11.17,11.23,11.12,11.17,10852845,159668772.0
2018-12-05,11.09,11.16,11.07,11.1,12933505,189097131.0
2018-12-06,11.01,11.07,10.73,10.8,31660500,452073059.0
2018-12-07,10.79,10.91,10.79,10.9,11095378,158591565.0
2018-12-10,10.79,10.93,10.79,10.91,16712498,239150532.0
2018-12-11,10.9,10.91,10.82,10.87,11499541,164326841.0
2018-12-12,10.96,11.15,10.94,11.13,25401274,369862780.0
2018-12-13,11.13,11.48,11.1,11.34,28686275,428646260.0
2018-12-14,11.32,11.51,11.29,11.36,19656913,295515847.0
2018-12-17,11.45,11.48,11.32,11.39,16287930,244459857.0
2018-12-18,11.34,11.58,11.34,11.48,23803445,360365792.0
2018-12-19,11.5,11.7,11.48,11.62,22685532,347126806.0
2018-12-20,11.61,11.67,11.36,11.52,20802744,314880477.0
2018-12-21,11.5,11.68,11.46,11.68,25192220,384631361.0
2018-12-24,11.55,11.64,11.4,11.53,16484357,249284991.0
2018-12-25,11.45,11.65,11.45,11.62,12987994,197304914.0
2018-12-26,11.61,11.83,11.57,11.79,17352632,268463652.0
2018-12-27,11.73,11.95,11.67,11.83,21594328,336730360.0
2018-12-28,11.85,12.06,11.83,12.06,25395639,400293317.0
2019-01-02,11.99,12.0,11.48,11.71,30533408,467205842.0
2019-01-03,11.61,11.83,11.6,11.83,15828971,244273877.0
2019-01-04,11.81,11.81,11.51,11.64,24112734,369454172.0
2019-01-07,11.69,11.72,11.51,11.58,19511427,297628905.0
2019-01-08,11.54,11.86,11.54,11.82,20029889,308659635.0
2019-01-09,11.89,11.96,11.75,11.76,12544216,195552061.0
2019-01-10,11.71,11.8,11.58,11.64,13879226,212924463.0
2019-01-11,11.64,11.71,11.56,11.69,9200273,140977726.0
2019-01-14,11.66,11.71,11.54,11.6,11661736,178286132.0
2019-01-15,11.61,11.7,11.56,11.7,6405914,98265575.0
2019-01-16,11.7,11.83,11.64,11.79,10255328,158459847.0
2019-01-17,11.82,11.82,11.69,11.73,8250736,127573975.0
2019-01-18,11.82,11.99,11.77,11.96,17360519,272067831.0
2019-01-21,11.92,12.02,11.92,12.02,8692363,137083604.0
2019-01-22,12.04,12.07,11.96,12.01,10203280,161487060.0
2019-01-23,12.0,12.13,11.99,12.12,9663368,153527848.0
2019-01-24,12.13,12.18,12.02,12.11,11391825,181776697.0
2019-01-25,12.15,12.2,12.08,12.08,8404866,134117614.0
2019-01-28,12.12,12.21,11.99,12.08,15770246,250587338.0
2019-01-29,12.05,12.37,12.03,12.3,16177610,260628835.0
2019-01-30,12.37,12.37,12.21,12.3,9277458,150189614.0
2019-01-31,12.4,12.48,12.32,12.48,15735763,257298355.0
2019-02-01,12.51,12.53,12.38,12.42,9404449,154028101.0
2019-02-11,12.31,12.47,12.31,12.39,13485206,220536175.0
2019-02-12,12.42,12.45,12.29,12.41,18864692,307305554.0
2019-02-13,12.43,12.49,12.27,12.45,24561986,399693159.0
2019-02-14,12.4,12.47,12.35,12.4,16330470,266766677.0
2019-02-15,12.39,12.43,12.33,12.38,12293507,200272303.0
2019-02-18,12.43,12.44,12.3,12.41,28236985,459580193.0
2019-02-19,12.38,12.4,12.27,12.34,26642173,432019302.0
2019-02-20,12.36,12.36,12.27,12.33,11226119,182015214.0
2019-02-21,12.33,12.38,12.21,12.23,17472576,283047934.0
2019-02-22,12.23,12.3,12.11,12.3,15926929,256473489.0
2019-02-25,12.3,12.44,12.2,12.44,48614667,787591824.0
2019-02-26,12.38,12.53,12.35,12.37,33460430,548282201.0
2019-02-27,12.39,12.44,12.29,12.32,26350880,428213047.0
2019-02-28,12.32,12.38,12.26,12.38,19789796,321039157.0
2019-03-01,12.38,12.4,12.24,12.36,20418173,331215875.0
2019-03-04,12.35,12.44,12.3,12.35,43383698,706018079.0
2019-03-05,12.36,12.44,12.33,12.38,30866581,503632487.0
2019-03-06,12.38,12.9,12.34,12.81,47203702,785521111.0
2019-03-07,12.82,12.85,12.55,12.68,31972476,533707647.0
2019-03-08,12.61,12.71,12.47,12.65,30344853,503176832.0
2019-03-11,12.59,12.65,12.43,12.51,27332997,450196184.0
2019-03-12,12.49,12.63,12.37,12.42,37772272,620838287.0
2019-03-13,12.39,12.42,12.15,12.18,39643313,640474482.0
2019-03-14,12.18,12.4,12.14,12.37,24527374,397118616.0
2019-03-15,12.32,12.46,12.28,12.37,17648323,287610172.0
2019-03-18,12.37,12.79,12.37,12.72,30143359,500900212.0
2019-03-19,12.71,13.01,12.68,12.87,22721190,383759973.0
2019-03-20,12.8,12.87,12.71,12.79,16861320,284153902.0
2019-03-21,12.84,12.92,12.75,12.79,19103811,322787957.0
2019-03-22,12.8,13.0,12.77,13.0,20561236,349953457.0
2019-03-25,12.93,13.06,12.78,12.85,21917057,372682902.0
2019-03-26,12.91,12.99,12.84,12.95,17911860,304696772.0
2019-03-27,12.93,12.98,12.7,12.73,15194420,256635455.0
2019-03-28,12.7,12.97,12.57,12.87,18805022,316265755.0
2019-03-29,12.84,12.86,12.67,12.81,31274495,526663210.0
2019-04-01,12.87,13.02,12.78,12.84,35969525,607940512.0
2019-04-02,12.85,12.86,12.75,12.85,22613440,381196528.0
2019-04-03,12.8,12.86,12.73,12.83,21899589,368722392.0
2019-04-04,12.81,12.82,12.71,12.76,22019954,370158927.0
2019-04-08,12.76,12.8,12.53,12.57,39491401,657521940.0
2019-04-09,12.57,12.65,12.48,12.56,28080537,465342971.0
2019-04-10,12.57,12.68,12.49,12.59,25684784,424588020.0
2019-04-11,12.61,12.75,12.6,12.72,25323329,423328968.0
2019-04-12,12.72,12.85,12.69,12.82,23002261,387662337.0
2019-04-15,12.9,12.9,12.61,12.62,30630056,513300979.0
2019-04-16,12.62,12.76,12.55,12.75,20805618,346970325.0
2019-04-17,12.76,12.81,12.71,12.75,16976458,285213592.0
2019-04-18,12.75,12.78,12.65,12.67,13141512,219550669.0
2019-04-19,12.7,12.75,12.64,12.74,10258860,171711992.0
2019-04-22,12.74,12.79,12.66,12.67,18093390,303382345.0
2019-04-23,12.74,12.78,12.68,12.75,15355483,257558390.0
2019-04-24,12.8,12.82,12.71,12.79,14257661,239570178.0
2019-04-25,12.79,12.81,12.69,12.72,16611969,278654945.0
2019-04-26,12.68,12.78,12.56,12.58,17896455,299265895.0
2019-04-29,12.63,12.82,12.59,12.75,16867787,283231777.0
2019-04-30,12.67,12.82,12.65,12.81,16592113,278886432.0
2019-05-06,12.68,12.84,12.59,12.84,32177273,537979166.0
2019-05-07,12.81,12.93,12.71,12.79,19077409,321784455.0
2019-05-08,12.75,12.8,12.52,12.55,25547131,423555746.0
2019-05-09,12.49,12.59,12.43,12.46,16056293,264161852.0
2019-05-10,12.46,12.59,12.43,12.56,14300192,235687849.0
2019-05-13,12.52,12.59,12.46,12.53,9005451,148523174.0
2019-05-14,12.44,12.59,12.39,12.46,30482706,500629790.0
2019-05-15,12.44,12.49,12.4,12.46,21012872,344292286.0
2019-05-16,12.44,12.62,12.41,12.62,20430370,336296008.0
2019-05-17,12.61,12.65,12.54,12.58,12953315,214686119.0
2019-05-20,12.6,12.8,12.44,12.54,23675346,392514786.0
2019-05-21,12.52,12.74,12.46,12.68,13114074,218503546.0
2019-05-22,12.68,12.87,12.61,12.82,19302724,324524452.0
2019-05-23,12.78,12.9,12.76,12.84,19012531,321776647.0
2019-05-24,12.9,12.98,12.84,12.91,18311994,311874538.0
2019-05-27,12.91,13.05,12.8,12.87,18530193,314675862.0
2019-05-28,12.87,13.12,12.81,13.07,49748842,850893777.0
2019-05-29,12.94,13.16,12.88,13.08,20968527,360926413.0
2019-05-30,13.13,13.46,13.07,13.46,33460576,586537845.0
2019-05-31,13.48,13.57,13.36,13.45,21923281,388667751.0
2019-06-03,13.45,13.57,13.3,13.41,21303021,376871754.0
2019-06-04,13.44,13.47,13.28,13.37,20099718,353405301.0
2019-06-05,13.45,13.47,13.3,13.31,12065394,212548294.0
2019-06-06,13.37,13.44,13.3,13.31,15260080,268388938.0
2019-06-10,13.41,13.9,13.36,13.63,22887704,411294141.0
2019-06-11,13.68,13.81,13.62,13.67,21706223,391180292.0
2019-06-12,13.67,13.67,13.5,13.6,14615128,261277487.0
2019-06-13,13.6,13.61,13.39,13.42,19802704,350988901.0
2019-06-14,13.47,13.5,13.19,13.29,26880550,470686048.0
2019-06-17,13.31,13.43,13.26,13.36,15626527,274457172.0
2019-06-18,13.41,13.46,13.34,13.44,10900026,192404052.0
2019-06-19,13.57,13.59,13.43,13.5,16158374,287404280.0
2019-06-20,13.51,13.75,13.46,13.66,21113068,378343765.0
2019-06-21,13.67,13.69,13.38,13.39,26658994,473358303.0
2019-06-24,13.39,13.46,13.31,13.35,20474990,359984986.0
2019-06-25,13.38,13.47,13.31,13.41,23501428,414958926.0
2019-06-26,13.4,13.57,13.37,13.54,15755042,279850572.0
2019-06-27,13.57,13.6,13.47,13.53,16488781,293645120.0
2019-06-28,13.53,13.66,13.44,13.6,12315569,219654533.0
2019-07-01,13.66,13.67,13.5,13.53,28004889,500215062.0
2019-07-02,13.53,13.59,13.48,13.55,28454641,507416983.0
2019-07-03,13.55,13.93,13.5,13.87,31755520,573066862.0
2019-07-04,13.85,13.98,13.79,13.88,17737335,324469813.0
2019-07-05,13.91,13.98,13.79,13.95,14742754,269741758.0
2019-07-08,13.86,13.92,13.54,13.76,22971903,414266530.0
2019-07-09,13.79,13.79,13.52,13.55,15850150,283303385.0
2019-07-10,13.6,13.69,13.49,13.67,11823531,211659152.0
2019-07-11,13.74,13.88,13.69,13.86,16203751,294585203.0
2019-07-12,13.85,13.92,13.76,13.83,15276077,278873407.0
2019-07-15,13.88,13.92,13.6,13.82,16257687,294518039.0
2019-07-16,13.85,13.92,13.69,13.76,12779412,232310573.0
2019-07-17,13.79,13.81,13.67,13.74,15412599,278652731.0
2019-07-18,13.8,14.16,13.66,13.98,30017980,530226944.0
2019-07-19,14.01,14.17,13.98,14.17,17798660,318626306.0
2019-07-22,14.21,14.36,14.1,14.36,23515194,425122274.0
2019-07-23,14.32,14.44,14.21,14.36,13451810,244445672.0
2019-07-24,14.42,14.43,14.3,14.35,11687531,212377503.0
2019-07-25,14.21,14.39,14.17,14.38,12691292,229501135.0
2019-07-26,14.3,14.65,14.3,14.6,17987101,330918277.0
2019-07-29,14.62,14.96,14.62,14.84,21169836,398369135.0
2019-07-30,14.84,14.96,14.77,14.79,11654533,219135220.0
2019-07-31,14.72,14.79,14.68,14.77,14279706,266344947.0
2019-08-01,14.69,14.93,14.68,14.81,14884713,279651304.0
2019-08-02,14.69,14.88,14.49,14.83,15471504,287308154.0
2019-08-05,14.67,14.76,14.36,14.4,25033886,460004786.0
2019-08-06,14.21,14.66,14.13,14.47,22711299,415571715.0
2019-08-07,14.5,14.69,14.43,14.47,16291897,300424751.0
2019-08-08,14.58,15.01,14.51,14.93,25626887,481335819.0
2019-08-09,14.89,14.95,14.75,14.88,15484426,291365605.0
2019-08-12,14.8,14.92,14.69,14.81,16703374,313381832.0
2019-08-13,14.81,14.81,14.62,14.78,16077522,299854999.0
2019-08-14,14.8,14.94,14.73,14.85,15742688,295640339.0
2019-08-15,14.74,14.88,14.67,14.87,16077085,301175503.0
2019-08-16,14.88,15.03,14.76,15.03,18919584,357366340.0
2019-08-19,15.05,15.51,14.95,15.41,26004110,505452593.0
2019-08-20,15.31,15.45,14.88,14.92,30603600,588258677.0
2019-08-21,14.96,15.06,14.78,14.81,22781197,429329310.0
2019-08-22,14.92,14.92,14.65,14.84,21503377,402648081.0
2019-08-23,14.84,14.96,14.76,14.92,24389792,460135231.0
2019-08-26,14.9,15.08,14.69,14.88,24266796,457080675.0
2019-08-27,14.96,15.29,14.88,15.14,57422784,1099389049.0
2019-08-28,15.15,15.17,14.96,15.03,24580958,468477503.0
2019-08-29,15.03,15.06,14.74,14.82,23133723,435082666.0
2019-08-30,14.9,14.91,14.66,14.69,16410637,306692279.0
2019-09-02,14.65,14.73,14.48,14.51,32398900,597756895.0
2019-09-03,14.49,14.78,14.49,14.71,23359006,434009558.0
2019-09-04,14.74,14.8,14.47,14.62,23752174,438580679.0
2019-09-05,14.6,14.71,14.48,14.58,35314284,652268740.0
2019-09-06,14.59,14.68,14.51,14.68,17095253,316177147.0
2019-09-09,14.73,14.73,14.58,14.63,25970815,480933794.0
2019-09-10,14.66,14.73,14.54,14.73,20560983,382195294.0
2019-09-11,14.73,14.73,14.62,14.72,21286760,395487407.0
2019-09-12,14.73,14.88,14.66,14.88,23380537,438677034.0
2019-09-16,14.88,15.02,14.8,14.99,19622267,371537052.0
2019-09-17,14.99,15.01,14.56,14.61,27394812,512576413.0
2019-09-18,14.63,14.89,14.58,14.83,15177420,284358079.0
2019-09-19,14.83,14.87,14.62,14.72,12668376,236500292.0
2019-09-20,14.79,14.89,14.64,14.89,26269777,492421858.0
2019-09-23,14.83,14.84,14.65,14.77,13952932,259868996.0
2019-09-24,14.76,14.99,14.67,14.98,22065123,415699890.0
2019-09-25,14.98,14.98,14.53,14.55,34868710,650058088.0
2019-09-26,14.66,14.71,14.47,14.54,26200669,484456086.0
2019-09-27,14.54,14.58,14.21,14.36,20640605,375022068.0
2019-09-30,14.32,14.54,14.31,14.39,16455093,300596631.0
2019-10-08,14.36,14.73,14.32,14.66,25516090,471526081.0
2019-10-09,14.62,14.69,14.54,14.58,12411153,229565443.0
2019-10-10,14.55,14.55,14.28,14.4,29766572,541520149.0
2019-10-11,14.4,14.55,14.32,14.5,20313115,371588165.0
2019-10-14,14.51,14.57,14.33,14.39,34011727,621220692.0
2019-10-15,14.4,14.4,14.11,14.13,37767170,680854490.0
2019-10-16,14.12,14.23,13.97,14.06,21275365,379303706.0
2019-10-17,14.08,14.19,14.01,14.1,13811511,246328356.0
2019-10-18,14.1,14.15,13.83,13.99,30118440,532561213.0
2019-10-21,13.91,13.99,13.74,13.75,23943631,419725510.0
2019-10-22,13.82,13.91,13.64,13.91,18831054,328521747.0
2019-10-23,13.89,14.02,13.87,14.02,16691394,295251906.0
2019-10-24,14.04,14.12,13.95,14.02,13319645,236902500.0
2019-10-25,14.05,14.05,13.8,14.04,19551103,344501104.0
2019-10-28,14.01,14.16,13.96,13.99,13653117,242803520.0
2019-10-29,14.01,14.01,13.76,13.81,15384153,269746289.0
2019-10-30,13.81,13.98,13.79,13.88,14412776,253750265.0
2019-10-31,13.94,14.1,13.89,14.1,17666332,313643507.0
2019-11-01,14.1,14.14,14.0,14.11,16187516,288682173.0
2019-11-04,14.16,14.25,14.12,14.21,14090988,253204193.0
2019-11-05,14.23,14.34,14.14,14.27,17251768,311461549.0
2019-11-06,14.31,14.31,14.22,14.26,10905112,197211309.0
2019-11-07,14.22,14.25,14.02,14.06,15754624,281964923.0
2019-11-08,14.11,14.25,14.04,14.21,17452345,313245912.0
2019-11-11,14.17,14.26,14.1,14.21,17068764,306954508.0
2019-11-12,14.23,14.33,14.18,14.28,12934751,233749951.0
2019-11-13,14.25,14.3,14.13,14.2,11572213,208251052.0
2019-11-14,14.25,14.28,14.05,14.06,12913872,231249248.0
2019-11-15,14.12,14.27,14.03,14.17,16776182,301585051.0
2019-11-18,14.17,14.28,14.09,14.26,10549931,189810612.0
2019-11-19,14.22,14.33,14.21,14.26,11089475,200623176.0
2019-11-20,14.24,14.4,14.22,14.3,15125775,274635743.0
2019-11-21,14.26,14.34,14.17,14.21,14043271,253360971.0
2019-11-22,14.15,14.2,14.05,14.13,19060250,341092611.0
2019-11-25,14.13,14.36,14.11,14.32,16863823,305094430.0
2019-11-26,14.36,14.51,14.21,14.5,51867690,947044135.0
2019-11-27,14.38,14.38,14.21,14.28,16784828,303707064.0
2019-11-28,14.26,14.32,14.23,14.3,9960861,180270258.0
2019-11-29,14.26,14.32,14.16,14.31,12602173,227597693.0
2019-12-02,14.21,14.34,14.12,14.16,16158711,290947023.0
2019-12-03,14.19,14.21,14.13,14.17,9856954,176988917.0
2019-12-04,14.24,14.24,14.07,14.16,10437335,186975221.0
2019-12-05,14.15,14.18,14.05,14.07,17320889,309309062.0
2019-12-06,14.13,14.13,13.94,14.07,19479464,346023129.0
2019-12-09,14.08,14.16,13.99,14.14,12312428,219363200.0
2019-12-10,14.12,14.17,14.05,14.08,12162051,217303723.0
2019-12-11,14.13,14.21,14.07,14.21,15480393,277346274.0
2019-12-12,14.26,14.56,14.23,14.54,27769360,507616453.0
2019-12-13,14.58,14.84,14.5,14.61,44525015,829152798.0
2019-12-16,14.63,14.92,14.62,14.86,28193096,529936912.0
2019-12-17,14.85,14.91,14.74,14.81,18947370,355427239.0
2019-12-18,14.84,14.84,14.46,14.52,26588192,491693502.0
2019-12-19,14.52,14.62,14.43,14.53,15406554,283419137.0
2019-12-20,14.47,14.55,14.4,14.43,15737711,288201499.0
2019-12-23,14.5,14.51,14.3,14.41,12523204,228509035.0
2019-12-24,14.4,14.4,14.3,14.36,9272917,168507961.0
2019-12-25,14.38,14.38,14.22,14.27,11489882,207869408.0
2019-12-26,14.13,14.38,14.13,14.35,13508398,244553752.0
2019-12-27,14.3,14.37,14.28,14.36,15405803,279724403.0
2019-12-30,14.32,14.57,14.29,14.5,19115762,349515295.0
2019-12-31,14.52,14.54,14.41,14.51,12076986,221271513.0
2020-01-02,14.57,14.68,14.51,14.58,19128492,353770322.0
2020-01-03,14.6,14.72,14.56,14.66,15438377,286562117.0
2020-01-06,14.63,14.69,14.25,14.36,41550582,757921841.0
2020-01-07,14.38,14.41,14.28,14.36,23210668,421457432.0
2020-01-08,14.27,14.34,14.2,14.25,26440991,476879600.0
2020-01-09,14.3,14.31,14.18,14.28,22783272,410739697.0
2020-01-10,14.26,14.3,14.19,14.21,21789472,392420935.0
2020-01-13,14.24,14.32,14.2,14.26,22600048,407709430.0
2020-01-14,14.29,14.37,14.25,14.35,24428843,443161695.0
2020-01-15,14.32,14.38,14.19,14.21,21077296,380964670.0
2020-01-16,14.22,14.27,14.17,14.22,14824270,266911505.0
2020-01-17,14.13,14.21,13.96,14.0,38758259,688835469.0
2020-01-20,14.04,14.16,13.91,14.1,24809048,441190182.0
2020-01-21,14.02,14.1,13.98,14.04,16378934,291027072.0
2020-01-22,14.03,14.03,13.82,13.89,23808493,419236233.0
2020-01-23,13.8,13.87,13.49,13.53,35236838,611103970.0
2020-02-03,12.94,13.55,12.64,13.52,71860611,1204779054.0
2020-02-04,13.41,14.05,13.32,13.66,31544099,546552865.0
2020-02-05,13.62,13.77,13.53,13.66,23123122,399598997.0
2020-02-06,13.77,13.77,13.6,13.76,19288954,334597543.0
2020-02-07,13.57,14.17,13.57,14.12,23702762,417417116.0
2020-02-10,13.95,14.07,13.88,13.91,15774796,278841675.0
2020-02-11,13.94,14.07,13.87,13.89,13079044,231213180.0
2020-02-12,13.87,13.88,13.72,13.87,15671592,273942278.0
2020-02-13,13.82,13.92,13.77,13.89,12350031,216722523.0
2020-02-14,13.83,13.92,13.78,13.91,9857564,173155130.0
2020-02-17,13.89,13.98,13.85,13.96,14494830,255799598.0
2020-02-18,13.91,13.95,13.82,13.83,12598724,221489390.0
2020-02-19,13.82,13.88,13.78,13.83,13894298,243225363.0
2020-02-20,13.81,13.94,13.77,13.91,14517585,254753101.0
2020-02-21,13.86,13.9,13.77,13.83,18204342,318976991.0
2020-02-24,13.8,13.83,13.72,13.74,17173530,299429208.0
2020-02-25,13.68,13.78,13.56,13.56,19210566,331920840.0
2020-02-26,13.46,13.53,13.41,13.42,32040301,546935808.0
2020-02-27,13.42,13.61,13.38,13.6,18545172,318034810.0
2020-02-28,13.48,13.61,13.34,13.44,27402279,467105945.0
2020-03-02,13.46,13.74,13.46,13.62,29042657,502793093.0
2020-03-03,13.67,13.95,13.67,13.87,23409959,410037190.0
2020-03-04,13.93,14.01,13.84,13.88,24047129,424131217.0
2020-03-05,13.92,14.01,13.87,13.98,26793047,473604140.0
2020-03-06,13.89,13.98,13.76,13.8,20378053,357191719.0
2020-03-09,13.57,13.91,13.43,13.77,36880969,638503906.0
2020-03-10,13.63,14.02,13.63,13.92,42178924,743701852.0
2020-03-11,14.02,14.03,13.83,13.88,17664235,311176861.0
2020-03-12,13.82,13.88,13.66,13.77,24377800,425631021.0
2020-03-13,13.46,13.65,13.38,13.42,46350510,790908999.0
2020-03-16,13.47,13.53,13.32,13.35,32306636,549543352.0
2020-03-17,13.31,13.61,13.31,13.36,35655016,608143555.0
2020-03-18,13.32,13.41,13.18,13.2,39957888,673846066.0
2020-03-19,13.14,13.24,12.78,12.91,37504843,614925413.0
2020-03-20,13.04,13.19,12.86,13.01,25714034,423399258.0
2020-03-23,12.76,13.14,12.67,13.04,23149127,381578652.0
2020-03-24,13.13,13.41,13.1,13.35,39793537,672333067.0
2020-03-25,13.5,13.53,13.29,13.44,25514128,433878663.0
2020-03-26,13.33,13.42,13.2,13.28,22871426,384597099.0
2020-03-27,13.34,13.39,13.24,13.35,19258533,324981137.0
2020-03-30,13.31,13.5,13.25,13.5,21155104,359224814.0
2020-03-31,13.5,13.71,13.47,13.65,14925355,257923557.0
2020-04-01,13.65,13.69,13.38,13.44,15777981,269929010.0
2020-04-02,13.38,13.7,13.38,13.62,10826519,186250121.0
2020-04-03,13.62,13.68,13.51,13.59,9093944,156552736.0
2020-04-07,13.76,13.76,13.58,13.61,12646615,218913553.0
2020-04-08,13.61,13.63,13.43,13.58,13834081,237241639.0
2020-04-09,13.58,13.58,13.43,13.46,7143370,122088484.0
2020-04-10,13.46,13.51,13.42,13.46,12450939,212410655.0
2020-04-13,13.42,13.52,13.42,13.5,7554491,128883315.0
2020-04-14,13.55,13.63,13.49,13.6,15833357,271919524.0
2020-04-15,13.56,13.67,13.45,13.47,10667206,182894055.0
2020-04-16,13.43,13.6,13.43,13.53,10597496,181431738.0
2020-04-17,13.53,13.56,13.46,13.51,15844150,270879925.0
2020-04-20,13.5,13.53,13.42,13.42,15790009,269024911.0
2020-04-21,13.39,13.5,13.38,13.49,11237909,191375853.0
2020-04-22,13.48,13.59,13.43,13.59,12213824,209633271.0
2020-04-23,13.65,13.72,13.55,13.65,15129946,261579065.0
2020-04-24,13.65,13.85,13.63,13.83,13959846,243745234.0
2020-04-27,13.87,14.16,13.86,13.9,17453354,309629065.0
2020-04-28,13.88,14.1,13.78,14.01,14354178,253825987.0
2020-04-29,14.03,14.04,13.72,13.9,10922115,191651259.0
2020-04-30,13.81,13.93,13.72,13.77,16404315,286979495.0
2020-05-06,13.66,13.81,13.54,13.61,25305238,436425773.0
2020-05-07,13.56,13.56,13.42,13.44,31859442,542687563.0
2020-05-08,13.5,13.55,13.46,13.49,16272496,278424599.0
2020-05-11,13.51,13.6,13.46,13.54,19485934,334358057.0
2020-05-12,13.6,13.69,13.54,13.59,16408449,282727244.0
2020-05-13,13.58,13.61,13.49,13.56,14783972,254033784.0
2020-05-14,13.62,13.62,13.47,13.53,13664117,234065427.0
2020-05-15,13.53,13.56,13.48,13.54,14899432,255213495.0
2020-05-18,13.5,13.52,13.41,13.45,17083155,291436460.0
2020-05-19,13.52,13.52,13.43,13.43,16911153,288305204.0
2020-05-20,13.44,13.46,13.41,13.45,15499009,263716360.0
2020-05-21,13.47,13.48,13.38,13.43,17408396,296217843.0
2020-05-22,13.4,13.42,13.23,13.23,20304126,342636197.0
2020-05-25,13.36,13.49,13.18,13.47,16468327,279434556.0
2020-05-26,13.55,13.56,13.4,13.46,16366072,278841236.0
2020-05-27,13.42,13.46,13.38,13.4,13344837,226861653.0
2020-05-28,13.5,13.77,13.48,13.77,33264493,575707326.0
2020-05-29,13.77,13.77,13.59,13.72,27617430,478044940.0
2020-06-01,13.76,14.14,13.73,14.05,35636033,631372191.0
2020-06-02,13.97,14.21,13.92,14.21,26802222,477731436.0
2020-06-03,14.25,14.43,14.17,14.33,23115908,419732585.0
2020-06-04,14.33,14.38,14.05,14.05,21446062,384633406.0
2020-06-05,14.12,14.17,13.94,14.01,14609741,259506531.0
2020-06-08,14.05,14.25,13.84,14.12,24252763,430814866.0
2020-06-09,14.09,14.26,14.02,14.22,14341134,257627180.0
2020-06-10,14.24,14.24,14.02,14.1,15471059,276804780.0
2020-06-11,14.11,14.15,13.89,13.89,16938731,300095617.0
2020-06-12,13.61,13.87,13.57,13.83,28964813,504748262.0
2020-06-15,13.69,13.76,13.59,13.6,18774946,325104795.0
2020-06-16,13.72,13.98,13.7,13.92,15780638,277195211.0
2020-06-17,13.88,14.29,13.83,14.14,24628444,440551375.0
2020-06-18,14.16,14.44,14.16,14.36,22714582,413255593.0
2020-06-19,14.41,14.52,14.27,14.34,26659884,485691320.0
2020-06-22,14.4,14.49,14.21,14.37,17608368,320894920.0
2020-06-23,14.26,14.92,14.12,14.8,35929713,666761747.0
2020-06-24,14.92,15.35,14.92,15.07,31514677,605084501.0
2020-06-29,15.06,15.22,14.95,14.98,23172359,441421885.0
2020-06-30,15.07,15.24,14.91,14.95,20943431,399355767.0
2020-07-01,15.03,15.35,14.92,15.35,23263361,445764241.0
2020-07-02,15.33,15.38,15.04,15.11,37449143,719134679.0
2020-07-03,15.11,15.24,14.92,15.07,30354461,578963247.0
2020-07-06,15.11,15.44,15.1,15.24,45461251,882185709.0
2020-07-07,15.35,15.53,15.25,15.25,48896406,952891315.0
2020-07-08,15.26,15.39,15.11,15.14,34453713,664800508.0
2020-07-09,15.15,15.22,14.92,15.02,37718983,717971670.0
2020-07-10,15.02,15.26,14.9,14.91,35662426,680407526.0
2020-07-13,14.99,15.29,14.99,15.12,38983454,747944786.0
2020-07-14,15.07,15.51,15.07,15.32,50222078,971444478.0
2020-07-15,15.39,15.78,15.33,15.75,49864886,988302452.0
2020-07-16,15.78,15.78,15.09,15.1,54179778,1051765083.0
2020-07-17,15.15,15.34,15.07,15.23,30812474,572105278.0
2020-07-20,15.22,15.38,15.07,15.25,37164043,691938575.0
2020-07-21,15.3,15.51,15.22,15.28,31920722,596831281.0
2020-07-22,15.23,15.45,15.07,15.28,31740082,592736276.0
2020-07-23,15.16,15.34,15.12,15.27,22894996,425938356.0
2020-07-24,15.21,15.27,14.75,14.89,35287281,646851762.0
2020-07-27,14.98,15.2,14.91,15.16,22644097,416736493.0
2020-07-28,15.22,15.42,15.14,15.27,18751576,350020336.0
2020-07-29,15.19,15.25,14.93,15.2,17578816,325074357.0
2020-07-30,15.2,15.33,14.93,15.0,23398314,430679286.0
2020-07-31,15.1,15.25,14.92,15.03,22591310,416914965.0
2020-08-03,15.0,15.2,14.93,15.0,24453322,448836804.0
2020-08-04,15.06,15.07,14.95,15.02,22932052,420886367.0
2020-08-05,15.02,15.09,14.82,14.87,16104170,293173672.0
2020-08-06,14.89,14.92,14.77,14.79,17398451,314831970.0
2020-08-07,14.84,14.86,14.73,14.79,16762567,302787762.0
2020-08-10,14.81,14.92,14.72,14.78,18684562,338262174.0
2020-08-11,14.84,14.86,14.72,14.79,23022136,415690479.0
2020-08-12,14.74,14.79,14.57,14.75,23410031,420262528.0
2020-08-13,14.75,14.86,14.67,14.75,20007179,360904966.0
2020-08-14,14.81,14.91,14.75,14.9,22803992,413543942.0
2020-08-17,14.98,15.07,14.96,15.03,25113577,461278764.0
2020-08-18,15.04,15.07,14.9,14.93,15758837,288878628.0
2020-08-19,14.97,15.35,14.84,15.16,33466139,619323788.0
2020-08-20,15.15,15.53,15.0,15.53,51829187,972890406.0
2020-08-21,15.63,15.73,15.38,15.54,34279594,652690147.0
2020-08-24,15.54,15.67,15.3,15.47,23161144,436548498.0
2020-08-25,15.42,15.48,15.15,15.18,23162001,432180805.0
2020-08-26,15.29,15.39,15.19,15.32,22500603,420845207.0
2020-08-27,15.39,15.39,15.18,15.28,13996844,261271295.0
2020-08-28,15.3,15.57,15.2,15.54,22526529,425637967.0
2020-08-31,15.51,16.01,15.47,15.79,33687575,652342038.0
2020-09-01,15.79,16.0,15.68,15.98,21978518,426370514.0
2020-09-02,16.04,16.17,15.79,16.08,27213336,533390901.0
2020-09-03,16.16,16.66,16.13,16.38,37817305,760179235.0
2020-09-04,16.28,16.59,16.21,16.37,22773356,455929403.0
2020-09-07,16.36,16.77,16.3,16.43,35390961,716012971.0
2020-09-08,16.54,16.73,16.37,16.37,28269108,570167396.0
2020-09-09,16.28,16.52,16.13,16.36,22893141,457725093.0
2020-09-10,16.34,16.52,16.16,16.42,24355097,487020788.0
2020-09-11,16.37,16.73,16.33,16.66,29648233,600596379.0
2020-09-14,16.69,17.17,16.55,17.1,33140236,686414633.0
2020-09-15,17.18,17.18,16.78,16.85,26966260,556931726.0
2020-09-16,16.94,16.99,16.68,16.86,20250734,416788148.0
2020-09-17,16.86,16.98,16.64,16.71,15724740,321494075.0
2020-09-18,16.87,17.04,16.73,16.95,25885267,534018610.0
2020-09-21,16.86,16.94,16.62,16.63,20830388,425514719.0
2020-09-22,16.63,16.8,16.39,16.41,26062193,528692854.0
2020-09-23,16.54,16.58,16.36,16.37,26953488,541688371.0
2020-09-24,16.23,16.23,15.82,15.87,54987007,1075237677.0
2020-09-25,15.96,15.96,15.24,15.43,76887414,1450554876.0
2020-09-28,15.47,15.78,15.4,15.59,56440782,1074571235.0
2020-09-29,15.7,15.74,15.48,15.58,37740519,719566389.0
2020-09-30,15.64,15.69,15.47,15.65,27013654,514379005.0
2020-10-09,15.67,15.74,15.47,15.51,32284542,614777009.0
2020-10-12,15.41,15.87,15.4,15.75,44437934,851015979.0
2020-10-13,15.75,15.9,15.53,15.82,17099831,328263736.0
2020-10-14,15.83,15.87,15.61,15.65,29041545,557534570.0
2020-10-15,15.6,15.68,15.38,15.57,33201437,629756523.0
2020-10-16,15.57,15.66,15.47,15.47,24393287,463339288.0
2020-10-19,15.53,15.64,15.38,15.4,26737170,505899634.0
2020-10-20,15.38,15.46,15.35,15.42,18628842,350820676.0
2020-10-21,15.4,15.59,15.3,15.55,24895246,470301793.0
2020-10-22,15.55,15.6,15.41,15.55,21483131,407163734.0
2020-10-23,15.55,15.55,15.33,15.33,16603901,312408997.0
2020-10-26,15.31,15.57,15.3,15.54,15553629,293856698.0
2020-10-27,15.47,15.71,15.43,15.62,23753433,452210202.0
2020-10-28,15.62,15.78,15.6,15.65,24608450,471658497.0
2020-10-29,15.53,15.62,15.42,15.47,20243843,383600588.0
2020-10-30,15.47,15.68,15.47,15.51,23855636,454238113.0
2020-11-02,15.58,16.24,15.58,16.19,56606293,1108540970.0
2020-11-03,16.28,16.5,16.14,16.37,35107845,701900832.0
2020-11-04,16.28,16.41,16.14,16.32,22494322,447328303.0
2020-11-05,16.37,16.77,16.31,16.65,28630928,581040228.0
2020-11-06,16.6,16.71,16.41,16.66,20149454,407971531.0
2020-11-09,16.55,16.82,16.47,16.66,26274804,533947491.0
2020-11-10,16.57,16.91,16.41,16.55,32449595,656780726.0
2020-11-11,16.55,16.96,16.4,16.81,32962102,676117884.0
2020-11-12,16.93,17.04,16.71,16.86,30257624,623226015.0
2020-11-13,16.87,16.87,16.5,16.66,26749588,543991358.0
2020-11-16,16.74,16.77,16.27,16.35,34346706,689469703.0
2020-11-17,16.37,16.37,15.94,16.0,39550723,777909462.0
2020-11-18,16.0,16.32,15.96,16.18,33951140,671184932.0
2020-11-19,16.24,16.33,16.08,16.23,24802005,492611535.0
2020-11-20,16.27,16.28,16.05,16.21,26249519,518618065.0
2020-11-23,16.27,16.32,16.05,16.28,26988980,535187356.0
2020-11-24,16.21,16.3,16.11,16.13,20574027,406720503.0
2020-11-25,16.15,16.19,15.92,15.92,25165075,493225605.0
2020-11-26,15.96,16.57,15.93,16.55,48835159,971436914.0
2020-11-27,16.49,16.62,16.26,16.62,28095563,565072795.0
2020-11-30,16.54,16.94,16.42,16.46,44332912,900066350.0
2020-12-01,16.48,16.68,16.38,16.61,28801981,581562106.0
2020-12-02,16.75,16.75,16.49,16.53,22263373,451344079.0
2020-12-03,16.53,16.59,16.41,16.56,16141358,325280050.0
2020-12-04,16.56,16.59,16.35,16.46,23919151,480614335.0
2020-12-07,16.41,16.46,16.19,16.2,20664207,410200513.0
2020-12-08,16.28,16.28,16.13,16.23,15628928,309984926.0
2020-12-09,16.23,16.49,16.22,16.44,21621771,433248874.0
2020-12-10,16.35,16.45,16.28,16.32,19335150,386019842.0
2020-12-11,16.37,16.61,16.1,16.37,36804495,735592990.0
2020-12-14,16.34,16.39,16.18,16.18,25462431,505354303.0
2020-12-15,16.12,16.2,15.96,15.98,27371849,536312203.0
2020-12-16,16.04,16.24,16.0,16.17,23667993,466567262.0
2020-12-17,16.2,16.45,16.06,16.22,39596175,786764511.0
2020-12-18,16.29,16.38,16.1,16.16,33052905,655356423.0
2020-12-21,16.18,16.23,15.97,16.02,38493686,755509638.0
2020-12-22,16.04,16.05,15.65,15.67,39091915,756197774.0
2020-12-23,15.7,15.73,15.47,15.59,34774279,661512020.0
2020-12-24,15.62,15.67,15.47,15.53,19792380,375708931.0
2020-12-25,15.48,15.93,15.48,15.81,26097835,503631326.0
2020-12-28,15.88,15.94,15.58,15.65,32232480,619374935.0
2020-12-29,15.71,15.74,15.48,15.53,25488052,485212988.0
2020-12-30,15.54,15.69,15.47,15.57,35889131,683185199.0
2020-12-31,15.61,15.71,15.48,15.68,32605128,622071240.0
2021-01-04,15.64,15.65,15.39,15.47,55780608,1055731664.0
2021-01-05,15.42,15.47,15.31,15.46,48757746,914606873.0
2021-01-06,15.37,15.72,15.33,15.72,52294118,993820924.0
2021-01-07,15.8,16.01,15.57,15.74,62097458,1194728670.0
2021-01-08,15.79,15.92,15.63,15.83,57476307,1106810220.0
2021-01-11,15.83,15.89,15.59,15.63,56735041,1090970656.0
2021-01-12,15.63,15.68,15.41,15.68,48818342,926016751.0
2021-01-13,15.68,15.92,15.51,15.89,56515430,1089220876.0
2021-01-14,15.83,16.05,15.67,15.69,44384843,858276872.0
2021-01-15,15.63,15.81,15.57,15.71,35074136,672641251.0
2021-01-18,15.71,15.75,15.53,15.63,39875611,761753611.0
2021-01-19,15.67,15.94,15.65,15.87,49734502,960033769.0
2021-01-20,15.86,15.86,15.59,15.63,36650589,701133990.0
2021-01-21,15.59,15.7,15.56,15.65,37561108,716129861.0
2021-01-22,15.59,15.62,15.47,15.47,28348939,536911777.0
2021-01-25,15.46,15.56,15.14,15.47,46984145,879646788.0
2021-01-26,15.36,15.59,15.29,15.54,34066460,643811561.0
2021-01-27,15.56,15.74,15.53,15.68,39582942,758079607.0
2021-01-28,16.0,16.58,15.84,16.37,109097282,2164578640.0
2021-01-29,16.2,16.49,15.87,16.1,70772821,1399077904.0
2021-02-01,16.2,16.2,15.81,15.9,132064711,2579449453.0
2021-02-02,16.1,16.18,15.8,15.96,134633414,2629777853.0
2021-02-03,16.04,16.14,15.82,15.94,92892049,1810742298.0
2021-02-04,15.83,16.02,15.79,15.97,96214207,1873001385.0
2021-02-05,15.98,16.09,15.83,15.9,54269017,1056400601.0
2021-02-08,15.92,16.39,15.9,15.96,76477062,1499130384.0
2021-02-09,15.98,16.05,15.57,15.78,68625730,1321462133.0
2021-02-10,15.78,16.19,15.74,16.11,72887266,1428002523.0
2021-02-18,16.23,16.32,15.97,16.06,70000872,1376318408.0
2021-02-19,16.08,16.45,16.02,16.35,90788463,1802875274.0
2021-02-22,16.33,16.33,15.96,16.01,84434854,1658999349.0
2021-02-23,16.04,16.29,16.01,16.14,68130716,1347067305.0
2021-02-24,16.25,16.26,15.96,16.05,60547590,1190786921.0
2021-02-25,16.09,16.3,16.04,16.2,65349837,1292211903.0
2021-02-26,16.08,16.36,16.05,16.16,68862551,1365331970.0
2021-03-01,16.2,16.23,16.0,16.1,47855230,941857564.0
2021-03-02,16.12,16.43,16.05,16.16,57678248,1142046337.0
2021-03-03,16.14,16.41,16.11,16.39,56249843,1119455967.0
2021-03-04,16.3,16.84,16.3,16.59,92043597,1858368671.0
2021-03-05,16.49,16.63,16.15,16.53,64137470,1287399214.0
2021-03-08,16.47,16.79,16.39,16.53,78175468,1581226502.0
2021-03-09,16.6,17.25,16.45,16.57,126622763,2593858919.0
2021-03-10,16.37,16.59,16.21,16.28,89849617,1798799277.0
2021-03-11,16.32,16.65,16.29,16.53,78544497,1585833256.0
2021-03-12,16.58,17.98,16.54,17.45,207504593,4388789600.0
2021-03-15,17.45,17.77,16.98,17.13,122706239,2601761557.0
2021-03-16,17.13,17.27,16.91,17.11,76341021,1591292087.0
2021-03-17,17.16,17.18,16.65,16.71,80167137,1646898537.0
2021-03-18,16.7,16.88,16.55,16.72,70928273,1448606333.0
2021-03-19,16.59,16.92,16.5,16.75,67477930,1380768949.0
2021-03-22,16.74,17.46,16.73,17.36,101953321,2144527177.0
2021-03-23,17.31,17.54,17.01,17.16,88793104,1873830705.0
2021-03-24,17.14,17.21,16.84,17.0,65449875,1359899581.0
2021-03-25,17.02,17.24,16.89,17.23,50522985,1057457891.0
2021-03-26,17.1,17.32,16.99,17.04,61999526,1298506382.0
2021-03-29,16.98,17.47,16.94,17.4,70832609,1499457975.0
2021-03-30,17.37,17.57,17.24,17.54,49654596,1058424549.0
2021-03-31,17.54,17.59,17.39,17.54,35827789,766359211.0
2021-04-01,17.52,17.78,17.45,17.7,30377733,654937002.0
2021-04-02,17.68,17.68,17.23,17.28,54592043,1157306786.0
2021-04-06,17.28,17.36,17.05,17.14,41859407,877026055.0
2021-04-07,17.27,17.34,17.14,17.29,38701526,816513653.0
2021-04-08,17.19,17.27,16.97,17.07,34768000,725466056.0
2021-04-09,17.07,17.18,16.98,17.06,23521115,491286409.0
2021-04-12,17.02,17.47,17.01,17.34,65645637,1390041467.0
2021-04-13,17.27,17.38,17.06,17.2,37492201,786451475.0
2021-04-14,17.22,17.25,16.95,16.99,53201843,1107905890.0
2021-04-15,16.99,17.04,16.59,16.63,57600278,1176856409.0
2021-04-16,16.69,16.86,16.63,16.75,24951468,510404035.0
2021-04-19,16.7,16.89,16.69,16.78,32216369,660703746.0
2021-04-20,16.73,16.88,16.7,16.86,23126559,475301797.0
2021-04-21,16.82,16.9,16.75,16.86,23863841,490001631.0
2021-04-22,16.86,16.9,16.63,16.69,37710976,770042882.0
2021-04-23,16.68,16.69,16.38,16.68,49810967,1007769320.0
2021-04-26,16.66,16.73,16.5,16.5,31879803,646011942.0
2021-04-27,16.46,16.58,16.42,16.46,22683243,456809084.0
2021-04-28,16.49,16.53,16.34,16.46,28506691,573097979.0
2021-04-29,16.44,16.52,16.34,16.47,34505740,693006081.0
2021-04-30,16.47,16.49,16.2,16.34,48161564,961349743.0
2021-05-06,16.28,16.42,16.26,16.28,51696523,1030697494.0
2021-05-07,16.28,16.34,16.11,16.17,43386527,858407470.0
2021-05-10,16.16,16.23,16.01,16.1,38721977,761289495.0
2021-05-11,16.07,16.32,15.97,16.28,34332839,679428903.0
2021-05-12,16.24,16.34,16.12,16.18,24864161,492445885.0
2021-05-13,16.12,16.27,16.06,16.17,29963882,591903723.0
2021-05-14,16.16,16.18,16.0,16.08,42437336,832625097.0
2021-05-17,16.09,16.28,16.05,16.17,62956889,1242243112.0
2021-05-18,16.16,16.19,16.09,16.19,27127892,535115714.0
2021-05-19,16.19,16.2,16.03,16.05,28453636,559034640.0
2021-05-20,16.02,16.05,15.8,15.9,60053208,1167625531.0
2021-05-21,15.92,16.07,15.89,16.04,33774281,660609127.0
2021-05-24,16.05,16.08,15.83,15.86,35296840,685356082.0
2021-05-25,15.83,16.23,15.69,16.21,62591307,1224321659.0
2021-05-26,16.16,16.17,15.88,15.89,79505692,1549587797.0
2021-05-27,15.91,15.97,15.87,15.91,55929770,1086850623.0
2021-05-28,15.92,16.11,15.86,16.1,50076336,978866825.0
2021-05-31,16.15,16.25,16.0,16.25,47957240,945549633.0
2021-06-01,16.25,16.42,16.14,16.31,44219888,880173691.0
2021-06-02,16.35,16.41,16.13,16.22,37983807,752333964.0
2021-06-03,16.22,16.39,16.14,16.28,35400694,703988296.0
2021-06-04,16.28,16.38,16.18,16.26,31669907,629828241.0
2021-06-07,16.26,16.26,16.09,16.15,34970285,690822245.0
2021-06-08,16.18,16.28,16.13,16.22,37369707,739978707.0
2021-06-09,16.26,16.64,16.23,16.63,71481128,1441167850.0
2021-06-10,16.64,16.86,16.58,16.63,57558070,1173651153.0
2021-06-11,16.65,17.04,16.63,16.93,71395916,1477074210.0
2021-06-15,16.93,16.98,16.66,16.72,42807518,877522200.0
2021-06-16,16.72,16.85,16.55,16.69,41239615,841933300.0
2021-06-17,16.73,16.95,16.64,16.69,42176995,866536326.0
2021-06-18,16.75,16.79,16.41,16.43,51320376,1037095299.0
2021-06-21,16.46,16.48,16.2,16.32,50894810,1013084621.0
2021-06-22,16.3,16.63,16.3,16.49,35805943,721434072.0
2021-06-23,16.57,16.68,16.41,16.59,40278201,814425614.0
2021-06-24,16.61,16.73,16.55,16.69,25744638,524439376.0
2021-06-25,16.73,16.95,16.61,16.89,49038854,1005552904.0
2021-06-28,17.04,17.55,17.0,17.16,65612385,1380408737.0
2021-06-29,17.16,17.16,16.66,16.77,43255849,890229544.0
2021-06-30,16.78,16.95,16.68,16.89,22981375,472168763.0
2021-07-01,16.9,17.14,16.7,17.09,28521680,589083447.0
2021-07-02,16.96,16.98,16.57,16.61,41188859,839403593.0
2021-07-05,16.61,16.69,16.4,16.47,36482454,734636853.0
2021-07-06,16.45,16.95,16.32,16.59,39685027,806203341.0
2021-07-07,16.6,16.72,16.46,16.62,30192904,611213220.0
2021-07-08,16.68,16.73,16.4,16.62,35703604,721024624.0
2021-07-09,16.58,16.69,16.52,16.62,27799423,564245147.0
2021-07-12,16.68,16.71,16.29,16.33,55671169,1117592303.0
2021-07-13,16.29,16.54,16.22,16.52,33766332,678015684.0
2021-07-14,16.54,16.58,16.31,16.54,37805654,759761127.0
2021-07-15,16.46,16.64,16.34,16.59,33177823,670717009.0
2021-07-16,16.62,16.62,16.26,16.35,53981418,1041371768.0
2021-07-19,16.33,16.47,16.23,16.44,30581683,590447563.0
2021-07-20,16.43,16.48,16.27,16.35,25392895,489774868.0
2021-07-21,16.29,16.35,16.1,16.11,56025125,1070155640.0
2021-07-22,16.09,16.17,15.93,15.97,52133231,983832823.0
2021-07-23,16.02,16.07,15.79,15.93,41983289,786854237.0
2021-07-26,15.84,16.04,15.82,15.97,42187908,792312228.0
2021-07-27,15.97,15.98,15.42,15.54,54495540,1005885409.0
2021-07-28,15.43,15.95,15.43,15.9,57849096,1072439199.0
2021-07-29,15.84,15.99,15.72,15.76,38512311,720265456.0
2021-07-30,15.76,16.1,15.66,16.1,44409713,835918989.0
2021-08-02,16.08,16.14,15.75,16.02,55085576,1036065013.0
2021-08-03,15.94,16.09,15.87,16.0,36380490,685191258.0
2021-08-04,15.97,16.33,15.83,16.15,42254412,804162881.0
2021-08-05,16.12,16.27,16.02,16.23,34706394,662322044.0
2021-08-06,16.19,16.21,16.0,16.15,34953841,663441130.0
2021-08-09,16.12,16.44,16.1,16.4,41614432,802532177.0
2021-08-10,16.4,16.59,16.3,16.57,37597080,731686853.0
2021-08-11,16.53,16.65,16.48,16.59,26019006,509335834.0
2021-08-12,16.56,16.83,16.53,16.69,32114698,632905707.0
2021-08-13,16.69,16.76,16.56,16.61,20331596,398551124.0
2021-08-16,16.65,16.76,16.57,16.76,21945635,432308082.0
2021-08-17,16.79,16.91,16.48,16.64,29365833,576858211.0
2021-08-18,16.53,16.77,16.52,16.69,29307686,577040644.0
2021-08-19,16.59,16.91,16.58,16.88,35463186,702289342.0
2021-08-20,16.93,17.01,16.58,16.82,41924218,828815655.0
2021-08-23,16.84,17.19,16.82,16.95,47135688,944274264.0
2021-08-24,17.01,17.08,16.78,16.82,35559914,708214784.0
2021-08-25,16.88,16.89,16.67,16.72,29716902,587420941.0
2021-08-26,16.72,16.77,16.52,16.53,21795879,427488966.0
2021-08-27,16.55,16.74,16.46,16.55,20067554,393217018.0
2021-08-30,16.46,16.51,16.09,16.18,38315539,734091762.0
2021-08-31,16.16,16.46,16.02,16.39,37974541,727303525.0
2021-09-01,16.44,16.94,16.39,16.8,53595980,1058053507.0
2021-09-02,16.71,16.95,16.64,16.93,36644236,726517388.0
2021-09-03,16.95,17.08,16.82,17.0,43772080,876481829.0
2021-09-06,17.01,17.18,16.93,16.97,34986498,701932303.0
2021-09-07,16.98,17.09,16.85,16.98,35907515,719153802.0
2021-09-08,16.99,17.33,16.99,17.23,55497445,1125412683.0
2021-09-09,17.37,17.38,16.88,17.28,57850588,1172316002.0
2021-09-10,17.28,17.4,17.15,17.29,41591535,848735039.0
2021-09-13,17.26,17.5,17.18,17.27,36884240,753583318.0
2021-09-14,17.28,17.32,16.96,17.03,37538216,758706004.0
2021-09-15,16.95,17.02,16.65,16.71,38454156,760573319.0
2021-09-16,16.71,17.14,16.64,16.75,38912370,772533276.0
2021-09-17,16.76,17.36,16.76,17.21,56124933,1137932764.0
2021-09-22,17.18,18.38,17.16,18.1,114253703,2428239222.0
2021-09-23,18.18,18.59,17.84,17.99,101364862,2170815423.0
2021-09-24,18.25,18.26,17.67,17.87,73281349,1553563541.0
2021-09-27,18.19,18.36,17.89,18.29,101965330,2187010649.0
2021-09-28,18.21,18.7,17.9,18.47,90481725,1956084850.0
2021-09-29,18.33,18.83,18.1,18.75,112240070,2451746777.0
2021-09-30,18.82,18.88,18.16,18.65,98750701,2160433402.0
2021-10-08,19.07,19.08,18.38,18.6,79536810,1743026209.0
2021-10-11,18.73,18.79,18.14,18.32,58759102,1273105645.0
2021-10-12,18.15,18.29,17.87,18.08,60442307,1284896697.0
2021-10-13,18.01,18.01,17.54,17.67,39810551,831380846.0
2021-10-14,17.67,17.76,17.42,17.53,34687929,717000065.0
2021-10-15,17.48,17.72,17.37,17.67,40582444,843059694.0
2021-10-18,17.67,18.0,17.58,17.85,44454572,934824267.0
2021-10-19,17.71,18.14,17.6,18.06,41116416,868148245.0
2021-10-20,18.05,18.12,17.71,17.79,66022066,1389055749.0
2021-10-21,17.8,17.87,17.64,17.86,33962198,711438910.0
2021-10-22,17.84,17.9,17.66,17.8,29844048,625398971.0
2021-10-25,17.75,18.1,17.7,17.82,46293766,977047209.0
2021-10-26,17.85,18.01,17.78,17.93,32898560,694633946.0
2021-10-27,17.92,18.03,17.78,18.03,36028733,762583902.0
2021-10-28,17.93,18.01,17.79,17.91,42075088,887563938.0
2021-10-29,17.88,18.01,17.68,18.01,40708901,857456580.0
2021-11-01,17.89,18.15,17.85,18.12,38304468,814916266.0
2021-11-02,18.13,18.16,17.51,17.76,56946001,1192929049.0
2021-11-03,17.65,18.04,17.6,17.94,40879018,863704541.0
2021-11-04,17.93,18.03,17.82,17.85,28026835,591659882.0
2021-11-05,17.82,17.91,17.5,17.51,37251180,773594815.0
2021-11-08,17.57,17.58,17.21,17.25,34285318,700885822.0
2021-11-09,17.42,17.45,17.05,17.24,36674196,745503354.0
2021-11-10,17.29,17.29,16.87,17.08,39771645,797936088.0
2021-11-11,17.04,17.15,16.92,17.06,40208209,807567357.0
2021-11-12,17.07,17.11,16.78,16.93,41982477,838673959.0
2021-11-15,17.01,17.18,16.88,17.09,44991245,903602410.0
2021-11-16,17.04,17.15,16.89,16.95,32493739,650158879.0
2021-11-17,16.96,17.11,16.92,17.0,28935528,580528189.0
2021-11-18,16.95,17.06,16.92,16.98,25736457,516122720.0
2021-11-19,16.97,17.18,16.93,17.13,30307444,610516284.0
2021-11-22,17.14,17.19,16.94,16.94,29310350,587633008.0
2021-11-23,16.93,16.97,16.87,16.93,32949381,657547993.0
2021-11-24,16.98,16.98,16.71,16.77,38276235,759832603.0
2021-11-25,16.78,16.87,16.68,16.77,36655019,726031850.0
2021-11-26,16.74,16.74,16.52,16.55,45569503,891323168.0
2021-12-13,18.2,18.21,17.39,17.68,240466334,5079887858.0
2021-12-14,17.42,18.45,17.25,18.37,152816972,3254785753.0
2021-12-15,18.25,18.54,18.22,18.5,81044609,1759463805.0
2021-12-16,18.46,18.66,18.35,18.66,58378768,1278107373.0
2021-12-17,18.62,18.8,18.49,18.57,56888435,1251931828.0
2021-12-20,18.43,18.67,18.21,18.43,48784938,1060548556.0
2021-12-21,18.5,18.76,18.42,18.63,36284002,797472800.0
2021-12-22,18.64,18.8,18.59,18.65,30735728,678650606.0
2021-12-23,18.66,18.87,18.57,18.82,32436286,718751458.0
2021-12-24,18.79,19.52,18.71,18.96,50644778,1140593253.0
2021-12-27,18.94,19.25,18.7,18.94,33915757,757945270.0
2021-12-28,19.02,19.11,18.75,18.96,39586585,884930115.0
2021-12-29,18.96,18.99,18.76,18.86,29148289,648559083.0
2021-12-30,18.79,19.15,18.73,19.1,33339376,748600906.0
2021-12-31,19.04,19.34,19.04,19.24,31889449,723342723.0
2022-01-04,19.32,19.41,19.11,19.36,47207944,1074028150.0
2022-01-05,19.28,19.43,19.11,19.32,44243779,1006812981.0
2022-01-06,19.21,19.31,18.61,18.65,62904384,1401497026.0
2022-01-07,18.78,18.97,18.55,18.78,35547313,787488346.0
2022-01-10,18.75,19.06,18.75,18.98,32650652,729809861.0
2022-01-11,19.03,19.49,18.97,19.07,45618790,1036164684.0
2022-01-12,19.04,19.17,18.66,18.87,35022982,778462495.0
2022-01-13,18.9,19.07,18.73,18.95,34248577,765999881.0
2022-01-14,19.0,19.21,18.67,19.03,40524229,908136975.0
2022-01-17,19.03,19.44,19.02,19.17,42897062,976518429.0
2022-01-18,19.21,19.48,19.08,19.37,36599162,835034315.0
2022-01-19,19.36,19.53,19.28,19.45,34865674,798901464.0
2022-01-20,19.47,19.93,19.38,19.56,59563610,1380512579.0
2022-01-21,19.55,19.69,19.33,19.48,35471714,815250634.0
2022-01-24,19.48,19.65,19.25,19.37,26991917,617396025.0
2022-01-25,19.22,19.37,19.02,19.02,30261535,683725559.0
2022-01-26,19.04,19.3,18.98,19.13,22026011,497368293.0
2022-01-27,19.14,19.15,18.76,18.97,32410924,723901429.0
2022-01-28,19.05,19.15,18.56,18.58,35244949,784593956.0
2022-02-07,18.73,19.14,18.64,18.98,31043747,691945045.0
2022-02-08,19.03,19.68,18.98,19.68,38321462,878778499.0
2022-02-09,19.71,19.87,19.46,19.77,38855076,903796253.0
2022-02-10,19.87,20.16,19.65,20.15,34539084,812299579.0
2022-02-11,20.15,20.29,20.02,20.12,28605749,679411807.0
2022-02-14,20.12,20.12,19.64,19.82,31333357,732261975.0
2022-02-15,19.82,19.89,19.49,19.58,24917520,576783738.0
2022-02-16,19.63,19.82,19.55,19.57,22036550,511097851.0
2022-02-17,19.57,19.84,19.53,19.7,31402561,730170474.0
2022-02-18,19.7,19.76,19.5,19.69,18501627,429026950.0
2022-02-21,19.58,19.66,19.42,19.54,18515111,426069145.0
2022-02-22,19.45,19.49,19.24,19.36,23565507,537423471.0
2022-02-23,19.41,19.48,19.22,19.32,26258735,598602570.0
2022-02-24,19.36,19.52,19.1,19.21,41480293,942142039.0
2022-02-25,19.25,19.41,19.19,19.28,38662399,880033177.0
2022-02-28,19.33,19.68,19.25,19.65,39821079,915878501.0
2022-03-01,19.66,19.82,19.54,19.72,27721136,644305701.0
2022-03-02,19.72,20.05,19.65,19.98,33156974,779747186.0
2022-03-03,20.09,20.37,20.01,20.3,38573408,919428956.0
2022-03-04,20.26,20.38,19.92,20.3,40590487,966816624.0
2022-03-07,20.23,20.47,20.11,20.19,56662099,1354854727.0
2022-03-08,20.18,20.22,19.55,19.66,68797615,1615154150.0
2022-03-09,19.71,19.97,18.99,19.48,72997469,1683503109.0
2022-03-10,19.71,19.75,19.22,19.25,46414984,1060693713.0
2022-03-11,19.15,19.21,18.73,19.15,44014302,984247229.0
2022-03-14,19.0,19.41,18.93,19.07,45009506,1019666287.0
2022-03-15,18.98,18.98,17.82,17.93,76119235,1642719192.0
2022-03-16,18.14,19.1,17.87,18.97,75780925,1649350669.0
2022-03-17,19.15,19.18,18.5,18.56,61437709,1354231090.0
2022-03-18,18.54,18.81,18.41,18.46,99662949,2183347956.0
2022-03-21,18.65,18.65,18.21,18.35,41267879,893225104.0
2022-03-22,18.39,18.77,18.33,18.68,31552597,690836882.0
2022-03-23,18.73,18.84,18.48,18.55,32225242,708039609.0
2022-03-24,18.4,18.54,18.26,18.28,34064522,738660798.0
2022-03-25,18.24,18.39,18.04,18.06,25319503,543075814.0
2022-03-28,17.97,18.52,17.72,18.43,45018266,964906592.0
2022-03-29,18.37,18.58,18.32,18.48,29555632,644342586.0
2022-03-30,18.54,18.65,18.36,18.56,40088137,874407533.0
2022-03-31,18.56,18.76,18.42,18.65,29652360,650706635.0
2022-04-01,18.6,18.89,18.49,18.83,29641444,654261215.0
2022-04-06,18.66,19.04,18.66,18.95,36117220,805189562.0
2022-04-07,18.98,19.28,18.87,19.21,36059049,814140019.0
2022-04-08,19.24,19.7,19.19,19.66,41276598,949759893.0
2022-04-11,19.73,19.77,19.32,19.44,45370869,1042026844.0
2022-04-12,19.64,19.75,19.32,19.53,41289587,951523128.0
2022-04-13,19.46,19.72,19.41,19.57,28301179,655504956.0
2022-04-14,19.57,19.92,19.52,19.7,26045020,607067326.0
2022-04-15,19.69,19.97,19.66,19.83,21012568,491931413.0
2022-04-18,19.69,19.84,19.37,19.45,25614560,590552826.0
2022-04-19,19.52,19.89,19.5,19.65,44550874,1034299868.0
2022-04-20,19.73,19.93,19.53,19.79,41543383,969137984.0
2022-04-21,19.71,20.06,19.68,19.95,57129450,1343779499.0
2022-04-22,19.84,20.08,19.52,20.08,95057064,2230523338.0
2022-04-25,19.91,20.11,19.42,19.43,77673245,1817450076.0
2022-04-26,19.43,19.82,19.37,19.65,43810129,1014242481.0
2022-04-27,19.73,19.78,19.21,19.39,61346691,1407071104.0
2022-04-28,19.22,19.54,19.04,19.5,49160008,1119211054.0
2022-04-29,19.49,19.57,19.11,19.26,59442955,1351410874.0
2022-05-05,19.37,19.69,19.26,19.56,45670665,1049526251.0
2022-05-06,19.48,19.71,19.15,19.26,34163073,779396294.0
2022-05-09,19.26,19.3,18.87,18.93,28366766,637206321.0
2022-05-10,18.93,19.37,18.74,19.36,46298689,1046185504.0
2022-05-11,19.28,19.41,19.04,19.11,55381648,1250596624.0
2022-05-12,19.15,19.31,18.74,18.91,40474973,906321893.0
2022-05-13,18.98,19.69,18.88,19.69,56449983,1294700561.0
2022-05-16,19.71,19.75,19.43,19.49,33705730,776115124.0
2022-05-17,19.62,19.72,19.41,19.49,34034819,784681017.0
2022-05-18,19.56,19.56,19.16,19.31,38373622,874167816.0
2022-05-19,19.26,19.75,19.23,19.73,48520217,1118633565.0
2022-05-20,19.83,20.16,19.66,19.75,56244260,1319819787.0
2022-05-23,19.92,19.92,19.26,19.41,52352823,1202355717.0
2022-05-24,19.33,19.6,19.28,19.4,37889562,870083402.0
2022-05-25,19.53,19.74,19.44,19.67,40391345,936020565.0
2022-05-26,19.79,20.21,19.67,20.17,58599755,1385233168.0
2022-05-27,20.33,20.36,20.07,20.1,45612956,1086339538.0
2022-05-30,20.24,20.37,19.97,20.12,40461216,963872347.0
2022-05-31,20.09,20.37,20.01,20.36,44294751,1060754785.0
2022-06-01,20.36,20.62,20.21,20.54,47790683,1150865753.0
2022-06-02,20.38,20.51,20.21,20.27,39928315,956304255.0
2022-06-06,20.35,20.55,19.96,20.45,54285780,1298820992.0
2022-06-07,20.36,20.37,20.01,20.06,51553384,1222791129.0
2022-06-08,20.17,20.21,19.98,20.15,38133672,904531662.0
2022-06-09,20.08,20.37,20.03,20.1,49443257,1178575794.0
2022-06-10,20.07,20.39,20.05,20.36,85995632,2049245232.0
2022-06-13,20.12,20.26,19.65,19.73,91321874,2135334164.0
2022-06-14,19.64,20.36,19.64,20.34,76571228,1818362041.0
2022-06-15,20.32,20.41,20.04,20.06,52500243,1250077871.0
2022-06-16,20.12,20.15,19.69,19.69,60401944,1415526531.0
2022-06-17,19.78,20.05,19.74,20.0,51834727,1220639213.0
2022-06-20,19.92,19.93,19.56,19.6,63154059,1465669026.0
2022-06-21,19.6,19.71,19.49,19.62,42543068,984851871.0
2022-06-22,19.65,19.74,19.55,19.66,48432642,1122313502.0
2022-06-23,19.66,19.69,19.52,19.58,49104658,1134360492.0
2022-06-24,19.59,19.82,19.52,19.81,57315889,1328146879.0
2022-06-27,19.79,19.91,19.67,19.76,49160797,1148943188.0
2022-06-28,19.75,19.75,19.55,19.59,57584123,1331818855.0
2022-06-29,19.58,19.65,19.43,19.62,59053459,1361406898.0
2022-06-30,19.6,19.65,19.45,19.6,39114256,902706790.0
2022-07-01,20.34,20.78,20.23,20.61,129709278,3147234417.0
2022-07-04,20.64,20.82,20.38,20.64,66012991,1609051870.0
2022-07-05,20.62,20.77,20.38,20.54,53458761,1294855469.0
2022-07-06,20.58,20.6,20.32,20.39,38844812,934573743.0
2022-07-07,20.48,20.72,20.43,20.43,39257808,952172862.0
2022-07-08,20.43,20.6,20.25,20.51,41570046,1000142146.0
2022-07-11,20.75,21.18,20.75,20.93,67338550,1669501393.0
2022-07-12,20.93,21.26,20.91,21.1,52240262,1303281650.0
2022-07-13,21.19,21.34,21.02,21.16,46203331,1154859591.0
2022-07-14,21.19,21.21,20.9,21.07,58877214,1462094435.0
2022-07-15,20.94,21.04,20.6,20.6,62175737,1527141902.0
2022-07-18,20.65,21.3,20.65,21.15,60676110,1510508795.0
2022-07-19,21.3,21.32,21.0,21.23,45416380,1134520519.0
2022-07-20,21.36,21.42,21.07,21.14,37060174,926024154.0
2022-07-21,21.44,21.44,20.98,21.04,34386825,829377173.0
2022-07-22,21.05,21.29,20.91,21.14,32832204,792861776.0
2022-07-25,21.18,21.24,20.99,21.12,24171943,582926532.0
2022-07-26,21.1,21.25,21.04,21.12,26651307,643709843.0
2022-07-27,21.12,21.17,20.94,20.96,25884416,620286866.0
2022-07-28,20.98,21.2,20.85,20.94,29332577,703987732.0
2022-07-29,21.02,21.23,20.88,20.92,35680122,856238729.0
2022-08-01,20.92,21.03,20.7,20.84,36812879,876446084.0
2022-08-02,20.72,20.87,20.59,20.7,39520497,933631964.0
2022-08-03,20.74,20.87,20.51,20.54,32041251,754669431.0
2022-08-04,20.63,20.94,20.51,20.9,31461870,746067094.0
2022-08-05,20.96,21.12,20.85,21.1,24037130,575872426.0
2022-08-08,21.09,21.29,21.04,21.15,18678932,451867468.0
2022-08-09,21.15,21.27,21.03,21.05,21361122,515212128.0
2022-08-10,21.12,21.14,20.85,20.93,17513592,418198565.0
2022-08-11,20.95,21.12,20.83,21.03,25841078,619819484.0
2022-08-12,21.03,21.24,20.98,21.23,21329101,515031097.0
2022-08-15,21.13,21.29,20.98,21.04,28233868,679612778.0
2022-08-16,21.05,21.25,20.89,20.94,33441208,803935985.0
2022-08-17,20.91,20.91,20.49,20.64,56331823,1326891731.0
2022-08-18,20.57,20.71,20.49,20.5,28085193,659127491.0
2022-08-19,20.36,20.7,20.27,20.67,38374597,898727158.0
2022-08-22,20.56,20.84,20.53,20.57,30810909,725668332.0
2022-08-23,20.55,20.57,20.34,20.35,37674728,877908158.0
2022-08-24,20.35,20.52,20.28,20.29,27668510,644171870.0
2022-08-25,20.34,20.72,20.34,20.67,28182405,660126996.0
2022-08-26,20.66,20.66,20.39,20.49,27953268,652863134.0
2022-08-29,20.37,20.55,20.28,20.42,26674263,620661332.0
2022-08-30,20.42,20.48,20.26,20.4,23044041,534621259.0
2022-08-31,20.44,21.01,20.4,21.01,81005310,1924117532.0
2022-09-01,20.79,21.1,20.7,20.95,37780591,901719922.0
2022-09-02,20.94,21.18,20.79,20.87,29159665,697272184.0
2022-09-05,20.77,20.94,20.6,20.87,31153878,738489720.0
2022-09-06,20.9,21.01,20.79,20.81,34337064,818020674.0
2022-09-07,20.68,20.71,20.52,20.65,42395172,996783593.0
2022-09-08,20.7,20.9,20.62,20.72,25944649,614593750.0
2022-09-09,20.81,21.08,20.73,20.95,35435266,847909591.0
2022-09-13,20.9,20.95,20.73,20.84,27334621,650135092.0
2022-09-14,20.77,20.97,20.71,20.77,21875898,519309099.0
2022-09-15,20.78,21.01,20.69,20.78,40583136,966015202.0
2022-09-16,20.79,20.89,20.56,20.56,39881492,942339845.0
2022-09-19,20.62,20.7,20.51,20.57,28128675,660326163.0
2022-09-20,20.57,20.63,20.5,20.52,23548580,552233619.0
2022-09-21,20.52,20.66,20.43,20.53,24972842,585925065.0
2022-09-22,20.48,20.59,20.38,20.52,23391977,546354236.0
2022-09-23,20.41,20.6,20.41,20.44,27506334,644002163.0
2022-09-26,20.4,20.52,20.2,20.2,40268596,933964148.0
2022-09-27,20.17,20.2,19.74,19.89,60400730,1373464918.0
2022-09-28,19.87,19.88,19.61,19.68,62473767,1403694512.0
2022-09-29,19.65,19.87,19.44,19.63,55438353,1246883273.0
2022-09-30,19.63,20.02,19.52,19.92,42332479,957926715.0
2022-10-10,20.14,20.54,20.06,20.47,64409084,1499883163.0
2022-10-11,20.43,20.56,20.35,20.52,37252236,871477554.0
2022-10-12,20.5,20.58,20.15,20.34,44907495,1040346259.0
2022-10-13,20.08,20.36,19.77,20.19,56502513,1291255561.0
2022-10-14,20.18,20.33,20.02,20.12,36385221,838991892.0
2022-10-17,20.19,20.19,19.94,19.94,29153462,665764534.0
2022-10-18,19.94,20.07,19.72,19.76,41531945,939448014.0
2022-10-19,19.73,19.85,19.57,19.6,33876956,760855853.0
2022-10-20,19.57,19.71,19.49,19.57,36815463,822733367.0
2022-10-21,19.53,19.8,19.46,19.64,61041603,1368536927.0
2022-10-24,19.62,19.79,19.02,19.13,71872808,1586119858.0
2022-10-25,19.28,19.54,19.2,19.28,51341475,1134410507.0
2022-10-27,19.29,19.44,18.29,18.39,107502338,2284666748.0
2022-10-28,18.39,18.62,18.04,18.12,99698686,2083046934.0
2022-10-31,17.78,18.14,17.53,17.75,98338956,2000824789.0
2022-11-01,17.74,17.88,17.49,17.8,96142880,1943323944.0
2022-11-02,17.79,17.98,17.57,17.93,76192004,1545827645.0
2022-11-03,17.83,17.85,17.43,17.51,74645183,1497487444.0
2022-11-04,17.4,17.76,17.3,17.65,84883320,1706198646.0
2022-11-07,17.57,17.73,17.5,17.65,69465783,1396309691.0
2022-11-08,17.67,17.82,17.48,17.57,78815126,1586942815.0
2022-11-09,17.59,17.7,17.57,17.63,48328720,972886761.0
2022-11-10,17.64,17.66,17.43,17.52,42333812,846173866.0
2022-11-11,17.74,18.01,17.55,17.92,97716231,1982385192.0
2022-11-14,18.0,18.05,17.61,17.67,73575498,1494753285.0
2022-11-15,17.67,18.58,17.58,18.41,101353082,2098340196.0
2022-11-16,18.31,18.55,18.23,18.44,55194522,1157747680.0
2022-11-17,18.38,18.65,18.31,18.63,50039275,1055850060.0
2022-11-18,18.65,18.73,18.36,18.44,31691846,669815145.0
2022-11-21,18.38,18.53,18.15,18.48,24479450,513349951.0
2022-11-22,18.48,18.75,18.34,18.71,39772057,842836851.0
2022-11-23,18.66,19.0,18.65,18.72,42562401,914509165.0
2022-11-24,18.84,19.0,18.72,18.73,24066726,517180773.0
2022-11-25,18.7,19.14,18.67,19.11,32868081,713311958.0
2022-11-28,18.88,19.01,18.59,18.84,42766501,914572296.0
2022-11-29,18.93,18.93,18.62,18.72,63394494,1355177080.0
2022-11-30,18.66,18.79,18.59,18.59,54158729,1153443630.0
2022-12-01,18.68,18.78,18.57,18.58,49977367,1063404625.0
2022-12-02,18.54,18.77,18.54,18.72,36981589,787190585.0
2022-12-05,18.77,18.97,18.68,18.88,49875326,1072855802.0
2022-12-06,18.79,18.84,18.62,18.64,36275370,773743881.0
2022-12-07,18.68,18.71,18.24,18.33,62281175,1311436759.0
2022-12-08,18.29,18.44,18.14,18.31,43771186,913144256.0
2022-12-09,18.3,18.4,18.23,18.33,44792004,937350501.0
2022-12-12,18.28,18.4,18.04,18.12,34592179,716020108.0
2022-12-13,18.12,18.18,17.91,18.08,33409532,687959142.0
2022-12-14,18.08,18.16,17.93,18.09,34451088,710646709.0
2022-12-15,18.01,18.15,17.92,17.98,38225567,783882557.0
2022-12-16,17.97,18.28,17.94,18.28,39903558,826979528.0
2022-12-19,18.19,18.31,17.83,17.92,46247419,950569221.0
2022-12-20,17.92,18.05,17.8,17.86,31332782,640851445.0
2022-12-21,17.89,18.0,17.79,17.93,27517508,562397207.0
2022-12-22,18.02,18.12,17.75,17.84,36090866,738528913.0
2022-12-23,17.8,17.93,17.73,17.88,35590613,724538450.0
2022-12-26,17.89,17.96,17.81,17.85,29202135,595661411.0
2022-12-27,17.94,18.05,17.87,18.0,38336910,786570161.0
2022-12-28,17.94,18.15,17.93,18.11,50317228,1038576445.0
2022-12-29,18.31,18.46,17.99,18.22,53996393,1120294873.0
2022-12-30,18.21,18.44,18.15,18.4,45920545,961405512.0
2023-01-03,18.36,18.46,18.22,18.32,36799242,770293237.0
2023-01-04,18.38,18.38,18.19,18.25,27346567,570385801.0
2023-01-05,18.31,18.37,18.15,18.2,43991625,915497782.0
2023-01-06,18.19,18.32,18.02,18.3,48849112,1015151029.0
2023-01-09,18.35,18.36,18.14,18.21,35134351,730318635.0
2023-01-10,18.15,18.27,18.05,18.08,40813046,844469850.0
2023-01-11,18.21,18.51,18.2,18.24,64529304,1351084314.0
2023-01-12,18.27,18.31,18.1,18.12,47777789,990527687.0
2023-01-13,18.14,18.39,18.09,18.34,51529502,1071596096.0
2023-01-16,18.33,18.49,18.27,18.37,60545144,1269330968.0
2023-01-17,18.33,18.44,18.11,18.12,67700842,1404220055.0
2023-01-18,18.16,18.24,18.1,18.14,42253375,874530802.0
2023-01-19,18.14,18.14,17.87,17.89,80667736,1653783585.0
2023-01-20,17.99,18.43,17.92,18.43,123271384,2566913737.0
2023-01-30,18.51,18.54,18.31,18.32,65850507,1381522394.0
2023-01-31,18.01,18.31,18.01,18.22,67178890,1396078214.0
2023-02-01,18.27,18.29,18.06,18.22,51426955,1064625778.0
2023-02-02,18.22,18.42,18.09,18.36,58870814,1228163501.0
2023-02-03,18.28,18.37,18.21,18.33,45238723,943903106.0
2023-02-06,18.24,18.41,18.17,18.38,38557113,806174839.0
2023-02-07,18.41,18.73,18.39,18.66,62851237,1335553560.0
2023-02-08,18.66,18.81,18.64,18.72,38867157,830831104.0
2023-02-09,18.72,18.83,18.63,18.65,36975075,790488195.0
2023-02-10,18.66,18.69,18.48,18.58,28584682,605544999.0
2023-02-13,18.52,18.59,18.43,18.5,33515674,707471938.0
2023-02-14,18.51,18.58,18.44,18.54,25568128,540340174.0
2023-02-15,18.53,18.58,18.36,18.44,34634852,729291388.0
2023-02-16,18.42,18.53,18.24,18.36,49790837,1047936871.0
2023-02-17,18.35,18.45,18.16,18.19,44943465,938642116.0
2023-02-20,18.16,18.61,18.16,18.56,51260603,1076507180.0
2023-02-21,18.56,18.68,18.51,18.64,36978759,785891395.0
2023-02-22,18.64,18.69,18.52,18.52,24314623,515667750.0
2023-02-23,18.54,18.59,18.44,18.48,35605674,751510664.0
2023-02-24,18.43,18.51,18.4,18.42,41600147,875457032.0
2023-02-27,18.37,18.51,18.31,18.36,30654965,643213642.0
2023-02-28,18.4,18.58,18.35,18.54,37009183,779944089.0
2023-03-01,18.53,18.79,18.51,18.62,70093378,1492960545.0
2023-03-02,18.54,18.64,18.44,18.61,56860764,1203374711.0
2023-03-03,18.62,18.76,18.58,18.69,62429629,1330143931.0
2023-03-06,18.73,18.81,18.58,18.63,62327407,1326448400.0
2023-03-07,18.64,18.73,18.49,18.51,64587484,1373064412.0
2023-03-08,18.45,18.51,18.27,18.36,68185012,1429048558.0
2023-03-09,18.38,18.38,18.22,18.22,53323480,1111298762.0
2023-03-10,18.15,18.27,18.15,18.18,48071143,998811119.0
2023-03-13,18.18,18.39,18.15,18.35,57281864,1194351401.0
2023-03-14,18.33,18.53,18.29,18.46,72088673,1519584363.0
2023-03-15,18.49,18.54,18.3,18.41,54304126,1140999144.0
2023-03-16,18.36,18.66,18.32,18.58,81140240,1721364627.0
2023-03-17,18.66,18.84,18.58,18.58,63824085,1363129579.0
2023-03-20,18.56,18.72,18.33,18.36,49795580,1050676177.0
2023-03-21,18.37,18.49,18.33,18.35,38445197,806307995.0
2023-03-22,18.53,18.59,18.33,18.37,49053426,1031522057.0
2023-03-23,18.36,18.38,18.23,18.33,53213263,1111345958.0
2023-03-24,18.33,18.39,18.16,18.21,62181759,1294541244.0
2023-03-27,18.22,18.24,17.77,17.8,123232225,2518121683.0
2023-03-28,17.86,17.86,17.54,17.68,129854130,2614061928.0
2023-03-29,17.77,18.22,17.72,18.15,176296890,3615626888.0
2023-03-30,18.09,18.63,18.09,18.59,159621891,3368059526.0
2023-03-31,18.59,18.7,18.52,18.62,72290018,1535877530.0
2023-04-03,18.58,18.62,18.47,18.49,41684038,880780419.0
2023-04-04,18.48,18.66,18.45,18.64,52356977,1110287682.0
2023-04-06,18.61,18.65,18.5,18.58,24502746,519189824.0
2023-04-07,18.58,18.63,18.41,18.47,29018013,612089299.0
2023-04-10,18.56,18.65,18.48,18.61,32278514,684943516.0
2023-04-11,18.65,18.68,18.49,18.65,40730152,864131766.0
2023-04-12,18.66,18.83,18.59,18.75,41829940,895041803.0
2023-04-13,18.72,18.79,18.49,18.53,46973874,996035683.0
2023-04-14,18.58,18.72,18.56,18.58,38191401,812423384.0
2023-04-17,18.58,18.66,18.51,18.66,42052138,892428995.0
2023-04-18,18.66,18.72,18.55,18.63,41355933,877948030.0
2023-04-19,18.65,18.7,18.44,18.47,72376937,1532220043.0
2023-04-20,18.48,18.55,18.38,18.51,47577894,1002741154.0
2023-04-21,18.52,18.78,18.43,18.45,70033486,1488286839.0
2023-04-24,18.53,18.61,18.39,18.43,47108007,993415267.0
2023-04-25,18.41,18.59,18.38,18.55,48418881,1023228678.0
2023-04-26,18.56,18.73,18.52,18.56,45345100,963342480.0
2023-04-27,18.65,19.21,18.59,19.18,94561177,2047798383.0
2023-04-28,19.12,19.24,18.94,19.17,66015641,1439296571.0
2023-05-04,19.17,19.77,19.03,19.77,85629994,1906221121.0
2023-05-05,19.64,19.64,19.33,19.36,61381674,1361763407.0
2023-05-08,19.36,19.64,19.28,19.57,68970395,1532070560.0
2023-05-09,19.51,20.23,19.47,19.93,97493818,2223384549.0
2023-05-10,19.93,20.34,19.62,19.62,68545226,1558869165.0
2023-05-11,19.74,20.18,19.64,19.98,53842282,1227855358.0
2023-05-12,20.01,20.28,19.89,20.07,68203507,1563876902.0
2023-05-15,19.98,20.16,19.9,20.15,53032288,1214174617.0
2023-05-16,20.15,20.27,19.9,20.12,56416956,1294922459.0
2023-05-17,20.13,20.27,19.99,20.05,45011722,1032793262.0
2023-05-18,20.08,20.39,20.07,20.22,46870802,1083068418.0
2023-05-19,20.16,20.22,19.99,19.99,36188627,828257693.0
2023-05-22,20.1,20.43,20.03,20.35,58294305,1351315372.0
2023-05-23,20.36,20.44,20.19,20.19,33097802,766352239.0
2023-05-24,20.19,20.22,19.83,19.83,47676819,1085587504.0
2023-05-25,19.82,19.98,19.73,19.89,36926960,836120624.0
2023-05-26,19.91,20.0,19.75,19.77,27560741,624126106.0
2023-05-29,19.82,20.09,19.81,20.06,40164380,916101394.0
2023-05-30,20.05,20.1,19.7,19.93,45108675,1022565167.0
2023-05-31,19.81,19.84,19.4,19.72,72571854,1621345193.0
2023-06-01,19.66,19.8,19.56,19.61,38815383,871584836.0
2023-06-02,19.7,19.71,19.5,19.57,39196216,876639362.0
2023-06-05,19.62,19.8,19.58,19.67,31618493,711047272.0
2023-06-06,19.67,19.78,19.51,19.56,28642997,642179556.0
2023-06-07,19.63,19.71,19.53,19.57,32193766,721404038.0
2023-06-08,19.62,19.87,19.58,19.85,28975656,653582570.0
2023-06-09,19.85,20.08,19.83,20.03,37542101,856273671.0
2023-06-12,20.01,20.05,19.6,19.61,48973114,1103359535.0
2023-06-13,19.62,19.7,19.46,19.54,41725257,931606454.0
2023-06-14,19.61,19.73,19.5,19.5,36401569,815059930.0
2023-06-15,19.56,19.61,19.31,19.52,44324254,984149827.0
2023-06-16,19.54,19.71,19.34,19.45,58476997,1298503262.0
2023-06-19,19.38,19.46,19.18,19.43,47313924,1043945367.0
2023-06-20,19.38,19.51,19.35,19.35,31614674,700793490.0
2023-06-21,19.45,19.63,19.35,19.36,40552640,902651864.0
2023-06-26,19.36,19.5,19.19,19.49,56234619,1244813411.0
2023-06-27,19.49,19.51,19.2,19.38,38132365,842098820.0
2023-06-28,19.4,19.71,19.36,19.7,56781300,1269911538.0
2023-06-29,19.7,19.71,19.35,19.39,49900268,1108293283.0
2023-06-30,19.39,19.48,19.29,19.33,41402656,914645575.0
2023-07-03,19.35,19.48,19.35,19.38,37126695,821483880.0
2023-07-04,19.38,19.47,19.27,19.32,34503954,760654322.0
2023-07-05,19.35,19.48,19.29,19.34,30686839,678071651.0
2023-07-06,19.34,19.42,19.22,19.28,34855630,767718380.0
2023-07-07,19.24,19.35,19.22,19.28,50686848,1115163637.0
2023-07-10,19.32,19.38,19.23,19.28,33673155,740929327.0
2023-07-11,19.32,19.32,19.15,19.28,48549340,1066315664.0
2023-07-12,19.23,19.43,19.18,19.4,50524580,1115293242.0
2023-07-13,19.4,19.76,19.35,19.64,64738173,1449384126.0
2023-07-14,19.61,19.76,19.55,19.69,38716992,869178833.0
2023-07-17,19.7,19.75,19.56,19.66,19692852,441213586.0
2023-07-18,19.69,19.74,19.61,19.64,26852118,602593953.0
2023-07-19,19.56,19.73,19.56,19.71,33067242,743226348.0
2023-07-20,19.78,19.81,19.63,19.63,43441048,978367222.0
2023-07-21,19.65,19.87,19.61,19.65,55037050,1192718568.0
2023-07-24,19.55,19.72,19.53,19.61,27695910,596740190.0
2023-07-25,19.68,19.68,19.33,19.4,76403811,1631583708.0
2023-07-26,19.4,19.46,19.3,19.45,48259584,1028987379.0
2023-07-27,19.44,19.55,19.28,19.31,41365168,882205138.0
2023-07-28,19.3,19.45,19.23,19.41,58936112,1253797045.0
2023-07-31,19.4,19.69,19.4,19.52,66832972,1436470249.0
2023-08-01,19.55,19.75,19.51,19.75,48913543,1055453761.0
2023-08-02,19.74,19.75,19.57,19.64,32253850,696646435.0
2023-08-03,19.68,19.74,19.59,19.7,34163438,739362661.0
2023-08-04,19.7,19.85,19.54,19.59,40381332,871899356.0
2023-08-07,19.6,19.96,19.57,19.94,55382078,1208238982.0
2023-08-08,19.86,20.11,19.86,20.1,38844748,855559361.0
2023-08-09,20.09,20.16,19.84,20.11,41577714,915613751.0
2023-08-10,20.11,20.16,19.98,20.09,23060030,509011350.0
2023-08-11,20.08,20.11,19.78,19.78,32019540,700996136.0
2023-08-14,19.74,19.96,19.6,19.84,55076635,1197466595.0
2023-08-15,19.83,20.08,19.79,20.03,45695084,1005038904.0
2023-08-16,20.04,20.07,19.84,19.89,25178833,551426663.0
2023-08-17,19.85,20.14,19.8,20.12,37276997,819974852.0
2023-08-18,20.06,20.26,20.06,20.06,28602655,633082568.0
2023-08-21,20.06,20.15,19.87,19.87,31102219,684516265.0
2023-08-22,19.96,20.1,19.82,20.01,41603369,914974619.0
2023-08-23,20.04,20.18,19.93,19.96,33748678,744363123.0
2023-08-24,19.94,20.0,19.78,19.8,38803475,847106667.0
2023-08-25,19.78,20.19,19.75,20.16,46090226,1016855128.0
2023-08-28,20.46,20.51,20.0,20.12,74975981,1662876023.0
2023-08-29,20.12,20.26,19.91,19.94,53386187,1179054889.0
2023-08-30,20.01,20.14,19.93,19.98,33400727,734543740.0
2023-08-31,19.96,20.16,19.92,20.06,47313602,1041852818.0
2023-09-01,20.02,20.06,19.78,19.84,53041577,1159084272.0
2023-09-04,19.92,19.93,19.63,19.71,74823274,1623177807.0
2023-09-05,19.71,19.94,19.66,19.91,58410844,1273652536.0
2023-09-06,19.85,19.96,19.83,19.84,24971636,545903540.0
2023-09-07,19.87,19.95,19.72,19.87,43893255,958542911.0
2023-09-08,19.85,19.91,19.75,19.86,28667854,625457629.0
2023-09-11,19.85,20.06,19.85,20.0,38344647,842758161.0
2023-09-12,19.97,20.08,19.91,20.07,31843404,700757182.0
2023-09-13,20.1,20.31,20.02,20.24,63334136,1407844212.0
2023-09-14,20.35,20.74,20.25,20.64,79022797,1786148692.0
2023-09-15,20.64,20.73,20.37,20.48,49541759,1117513230.0
2023-09-18,20.43,20.52,20.3,20.38,39691537,889442041.0
2023-09-19,20.36,20.53,20.28,20.49,29739454,668334198.0
2023-09-20,20.48,20.57,20.38,20.52,28007733,631401655.0
2023-09-21,20.53,20.59,20.35,20.36,36365479,817129755.0
2023-09-22,20.41,20.51,20.3,20.45,44917825,1007774660.0
2023-09-25,20.55,20.61,20.36,20.46,34086051,768741207.0
2023-09-26,20.5,20.5,20.31,20.38,25716599,576492679.0
2023-09-27,20.43,20.44,20.17,20.2,39799705,886397527.0
2023-09-28,20.25,20.36,20.22,20.23,34407402,767155323.0
2023-10-09,20.24,20.66,20.24,20.52,54393412,1226702850.0
2023-10-10,20.65,20.65,20.41,20.56,36118046,816386874.0
2023-10-11,20.62,20.82,20.56,20.58,40765737,927786042.0
2023-10-12,20.82,20.82,20.5,20.57,29530565,668632578.0
2023-10-13,20.51,20.72,20.51,20.68,35919404,814939457.0
2023-10-16,20.72,20.92,20.64,20.72,47498027,1083315950.0
2023-10-17,20.75,20.91,20.67,20.88,41697326,955017604.0
2023-10-18,20.96,21.08,20.79,20.87,49801308,1145979163.0
2023-10-19,20.79,20.91,20.49,20.51,48766564,1106303693.0
2023-10-20,20.51,20.63,20.33,20.33,62885148,1414564177.0
2023-10-23,20.33,20.58,20.19,20.27,53843591,1206621187.0
2023-10-24,20.34,20.62,20.17,20.56,53307701,1196660148.0
2023-10-25,20.56,20.57,19.92,19.93,100522854,2220073377.0
2023-10-26,19.87,20.33,19.85,20.31,66648935,1479450090.0
2023-10-27,20.3,20.44,20.2,20.23,54844060,1225705131.0
2023-10-30,20.25,20.54,20.23,20.42,72835649,1635519655.0
2023-10-31,20.36,20.6,20.26,20.53,63752699,1434746126.0
2023-11-01,20.54,20.68,20.37,20.61,59046355,1335207793.0
2023-11-02,20.71,20.78,20.58,20.7,43439733,989336982.0
2023-11-03,20.7,20.89,20.62,20.66,54743002,1249401663.0
2023-11-06,20.68,20.71,20.17,20.23,100246599,2237002524.0
2023-11-07,20.23,20.32,20.16,20.26,35299090,786444778.0
2023-11-08,20.27,20.42,20.27,20.35,32313709,722886394.0
2023-11-09,20.35,20.6,20.3,20.53,52544027,1183677945.0
2023-11-10,20.53,20.61,20.34,20.53,43730248,984512101.0
2023-11-13,20.47,20.51,20.32,20.49,32429337,728031455.0
2023-11-14,20.49,20.57,20.34,20.35,47746930,1071647633.0
2023-11-15,20.35,20.57,20.35,20.56,48039581,1082387590.0
2023-11-16,20.52,20.67,20.48,20.66,71263004,1615397746.0
2023-11-17,20.6,20.71,20.46,20.57,40668574,918639537.0
2023-11-20,20.61,20.68,20.55,20.6,34358561,778524093.0
2023-11-21,20.57,20.73,20.56,20.65,47189784,1071485395.0
2023-11-22,20.65,20.72,20.56,20.65,33804688,767433990.0
2023-11-23,20.62,20.67,20.44,20.57,40390383,911195957.0
2023-11-24,20.54,20.78,20.52,20.63,55393394,1259538809.0
2023-11-27,20.63,20.66,20.46,20.56,52688942,1188192066.0
2023-11-28,20.56,20.57,20.42,20.46,38065817,856426256.0
2023-11-29,20.5,20.5,20.37,20.43,53049106,1191811825.0
2023-11-30,20.49,20.76,20.44,20.76,93251429,2120302511.0
2023-12-01,20.81,20.82,20.57,20.67,57668131,1310247989.0
2023-12-04,20.67,20.7,20.57,20.65,36736002,833531569.0
2023-12-05,20.64,20.76,20.49,20.54,65955134,1497277647.0
2023-12-06,20.51,20.54,20.36,20.46,60731004,1365199239.0
2023-12-07,20.43,20.6,20.4,20.56,46134177,1041893357.0
2023-12-08,20.51,20.6,20.42,20.57,65214067,1471195060.0
2023-12-11,20.48,20.79,20.33,20.76,91325635,2066586430.0
2023-12-12,20.67,20.93,20.66,20.9,54746391,1253897530.0
2023-12-13,20.89,20.96,20.84,20.91,45780951,1052460094.0
2023-12-14,20.91,20.99,20.75,20.93,46382391,1066767039.0
2023-12-15,20.92,21.06,20.71,20.72,66077881,1514697782.0
2023-12-18,20.72,20.98,20.72,20.98,46320284,1064746657.0
2023-12-19,20.98,21.04,20.89,20.96,56328793,1297691999.0
2023-12-20,20.97,21.36,20.96,21.19,70038502,1632153549.0
2023-12-21,21.17,21.25,21.0,21.06,69287699,1606989367.0
2023-12-22,21.06,21.19,21.02,21.08,55368791,1285336172.0
2023-12-25,21.08,21.3,21.02,21.28,44247999,1031041466.0
2023-12-26,21.28,21.56,21.26,21.4,61519717,1449802231.0
2023-12-27,21.36,21.46,21.23,21.4,56278543,1321553822.0
2023-12-28,21.42,21.64,21.08,21.17,90728328,2121260477.0
2023-12-29,21.19,21.25,21.02,21.23,62846850,1462118982.0
2024-01-02,21.23,21.62,21.21,21.54,68880298,1627813605.0
2024-01-03,21.53,21.65,21.46,21.61,60752512,1439625327.0
2024-01-04,21.65,21.81,21.47,21.65,61342335,1458263732.0
2024-01-05,21.63,21.78,21.52,21.59,70563121,1680566823.0
2024-01-08,21.59,21.66,21.4,21.46,65439403,1546139934.0
2024-01-09,21.46,21.54,21.19,21.41,80150503,1884034535.0
2024-01-10,21.38,21.5,21.11,21.23,67243039,1569818929.0
2024-01-11,21.26,21.27,21.02,21.08,60919882,1415166913.0
2024-01-12,21.0,21.46,21.0,21.4,62005621,1452655348.0
2024-01-15,21.36,21.51,21.28,21.37,40987662,964175881.0
2024-01-16,21.3,21.44,21.19,21.42,57834255,1355366874.0
2024-01-17,21.42,21.46,21.21,21.21,66509131,1559265044.0
2024-01-18,21.19,21.3,20.81,21.21,122738921,2841916740.0
2024-01-19,21.19,21.39,21.03,21.37,94494749,2208441097.0
2024-01-22,21.06,21.36,20.98,21.13,110790646,2581327056.0
2024-01-23,21.06,21.24,20.86,21.15,85306405,1971733022.0
2024-01-24,21.2,21.71,21.17,21.69,108649042,2566320795.0
2024-01-25,21.7,21.92,21.56,21.77,82891286,1978742267.0
2024-01-26,21.69,22.0,21.66,21.95,71370324,1712379231.0
2024-01-29,21.91,22.28,21.88,22.07,69416961,1691010353.0
2024-01-30,22.07,22.16,21.84,21.92,79784398,1927743954.0
2024-01-31,21.9,22.25,21.86,22.19,88550152,2155156152.0
2024-02-01,22.1,22.23,21.97,21.97,66074108,1601356833.0
2024-02-02,22.03,22.3,21.97,22.08,101817510,2482060135.0
2024-02-05,22.15,22.63,22.09,22.52,114937132,2832953858.0
2024-02-06,22.47,22.97,22.36,22.48,126603040,3150676353.0
2024-02-07,22.55,22.56,22.05,22.47,135642238,3325417287.0
2024-02-08,22.38,22.5,22.19,22.41,87497217,2150797174.0
2024-02-19,22.36,23.0,22.28,22.92,87245684,2183694504.0
2024-02-20,22.9,23.39,22.84,23.23,68608378,1750801469.0
2024-02-21,23.21,23.37,23.09,23.09,79877592,2040015337.0
2024-02-22,23.19,23.36,23.07,23.24,66689215,1701564035.0
2024-02-23,23.19,23.41,23.03,23.37,61030579,1558028569.0
2024-02-26,23.18,23.23,22.67,22.69,80588451,2031771860.0
2024-02-27,22.66,22.77,22.57,22.67,54655099,1361112175.0
2024-02-28,22.57,23.14,22.37,23.01,120223309,3011572334.0
2024-02-29,22.92,23.03,22.74,22.78,76228710,1914111616.0
2024-03-01,22.78,22.87,22.65,22.74,57112914,1427971157.0
2024-03-04,22.71,23.17,22.62,23.15,86329895,2180343415.0
2024-03-05,23.06,23.65,23.04,23.59,98844338,2550840673.0
2024-03-06,23.56,23.92,23.47,23.52,87775400,2284641773.0
2024-03-07,23.51,23.76,23.47,23.56,76693945,1987481632.0
2024-03-08,23.57,23.73,23.43,23.49,61448903,1589578909.0
2024-03-11,23.44,23.64,23.26,23.43,76887209,1980534434.0
2024-03-12,23.37,23.42,22.52,22.58,159072692,3993859961.0
2024-03-13,22.58,22.67,22.29,22.64,129403361,3201049100.0
2024-03-14,22.52,22.63,22.37,22.46,99913194,2471465580.0
2024-03-15,22.46,22.67,22.43,22.47,73946991,1831479869.0
2024-03-18,22.46,22.62,22.38,22.44,80008345,1976509115.0
2024-03-19,22.44,22.72,22.37,22.48,79130509,1963356129.0
2024-03-20,22.48,22.94,22.43,22.74,104635892,2615165511.0
2024-03-21,22.78,22.83,22.67,22.68,66811218,1670493182.0
2024-03-22,22.67,22.82,22.53,22.75,77408692,1932584782.0
2024-03-25,22.82,22.83,22.68,22.72,67464484,1687444454.0
2024-03-26,22.74,22.76,22.47,22.59,76837709,1909598643.0
2024-03-27,22.55,22.76,22.53,22.58,72631540,1809850537.0
2024-03-28,22.61,22.76,22.42,22.6,81593841,2025213172.0
2024-03-29,22.58,22.72,22.57,22.67,59329136,1477764574.0
2024-04-01,22.69,22.73,22.44,22.49,87831553,2177047530.0
2024-04-02,22.48,22.59,22.33,22.41,92854480,2291658203.0
2024-04-03,22.37,22.39,22.07,22.23,115308126,2811178604.0
2024-04-08,22.2,23.11,22.18,23.07,179639804,4495191837.0
2024-04-09,22.92,23.07,22.73,22.87,104343345,2623607287.0
2024-04-10,22.87,23.4,22.87,23.31,112399910,2870415143.0
2024-04-11,23.27,23.34,22.98,23.29,68916555,1760367866.0
2024-04-12,23.24,23.32,23.06,23.12,62788587,1599125049.0
2024-04-15,23.13,23.58,23.12,23.55,78534769,2026912644.0
2024-04-16,23.47,23.79,23.36,23.58,83440594,2163792039.0
2024-04-17,23.51,23.74,23.22,23.63,81773935,2111578177.0
2024-04-18,23.57,23.82,23.47,23.6,84898080,2205476997.0
2024-04-19,23.56,23.73,23.4,23.65,77485367,2007554174.0
2024-04-22,23.58,23.82,23.47,23.52,64125192,1664599639.0
2024-04-23,23.5,23.69,23.28,23.44,57550366,1485631129.0
2024-04-24,23.56,23.59,23.35,23.44,56309187,1450080312.0
2024-04-25,23.42,23.51,23.25,23.36,42847022,1098347571.0
2024-04-26,23.29,23.52,23.24,23.26,69028833,1770684733.0
2024-04-29,23.26,23.34,23.01,23.17,77653000,1978050453.0
2024-04-30,23.1,23.67,23.07,23.46,88274253,2280869807.0
2024-05-06,23.46,23.46,23.13,23.17,110588987,2821688353.0
2024-05-07,23.17,23.2,23.03,23.06,63482761,1609969168.0
2024-05-08,23.06,23.24,23.02,23.02,60627239,1538925484.0
2024-05-09,23.06,23.1,22.88,23.07,68681549,1736820747.0
2024-05-10,23.07,23.21,22.97,23.17,79808793,2029155628.0
2024-05-13,23.19,23.37,23.07,23.3,92647353,2368887118.0
2024-05-14,23.3,23.3,23.08,23.27,60506173,1543748111.0
2024-05-15,23.24,23.37,23.15,23.17,44384153,1133848524.0
2024-05-16,23.18,23.23,23.1,23.12,57841400,1471765904.0
2024-05-17,23.15,23.51,23.14,23.45,94950720,2438122010.0
2024-05-20,23.41,23.79,23.34,23.64,91014753,2362152895.0
2024-05-21,23.69,23.88,23.63,23.74,64932506,1693481735.0
2024-05-22,23.79,23.84,23.58,23.63,56950230,1482943442.0
2024-05-23,23.69,23.96,23.61,23.78,77312597,2023279728.0
2024-05-24,23.84,24.15,23.77,23.92,77715134,2051397915.0
2024-05-27,23.93,24.28,23.93,24.11,78000895,2069505133.0
2024-05-28,24.12,24.4,24.08,24.29,67259257,1793773705.0
2024-05-29,24.28,24.35,24.02,24.28,62051985,1651090911.0
2024-05-30,24.25,24.51,24.19,24.28,53980515,1444639486.0
2024-05-31,24.34,24.58,24.18,24.2,70818931,1894832555.0
2024-06-03,24.46,25.01,24.33,24.95,114876331,3129895699.0
2024-06-04,24.95,25.19,24.83,24.99,79276175,2178484628.0
2024-06-05,25.05,25.54,25.0,25.43,88722153,2474874593.0
2024-06-06,25.38,25.81,25.25,25.49,106120323,2979916128.0
2024-06-07,25.47,25.8,25.38,25.75,86811639,2447258985.0
2024-06-11,25.76,25.91,25.39,25.63,87333796,2460615260.0
2024-06-12,25.54,25.92,25.47,25.81,75624228,2141399388.0
2024-06-13,25.82,26.19,25.76,26.1,89282721,2555029901.0
2024-06-14,26.06,26.17,25.22,25.38,242643011,6814644667.0
2024-06-17,25.24,25.52,25.09,25.37,106730295,2976152808.0
2024-06-18,25.37,25.41,25.09,25.28,65893578,1828330861.0
2024-06-19,25.27,25.53,25.21,25.5,53659074,1497817306.0
2024-06-20,25.53,25.83,25.48,25.78,65568919,1851949138.0
2024-06-21,25.78,25.94,25.49,25.77,74296501,2104127430.0
2024-06-24,25.83,26.38,25.79,26.28,106929642,3075272500.0
2024-06-25,26.26,26.3,25.74,26.06,88021088,2521524043.0
2024-06-26,26.09,26.26,25.81,26.06,51424125,1469826193.0
2024-06-27,26.01,26.33,25.99,26.21,66550911,1917338401.0
2024-06-28,26.21,26.4,25.99,26.3,72366983,2089609595.0
2024-07-01,26.3,26.97,26.3,26.81,72351910,2123942477.0
2024-07-02,26.8,26.89,26.59,26.81,58289049,1714526664.0
2024-07-03,26.75,26.85,26.38,26.65,73251987,2136621632.0
2024-07-04,26.58,26.88,26.56,26.73,66193048,1945477857.0
2024-07-05,26.89,26.89,26.24,26.67,100763142,2934921575.0
2024-07-08,26.58,27.33,26.56,27.21,100897073,3002371354.0
2024-07-09,27.2,27.59,27.11,27.57,85724564,2582804863.0
2024-07-10,27.54,27.67,27.17,27.38,76596809,2303742130.0
2024-07-11,27.4,27.47,27.01,27.46,74713995,2236982847.0
2024-07-12,27.43,27.56,27.1,27.18,68112730,2040744551.0
2024-07-15,27.09,27.74,26.98,27.68,78795504,2382355824.0
2024-07-16,27.74,28.08,27.51,28.01,68924858,2109134626.0
2024-07-17,27.97,28.15,27.8,28.01,74056856,2281313173.0
2024-07-18,27.97,28.6,27.94,28.52,99995624,3111871551.0
2024-07-19,28.49,28.69,28.28,28.56,112417521,3424215894.0
2024-07-22,28.56,28.58,27.74,28.37,97427649,2935254009.0
2024-07-23,28.39,28.77,28.28,28.64,90144787,2759644839.0
2024-07-24,28.64,29.13,28.52,28.99,88281095,2734065269.0
2024-07-25,29.02,29.21,28.36,28.79,97736868,3005729069.0
2024-07-26,28.68,28.68,27.77,28.16,114955273,3451737426.0
2024-07-29,27.98,28.39,27.56,28.21,75162251,2258829166.0
2024-07-30,28.18,28.45,27.91,28.12,60682304,1828272498.0
2024-07-31,28.07,28.08,27.53,27.89,94433185,2812743116.0
2024-08-01,27.69,28.34,27.64,28.13,68485869,2057753552.0
2024-08-02,28.02,28.32,27.83,28.24,57775048,1740593156.0
2024-08-05,28.1,28.21,27.88,27.93,63103071,1894210458.0
2024-08-06,27.93,28.1,27.36,27.51,93657365,2766826003.0
2024-08-07,27.43,28.07,27.43,27.78,67641078,2018243318.0
2024-08-08,27.78,28.03,27.66,27.81,46760473,1394043160.0
2024-08-09,27.75,27.82,27.43,27.59,59690063,1763288971.0
2024-08-12,27.61,27.75,27.2,27.25,51089121,1500108927.0
2024-08-13,27.35,27.44,27.14,27.33,46163028,1349026967.0
2024-08-14,27.36,27.88,27.11,27.6,67862636,2004395676.0
2024-08-15,27.59,27.99,27.46,27.83,59889587,1783081179.0
2024-08-16,27.85,27.91,27.58,27.66,50949931,1509091295.0
2024-08-19,27.64,27.89,27.62,27.77,42798248,1272877014.0
2024-08-20,27.79,27.87,27.49,27.69,46130402,1364741834.0
2024-08-21,27.7,27.82,27.3,27.78,47190994,1395813811.0
2024-08-22,27.74,28.3,27.73,28.24,77938021,2341186875.0
2024-08-23,28.27,28.32,27.83,27.93,54611188,1639163833.0
2024-08-26,27.93,28.07,27.53,27.85,49639581,1474548432.0
2024-08-27,27.79,27.93,27.63,27.83,35060495,1043728923.0
2024-08-28,27.82,28.11,27.74,27.85,49690215,1485759125.0
2024-08-29,27.87,27.9,27.33,27.42,67603577,1991001428.0
2024-08-30,27.32,27.63,26.81,27.44,89849336,2626216879.0
2024-09-02,27.11,27.84,27.1,27.75,73329606,2171845328.0
2024-09-03,27.69,27.82,27.13,27.19,66710788,1952057304.0
2024-09-04,27.19,27.4,27.0,27.22,40153496,1170959318.0
2024-09-05,27.23,27.35,27.01,27.2,37487408,1088725236.0
2024-09-06,27.18,27.53,27.15,27.18,40053763,1173648850.0
2024-09-09,27.3,27.49,27.14,27.41,63373236,1856318800.0
2024-09-10,27.37,27.54,27.04,27.22,58004957,1692616092.0
2024-09-11,27.22,27.22,25.82,25.96,143949737,4047995050.0
2024-09-12,25.87,26.21,25.8,26.02,66219139,1843149366.0
2024-09-13,26.02,26.62,25.98,26.43,80973210,2289211168.0
2024-09-18,26.38,26.84,26.36,26.45,52623623,1500353768.0
2024-09-19,26.5,26.55,26.0,26.46,69799705,1964300124.0
2024-09-20,26.32,26.45,26.0,26.29,82295178,2309733075.0
2024-09-23,26.29,26.55,26.13,26.34,47904951,1353258731.0
2024-09-24,26.55,26.97,26.22,26.86,106478651,3033603594.0
2024-09-25,27.01,27.68,26.93,27.02,118176242,3447719854.0
2024-09-26,27.12,27.21,26.81,27.21,114316343,3305503263.0
2024-09-27,27.3,27.3,26.21,27.08,188703666,5391564516.0
2024-09-30,26.93,28.49,26.72,28.07,396078494,11687901897.0
2024-10-08,29.9,30.15,26.97,27.29,462356540,13932515165.0
2024-10-09,27.07,27.45,26.36,26.66,266925415,7713072332.0
2024-10-10,26.71,27.86,26.7,27.25,262428403,7695861718.0
2024-10-11,27.27,27.78,27.08,27.28,142589633,4191339711.0
2024-10-14,27.29,27.6,27.18,27.41,144701436,4245091617.0
2024-10-15,27.36,27.45,26.97,26.97,117112841,3411757960.0
2024-10-16,26.9,27.38,26.72,26.81,127230016,3677022600.0
2024-10-17,26.83,26.89,26.43,26.43,112093819,3190851474.0
2024-10-18,26.45,26.78,26.18,26.55,149181606,4224020290.0
2024-10-21,26.49,26.49,26.01,26.11,139628417,3905210023.0
2024-10-22,26.11,26.49,25.99,26.23,104063225,2922214929.0
2024-10-23,26.23,26.46,26.15,26.21,90280066,2538199816.0
2024-10-24,26.21,26.27,25.92,26.15,78386191,2189138483.0
2024-10-25,26.15,26.23,25.6,25.72,150718465,4162517848.0
2024-10-28,25.72,25.72,25.37,25.72,117784905,3221776479.0
2024-10-29,25.72,26.18,25.54,25.88,131188363,3635175151.0
2024-10-30,25.89,26.05,25.64,25.88,101259892,2800095149.0
2024-10-31,26.13,26.16,25.61,25.76,121903136,3369699700.0
2024-11-01,25.69,26.15,25.58,26.13,121360771,3377377151.0
2024-11-04,26.13,26.14,25.79,26.06,90600962,2514532409.0
2024-11-05,25.97,26.09,25.89,26.02,130938756,3643039779.0
2024-11-06,25.99,26.06,25.65,25.68,138088740,3816254671.0
2024-11-07,25.59,26.01,25.58,25.99,133033377,3687552721.0
2024-11-08,26.0,26.11,25.71,25.8,119023483,3295504902.0
2024-11-11,25.65,25.8,25.55,25.66,93996202,2579507983.0
2024-11-12,25.66,25.8,25.17,25.19,201746671,5479470999.0
2024-11-13,25.1,25.67,25.01,25.58,155188222,4230284151.0
2024-11-14,25.54,25.86,25.43,25.61,98646616,2714473179.0
2024-11-15,25.56,25.67,25.31,25.31,93580893,2550153940.0
2024-11-18,25.37,25.72,25.3,25.61,119051790,3261120178.0
2024-11-19,25.59,25.68,25.38,25.56,95680280,2615794240.0
2024-11-20,25.56,25.92,25.41,25.8,99804939,2747324911.0
2024-11-21,25.74,25.87,25.72,25.84,67848491,1875901033.0
2024-11-22,25.84,25.95,25.46,25.46,97129106,2668597372.0
2024-11-25,25.58,25.77,25.24,25.34,101408771,2767754675.0
2024-11-26,25.31,25.39,25.13,25.22,88306380,2387017997.0
2024-11-27,25.2,25.64,25.2,25.58,102469314,2795306804.0
2024-11-28,25.56,25.66,25.38,25.62,69160630,1892727089.0
2024-11-29,25.63,25.87,25.5,25.52,109026420,2998565910.0
2024-12-02,25.58,25.88,25.5,25.79,88629895,2442141195.0
2024-12-03,25.8,26.24,25.72,26.1,134347559,3742682857.0
2024-12-04,26.1,26.65,25.97,26.57,137225662,3874772096.0
2024-12-05,26.52,26.79,26.34,26.43,98035433,2785865462.0
2024-12-06,26.45,26.65,26.29,26.32,90935412,2571289497.0
2024-12-09,26.27,26.63,26.09,26.53,80287292,2273588991.0
2024-12-10,26.52,26.69,26.11,26.17,167887746,4740338733.0
2024-12-11,26.24,26.36,26.12,26.31,63618426,1788397138.0
2024-12-12,26.29,26.6,26.27,26.52,77874956,2210068869.0
2024-12-13,26.56,26.97,26.47,26.82,154285770,4421516826.0
2024-12-16,26.88,27.45,26.88,27.35,143463294,4191213538.0
2024-12-17,27.39,27.6,27.26,27.34,107804406,3166685527.0
2024-12-18,27.44,27.85,27.21,27.48,98396558,2902181336.0
2024-12-19,27.33,27.7,27.28,27.33,91061598,2682851059.0
2024-12-20,27.28,27.49,27.16,27.27,78725172,2300287601.0
2024-12-23,27.26,27.84,27.19,27.62,108633632,3214208944.0
2024-12-24,27.52,27.88,27.42,27.84,92735550,2753108462.0
2024-12-25,27.85,27.95,27.71,27.82,68516052,2043557883.0
2024-12-26,27.82,27.86,27.36,27.38,89884558,2645228041.0
2024-12-27,27.36,27.67,27.24,27.65,85423709,2508819673.0
2024-12-30,27.65,27.86,27.4,27.47,77825662,2298925152.0
2024-12-31,27.46,27.8,27.42,27.6,96537038,2859607977.0
2025-01-02,27.56,27.77,27.16,27.27,104122008,3057996060.0
2025-01-03,27.28,27.49,26.94,27.08,94632286,2753136714.0
2025-01-06,27.18,27.18,26.63,26.98,79467426,2286573074.0
2025-01-07,26.97,26.98,26.65,26.8,65496030,1879633128.0
2025-01-08,26.78,27.23,26.74,27.08,90630929,2624410315.0
2025-01-09,27.03,27.14,26.75,26.89,58177058,1676501567.0
2025-01-10,26.89,27.13,26.63,26.96,69490983,2005099923.0
2025-01-13,26.9,27.0,26.55,26.91,90627806,2602917132.0
2025-01-14,26.9,27.07,26.82,26.94,81985665,2362763164.0
2025-01-15,26.83,27.2,26.72,26.9,72279278,2086198307.0
2025-01-16,26.83,27.07,26.82,26.94,72060240,2076090814.0
2025-01-17,26.96,27.11,26.86,27.09,59637230,1726533811.0
2025-01-20,27.13,27.14,26.93,27.06,66542377,1927427722.0
2025-01-21,27.05,27.37,26.92,27.23,78941328,2299694593.0
2025-01-22,27.23,27.36,26.71,26.79,107370320,3102296596.0
2025-01-23,26.82,26.91,26.41,26.62,103468365,2953937702.0
2025-01-24,26.7,26.96,26.53,26.53,84000577,2388148361.0
2025-01-27,26.6,27.38,26.55,27.19,99524449,2863650427.0
2025-02-05,27.15,27.18,26.6,26.67,90286113,2568658666.0
2025-02-06,26.68,26.75,26.47,26.6,67609734,1908311707.0
2025-02-07,26.53,26.57,26.25,26.47,109147551,3059789716.0
2025-02-10,26.39,26.5,26.25,26.26,96900076,2709703559.0
2025-02-11,26.33,26.33,26.06,26.25,90138630,2507433419.0
2025-02-12,26.2,26.37,26.13,26.34,71470071,1996133152.0
2025-02-13,26.27,26.56,26.18,26.5,94001814,2643911849.0
2025-02-14,26.5,26.82,26.39,26.54,92876377,2628490803.0
2025-02-17,26.4,26.5,25.99,26.5,109580719,3060604828.0
2025-02-18,26.39,26.87,26.39,26.68,108370674,3074479598.0
2025-02-19,26.59,26.73,26.37,26.41,83243097,2344764606.0
2025-02-20,26.34,26.46,26.21,26.38,69621175,1949177936.0
2025-02-21,26.38,26.38,26.07,26.16,124688160,3470960409.0
2025-02-24,26.16,26.27,25.88,25.92,129403179,3578403310.0
2025-02-25,25.95,26.02,25.59,25.71,97322862,2669049554.0
2025-02-26,25.69,26.06,25.66,26.0,88916962,2451236807.0
2025-02-27,26.01,26.08,25.7,25.89,99176939,2727061265.0
2025-02-28,25.86,26.1,25.73,25.76,117501775,3236479356.0
2025-03-03,25.76,25.81,25.46,25.49,112763438,3060769037.0
2025-03-04,25.49,25.59,25.38,25.54,64725189,1755054866.0
2025-03-05,25.54,25.97,25.41,25.86,94660546,2594982596.0
2025-03-06,25.79,25.86,25.54,25.61,98075923,2671549581.0
2025-03-07,25.6,25.75,25.53,25.65,68383213,1864258519.0
2025-03-10,25.66,25.67,25.43,25.5,88322350,2392990833.0
2025-03-11,25.44,25.68,25.43,25.58,91040312,2468093094.0
2025-03-12,25.55,25.58,25.41,25.52,78523785,2126412560.0
2025-03-13,25.5,25.73,25.49,25.64,87409660,2380546787.0
2025-03-14,25.68,25.92,25.62,25.83,111413990,3056432801.0
2025-03-17,25.88,26.05,25.73,25.75,76352193,2099106675.0
2025-03-18,25.75,25.8,25.56,25.59,77719309,2116224352.0
2025-03-19,25.63,26.06,25.55,26.0,131859932,3633878031.0
2025-03-20,26.06,26.12,25.91,26.01,60194152,1663702537.0
2025-03-21,26.03,26.12,25.75,25.78,74187671,2042970840.0
2025-03-24,25.8,26.16,25.75,26.06,99162478,2745637503.0
2025-03-25,26.07,26.34,25.93,26.28,77255982,2152626393.0
2025-03-26,26.28,26.34,25.98,26.18,69088342,1917234896.0
2025-03-27,26.11,26.21,25.99,26.13,57299116,1588239086.0
2025-03-28,26.12,26.25,26.01,26.2,57222334,1590738628.0
2025-03-31,26.27,26.45,26.11,26.17,90484100,2528379570.0
2025-04-01,26.2,26.29,26.02,26.25,57988638,1614469478.0
2025-04-02,26.25,26.31,26.07,26.18,55353026,1539467924.0
2025-04-03,26.07,26.76,26.07,26.72,143798229,4054692590.0
2025-04-07,26.38,27.15,26.13,26.66,325872228,9247372446.0
2025-04-08,26.59,27.45,26.34,27.33,234119048,6700167019.0
2025-04-09,27.33,27.85,27.06,27.82,219801803,6447093992.0
2025-04-10,27.72,27.75,27.14,27.45,138562486,4027976355.0
2025-04-11,27.55,27.55,27.29,27.47,87332101,2542617678.0
2025-04-14,27.29,27.52,27.12,27.43,82637532,2399272788.0
2025-04-15,27.36,27.61,27.28,27.54,78307971,2283991241.0
2025-04-16,27.52,27.67,27.33,27.66,100760206,2945909908.0
2025-04-17,27.57,27.59,27.29,27.48,84085337,2448925444.0
2025-04-18,27.38,27.85,27.34,27.83,88117388,2592643254.0
2025-04-21,27.76,27.94,27.57,27.58,56583745,1666610558.0
2025-04-22,27.59,28.06,27.5,27.6,76894856,2269549948.0
2025-04-23,27.55,27.64,27.36,27.47,61610691,1800663508.0
2025-04-24,27.47,27.8,27.44,27.72,56927325,1675349936.0
2025-04-25,27.74,27.97,27.57,27.77,54457223,1604922452.0
2025-04-28,27.77,28.15,27.67,27.96,72347085,2153224045.0
2025-04-29,27.96,28.01,27.61,27.72,72305923,2130508757.0
2025-04-30,27.8,27.82,27.59,27.76,55350878,1630308197.0
2025-05-06,27.9,27.9,27.41,27.45,83099000,2427460661.0
2025-05-07,27.55,27.64,27.34,27.61,80888990,2365688066.0
2025-05-08,27.55,27.74,27.49,27.58,46996050,1380550567.0
2025-05-09,27.57,28.01,27.55,27.8,73292755,2165675400.0
2025-05-12,27.72,27.93,27.58,27.79,57235498,1690208659.0
2025-05-13,27.68,27.98,27.62,27.98,61698606,1827173098.0
2025-05-14,27.97,28.32,27.92,28.3,74790567,2238358173.0
2025-05-15,28.28,28.57,28.23,28.56,71543285,2161488738.0
2025-05-16,28.51,28.7,28.19,28.32,63755987,1920478840.0
2025-05-19,28.32,28.77,28.32,28.67,56194236,1709383591.0
2025-05-20,28.68,29.11,28.68,28.87,60587616,1863321473.0
2025-05-21,28.92,29.12,28.89,28.98,53549849,1650446696.0
2025-05-22,28.98,29.21,28.75,29.2,53726373,1657926805.0
2025-05-23,29.16,29.22,28.59,28.69,85424773,2613433482.0
2025-05-26,28.6,28.75,28.34,28.55,62651237,1899418062.0
2025-05-27,28.51,28.78,28.43,28.47,56798057,1726016759.0
2025-05-28,28.48,28.74,28.41,28.73,53780908,1636711126.0
2025-05-29,28.68,28.74,28.33,28.5,66936874,2025718727.0
2025-05-30,28.53,28.69,28.41,28.41,64478998,1954519954.0
2025-06-03,28.49,28.56,28.09,28.37,78322252,2350698980.0
2025-06-04,28.36,28.38,28.09,28.12,59558198,1785117391.0
2025-06-05,28.12,28.17,27.9,28.04,55135038,1641525833.0
2025-06-06,28.04,28.25,27.99,28.22,54693654,1638392602.0
2025-06-09,28.16,28.31,28.09,28.21,68059358,2040230084.0
2025-06-10,28.21,28.5,28.19,28.25,66348841,1998903728.0
2025-06-11,28.23,28.49,28.21,28.4,57665617,1739533416.0
2025-06-12,28.38,28.54,28.25,28.41,63183872,1906275622.0
2025-06-13,28.41,28.85,28.4,28.81,104423426,3184688177.0
2025-06-16,28.74,28.81,28.51,28.66,51655391,1573740481.0
2025-06-17,28.65,28.89,28.28,28.86,78898566,2399315252.0
2025-06-18,28.79,29.04,28.76,28.89,62172076,1912522039.0
2025-06-19,28.98,29.02,28.77,28.9,55930574,1716728361.0
2025-06-20,28.9,29.01,28.58,28.6,56160340,1716057582.0
2025-06-23,28.58,28.94,28.49,28.84,58800921,1794276498.0
2025-06-24,28.8,28.99,28.73,28.77,78840002,2415321534.0
2025-06-25,28.68,29.12,28.6,29.05,78370666,2407314283.0
2025-06-26,29.05,29.35,29.04,29.27,70564856,2189373110.0
2025-06-27,29.32,29.32,28.41,28.43,147453009,4499854721.0
2025-06-30,28.44,28.62,28.32,28.36,75518456,2282994819.0
2025-07-01,28.41,28.72,28.37,28.57,59476275,1806986262.0
2025-07-02,28.6,28.68,28.43,28.46,57183495,1734049631.0
2025-07-03,28.47,28.49,28.09,28.31,93681123,2811204131.0
2025-07-04,28.28,28.5,28.24,28.38,67922805,2048728031.0
2025-07-07,28.45,28.49,28.29,28.47,50827848,1534745747.0
2025-07-08,28.48,28.48,28.14,28.15,107328601,3219638664.0
2025-07-09,28.18,28.32,28.09,28.21,67038321,2011578386.0
2025-07-10,28.23,28.3,28.04,28.13,94764305,2835522287.0
2025-07-11,28.15,28.78,28.1,28.6,164215479,4984368453.0
2025-07-14,28.62,28.97,28.6,28.8,77154717,2363137312.0
2025-07-15,28.8,28.87,28.56,28.68,56246157,1714077283.0
2025-07-16,28.79,28.85,28.54,28.55,38621346,1174692478.0
2025-07-17,28.53,28.6,28.34,28.38,61465548,1855170425.0
2025-07-18,28.49,28.54,28.3,28.45,60170190,1774601208.0
2025-07-21,28.64,28.79,28.37,28.46,77827654,2301161415.0
2025-07-22,28.41,28.46,28.24,28.31,94394047,2772595624.0
2025-07-23,28.36,28.4,28.13,28.14,107354945,3142732507.0
2025-07-24,28.15,28.15,27.77,27.91,166882768,4823718576.0
2025-07-25,27.83,27.95,27.72,27.72,100879090,2910198554.0
2025-07-28,27.72,27.81,27.58,27.62,84445060,2421911286.0
2025-07-29,27.59,27.71,27.58,27.61,71772013,2057394625.0
2025-07-30,27.62,27.91,27.62,27.68,97828042,2814742121.0
2025-07-31,27.41,27.41,26.71,26.85,257969828,7209401327.0
2025-08-01,26.8,27.05,26.69,26.99,98148606,2738151406.0
2025-08-04,26.9,27.16,26.81,27.14,82320372,2311780582.0
2025-08-05,27.14,27.17,26.96,27.1,78715270,2209870180.0
2025-08-06,27.09,27.12,26.88,26.97,114493479,3198859437.0
2025-08-07,26.94,27.17,26.85,27.06,105195676,2948188366.0
2025-08-08,27.06,27.08,26.87,26.87,82497210,2304820604.0
2025-08-11,26.87,26.89,26.53,26.7,124355056,3436843944.0
2025-08-12,26.7,26.89,26.65,26.77,74318390,2065281068.0
2025-08-13,26.78,26.86,26.62,26.64,93425687,2589154700.0
2025-08-14,26.63,26.89,26.62,26.67,101758796,2824224358.0
2025-08-15,26.72,26.79,26.62,26.64,107230233,2967736757.0
2025-08-18,26.65,26.73,26.57,26.65,114736196,3169229161.0
2025-08-19,26.66,26.79,26.62,26.64,114602398,3172704270.0
2025-08-20,26.62,26.75,26.48,26.7,102225937,2820524963.0
2025-08-21,26.7,26.95,26.67,26.86,117934754,3284359052.0
2025-08-22,26.89,26.92,26.71,26.88,103210400,2866065221.0
2025-08-25,27.04,27.53,27.03,27.34,218566604,6194362996.0
2025-08-26,27.34,27.39,27.2,27.3,113061248,3198022514.0
2025-08-27,27.24,27.29,26.93,26.96,127532414,3586735277.0
2025-08-28,26.95,26.99,26.7,26.88,109296247,3043101973.0
2025-08-29,26.9,27.16,26.86,27.09,106729846,2996376746.0
2025-09-01,27.1,27.1,26.72,26.8,124608667,3468108875.0
2025-09-02,26.71,27.28,26.71,27.2,175144601,4918052711.0
2025-09-03,27.24,27.39,26.84,26.96,127133113,3563092890.0
2025-09-04,26.94,27.29,26.72,27.22,175848097,4929530683.0
2025-09-05,27.16,27.3,27.0,27.07,106951308,3006365138.0
2025-09-08,27.02,27.21,27.0,27.15,90074039,2532976861.0
2025-09-09,27.16,27.19,26.96,27.01,76131632,2134208194.0
2025-09-10,27.01,27.09,26.9,27.01,59861483,1675916918.0
2025-09-11,27.0,27.11,26.92,27.0,105396656,2946879049.0
2025-09-12,27.0,27.15,26.9,26.93,92972812,2603224928.0
2025-09-15,26.9,26.91,26.77,26.81,72565697,2016875299.0
2025-09-16,26.8,26.81,26.66,26.74,57512876,1594342991.0
2025-09-17,26.73,26.84,26.68,26.71,61492675,1704493488.0
2025-09-18,26.7,26.71,26.24,26.34,144843297,3975030224.0
2025-09-19,26.35,26.37,26.15,26.23,73467022,1999478366.0
2025-09-22,26.13,26.28,26.06,26.15,69683094,1890783496.0
2025-09-23,26.15,26.41,26.07,26.35,87247325,2375221478.0
2025-09-24,26.31,26.55,26.27,26.28,87441299,2391918904.0
2025-09-25,26.24,26.35,26.11,26.32,63429258,1726865388.0
2025-09-26,26.33,26.57,26.27,26.49,79408706,2177282260.0
2025-09-29,26.45,26.52,26.22,26.33,92703100,2532328827.0
2025-09-30,26.37,26.38,26.24,26.28,61882774,1686097117.0
2025-10-09,26.24,26.71,26.18,26.69,113249909,3112861218.0
2025-10-10,26.66,26.8,26.53,26.74,71260502,1973210960.0
2025-10-13,26.71,26.9,26.42,26.8,117498220,3255599090.0
2025-10-14,26.75,27.01,26.57,26.99,136669904,3807496908.0
2025-10-15,26.98,27.15,26.78,26.93,92632329,2588206846.0
2025-10-16,26.86,27.16,26.85,27.16,93973494,2639404753.0
2025-10-17,27.13,27.37,27.06,27.11,114702154,3235603482.0
2025-10-20,27.12,27.15,26.76,27.05,91423076,2555513223.0
2025-10-21,27.0,27.1,26.86,26.91,80163574,2239195693.0
2025-10-22,26.89,27.08,26.86,27.04,61918968,1734320789.0
2025-10-23,27.04,27.26,27.04,27.22,78558809,2215031621.0
2025-10-24,27.2,27.28,27.08,27.18,77060006,2172735273.0
2025-10-27,27.14,27.54,27.02,27.29,124842635,3534388258.0
2025-10-28,27.25,27.52,27.25,27.44,73263565,2082899503.0
2025-10-29,27.44,27.44,27.25,27.28,74054303,2097455018.0
2025-10-30,27.28,27.54,27.18,27.45,86717376,2465019759.0
2025-10-31,27.44,27.44,26.93,27.1,118470229,3332582343.0
2025-11-03,27.11,27.34,27.11,27.3,61378322,1735602286.0
2025-11-04,27.3,27.67,27.27,27.58,104942889,2995456129.0
2025-11-05,27.61,27.67,27.39,27.41,68579115,1954741549.0
2025-11-06,27.38,27.58,27.35,27.48,67392832,1920939279.0
2025-11-07,27.49,27.62,27.42,27.5,55141784,1572837493.0
2025-11-10,27.5,27.57,27.38,27.51,49334459,1406140642.0
2025-11-11,27.51,27.7,27.45,27.6,62517578,1788389426.0
2025-11-12,27.68,27.85,27.59,27.59,62970497,1810844126.0
2025-11-13,27.6,27.7,27.25,27.43,101232804,2874569006.0
2025-11-14,27.43,27.69,27.33,27.33,74762518,2134920337.0
2025-11-17,27.36,27.42,27.03,27.16,72559643,2041952507.0
2025-11-18,27.16,27.33,27.08,27.15,59013698,1664566130.0
2025-11-19,27.15,27.32,27.11,27.22,48159761,1359794725.0
2025-11-20,27.17,27.31,27.05,27.14,57611235,1624414752.0
2025-11-21,27.16,27.26,27.07,27.16,91994150,2591450861.0
2025-11-24,27.17,27.19,26.92,27.18,97179569,2725992366.0
2025-11-25,27.18,27.19,26.84,27.03,92985419,2602515319.0
2025-11-26,27.03,27.12,26.9,26.94,66273278,1854668140.0
2025-11-27,26.93,27.14,26.79,27.09,76869286,2152113661.0
2025-11-28,27.01,27.07,26.95,26.98,59018067,1651765723.0
2025-12-01,27.05,27.15,26.99,27.07,58252394,1634524009.0
2025-12-02,27.03,27.26,27.02,27.25,74877962,2111131853.0
2025-12-03,27.24,27.35,27.2,27.26,44559966,1260442579.0
2025-12-04,27.29,27.31,27.16,27.23,37996706,1072988579.0
2025-12-05,27.23,27.23,27.02,27.07,54497550,1531066285.0
2025-12-08,27.07,27.1,26.87,26.88,75426506,2109155093.0
2025-12-09,26.93,27.04,26.9,26.97,51230207,1432281938.0
2025-12-10,26.93,27.07,26.86,26.89,58538954,1634914947.0
2025-12-11,26.92,26.94,26.76,26.87,69563624,1936057504.0
2025-12-12,26.86,27.05,26.82,27.04,89870832,2509907080.0
2025-12-15,26.99,27.15,26.96,27.04,53946613,1514955530.0
2025-12-16,27.06,27.08,26.83,26.97,67907746,1896170505.0
2025-12-17,26.93,27.0,26.85,26.92,59243613,1653641726.0
2025-12-18,26.92,27.09,26.89,27.08,46419794,1300956749.0
2025-12-19,27.03,27.08,26.83,26.86,79999314,2233930352.0
2025-12-22,26.85,26.87,26.52,26.56,156403393,4316199315.0
2025-12-23,26.52,26.75,26.5,26.73,70945112,1962122211.0
2025-12-24,26.72,26.72,26.57,26.65,49994280,1381469831.0
2025-12-25,26.64,26.69,26.59,26.65,30080576,831149451.0
2025-12-26,26.62,26.68,26.54,26.65,48259339,1332687115.0
2025-12-29,26.65,26.65,26.52,26.54,68903336,1897569339.0
2025-12-30,26.52,26.52,26.35,26.35,72424700,1982353612.0
2025-12-31,26.37,26.39,26.2,26.22,74293024,2021839640.0
2026-01-05,26.23,26.34,26.13,26.31,76569131,2084118017.0
2026-01-06,26.33,26.46,26.27,26.46,73843681,2020307561.0
2026-01-07,26.46,26.47,26.25,26.26,72170195,1970227485.0
2026-01-08,26.26,26.33,26.22,26.29,47057275,1282365975.0
2026-01-09,26.3,26.32,26.21,26.32,62903453,1713592955.0
2026-01-12,26.32,26.47,26.25,26.42,78435554,2145881938.0
2026-01-13,26.47,26.59,26.35,26.38,78538492,2154672433.0
2026-01-14,26.47,26.56,25.84,25.85,292750088,7941387446.0
2026-01-15,26.02,26.05,25.81,25.86,125927447,3382187545.0
2026-01-16,25.92,26.07,25.5,25.57,238854630,6368509096.0
2026-01-19,25.66,25.96,25.65,25.84,104721813,2803299152.0
2026-01-20,25.84,25.98,25.78,25.92,105003377,2822226858.0
2026-01-21,25.93,25.94,25.6,25.63,116328162,3105540544.0
2026-01-22,25.63,25.77,25.36,25.37,180784966,4779737327.0
2026-01-23,25.42,25.48,25.03,25.07,210691513,5502988264.0
2026-01-26,25.12,25.34,24.94,25.05,202869796,5283656766.0
2026-01-27,25.05,25.21,24.94,25.0,131381483,3416663130.0
2026-01-28,25.0,25.01,24.7,24.73,232649760,5985858969.0
2026-01-29,24.73,25.27,24.47,25.1,261623032,6732321039.0
2026-01-30,25.11,25.62,25.11,25.42,223849239,5906700028.0
2026-02-02,25.54,25.6,25.16,25.21,124225665,3267262732.0
2026-02-03,25.27,25.29,24.99,25.07,88543815,2302972625.0
2026-02-04,25.04,25.45,25.02,25.44,95705181,2512165683.0
2026-02-05,25.48,25.74,25.41,25.65,103244750,2739767940.0
2026-02-06,25.65,25.81,25.44,25.57,72562680,1922388504.0
2026-02-09,25.58,25.62,25.34,25.52,67829125,1792121462.0
2026-02-10,25.52,25.65,25.43,25.62,55920101,1483185481.0
2026-02-11,25.63,25.64,25.47,25.54,53388246,1412807447.0
2026-02-12,25.54,25.56,25.32,25.39,73734237,1925902011.0
2026-02-13,25.4,25.45,25.22,25.27,71554068,1863613082.0
2026-02-24,25.4,25.43,25.25,25.32,73078939,1903435481.0
2026-02-25,25.35,25.47,25.22,25.24,95620954,2492461852.0
2026-02-26,25.25,25.36,25.2,25.31,61977169,1611605301.0
2026-02-27,25.32,25.45,25.29,25.31,91903782,2396913236.0
2026-03-02,25.39,25.9,25.39,25.83,181772888,4815661932.0
2026-03-03,25.83,26.34,25.79,26.22,214554653,5763725302.0
2026-03-04,26.05,26.43,25.78,26.33,175735443,4731660303.0
2026-03-05,26.23,26.48,26.09,26.32,132914871,3600687805.0
2026-03-06,26.3,26.39,26.23,26.38,87836924,2377351285.0
2026-03-09,26.4,26.86,26.33,26.44,207502799,5674816795.0
2026-03-10,26.25,26.48,25.98,26.39,119285715,3217091405.0
2026-03-11,26.39,26.55,26.2,26.54,89744546,2439249557.0
2026-03-12,26.56,26.73,26.4,26.73,107896209,2951508824.0
2026-03-13,26.73,26.86,26.58,26.65,94277629,2590387280.0
2026-03-16,26.65,26.73,26.48,26.59,87203787,2388063540.0
2026-03-17,26.56,26.8,26.52,26.72,85028895,2338113044.0
2026-03-18,26.71,26.88,26.48,26.53,80028992,2191462951.0
2026-03-19,26.51,26.71,26.44,26.5,101525781,2777309817.0
2026-03-20,26.5,26.62,26.26,26.42,84555509,2299198422.0
2026-03-23,26.31,26.5,25.91,25.99,175727130,4727621378.0
2026-03-24,26.15,26.37,25.97,26.34,91076718,2455035706.0
2026-03-25,26.39,26.51,26.17,26.45,86054505,2335396506.0
2026-03-26,26.43,26.68,26.34,26.55,84501370,2305295042.0
2026-03-27,26.52,26.63,26.42,26.49,68551722,1869448582.0
2026-03-30,26.49,26.49,26.25,26.38,69278060,1880990759.0
2026-03-31,26.38,26.57,26.28,26.28,80258884,2181329248.0
2026-04-01,26.36,26.36,26.09,26.13,90608171,2440214452.0
2026-04-02,26.15,26.26,26.01,26.25,73984893,1988851813.0
2026-04-03,26.24,26.24,25.91,25.95,65627680,1757122436.0
2026-04-07,25.96,26.0,25.66,25.74,72627179,1926064162.0
2026-04-08,25.78,25.84,25.65,25.84,80619977,2138241990.0
2026-04-09,25.84,25.84,25.57,25.65,69128454,1824031017.0
2026-04-10,25.73,25.76,25.58,25.66,66558904,1756489575.0
2026-04-13,25.65,25.69,25.51,25.68,62626392,1648289578.0
2026-04-14,25.68,25.76,25.58,25.68,70116597,1848972432.0
2026-04-15,25.67,25.92,25.62,25.81,97056586,2576891492.0
2026-04-16,25.82,25.95,25.78,25.81,71958595,1912488030.0
2026-04-17,25.81,25.84,25.64,25.64,83606671,2214978373.0
2026-04-20,25.67,26.09,25.67,26.09,95041799,2538195456.0
2026-04-21,26.11,26.39,26.1,26.37,90443249,2446267987.0
2026-04-22,26.37,26.37,26.07,26.11,74160924,1997674385.0
2026-04-23,26.11,26.25,25.91,26.2,84590800,2270225989.0
2026-04-24,26.16,26.2,26.0,26.06,56446440,1514495496.0
2026-04-27,26.05,26.1,25.88,25.91,56259868,1504214891.0
2026-04-28,25.93,26.03,25.87,25.98,70060777,1869479612.0
2026-04-29,25.96,26.05,25.86,26.02,85596119,2284682165.0
2026-04-30,26.33,26.65,26.19,26.56,191463737,5218424711.0
2026-05-06,26.58,26.58,26.28,26.44,123774954,3359761259.0
2026-05-07,26.42,26.44,26.15,26.29,97328307,2633218235.0
2026-05-08,26.3,26.4,26.23,26.24,80442310,2173718079.0
2026-05-11,26.29,26.44,26.2,26.25,103095275,2787957982.0
2026-05-12,26.25,26.41,26.16,26.28,101176233,2738732723.0
2026-05-13,26.32,26.53,26.22,26.24,139691941,3785965443.0
2026-05-14,26.23,26.32,26.1,26.19,110294232,2971318672.0
2026-05-15,26.15,26.39,25.97,26.27,118755488,3202012497.0
2026-05-18,26.28,26.42,26.06,26.14,91589769,2465321894.0
2026-05-19,26.14,26.58,26.02,26.49,172564585,4692289634.0
2026-05-20,26.49,26.52,26.12,26.15,128434436,3473080686.0
2026-05-21,26.11,26.22,25.89,25.91,116610037,3127663670.0
2026-05-22,25.98,26.01,25.76,25.82,91588815,2436330692.0
2026-05-25,25.86,26.08,25.81,25.92,84154393,2245695731.0
2026-05-26,25.91,26.39,25.85,26.38,162652981,4397744505.0
2026-05-27,26.3,26.57,26.25,26.48,111271540,3026248640.0
2026-05-28,26.49,26.6,26.35,26.46,114657318,3124821006.0
2026-05-29,26.44,26.98,26.32,26.97,213437057,5888377325.0
2026-06-01,26.96,27.09,26.78,26.99,139278066,3861503134.0
2026-06-02,27.04,27.36,26.85,27.18,125757446,3513868172.0
2026-06-03,27.07,27.2,26.74,27.11,114300588,3168757471.0
2026-06-04,27.05,27.18,26.84,26.94,87497229,2430916403.0
2026-06-05,26.94,27.31,26.74,26.84,109413563,3042122314.0
2026-06-08,26.73,26.84,26.5,26.74,118065467,3238081015.0
2026-06-09,26.74,26.93,26.62,26.86,88253597,2433424842.0
2026-06-10,26.83,27.04,26.66,26.92,88750011,2457850309.0
2026-06-11,26.92,27.17,26.83,27.11,99125010,2759358768.0
2026-06-12,26.99,27.5,26.9,27.49,149424523,4191923900.0
2026-06-15,27.45,27.45,26.62,26.8,207661158,5743667948.0
2026-06-16,26.64,26.68,26.38,26.43,120599299,3287063796.0
2026-06-17,26.46,26.51,26.16,26.24,103444150,2794894312.0
2026-06-18,26.18,26.23,25.9,25.91,129594498,3466900701.0
2026-06-22,25.91,26.33,25.77,26.19,149732867,4009564149.0
2026-06-23,26.18,26.49,26.11,26.12,118565470,3206812850.0
2026-06-24,26.12,26.24,25.82,25.86,113456072,3026880697.0
2026-06-25,25.76,25.84,25.47,25.49,132187574,3482768792.0
2026-06-26,25.52,25.97,25.42,25.9,128265188,3395741671.0
2026-06-29,25.81,26.15,25.53,26.09,123257906,3286300313.0
2026-06-30,25.96,26.09,25.64,25.73,102277653,2712032641.0
2026-07-01,25.7,25.97,25.62,25.89,90939756,2417436712.0
2026-07-02,26.04,26.33,25.81,26.2,140055304,3761292696.0
2026-07-03,26.21,26.47,26.06,26.29,102824327,2779267352.0
2026-07-06,26.16,26.44,26.03,26.43,92457731,2502075780.0
2026-07-07,26.43,26.69,26.29,26.64,126822030,3460604485.0
2026-07-08,26.61,27.36,26.49,27.05,164844014,4582942182.0
2026-07-09,26.93,27.07,26.76,26.99,116039936,3214016729.0
2026-07-10,26.97,27.33,26.83,27.25,147074295,4103252830.0
2026-07-13,27.15,27.68,27.02,27.62,200809214,5671275769.0
2026-07-14,27.61,27.93,27.42,27.75,159241008,4530406161.0
2026-07-15,27.61,27.97,27.46,27.88,119360883,3415566785.0
2026-07-16,27.85,27.96,27.34,27.45,146113464,4139610581.0
2026-07-17,27.61,28.19,27.35,27.99,242860129,6802221692.0
2026-07-20,27.75,28.98,27.75,28.98,229266916,6567613792.0
2026-07-21,29.0,29.54,28.51,28.73,255005593,7372431513.0
2026-07-22,28.53,29.09,28.34,29.09,168282572,4833398608.0
2026-07-23,29.09,29.17,28.66,28.94,108155288,3122728895.0
2026-07-24,29.2,29.3,28.75,28.9,102175770,2952607877.0
2026-07-27,29.15,29.15,28.3,28.35,138719264,3951796879.0
2026-07-28,28.45,29.07,28.31,29.07,161302844,4643667790.0
2026-07-29,29.5,29.57,28.7,28.93,131444127,3804789457.0
2026-07-30,28.85,29.53,28.81,29.49,193063376,5667026325.0
2026-07-31,28.99,29.09,28.47,29.09,172339493,4958587427.0
2026-08-03,28.99,29.2,28.75,29.05,101801037,2949045835.0
2026-08-04,28.89,29.02,28.18,28.3,150898453,4287876494.0
2026-08-05,28.28,28.3,27.65,27.76,162011766,4502975337.0
2026-08-06,27.77,27.83,27.57,27.75,107092691,2963193717.0
