timestamps,open,high,low,close,volume,amount
2010-01-04,3.8,3.81,3.66,3.67,36677072,696022016.0
2010-01-05,3.68,3.73,3.56,3.66,51801336,961302208.0
2010-01-06,3.62,3.64,3.56,3.6,45137016,827980153.0
2010-01-07,3.61,3.61,3.5,3.53,48434056,880118208.0
2010-01-08,3.54,3.56,3.49,3.56,39630872,712964800.0
2010-01-11,3.65,3.7,3.4,3.45,75734720,1356083840.0
2010-01-12,3.43,3.44,3.31,3.42,65274054,1121490299.0
2010-01-13,3.32,3.32,3.13,3.17,115028040,1890698496.0
2010-01-14,3.19,3.21,3.13,3.17,59409016,962401344.0
2010-01-15,3.19,3.23,3.15,3.22,43107168,703448512.0
2010-01-18,3.22,3.22,3.13,3.19,56076608,907800256.0
2010-01-19,3.19,3.27,3.18,3.24,51357024,850012928.0
2010-01-20,3.24,3.26,3.14,3.15,48142224,782215168.0
2010-01-21,3.17,3.23,3.13,3.21,57768764,936364352.0
2010-01-22,3.17,3.43,3.14,3.32,109898400,1840920576.0
2010-01-25,3.25,3.37,3.23,3.24,51630568,866625472.0
2010-01-26,3.22,3.32,3.17,3.24,49247504,816953984.0
2010-01-27,3.24,3.27,3.1,3.12,47572704,769223296.0
2010-01-28,3.12,3.13,3.01,3.05,34943392,545383936.0
2010-01-29,3.04,3.12,3.01,3.05,34636852,542184768.0
2010-02-01,3.03,3.03,2.86,2.99,44014292,661059520.0
2010-02-02,2.99,3.08,2.94,2.98,37038972,572540032.0
2010-02-03,3.0,3.09,2.94,3.09,39702688,614635328.0
2010-02-04,3.05,3.12,3.03,3.1,27155228,429168288.0
2010-02-05,3.03,3.12,3.01,3.06,21912518,343172288.0
2010-02-08,3.06,3.1,2.99,3.02,18469374,286015744.0
2010-02-09,3.01,3.05,3.0,3.05,12258109,190194112.0
2010-02-10,3.07,3.1,3.05,3.09,12914404,203187440.0
2010-02-11,3.09,3.1,3.07,3.08,10393903,163844384.0
2010-02-12,3.09,3.13,3.08,3.11,12170964,193380992.0
2010-02-22,3.08,3.11,3.05,3.07,14054098,221851296.0
2010-02-23,3.07,3.09,2.99,3.0,16199569,249441968.0
2010-02-24,3.0,3.06,2.97,3.06,20554648,316101376.0
2010-02-25,3.06,3.13,3.04,3.1,28236588,448450368.0
2010-02-26,3.1,3.16,3.09,3.13,25024430,401292608.0
2010-03-01,3.13,3.23,3.13,3.21,28380148,464292704.0
2010-03-02,3.21,3.25,3.19,3.21,22309932,366308448.0
2010-03-03,3.2,3.25,3.15,3.25,23710998,387574336.0
2010-03-04,3.24,3.27,3.13,3.15,26850942,439140352.0
2010-03-05,3.15,3.19,3.13,3.14,12194430,196737120.0
2010-03-08,3.15,3.26,3.14,3.23,31121598,511351168.0
2010-03-09,3.23,3.32,3.19,3.28,35619044,596386240.0
2010-03-10,3.28,3.34,3.26,3.28,27717000,466753504.0
2010-03-11,3.29,3.34,3.23,3.25,26090512,437416416.0
2010-03-12,3.25,3.27,3.14,3.15,25376032,413932576.0
2010-03-15,3.16,3.18,3.07,3.1,22510596,358370112.0
2010-03-16,3.1,3.16,3.09,3.16,14635238,232961152.0
2010-03-17,3.16,3.24,3.15,3.23,19141948,313186464.0
2010-03-18,3.23,3.26,3.21,3.22,14925725,246837280.0
2010-03-19,3.22,3.24,3.2,3.24,8377376,137839696.0
2010-03-22,3.26,3.28,3.22,3.24,15494934,257068976.0
2010-03-23,3.23,3.25,3.15,3.17,17125648,278920064.0
2010-03-24,3.17,3.2,3.13,3.15,18637856,300777792.0
2010-03-25,3.15,3.16,3.08,3.1,16568324,262734528.0
2010-03-26,3.1,3.24,3.09,3.18,30042160,488563712.0
2010-03-29,3.19,3.32,3.19,3.32,63911992,1071342848.0
2010-03-30,3.31,3.33,3.29,3.31,27615988,467601248.0
2010-03-31,3.31,3.33,3.25,3.27,17315664,289911936.0
2010-04-01,3.28,3.31,3.24,3.28,29290140,490181696.0
2010-04-02,3.29,3.32,3.28,3.3,26507616,446905792.0
2010-04-06,3.31,3.37,3.3,3.31,22558140,383470176.0
2010-04-07,3.3,3.3,3.23,3.25,18937252,315165824.0
2010-04-08,3.24,3.24,3.16,3.19,28334074,463060448.0
2010-04-09,3.19,3.22,3.17,3.21,19733716,322037024.0
2010-04-12,3.21,3.22,3.12,3.15,40114320,644962240.0
2010-04-13,3.14,3.22,3.13,3.19,30253356,490858976.0
2010-04-14,3.19,3.2,3.13,3.16,31179652,501940928.0
2010-04-15,3.17,3.17,3.12,3.16,28279308,453899328.0
2010-04-16,3.15,3.15,3.08,3.09,32047212,508147584.0
2010-04-19,3.04,3.04,2.82,2.84,82452624,1221868160.0
2010-04-20,2.84,2.88,2.71,2.74,73441536,1036196288.0
2010-04-21,2.76,2.79,2.71,2.78,40104764,563113664.0
2010-04-22,2.77,2.77,2.62,2.68,54871424,754493952.0
2010-04-23,2.67,2.73,2.64,2.69,38728700,530533088.0
2010-04-26,2.69,2.71,2.65,2.66,22890468,313353760.0
2010-04-27,2.66,2.66,2.56,2.58,30393080,404088032.0
2010-04-28,2.57,2.65,2.55,2.64,48144480,643099328.0
2010-04-29,2.66,2.74,2.65,2.71,54854380,757294144.0
2010-04-30,2.73,2.78,2.7,2.76,51304520,720086592.0
2010-05-04,2.67,2.74,2.65,2.68,30874300,424514496.0
2010-05-05,2.65,2.77,2.64,2.76,39648868,551126848.0
2010-05-06,2.74,2.75,2.6,2.62,46173732,632331840.0
2010-05-07,2.55,2.66,2.54,2.63,26111446,348646560.0
2010-05-10,2.63,2.7,2.6,2.7,32055350,436501536.0
2010-05-11,2.76,2.77,2.53,2.56,75951752,1020117376.0
2010-05-12,2.54,2.64,2.49,2.64,53705440,708353408.0
2010-05-13,2.64,2.74,2.62,2.72,86340816,1191996544.0
2010-05-14,2.68,2.72,2.68,2.7,30356024,418289984.0
2010-05-17,2.66,2.66,2.55,2.59,30681304,408293760.0
2010-05-18,2.59,2.7,2.57,2.67,38305264,516320576.0
2010-05-19,2.64,2.69,2.58,2.63,32144312,434189952.0
2010-05-20,2.6,2.67,2.55,2.56,31237870,415344864.0
2010-05-21,2.51,2.62,2.5,2.6,31022456,407649984.0
2010-05-24,2.62,2.7,2.62,2.69,47894928,653785984.0
2010-05-25,2.67,2.72,2.62,2.64,48451700,661186240.0
2010-05-27,2.62,2.68,2.58,2.65,26979946,362585440.0
2010-05-28,2.68,2.69,2.63,2.63,23140494,314625920.0
2010-05-31,2.61,2.63,2.54,2.54,32673992,430299072.0
2010-06-01,2.54,2.56,2.44,2.49,40284140,514390976.0
2010-06-02,2.48,2.5,2.42,2.48,18591760,233769376.0
2010-06-03,2.49,2.53,2.46,2.46,21370488,272654048.0
2010-06-04,2.45,2.47,2.43,2.45,16434748,205766448.0
2010-06-07,2.42,2.42,2.35,2.35,27701106,336687200.0
2010-06-08,2.35,2.37,2.27,2.3,32516670,384329216.0
2010-06-09,2.32,2.47,2.25,2.45,85404800,1036906752.0
2010-06-10,2.38,2.39,2.33,2.35,44635380,538521024.0
2010-06-11,2.35,2.4,2.35,2.36,25569972,309952288.0
2010-06-17,2.38,2.43,2.36,2.37,29753818,362785568.0
2010-06-18,2.38,2.45,2.36,2.39,37851084,465685216.0
2010-06-21,2.43,2.52,2.41,2.49,54789624,691042112.0
2010-06-22,2.49,2.51,2.46,2.48,23571508,299480000.0
2010-06-23,2.46,2.48,2.41,2.43,22543056,280937664.0
2010-06-24,2.43,2.5,2.42,2.46,27185382,342265184.0
2010-06-25,2.43,2.49,2.43,2.47,24311778,305493312.0
2010-06-28,2.47,2.51,2.45,2.5,31207150,397253600.0
2010-06-29,2.5,2.52,2.37,2.39,34185636,424293760.0
2010-06-30,2.36,2.42,2.35,2.37,19005242,232960112.0
2010-07-01,2.37,2.41,2.36,2.38,15912446,193987248.0
2010-07-02,2.39,2.45,2.37,2.41,34466532,423878464.0
2010-07-05,2.4,2.45,2.37,2.42,23359596,287956512.0
2010-07-06,2.42,2.48,2.41,2.47,28845602,361732672.0
2010-07-07,2.46,2.48,2.42,2.46,18004736,224952016.0
2010-07-08,2.47,2.52,2.47,2.48,22487484,286234720.0
2010-07-09,2.48,2.59,2.46,2.55,41319652,536784768.0
2010-07-12,2.55,2.64,2.53,2.64,44957652,601506624.0
2010-07-13,2.6,2.63,2.55,2.6,25766960,339588576.0
2010-07-14,2.6,2.69,2.6,2.63,33109648,445604192.0
2010-07-15,2.62,2.64,2.52,2.56,30322084,398589408.0
2010-07-16,2.54,2.56,2.5,2.54,21676520,279446752.0
2010-07-19,2.52,2.62,2.51,2.61,25540872,336885664.0
2010-07-20,2.64,2.7,2.62,2.64,35291352,472748544.0
2010-07-21,2.65,2.67,2.62,2.65,19356300,258216736.0
2010-07-22,2.64,2.71,2.62,2.71,33345088,452131200.0
2010-07-23,2.7,2.8,2.7,2.75,51841760,721876032.0
2010-07-26,2.76,2.78,2.74,2.76,16876812,234387168.0
2010-07-27,2.76,2.76,2.7,2.7,22683548,310608000.0
2010-07-28,2.71,2.79,2.67,2.79,47623472,659780864.0
2010-07-29,2.78,2.8,2.72,2.77,30836248,430370400.0
2010-07-30,2.75,2.79,2.74,2.77,17993252,251328544.0
2010-08-02,2.77,2.85,2.76,2.84,35853488,508376352.0
2010-08-03,2.84,2.85,2.75,2.75,26721884,375506976.0
2010-08-04,2.75,2.79,2.7,2.76,24844926,342130720.0
2010-08-05,2.77,2.77,2.67,2.68,36224216,491858912.0
2010-08-06,2.68,2.71,2.62,2.7,32355238,435986176.0
2010-08-09,2.69,2.75,2.66,2.72,26994292,368703200.0
2010-08-10,2.72,2.73,2.61,2.61,31963850,427840800.0
2010-08-11,2.61,2.65,2.58,2.61,30138394,396424640.0
2010-08-12,2.59,2.63,2.56,2.57,27212656,354573344.0
2010-08-13,2.56,2.61,2.5,2.6,50362832,646481280.0
2010-08-16,2.58,2.67,2.57,2.65,38393376,508645824.0
2010-08-17,2.65,2.69,2.64,2.66,31303048,420308640.0
2010-08-18,2.67,2.69,2.63,2.65,26406120,353959648.0
2010-08-19,2.65,2.69,2.62,2.66,31690088,424873024.0
2010-08-20,2.65,2.69,2.63,2.64,28473530,381331456.0
2010-08-23,2.64,2.68,2.61,2.62,18531624,247271392.0
2010-08-24,2.61,2.66,2.58,2.62,18126356,239161888.0
2010-08-25,2.6,2.62,2.52,2.52,27162108,351033120.0
2010-08-27,2.53,2.54,2.5,2.52,18662088,236465616.0
2010-08-30,2.53,2.56,2.52,2.55,26858220,344140704.0
2010-08-31,2.55,2.55,2.5,2.51,26519704,335563968.0
2010-09-01,2.52,2.61,2.51,2.55,45535544,586819648.0
2010-09-02,2.58,2.6,2.54,2.55,27453300,354003136.0
2010-09-03,2.55,2.55,2.5,2.53,33183752,420329984.0
2010-09-06,2.55,2.61,2.52,2.6,46166308,600864896.0
2010-09-07,2.62,2.62,2.57,2.59,20865728,271925056.0
2010-09-08,2.56,2.57,2.5,2.53,50785468,644406976.0
2010-09-09,2.53,2.53,2.47,2.47,38174404,478477504.0
2010-09-10,2.47,2.5,2.43,2.46,24396040,302461216.0
2010-09-13,2.47,2.48,2.41,2.44,39006648,479643328.0
2010-09-14,2.46,2.49,2.43,2.45,27795484,344409792.0
2010-09-15,2.44,2.44,2.36,2.38,39670776,477897536.0
2010-09-16,2.38,2.38,2.3,2.32,29174740,343349728.0
2010-09-17,2.33,2.35,2.3,2.31,25901748,302698016.0
2010-09-20,2.31,2.35,2.3,2.33,28380260,333102432.0
2010-09-21,2.34,2.35,2.32,2.33,12070436,141857136.0
2010-09-27,2.34,2.35,2.3,2.32,22643098,264093168.0
2010-09-28,2.32,2.32,2.25,2.26,28581096,328479200.0
2010-09-29,2.26,2.3,2.25,2.28,28348064,326345984.0
2010-09-30,2.27,2.39,2.27,2.37,36414268,429802368.0
2010-10-08,2.38,2.46,2.35,2.45,41311280,504996704.0
2010-10-11,2.44,2.57,2.44,2.54,65874808,837170368.0
2010-10-12,2.52,2.58,2.5,2.56,39555932,505509888.0
2010-10-13,2.56,2.67,2.54,2.65,72624464,956865344.0
2010-10-14,2.66,2.76,2.63,2.63,80927864,1103856896.0
2010-10-15,2.62,2.85,2.61,2.83,112377344,1571167488.0
2010-10-18,2.83,3.01,2.83,2.88,103743496,1529616896.0
2010-10-19,2.88,2.92,2.82,2.91,44680608,643977536.0
2010-10-20,2.87,2.98,2.85,2.86,61416316,899920448.0
2010-10-21,2.86,2.9,2.72,2.76,49900040,698705600.0
2010-10-22,2.75,2.78,2.69,2.74,37259932,513171424.0
2010-10-25,2.74,2.84,2.66,2.79,54672872,754707520.0
2010-10-26,2.79,2.84,2.71,2.74,38824716,542163904.0
2010-10-27,2.73,2.83,2.68,2.7,41955300,583032576.0
2010-10-28,2.7,2.8,2.7,2.77,35650428,493713824.0
2010-10-29,2.77,2.77,2.7,2.72,26919752,369691904.0
2010-11-01,2.72,2.75,2.71,2.74,38981888,536865440.0
2010-11-02,2.74,2.78,2.69,2.75,53344672,734000448.0
2010-11-03,2.74,2.85,2.7,2.8,68749976,964300672.0
2010-11-04,2.8,2.82,2.76,2.79,37147188,521816128.0
2010-11-05,2.82,2.83,2.77,2.79,55641816,780937088.0
2010-11-08,2.8,2.85,2.79,2.8,39782100,564148032.0
2010-11-09,2.81,2.82,2.7,2.72,56095640,775788416.0
2010-11-10,2.7,2.71,2.59,2.63,65720128,874054336.0
2010-11-11,2.63,2.7,2.62,2.66,58416608,779760576.0
2010-11-12,2.65,2.65,2.5,2.5,55842864,723152512.0
2010-11-15,2.52,2.54,2.46,2.5,37756528,474274144.0
2010-11-16,2.51,2.51,2.39,2.41,40471480,497744032.0
2010-11-17,2.4,2.48,2.37,2.43,48099272,588434944.0
2010-11-18,2.45,2.47,2.4,2.46,27153150,334099392.0
2010-11-19,2.46,2.46,2.38,2.44,48066540,584206336.0
2010-11-22,2.4,2.42,2.39,2.4,29928652,361953568.0
2010-11-23,2.39,2.39,2.32,2.36,30823724,365024736.0
2010-11-24,2.35,2.42,2.35,2.39,25854608,311577632.0
2010-11-25,2.42,2.45,2.38,2.44,31816412,387625920.0
2010-11-26,2.42,2.42,2.39,2.39,19731222,238957264.0
2010-11-29,2.39,2.41,2.37,2.38,17963684,215601488.0
2010-11-30,2.38,2.4,2.32,2.36,26762276,318332544.0
2010-12-01,2.36,2.38,2.34,2.36,13031722,154982640.0
2010-12-02,2.4,2.41,2.37,2.38,16257448,195695184.0
2010-12-03,2.38,2.39,2.36,2.39,18828812,225542896.0
2010-12-06,2.38,2.42,2.37,2.41,23150600,279886432.0
2010-12-07,2.4,2.41,2.36,2.41,21301760,255679184.0
2010-12-08,2.4,2.41,2.36,2.36,27463902,328348896.0
2010-12-09,2.32,2.34,2.28,2.3,46003004,534884960.0
2010-12-10,2.3,2.33,2.28,2.32,22267696,258526432.0
2010-12-13,2.33,2.36,2.31,2.36,42940872,504330944.0
2010-12-14,2.36,2.36,2.34,2.35,22934156,271735360.0
2010-12-15,2.36,2.37,2.33,2.35,29051252,344180224.0
2010-12-16,2.35,2.35,2.32,2.33,21110406,248149872.0
2010-12-17,2.33,2.33,2.3,2.31,22127420,257208656.0
2010-12-20,2.32,2.32,2.25,2.27,35710408,410491680.0
2010-12-21,2.27,2.35,2.26,2.33,42068384,489422272.0
2010-12-22,2.34,2.34,2.29,2.29,21144988,245914496.0
2010-12-23,2.29,2.4,2.27,2.33,47116856,554405568.0
2010-12-24,2.3,2.39,2.29,2.36,46883824,554254976.0
2010-12-27,2.39,2.4,2.29,2.3,42780024,505980224.0
2010-12-28,2.28,2.32,2.28,2.29,22128136,256262496.0
2010-12-29,2.29,2.29,2.26,2.28,24150908,276303488.0
2010-12-30,2.27,2.29,2.24,2.26,25498598,290240128.0
2010-12-31,2.27,2.27,2.24,2.27,38796828,440758432.0
2011-01-04,2.28,2.33,2.24,2.31,45704508,528558848.0
2011-01-05,2.3,2.32,2.28,2.31,35019408,407133920.0
2011-01-06,2.3,2.33,2.3,2.31,26344328,306608928.0
2011-01-07,2.31,2.44,2.3,2.39,110213776,1325557120.0
2011-01-10,2.37,2.4,2.33,2.33,51143336,607204928.0
2011-01-11,2.32,2.38,2.31,2.37,31414298,372077824.0
2011-01-12,2.37,2.43,2.36,2.42,51709920,625442752.0
2011-01-13,2.43,2.43,2.39,2.41,25448748,308975680.0
2011-01-14,2.4,2.4,2.35,2.37,20895776,249759184.0
2011-01-17,2.35,2.36,2.26,2.28,29447036,343155744.0
2011-01-18,2.27,2.3,2.25,2.28,18594300,213169136.0
2011-01-19,2.28,2.31,2.26,2.3,20474404,235539040.0
2011-01-20,2.3,2.3,2.24,2.25,24029232,273803008.0
2011-01-21,2.24,2.35,2.24,2.29,27404640,316338208.0
2011-01-24,2.28,2.3,2.27,2.28,14047247,161633216.0
2011-01-25,2.28,2.32,2.28,2.3,18323812,212975840.0
2011-01-26,2.31,2.32,2.3,2.32,12892736,150202976.0
2011-01-27,2.3,2.35,2.28,2.34,27626068,322217280.0
2011-01-28,2.33,2.34,2.29,2.3,24472256,284097376.0
2011-01-31,2.3,2.32,2.29,2.31,16526347,191885568.0
2011-02-01,2.3,2.35,2.3,2.34,20764696,243387008.0
2011-02-09,2.32,2.35,2.28,2.28,25115724,292515200.0
2011-02-10,2.28,2.32,2.27,2.32,20551272,237636480.0
2011-02-11,2.31,2.31,2.29,2.31,28961396,336151168.0
2011-02-14,2.31,2.39,2.3,2.38,53966480,640956992.0
2011-02-15,2.38,2.4,2.36,2.36,43741832,524422208.0
2011-02-16,2.36,2.38,2.35,2.38,28010280,333605888.0
2011-02-17,2.39,2.46,2.37,2.4,47307208,574734912.0
2011-02-18,2.4,2.41,2.38,2.38,27073248,325688608.0
2011-02-21,2.36,2.37,2.34,2.37,35638504,423074016.0
2011-02-22,2.37,2.37,2.28,2.29,50212668,585551808.0
2011-02-23,2.29,2.3,2.28,2.29,22625332,260944160.0
2011-02-24,2.29,2.3,2.27,2.29,21832204,251465696.0
2011-02-25,2.29,2.33,2.27,2.3,30626472,354298272.0
2011-02-28,2.31,2.32,2.29,2.31,20533644,238512384.0
2011-03-01,2.32,2.36,2.31,2.34,35213280,414085824.0
2011-03-02,2.32,2.39,2.31,2.36,67471856,803563136.0
2011-03-03,2.37,2.44,2.35,2.4,102316296,1240996736.0
2011-03-04,2.38,2.42,2.37,2.41,48139192,581105600.0
2011-03-07,2.42,2.45,2.41,2.42,69171264,845068928.0
2011-03-08,2.43,2.44,2.41,2.42,35832676,437688352.0
2011-03-09,2.43,2.47,2.43,2.43,56639800,699461056.0
2011-03-10,2.43,2.43,2.37,2.37,38283520,460920800.0
2011-03-11,2.37,2.39,2.35,2.35,22336300,266536848.0
2011-03-14,2.36,2.38,2.35,2.36,18233000,216504160.0
2011-03-15,2.35,2.35,2.29,2.31,38156952,443825952.0
2011-03-16,2.31,2.34,2.3,2.34,22515222,263528992.0
2011-03-17,2.32,2.32,2.29,2.3,25189672,292601824.0
2011-03-18,2.32,2.36,2.3,2.34,24746064,288437024.0
2011-03-21,2.32,2.33,2.3,2.31,19695500,229619456.0
2011-03-22,2.32,2.34,2.3,2.34,31000366,363902400.0
2011-03-23,2.34,2.37,2.32,2.36,28890024,342027840.0
2011-03-24,2.36,2.37,2.34,2.35,18171128,215259296.0
2011-03-25,2.35,2.4,2.35,2.39,40107624,482263488.0
2011-03-28,2.41,2.42,2.39,2.39,38076508,461291040.0
2011-03-29,2.39,2.46,2.38,2.42,62989088,769508992.0
2011-03-30,2.42,2.46,2.41,2.42,51772372,635284032.0
2011-03-31,2.42,2.43,2.37,2.38,26761398,323415168.0
2011-04-01,2.38,2.44,2.38,2.44,36389868,444032256.0
2011-04-06,2.45,2.53,2.45,2.5,98272024,1237279360.0
2011-04-11,2.46,2.47,2.41,2.42,101212840,1242012928.0
2011-04-12,2.41,2.42,2.4,2.41,42353128,514461152.0
2011-04-13,2.4,2.44,2.39,2.44,58088232,705750528.0
2011-04-14,2.45,2.48,2.42,2.43,57142528,706828544.0
2011-04-15,2.42,2.47,2.42,2.46,42425680,524310720.0
2011-04-18,2.45,2.49,2.43,2.45,40883824,506861024.0
2011-04-19,2.43,2.44,2.4,2.41,29293104,356428000.0
2011-04-20,2.42,2.43,2.39,2.4,22122658,268488960.0
2011-04-21,2.42,2.43,2.41,2.42,22676462,276400000.0
2011-04-22,2.42,2.42,2.38,2.38,27094024,326706880.0
2011-04-25,2.37,2.39,2.35,2.37,23275660,277817728.0
2011-04-26,2.37,2.4,2.36,2.37,27500852,328835392.0
2011-04-27,2.38,2.39,2.36,2.37,22087120,264025968.0
2011-04-28,2.37,2.44,2.37,2.39,62827176,763724928.0
2011-05-03,2.37,2.37,2.33,2.35,47500312,559860352.0
2011-05-04,2.34,2.34,2.25,2.27,56485392,651992704.0
2011-05-05,2.26,2.29,2.26,2.27,27253844,312313856.0
2011-05-06,2.26,2.28,2.25,2.26,22882596,261481456.0
2011-05-09,2.27,2.28,2.26,2.27,17847772,203777424.0
2011-05-10,2.27,2.29,2.26,2.28,18035284,206838528.0
2011-05-11,2.28,2.29,2.27,2.27,21094500,242329728.0
2011-05-12,2.27,2.27,2.23,2.23,29054300,329775744.0
2011-05-13,2.24,2.25,2.21,2.25,25605928,287760576.0
2011-05-16,2.23,2.25,2.22,2.22,16627661,186878416.0
2011-05-17,2.22,2.25,2.22,2.24,17930156,201945856.0
2011-05-18,2.23,2.27,2.23,2.26,18849764,213975376.0
2011-05-19,2.26,2.27,2.24,2.24,13059693,148186000.0
2011-05-20,2.24,2.26,2.24,2.25,12917673,146775536.0
2011-05-23,2.25,2.25,2.2,2.2,23038160,257375632.0
2011-05-24,2.19,2.21,2.19,2.2,20429976,226578528.0
2011-05-25,2.2,2.2,2.17,2.17,14835907,163855312.0
2011-05-26,2.19,2.19,2.16,2.17,16205820,177915568.0
2011-05-27,2.17,2.19,2.16,2.17,20695948,226756656.0
2011-05-30,2.16,2.19,2.15,2.17,16039551,175466368.0
2011-05-31,2.18,2.19,2.17,2.19,15439232,169667056.0
2011-06-01,2.18,2.19,2.16,2.17,24429720,266546720.0
2011-06-02,2.15,2.15,2.05,2.07,41446048,437853632.0
2011-06-03,2.07,2.09,2.07,2.08,21478968,224734496.0
2011-06-07,2.07,2.08,2.06,2.08,12133312,126690824.0
2011-06-08,2.08,2.08,2.05,2.06,23617696,244499088.0
2011-06-09,2.06,2.06,2.04,2.04,17218420,177971408.0
2011-06-10,2.04,2.07,2.03,2.06,22675424,233991984.0
2011-06-13,2.05,2.05,2.01,2.03,25636314,256247424.0
2011-06-14,2.02,2.05,2.02,2.04,29217600,293973792.0
2011-06-15,2.03,2.03,1.99,2.0,38495928,381904960.0
2011-06-16,1.99,1.99,1.95,1.96,32894336,319106368.0
2011-06-17,1.96,2.0,1.93,1.94,49759756,480179136.0
2011-06-20,1.95,1.96,1.94,1.95,26948020,258912864.0
2011-06-21,1.95,1.97,1.95,1.97,25552476,247014096.0
2011-06-22,1.97,1.97,1.95,1.96,26926032,260681072.0
2011-06-23,1.95,2.01,1.95,2.0,25594330,249765264.0
2011-06-24,1.99,2.07,1.98,2.05,49275944,494578400.0
2011-06-27,2.05,2.06,2.03,2.04,29442884,296752768.0
2011-06-28,2.05,2.05,2.01,2.02,24513952,244664960.0
2011-06-29,2.03,2.03,2.0,2.0,20071984,199470608.0
2011-06-30,2.01,2.04,2.0,2.02,30816446,307908288.0
2011-07-01,2.03,2.04,2.01,2.01,32792058,326509536.0
2011-07-04,2.02,2.08,2.02,2.07,47221760,478248160.0
2011-07-05,2.07,2.09,2.05,2.07,31131700,317947968.0
2011-07-06,2.07,2.07,2.03,2.05,21538976,217253984.0
2011-07-07,2.07,2.08,2.04,2.04,36639932,371710848.0
2011-07-08,2.04,2.07,2.04,2.06,27783120,281888704.0
2011-07-11,2.05,2.05,2.03,2.04,21408436,215521392.0
2011-07-12,2.03,2.03,2.0,2.0,23680602,234945024.0
2011-07-13,2.0,2.03,2.0,2.03,23726000,236600448.0
2011-07-14,2.03,2.04,2.02,2.03,22339090,223267088.0
2011-07-15,2.03,2.04,2.02,2.04,22499758,226047760.0
2011-07-18,2.05,2.05,2.03,2.04,21883250,220667056.0
2011-07-19,2.03,2.03,2.01,2.01,18709968,186063680.0
2011-07-20,2.02,2.03,2.0,2.01,12528087,124437072.0
2011-07-21,2.02,2.02,1.99,1.99,20957620,206500560.0
2011-07-22,2.0,2.0,1.99,1.99,21860538,215087088.0
2011-07-25,1.98,1.98,1.93,1.93,29282528,282469760.0
2011-07-26,1.93,1.94,1.92,1.93,14814473,141244384.0
2011-07-27,1.93,1.94,1.92,1.94,17252816,164808960.0
2011-07-28,1.93,1.93,1.91,1.92,15987649,151494128.0
2011-07-29,1.92,2.02,1.92,1.97,35336528,343057184.0
2011-08-01,1.96,1.97,1.94,1.95,16739778,161463920.0
2011-08-02,1.94,1.94,1.92,1.94,12111658,115177408.0
2011-08-03,1.92,1.95,1.91,1.94,10898626,103881840.0
2011-08-04,1.95,1.95,1.93,1.94,7957266,76274008.0
2011-08-05,1.89,1.92,1.88,1.9,17013936,159505968.0
2011-08-08,1.89,1.91,1.81,1.83,33783412,308642208.0
2011-08-09,1.79,1.84,1.77,1.83,36390704,324550656.0
2011-08-10,1.85,1.86,1.83,1.84,27709062,252993312.0
2011-08-11,1.81,1.87,1.8,1.86,27004194,246377808.0
2011-08-12,1.87,1.88,1.85,1.86,20085488,184659392.0
2011-08-15,1.86,1.92,1.85,1.91,29998684,279486976.0
2011-08-16,1.9,1.93,1.89,1.89,24140008,227004992.0
2011-08-17,1.89,1.91,1.89,1.9,15859972,148737104.0
2011-08-18,1.9,1.9,1.86,1.86,14167056,131564632.0
2011-08-19,1.83,1.86,1.83,1.84,15520195,140976688.0
2011-08-22,1.85,1.86,1.83,1.84,10344090,93978656.0
2011-08-23,1.84,1.88,1.83,1.87,15624935,143507424.0
2011-08-24,1.88,1.93,1.88,1.9,37208832,350435872.0
2011-08-25,1.91,2.0,1.9,1.99,70467008,684268416.0
2011-08-26,1.98,2.01,1.97,2.01,35169576,345911136.0
2011-08-29,1.98,1.98,1.93,1.95,30621564,295320224.0
2011-08-30,1.97,2.01,1.96,1.97,43586576,428454304.0
2011-08-31,1.97,2.0,1.95,1.98,30090652,293474656.0
2011-09-01,1.99,2.03,1.98,2.0,44198176,437131200.0
2011-09-02,1.99,2.0,1.96,1.97,20963346,204806160.0
2011-09-05,1.95,1.95,1.93,1.93,20318904,194182144.0
2011-09-06,1.92,1.94,1.9,1.93,22190606,210302816.0
2011-09-07,1.94,1.99,1.93,1.98,23956160,231661968.0
2011-09-08,1.98,1.98,1.95,1.95,18942016,183691472.0
2011-09-09,1.96,2.0,1.95,1.98,22408760,218661312.0
2011-09-13,1.95,1.98,1.95,1.98,17751340,172225520.0
2011-09-14,1.98,1.99,1.93,1.97,22272056,215508864.0
2011-09-15,1.97,1.98,1.94,1.95,19521120,188831344.0
2011-09-16,1.97,1.98,1.95,1.96,15052657,146209280.0
2011-09-19,1.95,1.95,1.91,1.91,16650210,157949536.0
2011-09-20,1.91,1.94,1.9,1.94,11024708,104687672.0
2011-09-21,1.93,1.99,1.92,1.98,23657604,229959552.0
2011-09-22,1.97,2.01,1.95,1.95,35815000,350406144.0
2011-09-23,1.93,1.97,1.92,1.96,20653462,197626896.0
2011-09-26,1.95,1.96,1.88,1.89,22294536,210704624.0
2011-09-27,1.91,1.92,1.89,1.91,13959068,131537488.0
2011-09-28,1.92,1.93,1.86,1.87,13215221,123611936.0
2011-09-29,1.86,1.9,1.84,1.87,16037233,148376304.0
2011-09-30,1.87,1.9,1.86,1.87,15624739,144619824.0
2011-10-10,1.87,1.88,1.84,1.86,10416087,95392648.0
2011-10-11,1.93,1.95,1.88,1.89,23447128,221260320.0
2011-10-12,1.88,1.97,1.88,1.97,35295344,339747168.0
2011-10-13,1.96,1.97,1.95,1.97,20194028,195285360.0
2011-10-14,1.96,1.99,1.94,1.98,19692432,190924368.0
2011-10-17,1.98,2.02,1.97,2.0,21047596,207619520.0
2011-10-18,1.98,2.0,1.95,1.95,19097696,185284224.0
2011-10-19,1.96,2.01,1.96,1.98,25690680,251758304.0
2011-10-20,1.98,1.98,1.93,1.95,20457112,197454464.0
2011-10-21,1.95,2.01,1.95,1.99,30949616,303681472.0
2011-10-24,1.99,2.07,1.98,2.05,53555636,537818624.0
2011-10-25,2.05,2.08,2.02,2.05,42848128,433219936.0
2011-10-26,2.04,2.08,2.03,2.06,39628264,403412704.0
2011-10-27,2.06,2.07,2.04,2.06,26367856,267087952.0
2011-10-28,2.09,2.11,2.07,2.08,42991540,442244288.0
2011-10-31,2.08,2.08,2.05,2.06,20874684,212358640.0
2011-11-01,2.04,2.09,2.03,2.06,21769466,222330592.0
2011-11-02,2.04,2.11,2.03,2.11,26567328,271594208.0
2011-11-03,2.11,2.11,2.07,2.07,31020496,320430272.0
2011-11-04,2.1,2.1,2.07,2.08,20659338,212230656.0
2011-11-07,2.07,2.07,2.04,2.04,20433354,206822448.0
2011-11-08,2.06,2.07,2.05,2.05,14026181,142286752.0
2011-11-09,2.06,2.08,2.05,2.07,13501414,137246912.0
2011-11-10,2.05,2.06,2.02,2.02,27216720,273481440.0
2011-11-11,2.02,2.04,2.02,2.02,11381442,113891976.0
2011-11-14,2.04,2.07,2.03,2.05,23175184,234481648.0
2011-11-15,2.05,2.05,2.01,2.02,21449282,214330656.0
2011-11-16,2.02,2.03,1.96,1.98,28321836,278004032.0
2011-11-17,1.98,1.99,1.97,1.97,12954457,126416120.0
2011-11-18,1.96,1.98,1.94,1.95,18944980,183100944.0
2011-11-21,1.95,1.96,1.94,1.96,8847165,84859664.0
2011-11-22,1.94,1.97,1.93,1.96,10115420,97488008.0
2011-11-23,1.96,1.97,1.92,1.93,15259851,145629936.0
2011-11-24,1.9,1.95,1.9,1.94,10896809,103802512.0
2011-11-25,1.93,1.93,1.91,1.92,8229209,78050752.0
2011-11-28,1.93,1.95,1.92,1.93,9247966,88097384.0
2011-11-29,1.94,1.96,1.93,1.95,14709068,141232752.0
2011-11-30,1.95,1.95,1.89,1.9,17341864,163639040.0
2011-12-01,1.96,2.01,1.94,1.97,45599268,444396640.0
2011-12-02,1.95,1.97,1.94,1.96,15970343,154179552.0
2011-12-05,1.95,1.98,1.95,1.96,21691516,210712640.0
2011-12-06,1.96,1.98,1.96,1.96,11920948,115493992.0
2011-12-07,1.96,1.99,1.95,1.98,15982899,155725680.0
2011-12-08,1.98,2.0,1.96,1.98,14212955,138778656.0
2011-12-09,1.97,1.98,1.95,1.96,8725992,84517944.0
2011-12-12,1.96,1.97,1.94,1.97,11488616,111090080.0
2011-12-13,1.97,1.97,1.92,1.92,18795878,181080064.0
2011-12-14,1.92,1.93,1.91,1.92,10425536,98825112.0
2011-12-15,1.92,1.93,1.9,1.9,12476251,117849440.0
2011-12-16,1.9,1.96,1.9,1.95,16161230,153543040.0
2011-12-19,1.94,1.95,1.9,1.94,17327048,164353872.0
2011-12-20,1.93,1.97,1.92,1.93,21473032,206458848.0
2011-12-21,1.95,1.95,1.9,1.9,16537484,157232048.0
2011-12-23,1.91,1.93,1.9,1.91,13635772,128681296.0
2011-12-26,1.91,1.92,1.89,1.89,11518479,108074744.0
2011-12-27,1.89,1.9,1.86,1.86,17975888,166422288.0
2011-12-28,1.86,1.88,1.82,1.86,17540474,159984784.0
2011-12-29,1.85,1.87,1.85,1.86,15138922,138673888.0
2011-12-30,1.86,1.89,1.86,1.88,12971313,120247448.0
2012-01-04,1.88,1.89,1.85,1.86,12161878,112743040.0
2012-01-05,1.85,1.93,1.85,1.87,36135756,338371328.0
2012-01-06,1.88,1.9,1.87,1.9,18149454,169094480.0
2012-01-09,1.9,1.96,1.88,1.95,32830476,312716832.0
2012-01-10,1.95,1.98,1.94,1.97,30611276,296021536.0
2012-01-11,1.97,1.98,1.95,1.96,19157484,185170592.0
2012-01-12,1.96,1.99,1.95,1.98,28788236,280893184.0
2012-01-13,1.97,1.99,1.94,1.97,24778028,240768016.0
2012-01-16,1.95,1.98,1.94,1.96,14352045,139211904.0
2012-01-17,1.96,2.02,1.91,2.01,52945208,513494848.0
2012-01-18,2.0,2.0,1.96,1.97,30384140,297157600.0
2012-01-19,1.97,2.01,1.97,2.0,34439204,338469920.0
2012-01-20,2.01,2.05,2.0,2.05,57538892,577320640.0
2012-01-30,2.04,2.04,2.01,2.02,24964792,249309328.0
2012-01-31,2.03,2.04,2.01,2.03,35809596,358172384.0
2012-02-01,2.02,2.03,2.0,2.0,21584154,214745168.0
2012-02-02,2.01,2.07,2.0,2.07,46948240,472407392.0
2012-02-03,2.05,2.09,2.04,2.07,38712680,395375808.0
2012-02-06,2.08,2.08,2.04,2.06,27518100,279429216.0
2012-02-07,2.05,2.05,2.01,2.02,22342174,223442352.0
2012-02-08,2.02,2.1,2.02,2.09,39876460,407555104.0
2012-02-09,2.08,2.1,2.08,2.08,21570712,221986528.0
2012-02-10,2.08,2.09,2.06,2.07,21531316,220602544.0
2012-02-13,2.05,2.08,2.04,2.05,17514408,177998752.0
2012-02-14,2.05,2.06,2.03,2.04,15186911,153136800.0
2012-02-15,2.04,2.06,2.04,2.05,17231176,174288544.0
2012-02-16,2.05,2.07,2.04,2.06,19223996,194591488.0
2012-02-17,2.07,2.07,2.04,2.06,19835804,201680752.0
2012-02-20,2.09,2.1,2.05,2.05,36681868,375180608.0
2012-02-21,2.05,2.07,2.04,2.07,15303304,155540400.0
2012-02-22,2.07,2.08,2.05,2.07,23007850,234821536.0
2012-02-23,2.08,2.08,2.07,2.08,25312350,259018960.0
2012-02-24,2.08,2.1,2.07,2.1,42093884,433423264.0
2012-02-27,2.12,2.15,2.11,2.11,51619496,542210304.0
2012-02-28,2.11,2.19,2.11,2.17,86285840,919534144.0
2012-03-07,2.1,2.11,2.07,2.07,52792848,545124928.0
2012-03-08,2.08,2.1,2.07,2.08,29320160,301583136.0
2012-03-09,2.08,2.09,2.07,2.08,24700708,253314752.0
2012-03-12,2.08,2.09,2.05,2.07,26387632,269452960.0
2012-03-13,2.07,2.1,2.06,2.09,26714382,274666240.0
2012-03-14,2.11,2.12,2.06,2.06,49717096,513483552.0
2012-03-15,2.06,2.08,2.04,2.04,28549760,290352544.0
2012-03-16,2.05,2.06,2.03,2.05,22481924,226464784.0
2012-03-19,2.04,2.07,2.03,2.05,18456172,186785888.0
2012-03-20,2.05,2.06,2.03,2.03,17138456,172343648.0
2012-03-21,2.04,2.05,2.02,2.03,12797251,128318096.0
2012-03-22,2.03,2.07,2.01,2.04,18256694,183711120.0
2012-03-23,2.03,2.04,2.02,2.03,11562542,115711600.0
2012-03-26,2.03,2.04,2.03,2.04,9307636,93520200.0
2012-03-27,2.04,2.05,2.0,2.02,21125632,211062096.0
2012-03-28,2.02,2.02,1.97,1.97,19389206,191324176.0
2012-03-29,1.97,1.98,1.95,1.96,13529059,131362064.0
2012-03-30,1.97,1.99,1.96,1.99,13513149,132143808.0
2012-04-05,1.97,1.99,1.96,1.99,23687822,230970032.0
2012-04-06,1.98,1.99,1.96,1.98,19639156,191278544.0
2012-04-09,1.97,1.97,1.95,1.95,12826131,124053160.0
2012-04-10,1.95,1.96,1.94,1.96,13670038,131533528.0
2012-04-11,1.95,1.97,1.94,1.95,11450088,110407720.0
2012-04-12,1.96,2.01,1.95,2.0,28050968,274514048.0
2012-04-13,2.0,2.0,1.99,1.99,19431384,191292544.0
2012-04-16,1.99,2.0,1.98,1.99,8430634,82822808.0
2012-04-17,1.99,2.0,1.98,1.98,10485446,102826080.0
2012-04-18,1.98,2.02,1.98,2.01,15963379,157860608.0
2012-04-19,2.01,2.02,2.0,2.01,10413887,103286720.0
2012-04-20,2.01,2.05,2.01,2.05,26391976,265012304.0
2012-04-23,2.04,2.06,2.02,2.03,21840676,219493760.0
2012-04-24,2.05,2.17,2.04,2.1,89234208,926453440.0
2012-04-25,2.09,2.13,2.09,2.11,47936276,499776448.0
2012-04-26,2.13,2.13,2.09,2.11,30350712,315748832.0
2012-04-27,2.11,2.12,2.1,2.11,21274016,221649904.0
2012-05-02,2.14,2.15,2.12,2.15,40592604,428641792.0
2012-05-03,2.14,2.15,2.11,2.12,29122852,305410528.0
2012-05-04,2.12,2.14,2.1,2.14,35924204,375966496.0
2012-05-07,2.12,2.15,2.12,2.14,34428512,362474432.0
2012-05-08,2.14,2.14,2.12,2.13,31301776,328838688.0
2012-05-09,2.12,2.12,2.09,2.09,21082300,218362080.0
2012-05-10,2.09,2.1,2.07,2.08,18827576,193716160.0
2012-05-11,2.08,2.1,2.06,2.07,18787156,192835488.0
2012-05-14,2.08,2.09,2.04,2.04,25699464,262414256.0
2012-05-15,2.04,2.05,2.03,2.04,17659848,177774144.0
2012-05-16,2.04,2.04,2.01,2.01,21275664,212186160.0
2012-05-17,2.01,2.04,2.0,2.03,17481528,174437936.0
2012-05-18,2.02,2.02,1.98,1.99,30964544,305374080.0
2012-05-21,1.99,1.99,1.97,1.98,31433990,307766048.0
2012-05-22,1.99,2.0,1.98,2.0,30253536,297268480.0
2012-05-23,2.0,2.01,1.98,1.99,22835160,224737648.0
2012-05-24,1.99,2.01,1.98,1.98,20603568,202834528.0
2012-05-25,1.99,2.01,1.98,2.0,17636494,173688240.0
2012-05-28,2.0,2.02,1.99,2.02,22661310,223998816.0
2012-05-29,2.01,2.04,1.99,2.03,31907400,317626816.0
2012-05-31,2.0,2.01,1.99,2.0,21301006,210251424.0
2012-06-01,2.0,2.02,1.99,2.0,15097254,149130432.0
2012-06-04,1.98,1.98,1.93,1.94,29889346,287697824.0
2012-06-05,1.94,1.95,1.93,1.94,16910186,161490208.0
2012-06-06,1.94,1.95,1.93,1.95,13272692,127047128.0
2012-06-07,1.96,1.97,1.93,1.93,14433657,138405424.0
2012-06-08,1.94,1.94,1.88,1.89,33932064,317352704.0
2012-06-11,1.9,1.9,1.88,1.9,17193368,160413264.0
2012-06-12,1.89,1.91,1.87,1.89,14883422,138605600.0
2012-06-13,1.9,1.92,1.88,1.91,19197056,179962592.0
2012-06-14,1.9,1.9,1.89,1.89,13151252,122839456.0
2012-06-15,1.9,1.96,1.89,1.95,31964904,303928960.0
2012-06-18,1.95,1.95,1.93,1.93,13523264,129092368.0
2012-06-19,1.93,1.95,1.93,1.93,12492705,119518296.0
2012-06-20,1.94,1.96,1.93,1.95,14193514,136431408.0
2012-06-21,1.95,1.95,1.92,1.93,11725140,111547552.0
2012-06-25,1.92,1.94,1.92,1.92,15083848,143904768.0
2012-06-26,1.92,1.95,1.92,1.94,15345020,146562944.0
2012-06-27,1.93,1.96,1.93,1.94,17329276,166476032.0
2012-06-28,1.94,1.96,1.94,1.96,18709992,180412704.0
2012-06-29,1.95,1.99,1.95,1.98,18732400,182459472.0
2012-07-02,1.98,1.98,1.95,1.98,13614684,131911616.0
2012-07-03,1.97,2.0,1.96,1.98,17584480,172088512.0
2012-07-04,1.98,2.0,1.97,1.98,18381986,180321056.0
2012-07-05,1.98,2.0,1.97,1.98,21415364,209672848.0
2012-07-06,1.96,2.0,1.95,1.98,22028448,213985040.0
2012-07-09,1.98,1.98,1.9,1.9,24105128,230421216.0
2012-07-10,1.92,1.93,1.89,1.9,15944097,149612304.0
2012-07-11,1.89,1.91,1.88,1.89,9573268,72860376.0
2012-07-12,1.88,1.89,1.82,1.85,32615572,242404720.0
2012-07-13,1.85,1.88,1.85,1.86,10439766,78165672.0
2012-07-16,1.86,1.86,1.81,1.84,12238640,90632472.0
2012-07-17,1.84,1.87,1.84,1.86,11252622,83969848.0
2012-07-18,1.86,1.88,1.84,1.87,9089143,68022376.0
2012-07-19,1.87,1.88,1.86,1.86,11231017,84509696.0
2012-07-20,1.85,1.86,1.83,1.83,13905863,103134768.0
2012-07-23,1.82,1.83,1.8,1.8,16125838,117496528.0
2012-07-24,1.79,1.81,1.79,1.8,7950124,57678480.0
2012-07-25,1.8,1.82,1.8,1.81,6811162,49718160.0
2012-07-26,1.81,1.83,1.81,1.82,7469654,54723428.0
2012-07-27,1.82,1.86,1.81,1.84,13629652,101135992.0
2012-07-30,1.85,1.88,1.84,1.86,14233090,106786312.0
2012-07-31,1.86,1.88,1.85,1.88,13155427,98974136.0
2012-08-01,1.87,1.89,1.85,1.87,13757968,103526072.0
2012-08-02,1.87,1.89,1.86,1.89,13302197,100544400.0
2012-08-03,1.88,1.89,1.87,1.88,6885970,52072056.0
2012-08-06,1.88,1.89,1.87,1.88,11475643,86724768.0
2012-08-07,1.88,1.88,1.86,1.87,13666894,103118272.0
2012-08-08,1.87,1.89,1.87,1.88,7860856,59473888.0
2012-08-09,1.88,1.88,1.86,1.88,8135668,61342496.0
2012-08-10,1.88,1.9,1.88,1.88,10641661,80783488.0
2012-08-13,1.88,1.89,1.87,1.87,10661978,80704528.0
2012-08-14,1.88,1.88,1.87,1.88,7364464,55652432.0
2012-08-15,1.87,1.88,1.84,1.85,7487052,55977484.0
2012-08-16,1.85,1.85,1.82,1.83,8491367,62622836.0
2012-08-17,1.83,1.84,1.82,1.83,8119895,59771268.0
2012-08-20,1.82,1.83,1.8,1.82,6442074,46998388.0
2012-08-21,1.82,1.83,1.81,1.82,10297606,75312680.0
2012-08-22,1.82,1.82,1.8,1.81,8090980,59042780.0
2012-08-23,1.81,1.82,1.8,1.81,9013244,65633032.0
2012-08-24,1.81,1.81,1.79,1.79,8790920,63709744.0
2012-08-27,1.79,1.8,1.78,1.8,9385306,67644336.0
2012-08-28,1.8,1.83,1.79,1.83,13284806,97060864.0
2012-08-29,1.81,1.83,1.8,1.82,9749624,71151792.0
2012-08-30,1.81,1.83,1.81,1.82,9211127,67450416.0
2012-08-31,1.81,1.84,1.81,1.82,11053867,81206064.0
2012-09-03,1.82,1.82,1.8,1.81,11232590,81955744.0
2012-09-04,1.8,1.81,1.78,1.79,11580670,83834992.0
2012-09-05,1.78,1.79,1.77,1.78,8662581,62003244.0
2012-09-06,1.78,1.79,1.77,1.78,8261540,59222388.0
2012-09-07,1.79,1.86,1.79,1.82,31990912,235302272.0
2012-09-10,1.82,1.83,1.81,1.82,21292948,155464064.0
2012-09-11,1.81,1.81,1.79,1.8,17873510,129272320.0
2012-09-12,1.81,1.81,1.78,1.79,17849704,128715968.0
2012-09-13,1.79,1.8,1.78,1.79,12659934,91308608.0
2012-09-14,1.79,1.81,1.78,1.8,16989080,122915616.0
2012-09-17,1.79,1.8,1.78,1.78,12236146,87854312.0
2012-09-18,1.78,1.78,1.75,1.76,12115603,86053016.0
2012-09-19,1.76,1.76,1.75,1.75,10312351,72764624.0
2012-09-20,1.75,1.75,1.71,1.72,14455277,100766136.0
2012-09-21,1.71,1.72,1.69,1.7,15688919,107716072.0
2012-09-24,1.69,1.7,1.66,1.69,15709742,106115384.0
2012-09-25,1.68,1.68,1.66,1.67,10927439,73437648.0
2012-09-26,1.66,1.67,1.64,1.65,11061896,73839696.0
2012-09-27,1.65,1.71,1.65,1.69,21528986,146031440.0
2012-09-28,1.67,1.71,1.66,1.71,21771480,148295888.0
2012-10-08,1.71,1.71,1.68,1.69,10472402,71739544.0
2012-10-09,1.7,1.73,1.7,1.73,16173347,112139744.0
2012-10-10,1.72,1.74,1.72,1.73,12737453,88666352.0
2012-10-11,1.72,1.73,1.71,1.72,8294122,57484616.0
2012-10-12,1.73,1.74,1.72,1.73,11532108,80367600.0
2012-10-15,1.73,1.73,1.7,1.71,10320297,71051744.0
2012-10-16,1.71,1.73,1.7,1.72,16849388,116537392.0
2012-10-17,1.72,1.73,1.71,1.72,12332059,85504832.0
2012-10-18,1.73,1.74,1.72,1.74,16243538,113621976.0
2012-10-19,1.74,1.74,1.73,1.73,7790513,54493240.0
2012-10-22,1.73,1.75,1.72,1.75,9639791,67402432.0
2012-10-23,1.75,1.75,1.72,1.73,12508320,87532432.0
2012-10-24,1.73,1.74,1.72,1.73,9861125,68674456.0
2012-10-25,1.73,1.74,1.72,1.72,10303564,71551784.0
2012-10-26,1.72,1.73,1.68,1.69,11611536,79475208.0
2012-10-29,1.7,1.7,1.68,1.68,8937624,60692028.0
2012-10-30,1.68,1.7,1.68,1.69,9911071,67449872.0
2012-10-31,1.7,1.71,1.7,1.7,7834800,53725932.0
2012-11-01,1.71,1.74,1.7,1.74,16949916,118028432.0
2012-11-02,1.74,1.78,1.74,1.78,42691420,303171808.0
2012-11-05,1.78,1.82,1.78,1.81,36218656,263422880.0
2012-11-06,1.8,1.81,1.77,1.81,22603334,163011120.0
2012-11-07,1.8,1.82,1.79,1.8,15675118,113649408.0
2012-11-08,1.78,1.79,1.76,1.76,12822309,91679160.0
2012-11-09,1.76,1.78,1.75,1.76,13027492,92562072.0
2012-11-12,1.76,1.8,1.76,1.8,25515820,183690640.0
2012-11-13,1.8,1.8,1.77,1.78,25792280,185202336.0
2012-11-14,1.78,1.79,1.77,1.78,17844348,128038656.0
2012-11-15,1.77,1.79,1.75,1.75,11685577,83368168.0
2012-11-16,1.75,1.76,1.72,1.75,17816164,124821672.0
2012-11-19,1.74,1.75,1.73,1.75,12980502,90914448.0
2012-11-20,1.75,1.76,1.73,1.74,14970292,105568088.0
2012-11-21,1.74,1.8,1.74,1.8,31955998,228056688.0
2012-11-22,1.79,1.8,1.77,1.79,14303541,102693088.0
2012-11-23,1.79,1.82,1.78,1.81,20199232,146820880.0
2012-11-26,1.8,1.82,1.79,1.8,13628623,98805952.0
2012-11-27,1.79,1.81,1.79,1.8,23055694,167626704.0
2012-11-28,1.79,1.81,1.78,1.79,12761254,92227296.0
2012-11-29,1.78,1.8,1.77,1.78,13272778,95348480.0
2012-11-30,1.78,1.8,1.77,1.79,14231938,102204304.0
2012-12-03,1.78,1.79,1.75,1.76,35980716,257126864.0
2012-12-04,1.76,1.8,1.75,1.79,22280264,159043552.0
2012-12-05,1.79,1.88,1.78,1.86,64938240,486016256.0
2012-12-06,1.86,1.96,1.86,1.95,101646760,786648960.0
2012-12-07,1.94,2.02,1.93,1.99,91154752,726569856.0
2012-12-10,2.0,2.03,1.99,2.0,71087472,575048256.0
2012-12-11,1.99,2.04,1.99,2.02,46862640,380493376.0
2012-12-12,2.01,2.07,2.01,2.04,48005172,394453760.0
2012-12-13,2.02,2.05,2.01,2.02,31808944,260356528.0
2012-12-14,2.02,2.22,2.02,2.2,98866488,845999616.0
2012-12-17,2.24,2.26,2.19,2.21,80378528,722656320.0
2012-12-18,2.2,2.3,2.19,2.27,72791680,661561216.0
2012-12-19,2.25,2.28,2.23,2.25,57020344,518136192.0
2012-12-20,2.23,2.26,2.19,2.24,45016496,402376608.0
2012-12-21,2.25,2.25,2.19,2.23,51846032,462372800.0
2012-12-24,2.22,2.27,2.21,2.24,51042620,461866560.0
2012-12-25,2.23,2.33,2.23,2.31,85860680,792162752.0
2012-12-26,2.29,2.31,2.24,2.28,58464792,533752640.0
2012-12-27,2.28,2.29,2.18,2.21,93476472,833454912.0
2012-12-28,2.21,2.27,2.19,2.24,61856728,557197184.0
2012-12-31,2.25,2.32,2.24,2.31,79815040,739438656.0
2013-01-04,2.34,2.37,2.28,2.31,48503276,453646944.0
2013-01-07,2.3,2.37,2.29,2.35,48447348,456681664.0
2013-01-08,2.34,2.38,2.25,2.28,45001804,415878272.0
2013-01-09,2.28,2.29,2.23,2.25,43332156,394051712.0
2013-01-10,2.25,2.28,2.24,2.26,41135512,374404736.0
2013-01-11,2.26,2.27,2.17,2.19,44066236,392194784.0
2013-01-14,2.16,2.33,2.16,2.32,78983832,718544000.0
2013-01-15,2.31,2.36,2.29,2.33,54443224,507514560.0
2013-01-16,2.32,2.32,2.2,2.26,53166052,483821024.0
2013-01-17,2.24,2.26,2.21,2.24,28768894,258609152.0
2013-01-18,2.26,2.29,2.24,2.28,38591268,352798112.0
2013-01-21,2.28,2.3,2.23,2.3,61519900,562050048.0
2013-01-22,2.29,2.39,2.25,2.35,132992928,1257602304.0
2013-01-23,2.33,2.48,2.33,2.43,126142832,1228997120.0
2013-01-24,2.44,2.53,2.36,2.4,123700424,1226510208.0
2013-01-25,2.4,2.47,2.4,2.44,45302288,443127232.0
2013-01-28,2.45,2.56,2.45,2.55,111695592,1135728768.0
2013-01-29,2.55,2.61,2.53,2.56,88456480,914608832.0
2013-01-30,2.57,2.57,2.5,2.52,71154976,723536000.0
2013-01-31,2.53,2.54,2.47,2.52,54190008,545986176.0
2013-02-01,2.53,2.61,2.49,2.6,78504088,811084352.0
2013-02-04,2.6,2.66,2.56,2.58,92601088,973009216.0
2013-02-05,2.54,2.57,2.49,2.53,60916376,620310528.0
2013-02-06,2.52,2.54,2.49,2.53,62301516,630577344.0
2013-02-07,2.53,2.53,2.39,2.44,98313936,967844416.0
2013-02-08,2.44,2.46,2.39,2.43,68574024,670296640.0
2013-02-18,2.45,2.47,2.43,2.45,46470540,458178336.0
2013-02-19,2.44,2.46,2.41,2.43,44147460,430793216.0
2013-02-20,2.44,2.44,2.33,2.39,57921716,554341312.0
2013-02-21,2.36,2.36,2.27,2.31,68339784,634668096.0
2013-02-22,2.29,2.34,2.28,2.32,39210564,365465408.0
2013-02-25,2.33,2.36,2.3,2.31,34429008,321130592.0
2013-02-26,2.29,2.37,2.28,2.29,63218648,593990720.0
2013-02-27,2.3,2.35,2.28,2.31,50727544,472829536.0
2013-02-28,2.34,2.41,2.3,2.4,55206336,525286624.0
2013-03-01,2.4,2.42,2.34,2.37,42078072,401715296.0
2013-03-04,2.34,2.34,2.2,2.22,75919712,691910912.0
2013-03-05,2.23,2.37,2.21,2.36,83189264,767177152.0
2013-03-06,2.38,2.41,2.35,2.37,77977688,747428160.0
2013-03-07,2.36,2.36,2.26,2.28,80674040,747103808.0
2013-03-08,2.29,2.32,2.25,2.29,62191716,571415040.0
2013-03-11,2.28,2.3,2.24,2.29,33650308,308207392.0
2013-03-12,2.28,2.31,2.24,2.27,30596924,280037632.0
2013-03-13,2.26,2.28,2.22,2.27,43669152,395501408.0
2013-03-14,2.26,2.29,2.25,2.28,31289560,287016576.0
2013-03-15,2.29,2.37,2.26,2.3,146806176,1374641920.0
2013-03-18,2.27,2.3,2.24,2.25,40566488,370493536.0
2013-03-19,2.27,2.28,2.24,2.28,21357948,194544304.0
2013-03-20,2.28,2.37,2.27,2.37,61258092,578406464.0
2013-03-21,2.37,2.39,2.35,2.36,35090088,335258816.0
2013-03-22,2.36,2.39,2.35,2.38,25488384,243669520.0
2013-03-25,2.39,2.43,2.37,2.38,32214020,311384832.0
2013-03-26,2.37,2.38,2.31,2.31,33010034,308402560.0
2013-03-27,2.32,2.37,2.31,2.33,28713254,270076736.0
2013-03-28,2.24,2.24,2.09,2.18,84988816,747784192.0
2013-03-29,2.19,2.21,2.17,2.19,22265116,196222880.0
2013-04-01,2.18,2.2,2.16,2.16,23336488,204322272.0
2013-04-02,2.17,2.2,2.15,2.17,17960668,156829712.0
2013-04-03,2.18,2.2,2.17,2.18,12519265,110063272.0
2013-04-08,2.14,2.15,2.12,2.15,26940132,231703488.0
2013-04-09,2.15,2.17,2.13,2.14,27496888,238059760.0
2013-04-10,2.14,2.15,2.13,2.14,12906054,110982400.0
2013-04-11,2.15,2.16,2.14,2.14,12487401,108065352.0
2013-04-12,2.14,2.15,2.13,2.15,17161660,147967824.0
2013-04-15,2.15,2.16,2.12,2.13,19477716,167023840.0
2013-04-16,2.12,2.14,2.1,2.13,26483750,225849744.0
2013-04-17,2.13,2.14,2.08,2.08,37851312,319378112.0
2013-04-18,2.07,2.11,2.06,2.08,35201828,293682336.0
2013-04-19,2.09,2.19,2.08,2.18,50905724,439323680.0
2013-04-22,2.17,2.19,2.16,2.17,25237768,221101200.0
2013-04-23,2.19,2.19,2.09,2.1,25473620,217349456.0
2013-04-24,2.1,2.16,2.09,2.13,18404404,157423232.0
2013-04-25,2.1,2.16,2.1,2.14,20991640,180029408.0
2013-04-26,2.15,2.21,2.15,2.18,43843656,385676640.0
2013-05-02,2.18,2.2,2.16,2.19,27475396,241250688.0
2013-05-03,2.2,2.26,2.19,2.23,44574556,400065504.0
2013-05-06,2.24,2.28,2.23,2.25,29388766,266745712.0
2013-05-07,2.23,2.25,2.21,2.21,30368564,271996896.0
2013-05-08,2.23,2.26,2.22,2.24,30844060,278155872.0
2013-05-09,2.23,2.26,2.18,2.21,22694888,202109200.0
2013-05-10,2.2,2.24,2.19,2.23,17706428,158514928.0
2013-05-13,2.24,2.24,2.21,2.21,19243484,171820112.0
2013-05-14,2.21,2.22,2.17,2.19,23380830,206134240.0
2013-05-15,2.19,2.2,2.18,2.19,16363549,144201808.0
2013-05-16,2.19,2.23,2.14,2.23,61383956,539828800.0
2013-05-17,2.22,2.26,2.19,2.25,52944696,474697280.0
2013-05-20,2.25,2.3,2.24,2.28,53053908,485261504.0
2013-05-21,2.27,2.28,2.25,2.27,27539716,250872592.0
2013-05-22,2.27,2.28,2.26,2.27,23097752,210864032.0
2013-05-23,2.26,2.27,2.21,2.22,27255138,246324272.0
2013-05-24,2.24,2.26,2.23,2.24,20237740,182686688.0
2013-05-27,2.26,2.26,2.23,2.23,22130340,199873920.0
2013-05-28,2.24,2.29,2.22,2.29,36847960,334998176.0
2013-05-29,2.29,2.3,2.27,2.28,30683116,282183616.0
2013-05-30,2.27,2.28,2.26,2.26,21387976,195318048.0
2013-05-31,2.27,2.28,2.26,2.26,25180858,229927520.0
2013-06-03,2.26,2.27,2.25,2.25,25109604,227996320.0
2013-06-04,2.25,2.25,2.22,2.24,24980366,224937184.0
2013-06-05,2.23,2.24,2.2,2.2,24110888,214755264.0
2013-06-06,2.21,2.21,2.18,2.18,27156808,239480832.0
2013-06-07,2.18,2.19,2.14,2.15,20380020,177507216.0
2013-06-13,2.13,2.13,2.06,2.1,37376584,313435616.0
2013-06-14,2.11,2.11,2.09,2.1,22199460,187435824.0
2013-06-17,2.11,2.11,2.08,2.09,18772232,158348304.0
2013-06-18,2.1,2.12,2.09,2.11,16716561,141737392.0
2013-06-19,2.1,2.1,2.06,2.08,15553825,129801888.0
2013-06-20,2.07,2.09,2.0,2.01,23079776,189613584.0
2013-06-21,1.99,2.03,1.98,2.0,19509274,157402448.0
2013-06-24,2.0,2.0,1.83,1.84,55383076,420157088.0
2013-06-25,1.81,1.88,1.75,1.87,51730368,378082432.0
2013-06-26,1.93,1.94,1.83,1.86,40193424,303442016.0
2013-06-27,1.87,1.91,1.86,1.91,35430064,269311680.0
2013-06-28,1.9,1.99,1.89,1.98,33819404,265373904.0
2013-07-01,1.97,1.98,1.93,1.96,17413730,136896192.0
2013-07-02,1.96,1.97,1.91,1.93,21256614,164956592.0
2013-07-03,1.92,1.92,1.87,1.89,24512476,186584320.0
2013-07-04,1.88,1.93,1.87,1.9,17662732,135164288.0
2013-07-05,1.91,1.92,1.89,1.9,12719032,97435688.0
2013-07-08,1.86,1.88,1.84,1.84,17036844,127167152.0
2013-07-09,1.85,1.86,1.85,1.86,10698897,79897552.0
2013-07-10,1.86,1.92,1.85,1.92,17815536,135019952.0
2013-07-11,1.92,2.11,1.91,2.1,88375592,730263040.0
2013-07-12,2.08,2.1,1.99,2.01,50911464,418453376.0
2013-07-15,2.03,2.06,2.0,2.02,42160712,343875392.0
2013-07-16,2.02,2.05,1.99,2.04,29675740,240329424.0
2013-07-17,2.03,2.06,2.0,2.02,24831760,203011152.0
2013-07-18,2.02,2.04,1.99,2.0,29833414,240878448.0
2013-07-19,2.01,2.03,1.97,1.97,28933616,232484688.0
2013-07-22,1.95,1.95,1.89,1.93,24792940,182131168.0
2013-07-23,1.94,2.0,1.92,1.97,25730672,193662144.0
2013-07-24,1.96,1.96,1.91,1.93,23051436,170276384.0
2013-07-25,1.94,1.95,1.92,1.94,14883742,110087768.0
2013-07-26,1.94,1.95,1.93,1.94,12775369,94602360.0
2013-07-29,1.91,1.91,1.86,1.88,24434250,175050464.0
2013-07-30,1.89,1.94,1.88,1.9,16989968,123587656.0
2013-07-31,1.92,1.94,1.9,1.92,12822816,93832816.0
2013-08-01,1.92,1.96,1.92,1.95,19633776,145830240.0
2013-08-02,1.97,1.98,1.94,1.95,15014336,112025488.0
2013-08-05,1.96,1.96,1.94,1.96,14030600,104564872.0
2013-08-06,1.95,1.97,1.93,1.95,18666592,138818896.0
2013-08-07,1.95,1.97,1.94,1.94,20965244,156586912.0
2013-08-08,1.94,1.96,1.93,1.94,12735465,94566368.0
2013-08-09,1.95,1.96,1.92,1.95,15007465,111325984.0
2013-08-12,1.96,2.0,1.95,2.0,36328216,274850784.0
2013-08-13,2.0,2.02,1.99,2.01,27719080,212531584.0
2013-08-14,2.02,2.05,1.99,2.0,28153960,217900784.0
2013-08-15,2.0,2.02,1.98,1.98,19370976,148345824.0
2013-08-16,1.97,2.18,1.94,1.98,70703936,546755456.0
2013-08-19,1.96,2.03,1.96,2.02,28623948,218135328.0
2013-08-20,2.01,2.07,2.0,2.05,50387576,393399936.0
2013-08-21,2.06,2.06,2.01,2.02,21193088,163888720.0
2013-08-22,2.02,2.05,2.01,2.01,19033344,147548400.0
2013-08-23,2.03,2.03,1.95,1.98,26192174,198901472.0
2013-08-26,1.98,2.03,1.98,2.02,23564612,180897536.0
2013-08-27,2.02,2.03,2.0,2.02,21272322,163705440.0
2013-08-28,2.01,2.03,1.98,2.01,22177812,170388256.0
2013-08-29,2.04,2.06,2.03,2.04,34078304,265802640.0
2013-08-30,2.03,2.09,2.03,2.07,42235084,332611520.0
2013-09-02,2.09,2.1,2.04,2.07,33274992,263515904.0
2013-09-03,2.08,2.11,2.07,2.11,34447920,276165632.0
2013-09-04,2.1,2.12,2.1,2.1,20173330,162342560.0
2013-09-05,2.1,2.11,2.09,2.09,14720753,117799120.0
2013-09-06,2.08,2.14,2.08,2.11,23000556,185334528.0
2013-09-09,2.13,2.3,2.13,2.26,91950320,784383104.0
2013-09-10,2.26,2.27,2.22,2.26,52212860,447289472.0
2013-09-11,2.28,2.32,2.25,2.26,43592136,381037856.0
2013-09-12,2.25,2.38,2.24,2.33,81120200,720116928.0
2013-09-13,2.31,2.37,2.29,2.31,41773172,370883936.0
2013-09-16,2.33,2.35,2.26,2.28,33845132,296678496.0
2013-09-17,2.29,2.3,2.22,2.23,30842128,266071344.0
2013-09-18,2.23,2.25,2.2,2.25,26284000,223647264.0
2013-09-23,2.26,2.27,2.2,2.23,40283896,341882592.0
2013-09-24,2.22,2.22,2.15,2.17,33128400,275444224.0
2013-09-25,2.17,2.19,2.15,2.16,20979996,173777360.0
2013-09-26,2.16,2.16,2.1,2.12,26123338,212213584.0
2013-09-27,2.12,2.14,2.11,2.13,17631488,143180016.0
2013-09-30,2.15,2.16,2.1,2.11,24306288,196787792.0
2013-10-08,2.11,2.15,2.09,2.14,20409864,165019536.0
2013-10-09,2.12,2.17,2.12,2.14,21343954,174858688.0
2013-10-10,2.14,2.15,2.11,2.13,19647918,160034704.0
2013-10-11,2.14,2.17,2.14,2.16,31144686,256841056.0
2013-10-14,2.16,2.16,2.13,2.14,23250480,190274144.0
2013-10-15,2.14,2.14,2.1,2.1,26346376,212961424.0
2013-10-16,2.1,2.11,2.08,2.1,20609336,165126752.0
2013-10-17,2.11,2.11,2.08,2.09,14462944,116108128.0
2013-10-18,2.1,2.12,2.09,2.1,16332614,131330864.0
2013-10-21,2.1,2.11,2.07,2.11,32911744,262663952.0
2013-10-22,2.1,2.11,2.08,2.09,18027226,143990624.0
2013-10-23,2.1,2.16,2.09,2.11,38666520,314075232.0
2013-10-24,2.1,2.13,2.09,2.1,25018556,201446352.0
2013-10-25,2.1,2.14,2.1,2.11,35459304,287261856.0
2013-10-28,2.12,2.13,2.1,2.12,20254008,163438832.0
2013-10-29,2.13,2.21,2.13,2.18,63960864,529755776.0
2013-10-30,2.17,2.2,2.15,2.19,31166760,258931888.0
2013-10-31,2.14,2.14,2.08,2.1,86181696,692091712.0
2013-11-01,2.1,2.11,2.09,2.1,28591780,229214800.0
2013-11-04,2.11,2.11,2.07,2.08,31874216,254651088.0
2013-11-05,2.08,2.08,2.04,2.06,40141392,314718784.0
2013-11-06,2.05,2.05,2.04,2.04,22237012,173673024.0
2013-11-07,2.04,2.05,2.03,2.05,15355267,119968200.0
2013-11-08,2.05,2.06,2.03,2.04,16731353,130554096.0
2013-11-11,2.03,2.04,2.02,2.02,19182460,148562432.0
2013-11-12,2.03,2.04,2.02,2.03,27776676,215601264.0
2013-11-13,2.02,2.03,1.98,1.99,28199380,215228592.0
2013-11-14,1.99,1.99,1.97,1.98,16250133,122825992.0
2013-11-15,1.98,2.03,1.98,2.0,29805666,229074160.0
2013-11-18,2.02,2.09,2.01,2.08,53418816,418037568.0
2013-11-19,2.06,2.08,2.05,2.05,37821796,297178272.0
2013-11-20,2.07,2.08,2.05,2.06,21807394,171776272.0
2013-11-21,2.06,2.06,2.03,2.05,21343240,166305856.0
2013-11-22,2.05,2.05,2.03,2.04,15447785,120541600.0
2013-11-25,2.03,2.05,2.02,2.03,18812464,146208128.0
2013-11-26,2.03,2.04,2.02,2.03,10212282,79200456.0
2013-11-27,2.03,2.05,2.02,2.04,20672600,160928192.0
2013-11-28,2.04,2.07,2.04,2.06,26267984,206510256.0
2013-11-29,2.07,2.07,2.05,2.06,17750664,139595168.0
2013-12-02,2.05,2.1,2.05,2.08,57065220,453938400.0
2013-12-03,2.08,2.1,2.07,2.08,35267304,280835200.0
2013-12-04,2.07,2.11,2.07,2.1,49702844,398382080.0
2013-12-05,2.1,2.1,2.09,2.09,23222040,185742880.0
2013-12-06,2.09,2.09,2.08,2.08,19135246,152192448.0
2013-12-09,2.09,2.09,2.07,2.07,15011296,119189888.0
2013-12-10,2.08,2.09,2.07,2.08,19135376,152039408.0
2013-12-11,2.07,2.08,2.04,2.04,19998768,156853664.0
2013-12-12,2.04,2.05,2.03,2.04,10797686,84127704.0
2013-12-13,2.02,2.04,2.0,2.02,26546934,204603936.0
2013-12-16,2.02,2.04,2.01,2.01,19667024,151828016.0
2013-12-17,2.01,2.02,1.99,1.99,17928594,137106768.0
2013-12-18,1.99,2.01,1.99,1.99,15993237,121848744.0
2013-12-19,2.0,2.01,1.97,1.97,23383764,176930528.0
2013-12-20,1.97,1.98,1.87,1.9,29961328,222434544.0
2013-12-23,1.92,1.94,1.91,1.92,16894012,123945176.0
2013-12-24,1.94,1.94,1.91,1.93,13173301,96973600.0
2013-12-25,1.92,1.93,1.91,1.93,9973080,73221760.0
2013-12-26,1.93,1.93,1.89,1.9,17789858,129577848.0
2013-12-27,1.91,1.96,1.9,1.94,23439718,173163968.0
2013-12-30,1.95,1.96,1.93,1.94,20405300,151757792.0
2013-12-31,1.94,1.98,1.93,1.97,31726772,237324960.0
2014-01-02,1.95,1.96,1.93,1.94,21246788,157556560.0
2014-01-03,1.93,1.94,1.9,1.91,30269536,220681408.0
2014-01-06,1.91,1.91,1.88,1.89,24889168,179594272.0
2014-01-07,1.87,1.89,1.87,1.88,14666252,105400944.0
2014-01-08,1.88,1.9,1.87,1.89,19297204,138959296.0
2014-01-09,1.89,1.9,1.87,1.88,22108196,159398752.0
2014-01-10,1.88,1.89,1.87,1.88,25694094,183910048.0
2014-01-13,1.88,1.89,1.87,1.88,20620132,147829952.0
2014-01-14,1.88,1.88,1.87,1.88,20618764,147696944.0
2014-01-15,1.88,1.88,1.85,1.85,30185406,214236672.0
2014-01-16,1.85,1.85,1.83,1.84,30306292,213304496.0
2014-01-17,1.84,1.84,1.82,1.82,27280326,190557776.0
2014-01-20,1.81,1.83,1.81,1.82,12781896,88917048.0
2014-01-21,1.82,1.86,1.82,1.83,15991059,112381440.0
2014-01-22,1.84,1.87,1.84,1.87,24831912,176468592.0
2014-01-23,1.87,1.87,1.85,1.85,14706992,104207928.0
2014-01-24,1.85,1.87,1.84,1.86,17144810,121685664.0
2014-01-27,1.85,1.86,1.84,1.85,20866352,147324896.0
2014-01-28,1.85,1.87,1.85,1.87,20250062,144065232.0
2014-01-29,1.87,1.89,1.87,1.88,16724205,120260776.0
2014-01-30,1.88,1.88,1.86,1.87,11427225,81676600.0
2014-02-07,1.85,1.86,1.84,1.86,14042411,99345472.0
2014-02-10,1.87,1.89,1.86,1.88,26924884,193218176.0
2014-02-11,1.88,1.94,1.87,1.92,47789400,349214400.0
2014-02-12,1.91,1.94,1.9,1.92,30436348,223363424.0
2014-02-13,1.91,1.97,1.91,1.94,57211592,424537088.0
2014-02-14,1.93,1.95,1.92,1.94,23301122,172148736.0
2014-02-17,1.94,1.96,1.92,1.93,27573308,203492304.0
2014-02-18,1.93,1.93,1.89,1.89,25162492,183083360.0
2014-02-19,1.89,2.08,1.89,2.08,116558264,899787328.0
2014-02-20,2.17,2.24,2.1,2.14,290820896,2414560256.0
2014-02-21,2.11,2.14,2.03,2.05,125623304,998672768.0
2014-02-24,2.02,2.02,1.94,1.97,100494776,758509888.0
2014-02-25,1.98,2.03,1.93,1.95,96304152,731022208.0
2014-02-26,1.93,2.0,1.93,1.98,57201356,431021280.0
2014-02-27,1.98,2.08,1.94,2.02,113047064,869487232.0
2014-02-28,2.0,2.05,1.97,2.01,65547648,503032352.0
2014-03-03,1.99,2.0,1.96,1.98,61708904,467269376.0
2014-03-04,1.96,1.98,1.93,1.97,55876816,416556736.0
2014-03-05,1.97,1.97,1.91,1.91,60283140,444835040.0
2014-03-06,1.91,1.93,1.88,1.92,49611412,361684192.0
2014-03-07,1.91,1.96,1.9,1.92,35916276,265055296.0
2014-03-10,1.9,1.91,1.85,1.86,42645760,306774048.0
2014-03-11,1.85,1.87,1.84,1.85,36090888,255292416.0
2014-03-12,1.85,1.95,1.85,1.91,68486448,498262464.0
2014-03-13,1.92,1.98,1.9,1.93,62512084,462442240.0
2014-03-14,1.91,1.92,1.87,1.89,50479724,363932992.0
2014-03-17,1.9,1.9,1.87,1.89,19618568,141346864.0
2014-03-18,1.89,1.9,1.88,1.88,23170200,166910752.0
2014-03-19,1.88,1.88,1.85,1.87,26045130,185143824.0
2014-03-20,1.87,1.9,1.86,1.86,25515628,183039104.0
2014-03-21,1.86,1.97,1.85,1.95,75311728,551084224.0
2014-03-24,1.97,2.03,1.95,1.98,104152416,793827776.0
2014-03-25,1.98,1.99,1.96,1.97,39356864,296366336.0
2014-03-26,2.0,2.02,1.96,1.97,29137356,220725536.0
2014-03-27,1.97,2.02,1.96,1.97,50633808,384067872.0
2014-03-28,1.97,2.0,1.97,1.98,33896868,257067360.0
2014-03-31,1.99,2.0,1.97,1.99,27038620,204789488.0
2014-04-01,1.98,2.0,1.97,1.99,21155668,160592896.0
2014-04-02,1.99,2.02,1.98,2.01,34769624,265946016.0
2014-04-03,2.02,2.02,1.97,1.98,28328118,216335744.0
2014-04-04,1.98,2.0,1.97,1.99,17231016,130787936.0
2014-04-08,1.99,2.08,1.99,2.05,72732408,568415104.0
2014-04-09,2.05,2.07,2.04,2.05,31869648,249639616.0
2014-04-10,2.06,2.08,2.04,2.07,45203452,355236480.0
2014-04-11,2.06,2.1,2.05,2.08,45823216,363073504.0
2014-04-14,2.07,2.08,2.03,2.06,30016044,235440288.0
2014-04-15,2.05,2.05,2.0,2.0,29586496,228027808.0
2014-04-16,2.0,2.03,1.99,2.01,18435584,141684544.0
2014-04-17,2.02,2.02,1.99,1.99,17816684,136352960.0
2014-04-18,1.99,1.99,1.97,1.98,27013400,204130944.0
2014-04-21,1.98,1.99,1.95,1.95,31718042,239090656.0
2014-04-22,1.95,1.98,1.95,1.98,23458490,175933728.0
2014-04-23,1.97,1.99,1.96,1.97,26017692,196315104.0
2014-04-24,1.97,1.99,1.96,1.97,16211131,122390952.0
2014-04-25,1.98,2.01,1.96,1.97,31904060,242574272.0
2014-04-28,1.97,2.0,1.97,1.99,32922908,249288672.0
2014-04-29,1.97,2.0,1.96,1.99,37386168,283017792.0
2014-04-30,2.0,2.01,1.98,1.99,24560684,186919104.0
2014-05-05,1.98,1.99,1.96,1.97,24774544,186274112.0
2014-05-06,1.96,1.98,1.96,1.96,17922268,134747680.0
2014-05-07,1.97,1.97,1.95,1.95,20857616,155834608.0
2014-05-08,1.96,1.97,1.95,1.96,24832414,185903200.0
2014-05-09,1.95,1.96,1.93,1.95,22834252,169923520.0
2014-05-12,1.96,1.99,1.96,1.98,40897260,308756800.0
2014-05-13,1.98,1.99,1.97,1.98,19309172,145998784.0
2014-05-14,1.98,2.0,1.97,1.99,23659050,179771696.0
2014-05-15,1.99,2.0,1.98,1.98,23046580,175520272.0
2014-05-16,1.98,2.01,1.98,2.0,32229106,246065024.0
2014-05-19,1.99,1.99,1.97,1.98,33818464,256006272.0
2014-05-20,1.99,1.99,1.98,1.99,21018868,159332576.0
2014-05-22,2.0,2.03,1.99,2.0,31425800,241550608.0
2014-05-23,2.0,2.03,2.0,2.02,18892218,145656768.0
2014-05-26,2.04,2.05,2.03,2.04,27143500,211603584.0
2014-05-27,2.04,2.06,2.03,2.05,26332344,205809056.0
2014-05-28,2.04,2.07,2.03,2.06,25418796,199359616.0
2014-05-29,2.06,2.08,2.06,2.06,34876028,275831680.0
2014-05-30,2.06,2.07,2.04,2.05,27073374,212570848.0
2014-06-03,2.06,2.07,2.05,2.05,14351243,112957488.0
2014-06-04,2.05,2.06,2.02,2.03,18153440,140947264.0
2014-06-05,2.03,2.08,2.03,2.08,23653032,186248960.0
2014-06-06,2.08,2.09,2.05,2.07,23825522,188737680.0
2014-06-09,2.07,2.1,2.06,2.07,24568938,195472128.0
2014-06-10,2.07,2.09,2.06,2.08,20973404,166504608.0
2014-06-11,2.08,2.1,2.08,2.09,19421452,155174624.0
2014-06-12,2.09,2.1,2.08,2.09,12720638,101568848.0
2014-06-13,2.08,2.13,2.08,2.12,32759654,264044192.0
2014-06-16,2.11,2.13,2.1,2.12,26378464,212988944.0
2014-06-17,2.11,2.11,2.08,2.09,19456824,155792704.0
2014-06-18,2.09,2.1,2.07,2.07,14907509,118632160.0
2014-06-19,2.07,2.09,2.05,2.06,23308626,184626304.0
2014-06-20,2.07,2.09,2.05,2.08,24499628,193704192.0
2014-06-23,2.08,2.09,2.07,2.08,16101148,128143688.0
2014-06-24,2.08,2.1,2.08,2.09,17985916,143886176.0
2014-06-25,2.1,2.11,2.09,2.11,17750858,142188768.0
2014-06-26,2.11,2.12,2.1,2.1,22668114,182785472.0
2014-06-27,2.1,2.11,2.09,2.09,22096876,177313616.0
2014-06-30,2.09,2.11,2.09,2.11,20403868,164037568.0
2014-07-01,2.11,2.12,2.11,2.12,18112216,146541952.0
2014-07-02,2.12,2.13,2.11,2.12,14517992,117613336.0
2014-07-03,2.13,2.14,2.12,2.14,20192460,164681360.0
2014-07-04,2.14,2.15,2.13,2.15,19632224,160793536.0
2014-07-07,2.15,2.15,2.13,2.15,12790166,104711384.0
2014-07-08,2.15,2.16,2.14,2.16,16604676,136553088.0
2014-07-09,2.15,2.16,2.11,2.11,21707220,176931248.0
2014-07-10,2.11,2.13,2.11,2.13,19807004,160609936.0
2014-07-11,2.13,2.16,2.13,2.15,18221068,149852064.0
2014-07-14,2.15,2.17,2.15,2.16,15852703,130897480.0
2014-07-15,2.16,2.17,2.14,2.14,23305724,191306064.0
2014-07-16,2.14,2.17,2.14,2.15,34310780,283017024.0
2014-07-17,2.15,2.18,2.15,2.18,31487756,213299104.0
2014-07-18,2.18,2.18,2.16,2.17,26344024,178289312.0
2014-07-21,2.17,2.18,2.15,2.15,16687526,112170960.0
2014-07-22,2.15,2.18,2.14,2.16,22741558,153216640.0
2014-07-23,2.16,2.17,2.15,2.16,25671360,172924624.0
2014-07-24,2.16,2.29,2.16,2.24,88051496,613439104.0
2014-07-25,2.25,2.28,2.22,2.27,57560256,403814400.0
2014-07-28,2.27,2.38,2.27,2.33,116903032,856935552.0
2014-07-29,2.34,2.37,2.33,2.35,72444288,530688032.0
2014-07-30,2.34,2.36,2.3,2.32,50466752,365966432.0
2014-07-31,2.32,2.36,2.31,2.36,50534480,368033344.0
2014-08-01,2.36,2.39,2.33,2.34,64213272,473434240.0
2014-08-04,2.33,2.38,2.32,2.37,40371104,296062560.0
2014-08-05,2.38,2.38,2.34,2.35,32083284,235305440.0
2014-08-06,2.34,2.35,2.31,2.35,31171284,226189088.0
2014-08-07,2.34,2.35,2.3,2.31,35203960,253831216.0
2014-08-08,2.31,2.32,2.3,2.31,20018388,143759216.0
2014-08-11,2.32,2.33,2.31,2.33,21328564,154548816.0
2014-08-12,2.32,2.33,2.28,2.3,32420866,232027200.0
2014-08-13,2.3,2.31,2.27,2.29,25927416,184571872.0
2014-08-14,2.29,2.3,2.26,2.27,28870372,204689888.0
2014-08-15,2.27,2.28,2.26,2.27,28424944,201003808.0
2014-08-18,2.28,2.3,2.27,2.28,31019068,220555248.0
2014-08-19,2.28,2.29,2.26,2.28,24124428,170959184.0
2014-08-20,2.28,2.28,2.26,2.27,23538226,166213952.0
2014-08-21,2.26,2.27,2.23,2.25,26744114,187031040.0
2014-08-22,2.25,2.29,2.24,2.29,37970020,269253344.0
2014-08-25,2.29,2.29,2.27,2.27,28063244,199488176.0
2014-08-26,2.27,2.32,2.26,2.31,68729568,492493952.0
2014-08-27,2.31,2.36,2.3,2.35,66560972,484366976.0
2014-08-28,2.34,2.34,2.3,2.31,48314224,350191008.0
2014-08-29,2.32,2.37,2.31,2.35,50154660,367499104.0
2014-09-01,2.35,2.38,2.34,2.36,50958092,375583616.0
2014-09-02,2.36,2.41,2.34,2.4,65320792,483400960.0
2014-09-03,2.41,2.52,2.41,2.48,87798856,678683648.0
2014-09-04,2.48,2.55,2.46,2.53,68309224,532267104.0
2014-09-05,2.53,2.56,2.51,2.54,59788200,472710816.0
2014-09-09,2.54,2.55,2.46,2.48,57640160,446156672.0
2014-09-10,2.46,2.47,2.44,2.46,28341894,216529280.0
2014-09-11,2.45,2.49,2.42,2.44,42444776,324954432.0
2014-09-12,2.44,2.47,2.42,2.47,23977500,182593840.0
2014-09-15,2.44,2.51,2.43,2.5,49361016,381584960.0
2014-09-16,2.51,2.52,2.47,2.47,68814000,535168992.0
2014-09-17,2.51,2.54,2.49,2.53,58515888,458294400.0
2014-09-18,2.51,2.61,2.5,2.54,84203640,669435200.0
2014-09-19,2.54,2.58,2.51,2.56,53801744,426431520.0
2014-09-22,2.54,2.57,2.5,2.52,43337112,342860960.0
2014-09-23,2.52,2.61,2.51,2.6,54429604,437068128.0
2014-09-24,2.57,2.63,2.57,2.61,60496784,491849792.0
2014-09-25,2.63,2.64,2.55,2.57,53021968,426111552.0
2014-09-26,2.56,2.57,2.53,2.56,21817054,173308112.0
2014-09-29,2.55,2.58,2.54,2.58,34808712,278160928.0
2014-09-30,2.57,2.59,2.56,2.58,36334936,291584512.0
2014-10-08,2.57,2.58,2.55,2.57,29962802,239115392.0
2014-10-09,2.57,2.6,2.56,2.59,41558456,335174336.0
2014-10-10,2.58,2.59,2.56,2.58,31643484,253886304.0
2014-10-13,2.55,2.55,2.47,2.51,32696172,254999248.0
2014-10-14,2.5,2.52,2.48,2.49,21521484,167513472.0
2014-10-15,2.49,2.53,2.48,2.52,17362880,135378864.0
2014-10-16,2.5,2.58,2.5,2.52,42666172,337683968.0
2014-10-17,2.53,2.53,2.49,2.5,24823132,193703360.0
2014-10-20,2.51,2.53,2.49,2.5,15517357,121052040.0
2014-10-21,2.5,2.51,2.47,2.48,16939836,131284112.0
2014-10-22,2.48,2.52,2.47,2.49,21885128,170414624.0
2014-10-23,2.5,2.54,2.49,2.5,26195730,205299024.0
2014-10-24,2.5,2.52,2.48,2.49,15800758,122845328.0
2014-10-27,2.48,2.5,2.44,2.45,18004528,137977072.0
2014-10-28,2.45,2.49,2.44,2.49,19888984,152317808.0
2014-10-29,2.49,2.55,2.48,2.52,30530224,238617968.0
2014-10-30,2.52,2.58,2.51,2.56,40879440,323740224.0
2014-10-31,2.57,2.81,2.56,2.71,180841664,1510772480.0
2014-11-03,2.7,2.73,2.64,2.67,83788720,697732672.0
2014-11-04,2.64,2.66,2.61,2.63,57378192,470643744.0
2014-11-05,2.63,2.64,2.59,2.6,58153728,472334016.0
2014-11-06,2.61,2.62,2.59,2.61,38444736,312481152.0
2014-11-07,2.61,2.72,2.6,2.62,104900816,867421248.0
2014-11-10,2.67,2.7,2.62,2.68,75927488,628876160.0
2014-11-11,2.69,2.8,2.67,2.71,149361040,1276068736.0
2014-11-12,2.71,2.73,2.66,2.72,52183092,437132192.0
2014-11-13,2.73,2.77,2.69,2.69,59716496,507036384.0
2014-11-14,2.69,2.71,2.62,2.65,47576460,392364096.0
2014-11-17,2.65,2.7,2.62,2.63,36991900,305273216.0
2014-11-18,2.63,2.64,2.59,2.6,36826960,299636960.0
2014-11-19,2.6,2.61,2.56,2.59,39864336,320405248.0
2014-11-20,2.57,2.6,2.55,2.58,35827536,288144512.0
2014-11-21,2.57,2.64,2.57,2.63,48431808,393012224.0
2014-11-24,2.59,2.69,2.56,2.64,101360672,830578048.0
2014-11-25,2.64,2.67,2.59,2.65,61167096,501001536.0
2014-11-26,2.65,2.74,2.64,2.7,104078024,871155520.0
2014-11-27,2.72,2.77,2.69,2.74,116662880,991895104.0
2014-11-28,2.72,2.99,2.71,2.95,282893152,2519523840.0
2014-12-01,2.94,3.05,2.86,2.86,220575600,2019294976.0
2014-12-02,2.83,3.05,2.82,3.0,239519152,2198870272.0
2014-12-03,3.0,3.08,2.92,2.97,218072992,2044704000.0
2014-12-04,2.98,3.13,2.93,3.13,242104768,2295260672.0
2014-12-05,3.14,3.32,3.05,3.19,296462176,2930012928.0
2014-12-08,3.11,3.28,3.07,3.21,221166672,2191624704.0
2014-12-09,3.18,3.27,2.89,2.93,226719072,2214322432.0
2014-12-10,2.92,3.11,2.86,3.08,168436512,1563950976.0
2014-12-11,3.05,3.18,3.02,3.07,138017376,1333569280.0
2014-12-12,3.08,3.15,3.02,3.03,96904640,928966208.0
2014-12-15,3.01,3.01,2.92,2.97,79567536,732557312.0
2014-12-16,2.97,3.1,2.95,3.1,124743744,1180757888.0
2014-12-17,3.11,3.41,3.07,3.31,291049888,2938160640.0
2014-12-18,3.32,3.33,3.16,3.22,151872640,1533006592.0
2014-12-19,3.22,3.28,3.15,3.24,133789072,1346030464.0
2014-12-22,3.28,3.49,3.23,3.35,233438912,2454071552.0
2014-12-23,3.29,3.36,3.19,3.2,134827216,1374305536.0
2014-12-24,3.21,3.24,3.02,3.08,123187744,1195355520.0
2014-12-25,3.16,3.26,3.09,3.23,135330096,1342940288.0
2014-12-26,3.23,3.34,3.2,3.32,164684976,1679009024.0
2014-12-29,3.43,3.49,3.24,3.29,190880592,2013541888.0
2014-12-30,3.29,3.43,3.27,3.42,179121952,1884819584.0
2014-12-31,3.5,3.56,3.43,3.51,228669744,2498162944.0
2015-01-05,3.54,3.59,3.42,3.54,211180736,2310126080.0
2015-01-06,3.48,3.6,3.44,3.47,184284064,2011730176.0
2015-01-07,3.43,3.46,3.36,3.4,148957984,1580696960.0
2015-01-08,3.41,3.45,3.28,3.29,116160512,1204975872.0
2015-01-09,3.29,3.63,3.28,3.44,322999840,3521086976.0
2015-01-12,3.4,3.57,3.34,3.51,258231424,2778414080.0
2015-01-13,3.49,3.53,3.43,3.47,113934520,1233658368.0
2015-01-14,3.5,3.58,3.45,3.5,135232048,1483940352.0
2015-01-15,3.49,3.68,3.43,3.66,186394000,2063766272.0
2015-01-16,3.65,3.81,3.63,3.7,229103456,2658890240.0
2015-01-19,3.45,3.56,3.33,3.33,182072160,1944265472.0
2015-01-20,3.31,3.42,3.21,3.3,196085296,2024205440.0
2015-01-21,3.31,3.53,3.28,3.49,172298576,1829369472.0
2015-01-22,3.48,3.49,3.38,3.44,133342776,1428434048.0
2015-01-23,3.45,3.53,3.43,3.45,133220792,1443678336.0
2015-01-26,3.45,3.46,3.38,3.44,81321072,863590208.0
2015-01-27,3.45,3.46,3.31,3.35,106830664,1118844928.0
2015-01-28,3.32,3.38,3.28,3.31,83388696,863442560.0
2015-01-29,3.27,3.3,3.24,3.27,65416680,665161792.0
2015-01-30,3.32,3.39,3.27,3.33,123843960,1286084096.0
2015-02-02,3.24,3.29,3.21,3.22,74125648,749874752.0
2015-02-03,3.27,3.29,3.21,3.28,79443368,803764096.0
2015-02-04,3.29,3.31,3.22,3.22,64146952,652572224.0
2015-02-05,3.4,3.42,3.2,3.21,187501824,1951201024.0
2015-02-06,3.2,3.23,3.05,3.1,101549664,1001271744.0
2015-02-09,3.08,3.16,3.02,3.11,74636464,719188416.0
2015-02-10,3.11,3.17,3.1,3.17,58689944,574996928.0
2015-02-11,3.17,3.19,3.14,3.16,35762592,352248032.0
2015-02-12,3.24,3.26,3.19,3.21,72315312,724668608.0
2015-02-13,3.24,3.28,3.2,3.23,85994056,869115072.0
2015-02-16,3.23,3.24,3.2,3.23,48501020,486016096.0
2015-02-17,3.24,3.28,3.24,3.25,51282484,520061600.0
2015-02-25,3.25,3.28,3.21,3.24,84154760,852363200.0
2015-02-26,3.22,3.37,3.22,3.36,114576280,1178577152.0
2015-02-27,3.34,3.45,3.33,3.35,86835888,916059904.0
2015-03-02,3.37,3.37,3.32,3.36,77800400,811275584.0
2015-03-03,3.33,3.34,3.21,3.23,81603008,828796096.0
2015-03-04,3.25,3.26,3.19,3.22,58373520,585684096.0
2015-03-05,3.18,3.21,3.14,3.16,63235344,624080960.0
2015-03-06,3.16,3.21,3.16,3.18,48251480,479016960.0
2015-03-09,3.18,3.49,3.18,3.47,269033792,2834546944.0
2015-03-10,3.4,3.44,3.33,3.33,179494288,1883588224.0
2015-03-11,3.34,3.46,3.34,3.36,117527768,1239885696.0
2015-03-12,3.45,3.69,3.4,3.56,311925696,3462622976.0
2015-03-13,3.56,3.7,3.49,3.55,221096880,2474203136.0
2015-03-16,3.59,3.61,3.5,3.55,305252544,3360371712.0
2015-03-17,3.56,3.59,3.51,3.56,247645280,2729321216.0
2015-03-18,3.55,3.62,3.55,3.6,215838768,2404743680.0
2015-03-19,3.59,3.59,3.53,3.54,141489280,1565585152.0
2015-03-20,3.54,3.63,3.51,3.58,202585760,2250289408.0
2015-03-23,3.59,3.62,3.57,3.6,181116720,2026819968.0
2015-03-24,3.6,3.62,3.55,3.59,175811008,1960096128.0
2015-03-25,3.57,3.57,3.47,3.49,144875216,1588018304.0
2015-03-26,3.46,3.55,3.41,3.49,175389872,1904389504.0
2015-03-27,3.47,3.52,3.42,3.46,153219008,1653480320.0
2015-03-30,3.5,3.59,3.47,3.56,255096960,2807423232.0
2015-03-31,3.61,3.65,3.49,3.5,262556240,2925659136.0
2015-04-01,3.5,3.54,3.48,3.51,203235584,2221289472.0
2015-04-02,3.54,3.55,3.47,3.5,151041568,1648997120.0
2015-04-03,3.47,3.59,3.46,3.55,218093040,2395983360.0
2015-04-07,3.63,3.65,3.58,3.62,365182624,4107752192.0
2015-04-08,3.62,3.78,3.61,3.77,466334048,5363244544.0
2015-04-09,3.77,3.88,3.69,3.73,370316768,4332267008.0
2015-04-10,3.72,3.86,3.69,3.84,358125696,4217856512.0
2015-04-13,3.95,3.97,3.83,3.95,334506752,4065002752.0
2015-04-14,3.91,3.92,3.85,3.87,230731456,2789156096.0
2015-04-15,3.86,4.14,3.84,4.04,451941088,5621636608.0
2015-04-16,3.98,4.08,3.91,4.07,351380800,4361890304.0
2015-04-17,4.15,4.16,4.02,4.07,324460064,4124917504.0
2015-04-20,4.08,4.09,3.87,3.88,375349824,4640885248.0
2015-04-21,3.88,3.97,3.86,3.94,212763632,2588618752.0
2015-04-22,3.97,4.0,3.93,3.99,265009376,3275148544.0
2015-04-23,3.99,4.0,3.89,3.93,256258720,3145527808.0
2015-04-24,3.85,3.89,3.79,3.83,211807136,2531930624.0
2015-04-27,3.87,4.16,3.86,4.14,658470784,8224653824.0
2015-04-30,4.17,4.49,4.11,4.17,572502272,7582526464.0
2015-05-04,4.2,4.36,4.11,4.36,396865472,5279684608.0
2015-05-05,4.28,4.32,4.03,4.11,304948320,3963932416.0
2015-05-06,4.13,4.43,4.11,4.23,414268544,5487329792.0
2015-05-07,4.17,4.37,4.14,4.33,336284768,4485528576.0
2015-05-08,4.42,4.46,4.2,4.33,276677056,3710739200.0
2015-05-11,4.3,4.4,4.16,4.38,419834016,5568751616.0
2015-05-12,4.35,4.36,4.26,4.35,447235680,5993576448.0
2015-05-13,4.38,4.38,4.19,4.27,371975968,4959936512.0
2015-05-14,4.29,4.36,4.21,4.29,289496928,3869889024.0
2015-05-15,4.24,4.29,4.16,4.2,221917472,2907561216.0
2015-05-18,4.14,4.2,4.01,4.05,256451296,3271629312.0
2015-05-19,4.03,4.23,4.02,4.18,232758768,3002384384.0
2015-05-20,4.18,4.24,4.12,4.18,255924896,3329479936.0
2015-05-21,4.17,4.19,4.13,4.16,161509408,2091181056.0
2015-05-22,4.21,4.32,4.18,4.3,334160672,4449126400.0
2015-05-25,4.34,4.44,4.34,4.41,336320992,4588777472.0
2015-05-26,4.42,4.43,4.33,4.4,266146912,3623040000.0
2015-05-27,4.41,4.45,4.33,4.36,342358528,4663077888.0
2015-05-28,4.36,4.38,4.11,4.17,413558784,5540343296.0
2015-05-29,4.15,4.18,4.01,4.09,350070656,4453407744.0
2015-06-01,4.07,4.29,4.02,4.27,395834272,5117702656.0
2015-06-02,4.22,4.29,4.17,4.25,264336752,3469659648.0
2015-06-03,4.24,4.34,4.16,4.3,390452800,5161725440.0
2015-06-04,4.32,4.55,4.23,4.5,653695104,8980154368.0
2015-06-05,4.63,4.67,4.37,4.5,517746912,7278493184.0
2015-06-08,4.57,4.95,4.51,4.94,723485888,10786102272.0
2015-06-09,4.93,5.06,4.75,4.85,522728160,7979666944.0
2015-06-10,4.76,4.88,4.73,4.8,324408384,4852172800.0
2015-06-11,4.84,4.87,4.66,4.75,280647488,4151106560.0
2015-06-12,4.75,4.77,4.64,4.74,270936416,3970377216.0
2015-06-15,4.76,4.82,4.65,4.66,304616928,4494376960.0
2015-06-16,4.62,4.72,4.51,4.58,244190784,3516201216.0
2015-06-17,4.69,4.7,4.58,4.64,258008224,3729144064.0
2015-06-18,4.6,4.61,4.48,4.5,219766656,3102078976.0
2015-06-19,4.47,4.55,4.3,4.34,251329952,3481946880.0
2015-06-23,4.34,4.46,4.2,4.45,214856576,2917830144.0
2015-06-24,4.45,4.49,4.3,4.48,301485152,4123939840.0
2015-06-25,4.64,4.64,4.31,4.38,376150432,5309383680.0
2015-06-26,4.27,4.39,3.94,4.08,388738464,5029382656.0
2015-06-29,4.16,4.21,3.73,4.04,375048416,4744542208.0
2015-06-30,4.0,4.31,3.97,4.28,415025312,5359220736.0
2015-07-01,4.18,4.24,4.03,4.05,252467840,3285141504.0
2015-07-02,4.07,4.14,3.75,3.93,301125888,3746199296.0
2015-07-03,3.88,4.03,3.63,3.71,303040448,3630659072.0
2015-07-06,4.07,4.07,3.82,3.98,503835456,6157409280.0
2015-07-07,3.91,4.11,3.77,4.05,557011904,6880110080.0
2015-07-08,3.79,4.07,3.64,3.66,653577728,7784416256.0
2015-07-09,3.66,4.02,3.45,3.98,444650848,5247822336.0
2015-07-10,3.92,4.33,3.89,4.22,486928704,6358262784.0
2015-07-13,4.14,4.29,4.06,4.18,330257344,4293472512.0
2015-07-14,4.12,4.16,3.99,4.07,262669632,3341047040.0
2015-07-15,4.05,4.16,4.02,4.15,296130592,3792858624.0
2015-07-16,4.15,4.17,4.04,4.08,179709376,2293727488.0
2015-07-17,4.15,4.18,4.06,4.13,155760672,1630560896.0
2015-07-20,4.1,4.1,4.01,4.02,196018624,2018328704.0
2015-07-21,3.99,4.0,3.93,3.94,174292528,1753569792.0
2015-07-22,3.93,3.98,3.91,3.92,143613968,1440456960.0
2015-07-23,3.92,4.01,3.91,3.98,165644048,1671531904.0
2015-07-24,3.99,4.01,3.9,3.91,157831056,1590103936.0
2015-07-27,3.89,3.89,3.52,3.52,272539264,2582692608.0
2015-07-28,3.45,3.64,3.45,3.52,237476928,2126477184.0
2015-07-29,3.54,3.56,3.47,3.55,147012368,1312486784.0
2015-07-30,3.55,3.57,3.46,3.47,123968952,1111394944.0
2015-07-31,3.45,3.49,3.4,3.45,146934512,1283190144.0
2015-08-03,3.43,3.53,3.4,3.52,195120384,1717091584.0
2015-08-04,3.5,3.57,3.49,3.56,115847360,1040099776.0
2015-08-05,3.54,3.56,3.5,3.5,101668328,912534720.0
2015-08-06,3.48,3.55,3.46,3.51,83871024,749045056.0
2015-08-07,3.53,3.6,3.51,3.55,111958928,1013141696.0
2015-08-10,3.57,3.65,3.53,3.64,171177184,1566323968.0
2015-08-11,3.62,3.63,3.53,3.57,156383264,1427265152.0
2015-08-12,3.53,3.54,3.49,3.49,123071672,1100992512.0
2015-08-13,3.48,3.53,3.46,3.5,107191424,950976256.0
2015-08-14,3.5,3.51,3.48,3.49,89589936,797611136.0
2015-08-17,3.47,3.48,3.42,3.44,111820520,978947136.0
2015-08-18,3.44,3.5,3.29,3.3,165512096,1439432832.0
2015-08-19,3.28,3.32,3.2,3.31,150408976,1248546176.0
2015-08-20,3.28,3.31,3.23,3.24,101200760,841450112.0
2015-08-21,3.21,3.26,3.15,3.15,133489128,1089257600.0
2015-08-24,3.08,3.08,2.84,2.85,353374240,2617627392.0
2015-08-25,2.75,2.95,2.75,2.81,348061664,2525970944.0
2015-08-26,2.87,3.09,2.87,3.06,368350592,2818469376.0
2015-08-27,3.08,3.36,3.02,3.36,368667712,2981051904.0
2015-08-28,3.44,3.48,3.32,3.43,426168928,3689559808.0
2015-08-31,3.32,3.71,3.32,3.69,426524448,3783258112.0
2015-09-01,3.55,3.65,3.48,3.5,331775488,3005528576.0
2015-09-02,3.39,3.57,3.35,3.49,424421984,3750899456.0
2015-09-07,3.42,3.47,3.3,3.34,196616128,1701699712.0
2015-09-08,3.32,3.46,3.31,3.41,164229184,1420407296.0
2015-09-09,3.4,3.47,3.38,3.43,221147312,1925539584.0
2015-09-10,3.4,3.46,3.38,3.44,169805536,1480416640.0
2015-09-11,3.42,3.46,3.39,3.4,96700064,841309888.0
2015-09-14,3.41,3.49,3.25,3.47,279026080,2414403840.0
2015-09-15,3.41,3.46,3.36,3.44,166619952,1450935808.0
2015-09-16,3.43,3.57,3.38,3.5,128126520,1126956160.0
2015-09-17,3.46,3.52,3.42,3.42,104129888,920974912.0
2015-09-18,3.44,3.48,3.35,3.38,133765064,1155616768.0
2015-09-21,3.35,3.39,3.33,3.39,72454016,619689920.0
2015-09-22,3.38,3.49,3.37,3.43,98348944,862051456.0
2015-09-23,3.4,3.42,3.36,3.36,65667860,566091584.0
2015-09-24,3.36,3.41,3.36,3.38,46363440,398825408.0
2015-09-25,3.37,3.42,3.33,3.4,65309420,560346944.0
2015-09-28,3.38,3.39,3.35,3.38,26989916,231553200.0
2015-09-29,3.36,3.39,3.34,3.36,40552668,347665408.0
2015-09-30,3.37,3.41,3.36,3.38,45163552,389467616.0
2015-10-08,3.46,3.49,3.44,3.45,68815752,605971072.0
2015-11-19,3.79,3.79,3.79,3.79,109440160,1056097536.0
2015-11-20,3.81,3.94,3.79,3.88,320967680,3178027776.0
2015-11-23,3.87,3.92,3.8,3.85,117012768,1150239360.0
2015-11-24,3.83,3.85,3.78,3.79,175961520,1704179968.0
2015-11-25,3.79,3.84,3.73,3.77,134498688,1296046208.0
2015-11-26,3.79,3.82,3.73,3.74,93550912,898370368.0
2015-11-27,3.74,3.75,3.57,3.6,86690392,808490176.0
2015-11-30,3.6,3.68,3.57,3.64,90618984,833753856.0
2015-12-01,3.65,3.67,3.59,3.64,57683596,531430240.0
2015-12-02,3.64,4.0,3.62,4.0,344488992,3423588096.0
2015-12-03,3.95,4.13,3.89,4.02,305777080,3123393822.0
2015-12-04,3.96,3.97,3.9,3.91,133952704,1339156480.0
2015-12-07,3.91,4.03,3.9,3.94,96458473,972449776.0
2015-12-08,3.91,3.95,3.87,3.89,96319032,954642880.0
2015-12-09,3.91,4.1,3.91,3.99,168451861,1720008705.0
2015-12-10,3.96,4.12,3.94,3.95,120737088,1239569536.0
2015-12-11,3.95,4.04,3.9,3.99,88747632,897985984.0
2015-12-14,3.96,4.12,3.92,4.08,122779856,1256466816.0
2015-12-15,4.07,4.08,3.97,3.99,107563000,1096337920.0
2015-12-16,4.01,4.02,3.93,3.94,82157216,826626944.0
2015-12-17,3.99,4.02,3.93,4.0,99422032,1006480000.0
2015-12-18,3.97,4.16,3.95,4.02,161335488,1667957504.0
2015-12-21,3.97,4.2,3.96,4.12,232995888,2426997760.0
2015-12-22,4.11,4.16,4.05,4.08,103812320,1081191270.0
2015-12-23,4.1,4.23,4.06,4.12,135710144,1428147200.0
2015-12-24,4.12,4.34,4.08,4.32,226433584,2431660800.0
2015-12-25,4.3,4.39,4.23,4.32,130515341,1434044810.0
2015-12-28,4.28,4.34,4.08,4.11,151841886,1615353535.0
2015-12-29,4.1,4.21,4.06,4.2,75704363,797862967.0
2015-12-30,4.18,4.2,4.09,4.18,62181782,656103505.0
2015-12-31,4.17,4.22,4.13,4.14,58657615,622358413.0
2016-01-04,4.14,4.14,3.92,3.94,80335550,820496318.0
2016-01-05,3.88,4.03,3.88,3.96,100279178,1011124377.0
2016-01-06,3.97,4.06,3.94,4.04,62746609,638805192.0
2016-01-07,3.99,4.0,3.85,3.88,14568913,145655507.0
2016-01-08,3.93,4.11,3.88,4.02,100196725,1017728902.0
2016-01-11,3.94,4.08,3.93,3.98,115910058,1176317176.0
2016-01-12,3.95,3.97,3.89,3.92,108380792,1083154746.0
2016-01-13,3.93,3.98,3.9,3.91,81701208,816765968.0
2016-01-14,3.82,3.94,3.78,3.93,85209692,842861506.0
2016-01-15,3.93,3.95,3.85,3.91,87274442,868098944.0
2016-01-18,3.85,3.97,3.8,3.9,52085229,519461050.0
2016-01-19,3.9,3.98,3.86,3.97,63352311,633832912.0
2016-01-20,3.95,3.97,3.86,3.89,59567134,591485189.0
2016-01-21,3.84,3.95,3.83,3.86,53121572,526004986.0
2016-01-22,3.87,3.91,3.83,3.89,38958580,384228102.0
2016-01-25,3.91,3.93,3.87,3.91,36809682,366653523.0
2016-01-26,3.88,3.93,3.73,3.76,48572074,475605627.0
2016-01-27,3.74,3.8,3.55,3.64,61452157,577276161.0
2016-01-28,3.63,3.68,3.46,3.52,72078410,650528415.0
2016-01-29,3.5,3.73,3.45,3.67,68304684,624425038.0
2016-02-01,3.65,3.69,3.59,3.66,50031547,464590797.0
2016-02-02,3.64,3.75,3.64,3.71,41714533,395123595.0
2016-02-03,3.69,3.74,3.67,3.71,30646018,289763472.0
2016-02-04,3.71,3.78,3.71,3.77,31187431,298366376.0
2016-02-05,3.79,3.79,3.75,3.75,19143536,183747154.0
2016-02-15,3.66,3.71,3.64,3.68,18261220,170874457.0
2016-02-16,3.69,3.75,3.68,3.73,32686145,309361149.0
2016-02-17,3.73,3.79,3.71,3.74,50834911,484895069.0
2016-02-18,3.75,3.79,3.73,3.73,56209181,538302175.0
2016-02-19,3.72,3.75,3.64,3.65,44632753,417098420.0
2016-02-22,3.68,3.75,3.66,3.72,35653938,336572380.0
2016-02-23,3.72,3.73,3.66,3.69,19527575,183315245.0
2016-02-24,3.67,3.74,3.66,3.73,25036728,235787281.0
2016-02-25,3.75,3.78,3.59,3.64,60050735,569411099.0
2016-02-26,3.66,3.76,3.64,3.69,38709053,362614278.0
2016-02-29,3.67,3.79,3.64,3.78,68486537,647489719.0
2016-03-01,3.75,3.83,3.7,3.79,52330970,501305624.0
2016-03-02,3.79,3.88,3.74,3.87,83839633,815977671.0
2016-03-03,3.85,3.92,3.82,3.91,63696801,627147887.0
2016-03-04,3.88,4.12,3.88,4.1,218243273,2239435922.0
2016-03-07,4.05,4.08,3.95,4.02,95511530,974515021.0
2016-03-08,3.99,4.12,3.9,4.09,74953379,761743284.0
2016-03-09,4.01,4.16,3.97,4.15,83031056,859501348.0
2016-03-10,4.08,4.14,3.97,3.99,52944621,546185838.0
2016-03-11,3.97,4.04,3.93,4.02,41459028,420656666.0
2016-03-14,4.02,4.1,3.89,3.93,120216613,1215283635.0
2016-03-15,3.93,4.09,3.9,4.06,104515271,1064251412.0
2016-03-16,4.01,4.19,3.99,4.13,184087075,1934586274.0
2016-03-17,4.08,4.14,3.97,4.04,95022391,977659995.0
2016-03-18,4.04,4.06,3.99,4.03,164722975,1687728093.0
2016-03-21,4.03,4.1,4.01,4.06,124827337,1289130005.0
2016-03-22,4.04,4.12,4.01,4.02,70011516,721730458.0
2016-03-23,4.01,4.06,3.99,4.01,41390618,422863666.0
2016-03-24,4.0,4.0,3.95,3.97,44883072,453625035.0
2016-03-25,3.97,3.99,3.95,3.96,27236821,274767137.0
2016-03-28,3.97,3.99,3.9,3.92,43972937,440937469.0
2016-03-29,3.93,3.96,3.92,3.93,44515621,445811228.0
2016-03-30,3.95,3.99,3.93,3.99,57824363,585236942.0
2016-03-31,4.0,4.0,3.93,3.96,50227584,505221991.0
2016-04-01,3.93,3.95,3.88,3.94,75613504,753830261.0
2016-04-05,3.9,3.95,3.89,3.94,42211326,421325015.0
2016-04-06,3.91,3.93,3.9,3.92,28999715,289003163.0
2016-04-07,3.93,3.93,3.86,3.88,38726489,383643516.0
2016-04-08,3.86,3.93,3.85,3.91,45861505,455184606.0
2016-04-11,3.9,3.95,3.9,3.93,34572272,346084910.0
2016-04-12,3.93,3.95,3.92,3.93,27290372,273064255.0
2016-04-13,3.95,4.02,3.93,3.95,124080829,1256937896.0
2016-04-14,3.97,4.01,3.96,4.01,56525559,575920722.0
2016-04-15,4.04,4.04,4.0,4.03,34230838,350224384.0
2016-04-18,3.99,4.01,3.97,3.98,33163749,336465871.0
2016-04-19,4.01,4.02,3.97,4.01,26270930,266979191.0
2016-04-20,4.0,4.06,3.92,4.05,91239137,928422491.0
2016-04-21,4.04,4.05,3.99,4.01,34263802,350235140.0
2016-04-22,4.01,4.05,4.0,4.02,27032070,276668975.0
2016-04-25,4.02,4.13,4.01,4.12,74461818,770380350.0
2016-04-26,4.09,4.15,4.09,4.11,47230939,494208159.0
2016-04-27,4.1,4.13,4.09,4.12,42921357,449057972.0
2016-04-28,4.12,4.15,4.08,4.12,53839029,562968231.0
2016-04-29,4.1,4.1,4.04,4.05,38184927,394378501.0
2016-05-03,4.04,4.1,4.03,4.05,37161387,384384964.0
2016-05-04,4.05,4.08,4.04,4.06,28442342,293121513.0
2016-05-05,4.05,4.06,4.04,4.06,16897321,174012582.0
2016-05-06,4.05,4.08,4.03,4.03,32019476,330022399.0
2016-05-09,4.04,4.05,4.01,4.05,51351891,526845405.0
2016-05-10,4.03,4.05,4.01,4.03,30114831,308831194.0
2016-05-11,4.03,4.07,4.01,4.04,30018300,308303616.0
2016-05-12,4.02,4.07,4.01,4.06,25831750,266019351.0
2016-05-13,4.06,4.06,4.03,4.05,19803553,203772048.0
2016-05-16,4.06,4.08,4.04,4.06,12427569,128116682.0
2016-05-17,4.06,4.07,4.04,4.06,14882896,153501768.0
2016-05-18,4.05,4.11,4.04,4.1,50155862,519687465.0
2016-05-19,4.08,4.13,4.06,4.06,26171499,273311933.0
2016-05-20,4.07,4.09,4.05,4.06,12008939,124218650.0
2016-05-23,4.06,4.08,4.04,4.05,19675080,202872259.0
2016-05-24,4.05,4.06,4.04,4.05,15361780,158125219.0
2016-05-25,4.07,4.07,4.03,4.05,14955987,154069324.0
2016-05-26,4.04,4.06,4.02,4.06,21523306,221545486.0
2016-05-27,4.05,4.06,4.04,4.05,16018794,164915144.0
2016-05-30,4.06,4.18,4.04,4.14,41855507,438145915.0
2016-05-31,4.14,4.24,4.13,4.23,44823370,480256364.0
2016-06-01,4.21,4.24,4.16,4.18,22851763,243905359.0
2016-06-02,4.18,4.22,4.16,4.18,13326630,142103217.0
2016-06-03,4.2,4.23,4.19,4.21,20863665,223392354.0
2016-06-06,4.22,4.24,4.16,4.17,16645861,177286412.0
2016-06-07,4.2,4.2,4.15,4.17,12034528,127691407.0
2016-06-08,4.17,4.23,4.16,4.18,16513316,176217996.0
2016-06-13,4.16,4.17,4.05,4.06,26243701,275128219.0
2016-06-14,4.06,4.09,4.04,4.08,19845776,205139314.0
2016-06-15,4.02,4.1,4.02,4.08,30927979,319898021.0
2016-06-16,4.05,4.07,4.04,4.05,23702450,244385046.0
2016-06-17,4.05,4.09,4.05,4.05,22973101,237794525.0
2016-06-20,4.07,4.08,4.04,4.06,18528434,190932988.0
2016-06-21,4.06,4.07,4.04,4.06,23881297,246416161.0
2016-06-22,4.05,4.07,4.05,4.07,18070454,186400881.0
2016-06-23,4.07,4.08,4.04,4.07,26166488,270252248.0
2016-06-24,4.06,4.07,3.89,4.07,45191626,464629947.0
2016-06-27,4.04,4.08,4.04,4.07,26563682,274010942.0
2016-06-28,4.06,4.08,4.03,4.08,35101006,362087076.0
2016-06-29,4.07,4.08,4.04,4.08,36353120,375383222.0
2016-06-30,4.07,4.08,4.06,4.08,25014544,258985697.0
2016-07-01,4.07,4.12,4.06,4.11,37840523,394074731.0
2016-07-04,4.09,4.22,4.09,4.17,47505023,503592567.0
2016-07-05,4.2,4.21,4.16,4.16,27043413,287265300.0
2016-07-06,4.15,4.17,4.13,4.14,21159972,222862955.0
2016-07-07,4.14,4.24,4.14,4.19,48004854,512587780.0
2016-07-08,4.19,4.21,4.15,4.15,24946588,264451771.0
2016-07-11,4.15,4.19,4.12,4.14,25346515,217716055.0
2016-07-12,4.14,4.17,4.11,4.16,40385740,346317308.0
2016-07-13,4.16,4.24,4.15,4.19,49223044,428666662.0
2016-07-14,4.17,4.21,4.16,4.16,26943451,232721738.0
2016-07-15,4.16,4.18,4.14,4.15,26242567,225922348.0
2016-07-18,4.15,4.21,4.15,4.18,47310909,409229338.0
2016-07-19,4.18,4.19,4.13,4.14,34354810,294915199.0
2016-07-20,4.14,4.15,4.1,4.11,33865147,288731497.0
2016-07-21,4.12,4.13,4.1,4.12,36542641,311248489.0
2016-07-22,4.12,4.12,4.06,4.07,42118804,355906480.0
2016-07-25,4.08,4.09,4.05,4.06,27333800,230206505.0
2016-07-26,4.06,4.09,4.06,4.08,37287120,314391926.0
2016-07-27,4.08,4.1,4.03,4.09,80960961,682766623.0
2016-07-28,4.06,4.09,4.05,4.06,45973138,387378620.0
2016-07-29,4.06,4.07,4.05,4.06,49064954,412056573.0
2016-08-01,4.06,4.08,4.05,4.06,52526759,441559145.0
2016-08-02,4.06,4.07,4.03,4.05,28707450,240418228.0
2016-08-03,4.03,4.04,4.02,4.03,38674426,322716768.0
2016-08-04,4.04,4.06,4.03,4.05,36695211,307004303.0
2016-08-05,4.05,4.1,4.04,4.09,63001709,531781132.0
2016-08-08,4.08,4.11,4.07,4.09,45051764,381268076.0
2016-08-09,4.1,4.12,4.08,4.1,50006613,423891762.0
2016-08-10,4.1,4.11,4.09,4.1,36586248,310324774.0
2016-08-11,4.11,4.23,4.1,4.17,123117148,1067191811.0
2016-08-12,4.17,4.25,4.16,4.25,88838348,775112925.0
2016-08-15,4.25,4.39,4.25,4.34,125486782,1127729362.0
2016-08-16,4.35,4.38,4.28,4.29,81626378,729540793.0
2016-08-17,4.3,4.37,4.27,4.29,45128571,402665332.0
2016-08-18,4.27,4.33,4.27,4.29,30642710,272727630.0
2016-08-19,4.29,4.31,4.26,4.28,25400609,225273048.0
2016-08-22,4.28,4.29,4.24,4.26,25313643,222969491.0
2016-08-23,4.26,4.29,4.25,4.27,23928366,211505860.0
2016-08-24,4.26,4.28,4.24,4.25,16321750,143901118.0
2016-08-25,4.25,4.29,4.22,4.28,23119000,203637142.0
2016-08-26,4.29,4.33,4.27,4.29,24151364,214884724.0
2016-08-29,4.28,4.29,4.24,4.26,13269170,117078777.0
2016-08-30,4.27,4.3,4.26,4.29,29177423,258544424.0
2016-08-31,4.29,4.37,4.28,4.34,40526879,363967948.0
2016-09-01,4.33,4.38,4.32,4.34,44707769,403295103.0
2016-09-02,4.32,4.39,4.31,4.38,47916992,433149249.0
2016-09-05,4.38,4.39,4.37,4.39,48525207,439512933.0
2016-09-06,4.38,4.41,4.37,4.4,36948703,336299071.0
2016-09-07,4.4,4.42,4.37,4.41,36248479,330325300.0
2016-09-08,4.41,4.43,4.39,4.43,35301400,322992814.0
2016-09-09,4.43,4.44,4.41,4.43,26949776,247179085.0
2016-09-12,4.4,4.41,4.29,4.37,76283750,690432345.0
2016-09-13,4.38,4.41,4.37,4.39,49996626,454386975.0
2016-09-14,4.38,4.4,4.35,4.39,46922932,426192857.0
2016-09-19,4.39,4.44,4.39,4.42,22522021,206052516.0
2016-09-20,4.43,4.44,4.37,4.39,39738595,361490176.0
2016-09-21,4.4,4.41,4.37,4.4,22587198,205513096.0
2016-09-22,4.41,4.43,4.4,4.41,17435286,159309196.0
2016-09-23,4.42,4.43,4.37,4.41,44255402,402516161.0
2016-09-26,4.4,4.41,4.37,4.39,35979154,327288611.0
2016-09-27,4.37,4.41,4.36,4.4,29757003,270838047.0
2016-09-28,4.4,4.41,4.38,4.4,18144480,165245409.0
2016-09-29,4.4,4.42,4.39,4.4,13767588,125425936.0
2016-09-30,4.4,4.42,4.4,4.4,16899781,153873970.0
2016-10-10,4.4,4.42,4.39,4.41,19833234,180732249.0
2016-10-11,4.41,4.42,4.39,4.4,29878491,272018944.0
2016-10-12,4.39,4.4,4.38,4.4,17206525,156464241.0
2016-10-13,4.47,4.56,4.43,4.44,62283242,578148472.0
2016-10-14,4.46,4.46,4.41,4.43,18481302,169714450.0
2016-10-17,4.43,4.44,4.41,4.43,29417830,269419810.0
2016-10-18,4.41,4.46,4.4,4.44,21338115,196037103.0
2016-10-19,4.44,4.45,4.43,4.43,16227391,148975386.0
2016-10-20,4.43,4.46,4.43,4.45,19691500,181413239.0
2016-10-21,4.44,4.51,4.44,4.5,39705133,368092902.0
2016-10-24,4.51,4.58,4.5,4.54,43525087,410097083.0
2016-10-25,4.54,4.57,4.5,4.51,20575424,192967826.0
2016-10-26,4.5,4.52,4.47,4.5,15333666,142776445.0
2016-10-27,4.5,4.52,4.48,4.51,29274824,272479562.0
2016-10-28,4.5,4.57,4.49,4.53,27270110,255110879.0
2016-10-31,4.51,4.52,4.44,4.5,43412166,403156216.0
2016-11-01,4.5,4.53,4.49,4.51,26526174,247531172.0
2016-11-02,4.51,4.52,4.48,4.5,29499174,275238837.0
2016-11-03,4.49,4.56,4.49,4.55,38847071,363967324.0
2016-11-04,4.53,4.65,4.53,4.57,39248760,371219729.0
2016-11-07,4.61,4.61,4.56,4.58,36472161,345374429.0
2016-11-08,4.58,4.61,4.57,4.61,29051152,276552696.0
2016-11-09,4.6,4.62,4.51,4.57,40094707,379320313.0
2016-11-10,4.61,4.66,4.6,4.63,26768436,256900322.0
2016-11-11,4.61,4.66,4.59,4.61,31703452,304534154.0
2016-11-14,4.61,4.67,4.59,4.63,36609322,350745580.0
2016-11-15,4.62,4.65,4.61,4.64,19177867,183939746.0
2016-11-16,4.65,4.67,4.62,4.66,21832059,210308199.0
2016-11-17,4.65,4.67,4.63,4.66,22137360,213406635.0
2016-11-18,4.66,4.67,4.64,4.66,17270584,166642841.0
2016-11-21,4.65,4.72,4.64,4.71,32021808,311000817.0
2016-11-22,4.71,4.76,4.7,4.76,46485330,456256451.0
2016-11-23,4.76,4.88,4.74,4.84,72427132,725803565.0
2016-11-24,4.84,4.85,4.8,4.82,39971168,399691365.0
2016-11-25,4.83,5.0,4.83,4.98,67712673,690653887.0
2016-11-28,4.98,5.07,4.93,4.95,56696063,585554350.0
2016-11-29,4.95,4.98,4.85,4.92,47644318,485057312.0
2016-11-30,4.93,4.94,4.82,4.89,47825275,485480330.0
2016-12-01,4.9,4.97,4.89,4.95,50058466,511669782.0
2016-12-02,4.91,5.03,4.87,5.01,50394413,517427257.0
2016-12-05,4.88,5.01,4.85,4.97,59638116,609211051.0
2016-12-06,4.93,4.95,4.83,4.84,63050721,633786649.0
2016-12-07,4.82,4.86,4.82,4.85,31925243,320173090.0
2016-12-08,4.86,4.91,4.85,4.88,27059353,273673595.0
2016-12-09,4.88,5.0,4.86,4.88,51875659,529404567.0
2016-12-12,4.88,5.0,4.86,4.98,76345525,777037960.0
2016-12-13,4.95,4.97,4.88,4.92,29360122,299091815.0
2016-12-14,4.93,4.97,4.9,4.91,19659767,201066420.0
2016-12-15,4.88,4.91,4.7,4.79,63633327,630432862.0
2016-12-16,4.78,4.83,4.75,4.81,42253186,419399515.0
2016-12-19,4.79,4.84,4.78,4.81,15570234,154980992.0
2016-12-20,4.81,4.82,4.69,4.8,43860055,430263919.0
2016-12-21,4.78,4.82,4.77,4.79,35099392,348580860.0
2016-12-22,4.79,4.81,4.66,4.71,46348113,450252611.0
2016-12-23,4.69,4.7,4.64,4.69,26990266,260621823.0
2016-12-26,4.66,4.71,4.65,4.71,23803604,230359517.0
2016-12-27,4.71,4.72,4.69,4.71,15896186,154891203.0
2016-12-28,4.71,4.72,4.65,4.68,18455621,178485738.0
2016-12-29,4.67,4.69,4.65,4.67,15364411,148651723.0
2016-12-30,4.66,4.72,4.66,4.72,18423910,179110865.0
2017-01-03,4.72,4.8,4.71,4.77,19048727,188196613.0
2017-01-04,4.76,4.81,4.75,4.77,18403976,181748249.0
2017-01-05,4.78,4.8,4.76,4.77,18552723,183642066.0
2017-01-06,4.78,4.78,4.75,4.75,10475063,103173111.0
2017-01-09,4.78,4.78,4.72,4.76,15003847,147626549.0
2017-01-10,4.75,4.77,4.74,4.76,12004703,118186471.0
2017-01-11,4.78,4.78,4.72,4.73,16154346,158563993.0
2017-01-12,4.74,4.76,4.7,4.73,10222687,100298990.0
2017-01-13,4.72,4.79,4.72,4.78,27708600,273627701.0
2017-01-16,4.78,4.87,4.76,4.86,63885135,640006657.0
2017-01-17,4.86,4.87,4.8,4.81,25268648,252748292.0
2017-01-18,4.82,4.86,4.81,4.85,12968847,129931204.0
2017-01-19,4.83,4.89,4.83,4.84,14996698,150792864.0
2017-01-20,4.84,4.87,4.83,4.85,23054885,231418839.0
2017-01-23,4.87,4.87,4.84,4.87,12761234,128437421.0
2017-01-24,4.87,4.88,4.84,4.87,14550464,146440212.0
2017-01-25,4.86,4.87,4.84,4.86,9481754,95282866.0
2017-01-26,4.86,4.89,4.85,4.87,12642179,127667693.0
2017-02-03,4.88,4.89,4.84,4.84,11321827,113609153.0
2017-02-06,4.86,4.86,4.83,4.85,13505795,135607205.0
2017-02-07,4.84,4.86,4.84,4.85,11969415,120038628.0
2017-02-08,4.84,4.85,4.79,4.84,16114398,160627963.0
2017-02-09,4.83,4.84,4.81,4.81,15198893,151694550.0
2017-02-10,4.83,4.83,4.8,4.81,21266779,211767743.0
2017-02-13,4.82,4.86,4.81,4.86,26839555,268887300.0
2017-02-14,4.86,4.86,4.8,4.82,20902122,208693297.0
2017-02-15,4.83,4.9,4.82,4.87,34931966,351426474.0
2017-02-16,4.86,4.91,4.86,4.9,26877856,272084123.0
2017-02-17,4.9,4.9,4.86,4.87,20870030,211049586.0
2017-02-20,4.87,4.95,4.87,4.92,65987676,672279484.0
2017-02-21,4.91,4.95,4.9,4.91,36182091,369040175.0
2017-02-22,4.91,4.93,4.88,4.89,22605115,229345811.0
2017-02-23,4.89,4.93,4.88,4.9,18114753,183921760.0
2017-02-24,4.89,4.9,4.87,4.89,12610991,127524718.0
2017-02-27,4.87,4.88,4.83,4.87,27336593,274772654.0
2017-02-28,4.86,4.9,4.85,4.86,12515257,126469889.0
2017-03-01,4.87,4.88,4.82,4.83,29658981,297098695.0
2017-03-02,4.83,4.85,4.75,4.76,28013077,278315500.0
2017-03-03,4.76,4.8,4.73,4.77,17594493,173741761.0
2017-03-06,4.78,4.79,4.75,4.76,16707292,164832930.0
2017-03-07,4.76,4.78,4.73,4.76,22348483,219757295.0
2017-03-08,4.75,4.77,4.74,4.75,11928084,117257088.0
2017-03-09,4.75,4.76,4.72,4.75,23966725,235329268.0
2017-03-10,4.75,4.76,4.73,4.75,14276467,140163178.0
2017-03-13,4.75,4.8,4.74,4.79,15581832,153973059.0
2017-03-14,4.79,4.8,4.76,4.76,20064162,198229544.0
2017-03-15,4.75,4.76,4.73,4.74,17294553,169652917.0
2017-03-16,4.75,4.78,4.75,4.78,18600451,183677118.0
2017-03-17,4.79,4.79,4.72,4.74,31628454,310216168.0
2017-03-20,4.72,4.73,4.63,4.68,43724947,423563652.0
2017-03-21,4.67,4.71,4.66,4.71,24933029,241690949.0
2017-03-22,4.69,4.69,4.58,4.6,36232315,348059103.0
2017-03-23,4.61,4.65,4.59,4.62,14805620,141763046.0
2017-03-24,4.64,4.65,4.59,4.63,17275680,165244689.0
2017-03-27,4.64,4.68,4.61,4.65,28484098,273344913.0
2017-03-28,4.66,4.66,4.61,4.64,15857004,152158273.0
2017-03-29,4.64,4.66,4.58,4.6,23035481,220083052.0
2017-03-30,4.61,4.63,4.58,4.61,19371609,184893808.0
2017-03-31,4.63,4.66,4.6,4.64,16814912,161379946.0
2017-04-05,4.77,4.83,4.7,4.79,58933585,580658606.0
2017-04-06,4.73,4.78,4.71,4.73,34796475,341422475.0
2017-04-07,4.72,4.73,4.66,4.71,41889210,407112116.0
2017-04-10,4.71,4.76,4.67,4.69,40118019,391248274.0
2017-04-11,4.69,4.72,4.6,4.65,36121415,347712120.0
2017-04-12,4.64,4.65,4.6,4.62,21706652,207300141.0
2017-04-13,4.62,4.63,4.58,4.6,20190191,192223800.0
2017-04-26,4.6,4.61,4.28,4.35,114959561,1042821240.0
2017-04-27,4.3,4.37,4.24,4.34,55207095,491736175.0
2017-04-28,4.35,4.35,4.27,4.34,42700863,381571392.0
2017-05-02,4.3,4.34,4.29,4.31,27394302,244335027.0
2017-05-03,4.3,4.3,4.23,4.24,36052443,317636749.0
2017-05-04,4.22,4.24,4.15,4.2,45172615,391228107.0
2017-05-05,4.17,4.2,4.09,4.19,46260904,395887596.0
2017-05-08,4.14,4.16,4.03,4.15,64826780,548300289.0
2017-05-09,4.09,4.16,4.07,4.15,40511743,345686120.0
2017-05-10,4.14,4.23,4.13,4.17,43831063,380526345.0
2017-05-11,4.15,4.24,4.14,4.22,39358855,342679272.0
2017-05-12,4.21,4.3,4.2,4.3,49714626,439366684.0
2017-05-15,4.31,4.34,4.26,4.27,23870634,211920793.0
2017-05-16,4.26,4.29,4.23,4.27,26796707,236378575.0
2017-05-17,4.27,4.29,4.21,4.24,29224999,256297142.0
2017-05-18,4.23,4.24,4.15,4.19,34990487,303250270.0
2017-05-19,4.18,4.2,4.16,4.18,21892862,189257725.0
2017-05-22,4.17,4.18,4.11,4.15,28331816,243169720.0
2017-05-23,4.14,4.22,4.11,4.19,61379147,530079368.0
2017-05-24,4.17,4.19,4.14,4.18,26520539,228289910.0
2017-05-25,4.16,4.37,4.15,4.33,98136280,869677152.0
2017-05-26,4.31,4.39,4.28,4.31,56313895,504347383.0
2017-05-31,4.32,4.38,4.3,4.32,42634488,383073334.0
2017-06-01,4.33,4.37,4.3,4.34,39179324,351463624.0
2017-06-02,4.34,4.36,4.27,4.29,57565610,514092433.0
2017-06-05,4.28,4.3,4.23,4.25,36320939,319620446.0
2017-06-06,4.25,4.29,4.24,4.27,26118796,230234686.0
2017-06-07,4.28,4.31,4.27,4.3,27782021,247005490.0
2017-06-08,4.3,4.3,4.26,4.29,27658085,244847082.0
2017-06-09,4.31,4.36,4.29,4.31,55499297,496802302.0
2017-06-12,4.3,4.36,4.29,4.31,43665434,391097057.0
2017-06-13,4.3,4.31,4.27,4.29,31517109,279374963.0
2017-06-14,4.29,4.3,4.24,4.26,31188550,275349684.0
2017-06-15,4.25,4.27,4.24,4.26,27870595,245208639.0
2017-06-16,4.27,4.31,4.26,4.3,39626282,352528718.0
2017-06-19,4.31,4.34,4.3,4.33,24981477,223747118.0
2017-06-20,4.33,4.33,4.29,4.29,26395899,234824504.0
2017-06-21,4.31,4.32,4.28,4.29,26318003,233906098.0
2017-06-22,4.29,4.4,4.29,4.34,82818030,745820179.0
2017-06-23,4.33,4.36,4.3,4.35,44987737,402453786.0
2017-06-26,4.34,4.43,4.34,4.39,60640298,550690899.0
2017-06-27,4.38,4.41,4.35,4.39,40632272,368013947.0
2017-06-28,4.38,4.47,4.37,4.45,54743972,502613951.0
2017-06-29,4.46,4.47,4.43,4.45,33315054,306730020.0
2017-06-30,4.43,4.45,4.42,4.43,21966470,201726648.0
2017-07-03,4.43,4.43,4.39,4.42,21564574,196769332.0
2017-07-04,4.42,4.43,4.36,4.37,28321328,257120140.0
2017-07-05,4.37,4.42,4.37,4.41,26169244,237804890.0
2017-07-06,4.42,4.46,4.42,4.43,30070906,276088666.0
2017-07-07,4.43,4.44,4.41,4.43,20240808,185386358.0
2017-07-10,4.43,4.44,4.41,4.42,28778095,262892150.0
2017-07-11,4.42,4.55,4.41,4.52,89050024,825766733.0
2017-07-12,4.53,4.69,4.5,4.56,74785921,578836714.0
2017-07-13,4.53,4.65,4.53,4.65,63569966,490204204.0
2017-07-14,4.65,4.73,4.62,4.68,74492632,581732150.0
2017-07-17,4.7,4.86,4.62,4.72,164789735,1312530761.0
2017-07-18,4.72,4.73,4.6,4.66,70015714,548583178.0
2017-07-19,4.65,4.81,4.64,4.79,96925525,770928997.0
2017-07-20,4.77,4.82,4.75,4.79,43463181,348583329.0
2017-07-21,4.78,4.8,4.7,4.73,53909849,428758220.0
2017-07-24,4.72,4.78,4.7,4.75,41663935,332428919.0
2017-07-25,4.76,4.82,4.74,4.78,78555608,630761688.0
2017-07-26,4.78,4.84,4.7,4.74,64982497,519808732.0
2017-07-27,4.73,4.73,4.62,4.65,81499968,636236760.0
2017-07-28,4.63,4.66,4.62,4.66,40338926,314627512.0
2017-07-31,4.66,4.7,4.63,4.65,43398937,338934262.0
2017-08-01,4.66,4.71,4.63,4.7,63496797,498738667.0
2017-08-02,4.69,4.77,4.69,4.72,72323019,573676558.0
2017-08-03,4.73,4.74,4.66,4.67,47157707,371239164.0
2017-08-04,4.68,4.69,4.61,4.62,45193862,352463704.0
2017-08-07,4.62,4.65,4.6,4.62,42124568,326034748.0
2017-08-08,4.62,4.62,4.54,4.56,57966440,444498163.0
2017-08-09,4.56,4.56,4.5,4.5,50960373,386374091.0
2017-08-10,4.5,4.54,4.48,4.5,49999663,378240983.0
2017-08-11,4.48,4.49,4.38,4.38,78276144,581354999.0
2017-08-14,4.4,4.4,4.37,4.39,41615538,306255718.0
2017-08-15,4.39,4.46,4.39,4.43,52060733,387356973.0
2017-08-16,4.41,4.43,4.37,4.4,38704116,285570214.0
2017-08-17,4.4,4.43,4.4,4.43,25412628,188341515.0
2017-08-18,4.41,4.46,4.39,4.44,33208122,247078192.0
2017-08-21,4.43,4.46,4.41,4.43,29790829,221472095.0
2017-08-22,4.43,4.45,4.41,4.43,22732725,169006769.0
2017-08-23,4.43,4.49,4.42,4.47,47410211,355384800.0
2017-08-24,4.46,4.5,4.44,4.46,30805229,230930114.0
2017-08-25,4.46,4.57,4.44,4.56,92722475,705619512.0
2017-08-28,4.56,4.64,4.56,4.59,77154455,596493018.0
2017-08-29,4.6,4.62,4.57,4.6,36428753,280756049.0
2017-08-30,4.61,4.63,4.57,4.6,46432048,358890402.0
2017-08-31,4.62,4.63,4.53,4.55,44770841,342288397.0
2017-09-01,4.56,4.57,4.51,4.54,47585008,362619135.0
2017-09-04,4.54,4.56,4.51,4.56,26587315,202979735.0
2017-09-05,4.55,4.6,4.53,4.57,39434272,302828013.0
2017-09-06,4.57,4.57,4.52,4.54,30561174,232844034.0
2017-09-07,4.56,4.56,4.53,4.53,22247755,169550201.0
2017-09-08,4.54,4.54,4.51,4.52,28094143,213511780.0
2017-09-11,4.53,4.54,4.51,4.53,37797614,287203070.0
2017-09-12,4.53,4.53,4.5,4.53,38359780,290962919.0
2017-09-13,4.53,4.53,4.5,4.51,28207050,213779424.0
2017-09-14,4.51,4.51,4.48,4.49,35887099,271116343.0
2017-09-15,4.49,4.5,4.47,4.49,24643499,185423652.0
2017-09-18,4.5,4.51,4.49,4.51,22486187,170051875.0
2017-09-19,4.51,4.51,4.47,4.47,28619657,215611364.0
2017-09-20,4.47,4.5,4.47,4.5,26222592,197419849.0
2017-09-21,4.49,4.53,4.49,4.51,20699751,156711669.0
2017-09-22,4.5,4.51,4.45,4.47,30217601,226992262.0
2017-09-25,4.44,4.46,4.41,4.41,28921172,214842351.0
2017-09-26,4.4,4.43,4.4,4.42,14636773,108485407.0
2017-09-27,4.41,4.43,4.4,4.41,18936968,140469617.0
2017-09-28,4.41,4.43,4.4,4.4,17958083,132928748.0
2017-09-29,4.4,4.45,4.4,4.44,21489507,160242074.0
2017-10-09,4.56,4.57,4.44,4.47,60457286,457602664.0
2017-10-10,4.47,4.5,4.46,4.49,36142670,271808646.0
2017-10-11,4.49,4.5,4.47,4.49,21932774,165360157.0
2017-10-12,4.49,4.5,4.45,4.47,23893212,179274655.0
2017-10-13,4.46,4.48,4.44,4.47,21658063,162252536.0
2017-10-16,4.47,4.48,4.44,4.46,32356864,242539458.0
2017-10-17,4.46,4.47,4.44,4.46,20942408,156561004.0
2017-10-18,4.46,4.47,4.44,4.44,24848423,185530606.0
2017-10-19,4.44,4.44,4.38,4.39,38456373,284700524.0
2017-10-20,4.4,4.41,4.38,4.41,23112722,170766054.0
2017-10-23,4.41,4.41,4.39,4.4,25987416,191884336.0
2017-10-24,4.4,4.42,4.39,4.4,33149563,245189606.0
2017-10-25,4.41,4.43,4.4,4.41,22624955,167503409.0
2017-10-26,4.41,4.42,4.39,4.4,33720887,248993391.0
2017-10-27,4.41,4.44,4.4,4.41,46962215,348240023.0
2017-10-30,4.41,4.42,4.37,4.41,44694908,329808589.0
2017-10-31,4.4,4.4,4.37,4.37,32495095,239069065.0
2017-11-01,4.38,4.39,4.37,4.38,35709302,262312005.0
2017-11-02,4.38,4.4,4.32,4.38,56766229,414901071.0
2017-11-03,4.37,4.41,4.35,4.4,46669055,343019033.0
2017-11-06,4.4,4.4,4.34,4.35,31618332,231267534.0
2017-11-07,4.36,4.38,4.32,4.35,53172125,388594953.0
2017-11-08,4.35,4.38,4.34,4.37,39148244,287168069.0
2017-11-09,4.38,4.39,4.34,4.35,35274965,258364865.0
2017-11-10,4.35,4.37,4.32,4.34,41791089,304327663.0
2017-11-13,4.34,4.41,4.34,4.38,65402116,480617628.0
2017-11-14,4.37,4.38,4.34,4.37,35477227,259896838.0
2017-11-15,4.35,4.38,4.35,4.36,42666000,312895826.0
2017-11-16,4.35,4.37,4.32,4.32,34954208,254728806.0
2017-11-17,4.32,4.44,4.3,4.44,155905618,1144388055.0
2017-11-20,4.38,4.45,4.37,4.43,78199903,578733224.0
2017-11-21,4.41,4.49,4.4,4.46,90267450,675389167.0
2017-11-22,4.48,4.57,4.46,4.51,114333396,866688855.0
2017-11-23,4.5,4.55,4.44,4.5,94550100,715486576.0
2017-11-24,4.5,4.54,4.48,4.51,52159129,394793943.0
2017-11-27,4.5,4.52,4.45,4.51,64238608,483940390.0
2017-11-28,4.5,4.51,4.46,4.47,32629142,245457867.0
2017-11-29,4.47,4.49,4.39,4.42,53758518,399440169.0
2017-11-30,4.41,4.44,4.4,4.42,33003948,244882969.0
2017-12-01,4.43,4.44,4.36,4.4,65277339,480624751.0
2017-12-04,4.38,4.41,4.35,4.41,57136264,420491590.0
2017-12-05,4.4,4.51,4.39,4.46,121700405,911695480.0
2017-12-06,4.46,4.46,4.41,4.43,35748238,266344272.0
2017-12-07,4.44,4.45,4.38,4.4,25425376,188382204.0
2017-12-08,4.4,4.41,4.38,4.4,29116964,214819191.0
2017-12-11,4.4,4.41,4.37,4.38,44038330,323651878.0
2017-12-12,4.38,4.38,4.35,4.35,27491870,201407148.0
2017-12-13,4.35,4.37,4.34,4.34,31912252,233160704.0
2017-12-14,4.35,4.36,4.31,4.32,36812090,267731481.0
2017-12-15,4.33,4.33,4.27,4.27,46342610,334065947.0
2017-12-18,4.28,4.29,4.26,4.26,28281358,202862043.0
2017-12-19,4.28,4.29,4.26,4.28,36398250,261378526.0
2017-12-20,4.28,4.3,4.27,4.28,26972154,194025135.0
2017-12-21,4.28,4.37,4.27,4.35,57237720,416273288.0
2017-12-22,4.34,4.36,4.3,4.31,27085410,196425091.0
2017-12-25,4.31,4.33,4.28,4.28,20007417,144654586.0
2017-12-26,4.28,4.32,4.28,4.31,20515267,148068761.0
2017-12-27,4.3,4.31,4.21,4.21,75447999,539377587.0
2017-12-28,4.22,4.23,4.19,4.2,56670539,399835424.0
2017-12-29,4.2,4.29,4.19,4.26,32664375,231451516.0
2018-01-02,4.25,4.31,4.24,4.28,49500856,355910811.0
2018-01-03,4.28,4.34,4.27,4.32,55527469,402313643.0
2018-01-04,4.34,4.35,4.31,4.35,42924645,312761841.0
2018-01-05,4.35,4.37,4.32,4.34,39693044,289792574.0
2018-01-08,4.34,4.35,4.29,4.31,70728082,511908359.0
2018-01-09,4.31,4.33,4.3,4.31,39354221,284759997.0
2018-01-10,4.32,4.37,4.3,4.35,58626264,427192708.0
2018-01-11,4.34,4.38,4.34,4.35,43032764,314852968.0
2018-01-12,4.36,4.38,4.34,4.34,30936859,226168115.0
2018-01-15,4.35,4.4,4.33,4.38,76277165,559879051.0
2018-01-16,4.36,4.38,4.34,4.38,46748893,341708515.0
2018-01-17,4.37,4.48,4.36,4.42,109441414,815399285.0
2018-01-18,4.43,4.47,4.41,4.46,67974014,506680441.0
2018-01-19,4.5,4.57,4.5,4.54,132260260,1009357287.0
2018-01-22,4.51,4.53,4.46,4.47,97380316,733693159.0
2018-01-23,4.47,4.57,4.46,4.56,118666717,898769244.0
2018-01-24,4.57,4.63,4.51,4.6,148859926,1143966996.0
2018-01-25,4.58,4.58,4.5,4.54,79458185,605752410.0
2018-01-26,4.53,4.62,4.53,4.59,85956641,660298956.0
2018-01-29,4.59,4.61,4.51,4.53,91533019,702054858.0
2018-01-30,4.53,4.54,4.44,4.45,68342136,514690813.0
2018-01-31,4.44,4.48,4.43,4.47,84584594,631801110.0
2018-02-01,4.46,4.54,4.44,4.53,124819105,940838499.0
2018-02-02,4.5,4.53,4.46,4.51,62354936,469894893.0
2018-02-05,4.47,4.66,4.45,4.65,157635660,1215821652.0
2018-02-06,4.59,4.65,4.54,4.56,201354610,1557932163.0
2018-02-07,4.62,4.71,4.5,4.5,160803229,1243054887.0
2018-02-08,4.49,4.5,4.33,4.37,98494873,731761197.0
2018-02-09,4.29,4.32,4.2,4.29,129082227,922541676.0
2018-02-12,4.28,4.34,4.26,4.31,55113084,398866544.0
2018-02-13,4.32,4.4,4.32,4.36,41155277,301633947.0
2018-02-14,4.37,4.38,4.34,4.36,26351961,192583187.0
2018-02-22,4.4,4.44,4.38,4.43,40352233,298887114.0
2018-02-23,4.43,4.46,4.41,4.44,29974961,223389341.0
2018-02-26,4.44,4.48,4.43,4.46,34545619,258150984.0
2018-02-27,4.48,4.48,4.37,4.37,36881977,273343797.0
2018-02-28,4.36,4.38,4.32,4.35,48044847,351689537.0
2018-03-01,4.33,4.41,4.32,4.38,62790814,461513892.0
2018-03-02,4.36,4.4,4.34,4.37,34179750,250652969.0
2018-03-05,4.35,4.4,4.35,4.36,31432790,230471160.0
2018-03-06,4.38,4.39,4.35,4.38,21289939,156175934.0
2018-03-07,4.4,4.43,4.35,4.35,29062017,214699061.0
2018-03-08,4.38,4.38,4.35,4.37,17396520,127453310.0
2018-03-09,4.38,4.38,4.35,4.37,20399374,149311150.0
2018-03-12,4.37,4.38,4.35,4.37,24556201,180013329.0
2018-03-13,4.37,4.4,4.34,4.34,26123170,191493452.0
2018-03-14,4.34,4.35,4.31,4.31,17660761,128099174.0
2018-03-15,4.29,4.31,4.29,4.3,14511587,104752080.0
2018-03-16,4.29,4.31,4.26,4.28,24805034,178586911.0
2018-03-19,4.27,4.29,4.26,4.26,15273793,109589971.0
2018-03-20,4.26,4.29,4.26,4.28,16601097,119113574.0
2018-03-21,4.29,4.3,4.26,4.26,21694843,155818337.0
2018-03-22,4.26,4.28,4.23,4.23,19351151,138067527.0
2018-03-23,4.2,4.21,4.05,4.09,59395065,413207491.0
2018-03-26,4.09,4.09,4.01,4.06,38664139,262851698.0
2018-03-27,4.09,4.12,4.06,4.07,25705564,176574201.0
2018-03-28,4.04,4.12,4.04,4.08,22781103,156449628.0
2018-03-29,4.08,4.13,4.07,4.13,23625388,162586533.0
2018-03-30,4.13,4.15,4.09,4.1,19860592,137012643.0
2018-04-02,4.11,4.13,4.09,4.09,24152840,166780952.0
2018-04-03,4.09,4.1,4.05,4.07,16200017,110574910.0
2018-04-04,4.07,4.08,4.05,4.06,18396218,125570596.0
2018-04-09,4.06,4.07,4.04,4.06,18262044,124343506.0
2018-04-10,4.06,4.15,4.05,4.13,24476200,168483728.0
2018-04-11,4.14,4.2,4.12,4.16,26217027,183058392.0
2018-04-12,4.17,4.17,4.12,4.13,18109392,125828080.0
2018-04-13,4.15,4.15,4.1,4.1,12837318,88852141.0
2018-04-16,4.12,4.12,4.04,4.06,25108476,171504501.0
2018-04-17,4.06,4.09,4.03,4.06,25886186,176423586.0
2018-04-18,4.1,4.11,4.06,4.07,25554512,175206698.0
2018-04-19,4.1,4.1,4.06,4.07,17890330,122606786.0
2018-04-20,4.06,4.07,3.97,4.0,27249762,183586981.0
2018-04-23,3.98,4.03,3.98,4.01,15449258,104006556.0
2018-04-24,3.99,4.07,3.99,4.07,22659010,154427721.0
2018-04-25,4.06,4.08,4.03,4.03,18125603,123330963.0
2018-04-26,4.06,4.07,4.01,4.01,17484809,118573108.0
2018-04-27,4.04,4.07,4.03,4.05,25484920,173138408.0
2018-05-02,4.08,4.09,4.03,4.06,24175050,164569353.0
2018-05-03,4.05,4.07,4.03,4.06,21377739,145383124.0
2018-05-04,4.06,4.07,4.02,4.04,19732790,133975865.0
2018-05-07,4.04,4.06,4.03,4.05,25350972,172173848.0
2018-05-08,4.04,4.09,4.04,4.07,26390011,180291693.0
2018-05-09,4.07,4.07,4.05,4.07,17699333,120712034.0
2018-05-10,4.07,4.11,4.07,4.1,28178051,193340024.0
2018-05-11,4.11,4.12,4.08,4.1,16186298,111375250.0
2018-05-14,4.11,4.13,4.09,4.11,21888363,151087140.0
2018-05-15,4.11,4.11,4.08,4.1,16939597,116339764.0
2018-05-16,4.1,4.1,4.05,4.06,24526212,167412440.0
2018-05-17,4.06,4.08,4.04,4.06,15838641,108081948.0
2018-05-18,4.06,4.1,4.04,4.1,20367510,139301880.0
2018-05-21,4.11,4.12,4.09,4.11,23846814,164463708.0
2018-05-22,4.11,4.12,4.08,4.1,19173259,131786928.0
2018-05-23,4.1,4.1,4.06,4.06,18842718,128959082.0
2018-05-24,4.07,4.07,4.04,4.05,18353804,124951038.0
2018-05-25,4.06,4.07,4.03,4.05,22528220,153173811.0
2018-05-28,4.05,4.06,4.01,4.04,23952419,162432122.0
2018-05-29,4.02,4.04,3.99,4.0,23501340,158256788.0
2018-05-30,3.98,3.99,3.91,3.93,30303512,200767807.0
2018-05-31,3.96,3.98,3.91,3.94,49904635,330458443.0
2018-06-01,3.95,3.97,3.93,3.96,16765434,111153398.0
2018-06-04,3.96,3.97,3.93,3.94,29023743,192475017.0
2018-06-05,3.94,3.94,3.84,3.87,61876150,401683935.0
2018-06-06,3.86,3.86,3.81,3.85,49247469,316415025.0
2018-06-07,3.85,3.86,3.8,3.85,81001346,520096570.0
2018-06-08,3.82,3.82,3.72,3.76,64773960,409341464.0
2018-06-11,3.74,3.74,3.7,3.73,51703765,323166992.0
2018-06-12,3.72,3.72,3.67,3.7,56944531,352872033.0
2018-06-13,3.69,3.69,3.65,3.65,37408822,230531136.0
2018-06-14,3.63,3.68,3.62,3.66,32389708,198651042.0
2018-06-15,3.66,3.71,3.65,3.69,37046692,229558090.0
2018-06-19,3.68,3.68,3.54,3.57,60318395,365906157.0
2018-06-20,3.57,3.61,3.57,3.59,33595052,202744892.0
2018-06-21,3.59,3.62,3.56,3.59,32223155,194512528.0
2018-06-22,3.59,3.61,3.56,3.6,23482702,141120853.0
2018-06-25,3.62,3.63,3.54,3.57,34035651,204561503.0
2018-06-26,3.57,3.57,3.48,3.56,40693265,240708169.0
2018-06-27,3.53,3.56,3.5,3.52,25023943,148065771.0
2018-06-28,3.48,3.57,3.48,3.56,33469660,198587848.0
2018-06-29,3.57,3.6,3.55,3.59,20357575,122188435.0
2018-07-02,3.58,3.59,3.5,3.54,28254197,168156551.0
2018-07-03,3.53,3.58,3.52,3.57,28788384,171704222.0
2018-07-04,3.57,3.62,3.56,3.59,23241603,139811616.0
2018-07-05,3.56,3.57,3.44,3.49,88027649,516572873.0
2018-07-06,3.48,3.5,3.42,3.49,72603832,422224682.0
2018-07-09,3.48,3.6,3.47,3.59,52231047,311147102.0
2018-07-10,3.59,3.62,3.57,3.62,36511937,220435392.0
2018-07-11,3.57,3.63,3.51,3.61,50850674,305833950.0
2018-07-12,3.59,3.65,3.56,3.64,52269840,303213268.0
2018-07-13,3.64,3.64,3.6,3.6,29217243,169185685.0
2018-07-16,3.61,3.61,3.55,3.56,22888698,131148642.0
2018-07-17,3.56,3.57,3.52,3.53,23225624,131877737.0
2018-07-18,3.53,3.57,3.5,3.51,29057060,164914188.0
2018-07-19,3.52,3.53,3.49,3.52,22751706,128069655.0
2018-07-20,3.51,3.65,3.48,3.61,65313076,376213215.0
2018-07-23,3.6,3.68,3.57,3.67,56703242,330055077.0
2018-07-24,3.66,3.72,3.65,3.71,61627268,364476993.0
2018-07-25,3.71,3.71,3.67,3.71,30464941,180497552.0
2018-07-26,3.71,3.71,3.68,3.7,27951370,165886761.0
2018-07-27,3.7,3.71,3.66,3.7,20750780,122880547.0
2018-07-30,3.69,3.73,3.68,3.71,30397007,180614891.0
2018-07-31,3.71,3.73,3.68,3.71,24298643,144210812.0
2018-08-01,3.71,3.73,3.64,3.67,37828954,223810790.0
2018-08-02,3.65,3.68,3.54,3.61,39319980,227395016.0
2018-08-03,3.59,3.62,3.57,3.58,18168689,104837196.0
2018-08-06,3.6,3.63,3.56,3.57,23199842,133680419.0
2018-08-07,3.58,3.63,3.55,3.62,31870479,183578070.0
2018-08-08,3.62,3.63,3.6,3.61,20522759,118923457.0
2018-08-09,3.58,3.66,3.58,3.64,27834849,162216336.0
2018-08-10,3.65,3.65,3.61,3.63,26844695,156362866.0
2018-08-13,3.61,3.62,3.56,3.6,24276518,139724196.0
2018-08-14,3.6,3.62,3.58,3.61,14436124,83527968.0
2018-08-15,3.61,3.62,3.56,3.56,27524977,158346895.0
2018-08-16,3.55,3.58,3.51,3.56,28917846,164782465.0
2018-08-17,3.58,3.58,3.53,3.53,16244924,92861875.0
2018-08-20,3.56,3.6,3.55,3.6,25021460,143404437.0
2018-08-21,3.61,3.63,3.58,3.59,19650991,113742813.0
2018-08-22,3.59,3.6,3.53,3.55,24636611,140616575.0
2018-08-23,3.56,3.58,3.53,3.56,24335146,138866319.0
2018-08-24,3.55,3.68,3.53,3.61,45603871,263209847.0
2018-08-27,3.61,3.63,3.58,3.62,50820431,294228449.0
2018-08-28,3.62,3.64,3.61,3.62,23558250,137036165.0
2018-08-29,3.62,3.63,3.58,3.6,19023417,109988231.0
2018-08-30,3.61,3.63,3.56,3.56,23191491,133800959.0
2018-08-31,3.58,3.65,3.56,3.63,58956255,342005706.0
2018-09-03,3.62,3.64,3.58,3.61,30000176,173649070.0
2018-09-04,3.61,3.66,3.6,3.64,36542382,212646631.0
2018-09-05,3.62,3.65,3.57,3.57,33894767,196311476.0
2018-09-06,3.58,3.6,3.56,3.57,19243603,110711402.0
2018-09-07,3.58,3.6,3.55,3.58,19176302,110141158.0
2018-09-10,3.56,3.58,3.54,3.56,16748983,95613016.0
2018-09-11,3.56,3.57,3.52,3.53,20392897,116105517.0
2018-09-12,3.52,3.55,3.51,3.53,15753922,89167369.0
2018-09-13,3.56,3.58,3.55,3.58,26520876,151715156.0
2018-09-14,3.59,3.61,3.57,3.59,15354385,88317609.0
2018-09-17,3.57,3.58,3.55,3.55,15087951,86105705.0
2018-09-18,3.55,3.6,3.54,3.6,24138312,138337443.0
2018-09-19,3.6,3.61,3.58,3.6,29899941,172709029.0
2018-09-20,3.61,3.63,3.6,3.61,27704956,160537120.0
2018-09-21,3.62,3.71,3.6,3.71,51542984,302511334.0
2018-09-25,3.67,3.7,3.66,3.69,27675753,163714488.0
2018-09-26,3.7,3.78,3.69,3.73,59522536,357478625.0
2018-09-27,3.74,3.76,3.73,3.75,32148838,193014578.0
2018-09-28,3.76,3.83,3.74,3.81,49044695,298771926.0
2018-10-08,3.73,3.73,3.63,3.66,55606704,329422587.0
2018-10-09,3.65,3.69,3.63,3.65,30343007,178090113.0
2018-10-10,3.66,3.69,3.65,3.69,22437653,132276083.0
2018-10-11,3.61,3.65,3.51,3.55,50466325,290419683.0
2018-10-12,3.56,3.6,3.53,3.58,31025748,177790302.0
2018-10-15,3.58,3.6,3.48,3.52,53959580,305928708.0
2018-10-16,3.51,3.57,3.51,3.53,27654991,157087080.0
2018-10-17,3.56,3.6,3.53,3.58,35503386,203801540.0
2018-10-18,3.58,3.6,3.51,3.53,34750417,198610887.0
2018-10-19,3.55,3.63,3.51,3.63,53374685,307359905.0
2018-10-22,3.64,3.76,3.63,3.71,68351138,406937048.0
2018-10-23,3.69,3.73,3.66,3.66,48315386,286152226.0
2018-10-24,3.68,3.83,3.66,3.73,70956136,427590683.0
2018-10-25,3.68,3.78,3.67,3.76,37816947,225613638.0
2018-10-26,3.78,3.79,3.74,3.77,43014070,260233213.0
2018-10-29,3.8,3.82,3.73,3.76,49399568,299742707.0
2018-10-30,3.8,3.85,3.76,3.84,62858851,385285662.0
2018-10-31,3.84,3.85,3.77,3.79,41174119,251228401.0
2018-11-01,3.81,3.84,3.79,3.79,45857662,280334017.0
2018-11-02,3.84,3.88,3.79,3.84,58989167,363345076.0
2018-11-05,3.83,3.86,3.81,3.83,24256294,149100492.0
2018-11-06,3.83,3.83,3.79,3.79,30081745,183587679.0
2018-11-07,3.81,3.86,3.79,3.81,30314429,185838528.0
2018-11-08,3.83,3.84,3.79,3.8,22703966,138769899.0
2018-11-09,3.78,3.8,3.73,3.74,32411554,195327826.0
2018-11-12,3.74,3.78,3.74,3.76,19715095,119053181.0
2018-11-13,3.74,3.8,3.72,3.78,24675168,148851092.0
2018-11-14,3.79,3.79,3.73,3.73,23182273,139936045.0
2018-11-15,3.74,3.78,3.73,3.76,18917757,113962628.0
2018-11-16,3.76,3.8,3.75,3.77,27599109,167351049.0
2018-11-19,3.79,3.84,3.78,3.82,29191683,178842273.0
2018-11-20,3.81,3.83,3.76,3.77,24577540,149305094.0
2018-11-21,3.75,3.78,3.74,3.75,23678221,142824484.0
2018-11-22,3.77,3.77,3.73,3.74,14430607,86638310.0
2018-11-23,3.74,3.76,3.68,3.68,21357241,127562511.0
2018-11-26,3.71,3.73,3.68,3.68,16050739,95461112.0
2018-11-27,3.69,3.72,3.66,3.66,15256766,90223510.0
2018-11-28,3.67,3.71,3.66,3.69,16725231,99117028.0
2018-11-29,3.71,3.71,3.66,3.66,15008802,88967184.0
2018-11-30,3.68,3.71,3.67,3.69,25513528,151275124.0
2018-12-03,3.77,3.79,3.75,3.76,38207174,231468317.0
2018-12-04,3.78,3.81,3.76,3.8,25047673,152195053.0
2018-12-05,3.78,3.81,3.77,3.8,19575253,119197632.0
2018-12-06,3.74,3.76,3.72,3.74,26653728,159991926.0
2018-12-07,3.74,3.76,3.73,3.74,11238065,67575049.0
2018-12-10,3.71,3.74,3.69,3.71,17379516,103332587.0
2018-12-11,3.69,3.72,3.69,3.69,14793943,87791698.0
2018-12-12,3.72,3.72,3.68,3.69,12919761,76720815.0
2018-12-13,3.7,3.73,3.68,3.71,19066220,113746077.0
2018-12-14,3.71,3.72,3.67,3.69,25112586,148742593.0
2018-12-17,3.69,3.73,3.68,3.73,25569326,152308759.0
2018-12-18,3.69,3.74,3.69,3.69,19341000,115292587.0
2018-12-19,3.71,3.73,3.69,3.69,18607482,110931844.0
2018-12-20,3.69,3.71,3.57,3.61,31320641,182053887.0
2018-12-21,3.6,3.61,3.55,3.58,22431361,128617511.0
2018-12-24,3.54,3.58,3.53,3.55,20435061,116367058.0
2018-12-25,3.52,3.53,3.45,3.51,41460940,231584933.0
2018-12-26,3.49,3.51,3.45,3.48,29395233,164258099.0
2018-12-27,3.5,3.53,3.46,3.48,37274221,209413821.0
2018-12-28,3.5,3.55,3.5,3.5,32751021,185151924.0
2019-01-02,3.5,3.51,3.42,3.46,40146019,222384231.0
2019-01-03,3.45,3.49,3.44,3.49,28559214,159016402.0
2019-01-04,3.46,3.55,3.46,3.55,32642652,184186433.0
2019-01-07,3.58,3.58,3.52,3.53,29158792,165711903.0
2019-01-08,3.55,3.55,3.52,3.54,26005388,147410868.0
2019-01-09,3.56,3.6,3.54,3.54,28589983,163973296.0
2019-01-10,3.53,3.56,3.51,3.55,30468017,173057522.0
2019-01-11,3.55,3.59,3.54,3.57,24208044,138706409.0
2019-01-14,3.56,3.58,3.53,3.54,13991032,79680628.0
2019-01-15,3.55,3.58,3.53,3.56,19612079,112126040.0
2019-01-16,3.56,3.58,3.56,3.57,15852063,90735604.0
2019-01-17,3.58,3.59,3.54,3.56,23906300,136982659.0
2019-01-18,3.58,3.62,3.57,3.61,29249853,168942729.0
2019-01-21,3.61,3.63,3.6,3.61,19474718,112935456.0
2019-01-22,3.62,3.62,3.59,3.6,13014949,75289435.0
2019-01-23,3.6,3.63,3.59,3.61,15926385,92336600.0
2019-01-24,3.63,3.64,3.6,3.63,13412907,78069485.0
2019-01-25,3.65,3.71,3.64,3.66,25676799,151649275.0
2019-01-28,3.68,3.72,3.66,3.68,23035097,136653437.0
2019-01-29,3.66,3.68,3.61,3.66,34855105,203973507.0
2019-01-30,3.66,3.69,3.64,3.65,19091416,112217389.0
2019-01-31,3.68,3.74,3.66,3.72,31680814,188685795.0
2019-02-01,3.77,3.77,3.71,3.74,18061090,108076118.0
2019-02-11,3.71,3.74,3.69,3.72,31270592,186494021.0
2019-02-12,3.73,3.74,3.7,3.73,38988634,232621096.0
2019-02-13,3.73,3.78,3.7,3.77,52851490,316670992.0
2019-02-14,3.76,3.78,3.73,3.74,34273115,206199338.0
2019-02-15,3.73,3.75,3.71,3.71,33572874,201128212.0
2019-02-18,3.73,3.77,3.72,3.76,34673365,208989389.0
2019-02-19,3.76,3.8,3.74,3.75,35378854,213890058.0
2019-02-20,3.76,3.78,3.73,3.74,28441988,171154364.0
2019-02-21,3.74,3.76,3.71,3.72,33153071,198887167.0
2019-02-22,3.72,3.79,3.7,3.79,38697267,232138509.0
2019-02-25,3.8,4.08,3.8,4.04,143788272,903381711.0
2019-02-26,4.03,4.07,3.96,3.96,101837134,656035429.0
2019-02-27,3.99,4.14,3.98,4.05,108198991,704558289.0
2019-02-28,4.04,4.06,3.99,4.0,52403478,338408070.0
2019-03-01,4.03,4.09,3.97,4.09,72451072,467860331.0
2019-03-04,4.12,4.23,4.09,4.13,111328328,740860587.0
2019-03-05,4.11,4.15,4.09,4.13,49356342,326573796.0
2019-03-06,4.12,4.19,4.11,4.14,63376243,421220678.0
2019-03-07,4.14,4.14,4.08,4.09,86434296,569573852.0
2019-03-08,4.06,4.06,3.91,3.93,79045888,504603523.0
2019-03-11,3.91,3.96,3.9,3.93,59684801,375649744.0
2019-03-12,3.96,4.0,3.93,3.94,67738455,430805231.0
2019-03-13,3.96,3.96,3.9,3.94,60902304,384270598.0
2019-03-14,3.93,3.97,3.91,3.91,42542448,268670094.0
2019-03-15,3.91,3.96,3.89,3.9,58366962,367012267.0
2019-03-18,3.91,3.97,3.89,3.96,67159137,423221517.0
2019-03-19,3.94,3.96,3.93,3.94,55286137,349836460.0
2019-03-20,3.93,3.96,3.91,3.94,45352635,286263347.0
2019-03-21,3.93,3.94,3.91,3.91,50632385,319118260.0
2019-03-22,3.94,3.94,3.89,3.91,47911368,301372830.0
2019-03-25,3.88,3.88,3.8,3.81,70925891,437304626.0
2019-03-26,3.83,3.83,3.78,3.79,34864553,212753258.0
2019-03-27,3.81,3.82,3.78,3.79,36709092,223963402.0
2019-03-28,3.78,3.79,3.75,3.77,36400371,219867548.0
2019-03-29,3.76,3.88,3.76,3.86,72638024,447312924.0
2019-04-01,3.87,3.94,3.86,3.91,86662425,544448952.0
2019-04-02,3.93,3.94,3.89,3.9,71069826,446370453.0
2019-04-03,3.88,3.93,3.86,3.92,76212649,477152167.0
2019-04-04,3.93,3.98,3.93,3.96,97123222,616118898.0
2019-04-08,3.98,4.07,3.96,3.99,137370776,884756144.0
2019-04-09,3.99,4.02,3.98,3.99,83774867,537295316.0
2019-04-10,3.98,4.0,3.96,3.98,69933729,445771206.0
2019-04-11,3.98,4.01,3.93,3.93,68198103,433402267.0
2019-04-12,3.94,3.96,3.93,3.94,48246989,305340513.0
2019-04-15,4.0,4.03,3.93,3.93,96824185,620265017.0
2019-04-16,3.92,4.06,3.91,4.05,137691435,885288769.0
2019-04-17,4.04,4.08,4.01,4.04,93635564,607388141.0
2019-04-18,4.04,4.04,3.99,3.99,58004719,373315676.0
2019-04-19,3.99,4.03,3.94,3.99,74281387,474818669.0
2019-04-22,3.99,4.0,3.9,3.93,74990455,474301048.0
2019-04-23,3.92,3.95,3.9,3.92,57817583,364468392.0
2019-04-24,3.94,3.95,3.89,3.92,45367631,285562700.0
2019-04-25,3.94,3.97,3.91,3.93,74408402,470518265.0
2019-04-26,3.91,3.94,3.88,3.89,74724583,468694282.0
2019-04-29,3.92,3.97,3.89,3.94,94439278,598160476.0
2019-04-30,3.95,3.99,3.93,3.97,73886965,470078969.0
2019-05-06,3.88,3.94,3.82,3.87,117051555,727968946.0
2019-05-07,3.89,3.93,3.86,3.89,69050451,431062402.0
2019-05-08,3.85,3.91,3.83,3.84,64261894,397761680.0
2019-05-09,3.81,3.84,3.74,3.78,69976563,425818699.0
2019-05-10,3.79,3.83,3.74,3.82,66386816,404951747.0
2019-05-13,3.75,3.76,3.73,3.73,54007052,324057202.0
2019-05-14,3.69,3.75,3.69,3.69,51807970,308755066.0
2019-05-15,3.71,3.73,3.69,3.71,50429540,300179538.0
2019-05-16,3.69,3.71,3.68,3.71,46242888,274278229.0
2019-05-17,3.7,3.71,3.65,3.66,46409617,274030771.0
2019-05-20,3.68,3.71,3.66,3.68,36460394,215933922.0
2019-05-21,3.68,3.71,3.67,3.68,34834206,206613688.0
2019-05-22,3.68,3.69,3.65,3.66,39533749,232743863.0
2019-05-23,3.66,3.66,3.61,3.63,39301970,228957844.0
2019-05-24,3.64,3.66,3.63,3.65,32789870,192042961.0
2019-05-27,3.64,3.69,3.61,3.68,37920986,222616306.0
2019-05-28,3.68,3.71,3.65,3.68,54753508,323357501.0
2019-05-29,3.66,3.69,3.65,3.65,35659451,209375807.0
2019-05-30,3.66,3.66,3.62,3.65,28987531,169112875.0
2019-05-31,3.63,3.66,3.61,3.61,41847808,243964679.0
2019-06-03,3.61,3.65,3.59,3.63,61339217,355981861.0
2019-06-04,3.61,3.63,3.6,3.63,41914886,242999766.0
2019-06-05,3.65,3.66,3.63,3.63,40044665,234282466.0
2019-06-06,3.63,3.65,3.61,3.63,45245247,263572313.0
2019-06-10,3.64,3.68,3.63,3.66,50303737,295238976.0
2019-06-11,3.66,3.7,3.65,3.69,73530667,434137608.0
2019-06-12,3.68,3.69,3.65,3.66,57925686,340726643.0
2019-06-13,3.65,3.66,3.62,3.64,64913761,378568523.0
2019-06-14,3.65,3.65,3.61,3.61,102277514,595577019.0
2019-06-17,3.63,3.63,3.61,3.63,51442634,299183983.0
2019-06-18,3.63,3.64,3.62,3.64,29853417,173941333.0
2019-06-19,3.69,3.7,3.65,3.66,69257584,408211499.0
2019-06-20,3.66,3.74,3.66,3.71,92626049,551246521.0
2019-06-21,3.73,3.74,3.7,3.71,70055696,418430972.0
2019-06-24,3.71,3.72,3.68,3.7,59353743,352415373.0
2019-06-25,3.7,3.7,3.64,3.66,55094097,324107851.0
2019-06-26,3.66,3.68,3.65,3.66,24130316,141928400.0
2019-06-27,3.67,3.69,3.66,3.67,38315124,226200772.0
2019-06-28,3.67,3.69,3.65,3.68,35758763,210571418.0
2019-07-01,3.71,3.72,3.7,3.71,55517365,330508207.0
2019-07-02,3.71,3.72,3.7,3.72,48545047,289148208.0
2019-07-03,3.72,3.73,3.71,3.73,49557454,295685471.0
2019-07-04,3.73,3.76,3.73,3.74,42718041,256517689.0
2019-07-05,3.74,3.74,3.71,3.73,44199006,264236497.0
2019-07-08,3.73,3.73,3.67,3.69,47390000,280555938.0
2019-07-09,3.69,3.69,3.66,3.68,33964999,200384452.0
2019-07-10,3.68,3.69,3.66,3.66,39478487,232578059.0
2019-07-11,3.67,3.69,3.65,3.65,37055809,207531461.0
2019-07-12,3.66,3.7,3.65,3.68,30645902,172201539.0
2019-07-15,3.67,3.7,3.62,3.67,34016124,190424968.0
2019-07-16,3.67,3.69,3.67,3.69,18003197,101250816.0
2019-07-17,3.67,3.69,3.67,3.69,20081664,113048007.0
2019-07-18,3.69,3.69,3.66,3.67,18489983,103714268.0
2019-07-19,3.68,3.71,3.67,3.69,24425011,137728567.0
2019-07-22,3.66,3.69,3.65,3.65,36658503,205110280.0
2019-07-23,3.66,3.67,3.65,3.66,23193091,129775050.0
2019-07-24,3.67,3.69,3.66,3.67,23639014,132808038.0
2019-07-25,3.67,3.69,3.66,3.69,27214939,153041260.0
2019-07-26,3.68,3.7,3.67,3.69,23951453,134947811.0
2019-07-29,3.69,3.71,3.69,3.7,24585131,138711668.0
2019-07-30,3.7,3.73,3.69,3.71,36463598,206776975.0
2019-07-31,3.71,3.71,3.67,3.69,38941735,219291228.0
2019-08-01,3.67,3.69,3.65,3.65,36745010,205592827.0
2019-08-02,3.63,3.63,3.61,3.62,48858259,269840392.0
2019-08-05,3.61,3.62,3.56,3.56,50776320,278020898.0
2019-08-06,3.52,3.54,3.47,3.49,57956952,309681278.0
2019-08-07,3.5,3.51,3.47,3.47,31338119,166864729.0
2019-08-08,3.48,3.5,3.47,3.5,36130110,192544707.0
2019-08-09,3.5,3.51,3.47,3.48,27831350,148275815.0
2019-08-12,3.48,3.5,3.47,3.5,27017600,143902614.0
2019-08-13,3.48,3.49,3.45,3.46,33117436,175309432.0
2019-08-14,3.48,3.49,3.45,3.46,30277666,160423675.0
2019-08-15,3.42,3.45,3.41,3.44,37126471,194273170.0
2019-08-16,3.43,3.45,3.41,3.43,45268437,236831557.0
2019-08-19,3.43,3.46,3.39,3.46,64599819,338302986.0
2019-08-20,3.45,3.47,3.44,3.45,36226109,191292993.0
2019-08-21,3.44,3.46,3.43,3.44,30471068,160183815.0
2019-08-22,3.44,3.45,3.43,3.44,27464347,144183318.0
2019-08-23,3.44,3.47,3.43,3.46,35753115,188461527.0
2019-08-26,3.41,3.44,3.41,3.43,37313773,195008343.0
2019-08-27,3.44,3.48,3.42,3.42,62009777,326915021.0
2019-08-28,3.45,3.46,3.44,3.44,36885245,194421678.0
2019-08-29,3.45,3.46,3.42,3.43,40844971,214178782.0
2019-08-30,3.44,3.46,3.43,3.44,39085154,205393174.0
2019-09-02,3.44,3.47,3.43,3.46,49710429,262280190.0
2019-09-03,3.46,3.47,3.45,3.47,36553152,193162950.0
2019-09-04,3.47,3.52,3.46,3.52,65774400,352124420.0
2019-09-05,3.53,3.6,3.53,3.56,84592893,460668628.0
2019-09-06,3.58,3.58,3.54,3.56,40816298,221697381.0
2019-09-09,3.6,3.6,3.56,3.56,60458421,329734276.0
2019-09-10,3.57,3.58,3.54,3.56,30476008,165391780.0
2019-09-11,3.58,3.64,3.58,3.62,80391571,443152141.0
2019-09-12,3.62,3.63,3.61,3.62,47675177,263464282.0
2019-09-16,3.62,3.63,3.59,3.61,50835749,279768641.0
2019-09-17,3.6,3.6,3.54,3.54,51502550,280481828.0
2019-09-18,3.56,3.56,3.54,3.54,45530853,246810576.0
2019-09-19,3.56,3.57,3.54,3.55,31832223,172778852.0
2019-09-20,3.56,3.57,3.5,3.55,151999112,820583932.0
2019-09-23,3.53,3.54,3.5,3.5,43786367,234589114.0
2019-09-24,3.5,3.52,3.5,3.5,28496217,152610949.0
2019-09-25,3.5,3.52,3.49,3.5,31481220,168545595.0
2019-09-26,3.51,3.57,3.5,3.53,68941817,372588202.0
2019-09-27,3.53,3.55,3.51,3.53,31368949,168862834.0
2019-09-30,3.53,3.56,3.51,3.51,31253639,168438122.0
2019-10-08,3.5,3.56,3.5,3.53,44269051,238424839.0
2019-10-09,3.51,3.61,3.51,3.57,67844488,369726152.0
2019-10-10,3.58,3.6,3.56,3.58,40174061,219400204.0
2019-10-11,3.58,3.63,3.58,3.63,82061275,452349486.0
2019-10-14,3.65,3.77,3.64,3.69,157050530,889452758.0
2019-10-15,3.69,3.73,3.68,3.71,70126642,396575617.0
2019-10-16,3.73,3.77,3.67,3.68,79829983,452236255.0
2019-10-17,3.69,3.69,3.65,3.66,43434498,243355822.0
2019-10-18,3.67,3.71,3.62,3.62,63946519,356824265.0
2019-10-21,3.62,3.67,3.6,3.65,44817354,249263986.0
2019-10-22,3.66,3.66,3.62,3.64,40662319,225963075.0
2019-10-23,3.65,3.66,3.62,3.63,41818415,232416909.0
2019-10-24,3.63,3.69,3.63,3.67,43817761,245282493.0
2019-10-25,3.67,3.67,3.61,3.62,84640333,469466670.0
2019-10-28,3.62,3.64,3.6,3.63,60893917,337282558.0
2019-10-29,3.62,3.63,3.61,3.61,37900372,209661715.0
2019-10-30,3.62,3.64,3.62,3.63,45275254,250886030.0
2019-10-31,3.63,3.64,3.61,3.63,47776492,264257512.0
2019-11-01,3.63,3.69,3.61,3.69,77878061,435610887.0
2019-11-04,3.69,3.71,3.69,3.71,60337471,341336240.0
2019-11-05,3.7,3.79,3.69,3.76,100690049,576912238.0
2019-11-06,3.75,3.79,3.74,3.76,65635349,377330955.0
2019-11-07,3.77,3.78,3.73,3.74,52233335,299129868.0
2019-11-08,3.76,3.77,3.69,3.69,53656993,304697216.0
2019-11-11,3.69,3.69,3.63,3.64,45853234,256046285.0
2019-11-12,3.64,3.67,3.64,3.66,42681615,238155150.0
2019-11-13,3.65,3.66,3.63,3.65,31862151,177430960.0
2019-11-14,3.66,3.67,3.64,3.65,37893884,211514125.0
2019-11-15,3.66,3.69,3.65,3.65,29185624,163334802.0
2019-11-18,3.65,3.68,3.63,3.67,33093496,184966356.0
2019-11-19,3.67,3.68,3.65,3.67,33882074,189786404.0
2019-11-20,3.67,3.67,3.63,3.63,30491100,169756283.0
2019-11-21,3.62,3.64,3.62,3.63,22787258,126363290.0
2019-11-22,3.63,3.65,3.62,3.63,23954364,132970311.0
2019-11-25,3.63,3.69,3.63,3.67,38704636,216710040.0
2019-11-26,3.69,3.69,3.66,3.66,59943216,336315749.0
2019-11-27,3.66,3.67,3.64,3.65,23568773,131667648.0
2019-11-28,3.65,3.66,3.62,3.64,29328721,162872312.0
2019-11-29,3.64,3.65,3.62,3.64,31119353,172755613.0
2019-12-02,3.64,3.65,3.63,3.63,24375999,135406088.0
2019-12-03,3.63,3.63,3.61,3.62,29670850,163898638.0
2019-12-04,3.62,3.63,3.61,3.61,27417491,151481193.0
2019-12-05,3.62,3.63,3.62,3.63,24936773,138112474.0
2019-12-06,3.63,3.64,3.62,3.63,25795863,143083326.0
2019-12-09,3.63,3.65,3.63,3.65,26767570,148803271.0
2019-12-10,3.64,3.65,3.63,3.64,25101850,139471530.0
2019-12-11,3.64,3.66,3.64,3.65,29348828,163618159.0
2019-12-12,3.65,3.66,3.63,3.63,28363123,158009557.0
2019-12-13,3.65,3.69,3.65,3.69,63448240,355550907.0
2019-12-16,3.69,3.69,3.66,3.67,51405783,288436932.0
2019-12-17,3.67,3.77,3.67,3.73,101024339,573796851.0
2019-12-18,3.72,3.75,3.71,3.73,54080075,307902371.0
2019-12-19,3.72,3.75,3.72,3.73,39316341,224074668.0
2019-12-20,3.73,3.75,3.72,3.74,46661579,265983568.0
2019-12-23,3.73,3.75,3.67,3.68,63894787,361543915.0
2019-12-24,3.68,3.69,3.67,3.69,30970734,173995807.0
2019-12-25,3.68,3.69,3.67,3.67,27006133,151643275.0
2019-12-26,3.67,3.69,3.67,3.69,32412133,182144589.0
2019-12-27,3.69,3.72,3.68,3.69,49976676,282422661.0
2019-12-30,3.67,3.71,3.65,3.71,60983484,343452586.0
2019-12-31,3.7,3.73,3.69,3.72,52045482,294829061.0
2020-01-02,3.75,3.78,3.75,3.75,114338725,656795030.0
2020-01-03,3.77,3.77,3.75,3.76,46631763,267675158.0
2020-01-06,3.74,3.77,3.72,3.73,62521601,357607352.0
2020-01-07,3.74,3.77,3.73,3.76,41157279,235638737.0
2020-01-08,3.73,3.75,3.68,3.69,76864713,435350472.0
2020-01-09,3.71,3.73,3.69,3.71,46703900,264398577.0
2020-01-10,3.71,3.72,3.69,3.7,44557462,251589694.0
2020-01-13,3.7,3.71,3.68,3.71,36309109,204934214.0
2020-01-14,3.71,3.73,3.71,3.72,54959116,312296320.0
2020-01-15,3.72,3.73,3.68,3.7,37111210,209507838.0
2020-01-16,3.7,3.71,3.67,3.67,36468446,205258457.0
2020-01-17,3.68,3.7,3.67,3.68,33933351,190686581.0
2020-01-20,3.68,3.69,3.67,3.69,34533002,194167346.0
2020-01-21,3.68,3.68,3.63,3.64,52298019,291629545.0
2020-01-22,3.63,3.65,3.61,3.63,52551291,290796291.0
2020-01-23,3.62,3.63,3.54,3.55,93182630,508404916.0
2020-02-03,3.27,3.35,3.26,3.35,137191055,692811455.0
2020-02-04,3.33,3.41,3.33,3.4,77303075,399048695.0
2020-02-05,3.41,3.43,3.37,3.41,49287138,256145180.0
2020-02-06,3.41,3.43,3.39,3.43,51953612,270185597.0
2020-02-07,3.41,3.46,3.39,3.44,42062395,218950574.0
2020-02-10,3.42,3.44,3.41,3.43,35861602,187495068.0
2020-02-11,3.44,3.46,3.43,3.44,44005332,231478361.0
2020-02-12,3.43,3.45,3.43,3.44,35380023,185582438.0
2020-02-13,3.43,3.44,3.41,3.42,36642862,191775737.0
2020-02-14,3.42,3.44,3.41,3.44,27254631,142601530.0
2020-02-17,3.43,3.49,3.43,3.49,49727677,262731448.0
2020-02-18,3.48,3.49,3.46,3.46,38150515,202144031.0
2020-02-19,3.46,3.48,3.44,3.45,41546440,219608420.0
2020-02-20,3.45,3.49,3.43,3.48,59873913,316057972.0
2020-02-21,3.48,3.49,3.46,3.46,52965355,280600197.0
2020-02-24,3.46,3.46,3.44,3.44,57088171,300577253.0
2020-02-25,3.41,3.43,3.39,3.4,66302292,345029653.0
2020-02-26,3.39,3.44,3.38,3.41,66610608,346973591.0
2020-02-27,3.41,3.43,3.39,3.41,50932520,264908375.0
2020-02-28,3.39,3.41,3.35,3.35,78711661,405515130.0
2020-03-02,3.36,3.42,3.35,3.41,53873580,279121715.0
2020-03-03,3.43,3.44,3.41,3.43,58541431,306750276.0
2020-03-04,3.43,3.44,3.42,3.44,32631975,170940470.0
2020-03-05,3.44,3.5,3.44,3.5,89456402,475203907.0
2020-03-06,3.46,3.48,3.44,3.45,52043961,274794828.0
2020-03-09,3.42,3.43,3.39,3.39,64908224,336833268.0
2020-03-10,3.36,3.43,3.36,3.41,72775857,378155903.0
2020-03-11,3.41,3.41,3.37,3.37,53013626,274744285.0
2020-03-12,3.37,3.38,3.35,3.37,51313479,263325012.0
2020-03-13,3.31,3.35,3.28,3.33,93207101,470381001.0
2020-03-16,3.34,3.35,3.26,3.26,117652868,591690528.0
2020-03-17,3.26,3.29,3.22,3.24,98829801,489605703.0
2020-03-18,3.25,3.26,3.2,3.2,58133253,286717183.0
2020-03-19,3.19,3.2,3.12,3.15,71345754,344616768.0
2020-03-20,3.16,3.19,3.14,3.16,54956219,265514480.0
2020-03-23,3.14,3.14,3.08,3.08,63593843,301253508.0
2020-03-24,3.11,3.14,3.08,3.12,72047057,342343649.0
2020-03-25,3.17,3.19,3.15,3.17,53292160,257790015.0
2020-03-26,3.16,3.24,3.14,3.18,57912124,282101756.0
2020-03-27,3.2,3.23,3.18,3.2,39124466,191359132.0
2020-03-30,3.16,3.2,3.16,3.19,31896607,154967070.0
2020-03-31,3.21,3.22,3.16,3.16,43736911,212416676.0
2020-04-01,3.16,3.19,3.16,3.16,28568330,138426899.0
2020-04-02,3.15,3.18,3.14,3.18,31518331,152035916.0
2020-04-03,3.17,3.18,3.16,3.17,26972040,130462800.0
2020-04-07,3.2,3.21,3.18,3.19,48790818,237708878.0
2020-04-08,3.18,3.19,3.17,3.18,25142059,122070143.0
2020-04-09,3.19,3.2,3.17,3.18,34212517,166085515.0
2020-04-10,3.18,3.18,3.14,3.16,35887831,173276832.0
2020-04-13,3.15,3.15,3.12,3.12,33277002,159122432.0
2020-04-14,3.13,3.16,3.12,3.15,46165256,221087106.0
2020-04-15,3.15,3.15,3.13,3.13,33416753,160085803.0
2020-04-16,3.12,3.14,3.12,3.13,35051321,167521070.0
2020-04-17,3.14,3.15,3.12,3.13,56415527,269927890.0
2020-04-20,3.13,3.14,3.1,3.11,53298204,253524521.0
2020-04-21,3.1,3.11,3.08,3.09,38757950,183180988.0
2020-04-22,3.08,3.1,3.07,3.09,37668890,177484123.0
2020-04-23,3.1,3.12,3.08,3.1,53848756,254907530.0
2020-04-24,3.1,3.11,3.08,3.1,38065322,179738389.0
2020-04-27,3.1,3.14,3.09,3.12,51593720,245789775.0
2020-04-28,3.16,3.18,3.12,3.17,86661339,417716166.0
2020-04-29,3.17,3.26,3.16,3.25,90609188,445594959.0
2020-04-30,3.26,3.3,3.25,3.26,73059416,365062193.0
2020-05-06,3.23,3.25,3.22,3.24,60269148,297567906.0
2020-05-07,3.24,3.26,3.22,3.24,45853689,226645918.0
2020-05-08,3.25,3.27,3.24,3.26,42018027,209016452.0
2020-05-11,3.26,3.29,3.24,3.24,48435004,241070887.0
2020-05-12,3.25,3.25,3.21,3.22,44400028,218610134.0
2020-05-13,3.22,3.22,3.2,3.22,35728381,174994579.0
2020-05-14,3.21,3.22,3.2,3.2,27234514,133234880.0
2020-05-15,3.21,3.22,3.19,3.2,30584814,149532165.0
2020-05-18,3.2,3.22,3.19,3.2,33086055,161774950.0
2020-05-19,3.22,3.22,3.2,3.21,32982522,161877246.0
2020-05-20,3.21,3.23,3.2,3.21,39444493,193413363.0
2020-05-21,3.22,3.22,3.2,3.2,24485860,120014912.0
2020-05-22,3.2,3.2,3.16,3.16,40143360,194876982.0
2020-05-25,3.16,3.17,3.14,3.17,23764893,114595143.0
2020-05-26,3.17,3.18,3.16,3.17,27689053,134002153.0
2020-05-27,3.17,3.2,3.16,3.18,36878788,179383329.0
2020-05-28,3.19,3.23,3.18,3.21,39887618,195390372.0
2020-05-29,3.2,3.21,3.18,3.2,37427638,182558855.0
2020-06-01,3.2,3.23,3.2,3.23,47707144,234375706.0
2020-06-02,3.22,3.24,3.21,3.23,44022972,216807978.0
2020-06-03,3.24,3.27,3.23,3.23,47630588,235980859.0
2020-06-04,3.24,3.24,3.21,3.22,33731275,165754860.0
2020-06-05,3.22,3.23,3.2,3.22,32461212,159427304.0
2020-06-08,3.23,3.24,3.22,3.22,43395107,213607362.0
2020-06-09,3.23,3.25,3.22,3.24,34896862,172524899.0
2020-06-10,3.24,3.24,3.22,3.23,33697945,166112258.0
2020-06-11,3.23,3.23,3.21,3.21,43132637,211956171.0
2020-06-12,3.19,3.22,3.18,3.22,39224667,191754607.0
2020-06-15,3.2,3.21,3.18,3.18,43421875,211559341.0
2020-06-16,3.19,3.2,3.18,3.2,33602668,163700857.0
2020-06-17,3.2,3.21,3.18,3.2,32554719,158733199.0
2020-06-18,3.18,3.21,3.18,3.2,42401233,206715354.0
2020-06-19,3.2,3.22,3.19,3.21,52024969,254616584.0
2020-06-22,3.2,3.23,3.2,3.2,45291779,222223626.0
2020-06-23,3.21,3.22,3.19,3.19,28917990,141133791.0
2020-06-24,3.2,3.22,3.2,3.21,37085324,181842662.0
2020-06-29,3.22,3.23,3.2,3.2,33120492,162182885.0
2020-06-30,3.21,3.22,3.2,3.21,30955340,151608677.0
2020-07-01,3.21,3.27,3.2,3.26,85986376,424910674.0
2020-07-02,3.25,3.33,3.24,3.33,113132480,567796866.0
2020-07-03,3.33,3.39,3.32,3.37,140749352,721140461.0
2020-07-06,3.39,3.69,3.39,3.67,409549832,2220914510.0
2020-07-07,3.73,3.76,3.55,3.59,433578444,2399014461.0
2020-07-08,3.58,3.65,3.56,3.63,208462425,1147897028.0
2020-07-09,3.62,3.62,3.57,3.62,168319087,925356247.0
2020-07-10,3.6,3.6,3.53,3.54,148133959,805653683.0
2020-07-13,3.52,3.59,3.52,3.56,132949007,721394223.0
2020-07-14,3.56,3.58,3.51,3.52,139644669,754627770.0
2020-07-15,3.53,3.55,3.46,3.46,116306215,586157946.0
2020-07-16,3.46,3.49,3.4,3.4,106461590,529623326.0
2020-07-17,3.41,3.43,3.37,3.38,71934261,351253419.0
2020-07-20,3.39,3.47,3.37,3.46,98907783,488396545.0
2020-07-21,3.46,3.46,3.41,3.42,73287955,362034753.0
2020-07-22,3.42,3.46,3.4,3.42,83008668,409964086.0
2020-07-23,3.4,3.42,3.35,3.39,71950901,350680611.0
2020-07-24,3.38,3.39,3.32,3.33,71675358,345959419.0
2020-07-27,3.33,3.35,3.3,3.31,39607088,189211440.0
2020-07-28,3.33,3.34,3.31,3.33,29882016,143091122.0
2020-07-29,3.32,3.38,3.31,3.37,49260222,238180991.0
2020-07-30,3.37,3.4,3.35,3.36,47326015,229661093.0
2020-07-31,3.36,3.4,3.33,3.35,54415257,263347533.0
2020-08-03,3.36,3.38,3.36,3.38,57270005,277821366.0
2020-08-04,3.38,3.44,3.36,3.42,103502714,507836457.0
2020-08-05,3.42,3.42,3.36,3.38,56834467,276828546.0
2020-08-06,3.38,3.4,3.37,3.39,41716087,202992972.0
2020-08-07,3.39,3.4,3.35,3.36,46250708,224397273.0
2020-08-10,3.35,3.39,3.35,3.38,48839212,237269531.0
2020-08-11,3.38,3.42,3.37,3.37,81997614,401720620.0
2020-08-12,3.37,3.38,3.35,3.37,55921167,271242612.0
2020-08-13,3.38,3.4,3.37,3.37,42891559,208722883.0
2020-08-14,3.37,3.41,3.37,3.4,55175727,269316438.0
2020-08-17,3.42,3.52,3.41,3.49,154107858,771255261.0
2020-08-18,3.49,3.49,3.45,3.46,74095178,370375770.0
2020-08-19,3.46,3.47,3.44,3.44,57752483,287446411.0
2020-08-20,3.44,3.44,3.4,3.4,46613446,229191351.0
2020-08-21,3.42,3.42,3.4,3.4,38729191,190295704.0
2020-08-24,3.41,3.42,3.4,3.4,44872846,220058275.0
2020-08-25,3.41,3.42,3.4,3.4,31345610,153673404.0
2020-08-26,3.4,3.41,3.37,3.38,42352927,206547092.0
2020-08-27,3.38,3.39,3.37,3.37,29189045,141932803.0
2020-08-28,3.36,3.4,3.35,3.39,67596178,328541962.0
2020-08-31,3.4,3.43,3.37,3.38,79494383,389615267.0
2020-09-01,3.37,3.38,3.36,3.37,44323903,215025824.0
2020-09-02,3.38,3.38,3.33,3.35,50338222,243142320.0
2020-09-03,3.35,3.37,3.34,3.35,32580473,157251818.0
2020-09-04,3.33,3.34,3.33,3.34,36180974,173597888.0
2020-09-07,3.34,3.35,3.32,3.33,37646478,180893105.0
2020-09-08,3.33,3.36,3.33,3.35,45095286,217254645.0
2020-09-09,3.33,3.36,3.32,3.33,46940337,225675138.0
2020-09-10,3.34,3.35,3.3,3.3,50901040,243373530.0
2020-09-11,3.3,3.31,3.29,3.3,47585871,226143913.0
2020-09-14,3.3,3.33,3.3,3.33,45076765,215184133.0
2020-09-15,3.32,3.33,3.31,3.32,30779452,147194617.0
2020-09-16,3.32,3.35,3.31,3.33,49672904,238288729.0
2020-09-17,3.33,3.35,3.32,3.33,32909067,157806054.0
2020-09-18,3.33,3.37,3.32,3.37,53779878,259511600.0
2020-09-21,3.37,3.38,3.34,3.35,28779882,139027982.0
2020-09-22,3.33,3.36,3.31,3.32,55424586,266271949.0
2020-09-23,3.33,3.33,3.3,3.3,24195167,115415057.0
2020-09-24,3.3,3.3,3.27,3.28,43664876,206553820.0
2020-09-25,3.28,3.29,3.26,3.27,34514420,162737063.0
2020-09-28,3.27,3.28,3.26,3.28,20954869,98879566.0
2020-09-29,3.29,3.29,3.27,3.27,21014393,99269920.0
2020-09-30,3.27,3.28,3.24,3.25,35833659,168275551.0
2020-10-09,3.26,3.27,3.25,3.26,34821533,163590917.0
2020-10-12,3.26,3.33,3.26,3.31,59002219,280524578.0
2020-10-13,3.31,3.32,3.29,3.3,26343709,125238289.0
2020-10-14,3.3,3.31,3.28,3.29,31502469,149522606.0
2020-10-15,3.3,3.35,3.28,3.3,49247675,235120678.0
2020-10-16,3.31,3.36,3.3,3.33,62326760,299536866.0
2020-10-19,3.35,3.42,3.34,3.35,84875617,413033400.0
2020-10-20,3.34,3.35,3.31,3.33,42693503,204428277.0
2020-10-21,3.32,3.37,3.31,3.36,55112782,265116624.0
2020-10-22,3.36,3.39,3.33,3.35,42461215,204828356.0
2020-10-23,3.35,3.38,3.33,3.36,61518392,297893326.0
2020-10-26,3.36,3.37,3.3,3.3,59464307,284676644.0
2020-10-27,3.3,3.3,3.26,3.28,40975226,193797687.0
2020-10-28,3.28,3.28,3.26,3.28,32371397,152345543.0
2020-10-29,3.26,3.28,3.25,3.26,32498241,152682422.0
2020-10-30,3.27,3.28,3.24,3.24,38864468,182465124.0
2020-11-02,3.25,3.26,3.24,3.25,45210034,211663670.0
2020-11-03,3.26,3.3,3.26,3.28,45005749,212763500.0
2020-11-04,3.29,3.3,3.26,3.28,32158826,152069358.0
2020-11-05,3.3,3.31,3.28,3.3,38945999,184957238.0
2020-11-06,3.3,3.31,3.28,3.3,42536395,202187435.0
2020-11-09,3.31,3.35,3.3,3.33,53126511,254878578.0
2020-11-10,3.35,3.37,3.31,3.33,54423461,262093784.0
2020-11-11,3.33,3.35,3.31,3.33,43723322,209952030.0
2020-11-12,3.33,3.34,3.31,3.31,30515993,146026636.0
2020-11-13,3.3,3.31,3.27,3.28,44187234,208810958.0
2020-11-16,3.28,3.3,3.28,3.28,28908274,136837581.0
2020-11-17,3.28,3.3,3.28,3.3,53575566,253888202.0
2020-11-18,3.3,3.35,3.29,3.33,78363387,375710128.0
2020-11-19,3.33,3.35,3.31,3.33,74032658,354579867.0
2020-11-20,3.33,3.33,3.31,3.33,38393721,183610096.0
2020-11-23,3.33,3.37,3.32,3.36,67794888,327128718.0
2020-11-24,3.36,3.38,3.35,3.35,53609223,259614507.0
2020-11-25,3.37,3.39,3.34,3.34,56742108,275036133.0
2020-11-26,3.34,3.37,3.33,3.35,37595800,181576302.0
2020-11-27,3.36,3.42,3.35,3.42,102235734,499611647.0
2020-11-30,3.44,3.53,3.39,3.39,184319929,917751044.0
2020-12-01,3.38,3.49,3.37,3.48,156677904,778220385.0
2020-12-02,3.49,3.53,3.46,3.49,121457335,610740411.0
2020-12-03,3.48,3.53,3.46,3.51,118273035,595831641.0
2020-12-04,3.51,3.51,3.44,3.49,81963507,409385722.0
2020-12-07,3.47,3.49,3.43,3.44,64670562,321154082.0
2020-12-08,3.45,3.48,3.42,3.43,85372925,424442744.0
2020-12-09,3.44,3.51,3.44,3.46,120868187,605469940.0
2020-12-10,3.47,3.49,3.42,3.44,61065276,303836880.0
2020-12-11,3.44,3.45,3.33,3.33,78616905,384360339.0
2020-12-14,3.37,3.44,3.37,3.39,62024423,302938569.0
2020-12-15,3.38,3.39,3.34,3.35,46997780,226997312.0
2020-12-16,3.35,3.37,3.34,3.35,34617618,167362721.0
2020-12-17,3.34,3.37,3.33,3.37,46625770,224958045.0
2020-12-18,3.36,3.37,3.33,3.35,45573745,219667063.0
2020-12-21,3.35,3.35,3.31,3.35,48310171,232327601.0
2020-12-22,3.35,3.35,3.3,3.3,55292684,264455220.0
2020-12-23,3.3,3.31,3.28,3.3,33499976,159144707.0
2020-12-24,3.3,3.33,3.29,3.3,26829429,127682232.0
2020-12-25,3.3,3.32,3.28,3.31,22802730,108551744.0
2020-12-28,3.3,3.33,3.29,3.3,35197691,167604053.0
2020-12-29,3.3,3.32,3.3,3.31,34643050,165204745.0
2020-12-30,3.31,3.33,3.3,3.32,33533912,159762510.0
2020-12-31,3.31,3.37,3.31,3.36,47663762,229876952.0
2021-01-04,3.36,3.37,3.31,3.36,65391015,314494190.0
2021-01-05,3.35,3.36,3.33,3.36,57230072,275479937.0
2021-01-06,3.35,3.39,3.34,3.37,51945722,251744663.0
2021-01-07,3.37,3.39,3.33,3.36,56997550,275332344.0
2021-01-08,3.35,3.38,3.34,3.37,55243180,267439260.0
2021-01-11,3.37,3.39,3.32,3.32,88739180,428171084.0
2021-01-12,3.32,3.33,3.3,3.33,55272282,263548412.0
2021-01-13,3.33,3.36,3.31,3.35,61039933,293479605.0
2021-01-14,3.35,3.4,3.34,3.36,63179221,306673928.0
2021-01-15,3.37,3.46,3.37,3.39,120589264,594841691.0
2021-01-18,3.39,3.42,3.37,3.39,77093403,376637077.0
2021-01-19,3.4,3.44,3.37,3.42,92786298,456060256.0
2021-01-20,3.42,3.44,3.37,3.37,79312832,387778894.0
2021-01-21,3.37,3.38,3.35,3.36,60666317,293830779.0
2021-01-22,3.36,3.36,3.31,3.33,53301173,255491649.0
2021-01-25,3.33,3.33,3.3,3.31,44453215,211829730.0
2021-01-26,3.3,3.33,3.3,3.31,45558553,217488970.0
2021-01-27,3.3,3.35,3.3,3.32,58205520,279079695.0
2021-01-28,3.3,3.31,3.28,3.29,49168457,233149197.0
2021-01-29,3.3,3.31,3.28,3.28,53232948,252380560.0
2021-02-01,3.28,3.32,3.26,3.3,71105029,335934865.0
2021-02-02,3.3,3.32,3.26,3.27,49339072,233609733.0
2021-02-03,3.27,3.3,3.26,3.29,60410139,285675965.0
2021-02-04,3.28,3.31,3.27,3.28,57840587,273704420.0
2021-02-05,3.28,3.35,3.27,3.34,135080715,646337062.0
2021-02-08,3.33,3.34,3.3,3.31,88884471,424856556.0
2021-02-09,3.3,3.32,3.28,3.32,78859837,374116149.0
2021-02-10,3.31,3.35,3.31,3.32,109057846,522340145.0
2021-02-18,3.34,3.37,3.33,3.33,152948254,737580753.0
2021-02-19,3.33,3.37,3.32,3.35,131983714,636750272.0
2021-02-22,3.35,3.39,3.34,3.36,162480689,786768601.0
2021-02-23,3.35,3.38,3.35,3.35,124174554,601941518.0
2021-02-24,3.35,3.37,3.33,3.33,102925385,496011755.0
2021-02-25,3.34,3.37,3.33,3.36,159590783,771710202.0
2021-02-26,3.34,3.35,3.3,3.31,131790675,631551831.0
2021-03-01,3.32,3.33,3.29,3.3,89017041,423874689.0
2021-03-02,3.3,3.31,3.27,3.28,81224951,384937580.0
2021-03-03,3.28,3.35,3.28,3.34,151027998,723549073.0
2021-03-04,3.33,3.37,3.32,3.33,148012638,712633213.0
2021-03-05,3.33,3.35,3.3,3.34,86939432,416714761.0
2021-03-08,3.35,3.38,3.33,3.33,151151243,730539650.0
2021-03-09,3.34,3.35,3.3,3.33,126175472,604899045.0
2021-03-10,3.33,3.35,3.31,3.33,103123175,495624298.0
2021-03-11,3.34,3.37,3.33,3.36,114257976,551551473.0
2021-03-12,3.35,3.39,3.33,3.39,173989275,843970784.0
2021-03-15,3.39,3.43,3.37,3.4,160997178,789816867.0
2021-03-16,3.4,3.42,3.38,3.4,116172165,569127412.0
2021-03-17,3.4,3.4,3.36,3.37,96625572,469678591.0
2021-03-18,3.37,3.39,3.36,3.37,80458804,391030371.0
2021-03-19,3.37,3.38,3.33,3.34,111238190,536125081.0
2021-03-22,3.33,3.35,3.33,3.35,85816235,413392194.0
2021-03-23,3.34,3.36,3.32,3.33,91313382,438893128.0
2021-03-24,3.33,3.33,3.3,3.3,123640274,589857032.0
2021-03-25,3.3,3.31,3.29,3.29,79828729,379612714.0
2021-03-26,3.3,3.31,3.29,3.3,136706883,650055378.0
2021-03-29,3.31,3.33,3.3,3.33,105047426,502312180.0
2021-03-30,3.33,3.35,3.31,3.34,88989047,426518566.0
2021-03-31,3.33,3.34,3.31,3.33,74725836,357830620.0
2021-04-01,3.33,3.33,3.31,3.32,60048254,287298489.0
2021-04-02,3.33,3.33,3.3,3.32,52499684,250664992.0
2021-04-06,3.32,3.33,3.3,3.3,48843950,232779917.0
2021-04-07,3.3,3.31,3.29,3.31,66485702,316100818.0
2021-04-08,3.3,3.31,3.3,3.3,54693638,260277310.0
2021-04-09,3.3,3.31,3.3,3.3,51014751,242827586.0
2021-04-12,3.3,3.32,3.3,3.31,61822080,294681731.0
2021-04-13,3.31,3.32,3.28,3.3,69096365,328258189.0
2021-04-14,3.29,3.3,3.28,3.29,45447966,215577637.0
2021-04-15,3.3,3.3,3.28,3.28,51999084,245782802.0
2021-04-16,3.28,3.3,3.28,3.29,45663324,215945446.0
2021-04-19,3.29,3.3,3.28,3.3,49493104,234678649.0
2021-04-20,3.3,3.3,3.28,3.29,40717653,193240691.0
2021-04-21,3.29,3.3,3.28,3.29,37435842,177531018.0
2021-04-22,3.3,3.3,3.28,3.29,41005112,194478666.0
2021-04-23,3.29,3.3,3.28,3.28,31696877,150129640.0
2021-04-26,3.28,3.3,3.28,3.28,47564128,225064314.0
2021-04-27,3.28,3.29,3.27,3.28,37953949,179336205.0
2021-04-28,3.28,3.28,3.27,3.28,29536757,139378053.0
2021-04-29,3.28,3.31,3.28,3.3,49837809,236654992.0
2021-04-30,3.33,3.33,3.29,3.3,103786792,495093067.0
2021-05-06,3.31,3.34,3.3,3.33,83066378,398103205.0
2021-05-07,3.34,3.37,3.33,3.36,123733872,598698883.0
2021-05-10,3.37,3.37,3.35,3.37,112699280,545935894.0
2021-05-11,3.37,3.4,3.37,3.39,116863198,569433121.0
2021-05-12,3.4,3.44,3.38,3.44,171479768,844618424.0
2021-05-13,3.43,3.44,3.39,3.42,117809818,579006693.0
2021-05-14,3.41,3.44,3.4,3.44,99426170,490120644.0
2021-05-17,3.43,3.44,3.4,3.41,96206325,474171465.0
2021-05-18,3.41,3.42,3.39,3.41,53509141,262287235.0
2021-05-19,3.41,3.41,3.36,3.37,80279919,390310098.0
2021-05-20,3.37,3.41,3.36,3.4,79524500,387363083.0
2021-05-21,3.4,3.4,3.37,3.4,50774811,247806074.0
2021-05-24,3.38,3.4,3.38,3.39,50643116,247164955.0
2021-05-25,3.39,3.43,3.38,3.42,91221589,448449014.0
2021-05-26,3.43,3.44,3.42,3.42,76880048,379311753.0
2021-05-27,3.42,3.44,3.41,3.43,86524905,426332583.0
2021-05-28,3.43,3.44,3.41,3.42,63262601,311393721.0
2021-05-31,3.42,3.42,3.4,3.41,59644173,292800306.0
2021-06-01,3.4,3.41,3.39,3.4,55742095,272988029.0
2021-06-02,3.4,3.41,3.37,3.41,90009499,439591265.0
2021-06-03,3.41,3.43,3.4,3.4,64303610,316065920.0
2021-06-04,3.4,3.43,3.39,3.42,70976466,348794645.0
2021-06-07,3.42,3.43,3.41,3.42,49253742,242816041.0
2021-06-08,3.42,3.43,3.41,3.42,46210973,227749469.0
2021-06-09,3.42,3.44,3.42,3.43,55206600,272568863.0
2021-06-10,3.43,3.44,3.41,3.42,70460460,347878311.0
2021-06-11,3.42,3.46,3.41,3.44,133560673,661845281.0
2021-06-15,3.44,3.44,3.39,3.4,88982828,436194546.0
2021-06-16,3.4,3.42,3.39,3.4,54199687,265539079.0
2021-06-17,3.4,3.42,3.38,3.4,50643035,248316023.0
2021-06-18,3.4,3.4,3.37,3.38,53593477,261157170.0
2021-06-21,3.38,3.39,3.36,3.38,50478729,245186054.0
2021-06-22,3.39,3.4,3.38,3.4,51885197,253607735.0
2021-06-23,3.4,3.4,3.37,3.38,42401607,206714822.0
2021-06-24,3.39,3.4,3.37,3.4,37114669,181297417.0
2021-06-25,3.4,3.42,3.39,3.42,67031077,329026927.0
2021-06-28,3.42,3.42,3.4,3.4,50565999,248074161.0
2021-06-29,3.4,3.41,3.39,3.4,46514279,227516181.0
2021-06-30,3.4,3.4,3.38,3.38,37447474,182912979.0
2021-07-01,3.39,3.4,3.38,3.4,48533766,237093989.0
2021-07-02,3.39,3.4,3.38,3.39,54516293,266340964.0
2021-07-05,3.39,3.4,3.37,3.39,48950022,238384501.0
2021-07-06,3.39,3.41,3.38,3.4,62916595,307575164.0
2021-07-07,3.4,3.41,3.39,3.4,41714506,204189756.0
2021-07-08,3.41,3.41,3.38,3.4,51488330,251550593.0
2021-07-09,3.38,3.4,3.37,3.37,66507729,323844932.0
2021-07-12,3.38,3.39,3.35,3.35,76487580,371087594.0
2021-07-13,3.36,3.37,3.35,3.36,58495346,283026827.0
2021-07-14,3.36,3.37,3.33,3.34,76526753,368130555.0
2021-07-15,3.34,3.36,3.33,3.35,69314810,334472621.0
2021-07-16,3.36,3.38,3.35,3.37,75885868,344539435.0
2021-07-19,3.37,3.37,3.33,3.34,51482758,232325464.0
2021-07-20,3.32,3.33,3.31,3.32,41128073,184399033.0
2021-07-21,3.33,3.34,3.31,3.32,35141145,157702164.0
2021-07-22,3.32,3.34,3.32,3.32,54116445,243168508.0
2021-07-23,3.32,3.33,3.31,3.31,35194103,157568973.0
2021-07-26,3.31,3.32,3.26,3.26,71269390,315968119.0
2021-07-27,3.26,3.28,3.21,3.21,85363723,373264629.0
2021-07-28,3.21,3.22,3.18,3.18,79094956,341957459.0
2021-07-29,3.2,3.2,3.16,3.17,59303694,254440186.0
2021-07-30,3.17,3.18,3.15,3.18,49201585,210012745.0
2021-08-02,3.17,3.22,3.15,3.21,67199716,289589485.0
2021-08-03,3.21,3.21,3.18,3.18,43945810,189210780.0
2021-08-04,3.18,3.19,3.17,3.17,38411754,164684849.0
2021-08-05,3.17,3.19,3.16,3.18,47553888,204030720.0
2021-08-06,3.17,3.18,3.15,3.18,45388431,194100847.0
2021-08-09,3.18,3.22,3.18,3.2,67494947,292128856.0
2021-08-10,3.21,3.21,3.18,3.21,54222733,233958027.0
2021-08-11,3.21,3.24,3.2,3.21,65066628,283152785.0
2021-08-12,3.21,3.22,3.21,3.21,36422348,157971398.0
2021-08-13,3.2,3.21,3.19,3.19,43692875,188668728.0
2021-08-16,3.2,3.24,3.19,3.23,63800119,277817800.0
2021-08-17,3.23,3.25,3.21,3.21,52136092,227229850.0
2021-08-18,3.21,3.27,3.21,3.26,67528250,295874931.0
2021-08-19,3.26,3.26,3.22,3.23,50018794,218338404.0
2021-08-20,3.22,3.24,3.21,3.22,54311267,236204906.0
2021-08-23,3.22,3.24,3.22,3.22,33116054,144347123.0
2021-08-24,3.23,3.24,3.21,3.21,59302384,257621432.0
2021-08-25,3.21,3.23,3.2,3.2,59584696,258184064.0
2021-08-26,3.2,3.21,3.18,3.18,60646900,261977096.0
2021-08-27,3.19,3.21,3.18,3.2,48242229,208384288.0
2021-08-30,3.21,3.21,3.18,3.18,68739280,296309020.0
2021-08-31,3.18,3.22,3.18,3.21,70285092,304011526.0
2021-09-01,3.21,3.28,3.21,3.25,115402000,505614261.0
2021-09-02,3.25,3.26,3.24,3.26,73350971,322335996.0
2021-09-03,3.3,3.32,3.28,3.3,112975089,504145833.0
2021-09-06,3.29,3.32,3.29,3.31,91689783,410089283.0
2021-09-07,3.32,3.36,3.29,3.35,97979619,439790751.0
2021-09-08,3.35,3.38,3.33,3.35,112385797,508319813.0
2021-09-09,3.34,3.35,3.32,3.35,83180213,375487298.0
2021-09-10,3.35,3.41,3.35,3.36,140123420,638031444.0
2021-09-13,3.36,3.38,3.34,3.35,103195311,467473058.0
2021-09-14,3.35,3.36,3.29,3.29,138723183,621962205.0
2021-09-15,3.29,3.31,3.27,3.28,73315288,325842490.0
2021-09-16,3.29,3.31,3.27,3.29,97471351,433229219.0
2021-09-17,3.28,3.28,3.26,3.28,83467091,368737156.0
2021-09-22,3.24,3.26,3.22,3.24,81025976,353907220.0
2021-09-23,3.25,3.29,3.24,3.26,85232691,376002963.0
2021-09-24,3.26,3.27,3.24,3.24,67111014,294825019.0
2021-09-27,3.25,3.26,3.22,3.23,74143949,324202361.0
2021-09-28,3.24,3.26,3.23,3.25,52100362,228411646.0
2021-09-29,3.24,3.26,3.23,3.25,74246541,324955117.0
2021-09-30,3.25,3.25,3.23,3.23,62167925,271720584.0
2021-10-08,3.24,3.3,3.24,3.3,108062275,478387758.0
2021-10-11,3.3,3.35,3.29,3.32,81113002,364305268.0
2021-10-12,3.31,3.33,3.29,3.3,67093303,299841786.0
2021-10-13,3.29,3.31,3.27,3.29,50388735,223860803.0
2021-10-14,3.29,3.29,3.26,3.26,38114680,168668590.0
2021-10-15,3.27,3.28,3.26,3.26,48214440,212970888.0
2021-10-18,3.27,3.29,3.26,3.26,54508695,240786651.0
2021-10-19,3.26,3.29,3.26,3.29,58572152,259401326.0
2021-10-20,3.29,3.3,3.27,3.28,46634126,206711316.0
2021-10-21,3.29,3.32,3.28,3.31,68103912,303530211.0
2021-10-22,3.31,3.32,3.29,3.31,56386661,252064719.0
2021-10-25,3.31,3.32,3.29,3.32,41341528,184741207.0
2021-10-26,3.32,3.33,3.3,3.31,48901375,219101351.0
2021-10-27,3.3,3.31,3.26,3.29,62291426,276146903.0
2021-10-28,3.28,3.29,3.26,3.26,45304075,200189738.0
2021-10-29,3.27,3.29,3.25,3.28,56860199,251108359.0
2021-11-01,3.28,3.32,3.27,3.31,67704684,301910404.0
2021-11-02,3.32,3.32,3.24,3.26,86454290,382492290.0
2021-11-03,3.26,3.29,3.25,3.28,56247608,248075352.0
2021-11-04,3.28,3.29,3.26,3.26,46609116,206077619.0
2021-11-05,3.26,3.27,3.25,3.26,45676923,201112300.0
2021-11-08,3.26,3.27,3.25,3.26,30858103,135903073.0
2021-11-09,3.26,3.27,3.25,3.26,29477441,129856949.0
2021-11-10,3.26,3.26,3.24,3.26,42583846,186929023.0
2021-11-11,3.25,3.29,3.25,3.29,48235685,213404137.0
2021-11-12,3.29,3.3,3.27,3.28,33110168,146731386.0
2021-11-15,3.28,3.29,3.28,3.29,28906652,128285110.0
2021-11-16,3.29,3.29,3.27,3.28,35583902,157755201.0
2021-11-17,3.28,3.29,3.26,3.26,34364072,152013227.0
2021-11-18,3.26,3.29,3.26,3.27,37729602,166903690.0
2021-11-19,3.27,3.29,3.27,3.29,29735228,131810300.0
2021-11-22,3.29,3.29,3.27,3.27,27912585,123690885.0
2021-11-23,3.28,3.29,3.27,3.28,27148694,120276140.0
2021-11-24,3.29,3.29,3.27,3.29,24113681,106838135.0
2021-11-25,3.28,3.29,3.27,3.28,25363022,112236024.0
2021-11-26,3.28,3.28,3.26,3.26,24708298,109207439.0
2021-11-29,3.25,3.27,3.25,3.26,38696888,170357320.0
2021-11-30,3.26,3.27,3.24,3.24,51778704,227461276.0
2021-12-01,3.25,3.27,3.24,3.26,39059495,172080300.0
2021-12-02,3.26,3.28,3.26,3.27,38563033,170333988.0
2021-12-03,3.27,3.28,3.26,3.27,35035709,154690026.0
2021-12-06,3.28,3.29,3.27,3.27,59469519,263766937.0
2021-12-07,3.29,3.29,3.27,3.29,48831327,216758663.0
2021-12-08,3.29,3.29,3.28,3.29,40543456,180005395.0
2021-12-09,3.29,3.32,3.28,3.31,74375154,331955013.0
2021-12-10,3.3,3.31,3.28,3.29,70462050,313422051.0
2021-12-13,3.29,3.32,3.29,3.29,51233491,228375693.0
2021-12-14,3.29,3.29,3.28,3.28,41390823,183687742.0
2021-12-15,3.28,3.29,3.27,3.28,34164725,151320730.0
2021-12-16,3.28,3.29,3.27,3.29,28355276,125724704.0
2021-12-17,3.28,3.29,3.27,3.27,32087808,142150047.0
2021-12-20,3.27,3.29,3.26,3.27,37502360,165960457.0
2021-12-21,3.27,3.3,3.27,3.29,50837564,225970929.0
2021-12-22,3.29,3.3,3.28,3.28,34932217,155125842.0
2021-12-23,3.29,3.29,3.27,3.28,25830811,114491649.0
2021-12-24,3.28,3.29,3.27,3.27,29109358,128788859.0
2021-12-27,3.28,3.28,3.26,3.27,31603363,139763182.0
2021-12-28,3.28,3.29,3.27,3.29,43441476,192757676.0
2021-12-29,3.29,3.3,3.28,3.3,47822646,212865983.0
2021-12-30,3.29,3.3,3.29,3.29,34798190,154949197.0
2021-12-31,3.3,3.3,3.28,3.29,33663057,149576384.0
2022-01-04,3.29,3.31,3.28,3.3,62417158,278200257.0
2022-01-05,3.31,3.33,3.3,3.32,87334997,391289101.0
2022-01-06,3.32,3.32,3.3,3.31,52306813,233993540.0
2022-01-07,3.31,3.36,3.31,3.35,104063623,469770917.0
2022-01-10,3.37,3.38,3.34,3.36,76134781,345744733.0
2022-01-11,3.36,3.41,3.36,3.4,92957109,425450982.0
2022-01-12,3.4,3.41,3.36,3.38,67250634,307159129.0
2022-01-13,3.38,3.42,3.38,3.4,69939672,321065354.0
2022-01-14,3.39,3.4,3.34,3.34,75039975,340472127.0
2022-01-17,3.34,3.38,3.33,3.35,37437057,169492427.0
2022-01-18,3.35,3.39,3.35,3.39,67531027,307544787.0
2022-01-19,3.38,3.4,3.38,3.39,52115023,238596545.0
2022-01-20,3.4,3.43,3.39,3.41,85118886,392183355.0
2022-01-21,3.41,3.41,3.37,3.39,52423778,239989953.0
2022-01-24,3.38,3.4,3.36,3.38,54287305,247658520.0
2022-01-25,3.37,3.37,3.32,3.32,67725326,306159629.0
2022-01-26,3.32,3.37,3.32,3.35,63007820,284821495.0
2022-01-27,3.35,3.37,3.34,3.34,45665402,206419602.0
2022-01-28,3.35,3.36,3.32,3.32,61209664,276166338.0
2022-02-07,3.35,3.39,3.34,3.38,70391476,320519139.0
2022-02-08,3.38,3.44,3.38,3.44,113283572,523077438.0
2022-02-09,3.44,3.46,3.43,3.43,82063097,381456499.0
2022-02-10,3.43,3.45,3.41,3.45,71863195,333529521.0
2022-02-11,3.44,3.49,3.43,3.46,91016968,426198308.0
2022-02-14,3.46,3.46,3.41,3.42,71486808,331229381.0
2022-02-15,3.41,3.43,3.4,3.41,47690983,220059152.0
2022-02-16,3.43,3.45,3.41,3.42,43620530,202159045.0
2022-02-17,3.43,3.44,3.41,3.42,34468733,159578905.0
2022-02-18,3.41,3.44,3.41,3.44,51139558,236582973.0
2022-02-21,3.43,3.43,3.41,3.42,54535422,251806088.0
2022-02-22,3.41,3.42,3.4,3.41,54058925,248857313.0
2022-02-23,3.41,3.41,3.38,3.38,72452612,331629612.0
2022-02-24,3.38,3.39,3.33,3.35,89288539,405276144.0
2022-02-25,3.35,3.37,3.34,3.35,45122209,204241091.0
2022-02-28,3.35,3.35,3.32,3.34,46883381,211296052.0
2022-03-01,3.35,3.38,3.34,3.36,42527761,192590905.0
2022-03-02,3.35,3.38,3.35,3.35,34268343,155480790.0
2022-03-03,3.37,3.39,3.36,3.38,48057174,219335639.0
2022-03-04,3.38,3.38,3.35,3.36,45941932,208493731.0
2022-03-07,3.35,3.37,3.33,3.34,65333388,295449173.0
2022-03-08,3.34,3.34,3.29,3.29,83481872,373753306.0
2022-03-09,3.3,3.31,3.21,3.26,106369622,469026192.0
2022-03-10,3.28,3.3,3.27,3.28,54232610,240672130.0
2022-03-11,3.27,3.32,3.24,3.31,69499805,306946749.0
2022-03-14,3.29,3.32,3.27,3.27,59313711,264140060.0
2022-03-15,3.27,3.28,3.17,3.18,123570126,537666150.0
2022-03-16,3.21,3.25,3.15,3.24,92888912,402126221.0
2022-03-17,3.25,3.26,3.22,3.23,90767895,397238632.0
2022-03-18,3.23,3.28,3.22,3.27,82414839,362052517.0
2022-03-21,3.26,3.26,3.24,3.24,48012263,210819955.0
2022-03-22,3.24,3.29,3.24,3.28,64837906,286290493.0
2022-03-23,3.27,3.28,3.25,3.27,55729831,245753956.0
2022-03-24,3.26,3.28,3.26,3.26,34971814,154458760.0
2022-03-25,3.26,3.29,3.24,3.27,49195795,217058973.0
2022-03-28,3.26,3.3,3.24,3.29,60494755,267778138.0
2022-03-29,3.29,3.32,3.28,3.3,55429232,247094300.0
2022-03-30,3.3,3.34,3.29,3.34,62726683,281366808.0
2022-03-31,3.32,3.41,3.32,3.39,114139476,521390904.0
2022-04-01,3.38,3.43,3.38,3.42,84438016,388119517.0
2022-04-06,3.41,3.53,3.41,3.51,215896652,1017367834.0
2022-04-07,3.49,3.51,3.44,3.46,113954704,534704297.0
2022-04-08,3.45,3.48,3.43,3.47,85031827,396709127.0
2022-04-11,3.46,3.46,3.41,3.43,92771861,431384640.0
2022-04-12,3.42,3.46,3.41,3.45,71285555,330490970.0
2022-04-13,3.44,3.47,3.43,3.43,55428284,258346065.0
2022-04-14,3.45,3.46,3.43,3.43,41573333,193685479.0
2022-04-15,3.43,3.46,3.43,3.44,47160946,219373425.0
2022-04-18,3.43,3.43,3.39,3.4,54030462,248833396.0
2022-04-19,3.39,3.43,3.38,3.43,50461343,232523259.0
2022-04-20,3.43,3.43,3.39,3.4,51285568,236400582.0
2022-04-21,3.4,3.42,3.36,3.38,56930417,261086047.0
2022-04-22,3.38,3.43,3.36,3.43,65608182,302312342.0
2022-04-25,3.4,3.41,3.33,3.33,92242009,421283362.0
2022-04-26,3.34,3.36,3.31,3.31,83759816,377169791.0
2022-04-27,3.3,3.33,3.29,3.32,69348249,309838750.0
2022-04-28,3.32,3.37,3.32,3.35,55921139,252428304.0
2022-04-29,3.35,3.4,3.32,3.38,70754896,321425692.0
2022-05-05,3.38,3.38,3.33,3.35,93317831,422708538.0
2022-05-06,3.32,3.33,3.29,3.3,53708781,240271818.0
2022-05-09,3.3,3.32,3.29,3.3,35647157,158974766.0
2022-05-10,3.29,3.31,3.26,3.3,69655812,309222950.0
2022-05-11,3.29,3.32,3.29,3.29,64557470,288148770.0
2022-05-12,3.28,3.3,3.28,3.29,40406960,179433893.0
2022-05-13,3.29,3.31,3.29,3.31,53045301,236449427.0
2022-05-16,3.31,3.32,3.29,3.29,43107593,191939603.0
2022-05-17,3.29,3.3,3.28,3.29,41001523,182163859.0
2022-05-18,3.29,3.29,3.28,3.28,40933456,181521976.0
2022-05-19,3.26,3.28,3.26,3.27,39045900,172476240.0
2022-05-20,3.27,3.3,3.27,3.29,48430025,215055073.0
2022-05-23,3.29,3.29,3.28,3.28,39725241,176412323.0
2022-05-24,3.29,3.29,3.26,3.26,42226565,186876738.0
2022-05-25,3.26,3.28,3.26,3.27,32977190,145764250.0
2022-05-26,3.28,3.29,3.27,3.29,39870310,176747064.0
2022-05-27,3.29,3.3,3.28,3.29,34920335,155204416.0
2022-05-30,3.29,3.3,3.27,3.27,45390209,201267356.0
2022-05-31,3.27,3.29,3.27,3.27,49321812,218344143.0
2022-06-01,3.27,3.29,3.27,3.28,45122675,199871595.0
2022-06-02,3.28,3.29,3.27,3.28,31386396,139049467.0
2022-06-06,3.28,3.29,3.26,3.28,55143361,243818238.0
2022-06-07,3.28,3.3,3.27,3.29,59026850,262222033.0
2022-06-08,3.29,3.3,3.28,3.29,55051656,244740272.0
2022-06-09,3.29,3.32,3.29,3.32,71028371,317239544.0
2022-06-10,3.31,3.33,3.29,3.33,75730586,338780534.0
2022-06-13,3.32,3.32,3.29,3.31,52645890,235216821.0
2022-06-14,3.29,3.34,3.29,3.33,63609442,284267986.0
2022-06-15,3.33,3.39,3.32,3.35,132664895,602617422.0
2022-06-16,3.35,3.36,3.32,3.32,71131317,320608133.0
2022-06-17,3.32,3.34,3.31,3.33,60401757,271126026.0
2022-06-20,3.34,3.35,3.32,3.33,47740542,215070574.0
2022-06-21,3.34,3.36,3.33,3.35,51901225,234802349.0
2022-06-22,3.36,3.36,3.33,3.34,38012481,171848035.0
2022-06-23,3.34,3.36,3.33,3.36,41199434,186335786.0
2022-06-24,3.35,3.36,3.35,3.35,31556871,142843075.0
2022-06-27,3.35,3.36,3.35,3.35,31344726,142020495.0
2022-06-28,3.35,3.36,3.35,3.35,39907337,180745955.0
2022-06-29,3.36,3.38,3.35,3.36,54216084,246585134.0
2022-06-30,3.36,3.38,3.36,3.36,39878677,181412985.0
2022-07-01,3.36,3.37,3.35,3.36,33576753,152230701.0
2022-07-04,3.35,3.36,3.35,3.35,32063834,145206313.0
2022-07-05,3.35,3.36,3.35,3.35,36119372,163595332.0
2022-07-06,3.36,3.36,3.33,3.35,44270802,199719361.0
2022-07-07,3.35,3.35,3.33,3.34,29848639,134673763.0
2022-07-08,3.34,3.35,3.33,3.34,24838043,112125132.0
2022-07-11,3.35,3.37,3.34,3.36,57852026,262292895.0
2022-07-12,3.36,3.39,3.36,3.38,68260710,311427910.0
2022-07-13,3.38,3.38,3.34,3.35,77717206,352375819.0
2022-07-14,3.34,3.34,3.29,3.3,88593778,395889257.0
2022-07-15,3.31,3.35,3.27,3.29,101075238,421594437.0
2022-07-18,3.3,3.34,3.29,3.32,49390358,206604717.0
2022-07-19,3.33,3.35,3.32,3.35,31301446,131677387.0
2022-07-20,3.35,3.36,3.35,3.36,20800628,87849007.0
2022-07-21,3.35,3.36,3.32,3.32,30252627,126904654.0
2022-07-22,3.33,3.35,3.32,3.33,23551448,98771816.0
2022-07-25,3.34,3.35,3.32,3.35,27776325,116773588.0
2022-07-26,3.35,3.37,3.34,3.35,37618611,159013965.0
2022-07-27,3.36,3.36,3.34,3.34,19279600,81213523.0
2022-07-28,3.35,3.35,3.33,3.33,22340373,93876079.0
2022-07-29,3.33,3.35,3.31,3.31,29608411,123923125.0
2022-08-01,3.31,3.32,3.3,3.31,25297145,105362512.0
2022-08-02,3.31,3.31,3.27,3.27,61867510,255240982.0
2022-08-03,3.28,3.29,3.26,3.26,30396916,125333233.0
2022-08-04,3.27,3.28,3.27,3.27,26697036,109923487.0
2022-08-05,3.27,3.3,3.27,3.28,31743798,130953214.0
2022-08-08,3.28,3.29,3.27,3.28,20377654,84203374.0
2022-08-09,3.28,3.29,3.27,3.28,15837110,65424786.0
2022-08-10,3.28,3.29,3.27,3.27,20270119,83604305.0
2022-08-11,3.28,3.31,3.27,3.31,33509254,138857278.0
2022-08-12,3.31,3.31,3.29,3.3,23097061,95907301.0
2022-08-15,3.3,3.3,3.27,3.27,44408988,183347270.0
2022-08-16,3.28,3.29,3.27,3.27,24713833,102024370.0
2022-08-17,3.28,3.3,3.27,3.29,29217406,120699471.0
2022-08-18,3.29,3.29,3.27,3.27,21503912,88693866.0
2022-08-19,3.27,3.29,3.27,3.27,21743686,89799991.0
2022-08-22,3.27,3.28,3.27,3.27,22428981,92444136.0
2022-08-23,3.27,3.28,3.27,3.27,28847987,118646538.0
2022-08-24,3.27,3.28,3.25,3.26,41856144,171958469.0
2022-08-25,3.26,3.27,3.25,3.27,29401534,120616216.0
2022-08-26,3.27,3.27,3.26,3.27,25369568,104356810.0
2022-08-29,3.26,3.27,3.25,3.26,43998039,180549925.0
2022-08-30,3.26,3.28,3.26,3.28,42847559,176430375.0
2022-08-31,3.27,3.3,3.27,3.28,64356284,265779942.0
2022-09-01,3.28,3.3,3.27,3.29,36093049,149440481.0
2022-09-02,3.3,3.31,3.28,3.29,40165231,166589652.0
2022-09-05,3.29,3.31,3.28,3.31,49504217,205490356.0
2022-09-06,3.31,3.34,3.31,3.31,40809938,170643234.0
2022-09-07,3.31,3.32,3.31,3.31,20347987,84754156.0
2022-09-08,3.31,3.32,3.3,3.31,27873524,116240302.0
2022-09-09,3.32,3.34,3.31,3.33,35535254,148958165.0
2022-09-13,3.33,3.35,3.32,3.34,40466756,170004829.0
2022-09-14,3.32,3.34,3.31,3.32,31176677,130528362.0
2022-09-15,3.33,3.35,3.31,3.32,63585213,266846761.0
2022-09-16,3.33,3.34,3.29,3.29,55349898,230303375.0
2022-09-19,3.29,3.31,3.28,3.29,33879628,140267066.0
2022-09-20,3.29,3.31,3.28,3.28,21349183,88443185.0
2022-09-21,3.28,3.31,3.27,3.3,30206758,124986409.0
2022-09-22,3.29,3.3,3.28,3.3,19186414,79421530.0
2022-09-23,3.29,3.31,3.29,3.31,32275945,134349414.0
2022-09-26,3.31,3.32,3.28,3.28,46703328,194037152.0
2022-09-27,3.28,3.29,3.27,3.28,30893398,127410476.0
2022-09-28,3.28,3.31,3.27,3.28,47189616,195250777.0
2022-09-29,3.29,3.3,3.25,3.26,55805201,229452178.0
2022-09-30,3.27,3.27,3.26,3.27,28011217,115188542.0
2022-10-10,3.27,3.29,3.26,3.27,43599762,179814581.0
2022-10-11,3.28,3.28,3.27,3.27,26114344,107620751.0
2022-10-12,3.27,3.29,3.27,3.29,33571045,138590468.0
2022-10-13,3.29,3.3,3.27,3.27,30881345,127449120.0
2022-10-14,3.28,3.3,3.28,3.28,38764649,160439269.0
2022-10-17,3.28,3.29,3.27,3.27,28303495,116674725.0
2022-10-18,3.28,3.29,3.27,3.27,30605373,126099074.0
2022-10-19,3.27,3.27,3.26,3.26,29015000,119239285.0
2022-10-20,3.27,3.27,3.25,3.26,36179063,148412836.0
2022-10-21,3.26,3.27,3.26,3.26,31036139,127460605.0
2022-10-24,3.27,3.27,3.22,3.23,64394621,262884906.0
2022-10-25,3.23,3.23,3.21,3.23,44728086,181306004.0
2022-10-26,3.23,3.24,3.22,3.22,30966958,125752697.0
2022-10-27,3.22,3.23,3.22,3.23,23721941,96256024.0
2022-10-28,3.23,3.23,3.21,3.21,31581024,127905428.0
2022-10-31,3.22,3.23,3.2,3.21,49158052,198730461.0
2022-11-01,3.21,3.23,3.2,3.23,51968210,210559932.0
2022-11-02,3.23,3.23,3.21,3.23,27953814,113428601.0
2022-11-03,3.22,3.23,3.21,3.22,21976629,88990585.0
2022-11-04,3.22,3.25,3.21,3.24,42793758,174291542.0
2022-11-07,3.24,3.25,3.23,3.24,31703157,129300012.0
2022-11-08,3.24,3.25,3.23,3.25,25593373,104385529.0
2022-11-09,3.24,3.26,3.23,3.23,23286629,95152806.0
2022-11-10,3.23,3.25,3.23,3.24,26553459,108162933.0
2022-11-11,3.26,3.3,3.25,3.27,71268254,293565614.0
2022-11-14,3.29,3.33,3.28,3.31,82528096,343835361.0
2022-11-15,3.31,3.33,3.3,3.32,50221586,209646798.0
2022-11-16,3.32,3.32,3.3,3.31,35077112,146160259.0
2022-11-17,3.3,3.32,3.3,3.32,31959867,133182936.0
2022-11-18,3.32,3.33,3.31,3.31,37136685,154962213.0
2022-11-21,3.31,3.31,3.29,3.3,25261016,104748926.0
2022-11-22,3.3,3.34,3.29,3.32,50710171,212003844.0
2022-11-23,3.33,3.37,3.32,3.35,63936683,269519667.0
2022-11-24,3.35,3.36,3.33,3.34,36138865,152053525.0
2022-11-25,3.34,3.4,3.34,3.39,89137891,379168910.0
2022-11-28,3.38,3.39,3.35,3.37,53589908,226518430.0
2022-11-29,3.37,3.44,3.36,3.42,93903077,403225824.0
2022-11-30,3.42,3.44,3.41,3.41,62176156,267534964.0
2022-12-01,3.43,3.44,3.4,3.41,51500979,221614280.0
2022-12-02,3.4,3.42,3.38,3.41,45302776,193784143.0
2022-12-05,3.41,3.45,3.41,3.45,65679759,284120941.0
2022-12-06,3.44,3.47,3.43,3.46,55213110,240244573.0
2022-12-07,3.46,3.48,3.44,3.45,58975132,256859819.0
2022-12-08,3.46,3.49,3.45,3.49,56470411,247105868.0
2022-12-09,3.49,3.5,3.46,3.47,65112819,284808572.0
2022-12-12,3.46,3.47,3.44,3.44,52383175,227437212.0
2022-12-13,3.43,3.47,3.43,3.47,41403808,180458009.0
2022-12-14,3.47,3.47,3.45,3.46,32245978,140337204.0
2022-12-15,3.46,3.46,3.43,3.44,35521228,153879913.0
2022-12-16,3.42,3.48,3.42,3.48,49481948,215614546.0
2022-12-19,3.46,3.48,3.4,3.42,42035938,181931520.0
2022-12-20,3.42,3.44,3.39,3.39,35650944,153066751.0
2022-12-21,3.39,3.42,3.39,3.4,24744717,105947698.0
2022-12-22,3.41,3.42,3.39,3.4,27086738,116095061.0
2022-12-23,3.39,3.42,3.38,3.38,21952017,93723965.0
2022-12-26,3.39,3.39,3.37,3.37,20214445,85956874.0
2022-12-27,3.38,3.42,3.37,3.41,24792187,106157275.0
2022-12-28,3.41,3.43,3.39,3.41,42682745,183299806.0
2022-12-29,3.41,3.41,3.36,3.41,37418343,159478072.0
2022-12-30,3.41,3.44,3.4,3.42,37202982,160437463.0
2023-01-03,3.43,3.43,3.39,3.41,44022612,188844171.0
2023-01-04,3.41,3.44,3.4,3.44,60710414,261785736.0
2023-01-05,3.43,3.45,3.41,3.42,72891609,313768291.0
2023-01-06,3.42,3.42,3.39,3.4,49736236,212844824.0
2023-01-09,3.4,3.41,3.39,3.39,47400776,202462492.0
2023-01-10,3.39,3.39,3.36,3.36,49363560,209562551.0
2023-01-11,3.36,3.39,3.36,3.37,39706839,168524701.0
2023-01-12,3.37,3.38,3.35,3.35,35563581,150266932.0
2023-01-13,3.36,3.38,3.35,3.38,48765613,206611377.0
2023-01-16,3.38,3.39,3.37,3.38,69655134,296554673.0
2023-01-17,3.39,3.39,3.35,3.36,64373129,272481283.0
2023-01-18,3.36,3.38,3.36,3.37,37251381,157870376.0
2023-01-19,3.37,3.39,3.35,3.39,33017491,140093884.0
2023-01-20,3.39,3.4,3.38,3.39,36417575,155348680.0
2023-01-30,3.41,3.42,3.39,3.39,47320555,202374704.0
2023-01-31,3.39,3.39,3.37,3.38,46694980,198798312.0
2023-02-01,3.38,3.39,3.38,3.39,56665170,241171609.0
2023-02-02,3.39,3.39,3.38,3.38,48534902,206613634.0
2023-02-03,3.39,3.39,3.36,3.37,45363921,192380378.0
2023-02-06,3.37,3.37,3.35,3.36,32001350,135428555.0
2023-02-07,3.37,3.39,3.36,3.38,43900631,186334561.0
2023-02-08,3.38,3.39,3.37,3.37,20761665,88197294.0
2023-02-09,3.37,3.39,3.37,3.39,36399961,154947399.0
2023-02-10,3.39,3.4,3.38,3.39,32725096,139553073.0
2023-02-13,3.39,3.4,3.38,3.39,51111586,217438457.0
2023-02-14,3.39,3.4,3.38,3.39,39134026,167003190.0
2023-02-15,3.4,3.4,3.39,3.39,28112396,119988245.0
2023-02-16,3.39,3.4,3.37,3.38,53208715,226991732.0
2023-02-17,3.38,3.39,3.37,3.38,36802811,156714685.0
2023-02-20,3.39,3.42,3.38,3.42,54522236,233448751.0
2023-02-21,3.42,3.42,3.41,3.42,42578704,183001497.0
2023-02-22,3.42,3.42,3.41,3.42,34501953,148430954.0
2023-02-23,3.42,3.43,3.42,3.42,35052182,150990769.0
2023-02-24,3.43,3.43,3.41,3.42,32650452,140527127.0
2023-02-27,3.42,3.42,3.4,3.41,28971098,124472892.0
2023-02-28,3.41,3.46,3.41,3.44,63754512,275373833.0
2023-03-01,3.45,3.46,3.44,3.46,45519185,197893753.0
2023-03-02,3.46,3.47,3.45,3.46,34623867,150888458.0
2023-03-03,3.46,3.5,3.46,3.49,45771074,200490304.0
2023-03-06,3.5,3.5,3.47,3.47,46781636,205238008.0
2023-03-07,3.48,3.54,3.47,3.49,94821033,418776248.0
2023-03-08,3.47,3.49,3.46,3.48,55613218,242776067.0
2023-03-09,3.49,3.51,3.48,3.49,43711703,192306548.0
2023-03-10,3.47,3.48,3.43,3.44,58323775,253640659.0
2023-03-13,3.43,3.48,3.42,3.47,56215829,244701322.0
2023-03-14,3.46,3.47,3.43,3.44,44111291,191718519.0
2023-03-15,3.46,3.47,3.45,3.46,31225779,136158906.0
2023-03-16,3.46,3.52,3.46,3.49,98526720,433868625.0
2023-03-17,3.5,3.52,3.48,3.48,60599999,266925417.0
2023-03-20,3.49,3.52,3.49,3.5,69176958,305360171.0
2023-03-21,3.5,3.51,3.46,3.47,57782704,253162237.0
2023-03-22,3.49,3.52,3.47,3.51,51215545,225622472.0
2023-03-23,3.5,3.52,3.5,3.52,32472662,143386902.0
2023-03-24,3.51,3.52,3.5,3.5,42230887,186412505.0
2023-03-27,3.5,3.5,3.46,3.46,48735508,213325079.0
2023-03-28,3.48,3.5,3.46,3.5,43943386,192857179.0
2023-03-29,3.5,3.5,3.47,3.48,31175372,136705639.0
2023-03-30,3.49,3.5,3.47,3.5,32309188,141734524.0
2023-03-31,3.5,3.51,3.49,3.5,38151435,168059235.0
2023-04-03,3.5,3.52,3.5,3.51,39413013,173994322.0
2023-04-04,3.52,3.54,3.5,3.54,54185659,240432861.0
2023-04-06,3.54,3.54,3.52,3.53,27174474,120686002.0
2023-04-07,3.53,3.54,3.52,3.53,28527974,126570107.0
2023-04-10,3.51,3.52,3.5,3.5,56000877,247458966.0
2023-04-11,3.51,3.55,3.5,3.54,83470699,370959298.0
2023-04-12,3.55,3.59,3.54,3.58,80553993,362400563.0
2023-04-13,3.58,3.64,3.57,3.62,103224086,469299546.0
2023-04-14,3.63,3.63,3.6,3.62,50320510,229016301.0
2023-04-17,3.62,3.69,3.61,3.69,80914942,372853474.0
2023-04-18,3.69,3.73,3.68,3.7,94709165,441083715.0
2023-04-19,3.7,3.78,3.69,3.74,109567221,515341738.0
2023-04-20,3.76,3.77,3.69,3.75,118659472,558168325.0
2023-04-21,3.77,3.78,3.71,3.73,78280640,369663986.0
2023-04-24,3.73,3.77,3.72,3.75,80429817,379736613.0
2023-04-25,3.74,3.8,3.74,3.79,101413280,482211986.0
2023-04-26,3.77,3.78,3.72,3.76,95414524,450393456.0
2023-04-27,3.74,3.77,3.73,3.76,60744936,286183868.0
2023-04-28,3.76,3.78,3.73,3.77,66126418,313026961.0
2023-05-04,3.74,3.87,3.7,3.85,162429432,779335067.0
2023-05-05,3.85,3.93,3.81,3.84,147717443,718367123.0
2023-05-08,3.85,4.04,3.85,4.0,256372635,1281361197.0
2023-05-09,4.02,4.08,3.91,3.93,209430188,1050249352.0
2023-05-10,3.93,3.93,3.78,3.8,176182515,851552619.0
2023-05-11,3.81,3.88,3.8,3.81,109218287,526026873.0
2023-05-12,3.81,3.86,3.77,3.85,127348608,614029393.0
2023-05-15,3.85,3.93,3.77,3.92,138586466,671124507.0
2023-05-16,3.92,3.97,3.9,3.93,116501865,578235352.0
2023-05-17,3.92,3.93,3.86,3.89,67403861,330320496.0
2023-05-18,3.9,3.97,3.9,3.95,99878760,495484604.0
2023-05-19,3.95,3.97,3.88,3.89,72888167,358350266.0
2023-05-22,3.86,3.9,3.85,3.86,67839548,330734498.0
2023-05-23,3.86,3.91,3.8,3.8,76529717,369749700.0
2023-05-24,3.79,3.8,3.71,3.71,106973865,503023702.0
2023-05-25,3.7,3.74,3.69,3.73,61060000,285262045.0
2023-05-26,3.73,3.78,3.7,3.77,44316771,209036884.0
2023-05-29,3.77,3.86,3.77,3.83,75020642,360335552.0
2023-05-30,3.83,3.83,3.77,3.79,40190295,192144135.0
2023-05-31,3.79,3.79,3.75,3.76,55531206,263340096.0
2023-06-01,3.76,3.79,3.73,3.73,51047913,240769455.0
2023-06-02,3.74,3.78,3.74,3.77,45752570,216966419.0
2023-06-05,3.77,3.84,3.76,3.81,52581031,251446401.0
2023-06-06,3.81,3.86,3.78,3.79,54662455,263398092.0
2023-06-07,3.8,3.85,3.79,3.85,40869289,197253566.0
2023-06-08,3.85,3.9,3.81,3.89,70231222,341543466.0
2023-06-09,3.89,3.92,3.88,3.89,46189165,226289205.0
2023-06-12,3.89,3.89,3.81,3.81,53459829,258412290.0
2023-06-13,3.81,3.85,3.81,3.85,36210328,174478996.0
2023-06-14,3.84,3.85,3.73,3.73,66081980,314004623.0
2023-06-15,3.74,3.77,3.73,3.75,37274076,175815624.0
2023-06-16,3.76,3.77,3.73,3.74,46013227,216701928.0
2023-06-19,3.73,3.74,3.67,3.68,73677184,342475816.0
2023-06-20,3.68,3.69,3.66,3.66,33680079,155804857.0
2023-06-21,3.67,3.71,3.66,3.66,38569633,178565764.0
2023-06-26,3.65,3.66,3.58,3.6,65237717,296026377.0
2023-06-27,3.61,3.64,3.59,3.62,41880361,190868087.0
2023-06-28,3.66,3.72,3.64,3.66,73439169,339414413.0
2023-06-29,3.66,3.67,3.62,3.66,32568189,149652260.0
2023-06-30,3.66,3.69,3.66,3.68,31197422,144565801.0
2023-07-03,3.69,3.73,3.68,3.73,41297329,192882840.0
2023-07-04,3.73,3.73,3.67,3.69,56948238,264289939.0
2023-07-05,3.69,3.7,3.67,3.69,49916904,231792063.0
2023-07-06,3.7,3.72,3.66,3.66,79393811,344074349.0
2023-07-07,3.66,3.75,3.66,3.73,59387063,258827794.0
2023-07-10,3.73,3.76,3.72,3.75,38969127,171330359.0
2023-07-11,3.75,3.84,3.75,3.83,66070247,295464066.0
2023-07-12,3.83,3.87,3.82,3.87,50788282,230261448.0
2023-07-13,3.87,3.92,3.87,3.91,58236120,266391467.0
2023-07-14,3.92,3.94,3.89,3.93,57419102,264312198.0
2023-07-17,3.93,3.94,3.91,3.94,49104636,226068510.0
2023-07-18,3.94,3.95,3.87,3.91,61882700,283442253.0
2023-07-19,3.9,3.94,3.89,3.94,66412404,306085514.0
2023-07-20,3.94,3.96,3.92,3.94,59956976,277286237.0
2023-07-21,3.93,3.96,3.91,3.94,47440459,219164594.0
2023-07-24,3.92,3.94,3.88,3.89,41384546,189919563.0
2023-07-25,3.91,3.92,3.88,3.89,62520793,286133087.0
2023-07-26,3.9,3.91,3.87,3.88,48426759,220821695.0
2023-07-27,3.88,3.92,3.87,3.89,54286896,248948660.0
2023-07-28,3.9,3.98,3.89,3.97,62873191,291427265.0
2023-07-31,3.98,4.01,3.94,3.98,77610954,361887209.0
2023-08-01,3.97,3.98,3.93,3.97,51840307,240913484.0
2023-08-02,3.95,3.95,3.89,3.91,65241781,300011212.0
2023-08-03,3.91,3.96,3.9,3.95,48538686,223974400.0
2023-08-04,3.96,3.99,3.94,3.96,59595710,277738908.0
2023-08-07,3.96,3.96,3.89,3.92,51653443,237220320.0
2023-08-08,3.9,3.92,3.88,3.89,48828344,223576665.0
2023-08-09,3.89,3.92,3.89,3.91,41362675,189617620.0
2023-08-10,3.9,3.92,3.88,3.91,43305355,198523961.0
2023-08-11,3.91,3.92,3.82,3.82,63610380,287989856.0
2023-08-14,3.81,3.81,3.76,3.79,43545951,193772994.0
2023-08-15,3.79,3.87,3.79,3.87,54758081,246798944.0
2023-08-16,3.86,3.87,3.83,3.85,29428159,133062467.0
2023-08-17,3.85,3.85,3.77,3.81,60044494,268239783.0
2023-08-18,3.8,3.87,3.79,3.85,67897784,307030978.0
2023-08-21,3.86,3.87,3.8,3.8,46538546,209036963.0
2023-08-22,3.81,3.86,3.81,3.85,49748733,224184877.0
2023-08-23,3.84,3.9,3.83,3.87,46595548,211765352.0
2023-08-24,3.87,3.88,3.81,3.82,42774434,192757148.0
2023-08-25,3.81,3.88,3.81,3.87,39705430,179854956.0
2023-08-28,3.98,4.01,3.88,3.91,80512722,372266417.0
2023-08-29,3.91,3.91,3.81,3.83,91341629,412347132.0
2023-08-30,3.83,3.84,3.8,3.8,43747963,195990124.0
2023-08-31,3.81,3.87,3.81,3.81,53177218,239136138.0
2023-09-01,3.81,3.87,3.81,3.86,51671814,233338075.0
2023-09-04,3.86,3.93,3.86,3.92,78425035,360163246.0
2023-09-05,3.92,3.92,3.87,3.89,39168357,178935714.0
2023-09-06,3.9,3.91,3.87,3.89,26633057,121846937.0
2023-09-07,3.9,3.93,3.89,3.91,47277789,217505436.0
2023-09-08,3.91,3.92,3.88,3.89,23178899,106044556.0
2023-09-11,3.9,3.92,3.89,3.9,43729952,200807459.0
2023-09-12,3.9,3.92,3.89,3.89,30197982,138362746.0
2023-09-13,3.91,3.92,3.89,3.92,40441116,185600917.0
2023-09-14,3.91,3.95,3.9,3.93,71573703,330717009.0
2023-09-15,3.95,3.95,3.89,3.9,87247210,401282629.0
2023-09-18,3.9,3.92,3.87,3.92,45519546,208403138.0
2023-09-19,3.9,3.94,3.9,3.94,47349335,218451720.0
2023-09-20,3.94,3.96,3.92,3.95,50641936,234811954.0
2023-09-21,3.95,3.96,3.92,3.94,55960258,258831877.0
2023-09-22,3.93,3.96,3.91,3.95,68683481,317001269.0
2023-09-25,3.95,3.98,3.93,3.97,74876937,348545240.0
2023-09-26,3.98,3.98,3.95,3.96,38162721,177507846.0
2023-09-27,3.96,3.97,3.92,3.93,50810235,235308405.0
2023-09-28,3.94,3.96,3.92,3.94,38940156,180396211.0
2023-10-09,3.93,3.94,3.89,3.93,56833004,261548992.0
2023-10-10,3.93,3.94,3.9,3.91,55358215,254805072.0
2023-10-11,3.92,3.92,3.88,3.89,50509083,231497739.0
2023-10-12,3.92,3.95,3.91,3.95,74264531,343120083.0
2023-10-13,3.93,3.99,3.92,3.97,79466315,369841185.0
2023-10-16,3.96,3.97,3.94,3.96,47343182,219897610.0
2023-10-17,3.97,3.99,3.94,3.98,54775273,255390503.0
2023-10-18,3.98,4.0,3.96,3.96,54647671,255565376.0
2023-10-19,3.97,3.97,3.86,3.86,90966352,416153035.0
2023-10-20,3.86,3.88,3.82,3.86,63156740,285809644.0
2023-10-23,3.85,3.89,3.84,3.87,60148662,273456844.0
2023-10-24,3.86,3.87,3.81,3.82,73720770,331692872.0
2023-10-25,3.84,3.85,3.81,3.83,45456094,204548451.0
2023-10-26,3.83,3.91,3.82,3.9,74318161,338412636.0
2023-10-27,3.9,3.94,3.89,3.91,61007632,280840308.0
2023-10-30,3.91,3.92,3.84,3.85,70342960,319207225.0
2023-10-31,3.87,3.89,3.85,3.88,64490277,293065376.0
2023-11-01,3.89,3.9,3.84,3.85,68432535,310349236.0
2023-11-02,3.85,3.89,3.85,3.87,52329753,238124068.0
2023-11-03,3.87,3.88,3.85,3.86,56462374,256026225.0
2023-11-06,3.86,3.87,3.82,3.83,86804504,391071649.0
2023-11-07,3.83,3.84,3.82,3.83,33419359,150404260.0
2023-11-08,3.83,3.83,3.81,3.81,67273452,301664086.0
2023-11-09,3.81,3.84,3.81,3.82,37213015,167311467.0
2023-11-10,3.82,3.83,3.8,3.81,46530083,208304151.0
2023-11-13,3.81,3.82,3.78,3.8,46268912,206157838.0
2023-11-14,3.8,3.82,3.79,3.81,34034196,152366856.0
2023-11-15,3.82,3.84,3.81,3.81,33363528,149895350.0
2023-11-16,3.82,3.84,3.81,3.82,35427861,159196860.0
2023-11-17,3.82,3.83,3.8,3.81,39123968,175182493.0
2023-11-20,3.81,3.83,3.81,3.82,36927565,165735676.0
2023-11-21,3.83,3.87,3.82,3.85,56718560,256562417.0
2023-11-22,3.85,3.87,3.84,3.85,43656495,197943417.0
2023-11-23,3.86,3.87,3.85,3.86,31202652,141375235.0
2023-11-24,3.86,3.88,3.85,3.87,52656306,239425488.0
2023-11-27,3.87,3.88,3.85,3.87,44362023,201318015.0
2023-11-28,3.87,3.87,3.84,3.85,38121271,172588948.0
2023-11-29,3.85,3.86,3.82,3.83,41930036,188946130.0
2023-11-30,3.83,3.87,3.82,3.86,49619220,224678379.0
2023-12-01,3.87,3.89,3.86,3.87,47357988,215570152.0
2023-12-04,3.87,3.91,3.87,3.91,56135146,257048825.0
2023-12-05,3.9,3.91,3.85,3.86,50056794,228305310.0
2023-12-06,3.86,3.86,3.8,3.81,64718981,290955277.0
2023-12-07,3.82,3.87,3.81,3.85,60880800,274570914.0
2023-12-08,3.86,3.89,3.84,3.87,75709966,343899373.0
2023-12-11,3.86,3.87,3.79,3.85,80518029,361818495.0
2023-12-12,3.84,3.89,3.83,3.89,60285963,274317280.0
2023-12-13,3.88,3.9,3.86,3.86,33334978,151778412.0
2023-12-14,3.87,3.87,3.84,3.84,32066481,145051927.0
2023-12-15,3.84,3.86,3.81,3.81,50461706,227309308.0
2023-12-18,3.82,3.84,3.81,3.81,45193317,202883267.0
2023-12-19,3.81,3.83,3.8,3.81,43027153,192767651.0
2023-12-20,3.81,3.83,3.8,3.8,47380873,212469350.0
2023-12-21,3.8,3.81,3.73,3.75,127133597,560350800.0
2023-12-22,3.75,3.78,3.72,3.76,80507411,354753523.0
2023-12-25,3.76,3.77,3.75,3.75,46998135,207385606.0
2023-12-26,3.75,3.79,3.75,3.77,43740433,193737507.0
2023-12-27,3.77,3.81,3.75,3.81,51102913,226882814.0
2023-12-28,3.81,3.86,3.8,3.85,81454912,367144763.0
2023-12-29,3.85,3.87,3.84,3.86,47937981,217169971.0
2024-01-02,3.86,3.89,3.85,3.87,57304628,261072920.0
2024-01-03,3.87,3.91,3.87,3.9,52071630,238115627.0
2024-01-04,3.89,3.93,3.89,3.92,67140894,308858292.0
2024-01-05,3.93,3.99,3.92,3.96,115671295,538842429.0
2024-01-08,3.96,3.98,3.93,3.96,81258970,378042952.0
2024-01-09,3.95,3.99,3.92,3.98,84070095,390907415.0
2024-01-10,3.98,4.0,3.96,3.98,63296506,295878442.0
2024-01-11,3.98,3.98,3.93,3.94,63281014,294418048.0
2024-01-12,3.93,3.99,3.93,3.98,51889806,242467024.0
2024-01-15,3.98,4.04,3.97,4.02,67912053,320077657.0
2024-01-16,4.02,4.08,4.01,4.07,83462715,397653971.0
2024-01-17,4.08,4.16,4.08,4.11,130971078,635397390.0
2024-01-18,4.12,4.13,3.98,4.1,147632603,701552684.0
2024-01-19,4.09,4.12,4.05,4.1,80366534,385942286.0
2024-01-22,4.1,4.13,4.03,4.05,121225168,582388785.0
2024-01-23,4.04,4.08,4.01,4.05,71701635,340283061.0
2024-01-24,4.07,4.15,4.06,4.15,96829846,467905868.0
2024-01-25,4.15,4.18,4.14,4.17,83613929,408824951.0
2024-01-26,4.17,4.24,4.15,4.22,98867684,488035875.0
2024-01-29,4.22,4.36,4.21,4.32,167381939,846657717.0
2024-01-30,4.3,4.36,4.26,4.3,109389060,554789760.0
2024-01-31,4.28,4.37,4.28,4.34,116956313,595636953.0
2024-02-01,4.33,4.35,4.27,4.3,84685883,428995329.0
2024-02-02,4.3,4.38,4.26,4.32,141719065,722945219.0
2024-02-05,4.34,4.38,4.28,4.37,155283464,791420083.0
2024-02-06,4.36,4.38,4.28,4.34,140030793,712053781.0
2024-02-07,4.34,4.34,4.21,4.27,204264760,1021349213.0
2024-02-08,4.27,4.27,4.14,4.25,189154197,931763462.0
2024-02-19,4.23,4.35,4.18,4.34,139767844,701030083.0
2024-02-20,4.33,4.4,4.31,4.39,93547978,479878863.0
2024-02-21,4.38,4.52,4.37,4.47,105327673,551854743.0
2024-02-22,4.47,4.5,4.44,4.48,61948023,325322435.0
2024-02-23,4.48,4.58,4.48,4.54,76955657,410501360.0
2024-02-26,4.53,4.54,4.38,4.4,97110599,506622381.0
2024-02-27,4.4,4.46,4.37,4.38,74109269,383404710.0
2024-02-28,4.39,4.45,4.34,4.41,101204982,523543959.0
2024-02-29,4.4,4.44,4.38,4.41,83985850,434546031.0
2024-03-01,4.42,4.49,4.4,4.43,81789229,426253643.0
2024-03-04,4.41,4.44,4.39,4.42,56178385,291537905.0
2024-03-05,4.41,4.51,4.4,4.5,84998106,447022598.0
2024-03-06,4.5,4.57,4.5,4.5,78212146,416862754.0
2024-03-07,4.49,4.58,4.49,4.56,72736477,388559476.0
2024-03-08,4.56,4.64,4.56,4.64,87813202,475127082.0
2024-03-11,4.62,4.67,4.57,4.58,75209149,406960508.0
2024-03-12,4.57,4.6,4.47,4.48,89983708,478398954.0
2024-03-13,4.47,4.57,4.45,4.54,68265415,361528437.0
2024-03-14,4.51,4.57,4.5,4.54,67942782,362931680.0
2024-03-15,4.55,4.67,4.54,4.65,103331740,562261019.0
2024-03-18,4.63,4.67,4.61,4.65,62577056,341482944.0
2024-03-19,4.63,4.67,4.59,4.61,60759208,330630506.0
2024-03-20,4.6,4.69,4.56,4.67,62205272,339373595.0
2024-03-21,4.67,4.81,4.67,4.79,88837717,496796830.0
2024-03-22,4.78,4.83,4.75,4.81,69526375,391327605.0
2024-03-25,4.8,4.85,4.79,4.83,59494999,337563125.0
2024-03-26,4.84,4.87,4.82,4.85,58399049,332538872.0
2024-03-27,4.84,4.89,4.83,4.85,53655934,306322782.0
2024-03-28,4.84,4.85,4.78,4.81,83271600,470053698.0
2024-03-29,4.79,4.85,4.78,4.82,52484597,298076529.0
2024-04-01,4.84,4.89,4.8,4.86,59646449,339084210.0
2024-04-02,4.86,4.92,4.82,4.85,59449354,340033323.0
2024-04-03,4.85,4.88,4.8,4.84,41546527,236342040.0
2024-04-08,4.84,4.92,4.82,4.89,54189501,311059998.0
2024-04-09,4.89,4.92,4.84,4.86,60502256,345915003.0
2024-04-10,4.88,4.91,4.83,4.85,53608278,306930284.0
2024-04-11,4.84,4.86,4.79,4.82,46792479,265199381.0
2024-04-12,4.8,4.86,4.75,4.77,89233867,502023674.0
2024-04-15,4.77,4.85,4.73,4.82,86802022,489696098.0
2024-04-16,4.82,4.84,4.76,4.81,76393289,431085589.0
2024-04-17,4.81,4.9,4.77,4.9,71168947,404099115.0
2024-04-18,4.91,5.01,4.89,4.94,80566587,468532119.0
2024-04-19,4.94,4.99,4.92,4.94,51306069,298557446.0
2024-04-22,4.96,5.01,4.85,4.9,58456978,337920610.0
2024-04-23,4.9,4.9,4.83,4.84,68968217,393604914.0
2024-04-24,4.84,4.85,4.78,4.8,63338898,357587497.0
2024-04-25,4.8,4.84,4.78,4.84,52624242,297544955.0
2024-04-26,4.83,4.84,4.67,4.68,130695589,723888077.0
2024-04-29,4.67,4.72,4.61,4.71,93196034,513168446.0
2024-04-30,4.73,4.8,4.73,4.75,74160619,415141106.0
2024-05-06,4.78,4.81,4.73,4.74,90463538,505249215.0
2024-05-07,4.76,4.76,4.68,4.73,57110988,316273689.0
2024-05-08,4.73,4.79,4.73,4.75,54390323,304549214.0
2024-05-09,4.75,4.77,4.72,4.74,56997585,317565969.0
2024-05-10,4.76,4.78,4.74,4.76,55003899,307626416.0
2024-05-13,4.75,4.85,4.73,4.84,98327695,555048545.0
2024-05-14,4.84,4.89,4.82,4.83,81065828,462042322.0
2024-05-15,4.83,4.87,4.8,4.84,43170901,245390237.0
2024-05-16,4.84,4.93,4.83,4.9,70373604,404704929.0
2024-05-17,4.9,4.96,4.87,4.94,61988586,357042792.0
2024-05-20,4.93,4.98,4.85,4.88,85961489,495564231.0
2024-05-21,4.88,4.94,4.86,4.93,52095492,300524005.0
2024-05-22,4.94,5.04,4.92,5.01,90091819,528779370.0
2024-05-23,5.01,5.05,4.98,5.01,57851760,340716383.0
2024-05-24,5.0,5.05,4.96,4.98,52916254,311572593.0
2024-05-27,4.99,5.03,4.98,5.0,60232950,354038030.0
2024-05-28,5.01,5.05,4.98,5.01,54679416,321737970.0
2024-05-29,5.01,5.02,4.94,4.96,54085228,316135438.0
2024-05-30,4.96,5.01,4.9,4.93,59295943,345669461.0
2024-05-31,4.94,4.99,4.93,4.96,53178209,309849120.0
2024-06-03,4.97,4.98,4.86,4.91,66483672,382671602.0
2024-06-04,4.91,4.93,4.87,4.89,42590075,245053007.0
2024-06-05,4.9,4.91,4.82,4.84,45830515,261143375.0
2024-06-06,4.84,4.88,4.83,4.85,43105546,245691150.0
2024-06-07,4.87,4.92,4.86,4.91,48933833,281080101.0
2024-06-11,4.91,4.93,4.81,4.81,73208825,416673387.0
2024-06-12,4.81,4.85,4.73,4.83,76645095,430960020.0
2024-06-13,4.83,4.85,4.8,4.82,53831699,305195983.0
2024-06-14,4.82,4.84,4.76,4.8,54892669,309383122.0
2024-06-17,4.79,4.83,4.72,4.73,64220667,358591759.0
2024-06-18,4.73,4.77,4.67,4.75,51787020,287485098.0
2024-06-19,4.73,4.82,4.73,4.78,39283002,220598403.0
2024-06-20,4.79,4.8,4.74,4.79,41683663,233953666.0
2024-06-21,4.79,4.81,4.76,4.8,44258783,249026434.0
2024-06-24,4.79,4.81,4.73,4.78,56295024,315958881.0
2024-06-25,4.79,4.84,4.78,4.82,62803598,355549073.0
2024-06-26,4.82,4.87,4.81,4.84,44662270,254124638.0
2024-06-27,4.84,4.96,4.82,4.93,76654104,441942054.0
2024-06-28,4.95,4.98,4.9,4.97,60033228,349090932.0
2024-07-01,4.97,5.02,4.96,5.0,66091693,388639353.0
2024-07-02,5.01,5.09,5.01,5.07,103842189,616908105.0
2024-07-03,5.09,5.12,5.01,5.06,59859115,355110751.0
2024-07-04,5.05,5.08,5.02,5.04,60941276,361754368.0
2024-07-05,5.06,5.09,4.92,4.93,81759583,477937602.0
2024-07-08,4.94,4.99,4.9,4.93,70133555,407323965.0
2024-07-09,4.93,4.96,4.89,4.94,74270801,429622646.0
2024-07-10,4.97,5.03,4.96,5.0,95839967,530777745.0
2024-07-11,5.01,5.06,4.95,4.96,86058773,476088519.0
2024-07-12,4.97,5.07,4.97,5.07,78441725,438100242.0
2024-07-15,5.06,5.17,5.05,5.15,63920594,364285001.0
2024-07-16,5.17,5.24,5.09,5.14,77743820,445141407.0
2024-07-17,5.15,5.18,5.1,5.16,66639194,380437685.0
2024-07-18,5.16,5.17,5.06,5.12,75130451,425352505.0
2024-07-19,5.12,5.12,5.03,5.07,80220550,450481722.0
2024-07-22,5.06,5.07,4.95,4.97,108881109,602736927.0
2024-07-23,4.97,5.06,4.96,4.97,85372378,474514105.0
2024-07-24,4.97,5.02,4.93,4.94,97609213,536744693.0
2024-07-25,4.94,4.95,4.78,4.83,135933791,728779859.0
2024-07-26,4.84,4.85,4.73,4.77,98942323,523868206.0
2024-07-29,4.77,4.88,4.75,4.87,99002282,532481554.0
2024-07-30,4.87,4.9,4.8,4.8,82651200,442732575.0
2024-07-31,4.82,4.83,4.77,4.8,89671806,477019953.0
2024-08-01,4.79,4.89,4.77,4.84,106606242,572471596.0
2024-08-02,4.82,4.84,4.78,4.78,67668611,360574156.0
2024-08-05,4.78,4.82,4.74,4.75,97422244,516182776.0
2024-08-06,4.77,4.8,4.69,4.74,111687466,586127616.0
2024-08-07,4.73,4.86,4.72,4.83,105133771,561721181.0
2024-08-08,4.83,4.84,4.78,4.84,49198642,263127418.0
2024-08-09,4.83,4.88,4.81,4.84,47997469,258445172.0
2024-08-12,4.84,4.86,4.8,4.81,41576088,222571479.0
2024-08-13,4.82,4.89,4.81,4.87,65226051,351964397.0
2024-08-14,4.87,4.92,4.87,4.88,53727867,291778458.0
2024-08-15,4.87,4.95,4.87,4.93,61327889,334687720.0
2024-08-16,4.93,4.99,4.93,4.98,63094527,348073209.0
2024-08-19,5.0,5.07,4.97,5.06,80048996,447217081.0
2024-08-20,5.08,5.1,5.04,5.07,87345651,490399376.0
2024-08-21,5.06,5.06,4.95,4.97,86636232,479337415.0
2024-08-22,4.98,5.06,4.97,5.06,89400785,500120563.0
2024-08-23,5.06,5.06,4.97,5.04,64254837,358038211.0
2024-08-26,5.03,5.06,4.98,5.04,56117336,312977906.0
2024-08-27,5.05,5.09,4.99,5.07,86309468,484448613.0
2024-08-28,5.07,5.08,4.98,5.03,82278269,458816596.0
2024-08-29,5.03,5.04,4.82,4.84,106672521,580261161.0
2024-08-30,4.82,4.88,4.72,4.73,152884916,811276733.0
2024-09-02,4.72,4.87,4.69,4.83,157710159,842625712.0
2024-09-03,4.84,4.87,4.69,4.71,107481415,564438746.0
2024-09-04,4.71,4.73,4.66,4.69,69013250,359840576.0
2024-09-05,4.69,4.72,4.64,4.69,66867880,347408927.0
2024-09-06,4.7,4.79,4.69,4.7,67520055,356129029.0
2024-09-09,4.71,4.71,4.53,4.54,107332879,546941193.0
2024-09-10,4.54,4.62,4.53,4.6,72507411,368145376.0
2024-09-11,4.6,4.6,4.41,4.43,101093006,502031060.0
2024-09-12,4.43,4.49,4.38,4.46,55352501,273234836.0
2024-09-13,4.47,4.51,4.42,4.42,57252425,283201783.0
2024-09-18,4.42,4.44,4.36,4.42,54113236,264699224.0
2024-09-19,4.44,4.46,4.38,4.45,74226152,364508702.0
2024-09-20,4.45,4.51,4.44,4.49,93957553,467384643.0
2024-09-23,4.5,4.61,4.46,4.6,73996570,374728419.0
2024-09-24,4.62,4.81,4.6,4.8,112592921,589670027.0
2024-09-25,4.84,4.97,4.83,4.96,162380731,887495947.0
2024-09-26,4.94,5.13,4.93,5.12,136907693,762970056.0
2024-09-27,5.17,5.23,4.96,5.04,108886387,609572428.0
2024-09-30,5.08,5.33,4.97,5.26,321618569,1836274009.0
2024-10-08,5.63,5.71,5.28,5.43,339044947,2062399928.0
2024-10-09,5.36,5.37,5.01,5.03,226479309,1301904422.0
2024-10-10,5.06,5.39,5.06,5.27,202700111,1176417029.0
2024-10-11,5.26,5.33,5.12,5.15,112686787,653217512.0
2024-10-14,5.21,5.4,5.21,5.34,171442355,1011611799.0
2024-10-15,5.33,5.42,5.24,5.25,111043066,655946788.0
2024-10-16,5.23,5.38,5.21,5.33,110690992,653867747.0
2024-10-17,5.33,5.44,5.27,5.28,120020883,712003848.0
2024-10-18,5.28,5.34,5.16,5.28,129991768,759379425.0
2024-10-21,5.3,5.3,5.15,5.24,123044456,711866907.0
2024-10-22,5.23,5.29,5.21,5.23,83492979,485261519.0
2024-10-23,5.23,5.25,5.21,5.22,68691308,398336473.0
2024-10-24,5.22,5.26,5.19,5.21,66098049,382715955.0
2024-10-25,5.2,5.22,5.15,5.17,66348233,381272317.0
2024-10-28,5.15,5.16,5.07,5.13,83003993,471031764.0
2024-10-29,5.13,5.2,5.09,5.13,83434692,475977375.0
2024-10-30,5.13,5.15,5.03,5.06,77259584,435474098.0
2024-10-31,5.09,5.12,5.03,5.09,93287168,525874607.0
2024-11-01,5.09,5.18,5.07,5.14,111230019,633364354.0
2024-11-04,5.15,5.16,5.06,5.16,103344341,585650372.0
2024-11-05,5.15,5.21,5.12,5.19,111743607,640014436.0
2024-11-06,5.19,5.19,5.11,5.13,108895497,622160239.0
2024-11-07,5.11,5.23,5.09,5.22,120581409,690635127.0
2024-11-08,5.23,5.26,5.1,5.13,148101174,848220848.0
2024-11-11,5.11,5.11,5.01,5.03,125857160,704019371.0
2024-11-12,5.03,5.1,5.0,5.02,117241293,656814405.0
2024-11-13,5.02,5.06,4.99,5.02,78757110,439146385.0
2024-11-14,5.03,5.06,4.99,5.01,109480123,611826422.0
2024-11-15,5.0,5.09,4.97,5.04,147492273,826063507.0
2024-11-18,5.09,5.28,5.08,5.18,266469043,1537788033.0
2024-11-19,5.17,5.27,5.1,5.17,178433795,1026719194.0
2024-11-20,5.15,5.21,5.14,5.15,105532574,604433456.0
2024-11-21,5.14,5.15,5.1,5.12,94272410,535468894.0
2024-11-22,5.12,5.15,5.0,5.0,120797248,679642773.0
2024-11-25,4.99,5.05,4.97,5.01,119816134,665562406.0
2024-11-26,5.0,5.06,4.97,5.05,99591868,554902785.0
2024-11-27,5.04,5.14,5.01,5.13,108436369,611015255.0
2024-11-28,5.12,5.15,5.09,5.13,81540629,463508412.0
2024-11-29,5.13,5.2,5.12,5.15,99294606,569281631.0
2024-12-02,5.15,5.16,5.06,5.07,142339325,805445888.0
2024-12-03,5.08,5.15,5.07,5.15,126677437,718007204.0
2024-12-04,5.13,5.18,5.1,5.15,119245260,680662589.0
2024-12-05,5.15,5.18,5.14,5.15,69336844,396671715.0
2024-12-06,5.15,5.24,5.15,5.23,134951428,779571864.0
2024-12-09,5.23,5.33,5.2,5.29,127705056,748733578.0
2024-12-10,5.36,5.38,5.27,5.33,127779982,754537205.0
2024-12-11,5.31,5.35,5.24,5.24,117279535,686605764.0
2024-12-12,5.24,5.32,5.24,5.31,106226769,623566411.0
2024-12-13,5.3,5.33,5.25,5.29,145249676,853107362.0
2024-12-16,5.29,5.4,5.28,5.34,114914759,681545426.0
2024-12-17,5.34,5.38,5.28,5.28,92799744,548108521.0
2024-12-18,5.31,5.4,5.31,5.37,112304266,668316050.0
2024-12-19,5.36,5.41,5.29,5.32,109803233,650008009.0
2024-12-20,5.31,5.35,5.26,5.28,93051583,546937056.0
2024-12-23,5.28,5.39,5.28,5.34,118691802,704715560.0
2024-12-24,5.35,5.46,5.33,5.45,148190693,890829434.0
2024-12-25,5.46,5.6,5.46,5.59,148618008,915301441.0
2024-12-26,5.58,5.6,5.51,5.59,87209268,538488688.0
2024-12-27,5.58,5.62,5.43,5.54,112697027,690061443.0
2024-12-30,5.53,5.66,5.52,5.64,113305535,704295370.0
2024-12-31,5.63,5.67,5.53,5.54,112793013,700532143.0
2025-01-02,5.55,5.6,5.4,5.42,146241949,889270901.0
2025-01-03,5.42,5.48,5.32,5.33,127039708,756993878.0
2025-01-06,5.33,5.39,5.22,5.38,133695805,788687693.0
2025-01-07,5.36,5.47,5.33,5.45,91927028,550175516.0
2025-01-08,5.45,5.52,5.42,5.46,100498170,609981093.0
2025-01-09,5.46,5.47,5.35,5.4,88304503,530661750.0
2025-01-10,5.42,5.43,5.28,5.36,96296387,573052918.0
2025-01-13,5.33,5.35,5.24,5.28,105597072,619779604.0
2025-01-14,5.29,5.42,5.28,5.41,103316572,615971491.0
2025-01-15,5.41,5.51,5.4,5.42,90716670,547832593.0
2025-01-16,5.45,5.46,5.39,5.44,74632187,449918561.0
2025-01-17,5.43,5.45,5.37,5.4,85235130,512474998.0
2025-01-20,5.43,5.46,5.4,5.41,65059813,384049598.0
2025-01-21,5.43,5.47,5.4,5.42,49945923,294881313.0
2025-01-22,5.43,5.43,5.31,5.31,73290711,425780354.0
2025-01-23,5.34,5.47,5.34,5.43,91420395,539250548.0
2025-01-24,5.43,5.45,5.35,5.43,67773382,398669088.0
2025-01-27,5.43,5.53,5.43,5.51,86561408,518461706.0
2025-02-05,5.51,5.54,5.43,5.44,76955792,457891144.0
2025-02-06,5.44,5.49,5.38,5.43,81391211,479836709.0
2025-02-07,5.42,5.44,5.39,5.4,83936303,493564104.0
2025-02-10,5.41,5.48,5.38,5.4,94263978,556384894.0
2025-02-11,5.41,5.47,5.41,5.47,74858933,443435548.0
2025-02-12,5.47,5.5,5.43,5.49,54328229,323155877.0
2025-02-13,5.48,5.51,5.47,5.48,51085643,305216050.0
2025-02-14,5.48,5.49,5.43,5.47,60725127,360362106.0
2025-02-17,5.48,5.5,5.43,5.48,66726838,395677654.0
2025-02-18,5.47,5.56,5.46,5.54,117189775,704223080.0
2025-02-19,5.52,5.57,5.51,5.52,77451222,466472492.0
2025-02-20,5.52,5.54,5.5,5.53,51528141,309373919.0
2025-02-21,5.52,5.53,5.39,5.42,155144635,917021873.0
2025-02-24,5.41,5.43,5.36,5.36,84204308,492664691.0
2025-02-25,5.36,5.38,5.32,5.33,65781756,382834575.0
2025-02-26,5.33,5.4,5.32,5.35,68277581,398312910.0
2025-02-27,5.36,5.41,5.32,5.4,74295135,434069581.0
2025-02-28,5.39,5.43,5.36,5.37,73736903,432128372.0
2025-03-03,5.38,5.4,5.32,5.38,76474651,445374292.0
2025-03-04,5.37,5.4,5.35,5.37,46497915,272020929.0
2025-03-05,5.36,5.51,5.36,5.5,139622569,828810297.0
2025-03-06,5.51,5.52,5.41,5.41,112890976,667485785.0
2025-03-07,5.42,5.44,5.39,5.4,56502003,332420163.0
2025-03-10,5.38,5.39,5.34,5.35,71538374,416763017.0
2025-03-11,5.34,5.36,5.31,5.36,76343172,443147701.0
2025-03-12,5.35,5.38,5.32,5.36,58158884,339093502.0
2025-03-13,5.36,5.4,5.35,5.38,55967040,327534877.0
2025-03-14,5.38,5.45,5.38,5.43,102530543,605346078.0
2025-03-17,5.42,5.54,5.41,5.52,138789039,828343499.0
2025-03-18,5.52,5.54,5.49,5.51,52423567,314110523.0
2025-03-19,5.52,5.57,5.51,5.57,75315397,454194685.0
2025-03-20,5.57,5.6,5.54,5.55,52530460,317516712.0
2025-03-21,5.54,5.56,5.49,5.51,69368574,416197400.0
2025-03-24,5.51,5.54,5.5,5.52,61037539,366291332.0
2025-03-25,5.53,5.61,5.52,5.6,85839499,520334773.0
2025-03-26,5.6,5.61,5.56,5.58,56569367,343262603.0
2025-03-27,5.58,5.61,5.54,5.55,45843316,277811504.0
2025-03-28,5.55,5.57,5.52,5.54,50879019,306398227.0
2025-03-31,5.55,5.59,5.52,5.55,76958797,465432125.0
2025-04-01,5.55,5.62,5.49,5.55,101390482,611848674.0
2025-04-02,5.55,5.72,5.55,5.71,154220310,950729235.0
2025-04-03,5.69,5.77,5.69,5.77,73351629,457684140.0
2025-04-07,5.62,5.66,5.32,5.43,226975078,1356073253.0
2025-04-08,5.43,5.54,5.42,5.54,154253809,920627902.0
2025-04-09,5.51,5.52,5.41,5.49,112360688,667978640.0
2025-04-10,5.51,5.57,5.46,5.54,83085760,499746934.0
2025-04-11,5.53,5.54,5.48,5.52,57122609,342506540.0
2025-04-14,5.53,5.6,5.53,5.57,69345125,420083944.0
2025-04-15,5.55,5.61,5.54,5.59,93727476,568402841.0
2025-04-16,5.59,5.68,5.58,5.65,113484423,695609320.0
2025-04-17,5.69,5.7,5.6,5.69,72127931,443678180.0
2025-04-18,5.68,5.76,5.66,5.73,65682738,409036089.0
2025-04-21,5.73,5.8,5.63,5.64,87929300,545322909.0
2025-04-22,5.65,5.7,5.64,5.68,60447453,373031472.0
2025-04-23,5.68,5.72,5.65,5.65,58762865,362714069.0
2025-04-24,5.66,5.74,5.66,5.73,61802483,384129119.0
2025-04-25,5.74,5.77,5.66,5.7,59736092,370431480.0
2025-04-28,5.71,5.8,5.71,5.79,79017775,496029923.0
2025-04-29,5.79,5.81,5.75,5.76,49787059,312448210.0
2025-04-30,5.71,5.72,5.51,5.52,206692540,1249687219.0
2025-05-06,5.54,5.54,5.46,5.47,115666707,690343327.0
2025-05-07,5.49,5.57,5.48,5.56,101354904,610619137.0
2025-05-08,5.55,5.63,5.54,5.6,83727442,508856487.0
2025-05-09,5.61,5.69,5.6,5.69,84338345,519575745.0
2025-05-12,5.69,5.74,5.66,5.69,77171782,478674815.0
2025-05-13,5.7,5.81,5.65,5.78,124095775,777484610.0
2025-05-14,5.78,5.85,5.75,5.82,89577145,565308126.0
2025-05-15,5.8,5.85,5.77,5.77,73900787,466522801.0
2025-05-16,5.77,5.8,5.66,5.68,90315807,560206542.0
2025-05-19,5.69,5.78,5.68,5.7,77345742,482451697.0
2025-05-20,5.73,5.77,5.69,5.72,60654805,378236308.0
2025-05-21,5.73,5.79,5.72,5.76,59577336,373260024.0
2025-05-22,5.77,5.83,5.74,5.82,73949767,466566205.0
2025-05-23,5.84,5.87,5.77,5.77,77703877,491201877.0
2025-05-26,5.77,5.8,5.72,5.73,70461826,440893744.0
2025-05-27,5.74,5.79,5.73,5.77,56141115,352058391.0
2025-05-28,5.77,5.81,5.7,5.75,68376786,427414371.0
2025-05-29,5.74,5.77,5.71,5.73,57839329,360802649.0
2025-05-30,5.74,5.82,5.74,5.79,90964964,572326239.0
2025-06-03,5.79,5.96,5.78,5.93,119328608,763592669.0
2025-06-04,5.93,5.99,5.88,5.96,82620371,533684893.0
2025-06-05,5.96,6.0,5.84,5.85,97054911,620218312.0
2025-06-06,5.87,5.94,5.87,5.89,80537107,516871152.0
2025-06-09,5.91,5.94,5.85,5.92,74315388,477071998.0
2025-06-10,5.92,6.02,5.91,5.96,92643670,602456505.0
2025-06-11,5.97,6.0,5.89,5.95,61527568,397883884.0
2025-06-12,5.95,6.01,5.93,6.0,59700418,388469816.0
2025-06-13,6.0,6.02,5.91,5.95,84763977,549315673.0
2025-06-16,5.93,6.11,5.9,6.11,140593269,921207347.0
2025-06-17,6.11,6.17,6.09,6.12,85698192,571391516.0
2025-06-18,6.14,6.28,6.11,6.27,108179613,730445064.0
2025-06-19,6.26,6.31,6.17,6.24,104880126,710773830.0
2025-06-20,6.24,6.33,6.19,6.29,91101045,622365962.0
2025-06-23,6.28,6.42,6.22,6.38,94621345,651885634.0
2025-06-24,6.35,6.39,6.29,6.36,112265153,775244285.0
2025-06-25,6.35,6.42,6.24,6.39,104039699,717101751.0
2025-06-26,6.38,6.49,6.33,6.46,93074556,649658298.0
2025-06-27,6.45,6.52,6.3,6.36,142140279,991164304.0
2025-06-30,6.32,6.35,6.23,6.28,100231434,684931054.0
2025-07-01,6.29,6.45,6.29,6.4,95605486,663532075.0
2025-07-02,6.42,6.5,6.41,6.47,77260575,543334432.0
2025-07-03,6.48,6.53,6.43,6.45,63525399,446807116.0
2025-07-04,6.45,6.65,6.45,6.62,100718955,720023402.0
2025-07-07,6.64,6.68,6.57,6.66,80240009,579157541.0
2025-07-08,6.66,6.69,6.57,6.62,84750029,609764348.0
2025-07-09,6.61,6.71,6.58,6.67,96590051,699940310.0
2025-07-10,6.69,6.85,6.67,6.69,161808448,1155967934.0
2025-07-11,6.71,6.82,6.57,6.57,199920109,1409636258.0
2025-07-14,6.57,6.73,6.57,6.64,135365146,954612085.0
2025-07-15,6.67,6.7,6.58,6.6,75803882,531477588.0
2025-07-16,6.6,6.63,6.49,6.51,116407235,802793895.0
2025-07-17,6.51,6.55,6.46,6.47,72477031,497302343.0
2025-07-18,6.47,6.54,6.45,6.49,78490081,539475804.0
2025-07-21,6.48,6.49,6.37,6.42,120990240,820002538.0
2025-07-22,6.41,6.43,6.3,6.33,112011089,751475646.0
2025-07-23,6.33,6.4,6.32,6.34,104935134,706124139.0
2025-07-24,6.34,6.34,6.22,6.24,140436548,929512001.0
2025-07-25,6.24,6.27,6.19,6.2,102089836,672474828.0
2025-07-28,6.2,6.31,6.19,6.23,117499768,777318185.0
2025-07-29,6.25,6.28,6.1,6.11,110981271,724421860.0
2025-07-30,6.14,6.22,6.12,6.16,121651534,793455614.0
2025-07-31,6.16,6.17,6.03,6.1,114246680,735829100.0
2025-08-01,6.12,6.16,6.03,6.13,94189249,608328139.0
2025-08-04,6.11,6.18,6.1,6.12,85356020,554169072.0
2025-08-05,6.14,6.22,6.12,6.19,134449885,879058213.0
2025-08-06,6.2,6.23,6.15,6.17,103711193,677039603.0
2025-08-07,6.17,6.2,6.12,6.18,90446941,590678763.0
2025-08-08,6.19,6.22,6.17,6.17,75814382,496226699.0
2025-08-11,6.18,6.19,6.09,6.1,110962986,717739144.0
2025-08-12,6.1,6.14,6.09,6.09,83254624,538250119.0
2025-08-13,6.1,6.11,6.04,6.04,107876178,692202989.0
2025-08-14,6.05,6.07,5.99,5.99,123449437,785977047.0
2025-08-15,6.0,6.0,5.87,5.91,155446118,971721936.0
2025-08-18,5.9,5.95,5.87,5.9,114879348,717816828.0
2025-08-19,5.91,5.94,5.89,5.9,87251527,545750617.0
2025-08-20,5.91,5.97,5.89,5.91,110292496,691505655.0
2025-08-21,5.92,5.96,5.89,5.95,110375640,692612063.0
2025-08-22,5.95,5.95,5.84,5.88,166140539,1032744358.0
2025-08-25,5.87,5.98,5.86,5.96,165975115,1040810922.0
2025-08-26,5.96,5.97,5.89,5.89,98982763,619157846.0
2025-08-27,5.89,5.9,5.75,5.75,216034432,1329145910.0
2025-08-28,5.76,5.82,5.75,5.79,132330609,809477203.0
2025-08-29,5.8,5.88,5.66,5.67,391156425,2383685811.0
2025-09-01,5.76,5.93,5.72,5.74,524927415,3229980817.0
2025-09-02,5.75,5.83,5.72,5.82,209654854,1283188859.0
2025-09-03,5.82,5.84,5.74,5.76,148955124,911393708.0
2025-09-04,5.76,5.82,5.65,5.8,208569967,1263166718.0
2025-09-05,5.78,5.78,5.7,5.73,135063558,818001315.0
2025-09-08,5.72,5.75,5.65,5.65,236187652,1420020575.0
2025-09-09,5.66,5.7,5.65,5.68,133193040,799140467.0
2025-09-10,5.68,5.74,5.65,5.7,157577579,950319287.0
2025-09-11,5.7,5.74,5.66,5.74,126902290,764634992.0
2025-09-12,5.73,5.76,5.62,5.63,321485270,1926519164.0
2025-09-15,5.63,5.65,5.51,5.56,272909027,1609417087.0
2025-09-16,5.56,5.63,5.45,5.46,484846812,2826204849.0
2025-09-17,5.47,5.48,5.4,5.41,254836230,1465106281.0
2025-09-18,5.43,5.44,5.31,5.32,276076817,1567934360.0
2025-09-19,5.31,5.36,5.26,5.32,227293535,1277071311.0
2025-09-22,5.32,5.34,5.27,5.28,130445000,730641226.0
2025-09-23,5.28,5.37,5.25,5.33,224106833,1262132281.0
2025-09-24,5.32,5.39,5.3,5.32,176901155,997958982.0
2025-09-25,5.31,5.32,5.26,5.29,138182346,772115333.0
2025-09-26,5.28,5.31,5.23,5.3,152115142,848578632.0
2025-09-29,5.29,5.3,5.24,5.25,230256769,1281770553.0
2025-09-30,5.24,5.25,5.18,5.21,231157991,1271713580.0
2025-10-09,5.19,5.21,5.15,5.16,307225111,1681415155.0
2025-10-10,5.16,5.27,5.15,5.2,495069735,2726383232.0
2025-10-13,5.16,5.27,5.13,5.25,346055525,1902906875.0
2025-10-14,5.22,5.37,5.2,5.34,423211327,2375120043.0
2025-10-15,5.32,5.39,5.31,5.39,289374531,1640039158.0
2025-10-16,5.38,5.46,5.38,5.45,269977653,1546798161.0
2025-10-17,5.44,5.48,5.41,5.42,244901368,1411136995.0
2025-10-20,5.41,5.45,5.32,5.43,233815049,1331784678.0
2025-10-21,5.42,5.44,5.37,5.39,225714648,1290195094.0
2025-10-22,5.38,5.47,5.38,5.44,243997530,1400641781.0
2025-10-23,5.44,5.51,5.42,5.49,252102029,1457522563.0
2025-10-24,5.48,5.54,5.46,5.47,251505975,1462477600.0
2025-10-27,5.46,5.53,5.4,5.48,270326665,1562972129.0
2025-10-28,5.48,5.5,5.41,5.45,205573085,1183860664.0
2025-10-29,5.44,5.45,5.34,5.34,224084387,1273838565.0
2025-10-30,5.35,5.41,5.34,5.36,166842226,948742732.0
2025-10-31,5.33,5.33,5.28,5.29,237781346,1332343934.0
2025-11-03,5.29,5.36,5.28,5.35,220696987,1244125761.0
2025-11-04,5.36,5.46,5.35,5.44,244053320,1399179383.0
2025-11-05,5.45,5.46,5.38,5.4,219829009,1257525396.0
2025-11-06,5.39,5.41,5.36,5.38,189905168,1080620302.0
2025-11-07,5.38,5.42,5.35,5.36,175543303,997959765.0
2025-11-10,5.36,5.42,5.35,5.42,178739157,1018671442.0
2025-11-11,5.42,5.44,5.39,5.41,125109890,715464323.0
2025-11-12,5.41,5.46,5.41,5.42,205199948,1178359794.0
2025-11-13,5.42,5.44,5.37,5.4,180227113,1027969649.0
2025-11-14,5.4,5.47,5.39,5.42,252319932,1452412741.0
2025-11-17,5.42,5.44,5.37,5.4,203737010,1162395522.0
2025-11-18,5.39,5.41,5.34,5.35,161633445,918570607.0
2025-11-19,5.36,5.44,5.35,5.43,228108895,1303671462.0
2025-11-20,5.44,5.58,5.43,5.5,353547275,2060745312.0
2025-11-21,5.58,5.58,5.43,5.43,295607757,1716899897.0
2025-11-24,5.44,5.47,5.37,5.37,228820911,1308488520.0
2025-11-25,5.39,5.47,5.36,5.47,251044185,1439983172.0
2025-11-26,5.47,5.48,5.4,5.42,173984528,999683399.0
2025-11-27,5.42,5.45,5.39,5.42,144804609,828886970.0
2025-11-28,5.42,5.42,5.36,5.37,175518552,999692900.0
2025-12-01,5.37,5.44,5.36,5.43,221838587,1268866192.0
2025-12-02,5.42,5.45,5.39,5.42,124778240,714298622.0
2025-12-03,5.41,5.44,5.37,5.38,185821464,1062458018.0
2025-12-04,5.39,5.39,5.32,5.33,207235551,1171743243.0
2025-12-05,5.32,5.34,5.26,5.29,203283728,1136755302.0
2025-12-08,5.29,5.34,5.27,5.32,148866961,836149130.0
2025-12-09,5.32,5.32,5.26,5.28,131034604,732231623.0
2025-12-10,5.28,5.29,5.21,5.23,119308350,660784971.0
2025-12-11,5.23,5.26,5.22,5.23,98895373,547483609.0
2025-12-12,5.23,5.24,5.2,5.22,122047286,674089232.0
2025-12-15,5.22,5.27,5.21,5.24,106771785,592346584.0
2025-12-16,5.24,5.26,5.2,5.21,128400352,708240673.0
2025-12-17,5.2,5.23,5.17,5.21,143845567,790645853.0
2025-12-18,5.2,5.27,5.18,5.26,182228710,1008902826.0
2025-12-19,5.25,5.27,5.23,5.25,157234932,872694001.0
2025-12-22,5.24,5.25,5.2,5.21,112002448,618632157.0
2025-12-23,5.21,5.24,5.2,5.21,95403921,526298192.0
2025-12-24,5.21,5.22,5.18,5.2,100313856,551238349.0
2025-12-25,5.2,5.24,5.2,5.21,90136172,497663182.0
2025-12-26,5.22,5.23,5.19,5.19,74976578,412823562.0
2025-12-29,5.2,5.22,5.19,5.22,89648704,493367402.0
2025-12-30,5.21,5.21,5.18,5.18,121955248,669578771.0
2025-12-31,5.18,5.2,5.18,5.18,67974169,372947968.0
2026-01-05,5.19,5.23,5.18,5.22,142882251,786738833.0
2026-01-06,5.23,5.29,5.22,5.29,172967475,961107226.0
2026-01-07,5.28,5.3,5.25,5.25,109477770,609277215.0
2026-01-08,5.25,5.27,5.22,5.23,86832353,480789102.0
2026-01-09,5.23,5.24,5.2,5.21,101237080,558420093.0
2026-01-12,5.2,5.23,5.2,5.22,108333547,597866027.0
2026-01-13,5.22,5.27,5.22,5.23,125573946,696137869.0
2026-01-14,5.23,5.24,5.07,5.09,460892179,2513751268.0
2026-01-15,5.09,5.11,5.03,5.04,217991024,1166638875.0
2026-01-16,5.05,5.06,4.95,4.95,256099362,1351465319.0
2026-01-19,4.95,4.96,4.93,4.94,126437499,660804068.0
2026-01-20,4.94,5.04,4.94,5.03,189082612,997494932.0
2026-01-21,5.03,5.05,4.96,4.97,162522510,860534413.0
2026-01-22,4.97,5.05,4.96,5.01,138073942,732034274.0
2026-01-23,5.01,5.03,4.96,4.97,154086968,814081868.0
2026-01-26,4.97,5.02,4.95,4.98,164196804,866767536.0
2026-01-27,4.98,5.01,4.95,4.95,158904493,837988114.0
2026-01-28,4.96,5.05,4.95,4.98,253818600,1343744657.0
2026-01-29,4.99,5.07,4.96,5.07,226457046,1202662101.0
2026-01-30,5.06,5.1,5.01,5.01,174906645,935100153.0
2026-02-02,5.02,5.13,5.01,5.06,242690607,1304283924.0
2026-02-03,5.08,5.08,4.97,4.99,196280988,1038740656.0
2026-02-04,5.0,5.06,4.99,5.05,148677139,792084755.0
2026-02-05,5.05,5.13,5.04,5.11,199038694,1072762913.0
2026-02-06,5.12,5.13,5.07,5.11,141420938,762024606.0
2026-02-09,5.11,5.14,5.08,5.13,108227863,585791296.0
2026-02-10,5.13,5.16,5.12,5.15,103594185,563592824.0
2026-02-11,5.16,5.18,5.13,5.17,89090546,486693201.0
2026-02-12,5.18,5.18,5.11,5.12,122213738,663092468.0
2026-02-13,5.13,5.17,5.12,5.12,112065988,609071891.0
2026-02-24,5.13,5.15,5.1,5.1,98135358,531295079.0
2026-02-25,5.11,5.13,5.06,5.07,137374079,740374279.0
2026-02-26,5.07,5.12,5.06,5.08,90963286,488977188.0
2026-02-27,5.08,5.13,5.08,5.1,93564684,505201896.0
2026-03-02,5.08,5.16,5.07,5.13,164961187,894263727.0
2026-03-03,5.13,5.17,5.11,5.12,173750735,944233219.0
2026-03-04,5.12,5.13,5.03,5.06,187279461,1002814329.0
2026-03-05,5.07,5.12,5.05,5.11,119801279,645009201.0
2026-03-06,5.1,5.13,5.08,5.12,92270002,497666356.0
2026-03-09,5.1,5.13,5.08,5.09,135715345,731816667.0
2026-03-10,5.09,5.11,5.07,5.1,94154104,506602580.0
2026-03-11,5.1,5.14,5.08,5.14,124525581,673563661.0
2026-03-12,5.13,5.19,5.13,5.18,157352542,860391455.0
2026-03-13,5.17,5.24,5.16,5.19,175467500,964821454.0
2026-03-16,5.19,5.22,5.17,5.19,130175568,715304349.0
2026-03-17,5.19,5.25,5.18,5.22,135109496,746654969.0
2026-03-18,5.23,5.23,5.17,5.2,141992479,780371715.0
2026-03-19,5.18,5.22,5.15,5.16,116749456,639986691.0
2026-03-20,5.16,5.19,5.13,5.13,125528442,684617921.0
2026-03-23,5.11,5.12,4.96,4.97,253950611,1350026699.0
2026-03-24,5.0,5.11,5.0,5.11,188335653,1009472200.0
2026-03-25,5.11,5.18,5.08,5.18,137874781,748957368.0
2026-03-26,5.17,5.2,5.15,5.17,109838176,601635621.0
2026-03-27,5.15,5.18,5.13,5.14,93509614,509066628.0
2026-03-30,5.13,5.17,5.12,5.17,82899764,451768914.0
2026-03-31,5.17,5.24,5.16,5.21,185826450,1024866917.0
2026-04-01,5.22,5.23,5.17,5.19,124026454,682097369.0
2026-04-02,5.19,5.23,5.18,5.2,98869065,544406366.0
2026-04-03,5.21,5.21,5.13,5.14,95225911,519921992.0
2026-04-07,5.13,5.14,5.09,5.1,95005653,513527121.0
2026-04-08,5.13,5.17,5.1,5.16,98214030,533141012.0
2026-04-09,5.15,5.15,5.11,5.11,65766588,356210053.0
2026-04-10,5.12,5.13,5.1,5.1,65635368,354941585.0
2026-04-13,5.1,5.11,5.08,5.1,62957627,338878611.0
2026-04-14,5.1,5.15,5.1,5.13,97622467,529041923.0
2026-04-15,5.14,5.18,5.13,5.17,79967202,436298051.0
2026-04-16,5.17,5.18,5.13,5.13,77856883,423800580.0
2026-04-17,5.13,5.14,5.12,5.13,67650634,366667638.0
2026-04-20,5.13,5.15,5.11,5.14,66676726,361997473.0
2026-04-21,5.13,5.18,5.13,5.16,93319383,509506505.0
2026-04-22,5.16,5.16,5.13,5.13,61600859,335093935.0
2026-04-23,5.14,5.21,5.13,5.18,184189364,1010170720.0
2026-04-24,5.17,5.19,5.14,5.16,122107051,667023799.0
2026-04-27,5.16,5.22,5.16,5.2,136552139,749929613.0
2026-04-28,5.05,5.06,4.97,5.01,438860002,2321016887.0
2026-04-29,4.99,5.04,4.98,5.01,171727138,910794261.0
2026-04-30,5.02,5.03,5.0,5.01,122887594,651842210.0
2026-05-06,5.02,5.02,4.99,4.99,141798494,749773021.0
2026-05-07,5.0,5.01,4.98,4.98,101774005,537146305.0
2026-05-08,4.98,5.0,4.97,4.98,88111386,464469122.0
2026-05-11,4.98,4.99,4.95,4.97,136323414,716364552.0
2026-05-12,4.97,4.99,4.96,4.97,92256159,485162300.0
2026-05-13,4.97,4.98,4.95,4.96,75089771,393988211.0
2026-05-14,4.96,4.98,4.95,4.96,85933388,451268470.0
2026-05-15,4.96,4.96,4.94,4.95,98150508,513836606.0
2026-05-18,4.95,4.95,4.89,4.89,101654257,527549742.0
2026-05-19,4.89,4.92,4.87,4.88,85575193,442643216.0
2026-05-20,4.88,4.9,4.85,4.86,81474844,419627432.0
2026-05-21,4.87,4.88,4.84,4.84,75066063,385889691.0
2026-05-22,4.84,4.85,4.81,4.82,80451219,410608327.0
2026-05-25,4.82,4.85,4.8,4.81,86372960,440582173.0
2026-05-26,4.82,4.84,4.8,4.81,89288778,454878399.0
2026-05-27,4.81,4.82,4.78,4.78,100383231,509468502.0
2026-05-28,4.78,4.79,4.73,4.74,103411071,520301597.0
2026-05-29,4.74,4.83,4.71,4.81,158751838,802650414.0
2026-06-01,4.81,4.9,4.8,4.89,126704143,649703914.0
2026-06-02,4.88,4.92,4.86,4.88,104533654,540261172.0
2026-06-03,4.87,4.88,4.81,4.85,100470955,514251336.0
2026-06-04,4.84,4.86,4.78,4.79,92847065,472631866.0
2026-06-05,4.8,4.87,4.79,4.86,96882678,496750958.0
2026-06-08,4.85,4.87,4.82,4.84,106845254,547425896.0
2026-06-09,4.83,4.88,4.82,4.86,104715479,537919255.0
2026-06-10,4.86,4.93,4.85,4.92,134851999,699145290.0
2026-06-11,4.92,4.93,4.88,4.91,99259910,514865828.0
2026-06-12,4.9,4.98,4.88,4.98,160808054,840670410.0
2026-06-15,4.98,4.98,4.93,4.95,145200765,760860910.0
2026-06-16,4.94,4.95,4.89,4.9,113055975,587138773.0
2026-06-17,4.9,4.93,4.84,4.86,117277945,604398883.0
2026-06-18,4.86,4.86,4.73,4.74,189703393,957600912.0
2026-06-22,4.74,4.8,4.71,4.79,136521554,686642490.0
2026-06-23,4.79,4.87,4.78,4.82,150726206,769856611.0
2026-06-24,4.82,4.82,4.73,4.73,145304061,730511072.0
2026-06-25,4.73,4.75,4.71,4.72,109290358,546058735.0
2026-06-26,4.72,4.74,4.67,4.67,109721492,544809366.0
2026-06-29,4.66,4.71,4.61,4.7,110143402,542781444.0
2026-06-30,4.69,4.7,4.61,4.63,120837578,591597410.0
2026-07-01,4.62,4.69,4.61,4.67,86668349,426679657.0
2026-07-02,4.68,4.77,4.67,4.75,136701929,683887824.0
2026-07-03,4.75,4.78,4.71,4.76,102410488,514133054.0
2026-07-06,4.78,4.87,4.75,4.86,170690536,870297540.0
2026-07-07,4.85,4.87,4.8,4.84,109790019,561181697.0
2026-07-08,4.83,4.86,4.78,4.84,132403310,677445497.0
2026-07-09,4.83,4.85,4.79,4.83,140262739,716008599.0
2026-07-10,4.87,4.91,4.84,4.9,147935999,720985559.0
2026-07-13,4.88,4.98,4.87,4.96,133744536,660281874.0
2026-07-14,4.95,5.02,4.93,5.01,150246984,748438902.0
2026-07-15,4.98,5.09,4.96,5.08,160676977,810592316.0
2026-07-16,5.08,5.1,5.02,5.03,110656822,558925909.0
2026-07-17,5.03,5.1,5.02,5.03,157197123,795563404.0
2026-07-20,5.03,5.13,5.01,5.12,210409422,1070806904.0
2026-07-21,5.11,5.15,5.02,5.03,195428955,992914773.0
2026-07-22,5.03,5.08,4.98,5.08,151851880,763502832.0
2026-07-23,5.06,5.1,5.03,5.09,110944391,562690431.0
2026-07-24,5.08,5.11,5.06,5.06,94321017,479750858.0
2026-07-27,5.06,5.1,5.04,5.06,101459261,513758586.0
2026-07-28,5.07,5.1,5.04,5.09,112464665,571474235.0
2026-07-29,5.09,5.15,5.08,5.12,145697305,746600985.0
2026-07-30,5.12,5.22,5.1,5.21,231417398,1197992359.0
2026-07-31,5.15,5.22,5.1,5.22,210494152,1085526824.0
2026-08-03,5.19,5.26,5.17,5.23,153641638,803252965.0
2026-08-04,5.22,5.23,5.1,5.1,168182184,865716048.0
2026-08-05,5.1,5.12,5.03,5.03,165652608,838038767.0
2026-08-06,5.04,5.06,5.0,5.03,108892361,547283247.0
