timestamps,open,high,low,close,volume,amount
2010-01-07,4.38,4.45,4.3,4.37,570082048,3275273216.0
2010-01-08,4.26,4.26,4.18,4.24,244080304,1352582016.0
2010-01-11,4.3,4.3,4.15,4.19,150425312,832707200.0
2010-01-12,4.18,4.23,4.16,4.23,98200758,543195822.0
2010-01-13,4.17,4.19,4.13,4.14,104567792,571520448.0
2010-01-14,4.15,4.21,4.13,4.18,76407672,418817248.0
2010-01-15,4.17,4.17,4.14,4.17,48826296,266875744.0
2010-01-18,4.16,4.16,4.14,4.15,50870944,277246464.0
2010-01-19,4.14,4.17,4.14,4.17,57925864,316507584.0
2010-01-20,4.17,4.17,4.05,4.06,81217280,438896128.0
2010-01-21,4.07,4.09,4.04,4.07,55066296,294396544.0
2010-01-22,4.04,4.04,3.92,3.98,57443880,300734944.0
2010-01-25,3.95,3.99,3.92,3.95,22097948,115082896.0
2010-01-26,3.95,3.98,3.84,3.87,33153412,169925264.0
2010-01-27,3.87,3.98,3.84,3.95,47593580,245239504.0
2010-01-28,3.96,4.0,3.93,3.96,65444016,341316896.0
2010-01-29,3.96,3.98,3.9,3.92,51512736,267476960.0
2010-02-01,3.92,3.94,3.88,3.93,33732156,173507488.0
2010-02-02,3.92,3.96,3.9,3.91,52005400,268790432.0
2010-02-03,3.91,3.92,3.79,3.89,55013428,280710272.0
2010-02-04,3.88,3.98,3.84,3.89,74801808,384366912.0
2010-02-05,3.87,3.87,3.81,3.83,39210500,197865344.0
2010-02-08,3.84,3.85,3.82,3.84,13584895,68624320.0
2010-02-09,3.83,3.9,3.82,3.86,27577752,140165968.0
2010-02-10,3.88,3.89,3.85,3.88,36784056,187497312.0
2010-02-11,3.88,3.89,3.87,3.88,36283668,185312000.0
2010-02-12,3.88,3.89,3.86,3.88,31211844,159233728.0
2010-02-22,3.88,3.88,3.84,3.85,17686848,89825832.0
2010-02-23,3.84,3.85,3.8,3.82,19698856,98841680.0
2010-02-24,3.81,3.88,3.8,3.88,22346580,113074696.0
2010-02-25,3.88,3.93,3.86,3.9,46032760,236158448.0
2010-02-26,3.88,3.89,3.85,3.86,22182158,112976592.0
2010-03-01,3.86,3.89,3.85,3.88,20022312,101993544.0
2010-03-02,3.88,3.89,3.84,3.85,20411764,103641240.0
2010-03-03,3.85,3.89,3.84,3.89,28085332,143091248.0
2010-03-04,3.88,3.89,3.81,3.82,33196410,167677280.0
2010-03-05,3.82,3.84,3.81,3.83,16203536,81475056.0
2010-03-08,3.84,3.84,3.82,3.83,13473899,67843056.0
2010-03-09,3.82,3.85,3.79,3.83,17461826,87705672.0
2010-03-10,3.84,3.84,3.8,3.82,14480517,72688888.0
2010-03-11,3.81,3.82,3.79,3.81,14462261,72421792.0
2010-03-12,3.81,3.82,3.76,3.76,22827484,113732960.0
2010-03-15,3.76,3.78,3.72,3.73,17439386,85667528.0
2010-03-16,3.73,3.74,3.69,3.72,13257282,64727288.0
2010-03-17,3.72,3.76,3.7,3.76,16875602,82985280.0
2010-03-18,3.76,3.76,3.73,3.73,12027745,59189524.0
2010-03-19,3.73,3.76,3.71,3.75,13134288,64556584.0
2010-03-22,3.76,3.79,3.75,3.78,16609995,82549808.0
2010-03-23,3.78,3.78,3.74,3.75,10797587,53362044.0
2010-03-24,3.75,3.82,3.75,3.79,23520002,117435544.0
2010-03-25,3.78,3.78,3.72,3.73,16621949,81641952.0
2010-03-26,3.73,3.77,3.72,3.76,11708177,57720240.0
2010-03-29,3.77,3.95,3.75,3.88,78826320,403429664.0
2010-03-30,3.84,3.86,3.82,3.85,29386968,148591744.0
2010-03-31,3.85,3.85,3.82,3.83,18102932,91135656.0
2010-04-01,3.84,3.95,3.82,3.92,70548080,362792896.0
2010-04-02,3.94,4.03,3.92,3.99,95364192,500153920.0
2010-04-06,4.03,4.04,3.96,3.99,53746608,282828576.0
2010-04-07,3.95,3.99,3.92,3.94,84217184,436854464.0
2010-04-08,3.91,3.98,3.9,3.92,33953220,175571008.0
2010-04-09,3.92,3.94,3.9,3.93,23729156,122317640.0
2010-04-12,3.93,3.95,3.85,3.86,39078144,199721488.0
2010-04-13,3.85,3.95,3.85,3.91,36069024,184857408.0
2010-04-14,3.91,3.92,3.85,3.88,25553770,130207528.0
2010-04-15,3.87,3.88,3.81,3.84,26357548,133208840.0
2010-04-16,3.84,3.84,3.79,3.8,21522740,107819824.0
2010-04-19,3.78,3.78,3.69,3.69,29448968,144623936.0
2010-04-20,3.69,3.73,3.66,3.71,17794500,86311744.0
2010-04-21,3.7,3.75,3.68,3.74,17763128,86835312.0
2010-04-22,3.73,3.73,3.67,3.69,20112836,97766800.0
2010-04-23,3.71,3.74,3.65,3.73,31288568,152505968.0
2010-04-26,3.72,3.73,3.66,3.68,13216085,64168760.0
2010-04-27,3.68,3.68,3.48,3.52,33913272,158426752.0
2010-04-28,3.5,3.53,3.47,3.49,20022016,92004320.0
2010-04-29,3.5,3.53,3.45,3.46,15191474,69917000.0
2010-04-30,3.47,3.5,3.41,3.5,19026840,86633016.0
2010-05-04,3.46,3.49,3.42,3.44,12216948,55556776.0
2010-05-05,3.42,3.63,3.39,3.6,38913824,181052224.0
2010-05-06,3.56,3.6,3.44,3.46,21886420,101454048.0
2010-05-07,3.42,3.52,3.38,3.44,17823764,80951272.0
2010-05-10,3.44,3.57,3.44,3.51,20733104,95668736.0
2010-05-11,3.58,3.6,3.47,3.49,24812584,115428056.0
2010-05-12,3.49,3.57,3.46,3.54,24567880,113691320.0
2010-05-13,3.53,3.56,3.48,3.56,21262888,98820352.0
2010-05-14,3.54,3.54,3.47,3.5,17721174,81763536.0
2010-05-17,3.44,3.47,3.31,3.32,21154100,94543584.0
2010-05-18,3.33,3.35,3.22,3.33,19078260,82614480.0
2010-05-19,3.29,3.37,3.24,3.28,12255346,53076548.0
2010-05-21,3.16,3.25,3.14,3.24,20931464,87895400.0
2010-05-24,3.24,3.35,3.23,3.33,22274442,96801640.0
2010-05-25,3.31,3.31,3.22,3.23,14451880,61933676.0
2010-05-26,3.25,3.3,3.22,3.26,12449303,53584192.0
2010-05-27,3.26,3.41,3.2,3.33,27147344,118761848.0
2010-05-28,3.33,3.37,3.3,3.32,17921982,78570096.0
2010-05-31,3.31,3.33,3.22,3.22,12728524,54885856.0
2010-06-01,3.22,3.22,3.15,3.18,16632206,69584376.0
2010-06-02,3.15,3.18,3.11,3.17,19283138,79526968.0
2010-06-03,3.19,3.22,3.15,3.15,14694335,61522276.0
2010-06-04,3.12,3.15,3.12,3.15,9211612,38001980.0
2010-06-07,3.09,3.13,3.09,3.12,9107263,37254152.0
2010-06-08,3.12,3.14,3.1,3.12,7687054,31525184.0
2010-06-09,3.14,3.22,3.12,3.2,19338940,80670400.0
2010-06-10,3.17,3.19,3.14,3.15,14728673,61308420.0
2010-06-11,3.18,3.18,3.14,3.15,12816939,53265312.0
2010-06-17,3.17,3.19,3.15,3.15,8611800,35859640.0
2010-06-18,3.15,3.15,3.08,3.09,12295161,50449880.0
2010-06-21,3.11,3.19,3.08,3.18,17669314,73123832.0
2010-06-22,3.16,3.19,3.15,3.17,13407743,55770864.0
2010-06-23,3.15,3.18,3.12,3.12,10475751,43455860.0
2010-06-24,3.13,3.15,3.09,3.1,19935608,81501712.0
2010-06-25,3.09,3.1,3.04,3.09,21639912,87501824.0
2010-06-28,3.09,3.1,3.06,3.09,8067801,32738948.0
2010-06-29,3.09,3.13,3.0,3.0,24738176,99585440.0
2010-06-30,2.97,3.04,2.93,2.98,24247448,95057200.0
2010-07-01,2.99,3.04,2.97,3.0,12908797,51163700.0
2010-07-02,3.0,3.06,2.98,3.06,20738788,82532880.0
2010-07-05,3.03,3.03,2.98,3.0,12701543,50188460.0
2010-07-06,3.0,3.04,3.0,3.03,10052660,39944576.0
2010-07-07,3.03,3.04,3.0,3.03,8846338,35186692.0
2010-07-08,3.04,3.06,3.01,3.03,8940688,35642056.0
2010-07-09,3.04,3.12,3.01,3.09,27324772,110365600.0
2010-07-12,3.09,3.12,3.06,3.1,19052130,77691232.0
2010-07-13,3.09,3.15,3.09,3.11,20969728,85987544.0
2010-07-14,3.11,3.15,3.09,3.12,17153056,70540128.0
2010-07-15,3.1,3.13,3.06,3.06,11385013,46333580.0
2010-07-16,3.06,3.06,3.0,3.05,10348784,41244360.0
2010-07-19,3.02,3.11,3.0,3.1,11822479,47774720.0
2010-07-20,3.1,3.15,3.09,3.15,24544992,101308016.0
2010-07-21,3.14,3.19,3.13,3.14,23725252,98559104.0
2010-07-22,3.13,3.18,3.12,3.16,18851124,78260664.0
2010-07-23,3.16,3.19,3.14,3.17,22349904,92981176.0
2010-07-26,3.17,3.19,3.15,3.18,19421586,81084336.0
2010-07-27,3.18,3.22,3.15,3.2,30235956,126975408.0
2010-07-28,3.19,3.3,3.18,3.29,44272720,189349984.0
2010-07-29,3.29,3.32,3.25,3.29,36611472,158321360.0
2010-07-30,3.29,3.3,3.24,3.26,15127365,65051960.0
2010-08-02,3.26,3.41,3.25,3.38,36555480,160172368.0
2010-08-03,3.38,3.38,3.28,3.33,26422992,115903952.0
2010-08-04,3.29,3.39,3.25,3.32,16764570,72788424.0
2010-08-05,3.33,3.33,3.28,3.28,13722076,59531452.0
2010-08-06,3.27,3.31,3.23,3.28,28214548,121627560.0
2010-08-09,3.29,3.31,3.28,3.28,21794044,94249696.0
2010-08-10,3.29,3.3,3.2,3.2,23490100,100088344.0
2010-08-11,3.2,3.23,3.16,3.21,16588300,69769016.0
2010-08-12,3.18,3.21,3.13,3.15,13965289,58220752.0
2010-08-13,3.14,3.18,3.12,3.18,17602624,73026032.0
2010-08-16,3.16,3.24,3.15,3.23,33437472,141076688.0
2010-08-17,3.23,3.25,3.21,3.24,20692608,87930728.0
2010-08-18,3.25,3.25,3.19,3.21,18090584,76484296.0
2010-08-19,3.21,3.27,3.2,3.25,24702324,105251192.0
2010-08-20,3.23,3.25,3.17,3.18,17608816,74208912.0
2010-08-23,3.18,3.19,3.15,3.16,14622268,61029708.0
2010-08-24,3.15,3.19,3.13,3.18,11452641,47716236.0
2010-08-25,3.15,3.16,3.09,3.09,15497719,63709440.0
2010-08-26,3.11,3.13,3.09,3.11,8095670,33141400.0
2010-08-27,3.11,3.14,3.1,3.13,7587681,31167364.0
2010-08-30,3.14,3.17,3.12,3.16,11511622,47695908.0
2010-08-31,3.15,3.15,3.11,3.12,10959632,45033432.0
2010-09-01,3.12,3.15,3.09,3.12,14090073,57785704.0
2010-09-02,3.14,3.17,3.12,3.17,20535306,84748832.0
2010-09-03,3.16,3.25,3.15,3.23,37466728,158213600.0
2010-09-06,3.25,3.54,3.23,3.46,128536912,574755840.0
2010-09-07,3.43,3.49,3.38,3.44,47993112,216409120.0
2010-09-08,3.47,3.49,3.41,3.46,33715220,152889952.0
2010-09-09,3.44,3.5,3.31,3.34,34179448,153405520.0
2010-09-10,3.34,3.43,3.31,3.38,34054392,150905184.0
2010-09-13,3.41,3.44,3.34,3.39,38263912,170073872.0
2010-09-14,3.38,3.46,3.33,3.35,34144360,151473072.0
2010-09-15,3.33,3.38,3.28,3.3,19391346,85240536.0
2010-09-16,3.31,3.34,3.16,3.19,26147176,110938840.0
2010-09-17,3.21,3.25,3.19,3.22,15808840,67019760.0
2010-09-20,3.25,3.41,3.22,3.32,28624096,125071000.0
2010-09-21,3.32,3.35,3.28,3.33,12835003,55927152.0
2010-09-27,3.33,3.37,3.3,3.34,13804873,60295092.0
2010-09-28,3.35,3.35,3.24,3.27,13350282,57709776.0
2010-09-29,3.25,3.49,3.25,3.48,76390232,343257184.0
2010-09-30,3.47,3.78,3.44,3.67,126095752,606812800.0
2010-10-08,3.77,3.82,3.68,3.71,83908160,414452640.0
2010-10-11,3.69,3.93,3.69,3.82,95875168,486359776.0
2010-10-12,3.81,3.98,3.76,3.94,75503912,390388128.0
2010-10-13,3.92,3.95,3.83,3.9,47374828,241740416.0
2010-10-14,3.89,4.02,3.85,3.88,47917768,246017184.0
2010-10-15,3.88,3.97,3.83,3.96,73148016,378287200.0
2010-10-18,3.98,4.08,3.88,3.88,69433840,361787328.0
2010-10-19,3.86,3.96,3.81,3.95,57241552,291394048.0
2010-10-20,3.84,3.95,3.84,3.88,38548556,196956784.0
2010-10-21,3.88,3.96,3.7,3.79,64232540,321261920.0
2010-10-22,3.76,3.78,3.69,3.73,37722208,185020256.0
2010-10-25,3.73,3.9,3.73,3.87,47806804,239640272.0
2010-10-26,3.88,3.93,3.79,3.83,43422268,220034864.0
2010-10-27,3.8,3.85,3.76,3.77,28007016,139813840.0
2010-10-28,3.76,3.82,3.76,3.82,17861852,89205048.0
2010-10-29,3.8,3.82,3.76,3.79,20000724,99443664.0
2010-11-01,3.8,3.98,3.8,3.97,61124480,315005600.0
2010-11-02,3.95,4.01,3.89,3.91,43145388,224453168.0
2010-11-03,3.88,3.93,3.86,3.88,25166136,128867392.0
2010-11-04,3.9,4.11,3.88,4.09,91174664,483878080.0
2010-11-05,4.11,4.27,4.09,4.18,135145104,746481088.0
2010-11-08,4.17,4.32,4.17,4.29,80855440,453568256.0
2010-11-09,4.27,4.27,4.13,4.16,56615916,310999392.0
2010-11-10,4.14,4.23,4.09,4.15,34899380,190831328.0
2010-11-11,4.14,4.26,4.11,4.17,37849056,207375712.0
2010-11-12,4.12,4.2,3.89,3.91,51801228,276252736.0
2010-11-15,3.93,4.07,3.91,4.04,36889760,194963456.0
2010-11-16,4.02,4.26,3.98,4.11,61978192,337513888.0
2010-11-17,4.13,4.17,3.88,3.92,49915872,263638576.0
2010-11-18,3.95,4.01,3.85,3.92,26662984,137060656.0
2010-11-19,3.94,4.16,3.88,4.15,57436728,303339008.0
2010-11-22,4.13,4.26,4.08,4.22,59591096,326581088.0
2010-11-23,4.21,4.26,4.03,4.22,52392668,287715584.0
2010-11-24,4.18,4.3,4.15,4.27,47064844,263100480.0
2010-11-25,4.26,4.3,4.17,4.22,39732072,220977328.0
2010-11-26,4.2,4.23,4.12,4.17,32766424,179508800.0
2010-11-29,4.18,4.37,4.11,4.36,77461912,435594976.0
2010-11-30,4.33,4.38,4.11,4.26,51323428,287452896.0
2010-12-01,4.24,4.3,4.21,4.23,23474538,131260080.0
2010-12-02,4.28,4.31,4.21,4.25,26184708,146702112.0
2010-12-03,4.24,4.29,4.14,4.2,22557752,124905856.0
2010-12-06,4.22,4.23,4.1,4.14,26637636,145019136.0
2010-12-07,4.11,4.33,4.08,4.32,41462908,232332784.0
2010-12-08,4.32,4.49,4.29,4.3,70255992,406792192.0
2010-12-09,4.3,4.45,4.21,4.3,50679224,289630080.0
2010-12-10,4.27,4.64,4.25,4.59,94330680,557736704.0
2010-12-13,4.61,4.83,4.56,4.8,95651208,593861760.0
2010-12-14,4.79,4.84,4.7,4.78,44064536,276531552.0
2010-12-15,4.78,4.79,4.65,4.65,33578356,207965312.0
2010-12-16,4.64,4.72,4.55,4.62,36002532,219023136.0
2010-12-17,4.62,4.74,4.58,4.69,26835188,164825936.0
2010-12-20,4.71,4.75,4.49,4.61,47984256,291664704.0
2010-12-21,4.61,4.68,4.6,4.65,22153646,134965120.0
2010-12-22,4.65,4.67,4.52,4.58,22745724,137407488.0
2010-12-23,4.6,4.62,4.5,4.52,16470053,99019808.0
2010-12-24,4.49,4.58,4.3,4.33,45877608,267518720.0
2010-12-27,4.33,4.41,4.17,4.23,45563408,257400112.0
2010-12-28,4.19,4.22,4.09,4.11,29547414,160800048.0
2010-12-29,4.08,4.26,4.07,4.23,21144398,116061656.0
2010-12-30,4.22,4.3,4.11,4.29,23353276,129673184.0
2010-12-31,4.27,4.41,4.19,4.39,36630612,207403904.0
2011-01-04,4.34,4.45,4.3,4.39,45775272,262798144.0
2011-01-05,4.39,4.45,4.3,4.32,30152380,173437472.0
2011-01-06,4.32,4.36,4.2,4.24,19704500,110307840.0
2011-01-07,4.26,4.38,4.23,4.27,23821438,135159120.0
2011-01-10,4.28,4.31,4.2,4.21,16079935,89959472.0
2011-01-11,4.21,4.25,4.11,4.16,21314614,116593080.0
2011-01-12,4.15,4.2,4.01,4.05,33660656,180107936.0
2011-01-13,4.06,4.07,3.99,4.02,22967656,121930064.0
2011-01-14,4.05,4.1,3.95,3.99,30528288,161783792.0
2011-01-17,3.96,4.01,3.65,3.73,56267472,280188128.0
2011-01-18,3.71,3.92,3.69,3.92,49159616,248366736.0
2011-01-19,3.94,4.04,3.92,4.0,50213332,263419808.0
2011-01-20,4.0,4.14,3.92,3.95,60031632,320250944.0
2011-01-21,4.01,4.35,4.01,4.35,148460976,838060480.0
2011-01-24,4.38,4.7,4.33,4.49,166438128,987457024.0
2011-01-25,4.45,4.57,4.37,4.47,56431204,330371264.0
2011-01-26,4.45,4.62,4.43,4.57,59793956,358359712.0
2011-01-27,4.52,5.03,4.5,5.03,125820160,808160128.0
2011-01-28,5.03,5.19,4.97,5.09,115244528,770851584.0
2011-01-31,5.05,5.37,5.05,5.33,99854296,685384128.0
2011-02-01,5.33,5.34,5.12,5.23,61967208,424196448.0
2011-02-09,5.19,5.44,5.19,5.28,62432536,436542560.0
2011-02-10,5.2,5.36,5.12,5.3,61063312,418908352.0
2011-02-11,5.25,5.31,5.14,5.25,70315760,482403456.0
2011-02-14,5.2,5.47,5.19,5.25,125326864,875481536.0
2011-02-15,5.25,5.65,5.14,5.56,118922992,849386816.0
2011-02-16,5.48,5.64,5.47,5.53,63686096,464691712.0
2011-02-17,5.53,5.71,5.43,5.62,71689608,525085120.0
2011-02-18,5.56,5.76,5.46,5.63,53398332,392131808.0
2011-02-21,5.61,5.72,5.5,5.69,34732856,257923568.0
2011-02-22,5.66,6.1,5.63,5.69,96319168,741538304.0
2011-02-23,5.66,5.91,5.55,5.9,69326160,524535776.0
2011-02-24,5.98,6.49,5.98,6.17,117503360,963830656.0
2011-02-25,6.19,6.26,5.99,6.1,58814260,473815616.0
2011-02-28,6.1,6.48,5.97,6.46,57702392,470667104.0
2011-03-01,6.48,6.59,6.29,6.36,60889068,514934496.0
2011-03-02,6.37,6.37,5.98,6.2,54297876,440983808.0
2011-03-03,6.23,6.34,5.82,5.85,75208816,597301376.0
2011-03-04,5.85,6.02,5.82,5.93,43356024,337398976.0
2011-03-07,5.92,6.32,5.91,6.31,77227984,623112128.0
2011-03-08,6.3,6.3,6.1,6.2,38900928,315969056.0
2011-03-09,6.18,6.22,6.07,6.13,39564076,318514176.0
2011-03-10,6.1,6.23,6.04,6.15,30153840,243067552.0
2011-03-11,6.09,6.23,6.07,6.11,39644564,320796768.0
2011-03-14,6.12,6.42,6.11,6.2,48707132,400080512.0
2011-03-15,6.14,6.2,5.76,6.0,58796392,460754208.0
2011-03-16,5.94,6.15,5.89,6.14,44696992,353500736.0
2011-03-17,6.13,6.27,6.04,6.15,53674160,435587488.0
2011-03-18,6.22,6.28,6.07,6.12,28852436,233776032.0
2011-03-21,6.1,6.16,5.88,5.91,30955530,242803040.0
2011-03-22,5.93,6.04,5.72,6.01,30339976,235074848.0
2011-03-23,5.99,6.07,5.87,5.99,20180068,158754864.0
2011-03-24,5.98,5.99,5.87,5.94,23452544,182666576.0
2011-03-25,5.91,6.23,5.87,6.23,68619784,554072576.0
2011-03-28,6.27,6.28,6.11,6.14,33488336,271827168.0
2011-03-29,6.13,6.13,5.89,5.99,36639368,287679104.0
2011-03-30,5.98,6.01,5.86,5.9,14214425,110486160.0
2011-03-31,5.91,5.91,5.73,5.78,27073796,205938816.0
2011-04-01,5.74,5.78,5.45,5.64,63457304,463831648.0
2011-04-06,5.6,5.72,5.56,5.63,23209500,171988640.0
2011-04-07,5.63,5.85,5.6,5.8,33042288,248449136.0
2011-04-08,5.78,5.92,5.72,5.88,22735052,174717344.0
2011-04-11,5.91,5.99,5.82,5.82,28390232,220433728.0
2011-04-12,5.85,5.85,5.48,5.7,39428296,293600352.0
2011-04-13,5.6,5.73,5.58,5.67,27687466,205493504.0
2011-04-14,5.7,6.03,5.63,5.94,72826096,564534336.0
2011-04-15,5.9,5.91,5.67,5.81,36758080,279294560.0
2011-04-18,5.76,5.77,5.64,5.74,26830440,201138528.0
2011-04-19,5.69,5.77,5.51,5.59,35256048,261206128.0
2011-04-20,5.61,5.64,5.53,5.6,13716586,100867024.0
2011-04-21,5.6,5.69,5.44,5.65,28949804,211723136.0
2011-04-22,5.63,5.82,5.57,5.69,31529880,236619936.0
2011-04-25,5.66,5.66,5.47,5.52,18266628,133331928.0
2011-04-26,5.49,5.59,5.49,5.56,9046894,65949572.0
2011-04-27,5.57,5.66,5.41,5.46,13681043,99072496.0
2011-04-28,5.48,5.53,5.19,5.32,21167408,149094512.0
2011-04-29,5.31,5.45,5.28,5.36,15438869,109009640.0
2011-05-03,5.37,5.41,5.31,5.41,10656363,75041744.0
2011-05-04,5.4,5.4,5.14,5.2,18506456,128074248.0
2011-05-05,5.14,5.18,5.02,5.13,17731246,118976600.0
2011-05-06,5.06,5.42,5.03,5.35,32384096,225772416.0
2011-05-09,5.37,5.41,5.29,5.33,13624234,95424976.0
2011-05-10,5.32,5.44,5.28,5.37,16172525,114294688.0
2011-05-11,5.37,5.46,5.35,5.41,15180777,108025064.0
2011-05-12,5.36,5.39,5.21,5.23,22955250,159637440.0
2011-05-13,5.22,5.27,5.12,5.22,17562620,119926520.0
2011-05-17,5.25,5.34,5.16,5.29,17263142,120083320.0
2011-05-18,5.28,5.4,5.25,5.34,12944780,90997720.0
2011-05-19,5.35,5.47,5.35,5.4,22465098,160489920.0
2011-05-20,5.41,5.47,5.37,5.42,10022711,71528152.0
2011-05-23,5.43,5.43,5.29,5.29,16515403,116145336.0
2011-05-24,5.27,5.31,5.15,5.29,13810389,95082128.0
2011-05-25,5.25,5.28,5.17,5.21,13040443,89436560.0
2011-05-26,5.26,5.27,4.98,5.02,20262696,135894656.0
2011-05-27,5.03,5.07,4.83,4.84,24097138,155021712.0
2011-05-30,4.82,5.0,4.77,4.89,15675287,101458056.0
2011-05-31,4.86,5.03,4.76,4.96,14421804,93118480.0
2011-06-01,5.02,5.09,4.97,5.05,21068868,139399088.0
2011-06-02,4.99,5.08,4.87,5.05,16712852,109797824.0
2011-06-03,5.02,5.5,5.01,5.41,36670816,256105936.0
2011-06-07,5.41,5.47,5.32,5.45,24942204,177559744.0
2011-06-08,5.41,5.47,5.31,5.45,13703944,97358000.0
2011-06-09,5.41,5.63,5.41,5.45,26472602,192525328.0
2011-06-10,5.43,5.61,5.41,5.55,23999216,173826016.0
2011-06-13,5.54,5.67,5.42,5.66,29827252,219433856.0
2011-06-14,5.69,5.99,5.63,5.89,55744344,431108096.0
2011-06-15,5.93,6.01,5.82,5.88,32875936,256922912.0
2011-06-16,5.83,5.98,5.76,5.93,26503748,206292432.0
2011-06-17,5.91,5.99,5.68,5.71,26661624,204133024.0
2011-06-20,5.63,6.22,5.61,6.19,49127832,384421696.0
2011-06-21,6.2,6.2,6.04,6.14,34405344,276820704.0
2011-06-22,6.13,6.26,6.08,6.13,34146952,277136416.0
2011-06-23,6.1,6.18,5.97,6.14,26450148,211398928.0
2011-06-24,6.16,6.44,6.1,6.36,60979352,505223168.0
2011-06-27,6.46,6.66,6.39,6.52,69058000,594237760.0
2011-06-28,6.5,6.61,6.39,6.52,28252274,241762336.0
2011-06-29,6.53,6.98,6.48,6.78,67440136,604569984.0
2011-06-30,6.8,7.05,6.65,6.74,77965752,700319296.0
2011-07-01,6.7,6.88,6.65,6.76,40362380,360935296.0
2011-07-04,6.77,6.82,6.63,6.8,45903400,407253664.0
2011-07-05,6.78,6.79,6.61,6.71,46124500,405474016.0
2011-07-06,6.74,6.75,6.6,6.62,34164728,298209568.0
2011-07-07,6.63,6.81,6.55,6.65,49308940,429747840.0
2011-07-08,6.6,6.77,6.52,6.71,32232384,281020608.0
2011-07-11,6.67,6.73,6.61,6.67,21462968,187822288.0
2011-07-12,6.71,6.8,6.48,6.61,35108568,305565440.0
2011-07-13,6.56,6.8,6.55,6.79,37112488,325172128.0
2011-07-14,6.79,7.09,6.76,7.06,76463976,696188928.0
2011-07-15,7.03,7.09,6.93,6.96,29990640,275307680.0
2011-07-18,7.02,7.02,6.48,6.49,84954792,739797824.0
2011-07-19,6.47,6.62,6.45,6.49,34461944,294807968.0
2011-07-20,6.51,6.56,6.42,6.49,22919302,194485568.0
2011-07-21,6.5,6.51,6.39,6.45,19567220,165314128.0
2011-07-22,6.48,6.55,6.42,6.47,16343638,138937008.0
2011-07-25,6.47,6.47,6.14,6.16,26592644,217977248.0
2011-07-26,6.14,6.34,6.11,6.28,18410708,151017648.0
2011-07-27,6.22,6.48,6.19,6.41,23444572,197079040.0
2011-07-28,6.35,6.5,6.31,6.44,12878345,108689560.0
2011-07-29,6.45,6.45,6.14,6.22,18474048,151361520.0
2011-08-01,6.19,6.36,6.17,6.35,9829392,80955312.0
2011-08-02,6.29,6.32,6.16,6.29,10245968,83768256.0
2011-08-03,6.22,6.32,6.19,6.25,11627999,95363840.0
2011-08-04,6.25,6.45,6.22,6.29,23349996,194289920.0
2011-08-05,6.15,6.38,6.06,6.34,21609172,178078784.0
2011-08-08,6.26,6.32,5.93,6.16,27804052,223944976.0
2011-08-09,5.95,6.31,5.92,6.22,20289110,164507824.0
2011-08-10,6.32,6.45,6.29,6.34,24490260,204093504.0
2011-08-11,6.26,6.47,6.22,6.46,17878252,149527168.0
2011-08-12,6.48,6.67,6.46,6.6,29123790,251738176.0
2011-08-15,6.62,6.69,6.51,6.56,20656028,178738096.0
2011-08-16,6.56,6.59,6.45,6.51,14939686,127511136.0
2011-08-17,6.48,6.56,6.45,6.47,10700882,90948480.0
2011-08-18,6.47,6.49,6.26,6.32,11072451,92572272.0
2011-08-19,6.26,6.32,6.19,6.26,10890775,89024168.0
2011-08-22,6.27,6.37,5.95,6.11,28184536,227917728.0
2011-08-23,6.11,6.17,6.03,6.16,11264724,90162032.0
2011-08-24,6.2,6.22,6.08,6.16,10240856,82435728.0
2011-08-25,6.16,6.36,6.1,6.35,21006324,171711088.0
2011-08-26,6.36,6.45,6.32,6.38,15823344,132656224.0
2011-08-29,6.39,6.56,6.34,6.54,33341952,283550400.0
2011-08-30,6.56,6.62,6.47,6.55,18432776,158209504.0
2011-08-31,6.53,6.56,6.32,6.35,14288933,119814440.0
2011-09-01,6.35,6.5,6.29,6.35,9270439,77467264.0
2011-09-02,6.35,6.35,6.2,6.22,10642299,87137216.0
2011-09-05,6.14,6.21,6.07,6.14,11156727,89693192.0
2011-09-06,6.12,6.14,5.92,6.03,15497510,122108736.0
2011-09-07,6.04,6.18,6.01,6.17,11476764,91772408.0
2011-09-08,6.18,6.18,6.06,6.06,11298876,90408752.0
2011-09-09,6.06,6.17,5.93,5.95,14414646,113725552.0
2011-09-13,5.84,5.89,5.64,5.81,17565832,133763992.0
2011-09-14,5.84,5.92,5.63,5.9,17046166,128291432.0
2011-09-15,5.87,5.97,5.84,5.85,12023827,93015912.0
2011-09-16,5.87,6.0,5.87,5.93,7671233,59577452.0
2011-09-19,5.93,5.93,5.76,5.76,6608296,50212812.0
2011-09-20,5.76,5.81,5.68,5.77,8661778,65158568.0
2011-09-21,5.75,6.13,5.69,6.0,17248984,134532960.0
2011-09-22,5.91,6.03,5.8,5.83,12357983,95597576.0
2011-09-23,5.76,5.91,5.68,5.73,10867406,82024928.0
2011-09-26,5.69,5.84,5.63,5.64,9808937,73697544.0
2011-09-27,5.72,5.75,5.48,5.61,14309717,105174208.0
2011-09-28,5.63,5.74,5.51,5.56,10210688,75445424.0
2011-09-29,5.53,5.56,5.34,5.45,8195250,58745016.0
2011-09-30,5.47,5.49,5.29,5.35,9609862,67593000.0
2011-10-10,5.36,5.42,5.21,5.29,7922253,54897664.0
2011-10-11,5.44,5.51,5.18,5.28,10968055,77012720.0
2011-10-12,5.26,5.55,5.23,5.54,20582542,147428192.0
2011-10-13,5.57,5.87,5.53,5.82,31407674,236543104.0
2011-10-14,5.78,5.86,5.71,5.8,20303134,153846464.0
2011-10-17,5.8,5.96,5.77,5.82,14336351,109914648.0
2011-10-18,5.77,5.8,5.55,5.61,14081593,104532152.0
2011-10-19,5.62,5.7,5.57,5.59,10970554,81048240.0
2011-10-20,5.55,5.56,5.28,5.44,15577684,109905032.0
2011-10-21,5.45,5.48,5.23,5.29,16395181,113950168.0
2011-10-24,5.32,5.49,5.08,5.43,15596511,108716240.0
2011-10-25,5.39,5.8,5.37,5.76,26074056,192782400.0
2011-10-26,5.71,5.97,5.69,5.83,35658004,274932160.0
2011-10-27,5.87,5.91,5.73,5.8,12002545,91071216.0
2011-10-28,5.91,6.04,5.79,5.9,22366896,173620000.0
2011-10-31,5.9,5.99,5.8,5.9,15081445,116425872.0
2011-11-01,5.84,5.97,5.81,5.88,15312650,118309056.0
2011-11-02,5.77,6.1,5.73,6.03,30323860,233903520.0
2011-11-03,6.08,6.16,5.99,6.01,25908196,206013104.0
2011-11-04,6.09,6.1,5.95,6.01,10793709,84881072.0
2011-11-07,5.98,6.01,5.87,5.98,14573359,113564208.0
2011-11-08,5.98,6.02,5.9,5.93,9316696,72814344.0
2011-11-09,5.98,5.98,5.71,5.84,28350260,215857392.0
2011-11-10,5.78,5.87,5.72,5.76,13398356,101522816.0
2011-11-11,5.77,5.89,5.76,5.79,14429655,110004192.0
2011-11-14,5.84,5.95,5.81,5.94,29951676,231535424.0
2011-11-15,5.98,6.1,5.96,6.06,23381372,185064368.0
2011-11-16,6.08,6.1,5.82,5.9,15951357,124894720.0
2011-11-17,5.9,6.01,5.87,5.9,9849731,76547672.0
2011-11-18,5.87,5.87,5.58,5.63,21417556,159410528.0
2011-11-21,5.63,5.69,5.48,5.59,18760980,137696368.0
2011-11-22,5.55,5.68,5.52,5.67,10070032,74180432.0
2011-11-23,5.67,5.68,5.48,5.58,12847609,93770336.0
2011-11-24,5.49,5.66,5.37,5.44,19336440,139225552.0
2011-11-25,5.44,5.57,5.32,5.42,12563439,89063528.0
2011-11-28,5.44,5.48,5.26,5.36,16680659,116901400.0
2011-11-29,5.41,5.48,5.29,5.45,21740524,153215520.0
2011-11-30,5.41,5.43,5.16,5.32,26172942,181759344.0
2011-12-01,5.45,5.49,5.33,5.38,32422126,230069184.0
2011-12-02,5.32,5.36,5.22,5.23,14746956,101951224.0
2011-12-05,5.19,5.23,5.02,5.05,14699454,98487792.0
2011-12-06,5.0,5.15,4.97,5.09,11192957,73934496.0
2011-12-07,5.09,5.19,5.05,5.11,8830676,59449360.0
2011-12-08,5.11,5.11,4.92,4.97,12782860,83900160.0
2011-12-09,4.92,4.98,4.64,4.68,33794648,211146720.0
2011-12-12,4.68,4.68,4.22,4.32,53128972,309110272.0
2011-12-13,4.27,4.36,4.17,4.33,29152924,163579392.0
2011-12-14,4.33,4.34,4.17,4.2,18321992,101525776.0
2011-12-15,4.16,4.33,4.12,4.25,24658004,137083920.0
2011-12-16,4.23,4.54,4.23,4.51,42010188,243145904.0
2011-12-19,4.45,4.54,4.32,4.49,23171650,133687688.0
2011-12-20,4.45,4.54,4.35,4.4,21284872,123752016.0
2011-12-21,4.46,4.55,4.32,4.33,27954200,163558064.0
2011-12-22,4.29,4.45,4.2,4.41,17107512,96810288.0
2011-12-23,4.39,4.52,4.36,4.44,15428350,89670096.0
2011-12-26,4.41,4.46,4.29,4.31,14819054,84766832.0
2011-12-27,4.26,4.49,4.25,4.33,18827876,107700968.0
2011-12-28,4.3,4.36,4.15,4.29,18671784,103724024.0
2011-12-29,4.26,4.31,4.23,4.28,10591438,59260532.0
2011-12-30,4.29,4.38,4.26,4.35,19084648,108180544.0
2012-01-04,4.39,4.4,3.97,3.99,30196946,166502336.0
2012-01-05,4.0,4.0,3.75,3.79,29160552,147297616.0
2012-01-06,3.79,4.1,3.78,3.97,19101136,97601136.0
2012-01-09,3.98,4.2,3.92,4.19,23638576,126483376.0
2012-01-10,4.17,4.55,4.13,4.43,34537356,196934032.0
2012-01-11,4.42,4.5,4.35,4.42,17656400,102349768.0
2012-01-12,4.38,4.59,4.37,4.39,29957636,176342016.0
2012-01-13,4.39,4.46,4.18,4.28,25640852,144317856.0
2012-01-16,4.22,4.33,4.13,4.14,13981828,77255464.0
2012-01-17,4.13,4.54,4.09,4.52,30242784,171513392.0
2012-01-18,4.5,4.63,4.45,4.47,27262000,162044144.0
2012-01-19,4.47,4.59,4.45,4.58,27329692,162227760.0
2012-01-20,4.59,4.71,4.55,4.69,27031180,163612896.0
2012-01-30,4.68,4.69,4.52,4.52,19540276,117838320.0
2012-01-31,4.54,4.56,4.39,4.51,13692321,80281496.0
2012-02-01,4.46,4.64,4.44,4.46,19910954,118475504.0
2012-02-02,4.49,4.58,4.4,4.56,20039984,118210088.0
2012-02-03,4.55,4.65,4.48,4.64,32798948,196211648.0
2012-02-06,4.62,4.72,4.6,4.68,34787468,212660816.0
2012-02-07,4.64,4.65,4.55,4.65,23254780,140436352.0
2012-02-08,4.62,4.88,4.6,4.81,38511088,240388704.0
2012-02-09,4.78,4.98,4.74,4.87,44419292,283976352.0
2012-02-10,4.84,4.91,4.78,4.81,20976760,133313952.0
2012-02-13,4.73,4.93,4.71,4.84,23504612,149283584.0
2012-02-14,4.84,4.87,4.69,4.77,25456900,158704144.0
2012-02-15,4.79,4.99,4.75,4.93,39299812,250956656.0
2012-02-16,4.9,4.98,4.86,4.94,20426446,131997144.0
2012-02-17,4.94,5.0,4.82,4.88,16235234,104359032.0
2012-02-20,5.0,5.04,4.87,4.88,22136750,143724464.0
2012-02-21,4.88,4.92,4.78,4.87,24946188,158470400.0
2012-02-22,4.86,5.06,4.84,4.98,34101648,221925408.0
2012-02-23,4.95,5.1,4.94,5.02,25494494,168724336.0
2012-02-24,5.09,5.21,5.01,5.18,29303312,196107840.0
2012-02-27,5.18,5.42,5.18,5.25,44828232,312103776.0
2012-02-28,5.25,5.33,5.19,5.28,15359871,105754192.0
2012-02-29,5.25,5.29,5.13,5.14,15500244,105509704.0
2012-03-01,5.13,5.19,5.09,5.12,14938050,100705128.0
2012-03-02,5.13,5.27,5.13,5.25,19051464,130226544.0
2012-03-05,5.26,5.34,5.12,5.16,25672156,175633312.0
2012-03-06,5.13,5.14,5.0,5.02,18332052,121394320.0
2012-03-07,4.95,5.1,4.92,4.94,21975500,143598944.0
2012-03-08,4.97,5.07,4.94,5.03,24361772,160210672.0
2012-03-09,5.05,5.1,5.02,5.1,17725680,117363936.0
2012-03-12,5.08,5.21,4.95,5.19,30748120,204461264.0
2012-03-13,5.17,5.23,5.13,5.2,27010160,183738352.0
2012-03-14,5.23,5.24,4.8,4.95,53543068,352158304.0
2012-03-15,4.92,4.96,4.78,4.84,22752300,144733856.0
2012-03-16,4.84,5.0,4.8,4.91,17227032,110395944.0
2012-03-19,4.92,4.94,4.81,4.89,20032186,127718080.0
2012-03-20,4.9,4.92,4.68,4.78,23380932,147118416.0
2012-03-21,4.81,4.84,4.69,4.75,15723062,97940272.0
2012-03-22,4.74,4.78,4.68,4.74,14734235,91290144.0
2012-03-23,4.71,4.87,4.69,4.76,26795464,168560896.0
2012-03-26,4.77,4.81,4.74,4.79,9194588,57468756.0
2012-03-27,4.81,4.84,4.68,4.69,10269088,64258984.0
2012-03-28,4.68,4.68,4.42,4.46,18634284,111011208.0
2012-03-30,4.4,4.51,4.31,4.46,19067196,109719536.0
2012-04-05,4.46,4.69,4.39,4.67,18510116,110652800.0
2012-04-06,4.63,4.84,4.63,4.74,19522228,121295328.0
2012-04-09,4.81,4.82,4.71,4.74,22065720,138039312.0
2012-04-10,4.73,4.79,4.67,4.78,13436687,83299400.0
2012-04-11,4.72,4.81,4.7,4.74,17050652,106501936.0
2012-04-12,4.78,4.87,4.76,4.87,24316788,154271200.0
2012-04-13,4.87,4.99,4.87,4.91,21099824,136480752.0
2012-04-16,4.9,5.1,4.88,5.04,24640144,162691008.0
2012-04-17,5.04,5.07,4.93,4.94,20162788,132036296.0
2012-04-18,4.94,5.13,4.94,5.12,26864912,178705344.0
2012-04-19,5.1,5.17,5.06,5.11,19568450,130947968.0
2012-04-20,5.1,5.13,4.97,5.11,33364424,220689312.0
2012-04-23,5.06,5.12,4.99,5.07,22440440,148704320.0
2012-04-24,5.02,5.14,4.96,5.07,19717364,130652584.0
2012-04-25,5.03,5.1,4.97,5.0,20204300,133147992.0
2012-04-26,5.03,5.2,5.02,5.19,30225326,202942992.0
2012-04-27,5.19,5.21,5.08,5.14,13010772,87343760.0
2012-05-02,5.24,5.34,5.21,5.27,34327652,237555840.0
2012-05-03,5.23,5.32,5.23,5.27,12728011,87973368.0
2012-05-04,5.27,5.4,5.25,5.37,17986924,125714000.0
2012-05-07,5.32,5.48,5.3,5.47,25648522,182492448.0
2012-05-08,5.47,5.47,5.23,5.34,30393856,212091824.0
2012-05-09,5.26,5.3,5.13,5.16,17393200,118365720.0
2012-05-10,5.19,5.21,5.07,5.13,12803977,86041792.0
2012-05-11,5.08,5.19,5.07,5.08,10671112,71716808.0
2012-05-14,5.13,5.15,5.0,5.01,14489220,96293432.0
2012-05-15,4.92,5.07,4.87,5.04,18209018,118863496.0
2012-05-16,5.03,5.03,4.83,4.85,18268420,117663104.0
2012-05-17,4.86,4.96,4.83,4.95,20482440,131906936.0
2012-05-18,4.9,4.9,4.62,4.66,56441872,350807296.0
2012-05-21,4.65,4.67,4.53,4.65,35189812,212723744.0
2012-05-22,4.68,4.87,4.64,4.84,43365752,270821696.0
2012-05-24,4.87,4.9,4.76,4.77,35083572,222757424.0
2012-05-25,4.79,4.84,4.72,4.74,17888574,112303728.0
2012-05-28,4.72,4.96,4.66,4.94,35183304,223910864.0
2012-05-29,5.1,5.16,5.02,5.09,52916968,353346368.0
2012-05-30,5.04,5.19,5.02,5.07,31933384,214494000.0
2012-05-31,5.03,5.24,5.03,5.19,38590056,260682464.0
2012-06-01,5.18,5.26,5.1,5.11,20243020,137121248.0
2012-06-04,5.03,5.04,4.81,4.93,23192444,149759776.0
2012-06-05,4.9,4.95,4.86,4.89,14959701,96043480.0
2012-06-06,4.91,4.92,4.74,4.77,17798448,112691736.0
2012-06-07,4.83,4.86,4.58,4.67,26609776,164319088.0
2012-06-08,4.71,4.74,4.64,4.66,16188564,99671040.0
2012-06-11,4.71,4.81,4.65,4.78,15635372,96850488.0
2012-06-12,4.74,4.78,4.67,4.71,16759115,103810152.0
2012-06-13,4.77,4.85,4.71,4.82,16698895,105018296.0
2012-06-14,4.81,4.84,4.7,4.73,13490955,84474656.0
2012-06-15,4.76,4.78,4.66,4.74,19567492,121610496.0
2012-06-18,4.79,4.84,4.75,4.78,19059884,119685800.0
2012-06-19,4.8,4.81,4.69,4.71,10580060,65693480.0
2012-06-20,4.75,4.78,4.69,4.78,11827045,73237688.0
2012-06-21,4.74,4.74,4.67,4.72,9487519,58506640.0
2012-06-25,4.69,4.72,4.55,4.58,13073738,78998400.0
2012-06-26,4.57,4.67,4.48,4.66,10063924,59904504.0
2012-06-27,4.62,4.64,4.49,4.54,13841910,82516888.0
2012-06-28,4.54,4.55,4.28,4.37,32710380,187303040.0
2012-06-29,4.33,4.43,4.29,4.4,12909112,74279584.0
2012-07-02,4.44,4.47,4.3,4.33,23664116,136013472.0
2012-07-03,4.33,4.41,4.27,4.33,21071828,119846272.0
2012-07-04,4.34,4.39,4.27,4.33,17724176,100647552.0
2012-07-05,4.3,4.3,4.08,4.09,31632648,172064448.0
2012-07-06,4.1,4.2,3.91,4.14,37353704,197983104.0
2012-07-09,4.1,4.12,3.91,3.92,32697430,171270528.0
2012-07-10,3.92,3.97,3.87,3.91,15553328,78931112.0
2012-07-11,3.89,4.06,3.89,4.04,34869684,181503296.0
2012-07-12,4.04,4.19,3.99,4.13,26908504,144015568.0
2012-07-13,4.31,4.47,4.31,4.37,52673540,300571808.0
2012-07-16,4.4,4.45,4.3,4.32,30077576,171025680.0
2012-07-17,4.31,4.47,4.31,4.46,28438976,162383040.0
2012-07-18,4.44,4.68,4.44,4.66,43525280,257388112.0
2012-07-19,4.65,4.93,4.62,4.75,76374968,476949024.0
2012-07-20,4.75,4.85,4.64,4.76,24668532,152640400.0
2012-07-23,4.69,4.74,4.64,4.68,14573882,88709336.0
2012-07-24,4.64,4.78,4.57,4.68,16224466,98902832.0
2012-07-25,4.68,4.7,4.54,4.56,17159512,102392592.0
2012-07-26,4.56,4.62,4.48,4.5,13826739,81502984.0
2012-07-27,4.52,4.64,4.49,4.58,15224420,89896864.0
2012-07-30,4.58,4.63,4.44,4.47,11632821,68417680.0
2012-07-31,4.45,4.6,4.43,4.5,25140540,148421200.0
2012-08-01,4.53,4.64,4.51,4.58,21939248,130437520.0
2012-08-02,4.58,4.77,4.54,4.71,32935916,199167440.0
2012-08-03,4.71,4.76,4.61,4.71,20651684,125469456.0
2012-08-06,4.69,4.81,4.65,4.78,22481636,138930528.0
2012-08-07,4.78,4.83,4.73,4.78,13268969,82292992.0
2012-08-08,4.78,4.96,4.75,4.96,41308728,262854752.0
2012-08-09,4.91,5.16,4.91,5.1,39460888,259491088.0
2012-08-10,5.08,5.15,4.95,5.01,19347350,126351728.0
2012-08-13,4.99,5.0,4.71,4.77,31254184,196364048.0
2012-08-14,4.78,4.92,4.74,4.91,25036428,157394544.0
2012-08-15,4.91,4.96,4.83,4.91,13071988,82952096.0
2012-08-16,4.9,4.91,4.76,4.77,18577248,116128952.0
2012-08-17,4.82,4.95,4.6,4.68,43673096,269481824.0
2012-08-20,4.63,4.71,4.56,4.67,15696490,94957424.0
2012-08-21,4.66,4.88,4.66,4.85,31487760,196641120.0
2012-08-22,4.85,4.85,4.76,4.8,12369964,77033656.0
2012-08-23,4.82,4.89,4.76,4.83,19243850,120306112.0
2012-08-24,4.81,4.85,4.65,4.67,22634772,138932496.0
2012-08-27,4.68,4.7,4.43,4.46,34927724,205932496.0
2012-08-28,4.46,4.7,4.44,4.61,32233032,191542800.0
2012-08-29,4.6,4.67,4.54,4.58,12536438,74883800.0
2012-08-30,4.58,4.65,4.48,4.56,16996924,100882536.0
2012-08-31,4.56,4.6,4.49,4.51,12951101,76188520.0
2012-09-03,4.51,4.72,4.48,4.69,34656336,209234848.0
2012-09-04,4.67,4.72,4.61,4.65,18131452,109742464.0
2012-09-05,4.65,4.69,4.47,4.57,26823028,158858528.0
2012-09-06,4.58,4.69,4.57,4.68,17475732,105471248.0
2012-09-07,4.75,5.15,4.75,5.14,113695632,747705792.0
2012-09-10,5.11,5.38,5.08,5.32,87575336,598832896.0
2012-09-11,5.24,5.31,5.15,5.24,39732648,269865632.0
2012-09-12,5.28,5.35,5.16,5.31,31677164,215766864.0
2012-09-13,5.29,5.32,5.12,5.18,26559636,179331264.0
2012-09-14,5.23,5.32,5.08,5.22,37743392,256062976.0
2012-09-17,5.19,5.19,4.96,4.97,36457656,239057888.0
2012-09-18,4.93,5.08,4.91,4.99,18901092,122927296.0
2012-09-19,5.01,5.06,4.91,5.03,19475944,125930432.0
2012-09-20,4.99,5.04,4.92,4.93,15851048,102317120.0
2012-09-21,4.95,5.01,4.8,4.86,16754180,106889896.0
2012-09-24,4.82,5.04,4.78,4.99,23456152,151069440.0
2012-09-25,4.97,5.12,4.95,5.04,24511568,161025488.0
2012-09-26,5.03,5.05,4.89,4.98,13725752,88539984.0
2012-09-27,4.98,5.25,4.95,5.14,26496768,175696736.0
2012-09-28,5.09,5.33,5.08,5.29,32696560,223473168.0
2012-10-08,5.32,5.37,5.24,5.28,15791813,108571432.0
2012-10-09,5.28,5.45,5.26,5.32,28912252,200608960.0
2012-10-10,5.31,5.31,5.14,5.21,30537072,205859040.0
2012-10-11,5.22,5.35,5.15,5.28,27063166,185011888.0
2012-10-12,5.27,5.35,5.05,5.11,34226924,228795344.0
2012-10-15,5.12,5.19,4.99,5.11,18305010,120903952.0
2012-10-16,5.08,5.28,5.06,5.22,28051066,189930144.0
2012-10-17,5.31,5.31,5.18,5.23,16698244,113250240.0
2012-10-18,5.25,5.39,5.22,5.38,24304328,167835968.0
2012-10-19,5.4,5.42,5.32,5.4,19809766,138514720.0
2012-10-22,5.38,5.4,5.27,5.38,15090346,104371744.0
2012-10-23,5.35,5.42,5.18,5.22,21706076,148696416.0
2012-10-24,5.17,5.25,5.12,5.21,18064208,121435064.0
2012-10-25,5.22,5.22,5.04,5.05,21040908,139758960.0
2012-10-26,5.06,5.08,4.85,4.95,25388224,163281104.0
2012-10-29,4.91,5.0,4.88,4.98,13982669,89441832.0
2012-10-30,5.01,5.14,4.98,5.08,23753288,156475056.0
2012-10-31,5.08,5.13,5.03,5.11,14352272,94787456.0
2012-11-01,5.11,5.28,5.08,5.22,23327032,157732144.0
2012-11-02,5.22,5.25,5.13,5.18,18948108,127193088.0
2012-11-05,5.19,5.21,5.08,5.16,16930232,112775496.0
2012-11-06,5.17,5.17,4.98,5.08,21491188,140653872.0
2012-11-07,5.05,5.08,5.01,5.05,12038161,78885280.0
2012-11-08,5.01,5.11,4.98,4.99,14101065,92267256.0
2012-11-09,4.99,5.01,4.86,4.92,16943866,108139520.0
2012-11-12,4.95,5.05,4.92,5.05,14141073,91599344.0
2012-11-13,5.03,5.05,4.92,4.94,11700197,75696568.0
2012-11-14,4.97,5.18,4.91,5.16,23559444,154827120.0
2012-11-15,5.14,5.31,5.11,5.16,45029652,304821504.0
2012-11-16,5.18,5.26,5.12,5.19,23878674,160948560.0
2012-11-19,5.19,5.2,5.08,5.18,15963865,106247136.0
2012-11-20,5.22,5.35,5.16,5.22,23769640,162309440.0
2012-11-21,5.2,5.29,5.1,5.28,19099032,129323728.0
2012-11-22,5.23,5.27,5.16,5.18,12133782,82347976.0
2012-11-23,5.21,5.46,5.18,5.39,47661208,330773824.0
2012-11-26,5.38,5.57,5.35,5.41,58464036,413545952.0
2012-11-27,5.38,5.51,5.3,5.39,36563788,256870016.0
2012-11-28,5.35,5.43,5.14,5.16,41425948,283847680.0
2012-11-29,5.17,5.22,5.11,5.18,31247300,209355744.0
2012-11-30,5.18,5.47,5.11,5.45,31329580,215967904.0
2012-12-03,5.41,5.64,5.39,5.49,47967916,344249824.0
2012-12-04,5.46,5.74,5.43,5.69,44399288,323570368.0
2012-12-05,5.67,6.12,5.62,5.89,58257840,445203264.0
2012-12-06,5.9,5.98,5.79,5.85,29055792,221756544.0
2012-12-07,5.87,5.99,5.77,5.82,41341200,314916448.0
2012-12-10,5.87,6.06,5.87,5.97,51676104,399683200.0
2012-12-11,5.92,5.98,5.76,5.78,42982184,326535744.0
2012-12-12,5.78,5.91,5.73,5.88,31914110,240749936.0
2012-12-13,5.85,5.93,5.69,5.79,31530896,237030752.0
2012-12-14,5.78,6.17,5.75,6.15,59477204,463949440.0
2012-12-17,6.15,6.21,5.98,6.01,52042896,408917984.0
2012-12-18,6.01,6.07,5.9,5.94,30946642,240086016.0
2012-12-19,5.93,6.01,5.89,5.94,20054590,155010400.0
2012-12-20,5.92,6.12,5.86,6.07,33215172,258888000.0
2012-12-21,6.05,6.17,5.84,5.88,37627272,292670496.0
2012-12-24,5.84,6.02,5.82,6.02,23982364,185929264.0
2012-12-25,6.0,6.27,5.94,6.19,44882092,359127840.0
2012-12-26,6.18,6.18,6.05,6.12,34001612,269491296.0
2012-12-27,6.11,6.36,6.09,6.24,43858068,354795968.0
2012-12-28,6.22,6.35,6.05,6.29,42380068,340361152.0
2012-12-31,6.29,6.36,6.16,6.35,35709596,290212064.0
2013-01-04,6.32,6.34,6.08,6.15,41100212,330297280.0
2013-01-07,6.14,6.22,6.03,6.09,42236168,335623744.0
2013-01-08,6.12,6.28,5.92,6.17,50312792,397734144.0
2013-01-09,6.12,6.15,5.97,6.02,44665716,350287232.0
2013-01-10,6.02,6.11,5.89,5.95,47824232,371547168.0
2013-01-11,5.96,5.99,5.8,5.84,39631944,303936736.0
2013-01-14,5.82,6.1,5.81,6.08,48686932,378811584.0
2013-01-15,6.09,6.11,5.79,5.92,129566240,994639680.0
2013-01-16,5.93,6.01,5.82,5.89,64154080,491271904.0
2013-01-17,5.89,5.91,5.78,5.83,29423410,222723216.0
2013-01-18,5.87,5.99,5.85,5.95,38400128,295356992.0
2013-01-21,5.95,6.01,5.87,5.95,33932840,262181600.0
2013-01-22,5.95,6.12,5.92,5.98,54974084,430442496.0
2013-01-23,5.96,5.99,5.66,5.75,64598056,484908000.0
2013-01-24,5.75,5.85,5.54,5.65,58606892,434393536.0
2013-01-25,5.67,5.75,5.61,5.74,27685704,205598016.0
2013-01-28,5.76,5.84,5.72,5.79,33464150,250896928.0
2013-01-29,5.82,5.82,5.72,5.78,33410080,250670336.0
2013-01-30,5.77,5.93,5.75,5.81,34277660,260390944.0
2013-01-31,5.82,5.95,5.81,5.92,33752348,258158960.0
2013-02-01,5.95,5.95,5.82,5.85,34238052,260747376.0
2013-02-04,5.88,6.12,5.76,6.06,53949128,415827904.0
2013-02-05,6.05,6.36,6.01,6.26,72156856,580386752.0
2013-02-06,6.26,6.31,6.17,6.2,28117752,227125216.0
2013-02-07,6.29,6.32,6.15,6.2,33417144,270346528.0
2013-02-08,6.2,6.56,6.19,6.51,56155268,466646976.0
2013-02-18,6.51,6.6,6.42,6.48,35300684,298693984.0
2013-02-19,6.55,6.68,6.26,6.34,58017912,486884704.0
2013-02-20,6.32,6.64,6.26,6.58,46298296,390985632.0
2013-02-21,6.51,6.74,6.36,6.58,59586580,505684384.0
2013-02-22,6.55,6.6,6.37,6.42,34803812,292091680.0
2013-02-25,6.45,6.46,6.29,6.4,32062994,265343680.0
2013-02-26,6.36,6.46,6.17,6.19,32078808,262091296.0
2013-02-27,6.2,6.29,6.15,6.24,18240022,147133920.0
2013-02-28,6.29,6.46,6.21,6.43,28300580,233554112.0
2013-03-01,6.45,6.59,6.35,6.46,30981700,260528432.0
2013-03-04,6.39,6.46,6.15,6.26,36163856,294490272.0
2013-03-05,6.22,6.43,6.19,6.42,29740616,243154592.0
2013-03-06,6.47,6.81,6.46,6.78,65082832,562694784.0
2013-03-07,6.74,6.82,6.66,6.76,36190328,316892064.0
2013-03-08,6.74,6.91,6.63,6.64,22865312,200480640.0
2013-03-11,6.64,6.7,6.52,6.6,18820360,161234272.0
2013-03-12,6.58,6.81,6.46,6.61,31172260,268291072.0
2013-03-13,6.56,6.56,6.24,6.37,30557272,252865664.0
2013-03-14,6.34,6.58,6.3,6.57,28615426,242021664.0
2013-03-15,6.59,6.75,6.44,6.49,39006832,336723456.0
2013-03-18,6.49,6.77,6.4,6.62,37347360,320748608.0
2013-03-19,6.63,6.83,6.59,6.78,51196388,447166112.0
2013-03-20,6.78,6.93,6.71,6.89,40793396,362145056.0
2013-03-21,6.89,6.91,6.76,6.86,31266526,277308288.0
2013-03-22,6.88,7.16,6.79,7.09,50895992,464797408.0
2013-03-25,7.09,7.4,7.06,7.26,47652296,449883968.0
2013-03-26,7.19,7.26,7.06,7.19,30629496,284052320.0
2013-03-27,7.16,7.51,7.16,7.36,38978840,371461792.0
2013-03-28,7.3,7.36,7.01,7.06,46547980,433898208.0
2013-03-29,7.13,7.36,7.11,7.15,29042888,273138080.0
2013-04-01,7.13,7.29,6.99,7.25,21403800,199080496.0
2013-04-02,7.23,7.48,7.03,7.07,37851420,355499200.0
2013-04-03,7.09,7.13,6.78,6.83,34247872,306666208.0
2013-04-08,6.77,6.99,6.68,6.92,30201408,270451328.0
2013-04-09,6.93,7.11,6.93,6.98,27220572,248727168.0
2013-04-10,7.02,7.06,6.8,6.98,24076554,216762832.0
2013-04-11,7.01,7.09,6.97,7.03,25434194,232236384.0
2013-04-12,7.06,7.14,6.86,6.88,28141104,254816192.0
2013-04-15,6.91,6.93,6.59,6.65,29465516,256317056.0
2013-04-16,6.66,6.72,6.55,6.7,28833068,249644208.0
2013-04-17,6.7,6.89,6.69,6.89,26306416,232661296.0
2013-04-18,6.83,6.96,6.79,6.89,23833688,212375088.0
2013-04-19,6.86,7.16,6.86,7.15,51665172,471921472.0
2013-04-22,7.13,7.39,7.07,7.32,34610868,325484640.0
2013-04-23,7.31,7.34,7.06,7.19,33867640,314959072.0
2013-04-24,7.15,7.49,7.1,7.48,38511532,366328064.0
2013-04-25,7.42,7.53,7.19,7.31,39419344,376023232.0
2013-04-26,7.25,7.34,6.86,6.95,48291908,441860896.0
2013-05-02,6.91,7.01,6.74,7.0,28590450,255582624.0
2013-05-03,7.02,7.18,6.99,7.06,24077776,222012672.0
2013-05-06,7.06,7.25,7.06,7.12,22008972,204589696.0
2013-05-07,7.14,7.46,7.11,7.46,47677656,454715328.0
2013-05-08,7.47,7.61,7.32,7.44,36236856,351300832.0
2013-05-09,7.41,7.74,7.39,7.73,53893560,534801760.0
2013-05-10,7.69,7.97,7.66,7.81,43124776,437592832.0
2013-05-13,7.8,7.86,7.66,7.76,18256744,183050112.0
2013-05-14,7.7,7.73,7.41,7.5,31806316,309849280.0
2013-05-15,7.47,7.6,7.45,7.57,18221872,177944496.0
2013-05-16,7.5,7.83,7.43,7.79,27794732,277753184.0
2013-05-17,7.82,8.57,7.8,8.57,67640488,726864192.0
2013-05-20,8.67,8.77,8.48,8.66,46313084,519041056.0
2013-05-21,8.68,9.12,8.5,8.9,44033176,506632224.0
2013-05-22,8.84,8.89,8.53,8.7,35546728,402105632.0
2013-05-23,8.63,9.22,8.55,8.74,41381096,476179072.0
2013-05-24,8.76,8.92,8.62,8.79,34779916,395611808.0
2013-05-27,8.85,9.21,8.73,8.78,34386032,399002016.0
2013-05-28,8.74,9.13,8.61,9.11,31696780,365345728.0
2013-05-29,9.11,9.21,8.97,9.09,23485424,277318112.0
2013-05-30,9.01,9.4,8.99,9.22,38045408,456139904.0
2013-05-31,9.17,9.43,9.05,9.07,26290196,315768448.0
2013-06-03,9.07,9.21,8.49,8.74,43022708,489424576.0
2013-06-04,8.67,8.7,8.4,8.55,39164516,433847360.0
2013-06-05,8.52,8.65,8.33,8.44,27651068,304243296.0
2013-06-06,8.43,8.43,8.12,8.29,39286000,421888512.0
2013-06-07,8.23,8.35,7.97,8.05,33508056,354574848.0
2013-06-13,7.86,8.26,7.56,8.25,42345656,433734016.0
2013-06-14,8.25,8.4,8.13,8.33,33145520,357114400.0
2013-06-17,8.4,8.52,8.04,8.07,40068396,428603328.0
2013-06-18,8.1,8.32,7.86,8.23,27130206,286206432.0
2013-06-19,8.11,8.31,8.03,8.15,21785176,231404496.0
2013-06-20,8.07,8.12,7.66,7.68,49907548,507395456.0
2013-06-21,7.53,7.72,7.26,7.65,40825456,397612512.0
2013-06-24,7.54,7.55,6.93,7.03,51924756,487593504.0
2013-06-25,6.98,7.43,6.49,7.4,60648208,552337728.0
2013-06-26,7.33,7.54,7.29,7.46,32381748,311097408.0
2013-06-27,7.5,7.69,7.27,7.32,41894152,407764768.0
2013-06-28,7.21,7.57,7.12,7.33,29421308,280288128.0
2013-07-01,7.32,7.74,7.28,7.69,36455292,356512640.0
2013-07-02,7.68,8.04,7.66,7.97,36325752,370999744.0
2013-07-03,7.88,8.01,7.63,7.93,33075160,334804288.0
2013-07-04,7.83,8.13,7.66,7.93,26277584,270076800.0
2013-07-05,7.92,8.02,7.77,7.78,17183564,175860848.0
2013-07-08,7.6,7.6,7.28,7.4,24497040,237195904.0
2013-07-09,7.35,7.44,7.1,7.29,25771060,243361792.0
2013-07-10,7.35,7.76,7.24,7.74,32043392,307585632.0
2013-07-11,7.78,8.22,7.59,8.05,54322740,554798784.0
2013-07-12,8.03,8.13,7.76,7.76,37319864,380987168.0
2013-07-15,7.83,7.99,7.76,7.91,38159096,387024576.0
2013-07-16,7.89,7.97,7.77,7.89,30270764,306351008.0
2013-07-17,7.86,8.32,7.81,8.07,71106088,746759296.0
2013-07-18,8.05,8.26,7.97,7.99,35032632,365250336.0
2013-07-19,7.98,8.18,7.76,7.8,41181920,423355040.0
2013-07-22,7.73,7.87,7.39,7.54,46208236,449613152.0
2013-07-23,7.56,8.04,7.48,8.03,51871968,521856448.0
2013-07-24,7.99,8.18,7.87,8.08,45054824,466443904.0
2013-07-25,8.16,8.29,8.01,8.03,38388652,403020480.0
2013-07-26,7.96,8.09,7.87,7.95,22081778,227277888.0
2013-07-29,7.77,7.8,7.49,7.54,41411880,407211360.0
2013-07-30,7.52,7.73,7.38,7.53,29005610,281964992.0
2013-07-31,7.57,7.67,7.25,7.26,40720200,391019136.0
2013-08-01,7.26,7.48,6.9,7.26,78791032,727208896.0
2013-08-02,7.26,7.32,7.0,7.09,63635020,582065664.0
2013-08-05,7.07,7.44,7.03,7.43,51528544,478156096.0
2013-08-06,7.41,7.48,7.24,7.37,44700552,423398368.0
2013-08-07,7.36,7.45,7.1,7.14,37728200,353136960.0
2013-08-08,7.12,7.15,7.01,7.06,41821360,380837120.0
2013-08-09,7.08,7.1,6.72,6.84,49286632,439354048.0
2013-08-12,6.85,7.2,6.84,7.19,52550768,480673824.0
2013-08-13,6.89,6.97,6.48,6.82,124672512,1084279552.0
2013-08-14,6.84,6.91,6.73,6.79,74920640,658587456.0
2013-08-15,6.81,6.83,6.55,6.61,63466544,545834944.0
2013-08-16,6.56,6.85,6.29,6.33,94323288,786252800.0
2013-08-19,6.27,6.34,6.15,6.23,86762208,696361664.0
2013-08-20,6.23,6.34,6.21,6.34,62656452,506026432.0
2013-08-21,6.31,6.33,6.21,6.3,31905620,257887840.0
2013-08-22,6.27,6.39,6.25,6.29,35242992,286924352.0
2013-08-23,6.31,6.34,6.05,6.11,60741596,483633024.0
2013-08-26,6.1,6.19,6.07,6.16,43441192,344033920.0
2013-08-27,6.16,6.4,6.1,6.39,79515936,643196800.0
2013-08-28,6.33,6.43,6.28,6.34,46831716,384151008.0
2013-08-29,6.34,6.53,6.34,6.38,52864624,438414400.0
2013-08-30,6.38,6.41,6.24,6.27,44180496,360094592.0
2013-09-02,6.24,6.31,6.16,6.28,31719120,254636704.0
2013-09-03,6.32,6.38,6.27,6.36,31589558,258052512.0
2013-09-04,6.37,6.37,6.22,6.25,35573072,287377504.0
2013-09-05,6.24,6.28,6.19,6.24,23575620,189499312.0
2013-09-06,6.22,6.28,6.17,6.18,34355076,274518336.0
2013-09-09,6.17,6.41,6.11,6.31,48731144,394545440.0
2013-09-10,6.31,6.45,6.23,6.41,77114048,630233152.0
2013-09-11,6.45,6.89,6.39,6.76,145123888,1254408064.0
2013-09-12,6.78,6.8,6.66,6.73,62065840,537282304.0
2013-09-13,6.75,6.76,6.59,6.63,40401080,346163872.0
2013-09-16,6.65,6.7,6.59,6.61,34618640,296523232.0
2013-09-17,6.63,6.69,6.37,6.39,39678568,334089888.0
2013-09-18,6.38,6.42,6.3,6.36,24761058,202730752.0
2013-09-23,6.4,6.57,6.33,6.54,36759784,304805728.0
2013-09-24,6.54,6.63,6.46,6.5,29775740,250810336.0
2013-09-25,6.49,6.49,6.29,6.31,37382160,306972768.0
2013-09-26,6.28,6.3,6.13,6.13,32409596,258953296.0
2013-09-27,6.13,6.17,6.07,6.12,24726528,194706032.0
2013-09-30,6.14,6.22,6.1,6.14,27538856,218289584.0
2013-10-08,6.15,6.37,6.15,6.36,34805564,282664288.0
2013-10-09,6.34,6.38,6.28,6.33,25113450,204751552.0
2013-10-10,6.34,6.34,6.14,6.2,32588836,262116400.0
2013-10-11,6.24,6.27,6.17,6.25,38173608,305995776.0
2013-10-14,6.25,6.42,6.21,6.42,48238140,394059584.0
2013-10-15,6.43,6.49,6.3,6.38,37364140,307990816.0
2013-10-16,6.34,6.35,6.18,6.24,26276812,211304160.0
2013-10-17,6.27,6.34,6.23,6.25,31315396,253759312.0
2013-10-18,6.24,6.24,6.17,6.21,20006840,159945168.0
2013-10-21,6.24,6.32,6.13,6.28,43725352,350814976.0
2013-10-22,6.25,6.31,6.2,6.23,37016768,298030976.0
2013-10-23,6.21,6.26,6.14,6.14,29935180,238761152.0
2013-10-24,6.16,6.17,6.09,6.12,14575023,115259880.0
2013-10-25,6.12,6.16,5.83,5.87,39962724,307182336.0
2013-10-28,5.93,5.95,5.79,5.81,25843064,195178144.0
2013-10-29,5.82,5.87,5.41,5.54,49792296,359080640.0
2013-10-30,5.56,5.62,5.5,5.61,22810856,163917952.0
2013-10-31,5.58,5.64,5.53,5.57,18161192,130460552.0
2013-11-01,5.57,5.61,5.51,5.59,15593998,111818192.0
2013-11-04,5.59,5.62,5.55,5.55,14494341,104023800.0
2013-11-05,5.55,5.83,5.52,5.79,46475172,342636288.0
2013-11-06,5.78,5.8,5.7,5.71,23277428,172464928.0
2013-11-07,5.79,6.17,5.79,6.04,78163064,608073472.0
2013-11-08,6.04,6.12,5.94,6.08,43962632,343142048.0
2013-11-11,6.01,6.05,5.83,6.01,33372998,256777008.0
2013-11-12,6.0,6.04,5.91,5.96,23660960,182319040.0
2013-11-13,5.96,5.96,5.7,5.7,35602260,265275120.0
2013-11-14,5.79,5.85,5.71,5.76,21979740,163562976.0
2013-11-15,5.77,6.09,5.73,6.04,53335864,411380864.0
2013-11-18,6.1,6.16,5.96,6.14,53943632,422050144.0
2013-11-19,6.16,6.48,6.07,6.41,93319512,761459264.0
2013-11-20,6.4,6.54,6.32,6.42,57232696,473688768.0
2013-11-21,6.36,6.46,6.27,6.38,49084036,403415328.0
2013-11-22,6.4,6.59,6.37,6.38,62238748,520706400.0
2013-11-25,6.31,6.43,6.22,6.24,41440160,337753248.0
2013-11-26,6.23,6.46,6.17,6.42,49565676,403463808.0
2013-11-27,6.38,6.46,6.28,6.38,40387480,332017792.0
2013-11-28,6.38,6.59,6.36,6.49,65318624,547459968.0
2013-11-29,6.52,6.53,6.39,6.44,35344360,293124576.0
2013-12-02,6.31,6.46,6.19,6.24,49182836,400364192.0
2013-12-03,6.24,6.42,6.22,6.39,30988676,254042096.0
2013-12-04,6.39,6.55,6.38,6.49,51419060,429969568.0
2013-12-05,6.47,6.72,6.47,6.66,72900400,621675776.0
2013-12-06,6.64,6.84,6.59,6.62,64889220,562700224.0
2013-12-09,6.63,6.79,6.61,6.67,35755996,308789440.0
2013-12-10,6.69,6.93,6.69,6.81,58060416,511107136.0
2013-12-11,6.85,6.88,6.67,6.76,43722796,382271904.0
2013-12-12,6.74,6.83,6.65,6.73,37149656,322333728.0
2013-12-13,6.67,6.74,6.57,6.59,46571456,398241760.0
2013-12-16,6.61,6.62,6.34,6.35,43430656,360538560.0
2013-12-17,6.37,6.41,6.31,6.37,21290448,174710992.0
2013-12-18,6.37,6.41,6.3,6.32,20074158,164124928.0
2013-12-19,6.35,6.38,6.18,6.18,28106888,226729424.0
2013-12-20,6.17,6.22,5.9,5.94,35663080,276693376.0
2013-12-23,5.98,6.08,5.88,6.03,20971416,162474480.0
2013-12-24,6.04,6.1,5.93,6.0,23968060,186442016.0
2013-12-25,6.0,6.12,5.97,6.1,19423956,152074400.0
2013-12-26,6.07,6.09,5.9,5.93,18496950,142841184.0
2013-12-27,5.93,6.04,5.89,6.0,22809080,175668704.0
2013-12-30,6.03,6.24,5.97,6.21,31007414,243913360.0
2013-12-31,6.17,6.31,6.1,6.21,20450912,163993856.0
2014-01-02,6.21,6.23,6.09,6.15,18020848,142585760.0
2014-01-03,6.11,6.14,5.93,5.93,31055480,239487616.0
2014-01-06,5.88,5.88,5.48,5.62,41152008,298970880.0
2014-01-07,5.53,5.69,5.53,5.61,18325468,132579264.0
2014-01-08,5.62,5.78,5.6,5.63,23018452,168095120.0
2014-01-09,5.63,5.69,5.52,5.55,17050354,123433600.0
2014-01-10,5.51,5.57,5.41,5.53,25812360,182617824.0
2014-01-13,5.51,5.58,5.43,5.45,14462090,102246352.0
2014-01-14,5.47,5.47,4.94,5.17,57629724,380118720.0
2014-01-15,5.12,5.15,5.06,5.12,20710336,136514592.0
2014-01-16,5.12,5.2,5.12,5.15,19429432,129173512.0
2014-01-17,5.13,5.14,4.9,4.92,34905152,224559584.0
2014-01-20,4.9,4.9,4.62,4.72,55315168,336229952.0
2014-01-21,4.72,4.75,4.68,4.73,32172700,195505632.0
2014-01-22,4.72,5.01,4.7,4.96,52828120,333487712.0
2014-01-23,4.96,5.05,4.93,4.98,29229920,188238384.0
2014-01-24,4.95,5.07,4.93,5.04,24158908,156278352.0
2014-01-27,4.99,5.01,4.82,4.84,34768512,219535056.0
2014-01-28,4.84,4.93,4.8,4.92,25130268,157866192.0
2014-01-29,4.93,4.95,4.86,4.89,20968112,132152736.0
2014-01-30,4.88,4.88,4.77,4.81,17660224,109363168.0
2014-02-07,4.78,4.86,4.7,4.85,17046962,105232496.0
2014-02-10,4.86,5.03,4.86,5.01,34837352,224278304.0
2014-02-11,5.0,5.16,4.98,5.1,42551792,278510720.0
2014-02-12,5.12,5.15,5.03,5.15,36441160,239847120.0
2014-02-13,5.21,5.31,5.04,5.06,50260472,334982848.0
2014-02-14,5.03,5.15,5.01,5.11,31800892,209040672.0
2014-02-17,5.15,5.16,5.07,5.13,38880948,255626192.0
2014-02-18,5.13,5.13,4.93,4.96,51256376,331152448.0
2014-02-19,4.96,5.03,4.83,4.98,44836980,285210112.0
2014-02-20,5.04,5.11,4.93,4.95,46394712,300825536.0
2014-02-21,4.93,4.95,4.82,4.85,39469740,247449936.0
2014-02-24,4.85,4.85,4.64,4.69,49388888,299083424.0
2014-02-25,4.69,4.71,4.54,4.55,42202108,252167488.0
2014-02-26,4.51,4.52,4.38,4.46,42392336,242599104.0
2014-02-27,4.48,4.54,4.42,4.5,42509136,245567504.0
2014-02-28,4.51,4.51,4.35,4.46,45008932,256631840.0
2014-03-03,4.45,4.58,4.43,4.57,37815596,220322080.0
2014-03-04,4.54,4.54,4.47,4.53,27799052,161574944.0
2014-03-05,4.54,4.64,4.51,4.54,34498724,203557856.0
2014-03-06,4.54,4.54,4.43,4.51,22933928,132745240.0
2014-03-07,4.49,4.62,4.49,4.55,30481464,179584576.0
2014-03-10,4.5,4.7,4.43,4.65,55561652,328337504.0
2014-03-11,4.62,4.72,4.58,4.68,43351500,259965408.0
2014-03-12,4.68,4.86,4.65,4.78,62536504,384691840.0
2014-03-13,4.77,4.89,4.72,4.75,43294576,268244848.0
2014-03-14,4.74,4.77,4.64,4.71,31114248,188464768.0
2014-03-17,4.72,4.75,4.68,4.75,24864646,151512064.0
2014-03-18,4.75,4.79,4.68,4.73,22080244,134576816.0
2014-03-19,4.72,4.72,4.58,4.6,32114456,192043360.0
2014-03-20,4.58,4.74,4.58,4.6,29603332,178362512.0
2014-03-21,4.58,4.9,4.56,4.87,56321632,347986112.0
2014-03-24,4.88,5.03,4.88,4.99,59145660,378496320.0
2014-03-25,4.98,5.03,4.81,4.88,39545136,250177664.0
2014-03-26,4.89,4.98,4.83,4.97,32353668,204364928.0
2014-03-27,4.95,5.0,4.86,4.92,31232634,198516416.0
2014-03-28,4.91,4.95,4.86,4.89,19903886,125589000.0
2014-03-31,4.89,4.92,4.82,4.82,17903380,112159416.0
2014-04-01,4.83,4.86,4.79,4.81,24474720,151750064.0
2014-04-02,4.82,4.89,4.81,4.89,23037164,144089232.0
2014-04-03,4.91,4.91,4.74,4.75,32892832,204001536.0
2014-04-04,4.72,4.79,4.7,4.75,16924120,103738952.0
2014-04-08,4.76,4.99,4.75,4.98,63105264,400004096.0
2014-04-09,4.99,5.01,4.91,4.94,47028620,300111296.0
2014-04-10,4.96,5.05,4.89,5.0,62250800,398765920.0
2014-04-11,4.98,4.99,4.88,4.92,44849388,284947136.0
2014-04-14,4.93,4.95,4.87,4.91,27172016,171758656.0
2014-04-15,4.91,4.96,4.88,4.96,38367984,243614768.0
2014-04-16,4.93,4.93,4.82,4.86,43196568,270900352.0
2014-04-17,4.87,4.89,4.81,4.82,24854844,154910464.0
2014-04-18,4.81,4.83,4.77,4.8,23171866,143372480.0
2014-04-21,4.77,4.85,4.73,4.78,30343972,187221392.0
2014-04-22,4.76,4.79,4.66,4.73,24488720,148886496.0
2014-04-23,4.73,4.74,4.64,4.67,23054248,139014000.0
2014-04-24,4.68,4.72,4.65,4.68,17330896,104769920.0
2014-04-25,4.66,4.69,4.55,4.55,21915400,130593928.0
2014-04-28,4.51,4.55,4.37,4.37,28678452,163671200.0
2014-04-29,4.37,4.44,4.36,4.44,15983874,90870352.0
2014-04-30,4.44,4.6,4.41,4.56,26129906,151849920.0
2014-05-05,4.53,4.58,4.46,4.54,22377824,130553448.0
2014-05-06,4.54,4.57,4.51,4.51,14569005,85227952.0
2014-05-07,4.5,4.54,4.44,4.48,19138636,110413456.0
2014-05-08,4.46,4.59,4.44,4.51,19722568,114948760.0
2014-05-09,4.54,4.55,4.45,4.48,21078904,122138888.0
2014-05-12,4.52,4.66,4.5,4.63,39975324,236432384.0
2014-05-13,4.63,4.66,4.58,4.63,31017834,185080944.0
2014-05-14,4.63,4.65,4.6,4.6,16375561,97589056.0
2014-05-15,4.62,4.62,4.46,4.47,24886224,144999168.0
2014-05-16,4.46,4.49,4.44,4.48,14024754,80670424.0
2014-05-19,4.45,4.47,4.27,4.32,38852652,218498608.0
2014-05-20,4.34,4.37,4.3,4.31,13816730,77176520.0
2014-05-21,4.33,4.37,4.27,4.36,17981336,100403696.0
2014-05-22,4.37,4.41,4.32,4.33,16400270,92383848.0
2014-05-23,4.33,4.37,4.31,4.36,13437075,75177280.0
2014-05-26,4.4,4.44,4.36,4.41,24130958,136989232.0
2014-05-27,4.41,4.43,4.34,4.37,20535062,116127296.0
2014-05-28,4.38,4.4,4.33,4.4,24361604,137018624.0
2014-05-29,4.39,4.4,4.32,4.34,19052824,107249064.0
2014-05-30,4.34,4.37,4.31,4.34,13057217,73097808.0
2014-06-03,4.36,4.37,4.33,4.34,10612048,59468544.0
2014-06-04,4.34,4.34,4.24,4.27,20866098,114930032.0
2014-06-05,4.27,4.3,4.25,4.3,11788237,64990044.0
2014-06-06,4.32,4.32,4.24,4.25,11991740,65892468.0
2014-06-09,4.24,4.29,4.24,4.24,12365659,67860120.0
2014-06-10,4.25,4.28,4.23,4.27,16680732,91624392.0
2014-06-11,4.27,4.27,4.24,4.25,19385392,106381696.0
2014-06-12,4.24,4.25,4.21,4.22,18597386,101382360.0
2014-06-13,4.22,4.29,4.21,4.27,17963948,98587904.0
2014-06-16,4.26,4.29,4.24,4.27,26531854,145762816.0
2014-06-17,4.26,4.26,4.23,4.24,16101386,88006728.0
2014-06-18,4.24,4.24,4.14,4.15,27832048,149981296.0
2014-06-19,4.13,4.16,3.98,4.0,30929424,161987440.0
2014-06-20,4.0,4.04,3.99,4.01,14543724,75279424.0
2014-06-23,4.03,4.04,3.98,3.99,16841224,87096384.0
2014-06-24,3.99,4.01,3.96,3.99,15578006,80015680.0
2014-06-25,3.99,3.99,3.95,3.97,13602443,69594656.0
2014-06-26,3.98,4.03,3.98,3.99,18557628,95767088.0
2014-06-27,4.0,4.04,3.97,4.02,20760574,106940096.0
2014-06-30,4.02,4.05,4.0,4.04,19001644,98808304.0
2014-07-01,4.05,4.07,4.03,4.06,16953784,88526344.0
2014-07-02,4.1,4.1,4.03,4.07,16355850,85692280.0
2014-07-03,4.1,4.13,4.06,4.12,27922428,147519792.0
2014-07-04,4.11,4.11,4.06,4.09,16177564,85224712.0
2014-07-07,4.09,4.1,4.03,4.05,16271964,85198880.0
2014-07-08,4.04,4.08,4.02,4.07,17876142,93192744.0
2014-07-09,4.07,4.08,4.01,4.02,18398864,95807760.0
2014-07-10,4.01,4.06,4.01,4.02,16121371,83667328.0
2014-07-11,4.03,4.06,3.99,4.04,26248420,136583600.0
2014-07-14,4.04,4.21,4.03,4.18,56458480,300911264.0
2014-07-15,4.17,4.2,4.14,4.18,34582268,185974128.0
2014-07-16,4.18,4.25,4.18,4.24,40501704,220545584.0
2014-07-17,4.24,4.24,4.17,4.2,20169008,107212720.0
2014-07-18,4.17,4.25,4.16,4.2,20215336,107640024.0
2014-07-21,4.2,4.24,4.19,4.22,16771491,89391608.0
2014-07-22,4.2,4.27,4.2,4.26,32078630,172052448.0
2014-07-23,4.26,4.47,4.25,4.4,79327216,438842656.0
2014-07-24,4.43,4.58,4.39,4.52,100574608,573619968.0
2014-07-25,4.49,4.57,4.45,4.54,52016500,296818752.0
2014-07-28,4.56,4.64,4.53,4.58,69079056,401108864.0
2014-07-29,4.58,4.6,4.53,4.57,45559384,262727024.0
2014-07-30,4.56,4.56,4.48,4.5,43142252,246415520.0
2014-07-31,4.5,4.69,4.48,4.68,67370536,392763680.0
2014-08-01,4.65,4.72,4.6,4.61,63219296,373165312.0
2014-08-04,4.61,4.69,4.6,4.68,36133148,212448224.0
2014-08-05,4.68,4.73,4.65,4.7,41981104,249361680.0
2014-08-06,4.7,4.7,4.61,4.65,37212456,218675840.0
2014-08-07,4.65,4.67,4.54,4.55,42338064,246252992.0
2014-08-08,4.54,4.64,4.54,4.61,28616408,166135680.0
2014-08-11,4.65,4.67,4.61,4.65,29411200,172891504.0
2014-08-12,4.65,4.65,4.6,4.62,23594898,137934896.0
2014-08-13,4.62,4.72,4.6,4.69,54074816,319250432.0
2014-08-14,4.68,4.7,4.61,4.62,29516990,174272144.0
2014-08-15,4.61,4.67,4.6,4.65,27425346,160822192.0
2014-08-18,4.65,4.68,4.61,4.67,32828740,193431408.0
2014-08-19,4.67,4.69,4.62,4.66,31088756,182802192.0
2014-08-20,4.66,4.81,4.64,4.78,61791336,371820768.0
2014-08-21,4.76,4.77,4.65,4.7,42809016,254637152.0
2014-08-22,4.72,4.78,4.69,4.73,34472860,206228208.0
2014-08-25,4.76,4.77,4.62,4.63,36143868,213691024.0
2014-08-26,4.62,4.64,4.46,4.5,42394132,243914592.0
2014-08-27,4.5,4.53,4.5,4.52,16908696,96590432.0
2014-08-28,4.52,4.54,4.45,4.46,19628372,111582432.0
2014-08-29,4.49,4.53,4.44,4.52,15942774,90358288.0
2014-09-01,4.53,4.56,4.49,4.55,26193124,150180208.0
2014-09-02,4.56,4.64,4.54,4.63,37785652,219164512.0
2014-09-03,4.63,4.69,4.63,4.65,38831216,229091088.0
2014-09-04,4.67,4.72,4.65,4.71,46052260,272923552.0
2014-09-05,4.71,4.8,4.69,4.79,65190760,391571968.0
2014-09-09,4.77,4.81,4.75,4.75,48789852,294500352.0
2014-09-10,4.74,4.76,4.69,4.76,40520828,242669488.0
2014-09-11,4.76,4.99,4.73,4.88,98941608,610552192.0
2014-09-12,4.88,4.99,4.84,4.95,78391624,489333632.0
2014-09-15,4.93,4.99,4.89,4.92,55719412,347138688.0
2014-09-16,4.92,5.05,4.78,4.81,118832648,737989888.0
2014-09-17,4.83,4.88,4.74,4.83,58843792,358415584.0
2014-09-18,4.82,4.84,4.77,4.8,39686540,241513632.0
2014-09-19,4.8,4.86,4.77,4.84,45805624,279385504.0
2014-09-22,4.8,4.8,4.71,4.73,38403640,231149280.0
2014-09-23,4.73,4.77,4.72,4.75,29070290,174498304.0
2014-09-24,4.74,4.89,4.72,4.88,71560512,438862912.0
2014-09-25,4.88,4.99,4.83,4.85,73039912,453674528.0
2014-09-26,4.83,5.14,4.82,5.1,160414832,1023251520.0
2014-09-29,5.12,5.12,5.03,5.08,82956608,531677760.0
2014-09-30,5.06,5.18,5.05,5.15,85641208,554145600.0
2014-10-08,5.14,5.22,5.1,5.17,70430704,459920288.0
2014-10-09,5.14,5.23,5.08,5.18,78878936,514283264.0
2014-10-10,5.14,5.16,5.04,5.06,61446248,396552288.0
2014-10-13,5.03,5.05,4.95,5.03,51570040,325592928.0
2014-10-14,5.04,5.15,4.99,5.06,67314624,431203968.0
2014-10-15,5.04,5.08,4.95,5.05,53828488,341726912.0
2014-10-16,5.01,5.2,4.99,5.06,87778776,567856384.0
2014-10-17,5.06,5.14,4.96,5.02,53521520,340497632.0
2014-10-20,5.03,5.07,4.98,5.03,34588424,219823344.0
2014-10-21,5.03,5.04,4.91,4.92,43036024,271023328.0
2014-10-22,4.95,4.95,4.8,4.81,44907880,277069216.0
2014-10-23,4.8,4.85,4.78,4.81,31372604,191011408.0
2014-10-24,4.81,4.83,4.66,4.69,44203968,265581408.0
2014-10-27,4.66,4.69,4.63,4.65,26922772,158622144.0
2014-10-28,4.67,4.8,4.67,4.8,36964628,222049792.0
2014-10-29,4.82,4.9,4.79,4.86,52675376,322943808.0
2014-10-30,4.85,5.35,4.82,5.25,241526224,1560659200.0
2014-10-31,5.19,5.25,5.15,5.21,127860432,839268096.0
2014-11-03,5.21,5.33,5.16,5.21,115748312,766255296.0
2014-11-04,5.2,5.57,5.2,5.44,234065504,1609277568.0
2014-11-05,5.47,5.47,5.29,5.32,111097568,751367744.0
2014-11-06,5.33,5.33,5.18,5.29,91228224,606097152.0
2014-11-07,5.29,5.34,5.15,5.18,95293416,633325056.0
2014-11-10,5.21,5.43,5.18,5.41,143124592,966768960.0
2014-11-11,5.43,5.44,5.14,5.21,125808688,841904192.0
2014-11-12,5.18,5.48,5.15,5.47,112000032,755266880.0
2014-11-13,5.48,5.65,5.38,5.47,147601648,1031172608.0
2014-11-14,5.44,5.45,5.31,5.38,71522080,485438688.0
2014-11-17,5.44,5.49,5.24,5.28,60904544,409386816.0
2014-11-18,5.27,5.33,5.22,5.28,42230244,281977888.0
2014-11-19,5.25,5.28,5.2,5.22,44365388,293846496.0
2014-11-20,5.2,5.25,5.18,5.21,35137028,231362096.0
2014-11-21,5.25,5.39,5.22,5.33,76820192,515480864.0
2014-11-24,5.41,5.53,5.33,5.44,116495456,803975936.0
2014-11-25,5.42,5.65,5.4,5.6,109457656,770495616.0
2014-11-26,5.61,5.62,5.43,5.53,106067736,739826496.0
2014-11-27,5.51,5.59,5.44,5.56,95941704,667358272.0
2014-11-28,5.55,5.63,5.44,5.62,136274368,953957504.0
2014-12-01,5.63,5.78,5.52,5.52,140274416,1000603520.0
2014-12-02,5.49,5.71,5.46,5.64,137576576,972157696.0
2014-12-03,5.64,5.88,5.63,5.74,175418336,1274412160.0
2014-12-04,5.72,6.04,5.7,5.97,188675728,1405970048.0
2014-12-05,6.06,6.12,5.63,5.75,187705440,1394826496.0
2014-12-08,5.73,6.21,5.62,6.16,216952128,1642460672.0
2014-12-09,6.19,6.56,5.81,5.92,293342688,2335112192.0
2014-12-10,5.89,6.31,5.89,6.27,148260032,1145949824.0
2014-12-11,6.32,6.59,6.24,6.39,185995520,1511945344.0
2014-12-12,6.44,6.52,6.27,6.4,115497992,929491200.0
2014-12-15,6.38,7.03,6.26,6.91,225925824,1903577856.0
2014-12-16,6.8,7.07,6.65,6.87,195688000,1692429696.0
2014-12-17,6.81,7.17,6.64,6.94,180784800,1581609216.0
2014-12-18,6.87,7.28,6.72,7.26,238664928,2132742528.0
2014-12-19,7.51,7.99,7.28,7.99,340235968,3306415616.0
2014-12-22,8.3,8.65,7.37,7.5,385660576,3927525376.0
2014-12-23,7.28,7.59,6.75,7.01,199381200,1795235712.0
2014-12-24,6.96,7.19,6.83,7.13,134983744,1202214272.0
2014-12-25,7.19,7.74,7.04,7.7,205026080,1925837952.0
2014-12-26,7.55,7.89,7.36,7.59,258312736,2484566016.0
2014-12-29,7.51,8.06,7.43,7.8,231103632,2268304128.0
2014-12-30,7.73,7.94,7.47,7.55,146206864,1416536448.0
2014-12-31,7.57,7.62,7.26,7.47,148953344,1401683584.0
2015-01-05,7.54,7.89,7.36,7.74,197137184,1913254912.0
2015-01-06,7.63,7.77,7.4,7.58,147222704,1414251136.0
2015-01-07,7.52,7.8,7.47,7.7,137869024,1335948672.0
2015-01-08,7.66,7.7,7.22,7.25,152544992,1426155264.0
2015-01-09,7.21,7.46,7.06,7.07,146427440,1342860928.0
2015-01-12,6.98,7.0,6.61,6.71,110019424,949047360.0
2015-01-13,6.71,6.83,6.66,6.74,57381508,489569568.0
2015-01-14,6.76,6.82,6.69,6.75,54078388,462651584.0
2015-01-15,6.76,6.97,6.72,6.96,72977744,634386240.0
2015-01-16,6.99,7.07,6.94,6.97,77785296,688398592.0
2015-01-19,6.53,6.68,6.27,6.27,116226904,949521408.0
2015-01-20,6.33,6.49,6.25,6.42,83969448,678980096.0
2015-01-21,6.44,6.69,6.38,6.67,95155320,789221760.0
2015-01-22,6.64,6.82,6.61,6.75,90872368,770150272.0
2015-01-23,6.77,6.82,6.58,6.65,89443920,760692032.0
2015-01-26,6.65,6.81,6.6,6.79,67554368,574139264.0
2015-01-27,6.8,6.83,6.62,6.79,101527688,866287296.0
2015-01-28,6.72,6.74,6.6,6.63,70485656,594666944.0
2015-01-29,6.53,6.64,6.49,6.54,45283688,376436800.0
2015-01-30,6.6,6.65,6.42,6.42,49181448,404802784.0
2015-02-02,6.32,6.35,6.16,6.18,58117568,460458464.0
2015-02-03,6.23,6.33,6.13,6.31,82399536,651273024.0
2015-02-04,6.31,6.38,6.27,6.28,62679092,502249792.0
2015-02-05,6.39,6.42,6.08,6.08,63048448,498631264.0
2015-02-06,6.08,6.08,5.89,5.93,62329216,472854272.0
2015-02-09,5.91,6.05,5.87,5.98,40946488,310069696.0
2015-02-10,5.98,6.23,5.96,6.2,64263080,494907968.0
2015-02-11,6.3,6.3,6.16,6.25,46552364,366544992.0
2015-02-12,6.23,6.3,6.21,6.27,31963052,253340640.0
2015-02-13,6.29,6.42,6.27,6.33,49821500,400125536.0
2015-02-16,6.32,6.38,6.3,6.33,44476328,356018720.0
2015-02-17,6.33,6.48,6.33,6.44,55151512,447887616.0
2015-02-25,6.46,6.49,6.35,6.38,47779632,389137856.0
2015-02-26,6.38,6.76,6.3,6.73,150317024,1257107072.0
2015-02-27,6.68,6.73,6.61,6.66,88824440,748996992.0
2015-03-02,6.72,6.76,6.65,6.74,82760528,702688960.0
2015-03-03,6.72,6.72,6.53,6.55,92040224,770544128.0
2015-03-04,6.57,6.61,6.48,6.6,60664324,502884032.0
2015-03-05,6.57,6.57,6.4,6.46,61370560,502378848.0
2015-03-06,6.46,6.54,6.43,6.49,46767064,384323040.0
2015-03-09,6.44,6.57,6.37,6.57,58061384,474846624.0
2015-03-10,6.53,6.6,6.49,6.55,48438824,402061760.0
2015-03-11,6.59,6.69,6.57,6.61,63843864,535782720.0
2015-03-12,6.64,6.73,6.58,6.71,85663024,723500160.0
2015-03-13,6.72,6.87,6.68,6.77,106793088,915169920.0
2015-03-16,6.83,6.98,6.76,6.98,119829344,1045621504.0
2015-03-17,7.0,7.21,7.0,7.1,151532704,1358755584.0
2015-03-18,7.1,7.18,7.04,7.17,118780248,1068822144.0
2015-03-19,7.16,7.51,7.08,7.34,188292912,1751193984.0
2015-03-20,7.32,7.37,7.23,7.31,116514248,1074655104.0
2015-03-23,7.35,7.45,7.32,7.39,127868000,1195951232.0
2015-03-24,7.4,7.4,7.06,7.3,159686208,1462705152.0
2015-03-25,7.27,7.3,7.12,7.2,106773816,972117568.0
2015-03-26,7.21,7.92,7.11,7.59,230305040,2206274048.0
2015-03-27,7.55,7.72,7.44,7.59,158306528,1522594432.0
2015-03-30,7.7,8.13,7.63,8.04,231109616,2330031872.0
2015-03-31,8.09,8.16,7.66,7.71,202805872,2020084480.0
2015-04-01,7.59,7.87,7.56,7.81,146792576,1438842496.0
2015-04-02,7.81,7.86,7.62,7.74,122483024,1196696320.0
2015-04-03,7.7,7.86,7.64,7.77,109315104,1074468224.0
2015-04-07,7.82,8.03,7.79,7.95,151652288,1521736960.0
2015-04-08,7.96,8.28,7.89,8.27,234538400,2401844480.0
2015-04-09,8.18,8.25,7.8,7.96,149024960,1507793664.0
2015-04-10,7.96,8.17,7.91,8.04,124004856,1260829440.0
2015-04-13,8.1,8.41,8.06,8.3,163244592,1706950016.0
2015-04-14,8.26,8.53,8.19,8.35,155780896,1648819968.0
2015-04-15,8.34,9.19,8.22,8.74,302289632,3341626368.0
2015-04-16,8.53,9.1,8.38,8.94,211363024,2355338496.0
2015-04-17,8.77,9.55,8.77,9.27,351248128,4097452288.0
2015-04-20,9.23,9.99,9.01,9.41,378502464,4532758016.0
2015-04-21,9.28,9.46,8.75,9.12,251037616,2867399424.0
2015-04-22,9.13,9.78,9.0,9.49,282136864,3392534016.0
2015-04-23,9.49,10.43,9.4,10.37,368981632,4584962048.0
2015-04-24,10.03,10.22,9.72,9.97,265951840,3366826240.0
2015-04-27,10.07,10.51,9.81,10.31,296104992,3806467584.0
2015-04-28,10.23,10.74,10.03,10.66,353717728,4678152704.0
2015-04-29,10.57,10.57,9.88,10.15,224620752,2895561728.0
2015-04-30,10.08,10.95,10.0,10.41,271975904,3647205632.0
2015-05-04,10.47,11.22,10.29,10.86,275670624,3779678208.0
2015-05-05,10.98,10.99,9.78,9.78,277569440,3597165824.0
2015-05-06,9.81,9.96,8.99,9.17,209242560,2518080768.0
2015-05-07,9.1,9.1,8.38,8.47,162861600,1808066816.0
2015-05-08,8.54,8.78,8.38,8.76,152724640,1662312576.0
2015-05-11,8.83,9.05,8.64,9.04,169085952,1893804288.0
2015-05-12,9.0,9.29,8.94,9.17,157742064,1818834048.0
2015-05-13,9.12,9.15,8.69,8.8,156251088,1765526528.0
2015-05-14,8.75,8.91,8.56,8.9,126317496,1393830016.0
2015-05-15,8.84,8.84,8.61,8.65,94738960,1044913152.0
2015-05-18,8.52,8.61,8.37,8.41,95113664,1020165888.0
2015-05-19,8.41,8.81,8.41,8.8,120202368,1321098368.0
2015-05-20,8.89,9.05,8.78,8.81,138085376,1551394560.0
2015-05-21,8.77,8.96,8.72,8.94,115731872,1295036800.0
2015-05-22,9.02,9.41,8.95,9.3,177799888,2072116736.0
2015-05-25,9.3,9.82,9.17,9.72,207681488,2513992704.0
2015-05-26,9.8,9.87,9.54,9.77,182195616,2233297664.0
2015-05-27,9.73,9.74,9.49,9.62,166886080,2026317568.0
2015-05-28,9.58,10.39,9.14,9.22,262236208,3273439744.0
2015-05-29,9.2,9.39,8.59,8.92,156239440,1769865856.0
2015-06-01,8.92,9.8,8.79,9.73,187787424,2246528000.0
2015-06-02,9.72,10.11,9.58,9.95,181454864,2257033728.0
2015-06-03,9.91,10.11,9.56,9.77,161966576,2015367808.0
2015-06-04,9.86,10.03,8.79,9.84,139661184,1702139648.0
2015-06-05,9.99,10.39,9.8,10.36,266455984,3424088320.0
2015-06-08,10.39,10.59,10.1,10.46,259229232,3406066176.0
2015-06-09,10.49,10.49,9.95,10.17,191750224,2472865536.0
2015-06-10,10.03,10.41,9.85,10.18,148279456,1892838272.0
2015-06-11,10.15,10.18,9.89,10.06,114972008,1457203584.0
2015-06-12,9.98,10.15,9.84,10.01,138241104,1749902848.0
2015-06-15,10.02,10.07,9.62,9.69,119140944,1489300736.0
2015-06-16,9.58,9.58,8.98,9.02,128472744,1508893824.0
2015-06-17,9.03,9.39,8.87,9.35,95527968,1102693632.0
2015-06-18,9.32,9.46,8.9,8.92,85264392,996066688.0
2015-06-19,8.77,8.99,8.06,8.11,102614768,1114586368.0
2015-06-23,8.18,8.49,7.74,8.48,93563944,971810112.0
2015-06-24,8.49,8.75,8.38,8.73,108318928,1176492544.0
2015-06-25,8.77,8.86,8.3,8.35,90623720,990733184.0
2015-06-26,8.12,8.3,7.51,7.51,115531400,1152756480.0
2015-06-29,7.74,7.78,6.76,7.12,117634416,1090096640.0
2015-06-30,7.11,7.74,6.57,7.73,124955312,1147608448.0
2015-07-01,7.51,7.89,7.05,7.13,95800248,923628672.0
2015-07-02,7.18,7.32,6.55,6.73,98793040,875536256.0
2015-07-03,6.67,6.87,6.06,6.06,123833096,999767232.0
2015-07-06,6.67,6.67,5.82,6.3,141394896,1119007232.0
2015-07-07,6.09,6.44,5.75,6.34,180152912,1408756224.0
2015-07-08,5.7,5.84,5.7,5.7,106728520,773735488.0
2015-07-09,5.7,6.27,5.29,6.27,159736128,1204562944.0
2015-07-10,6.32,6.9,6.24,6.9,160720288,1380565504.0
2015-07-13,7.0,7.5,6.84,7.43,198096768,1805462784.0
2015-07-14,7.11,7.28,6.72,6.83,197375936,1751837568.0
2015-07-15,6.6,6.7,6.16,6.23,122712320,989038912.0
2015-07-16,6.23,6.61,5.89,6.49,92846144,754299840.0
2015-07-17,6.58,6.92,6.48,6.79,85630448,716001664.0
2015-07-20,6.74,7.18,6.63,7.07,140866832,1210783488.0
2015-07-21,6.88,7.11,6.79,6.95,106709288,928841216.0
2015-07-22,6.95,7.14,6.69,7.05,123137832,1067461632.0
2015-07-23,7.08,7.37,7.02,7.26,149730272,1345076224.0
2015-07-24,7.12,7.47,6.96,7.04,163540624,1479184768.0
2015-07-27,6.76,6.92,6.34,6.34,108895632,905839872.0
2015-07-28,5.92,6.27,5.71,6.04,124956936,930697536.0
2015-07-29,6.15,6.39,6.01,6.38,70212512,541101824.0
2015-07-30,6.38,6.47,6.07,6.08,65768300,518902464.0
2015-07-31,5.97,6.18,5.97,6.14,59851564,454341856.0
2015-08-03,6.04,6.47,6.01,6.47,83269712,647363136.0
2015-08-04,6.43,6.67,6.32,6.63,61405052,500155968.0
2015-08-05,6.59,6.76,6.42,6.44,56990632,468796576.0
2015-08-06,6.24,6.49,6.23,6.35,29957864,238494240.0
2015-08-07,6.38,6.57,6.38,6.5,42925640,347877504.0
2015-08-10,6.63,7.1,6.57,7.02,126279920,1093852928.0
2015-08-11,7.03,7.2,6.95,7.08,123758368,1098167296.0
2015-08-12,7.11,7.4,7.0,7.01,107154680,969189184.0
2015-08-13,6.95,7.24,6.81,7.19,85965656,758590976.0
2015-08-14,7.2,7.28,7.0,7.07,81654720,729371392.0
2015-08-17,7.0,7.18,6.87,7.13,85140088,746308480.0
2015-08-18,7.16,7.19,6.42,6.42,94319896,802407680.0
2015-08-19,6.17,6.73,6.05,6.59,76622896,612697472.0
2015-08-20,6.49,6.65,6.29,6.32,50409012,410429920.0
2015-08-21,6.29,6.36,5.92,5.95,60618128,464302816.0
2015-08-24,5.75,5.81,5.35,5.35,102903000,694522688.0
2015-08-25,5.0,5.27,4.82,4.82,104215680,638204544.0
2015-08-26,4.94,5.15,4.66,4.84,69376208,426842944.0
2015-08-27,4.95,5.19,4.89,5.17,58838512,369565632.0
2015-08-28,5.18,5.53,5.18,5.48,84759976,567523200.0
2015-08-31,5.46,5.62,5.22,5.6,78440936,528588512.0
2015-09-01,5.45,5.75,5.22,5.71,104150864,719446464.0
2015-09-02,5.44,5.99,5.35,5.79,99994808,717342208.0
2015-09-07,5.72,5.92,5.32,5.35,84006696,588224384.0
2015-09-08,5.28,5.55,5.13,5.52,39004044,260591328.0
2015-09-09,5.55,5.72,5.49,5.66,46783520,328410592.0
2015-09-10,5.55,5.61,5.48,5.51,26988932,187166736.0
2015-09-11,5.51,5.57,5.39,5.47,19526496,133624240.0
2015-09-14,5.55,5.72,5.11,5.47,60101860,412593632.0
2015-09-15,5.26,5.32,4.92,4.98,35692588,229992304.0
2015-09-16,5.01,5.47,4.95,5.37,35404716,227992032.0
2015-09-17,5.28,5.51,5.21,5.23,38292360,256281296.0
2015-09-18,5.26,5.31,5.15,5.25,20546944,134207880.0
2015-09-21,5.18,5.35,5.16,5.35,24198222,159454560.0
2015-09-22,5.35,5.47,5.32,5.42,28358608,191588800.0
2015-09-23,5.33,5.36,5.2,5.21,21254612,140131472.0
2015-09-24,5.24,5.29,5.19,5.28,19287328,126159200.0
2015-09-25,5.24,5.29,5.06,5.08,19760924,127442784.0
2015-09-28,5.1,5.12,5.0,5.11,11221423,71072168.0
2015-09-29,5.03,5.05,4.91,4.97,15650950,97623192.0
2015-09-30,5.0,5.04,4.95,4.97,11620812,72497504.0
2015-10-08,5.27,5.27,5.13,5.15,25388244,164546672.0
2015-10-09,5.16,5.27,5.14,5.23,17790580,115802032.0
2015-10-12,5.26,5.51,5.26,5.49,43305392,293445440.0
2015-10-13,5.46,5.49,5.41,5.47,27155356,184909072.0
2015-10-14,5.46,5.57,5.43,5.46,29473888,202586304.0
2015-10-15,5.46,5.59,5.43,5.58,33495932,231595920.0
2015-10-16,5.59,5.64,5.49,5.63,52554904,366737856.0
2015-10-19,5.66,5.66,5.51,5.54,39246344,273483168.0
2015-10-20,5.54,5.72,5.49,5.69,44895780,313971872.0
2015-10-21,5.68,5.88,5.28,5.41,85063072,605152000.0
2015-10-22,5.35,5.54,5.34,5.52,36558588,249044848.0
2015-10-23,5.55,5.63,5.48,5.6,37031840,256708832.0
2015-10-26,5.65,5.77,5.6,5.73,55860636,395893696.0
2015-10-27,5.67,5.73,5.45,5.67,40424220,283603200.0
2015-10-28,5.64,5.72,5.54,5.55,25550434,180349936.0
2015-10-29,5.59,5.68,5.55,5.63,21345324,150076112.0
2015-10-30,5.57,5.68,5.51,5.58,21967576,153643952.0
2015-11-02,5.54,5.75,5.51,5.62,36161088,255936112.0
2015-11-03,5.63,5.67,5.55,5.59,20854262,145747488.0
2015-11-04,5.6,5.88,5.59,5.87,70234056,506050336.0
2015-11-05,5.83,6.37,5.83,6.09,138380800,1057448832.0
2015-11-06,6.05,6.15,6.0,6.11,86699376,657253376.0
2015-11-09,6.07,6.31,6.07,6.15,81996456,634025408.0
2015-11-10,6.08,6.17,6.06,6.11,45318096,346468448.0
2015-11-11,6.09,6.14,6.03,6.11,39029080,297068064.0
2015-11-12,6.16,6.18,6.03,6.07,42411472,323140736.0
2015-11-13,6.01,6.07,5.87,5.88,38074492,283514400.0
2015-11-16,5.79,5.96,5.78,5.95,28650328,210526432.0
2015-11-17,5.99,6.11,5.92,5.94,39719416,299307808.0
2015-11-18,5.94,5.99,5.87,5.91,26855476,198820224.0
2015-11-19,5.92,5.99,5.88,5.99,23663738,175615184.0
2015-11-20,5.99,6.04,5.93,5.99,31624372,236301968.0
2015-11-23,6.0,6.1,5.95,5.98,37467792,282280928.0
2015-11-24,5.96,5.98,5.83,5.91,25800386,189832256.0
2015-11-25,5.9,5.95,5.87,5.94,27428484,202550624.0
2015-11-26,5.97,6.07,5.94,5.97,37102324,278224416.0
2015-11-27,5.97,5.97,5.44,5.51,48119740,342703424.0
2015-11-30,5.51,5.55,5.27,5.43,29717896,201032704.0
2015-12-01,5.43,5.59,5.39,5.5,29091811,199115431.0
2015-12-02,5.49,5.73,5.46,5.7,40556056,284337984.0
2015-12-03,5.66,5.72,5.6,5.68,43441352,307935264.0
2015-12-04,5.64,5.68,5.52,5.55,35267136,247014960.0
2015-12-07,5.57,5.61,5.51,5.56,15759014,109545272.0
2015-12-08,5.54,5.64,5.47,5.49,23105640,160460288.0
2015-12-09,5.46,5.52,5.43,5.45,14506719,99158593.0
2015-12-10,5.43,5.5,5.35,5.39,18248484,123894992.0
2015-12-11,5.38,5.38,5.25,5.32,20674624,137164384.0
2015-12-14,5.28,5.51,5.27,5.5,25900774,174593088.0
2015-12-15,5.59,5.64,5.45,5.49,36071700,250522944.0
2015-12-16,5.51,5.57,5.48,5.5,19095836,131677488.0
2015-12-17,5.54,5.63,5.51,5.6,30412028,212101072.0
2015-12-18,5.59,5.63,5.52,5.56,24307612,169142304.0
2015-12-21,5.53,5.68,5.51,5.67,38280096,269537696.0
2015-12-22,5.67,5.71,5.6,5.67,31461978,222358188.0
2015-12-23,5.67,5.8,5.66,5.7,46788912,334440864.0
2015-12-24,5.7,5.71,5.57,5.63,25126128,176484720.0
2015-12-25,5.63,5.68,5.59,5.67,18817388,132523641.0
2015-12-28,5.68,5.69,5.49,5.5,35874465,250953464.0
2015-12-29,5.54,5.6,5.48,5.59,20439478,141610924.0
2015-12-30,5.59,5.63,5.55,5.6,18251961,127690766.0
2015-12-31,5.59,5.63,5.51,5.51,19689224,136877854.0
2016-01-04,5.53,5.53,5.0,5.08,21877701,145998886.0
2016-01-05,5.03,5.23,4.97,5.14,27942728,178225582.0
2016-01-06,5.14,5.31,5.11,5.3,28753515,188044383.0
2016-01-07,5.21,5.23,4.87,4.9,6735900,42764519.0
2016-01-08,5.04,5.17,4.86,5.05,27318176,171503066.0
2016-01-11,5.01,5.15,4.81,4.83,27498117,171386562.0
2016-01-12,4.83,4.94,4.8,4.89,17529850,106716346.0
2016-01-13,4.91,4.94,4.78,4.79,17749309,108028430.0
2016-01-14,4.7,4.9,4.64,4.87,24542914,146238326.0
2016-01-15,4.84,4.85,4.6,4.63,23102534,136176567.0
2016-01-18,4.56,4.71,4.49,4.63,14671988,84741853.0
2016-01-19,4.61,4.96,4.61,4.91,40573041,245928837.0
2016-01-20,4.87,4.91,4.74,4.79,31559372,190719408.0
2016-01-21,4.71,4.84,4.55,4.57,25822614,151516657.0
2016-01-22,4.64,4.75,4.57,4.67,16325371,95020634.0
2016-01-25,4.72,4.73,4.67,4.71,12917037,75902284.0
2016-01-26,4.64,4.67,4.3,4.35,22419836,126553428.0
2016-01-27,4.37,4.42,4.12,4.31,21169295,113870815.0
2016-01-28,4.27,4.38,4.2,4.21,15352730,82389605.0
2016-01-29,4.23,4.38,4.17,4.35,16646835,89866240.0
2016-02-01,4.35,4.35,4.21,4.27,13160671,70328147.0
2016-02-02,4.27,4.39,4.27,4.37,14135870,76858826.0
2016-02-03,4.32,4.59,4.28,4.52,29393520,163047302.0
2016-02-04,4.5,4.55,4.4,4.51,21644409,121643377.0
2016-02-05,4.5,4.51,4.43,4.43,14126802,78946731.0
2016-02-15,4.31,4.4,4.27,4.37,14084011,75964129.0
2016-02-16,4.38,4.53,4.38,4.51,19605748,109793732.0
2016-02-17,4.5,4.65,4.47,4.58,28844438,164631017.0
2016-02-18,4.59,4.63,4.55,4.56,24713370,141762350.0
2016-02-19,4.59,4.63,4.53,4.59,19822297,113696350.0
2016-02-22,4.62,4.71,4.59,4.68,30457986,177467509.0
2016-02-23,4.69,4.7,4.55,4.61,31045556,178793112.0
2016-02-24,4.58,4.67,4.55,4.67,24571534,141759158.0
2016-02-25,4.64,4.67,4.26,4.31,31471645,176151218.0
2016-02-26,4.34,4.42,4.27,4.37,20622863,111946307.0
2016-02-29,4.35,4.36,4.13,4.2,27210148,142384782.0
2016-03-01,4.22,4.31,4.18,4.27,16953962,89858060.0
2016-03-02,4.28,4.49,4.27,4.48,32104094,176358648.0
2016-03-03,4.47,4.55,4.45,4.51,32224352,181393617.0
2016-03-04,4.48,4.62,4.47,4.6,47967944,273347427.0
2016-03-07,4.66,4.69,4.58,4.62,29299030,169757564.0
2016-03-08,4.5,4.62,4.47,4.6,24740399,139874785.0
2016-03-09,4.52,4.56,4.45,4.55,19304040,108669551.0
2016-03-10,4.55,4.56,4.39,4.42,12059703,67501788.0
2016-03-11,4.35,4.45,4.35,4.43,9832979,54083207.0
2016-03-14,4.46,4.58,4.45,4.53,16036889,90866407.0
2016-03-15,4.53,4.64,4.48,4.63,27590010,157804747.0
2016-03-16,4.63,4.66,4.59,4.61,26823246,155219777.0
2016-03-17,4.61,4.67,4.57,4.64,22317664,129264496.0
2016-03-18,4.66,4.74,4.64,4.67,51859960,303466249.0
2016-03-21,4.71,4.86,4.68,4.77,49523168,294565050.0
2016-03-22,4.75,4.78,4.7,4.72,26623221,157591107.0
2016-03-23,4.71,4.74,4.67,4.73,19963807,117439008.0
2016-03-24,4.69,4.71,4.63,4.64,19264975,112452002.0
2016-03-25,4.63,4.69,4.63,4.67,12296057,71510726.0
2016-03-28,4.67,4.73,4.62,4.63,17311941,101183510.0
2016-03-29,4.63,4.64,4.52,4.56,14247898,81847507.0
2016-03-30,4.6,4.71,4.57,4.7,22894906,133236493.0
2016-03-31,4.71,4.75,4.67,4.71,21532673,126762341.0
2016-04-01,4.7,4.76,4.62,4.75,32661677,191684528.0
2016-04-05,4.75,4.87,4.71,4.81,46255721,277579850.0
2016-04-06,4.78,4.85,4.77,4.79,21984858,131846944.0
2016-04-07,4.8,4.82,4.71,4.71,24728133,146773201.0
2016-04-08,4.68,4.71,4.63,4.68,16570257,96578091.0
2016-04-11,4.71,4.78,4.69,4.76,21493166,127563421.0
2016-04-12,4.75,4.75,4.68,4.73,16154159,95195892.0
2016-04-13,4.75,4.86,4.74,4.78,42194608,253593700.0
2016-04-14,4.83,4.86,4.78,4.83,25762582,155098329.0
2016-04-15,4.82,4.84,4.77,4.8,16530739,99132111.0
2016-04-18,4.78,4.78,4.7,4.71,20686005,122125921.0
2016-04-19,4.73,4.76,4.71,4.75,12493442,73889250.0
2016-04-25,4.59,4.59,4.43,4.51,26199874,147804476.0
2016-04-26,4.51,4.53,4.47,4.51,11352451,63776708.0
2016-04-27,4.51,4.53,4.48,4.48,11609978,65295613.0
2016-04-28,4.48,4.5,4.39,4.43,12975455,72047774.0
2016-04-29,4.43,4.46,4.41,4.44,9268726,51419192.0
2016-05-03,4.45,4.55,4.43,4.54,15222447,85840045.0
2016-05-04,4.51,4.63,4.51,4.58,15795805,90145619.0
2016-05-05,4.58,4.6,4.5,4.55,15546920,88337077.0
2016-05-06,4.53,4.55,4.41,4.42,16230783,90771328.0
2016-05-09,4.39,4.4,4.29,4.31,15284713,82832370.0
2016-05-10,4.31,4.39,4.3,4.33,9830590,53225543.0
2016-05-11,4.35,4.39,4.31,4.35,10843897,58882800.0
2016-05-12,4.32,4.33,4.25,4.31,10995261,58921848.0
2016-05-13,4.29,4.34,4.26,4.27,15910888,85299224.0
2016-05-16,4.25,4.31,4.23,4.3,10439113,55747062.0
2016-05-17,4.31,4.32,4.27,4.29,7888038,42363597.0
2016-05-18,4.28,4.28,4.19,4.24,13641449,72037167.0
2016-05-19,4.23,4.28,4.23,4.23,6358704,33810627.0
2016-05-20,4.23,4.29,4.2,4.28,7234287,38485240.0
2016-05-23,4.28,4.32,4.27,4.31,8652109,46513644.0
2016-05-24,4.31,4.31,4.24,4.29,8194157,43714022.0
2016-05-25,4.31,4.32,4.27,4.27,6278754,33695692.0
2016-05-26,4.28,4.31,4.22,4.26,9968065,52974432.0
2016-05-27,4.26,4.27,4.21,4.24,7322895,38790052.0
2016-05-30,4.23,4.25,4.17,4.24,6188868,32637968.0
2016-05-31,4.23,4.39,4.23,4.38,22069981,119596336.0
2016-06-01,4.37,4.4,4.35,4.38,14407046,78668265.0
2016-06-02,4.36,4.39,4.35,4.38,12077932,65960333.0
2016-06-03,4.39,4.46,4.36,4.43,17913326,98870777.0
2016-06-06,4.43,4.47,4.41,4.46,12315278,68184999.0
2016-06-07,4.46,4.47,4.43,4.45,10854199,60302447.0
2016-06-08,4.44,4.44,4.39,4.42,10671536,58868073.0
2016-06-13,4.37,4.41,4.23,4.24,14134772,76625656.0
2016-06-14,4.24,4.27,4.22,4.24,10636725,56317214.0
2016-06-15,4.21,4.32,4.19,4.31,11392350,60887644.0
2016-06-16,4.3,4.31,4.27,4.28,7825641,41952828.0
2016-06-17,4.27,4.33,4.27,4.32,11370372,61195035.0
2016-06-20,4.33,4.34,4.29,4.31,7173066,38563675.0
2016-06-21,4.35,4.41,4.33,4.34,17609628,96324256.0
2016-06-22,4.34,4.37,4.31,4.37,6432214,34919850.0
2016-06-23,4.36,4.37,4.33,4.35,5999893,32585355.0
2016-06-24,4.36,4.4,4.25,4.28,11454149,61741786.0
2016-06-27,4.27,4.38,4.27,4.37,9827016,53309023.0
2016-06-28,4.35,4.41,4.34,4.41,10423069,57022672.0
2016-06-29,4.4,4.53,4.39,4.46,18838135,105335594.0
2016-06-30,4.45,4.46,4.41,4.43,12070660,66787057.0
2016-07-01,4.43,4.46,4.4,4.4,10245522,56702313.0
2016-07-04,4.39,4.53,4.38,4.51,18588002,104159399.0
2016-07-05,4.52,4.66,4.5,4.56,30646842,175156261.0
2016-07-06,4.54,4.56,4.51,4.53,18312849,103602078.0
2016-07-07,4.55,4.56,4.52,4.55,13700102,77695638.0
2016-07-08,4.56,4.57,4.52,4.56,12076368,68504132.0
2016-07-11,4.56,4.59,4.54,4.55,13772095,78640000.0
2016-07-12,4.53,4.66,4.52,4.64,20720825,118703901.0
2016-07-13,4.64,4.71,4.63,4.65,23483076,136924400.0
2016-07-14,4.66,4.66,4.62,4.65,13778320,79780761.0
2016-07-15,4.66,4.67,4.62,4.63,11594604,66201248.0
2016-07-18,4.62,4.66,4.61,4.62,9884033,56347170.0
2016-07-19,4.62,4.64,4.58,4.62,7975837,45224128.0
2016-07-20,4.61,4.63,4.6,4.6,6455105,36662307.0
2016-07-21,4.6,4.66,4.6,4.63,8276465,47161464.0
2016-07-22,4.62,4.62,4.56,4.57,10244787,57869785.0
2016-07-25,4.57,4.6,4.57,4.58,8401390,47361195.0
2016-07-26,4.58,4.62,4.57,4.62,9890033,55939249.0
2016-07-27,4.61,4.66,4.44,4.57,26257135,147183529.0
2016-07-28,4.53,4.58,4.52,4.54,11460597,64070276.0
2016-07-29,4.54,4.65,4.52,4.6,25670047,145432742.0
2016-08-01,4.57,4.6,4.49,4.53,11086150,61770226.0
2016-08-02,4.53,4.54,4.47,4.52,10182075,56472370.0
2016-08-03,4.5,4.53,4.49,4.51,9451068,52401843.0
2016-08-04,4.5,4.53,4.49,4.52,6947419,38551627.0
2016-08-05,4.53,4.53,4.5,4.5,7317401,40669041.0
2016-08-08,4.51,4.63,4.49,4.62,18175394,102121306.0
2016-08-09,4.62,4.66,4.59,4.62,16476657,93789363.0
2016-08-10,4.62,4.65,4.61,4.62,11278453,64229378.0
2016-08-11,4.61,4.66,4.54,4.56,15602286,88508538.0
2016-08-12,4.56,4.69,4.53,4.68,23107123,131075015.0
2016-08-15,4.67,4.81,4.66,4.74,60569838,353782843.0
2016-08-16,4.75,4.83,4.72,4.76,36239201,212895072.0
2016-08-17,4.75,4.77,4.72,4.75,17758174,103706136.0
2016-08-18,4.75,4.82,4.74,4.75,21362699,125443194.0
2016-08-19,4.74,4.86,4.7,4.79,30283548,177555143.0
2016-08-22,4.78,4.79,4.67,4.67,21582891,125553238.0
2016-08-23,4.67,4.73,4.67,4.71,13384771,77474048.0
2016-08-24,4.7,4.72,4.64,4.66,20266289,116323387.0
2016-08-25,4.65,4.66,4.58,4.62,16636611,94439699.0
2016-08-26,4.62,4.66,4.61,4.62,13629078,77759239.0
2016-08-29,4.62,4.73,4.61,4.66,23321319,133966266.0
2016-08-30,4.66,4.67,4.6,4.62,18086380,103054787.0
2016-08-31,4.62,4.65,4.62,4.64,11444384,65221597.0
2016-09-01,4.64,4.66,4.6,4.61,13874281,78983949.0
2016-09-02,4.59,4.64,4.59,4.62,16142988,91776852.0
2016-09-05,4.65,4.67,4.62,4.63,10021533,57239627.0
2016-09-06,4.64,4.66,4.59,4.66,13152831,74921524.0
2016-09-07,4.66,4.73,4.65,4.68,24144677,139547454.0
2016-09-08,4.67,4.7,4.65,4.67,12117940,69614436.0
2016-09-09,4.68,4.7,4.63,4.63,14287385,82092112.0
2016-09-12,4.59,4.62,4.51,4.61,25449934,142971286.0
2016-09-13,4.59,4.6,4.56,4.59,7956424,44817813.0
2016-09-14,4.57,4.59,4.56,4.57,7634066,42967169.0
2016-09-19,4.57,4.59,4.57,4.58,10047904,56584018.0
2016-09-20,4.57,4.58,4.56,4.57,7553564,42495665.0
2016-09-21,4.57,4.6,4.54,4.58,11273947,63444144.0
2016-09-22,4.6,4.62,4.59,4.59,10053915,56949880.0
2016-09-23,4.6,4.62,4.57,4.58,6043310,34144299.0
2016-09-26,4.58,4.59,4.53,4.53,8140300,45758746.0
2016-09-27,4.52,4.55,4.49,4.54,8859877,49347738.0
2016-09-28,4.55,4.55,4.49,4.49,12261687,67972618.0
2016-09-29,4.51,4.53,4.49,4.5,7144863,39643296.0
2016-09-30,4.51,4.53,4.49,4.51,8268304,45917550.0
2016-10-10,4.53,4.57,4.53,4.57,10979867,61587351.0
2016-10-11,4.57,4.63,4.57,4.62,15910075,90156566.0
2016-10-12,4.6,4.62,4.59,4.61,8657457,49093326.0
2016-10-13,4.62,4.64,4.59,4.64,9413511,53585678.0
2016-10-14,4.63,4.94,4.61,4.81,73865117,437092578.0
2016-10-17,4.75,4.79,4.7,4.71,42434102,247475035.0
2016-10-18,4.7,4.86,4.68,4.8,43046539,253335267.0
2016-10-19,4.79,4.83,4.75,4.79,32001989,188703467.0
2016-10-20,4.78,4.79,4.74,4.75,17025059,99630808.0
2016-10-21,4.75,5.14,4.73,4.96,101176760,616498051.0
2016-10-24,4.94,5.11,4.93,5.02,82183668,510564280.0
2016-10-25,5.01,5.05,4.92,4.98,44065586,269286484.0
2016-10-26,4.96,5.05,4.95,5.0,38939252,239591625.0
2016-10-27,5.0,5.01,4.92,4.97,24030168,146509502.0
2016-10-28,4.96,4.98,4.83,4.83,37369798,225657788.0
2016-10-31,4.84,4.88,4.79,4.85,17032475,101234617.0
2016-11-01,4.85,4.88,4.83,4.87,18434657,110199694.0
2016-11-02,4.85,4.86,4.76,4.79,27689544,163661082.0
2016-11-03,4.78,5.0,4.76,4.93,55284238,334212301.0
2016-11-04,4.93,5.0,4.9,4.92,39853687,242632829.0
2016-11-07,4.9,4.96,4.89,4.94,27218742,165031883.0
2016-11-08,4.96,5.06,4.93,4.99,44907049,276049561.0
2016-11-09,4.99,5.0,4.83,4.92,34803035,211183937.0
2016-11-10,4.94,5.1,4.94,5.05,56101159,348304355.0
2016-11-11,5.05,5.19,5.01,5.15,56404757,356578216.0
2016-11-14,5.12,5.28,5.08,5.26,70648468,452635825.0
2016-11-15,5.25,5.25,5.13,5.17,33120216,210868048.0
2016-11-16,5.18,5.18,5.07,5.12,31553843,198325749.0
2016-11-17,5.11,5.39,5.08,5.32,64447469,417731791.0
2016-11-18,5.35,5.36,5.21,5.22,39246593,255231607.0
2016-11-21,5.2,5.4,5.18,5.26,44958029,293370764.0
2016-11-22,5.26,5.39,5.22,5.32,48741676,319458276.0
2016-11-23,5.44,5.49,5.28,5.31,50115904,331633260.0
2016-11-24,5.27,5.31,5.22,5.24,36591719,237078601.0
2016-11-25,5.25,5.33,5.12,5.31,40900560,262386026.0
2016-11-28,5.31,5.51,5.3,5.42,66627977,444590140.0
2016-11-29,5.37,5.74,5.31,5.57,125000251,847826400.0
2016-11-30,5.48,5.55,5.34,5.4,70745465,472777952.0
2016-12-01,5.4,5.68,5.4,5.57,75636383,514813038.0
2016-12-02,5.56,5.74,5.48,5.52,75902122,522604764.0
2016-12-05,5.41,5.43,5.17,5.28,70731398,460258943.0
2016-12-06,5.27,5.3,5.17,5.19,33947997,218077485.0
2016-12-07,5.18,5.23,5.13,5.22,30267231,193422455.0
2016-12-08,5.22,5.23,5.14,5.14,31455099,200312150.0
2016-12-09,5.14,5.25,5.09,5.16,44820613,285772952.0
2016-12-12,5.15,5.2,4.96,5.04,52152325,324671426.0
2016-12-13,5.01,5.2,4.96,5.18,30138284,188602660.0
2016-12-14,5.14,5.24,5.09,5.1,33143895,211110340.0
2016-12-15,5.05,5.15,5.03,5.1,21587335,135499976.0
2016-12-16,5.08,5.17,5.06,5.14,16557630,104405602.0
2016-12-19,5.12,5.22,5.11,5.14,20385768,129675458.0
2016-12-20,5.14,5.14,5.02,5.07,20721066,129300743.0
2016-12-21,5.09,5.25,5.07,5.22,38044457,242601669.0
2016-12-22,5.22,5.3,5.18,5.26,41941747,271658260.0
2016-12-23,5.27,5.42,5.25,5.3,51518121,339002416.0
2016-12-26,5.27,5.52,5.18,5.46,54828778,363007627.0
2016-12-27,5.53,5.59,5.39,5.42,41910204,281120869.0
2016-12-28,5.41,5.45,5.31,5.32,29136136,192276882.0
2016-12-29,5.36,5.44,5.31,5.35,31532687,209088069.0
2016-12-30,5.35,5.51,5.35,5.5,50152239,337208783.0
2017-01-03,5.53,5.82,5.53,5.69,81577912,571845937.0
2017-01-04,5.75,5.78,5.63,5.7,44280000,309884963.0
2017-01-05,5.71,5.73,5.61,5.71,36791034,256141765.0
2017-01-06,5.69,5.79,5.64,5.65,34312727,240853188.0
2017-01-09,5.62,5.76,5.59,5.73,27916538,195712332.0
2017-01-10,5.72,5.72,5.49,5.53,40299946,278272205.0
2017-01-11,5.52,5.64,5.48,5.61,40912016,281331311.0
2017-01-12,5.58,5.6,5.46,5.48,20739278,141073873.0
2017-01-13,5.49,5.57,5.45,5.53,22081701,149415189.0
2017-01-16,5.53,5.66,5.4,5.61,58529181,399047838.0
2017-01-17,5.57,5.61,5.48,5.6,21544894,147405994.0
2017-01-18,5.57,5.74,5.56,5.67,27435706,191889466.0
2017-01-19,5.66,5.74,5.61,5.64,17703582,123654313.0
2017-01-20,5.62,5.71,5.61,5.65,17972194,125109342.0
2017-01-23,5.65,5.7,5.62,5.69,26235243,182616704.0
2017-01-24,5.68,5.69,5.58,5.62,20042837,138500082.0
2017-01-25,5.59,5.6,5.48,5.53,32795103,222986280.0
2017-01-26,5.53,5.56,5.47,5.48,19969590,135072848.0
2017-02-03,5.49,5.53,5.48,5.49,10526102,71260235.0
2017-02-06,5.5,5.52,5.43,5.49,23344983,157164013.0
2017-02-07,5.49,5.53,5.46,5.52,15751569,106412758.0
2017-02-08,5.5,5.57,5.5,5.53,20329094,138508376.0
2017-02-09,5.53,5.66,5.51,5.65,38113651,262944984.0
2017-02-10,5.66,5.96,5.66,5.88,83236486,597908560.0
2017-02-13,5.93,6.2,5.9,6.05,85555082,636422037.0
2017-02-14,6.0,6.22,5.97,6.18,57760939,434886173.0
2017-02-15,6.13,6.26,6.05,6.11,47935870,362881553.0
2017-02-16,6.09,6.29,6.07,6.2,37735212,287393187.0
2017-02-17,6.24,6.26,6.0,6.05,36571346,274168601.0
2017-02-20,6.02,6.31,6.02,6.29,54894470,419981104.0
2017-02-21,6.3,6.46,6.25,6.28,55953941,437527521.0
2017-02-22,6.26,6.38,6.23,6.36,30716811,238744346.0
2017-02-23,6.36,6.4,6.16,6.31,44771908,345252591.0
2017-02-24,6.31,6.35,6.21,6.23,23414826,180252786.0
2017-02-27,6.31,6.58,6.29,6.39,57144447,452739503.0
2017-02-28,6.35,6.6,6.28,6.54,43582867,346569784.0
2017-03-01,6.52,6.87,6.49,6.74,66457308,550497649.0
2017-03-02,6.73,6.87,6.61,6.71,42080515,349031939.0
2017-03-03,6.66,6.74,6.49,6.71,46827497,381340723.0
2017-03-06,6.66,6.66,6.38,6.39,72577000,577515296.0
2017-03-07,6.38,6.53,6.3,6.41,35991958,284656244.0
2017-03-08,6.36,6.54,6.34,6.41,26342024,208654761.0
2017-03-09,6.34,6.39,6.26,6.32,26355089,205027866.0
2017-03-10,6.32,6.37,6.26,6.29,20100171,156331369.0
2017-03-13,6.29,6.48,6.23,6.39,38459963,302033256.0
2017-03-14,6.39,6.47,6.36,6.41,27895506,220101924.0
2017-03-15,6.39,6.62,6.37,6.55,34134921,273637850.0
2017-03-16,6.63,6.7,6.44,6.51,53446056,430274301.0
2017-03-17,6.54,6.65,6.48,6.51,40110472,323857635.0
2017-03-20,6.64,6.73,6.59,6.69,50644657,415665872.0
2017-03-21,6.65,7.11,6.65,7.09,79532080,680647890.0
2017-03-22,7.07,7.56,6.96,7.26,100589971,903845301.0
2017-03-23,7.3,7.43,7.12,7.3,66494287,593473739.0
2017-03-24,7.24,7.45,7.14,7.3,79328927,713321700.0
2017-03-27,7.23,7.44,7.05,7.07,77529784,686842531.0
2017-03-28,7.04,7.17,6.94,7.13,48572406,422889551.0
2017-03-29,7.11,7.52,7.04,7.5,84418295,762710175.0
2017-03-30,7.46,7.48,7.15,7.26,50968414,458001036.0
2017-03-31,7.23,7.33,7.06,7.11,45363838,398533976.0
2017-04-05,7.23,7.39,7.08,7.11,115408242,1013288569.0
2017-04-06,7.08,7.56,6.96,7.53,118772849,1064613029.0
2017-04-07,7.43,7.51,7.3,7.39,60853243,552956687.0
2017-04-10,7.31,7.49,7.31,7.38,39560262,360120066.0
2017-04-11,7.37,7.47,7.12,7.41,70714736,635726322.0
2017-04-12,7.35,7.35,7.12,7.16,46206447,410218308.0
2017-04-13,7.16,7.25,7.1,7.13,27800727,244504362.0
2017-04-14,7.16,7.26,6.98,6.99,36736188,322453248.0
2017-04-17,7.04,7.19,6.91,7.06,35358676,307880734.0
2017-04-18,7.05,7.35,7.03,7.23,53567975,477267401.0
2017-04-19,7.23,7.3,7.0,7.13,42068808,370810707.0
2017-04-20,7.13,7.46,7.13,7.44,75925359,686228789.0
2017-04-21,7.45,7.64,7.17,7.22,79000311,721057303.0
2017-04-24,7.07,7.07,6.5,6.5,34422656,282614002.0
2017-04-25,5.97,6.33,5.85,6.14,130661739,975049837.0
2017-04-26,5.99,6.06,5.85,5.91,89535036,654110475.0
2017-04-27,5.92,6.15,5.89,6.09,73215152,542974732.0
2017-04-28,6.09,6.09,5.96,6.07,48103384,356422086.0
2017-05-02,5.99,6.11,5.97,6.03,41639129,309418923.0
2017-05-03,6.05,6.15,5.87,5.96,61846963,458270262.0
2017-05-04,5.92,5.96,5.54,5.81,102953486,728150735.0
2017-05-05,5.75,5.78,5.59,5.63,60161193,421009346.0
2017-05-08,5.64,5.74,5.4,5.5,92734236,635209585.0
2017-05-09,5.48,5.57,5.4,5.53,49981989,338670637.0
2017-05-10,5.53,5.55,5.27,5.29,55060759,367099022.0
2017-05-11,5.24,5.4,5.21,5.35,59607213,389040495.0
2017-05-12,5.36,5.48,5.33,5.43,61260721,407976316.0
2017-05-15,5.48,5.48,5.25,5.26,52787285,347644072.0
2017-05-16,5.26,5.4,5.1,5.39,66733157,428435396.0
2017-05-17,5.35,5.55,5.34,5.52,70234520,472165420.0
2017-05-18,5.47,5.51,5.42,5.44,36858504,247370333.0
2017-05-19,5.43,5.52,5.4,5.43,33049461,221718148.0
2017-05-22,5.4,5.44,5.13,5.18,53983146,349934326.0
2017-05-23,5.17,5.22,5.05,5.1,37439724,236287222.0
2017-05-24,5.1,5.14,5.01,5.14,24918818,155944221.0
2017-05-25,5.14,5.31,5.06,5.29,48832253,312050586.0
2017-05-26,5.26,5.35,5.25,5.27,35590297,231995849.0
2017-05-31,5.31,5.35,5.25,5.26,21366561,139289681.0
2017-06-01,5.27,5.27,5.08,5.09,39592075,250417809.0
2017-06-02,5.07,5.23,5.05,5.18,32415828,204883351.0
2017-06-05,5.19,5.23,5.16,5.22,24764496,158502932.0
2017-06-06,5.2,5.25,5.19,5.24,15900455,102315370.0
2017-06-07,5.26,5.38,5.24,5.36,33739041,221069814.0
2017-06-08,5.36,5.4,5.31,5.37,27054750,178466601.0
2017-06-09,5.38,5.53,5.38,5.48,56205026,377822899.0
2017-06-12,5.44,5.48,5.4,5.43,27623616,185257102.0
2017-06-13,5.44,5.51,5.4,5.48,24995232,168293286.0
2017-06-14,5.51,5.64,5.46,5.57,40583213,278974475.0
2017-06-15,5.61,5.63,5.51,5.59,22929585,157035499.0
2017-06-16,5.57,5.58,5.48,5.5,23203226,157902993.0
2017-06-19,5.48,5.54,5.48,5.54,17150842,116538867.0
2017-06-20,5.54,5.58,5.52,5.53,16404969,112059299.0
2017-06-21,5.54,5.57,5.45,5.5,21822113,147947155.0
2017-06-22,5.5,5.55,5.46,5.47,24802140,168124956.0
2017-06-23,5.46,5.46,5.28,5.36,38982433,257120590.0
2017-06-26,5.36,5.41,5.33,5.41,28398337,188144605.0
2017-06-27,5.41,5.43,5.38,5.4,22751144,151171633.0
2017-06-28,5.39,5.71,5.35,5.65,73764326,505420357.0
2017-06-29,5.6,5.63,5.58,5.62,34709787,239551328.0
2017-06-30,5.6,5.79,5.58,5.68,56098169,394012707.0
2017-07-03,5.67,5.79,5.66,5.75,36616146,258439138.0
2017-07-04,5.74,5.78,5.61,5.64,36839469,257291204.0
2017-07-05,5.63,5.67,5.59,5.66,26508575,183674530.0
2017-07-06,5.66,5.67,5.59,5.65,21595531,149715175.0
2017-07-07,5.61,5.64,5.6,5.62,22735661,157146900.0
2017-07-10,5.61,5.77,5.61,5.75,51966320,365705494.0
2017-07-11,5.74,5.77,5.67,5.68,25750645,181514962.0
2017-07-12,5.69,5.85,5.68,5.8,50206650,357161134.0
2017-07-13,5.77,6.05,5.77,5.97,69120478,506184697.0
2017-07-14,6.02,6.03,5.91,5.98,33711682,244058869.0
2017-07-17,5.96,6.23,5.76,6.04,92956177,685612809.0
2017-07-18,5.96,6.55,5.94,6.42,108588965,828635240.0
2017-07-19,6.4,6.74,6.34,6.67,101500172,807136331.0
2017-07-20,6.62,6.72,6.51,6.7,66308989,530907378.0
2017-07-21,6.62,6.82,6.55,6.63,57455712,465010692.0
2017-07-24,6.56,6.65,6.38,6.44,73472974,578742932.0
2017-07-25,6.42,6.52,6.39,6.46,43460600,339756260.0
2017-07-26,6.43,6.46,6.25,6.37,50798797,389816700.0
2017-07-27,6.35,6.39,6.14,6.25,46872602,355381052.0
2017-07-28,6.24,6.47,6.19,6.45,55279000,425555420.0
2017-07-31,6.42,6.46,6.33,6.44,42025576,326559314.0
2017-08-01,6.41,6.47,6.29,6.32,39767325,306657648.0
2017-08-02,6.3,6.39,6.06,6.09,58974239,445533002.0
2017-08-03,6.07,6.21,6.03,6.1,39080521,289487124.0
2017-08-04,6.1,6.19,6.02,6.07,35298331,262025497.0
2017-08-07,6.09,6.24,6.04,6.24,34757237,259672767.0
2017-08-08,6.23,6.25,5.99,6.03,60667205,448293012.0
2017-08-09,6.04,6.06,5.94,6.04,32653573,237153419.0
2017-08-10,6.04,6.04,5.89,5.97,35242474,254269704.0
2017-08-11,5.92,5.92,5.73,5.74,43469979,306818197.0
2017-08-14,5.74,5.9,5.72,5.86,32985938,232766279.0
2017-08-15,5.84,5.9,5.8,5.85,17558686,124663053.0
2017-08-16,5.84,5.85,5.73,5.78,29556951,206983989.0
2017-08-17,5.77,5.97,5.76,5.96,39679571,283987676.0
2017-08-18,5.91,6.0,5.9,5.93,27902204,201026966.0
2017-08-21,5.96,6.03,5.94,5.98,31776762,230478112.0
2017-08-22,5.99,6.05,5.92,5.94,22164700,160552901.0
2017-08-23,5.94,5.98,5.85,5.87,23462799,167295880.0
2017-08-24,5.87,5.92,5.8,5.83,20135583,143250053.0
2017-08-25,5.83,6.07,5.81,6.03,39971291,289133056.0
2017-08-28,6.04,6.28,6.02,6.21,60667378,455511333.0
2017-08-29,6.22,6.23,6.1,6.19,28963892,216385056.0
2017-08-30,6.18,6.27,6.15,6.21,28555271,214764832.0
2017-08-31,6.18,6.24,6.04,6.1,32873292,243537370.0
2017-09-01,6.13,6.14,6.01,6.04,31195455,229119577.0
2017-09-04,6.03,6.11,6.0,6.08,21000245,154374438.0
2017-09-05,6.14,6.23,6.12,6.14,33542789,251046743.0
2017-09-06,6.09,6.4,5.99,6.24,86247306,651584105.0
2017-09-07,6.18,6.3,6.14,6.17,42500124,320527619.0
2017-09-08,6.15,6.21,6.07,6.09,27273512,202551227.0
2017-09-11,6.1,6.16,6.06,6.13,19204070,142383941.0
2017-09-12,6.15,6.15,6.06,6.07,24909513,184197178.0
2017-09-13,6.07,6.14,6.04,6.08,19525411,144071210.0
2017-09-14,6.1,6.21,6.08,6.18,35429212,264243336.0
2017-09-15,6.16,6.27,6.14,6.19,37359729,281388069.0
2017-09-18,6.22,6.28,6.19,6.24,26534321,200423040.0
2017-09-19,6.23,6.23,6.09,6.12,27263494,203219744.0
2017-09-20,6.11,6.13,6.02,6.09,29037538,213634636.0
2017-09-21,6.09,6.12,5.99,6.0,21060426,154514418.0
2017-09-22,5.96,5.96,5.82,5.84,38913034,276647311.0
2017-09-25,5.81,5.87,5.75,5.76,25552594,179587231.0
2017-09-26,5.76,5.83,5.75,5.79,14430099,101189761.0
2017-09-27,5.79,5.82,5.75,5.75,22369733,156792067.0
2017-09-28,5.76,5.77,5.56,5.59,59694434,407420113.0
2017-09-29,5.59,5.63,5.57,5.6,20960328,142431639.0
2017-10-09,5.66,5.71,5.62,5.69,26248745,180508164.0
2017-10-10,5.69,5.79,5.67,5.76,25378788,176712099.0
2017-10-11,5.77,5.82,5.72,5.78,19184496,134599420.0
2017-10-12,5.77,5.81,5.75,5.76,15330418,107382940.0
2017-10-13,5.79,5.81,5.74,5.77,20102341,140570181.0
2017-10-16,5.77,5.79,5.62,5.65,22260379,153918163.0
2017-10-17,5.66,5.71,5.61,5.67,15013560,103010664.0
2017-10-18,5.67,5.71,5.6,5.62,12340939,84755797.0
2017-10-19,5.61,5.65,5.46,5.48,21175607,141954171.0
2017-10-20,5.46,5.57,5.44,5.56,10337500,69293443.0
2017-10-23,5.56,5.64,5.55,5.63,13229863,89995750.0
2017-10-24,5.63,5.67,5.56,5.63,12968077,88428830.0
2017-10-25,5.63,5.69,5.61,5.69,16612069,113995060.0
2017-10-26,5.69,5.81,5.64,5.76,26555157,185501187.0
2017-10-27,5.74,5.76,5.69,5.71,10839741,75204722.0
2017-10-30,5.63,5.67,5.47,5.56,29324268,197339108.0
2017-10-31,5.53,5.55,5.48,5.53,17290949,115619476.0
2017-11-01,5.54,5.61,5.47,5.54,25373026,170359747.0
2017-11-02,5.53,5.53,5.41,5.44,21591006,143177813.0
2017-11-03,5.43,5.45,5.24,5.29,29345753,189292973.0
2017-11-06,5.29,5.29,5.19,5.29,18088372,115009465.0
2017-11-07,5.29,5.34,5.26,5.31,18786832,120754050.0
2017-11-08,5.31,5.37,5.26,5.3,28477070,183308089.0
2017-11-09,5.3,5.41,5.29,5.37,25861173,167754509.0
2017-11-10,5.36,5.38,5.3,5.32,18687826,120919632.0
2017-11-13,5.31,5.36,5.26,5.36,24203928,155774386.0
2017-11-14,5.34,5.49,5.34,5.43,38757425,255137210.0
2017-11-15,5.39,5.46,5.32,5.34,20620034,134545279.0
2017-11-16,5.33,5.38,5.3,5.31,15914180,103030433.0
2017-11-17,5.3,5.33,5.14,5.17,27786056,175113698.0
2017-11-20,5.17,5.19,5.06,5.18,13660569,84962583.0
2017-11-21,5.16,5.23,5.15,5.18,26472259,166142061.0
2017-11-22,5.18,5.33,5.15,5.28,32965243,209226739.0
2017-11-23,5.26,5.27,5.11,5.13,23454418,147893665.0
2017-11-24,5.12,5.15,5.1,5.13,15128422,94082712.0
2017-11-27,5.13,5.2,5.1,5.16,17957691,112374460.0
2017-11-28,5.15,5.18,5.1,5.18,14322608,89373640.0
2017-11-29,5.18,5.21,5.11,5.2,19487821,121750233.0
2017-11-30,5.18,5.22,5.15,5.18,12767968,80338317.0
2017-12-01,5.17,5.24,5.15,5.2,15621120,98465966.0
2017-12-04,5.2,5.22,5.15,5.15,15269940,95893620.0
2017-12-05,5.15,5.17,5.09,5.1,15233161,94773540.0
2017-12-06,5.06,5.15,5.04,5.15,13841406,85650447.0
2017-12-07,5.13,5.2,5.12,5.15,13481240,84352642.0
2017-12-08,5.14,5.17,5.13,5.15,9818672,61361159.0
2017-12-11,5.15,5.19,5.13,5.19,13469144,84285353.0
2017-12-12,5.2,5.4,5.2,5.32,47674741,307525515.0
2017-12-13,5.29,5.4,5.29,5.38,26995704,175210512.0
2017-12-14,5.38,5.39,5.33,5.36,12892001,83654743.0
2017-12-15,5.33,5.61,5.33,5.57,60008396,401196315.0
2017-12-18,5.57,5.61,5.48,5.58,27124081,182337471.0
2017-12-19,5.57,5.62,5.53,5.58,20823722,140759666.0
2017-12-20,5.57,5.62,5.46,5.49,24267153,162262944.0
2017-12-21,5.5,5.56,5.46,5.54,19073043,127489451.0
2017-12-22,5.5,5.62,5.48,5.61,28498026,192366575.0
2017-12-25,5.61,5.72,5.55,5.58,34815138,238350190.0
2017-12-26,5.55,5.7,5.52,5.67,29196613,200302423.0
2017-12-27,5.65,5.74,5.62,5.65,35450745,243915815.0
2017-12-28,5.65,5.7,5.53,5.57,32705723,222187962.0
2017-12-29,5.56,5.62,5.48,5.57,40644256,272137638.0
2018-01-02,5.57,5.76,5.55,5.76,56604658,392743777.0
2018-01-03,5.76,5.81,5.71,5.75,34318305,239476675.0
2018-01-04,5.76,5.9,5.73,5.86,47534660,336288236.0
2018-01-05,5.84,5.94,5.81,5.92,45136853,322197227.0
2018-01-08,5.91,6.02,5.9,6.01,42429481,306253139.0
2018-01-09,6.01,6.02,5.84,5.85,39490084,283050173.0
2018-01-10,5.85,5.98,5.82,5.89,38729113,277427677.0
2018-01-11,5.89,6.01,5.85,6.0,25474899,183375204.0
2018-01-12,5.98,5.99,5.9,5.95,23454628,169010481.0
2018-01-15,5.96,5.96,5.76,5.79,44828389,317160226.0
2018-01-16,5.81,6.08,5.78,6.08,53089510,385682822.0
2018-01-17,6.08,6.18,6.02,6.1,52514510,387832777.0
2018-01-18,6.09,6.28,6.07,6.25,51642227,388499290.0
2018-01-19,6.23,6.26,6.15,6.19,27376153,205818210.0
2018-01-22,6.18,6.2,6.06,6.16,24390635,181063177.0
2018-01-23,6.15,6.22,6.09,6.18,29599229,221260783.0
2018-01-24,6.18,6.19,5.99,6.09,33976306,250067437.0
2018-01-25,6.04,6.14,6.01,6.09,29185070,215371657.0
2018-01-26,6.07,6.33,6.03,6.32,62450909,473028527.0
2018-01-29,6.3,6.34,6.09,6.27,63895965,482089163.0
2018-01-30,6.2,6.28,6.14,6.16,27058656,203697497.0
2018-01-31,6.12,6.24,6.09,6.2,33229345,249028823.0
2018-02-01,6.19,6.19,5.71,5.76,51905552,371066211.0
2018-02-02,5.7,5.92,5.62,5.9,31421632,221897493.0
2018-02-05,5.81,6.2,5.8,6.19,36977420,270997163.0
2018-02-06,6.13,6.18,5.87,5.93,31509980,230011455.0
2018-02-07,6.05,6.14,5.77,5.85,25477597,184584031.0
2018-02-08,5.84,5.91,5.5,5.57,48986280,337203315.0
2018-02-09,5.37,5.48,5.24,5.29,36021200,233640576.0
2018-02-12,5.32,5.52,5.29,5.42,16898739,111250906.0
2018-02-13,5.44,5.57,5.44,5.5,12041263,80591129.0
2018-02-14,5.52,5.56,5.45,5.49,8621904,57404977.0
2018-02-22,5.57,5.59,5.52,5.57,11853868,79806080.0
2018-02-23,5.58,5.66,5.55,5.65,11770751,80134841.0
2018-02-26,5.69,5.71,5.58,5.68,18194456,124512067.0
2018-02-27,5.65,5.7,5.59,5.6,11475866,78559963.0
2018-02-28,5.56,5.57,5.46,5.52,16214207,108399652.0
2018-03-01,5.48,5.59,5.47,5.58,15576507,104414424.0
2018-03-02,5.52,5.53,5.43,5.43,14782633,98141309.0
2018-03-05,5.43,5.49,5.41,5.45,9358728,61820967.0
2018-03-06,5.47,5.53,5.41,5.53,17088055,113512560.0
2018-03-07,5.52,5.56,5.45,5.46,16220660,108432470.0
2018-03-08,5.43,5.48,5.38,5.46,14556052,95650715.0
2018-03-09,5.48,5.52,5.43,5.5,14188005,94319286.0
2018-03-12,5.48,5.65,5.48,5.62,23553215,158916558.0
2018-03-13,5.67,6.02,5.62,5.92,54039660,381388680.0
2018-03-14,5.87,6.0,5.85,5.93,25086003,180037390.0
2018-03-15,5.91,5.95,5.8,5.9,18529950,131858047.0
2018-03-16,5.88,6.01,5.88,5.98,25245994,182361090.0
2018-03-19,5.95,6.0,5.88,6.0,16692935,120467819.0
2018-03-20,5.95,6.07,5.9,5.99,16739659,121526391.0
2018-03-21,5.94,6.0,5.87,5.99,14169185,102193451.0
2018-03-22,5.96,6.09,5.95,6.04,18375453,134325008.0
2018-03-23,5.79,6.09,5.79,6.03,54272180,393344779.0
2018-03-26,5.97,5.97,5.83,5.95,18394336,131616623.0
2018-03-27,6.02,6.23,5.97,6.18,31264185,232350925.0
2018-03-28,6.09,6.14,6.0,6.08,21737021,159768260.0
2018-03-29,6.07,6.28,6.0,6.0,39216080,292821882.0
2018-03-30,5.98,6.08,5.96,6.08,21992182,160283961.0
2018-04-02,6.09,6.18,5.96,6.0,18721730,137827440.0
2018-04-03,5.92,5.96,5.87,5.95,13744060,98694070.0
2018-04-04,5.95,6.0,5.81,5.84,15674246,112345021.0
2018-04-09,5.83,6.0,5.81,5.94,12938389,92985591.0
2018-04-10,5.9,6.14,5.9,6.12,18416992,134822074.0
2018-04-11,6.14,6.31,6.09,6.22,41280858,311774596.0
2018-04-12,6.18,6.25,6.16,6.22,18353250,138133598.0
2018-04-13,6.2,6.25,6.07,6.12,16116836,120028888.0
2018-04-16,6.09,6.13,5.99,6.09,16509064,121418107.0
2018-04-17,6.07,6.1,5.92,5.95,12972368,94602606.0
2018-04-18,6.0,6.28,5.96,6.25,37197792,278301531.0
2018-04-19,6.27,6.31,6.2,6.3,24052587,182651364.0
2018-04-20,6.28,6.29,6.0,6.24,40029586,298513158.0
2018-04-23,6.17,6.19,6.02,6.13,22611043,167353225.0
2018-04-24,6.09,6.28,6.09,6.26,28047889,211649497.0
2018-04-25,6.23,6.25,6.07,6.09,20141737,149835360.0
2018-04-26,6.09,6.14,5.97,6.09,20699516,151229991.0
2018-04-27,6.04,6.12,5.92,6.02,23145100,169224351.0
2018-05-02,6.03,6.17,5.99,6.07,19564955,144403241.0
2018-05-03,6.08,6.18,6.03,6.18,24747400,184001843.0
2018-05-04,6.16,6.24,6.13,6.14,19936673,149691719.0
2018-05-07,6.18,6.42,6.14,6.4,51805522,396917850.0
2018-05-08,6.4,6.51,6.37,6.43,36196120,282720793.0
2018-05-09,6.47,6.58,6.4,6.45,25768186,202586324.0
2018-05-10,6.54,6.64,6.46,6.5,25102870,198743409.0
2018-05-11,6.56,6.57,6.36,6.4,17977220,140340200.0
2018-05-14,6.47,6.53,6.37,6.45,20111961,157493869.0
2018-05-15,6.45,6.61,6.35,6.57,30096015,237765124.0
2018-05-16,6.57,6.61,6.44,6.47,22238902,176176716.0
2018-05-17,6.47,6.58,6.36,6.52,20213121,158943020.0
2018-05-18,6.51,6.73,6.49,6.72,37995960,307134378.0
2018-05-21,6.76,6.77,6.58,6.63,38259582,308765009.0
2018-05-22,6.64,6.67,6.43,6.52,25373360,200983963.0
2018-05-23,6.5,6.57,6.43,6.51,22689942,179098708.0
2018-05-24,6.52,6.55,6.38,6.42,19838593,155408373.0
2018-05-25,6.42,6.53,6.39,6.47,17408350,136793659.0
2018-05-28,6.47,6.64,6.43,6.53,16799797,133316703.0
2018-05-29,6.52,6.63,6.49,6.56,20472942,163191415.0
2018-05-30,6.47,6.47,5.99,6.07,43455587,327469975.0
2018-05-31,6.1,6.23,6.07,6.14,17355082,129378235.0
2018-06-01,6.14,6.25,6.08,6.14,14776476,110609099.0
2018-06-04,6.14,6.3,6.14,6.25,11361888,85734831.0
2018-06-05,6.23,6.27,6.16,6.23,13740344,103487154.0
2018-06-06,6.22,6.23,6.08,6.09,12177862,90551853.0
2018-06-07,6.12,6.18,6.02,6.06,12906216,95615116.0
2018-06-08,6.07,6.09,5.89,5.95,16968067,122200938.0
2018-06-11,5.94,5.96,5.84,5.86,15219280,108420867.0
2018-06-12,5.87,5.97,5.81,5.95,14421621,102953831.0
2018-06-13,6.02,6.14,5.94,5.98,22587492,165351346.0
2018-06-14,6.0,6.02,5.87,5.98,18531051,133680394.0
2018-06-15,5.99,6.12,5.94,6.05,21666908,158449001.0
2018-06-19,5.95,6.15,5.93,6.14,59952128,439475764.0
2018-06-20,6.06,6.07,5.91,6.0,26906797,195309670.0
2018-06-21,5.95,6.04,5.91,5.93,16507335,119411681.0
2018-06-22,5.89,5.89,5.46,5.61,30673976,210066028.0
2018-06-25,5.64,5.65,5.54,5.56,12255882,83209869.0
2018-06-26,5.57,5.6,5.37,5.52,16565909,110540200.0
2018-06-27,5.56,5.64,5.46,5.53,14425776,95633862.0
2018-06-28,5.55,5.58,5.46,5.49,11349441,74891091.0
2018-06-29,5.48,5.63,5.44,5.63,10703694,71279984.0
2018-07-02,5.6,5.7,5.5,5.57,10504990,70280666.0
2018-07-03,5.58,5.63,5.43,5.63,12263363,81210427.0
2018-07-04,5.6,5.61,5.42,5.48,13783229,90505258.0
2018-07-05,5.47,5.58,5.19,5.57,27449305,177562827.0
2018-07-06,5.51,5.54,5.32,5.4,15826146,102827153.0
2018-07-09,5.41,5.5,5.4,5.49,16771283,109159023.0
2018-07-10,5.48,5.54,5.43,5.5,13314039,87127460.0
2018-07-11,5.42,5.42,5.29,5.35,13522419,86286435.0
2018-07-12,5.36,5.55,5.36,5.5,18207996,118996661.0
2018-07-13,5.5,5.64,5.5,5.6,23569229,157758573.0
2018-07-16,5.61,5.65,5.47,5.55,22986176,152292322.0
2018-07-17,5.54,5.54,5.38,5.4,24740461,159934115.0
2018-07-18,5.42,5.45,5.34,5.35,19032800,122656018.0
2018-07-19,5.35,5.38,5.26,5.26,20013500,127002843.0
2018-07-20,5.29,5.41,5.27,5.38,23824962,151991731.0
2018-07-23,5.35,5.75,5.35,5.71,60544235,405952902.0
2018-07-24,5.9,6.16,5.84,5.88,80944763,577273604.0
2018-07-25,5.86,6.02,5.78,5.93,31103762,220124889.0
2018-07-26,5.96,5.99,5.77,5.96,51138286,358205160.0
2018-07-27,5.91,5.97,5.8,5.83,23640679,166219709.0
2018-07-30,5.86,6.01,5.81,5.89,26130148,184655660.0
2018-07-31,5.88,5.96,5.79,5.91,14208110,100041876.0
2018-08-01,5.91,6.04,5.75,5.76,31516114,221252246.0
2018-08-02,5.74,5.74,5.48,5.68,23926317,160879556.0
2018-08-03,5.64,5.76,5.6,5.6,20467042,139062833.0
2018-08-06,5.68,5.75,5.55,5.58,18072899,122113558.0
2018-08-07,5.6,5.88,5.5,5.87,53893536,367439747.0
2018-08-08,5.81,5.89,5.73,5.74,33327334,231246482.0
2018-08-09,5.72,5.86,5.71,5.82,23400073,162452831.0
2018-08-10,5.81,5.87,5.74,5.78,20425089,141231205.0
2018-08-13,5.73,5.79,5.59,5.74,20823514,141464088.0
2018-08-14,5.73,5.76,5.62,5.74,15301558,104117287.0
2018-08-15,5.75,5.84,5.61,5.63,21201103,144936236.0
2018-08-16,5.55,5.62,5.43,5.55,16576194,109809752.0
2018-08-17,5.6,5.62,5.44,5.44,12380151,81621674.0
2018-08-20,5.45,5.51,5.33,5.47,21463907,138798267.0
2018-08-21,5.46,5.6,5.44,5.55,16856931,111479409.0
2018-08-22,5.53,5.56,5.45,5.46,8061510,53006189.0
2018-08-23,5.47,5.51,5.36,5.48,15369139,100086681.0
2018-08-24,5.45,5.5,5.4,5.43,12420156,80904449.0
2018-08-27,5.46,5.59,5.45,5.56,16540026,109530133.0
2018-08-28,5.57,5.62,5.54,5.58,11678424,77822530.0
2018-08-29,5.59,5.63,5.54,5.55,10186587,67913286.0
2018-08-30,5.6,5.65,5.54,5.55,20470503,137191256.0
2018-08-31,5.57,5.65,5.53,5.56,15145182,101166757.0
2018-09-03,5.55,5.55,5.27,5.39,16585800,106904022.0
2018-09-04,5.4,5.45,5.32,5.4,17928508,115353401.0
2018-09-05,5.39,5.41,5.29,5.33,13467687,86205605.0
2018-09-06,5.31,5.38,5.3,5.34,9013502,57604892.0
2018-09-07,5.35,5.4,5.29,5.37,11176531,71564163.0
2018-09-10,5.35,5.4,5.32,5.37,9739470,62589983.0
2018-09-11,5.36,5.48,5.33,5.48,11910167,77092102.0
2018-09-12,5.47,5.57,5.45,5.52,10514386,69464680.0
2018-09-13,5.54,5.6,5.5,5.55,7919076,52409796.0
2018-09-14,5.55,5.57,5.49,5.55,7420510,49082174.0
2018-09-17,5.54,5.55,5.45,5.52,10747491,70756841.0
2018-09-18,5.51,5.73,5.37,5.64,30289503,200214541.0
2018-09-19,5.62,5.65,5.57,5.6,24388898,163696989.0
2018-09-20,5.6,5.65,5.5,5.5,19903338,132150283.0
2018-09-21,5.5,5.61,5.45,5.6,25550258,169197699.0
2018-09-25,5.58,5.64,5.56,5.6,17444167,116859915.0
2018-09-26,5.6,5.65,5.56,5.58,24682853,165741008.0
2018-09-27,5.58,5.7,5.56,5.62,23345461,157026044.0
2018-09-28,5.65,5.65,5.53,5.58,25651762,171757469.0
2018-10-08,5.5,5.56,5.36,5.4,18679213,122057431.0
2018-10-09,5.4,5.45,5.36,5.4,14507112,93786526.0
2018-10-10,5.4,5.5,5.37,5.41,19203090,124536529.0
2018-10-11,5.23,5.32,4.91,4.99,29971575,183738841.0
2018-10-12,4.99,4.99,4.63,4.91,40261790,233205245.0
2018-10-15,4.89,4.99,4.79,4.83,21036933,123359995.0
2018-10-16,4.84,4.93,4.8,4.86,13142612,76524267.0
2018-10-17,4.93,4.95,4.75,4.87,12759268,74141176.0
2018-10-18,4.83,4.86,4.64,4.67,21865102,123216051.0
2018-10-19,4.62,4.78,4.58,4.77,16660611,94088490.0
2018-10-22,4.81,4.99,4.81,4.91,23833514,139786897.0
2018-10-23,4.9,4.96,4.74,4.82,20331404,118347135.0
2018-10-24,4.79,4.91,4.77,4.82,21176023,122314994.0
2018-10-25,4.71,4.77,4.64,4.75,18173573,102007726.0
2018-10-26,4.78,4.88,4.75,4.79,18754122,108003799.0
2018-10-29,4.82,4.89,4.73,4.75,15533863,89249306.0
2018-10-30,4.75,4.81,4.68,4.78,18130651,103047610.0
2018-10-31,4.79,4.93,4.76,4.88,32926558,191646788.0
2018-11-01,4.89,4.95,4.82,4.84,31290854,182717186.0
2018-11-02,4.89,4.94,4.83,4.94,41597651,243293890.0
2018-11-05,4.92,4.92,4.78,4.81,43663502,252789537.0
2018-11-06,4.79,4.81,4.71,4.78,26979078,153230153.0
2018-11-07,4.78,4.8,4.7,4.73,27633821,157081136.0
2018-11-08,4.76,4.77,4.68,4.68,25427127,143383129.0
2018-11-09,4.65,4.77,4.6,4.77,32725966,182300624.0
2018-11-12,4.74,4.78,4.71,4.78,36182959,205518765.0
2018-11-13,4.74,4.85,4.73,4.82,49269481,281567444.0
2018-11-14,4.8,4.84,4.76,4.77,42113718,241383981.0
2018-11-15,4.77,4.84,4.76,4.84,40308070,231815790.0
2018-11-16,4.85,4.88,4.79,4.85,41999559,243007870.0
2018-11-19,4.87,4.94,4.84,4.94,46377593,271603325.0
2018-11-20,4.91,4.98,4.81,4.85,48346687,283044778.0
2018-11-21,4.78,4.85,4.77,4.83,20441508,117633583.0
2018-11-22,4.83,4.89,4.81,4.83,19571583,113265110.0
2018-11-23,4.83,4.84,4.68,4.68,27700463,157502390.0
2018-11-26,4.7,4.71,4.65,4.66,16012237,89494288.0
2018-11-27,4.68,4.71,4.67,4.68,13099557,73317164.0
2018-11-28,4.68,4.76,4.63,4.75,16387243,92079741.0
2018-11-29,4.75,4.8,4.68,4.73,21564728,122262913.0
2018-11-30,4.7,4.76,4.68,4.73,15158893,85535034.0
2018-12-03,4.82,4.84,4.78,4.83,40724484,234142457.0
2018-12-04,4.82,4.87,4.8,4.87,28550088,165040680.0
2018-12-05,4.79,4.83,4.78,4.8,25028809,143478040.0
2018-12-06,4.78,4.78,4.73,4.73,18013924,102371968.0
2018-12-07,4.73,4.78,4.71,4.77,16451853,93386712.0
2018-12-10,4.73,4.76,4.72,4.73,12397657,70258676.0
2018-12-11,4.77,4.78,4.74,4.77,11291904,64210197.0
2018-12-12,4.77,4.78,4.76,4.78,10316718,58835628.0
2018-12-13,4.78,4.89,4.75,4.85,36211924,209663318.0
2018-12-14,4.83,4.87,4.78,4.82,26638580,153842148.0
2018-12-17,4.79,4.87,4.79,4.86,20568042,119055722.0
2018-12-18,4.83,4.86,4.71,4.74,23810221,135775257.0
2018-12-19,4.74,4.77,4.7,4.71,13591415,76929912.0
2018-12-20,4.69,4.73,4.63,4.68,20025278,111787551.0
2018-12-21,4.66,4.66,4.62,4.64,13752197,76138814.0
2018-12-24,4.63,4.67,4.6,4.67,10833400,60138132.0
2018-12-25,4.62,4.63,4.45,4.53,20686553,112162744.0
2018-12-26,4.53,4.56,4.46,4.48,15144318,81337648.0
2018-12-27,4.54,4.56,4.46,4.46,14382145,77444744.0
2018-12-28,4.46,4.52,4.43,4.48,12248097,65441748.0
2019-01-02,4.5,4.5,4.45,4.45,11685847,62466064.0
2019-01-03,4.47,4.51,4.46,4.49,13132575,70443179.0
2019-01-04,4.46,4.58,4.45,4.57,15089250,81738524.0
2019-01-07,4.59,4.6,4.55,4.59,16329000,89327110.0
2019-01-08,4.58,4.59,4.55,4.58,13457519,73550168.0
2019-01-09,4.58,4.65,4.57,4.58,16887919,93136532.0
2019-01-10,4.58,4.61,4.57,4.58,11710251,64153316.0
2019-01-11,4.6,4.63,4.57,4.61,10897476,59877200.0
2019-01-14,4.6,4.61,4.57,4.58,8267877,45324072.0
2019-01-15,4.58,4.63,4.57,4.63,11550423,63640319.0
2019-01-16,4.63,4.65,4.61,4.63,11659307,64562714.0
2019-01-17,4.63,4.67,4.63,4.63,15875756,88251101.0
2019-01-18,4.65,4.73,4.64,4.72,18816177,105720939.0
2019-01-21,4.73,4.75,4.67,4.68,15551031,87559405.0
2019-01-22,4.67,4.69,4.63,4.64,9817101,54681302.0
2019-01-23,4.63,4.68,4.63,4.65,6768958,37665032.0
2019-01-24,4.68,4.7,4.61,4.65,14615200,81365559.0
2019-01-25,4.66,4.68,4.63,4.65,11149597,62143332.0
2019-01-28,4.68,4.69,4.62,4.63,10338140,57524630.0
2019-01-29,4.61,4.63,4.53,4.59,12833205,70231234.0
2019-01-30,4.56,4.63,4.54,4.57,8603837,47161946.0
2019-01-31,4.56,4.6,4.49,4.53,14094101,76641146.0
2019-02-01,4.55,4.59,4.53,4.58,10862594,59224380.0
2019-02-11,4.62,4.68,4.6,4.68,17413798,96678716.0
2019-02-12,4.68,4.74,4.66,4.73,21067673,118669735.0
2019-02-13,4.74,4.81,4.71,4.79,26053156,148214540.0
2019-02-14,4.78,4.81,4.77,4.78,19793362,113259470.0
2019-02-15,4.79,4.81,4.74,4.75,16252700,92833420.0
2019-02-18,4.78,4.89,4.78,4.88,24202266,140284034.0
2019-02-19,4.88,4.95,4.82,4.89,27390179,160303223.0
2019-02-20,4.88,4.89,4.83,4.87,13863087,80658460.0
2019-02-21,4.86,4.89,4.78,4.8,26047534,150633902.0
2019-02-22,4.8,4.85,4.78,4.85,18723374,107737824.0
2019-02-25,4.89,5.14,4.87,5.11,54239647,323887674.0
2019-02-26,5.1,5.35,5.05,5.14,61276924,381910409.0
2019-02-27,5.12,5.21,5.08,5.12,40740915,250602664.0
2019-02-28,5.12,5.2,5.09,5.14,30207335,185739159.0
2019-03-01,5.17,5.18,5.09,5.16,22883713,140408199.0
2019-03-04,5.18,5.31,5.17,5.22,47586676,298116793.0
2019-03-05,5.2,5.4,5.14,5.3,52853202,332385686.0
2019-03-06,5.29,5.35,5.23,5.34,50956194,322711491.0
2019-03-07,5.33,5.43,5.29,5.35,48960006,314042049.0
2019-03-08,5.27,5.29,5.03,5.04,54918043,339332047.0
2019-03-11,5.08,5.19,5.06,5.19,39169247,240371302.0
2019-03-12,5.25,5.32,5.17,5.24,45249765,283906455.0
2019-03-13,5.23,5.23,5.12,5.15,34510792,213597832.0
2019-03-14,5.12,5.19,5.03,5.06,28434482,172998371.0
2019-03-15,5.06,5.2,5.06,5.14,40477005,248392168.0
2019-03-18,5.15,5.4,5.14,5.37,68751578,436699169.0
2019-03-19,5.39,5.51,5.32,5.39,54116750,350274408.0
2019-03-20,5.42,5.47,5.34,5.44,40337638,260829653.0
2019-03-21,5.44,5.55,5.41,5.45,46565303,305107775.0
2019-03-22,5.44,5.62,5.39,5.59,47361394,310475981.0
2019-03-25,5.5,5.57,5.4,5.41,45333717,297667758.0
2019-03-26,5.45,5.46,5.26,5.29,37141137,237013049.0
2019-03-27,5.31,5.36,5.28,5.34,22760069,144736187.0
2019-03-28,5.31,5.39,5.24,5.27,23814243,151002940.0
2019-03-29,5.28,5.42,5.21,5.41,39852917,254187525.0
2019-04-01,5.45,5.54,5.44,5.53,53198732,349780525.0
2019-04-02,5.55,5.56,5.44,5.45,49542711,324845309.0
2019-04-03,5.44,5.76,5.4,5.73,91504529,613574281.0
2019-04-04,5.76,5.82,5.6,5.72,88915703,606005424.0
2019-04-08,5.96,6.04,5.73,5.81,85270244,597647296.0
2019-04-09,5.8,5.9,5.71,5.76,56349528,389837828.0
2019-04-10,5.74,5.84,5.69,5.74,47223011,324780180.0
2019-04-11,5.73,5.75,5.54,5.62,56084855,377172290.0
2019-04-12,5.6,5.72,5.54,5.71,42924216,288746925.0
2019-04-15,5.8,5.87,5.65,5.65,56483315,389561162.0
2019-04-16,5.61,5.76,5.56,5.76,40368916,275031505.0
2019-04-17,5.76,5.81,5.67,5.7,38217934,261857366.0
2019-04-18,5.69,5.74,5.65,5.7,27220442,184967237.0
2019-04-19,5.7,5.76,5.63,5.75,32707830,222868286.0
2019-04-22,5.76,5.79,5.57,5.59,43271435,292168180.0
2019-04-23,5.58,5.6,5.38,5.41,46578423,304140101.0
2019-04-24,5.43,5.45,5.35,5.44,30183696,194946364.0
2019-04-25,5.42,5.43,5.24,5.25,35661509,227154413.0
2019-04-26,5.23,5.29,5.17,5.19,30608307,191082313.0
2019-04-29,5.19,5.24,5.07,5.11,30512301,188656513.0
2019-04-30,5.15,5.21,5.14,5.19,23114786,143079468.0
2019-05-06,5.02,5.08,4.72,4.8,45996152,269943538.0
2019-05-07,4.88,4.91,4.81,4.88,22859520,133083202.0
2019-05-08,4.81,4.95,4.78,4.92,27226845,159151969.0
2019-05-09,4.9,4.95,4.85,4.85,20546023,120291832.0
2019-05-10,4.91,5.0,4.81,5.0,26966670,159264967.0
2019-05-13,4.94,5.14,4.92,5.13,31026812,187216365.0
2019-05-14,5.04,5.12,5.03,5.09,15990073,97200950.0
2019-05-15,5.14,5.17,5.06,5.14,22095107,135280365.0
2019-05-16,5.14,5.16,5.09,5.09,16674781,101891427.0
2019-05-17,5.12,5.12,4.89,4.93,21219977,126733996.0
2019-05-20,4.92,4.96,4.84,4.94,15591992,91533453.0
2019-05-21,4.92,5.09,4.92,5.07,18538616,111469757.0
2019-05-22,5.06,5.15,5.05,5.11,20187554,123229019.0
2019-05-23,5.08,5.12,5.02,5.05,15050439,91174066.0
2019-05-24,5.01,5.08,5.0,5.05,9623232,57930430.0
2019-05-27,5.06,5.19,5.03,5.18,18889502,115981967.0
2019-05-28,5.19,5.2,5.09,5.2,18617057,114732136.0
2019-05-29,5.16,5.17,5.1,5.13,11743646,72046355.0
2019-05-30,5.1,5.13,5.04,5.1,13435758,81687750.0
2019-05-31,5.11,5.12,5.06,5.08,8749434,53236297.0
2019-06-03,5.08,5.11,4.95,4.98,14563731,87200542.0
2019-06-04,4.99,5.03,4.97,5.0,10594316,63177742.0
2019-06-05,5.02,5.12,5.01,5.09,16764401,101680201.0
2019-06-06,5.09,5.12,5.0,5.04,12434036,74970706.0
2019-06-10,5.2,5.23,5.11,5.14,26345052,163065606.0
2019-06-11,5.18,5.27,5.15,5.25,25222314,157423036.0
2019-06-12,5.23,5.27,5.2,5.2,14174627,88597043.0
2019-06-13,5.19,5.23,5.14,5.19,16502550,102288857.0
2019-06-14,5.19,5.24,5.14,5.15,16416033,101801353.0
2019-06-17,5.16,5.18,5.08,5.09,13526179,82775808.0
2019-06-18,5.11,5.13,5.08,5.09,10136026,61750234.0
2019-06-19,5.18,5.19,5.13,5.14,15545694,95805475.0
2019-06-20,5.14,5.24,5.11,5.21,19124895,118704186.0
2019-06-21,5.21,5.26,5.19,5.24,18404655,114966364.0
2019-06-24,5.24,5.25,5.19,5.22,10601380,66147064.0
2019-06-25,5.22,5.23,5.09,5.16,15588846,95864835.0
2019-06-26,5.14,5.19,5.13,5.16,7443243,45902064.0
2019-06-27,5.19,5.22,5.15,5.19,12348723,76639964.0
2019-06-28,5.2,5.2,5.11,5.13,9919897,59803655.0
2019-07-01,5.2,5.24,5.18,5.24,15940102,97423720.0
2019-07-02,5.23,5.23,5.18,5.2,11056506,67443042.0
2019-07-03,5.21,5.21,5.15,5.18,10990910,66621168.0
2019-07-04,5.18,5.24,5.17,5.21,12137449,74220706.0
2019-07-05,5.21,5.24,5.18,5.23,7276582,44494506.0
2019-07-08,5.24,5.24,5.11,5.12,13897887,84097485.0
2019-07-09,5.12,5.14,4.98,5.03,15828805,93755293.0
2019-07-10,5.02,5.05,4.95,4.97,12587137,73675499.0
2019-07-11,5.0,5.02,4.95,4.97,13435097,78471318.0
2019-07-12,4.97,5.02,4.95,4.99,12211842,71479865.0
2019-07-15,4.98,5.04,4.88,5.01,17646446,103112834.0
2019-07-16,5.0,5.04,4.99,5.03,11788485,69315245.0
2019-07-17,5.04,5.19,5.04,5.12,25541401,153817063.0
2019-07-18,5.12,5.13,5.05,5.07,11688663,69577099.0
2019-07-19,5.06,5.11,5.06,5.07,10225950,60994238.0
2019-07-22,5.09,5.09,4.93,5.0,14579890,85533357.0
2019-07-23,5.0,5.02,4.98,4.99,13027224,76341528.0
2019-07-24,5.01,5.06,5.0,5.02,10957742,64620730.0
2019-07-25,5.02,5.05,5.01,5.04,8079010,47627560.0
2019-07-26,5.05,5.06,4.98,5.01,12390632,72763742.0
2019-07-29,5.03,5.03,4.95,4.96,15393615,89979609.0
2019-07-30,4.97,5.02,4.97,5.0,12598987,73789329.0
2019-07-31,4.98,4.98,4.94,4.95,11322304,65735297.0
2019-08-01,4.94,4.95,4.89,4.91,16118115,92869931.0
2019-08-02,4.85,4.87,4.78,4.81,15647342,88423650.0
2019-08-05,4.79,4.82,4.75,4.75,13970789,78318737.0
2019-08-06,4.7,4.71,4.57,4.66,17260858,94016863.0
2019-08-07,4.67,4.67,4.63,4.64,6619831,36139637.0
2019-08-08,4.66,4.67,4.6,4.63,17302517,93900237.0
2019-08-09,4.64,4.66,4.58,4.59,9417547,50963427.0
2019-08-12,4.6,4.66,4.59,4.63,10764326,58459353.0
2019-08-13,4.62,4.62,4.57,4.6,11074200,59603013.0
2019-08-14,4.65,4.65,4.6,4.6,13780126,74673154.0
2019-08-15,4.52,4.61,4.5,4.6,15456195,82720173.0
2019-08-16,4.6,4.63,4.58,4.61,13501362,72917709.0
2019-08-19,4.62,4.73,4.61,4.73,16537850,90677366.0
2019-08-20,4.72,4.76,4.7,4.71,10299100,57075269.0
2019-08-21,4.69,4.72,4.66,4.69,8879948,48830277.0
2019-08-22,4.69,4.72,4.66,4.71,8959117,49208512.0
2019-08-23,4.7,4.71,4.66,4.66,8677291,47669026.0
2019-08-26,4.6,4.64,4.56,4.63,8357448,45168889.0
2019-08-27,4.65,4.72,4.64,4.67,14971482,82355373.0
2019-08-28,4.69,4.71,4.66,4.69,9103693,49907710.0
2019-08-29,4.7,4.71,4.66,4.71,7793990,42816048.0
2019-08-30,4.78,4.8,4.69,4.72,20853837,115766697.0
2019-09-02,4.69,4.85,4.69,4.83,24095007,135670943.0
2019-09-03,4.82,4.91,4.82,4.89,21031558,120090594.0
2019-09-04,4.89,4.99,4.89,4.96,25934481,150384852.0
2019-09-05,4.97,5.02,4.94,4.95,24172048,141542672.0
2019-09-06,4.95,5.0,4.93,5.0,12704528,73849457.0
2019-09-09,5.0,5.02,4.95,5.01,15910078,93167734.0
2019-09-10,4.99,5.05,4.98,5.04,14676186,86241839.0
2019-09-11,5.06,5.08,5.01,5.06,15300975,90623520.0
2019-09-12,5.08,5.12,5.06,5.12,21534789,128845933.0
2019-09-16,5.12,5.15,5.06,5.09,12758189,76383802.0
2019-09-17,5.06,5.09,4.98,5.01,14613841,86060243.0
2019-09-18,5.04,5.05,4.97,5.03,9975224,58636514.0
2019-09-19,5.03,5.04,4.99,5.01,8843301,51974151.0
2019-09-20,5.03,5.09,4.99,5.03,13702300,80829078.0
2019-09-23,5.03,5.03,4.93,4.95,12681002,73854874.0
2019-09-24,4.97,5.0,4.94,4.95,16663395,97088623.0
2019-09-25,4.95,4.95,4.89,4.9,11851797,68372432.0
2019-09-26,4.94,4.97,4.89,4.9,11810436,68374282.0
2019-09-27,4.9,4.96,4.87,4.89,10441655,60050160.0
2019-09-30,4.89,4.98,4.89,4.95,10632719,61596265.0
2019-10-08,4.96,4.98,4.82,4.87,19440309,111776931.0
2019-10-09,4.85,4.97,4.78,4.96,16253497,93736410.0
2019-10-10,4.97,5.03,4.95,5.02,15100435,88293308.0
2019-10-11,5.05,5.06,4.97,5.05,19295581,113743060.0
2019-10-14,5.46,5.46,5.23,5.38,96821159,606892995.0
2019-10-15,5.29,5.34,5.18,5.2,45125580,278349792.0
2019-10-16,5.24,5.26,5.15,5.19,27848254,169744166.0
2019-10-17,5.21,5.22,5.14,5.17,19021998,115123487.0
2019-10-18,5.16,5.18,5.06,5.11,27037135,161982548.0
2019-10-21,5.09,5.11,5.04,5.11,14074418,83759450.0
2019-10-22,5.11,5.12,5.05,5.1,12985960,77338046.0
2019-10-23,5.08,5.1,5.05,5.07,11085500,65977579.0
2019-10-24,5.08,5.08,5.04,5.05,8500655,50371404.0
2019-10-25,5.06,5.06,4.97,5.06,14191577,83556268.0
2019-10-28,5.05,5.13,5.03,5.12,18165306,108584221.0
2019-10-29,5.1,5.18,5.08,5.17,18474443,111445426.0
2019-10-30,5.14,5.19,5.11,5.18,19990103,120828347.0
2019-10-31,5.21,5.24,5.07,5.1,18313603,110331111.0
2019-11-01,5.1,5.21,5.06,5.17,31529368,189994359.0
2019-11-04,5.17,5.24,5.15,5.19,22967460,139974655.0
2019-11-05,5.19,5.25,5.14,5.24,24697064,150673797.0
2019-11-06,5.22,5.33,5.21,5.26,30910234,191477190.0
2019-11-07,5.28,5.34,5.24,5.29,23505522,145716418.0
2019-11-08,5.32,5.34,5.22,5.23,24715824,152787567.0
2019-11-11,5.2,5.23,5.13,5.18,19669563,119410398.0
2019-11-12,5.19,5.27,5.12,5.26,19278287,117401909.0
2019-11-13,5.26,5.26,5.18,5.21,13191032,80546254.0
2019-11-14,5.24,5.36,5.21,5.33,26966563,167964699.0
2019-11-15,5.33,5.35,5.26,5.29,17686910,109724493.0
2019-11-18,5.28,5.33,5.24,5.31,16500235,102426872.0
2019-11-19,5.31,5.35,5.3,5.33,19661368,122970136.0
2019-11-20,5.33,5.35,5.24,5.24,17526760,108431016.0
2019-11-21,5.23,5.3,5.22,5.27,12190543,75076202.0
2019-11-22,5.28,5.3,5.1,5.23,23415778,143330748.0
2019-11-25,5.23,5.39,5.21,5.37,32135691,201061322.0
2019-11-26,5.4,5.47,5.34,5.47,46102038,293151019.0
2019-11-27,5.47,5.47,5.36,5.38,19219364,121855003.0
2019-11-28,5.39,5.44,5.32,5.35,17053319,107233063.0
2019-11-29,5.35,5.37,5.28,5.31,15810432,98375208.0
2019-12-02,5.31,5.34,5.24,5.33,18491825,114885749.0
2019-12-03,5.3,5.38,5.28,5.37,18526708,115960599.0
2019-12-04,5.34,5.38,5.3,5.33,12775310,79903346.0
2019-12-05,5.35,5.35,5.27,5.3,21110199,131266341.0
2019-12-06,5.3,5.31,5.23,5.27,15899480,98106807.0
2019-12-09,5.31,5.33,5.27,5.31,18511204,115007962.0
2019-12-10,5.3,5.42,5.29,5.39,25616807,161661878.0
2019-12-11,5.41,5.42,5.35,5.37,16195080,102057180.0
2019-12-12,5.39,5.41,5.35,5.39,24813453,156761519.0
2019-12-13,5.43,5.5,5.4,5.47,40725935,260570926.0
2019-12-16,5.49,5.56,5.46,5.5,30488970,196284853.0
2019-12-17,5.48,5.55,5.46,5.54,29727303,192084392.0
2019-12-18,5.53,5.57,5.47,5.49,25891979,167673654.0
2019-12-19,5.51,5.59,5.49,5.55,22169782,144184935.0
2019-12-20,5.58,5.59,5.48,5.5,17281351,111766148.0
2019-12-23,5.47,5.49,5.4,5.4,20064365,128043621.0
2019-12-24,5.41,5.42,5.38,5.41,13798182,87382765.0
2019-12-25,5.4,5.43,5.36,5.38,14031596,88772919.0
2019-12-26,5.38,5.51,5.38,5.47,20371869,130393133.0
2019-12-27,5.49,5.51,5.41,5.43,19982614,127985510.0
2019-12-30,5.46,5.48,5.41,5.48,21176135,135428727.0
2019-12-31,5.48,5.51,5.46,5.49,16328594,104955044.0
2020-01-02,5.53,5.61,5.5,5.56,38548833,251085564.0
2020-01-03,5.57,5.59,5.51,5.53,24213224,157319491.0
2020-01-06,5.53,5.67,5.49,5.59,45507577,298860016.0
2020-01-07,5.61,5.64,5.58,5.63,25284412,166363979.0
2020-01-08,5.59,5.67,5.59,5.59,27320315,180213683.0
2020-01-09,5.63,5.71,5.61,5.7,27254671,181269078.0
2020-01-10,5.67,5.7,5.64,5.7,16348819,108793792.0
2020-01-13,5.7,5.83,5.68,5.83,33863863,229104944.0
2020-01-14,5.88,5.88,5.73,5.74,24824698,168030559.0
2020-01-15,5.74,5.74,5.64,5.7,19742189,131581175.0
2020-01-16,5.71,5.76,5.7,5.71,16913018,113571082.0
2020-01-17,5.72,5.78,5.7,5.75,14075396,94815068.0
2020-01-20,5.85,6.18,5.8,6.12,74372017,526456966.0
2020-01-21,6.07,6.32,6.05,6.19,58975220,428546829.0
2020-01-22,6.16,6.33,6.04,6.25,54298934,393577628.0
2020-01-23,6.18,6.22,5.94,5.99,46260749,328452542.0
2020-02-03,5.41,5.61,5.39,5.39,61912869,396112357.0
2020-02-04,5.31,5.81,5.3,5.74,66450884,440700634.0
2020-02-05,5.7,5.83,5.67,5.75,56582245,380934264.0
2020-02-06,5.74,6.11,5.73,6.0,50984803,357497826.0
2020-02-07,5.95,6.11,5.93,6.07,30679063,216902341.0
2020-02-10,6.31,6.39,6.1,6.18,47897082,350081811.0
2020-02-11,6.15,6.22,6.06,6.1,28653907,205794950.0
2020-02-12,6.09,6.35,6.04,6.27,38471933,280387174.0
2020-02-13,6.22,6.27,6.05,6.1,34742846,249457082.0
2020-02-14,6.05,6.16,6.03,6.08,23410326,166771153.0
2020-02-17,6.11,6.26,6.08,6.23,28650367,207755162.0
2020-02-18,6.23,6.23,6.11,6.15,26833108,193578256.0
2020-02-19,6.11,6.22,6.04,6.05,28547341,204320480.0
2020-02-20,6.08,6.26,6.04,6.24,38971584,281831993.0
2020-02-21,6.21,6.33,6.16,6.28,37169220,271873484.0
2020-02-24,6.22,6.26,6.06,6.15,39826748,286385203.0
2020-02-25,6.0,6.02,5.84,5.96,55068983,383159009.0
2020-02-26,5.84,6.16,5.79,6.12,59753478,421254805.0
2020-02-27,6.08,6.16,6.02,6.11,36126313,257409744.0
2020-02-28,5.88,6.04,5.8,5.93,40889156,284140163.0
2020-03-02,5.94,6.47,5.93,6.46,81123467,598631218.0
2020-03-03,6.53,6.6,6.33,6.38,63268122,477626353.0
2020-03-04,6.32,6.52,6.3,6.45,43420680,326134908.0
2020-03-05,6.45,6.56,6.41,6.47,47234407,358570890.0
2020-03-06,6.39,6.48,6.26,6.27,34756657,258242512.0
2020-03-09,6.11,6.22,5.82,5.89,56817048,397021872.0
2020-03-10,5.84,6.07,5.84,6.0,38892708,272029527.0
2020-03-11,6.01,6.04,5.88,5.88,26253791,183142204.0
2020-03-12,5.81,5.95,5.7,5.83,34216924,233244263.0
2020-03-13,5.56,5.76,5.53,5.67,38470807,253619334.0
2020-03-16,5.7,5.7,5.32,5.33,42411128,273853250.0
2020-03-17,5.36,5.48,5.22,5.39,31037720,195585442.0
2020-03-18,5.45,5.49,5.24,5.26,36680238,231293928.0
2020-03-19,5.23,5.3,5.11,5.16,34750903,211198831.0
2020-03-20,5.21,5.24,5.04,5.19,43944349,265012933.0
2020-03-23,5.03,5.06,4.92,4.95,37396694,218581934.0
2020-03-24,5.01,5.06,4.92,5.03,34854994,204351848.0
2020-03-25,5.14,5.22,5.06,5.16,46014305,276796168.0
2020-03-26,5.12,5.13,5.01,5.03,35851638,213261067.0
2020-03-27,5.09,5.18,5.03,5.06,38663099,231520818.0
2020-03-30,5.05,5.1,4.95,5.08,35043151,206654135.0
2020-03-31,5.13,5.19,5.07,5.09,33910509,204600200.0
2020-04-01,5.07,5.17,5.01,5.02,30870789,184275516.0
2020-04-02,5.01,5.12,4.99,5.12,27008264,160182276.0
2020-04-03,5.11,5.11,5.01,5.02,27476262,162262332.0
2020-04-07,5.1,5.14,5.07,5.13,43003465,258054826.0
2020-04-08,5.12,5.21,5.09,5.16,35302296,213214716.0
2020-04-09,5.2,5.21,5.14,5.15,17563347,106526141.0
2020-04-10,5.15,5.16,5.06,5.06,20500251,122806057.0
2020-04-13,5.06,5.07,5.01,5.07,14587935,86344777.0
2020-04-14,5.08,5.15,5.06,5.14,21515192,128809113.0
2020-04-15,5.15,5.3,5.12,5.2,32138269,196855344.0
2020-04-16,5.17,5.3,5.17,5.24,23690167,145813532.0
2020-04-17,5.28,5.34,5.22,5.24,27744957,171551779.0
2020-04-20,5.28,5.34,5.21,5.24,24898243,153433632.0
2020-04-21,5.21,5.23,5.13,5.19,23498533,142484380.0
2020-04-22,5.14,5.21,5.12,5.18,17791493,107969471.0
2020-04-23,5.22,5.22,5.12,5.18,21902669,133128824.0
2020-04-24,5.19,5.3,5.15,5.24,30626411,187857546.0
2020-04-27,5.24,5.28,5.15,5.15,27334625,166552320.0
2020-04-28,5.12,5.16,4.95,5.08,27809642,164808602.0
2020-04-29,5.06,5.28,5.05,5.21,19906064,120780863.0
2020-04-30,5.22,5.27,5.2,5.26,27616287,169778688.0
2020-05-06,5.22,5.28,5.15,5.2,48110374,292853835.0
2020-05-07,5.17,5.18,5.11,5.12,26996306,162455926.0
2020-05-08,5.14,5.15,5.08,5.13,31885778,191336522.0
2020-05-11,5.12,5.15,5.09,5.1,32159458,192674643.0
2020-05-12,5.09,5.1,4.98,5.06,45607523,268888768.0
2020-05-13,5.01,5.02,4.95,4.98,38900374,226846998.0
2020-05-14,4.98,4.99,4.94,4.95,22892006,133207453.0
2020-05-15,4.96,4.97,4.93,4.95,17739309,103028709.0
2020-05-18,4.97,4.99,4.93,4.96,19268221,112178933.0
2020-05-19,4.99,5.0,4.95,4.97,19036714,110992102.0
2020-05-20,4.96,4.96,4.92,4.92,17892226,103519784.0
2020-05-21,4.93,4.94,4.77,4.78,36220002,205544086.0
2020-05-22,4.78,4.8,4.69,4.73,31746896,176149373.0
2020-05-25,4.73,4.83,4.72,4.75,18815757,105171727.0
2020-05-26,4.75,4.81,4.74,4.78,18382877,103065012.0
2020-05-27,4.78,4.82,4.76,4.78,13813105,77364843.0
2020-05-28,4.78,4.81,4.72,4.76,12559812,70235344.0
2020-05-29,4.75,4.75,4.68,4.74,26039022,143898965.0
2020-06-01,4.74,4.89,4.72,4.86,45886670,258716068.0
2020-06-02,4.85,4.86,4.82,4.86,31575725,179136244.0
2020-06-03,4.85,4.89,4.82,4.83,34305681,195137106.0
2020-06-04,4.83,4.83,4.76,4.77,25624374,143733996.0
2020-06-05,4.78,4.78,4.73,4.76,16595073,92452293.0
2020-06-08,4.77,4.81,4.74,4.75,21980560,123005015.0
2020-06-09,4.75,4.79,4.73,4.77,25327245,141402398.0
2020-06-10,4.76,4.76,4.7,4.72,26677568,147520466.0
2020-06-11,4.72,4.73,4.68,4.69,26235942,144566974.0
2020-06-12,4.62,4.66,4.6,4.64,28812614,156610394.0
2020-06-15,4.61,4.66,4.59,4.59,23757153,128604880.0
2020-06-16,4.6,4.66,4.59,4.65,25313549,137440664.0
2020-06-17,4.65,4.67,4.62,4.65,20795409,113117216.0
2020-06-18,4.64,4.79,4.63,4.77,47518525,263458147.0
2020-06-19,4.77,4.79,4.74,4.76,29277195,163522035.0
2020-06-22,4.76,4.8,4.74,4.75,24679581,138038857.0
2020-06-23,4.75,4.76,4.66,4.67,29489096,162383813.0
2020-06-24,4.67,4.72,4.67,4.72,17673857,97337974.0
2020-06-29,4.69,4.71,4.65,4.66,19015062,104151700.0
2020-06-30,4.68,4.69,4.66,4.67,14611957,80112406.0
2020-07-01,4.68,4.8,4.67,4.8,41933041,233887517.0
2020-07-02,4.81,4.92,4.79,4.92,53308861,304459222.0
2020-07-03,4.94,5.02,4.92,4.97,58677329,341952682.0
2020-07-06,5.03,5.27,5.03,5.27,98784307,597514356.0
2020-07-07,5.33,5.41,5.14,5.14,109947431,672882735.0
2020-07-08,5.11,5.42,5.1,5.32,106099869,654267068.0
2020-07-09,5.32,5.38,5.24,5.35,83749104,521939771.0
2020-07-10,5.37,5.5,5.26,5.3,88153943,555091495.0
2020-07-13,5.24,5.44,5.22,5.4,80564515,503784593.0
2020-07-14,5.35,5.41,5.23,5.3,60846412,379426689.0
2020-07-15,5.33,5.35,5.13,5.15,58497103,347182581.0
2020-07-16,5.15,5.25,5.04,5.05,53343859,312792533.0
2020-07-17,5.07,5.12,5.04,5.06,38725665,223644323.0
2020-07-20,5.11,5.31,5.08,5.29,56101598,333976024.0
2020-07-21,5.29,5.36,5.27,5.31,45924376,277166320.0
2020-07-22,5.3,5.34,5.23,5.25,52247040,314104771.0
2020-07-23,5.2,5.23,5.07,5.23,48279068,283478818.0
2020-07-24,5.18,5.26,5.04,5.04,39174471,228836343.0
2020-07-27,5.05,5.08,4.97,5.02,24633156,140368634.0
2020-07-28,5.03,5.06,4.97,4.99,27496237,156750212.0
2020-07-29,4.99,5.08,4.96,5.07,25209001,144285343.0
2020-07-30,5.09,5.1,5.01,5.03,27853186,160100975.0
2020-07-31,5.05,5.08,4.99,5.06,34144695,196096517.0
2020-08-03,5.08,5.16,5.07,5.15,34288479,199858817.0
2020-08-04,5.18,5.22,5.11,5.18,37196735,218679543.0
2020-08-05,5.16,5.17,5.08,5.13,27875895,162388806.0
2020-08-06,5.12,5.14,5.04,5.08,28807552,166430242.0
2020-08-07,5.08,5.08,4.96,4.99,27122940,154383255.0
2020-08-10,5.01,5.16,4.99,5.13,49926684,289681924.0
2020-08-11,5.16,5.2,5.05,5.06,43068709,251345506.0
2020-08-12,5.04,5.11,4.97,5.05,40674856,232560992.0
2020-08-13,5.05,5.1,5.03,5.05,32671492,188323542.0
2020-08-14,5.05,5.11,5.03,5.11,28290286,163030789.0
2020-08-17,5.12,5.26,5.1,5.26,65510001,387232074.0
2020-08-18,5.26,5.3,5.2,5.27,49658188,297237044.0
2020-08-19,5.29,5.3,5.21,5.22,36436566,217437289.0
2020-08-20,5.21,5.24,5.12,5.14,29090635,171174914.0
2020-08-21,5.15,5.18,5.08,5.12,30606000,178327376.0
2020-08-24,5.13,5.29,5.11,5.27,56325829,335350374.0
2020-08-25,5.27,5.27,5.16,5.17,30025329,178004878.0
2020-08-26,5.16,5.18,5.07,5.11,27012876,157468514.0
2020-08-27,5.09,5.13,5.07,5.12,17011484,98698397.0
2020-08-28,5.11,5.17,5.07,5.17,27284992,158910142.0
2020-08-31,5.17,5.21,5.1,5.15,36071040,211634268.0
2020-09-01,5.13,5.13,5.05,5.07,32163328,185886486.0
2020-09-02,5.07,5.13,5.0,5.09,31208859,179798480.0
2020-09-03,5.06,5.12,5.05,5.06,22428197,129340963.0
2020-09-04,5.01,5.05,4.99,5.01,20869641,118926146.0
2020-09-07,4.99,5.03,4.91,4.91,34008870,192255246.0
2020-09-08,4.93,4.97,4.9,4.95,19503475,109427764.0
2020-09-09,4.91,4.97,4.89,4.91,19513394,109378501.0
2020-09-10,4.95,4.95,4.82,4.85,25288446,140214768.0
2020-09-11,4.84,4.87,4.82,4.85,14789916,81505655.0
2020-09-14,4.87,4.87,4.82,4.85,13519800,74529161.0
2020-09-15,4.86,4.88,4.84,4.87,12201115,67473492.0
2020-09-16,4.88,4.91,4.84,4.88,11273399,62493212.0
2020-09-17,4.87,4.89,4.81,4.87,14892344,82307076.0
2020-09-18,4.87,4.97,4.85,4.94,27329374,153289341.0
2020-09-21,4.96,4.97,4.91,4.92,16929336,95129002.0
2020-09-22,4.9,4.91,4.84,4.84,17439221,96669636.0
2020-09-23,4.87,4.88,4.82,4.84,11670600,64236004.0
2020-09-24,4.81,4.82,4.69,4.69,29100083,157206817.0
2020-09-25,4.71,4.73,4.69,4.72,12307964,65956516.0
2020-09-28,4.72,4.81,4.72,4.77,15098615,81977127.0
2020-09-29,4.76,4.78,4.73,4.74,10876448,58816819.0
2020-09-30,4.73,4.76,4.71,4.73,8015881,43163066.0
2020-10-09,4.76,4.81,4.76,4.78,11791680,64274353.0
2020-10-12,4.79,4.87,4.79,4.87,17969809,99019737.0
2020-10-13,4.87,4.87,4.82,4.82,11802436,64854732.0
2020-10-14,4.83,4.84,4.76,4.77,14434134,78577146.0
2020-10-15,4.79,4.8,4.74,4.76,15765914,85514711.0
2020-10-16,4.76,4.79,4.76,4.76,13055265,70824180.0
2020-10-19,4.77,4.84,4.77,4.78,17730721,96927868.0
2020-10-20,4.78,4.8,4.76,4.79,10956633,59515418.0
2020-10-21,4.79,4.8,4.74,4.78,14850341,80464105.0
2020-10-22,4.76,4.79,4.75,4.77,9034579,49019158.0
2020-10-23,4.77,4.84,4.76,4.82,16880541,92371466.0
2020-10-26,4.82,4.85,4.77,4.8,17331113,94873931.0
2020-10-27,4.77,4.78,4.71,4.76,15952313,86146798.0
2020-10-28,4.72,4.76,4.72,4.75,11514861,62133422.0
2020-10-29,4.71,4.74,4.69,4.71,14643877,78499924.0
2020-10-30,4.71,4.74,4.61,4.65,19075000,101466743.0
2020-11-02,4.71,4.86,4.7,4.85,48315573,263616531.0
2020-11-03,4.85,4.96,4.83,4.91,37687708,210550697.0
2020-11-04,4.92,4.93,4.86,4.9,17762554,98857981.0
2020-11-05,4.93,5.0,4.91,4.98,28652079,161899957.0
2020-11-06,4.99,5.06,4.95,5.04,35303790,201572221.0
2020-11-09,5.07,5.13,5.05,5.08,44871157,259887570.0
2020-11-10,5.12,5.18,5.07,5.08,43473087,253287366.0
2020-11-11,5.1,5.18,5.05,5.12,37918005,221089271.0
2020-11-12,5.1,5.12,5.04,5.05,23724055,136618352.0
2020-11-13,5.03,5.05,4.98,5.05,22754177,129936062.0
2020-11-16,5.11,5.35,5.09,5.33,96823791,577060090.0
2020-11-17,5.31,5.38,5.26,5.3,58225049,352171198.0
2020-11-18,5.3,5.43,5.25,5.36,62868303,383460692.0
2020-11-19,5.34,5.45,5.27,5.3,47668792,290444908.0
2020-11-20,5.29,5.35,5.21,5.35,35952608,216569747.0
2020-11-23,5.36,5.67,5.36,5.58,91548791,578092459.0
2020-11-24,5.69,5.72,5.53,5.61,50695661,322808619.0
2020-11-25,5.68,5.75,5.57,5.62,57666488,371687000.0
2020-11-26,5.63,5.71,5.56,5.6,44009272,281773141.0
2020-11-27,5.64,5.68,5.5,5.68,45574431,290991959.0
2020-11-30,5.72,5.9,5.64,5.71,79698686,523935479.0
2020-12-01,5.71,5.75,5.61,5.71,40639639,262863592.0
2020-12-02,5.69,5.71,5.59,5.61,35628724,228683263.0
2020-12-03,5.63,5.71,5.51,5.63,50259452,320178339.0
2020-12-04,5.63,5.65,5.51,5.53,33008578,208652462.0
2020-12-07,5.51,5.57,5.47,5.5,31049418,194908688.0
2020-12-08,5.48,5.55,5.41,5.42,33937839,210609322.0
2020-12-09,5.43,5.43,5.28,5.28,34311249,209276284.0
2020-12-10,5.29,5.34,5.18,5.21,47673593,284808103.0
2020-12-11,5.23,5.24,5.08,5.13,47514524,277304731.0
2020-12-14,5.13,5.15,4.99,5.05,42511820,244463188.0
2020-12-15,5.06,5.12,5.04,5.06,32039380,184910086.0
2020-12-16,5.06,5.11,4.98,5.05,29233154,167706388.0
2020-12-17,5.04,5.13,4.95,5.12,36935382,212184569.0
2020-12-18,5.2,5.3,5.15,5.17,60285427,357249074.0
2020-12-21,5.14,5.15,5.05,5.1,42377991,245884983.0
2020-12-22,5.04,5.05,4.91,4.91,52892667,299427937.0
2020-12-23,4.91,5.01,4.79,4.98,49047250,274182319.0
2020-12-24,4.95,5.07,4.94,4.95,25891483,147352135.0
2020-12-25,4.92,5.07,4.92,5.05,27340355,156537020.0
2020-12-28,5.01,5.13,5.0,5.06,33191961,191405971.0
2020-12-29,5.08,5.15,5.05,5.09,31084804,180458760.0
2020-12-30,5.06,5.13,5.04,5.09,31367976,181399591.0
2020-12-31,5.08,5.2,5.06,5.16,38246052,224066823.0
2021-01-04,5.2,5.21,5.09,5.14,45088645,263300845.0
2021-01-05,5.1,5.12,4.97,5.05,58259022,333859294.0
2021-01-06,5.04,5.23,5.01,5.17,56407229,330037326.0
2021-01-07,5.15,5.17,5.02,5.1,52603021,305212212.0
2021-01-08,5.06,5.12,5.01,5.05,42100104,242519883.0
2021-01-11,5.05,5.07,4.88,4.91,51854122,293657184.0
2021-01-12,4.88,5.03,4.88,4.99,55526693,312649929.0
2021-01-13,4.94,5.49,4.92,5.49,205332287,1252445490.0
2021-01-14,5.49,6.05,5.42,5.64,302933058,1972634785.0
2021-01-15,5.64,5.86,5.48,5.71,182224126,1173462524.0
2021-01-18,5.68,5.77,5.48,5.56,160677197,1017354408.0
2021-01-19,5.53,5.55,5.35,5.37,134691194,832963281.0
2021-01-20,5.36,5.41,5.3,5.32,102971825,626623472.0
2021-01-21,5.32,5.36,5.25,5.26,107333041,645496546.0
2021-01-22,5.3,5.35,5.21,5.26,110755865,665258163.0
2021-01-25,5.23,5.23,5.04,5.1,103223747,599410674.0
2021-01-26,5.09,5.16,5.04,5.07,68692589,398240866.0
2021-01-27,5.06,5.26,5.06,5.11,78182347,458855310.0
2021-01-28,5.06,5.08,4.93,4.95,69820231,397226377.0
2021-01-29,4.98,5.0,4.82,4.86,60804536,339526301.0
2021-02-01,4.79,4.94,4.79,4.93,40782244,227075809.0
2021-02-02,4.92,4.98,4.89,4.93,39885249,224096984.0
2021-02-03,4.91,4.93,4.81,4.82,41573636,229954428.0
2021-02-04,4.82,4.85,4.73,4.85,43444395,236505318.0
2021-02-05,4.84,5.04,4.82,4.96,57622565,323165524.0
2021-02-08,4.97,5.05,4.91,4.99,44820171,254706979.0
2021-02-09,5.05,5.49,5.04,5.49,116062642,700275687.0
2021-02-10,5.53,5.58,5.42,5.53,130800110,820874958.0
2021-02-18,5.73,5.81,5.58,5.68,137905751,892311436.0
2021-02-19,5.72,5.95,5.71,5.83,133604501,886821124.0
2021-02-22,5.91,6.22,5.91,6.0,155034400,1070874513.0
2021-02-23,5.93,6.05,5.74,5.75,123568662,824447557.0
2021-02-24,5.79,5.87,5.51,5.56,126298151,812496707.0
2021-02-25,5.64,5.68,5.54,5.56,125378220,799096896.0
2021-02-26,5.42,5.47,5.35,5.38,88984680,546944267.0
2021-03-01,5.45,5.52,5.41,5.49,67285798,418500221.0
2021-03-02,5.5,5.5,5.38,5.42,56675887,349951887.0
2021-03-03,5.42,5.96,5.37,5.96,149711449,984462034.0
2021-03-04,5.96,6.25,5.91,6.03,197348828,1366580275.0
2021-03-05,5.93,6.02,5.83,5.87,100936753,677367902.0
2021-03-08,5.96,6.22,5.89,5.89,105320258,722009655.0
2021-03-09,5.89,6.2,5.85,5.91,126762169,867581013.0
2021-03-10,5.94,6.0,5.65,5.83,91882449,611624972.0
2021-03-11,5.82,6.12,5.78,6.07,99944415,680410943.0
2021-03-12,6.1,6.11,5.93,6.05,90382934,619138414.0
2021-03-15,6.0,6.37,5.96,6.22,138773419,980717081.0
2021-03-16,6.24,6.37,6.18,6.27,109721380,783620207.0
2021-03-17,6.23,6.39,5.96,6.03,125645426,872527261.0
2021-03-18,5.98,6.13,5.93,6.0,80801180,552587150.0
2021-03-19,5.92,5.98,5.8,5.83,88889775,594600313.0
2021-03-22,5.83,6.04,5.78,5.97,78608385,530503819.0
2021-03-23,5.98,6.0,5.83,5.91,53509544,360094804.0
2021-03-24,5.87,5.94,5.77,5.79,61939463,411321215.0
2021-03-25,5.76,5.84,5.65,5.71,55382594,361287757.0
2021-03-26,5.74,5.83,5.73,5.77,43830059,288009628.0
2021-03-29,5.8,6.0,5.73,5.88,61184086,408977061.0
2021-03-30,5.88,5.98,5.82,5.91,49992481,336388890.0
2021-03-31,5.9,6.2,5.87,6.15,105348814,729094050.0
2021-04-01,6.22,6.29,6.08,6.19,85347320,599437105.0
2021-04-02,6.19,6.22,6.02,6.07,66632553,460932228.0
2021-04-06,6.05,6.12,6.02,6.06,35350453,243754100.0
2021-04-07,6.03,6.12,5.98,6.07,43134073,296554989.0
2021-04-08,6.03,6.05,5.93,5.95,49360512,335153441.0
2021-04-09,5.98,6.01,5.88,5.91,35231352,237747334.0
2021-04-12,5.91,6.01,5.85,5.95,37620052,253958297.0
2021-04-13,5.93,5.93,5.71,5.78,64465436,424017245.0
2021-04-14,5.76,5.83,5.72,5.8,37299971,245041241.0
2021-04-15,5.79,5.8,5.73,5.8,20431293,134037353.0
2021-04-16,5.88,5.9,5.78,5.79,41522475,275251703.0
2021-04-19,5.8,5.88,5.75,5.85,44587165,296221873.0
2021-04-20,5.84,5.85,5.72,5.73,40705576,267281244.0
2021-04-21,5.7,5.73,5.67,5.71,31283064,202847582.0
2021-04-22,5.71,5.76,5.6,5.64,42400095,273179399.0
2021-04-23,5.62,5.64,5.55,5.63,36345483,231120825.0
2021-04-26,5.61,5.71,5.56,5.6,35349798,226427052.0
2021-04-27,5.63,5.63,5.51,5.59,26615321,168195032.0
2021-04-28,5.56,5.73,5.55,5.71,37079391,238379206.0
2021-04-29,5.72,5.72,5.5,5.57,67036301,424234646.0
2021-04-30,5.56,5.64,5.51,5.54,37025538,234244590.0
2021-05-06,5.55,5.77,5.53,5.67,63099303,407869469.0
2021-05-07,5.67,5.96,5.65,5.85,91655922,608797490.0
2021-05-10,5.89,5.94,5.78,5.91,55255352,368284125.0
2021-05-11,5.85,5.89,5.76,5.85,40599124,268681445.0
2021-05-12,5.84,5.85,5.78,5.84,35491114,234845121.0
2021-05-13,5.8,5.81,5.64,5.67,43997988,286113489.0
2021-05-14,5.71,5.74,5.65,5.71,29568075,191543732.0
2021-05-17,5.71,5.96,5.67,5.93,68876569,458199286.0
2021-05-18,5.93,5.93,5.81,5.89,32480412,216871375.0
2021-05-19,5.87,5.88,5.76,5.78,29978479,197798902.0
2021-05-20,5.75,5.77,5.65,5.72,34332237,222530058.0
2021-05-21,5.69,5.72,5.61,5.62,35603253,229308756.0
2021-05-24,5.62,5.68,5.59,5.61,26177817,167359909.0
2021-05-25,5.64,5.7,5.57,5.68,42442883,272875037.0
2021-05-26,5.66,5.67,5.59,5.64,44380991,284007563.0
2021-05-27,5.64,5.64,5.59,5.6,36413138,232477839.0
2021-05-28,5.6,5.64,5.58,5.61,30737559,195928138.0
2021-05-31,5.62,5.63,5.55,5.55,34706683,219558963.0
2021-06-01,5.56,5.56,5.43,5.48,50946681,317401999.0
2021-06-02,5.48,5.51,5.46,5.49,26074564,162718291.0
2021-06-03,5.52,5.56,5.49,5.53,28735443,180639076.0
2021-06-04,5.51,5.67,5.51,5.63,47363966,302703835.0
2021-06-07,5.62,5.98,5.6,5.88,96255658,635911081.0
2021-06-08,5.86,5.97,5.79,5.91,78261955,525236520.0
2021-06-09,5.92,6.02,5.85,5.93,56179397,378926377.0
2021-06-10,5.97,6.16,5.91,6.06,90513818,602879379.0
2021-06-11,6.05,6.39,6.04,6.35,153911584,1056519393.0
2021-06-15,6.38,6.53,6.17,6.35,117970450,820442231.0
2021-06-16,6.36,6.98,6.34,6.96,223448974,1686941870.0
2021-06-17,6.83,6.94,6.65,6.79,163975525,1224292155.0
2021-06-18,6.79,7.32,6.78,7.1,156071016,1209787799.0
2021-06-21,7.05,7.56,6.88,7.36,129600365,1040353450.0
2021-06-22,7.3,7.58,7.26,7.49,100802553,824164338.0
2021-06-23,7.49,7.57,7.35,7.45,79424095,651275851.0
2021-06-24,7.48,7.62,7.3,7.38,65402454,533551189.0
2021-06-25,7.39,7.59,7.36,7.41,58136430,476626814.0
2021-06-28,7.69,8.16,7.68,8.16,100749676,898124275.0
2021-06-29,8.19,8.33,7.86,7.9,161874243,1442221060.0
2021-06-30,8.02,8.17,7.86,7.96,86837785,764795022.0
2021-07-01,7.97,8.09,7.58,7.58,75618199,651217679.0
2021-07-02,7.5,7.9,7.37,7.66,76773410,649521821.0
2021-07-05,7.65,7.86,7.36,7.49,76049223,630137590.0
2021-07-06,7.57,8.06,7.47,7.77,88312417,757132196.0
2021-07-07,7.69,7.78,7.48,7.69,53369019,447367105.0
2021-07-08,7.68,7.94,7.62,7.74,59789629,509686096.0
2021-07-09,7.83,8.0,7.53,7.91,71160575,608614708.0
2021-07-12,7.99,8.42,7.64,7.69,143953078,1259141127.0
2021-07-13,7.67,8.0,7.59,7.83,79072660,682205519.0
2021-07-14,7.86,8.2,7.74,7.81,81090109,709843316.0
2021-07-15,7.96,8.03,7.79,7.97,50882692,443185976.0
2021-07-16,7.96,8.37,7.84,8.16,111345142,1002424635.0
2021-07-19,8.16,8.58,8.1,8.26,104014326,954586258.0
2021-07-20,8.18,8.3,7.89,8.24,90885218,808990061.0
2021-07-21,8.19,9.0,7.99,8.81,135345836,1274291205.0
2021-07-22,8.69,8.81,8.61,8.7,77985430,746689618.0
2021-07-23,8.68,9.03,8.59,8.76,85446885,826908122.0
2021-07-26,8.78,8.96,8.36,8.73,79724924,758037292.0
2021-07-27,8.63,8.91,8.15,8.17,91756333,859614271.0
2021-07-28,8.14,8.36,7.91,8.2,67635182,605483661.0
2021-07-29,8.26,8.46,7.86,7.96,89942148,795760545.0
2021-07-30,7.96,8.05,7.66,7.94,89372336,771674358.0
2021-08-02,7.91,8.48,7.83,8.31,74543848,673664451.0
2021-08-03,8.26,8.48,8.17,8.41,65102147,595765328.0
2021-08-04,8.54,8.61,8.28,8.54,71955183,669302175.0
2021-08-05,8.43,8.93,8.39,8.8,74558326,714730793.0
2021-08-06,8.74,8.97,8.61,8.66,52991693,509054578.0
2021-08-09,8.66,8.69,8.41,8.57,47978652,449553658.0
2021-08-10,8.71,9.43,8.69,9.43,175126552,1780997199.0
2021-08-11,9.27,9.5,9.16,9.44,102910626,1062425187.0
2021-08-12,9.42,9.46,9.05,9.2,91454011,925600932.0
2021-08-13,9.28,10.12,9.16,10.08,208978851,2288248649.0
2021-08-16,10.09,10.46,9.89,10.31,153528207,1723000104.0
2021-08-17,10.32,10.41,9.52,9.58,117663950,1281506166.0
2021-08-18,9.82,9.84,9.2,9.29,107193793,1114267941.0
2021-08-19,9.26,9.5,9.07,9.18,102951768,1049081770.0
2021-08-20,9.23,9.27,8.7,8.86,111057704,1087476904.0
2021-08-23,9.0,9.26,8.79,9.13,85103012,847104935.0
2021-08-24,9.14,9.41,9.06,9.27,84068548,852418778.0
2021-08-25,9.3,9.79,9.14,9.64,86705059,905755688.0
2021-08-26,9.75,10.5,9.66,10.26,131734494,1463570652.0
2021-08-27,10.09,11.29,10.07,11.29,188835175,2285992255.0
2021-08-30,11.46,12.42,11.42,12.11,246278540,3253675611.0
2021-08-31,11.92,12.65,11.81,12.29,156677738,2114051192.0
2021-09-01,12.57,12.87,11.58,11.68,219100108,2903121363.0
2021-09-02,12.07,12.86,11.71,12.86,151590918,2054529100.0
2021-09-03,13.18,13.55,12.19,12.61,189231258,2662662807.0
2021-09-06,12.8,13.13,11.83,12.27,161436665,2183538438.0
2021-09-07,12.24,12.8,12.17,12.72,116708091,1607112226.0
2021-09-08,12.27,12.61,11.91,12.46,110472206,1499086221.0
2021-09-09,12.41,13.7,12.06,13.7,122830087,1775713225.0
2021-09-10,13.95,14.02,12.33,12.35,245948370,3549608712.0
2021-09-13,11.91,12.41,11.67,12.23,166441811,2203119773.0
2021-09-14,12.09,12.13,11.43,11.74,123145461,1589856588.0
2021-09-15,11.69,11.89,11.42,11.7,82807013,1058915765.0
2021-09-16,11.87,12.06,11.16,11.3,127900034,1633776082.0
2021-09-17,11.32,11.53,10.89,11.02,112093161,1373528086.0
2021-09-22,10.81,11.35,10.63,11.28,98946509,1206777265.0
2021-09-23,11.44,11.47,10.88,11.14,82008913,1002656599.0
2021-09-24,11.01,11.12,10.46,10.56,114032784,1346799416.0
2021-09-27,10.55,10.61,9.78,10.07,171663307,1908593586.0
2021-09-28,10.13,10.32,10.06,10.12,64535373,722499099.0
2021-09-29,10.23,10.25,9.47,9.57,108887453,1169163630.0
2021-09-30,9.66,9.89,9.64,9.82,58327963,627842936.0
2021-10-08,10.0,10.05,9.48,9.55,77326413,820928633.0
2021-10-11,9.5,9.6,9.28,9.38,69990893,724488382.0
2021-10-12,9.38,9.44,8.89,9.02,79399914,792803927.0
2021-10-13,9.13,9.14,8.67,8.94,78492734,765160458.0
2021-10-14,8.94,9.5,8.77,9.17,118246050,1202138025.0
2021-10-15,9.23,9.33,9.04,9.24,93865973,948398465.0
2021-10-18,9.3,9.81,9.29,9.66,115936470,1223803513.0
2021-10-19,9.68,10.3,9.49,10.16,106858184,1173470687.0
2021-10-20,10.0,10.28,9.9,10.05,74625987,826782073.0
2021-10-21,10.08,10.47,10.0,10.12,63261667,712587252.0
2021-10-22,10.1,10.29,9.9,10.02,50208487,555513740.0
2021-10-25,9.96,10.28,9.89,10.04,53300639,589179279.0
2021-10-26,10.09,10.99,10.05,10.48,118708099,1376405802.0
2021-10-27,10.42,10.51,9.96,10.17,78782201,880021751.0
2021-10-28,10.16,10.3,9.78,9.87,55661762,611054417.0
2021-10-29,9.8,9.99,9.49,9.56,78043795,827362589.0
2021-11-01,9.32,10.27,9.31,10.1,121086363,1332172226.0
2021-11-02,10.23,10.27,9.76,9.95,69682349,764929929.0
2021-11-03,9.91,10.12,9.65,9.91,50099802,545012252.0
2021-11-04,9.95,10.0,8.98,9.14,126971957,1299268896.0
2021-11-05,9.14,9.29,8.78,9.14,77365600,774443269.0
2021-11-08,9.14,9.5,9.0,9.23,52746035,538044746.0
2021-11-09,9.3,9.34,9.08,9.29,48518247,490195184.0
2021-11-10,9.24,9.41,9.04,9.39,51489656,522252494.0
2021-11-11,9.3,9.46,9.04,9.2,64468759,651275985.0
2021-11-12,9.2,9.44,9.1,9.31,44994161,459872072.0
2021-11-15,9.38,9.38,9.05,9.06,55549524,556074743.0
2021-11-16,9.15,9.3,9.04,9.06,45111845,454426614.0
2021-11-17,9.06,9.25,8.73,9.22,65216764,649246873.0
2021-11-18,9.2,9.68,9.14,9.24,63658300,658419840.0
2021-11-19,9.21,9.44,9.1,9.41,59605304,606933715.0
2021-11-22,9.4,9.99,9.36,9.74,81120206,869578296.0
2021-11-23,9.66,9.98,9.66,9.78,56007545,607075246.0
2021-11-24,9.93,9.93,9.62,9.72,43486748,465025700.0
2021-11-25,9.76,9.96,9.65,9.84,34045316,367473714.0
2021-11-26,9.79,10.23,9.7,10.18,59508443,657895702.0
2021-11-29,10.04,10.21,9.87,9.95,58606274,643226421.0
2021-11-30,9.96,10.28,9.92,10.11,45854342,508184868.0
2021-12-01,10.15,10.17,9.86,9.96,39783944,435523041.0
2021-12-02,9.96,10.86,9.91,10.68,111751316,1287903740.0
2021-12-03,10.63,11.44,10.4,11.4,113624520,1378888247.0
2021-12-06,11.26,11.59,10.98,11.01,81301293,1002303852.0
2021-12-07,11.09,11.38,10.85,11.16,64867370,790508435.0
2021-12-08,11.17,11.21,10.74,10.84,58603702,701278719.0
2021-12-09,10.85,11.04,10.68,10.88,44973666,537046088.0
2021-12-10,10.8,11.0,10.76,10.81,45887806,548682648.0
2021-12-13,11.06,11.89,11.01,11.66,143727559,1842197097.0
2021-12-14,11.57,11.65,10.73,10.78,126604893,1540611020.0
2021-12-15,10.75,11.35,10.52,11.07,73812433,892771443.0
2021-12-16,11.07,11.4,11.02,11.16,47869678,589722656.0
2021-12-17,11.16,11.82,11.1,11.67,98656796,1260030943.0
2021-12-20,11.7,12.07,11.33,11.54,84125076,1081834636.0
2021-12-21,11.76,11.76,10.83,11.46,78415221,978400926.0
2021-12-22,11.55,11.81,11.28,11.53,56009226,709851650.0
2021-12-23,11.5,12.14,11.33,11.74,77805166,1001157853.0
2021-12-24,11.85,11.85,11.18,11.33,60617602,758601387.0
2021-12-27,11.19,11.41,11.01,11.04,52049296,638018932.0
2021-12-28,11.1,11.16,10.66,10.86,65302986,776045902.0
2021-12-29,10.75,11.11,10.68,10.91,34369400,412925522.0
2021-12-30,10.85,11.05,10.8,10.88,30947375,371298674.0
2021-12-31,10.87,11.02,10.78,10.91,33157128,398211804.0
2022-01-04,10.83,10.92,10.53,10.57,55218764,650978941.0
2022-01-05,10.53,10.68,10.09,10.35,59255405,673392130.0
2022-01-06,10.35,11.03,10.23,10.97,69356207,819757974.0
2022-01-07,10.87,11.4,10.72,10.8,71442226,870425078.0
2022-01-10,10.68,10.96,10.37,10.47,65028508,754323049.0
2022-01-11,10.42,10.63,10.23,10.28,49037166,561184294.0
2022-01-12,10.32,10.36,10.05,10.17,52253184,583206751.0
2022-01-13,10.13,10.16,9.57,9.7,71036531,764923654.0
2022-01-14,9.64,9.64,9.25,9.26,81976686,844037030.0
2022-01-17,9.36,9.51,9.23,9.46,45419751,469129257.0
2022-01-18,9.44,10.4,9.4,10.14,127241298,1419320965.0
2022-01-19,10.14,10.35,9.76,9.91,88845388,985287007.0
2022-01-20,9.91,9.99,9.71,9.94,52226310,565589464.0
2022-01-21,9.89,10.23,9.82,9.9,52426858,576592785.0
2022-01-24,9.82,10.25,9.78,9.95,40337980,443945529.0
2022-01-25,9.88,10.05,9.47,9.56,45083448,478203382.0
2022-01-26,9.58,9.82,9.41,9.6,40196513,424262687.0
2022-01-27,9.56,9.81,9.36,9.43,51965453,546688376.0
2022-01-28,9.58,9.58,9.05,9.27,56796952,576571165.0
2022-02-07,9.4,9.92,9.37,9.58,77897787,826379760.0
2022-02-08,9.57,9.89,9.5,9.77,59805877,636126053.0
2022-02-09,9.72,9.73,9.31,9.56,60129892,628611587.0
2022-02-10,9.56,9.98,9.48,9.86,62253325,672215155.0
2022-02-11,9.72,10.26,9.66,9.8,75705978,833086004.0
2022-02-14,9.74,9.79,9.41,9.48,51236632,536931332.0
2022-02-15,9.44,9.81,9.36,9.75,42402652,447758586.0
2022-02-16,9.74,9.96,9.7,9.77,31725237,341892596.0
2022-02-17,9.76,9.84,9.56,9.68,34607193,369044580.0
2022-02-18,9.61,10.2,9.56,10.1,67958749,748557458.0
2022-02-21,10.15,10.15,9.78,9.9,62643578,680965413.0
2022-02-22,9.81,9.86,9.59,9.79,46898610,499457306.0
2022-02-23,9.76,9.99,9.7,9.83,40529188,437330279.0
2022-02-24,9.76,9.96,9.47,9.69,64237643,688946229.0
2022-02-25,9.73,9.94,9.5,9.58,57665110,615413659.0
2022-02-28,9.56,9.58,9.24,9.46,54498421,561514306.0
2022-03-01,9.54,9.67,9.24,9.3,52547759,541127130.0
2022-03-02,9.18,9.28,9.06,9.06,48115614,482923499.0
2022-03-03,9.06,9.11,8.83,8.86,62338292,611173856.0
2022-03-04,8.89,9.02,8.71,8.9,48625768,474530427.0
2022-03-07,8.9,8.9,8.36,8.62,86241784,820770890.0
2022-03-08,8.62,8.77,7.9,7.97,137943176,1242616344.0
2022-03-09,8.0,8.13,7.46,7.82,108712089,935393829.0
2022-03-10,8.0,8.36,8.0,8.2,104546340,945253027.0
2022-03-11,8.12,8.26,7.91,8.22,59865759,531095025.0
2022-03-14,8.09,8.23,7.8,7.84,59241675,520529388.0
2022-03-15,7.76,7.9,7.37,7.43,71283473,598003008.0
2022-03-16,7.57,7.75,7.06,7.58,136445059,1109101939.0
2022-03-17,7.7,8.04,7.67,7.72,94358401,813264136.0
2022-03-18,7.83,8.17,7.8,8.14,110106061,972824129.0
2022-03-21,8.13,8.36,8.03,8.28,77877131,705060956.0
2022-03-22,8.3,8.56,8.18,8.48,72947588,676201187.0
2022-03-23,8.67,8.86,8.52,8.76,79405792,761783749.0
2022-03-24,8.71,8.76,8.54,8.6,49581056,470718873.0
2022-03-25,8.59,8.79,8.55,8.56,43186268,411260869.0
2022-03-28,8.38,8.86,8.36,8.81,57863483,553762952.0
2022-03-29,8.81,8.86,8.59,8.66,37472166,358272436.0
2022-03-30,8.73,8.98,8.63,8.89,54462064,531754565.0
2022-03-31,8.91,8.97,8.7,8.76,49340191,476287021.0
2022-04-01,8.72,9.0,8.71,8.86,49509092,484998689.0
2022-04-06,8.86,8.98,8.6,8.95,45116262,435232454.0
2022-04-07,8.88,9.23,8.8,8.85,42667740,422368161.0
2022-04-08,8.91,9.31,8.83,9.2,78352718,785272104.0
2022-04-11,9.29,9.55,9.1,9.22,80363546,819857215.0
2022-04-12,9.09,9.46,8.93,9.35,70446989,713678137.0
2022-04-13,9.55,9.62,9.05,9.05,89079484,908015349.0
2022-04-14,9.05,9.43,8.9,9.31,55782145,565484808.0
2022-04-15,9.27,9.43,9.16,9.2,46248149,472095226.0
2022-04-18,9.13,9.18,8.54,8.62,74892291,723948714.0
2022-04-19,8.62,8.8,8.47,8.66,61054159,580560429.0
2022-04-20,8.66,8.66,8.26,8.29,47665964,439907453.0
2022-04-21,8.3,8.47,7.88,7.93,50289471,449158286.0
2022-04-22,7.96,8.32,7.82,8.23,63496373,566376204.0
2022-04-25,8.11,8.36,7.68,7.7,61837632,542931683.0
2022-04-26,7.71,7.76,7.43,7.46,51932135,434239585.0
2022-04-27,7.46,7.79,7.2,7.72,108109254,891495499.0
2022-04-28,7.57,8.2,7.57,8.07,78742230,690480350.0
2022-04-29,8.11,8.3,7.98,8.3,59957230,537196019.0
2022-05-05,8.27,8.46,8.17,8.26,52213661,476425572.0
2022-05-06,8.13,8.16,7.82,7.88,55902536,490470175.0
2022-05-09,7.86,8.06,7.83,7.95,28589900,249589999.0
2022-05-10,7.86,8.2,7.69,8.14,48647008,428490097.0
2022-05-11,8.16,8.45,8.05,8.24,71220815,643780629.0
2022-05-12,8.18,8.26,8.01,8.06,38319822,342794106.0
2022-05-13,8.15,8.26,8.11,8.19,27673578,249604839.0
2022-05-16,8.26,8.64,8.21,8.61,67170054,628976388.0
2022-05-17,8.54,8.6,8.35,8.53,41152328,383689165.0
2022-05-18,8.53,8.83,8.42,8.64,65809179,626641366.0
2022-05-19,8.51,8.55,8.36,8.53,39655228,368067446.0
2022-05-20,8.48,8.71,8.46,8.7,45720982,433114334.0
2022-05-23,8.71,8.71,8.47,8.58,34377638,323650445.0
2022-05-24,8.55,8.59,8.08,8.09,47785559,436753277.0
2022-05-25,8.09,8.2,7.99,8.14,31945229,284704916.0
2022-05-26,8.16,8.58,8.15,8.55,63510724,593038994.0
2022-05-27,8.55,8.63,8.42,8.47,35488211,330985897.0
2022-05-30,8.46,8.58,8.41,8.53,35433534,330358563.0
2022-05-31,8.52,8.66,8.43,8.57,53957139,506658562.0
2022-06-01,8.52,8.66,8.39,8.52,54987464,514416252.0
2022-06-02,8.54,8.98,8.41,8.94,97034719,935372229.0
2022-06-06,8.78,9.14,8.78,9.01,92835738,918425736.0
2022-06-07,8.98,9.14,8.87,9.05,53439581,528670948.0
2022-06-08,9.06,9.23,8.95,9.22,58665688,588547360.0
2022-06-09,9.22,9.42,9.09,9.2,54634185,552386046.0
2022-06-10,9.15,9.48,9.05,9.29,107630206,1102458631.0
2022-06-13,9.09,9.43,9.05,9.22,63768882,638185058.0
2022-06-14,9.18,9.65,8.9,9.56,90509923,907329184.0
2022-06-15,9.52,9.72,9.41,9.43,73137767,758997875.0
2022-06-16,9.38,9.63,9.15,9.22,51890043,524521385.0
2022-06-17,9.16,9.26,9.04,9.23,44070184,437782332.0
2022-06-20,9.21,9.21,8.77,8.93,79743053,774950491.0
2022-06-21,8.93,9.09,8.76,8.84,41979273,404530178.0
2022-06-22,8.89,8.94,8.62,8.62,39051633,369999891.0
2022-06-23,8.62,8.86,8.43,8.85,50556168,474365596.0
2022-06-24,8.83,8.84,8.5,8.63,69802866,654837026.0
2022-06-27,8.65,9.08,8.62,8.92,68106424,655906074.0
2022-06-28,8.92,8.92,8.67,8.81,46137996,439751948.0
2022-06-29,8.76,8.87,8.7,8.73,42274274,402341974.0
2022-06-30,8.73,8.82,8.64,8.68,36942063,349603209.0
2022-07-01,8.69,9.07,8.6,8.88,78373042,754827279.0
2022-07-04,8.76,8.99,8.7,8.95,67012321,641766231.0
2022-07-05,8.95,9.33,8.91,9.29,95586414,955565285.0
2022-07-06,9.25,9.68,9.25,9.49,111831963,1156638410.0
2022-07-07,9.54,9.59,9.35,9.54,51933298,534465585.0
2022-07-08,9.57,9.67,9.36,9.41,44744004,460629159.0
2022-07-11,9.44,9.61,9.39,9.49,59688749,616155473.0
2022-07-12,9.48,9.51,9.2,9.31,46311239,469128782.0
2022-07-13,9.37,9.48,9.13,9.3,47283557,475492835.0
2022-07-14,9.33,9.74,9.23,9.61,62937703,650237962.0
2022-07-15,9.57,9.66,9.06,9.17,75280617,762404789.0
2022-07-18,9.12,9.22,8.88,9.07,47369800,464674385.0
2022-07-19,9.07,9.34,9.03,9.21,45553252,454870709.0
2022-07-20,9.27,9.68,9.13,9.59,67904138,693680969.0
2022-07-21,9.79,10.06,9.52,9.58,98389480,1047668728.0
2022-07-22,9.58,9.97,9.41,9.88,87638075,924849422.0
2022-07-25,9.86,10.09,9.53,9.56,70221321,739399355.0
2022-07-26,9.61,9.66,9.34,9.63,38116772,394518444.0
2022-07-27,9.57,9.7,9.46,9.52,33915402,351255083.0
2022-07-28,9.49,9.77,9.49,9.6,40121113,419850883.0
2022-07-29,9.65,9.98,9.58,9.92,80042097,854174015.0
2022-08-01,10.25,10.32,9.08,9.27,204130948,2098286671.0
2022-08-02,9.03,9.09,8.48,8.66,145155480,1371666736.0
2022-08-03,8.62,9.01,8.62,8.73,87231243,837467312.0
2022-08-04,8.78,8.83,8.52,8.67,55214448,517247287.0
2022-08-05,8.66,8.66,8.31,8.57,90404771,829294720.0
2022-08-08,8.5,8.58,8.27,8.34,88611686,804066915.0
2022-08-09,8.33,8.4,8.26,8.28,57256389,516042644.0
2022-08-10,8.26,8.37,8.12,8.35,69480298,619151511.0
2022-08-11,8.36,8.51,8.36,8.42,57336404,523510064.0
2022-08-12,8.41,8.5,8.3,8.41,44047971,401904784.0
2022-08-15,8.38,8.71,8.34,8.62,75076358,696109845.0
2022-08-16,9.02,9.09,8.84,8.97,148631736,1447544543.0
2022-08-17,8.97,9.09,8.78,8.85,68647799,661327062.0
2022-08-18,8.85,9.03,8.68,8.72,62185459,591187867.0
2022-08-19,8.65,8.76,8.58,8.62,41024818,384787668.0
2022-08-22,8.62,8.7,8.49,8.69,34708291,324668166.0
2022-08-23,8.63,8.65,8.39,8.43,66738699,612578919.0
2022-08-24,8.4,8.55,8.13,8.14,76644291,687135172.0
2022-08-25,8.12,8.24,8.05,8.19,40011762,353495756.0
2022-08-26,8.21,8.24,8.08,8.13,42801986,377810870.0
2022-08-29,8.02,8.14,7.93,8.14,42379172,369601312.0
2022-08-30,8.09,8.18,7.96,8.03,36959422,322046186.0
2022-08-31,8.02,8.07,7.84,7.95,54712274,471211140.0
2022-09-01,7.99,8.06,7.95,8.02,39165280,340674225.0
2022-09-02,8.03,8.23,7.92,8.21,54279490,477302903.0
2022-09-05,8.15,8.26,8.13,8.22,28828415,256185094.0
2022-09-06,8.21,8.6,8.19,8.49,66916167,614219926.0
2022-09-07,8.48,8.55,8.43,8.48,32919828,302854913.0
2022-09-08,8.51,8.52,8.35,8.47,28250306,258600404.0
2022-09-09,8.49,8.62,8.43,8.55,38133602,353090079.0
2022-09-13,8.58,8.65,8.52,8.54,27498103,255693680.0
2022-09-14,8.44,8.52,8.38,8.46,28285058,259026783.0
2022-09-15,8.5,8.54,8.19,8.36,41200547,372571664.0
2022-09-16,8.38,8.42,8.09,8.12,40132521,356855504.0
2022-09-19,8.14,8.26,7.99,8.14,24454658,216181586.0
2022-09-20,8.19,8.24,8.01,8.03,34493128,302094828.0
2022-09-21,8.01,8.02,7.87,7.95,45013348,387906908.0
2022-09-22,7.92,8.0,7.89,7.9,21602322,185599101.0
2022-09-23,7.9,8.16,7.9,7.94,35204443,305554920.0
2022-09-26,7.92,7.92,7.72,7.78,40024187,338312559.0
2022-09-27,7.76,7.79,7.55,7.71,41786614,346097481.0
2022-09-28,7.67,7.71,7.37,7.41,45619311,371702541.0
2022-09-29,7.48,7.56,7.29,7.35,46158424,371429902.0
2022-09-30,7.33,7.48,7.3,7.39,34057664,272774240.0
2022-10-10,7.39,7.51,7.08,7.11,56157839,442850909.0
2022-10-11,7.16,7.29,7.07,7.26,50714004,395950668.0
2022-10-12,7.27,7.27,6.95,7.27,56973210,439888040.0
2022-10-13,7.19,7.31,7.15,7.19,51724021,405087189.0
2022-10-14,7.28,7.52,7.28,7.48,58040017,468014084.0
2022-10-17,7.52,7.65,7.39,7.59,42623696,347783983.0
2022-10-18,7.6,7.68,7.55,7.6,28590500,236061841.0
2022-10-19,7.57,7.66,7.46,7.47,35617357,291286234.0
2022-10-20,7.43,7.51,7.35,7.4,36028471,289869400.0
2022-10-21,7.44,7.65,7.43,7.55,38838873,318549494.0
2022-10-24,7.55,7.65,7.38,7.44,31948115,260479293.0
2022-10-25,7.4,7.44,7.24,7.4,27945200,222714088.0
2022-10-26,7.42,7.5,7.35,7.38,31684481,254838216.0
2022-10-27,7.39,7.55,7.39,7.46,36278980,294189428.0
2022-10-28,7.43,7.48,7.22,7.24,29465077,234410037.0
2022-10-31,7.1,7.17,6.52,6.52,127163424,920920416.0
2022-11-01,6.48,6.83,6.46,6.83,87910609,635855319.0
2022-11-02,6.83,7.07,6.8,6.97,54214889,409474895.0
2022-11-03,6.95,7.04,6.83,6.91,38718559,290283307.0
2022-11-04,6.92,7.16,6.87,7.12,61084236,467343642.0
2022-11-07,7.11,7.29,7.07,7.21,41257290,321550938.0
2022-11-08,7.21,7.31,7.19,7.23,29892731,234539642.0
2022-11-09,7.21,7.38,7.12,7.13,34654449,271208868.0
2022-11-10,7.1,7.14,6.97,7.05,26238344,200376822.0
2022-11-11,7.17,7.31,7.08,7.22,41195114,321069314.0
2022-11-14,7.28,7.35,7.2,7.23,38931800,306698082.0
2022-11-15,7.2,7.46,7.14,7.45,45127323,359618940.0
2022-11-16,7.43,7.52,7.4,7.47,31139058,251993369.0
2022-11-17,7.47,7.47,7.25,7.31,36900308,293027682.0
2022-11-18,7.31,7.33,7.15,7.16,33788622,263834170.0
2022-11-21,7.15,7.15,6.99,7.05,33686717,257068128.0
2022-11-22,7.05,7.69,6.97,7.66,155366743,1256529465.0
2022-11-23,7.52,7.93,7.5,7.64,152173352,1274805036.0
2022-11-24,7.65,7.69,7.41,7.49,80039829,652421960.0
2022-11-25,7.54,7.89,7.49,7.8,98143995,826669069.0
2022-11-28,7.66,7.75,7.5,7.59,84501407,696880524.0
2022-11-29,7.59,7.89,7.55,7.8,94571807,793243598.0
2022-11-30,7.77,8.01,7.73,7.77,56718553,481989440.0
2022-12-01,7.86,7.99,7.74,7.75,60306967,511755028.0
2022-12-02,7.69,7.8,7.58,7.78,47444642,396739827.0
2022-12-05,7.93,8.46,7.91,8.43,167822511,1503844310.0
2022-12-06,8.34,8.55,8.16,8.27,108970224,984051030.0
2022-12-07,8.21,8.26,7.96,8.14,91107641,799584096.0
2022-12-08,8.09,8.18,8.02,8.14,39008836,342941237.0
2022-12-09,8.07,8.23,8.02,8.2,45652610,402477451.0
2022-12-12,8.13,8.35,7.97,8.01,63035034,555554403.0
2022-12-13,7.94,8.21,7.94,8.12,48557748,425240066.0
2022-12-14,8.12,8.17,8.0,8.1,47940038,418843266.0
2022-12-15,8.05,8.2,7.92,8.12,57526313,503706298.0
2022-12-16,8.07,8.21,7.97,8.07,54718743,480124411.0
2022-12-19,8.0,8.06,7.74,7.78,55848960,477065014.0
2022-12-20,7.74,7.93,7.74,7.78,41189039,350194239.0
2022-12-21,7.78,7.84,7.58,7.67,39622686,330205188.0
2022-12-22,7.73,7.78,7.53,7.59,26247021,217730820.0
2022-12-23,7.55,7.62,7.42,7.5,29414356,239229204.0
2022-12-26,7.51,7.54,7.31,7.37,39325981,314345953.0
2022-12-27,7.41,7.55,7.39,7.4,37496087,302475575.0
2022-12-28,7.35,7.43,7.29,7.37,44613949,355511351.0
2022-12-29,7.37,7.37,7.24,7.27,34587191,273135101.0
2022-12-30,7.3,7.35,7.27,7.32,27749538,220232906.0
2023-01-03,7.32,7.51,7.3,7.46,38105131,306385828.0
2023-01-04,7.47,7.48,7.4,7.43,25962525,209114530.0
2023-01-05,7.45,7.54,7.43,7.43,33189272,268269732.0
2023-01-06,7.43,7.67,7.42,7.61,55926558,457546631.0
2023-01-09,7.61,8.01,7.59,7.82,57845458,490825913.0
2023-01-10,7.79,7.85,7.71,7.74,29091896,244760939.0
2023-01-11,7.72,7.82,7.71,7.74,22212196,187059732.0
2023-01-12,7.72,7.77,7.6,7.68,27050455,224973679.0
2023-01-13,7.7,7.73,7.63,7.7,17667154,147069334.0
2023-01-16,7.7,7.85,7.62,7.76,44336464,372904823.0
2023-01-17,7.75,7.87,7.73,7.86,26894393,227775952.0
2023-01-18,7.84,7.98,7.78,7.82,23282480,198261689.0
2023-01-19,7.79,7.8,7.73,7.8,22008146,185170242.0
2023-01-20,7.78,7.97,7.76,7.94,31630208,270797873.0
2023-01-30,8.07,8.15,7.94,8.05,46031090,401134094.0
2023-01-31,8.01,8.08,7.98,8.01,25592883,222452196.0
2023-02-01,8.01,8.16,7.94,8.15,40183709,350947784.0
2023-02-02,8.15,8.34,8.09,8.26,59959726,537777353.0
2023-02-03,8.27,8.38,8.08,8.18,48719160,433878578.0
2023-02-06,8.12,8.17,8.01,8.04,41140025,359330079.0
2023-02-07,8.09,8.14,8.02,8.1,27079486,237383625.0
2023-02-08,8.08,8.1,7.97,7.98,20259514,176462982.0
2023-02-09,7.97,8.05,7.95,8.03,23874194,207479116.0
2023-02-10,8.03,8.29,8.02,8.19,46395854,411305681.0
2023-02-13,8.18,8.39,8.11,8.27,51362248,460327357.0
2023-02-14,8.3,8.38,8.2,8.25,29025126,260411847.0
2023-02-15,8.25,8.25,8.07,8.1,39846626,350698179.0
2023-02-16,8.14,8.33,7.97,8.04,43310655,384254545.0
2023-02-17,8.04,8.13,7.91,7.99,28777406,250734773.0
2023-02-20,7.99,8.35,7.99,8.33,71216045,639136492.0
2023-02-21,8.34,8.49,8.3,8.38,44926385,408716413.0
2023-02-22,8.32,8.47,8.28,8.38,36731544,334293681.0
2023-02-23,8.38,8.5,8.38,8.45,39252288,359099095.0
2023-02-24,8.42,8.49,8.33,8.39,22832868,207868614.0
2023-02-27,8.37,8.37,8.19,8.24,33371553,299084850.0
2023-02-28,8.24,8.35,8.15,8.32,29912047,267140245.0
2023-03-01,8.31,8.5,8.28,8.49,50205920,461038329.0
2023-03-02,8.47,9.26,8.45,8.97,195469510,1899572968.0
2023-03-03,8.98,9.48,8.97,9.4,208939110,2110161621.0
2023-03-06,9.36,9.69,9.33,9.36,147332228,1510034453.0
2023-03-07,9.42,9.88,9.38,9.45,183787821,1918678395.0
2023-03-08,9.32,9.58,9.2,9.42,91336340,927895666.0
2023-03-09,9.42,9.43,9.18,9.26,75931550,762739442.0
2023-03-10,9.22,9.3,9.09,9.12,68242656,680059294.0
2023-03-13,9.5,9.85,9.31,9.41,145835091,1501236316.0
2023-03-14,9.49,9.63,9.23,9.3,96731101,983823334.0
2023-03-15,9.31,9.65,9.07,9.51,160162302,1640628866.0
2023-03-16,9.5,9.9,9.44,9.68,169417490,1783279170.0
2023-03-17,9.62,9.94,9.52,9.74,148493188,1571540732.0
2023-03-20,9.73,10.42,9.52,9.57,229810473,2468543430.0
2023-03-21,9.68,9.81,9.33,9.4,114482157,1181580247.0
2023-03-22,9.42,9.74,9.22,9.53,101028922,1046127570.0
2023-03-23,9.59,9.78,9.41,9.73,100938866,1054116473.0
2023-03-24,9.65,9.91,9.5,9.71,92759791,975281983.0
2023-03-27,9.6,9.61,8.74,8.75,252879569,2451218155.0
2023-03-28,8.89,9.19,8.89,9.04,142581203,1401013706.0
2023-03-29,9.03,9.04,8.5,8.6,136525738,1278274860.0
2023-03-30,8.57,8.67,8.37,8.54,93125522,857338802.0
2023-03-31,8.5,8.65,8.46,8.56,58807332,546372037.0
2023-04-03,8.58,8.75,8.41,8.65,73547838,688838422.0
2023-04-04,8.7,9.32,8.58,9.09,150399985,1471931460.0
2023-04-06,9.09,9.26,8.93,9.1,67056930,660808663.0
2023-04-07,9.1,9.21,8.87,8.91,54003707,525677336.0
2023-04-10,8.94,9.18,8.85,9.06,55973515,550129753.0
2023-04-11,9.05,9.09,8.85,9.04,44795794,436078257.0
2023-04-12,9.03,9.36,8.95,9.16,71506053,710709636.0
2023-04-13,9.12,9.33,9.09,9.25,64519732,646638474.0
2023-04-14,9.22,9.5,9.16,9.46,81378351,828770349.0
2023-04-17,9.53,9.86,9.34,9.74,127816662,1338493295.0
2023-04-18,9.67,9.98,9.61,9.72,94737216,1001822494.0
2023-04-19,9.7,9.88,9.45,9.52,84815796,885783812.0
2023-04-20,9.5,9.58,9.22,9.54,94291999,961277459.0
2023-04-21,9.5,9.57,9.29,9.33,74019893,754181926.0
2023-04-24,9.51,9.66,9.26,9.32,67603248,689457828.0
2023-04-25,9.36,9.43,9.06,9.21,69727373,698138145.0
2023-04-26,9.23,9.27,8.85,9.06,69841939,684071418.0
2023-04-27,9.06,9.52,9.03,9.33,67644785,685149814.0
2023-04-28,9.32,9.86,9.14,9.77,114709355,1188284099.0
2023-05-04,9.78,9.93,9.52,9.78,113992700,1206999033.0
2023-05-05,9.76,9.84,9.39,9.45,90075522,930380422.0
2023-05-08,9.5,9.94,9.47,9.78,136133527,1438890277.0
2023-05-09,9.85,10.03,9.49,9.6,171572328,1824097137.0
2023-05-10,9.58,9.65,9.09,9.15,123688625,1241146113.0
2023-05-11,9.1,9.26,8.94,9.16,83505388,824543772.0
2023-05-12,9.1,9.11,8.59,8.61,115243824,1094038517.0
2023-05-15,8.58,8.71,8.27,8.68,105196075,969373814.0
2023-05-16,8.62,8.73,8.51,8.62,54612783,509871910.0
2023-05-17,8.58,8.61,8.45,8.53,41207290,380467563.0
2023-05-18,8.58,8.64,8.44,8.49,46278065,428552126.0
2023-05-19,8.49,8.5,8.21,8.35,54386277,491352198.0
2023-05-22,8.31,8.36,8.19,8.34,50213698,450475768.0
2023-05-23,8.3,8.36,8.08,8.09,60641918,538200713.0
2023-05-24,8.02,8.08,7.79,7.86,81206860,694323689.0
2023-05-25,7.85,7.9,7.68,7.78,49188968,415188738.0
2023-05-26,7.79,7.83,7.64,7.77,36496062,305837144.0
2023-05-29,7.8,7.88,7.78,7.83,38441667,326647792.0
2023-05-30,7.82,8.04,7.77,8.02,58757637,506813315.0
2023-05-31,7.95,8.01,7.89,7.89,34671944,298057922.0
2023-06-01,7.87,8.11,7.83,8.02,53379029,463098881.0
2023-06-02,8.01,8.05,7.94,8.04,38845310,336984745.0
2023-06-05,8.04,8.04,7.89,7.91,37288041,321403353.0
2023-06-06,7.86,7.95,7.72,7.76,44075717,374030492.0
2023-06-07,7.75,7.82,7.68,7.71,32966527,276940600.0
2023-06-08,7.69,7.83,7.68,7.81,31707031,267318969.0
2023-06-09,7.8,7.83,7.49,7.65,70977833,587354135.0
2023-06-12,7.66,7.66,7.5,7.55,71804699,588425105.0
2023-06-13,7.55,7.56,7.39,7.47,51833469,420021147.0
2023-06-14,7.52,7.66,7.5,7.56,54479701,437774128.0
2023-06-15,7.59,7.69,7.51,7.65,50402815,406400158.0
2023-06-16,7.74,7.96,7.74,7.86,61274773,510109825.0
2023-06-19,7.86,7.88,7.74,7.78,39601837,327868021.0
2023-06-20,7.77,7.79,7.65,7.66,47402047,387305447.0
2023-06-21,7.63,7.73,7.56,7.58,48862790,395637662.0
2023-06-26,7.53,7.53,7.33,7.37,50741412,398914157.0
2023-06-27,7.43,7.83,7.42,7.74,80777370,659567900.0
2023-06-28,7.7,7.73,7.5,7.59,51988835,417663400.0
2023-06-29,7.61,7.69,7.56,7.62,27412517,221437705.0
2023-06-30,7.62,7.86,7.6,7.81,50197108,414181375.0
2023-07-03,7.82,8.06,7.79,7.95,62275040,525248273.0
2023-07-04,7.93,8.0,7.88,7.95,30703782,258278472.0
2023-07-05,7.92,8.05,7.86,7.88,27463160,231124703.0
2023-07-06,7.86,7.91,7.77,7.82,21519713,178616487.0
2023-07-07,7.8,7.88,7.76,7.81,19033616,157689281.0
2023-07-10,7.87,7.92,7.82,7.86,24239296,202324175.0
2023-07-11,7.87,7.91,7.82,7.89,23063011,192481870.0
2023-07-12,7.91,7.97,7.75,7.76,29858001,248286224.0
2023-07-13,7.8,7.95,7.8,7.91,37548833,314931434.0
2023-07-14,7.9,7.96,7.86,7.9,23305851,195680061.0
2023-07-17,7.89,7.9,7.79,7.89,15074315,125423670.0
2023-07-18,7.9,7.92,7.79,7.86,19115279,159142425.0
2023-07-19,7.83,7.9,7.8,7.86,18560700,154453763.0
2023-07-20,7.87,7.92,7.69,7.71,27954572,231417161.0
2023-07-21,7.69,7.76,7.66,7.66,23158602,188858523.0
2023-07-24,7.66,7.84,7.65,7.78,26863036,221281180.0
2023-07-25,7.83,8.0,7.82,7.98,42261286,355970091.0
2023-07-26,7.98,8.02,7.87,7.92,27406609,230332215.0
2023-07-27,7.89,7.96,7.83,7.83,26920835,225115082.0
2023-07-28,7.84,7.99,7.76,7.97,56153637,470482054.0
2023-07-31,8.02,8.32,7.99,8.18,80370704,698980702.0
2023-08-01,8.18,8.28,8.12,8.16,42459749,368895231.0
2023-08-02,8.11,8.21,8.01,8.04,39058400,334716297.0
2023-08-03,8.0,8.11,7.95,8.09,31411289,267306060.0
2023-08-04,8.15,8.24,8.13,8.18,54594581,474076180.0
2023-08-07,8.16,8.18,7.98,8.0,43790674,372410170.0
2023-08-08,8.01,8.03,7.95,7.99,25145179,212803642.0
2023-08-09,7.95,8.03,7.93,7.95,26183603,221405175.0
2023-08-10,7.94,7.98,7.86,7.93,28099345,235974635.0
2023-08-11,7.93,7.97,7.71,7.72,38731479,320998087.0
2023-08-14,7.64,7.88,7.6,7.8,35207517,287958299.0
2023-08-15,7.78,7.8,7.67,7.75,27109754,222597329.0
2023-08-16,7.74,7.82,7.69,7.73,21673639,178061683.0
2023-08-17,7.69,7.81,7.67,7.8,28022300,230014424.0
2023-08-18,7.8,7.86,7.56,7.57,39816724,324874179.0
2023-08-21,7.59,7.69,7.51,7.52,31212884,251741554.0
2023-08-22,7.53,7.65,7.53,7.63,31983660,256938342.0
2023-08-23,7.61,7.64,7.43,7.44,35078720,279414148.0
2023-08-24,7.47,7.52,7.06,7.06,110383226,843142538.0
2023-08-25,7.05,7.25,7.03,7.15,44946258,340769463.0
2023-08-28,7.54,7.61,7.29,7.35,68537657,541115730.0
2023-08-29,7.35,7.48,7.29,7.43,46154901,361842442.0
2023-08-30,7.45,7.47,7.32,7.33,37075001,290001062.0
2023-08-31,7.44,7.53,7.32,7.34,55298146,433909964.0
2023-09-01,7.37,7.56,7.36,7.47,41421705,328061529.0
2023-09-04,7.51,7.72,7.51,7.66,59011357,477073394.0
2023-09-05,7.64,7.64,7.51,7.53,38840130,311164790.0
2023-09-06,7.52,7.53,7.41,7.45,31594941,249449882.0
2023-09-07,7.45,7.47,7.33,7.36,26234524,205891909.0
2023-09-08,7.33,7.38,7.3,7.36,18589872,144644225.0
2023-09-11,7.37,7.45,7.34,7.42,35270774,276625415.0
2023-09-12,7.39,7.46,7.34,7.35,38247892,299233728.0
2023-09-13,7.36,7.36,7.22,7.31,42480483,328433898.0
2023-09-14,7.31,7.37,7.26,7.27,27195585,210493717.0
2023-09-15,7.3,7.33,7.19,7.21,33353714,256438769.0
2023-09-18,7.21,7.23,7.16,7.21,26964378,205947937.0
2023-09-19,7.2,7.34,7.17,7.26,30906287,238077551.0
2023-09-20,7.28,7.3,7.19,7.25,20314639,156443074.0
2023-09-21,7.25,7.33,7.17,7.19,25806086,197886093.0
2023-09-22,7.19,7.31,7.13,7.31,29916095,229585089.0
2023-09-25,7.28,7.31,7.21,7.24,26136644,200900970.0
2023-09-26,7.22,7.26,7.15,7.16,19390608,147907211.0
2023-09-27,7.18,7.36,7.16,7.33,46506523,359513136.0
2023-09-28,7.32,7.37,7.29,7.34,22880700,177880268.0
2023-10-09,7.44,7.62,7.37,7.58,73224996,582835415.0
2023-10-10,7.58,7.6,7.18,7.22,125915981,973065020.0
2023-10-11,7.25,7.34,7.19,7.2,65370865,502787678.0
2023-10-12,7.25,7.43,7.23,7.4,71387461,558194745.0
2023-10-13,7.32,7.35,7.19,7.22,52429561,403526929.0
2023-10-16,7.26,7.28,7.18,7.21,30823628,236434159.0
2023-10-17,7.23,7.27,7.07,7.11,52586460,398924505.0
2023-10-18,7.08,7.11,6.92,6.96,53211800,394138571.0
2023-10-19,6.92,6.96,6.8,6.81,45314140,329627446.0
2023-10-20,6.78,6.86,6.74,6.76,37211569,267940218.0
2023-10-23,6.74,6.76,6.47,6.52,70812430,494472215.0
2023-10-24,6.56,6.68,6.52,6.67,46828221,327908206.0
2023-10-25,6.77,6.85,6.75,6.78,40836048,294587738.0
2023-10-26,6.74,6.87,6.68,6.86,32697114,235111557.0
2023-10-27,6.82,6.97,6.81,6.94,29836020,219023387.0
2023-10-30,6.83,6.86,6.57,6.65,130336615,916827800.0
2023-10-31,6.64,6.64,6.57,6.6,53774651,376306212.0
2023-11-01,6.62,6.63,6.52,6.54,39872721,277177355.0
2023-11-02,6.54,6.62,6.51,6.51,31844700,221036549.0
2023-11-03,6.52,6.6,6.52,6.56,32162568,223695158.0
2023-11-06,6.61,6.65,6.58,6.64,47810800,335676626.0
2023-11-07,6.64,6.65,6.55,6.58,43494567,303213091.0
2023-11-08,6.58,6.58,6.49,6.53,44566268,308864505.0
2023-11-09,6.53,6.63,6.51,6.57,52375831,365871423.0
2023-11-10,6.55,6.56,6.49,6.52,31924415,220375633.0
2023-11-13,6.53,6.58,6.49,6.58,31195102,216373494.0
2023-11-14,6.58,6.68,6.55,6.57,41922865,293756713.0
2023-11-15,6.62,6.65,6.6,6.63,42327046,297274533.0
2023-11-16,6.63,6.63,6.54,6.55,33474300,233135876.0
2023-11-17,6.53,6.54,6.49,6.53,44309086,305869628.0
2023-11-20,6.54,6.56,6.47,6.53,38344223,264936590.0
2023-11-21,6.55,6.63,6.53,6.54,60983526,425921500.0
2023-11-22,6.55,6.57,6.49,6.5,38852816,268499913.0
2023-11-23,6.49,6.54,6.48,6.53,28865217,199637509.0
2023-11-24,6.53,6.57,6.44,6.47,53440209,368115150.0
2023-11-27,6.46,6.46,6.28,6.34,58120906,389882932.0
2023-11-28,6.33,6.35,6.29,6.33,31316553,209711167.0
2023-11-29,6.32,6.33,6.2,6.21,41771246,276491473.0
2023-11-30,6.21,6.3,6.2,6.24,37394532,247755627.0
2023-12-01,6.22,6.31,6.2,6.29,34737961,230270969.0
2023-12-04,6.3,6.33,6.28,6.3,24695188,165120320.0
2023-12-05,6.28,6.29,6.15,6.15,30257355,199492678.0
2023-12-06,6.15,6.2,6.11,6.15,25483174,166557823.0
2023-12-07,6.15,6.16,6.05,6.07,41122654,265128286.0
2023-12-08,6.07,6.11,5.98,5.99,40256929,257898811.0
2023-12-11,5.99,6.03,5.89,6.02,46481799,293846512.0
2023-12-12,6.01,6.04,5.98,6.04,26763914,170583477.0
2023-12-13,6.02,6.03,5.9,5.9,40787485,257264382.0
2023-12-14,5.93,5.97,5.86,5.87,34350433,215052019.0
2023-12-15,5.89,5.97,5.87,5.87,35222042,221166400.0
2023-12-18,5.87,5.92,5.79,5.83,39639868,245796747.0
2023-12-19,5.82,5.87,5.76,5.8,32215404,198487183.0
2023-12-20,5.8,5.89,5.77,5.77,34594681,213768396.0
2023-12-21,5.75,5.83,5.71,5.81,36115036,221309782.0
2023-12-22,5.8,5.9,5.77,5.86,37692319,233693199.0
2023-12-25,5.87,5.89,5.82,5.84,19508100,120994123.0
2023-12-26,5.84,5.86,5.77,5.79,21728300,133771607.0
2023-12-27,5.78,5.87,5.76,5.86,24451602,150903651.0
2023-12-28,5.85,6.02,5.84,6.0,49258120,310844872.0
2023-12-29,5.99,6.03,5.96,6.0,30190003,191799194.0
2024-01-02,6.03,6.06,5.99,6.0,29141494,186165352.0
2024-01-03,5.99,6.07,5.99,6.06,34480105,220968089.0
2024-01-04,6.06,6.08,5.96,6.0,31352191,199592458.0
2024-01-05,5.98,6.09,5.95,5.98,45957563,293843087.0
2024-01-08,5.98,6.0,5.85,5.86,41257394,258154461.0
2024-01-09,5.87,5.91,5.82,5.88,28684345,178512876.0
2024-01-10,5.87,5.92,5.79,5.8,33568703,208313086.0
2024-01-11,5.81,5.85,5.73,5.81,48388393,297264551.0
2024-01-12,5.78,5.91,5.77,5.82,45725262,283845985.0
2024-01-15,5.81,5.86,5.74,5.84,34798927,213913535.0
2024-01-16,5.81,5.85,5.71,5.79,39325542,240644701.0
2024-01-17,5.77,5.78,5.65,5.65,40952809,248491709.0
2024-01-18,5.64,5.74,5.46,5.65,70733562,418644428.0
2024-01-19,5.62,5.71,5.58,5.69,41887203,252346982.0
2024-01-22,5.68,5.69,5.41,5.45,48322288,284964202.0
2024-01-23,5.44,5.55,5.36,5.54,43456244,252289663.0
2024-01-24,5.55,5.86,5.51,5.86,84815712,511081594.0
2024-01-25,5.87,6.19,5.83,6.19,153265551,984449549.0
2024-01-26,6.18,6.33,6.13,6.22,118924084,784692625.0
2024-01-29,6.25,6.47,6.2,6.28,151775294,1018131938.0
2024-01-30,6.2,6.38,6.17,6.19,114317202,759896908.0
2024-01-31,6.17,6.22,5.99,6.04,105133208,680782248.0
2024-02-01,5.99,6.03,5.82,5.84,88780872,554921036.0
2024-02-02,5.84,5.99,5.61,5.8,96591447,597102162.0
2024-02-05,5.74,5.78,5.46,5.57,92873483,554900949.0
2024-02-06,5.54,5.98,5.5,5.9,95582394,580964486.0
2024-02-07,5.91,6.07,5.87,5.98,98643225,623404361.0
2024-02-08,6.05,6.12,5.96,6.04,106077587,677129662.0
2024-02-19,6.06,6.14,6.02,6.14,88694220,571805667.0
2024-02-20,6.21,6.33,6.15,6.26,93964065,622399606.0
2024-02-21,6.2,6.45,6.19,6.3,116835570,784927053.0
2024-02-22,6.27,6.42,6.27,6.42,78329384,529264594.0
2024-02-23,6.42,6.61,6.38,6.57,124631041,861315206.0
2024-02-26,6.56,6.72,6.42,6.43,120030928,834934689.0
2024-02-27,6.39,6.55,6.36,6.55,73715672,504327258.0
2024-02-28,6.53,6.61,6.41,6.41,92199900,638710294.0
2024-02-29,6.39,6.59,6.37,6.58,69445519,480820625.0
2024-03-01,6.62,6.86,6.61,6.72,123774214,886096215.0
2024-03-04,6.73,6.73,6.56,6.62,72591431,509553638.0
2024-03-05,6.6,6.68,6.55,6.63,58413970,409785971.0
2024-03-06,6.63,6.8,6.63,6.74,82945175,591796564.0
2024-03-07,6.76,6.77,6.57,6.61,72669763,513424437.0
2024-03-08,6.62,6.66,6.53,6.63,46594095,325899070.0
2024-03-11,6.65,6.69,6.53,6.59,59804963,417448659.0
2024-03-12,6.6,6.6,6.47,6.51,57957620,400328305.0
2024-03-13,6.51,6.53,6.39,6.45,50276888,343583254.0
2024-03-14,6.46,6.56,6.41,6.46,60298167,415456036.0
2024-03-15,6.45,6.53,6.36,6.53,63078199,430807764.0
2024-03-18,6.54,6.6,6.47,6.54,76461298,529141355.0
2024-03-19,6.53,6.53,6.4,6.43,70656377,483630870.0
2024-03-20,6.41,6.45,6.37,6.43,37398491,254399773.0
2024-03-21,6.43,6.45,6.37,6.39,46376921,314486563.0
2024-03-22,6.37,6.38,6.23,6.29,56840518,379420397.0
2024-03-25,6.27,6.37,6.24,6.24,38298424,255522147.0
2024-03-26,6.22,6.32,6.18,6.31,42439135,280801504.0
2024-03-27,6.27,6.33,6.17,6.17,40873830,270275534.0
2024-03-28,6.17,6.32,6.16,6.28,44617704,296309866.0
2024-03-29,6.28,6.37,6.26,6.37,39861997,267698420.0
2024-04-01,6.37,6.41,6.35,6.4,44778209,303099102.0
2024-04-02,6.39,6.4,6.33,6.37,40366857,272539661.0
2024-04-03,6.36,6.4,6.35,6.39,32407081,219204822.0
2024-04-08,6.37,6.44,6.28,6.29,52936533,357045280.0
2024-04-09,6.29,6.35,6.22,6.25,37977069,252499121.0
2024-04-10,6.24,6.28,6.14,6.18,36223917,238130594.0
2024-04-11,6.13,6.35,6.11,6.29,55180715,366382144.0
2024-04-12,6.29,6.3,6.19,6.19,31217000,206396771.0
2024-04-15,6.19,6.66,6.19,6.64,170938567,1183198012.0
2024-04-16,6.6,6.7,6.45,6.48,111866904,779404740.0
2024-04-17,6.45,6.66,6.4,6.65,102548101,713571605.0
2024-04-18,6.62,6.74,6.6,6.64,90506746,638912452.0
2024-04-19,6.6,6.86,6.58,6.72,115491539,825811927.0
2024-04-22,6.73,6.81,6.61,6.68,91413617,650222768.0
2024-04-23,6.65,6.65,6.43,6.47,80046201,552853232.0
2024-04-24,6.47,6.62,6.42,6.6,67958734,470705960.0
2024-04-25,6.56,6.62,6.46,6.55,48151172,334252912.0
2024-04-26,6.53,6.62,6.49,6.57,65498780,454841301.0
2024-04-29,6.63,6.65,6.53,6.55,112576676,785183095.0
2024-04-30,6.56,6.57,6.48,6.51,68647470,473962594.0
2024-05-06,6.57,6.85,6.57,6.79,159498712,1139218743.0
2024-05-07,6.77,6.96,6.75,6.86,103224684,750535121.0
2024-05-08,6.85,6.93,6.79,6.89,79582143,580443475.0
2024-05-09,6.86,7.21,6.86,7.17,152559547,1150693141.0
2024-05-10,7.17,7.22,7.08,7.19,84358512,640308060.0
2024-05-13,7.16,7.51,7.13,7.46,157449229,1230772937.0
2024-05-14,7.45,7.62,7.4,7.48,110422216,876602851.0
2024-05-15,7.44,7.48,7.34,7.36,80737761,634043473.0
2024-05-16,7.36,7.7,7.36,7.55,117949729,944351324.0
2024-05-17,7.58,7.59,7.28,7.36,121273420,948421322.0
2024-05-20,7.37,7.48,7.35,7.38,73111032,572578613.0
2024-05-21,7.36,7.58,7.36,7.53,94995100,757096394.0
2024-05-22,7.53,7.66,7.5,7.55,64094661,515398467.0
2024-05-23,7.54,7.73,7.53,7.55,118172076,956529372.0
2024-05-24,7.55,7.65,7.52,7.58,71748663,577674360.0
2024-05-27,7.61,7.75,7.54,7.74,89366916,725687786.0
2024-05-28,7.74,8.09,7.71,7.92,140250863,1180474653.0
2024-05-29,7.94,8.01,7.83,7.97,65537555,551362574.0
2024-05-30,7.91,8.02,7.81,7.83,75262616,629791289.0
2024-05-31,7.82,7.91,7.68,7.71,80944027,666205230.0
2024-06-03,7.71,7.91,7.6,7.88,86059184,711736010.0
2024-06-04,7.88,8.16,7.81,8.12,93158024,790753748.0
2024-06-05,8.11,8.12,8.01,8.03,47808091,407981589.0
2024-06-06,8.02,8.14,7.93,7.98,64514255,550232686.0
2024-06-07,7.98,8.04,7.9,8.01,47754946,403514938.0
2024-06-11,8.02,8.06,7.53,7.56,150794216,1226738647.0
2024-06-12,7.6,7.66,7.44,7.57,110987389,886232217.0
2024-06-13,7.57,7.62,7.52,7.57,54470433,436777590.0
2024-06-14,7.54,7.67,7.51,7.56,56553500,454480557.0
2024-06-17,7.52,7.68,7.36,7.4,95000676,756618431.0
2024-06-18,7.4,7.68,7.35,7.62,77086668,615980553.0
2024-06-19,7.64,7.74,7.6,7.69,51647033,420640665.0
2024-06-20,7.69,7.72,7.58,7.66,46228688,374579390.0
2024-06-21,7.67,7.74,7.56,7.71,55836668,455170771.0
2024-06-24,7.71,7.71,7.5,7.54,56034699,450860559.0
2024-06-25,7.58,7.62,7.47,7.53,41408791,331000693.0
2024-06-26,7.52,7.65,7.43,7.6,40245209,321951397.0
2024-06-27,7.59,7.65,7.51,7.54,39655670,318324558.0
2024-06-28,7.54,7.84,7.53,7.77,70809776,580334340.0
2024-07-01,7.77,7.85,7.72,7.77,46080763,379679999.0
2024-07-02,7.75,7.78,7.22,7.46,126342913,998169995.0
2024-07-03,7.4,7.5,7.38,7.44,45279120,357205223.0
2024-07-04,7.44,7.55,7.33,7.35,36361106,286578018.0
2024-07-05,7.35,7.43,7.2,7.37,45061252,349050098.0
2024-07-08,7.39,7.4,7.26,7.29,35140882,272801380.0
2024-07-09,7.3,7.33,7.08,7.23,67806561,517183938.0
2024-07-10,7.21,7.24,7.09,7.17,43421400,329849575.0
2024-07-11,7.25,7.46,7.19,7.36,48944177,381159415.0
2024-07-12,7.32,7.34,6.95,7.02,106298132,794939865.0
2024-07-15,7.05,7.22,7.03,7.19,49563050,366654755.0
2024-07-16,7.14,7.22,7.1,7.22,26520873,196883941.0
2024-07-17,7.2,7.31,7.2,7.27,37122275,279056880.0
2024-07-18,7.26,7.31,7.15,7.27,28105708,210207062.0
2024-07-19,7.25,7.39,7.19,7.36,31445072,238429216.0
2024-07-22,7.37,7.39,7.15,7.2,37392622,280370901.0
2024-07-23,7.2,7.2,7.03,7.03,43762229,321116384.0
2024-07-24,7.03,7.13,7.0,7.07,29014362,212360365.0
2024-07-25,7.1,7.18,7.05,7.11,34439600,253882927.0
2024-07-26,7.1,7.22,7.09,7.15,22868652,168861869.0
2024-07-29,7.12,7.19,7.05,7.15,23473318,172945213.0
2024-07-30,7.11,7.38,7.08,7.3,51772555,389293232.0
2024-07-31,7.29,7.33,7.19,7.24,76471984,573730407.0
2024-08-01,7.24,7.4,7.21,7.3,61786198,467864318.0
2024-08-02,7.26,7.34,7.14,7.16,40642488,303863203.0
2024-08-05,7.13,7.13,6.93,6.94,63457800,459927101.0
2024-08-06,7.0,7.07,6.98,7.07,35359510,257516463.0
2024-08-07,7.03,7.08,6.92,6.95,35888294,259151273.0
2024-08-08,6.93,6.95,6.8,6.9,37945802,269603655.0
2024-08-09,6.92,7.02,6.91,6.92,26496708,191248478.0
2024-08-12,6.93,6.98,6.85,6.86,22736500,162461746.0
2024-08-13,6.88,6.97,6.86,6.97,22809493,163495313.0
2024-08-14,6.98,7.03,6.91,6.92,22138183,159522192.0
2024-08-15,6.92,7.02,6.89,7.0,26851064,193824013.0
2024-08-16,7.02,7.04,6.84,6.85,45065384,322200359.0
2024-08-19,6.86,6.98,6.85,6.92,36667399,263430244.0
2024-08-20,6.94,6.96,6.75,6.8,43092670,303416861.0
2024-08-21,6.78,6.81,6.68,6.71,30932179,215567679.0
2024-08-22,6.7,6.76,6.63,6.65,30847900,213414085.0
2024-08-23,6.64,6.73,6.63,6.7,26370015,182247599.0
2024-08-26,6.7,6.75,6.66,6.71,21899450,151947407.0
2024-08-27,6.67,6.71,6.56,6.64,29461650,201786430.0
2024-08-28,6.66,6.67,6.55,6.58,26559389,181419286.0
2024-08-29,6.53,6.57,6.46,6.49,32177800,216905219.0
2024-08-30,6.47,6.7,6.45,6.63,41952370,286991743.0
2024-09-02,6.57,6.59,6.26,6.28,99844817,657196286.0
2024-09-03,6.25,6.34,6.23,6.32,34978916,227955759.0
2024-09-04,6.3,6.31,6.16,6.24,33957212,218950088.0
2024-09-05,6.28,6.32,6.23,6.29,22104969,143551869.0
2024-09-06,6.33,6.33,6.13,6.14,35723095,229340763.0
2024-09-09,6.09,6.13,6.02,6.06,30016069,188283412.0
2024-09-10,6.07,6.12,5.95,6.1,32945236,205676831.0
2024-09-11,6.07,6.14,6.05,6.08,22023000,138809723.0
2024-09-12,6.07,6.19,6.05,6.11,26352915,167424517.0
2024-09-13,6.13,6.14,6.0,6.01,20536921,129101807.0
2024-09-18,6.0,6.11,5.98,6.08,24360118,152388630.0
2024-09-19,6.13,6.34,6.07,6.26,44752896,288854373.0
2024-09-20,6.27,6.28,6.02,6.1,55556698,351192192.0
2024-09-23,6.1,6.33,6.06,6.26,51890263,334287982.0
2024-09-24,6.35,6.65,6.29,6.64,80676507,541903369.0
2024-09-25,6.77,7.09,6.77,6.86,105505241,757786106.0
2024-09-26,6.85,7.14,6.82,7.14,80819793,585877762.0
2024-09-27,7.22,7.42,7.17,7.41,68730908,518371811.0
2024-09-30,7.67,8.04,7.49,7.96,160148819,1294328944.0
2024-10-08,8.75,8.75,8.07,8.36,211031900,1843199835.0
2024-10-09,8.21,8.22,7.53,7.53,139352112,1127380370.0
2024-10-10,7.61,8.28,7.55,8.04,197047646,1634182782.0
2024-10-11,7.87,7.96,7.55,7.7,120241028,967995070.0
2024-10-14,7.76,7.97,7.68,7.92,99709708,809769635.0
2024-10-15,7.86,7.94,7.73,7.74,56526568,458205413.0
2024-10-16,7.64,7.83,7.59,7.73,50475925,403218731.0
2024-10-17,7.74,7.8,7.59,7.6,57019809,453214900.0
2024-10-18,7.6,7.99,7.51,7.89,91739691,736552601.0
2024-10-21,7.9,8.14,7.85,8.04,81442409,674190168.0
2024-10-22,7.98,8.06,7.92,8.01,46835377,386615588.0
2024-10-23,8.04,8.1,7.95,8.01,51027765,422861063.0
2024-10-24,7.97,8.01,7.88,7.97,47101190,387710371.0
2024-10-25,7.97,8.12,7.92,8.06,62431230,518755241.0
2024-10-28,8.06,8.18,7.94,8.05,61306756,511715680.0
2024-10-29,8.02,8.11,7.9,7.91,52444562,433149113.0
2024-10-30,7.87,8.08,7.81,7.86,63817698,523299442.0
2024-10-31,7.9,7.94,7.77,7.82,62053291,503642247.0
2024-11-01,7.78,8.07,7.76,7.94,96013009,789990562.0
2024-11-04,7.93,7.96,7.84,7.94,47818810,391100678.0
2024-11-05,7.91,8.1,7.84,8.06,81456050,671044349.0
2024-11-06,8.03,8.09,7.96,8.02,64728940,537840544.0
2024-11-07,7.99,8.35,7.97,8.31,88053707,747231830.0
2024-11-08,8.36,8.4,8.04,8.07,88758118,748929821.0
2024-11-11,8.0,8.1,7.92,8.09,62399259,516714060.0
2024-11-12,8.05,8.11,7.89,7.92,69146295,573177037.0
2024-11-13,7.9,8.38,7.89,8.22,124979420,1063431363.0
2024-11-14,8.2,8.52,8.15,8.21,105347350,909165458.0
2024-11-15,8.21,8.44,8.17,8.18,85548817,735018165.0
2024-11-18,8.5,8.77,8.33,8.46,216016329,1917411046.0
2024-11-19,8.45,8.56,8.1,8.27,142495832,1221884624.0
2024-11-20,8.25,8.37,8.14,8.29,72403606,616798874.0
2024-11-21,8.23,8.41,8.12,8.17,65251988,555128790.0
2024-11-22,8.17,8.37,8.03,8.03,85973982,731499463.0
2024-11-25,8.07,8.09,7.74,7.85,71987750,588081871.0
2024-11-26,7.82,7.9,7.76,7.84,36149550,292793035.0
2024-11-27,7.84,7.88,7.7,7.88,36831823,297792226.0
2024-11-28,7.87,7.89,7.79,7.8,32876571,266671052.0
2024-11-29,7.81,7.96,7.8,7.87,43011985,351325255.0
2024-12-02,7.88,7.97,7.76,7.93,67756469,551595479.0
2024-12-03,7.9,8.18,7.87,8.12,79564678,662814790.0
2024-12-04,8.09,8.1,7.94,7.99,39114291,324404457.0
2024-12-05,7.94,8.01,7.87,7.93,31701842,259867852.0
2024-12-06,7.93,8.15,7.91,8.04,44466282,370530123.0
2024-12-09,8.03,8.1,7.9,7.92,42554733,351732311.0
2024-12-10,8.1,8.17,7.9,7.93,60366316,500195500.0
2024-12-11,7.93,7.99,7.9,7.93,35240100,289620646.0
2024-12-12,7.93,8.05,7.87,8.01,52879212,436928917.0
2024-12-13,7.99,7.99,7.78,7.79,63380607,514757820.0
2024-12-16,7.79,7.86,7.75,7.81,34666555,280115109.0
2024-12-17,7.81,7.84,7.7,7.74,32529988,261765889.0
2024-12-18,7.84,7.92,7.81,7.82,54979386,447301306.0
2024-12-19,7.76,7.95,7.71,7.89,42651985,347027501.0
2024-12-20,7.86,7.9,7.8,7.82,41671749,337343019.0
2024-12-23,7.83,8.11,7.82,8.01,84621299,702257880.0
2024-12-24,7.98,8.11,7.97,8.09,39690180,331316594.0
2024-12-25,8.1,8.25,8.05,8.21,57593261,487103709.0
2024-12-26,8.19,8.21,8.08,8.1,39245300,330562393.0
2024-12-27,8.14,8.18,8.02,8.09,41619830,347758672.0
2024-12-30,8.1,8.22,8.07,8.16,36217565,305791207.0
2024-12-31,8.15,8.17,8.01,8.01,35960600,301126660.0
2025-01-02,8.01,8.07,7.54,7.58,59462569,477265157.0
2025-01-03,7.58,7.7,7.4,7.44,51983293,405640032.0
2025-01-06,7.46,7.5,7.34,7.45,30288900,232855529.0
2025-01-07,7.44,7.47,7.28,7.44,34486028,263932776.0
2025-01-08,7.44,7.45,7.25,7.35,34471724,262419825.0
2025-01-09,7.26,7.35,7.24,7.27,24668812,185892389.0
2025-01-10,7.28,7.32,7.11,7.11,40821408,302865501.0
2025-01-13,7.07,7.15,7.02,7.06,34069510,249158800.0
2025-01-14,7.07,7.24,7.05,7.2,38895363,288002724.0
2025-01-15,7.2,7.21,7.09,7.12,39089182,288431447.0
2025-01-16,7.13,7.25,7.11,7.17,42528341,315703611.0
2025-01-17,7.17,7.33,7.11,7.22,47792301,358392840.0
2025-01-20,7.31,7.39,7.2,7.23,36172246,272775673.0
2025-01-21,7.24,7.27,7.08,7.11,40892209,301815081.0
2025-01-22,7.11,7.15,7.06,7.11,22595735,166106697.0
2025-01-23,7.18,7.25,7.11,7.11,40385275,299716994.0
2025-01-24,7.11,7.2,7.1,7.17,29194240,216290710.0
2025-01-27,7.21,7.29,7.17,7.19,38541811,288229261.0
2025-02-05,7.24,7.24,7.04,7.09,51089614,375469734.0
2025-02-06,7.09,7.14,7.05,7.14,36580505,269036698.0
2025-02-07,7.14,7.24,7.08,7.21,59950415,445180224.0
2025-02-10,7.21,7.27,7.19,7.22,39208055,292980844.0
2025-02-11,7.23,7.24,7.15,7.2,33799233,251394527.0
2025-02-12,7.21,7.24,7.1,7.17,49049949,362925748.0
2025-02-13,7.16,7.23,7.12,7.18,47876123,356074874.0
2025-02-14,7.16,7.19,7.1,7.14,35219341,260035813.0
2025-02-17,7.14,7.17,7.04,7.11,52765677,387522691.0
2025-02-18,7.1,7.13,6.96,6.98,56120552,409175909.0
2025-02-19,6.98,7.05,6.92,6.96,72690016,523844569.0
2025-02-20,6.97,6.97,6.85,6.88,72302309,515570640.0
2025-02-21,6.91,6.97,6.84,6.93,58750709,420232968.0
2025-02-24,6.91,7.1,6.9,7.02,94929299,687522447.0
2025-02-25,6.99,7.03,6.91,6.93,56135798,404496357.0
2025-02-26,6.93,7.09,6.91,7.06,72221975,526196049.0
2025-02-27,7.05,7.08,6.96,7.0,45713350,331327798.0
2025-02-28,6.99,7.04,6.88,6.9,56817292,409509741.0
2025-03-03,6.91,7.06,6.88,7.03,71687577,520037212.0
2025-03-04,7.01,7.14,6.97,7.06,48182260,351923368.0
2025-03-05,7.05,7.07,6.95,6.97,54664624,394736749.0
2025-03-06,6.98,7.02,6.91,7.01,62442612,450650525.0
2025-03-07,6.99,7.01,6.9,6.93,73463113,527912614.0
2025-03-10,6.93,6.98,6.9,6.96,44621731,320591369.0
2025-03-11,6.91,6.98,6.88,6.98,36949483,265321998.0
2025-03-12,7.0,7.23,6.98,7.12,130866894,962855294.0
2025-03-13,7.12,7.23,7.04,7.09,69757728,514884250.0
2025-03-14,7.11,7.19,7.09,7.17,55790954,412830918.0
2025-03-17,7.19,7.28,7.18,7.24,58730202,439458784.0
2025-03-18,7.25,7.27,7.16,7.25,51581548,385385663.0
2025-03-19,7.24,7.29,7.19,7.22,40219990,300802397.0
2025-03-20,7.23,7.3,7.19,7.21,40928405,306577291.0
2025-03-21,7.2,7.35,7.2,7.26,76441516,576481405.0
2025-03-24,7.27,7.3,7.12,7.19,59808990,444966620.0
2025-03-25,7.17,7.27,7.14,7.27,41160310,307959277.0
2025-03-26,7.26,7.27,7.18,7.24,39156701,292536091.0
2025-03-27,7.22,7.24,7.14,7.16,33592818,249589564.0
2025-03-28,7.16,7.19,7.07,7.1,35565300,261825402.0
2025-03-31,7.08,7.11,6.93,6.95,48742597,352820621.0
2025-04-01,6.97,7.04,6.96,7.01,33183796,240682225.0
2025-04-02,7.01,7.03,6.96,7.02,22110300,160293421.0
2025-04-03,6.98,7.12,6.97,7.02,33962041,247977511.0
2025-04-07,6.82,6.86,6.35,6.53,102923923,702193680.0
2025-04-08,6.54,6.88,6.54,6.88,98710787,690616845.0
2025-04-09,6.85,6.97,6.67,6.94,69697550,491588428.0
2025-04-10,7.02,7.03,6.85,6.92,52586000,376537151.0
2025-04-11,6.91,6.91,6.82,6.85,32816827,232871625.0
2025-04-14,6.93,6.99,6.87,6.89,50339323,361159022.0
2025-04-15,6.89,6.91,6.82,6.88,25504058,180757483.0
2025-04-16,6.86,6.87,6.74,6.86,43813606,308163614.0
2025-04-17,6.79,6.85,6.77,6.83,33600682,236820239.0
2025-04-18,6.8,6.93,6.79,6.91,42943112,305697908.0
2025-04-21,6.91,6.92,6.82,6.84,42480852,301148541.0
2025-04-22,6.83,6.98,6.82,6.97,56288277,403784519.0
2025-04-23,6.98,7.34,6.98,7.25,117328947,875218042.0
2025-04-24,7.28,7.31,7.14,7.18,41925894,312808973.0
2025-04-25,7.19,7.23,7.12,7.17,29527419,218907026.0
2025-04-28,7.16,7.23,7.08,7.2,39724851,294512200.0
2025-04-29,7.18,7.23,7.09,7.17,33653743,248965347.0
2025-04-30,7.24,7.49,7.24,7.29,81876007,623413032.0
2025-05-06,7.33,7.41,7.16,7.22,94102529,702884343.0
2025-05-07,7.29,7.31,7.2,7.26,57755509,432828043.0
2025-05-08,7.23,7.27,7.21,7.25,33651282,252106537.0
2025-05-09,7.24,7.3,7.19,7.27,45098579,337695948.0
2025-05-12,7.27,7.55,7.27,7.53,89874077,691679961.0
2025-05-13,7.55,7.73,7.53,7.72,98027999,777338809.0
2025-05-14,7.71,7.84,7.66,7.84,82761600,666125232.0
2025-05-15,7.88,7.88,7.74,7.75,44674929,360901496.0
2025-05-16,7.7,7.77,7.56,7.61,56197682,443434101.0
2025-05-19,7.6,7.67,7.56,7.63,30250202,238303670.0
2025-05-20,7.62,7.66,7.55,7.6,30967632,243657508.0
2025-05-21,7.6,7.74,7.6,7.65,29595656,235164099.0
2025-05-22,7.61,7.65,7.49,7.51,35251608,275020046.0
2025-05-23,7.49,7.57,7.41,7.44,27039957,209430623.0
2025-05-26,7.45,7.55,7.39,7.53,41766651,323396010.0
2025-05-27,7.52,7.54,7.38,7.43,29348531,225659807.0
2025-05-28,7.43,7.48,7.43,7.43,19386105,149510178.0
2025-05-29,7.44,7.49,7.43,7.45,23370133,180440988.0
2025-05-30,7.44,7.52,7.4,7.46,22105763,170778563.0
2025-06-03,7.43,7.47,7.37,7.42,30279098,232105900.0
2025-06-04,7.42,7.6,7.39,7.53,33759041,262185430.0
2025-06-05,7.53,7.57,7.51,7.52,19825450,154630316.0
2025-06-06,7.55,7.77,7.53,7.71,47593960,378587972.0
2025-06-09,7.69,7.74,7.63,7.66,26903438,213503869.0
2025-06-10,7.64,7.68,7.55,7.64,29224900,230398933.0
2025-06-11,7.63,7.72,7.62,7.64,22531688,178959634.0
2025-06-12,7.63,7.67,7.59,7.62,19427800,153431701.0
2025-06-13,7.6,7.69,7.59,7.65,27901495,220964963.0
2025-06-16,7.63,7.67,7.57,7.64,24098285,189973698.0
2025-06-17,7.64,7.66,7.6,7.63,13757100,108662319.0
2025-06-18,7.64,7.72,7.59,7.6,21202893,167581390.0
2025-06-19,7.6,7.63,7.35,7.37,46852967,360395171.0
2025-06-20,7.38,7.43,7.35,7.35,21715404,165983303.0
2025-06-23,7.34,7.37,7.27,7.34,27576805,208894945.0
2025-06-24,7.38,7.58,7.35,7.51,32512656,251804920.0
2025-06-25,7.49,7.54,7.46,7.53,26173917,203094871.0
2025-06-26,7.53,7.54,7.39,7.4,41505831,319587338.0
2025-06-27,7.4,7.48,7.37,7.41,33748837,259047626.0
2025-06-30,7.4,7.46,7.38,7.41,30267056,232336959.0
2025-07-01,7.41,7.42,7.36,7.38,36434823,278425828.0
2025-07-02,7.39,7.51,7.38,7.48,38081823,294083695.0
2025-07-03,7.47,7.48,7.43,7.46,20998800,162025279.0
2025-07-04,7.46,7.53,7.44,7.48,30177048,234049742.0
2025-07-07,7.48,7.53,7.47,7.5,17702680,137339702.0
2025-07-08,7.5,7.52,7.4,7.51,43946728,338925553.0
2025-07-09,7.51,7.55,7.44,7.44,52019701,403410000.0
2025-07-10,7.45,7.58,7.42,7.55,53348943,414930816.0
2025-07-11,7.55,7.68,7.54,7.54,46997308,369870677.0
2025-07-14,7.58,7.68,7.56,7.65,44481234,351926166.0
2025-07-15,7.65,7.67,7.53,7.55,42848759,335812572.0
2025-07-16,7.55,7.59,7.51,7.54,25059993,195814308.0
2025-07-17,7.55,7.6,7.51,7.55,32728812,255598960.0
2025-07-18,7.55,7.63,7.53,7.58,40015705,313860130.0
2025-07-21,7.67,7.78,7.65,7.76,65968370,527972975.0
2025-07-22,7.75,7.9,7.65,7.89,90305808,728233334.0
2025-07-23,7.9,7.96,7.79,7.81,75750383,617832780.0
2025-07-24,7.8,7.91,7.73,7.86,61398407,498528444.0
2025-07-25,7.87,7.89,7.71,7.73,53738900,432637915.0
2025-07-28,7.72,7.8,7.65,7.78,46365954,371392439.0
2025-07-29,7.77,8.12,7.76,7.99,94089044,775764144.0
2025-07-30,7.96,8.01,7.88,7.92,44755870,368671702.0
2025-07-31,7.9,7.92,7.7,7.72,57852069,465592680.0
2025-08-01,7.72,7.84,7.68,7.74,37075378,297839072.0
2025-08-04,7.72,7.75,7.61,7.66,44452200,352652097.0
2025-08-05,7.68,7.81,7.66,7.73,45812952,367281615.0
2025-08-06,7.73,7.76,7.7,7.75,33384685,266980534.0
2025-08-07,7.75,7.8,7.68,7.77,39258762,314820302.0
2025-08-08,7.77,8.03,7.75,8.02,79724378,654140971.0
2025-08-11,8.02,8.05,7.89,7.9,48155772,396125931.0
2025-08-12,7.89,8.1,7.89,8.05,56226551,467515232.0
2025-08-13,8.05,8.06,7.95,7.96,42750599,353208855.0
2025-08-14,7.96,8.03,7.84,7.85,47805501,391454409.0
2025-08-15,7.85,7.9,7.83,7.84,53133450,432410356.0
2025-08-18,7.88,7.91,7.77,7.77,98493800,798362592.0
2025-08-19,7.79,7.83,7.72,7.73,74072201,594659591.0
2025-08-20,7.73,7.78,7.67,7.78,62321475,497832560.0
2025-08-21,7.78,7.85,7.78,7.8,62098001,501843015.0
2025-08-22,7.85,7.85,7.74,7.83,60831253,479340108.0
2025-08-25,7.85,8.05,7.84,8.04,97097174,783382949.0
2025-08-26,7.99,8.23,7.97,8.2,88735938,730266825.0
2025-08-27,8.2,8.2,7.89,7.91,102162310,830650013.0
2025-08-28,7.9,7.94,7.74,7.91,91603064,728688978.0
2025-08-29,7.92,8.01,7.77,7.77,119196313,947888395.0
2025-09-01,7.79,7.84,7.63,7.66,114937230,897609781.0
2025-09-02,7.67,7.69,7.53,7.58,77214772,593105138.0
2025-09-03,7.58,7.59,7.39,7.44,80660173,608937332.0
2025-09-04,7.42,7.48,7.38,7.46,67387781,506054868.0
2025-09-05,7.47,7.48,7.39,7.47,63791819,479442903.0
2025-09-08,7.47,7.58,7.46,7.55,72795262,553729567.0
2025-09-09,7.56,7.57,7.48,7.52,53546934,407442886.0
2025-09-10,7.51,7.52,7.42,7.44,51881864,390641252.0
2025-09-11,7.43,7.51,7.4,7.5,58387239,439797476.0
2025-09-12,7.49,7.53,7.42,7.45,86206446,650905417.0
2025-09-15,7.45,7.5,7.41,7.42,54643542,410418941.0
2025-09-16,7.42,7.46,7.34,7.39,57724445,431159048.0
2025-09-17,7.38,7.46,7.36,7.44,55075419,413728698.0
2025-09-18,7.44,7.49,7.28,7.3,80313694,600679949.0
2025-09-19,7.29,7.42,7.28,7.39,54935038,409449867.0
2025-09-22,7.38,7.39,7.25,7.29,47634778,351693832.0
2025-09-23,7.28,7.34,7.19,7.31,63616957,466931806.0
2025-09-24,7.3,7.35,7.27,7.32,44082500,325443122.0
2025-09-25,7.3,7.36,7.26,7.26,39583784,291777843.0
2025-09-26,7.26,7.43,7.23,7.37,66335909,493730518.0
2025-09-29,7.38,7.43,7.29,7.38,64548157,478878855.0
2025-09-30,7.36,7.45,7.31,7.36,74113375,551490569.0
2025-10-09,7.4,7.56,7.38,7.55,125617189,953843920.0
2025-10-10,7.55,7.68,7.51,7.62,104141397,802001320.0
2025-10-13,7.52,7.58,7.47,7.56,81896832,623575625.0
2025-10-14,7.58,7.68,7.56,7.57,81196925,625108734.0
2025-10-15,7.58,7.64,7.52,7.58,66782061,511584614.0
2025-10-16,7.56,7.56,7.45,7.49,66847158,506305908.0
2025-10-17,7.47,7.51,7.34,7.36,57931801,434757537.0
2025-10-20,7.38,7.41,7.31,7.33,47844519,355302330.0
2025-10-21,7.33,7.46,7.33,7.43,55403772,415417996.0
2025-10-22,7.44,7.57,7.44,7.51,62676456,475232884.0
2025-10-23,7.5,7.61,7.44,7.6,67434135,514043810.0
2025-10-24,7.61,7.63,7.54,7.56,42349841,324347599.0
2025-10-27,7.58,7.67,7.54,7.64,74003369,570000294.0
2025-10-28,7.63,7.63,7.52,7.55,68962100,526595248.0
2025-10-29,7.53,7.61,7.51,7.6,58010224,443768784.0
2025-10-30,7.62,7.85,7.61,7.7,125205356,980396501.0
2025-10-31,7.7,7.74,7.61,7.64,71371895,552823501.0
2025-11-03,7.67,7.84,7.65,7.79,87969111,691453999.0
2025-11-04,7.79,7.89,7.71,7.74,70098657,551882753.0
2025-11-05,7.73,7.83,7.67,7.79,60635887,475605356.0
2025-11-06,7.77,7.89,7.76,7.85,61292757,486326423.0
2025-11-07,7.85,8.04,7.83,8.01,116196919,935905245.0
2025-11-10,8.03,8.05,7.96,7.99,72448008,585788901.0
2025-11-11,7.97,8.13,7.95,8.01,75021715,609204801.0
2025-11-12,8.02,8.06,7.9,7.95,69318096,558533369.0
2025-11-13,7.95,8.02,7.89,8.02,62300818,502099675.0
2025-11-14,7.99,8.02,7.79,7.8,98077654,780793425.0
2025-11-17,7.8,7.87,7.76,7.79,60200186,475828079.0
2025-11-18,7.76,7.81,7.62,7.65,63372859,492145479.0
2025-11-19,7.65,7.68,7.56,7.6,53700277,413975581.0
2025-11-20,7.62,7.69,7.57,7.58,43167888,333505746.0
2025-11-21,7.53,7.56,7.35,7.38,68682070,517294165.0
2025-11-24,7.42,7.44,7.34,7.38,54115281,403926274.0
2025-11-25,7.41,7.41,7.34,7.36,73895900,550794419.0
2025-11-26,7.38,7.41,7.35,7.36,50007514,372797641.0
2025-11-27,7.37,7.4,7.33,7.34,41422248,308324494.0
2025-11-28,7.35,7.39,7.32,7.37,33005112,245413620.0
2025-12-01,7.37,7.5,7.34,7.49,68205633,511183171.0
2025-12-02,7.48,7.49,7.42,7.46,33716235,254170428.0
2025-12-03,7.47,7.57,7.44,7.54,49004325,372729156.0
2025-12-04,7.55,7.56,7.51,7.53,33672100,256796097.0
2025-12-05,7.53,7.6,7.51,7.58,38414549,293404379.0
2025-12-08,7.63,7.66,7.49,7.52,57195387,436275411.0
2025-12-09,7.53,7.53,7.36,7.37,54329488,406774712.0
2025-12-10,7.38,7.41,7.34,7.4,31505879,234959595.0
2025-12-11,7.4,7.44,7.36,7.36,31626500,236606233.0
2025-12-12,7.38,7.45,7.35,7.41,54901033,410869775.0
2025-12-15,7.39,7.56,7.38,7.5,46427110,351526250.0
2025-12-16,7.49,7.49,7.36,7.37,38447327,287682724.0
2025-12-17,7.37,7.53,7.35,7.5,43779766,329051883.0
2025-12-18,7.47,7.57,7.46,7.56,35497257,270808373.0
2025-12-19,7.56,7.65,7.52,7.61,46288297,355740419.0
2025-12-22,7.63,7.64,7.57,7.58,35805100,275121770.0
2025-12-23,7.57,7.64,7.56,7.57,31066257,238840346.0
2025-12-24,7.57,7.66,7.56,7.59,30501458,234621666.0
2025-12-25,7.59,7.64,7.58,7.6,26597213,204986033.0
2025-12-26,7.6,7.62,7.56,7.58,30534820,234687834.0
2025-12-29,7.59,7.64,7.55,7.56,34165891,262129612.0
2025-12-30,7.55,7.56,7.43,7.45,54839174,413489988.0
2025-12-31,7.45,7.51,7.43,7.45,38612103,291543529.0
2026-01-05,7.45,7.5,7.43,7.47,53888467,406779384.0
2026-01-06,7.47,7.66,7.45,7.66,91888242,703870082.0
2026-01-07,7.67,8.35,7.67,8.15,270836830,2235027359.0
2026-01-08,8.09,8.19,8.05,8.1,134426699,1102727328.0
2026-01-09,8.13,8.15,7.98,8.01,114115774,924905537.0
2026-01-12,8.01,8.16,8.0,8.08,88548660,723231210.0
2026-01-13,8.08,8.08,7.93,7.96,90577425,731458059.0
2026-01-14,7.98,8.04,7.72,7.73,171044441,1361316605.0
2026-01-15,7.77,7.82,7.72,7.77,83964772,659195913.0
2026-01-16,7.8,7.96,7.73,7.74,92905616,735349586.0
2026-01-19,7.74,7.93,7.71,7.9,87940480,698723158.0
2026-01-20,7.92,8.69,7.91,8.69,305107632,2568789642.0
2026-01-21,8.78,8.9,8.54,8.69,422378675,3725799092.0
2026-01-22,8.63,8.99,8.56,8.85,337658363,3007607739.0
2026-01-23,8.8,9.1,8.75,8.83,265620324,2379896613.0
2026-01-26,8.8,9.16,8.77,8.9,268646607,2423893355.0
2026-01-27,8.88,8.92,8.6,8.72,205698565,1813863478.0
2026-01-28,8.75,9.2,8.66,8.93,319255001,2900101195.0
2026-01-29,9.01,9.14,8.74,8.9,213025735,1915111790.0
2026-01-30,8.88,8.99,8.56,8.9,191470779,1683675411.0
2026-02-02,8.84,8.87,8.28,8.29,226615834,1926774492.0
2026-02-03,8.32,8.54,8.24,8.48,135895947,1139885211.0
2026-02-04,8.49,8.64,8.47,8.54,100245191,856371110.0
2026-02-05,8.5,8.62,8.32,8.38,106289803,895999603.0
2026-02-06,8.28,8.55,8.26,8.36,90219863,759201830.0
2026-02-09,8.48,8.64,8.43,8.51,107295278,912371357.0
2026-02-10,8.48,8.48,8.31,8.37,88646920,741240341.0
2026-02-11,8.38,8.68,8.36,8.48,137121779,1171823970.0
2026-02-12,8.5,8.59,8.46,8.53,87553339,746092511.0
2026-02-13,8.45,8.45,8.31,8.31,99799640,833151624.0
2026-02-24,8.42,8.73,8.39,8.69,168670068,1454499762.0
2026-02-25,8.7,9.04,8.67,8.84,184766772,1643297033.0
2026-02-26,8.82,8.95,8.78,8.92,116664073,1035507289.0
2026-02-27,8.99,9.42,8.97,9.34,223831464,2077650002.0
2026-03-02,9.37,9.49,9.16,9.42,190327453,1777453939.0
2026-03-03,9.38,9.46,9.08,9.15,198102915,1826912413.0
2026-03-04,9.15,9.25,9.01,9.15,133669893,1221904934.0
2026-03-05,9.28,9.31,9.11,9.16,135963119,1249086116.0
2026-03-06,9.08,9.39,9.03,9.33,165242234,1528885437.0
2026-03-09,9.52,9.65,9.16,9.18,219209264,2038091905.0
2026-03-10,9.05,9.24,9.01,9.12,122844230,1120306107.0
2026-03-11,9.12,9.63,9.0,9.58,229163669,2139669120.0
2026-03-12,9.72,10.25,9.72,9.97,323907957,3229654652.0
2026-03-13,9.97,10.48,9.97,10.14,278553928,2840070387.0
2026-03-16,10.13,10.23,9.48,9.52,257069196,2499512215.0
2026-03-17,9.59,9.67,9.33,9.35,147883866,1402100837.0
2026-03-18,9.36,9.39,9.17,9.29,135705310,1255986987.0
2026-03-19,9.35,9.44,8.99,9.05,153644566,1411426487.0
2026-03-20,9.02,9.09,8.78,8.81,141386092,1257614544.0
2026-03-23,8.67,8.92,8.57,8.64,152104347,1324415321.0
2026-03-24,8.75,8.76,8.47,8.7,120005511,1033607608.0
2026-03-25,8.87,9.45,8.87,9.34,222696376,2044880107.0
2026-03-26,9.36,9.47,9.05,9.13,136380633,1258082416.0
2026-03-27,9.01,9.2,9.0,9.1,119912438,1089408976.0
2026-03-30,9.0,9.11,8.87,9.06,111344503,1003614612.0
2026-03-31,9.02,9.1,8.78,8.79,111715653,994780160.0
2026-04-01,8.96,9.06,8.94,8.98,109399003,983471972.0
2026-04-02,8.91,9.03,8.8,8.86,77672266,691904213.0
2026-04-03,8.89,8.92,8.66,8.69,76759659,672448705.0
2026-04-07,8.73,9.22,8.73,9.21,156866420,1422815274.0
2026-04-08,9.3,9.3,8.97,9.11,182433530,1660460389.0
2026-04-09,9.12,9.16,8.99,9.06,90867502,823219873.0
2026-04-10,9.1,9.22,9.02,9.06,100248782,913379313.0
2026-04-13,9.06,9.08,8.86,8.97,113369680,1015263113.0
2026-04-14,8.98,9.01,8.75,8.84,117890481,1042641238.0
2026-04-15,8.83,8.85,8.67,8.68,97004636,847403656.0
2026-04-16,8.68,8.74,8.59,8.66,95526495,825203398.0
2026-04-17,8.64,8.66,8.52,8.57,80622616,690213652.0
2026-04-20,8.6,8.64,8.5,8.6,79144533,678999474.0
2026-04-21,8.62,8.64,8.49,8.56,70100077,598950713.0
2026-04-22,8.52,8.59,8.48,8.53,74551573,635080013.0
2026-04-23,8.55,8.68,8.51,8.58,97060043,833273540.0
2026-04-24,8.53,8.66,8.45,8.52,117823549,1007834149.0
2026-04-27,8.47,8.5,8.35,8.39,99821815,839956017.0
2026-04-28,8.44,8.64,8.42,8.6,126886497,1085360558.0
2026-04-29,8.59,8.7,8.47,8.66,100315618,862880231.0
2026-04-30,8.62,8.68,8.54,8.6,88114403,758588953.0
2026-05-06,8.63,8.64,8.44,8.54,118127749,1005666648.0
2026-05-07,8.53,8.59,8.38,8.48,134201397,1133741469.0
2026-05-08,8.47,8.51,8.29,8.29,134295318,1121682693.0
2026-05-11,8.28,8.49,8.26,8.45,129409895,1088852735.0
2026-05-12,8.43,8.57,8.39,8.4,92090898,781254852.0
2026-05-13,8.38,8.56,8.38,8.48,91079509,773172415.0
2026-05-14,8.49,8.55,8.24,8.24,103788095,870710407.0
2026-05-15,8.24,8.27,8.08,8.1,107224269,872289423.0
2026-05-18,8.09,8.11,7.95,7.99,78526362,629183656.0
2026-05-19,8.01,8.11,7.95,8.1,65579492,526632452.0
2026-05-20,8.05,8.08,7.93,8.0,67598144,540017205.0
2026-05-21,7.99,8.08,7.85,7.87,85441109,682367107.0
2026-05-22,7.91,7.92,7.79,7.91,62047600,487312507.0
2026-05-25,7.9,7.98,7.82,7.85,67837198,534737393.0
2026-05-26,7.85,7.97,7.74,7.97,116026955,911886155.0
2026-05-27,7.93,7.93,7.77,7.81,88783149,696650002.0
2026-05-28,7.81,7.88,7.62,7.7,94184776,727234820.0
2026-05-29,7.7,7.84,7.66,7.72,92153555,715246174.0
2026-06-01,7.78,7.85,7.72,7.84,84725742,660445545.0
2026-06-02,7.82,7.88,7.69,7.75,75978631,588790580.0
2026-06-03,7.7,7.74,7.6,7.68,78039214,597467719.0
2026-06-04,7.64,7.66,7.51,7.53,65515511,495193566.0
2026-06-05,7.52,7.63,7.43,7.46,79023652,595359780.0
2026-06-08,7.35,7.4,7.15,7.2,95934431,697228547.0
2026-06-09,7.2,7.32,7.15,7.29,66436406,480554971.0
2026-06-10,7.24,7.4,7.22,7.31,56736521,415344308.0
2026-06-11,7.25,7.37,7.2,7.34,67064060,489690018.0
2026-06-12,7.36,7.62,7.32,7.51,127083422,950381611.0
2026-06-15,7.62,7.68,7.53,7.67,107680585,818992475.0
2026-06-16,7.64,7.65,7.46,7.47,87446951,660843322.0
2026-06-17,7.44,8.22,7.36,8.22,191455123,1503337038.0
2026-06-18,8.25,8.29,8.0,8.08,283008886,2304876777.0
2026-06-22,8.06,8.44,8.06,8.42,251081607,2088169855.0
2026-06-23,8.34,8.39,7.83,7.92,237166822,1917048868.0
2026-06-24,7.86,8.18,7.86,8.07,154541828,1239988647.0
2026-06-25,8.05,8.07,7.86,8.0,118309328,943871644.0
2026-06-26,7.97,7.97,7.51,7.52,159239374,1219672796.0
2026-06-29,7.46,7.66,7.37,7.63,112727518,847750079.0
2026-06-30,7.56,7.57,7.25,7.35,145443525,1067765929.0
2026-07-01,7.33,7.73,7.27,7.59,141202558,1060974354.0
2026-07-02,7.55,7.73,7.47,7.49,101558924,772273973.0
2026-07-03,7.49,7.61,7.46,7.55,92449201,697066199.0
2026-07-06,7.55,7.79,7.51,7.67,98005734,749979553.0
2026-07-07,7.63,7.68,7.42,7.47,74382452,557454857.0
2026-07-08,7.47,7.51,7.35,7.38,56239057,417565798.0
2026-07-09,7.39,7.41,7.21,7.32,68321187,498646480.0
2026-07-10,7.3,7.47,7.21,7.39,66923567,492082177.0
2026-07-13,7.34,7.41,7.29,7.34,61927661,454512776.0
2026-07-14,7.38,7.55,7.32,7.55,80382678,595865785.0
2026-07-15,7.5,7.66,7.48,7.65,73671502,559633099.0
2026-07-16,7.58,7.64,7.49,7.54,60600474,457015868.0
2026-07-17,7.5,7.61,7.41,7.44,91424491,688585809.0
2026-07-20,7.48,7.68,7.48,7.67,101608843,771775533.0
2026-07-21,7.63,7.73,7.54,7.66,94850435,725210726.0
2026-07-22,7.61,7.75,7.54,7.71,78818035,605085950.0
2026-07-23,7.7,7.82,7.63,7.82,80890543,627201913.0
2026-07-24,7.75,7.83,7.57,7.57,75446325,579873587.0
2026-07-27,7.54,7.72,7.54,7.68,60898362,466627385.0
2026-07-28,7.62,7.65,7.55,7.62,50147325,380914528.0
2026-07-29,7.62,7.78,7.6,7.75,78924822,609640362.0
2026-07-30,7.7,7.82,7.7,7.8,73415900,570526233.0
2026-07-31,7.79,7.87,7.74,7.84,76136419,594198155.0
2026-08-03,7.82,7.9,7.8,7.83,66161799,518852592.0
2026-08-04,7.83,7.85,7.71,7.73,84399965,653558840.0
2026-08-05,7.73,7.76,7.67,7.74,59312427,457839531.0
2026-08-06,7.76,7.89,7.72,7.82,89811130,700120998.0
