timestamps,open,high,low,close,volume,amount
2018-05-08,10.02,12.03,10.02,12.03,29739,919703.0
2018-05-09,13.23,13.23,13.23,13.23,20661,706813.0
2018-05-10,14.55,14.55,14.55,14.55,8500,319855.0
2018-05-11,16.01,16.01,16.01,16.01,55195,2284521.0
2018-05-14,17.61,17.61,17.61,17.61,73713,3356153.0
2018-05-15,19.37,19.37,19.37,19.37,89725,4493428.0
2018-05-16,21.31,21.31,21.31,21.31,98871,5446803.0
2018-05-17,23.44,23.44,23.44,23.44,196587,11913172.0
2018-05-18,25.78,25.78,25.78,25.78,311615,20772256.0
2018-05-21,28.36,28.36,28.36,28.36,176218,12922066.0
2018-05-22,31.2,31.2,31.2,31.2,259098,20898845.0
2018-05-23,34.32,34.32,34.32,34.32,268867,23856569.0
2018-05-24,37.75,37.75,37.75,37.75,590152,57598835.0
2018-05-25,41.52,41.52,41.52,41.52,2535836,272247353.0
2018-05-28,45.68,45.68,45.68,45.68,2113519,249606594.0
2018-05-29,50.24,50.24,50.24,50.24,4196101,545115481.0
2018-05-30,52.25,52.43,46.14,46.55,72523591,9293127280.0
2018-05-31,48.03,51.18,44.87,50.16,42738509,5303637390.0
2018-06-01,48.77,52.16,48.15,51.39,32630686,4243384086.0
2018-06-04,52.75,53.71,46.25,46.76,36227220,4643439731.0
2018-06-05,45.64,47.08,44.09,46.33,26763623,3165880761.0
2018-06-06,45.68,48.13,45.27,47.98,25913717,3147510073.0
2018-06-07,47.57,47.8,45.97,46.04,18632920,2250260409.0
2018-06-08,45.28,46.97,44.87,45.81,17894569,2136303406.0
2018-06-11,44.77,45.11,41.38,41.82,25019713,2789216634.0
2018-06-12,42.39,43.05,41.05,42.47,17399563,1896960007.0
2018-06-13,41.96,43.24,41.27,41.76,16810346,1838222691.0
2018-06-14,40.61,42.01,38.4,38.78,24191241,2498877599.0
2018-06-15,38.93,39.62,38.31,38.88,15404365,1554157401.0
2018-06-19,37.8,39.59,36.97,38.27,17835774,1760329511.0
2018-06-20,38.6,39.52,37.19,39.06,17388669,1737706370.0
2018-06-21,38.98,39.26,35.15,35.35,22405240,2149118418.0
2018-06-22,34.29,35.64,33.79,34.77,15708505,1417519990.0
2018-06-25,34.85,36.89,34.65,35.98,17428841,1619033686.0
2018-06-26,35.3,37.12,35.0,37.01,14789749,1395317695.0
2018-06-27,36.74,37.04,35.81,36.07,10235240,961720730.0
2018-06-28,35.96,36.62,33.3,33.38,12007147,1087189588.0
2018-06-29,33.52,36.72,33.38,36.72,12948468,1178540832.0
2018-07-02,36.7,38.83,36.35,37.29,16647296,1616430295.0
2018-07-03,37.62,38.45,35.46,37.19,13299803,1271789985.0
2018-07-04,36.74,36.74,34.46,34.79,11785606,1074213029.0
2018-07-05,34.42,35.69,34.03,34.78,9854548,890483761.0
2018-07-06,34.74,38.26,34.73,37.09,19830723,1889832325.0
2018-07-09,37.53,38.37,36.55,38.16,14561575,1416334581.0
2018-07-10,38.56,39.26,37.39,38.01,10954645,1077582802.0
2018-07-11,36.74,38.0,36.4,37.71,11107086,1067387409.0
2018-07-12,37.71,40.44,37.38,39.71,17625362,1773773062.0
2018-07-13,39.06,40.76,38.51,39.38,14916502,1528387322.0
2018-07-16,38.99,39.64,37.82,38.29,9748346,970845693.0
2018-07-17,38.22,38.63,37.51,38.27,6453182,633366871.0
2018-07-18,38.27,38.58,36.47,36.53,10592140,1023818843.0
2018-07-19,36.35,36.35,34.52,34.89,11250482,1024515939.0
2018-07-20,34.62,36.28,34.54,35.67,8302520,761236201.0
2018-07-23,33.26,34.41,32.66,34.08,14194263,1233492566.0
2018-07-24,33.88,35.07,33.69,34.6,8997247,801576398.0
2018-07-25,34.71,35.48,34.34,34.42,7498398,675461477.0
2018-07-26,34.42,34.54,33.07,33.38,7123461,618575469.0
2018-07-27,33.42,33.88,33.03,33.47,4371966,379047541.0
2018-07-30,33.48,33.64,30.98,31.87,8217859,682825774.0
2018-07-31,31.71,32.29,31.01,31.39,5586187,458274655.0
2018-08-01,31.18,31.49,29.98,30.07,8317566,658814573.0
2018-08-02,29.82,30.73,29.32,30.24,8254174,640806280.0
2018-08-03,30.05,30.34,29.1,29.14,5365618,411694892.0
2018-08-06,28.81,29.03,27.55,27.68,7552197,552217387.0
2018-08-07,28.02,29.76,27.7,29.62,9837000,728139054.0
2018-08-08,29.35,29.49,28.08,28.21,6492061,482440430.0
2018-08-09,28.14,31.04,27.87,30.82,13070523,1020282513.0
2018-08-10,30.55,31.52,30.24,30.95,8549131,682639863.0
2018-08-13,30.24,31.32,30.21,31.08,5368988,427345838.0
2018-08-14,31.02,31.51,30.55,30.65,4054735,324098805.0
2018-08-15,30.67,30.89,29.05,29.22,5980720,458687783.0
2018-08-16,28.62,29.66,28.28,29.15,3976656,299669064.0
2018-08-17,29.54,29.62,27.71,27.81,7131098,522761056.0
2018-08-20,27.82,28.31,27.22,28.23,4743914,341871277.0
2018-08-21,28.04,30.89,28.02,30.67,10866419,836379811.0
2018-08-22,31.82,32.53,31.32,31.81,13855117,1144352638.0
2018-08-23,31.71,34.66,31.46,34.03,13527249,1147997757.0
2018-08-24,33.53,34.37,32.98,33.21,8658516,752094611.0
2018-08-27,33.52,35.43,33.27,34.38,11347502,1012934498.0
2018-08-28,34.04,34.85,33.81,34.17,6592064,583310955.0
2018-08-29,34.0,35.19,33.65,34.75,7181769,639561749.0
2018-08-30,34.56,34.8,33.25,33.84,6565853,576743871.0
2018-08-31,33.48,33.64,32.66,32.68,5453950,467327629.0
2018-09-03,32.38,33.79,32.37,33.68,5882095,504925004.0
2018-09-04,33.61,34.25,33.07,34.0,6519774,569657974.0
2018-09-05,33.63,33.83,32.88,33.05,5032716,433729827.0
2018-09-06,32.84,34.53,32.84,33.69,6902097,604105369.0
2018-09-07,33.62,35.04,33.45,34.03,8573823,761404322.0
2018-09-10,34.0,34.58,33.28,33.82,5465580,479899536.0
2018-09-11,33.8,35.0,33.23,34.98,8291902,735725232.0
2018-09-12,34.85,36.15,33.66,33.84,10417957,937545356.0
2018-09-13,34.25,34.38,31.13,33.02,10892810,923276155.0
2018-09-14,32.68,32.74,31.78,32.03,4778406,399145413.0
2018-09-17,31.64,32.44,31.25,31.91,3350645,277021842.0
2018-09-18,31.64,33.36,31.6,33.16,5462316,461125165.0
2018-09-19,33.02,34.23,32.6,33.82,7220687,625407797.0
2018-09-20,33.71,34.37,33.65,33.83,4020523,352486675.0
2018-09-21,33.84,35.15,33.84,34.81,7194652,644621660.0
2018-09-25,34.23,34.53,33.9,34.23,4528531,400293832.0
2018-09-26,34.3,35.15,33.9,34.54,6879866,613153682.0
2018-09-27,34.49,35.95,34.08,34.66,6805706,618253356.0
2018-09-28,34.55,35.84,34.55,35.79,6317294,578003164.0
2018-10-08,35.03,35.12,33.21,33.44,7081245,623928167.0
2018-10-09,33.58,34.22,32.94,33.16,3908137,339742319.0
2018-10-10,33.07,33.6,31.95,32.55,4700876,397162149.0
2018-10-11,31.13,31.27,29.3,29.46,9307362,723831290.0
2018-10-12,28.74,30.62,28.64,30.22,5417692,417342448.0
2018-10-15,30.38,31.8,30.38,30.89,5173527,416392114.0
2018-10-16,30.86,31.28,29.77,30.42,3773172,297757118.0
2018-10-17,31.13,31.4,30.33,30.84,3867448,309303465.0
2018-10-18,30.59,30.59,28.82,29.51,4117651,314571556.0
2018-10-19,28.62,31.67,28.62,31.25,6303943,496440710.0
2018-10-22,32.1,33.84,31.83,33.74,8080331,690763365.0
2018-10-23,33.38,34.48,33.25,33.6,7420768,650101610.0
2018-10-24,33.65,34.74,32.95,33.26,5501226,482713105.0
2018-10-25,32.0,33.87,31.86,33.77,4731664,401266798.0
2018-10-26,33.63,33.95,31.11,31.97,6831354,571172780.0
2018-10-29,31.37,31.67,30.36,30.63,4260873,339489433.0
2018-10-30,30.37,32.48,30.19,32.26,4636427,378505077.0
2018-10-31,32.68,34.34,32.68,33.71,7086070,616253609.0
2018-11-01,33.9,34.26,33.3,33.46,5461338,476881271.0
2018-11-02,34.19,34.96,33.73,34.25,7414036,656789879.0
2018-11-05,34.54,34.58,33.38,33.99,4897435,431103894.0
2018-11-06,34.42,36.1,33.44,36.0,7401164,663302133.0
2018-11-07,35.54,35.74,33.91,33.99,8181495,734131753.0
2018-11-08,34.41,34.75,33.57,33.78,4390136,387765405.0
2018-11-09,33.13,34.04,32.92,33.5,3538437,306987302.0
2018-11-12,33.5,34.6,33.34,34.43,4209339,370012587.0
2018-11-13,33.99,34.61,33.58,34.11,4610278,405033169.0
2018-11-14,34.1,34.11,33.57,33.68,4232518,369473961.0
2018-11-15,33.32,33.91,33.32,33.78,3797837,330676138.0
2018-11-16,33.84,34.34,33.42,33.62,5997291,524530217.0
2018-11-19,33.26,33.43,31.25,31.72,9669107,806813641.0
2018-11-20,31.39,32.02,31.1,31.21,4446448,361970440.0
2018-11-21,30.93,32.21,30.82,31.98,4941648,404908134.0
2018-11-22,31.99,32.2,31.35,31.49,3385092,276492546.0
2018-11-23,31.56,31.56,30.54,30.55,3963872,315958682.0
2018-11-26,30.59,31.08,30.54,30.68,2183170,173851379.0
2018-11-27,30.86,31.08,29.71,30.31,3381697,264865237.0
2018-11-28,30.36,31.1,30.22,31.03,3236660,257725527.0
2018-11-29,31.17,31.65,30.84,30.84,3719665,300678580.0
2018-11-30,30.72,30.97,30.48,30.84,2348617,186496397.0
2018-12-03,31.71,32.67,31.64,32.56,6661286,554576029.0
2018-12-04,32.49,33.2,32.33,33.14,5864408,498749281.0
2018-12-05,32.79,33.21,32.41,32.99,4319801,367223450.0
2018-12-06,32.68,32.68,30.75,30.94,8450127,691553869.0
2018-12-07,30.94,31.21,30.49,30.98,3692315,294034863.0
2018-12-10,30.51,31.28,30.41,30.68,2801916,223472870.0
2018-12-11,30.82,31.27,30.8,31.09,2605451,209686550.0
2018-12-12,31.28,31.4,30.92,31.19,2058024,165704380.0
2018-12-13,31.17,31.43,30.51,31.15,3722766,299123119.0
2018-12-14,31.09,31.13,30.36,30.41,4322530,344240272.0
2018-12-17,30.42,30.71,30.02,30.31,2791769,218506848.0
2018-12-18,30.16,30.67,30.12,30.57,1719777,135096903.0
2018-12-19,30.62,30.71,29.63,29.83,2360298,183672928.0
2018-12-20,29.87,29.97,29.28,29.64,2352793,179780869.0
2018-12-21,29.52,29.61,28.62,29.28,3131709,234527696.0
2018-12-24,29.11,29.78,28.85,29.51,1771808,135011138.0
2018-12-25,29.2,29.64,28.62,29.51,2663283,200149857.0
2018-12-26,29.4,29.64,29.0,29.27,1432810,108556290.0
2018-12-27,29.66,29.86,28.91,28.93,2024909,153537311.0
2018-12-28,28.89,29.16,28.72,28.95,1475273,110264157.0
2019-01-02,29.11,29.11,27.67,27.82,2995920,217641273.0
2019-01-03,27.85,28.06,27.48,27.7,1827752,131323627.0
2019-01-04,27.38,28.29,27.26,28.07,2789282,200818285.0
2019-01-07,28.23,28.24,27.61,27.93,2778517,200207241.0
2019-01-08,27.93,27.93,27.47,27.67,2172878,155134848.0
2019-01-09,27.66,28.35,27.66,27.9,2844373,206463856.0
2019-01-10,27.88,28.23,27.78,27.98,1829637,132361166.0
2019-01-11,27.92,28.02,27.58,27.99,1999017,143560530.0
2019-01-14,28.04,28.04,27.67,27.67,1413876,101654505.0
2019-01-15,27.67,28.11,27.58,28.0,2501612,179830356.0
2019-01-16,28.0,28.22,27.78,28.05,2249812,163169650.0
2019-01-17,28.23,28.84,28.16,28.38,3961920,292643464.0
2019-01-18,28.39,29.12,28.39,29.05,4191591,312219264.0
2019-01-21,29.09,30.2,29.06,30.1,5838148,451116611.0
2019-01-22,30.16,30.16,29.22,29.43,3876299,296861263.0
2019-01-23,29.23,29.54,29.12,29.27,1863501,141133207.0
2019-01-24,29.28,29.85,29.15,29.65,2704533,206330266.0
2019-01-25,29.65,30.02,29.47,29.54,2295206,176840230.0
2019-01-28,29.54,29.73,28.52,28.8,3128954,235371278.0
2019-01-29,28.69,28.99,28.19,28.82,2586828,191097918.0
2019-01-30,28.81,29.82,28.79,29.53,3980710,302745658.0
2019-01-31,29.66,29.7,28.57,29.21,3804091,286437942.0
2019-02-01,29.59,29.97,29.39,29.86,3541885,272747794.0
2019-02-11,29.82,30.86,29.43,30.57,3527201,277427569.0
2019-02-12,30.59,31.49,30.57,31.14,5110043,411589762.0
2019-02-13,31.01,31.47,30.79,31.31,4869291,392770324.0
2019-02-14,31.29,32.53,30.97,32.26,6370497,527497633.0
2019-02-15,32.05,32.24,31.62,31.68,3409279,280738081.0
2019-02-18,31.83,32.97,31.83,32.94,5505816,463635128.0
2019-02-19,32.95,33.98,32.42,32.76,6476832,556036430.0
2019-02-20,32.77,33.07,32.24,32.49,4367114,368166866.0
2019-02-21,32.2,32.7,31.72,31.83,4528409,377770393.0
2019-02-22,31.71,33.01,31.68,32.98,4602024,388161565.0
2019-02-25,32.92,34.37,32.72,34.32,7996177,695105623.0
2019-02-26,34.31,35.31,33.65,33.87,6521075,580207647.0
2019-02-27,33.79,34.2,33.38,33.57,3803762,332200371.0
2019-02-28,33.92,35.12,33.92,34.76,7297520,655263939.0
2019-03-01,34.92,35.19,34.16,34.77,3517226,314808600.0
2019-03-04,34.79,38.24,34.79,37.38,11354266,1084659164.0
2019-03-05,36.73,38.67,36.62,38.42,7585344,743738427.0
2019-03-06,38.36,39.29,37.47,38.01,5510301,542853450.0
2019-03-07,37.9,37.9,36.13,36.89,7174361,684293440.0
2019-03-08,35.85,37.32,35.53,36.18,5131226,481843039.0
2019-03-11,37.71,37.73,36.57,37.26,4249560,407451833.0
2019-03-12,37.26,37.78,36.53,37.03,5669217,544969811.0
2019-03-13,37.12,37.55,36.24,36.55,4028567,385374801.0
2019-03-14,36.2,36.35,35.08,35.71,4670839,429899372.0
2019-03-15,35.72,37.12,35.68,36.22,4402504,415803010.0
2019-03-18,36.57,37.58,36.44,37.5,4748584,457412518.0
2019-03-19,37.61,38.22,37.09,37.7,3887635,376719037.0
2019-03-20,37.33,37.33,36.04,36.44,5246708,496143910.0
2019-03-21,36.58,36.73,36.11,36.49,3373982,317125225.0
2019-03-22,36.47,37.46,36.31,37.46,5292350,506754552.0
2019-03-25,37.67,38.14,36.2,36.22,7192719,690664937.0
2019-03-26,36.22,36.5,33.96,34.59,6836940,622490041.0
2019-03-27,34.8,35.42,34.8,34.94,4050382,367308333.0
2019-03-28,34.81,35.46,34.3,34.96,3050767,276326344.0
2019-03-29,35.19,36.32,34.96,36.29,5360286,495566668.0
2019-04-01,36.58,36.93,36.14,36.76,6781282,640476253.0
2019-04-02,36.81,37.5,36.2,36.36,5689586,540593027.0
2019-04-03,36.19,36.7,35.97,36.44,3282901,308730711.0
2019-04-04,36.45,36.66,35.58,36.01,5015230,465987214.0
2019-04-08,36.31,36.31,35.35,35.69,4094454,378419397.0
2019-04-09,35.7,36.49,35.61,36.39,4282436,400415695.0
2019-04-10,36.55,38.0,36.51,37.75,8768652,846682677.0
2019-04-11,37.75,37.98,36.56,36.69,4413813,421422553.0
2019-04-12,36.61,37.51,36.48,37.22,3739399,359301160.0
2019-04-15,37.86,37.86,35.97,35.97,4559980,432591617.0
2019-04-16,35.91,36.4,35.44,36.32,3457767,321655387.0
2019-04-17,36.47,36.69,36.12,36.33,2334563,219482745.0
2019-04-18,35.97,36.28,35.77,35.95,1897959,176194285.0
2019-04-19,36.13,36.37,35.81,35.95,2109968,196747657.0
2019-04-22,36.03,36.08,35.39,35.5,2309529,212480373.0
2019-04-23,35.2,35.52,34.41,34.52,4867826,437243220.0
2019-04-24,34.52,34.64,33.66,34.38,4832614,425161783.0
2019-04-25,34.39,34.95,33.98,34.07,2987691,266154733.0
2019-04-26,34.05,34.64,33.84,34.15,2871169,254447123.0
2019-04-29,34.11,34.83,34.07,34.8,3317831,295913023.0
2019-04-30,34.34,34.34,33.74,34.24,3502778,308629168.0
2019-05-06,30.82,32.68,30.82,31.26,7205878,589437432.0
2019-05-07,31.33,31.67,30.94,31.27,3376569,273093939.0
2019-05-08,30.92,31.4,30.75,30.94,3051802,244581227.0
2019-05-09,30.82,30.82,28.71,28.91,8421913,643175497.0
2019-05-10,29.39,30.36,29.08,30.27,6096859,471582824.0
2019-05-13,30.19,31.25,29.85,30.86,4336213,343110582.0
2019-05-14,30.56,31.75,30.56,31.16,4145697,336480408.0
2019-05-15,31.32,31.71,30.96,31.52,3106507,251670140.0
2019-05-16,31.48,31.64,31.08,31.51,2223085,180214284.0
2019-05-17,31.45,31.89,30.94,31.12,3239214,264382469.0
2019-05-20,31.03,31.32,30.09,30.36,2535318,199622774.0
2019-05-21,30.55,31.62,30.38,31.37,3394211,274093887.0
2019-05-22,31.47,31.93,31.28,31.7,3734875,305721905.0
2019-05-23,31.67,31.67,30.55,30.59,2753945,219600269.0
2019-05-24,30.57,31.17,30.55,30.83,1914944,152686059.0
2019-05-27,30.83,31.25,30.36,31.09,2632279,209708159.0
2019-05-28,30.94,31.09,30.35,30.55,3025863,240671501.0
2019-05-29,30.5,31.06,30.44,30.83,2613056,207797234.0
2019-05-30,30.69,30.93,30.36,30.55,2020832,159780653.0
2019-05-31,30.55,30.97,30.5,30.63,2398601,190150071.0
2019-06-03,30.55,30.82,30.04,30.29,2468273,193641732.0
2019-06-04,30.36,30.6,29.97,29.98,2082307,162423931.0
2019-06-05,30.28,30.36,29.75,29.85,2393676,185093886.0
2019-06-06,29.78,30.13,29.64,29.85,2033082,157249234.0
2019-06-10,30.03,30.53,29.69,30.5,2597216,203574870.0
2019-06-11,30.48,31.52,30.34,31.33,3920471,314911261.0
2019-06-12,31.26,31.59,31.07,31.24,2508353,202556697.0
2019-06-13,31.25,31.66,31.06,31.29,2961862,240285449.0
2019-06-14,31.25,32.37,31.24,31.79,5701515,472078891.0
2019-06-17,31.85,33.52,31.85,32.87,6649035,565055424.0
2019-06-18,32.8,32.99,32.62,32.89,4581575,389195523.0
2019-06-19,33.52,33.81,32.95,33.15,6230465,535621395.0
2019-06-20,33.12,33.39,32.89,33.39,7006208,601114900.0
2019-06-21,33.56,33.59,32.41,32.9,7035668,598019961.0
2019-06-24,32.6,32.99,32.49,32.91,4880341,414572565.0
2019-06-25,33.03,33.14,31.98,32.36,4241293,355146809.0
2019-06-26,32.73,33.79,32.03,33.6,8930057,766536998.0
2019-06-27,33.84,33.9,33.26,33.65,6617917,574649686.0
2019-06-28,33.6,33.65,33.15,33.52,4735221,408681437.0
2019-07-01,34.03,35.84,33.69,35.23,9868924,886777436.0
2019-07-02,35.2,37.82,35.2,37.04,10584274,713185433.0
2019-07-03,36.91,36.91,36.18,36.37,8916697,598150443.0
2019-07-04,36.29,36.48,35.56,35.91,7862987,518055083.0
2019-07-05,36.07,36.13,35.45,35.92,6071315,399178745.0
2019-07-08,35.69,35.94,34.55,35.22,6791069,438566794.0
2019-07-09,35.02,35.53,34.87,35.15,5553234,358963550.0
2019-07-10,35.29,35.87,34.96,35.08,5551582,360900486.0
2019-07-11,35.26,35.31,34.44,34.64,4946882,316444413.0
2019-07-12,34.71,35.29,34.6,34.6,4212841,269517977.0
2019-07-15,34.38,35.47,33.69,35.38,6901316,442363289.0
2019-07-16,35.27,35.47,35.05,35.34,5430528,351777886.0
2019-07-17,35.34,35.75,35.15,35.41,4985167,324109339.0
2019-07-18,35.28,35.46,34.44,35.03,5092702,327364825.0
2019-07-19,35.2,35.46,34.93,35.39,5597766,363145011.0
2019-07-22,35.33,35.53,34.77,35.16,5737260,370911595.0
2019-07-23,35.31,35.45,35.05,35.38,4447588,288243668.0
2019-07-24,35.47,35.9,35.26,35.78,8062428,526506957.0
2019-07-25,35.76,35.96,35.19,35.74,4958691,323762680.0
2019-07-26,35.56,36.72,35.45,36.62,7884820,523231855.0
2019-07-29,36.52,37.11,36.39,36.47,5232966,352496839.0
2019-07-30,36.67,36.76,36.17,36.2,4299069,287162486.0
2019-07-31,36.18,36.24,35.28,35.41,5270911,344667054.0
2019-08-01,35.42,35.68,35.15,35.36,4059276,263382761.0
2019-08-02,34.77,35.09,34.29,34.8,5844216,371482692.0
2019-08-05,34.49,34.75,34.08,34.22,5531985,348813775.0
2019-08-06,33.68,34.34,33.58,34.28,5320581,332180767.0
2019-08-07,34.48,34.73,34.2,34.32,4460804,282168202.0
2019-08-08,34.76,35.72,34.72,35.51,9500261,614156689.0
2019-08-09,35.5,36.02,35.34,35.52,9586147,629300785.0
2019-08-12,35.51,36.88,35.49,36.84,8136670,543944807.0
2019-08-13,36.57,37.98,36.54,37.52,12109429,830184578.0
2019-08-14,36.51,39.55,35.96,38.28,24937812,1710353858.0
2019-08-15,37.6,38.26,37.06,37.25,12423670,856921805.0
2019-08-16,37.35,39.64,37.35,39.18,12750691,912520188.0
2019-08-19,39.51,40.85,39.51,40.32,14379870,1065842198.0
2019-08-20,39.83,42.71,39.83,41.69,17415540,1330977785.0
2019-08-21,41.77,42.17,41.09,41.87,8375305,640883060.0
2019-08-22,42.23,43.15,41.8,42.18,7772370,603409206.0
2019-08-23,42.12,45.01,42.01,44.99,14183429,1139430253.0
2019-08-26,44.52,44.98,43.95,44.73,9604088,783046032.0
2019-08-27,45.23,47.03,44.98,45.4,16643368,1397632338.0
2019-08-28,45.58,45.89,44.5,45.38,8424924,697554761.0
2019-08-29,45.06,45.53,44.47,45.09,6592217,543818464.0
2019-08-30,45.23,48.01,45.18,47.24,10133528,874141122.0
2019-09-02,47.15,47.78,46.57,47.64,7714634,665417352.0
2019-09-03,47.45,47.62,45.5,45.74,9808212,829906869.0
2019-09-04,45.92,46.1,43.59,44.66,15555084,1274380561.0
2019-09-05,44.77,45.22,44.3,44.79,11144503,913889994.0
2019-09-06,44.79,45.04,43.94,44.77,8506120,695652181.0
2019-09-09,44.96,45.28,44.46,44.74,10091888,829651805.0
2019-09-10,44.92,45.5,44.31,44.69,10448311,860449472.0
2019-09-11,44.68,44.71,43.21,44.06,9658485,779126865.0
2019-09-12,44.17,44.19,43.06,43.94,7972549,637376647.0
2019-09-16,43.98,44.63,43.69,44.12,8141810,659432344.0
2019-09-17,44.06,44.57,43.45,43.82,6440802,520818543.0
2019-09-18,43.94,45.71,43.94,45.17,13825859,1141293798.0
2019-09-19,45.38,45.71,44.27,44.9,8597786,705840508.0
2019-09-20,44.98,46.48,44.96,46.05,9294562,784062852.0
2019-09-23,45.88,45.95,44.75,45.01,6155832,511319316.0
2019-09-24,45.11,46.68,44.78,46.32,9905339,835579506.0
2019-09-25,46.12,47.95,46.0,47.08,12731232,1105849349.0
2019-09-26,47.04,47.82,46.32,46.86,8068056,695893079.0
2019-09-27,46.86,48.18,45.45,47.43,8847508,765749365.0
2019-09-30,47.36,47.67,46.36,47.24,6374398,550272748.0
2019-10-08,46.78,47.88,45.37,45.61,10842902,923016585.0
2019-10-09,45.5,45.61,44.3,45.48,8827674,727821077.0
2019-10-10,45.86,48.32,45.77,48.08,14920557,1293999441.0
2019-10-11,48.46,49.25,47.67,48.3,7797782,692508642.0
2019-10-14,49.15,49.54,47.41,48.12,7196243,641838402.0
2019-10-15,48.12,49.31,47.52,47.95,6447831,572723880.0
2019-10-16,47.84,48.88,47.74,48.08,8641356,765250373.0
2019-10-17,48.28,49.16,47.56,48.99,9612960,856734528.0
2019-10-18,48.99,49.18,47.84,48.23,8436108,751754868.0
2019-10-21,47.9,48.5,45.66,46.45,9155049,783994954.0
2019-10-22,46.54,47.31,46.15,46.89,5959025,511645802.0
2019-10-23,46.65,47.08,45.87,45.99,5436281,462623844.0
2019-10-24,45.86,46.14,44.58,45.06,6643504,549628976.0
2019-10-25,45.5,45.95,45.13,45.33,6529264,543838616.0
2019-10-28,45.68,46.86,45.58,46.59,8746832,743769981.0
2019-10-29,46.43,47.4,46.43,46.8,5569157,480597713.0
2019-10-30,46.81,47.04,45.94,46.6,5784936,493409661.0
2019-10-31,48.66,51.26,48.66,51.26,24145811,2247644907.0
2019-11-01,51.12,51.61,50.36,51.47,14517981,1361115146.0
2019-11-04,51.89,53.67,51.89,52.91,11675174,1130072185.0
2019-11-05,52.74,52.78,51.61,52.02,8909697,851407664.0
2019-11-06,52.2,52.73,51.22,51.63,5809972,552512167.0
2019-11-07,51.93,52.42,51.34,51.93,6465090,615190798.0
2019-11-08,52.42,52.8,51.41,51.6,8813697,841468395.0
2019-11-11,51.46,51.82,50.07,50.51,7676908,718349692.0
2019-11-12,51.0,51.0,49.65,50.45,7651455,706398565.0
2019-11-13,50.35,53.48,50.35,52.45,12159692,1164927106.0
2019-11-14,52.81,54.12,52.56,53.59,11276515,1106723339.0
2019-11-15,53.36,54.11,52.68,52.93,6492852,635572708.0
2019-11-18,52.86,53.62,52.19,52.94,5309899,515099833.0
2019-11-19,52.86,53.84,52.51,53.84,8587137,838185791.0
2019-11-20,53.51,54.75,52.97,53.62,10101767,1002542814.0
2019-11-21,54.12,54.12,51.66,51.77,11124572,1065846486.0
2019-11-22,52.06,52.31,49.04,49.68,15981423,1474683596.0
2019-11-25,49.75,50.13,47.69,48.99,15780133,1408517322.0
2019-11-26,49.29,49.58,48.77,49.42,8792557,794933974.0
2019-11-27,49.06,49.27,48.29,49.2,6188459,555683117.0
2019-11-28,49.2,49.42,48.75,49.4,6456944,582279772.0
2019-11-29,49.04,49.21,47.07,47.95,13203382,1155628353.0
2019-12-02,47.71,48.44,47.07,47.89,7317324,641191709.0
2019-12-03,48.01,48.61,46.75,48.38,8281221,725671085.0
2019-12-04,48.2,49.58,47.95,48.99,6358975,572151224.0
2019-12-05,49.25,49.96,49.0,49.84,8070786,734393939.0
2019-12-06,49.86,50.7,49.62,50.7,6556242,605186037.0
2019-12-09,50.93,51.0,48.87,49.32,11121054,1007087165.0
2019-12-10,49.3,49.59,48.88,49.26,5794558,522944785.0
2019-12-11,49.32,49.36,48.78,49.07,5319457,478668527.0
2019-12-12,49.21,50.35,48.98,49.75,10950882,1000758445.0
2019-12-13,50.13,52.85,50.01,51.54,21324992,2026856806.0
2019-12-16,51.77,52.86,51.23,52.34,11506205,1104139571.0
2019-12-17,52.41,53.54,52.1,53.29,8963102,873257936.0
2019-12-18,53.4,53.4,51.15,51.57,11157307,1061528992.0
2019-12-19,51.35,51.78,50.62,51.39,7035155,661677145.0
2019-12-20,51.32,51.69,50.17,50.41,6747344,626446690.0
2019-12-23,50.2,51.3,49.93,50.46,7169468,665680599.0
2019-12-24,50.14,50.65,49.79,50.16,5183137,477134955.0
2019-12-25,50.08,50.19,49.11,49.67,7537324,683953728.0
2019-12-26,49.56,51.2,49.45,50.76,9088457,844491106.0
2019-12-27,50.57,50.94,49.39,49.71,9601792,881148712.0
2019-12-30,49.17,50.03,48.97,49.58,7733312,703169155.0
2019-12-31,49.64,50.91,49.36,50.2,7463430,688594586.0
2020-01-02,50.4,50.56,49.26,49.93,11612961,1058576881.0
2020-01-03,49.94,50.15,47.96,48.64,17152054,1534585031.0
2020-01-06,47.99,48.17,46.83,47.19,20054327,1743784272.0
2020-01-07,47.38,48.2,46.98,47.9,12556187,1101391823.0
2020-01-08,47.63,48.12,47.06,47.6,8512449,743711014.0
2020-01-09,48.49,49.98,48.24,49.75,17997092,1632541706.0
2020-01-10,49.85,50.57,49.49,49.6,10771472,990871630.0
2020-01-13,50.11,50.74,49.53,50.68,12687430,1171780654.0
2020-01-14,51.11,51.2,50.39,50.41,8012579,746379608.0
2020-01-15,50.29,51.86,50.22,51.22,9759889,919191692.0
2020-01-16,51.66,52.29,50.89,52.03,10992404,1046288919.0
2020-01-17,53.4,53.4,51.47,52.82,12404247,1200443564.0
2020-01-20,53.15,54.12,52.51,53.41,8949866,875884166.0
2020-01-21,53.73,54.46,53.05,53.48,9990689,986911884.0
2020-01-22,53.52,54.13,52.43,53.81,8918670,875540799.0
2020-01-23,53.81,54.42,51.55,52.2,10354742,1002779999.0
2020-02-03,47.4,51.71,47.4,50.13,15100055,1378598406.0
2020-02-04,50.15,52.67,49.08,52.04,14677391,1377813460.0
2020-02-05,52.23,54.21,51.5,52.88,17882623,1732470816.0
2020-02-06,53.4,58.03,52.64,57.11,23881504,2448716013.0
2020-02-07,56.67,57.96,55.09,55.79,16940341,1752367532.0
2020-02-10,55.35,57.46,54.66,57.3,15226161,1564516380.0
2020-02-11,57.6,57.7,56.13,56.7,10415376,1086315185.0
2020-02-12,57.66,60.05,57.15,58.69,16073526,1736271060.0
2020-02-13,59.1,59.75,58.08,58.74,9524383,1030022329.0
2020-02-14,59.23,60.97,59.02,59.81,9828922,1083523590.0
2020-02-17,59.65,62.82,59.64,62.12,12888210,1456609270.0
2020-02-18,62.58,62.58,60.86,61.52,9174378,1038394026.0
2020-02-19,61.64,62.05,60.26,60.43,10658920,1194628362.0
2020-02-20,60.2,60.95,59.83,60.49,9461414,1048678223.0
2020-02-21,59.96,61.85,59.71,61.42,9002918,1009761159.0
2020-02-24,61.33,62.39,60.68,61.71,10299925,1165046578.0
2020-02-25,60.61,64.76,60.5,63.96,12063496,1396083548.0
2020-02-26,63.21,63.31,59.4,60.24,14917230,1675905744.0
2020-02-27,60.26,61.43,59.42,59.94,9779874,1081911480.0
2020-02-28,57.52,58.98,56.93,57.76,12377115,1320551527.0
2020-03-02,58.58,60.68,58.37,59.99,9020959,986370203.0
2020-03-03,61.08,63.85,61.04,62.68,11340413,1303111264.0
2020-03-04,62.55,64.22,61.62,63.58,9432519,1091408642.0
2020-03-05,64.3,64.48,62.37,63.06,9872035,1146149098.0
2020-03-06,62.62,65.01,62.45,63.07,8641816,1010369009.0
2020-03-09,62.18,62.99,60.97,61.04,11003648,1246589855.0
2020-03-10,61.04,61.69,58.8,60.83,11404631,1265613500.0
2020-03-11,60.73,61.63,58.29,58.39,13595611,1480468866.0
2020-03-12,57.7,58.0,55.21,55.85,16048939,1660743443.0
2020-03-13,52.65,55.35,52.31,54.55,18064044,1783117852.0
2020-03-16,54.6,54.61,49.53,50.12,22979637,2193329020.0
2020-03-17,50.68,51.3,47.95,50.18,19647462,1806505267.0
2020-03-18,50.84,52.31,49.36,49.5,17291816,1620712668.0
2020-03-19,49.5,50.3,46.54,48.41,20204417,1793200022.0
2020-03-20,49.32,50.76,48.65,50.23,19672930,1795357621.0
2020-03-23,48.23,49.12,46.69,47.19,22778457,1989264576.0
2020-03-24,48.82,50.42,48.34,50.05,21551496,1948193157.0
2020-03-25,51.88,52.9,51.2,52.66,26442676,2528277392.0
2020-03-26,52.53,53.29,51.77,52.89,14980676,1445094823.0
2020-03-27,53.57,53.78,50.68,50.84,17599864,1677307820.0
2020-03-30,48.5,48.72,47.12,47.68,24837150,2175838288.0
2020-03-31,48.39,49.8,47.74,49.31,15447799,1384983088.0
2020-04-01,49.3,51.1,48.5,49.32,11649607,1063600886.0
2020-04-02,49.59,51.36,49.17,51.26,11063524,1025577826.0
2020-04-03,51.15,52.07,50.95,51.09,9909110,936017484.0
2020-04-07,52.69,53.23,52.06,53.02,16100257,1559364784.0
2020-04-08,53.27,53.27,51.64,52.54,10574359,1018482953.0
2020-04-09,52.6,56.0,52.6,55.58,16332168,1640174221.0
2020-04-10,55.51,56.36,54.0,54.57,9154037,923455465.0
2020-04-13,54.27,55.65,53.4,55.09,6598602,663308945.0
2020-04-14,55.57,55.89,54.16,55.58,12938560,1300723625.0
2020-04-15,55.15,55.42,53.84,54.08,13264952,1321603860.0
2020-04-16,53.78,54.33,53.13,53.44,11143938,1096388142.0
2020-04-17,54.25,54.82,53.4,53.83,14055699,1402883754.0
2020-04-20,54.38,57.46,54.01,57.19,16589525,1711987833.0
2020-04-21,57.14,57.14,55.46,56.39,9019889,932076009.0
2020-04-22,55.64,57.3,55.33,57.3,10019398,1040230886.0
2020-04-23,57.22,57.66,55.48,55.75,10223551,1055687196.0
2020-04-24,55.46,55.57,53.95,54.44,9098406,908360263.0
2020-04-27,54.67,57.22,54.43,56.46,11786639,1210510178.0
2020-04-28,56.48,57.69,55.14,57.31,11963379,1243331121.0
2020-04-29,57.27,57.49,55.59,55.87,6862922,709939402.0
2020-04-30,55.31,56.21,54.76,55.46,9795944,993005660.0
2020-05-06,54.5,55.03,53.89,54.62,17805036,1774256079.0
2020-05-07,54.63,55.67,54.33,55.2,13175624,1333617006.0
2020-05-08,55.41,56.64,55.04,56.45,13751873,1410505770.0
2020-05-11,56.67,56.86,55.42,56.02,14341230,1470909698.0
2020-05-12,56.0,57.82,55.59,57.82,16241710,1697496668.0
2020-05-13,57.76,60.25,57.18,60.06,16440021,1790263899.0
2020-05-14,59.42,60.73,59.23,60.06,8918024,979913268.0
2020-05-15,60.46,60.58,58.85,59.58,8033729,878657513.0
2020-05-18,59.53,61.19,59.4,60.28,10273723,1139510313.0
2020-05-19,60.76,61.3,58.85,60.61,9883740,1090245793.0
2020-05-20,60.6,60.6,59.34,59.64,7621182,837966032.0
2020-05-21,60.2,60.93,59.66,59.94,9034237,999077211.0
2020-05-22,59.72,59.83,57.27,57.57,11515808,1229275721.0
2020-05-25,57.57,58.46,56.94,58.31,6667507,706988911.0
2020-05-26,59.88,59.94,58.68,59.67,7715959,840895398.0
2020-05-27,59.92,59.94,56.68,56.91,11861075,1260065842.0
2020-05-28,56.89,57.33,55.04,55.95,13302939,1371137383.0
2020-05-29,56.14,58.3,56.14,58.03,10611723,1124839001.0
2020-06-01,58.85,60.15,58.47,59.44,10339694,1132276839.0
2020-06-02,59.51,59.76,58.35,59.51,9853556,1070011121.0
2020-06-03,59.78,61.4,59.51,61.4,14757665,1648465599.0
2020-06-04,62.02,63.13,62.0,62.29,13982343,1144645278.0
2020-06-05,61.98,62.76,61.21,62.57,12254552,993140104.0
2020-06-08,62.9,63.11,60.27,60.83,21738284,1743143512.0
2020-06-09,60.83,61.74,60.65,61.14,12364112,989969604.0
2020-06-10,61.06,62.74,61.06,62.22,13984047,1135033294.0
2020-06-11,62.21,63.69,61.66,62.2,14276728,1168230913.0
2020-06-12,61.52,64.08,61.37,63.65,17939377,1479361989.0
2020-06-15,63.54,64.45,63.13,63.17,14240029,1184392544.0
2020-06-16,63.89,64.76,63.2,64.43,15823119,1326299647.0
2020-06-17,64.43,66.48,64.42,65.08,16062506,1371320829.0
2020-06-18,65.08,65.77,63.7,64.81,14009440,1181487239.0
2020-06-19,65.61,68.96,65.37,68.24,24336071,2153630442.0
2020-06-22,68.2,69.25,67.5,68.7,14507222,1295191905.0
2020-06-23,68.48,71.23,68.1,71.22,18949066,1735940851.0
2020-06-24,71.22,73.83,69.88,73.37,17722201,1657779104.0
2020-06-29,72.54,74.57,72.15,74.2,17977564,1720270600.0
2020-06-30,74.2,75.14,72.84,73.92,14964169,1446168554.0
2020-07-01,74.91,74.91,70.09,72.52,21219330,1998406125.0
2020-07-02,72.31,73.07,70.56,71.16,17498595,1636740312.0
2020-07-03,70.94,73.52,70.48,73.36,17289592,1630118753.0
2020-07-06,72.31,72.69,71.22,71.93,28373728,2661511282.0
2020-07-07,71.54,74.73,70.83,73.24,24606836,2336655070.0
2020-07-08,72.98,75.78,72.93,74.16,17203050,1672149341.0
2020-07-09,74.5,77.67,73.46,77.52,20455746,2031904449.0
2020-07-10,77.28,79.96,76.36,77.52,13755594,1401058374.0
2020-07-13,78.05,81.09,77.91,80.34,18384046,1917235436.0
2020-07-14,79.88,79.88,76.78,79.18,17475005,1789710040.0
2020-07-15,80.19,82.98,79.58,81.72,22808162,2434657516.0
2020-07-16,81.87,84.17,76.67,76.96,22975155,2386130982.0
2020-07-17,77.02,80.16,76.52,78.27,17912423,1829076262.0
2020-07-20,80.34,80.34,74.67,77.05,16183008,1616221208.0
2020-07-21,78.81,84.23,78.14,83.79,28231340,3036149462.0
2020-07-22,82.64,84.97,81.88,83.8,18288259,1999158222.0
2020-07-23,83.63,89.67,83.4,87.98,21741505,2479474138.0
2020-07-24,87.33,87.61,81.15,81.91,21966721,2399927579.0
2020-07-27,82.26,84.05,80.31,81.71,13713857,1473836445.0
2020-07-28,83.04,83.62,80.27,83.33,13640531,1467491289.0
2020-07-29,81.87,84.65,80.44,83.86,20475081,2214878116.0
2020-07-30,83.79,87.35,83.49,84.18,15843770,1764299764.0
2020-07-31,84.51,87.23,83.86,86.47,14652283,1646620363.0
2020-08-03,86.51,87.56,84.98,86.41,13499082,1526685186.0
2020-08-04,86.69,89.91,86.55,87.43,14605430,1688983876.0
2020-08-05,87.24,90.64,86.17,89.53,14666684,1703424752.0
2020-08-06,89.53,90.58,86.7,87.54,14981410,1733437728.0
2020-08-07,87.08,88.2,83.33,85.62,17896423,1999080395.0
2020-08-10,85.52,87.61,83.94,86.62,14841528,1674847507.0
2020-08-11,86.47,90.17,86.47,86.66,13258544,1534090355.0
2020-08-12,85.98,87.03,81.11,83.52,18718593,2035824341.0
2020-08-13,83.63,84.44,81.03,81.97,12064893,1302681440.0
2020-08-14,82.64,85.3,78.81,82.55,20930039,2238977901.0
2020-08-17,82.1,82.54,80.25,81.81,16393874,1743563526.0
2020-08-18,81.97,84.43,81.27,83.47,14456207,1572108817.0
2020-08-19,83.02,83.92,81.22,81.32,9587741,1030645747.0
2020-08-20,81.25,82.0,79.56,80.73,11612576,1223227921.0
2020-08-21,81.55,82.1,80.05,80.73,9845373,1040782474.0
2020-08-24,81.44,81.64,79.2,80.72,12552814,1314565803.0
2020-08-25,80.66,81.62,79.96,81.48,11587567,1227220345.0
2020-08-26,80.8,84.08,80.43,81.8,19322261,2083689144.0
2020-08-27,82.18,82.94,80.24,82.87,12007202,1283325856.0
2020-08-28,83.4,85.23,80.84,84.93,22578633,2464936072.0
2020-08-31,86.27,86.37,83.79,84.1,19192977,2126392658.0
2020-09-01,83.65,84.36,82.26,82.39,17786110,1928920723.0
2020-09-02,82.39,84.45,81.51,84.09,19985762,2168245195.0
2020-09-03,83.86,85.76,82.1,82.74,23788594,2614273286.0
2020-09-04,81.68,81.68,78.85,80.51,18524369,1941138474.0
2020-09-07,79.79,80.5,76.87,76.87,16270412,1670738220.0
2020-09-08,76.76,78.03,75.9,77.19,13381022,1348964570.0
2020-09-09,76.06,76.21,74.34,75.13,11791597,1161556555.0
2020-09-10,76.49,76.49,74.21,74.9,14182656,1392073598.0
2020-09-11,74.45,75.54,74.31,75.14,9417440,924239519.0
2020-09-14,75.14,75.66,73.84,74.68,13614958,1330716724.0
2020-09-15,74.87,75.68,74.58,75.52,10876080,1070845727.0
2020-09-16,75.53,76.33,73.92,74.45,11188913,1090690824.0
2020-09-17,74.45,74.59,71.86,72.91,15898063,1509039428.0
2020-09-18,73.07,74.05,72.39,73.9,13159160,1261218137.0
2020-09-21,74.63,74.96,72.65,72.85,10323013,989874469.0
2020-09-22,72.85,74.23,72.61,72.71,11049539,1060593421.0
2020-09-23,73.4,75.75,73.12,74.99,16277721,1588812897.0
2020-09-24,74.68,74.97,73.46,74.1,10366604,1003860725.0
2020-09-25,75.75,76.13,74.38,74.96,18376693,1805133701.0
2020-09-28,75.36,75.61,73.38,73.92,10838618,1052997952.0
2020-09-29,74.25,77.91,73.96,76.98,17013055,1692856032.0
2020-09-30,77.48,79.58,77.13,77.67,13395937,1374169955.0
2020-10-09,78.81,80.08,78.05,79.34,11683590,1207978564.0
2020-10-12,80.34,83.03,79.48,82.49,15529901,1657021855.0
2020-10-13,82.66,84.17,82.26,83.4,10051021,1095085914.0
2020-10-14,83.4,84.36,82.71,83.04,11625248,1269590059.0
2020-10-15,83.14,84.68,82.87,83.64,9227163,1009615390.0
2020-10-16,83.87,85.55,81.87,82.95,9311809,1018957383.0
2020-10-19,83.98,83.99,80.28,80.76,13397601,1424179835.0
2020-10-20,80.76,82.64,80.19,82.51,9906787,1059595624.0
2020-10-21,83.09,83.94,82.26,82.88,9026763,978756295.0
2020-10-22,83.25,83.4,81.68,82.91,8298503,893267963.0
2020-10-23,82.92,83.02,78.81,79.72,13900188,1461472673.0
2020-10-26,78.33,80.7,76.52,80.1,9616750,995602718.0
2020-10-27,80.49,83.4,79.16,83.06,12875971,1385126715.0
2020-10-28,83.3,85.46,82.95,83.86,14067639,1545185963.0
2020-10-29,83.25,86.92,82.97,86.27,16344026,1823240895.0
2020-10-30,86.47,89.71,85.19,86.25,19756077,2252146157.0
2020-11-02,86.98,88.07,85.93,87.31,16300510,1852886986.0
2020-11-03,87.61,88.0,86.46,87.0,12652427,1443940490.0
2020-11-04,86.54,88.58,85.26,88.03,11092727,1262937813.0
2020-11-05,88.99,89.91,86.31,89.45,14237130,1645686313.0
2020-11-06,89.91,90.14,87.23,89.07,11791113,1370121533.0
2020-11-09,89.91,93.05,88.76,91.4,18363233,2187414305.0
2020-11-10,91.36,93.04,87.58,92.06,14103648,1680368243.0
2020-11-11,91.83,93.2,87.6,87.9,16919973,1984670791.0
2020-11-12,88.76,90.86,88.15,89.68,10798887,1269803401.0
2020-11-13,89.98,91.0,89.53,90.06,10769843,1270580195.0
2020-11-16,90.29,92.82,89.69,92.47,9792364,1175619580.0
2020-11-17,92.04,92.43,88.44,89.15,10980730,1288997446.0
2020-11-18,88.99,89.41,80.24,81.01,34613482,3756690633.0
2020-11-19,80.34,82.72,79.67,81.84,17304267,1846158052.0
2020-11-20,82.62,84.5,82.4,83.48,8895095,972830836.0
2020-11-23,83.48,84.14,81.48,82.26,11335990,1220488722.0
2020-11-24,82.33,82.33,79.62,80.37,13275600,1396092992.0
2020-11-25,80.36,80.38,77.82,78.2,17983980,1851050958.0
2020-11-26,79.35,79.72,77.99,78.81,9533006,981076532.0
2020-11-27,79.33,79.42,77.34,78.68,10434945,1068433860.0
2020-11-30,79.2,79.57,76.62,79.07,20993550,2146387303.0
2020-12-01,78.81,83.03,78.66,83.01,21842010,2339046255.0
2020-12-02,83.01,83.71,81.46,82.68,8873141,954762266.0
2020-12-03,82.68,84.94,81.78,84.22,13618862,1491879819.0
2020-12-04,84.48,85.16,83.48,84.91,12545445,1388649411.0
2020-12-07,84.25,85.19,82.68,84.96,13631612,1505910014.0
2020-12-08,85.01,85.52,84.25,84.86,12690317,1410236179.0
2020-12-09,84.93,85.38,82.98,83.27,10445232,1147363606.0
2020-12-10,82.63,84.02,82.09,83.91,10609081,1151669837.0
2020-12-11,84.15,85.61,82.83,83.4,12741530,1398950524.0
2020-12-14,83.51,87.23,83.08,86.62,13458100,1502419514.0
2020-12-15,86.39,89.81,86.14,88.68,19013920,2204268827.0
2020-12-16,88.77,91.05,88.77,90.38,14855432,1750066627.0
2020-12-17,92.82,95.62,92.59,94.12,23848633,2937640108.0
2020-12-18,93.64,94.81,92.88,93.2,10724767,1312876360.0
2020-12-21,93.73,95.19,92.71,94.45,14247170,1752568571.0
2020-12-22,94.48,98.42,94.2,95.42,16309316,2054405001.0
2020-12-23,95.65,97.02,93.96,95.99,12867644,1606150969.0
2020-12-24,95.62,97.41,94.65,96.57,8193956,1030763952.0
2020-12-25,96.08,101.79,95.89,100.62,14371840,1856731037.0
2020-12-28,100.52,100.62,98.02,98.59,14784057,1917962619.0
2020-12-29,99.09,99.86,96.66,98.9,8415982,1082671611.0
2020-12-30,98.94,101.67,98.49,100.4,12286881,1610821558.0
2020-12-31,100.89,104.49,100.89,103.08,15064212,2024099293.0
2021-01-04,103.38,106.43,103.05,104.91,16322321,2238798376.0
2021-01-05,104.81,110.03,104.29,108.65,17024903,2407863216.0
2021-01-06,108.79,111.32,105.67,109.99,20629572,2915875742.0
2021-01-07,110.18,111.7,108.16,111.68,11606731,1666998426.0
2021-01-08,112.14,115.55,109.42,111.88,16105422,2359319044.0
2021-01-11,111.33,116.0,109.72,112.86,13969055,2076750195.0
2021-01-12,113.02,115.47,108.95,114.75,15557020,2284661533.0
2021-01-13,116.29,116.3,107.12,109.18,20485644,2954386191.0
2021-01-14,109.04,111.68,105.3,108.62,14608464,2070648467.0
2021-01-15,108.28,108.83,104.68,106.71,15470974,2155221139.0
2021-01-18,108.65,111.72,105.21,109.88,12866546,1843172693.0
2021-01-19,109.8,113.75,109.5,109.71,14459716,2115893479.0
2021-01-20,111.07,120.05,111.07,117.97,17434749,2679343897.0
2021-01-21,120.06,123.26,119.37,122.43,17149353,2731044082.0
2021-01-22,125.87,134.67,125.87,134.67,24544548,4237474848.0
2021-01-25,137.27,140.88,133.14,140.87,18489911,3330533119.0
2021-01-26,138.63,138.63,130.23,132.04,22419831,3897998364.0
2021-01-27,132.02,132.04,126.84,129.51,16232367,2742517486.0
2021-01-28,128.27,132.63,126.25,126.25,23064079,3886879465.0
2021-01-29,128.55,131.23,125.49,127.28,19686096,3322460148.0
2021-02-01,127.28,132.08,127.13,131.08,16627739,2831833505.0
2021-02-02,131.08,133.25,125.4,133.14,13545575,2314275213.0
2021-02-03,131.89,140.4,131.78,136.8,16688568,2989918349.0
2021-02-04,135.36,137.57,130.22,132.48,12790603,2232268397.0
2021-02-05,133.42,138.88,131.81,134.84,11163416,1985004056.0
2021-02-08,136.2,136.2,132.0,135.44,11723929,2058166794.0
2021-02-09,136.19,140.79,135.44,139.29,11150928,2018964736.0
2021-02-10,138.88,143.75,136.88,141.56,12854500,2364608090.0
2021-02-18,143.85,144.07,129.38,131.53,26127796,4571583301.0
2021-02-19,130.16,133.36,127.67,132.36,13806008,2359936364.0
2021-02-22,132.3,132.3,120.27,120.36,31633948,5129987274.0
2021-02-23,119.37,123.1,118.37,118.6,20530990,3228228987.0
2021-02-24,120.06,120.77,111.12,113.49,26654346,4010426921.0
2021-02-25,114.61,115.34,111.46,112.63,16761126,2480042206.0
2021-02-26,109.5,111.88,105.79,109.94,19908094,2848321284.0
2021-03-01,113.23,115.24,109.35,113.75,21812722,3227312782.0
2021-03-02,114.99,115.53,106.51,108.66,25101432,3611237602.0
2021-03-03,109.8,112.02,108.28,111.49,14435566,2089552879.0
2021-03-04,108.66,109.0,103.94,105.96,22219124,3078664516.0
2021-03-05,103.54,105.23,99.17,103.74,25216003,3379292536.0
2021-03-08,104.83,105.54,95.73,95.73,30091067,3921036547.0
2021-03-09,96.53,100.96,93.37,96.57,32696488,4170729513.0
2021-03-10,100.92,105.06,99.47,102.53,25861428,3461352932.0
2021-03-11,103.4,109.42,102.03,106.74,25938326,3604309810.0
2021-03-12,106.99,108.72,103.22,107.0,18808504,2616091804.0
2021-03-15,104.86,105.85,96.47,98.87,34169979,4462436833.0
2021-03-16,100.15,100.77,96.8,99.86,20959380,2708242470.0
2021-03-17,98.62,101.68,95.65,99.7,20090290,2611334155.0
2021-03-18,101.23,102.76,99.71,102.52,17323443,2298778777.0
2021-03-19,98.94,101.35,95.57,96.65,21575547,2753985530.0
2021-03-22,95.64,98.1,91.58,95.11,25092529,3099352849.0
2021-03-23,95.36,96.64,92.97,94.35,14335664,1773335195.0
2021-03-24,94.35,97.18,93.35,94.36,28541649,3527956434.0
2021-03-25,94.12,99.41,93.18,99.37,27811967,3532668500.0
2021-03-26,100.6,104.74,99.76,104.19,39624034,5319866594.0
2021-03-29,104.82,107.42,102.17,104.57,23612376,3243341580.0
2021-03-30,104.06,110.46,103.68,109.7,24696667,3487585202.0
2021-03-31,109.43,110.1,105.21,107.28,21854648,3063425205.0
2021-04-01,107.51,110.71,106.82,110.58,16848845,2415394846.0
2021-04-02,110.71,113.25,109.41,112.39,17636730,2574011929.0
2021-04-06,110.95,112.47,106.36,108.15,19237683,2718195391.0
2021-04-07,109.01,109.31,106.89,108.39,12863487,1814643481.0
2021-04-08,108.66,111.89,107.27,111.87,17902893,2571248714.0
2021-04-09,111.56,111.56,105.9,106.81,19157520,2693407484.0
2021-04-12,104.98,107.58,100.85,101.55,24742247,3329971350.0
2021-04-13,102.53,104.46,101.58,102.92,17820720,2399819518.0
2021-04-14,104.36,105.59,100.62,103.68,17259016,2334351642.0
2021-04-15,104.06,105.1,100.63,102.92,14028079,1882146805.0
2021-04-16,104.22,104.44,101.01,103.03,14398237,1934095429.0
2021-04-19,103.28,104.75,101.45,104.06,22883836,3097261076.0
2021-04-20,103.3,108.85,102.66,107.12,24109890,3358956471.0
2021-04-21,106.89,108.27,104.53,108.23,16658946,2328491145.0
2021-04-22,109.26,109.42,107.21,107.58,13952949,1974665405.0
2021-04-23,106.9,115.15,106.82,114.87,24022807,3542605382.0
2021-04-26,116.85,117.91,112.11,112.62,24581166,3712255938.0
2021-04-27,113.22,117.07,112.22,116.39,17223078,2596401673.0
2021-04-28,116.0,119.63,114.76,119.62,20691303,3197290160.0
2021-04-29,119.62,122.43,117.84,122.43,20497908,3210922776.0
2021-04-30,123.22,125.4,119.98,121.47,23765040,3805699070.0
2021-05-06,117.15,117.84,110.4,114.08,36173856,5402524890.0
2021-05-07,114.07,116.28,108.56,109.49,25590794,3739746886.0
2021-05-10,108.35,114.04,107.36,112.02,23198940,3386764939.0
2021-05-11,110.9,115.24,109.18,114.76,21681906,3198353830.0
2021-05-12,113.25,118.22,113.25,117.21,16620191,2519300492.0
2021-05-13,116.0,118.01,114.39,117.84,17481634,2660718890.0
2021-05-14,117.84,119.37,114.75,117.23,21369208,3270941002.0
2021-05-17,117.45,123.89,117.45,123.52,26116906,4181227476.0
2021-05-18,122.81,123.94,120.9,123.25,13841674,2215334280.0
2021-05-19,122.43,123.58,120.9,121.36,12930266,2058036992.0
2021-05-20,120.94,122.58,120.36,122.12,16393433,2607744922.0
2021-05-21,122.96,126.5,121.66,125.04,24748767,4019636821.0
2021-05-24,125.87,126.25,120.9,125.57,23312833,3780462582.0
2021-05-25,126.25,130.35,126.25,129.32,30657144,5180517608.0
2021-05-26,128.21,129.37,127.52,128.27,13413896,2251504726.0
2021-05-27,128.54,131.23,127.3,129.47,17153022,2908482421.0
2021-05-28,129.32,131.45,124.19,125.66,22891676,3811253830.0
2021-05-31,125.49,128.31,125.48,127.94,14764568,2453052788.0
2021-06-01,128.28,135.93,128.28,134.52,24282077,4220595855.0
2021-06-02,135.44,138.49,133.15,134.62,16889238,2989229246.0
2021-06-03,134.63,135.59,132.38,133.41,11894346,2084625995.0
2021-06-04,132.15,137.33,131.92,136.42,15828197,2801345185.0
2021-06-07,135.93,136.41,130.62,134.55,16262854,2838761120.0
2021-06-08,134.55,138.02,130.21,133.42,20916883,3055619837.0
2021-06-09,131.58,134.4,128.82,134.22,18046710,2597405910.0
2021-06-10,135.24,138.25,132.59,137.83,21537806,3185458981.0
2021-06-11,138.42,138.42,133.88,134.35,20645882,3047927459.0
2021-06-15,133.46,136.59,131.12,132.46,29846421,4318581698.0
2021-06-16,132.52,133.27,124.12,125.14,33548836,4630359563.0
2021-06-17,124.91,126.96,124.0,125.14,21719613,2959482377.0
2021-06-18,125.95,131.0,125.6,128.82,22954596,3212110763.0
2021-06-21,130.62,134.98,128.72,134.34,25673804,3702295376.0
2021-06-22,133.88,141.07,131.21,139.73,31798379,4756336366.0
2021-06-23,139.75,144.46,139.03,141.01,27981036,4320666722.0
2021-06-24,142.34,143.08,136.54,139.49,20801558,3143208964.0
2021-06-25,140.41,144.27,138.66,144.09,19142887,2965284354.0
2021-06-28,145.1,147.95,143.54,144.93,17176639,2720947422.0
2021-06-29,146.96,147.48,143.54,145.35,13684776,2163806065.0
2021-06-30,145.27,147.13,142.62,144.08,15775108,2485240550.0
2021-07-01,145.38,155.32,145.28,154.58,26392592,4340253994.0
2021-07-02,152.64,152.65,141.71,142.66,30159709,4785864774.0
2021-07-05,139.92,145.76,138.39,141.59,28578577,4396486900.0
2021-07-06,141.7,141.7,128.63,134.36,47440766,6891821655.0
2021-07-07,133.87,146.39,132.5,144.1,37874990,5797661889.0
2021-07-08,145.55,147.71,139.41,139.86,22827231,3549699191.0
2021-07-09,139.5,141.7,134.23,138.73,20098109,3010687653.0
2021-07-12,137.81,149.11,134.47,147.86,30160520,4733406609.0
2021-07-13,146.02,149.7,143.33,145.19,18237740,2881746217.0
2021-07-14,145.04,154.07,143.73,148.33,26550436,4310415341.0
2021-07-15,148.14,151.86,147.23,151.82,17086478,2780190977.0
2021-07-16,155.5,158.71,149.99,151.91,27316082,4584826692.0
2021-07-19,152.7,155.66,150.71,154.44,17523286,2932706247.0
2021-07-20,153.29,156.11,149.15,152.23,15451765,2554129294.0
2021-07-21,153.24,154.37,151.08,153.47,14804149,2459471455.0
2021-07-22,154.47,154.48,147.68,149.0,18402882,2994161593.0
2021-07-23,147.22,149.29,140.99,141.7,30392625,4732796227.0
2021-07-26,139.86,141.96,131.7,136.86,34178935,5071144818.0
2021-07-27,132.4,139.86,131.7,133.05,33480115,4925146688.0
2021-07-28,131.6,140.78,131.59,140.59,33885487,5080111006.0
2021-07-29,142.76,145.3,140.79,143.52,25471796,3963192294.0
2021-07-30,142.17,142.48,136.74,138.02,21261880,3209221073.0
2021-08-02,136.18,141.13,131.39,140.59,28553145,4228390028.0
2021-08-03,142.34,147.45,137.1,146.19,26365056,4123034827.0
2021-08-04,145.57,149.24,143.3,146.19,25777584,4091577697.0
2021-08-05,146.3,150.79,143.55,148.09,23912765,3836232828.0
2021-08-06,145.83,147.2,133.87,135.44,50150355,7515460969.0
2021-08-09,130.66,134.8,128.91,131.37,32938100,4683240226.0
2021-08-10,131.37,134.22,128.82,134.02,24713448,3546058542.0
2021-08-11,134.33,134.33,131.28,132.04,14081815,2025435471.0
2021-08-12,130.66,132.04,123.94,128.08,43967721,6079881034.0
2021-08-13,128.82,130.66,125.81,127.66,30864651,4312337576.0
2021-08-16,126.87,127.65,124.69,125.58,21538938,2942549747.0
2021-08-17,126.06,127.68,116.54,119.57,39963065,5277352721.0
2021-08-18,119.52,122.09,117.16,118.34,26580201,3431187510.0
2021-08-19,118.35,121.07,117.45,120.3,24679575,3207330604.0
2021-08-20,117.78,117.87,111.43,113.17,46291844,5725571407.0
2021-08-23,114.65,116.01,111.79,114.08,35101386,4352266181.0
2021-08-24,115.93,122.01,115.47,120.42,54131084,7079330386.0
2021-08-25,120.19,123.19,119.06,121.8,32093437,4238243728.0
2021-08-26,120.54,121.44,115.01,115.77,27887746,3547982057.0
2021-08-27,114.9,122.47,114.65,119.56,30866369,4026265879.0
2021-08-30,121.45,123.8,119.05,120.03,25969377,3417340464.0
2021-08-31,121.45,125.03,120.19,122.19,25668471,3417710257.0
2021-09-01,120.35,124.22,115.78,122.17,28971518,3786180037.0
2021-09-02,122.16,124.84,116.87,118.25,29517146,3881652654.0
2021-09-03,118.23,124.31,116.67,123.02,30672831,4058549631.0
2021-09-06,123.31,132.0,123.3,129.4,37094386,5205190953.0
2021-09-07,129.55,130.35,127.0,129.92,21379345,2990850554.0
2021-09-08,130.66,131.3,126.7,128.73,19102192,2669938232.0
2021-09-09,129.03,131.46,127.9,129.53,12715668,1790473495.0
2021-09-10,129.29,130.01,126.52,129.55,17934808,2501947678.0
2021-09-13,128.35,131.37,124.31,125.43,20879539,2871454673.0
2021-09-14,125.44,132.39,125.44,130.62,27215316,3857250493.0
2021-09-15,129.92,136.36,129.28,130.41,28993075,4175896662.0
2021-09-16,128.98,134.23,127.44,132.64,27239656,3887426318.0
2021-09-17,131.76,141.03,129.55,140.23,36402369,5432131122.0
2021-09-22,138.57,146.19,138.02,141.14,22089637,3399723714.0
2021-09-23,141.14,142.65,137.1,138.29,24124080,3652679462.0
2021-09-24,137.56,140.95,136.82,138.83,17891650,2709196327.0
2021-09-27,138.57,142.32,137.19,139.49,23423096,3560927288.0
2021-09-28,138.11,141.24,136.27,138.92,16670469,2528683168.0
2021-09-29,137.1,139.93,136.34,138.11,14999646,2251282659.0
2021-09-30,137.57,142.16,136.87,140.59,17137376,2610138453.0
2021-10-08,141.7,144.27,137.08,137.67,21921102,3339073933.0
2021-10-11,136.18,138.83,130.34,130.53,29677743,4294656279.0
2021-10-12,130.66,134.24,129.56,131.6,18847815,2710255055.0
2021-10-13,132.5,137.76,130.84,137.1,15706695,2300551228.0
2021-10-14,137.52,137.89,130.55,132.38,20926366,3031841942.0
2021-10-15,131.47,134.96,130.21,133.72,15644713,2262920534.0
2021-10-18,133.02,134.66,130.49,132.22,16007696,2300523104.0
2021-10-19,132.39,136.07,131.98,133.42,15727095,2282870695.0
2021-10-20,133.46,135.04,128.26,129.27,24956246,3524599324.0
2021-10-21,128.86,131.2,128.36,129.92,13435877,1894553557.0
2021-10-22,129.97,131.07,125.18,128.61,20538012,2853131248.0
2021-10-25,127.9,129.64,127.58,128.17,15583183,2173514584.0
2021-10-26,128.16,130.25,126.71,127.71,14725582,2050764049.0
2021-10-27,127.71,128.62,123.83,124.74,18545282,2531740927.0
2021-10-28,123.3,125.93,122.12,123.53,20678714,2773541829.0
2021-10-29,123.34,127.3,122.02,126.98,18634489,2541456332.0
2021-11-01,130.09,130.27,119.55,119.78,43223639,5755138037.0
2021-11-02,120.53,123.72,119.78,121.24,29251611,3860499654.0
2021-11-03,121.87,123.99,120.03,121.85,20759063,2756073408.0
2021-11-04,121.92,123.14,115.01,116.39,47986617,6127171452.0
2021-11-05,116.81,118.32,115.59,116.3,25100847,3187404718.0
2021-11-08,117.55,119.01,111.79,113.08,40585324,5044297897.0
2021-11-09,113.36,117.37,112.63,116.84,30637249,3844422358.0
2021-11-10,116.39,118.47,114.52,118.16,27876314,3543628766.0
2021-11-11,118.17,122.38,117.59,119.72,24676370,3218291379.0
2021-11-12,119.72,120.53,117.8,118.6,12788711,1652420842.0
2021-11-15,118.79,121.56,118.28,120.87,19066701,2502782856.0
2021-11-16,121.45,126.52,121.0,125.58,30805682,4166209643.0
2021-11-17,127.9,131.26,125.16,125.64,23182522,3208236210.0
2021-11-18,124.82,124.82,119.95,120.53,22483384,2974082191.0
2021-11-19,119.52,121.09,118.33,119.89,19287497,2501050175.0
2021-11-22,119.9,120.53,117.68,118.51,19486241,2506542271.0
2021-11-23,117.87,120.22,117.87,119.59,17203181,2230613084.0
2021-11-24,118.88,122.65,118.23,122.36,21383790,2815800467.0
2021-11-25,122.01,124.94,121.34,124.04,16598515,2225853389.0
2021-11-26,126.06,130.17,126.06,128.5,31292141,4374394225.0
2021-11-29,132.13,134.34,130.2,131.58,30237731,4335727187.0
2021-11-30,130.66,132.97,129.74,132.5,17337075,2485246993.0
2021-12-01,133.14,136.91,131.83,134.63,21286236,3115466558.0
2021-12-02,134.12,134.22,129.06,130.29,21898971,3117782038.0
2021-12-03,130.47,133.03,129.36,130.47,14177818,2017533363.0
2021-12-06,129.83,129.83,125.13,125.8,19096191,2631526686.0
2021-12-07,126.29,127.53,124.97,125.76,13291201,1817989540.0
2021-12-08,126.24,128.91,125.76,128.36,15634482,2164501368.0
2021-12-09,128.89,132.13,126.38,130.11,19634032,2770076375.0
2021-12-10,128.52,130.0,127.48,128.72,14618151,2041875484.0
2021-12-13,128.69,128.98,124.22,124.47,23453631,3206786868.0
2021-12-14,124.48,126.93,124.48,126.79,17027471,2329499589.0
2021-12-15,126.06,126.15,114.11,114.11,49720223,6418257571.0
2021-12-16,110.23,116.36,109.52,114.98,81618258,9987809474.0
2021-12-17,116.85,120.19,114.63,114.83,53842740,6852288416.0
2021-12-20,113.18,113.18,104.78,105.24,64964058,7581341269.0
2021-12-21,105.72,109.38,105.72,108.57,35500182,4169873271.0
2021-12-22,107.65,109.11,105.81,106.49,22402459,2599085252.0
2021-12-23,107.56,108.57,105.21,105.78,21119768,2432645739.0
2021-12-24,105.81,106.04,102.02,103.08,26916806,3019670922.0
2021-12-27,103.24,105.17,101.95,105.07,23917666,2696496861.0
2021-12-28,104.16,110.4,103.6,109.59,43804983,5131430724.0
2021-12-29,108.74,113.01,108.56,109.67,26986445,3237142300.0
2021-12-30,109.67,111.79,107.54,110.42,17329148,2074422755.0
2021-12-31,110.75,111.47,108.28,109.11,17207306,2053649398.0
2022-01-04,105.81,106.0,98.22,100.11,63180219,6923855936.0
2022-01-05,99.19,101.84,98.53,100.99,36969225,4046705551.0
2022-01-06,99.83,102.46,98.92,99.47,25890594,2828782632.0
2022-01-07,99.65,100.9,98.59,100.18,21757914,2365622217.0
2022-01-10,99.37,104.09,96.61,103.06,26360622,2924416633.0
2022-01-11,102.59,107.9,102.58,107.18,30074861,3472566229.0
2022-01-12,107.16,108.87,105.85,107.56,21678322,2530867948.0
2022-01-13,107.56,109.81,106.55,106.58,18734964,2199155704.0
2022-01-14,105.53,107.84,104.8,104.87,16571128,1906298668.0
2022-01-17,104.87,106.55,102.74,105.04,20938211,2374493549.0
2022-01-18,105.01,110.03,104.06,108.39,22825120,2686083198.0
2022-01-19,109.95,110.84,101.46,103.05,40094588,4550969555.0
2022-01-20,102.57,104.43,101.58,102.13,18659765,2083742264.0
2022-01-21,101.53,101.53,97.6,99.09,28115387,3026244449.0
2022-01-24,97.68,103.35,97.59,102.96,22810656,2520748440.0
2022-01-25,102.22,103.82,100.94,100.94,13024088,1448493459.0
2022-01-26,101.95,102.87,94.02,95.89,33871616,3566362476.0
2022-01-27,94.31,97.09,94.31,94.97,22569238,2339376721.0
2022-01-28,95.68,98.53,93.48,96.43,22224561,2330857984.0
2022-02-07,98.91,100.56,95.73,96.15,17891129,1902510362.0
2022-02-08,87.41,87.41,86.54,86.55,41741810,3928181591.0
2022-02-09,85.57,86.38,82.35,85.32,58723395,5352419563.0
2022-02-10,84.02,84.36,78.21,79.0,80820052,7038292767.0
2022-02-11,77.38,79.36,75.28,76.43,61654897,5160558558.0
2022-02-14,75.82,79.74,75.82,78.49,51068153,4349887250.0
2022-02-15,78.49,86.33,78.26,86.33,61659254,5623365806.0
2022-02-16,88.42,92.01,88.33,89.92,59523887,5839735221.0
2022-02-17,89.55,91.21,88.17,90.54,30201181,2951909618.0
2022-02-18,90.33,90.91,87.87,90.4,21370349,2079972483.0
2022-02-21,93.12,93.95,88.86,90.36,20408652,2007254253.0
2022-02-22,89.25,90.4,87.53,89.07,19925664,1917128599.0
2022-02-23,89.13,92.58,88.79,91.7,20501785,2027261382.0
2022-02-24,91.09,94.77,89.25,90.82,29269225,2918010160.0
2022-02-25,92.63,97.72,92.63,95.14,35331785,3674426895.0
2022-02-28,95.23,96.93,94.26,95.63,18460031,1908742447.0
2022-03-01,96.3,98.39,94.68,97.3,18779656,1978942375.0
2022-03-02,96.61,96.96,94.31,95.43,18034013,1869200954.0
2022-03-03,96.61,96.62,92.98,94.58,14154843,1451024486.0
2022-03-04,92.52,94.9,91.47,93.77,18374954,1869654726.0
2022-03-07,92.62,92.83,89.63,91.18,20440349,2024321691.0
2022-03-08,91.77,94.76,89.78,90.34,21135287,2119102601.0
2022-03-09,90.26,91.05,81.52,86.31,40698495,3799250081.0
2022-03-10,91.83,94.94,91.46,94.43,36434288,3708700675.0
2022-03-11,91.94,92.93,87.79,90.82,35493540,3481006192.0
2022-03-14,89.9,92.47,88.15,88.91,23854095,2339668125.0
2022-03-15,85.57,90.32,83.74,85.73,31989210,3011994581.0
2022-03-16,87.43,94.22,86.59,93.46,40315476,3946989353.0
2022-03-17,97.52,100.48,95.69,98.37,45039883,4822045329.0
2022-03-18,97.88,97.88,95.06,95.34,29234823,3048046945.0
2022-03-21,97.84,98.64,94.89,97.26,20552098,2167560187.0
2022-03-22,96.52,97.25,93.93,94.7,17682656,1827858092.0
2022-03-23,95.88,102.26,95.13,101.56,30573479,3311588023.0
2022-03-24,100.14,110.39,97.65,107.65,49375524,5623245009.0
2022-03-25,106.73,108.57,100.61,101.08,37596957,4238571624.0
2022-03-28,100.72,103.91,100.15,102.47,25410793,2821575846.0
2022-03-29,102.45,104.41,101.21,102.84,16222471,1818814956.0
2022-03-30,103.05,105.2,101.76,104.39,19215343,2163712953.0
2022-03-31,104.38,104.71,101.03,103.4,19035298,2124448012.0
2022-04-01,101.26,102.09,98.81,100.36,19721377,2154083550.0
2022-04-06,103.05,103.72,98.24,99.46,18235791,1984959764.0
2022-04-07,97.99,100.57,97.36,98.28,14332075,1532087996.0
2022-04-08,98.34,99.86,95.51,96.61,17289697,1830016984.0
2022-04-11,96.23,98.02,94.77,95.49,23309356,2440080168.0
2022-04-12,95.51,98.4,94.46,97.91,26265349,2762615296.0
2022-04-13,96.8,96.8,91.84,93.65,23320252,2384104245.0
2022-04-14,94.66,98.64,93.67,97.84,18532972,1948761306.0
2022-04-15,96.61,102.46,95.69,100.39,18039212,1954638372.0
2022-04-18,99.19,100.47,98.08,98.54,9662288,1038665467.0
2022-04-19,98.45,99.36,93.86,94.56,15120295,1570922802.0
2022-04-20,94.56,96.34,91.51,92.81,16525193,1669536616.0
2022-04-21,91.9,93.39,88.19,88.9,25444047,2497264500.0
2022-04-22,88.79,94.07,88.04,93.48,22879869,2283996864.0
2022-04-25,92.01,94.31,89.99,90.05,18798272,1881873601.0
2022-04-26,90.63,96.94,90.63,94.27,26308179,2709436287.0
2022-04-27,93.85,96.5,92.01,95.74,20192379,2077109062.0
2022-04-28,95.84,96.13,93.37,95.03,13008617,1334697866.0
2022-04-29,94.3,96.05,92.14,94.98,19750798,2028438114.0
2022-05-05,94.87,95.42,89.16,90.22,31040602,3064145611.0
2022-05-06,88.38,89.6,86.54,86.86,19119570,1824646583.0
2022-05-09,86.54,87.87,85.77,86.15,10944824,1033866242.0
2022-05-10,84.61,90.77,83.9,89.69,20903623,2017618226.0
2022-05-11,89.62,94.68,88.43,92.61,24960839,2514331806.0
2022-05-12,92.0,93.76,91.1,93.19,11719545,1182743581.0
2022-05-13,94.23,95.14,92.22,92.83,8991246,912077170.0
2022-05-16,92.06,93.85,90.36,90.92,12427981,1236902159.0
2022-05-17,90.85,91.57,89.25,91.43,13144518,1292412373.0
2022-05-18,91.83,91.89,85.78,88.63,26942441,2580471637.0
2022-05-19,86.84,88.7,86.72,88.25,12864641,1229461487.0
2022-05-20,88.97,92.0,88.59,90.65,18722031,1834740640.0
2022-05-23,91.18,91.42,89.34,89.72,11287742,1104029990.0
2022-05-24,89.73,89.73,84.28,84.88,29853272,2792134527.0
2022-05-25,84.73,85.56,83.36,84.03,18287878,1671466350.0
2022-05-26,85.06,85.06,80.17,81.06,32921377,2913263215.0
2022-05-27,82.9,88.33,82.81,85.09,47462707,4435199908.0
2022-05-30,85.11,86.31,83.04,85.39,22202622,2046364311.0
2022-05-31,85.48,88.75,83.57,87.7,33035270,3107050124.0
2022-06-01,87.41,88.37,85.52,85.98,24693439,2315137472.0
2022-06-02,85.03,85.43,82.7,83.4,35818189,3249504863.0
2022-06-06,85.43,91.18,83.92,91.07,48722073,4670932103.0
2022-06-07,91.08,93.76,89.52,92.42,38691949,3885517137.0
2022-06-08,93.85,99.1,93.22,96.61,47714816,4990863409.0
2022-06-09,96.7,97.73,94.42,94.89,21496490,2224655802.0
2022-06-10,93.85,95.4,93.14,95.08,22780348,2324653988.0
2022-06-13,88.04,89.41,85.58,85.99,69299620,6447500020.0
2022-06-14,84.15,87.93,84.15,87.38,35756744,3355724236.0
2022-06-15,86.92,89.96,86.72,88.43,28137053,2691238180.0
2022-06-16,88.77,90.77,87.85,88.47,21319686,2060095287.0
2022-06-17,88.45,89.69,85.99,88.77,29527364,2807225887.0
2022-06-20,88.77,92.0,88.77,90.53,24870399,2432339936.0
2022-06-21,91.08,91.88,89.2,90.32,20299304,1985378581.0
2022-06-22,90.6,90.6,86.17,86.69,32491108,3085864428.0
2022-06-23,86.74,87.66,85.49,87.34,25590277,2393800375.0
2022-06-24,87.94,95.08,87.9,94.94,53899685,5387128427.0
2022-06-27,96.26,98.86,94.91,95.67,36200229,3788805704.0
2022-06-28,95.24,95.8,92.68,94.46,23500520,2384917697.0
2022-06-29,93.58,96.95,92.63,93.79,21958757,2247949380.0
2022-06-30,93.02,97.82,93.02,96.16,25647804,2665613614.0
2022-07-01,96.16,97.35,93.93,95.06,18685305,1925922021.0
2022-07-04,96.26,101.64,95.38,100.89,46434180,4991843143.0
2022-07-05,101.9,108.42,98.02,104.93,66601023,7478214879.0
2022-07-06,104.08,109.48,103.36,104.52,45513777,5222362647.0
2022-07-07,103.79,103.98,98.94,101.44,31900836,3482416751.0
2022-07-08,102.24,104.83,101.23,101.9,23366969,2598598882.0
2022-07-11,101.7,101.71,98.5,99.86,16990443,1831422838.0
2022-07-12,103.66,103.86,96.74,97.83,30459952,3256340299.0
2022-07-13,96.44,99.45,96.44,97.96,21832818,2305527388.0
2022-07-14,97.65,101.28,97.09,99.63,24385311,2628109713.0
2022-07-15,99.37,100.47,96.79,97.09,19758835,2106279423.0
2022-07-18,98.01,98.01,92.83,95.31,31062371,3171329917.0
2022-07-19,95.44,96.7,92.47,93.91,23384727,2367384040.0
2022-07-20,94.52,96.14,94.14,94.7,17810561,1828685743.0
2022-07-21,94.5,95.73,93.21,94.46,15274045,1558222308.0
2022-07-22,95.57,96.18,94.14,94.8,18286619,1878991133.0
2022-07-25,94.13,94.47,92.38,93.34,17962090,1806812906.0
2022-07-26,93.02,94.02,92.56,93.91,15248953,1538464771.0
2022-07-27,93.39,93.39,87.67,89.1,59148105,5723139524.0
2022-07-28,89.1,89.99,87.89,88.94,29797364,2873158655.0
2022-07-29,88.75,88.75,85.99,86.36,35449312,3327561170.0
2022-08-01,86.36,87.34,85.27,86.58,22430206,2096765958.0
2022-08-02,85.53,86.09,83.81,85.09,27179098,2496258151.0
2022-08-03,85.25,86.65,84.35,85.66,21255191,1964008994.0
2022-08-04,86.18,88.7,85.51,88.18,30837423,2919311061.0
2022-08-05,88.66,90.32,87.59,88.53,28218779,2715288290.0
2022-08-08,87.83,88.4,85.99,87.01,24116518,2265645625.0
2022-08-09,86.56,86.78,85.14,86.69,17054044,1586651366.0
2022-08-10,86.27,86.66,83.54,84.28,28889970,2642669842.0
2022-08-11,85.32,87.84,84.38,87.39,32685009,3066218852.0
2022-08-12,87.18,88.31,86.32,87.6,17102381,1618581419.0
2022-08-15,87.6,88.12,86.55,87.35,15684255,1481375221.0
2022-08-16,87.29,87.29,83.75,84.14,50736118,4634960113.0
2022-08-17,84.28,85.44,84.16,85.01,21358280,1960167701.0
2022-08-18,84.7,85.67,83.34,83.95,23491176,2137240066.0
2022-08-19,83.43,83.9,82.55,83.6,19450697,1751898741.0
2022-08-22,83.11,84.65,82.67,84.35,19902415,1809578425.0
2022-08-23,84.14,84.33,81.4,82.34,33359414,2964528729.0
2022-08-24,81.91,82.9,80.86,81.19,19318714,1711621414.0
2022-08-25,81.36,82.08,80.35,81.97,16119970,1417938427.0
2022-08-26,82.3,83.67,81.58,82.8,20063986,1800197626.0
2022-08-29,81.37,81.98,81.0,81.85,13521884,1191733335.0
2022-08-30,81.69,82.3,79.9,80.77,20013697,1743942099.0
2022-08-31,80.17,83.96,79.98,82.9,31591003,2824228995.0
2022-09-01,82.31,83.2,80.78,81.14,19507344,1724600614.0
2022-09-02,81.26,81.55,79.06,79.75,21083331,1818358447.0
2022-09-05,79.46,79.7,76.77,77.49,27690532,2320377794.0
2022-09-06,78.33,78.64,76.93,77.87,20518929,1726946189.0
2022-09-07,77.21,77.98,75.68,77.89,28822505,2397057666.0
2022-09-08,77.81,78.54,76.36,76.51,16121350,1346067202.0
2022-09-09,78.6,79.52,77.44,78.44,27780077,2358336745.0
2022-09-13,75.71,75.71,70.6,70.6,74673541,5780835252.0
2022-09-14,67.08,70.78,67.06,69.65,40680093,3047122061.0
2022-09-15,71.47,72.93,70.81,71.02,41823136,3247911507.0
2022-09-16,70.41,71.34,68.19,68.19,27072694,2033178810.0
2022-09-19,68.44,69.17,67.29,68.06,21549264,1585021887.0
2022-09-20,68.16,68.66,66.87,68.47,17433924,1280336608.0
2022-09-21,68.12,68.82,66.35,66.48,21949345,1587314928.0
2022-09-22,65.19,66.07,64.47,64.87,28543918,2010873507.0
2022-09-23,64.85,65.91,63.57,64.19,24202153,1689582942.0
2022-09-26,63.8,66.25,63.69,65.16,24376654,1724534146.0
2022-09-27,65.16,67.5,64.26,66.8,29764089,2135722158.0
2022-09-28,66.4,67.38,65.24,65.47,20782403,1487456505.0
2022-09-29,66.47,69.17,65.65,67.08,33854893,2485069144.0
2022-09-30,67.41,67.66,65.74,66.29,18299356,1318001799.0
2022-10-10,68.34,68.89,63.65,63.94,29114048,2063605625.0
2022-10-11,63.94,64.27,62.14,64.17,17323111,1189938940.0
2022-10-12,64.22,64.76,62.15,64.54,22666942,1550474771.0
2022-10-13,65.74,69.86,65.19,68.06,47143703,3477297022.0
2022-10-14,68.8,74.86,68.06,74.86,57299834,4510091618.0
2022-10-17,75.81,78.0,74.91,76.19,58295155,4810169642.0
2022-10-18,76.2,76.74,74.11,75.67,33640882,2750468320.0
2022-10-19,75.17,75.17,73.05,74.11,31386323,2509745069.0
2022-10-20,73.05,75.06,72.81,72.92,30296785,2418358697.0
2022-10-21,72.6,73.51,70.81,71.12,33132430,2563792084.0
2022-10-24,71.31,71.85,68.01,68.64,34667331,2604960486.0
2022-10-25,68.61,69.33,66.83,67.69,25913475,1903807416.0
2022-10-26,68.07,74.34,68.07,72.31,57392442,4475921263.0
2022-10-27,73.97,75.28,71.2,72.59,53908224,4271022627.0
2022-10-28,72.57,74.81,71.32,72.48,38538562,3047702233.0
2022-10-31,71.38,71.91,69.24,70.64,26594989,2033032925.0
2022-11-01,71.18,74.99,70.14,74.9,43694027,3447324399.0
2022-11-02,73.97,76.35,73.2,75.02,40567589,3297285475.0
2022-11-03,73.99,76.43,73.61,75.11,24611302,1992294467.0
2022-11-04,75.01,78.0,74.69,77.67,34184678,2836126887.0
2022-11-07,76.75,80.0,76.41,79.69,33443968,2825605277.0
2022-11-08,79.08,79.08,76.55,77.35,26699635,2233689051.0
2022-11-09,76.75,77.66,76.17,76.31,16465809,1367644993.0
2022-11-10,75.68,77.83,75.5,76.07,15180119,1255155758.0
2022-11-11,79.98,81.32,78.21,78.93,53526712,4642899421.0
2022-11-14,79.67,81.8,78.69,80.59,34226210,2986512917.0
2022-11-15,80.18,80.91,78.21,80.75,26365722,2271078440.0
2022-11-16,80.44,83.48,80.01,81.6,29449415,2610990676.0
2022-11-17,80.87,81.12,77.88,79.48,29378021,2512289690.0
2022-11-18,79.36,81.93,79.21,79.99,22679268,1970577576.0
2022-11-21,79.09,79.36,77.28,79.01,19029935,1608383708.0
2022-11-22,78.99,80.46,76.92,77.49,18150134,1533507637.0
2022-11-23,77.16,77.81,74.82,75.83,23583588,1935422405.0
2022-11-24,76.39,77.29,75.42,75.99,10935953,902450530.0
2022-11-25,75.82,76.1,74.21,75.77,11318125,922387369.0
2022-11-28,69.35,71.2,68.19,70.34,47318430,3530258372.0
2022-11-29,70.78,73.35,70.37,72.31,33073323,2574714811.0
2022-11-30,71.99,72.74,71.38,72.12,17130849,1334177773.0
2022-12-01,73.33,74.8,73.05,73.97,18288405,1463063463.0
2022-12-02,73.88,73.88,71.67,71.85,17775803,1392768670.0
2022-12-05,72.96,73.13,71.75,72.49,15145927,1185018760.0
2022-12-06,72.48,74.43,71.93,72.32,17810050,1407084005.0
2022-12-07,72.12,73.91,72.0,72.94,13374083,1055821975.0
2022-12-08,72.69,74.69,71.95,74.01,16414314,1305026289.0
2022-12-09,74.05,74.89,72.94,73.97,20996217,1675428664.0
2022-12-12,73.98,75.35,73.7,74.63,14590272,1174396729.0
2022-12-13,74.63,74.71,72.69,72.86,12416745,984413274.0
2022-12-14,72.87,73.79,72.41,72.72,11677350,920536960.0
2022-12-15,72.42,72.95,71.32,72.36,12955156,1007869928.0
2022-12-16,72.77,73.56,71.99,73.12,11975759,944226153.0
2022-12-19,72.61,73.11,71.31,71.46,10966035,851748237.0
2022-12-20,71.09,71.89,69.35,69.64,13036525,985399606.0
2022-12-21,70.1,70.55,69.44,69.52,8206365,619740038.0
2022-12-22,70.27,72.54,69.44,71.2,17256984,1331601402.0
2022-12-23,70.98,72.12,69.91,71.22,9636625,741670099.0
2022-12-26,71.57,72.22,70.92,71.86,8717373,676164530.0
2022-12-27,72.22,73.65,71.99,72.99,13615259,1072407302.0
2022-12-28,72.85,74.36,71.96,73.17,14351367,1136773949.0
2022-12-29,72.43,75.92,72.31,74.84,23985898,1936449257.0
2022-12-30,74.53,75.79,74.53,74.9,15708274,1276755799.0
2023-01-03,74.77,76.2,73.43,75.54,18170691,1477934229.0
2023-01-04,76.1,77.49,75.82,76.38,17354653,1437111164.0
2023-01-05,77.38,82.55,76.48,81.34,42776599,3706666512.0
2023-01-06,80.83,81.54,80.1,80.97,24786139,2167778475.0
2023-01-09,81.05,83.82,80.91,82.66,23551117,2104339843.0
2023-01-10,83.22,83.58,81.93,82.79,14811955,1327270681.0
2023-01-11,82.72,84.87,82.66,82.81,19520065,1769103269.0
2023-01-12,83.9,85.61,83.5,84.07,20045008,1830577052.0
2023-01-13,84.24,84.51,82.97,84.14,19749017,1787798346.0
2023-01-16,84.25,92.37,84.05,90.78,50166642,4857890331.0
2023-01-17,90.62,91.26,87.21,88.45,32638692,3138842106.0
2023-01-18,88.06,88.31,86.81,87.59,13731720,1298767576.0
2023-01-19,87.42,91.36,86.44,90.15,28892907,2794371823.0
2023-01-20,89.88,92.0,89.32,90.16,15915816,1563331932.0
2023-01-30,92.47,92.47,88.84,89.08,21305543,2076496370.0
2023-01-31,89.32,90.94,86.02,86.23,23588529,2226118540.0
2023-02-01,86.32,86.9,85.08,86.81,16193902,1508277700.0
2023-02-02,87.06,90.09,85.81,87.84,20555523,1965731585.0
2023-02-03,87.13,87.81,85.98,86.73,11065636,1036474219.0
2023-02-06,85.62,85.63,82.77,84.55,24729930,2243675848.0
2023-02-07,85.0,86.22,83.86,84.79,12981211,1193863199.0
2023-02-08,85.07,86.35,83.73,83.9,11806184,1081226087.0
2023-02-09,83.29,84.7,83.22,84.44,10084163,918291998.0
2023-02-10,84.39,84.61,82.18,83.01,15613918,1399374249.0
2023-02-13,82.3,84.24,81.48,82.57,18800949,1679166060.0
2023-02-14,82.5,83.07,81.32,82.37,14269395,1263777728.0
2023-02-15,82.49,82.66,79.98,80.4,20028273,1746758050.0
2023-02-16,80.82,81.54,79.12,79.61,17990789,1565511799.0
2023-02-17,79.34,80.35,78.69,78.79,15506923,1332888873.0
2023-02-20,79.13,79.79,77.85,79.73,18901723,1609771114.0
2023-02-21,79.73,79.95,78.3,78.84,15796308,1346592511.0
2023-02-22,78.15,78.69,77.43,77.58,15043892,1268063520.0
2023-02-23,77.02,78.95,77.02,77.75,14975133,1262456039.0
2023-02-24,77.73,77.74,76.33,76.43,15249105,1267217594.0
2023-02-27,76.1,77.21,75.42,75.73,15622755,1281218106.0
2023-02-28,75.73,76.53,75.46,76.45,14297689,1175978986.0
2023-03-01,76.15,77.73,74.91,77.51,25248006,2100512681.0
2023-03-02,77.52,77.68,76.66,77.16,13877254,1158149153.0
2023-03-03,77.65,79.1,76.87,76.98,22003107,1852316166.0
2023-03-06,76.76,77.32,75.36,75.82,22287251,1828302496.0
2023-03-07,75.82,77.02,74.93,75.08,17690733,1450321205.0
2023-03-08,74.44,74.8,73.51,73.93,18097350,1448645044.0
2023-03-09,74.16,75.38,74.08,74.67,16559852,1339650934.0
2023-03-10,73.79,75.06,72.89,74.18,17574211,1403970826.0
2023-03-13,73.96,73.97,71.99,73.02,25003609,1968091774.0
2023-03-14,72.71,74.18,72.37,73.07,16599646,1311494071.0
2023-03-15,73.68,74.63,72.28,72.4,17047421,1352391309.0
2023-03-16,71.85,72.45,70.17,70.52,26053926,1999258270.0
2023-03-17,71.09,71.2,68.31,68.56,35185932,2642052574.0
2023-03-20,68.96,69.54,67.31,68.43,30792768,2276263373.0
2023-03-21,69.41,74.45,69.4,74.21,56523997,4421081388.0
2023-03-22,74.42,76.26,74.07,75.18,38669476,3143084848.0
2023-03-23,74.64,76.29,73.69,74.23,28061401,2267912404.0
2023-03-24,73.98,75.73,73.86,74.1,20340143,1641199683.0
2023-03-27,74.87,76.76,72.78,75.85,35898990,2928608585.0
2023-03-28,75.82,75.82,74.51,75.1,17852545,1449589882.0
2023-03-29,75.78,75.78,73.96,74.1,16954264,1366966099.0
2023-03-30,74.26,75.62,73.51,75.35,20109999,1629756165.0
2023-03-31,75.36,75.54,72.81,73.51,29547937,2357711583.0
2023-04-03,73.22,73.22,71.27,71.99,32575512,2541232542.0
2023-04-04,72.12,72.22,70.18,71.94,35426746,2719534138.0
2023-04-06,71.66,72.73,71.09,72.68,21426798,1672152576.0
2023-04-07,72.59,77.66,72.01,77.51,47728235,3925997229.0
2023-04-10,78.06,79.02,77.14,78.24,35297457,2987450231.0
2023-04-11,78.6,78.96,76.21,77.49,25907438,2168236384.0
2023-04-12,77.42,77.92,76.08,76.68,18928785,1570040042.0
2023-04-13,76.69,80.0,75.46,79.69,44408538,3780646001.0
2023-04-14,80.34,82.14,78.8,79.34,40725397,3532014854.0
2023-04-17,78.68,80.38,78.13,79.17,22242205,1899065410.0
2023-04-18,74.93,75.57,73.06,74.73,52923501,4259710601.0
2023-04-19,74.24,75.08,72.81,73.38,32953224,2622594345.0
2023-04-20,73.38,74.51,71.71,72.24,26504383,2088101602.0
2023-04-21,71.89,72.26,70.55,70.65,23033478,1778208230.0
2023-04-24,71.2,71.66,68.78,69.35,25892049,1956188845.0
2023-04-25,69.36,69.36,62.42,62.42,72162967,4998652428.0
2023-04-26,61.85,63.98,61.5,63.18,38025078,2591164942.0
2023-04-27,63.18,63.53,61.4,62.06,31454856,2114007690.0
2023-04-28,62.16,63.34,61.77,62.44,24206869,1632967661.0
2023-05-04,62.61,63.14,62.03,62.19,20199751,1364150326.0
2023-05-05,62.14,62.14,61.03,61.46,15539925,1032062392.0
2023-05-08,61.46,63.22,60.7,62.62,26281497,1760805527.0
2023-05-09,61.96,62.27,61.07,61.48,18260410,1216988239.0
2023-05-10,61.26,62.05,60.25,61.58,18074622,1197960024.0
2023-05-11,62.05,63.89,61.53,62.68,31514262,2142815408.0
2023-05-12,62.46,62.88,61.08,61.23,18941330,1265598656.0
2023-05-15,61.03,63.99,60.86,63.83,25316075,1714314795.0
2023-05-16,63.68,64.01,62.92,63.65,15813697,1087263379.0
2023-05-17,63.53,63.53,62.39,62.69,13652759,926066625.0
2023-05-18,62.69,63.02,61.51,61.79,14325907,961893319.0
2023-05-19,61.71,62.55,61.03,62.14,12992409,869780713.0
2023-05-22,62.69,63.69,61.85,63.25,20170663,1375926275.0
2023-05-23,63.2,65.14,63.15,63.97,23968889,1668476201.0
2023-05-24,63.57,64.5,63.34,63.62,17168463,1185505070.0
2023-05-25,63.34,63.82,62.2,62.71,16610930,1128415582.0
2023-05-26,62.7,62.7,61.03,61.05,19658442,1310296876.0
2023-05-29,61.55,61.84,60.71,61.76,18419052,1220658869.0
2023-05-30,61.32,62.0,59.42,61.49,22581698,1483548376.0
2023-05-31,61.31,62.05,59.29,60.1,29061303,1894367757.0
2023-06-01,59.64,63.03,59.46,62.05,35410346,2368844273.0
2023-06-02,62.51,63.31,61.03,62.73,21421564,1440243510.0
2023-06-05,62.73,62.73,60.66,61.11,19583536,1294981830.0
2023-06-06,61.12,61.27,59.59,59.59,17657763,1150335622.0
2023-06-07,60.19,60.27,58.14,58.51,21879018,1394412833.0
2023-06-08,58.42,59.84,57.72,59.28,19272790,1227570644.0
2023-06-09,59.28,62.41,58.99,62.36,41657930,2767897839.0
2023-06-12,62.28,63.43,61.56,62.61,23051833,1564777056.0
2023-06-13,62.82,64.05,62.74,63.63,19081809,1308490235.0
2023-06-14,63.93,64.24,63.1,63.39,16275559,1105800216.0
2023-06-15,63.75,66.62,63.71,66.42,34399405,2402141190.0
2023-06-16,66.45,67.87,66.43,67.27,29055318,2088340139.0
2023-06-19,66.97,67.25,65.19,65.39,22693478,1594282499.0
2023-06-20,65.39,66.36,64.59,64.59,26829811,1868688474.0
2023-06-21,63.94,64.33,58.91,59.3,66026702,4252770517.0
2023-06-26,58.73,60.86,58.55,60.06,24948997,1598642110.0
2023-06-27,60.02,60.65,59.24,59.68,16318975,1042057300.0
2023-06-28,59.7,59.82,58.46,58.68,17741477,1115353986.0
2023-06-29,58.74,59.0,57.37,57.91,18508183,1145255813.0
2023-06-30,57.92,58.78,57.63,58.37,14866269,925591814.0
2023-07-03,58.38,59.93,57.98,59.67,18245678,1156907217.0
2023-07-04,59.56,61.18,58.33,60.75,27289041,1747770978.0
2023-07-05,60.48,60.78,59.83,60.46,11499413,739124515.0
2023-07-06,60.43,60.43,59.12,59.47,14256808,905252198.0
2023-07-07,59.19,59.66,58.83,59.03,11636726,734004728.0
2023-07-10,59.58,60.66,59.37,59.58,14861369,950519065.0
2023-07-11,59.8,60.05,58.83,59.86,10231697,649580581.0
2023-07-12,59.65,60.09,59.22,59.39,11468745,729446490.0
2023-07-13,59.91,63.14,59.91,62.89,42448253,2812288839.0
2023-07-14,62.9,63.98,62.69,63.39,20672464,1395088048.0
2023-07-17,62.79,62.85,60.89,61.7,16201180,1064272134.0
2023-07-18,62.22,63.95,61.51,63.72,27325915,1832154233.0
2023-07-19,63.7,64.16,63.15,63.58,13834844,938133659.0
2023-07-20,64.01,64.43,63.37,63.37,13778157,939837596.0
2023-07-21,63.36,64.53,62.86,63.52,16609158,1129315479.0
2023-07-24,62.86,65.42,62.86,63.45,19881376,1356732567.0
2023-07-25,64.28,64.63,62.79,63.84,19149386,1299603550.0
2023-07-26,64.17,65.7,63.84,64.82,20647317,1429873175.0
2023-07-27,64.65,65.69,64.19,64.92,17185933,1190841851.0
2023-07-28,64.37,65.26,63.02,64.9,22802177,1563582212.0
2023-07-31,65.4,69.14,65.4,67.14,45263867,3262570842.0
2023-08-01,70.06,70.73,69.31,70.24,54305172,4064977336.0
2023-08-02,70.52,70.64,68.64,69.14,26533367,1969227754.0
2023-08-03,69.04,72.34,68.65,72.18,43575972,3304347009.0
2023-08-04,72.42,72.48,70.07,70.79,29362159,2224343446.0
2023-08-07,70.24,70.48,68.63,69.3,30077376,2223992093.0
2023-08-08,68.95,69.79,67.97,68.96,18557695,1365299115.0
2023-08-09,67.43,72.23,67.14,71.42,42249122,3202728728.0
2023-08-10,71.46,74.28,71.11,73.92,37429053,2913902350.0
2023-08-11,73.91,75.04,73.49,73.63,25489371,2016351000.0
2023-08-14,72.59,74.03,71.95,73.53,21130163,1645128728.0
2023-08-15,73.46,73.83,72.06,73.08,14544573,1130073035.0
2023-08-16,72.79,74.35,72.49,72.99,14867062,1162356484.0
2023-08-17,72.31,75.11,72.14,74.69,21765139,1719198075.0
2023-08-18,74.71,74.81,72.85,72.86,18003581,1412889018.0
2023-08-21,72.52,74.22,72.36,72.88,18553011,1453380288.0
2023-08-22,72.88,73.83,71.11,72.69,21479004,1666127532.0
2023-08-23,73.42,73.62,71.53,71.6,16461614,1268540778.0
2023-08-24,72.14,74.76,71.95,73.73,23753496,1858221400.0
2023-08-25,73.7,76.35,73.24,74.07,20640610,1639481628.0
2023-08-28,77.88,78.18,73.92,74.22,32076730,2574254830.0
2023-08-29,74.26,76.82,74.01,76.13,22856834,1851583010.0
2023-08-30,77.21,77.59,75.7,76.95,17874777,1463596393.0
2023-08-31,77.27,77.38,76.26,76.35,12139709,993380535.0
2023-09-01,76.35,76.66,74.28,75.1,13329196,1065928927.0
2023-09-04,75.79,77.0,74.95,76.24,14066751,1145062685.0
2023-09-05,75.79,76.97,75.41,76.27,12706065,1035153024.0
2023-09-06,75.87,75.87,71.76,72.14,32144518,2498068076.0
2023-09-07,72.14,72.39,71.05,71.48,14281226,1092480671.0
2023-09-08,71.07,72.14,70.77,71.39,9312645,712270087.0
2023-09-11,71.48,73.82,70.87,72.6,13697434,1061444857.0
2023-09-12,72.6,73.54,72.06,72.56,12631126,981448125.0
2023-09-13,72.18,73.31,71.79,72.44,10546467,816090323.0
2023-09-14,72.48,73.35,72.32,73.03,8485997,659942172.0
2023-09-15,73.29,76.0,72.82,74.76,19526821,1557614889.0
2023-09-18,74.76,76.46,74.65,75.88,16799102,1359497047.0
2023-09-19,75.88,75.98,74.74,75.32,9143283,734564338.0
2023-09-20,75.23,75.99,74.48,75.12,9148741,735351010.0
2023-09-21,74.62,75.02,73.33,73.59,13203351,1040088709.0
2023-09-22,74.47,74.52,72.81,74.52,13698336,1081391665.0
2023-09-25,74.81,76.71,74.07,76.35,23547665,1909082170.0
2023-09-26,76.89,77.38,76.16,76.4,16309355,1332970179.0
2023-09-27,77.76,82.44,77.63,82.13,43411457,3749939438.0
2023-09-28,82.46,83.46,80.32,80.74,29712938,2577774834.0
2023-10-09,81.03,81.69,79.26,81.03,18980834,1634300911.0
2023-10-10,81.22,81.49,79.07,79.11,17446495,1482970666.0
2023-10-11,79.69,83.71,79.63,82.58,29415575,2589875434.0
2023-10-12,84.31,84.78,82.26,83.66,24155181,2146584901.0
2023-10-13,83.0,85.3,82.78,84.48,22806153,2057158347.0
2023-10-16,84.69,85.35,82.16,82.35,20511717,1821062532.0
2023-10-17,83.19,83.35,81.78,82.67,12975731,1141326505.0
2023-10-18,82.52,82.75,81.37,81.98,13126181,1147430194.0
2023-10-19,81.41,82.13,80.66,80.74,13437035,1164803769.0
2023-10-20,80.51,80.53,78.8,79.27,15351085,1299927510.0
2023-10-23,78.65,79.9,77.68,79.02,12865045,1082692477.0
2023-10-24,79.63,79.81,78.13,78.76,16859002,1420727149.0
2023-10-25,79.91,81.39,78.11,78.2,21187013,1789311073.0
2023-10-26,77.76,79.42,77.39,79.04,15399137,1291954541.0
2023-10-27,78.69,83.85,78.22,83.11,25290674,2205356950.0
2023-10-30,82.66,87.65,82.66,84.75,33678189,3067658395.0
2023-10-31,80.38,83.1,78.09,81.04,42636455,3681583042.0
2023-11-01,81.03,81.22,77.8,79.58,23919094,2022734126.0
2023-11-02,79.56,81.67,79.51,79.99,17406467,1498705547.0
2023-11-03,80.19,82.34,79.63,81.43,18384937,1595929163.0
2023-11-06,82.72,85.25,82.45,85.14,26592757,2404194331.0
2023-11-07,84.67,85.62,83.93,84.08,15633471,1412869666.0
2023-11-08,83.75,86.75,83.59,85.0,20157752,1838815594.0
2023-11-09,85.08,85.41,82.97,83.31,17885589,1600369266.0
2023-11-10,82.61,83.34,82.23,82.62,9388803,829002824.0
2023-11-13,82.62,82.91,80.59,81.05,13969340,1211290135.0
2023-11-14,81.78,82.21,79.56,80.15,16900373,1448892144.0
2023-11-15,82.18,83.59,81.41,82.16,16455998,1445936162.0
2023-11-16,81.86,82.54,79.65,80.02,12472522,1072264398.0
2023-11-17,80.02,80.29,79.24,79.97,10871310,924250388.0
2023-11-20,80.36,82.24,79.83,81.37,15144041,1312920233.0
2023-11-21,81.49,82.53,81.15,81.37,11449325,1000081801.0
2023-11-22,80.94,80.94,78.85,78.91,14729306,1249138343.0
2023-11-23,78.9,79.6,78.6,79.33,10259503,865363218.0
2023-11-24,79.44,79.7,78.37,78.47,9655224,811125804.0
2023-11-27,78.22,78.35,77.03,77.88,15655082,1297648744.0
2023-11-28,77.9,79.74,77.77,78.92,14456070,1215763396.0
2023-11-29,79.06,79.26,78.22,78.52,9248740,776671972.0
2023-11-30,78.14,78.53,77.1,77.38,13688167,1134099593.0
2023-12-01,77.38,78.04,76.16,77.76,16031581,1318209874.0
2023-12-04,76.21,76.21,71.2,72.38,40233200,3141149760.0
2023-12-05,71.2,72.31,69.32,69.98,32491112,2459771616.0
2023-12-06,70.34,72.38,70.34,71.35,23100002,1759124882.0
2023-12-07,71.29,71.29,69.17,70.73,19497224,1458383571.0
2023-12-08,70.6,71.43,69.61,71.2,25871063,1953812458.0
2023-12-11,70.59,72.14,69.98,71.86,16681593,1263860057.0
2023-12-12,71.67,71.67,70.19,70.54,14869922,1122178623.0
2023-12-13,70.26,70.52,68.95,69.35,19655993,1455870142.0
2023-12-14,70.73,71.99,69.81,69.9,17798839,1343496079.0
2023-12-15,70.62,70.98,68.58,68.74,15655819,1160336807.0
2023-12-18,68.72,69.51,68.1,68.88,12544346,920884783.0
2023-12-19,68.2,68.91,67.74,68.3,12186119,885994394.0
2023-12-20,68.48,69.23,67.83,67.84,9384618,683538190.0
2023-12-21,67.41,69.98,67.12,68.62,15578124,1142235974.0
2023-12-22,68.5,68.88,67.08,67.95,14422248,1043048777.0
2023-12-25,67.45,69.59,67.4,68.92,10381239,761731982.0
2023-12-26,68.91,68.91,66.97,67.6,10486754,755318035.0
2023-12-27,67.62,67.98,66.61,66.75,14956537,1067896257.0
2023-12-28,67.08,69.08,66.56,68.81,21095029,1537004450.0
2023-12-29,68.81,69.1,67.74,68.16,16754940,1220720304.0
2024-01-02,68.34,68.4,64.55,66.05,28068196,1977572424.0
2024-01-03,65.62,66.67,65.47,65.67,14219691,1000918548.0
2024-01-04,65.56,65.56,64.3,64.79,21013438,1451571350.0
2024-01-05,65.02,65.16,63.24,63.81,17723289,1214808634.0
2024-01-08,63.54,63.87,62.86,63.2,14807840,999943010.0
2024-01-09,63.52,64.55,62.67,63.14,16164850,1095307100.0
2024-01-10,62.86,64.06,62.14,63.35,16971968,1147314822.0
2024-01-11,67.45,68.13,65.39,67.22,40102440,2862835102.0
2024-01-12,66.52,69.21,66.44,67.28,23213103,1686680291.0
2024-01-15,66.61,69.28,66.61,68.06,17693159,1291610176.0
2024-01-16,67.55,68.76,67.27,68.72,14107989,1023819904.0
2024-01-17,68.32,68.54,66.98,66.98,14441554,1040249530.0
2024-01-18,66.51,69.26,66.34,69.16,25935929,1879199427.0
2024-01-19,68.77,70.54,68.39,70.16,31731074,2370047295.0
2024-01-22,70.06,70.62,68.58,69.76,26022097,1942922281.0
2024-01-23,69.23,70.34,68.47,69.39,19838547,1467834688.0
2024-01-24,69.87,69.97,67.64,69.32,17438909,1279223229.0
2024-01-25,69.29,69.38,67.55,68.66,19235679,1406196890.0
2024-01-26,67.92,69.97,61.79,61.79,44527046,3118145743.0
2024-01-29,59.02,59.94,55.61,55.61,106097922,6476342510.0
2024-01-30,52.84,54.9,52.63,53.26,87396491,4998049421.0
2024-01-31,52.46,52.98,50.49,50.78,65697194,3609475982.0
2024-02-01,51.11,53.34,50.34,52.27,58337298,3237860095.0
2024-02-02,53.31,53.8,47.05,47.05,65707485,3540411459.0
2024-02-05,43.36,48.46,42.34,45.18,159302508,7621601787.0
2024-02-06,43.9,49.47,42.5,48.95,113259142,5611611769.0
2024-02-07,50.22,52.82,50.22,51.76,111295644,6106646697.0
2024-02-08,50.26,51.06,48.71,49.76,99007432,5242898091.0
2024-02-19,47.31,48.04,45.55,46.89,132806402,6616821306.0
2024-02-20,46.7,48.38,46.21,48.31,100319873,5098828723.0
2024-02-21,47.78,51.99,47.61,50.34,108874573,5806896516.0
2024-02-22,49.74,50.93,49.54,50.69,62886204,3380940433.0
2024-02-23,50.63,50.76,49.23,50.19,69410659,3692128685.0
2024-02-26,50.44,51.97,50.35,51.2,75027576,4100568544.0
2024-02-27,50.86,51.51,50.22,51.51,64623673,3506569642.0
2024-02-28,51.93,52.98,49.65,49.66,90726813,4984475220.0
2024-02-29,49.21,51.2,49.18,51.04,63870856,3435187041.0
2024-03-01,50.87,51.89,50.6,51.54,55375181,3033267944.0
2024-03-04,52.06,56.7,52.05,56.21,124122674,7317986397.0
2024-03-05,54.64,55.53,53.5,54.55,82237501,4790498199.0
2024-03-06,55.28,55.72,54.15,55.02,56281385,3306705225.0
2024-03-07,49.52,51.5,49.52,49.52,113170375,6039655188.0
2024-03-08,47.85,48.89,47.6,48.56,97310560,5019004513.0
2024-03-11,49.3,51.79,48.27,51.31,108510223,5791702437.0
2024-03-12,52.46,54.68,52.46,53.59,123866270,7092675645.0
2024-03-13,53.4,54.03,52.42,53.16,74632035,4224695583.0
2024-03-14,54.79,55.16,48.6,50.13,194357013,10624602685.0
2024-03-15,49.03,49.97,47.92,48.07,145632932,7550239352.0
2024-03-18,47.97,50.06,45.72,50.04,191396680,9731015422.0
2024-03-19,48.66,48.66,47.59,47.6,168192735,8613057038.0
2024-03-20,47.64,47.88,46.85,47.15,110214081,5557042589.0
2024-03-21,47.2,47.53,46.76,46.86,96680597,4852801308.0
2024-03-22,45.9,46.31,44.87,44.88,127631961,6167920208.0
2024-03-25,46.19,46.8,45.73,45.81,122011318,6034221407.0
2024-03-26,45.58,45.62,44.01,44.46,103154801,4909658757.0
2024-03-27,44.03,45.13,43.36,43.64,89520532,4219171317.0
2024-03-28,43.41,44.56,43.21,44.06,82108858,3851427574.0
2024-03-29,43.61,43.96,42.98,43.26,74545060,3445841853.0
2024-04-01,43.26,44.82,43.23,44.82,96952376,4572249971.0
2024-04-02,44.82,44.83,43.58,44.09,75614288,3553274202.0
2024-04-03,44.11,44.86,43.86,44.32,74581588,3534345946.0
2024-04-08,43.1,43.7,42.88,43.2,83610043,3855443343.0
2024-04-09,43.21,44.1,42.06,43.96,105558319,4856872319.0
2024-04-10,43.56,44.08,42.65,42.7,69694416,3216785453.0
2024-04-11,42.16,42.44,40.94,41.03,116595304,5168843980.0
2024-04-12,40.76,41.58,40.18,40.18,79001102,3425451953.0
2024-04-15,40.1,40.4,39.04,39.7,81955345,3467313001.0
2024-04-16,39.52,39.81,38.57,38.59,70395203,2936420067.0
2024-04-17,38.74,40.8,38.67,40.42,112233072,4753777271.0
2024-04-18,40.38,41.55,39.71,40.69,109147851,4754699825.0
2024-04-19,40.1,40.27,39.22,39.53,74610705,3159860419.0
2024-04-22,39.25,39.99,39.0,39.44,50854786,2145092831.0
2024-04-23,39.58,40.56,38.86,39.94,92119020,3901172943.0
2024-04-24,39.64,39.81,39.11,39.31,70078537,2948163456.0
2024-04-25,39.11,39.72,38.96,38.97,71687645,2999783556.0
2024-04-26,38.77,40.41,38.69,40.21,119709427,5093622381.0
2024-04-29,40.37,42.18,40.22,41.75,114939427,5079727022.0
2024-04-30,41.84,41.95,40.77,40.91,80698597,3539648188.0
2024-05-06,41.63,43.46,41.54,42.89,126789066,5771655184.0
2024-05-07,42.72,42.96,42.33,42.77,64317670,2927941342.0
2024-05-08,42.53,42.7,41.84,41.89,62605726,2812362148.0
2024-05-09,41.89,43.08,41.87,42.5,75040983,3413417589.0
2024-05-10,42.77,42.91,41.72,42.02,60905456,2733958623.0
2024-05-13,45.45,45.6,42.9,43.27,185303114,8704586465.0
2024-05-14,43.0,44.87,42.88,44.16,145967532,6898602510.0
2024-05-15,43.66,43.71,42.17,42.36,105993721,4822609806.0
2024-05-16,42.53,43.4,40.92,42.7,96750802,4368688164.0
2024-05-17,42.37,42.86,41.76,42.06,69469585,3123744631.0
2024-05-20,41.78,42.31,41.69,41.88,56243142,2517336651.0
2024-05-21,41.69,41.76,40.75,40.95,66921746,2941047030.0
2024-05-22,40.94,41.48,40.85,41.33,48207701,2118227027.0
2024-05-23,41.09,41.27,40.5,40.56,42728172,1861930244.0
2024-05-24,40.42,40.85,40.05,40.05,38130211,1639374261.0
2024-05-27,40.27,40.32,38.9,39.74,55158020,2322296969.0
2024-05-28,39.56,40.21,39.33,39.59,36706806,1556773267.0
2024-05-29,39.45,39.81,39.41,39.6,30828844,1303868123.0
2024-05-30,39.45,39.63,39.21,39.29,28587133,1200119584.0
2024-05-31,39.61,40.06,39.41,39.45,37592593,1592288167.0
2024-06-03,39.51,39.59,39.07,39.35,37109089,1554478357.0
2024-06-04,39.35,40.56,39.25,40.55,60016316,2564758280.0
2024-06-05,40.28,40.61,40.11,40.19,36537875,1574016546.0
2024-06-06,40.46,40.7,39.8,39.89,40332118,1728189349.0
2024-06-07,39.91,40.19,39.45,39.71,30669945,1301035080.0
2024-06-11,39.57,39.81,38.92,39.78,33580654,1411828697.0
2024-06-12,39.91,43.21,39.83,42.51,151234823,6748757521.0
2024-06-13,42.44,42.83,41.86,42.16,97421815,4394654964.0
2024-06-14,41.88,41.91,40.94,40.94,109469542,4829241479.0
2024-06-17,40.81,41.63,40.77,41.19,48520692,2130869530.0
2024-06-18,41.12,41.21,39.16,39.84,77222715,3306786338.0
2024-06-19,39.77,39.9,39.25,39.29,46952331,1978708415.0
2024-06-20,39.33,39.67,38.48,38.49,59777548,2486685473.0
2024-06-21,38.3,38.3,37.61,37.93,42664129,1723777262.0
2024-06-24,37.69,38.28,37.36,37.87,37079054,1496466495.0
2024-06-25,37.88,38.26,37.63,37.93,30964537,1254720900.0
2024-06-26,38.1,38.75,37.6,38.61,32157374,1277263351.0
2024-06-27,38.41,38.45,37.77,37.77,26142402,1036366869.0
2024-06-28,37.68,38.09,37.54,37.63,25880235,1019798332.0
2024-07-01,37.64,37.74,36.69,37.13,32804792,1263327660.0
2024-07-02,37.03,37.3,36.71,36.77,25926535,997672038.0
2024-07-03,36.71,37.72,36.38,37.16,37665573,1449894446.0
2024-07-04,36.97,37.06,36.1,36.11,32468587,1233854314.0
2024-07-05,36.04,36.92,35.71,36.51,33783432,1278050026.0
2024-07-08,36.49,36.5,35.32,35.41,34111705,1268769463.0
2024-07-09,35.34,35.95,34.92,35.78,38434755,1419450103.0
2024-07-10,35.62,36.75,35.49,36.05,35402687,1335349612.0
2024-07-11,36.68,37.52,36.54,37.28,49281455,1906504420.0
2024-07-12,37.2,37.92,37.16,37.26,35947432,1401162702.0
2024-07-15,37.0,37.26,36.44,36.54,28378634,1084438589.0
2024-07-16,36.43,37.14,36.41,36.96,24313896,933555855.0
2024-07-17,36.95,37.96,36.79,37.66,44177136,1729967719.0
2024-07-18,37.55,37.88,37.22,37.77,34485024,1349031234.0
2024-07-19,37.57,38.15,37.33,38.03,34269525,1350998940.0
2024-07-22,38.0,38.74,37.84,38.48,40000621,1600068990.0
2024-07-23,38.27,38.36,37.59,37.64,31913839,1262131461.0
2024-07-24,37.63,38.3,36.97,37.12,29181638,1140711768.0
2024-07-25,36.88,38.0,36.81,37.7,31644838,1239391445.0
2024-07-26,37.8,38.25,37.6,37.97,25293667,999133257.0
2024-07-29,37.96,38.08,37.07,37.45,29456877,1151269786.0
2024-07-30,38.41,39.85,38.41,39.07,100484930,4120504062.0
2024-07-31,39.05,40.99,38.98,40.85,82355479,3462557349.0
2024-08-01,40.89,40.97,40.2,40.62,54472771,2301879159.0
2024-08-02,40.51,42.07,40.39,41.21,75936404,3280926465.0
2024-08-05,40.97,42.05,40.74,40.8,63580250,2735739554.0
2024-08-06,41.24,41.96,40.81,41.68,57347347,2478751675.0
2024-08-07,41.59,41.68,41.03,41.2,34386071,1479313960.0
2024-08-08,41.0,41.54,40.78,40.81,34853044,1493009714.0
2024-08-09,40.94,41.08,39.85,39.85,43452449,1823230348.0
2024-08-12,39.84,40.06,39.45,39.74,23924225,990116643.0
2024-08-13,39.8,39.85,39.18,39.56,23184156,950931185.0
2024-08-14,39.54,39.55,38.26,38.29,35728744,1436528407.0
2024-08-15,38.23,38.97,38.07,38.54,28115376,1127298568.0
2024-08-16,38.55,38.88,38.08,38.62,24500807,982068620.0
2024-08-19,38.52,38.84,38.09,38.19,22555142,901102175.0
2024-08-20,38.32,38.39,37.65,37.74,19110928,754063920.0
2024-08-21,37.85,37.85,37.07,37.2,24405877,950732631.0
2024-08-22,37.14,37.44,35.92,36.01,38646923,1460726679.0
2024-08-23,36.0,36.26,35.86,36.0,18963321,711611127.0
2024-08-26,36.03,36.68,35.83,36.63,30918358,1170090686.0
2024-08-27,36.49,36.9,36.2,36.56,21677917,823738503.0
2024-08-28,36.48,36.95,36.21,36.78,23596339,900729673.0
2024-08-29,36.59,37.42,36.34,37.17,31305477,1204345839.0
2024-08-30,37.34,38.05,36.9,37.62,41064074,1613146647.0
2024-09-02,37.5,37.62,36.22,36.24,36211041,1384767602.0
2024-09-03,36.24,37.0,36.13,36.87,27042798,1034533311.0
2024-09-04,36.71,38.13,36.69,37.84,43153870,1689993954.0
2024-09-05,37.79,38.76,37.79,38.09,30481701,1215768283.0
2024-09-06,38.09,38.14,37.24,37.26,19939377,779750313.0
2024-09-09,37.22,38.97,37.14,37.85,51741414,2058814414.0
2024-09-10,37.45,37.45,35.4,35.81,72796613,2727650007.0
2024-09-11,36.06,37.14,35.86,37.01,49095767,1874760461.0
2024-09-12,37.03,38.63,36.97,38.18,56502329,2242229879.0
2024-09-13,38.39,39.06,38.18,38.24,45209438,1816493671.0
2024-09-18,38.18,38.51,37.85,38.43,22206883,884367452.0
2024-09-19,38.56,39.47,38.29,39.06,43310009,1760479644.0
2024-09-20,39.06,39.3,38.76,38.97,28698646,1164320633.0
2024-09-23,41.29,42.05,39.79,40.09,103603589,4411876039.0
2024-09-24,40.33,40.83,39.27,40.81,83010374,3473674441.0
2024-09-25,41.24,42.68,40.81,41.01,124264408,5375991475.0
2024-09-26,40.18,41.61,39.85,41.55,96158296,4066549107.0
2024-09-27,42.25,45.71,42.25,45.71,116014674,5336319869.0
2024-09-30,50.28,50.28,48.88,50.28,150933792,7855382540.0
2024-10-08,55.31,55.31,52.36,55.31,210749003,12062006710.0
2024-10-09,55.25,57.14,52.7,53.57,182769568,10454018583.0
2024-10-10,53.85,55.32,52.3,52.75,117117450,6548238859.0
2024-10-11,51.84,51.84,48.67,49.41,106652642,5543660140.0
2024-10-14,49.89,50.11,48.4,49.84,78022342,4005778200.0
2024-10-15,49.86,50.22,48.06,48.09,64582620,3305678001.0
2024-10-16,47.05,47.78,46.57,47.02,59490609,2916187021.0
2024-10-17,47.34,47.57,46.25,46.27,48738750,2382667323.0
2024-10-18,45.9,49.43,45.88,48.23,98291391,4878139593.0
2024-10-21,48.51,48.9,47.65,48.36,71842206,3609709042.0
2024-10-22,48.22,49.4,47.92,48.78,57435110,2912834790.0
2024-10-23,48.8,50.42,48.3,49.45,86032533,4409326559.0
2024-10-24,49.45,49.8,47.93,48.15,69684537,3542588393.0
2024-10-25,47.9,51.05,47.82,50.9,114701118,5984087371.0
2024-10-28,50.87,51.53,50.13,51.32,69259762,3667950844.0
2024-10-29,53.73,53.92,51.3,51.37,108811925,5953071641.0
2024-10-30,50.91,51.55,49.67,50.07,65279624,3432977343.0
2024-10-31,49.7,50.86,49.46,49.94,53455433,2783223314.0
2024-11-01,49.65,50.37,48.98,49.12,51157300,2641044245.0
2024-11-04,49.12,50.4,49.05,49.9,40771396,2115881962.0
2024-11-05,49.94,52.3,49.25,51.65,80043023,4249966524.0
2024-11-06,51.66,54.26,51.4,52.72,102920470,5666729754.0
2024-11-07,51.54,54.47,51.33,54.47,90911107,5047690620.0
2024-11-08,55.56,55.75,53.7,53.89,81524704,4640791038.0
2024-11-11,53.3,55.55,53.18,55.15,65227233,3692920572.0
2024-11-12,55.24,58.58,54.89,55.99,112714805,6665577346.0
2024-11-13,55.28,55.89,53.39,54.31,75812969,4284794271.0
2024-11-14,53.96,54.52,52.1,52.24,56726757,3140925612.0
2024-11-15,51.84,52.29,50.77,50.77,53373584,2858876964.0
2024-11-18,50.39,50.99,49.32,49.57,48239819,2514439796.0
2024-11-19,49.87,50.49,48.68,50.01,42237317,2180513267.0
2024-11-20,49.74,50.97,49.63,50.48,45149262,2371766515.0
2024-11-21,50.37,50.38,49.69,50.1,28934843,1506554239.0
2024-11-22,49.95,49.95,47.59,47.66,53904398,2732774875.0
2024-11-25,47.66,48.15,46.62,47.15,34825244,1716881201.0
2024-11-26,47.33,47.87,47.0,47.05,25269905,1246059208.0
2024-11-27,47.06,48.09,47.04,47.94,35491469,1759305997.0
2024-11-28,48.08,48.35,47.29,47.44,26474189,1315000840.0
2024-11-29,47.44,48.67,47.33,48.15,35378989,1768300585.0
2024-12-02,48.02,49.33,47.73,49.19,38367487,1950961604.0
2024-12-03,49.07,50.67,48.91,50.24,52035928,2704560598.0
2024-12-04,50.13,50.22,49.17,49.44,32394914,1676907315.0
2024-12-05,49.36,49.88,48.98,49.37,25619160,1317249678.0
2024-12-06,49.17,54.14,49.07,53.03,105503865,5727683912.0
2024-12-09,57.23,57.81,55.52,56.64,156291106,9227770822.0
2024-12-10,58.11,58.33,55.46,55.67,90935235,5346316470.0
2024-12-11,55.21,56.25,54.88,55.4,46222364,2672315535.0
2024-12-12,55.02,55.27,54.11,54.82,48225597,2746039312.0
2024-12-13,54.35,54.83,53.96,54.26,58236843,3296971933.0
2024-12-16,53.98,54.83,53.65,53.98,36168357,2043598981.0
2024-12-17,53.78,54.54,53.22,53.3,30957289,1731569860.0
2024-12-18,53.58,54.16,53.26,53.87,25541278,1431697459.0
2024-12-19,53.32,54.57,53.15,53.69,30913689,1737818038.0
2024-12-20,53.66,54.29,53.4,53.57,23471436,1315679410.0
2024-12-23,53.47,54.78,53.39,54.03,34025500,1918340353.0
2024-12-24,53.84,54.35,53.84,54.21,23649233,1331703140.0
2024-12-25,55.22,55.7,53.3,53.43,38232954,2161036321.0
2024-12-26,53.08,53.84,52.82,53.31,20462296,1137236272.0
2024-12-27,53.2,53.28,52.16,52.61,32037905,1756650116.0
2024-12-30,52.38,54.16,52.36,53.87,33545208,1873917730.0
2024-12-31,53.85,53.85,52.84,52.85,27268815,1509924465.0
2025-01-02,52.85,53.09,50.61,50.95,35081813,1886594130.0
2025-01-03,50.94,51.45,50.14,50.29,25732736,1362899260.0
2025-01-06,50.6,51.38,49.75,50.8,30660559,1618876876.0
2025-01-07,50.51,50.56,49.41,50.3,28319426,1471841339.0
2025-01-08,50.09,50.45,49.1,49.85,22650358,1175324845.0
2025-01-09,49.93,51.52,49.93,50.52,21665269,1147627683.0
2025-01-10,51.35,52.14,50.84,51.24,33453661,1798150094.0
2025-01-13,50.54,51.5,50.36,51.06,20088452,1067634276.0
2025-01-14,51.67,53.15,51.4,52.82,32668663,1790246506.0
2025-01-15,52.72,52.72,50.44,51.16,38727050,2065578447.0
2025-01-16,51.68,52.59,51.1,51.4,22088116,1190559739.0
2025-01-17,51.11,51.44,50.78,50.9,20987941,1114921400.0
2025-01-20,51.49,54.44,51.49,53.81,57883290,3231516812.0
2025-01-21,53.81,54.06,52.35,53.29,37905400,2094589728.0
2025-01-22,53.09,53.42,52.21,52.4,22344745,1223763973.0
2025-01-23,52.91,53.34,52.21,52.22,23325664,1281175321.0
2025-01-24,52.19,54.74,52.03,53.64,48068381,2684705686.0
2025-01-27,53.65,54.05,53.13,53.16,21933654,1221098269.0
2025-02-05,53.68,54.02,53.09,53.77,26988519,1510235646.0
2025-02-06,53.78,56.04,53.48,55.75,47049082,2701326518.0
2025-02-07,56.09,56.66,55.12,55.86,43621078,2540693579.0
2025-02-10,55.68,56.83,55.65,56.27,30161814,1767213338.0
2025-02-11,56.47,56.52,55.22,55.23,24211491,1400739814.0
2025-02-12,55.25,55.49,54.7,55.34,27220846,1563450645.0
2025-02-13,55.31,55.76,54.5,54.6,24749772,1414849795.0
2025-02-14,54.78,57.77,54.78,57.12,72335570,4277011221.0
2025-02-17,58.42,60.08,57.71,59.85,76688257,4728948102.0
2025-02-18,59.54,60.42,58.75,59.04,47896392,2969134655.0
2025-02-19,58.75,61.44,58.39,60.02,49371533,3083743488.0
2025-02-20,60.0,62.3,59.74,61.8,53128670,3403685653.0
2025-02-21,61.94,66.5,61.94,65.69,75372254,5036733304.0
2025-02-24,64.53,64.53,60.88,61.08,96510621,6289004446.0
2025-02-25,59.25,60.79,59.25,60.0,52598363,3288243065.0
2025-02-26,60.5,62.06,60.33,61.87,43034189,2745377078.0
2025-02-27,61.22,61.88,59.4,59.97,51139663,3217392434.0
2025-02-28,59.43,60.11,58.24,58.7,42652905,2616702063.0
2025-03-03,59.0,59.54,57.66,58.26,40376144,2466406373.0
2025-03-04,57.71,58.25,57.28,57.98,31672279,1906980815.0
2025-03-05,58.44,58.51,57.16,57.52,25860748,1552816877.0
2025-03-06,58.1,60.25,58.1,59.9,43806681,2720136680.0
2025-03-07,59.54,60.64,59.39,60.03,34912815,2186480023.0
2025-03-10,60.83,60.97,58.92,59.54,28809317,1789752477.0
2025-03-11,58.47,59.36,58.3,59.18,22514528,1379240872.0
2025-03-12,59.3,60.23,58.96,59.14,20012391,1237020006.0
2025-03-13,59.13,59.51,58.37,58.67,17031845,1042461038.0
2025-03-14,58.91,61.85,58.68,61.37,55967015,3547247555.0
2025-03-17,61.65,61.94,60.9,61.49,25984406,1663436487.0
2025-03-18,65.11,67.63,64.53,66.91,97898373,6809954748.0
2025-03-19,66.92,67.87,66.48,67.22,54903454,3841716052.0
2025-03-20,67.23,67.73,65.61,66.81,39134459,2721708477.0
2025-03-21,66.41,66.81,64.07,64.32,47039264,3177821204.0
2025-03-24,64.36,65.11,64.15,64.69,27848937,1872267727.0
2025-03-25,64.66,65.19,63.79,63.95,21148141,1415929880.0
2025-03-26,63.95,64.47,63.01,63.13,21577690,1427213299.0
2025-03-27,62.9,65.42,62.79,65.3,36547707,2450658942.0
2025-03-28,65.27,66.71,64.9,65.1,29155668,1989813284.0
2025-03-31,64.44,65.76,64.22,64.65,22671589,1530323032.0
2025-04-01,65.01,67.22,64.79,65.52,47878141,3304120345.0
2025-04-02,65.52,65.52,63.16,63.43,38346610,2555881701.0
2025-04-03,62.9,63.75,60.9,61.0,50284049,3241373898.0
2025-04-07,55.51,56.06,54.9,54.9,42101088,2413603014.0
2025-04-08,55.77,55.83,49.41,49.56,127288498,6716310436.0
2025-04-09,47.82,49.22,46.56,49.22,120709690,6003069737.0
2025-04-10,51.66,51.67,49.94,50.22,83825963,4418071958.0
2025-04-11,50.03,50.75,49.41,50.03,63119852,3290773193.0
2025-04-14,50.9,52.11,50.66,51.0,62562509,3348254490.0
2025-04-15,50.95,50.95,49.84,50.49,38832857,2031938715.0
2025-04-16,50.32,50.32,49.07,50.28,40987053,2116845802.0
2025-04-17,49.92,50.5,49.76,50.43,26699497,1398377481.0
2025-04-18,50.47,51.33,50.27,50.75,24025518,1270566975.0
2025-04-21,50.76,51.84,50.51,51.75,25889868,1384506142.0
2025-04-22,51.55,52.77,51.25,52.38,37034654,2011581532.0
2025-04-23,53.59,54.58,53.44,53.99,48797630,2743525709.0
2025-04-24,53.99,55.42,53.78,54.18,37275533,2118516760.0
2025-04-25,54.85,55.62,54.53,55.08,32632846,1870180215.0
2025-04-28,55.07,56.24,54.45,55.78,35113590,2025328949.0
2025-04-29,57.14,59.14,56.88,58.05,67722044,4098113643.0
2025-04-30,58.38,58.39,56.74,56.82,43039531,2561246235.0
2025-05-06,58.57,58.71,57.5,57.94,40910740,2468829830.0
2025-05-07,58.96,58.96,55.62,55.94,64309752,3775180609.0
2025-05-08,55.95,57.03,55.78,56.64,34488482,2027102486.0
2025-05-09,56.47,57.03,56.16,56.72,24089989,1421238277.0
2025-05-12,55.7,57.6,55.7,57.05,37304930,2205959520.0
2025-05-13,58.19,58.2,57.33,57.48,30386693,1825329067.0
2025-05-14,57.8,58.85,57.25,58.61,34142847,2066253521.0
2025-05-15,58.67,59.86,58.39,58.95,34311570,2113666550.0
2025-05-16,58.58,58.96,58.0,58.92,21007650,1282031356.0
2025-05-19,58.67,58.75,57.76,58.63,17931667,1089334022.0
2025-05-20,58.87,60.48,58.87,60.17,31864802,1988034098.0
2025-05-21,60.12,61.57,59.75,60.88,29769258,1849899022.0
2025-05-22,60.34,61.93,59.75,61.6,35359915,2196532043.0
2025-05-23,61.59,63.0,60.8,60.88,45797261,2888668363.0
2025-05-26,60.88,61.83,60.26,60.51,29521148,1831081340.0
2025-05-27,60.82,61.48,60.38,61.03,21914977,1362849034.0
2025-05-28,61.03,61.21,60.4,60.49,15864741,980667406.0
2025-05-29,60.68,63.51,60.65,63.48,42527115,2719044553.0
2025-05-30,62.79,63.41,62.31,62.31,28171565,1803769576.0
2025-06-03,62.63,63.36,62.3,63.25,24032722,1540895772.0
2025-06-04,63.23,64.19,62.82,63.89,28811339,1868210619.0
2025-06-05,63.9,63.98,62.52,63.26,24417831,1572693307.0
2025-06-06,63.26,63.36,62.5,62.79,20756394,1327950256.0
2025-06-09,63.17,64.64,62.75,63.58,33232837,2162575984.0
2025-06-10,63.59,65.07,63.38,63.67,35314261,2308557596.0
2025-06-11,64.07,64.31,63.5,63.82,25372423,1653442731.0
2025-06-12,63.83,66.52,63.53,66.43,47755525,3194078454.0
2025-06-13,66.43,68.62,66.04,66.98,56161546,3834962056.0
2025-06-16,66.57,68.08,65.34,67.17,32435887,2211286826.0
2025-06-17,67.7,68.06,65.11,65.24,36580840,2470413663.0
2025-06-18,65.05,65.73,64.26,64.46,34024258,2240627362.0
2025-06-19,64.47,64.99,63.28,63.7,25325873,1653303302.0
2025-06-20,63.75,64.26,63.58,64.04,21099073,1376564163.0
2025-06-23,63.44,64.19,62.7,64.04,25850252,1671689484.0
2025-06-24,64.36,65.58,64.36,65.58,29053135,1928100907.0
2025-06-25,65.93,66.66,65.08,66.53,24862764,1670588396.0
2025-06-26,66.23,66.23,64.28,64.44,31567730,2090934201.0
2025-06-27,64.44,65.17,64.09,64.59,19691383,1298425976.0
2025-06-30,64.48,68.34,64.36,68.24,46834337,3197226438.0
2025-07-01,67.81,70.04,67.81,69.37,34360885,2427370173.0
2025-07-02,69.64,70.03,68.64,68.87,21889138,1541968347.0
2025-07-03,68.87,69.73,68.58,69.39,22708099,1602986685.0
2025-07-04,69.39,70.3,68.72,69.48,23136591,1637993621.0
2025-07-07,69.41,69.41,67.91,68.52,21036866,1467087581.0
2025-07-08,68.32,69.54,68.24,69.07,19888448,1397239190.0
2025-07-09,68.08,69.64,67.6,68.38,23089854,1614224839.0
2025-07-10,68.49,70.04,68.49,68.82,29862153,2110353015.0
2025-07-11,72.11,75.69,71.92,75.69,81113216,6187525900.0
2025-07-14,76.04,78.02,75.75,77.12,78030080,6108719157.0
2025-07-15,77.45,79.33,77.45,78.57,45216480,3611405900.0
2025-07-16,78.16,78.95,76.9,77.32,31624768,2500287020.0
2025-07-17,77.42,79.95,77.05,79.49,41583700,3334038702.0
2025-07-18,79.68,81.57,79.68,81.04,41579552,3423582419.0
2025-07-21,81.05,81.91,79.31,81.2,49675278,4090911570.0
2025-07-22,80.57,84.31,80.45,81.22,45281369,3790521204.0
2025-07-23,82.22,83.97,81.73,82.47,48992806,4130062193.0
2025-07-24,82.08,85.36,81.93,85.36,47977765,4117033257.0
2025-07-25,85.36,89.48,84.76,87.2,61094107,5449205071.0
2025-07-28,87.81,89.89,87.13,89.89,53268026,4810498762.0
2025-07-29,91.69,97.88,88.99,96.83,94014709,9014449996.0
2025-07-30,96.74,100.56,95.41,96.98,92913994,9295907432.0
2025-07-31,94.19,96.98,93.13,94.45,98354070,9498644788.0
2025-08-01,93.79,94.57,90.62,91.24,89326337,8397691200.0
2025-08-04,91.24,91.24,87.92,90.12,63916807,5820856353.0
2025-08-05,91.15,92.37,90.77,91.53,48498304,4524512868.0
2025-08-06,91.53,93.94,91.22,91.81,52525501,4949859579.0
2025-08-07,90.71,92.15,88.36,89.49,58367873,5338845804.0
2025-08-08,88.6,89.92,87.32,88.95,42206329,3821372279.0
2025-08-11,89.09,90.75,88.89,89.51,40431874,3691080442.0
2025-08-12,89.82,90.02,88.4,89.77,37173126,3381474977.0
2025-08-13,90.36,97.62,89.91,96.27,103105177,9861040638.0
2025-08-14,97.13,100.43,95.46,96.82,80763150,8010471657.0
2025-08-15,95.71,97.43,94.84,95.95,54792951,5361910476.0
2025-08-18,95.95,97.43,94.68,95.15,62711456,6114490532.0
2025-08-19,95.32,97.13,88.31,88.56,131165425,12319742559.0
2025-08-20,87.68,90.24,87.4,90.08,82113831,7441572793.0
2025-08-21,90.56,91.57,89.48,89.97,39717015,3657657477.0
2025-08-22,90.26,92.25,89.53,92.23,58016380,5386515514.0
2025-08-25,93.64,98.11,92.9,98.09,93311762,9115287356.0
2025-08-26,97.52,97.52,94.59,94.97,67004694,6517467608.0
2025-08-27,95.56,97.12,93.6,93.6,62020093,6036968428.0
2025-08-28,93.14,94.04,90.75,93.88,58306073,5497000806.0
2025-08-29,93.97,102.0,93.82,101.35,101659553,10179550325.0
2025-09-01,102.23,109.9,99.59,109.47,101245380,10930113474.0
2025-09-02,108.9,113.6,107.48,109.89,106125769,11920451242.0
2025-09-03,109.61,110.82,106.64,108.79,71937192,7947526856.0
2025-09-04,110.15,110.57,98.09,100.02,102863435,10721558807.0
2025-09-05,100.01,106.28,98.31,105.37,80229245,8389785591.0
2025-09-08,106.33,109.77,104.75,108.51,71097532,7767481385.0
2025-09-09,106.88,110.52,103.33,104.36,64218447,6945057887.0
2025-09-10,104.1,107.31,103.8,105.21,47851765,5144666470.0
2025-09-11,97.13,103.21,95.71,102.67,100340190,10267266156.0
2025-09-12,103.61,105.26,101.36,103.48,56662117,5955282693.0
2025-09-15,103.02,106.93,103.02,104.98,51392197,5509643218.0
2025-09-16,104.49,105.47,103.54,105.03,35000928,3726544830.0
2025-09-17,104.87,108.63,103.39,107.23,49765207,5381554265.0
2025-09-18,107.4,108.81,104.06,105.4,54306896,5895425335.0
2025-09-19,105.67,107.89,103.02,106.7,50163714,5395330165.0
2025-09-22,105.97,108.44,104.74,106.97,43983582,4779804629.0
2025-09-23,106.45,107.66,100.75,102.8,64331421,6771720869.0
2025-09-24,102.06,104.17,102.06,103.05,39349193,4135949756.0
2025-09-25,102.9,106.45,102.9,105.35,52709691,5663189313.0
2025-09-26,103.06,103.3,100.07,101.31,48528522,5017475182.0
2025-09-29,101.29,103.95,99.91,103.62,46935401,4865689507.0
2025-09-30,103.62,110.5,103.57,110.27,70739544,7791722622.0
2025-10-09,110.27,112.18,108.13,111.08,55470829,6219178956.0
2025-10-10,110.03,110.05,102.86,103.08,68930865,7356582326.0
2025-10-13,96.46,99.46,96.27,98.17,70093590,6957583503.0
2025-10-14,99.47,100.3,93.85,94.42,56189084,5506647134.0
2025-10-15,94.59,98.09,93.36,97.9,42180075,4123404369.0
2025-10-16,97.9,100.83,97.11,99.48,39160445,3949543565.0
2025-10-17,99.22,99.67,94.95,95.09,39641854,3886666751.0
2025-10-20,96.56,98.97,95.97,97.34,29847710,2957685477.0
2025-10-21,98.3,100.51,97.47,100.44,33544687,3395246200.0
2025-10-22,99.7,101.27,99.13,99.32,21132156,2140772253.0
2025-10-23,99.37,100.4,98.25,100.3,22487548,2268178658.0
2025-10-24,100.89,103.7,100.36,102.18,37900400,3925070776.0
2025-10-27,108.87,109.26,103.65,104.97,71976496,7772066000.0
2025-10-28,105.12,106.58,102.27,102.33,46230959,4875566000.0
2025-10-29,101.63,105.25,101.23,104.38,45323403,4751312634.0
2025-10-30,98.93,98.93,94.95,95.54,123118577,12060746724.0
2025-10-31,95.88,98.93,95.04,97.84,65694079,6514330556.0
2025-11-03,97.87,98.31,94.3,94.9,55846710,5419149164.0
2025-11-04,94.5,94.52,91.78,92.34,54686065,5140895808.0
2025-11-05,90.69,94.2,90.69,92.83,39100692,3695270937.0
2025-11-06,92.92,94.37,92.09,94.19,29814825,2832701171.0
2025-11-07,93.51,94.31,92.53,93.35,23402294,2222382264.0
2025-11-10,93.2,93.35,90.79,91.99,40864906,3809049768.0
2025-11-11,92.92,92.92,90.8,91.05,23067973,2141520839.0
2025-11-12,91.44,92.99,90.83,90.9,34959669,3261497867.0
2025-11-13,91.74,95.38,91.05,94.95,56345813,5356491219.0
2025-11-14,94.08,95.14,93.26,93.53,31867456,3045864064.0
2025-11-17,93.51,93.51,91.25,92.29,27493232,2566670336.0
2025-11-18,92.28,92.93,90.57,90.87,28923041,2685865085.0
2025-11-19,90.87,92.82,90.33,91.74,24698138,2298933291.0
2025-11-20,92.91,94.13,91.96,92.2,24515083,2312346971.0
2025-11-21,91.59,92.85,89.08,90.36,34684075,3196614357.0
2025-11-24,91.54,92.6,90.58,92.5,32836673,3064662429.0
2025-11-25,93.81,94.1,92.56,92.83,32183223,3049686380.0
2025-11-26,93.17,94.99,92.4,93.79,33128914,3164032106.0
2025-11-27,92.04,92.04,89.79,90.76,50612497,4668477069.0
2025-11-28,90.76,91.04,89.38,89.76,31870398,2910199047.0
2025-12-01,89.96,90.85,89.57,90.85,27599507,2530956609.0
2025-12-02,90.59,90.74,87.79,88.02,43333906,3903610447.0
2025-12-03,87.7,88.1,85.81,86.25,46647670,4105128026.0
2025-12-04,86.7,88.22,86.24,88.19,30397473,2690705594.0
2025-12-05,88.84,90.05,88.12,88.98,38458131,3477451163.0
2025-12-08,89.41,90.47,88.99,90.12,36469133,3328835853.0
2025-12-09,89.97,92.85,89.62,90.73,39010211,3622415928.0
2025-12-10,90.05,91.49,88.27,91.3,29573112,2701885873.0
2025-12-11,91.53,94.16,91.31,91.94,45759605,4318081883.0
2025-12-12,92.21,92.67,90.97,92.58,47340490,4424061212.0
2025-12-15,91.35,91.94,89.57,89.78,34165715,3139061025.0
2025-12-16,89.57,90.55,87.11,87.72,28070935,2517653654.0
2025-12-17,87.97,89.67,87.34,89.17,30157676,2706502932.0
2025-12-18,88.64,90.76,88.19,89.17,28653937,2608663453.0
2025-12-19,89.57,93.21,89.08,91.02,46376162,4316390163.0
2025-12-22,90.94,92.04,89.41,89.78,35715431,3279419407.0
2025-12-23,90.16,90.35,88.92,89.2,25125527,2285873837.0
2025-12-24,89.2,90.66,88.83,89.4,25066941,2279968167.0
2025-12-25,89.46,90.56,88.87,90.5,22181970,2025605167.0
2025-12-26,90.36,92.13,90.14,91.25,25704034,2383614853.0
2025-12-29,91.18,92.04,90.21,91.05,28416907,2627438480.0
2025-12-30,90.66,91.13,89.1,90.46,30734786,2814902558.0
2025-12-31,90.46,92.32,89.22,89.22,41916589,3863086989.0
2026-01-05,89.43,94.69,89.43,93.09,72861983,6879798759.0
2026-01-06,93.64,94.99,92.64,94.74,46375706,4429732126.0
2026-01-07,94.77,97.35,94.49,96.5,53085442,5197977350.0
2026-01-08,97.26,98.33,95.48,96.63,42066945,4138387944.0
2026-01-09,97.13,99.42,95.5,97.53,50761404,5038668555.0
2026-01-12,98.43,99.42,96.07,97.13,44395155,4385655732.0
2026-01-13,100.21,104.83,100.07,102.96,92454763,9653875040.0
2026-01-14,102.91,105.31,100.4,101.78,63223922,6593727956.0
2026-01-15,101.4,104.22,100.91,101.94,36722910,3824134613.0
2026-01-16,101.96,104.63,101.28,102.67,44775203,4680154299.0
2026-01-19,102.76,104.07,98.93,100.79,47908291,4898469300.0
2026-01-20,100.28,100.7,96.34,97.9,48113085,4787947715.0
2026-01-21,97.45,99.18,96.66,97.01,38689831,3845257915.0
2026-01-22,97.45,98.1,95.05,96.07,41518786,4051345621.0
2026-01-23,96.47,97.82,95.42,96.07,38684113,3787596852.0
2026-01-26,96.32,96.44,94.31,95.2,40233886,3892617049.0
2026-01-27,95.35,96.22,93.84,94.29,38180938,3682066803.0
2026-01-28,94.5,94.79,93.15,94.2,45746814,4361090365.0
2026-01-29,94.12,97.01,93.17,96.48,53559050,5206929976.0
2026-01-30,96.32,97.23,93.71,93.71,40250593,3880794474.0
2026-02-02,93.72,94.67,91.45,91.74,36299293,3424640282.0
2026-02-03,91.94,93.36,90.98,93.12,29167558,2737181513.0
2026-02-04,92.53,94.49,91.37,94.11,33263198,3139502353.0
2026-02-05,94.59,96.93,94.5,95.59,39399820,3831110679.0
2026-02-06,94.87,97.33,94.16,96.3,35194208,3438191095.0
2026-02-09,96.86,97.22,95.55,97.15,25707333,2520440887.0
2026-02-10,97.14,100.61,96.71,99.76,42158894,4247758758.0
2026-02-11,100.26,101.19,99.42,100.54,29192048,2971878545.0
2026-02-12,101.14,104.91,100.81,103.26,52640388,5552394242.0
2026-02-13,103.25,103.25,100.19,100.31,32987519,3387576146.0
2026-02-24,102.04,102.25,98.43,98.6,32775075,3322851966.0
2026-02-25,98.53,98.97,96.68,98.29,27722980,2755559222.0
2026-02-26,97.97,98.22,96.27,96.47,24430880,2406339129.0
2026-02-27,96.35,97.53,95.66,96.47,23505883,2312395367.0
2026-03-02,94.59,96.82,94.06,94.54,33503333,3230627896.0
2026-03-03,94.81,96.42,92.21,92.28,36272286,3457126243.0
2026-03-04,91.84,92.9,90.12,90.58,29643432,2748431668.0
2026-03-05,92.0,92.69,90.42,91.0,26160347,2432056958.0
2026-03-06,90.85,92.77,90.61,91.84,26855673,2509616036.0
2026-03-09,90.26,90.34,87.7,89.67,34843968,3151014268.0
2026-03-10,91.05,93.12,90.95,92.67,28913653,2717830128.0
2026-03-11,92.82,93.46,91.07,91.43,25034089,2336521029.0
2026-03-12,91.43,92.16,89.58,90.47,27497403,2535653354.0
2026-03-13,89.72,90.71,89.3,89.45,22711092,2073395291.0
2026-03-16,89.26,90.09,87.73,89.67,27805027,2515015543.0
2026-03-17,89.9,93.1,89.69,91.01,40884070,3806093960.0
2026-03-18,91.02,92.08,90.7,92.03,23283042,2163210695.0
2026-03-19,90.56,91.29,89.81,90.15,24071676,2213257972.0
2026-03-20,90.14,92.12,89.48,89.48,25043721,2305047379.0
2026-03-23,87.91,89.1,85.73,86.41,41403770,3675514397.0
2026-03-24,88.59,92.21,88.59,92.21,75717953,6993974839.0
2026-03-25,93.15,93.44,91.52,92.55,37014110,3469706302.0
2026-03-26,92.97,94.99,92.75,93.25,37255907,3553158062.0
2026-03-27,92.43,95.74,92.34,95.48,44890014,4320570174.0
2026-03-30,94.4,95.39,93.13,95.1,36907260,3544889366.0
2026-03-31,95.23,98.64,95.23,96.56,52643950,5215321937.0
2026-04-01,98.49,102.48,96.54,102.18,79027635,8034480317.0
2026-04-02,101.39,102.96,100.68,101.57,47333217,4897475244.0
2026-04-03,99.12,99.76,97.29,98.42,45763112,4578626309.0
2026-04-07,98.45,101.64,96.88,99.71,33729558,3412666243.0
2026-04-08,102.37,102.7,99.58,102.11,46251561,4756645715.0
2026-04-09,102.1,105.99,101.36,104.53,47702937,5070197962.0
2026-04-10,104.34,105.97,103.86,104.66,32372285,3449846649.0
2026-04-13,104.14,105.11,103.27,104.05,24960897,2636691394.0
2026-04-14,105.04,105.13,102.49,104.88,31017434,3271850697.0
2026-04-15,106.6,107.05,103.79,105.16,36784649,3924413397.0
2026-04-16,105.43,106.19,103.94,104.0,34764777,3694933819.0
2026-04-17,103.35,103.42,97.71,97.83,77728200,7833958763.0
2026-04-20,97.83,98.62,96.78,98.2,37393938,3712781299.0
2026-04-21,97.94,98.42,96.08,97.01,29936684,2946365742.0
2026-04-22,96.66,98.24,96.58,97.7,27067909,2681090651.0
2026-04-23,98.35,99.68,97.34,98.62,35649196,3562530998.0
2026-04-24,97.48,99.73,96.75,98.51,31833768,3181527530.0
2026-04-27,98.39,99.6,97.61,98.95,32219614,3230776720.0
2026-04-28,108.77,108.84,106.33,108.84,53837225,5924749802.0
2026-04-29,109.26,112.71,108.2,109.44,104052161,11598965408.0
2026-04-30,108.28,109.27,104.95,107.83,59682513,6505556290.0
2026-05-06,109.88,109.99,106.31,107.29,54092239,5903886889.0
2026-05-07,108.02,110.55,107.49,109.54,48096813,5338831847.0
2026-05-08,108.29,108.47,105.03,105.13,45533569,4896194844.0
2026-05-11,104.98,107.27,103.85,107.02,53919538,5778563639.0
2026-05-12,106.31,111.39,106.05,108.6,64994069,7187971642.0
2026-05-13,108.71,109.42,106.25,107.21,35152562,3821309906.0
2026-05-14,108.28,109.63,101.39,101.4,60141319,6382539682.0
2026-05-15,103.13,104.19,101.01,101.51,39448725,4106634500.0
2026-05-18,101.29,102.19,99.73,100.45,27470882,2804949157.0
2026-05-19,100.4,102.16,99.61,100.2,28416458,2899637895.0
2026-05-20,99.81,102.91,99.62,101.48,32547313,3341902258.0
2026-05-21,101.49,105.94,101.12,102.6,58326557,6170198014.0
2026-05-22,103.73,103.8,100.97,102.35,33222712,3448079941.0
2026-05-25,101.39,102.37,99.71,100.94,31185588,3189243957.0
2026-05-26,100.4,102.72,99.03,102.48,39096909,4020846561.0
2026-05-27,102.37,102.65,99.51,101.02,37219658,3821986128.0
2026-05-28,100.87,101.37,98.24,99.22,33744141,3399183517.0
2026-05-29,100.8,103.46,99.44,101.6,57078105,5807099294.0
2026-06-01,101.63,104.39,99.26,99.99,52903280,5365645101.0
2026-06-02,99.98,100.56,96.08,99.75,38407839,3778545937.0
2026-06-03,99.37,100.3,98.0,98.85,34171358,3386230750.0
2026-06-04,98.25,99.18,96.4,96.75,33222225,3231203356.0
2026-06-05,98.38,100.24,96.03,96.56,42453191,4164376641.0
2026-06-08,95.72,97.31,94.06,96.0,45845575,4372314526.0
2026-06-09,93.88,93.88,88.32,93.48,82447808,7550307899.0
2026-06-10,93.35,97.36,93.2,97.04,57646627,5540197469.0
2026-06-11,96.01,97.6,95.53,97.07,32918052,3180116040.0
2026-06-12,97.5,99.9,95.09,99.71,61270023,6018412066.0
2026-06-15,99.1,99.76,97.84,99.37,36769909,3629094737.0
2026-06-16,98.83,100.0,98.0,98.16,27170294,2679769120.0
2026-06-17,98.26,98.79,96.5,98.2,27350461,2675453909.0
2026-06-18,97.8,104.33,97.72,102.72,56942278,5799270625.0
2026-06-22,103.16,106.97,101.7,106.83,57196228,5970628411.0
2026-06-23,107.0,109.36,105.76,106.31,52508444,5647999258.0
2026-06-24,106.9,116.94,106.9,115.4,109805764,12565506854.0
2026-06-25,114.0,118.5,113.23,117.22,76434366,8889580290.0
2026-06-26,119.0,121.07,116.96,118.18,68494200,8135339308.0
2026-06-29,117.21,126.8,116.8,126.17,103053482,12743790053.0
2026-06-30,125.0,126.8,123.0,124.51,79375930,9910470507.0
2026-07-01,123.0,126.66,115.58,125.2,112476780,13555146904.0
2026-07-02,123.85,129.15,121.0,121.3,84469887,10463369502.0
2026-07-03,123.6,125.06,119.52,124.12,71282233,8753818153.0
2026-07-06,123.01,128.05,122.0,122.97,92169753,11519021401.0
2026-07-07,120.5,122.95,118.01,118.3,66594733,7981712118.0
2026-07-08,118.39,120.25,115.31,115.4,50987524,5974122282.0
2026-07-09,115.01,121.43,114.52,121.07,58321665,6939668543.0
2026-07-10,120.0,126.73,120.0,123.3,68307583,8472889065.0
2026-07-13,123.21,124.2,119.26,120.24,55387630,6711403748.0
2026-07-14,118.88,127.75,117.92,127.51,75092356,9326276586.0
2026-07-15,127.62,135.17,127.62,131.5,114997732,15180998366.0
2026-07-16,128.2,131.4,125.0,127.0,83702202,10692844028.0
2026-07-17,126.79,127.99,117.7,117.89,86148284,10414951862.0
2026-07-20,117.74,124.78,117.01,124.22,69194022,8484725455.0
2026-07-21,126.0,126.83,120.8,126.45,64827986,8016853067.0
2026-07-22,125.12,130.9,124.41,125.9,60258822,7713833187.0
2026-07-23,126.0,129.18,124.22,127.45,46844542,5932335189.0
2026-07-24,127.45,128.45,123.66,125.0,44375591,5571207583.0
2026-07-27,127.0,128.0,122.17,124.66,44704914,5590958604.0
2026-07-28,123.3,125.25,122.17,123.02,33476678,4125142841.0
2026-07-29,127.78,127.8,123.25,126.5,54776505,6917897345.0
2026-07-30,126.6,126.63,121.41,125.48,56017288,6936511648.0
2026-07-31,123.0,130.23,122.5,128.43,57079282,7285951591.0
2026-08-03,129.2,132.38,126.15,128.5,62389016,8018938736.0
2026-08-04,137.49,141.35,136.2,141.35,74705907,10502734978.0
2026-08-05,143.96,150.0,141.47,147.5,134475495,19740160899.0
2026-08-06,148.82,149.37,141.45,142.7,77509417,11197821427.0
