timestamps,open,high,low,close,volume,amount
2012-04-11,19.51,20.25,19.35,19.75,14197304,281480500
2012-04-12,19.3,19.6,19.15,19.47,8371518,162046500
2012-04-13,19.35,19.85,19.32,19.74,6789621,132960300
2012-04-16,19.7,19.85,19.38,19.45,4084869,80011700
2012-04-17,19.4,19.54,18.88,18.88,4486055,85410900
2012-04-18,18.88,19.16,18.8,19.12,3279373,62331900
2012-04-19,19.04,19.19,18.89,18.97,2420393,46124300
2012-04-20,19.03,19.12,18.91,19.04,2177565,41416300
2012-04-23,18.95,19.04,18.32,18.37,3587513,66878500
2012-04-24,18.19,18.45,17.75,18.14,2768661,49957200
2012-04-25,18.03,18.16,17.87,18.09,1728854,31150400
2012-04-26,18.1,18.32,18.06,18.12,1593611,29013300
2012-04-27,18.03,18.27,17.95,18.14,1081516,19613400
2012-05-02,18,18.18,17.78,18.15,3393041,61061300
2012-05-03,18.03,18.14,17.9,17.99,1456146,26189600
2012-05-04,17.92,18.12,17.92,18.03,1507673,27158400
2012-05-07,18.07,18.21,17.95,18.2,1659643,30050700
2012-05-08,18.24,18.37,18.16,18.33,1688799,30867100
2012-05-09,18.25,18.26,17.99,18,1589116,28741100
2012-05-10,18,18.07,17.91,18.01,937657,16882700
2012-05-11,18,18.09,17.93,17.98,627898,11311100
2012-05-14,18.05,18.07,17.88,17.89,912423,16382700
2012-05-15,17.83,17.83,17.47,17.55,1873061,33007700
2012-05-16,17.53,17.56,17.22,17.23,1278869,22217700
2012-05-17,17.24,17.43,17.2,17.35,1004523,17388300
2012-05-18,17.27,17.32,17.16,17.21,1002141,17260300
2012-05-21,17.2,17.27,16.89,16.96,1187500,20220400
2012-05-22,17.01,17.13,17,17.11,651296,11121700
2012-05-23,17.12,17.3,17.1,17.23,904767,15567400
2012-05-24,17.28,17.69,17.16,17.32,1661646,29021400
2012-05-25,17.32,17.39,17,17,998000,17092400
2012-05-28,17.01,17.11,16.82,17.1,715065,12142500
2012-05-30,17.29,17.55,17.28,17.36,1420484,24715800
2012-05-31,17.29,17.5,17.22,17.34,825675,14355900
2012-06-01,17.39,17.44,17.17,17.21,818459,14125900
2012-06-04,17,17.09,16.9,16.92,784573,13320400
2012-06-05,16.95,17.03,16.88,16.9,390337,6611000
2012-06-06,17,17.05,16.81,16.88,428242,7243600
2012-06-07,16.99,17.05,16.8,16.82,514945,8712400
2012-06-08,17.02,17.02,16.82,16.95,485995,8220000
2012-06-11,16.98,17.1,16.9,17.09,553851,9422700
2012-06-12,17.04,17.11,16.95,16.98,532449,9057200
2012-06-13,16.95,17.15,16.95,17.14,545980,9315800
2012-06-14,17.11,17.28,17.07,17.17,717552,12343100
2012-06-15,17.22,17.24,16.98,17.1,526793,9004800
2012-06-19,17.28,17.5,17.19,17.32,1774619,30884700
2012-06-20,17.33,17.42,17.2,17.22,767580,13262600
2012-06-21,17.29,17.42,17.22,17.36,919815,15944900
2012-06-25,17.48,17.49,16.94,17,1058788,18236400
2012-06-26,9.18,9.55,9.18,9.47,654024,6149900
2012-06-27,9.44,9.46,9.02,9.05,1827829,16800000
2012-06-28,9.09,9.14,8.69,8.7,2014998,17849700
2012-06-29,8.69,8.88,8.52,8.79,1286930,11162100
2012-07-02,8.86,8.87,8.65,8.73,1262315,11006100
2012-07-03,8.65,8.99,8.65,8.94,1885053,16618900
2012-07-04,8.9,9.28,8.9,9.2,3208778,29150700
2012-07-05,9.1,9.3,9,9.25,2020800,18494800
2012-07-06,9.24,9.35,9.04,9.21,2064662,18979300
2012-07-09,9.15,9.15,8.91,8.99,1297694,11719400
2012-07-10,8.98,9.12,8.94,9.01,1394847,12625100
2012-07-11,9.04,9.04,8.7,8.76,1235522,10937000
2012-07-12,8.78,8.84,8.43,8.52,2423465,20664300
2012-07-13,8.5,8.62,8.4,8.42,1102393,9384500
2012-07-16,8.42,8.43,7.58,7.58,4841200,37440800
2012-07-17,7.51,7.51,7.01,7.12,4650128,33336400
2012-07-18,7.12,7.18,7.03,7.15,1890673,13432600
2012-07-19,7.15,7.32,7.15,7.24,1585897,11478400
2012-07-20,7.24,7.25,7.12,7.13,1217286,8720100
2012-07-23,7.05,7.12,7.04,7.08,839462,5937800
2012-07-24,7.06,7.16,7,7.12,858080,6078600
2012-07-25,7.06,7.27,7.02,7.14,1176300,8435700
2012-07-26,7.18,7.18,7.04,7.06,905508,6410400
2012-07-27,7.1,7.15,7.03,7.08,505647,3580900
2012-07-30,7.05,7.11,6.56,6.61,2402580,16216400
2012-07-31,6.61,6.61,6.29,6.32,2591847,16504900
2012-08-01,6.32,6.43,6.28,6.33,2017461,12818300
2012-08-02,6.35,6.42,6.25,6.34,1720079,10886500
2012-08-03,6.32,6.66,6.28,6.59,3976690,25564700
2012-08-06,6.52,6.63,6.44,6.62,3046916,19913400
2012-08-07,6.58,6.98,6.57,6.73,3697994,24825200
2012-08-08,6.72,6.8,6.66,6.67,2179339,14594600
2012-08-09,6.68,6.76,6.57,6.76,2556781,17123400
2012-08-10,6.75,7.18,6.73,7.06,6725163,46808200
2012-08-13,7.05,7.37,7,7.03,7937288,57089100
2012-08-14,6.96,7.02,6.72,6.9,3603035,24622200
2012-08-15,6.89,7.08,6.81,7.01,2692867,18779400
2012-08-16,7,7.03,6.88,6.89,1196830,8323900
2012-08-17,6.86,7,6.84,6.91,1225598,8476300
2012-08-20,6.89,6.96,6.81,6.93,951169,6539900
2012-08-21,6.94,7.05,6.89,7.01,2309155,16114200
2012-08-22,7,7,6.82,6.85,1455519,10041600
2012-08-23,6.88,6.95,6.77,6.94,1936694,13236400
2012-08-24,6.89,6.9,6.69,6.76,1602221,10851300
2012-08-27,6.74,6.74,6.45,6.5,1493505,9752900
2012-08-28,6.5,6.6,6.47,6.55,764716,5006600
2012-08-29,6.54,6.69,6.51,6.59,1002805,6655300
2012-08-30,6.59,6.68,6.4,6.55,1219434,7952400
2012-08-31,6.58,6.65,6.45,6.52,877010,5746100
2012-09-03,6.52,6.6,6.48,6.6,840361,5516100
2012-09-04,6.6,6.62,6.36,6.4,1776600,11514800
2012-09-05,6.44,6.51,6.34,6.45,1065476,6837900
2012-09-06,6.45,6.59,6.44,6.58,1350297,8796900
2012-09-07,6.57,6.87,6.53,6.86,4622167,31241500
2012-09-10,6.8,7.09,6.75,7.04,4790837,33146200
2012-09-11,7.02,7.02,6.9,6.97,2478075,17233000
2012-09-12,7.05,7.05,6.91,6.97,1821281,12695100
2012-09-13,6.99,7.37,6.95,6.99,6311153,45123400
2012-09-14,7,7.03,6.8,6.89,3432537,23691100
2012-09-17,6.88,6.88,6.55,6.58,2470273,16522800
2012-09-18,6.62,6.64,6.54,6.56,1375079,9058000
2012-09-19,6.56,6.62,6.5,6.6,833409,5476000
2012-09-20,6.6,6.6,6.38,6.39,1425393,9228000
2012-09-21,6.39,6.55,6.36,6.51,1159035,7449900
2012-09-24,6.45,6.64,6.33,6.6,1126874,7304100
2012-09-25,6.53,6.6,6.44,6.49,601141,3914600
2012-09-26,6.46,6.51,6.26,6.41,1136248,7215500
2012-09-27,6.35,6.65,6.3,6.6,1791241,11663400
2012-09-28,6.5,6.63,6.5,6.6,1814141,11900700
2012-10-08,6.59,6.6,6.45,6.5,1156703,7514800
2012-10-09,6.5,6.67,6.5,6.65,3441624,22714500
2012-10-10,6.61,6.73,6.56,6.7,2946161,19602700
2012-10-11,6.64,6.64,6.45,6.48,2947789,19320200
2012-10-12,6.48,6.54,6.32,6.5,2808948,18034200
2012-10-15,6.46,6.46,6.3,6.34,1250909,7956200
2012-10-16,6.31,6.5,6.31,6.48,2184784,14006700
2012-10-17,6.44,6.55,6.36,6.53,2756411,17748900
2012-10-18,6.48,6.59,6.47,6.57,3885038,25452500
2012-10-19,6.56,6.61,6.51,6.53,2416184,15830500
2012-10-22,6.5,6.68,6.4,6.67,4053443,26481700
2012-10-23,6.7,6.9,6.55,6.55,4335899,28973900
2012-10-24,6.52,6.82,6.51,6.79,4859927,32569800
2012-10-25,6.74,7.09,6.74,7,9437010,65390500
2012-10-26,7.03,7.03,6.58,6.7,5640605,38381800
2012-10-29,6.72,6.9,6.67,6.82,4062748,27575700
2012-10-30,6.76,6.79,6.61,6.65,2880172,19231900
2012-10-31,6.58,6.6,6.47,6.52,2525042,16478500
2012-11-01,6.54,6.64,6.54,6.64,1308076,8642200
2012-11-02,6.62,6.66,6.53,6.58,1773704,11662300
2012-11-05,6.6,6.61,6.5,6.59,1434321,9398500
2012-11-06,6.67,6.69,6.51,6.64,1449427,9556700
2012-11-07,6.64,6.82,6.62,6.81,2884382,19411800
2012-11-08,6.76,6.76,6.49,6.5,2821456,18578600
2012-11-09,6.48,6.53,6.43,6.45,957318,6190200
2012-11-12,6.5,6.55,6.32,6.54,1748491,11247500
2012-11-13,6.48,6.48,6.35,6.44,1042665,6686300
2012-11-14,6.41,6.5,6.33,6.48,837266,5368100
2012-11-15,6.45,6.6,6.36,6.54,1362091,8819000
2012-11-16,6.48,6.6,6.45,6.56,1595295,10440000
2012-11-19,6.55,6.66,6.55,6.64,1556396,10290000
2012-11-20,6.66,6.68,6.58,6.59,967412,6404300
2012-11-21,6.58,6.65,6.45,6.58,1053891,6876600
2012-11-22,6.5,6.53,6.4,6.46,1190509,7684000
2012-11-23,6.5,6.51,6.43,6.48,580320,3759900
2012-11-26,6.47,6.49,6.39,6.45,668659,4301700
2012-11-27,6.41,6.58,6.27,6.51,2051432,13110800
2012-11-28,6.42,6.43,6.28,6.28,1101200,6961600
2012-11-29,6.29,6.3,6.01,6.01,1393184,8531600
2012-11-30,6.03,6.13,6,6.02,747579,4519500
2012-12-03,6.01,6.06,5.68,5.71,1148668,6700700
2012-12-04,5.73,5.95,5.59,5.94,1374830,7903200
2012-12-05,5.86,6.21,5.86,6.14,1993862,12156800
2012-12-06,6.13,6.19,6.05,6.14,906727,5531200
2012-12-07,6.14,6.51,6.09,6.49,2391740,15110700
2012-12-10,6.48,6.57,6.36,6.44,3124094,20205200
2012-12-11,6.47,6.5,6.36,6.36,1264024,8113100
2012-12-12,6.41,6.45,6.26,6.4,1301082,8267800
2012-12-13,6.4,6.72,6.33,6.68,6757257,44696600
2012-12-14,6.68,6.93,6.62,6.84,8094809,55044200
2012-12-17,6.82,7.04,6.7,6.9,6628849,45518500
2012-12-18,6.9,7.04,6.75,6.82,5361000,36843100
2012-12-19,6.9,6.94,6.76,6.79,3302474,22576700
2012-12-20,7,7.2,6.78,6.85,10329387,72357300
2012-12-21,6.72,6.78,6.58,6.62,5399139,36050400
2012-12-24,6.61,6.7,6.57,6.62,3156351,20877200
2012-12-25,6.61,6.75,6.54,6.74,3686574,24626700
2012-12-26,6.72,6.89,6.7,6.84,3008614,20529700
2012-12-27,6.84,6.91,6.68,6.69,2798918,18993700
2012-12-28,6.6,6.8,6.59,6.76,3785874,25364500
2012-12-31,6.8,6.9,6.76,6.8,2799772,19078200
2013-01-04,6.91,7.48,6.91,7.48,8263951,61071700
2013-01-07,8,8.23,7.88,8.23,24551982,198317100
2013-01-08,8.55,8.99,8.38,8.71,38499294,332853700
2013-01-09,8.6,8.76,8.28,8.4,19682182,166676700
2013-01-10,8.41,9.24,8.41,9.24,14519458,129891700
2013-01-11,9.8,10.16,9.46,9.66,54672641,538283900
2013-01-14,9.55,9.71,9.1,9.62,34841301,328413400
2013-01-15,9.35,10.17,9.24,9.65,35121708,341558500
2013-01-16,9.95,10.1,9.39,9.43,25797500,252013700
2013-01-17,9.2,9.67,9.1,9.39,16827511,158217400
2013-01-18,9.24,9.46,8.81,9.2,16277104,147776300
2013-01-21,9.1,9.22,8.87,8.91,13205364,119034500
2013-01-22,8.91,9.08,8.48,8.6,16120085,142111000
2013-01-23,8.62,8.92,8.52,8.83,13134134,114803100
2013-01-24,8.82,8.88,8.33,8.58,14511521,125053500
2013-01-25,8.49,8.58,8.32,8.54,7395335,62600200
2013-01-28,8.43,8.74,8.42,8.72,9908694,85194500
2013-01-29,8.61,8.72,8.43,8.71,10916504,93510400
2013-01-30,8.88,8.88,8.5,8.55,8668307,74790400
2013-01-31,8.46,8.48,8.18,8.29,7227930,59989900
2013-02-01,8.35,8.53,8.27,8.44,7646950,64259700
2013-02-04,8.4,8.45,8.01,8.06,7799849,63752200
2013-02-05,8.06,8.25,8.02,8.17,3327261,27130200
2013-02-06,8.17,8.54,8.13,8.31,7774110,64898300
2013-02-07,8.31,8.35,8.18,8.34,4037419,33291600
2013-02-08,8.34,8.5,8.29,8.35,4719727,39702300
2013-02-18,8.46,8.9,8.46,8.82,13973891,121690800
2013-02-19,8.73,8.77,8.48,8.53,8508093,73177400
2013-02-20,8.5,8.61,8.37,8.59,5515071,46789100
2013-02-21,8.5,8.72,8.22,8.25,7083707,60339600
2013-02-22,8.25,8.38,8.18,8.23,5031250,41595200
2013-02-25,8.25,8.42,8.2,8.38,6530877,54138200
2013-02-26,8.37,8.5,7.95,8.04,6689976,55322500
2013-02-27,8.03,8.12,7.9,8,5121918,40992900
2013-02-28,8.02,8.68,8.02,8.55,13677708,115138300
2013-03-01,8.5,8.59,8.36,8.55,8250775,69712300
2013-03-04,8.56,8.79,8.35,8.47,11225904,96405200
2013-03-05,8.49,8.68,8.35,8.62,6731837,57616200
2013-03-06,8.63,9,8.55,8.91,12713399,112356500
2013-03-07,8.81,9.01,8.55,8.66,9899253,86782300
2013-03-08,8.62,8.72,8.43,8.48,4764741,40710000
2013-03-11,8.45,8.58,8.27,8.31,3625084,30513300
2013-03-12,8.33,8.39,8,8.11,4656515,37962800
2013-03-13,8.06,8.16,7.91,7.98,2735462,21910000
2013-03-14,7.99,8.06,7.94,8.04,2012460,16099600
2013-03-15,8.03,8.03,7.54,7.8,5828944,45297900
2013-03-18,7.71,7.79,7.5,7.56,4534969,34347700
2013-03-19,7.54,7.58,7.3,7.45,4104930,30463400
2013-03-20,7.35,7.85,7.33,7.79,6731835,51072600
2013-03-21,7.52,7.91,7.45,7.88,8608369,66285500
2013-03-22,7.81,7.85,7.63,7.72,5453782,42312000
2013-03-25,7.64,7.8,7.54,7.79,3629987,28012700
2013-03-26,7.75,7.87,7.7,7.83,3746093,29151000
2013-03-27,7.85,7.86,7.52,7.65,4732455,36288800
2013-03-28,7.56,7.56,7.31,7.32,2746583,20296900
2013-03-29,7.32,7.5,7.18,7.23,1830321,13406800
2013-04-01,7.15,7.36,7.07,7.28,2242154,16238500
2013-04-02,7.29,7.36,7.03,7.06,2694744,19311800
2013-04-03,7.04,7.13,7.04,7.07,1504886,10643200
2013-04-08,6.95,6.97,6.76,6.89,2889766,19822400
2013-04-09,6.89,7.3,6.89,7.28,6625550,47400400
2013-04-10,8.01,8.01,8.01,8.01,16872084,135145400
2013-04-11,8.16,8.34,8,8.18,23719394,194268800
2013-04-12,8.1,8.11,7.71,7.91,11713972,92075200
2013-04-15,7.72,7.75,7.49,7.58,8471041,64409300
2013-04-16,7.45,7.61,7.4,7.56,5795468,43514100
2013-04-17,7.55,7.64,7.54,7.62,5669498,42989300
2013-04-18,7.5,7.59,7.33,7.38,5928843,44186400
2013-04-19,7.34,7.56,7.34,7.53,3637048,27306100
2013-04-22,7.4,7.66,7.39,7.66,4826819,36554100
2013-04-23,7.63,7.92,7.55,7.9,9641215,74557900
2013-04-24,7.91,7.95,7.73,7.9,5712451,44692000
2013-04-25,7.87,7.95,7.73,7.82,6431548,50444400
2013-04-26,7.78,7.84,7.33,7.44,6835724,51274300
2013-05-02,7.49,7.64,7,7.47,2462689,18422500
2013-05-03,7.45,7.68,7.45,7.65,3979612,30256300
2013-05-06,7.3,7.49,7.25,7.43,6525200,48066100
2013-05-07,7.35,7.8,7.33,7.49,6199007,46718400
2013-05-08,7.49,7.6,7.39,7.59,4078781,30687900
2013-05-09,7.57,7.68,7.2,7.43,7274172,54675400
2013-05-10,7.38,7.48,7.29,7.43,4189190,30992400
2013-05-13,7.48,7.53,7.35,7.38,3418685,25331300
2013-05-14,7.41,7.89,7.39,7.67,13803688,106073500
2013-05-15,7.58,8.1,7.51,8.01,14181002,110553000
2013-05-16,8,8.57,7.98,8.15,18054320,150015800
2013-05-17,8.09,8.5,7.94,8.32,11926615,98135900
2013-05-20,8.18,9,8.13,8.82,16014770,137883500
2013-05-21,9.7,9.7,9.56,9.7,19637949,190470100
2013-05-22,10,10.62,9.81,10.09,36240013,366894900
2013-05-23,9.35,9.95,9.28,9.74,18793843,181046800
2013-05-24,9.75,10.08,9.56,10.04,15569743,153549800
2013-05-27,9.9,10.06,9.47,9.85,21986486,213814300
2013-05-28,9.71,10.2,9.5,9.64,15887746,156634000
2013-05-29,9.52,9.89,9.41,9.69,9766186,94158100
2013-05-30,9.5,9.7,9.36,9.39,9121405,86659600
2013-05-31,9.32,9.52,9.1,9.11,8201233,76104900
2013-06-03,9.03,9.42,9.03,9.41,9836293,91000100
2013-06-04,9.37,9.63,9.03,9.55,13295430,125718000
2013-06-05,9.49,9.49,9.09,9.27,5592223,51828900
2013-06-06,9.09,9.4,8.96,9.11,7542876,69230400
2013-06-07,9.14,9.14,8.21,8.4,13721019,117806400
2013-06-13,8.36,8.9,8.25,8.78,12148219,104159500
2013-06-14,8.64,9.16,8.63,8.98,8117499,72617000
2013-06-17,9.21,9.69,8.99,9.36,18176032,169120300
2013-06-18,9.38,9.64,9.13,9.56,9832571,92416000
2013-06-19,9.31,9.6,9.24,9.42,5247638,49263000
2013-06-20,9.42,9.42,8.6,8.69,10347007,93430600
2013-06-21,8.48,9.56,8.4,9.55,18106131,165518400
2013-06-24,9.77,9.85,9.12,9.33,16610845,159229400
2013-06-25,9.15,9.94,8.63,9.8,18029402,167543400
2013-06-26,9.78,10.38,9.57,10.34,25766078,259920600
2013-06-27,10.34,10.78,9.57,9.81,23119471,236616500
2013-06-28,9.64,10.13,9.32,9.52,16030334,156726100
2013-07-01,9.25,9.9,9.12,9.76,9073648,86050800
2013-07-02,9.7,10.22,9.61,10.12,9985915,100151800
2013-07-03,9.96,10.47,9.74,10.2,13415830,135442600
2013-07-04,10,10.3,9.86,9.95,9737474,97782600
2013-07-05,9.86,9.95,9.39,9.44,11450465,110364600
2013-07-08,9.28,9.7,9.18,9.3,7587075,71567900
2013-07-09,9.24,9.44,8.87,9.06,9027268,81548600
2013-07-10,9.01,9.53,8.91,9.45,6165516,57190900
2013-07-11,9.43,9.87,9.4,9.63,7427299,71839500
2013-07-12,10,10.35,9.75,10.21,16576637,167679100
2013-07-15,10.22,10.73,10.01,10.5,16219232,168788800
2013-07-16,10.91,11.55,10.91,11.55,33663256,384075900
2013-07-17,11.35,11.62,11.21,11.41,17825621,203924700
2013-07-18,11.22,11.86,11.06,11.57,11000759,125493900
2013-07-19,11.38,12.25,11.13,11.25,18478657,218421400
2013-07-22,11.3,11.88,11.25,11.79,8570113,99144200
2013-07-23,11.77,12.37,11.6,12.34,14022656,168859400
2013-07-24,12.35,12.37,11.96,12.11,6402034,77910500
2013-07-25,12.05,12.23,11.3,11.87,9638509,113991800
2013-07-26,11.73,11.95,11.5,11.86,6336747,74290000
2013-07-29,12.5,12.5,11.57,11.59,11003766,132110500
2013-07-30,11.39,11.6,11.03,11.25,6068010,68694400
2013-07-31,11.25,12.01,11.25,11.57,4426594,51640900
2013-08-01,11.5,12.15,11.5,11.88,4374074,51701500
2013-08-02,12.1,12.25,11.84,11.87,4434364,53598200
2013-08-05,11.8,12.25,11.7,11.93,7120139,86107600
2013-08-06,11.99,12.12,11.8,12.07,4445106,53287300
2013-08-07,12.16,12.95,11.87,12.69,10393335,129669900
2013-08-08,12.7,13.96,12.58,13.96,15648592,210614200
2013-08-09,14.57,14.57,13.91,14.34,15948691,227195400
2013-08-12,14.21,14.4,13.95,14,11412636,161300400
2013-08-13,14.2,14.68,13.54,14.13,10794572,152101000
2013-08-14,13.91,14.2,13.64,13.88,6582779,91369400
2013-08-15,13.78,14.28,13.48,14.09,8119560,112914400
2013-08-16,13.96,14.12,13.2,13.51,7345291,101083400
2013-08-19,13.21,13.95,13.21,13.72,4662355,63997200
2013-08-20,13.79,14.33,13.65,13.93,4263191,59939600
2013-08-21,13.93,15.13,13.9,14.89,9760795,142460700
2013-08-22,14.66,15.51,14.61,15.16,9312879,140750000
2013-08-23,14.9,15.52,14.55,14.94,5210846,78582600
2013-08-26,14.85,15,14.61,14.94,4349800,64463100
2013-08-27,14.93,14.94,14.43,14.76,4758812,69583600
2013-08-28,14.69,14.94,14.22,14.49,5060429,73677600
2013-08-29,14.5,14.89,14.3,14.8,3307320,48478100
2013-08-30,14.81,15.72,14.46,15.3,8204376,125388700
2013-09-02,15.47,15.79,14.1,14.37,11399892,166476800
2013-09-03,14.28,14.95,14,14.65,5055475,73836100
2013-09-04,14.6,15.35,14.48,15.09,5529366,82743800
2013-09-05,15.1,15.5,14.9,15.18,4822178,73450600
2013-09-06,15.12,15.22,14.68,14.79,2973485,44072100
2013-09-09,14.79,14.85,13.6,14.05,9287367,130856800
2013-09-10,13.98,14.42,13.79,14.36,4193745,59498400
2013-09-11,14.3,14.37,13.5,13.52,5836951,80190000
2013-09-12,13.45,13.95,13.32,13.44,5301366,72624500
2013-09-13,13.48,13.85,13.4,13.7,4176427,57277200
2013-09-16,13.71,15.07,13.65,15.07,9021686,133035700
2013-09-17,14.95,15.2,14.66,15.07,5370127,80416200
2013-09-18,15.07,16.25,14.72,15.81,7388930,115188200
2013-09-23,15.83,16.26,15.52,15.91,6224868,98869000
2013-09-24,15.77,16.16,15.29,15.3,5420585,84268900
2013-09-25,15.28,15.9,15.25,15.31,4538845,70940700
2013-09-26,15.3,15.91,14.8,15.05,5049489,77141300
2013-09-27,15.08,16.09,14.92,15.95,7055970,110547100
2013-09-30,16.08,17.19,16.08,16.83,8305666,138855800
2013-10-08,16.61,18.51,16.59,18.51,8784937,157225900
2013-10-09,18.5,18.69,17.92,18.46,6470954,117666600
2013-10-10,18.06,19.05,18.06,18.99,8739063,161963000
2013-10-11,18.6,19.1,18.28,18.62,6039611,113018200
2013-10-14,18.47,18.5,17.6,18.07,6613155,119397400
2013-10-15,18.02,18.59,17.75,18.1,4818729,87158500
2013-10-16,18.63,18.88,17.1,17.17,5370889,96068500
2013-10-17,17.39,18.3,17.23,17.52,7437546,132570400
2013-10-18,17.51,17.88,17.08,17.5,3079969,53579800
2013-10-21,17.4,18.98,17.32,18.92,8883448,163592400
2013-10-22,18.97,19.35,18.16,18.42,6726510,126186600
2013-10-23,18.55,18.65,16.58,16.58,7690231,131925500
2013-10-24,15.96,17.17,15.96,16.41,5222978,86429000
2013-10-25,16.2,16.99,14.9,16.03,8246929,130193500
2013-10-28,16,16.99,15.77,16.93,6311574,104035000
2013-10-29,16.91,16.91,15.24,16.65,7804233,123469800
2013-10-30,16.59,16.59,15.9,16.32,4315523,70217700
2013-10-31,16.19,16.19,15,15.17,5887521,90570500
2013-11-01,15.25,15.77,14.43,15.58,9058874,136711700
2013-11-04,15.6,16.1,15.51,16.02,5769645,91423000
2013-11-05,16.25,17.18,16.03,16.8,6897141,114757700
2013-11-06,16.8,18.45,16.65,17.62,9149421,163321900
2013-11-07,17.62,18.4,17.2,17.37,6777667,120692800
2013-11-08,17.05,17.2,15.78,16.44,5451590,90012300
2013-11-11,16.26,17.1,16.02,16.8,3860103,64176600
2013-11-12,16.8,17.73,16.8,17.17,4199553,72836500
2013-11-13,17.1,17.1,16.15,16.25,3064427,50731300
2013-11-14,16.39,17,16.31,16.76,3401974,56843000
2013-11-15,16.51,17.5,16.51,16.9,4961786,84282900
2013-11-18,16.9,17.85,16.57,17.74,4774969,82437800
2013-11-19,17.52,18.18,17.52,17.81,3591924,64174100
2013-11-20,17.83,17.99,17.25,17.89,2852379,50115300
2013-11-21,17.55,17.85,17.41,17.64,2347486,41434500
2013-11-22,17.6,17.76,16.42,16.86,5653653,95748500
2013-11-25,16.67,16.67,16.24,16.3,3319030,54444600
2013-11-26,16.3,16.62,15.87,16.58,3240613,52750600
2013-11-27,16.58,17.03,16.36,16.68,4232483,70475100
2013-11-28,16.68,16.87,16.28,16.63,4805386,79255600
2013-11-29,16.49,16.65,15.95,16.31,9204677,148840300
2013-12-02,15.88,16.95,15.56,15.89,4942485,78520700
2013-12-03,15.7,16.35,15.64,16.31,3575459,57502900
2013-12-04,16.2,16.8,16.2,16.56,3857303,64054800
2013-12-05,16.45,16.6,15.8,16.02,4056540,65279500
2013-12-06,15.9,16,14.92,15.7,8326041,128438900
2013-12-09,15.61,15.63,15.08,15.34,5030241,76679000
2013-12-10,15.36,15.64,15.2,15.53,4810487,74279200
2013-12-11,15.72,15.72,14.78,14.94,6022751,90727700
2013-12-12,14.83,15.25,14.69,14.95,3303179,49348300
2013-12-13,14.98,15.25,14.7,15.19,4318095,64347100
2013-12-16,15.08,15.45,14.92,15.41,4604726,70204000
2014-01-13,14.78,16.17,14.7,14.92,7562663,116671200
2014-01-14,14.75,15.64,14.75,15.34,3825639,58538000
2014-01-15,15.65,16.6,15.4,16.58,8639977,139725600
2014-01-16,16.6,17.13,16.6,16.76,5697603,96444500
2014-01-17,16.8,16.86,16.4,16.52,2941394,48669700
2014-01-20,16.5,16.66,16,16.43,3847574,62559600
2014-01-21,16.4,16.68,16.17,16.46,1109692,18244500
2014-01-22,16.47,16.99,16.46,16.85,2919106,49089300
2014-01-23,16.77,17.83,16.77,17.44,7154793,124469600
2014-01-24,17.25,18.17,17.25,17.56,6360173,113231600
2014-01-27,17.28,17.28,16.33,16.38,6808234,114021300
2014-01-28,16.4,16.55,15.9,16,3975906,64210500
2014-01-29,16.04,16.33,15.93,16.25,2532322,41126900
2014-01-30,16.3,16.3,15.31,15.4,3808247,59122600
2014-02-07,15.4,15.75,15.2,15.42,2434249,37798400
2014-02-10,15.3,16.21,15.27,16.15,5847968,92450200
2014-02-11,16.15,16.98,16.03,16.95,7905336,131776900
2014-02-12,16.95,16.96,16.36,16.76,5952268,98558800
2014-02-13,16.69,16.69,16.18,16.2,4710626,77156100
2014-02-14,16.2,16.43,15.74,15.92,6039735,96610000
2014-02-17,15.85,16.6,15.36,16.42,11789493,186453900
2014-02-18,16.25,16.42,15.8,16.11,6696878,107734500
2014-02-19,15.99,16,15.56,15.84,5188315,81788000
2014-02-20,15.84,15.91,15.42,15.44,4265672,66639200
2014-02-21,15.5,15.63,14.99,15.14,5332790,81207900
2014-02-24,15.18,15.18,14.01,14.48,7869471,114036700
2014-02-25,14.51,14.7,13.03,13.03,9073374,125726800
2014-02-26,13.2,13.58,12.66,12.99,8369461,108841300
2014-02-27,13.04,13.47,13.04,13.17,4851241,64292800
2014-02-28,13.2,13.2,12.25,12.59,7860466,98930700
2014-03-03,12.57,12.95,12.3,12.44,9827512,123299300
2014-03-04,12.38,12.92,12.29,12.79,7877896,99698800
2014-03-05,12.81,13.06,12.6,12.7,7777100,99445600
2014-03-06,12.62,12.62,11.95,12.2,10507623,127805400
2014-03-07,12.27,13.12,12.22,12.99,14336381,182250200
2014-03-10,12.89,13.55,12.5,13.28,13815921,181318900
2014-03-11,13.29,13.49,12.91,13.2,8880861,117281800
2014-03-12,13.15,13.2,12.71,13.1,4418827,57384600
2014-03-13,13.14,13.72,13.1,13.58,8388521,113026900
2014-03-14,13.46,13.58,13.25,13.35,4565100,61030500
2014-03-17,13.3,13.46,13.18,13.43,3740742,49834900
2014-03-18,13.43,13.46,13.16,13.26,4403048,58319900
2014-03-19,13.24,13.24,12.54,12.64,5518057,70641000
2014-03-20,12.58,12.98,12.3,12.32,4792851,60834300
2014-03-21,12.3,12.57,12.07,12.47,5663649,69804600
2014-03-24,12.58,13.72,12.52,13.54,10153740,136353700
2014-03-25,13.38,13.6,13.22,13.5,4173837,56064000
2014-03-26,13.48,13.74,13.37,13.46,4613532,62463800
2014-03-27,13.45,13.71,13.33,13.49,5955601,80718600
2014-03-28,13.47,13.65,13.05,13.11,5386110,71951300
2014-03-31,12.95,13.2,12.55,13.15,3694964,47388600
2014-04-01,13.18,13.57,13,13.35,2303605,30707300
2014-04-02,13.43,13.65,13.3,13.48,2717151,36696000
2014-04-03,13.4,13.65,13.4,13.44,3072101,41524500
2014-04-04,13.44,14.09,13.4,13.98,6984096,96389100
2014-04-08,14.11,14.45,13.92,14.37,8938247,127468400
2014-04-09,14.41,14.75,14.3,14.5,7628132,110394500
2014-04-10,14.79,14.98,14.48,14.51,8964815,131695600
2014-04-11,14.4,14.6,14.21,14.52,4297792,61933200
2014-04-14,14.52,14.66,14.25,14.37,2945053,42498200
2014-04-15,14.37,15.08,14.3,15.02,6630626,98177800
2014-04-16,15.06,15.4,14.9,14.91,3797269,57325800
2014-04-17,14.91,15.19,14.74,14.86,3394836,50599600
2014-04-18,14.8,15.22,14.8,15.05,3323487,50051900
2014-04-21,14.92,15.16,14.51,14.61,3302100,49087700
2014-04-22,14.61,14.74,13.9,14.11,5387501,76597300
2014-04-23,14.22,14.49,14.06,14.41,1704335,24361700
2014-04-24,14.25,14.64,13.94,14.24,3294076,46996300
2014-04-25,14.22,14.22,13.49,13.52,3040117,41915000
2014-04-28,13.52,13.62,12.95,13.11,2119920,28008700
2014-04-29,13,13.55,13,13.51,1335533,17883600
2014-04-30,13.63,13.69,13.35,13.51,3743756,50439000
2014-05-05,13.5,13.64,13.37,13.55,1971241,26697300
2014-05-06,13.5,13.95,13.5,13.72,3058324,42086700
2014-05-07,13.7,13.7,13.2,13.21,2154647,28805300
2014-05-08,13.11,13.4,13.04,13.25,2184140,28912600
2014-05-09,13.25,13.85,13.13,13.42,1915578,25680900
2014-05-12,13.47,13.79,13.47,13.65,3361511,45638600
2014-05-13,13.62,13.74,13.25,13.3,2383669,32049200
2014-05-14,13.31,13.63,13.2,13.45,4566812,61290700
2014-05-15,13.4,13.45,12.68,13.13,6948883,90690700
2014-05-16,13.12,13.12,12.85,12.97,2046913,26595600
2014-05-19,12.88,13.1,12.8,13.02,1634331,21193800
2014-05-20,13.19,13.33,12.96,13.13,1794852,23689200
2014-05-21,13.15,13.15,12.64,13.01,5044645,64795900
2014-05-22,13.11,13.31,13,13.03,2955878,38921400
2014-05-23,13.02,13.19,12.81,13.15,4403037,57433900
2014-05-26,13.25,13.6,13.15,13.58,3761368,50300900
2014-05-27,13.49,13.78,13.44,13.6,4730940,64356600
2014-05-28,13.65,13.65,13.32,13.54,4895152,65909100
2014-05-29,13.54,13.65,13.33,13.44,3921454,53038700
2014-05-30,13.49,13.73,13.46,13.56,3176145,43249700
2014-06-03,13.53,13.72,13.31,13.33,2519462,33940100
2014-06-04,13.22,13.3,12.81,13,5731796,74417400
2014-06-05,12.92,13.02,12.72,13,3618477,46639500
2014-06-06,12.98,13.03,12.86,12.89,973089,12595500
2014-06-09,12.88,13.06,12.7,13.02,2350677,30461000
2014-06-10,13.02,13.13,12.84,13.03,3311868,42831400
2014-06-11,13.05,13.48,12.92,13.39,5051505,67207400
2014-06-12,13.38,13.64,13.3,13.52,3635746,48944300
2014-06-13,13.42,13.74,13.34,13.48,5518828,74375000
2014-06-16,13.46,13.98,13.45,13.96,6480343,89446600
2014-06-17,13.96,14.45,13.86,14.09,7713911,109525200
2014-06-18,15.5,15.5,14.48,15.5,32614650,495373800
2014-07-01,15.6,16.54,14.95,16.25,28555294,450247800
2014-07-02,16.22,16.27,15.51,15.93,11126750,176856200
2014-07-03,15.9,16.12,15.78,15.97,10303757,164827100
2014-07-04,16.01,16.22,15.58,15.59,6629791,104682100
2014-07-07,15.66,15.87,15.52,15.83,5694194,89914700
2014-07-08,15.83,16.3,15.62,16.15,9052353,145247300
2014-07-09,16.15,16.16,15.6,15.61,6685289,106031900
2014-07-10,15.66,15.94,14.78,15.09,9606043,145480000
2014-07-11,15.04,15.45,14.87,15.13,6965691,105504900
2014-07-14,15.1,15.5,15.1,15.31,5229878,80346100
2014-07-15,15.34,15.64,15.18,15.29,7329250,113320100
2014-07-16,15.22,15.48,14.88,15.13,3870310,58525500
2014-07-17,15,15.39,14.78,15.11,3517371,52896300
2014-07-18,15.21,15.48,15.08,15.29,5153306,78952900
2014-07-21,15.7,16.14,15.57,15.71,14412434,228198600
2014-07-22,15.58,16.13,15.46,15.94,10413358,166080600
2014-07-23,15.84,16.52,15.76,16.39,11018902,179863700
2014-07-24,16.3,16.75,16.01,16.16,8080833,132232000
2014-07-25,16.24,16.39,15.86,15.98,4618160,73982100
2014-07-28,15.94,16.95,15.81,16.89,12699256,210474900
2014-07-29,16.88,17.27,16.63,16.88,10441004,177325500
2014-07-30,16.89,17.03,16.47,16.52,7933651,131957400
2014-07-31,16.3,16.8,16.27,16.69,4305896,71634000
2014-08-01,16.56,16.67,15.81,15.89,9636999,155248600
2014-08-04,15.9,16.19,15.3,16.13,10447395,164259400
2014-08-05,16.12,16.36,15.87,16.25,7200323,116453100
2014-08-06,16.22,17.86,16.22,17.29,17245192,294480400
2014-08-07,17.5,17.85,17.5,17.64,15726862,278177100
2014-08-08,17.6,18.2,17.29,17.32,12079251,214265200
2014-08-11,17.59,18.41,17.55,18.2,14079757,254042700
2014-08-12,18.18,18.4,17.83,18.12,6547874,118337300
2014-08-13,18.01,18.3,17.78,18,6415851,115570600
2014-08-14,18.07,18.37,17.6,17.85,5648058,101172500
2014-08-15,17.78,18.15,17.78,17.91,5297036,94937400
2014-08-18,17.8,18.55,17.75,18.5,6573811,118994400
2014-08-19,18.38,18.67,18.03,18.42,4444944,81500700
2014-08-20,18.3,18.75,18.1,18.53,4870458,90306200
2014-08-21,18.4,18.65,18.12,18.55,4690535,86281300
2014-08-22,18.55,19.87,18.33,19.44,9696677,186044300
2014-08-25,19.61,19.86,19.18,19.58,6439363,125628500
2014-08-26,19.48,19.58,18.54,18.71,6977990,132201800
2014-08-27,18.72,19.07,18.36,18.98,3929334,74018200
2014-08-28,19,19.8,18.88,19.19,4617980,89117500
2014-08-29,19.19,19.5,18.71,19.47,3604096,68751600
2014-09-01,19.4,19.95,19.05,19.8,7872818,153359100
2014-09-02,19.8,20.02,19.56,19.85,7271260,144186300
2014-09-03,19.87,20.5,19.62,20.26,9375588,187720400
2014-09-04,20.27,20.65,19.96,20.61,8950907,183026600
2014-09-05,20.9,21.6,20.21,20.59,14779043,308006200
2014-09-09,20.5,20.81,19.96,20.61,5986051,122912000
2014-09-10,20.73,21.3,20.55,21.23,7881655,165387400
2014-09-11,21.1,22.19,21.01,21.63,9747676,211235600
2014-09-12,21.55,21.96,21.2,21.83,4793694,103557200
2014-09-15,21.88,22.04,21.61,21.86,4781990,104175300
2014-09-16,21.8,21.8,20.33,20.47,8631160,180949600
2014-09-17,20.5,20.78,19.77,20.07,7300463,146497000
2014-09-18,20,20.65,20,20.42,5118712,104224200
2014-09-19,20.6,20.6,19.1,19.91,9867954,195836100
2014-09-22,19.81,20.1,19.28,19.97,7277447,142525300
2014-09-23,19.82,20.17,19.82,19.96,4712723,94038300
2014-09-24,19.96,20.42,19.61,20.41,6231287,124803100
2014-09-25,20.42,21.86,20.42,21.01,7590045,160916200
2014-09-26,20.64,21.1,20.62,20.86,3967755,82708300
2014-09-29,20.81,21.08,20.2,20.35,7269964,148925400
2014-09-30,20.35,20.87,20.22,20.75,7212352,148764000
2014-10-08,20.88,20.88,20.38,20.76,5297055,109212900
2014-10-09,20.66,20.75,20.25,20.35,5956680,121857700
2014-10-10,20.5,20.5,18.98,19.21,17984122,349991800
2014-10-13,19.06,19.25,18.63,19.22,9531759,180156300
2014-10-14,19.2,19.86,19.01,19.69,13138937,257342200
2014-10-15,19.54,19.76,19.2,19.37,4795050,92905200
2014-10-16,19.3,19.44,18.72,18.75,6945106,132532200
2014-10-17,18.62,18.82,18.12,18.54,6049553,111736200
2014-10-20,18.6,19.08,18.41,19,6458984,121851900
2014-10-21,19.01,19.15,18.7,18.99,4150284,78777300
2014-10-23,19,19.99,18.7,18.71,10583487,204501100
2014-10-24,18.8,19.08,18.12,18.57,6044992,112694300
2014-10-27,18.59,19.45,18.37,19.27,4848427,92586100
2014-10-28,19.3,19.53,19.16,19.5,6839074,132267100
2014-10-29,19.67,19.67,19.33,19.4,8928876,173861100
2014-10-30,19.55,19.55,19.36,19.43,5394719,105022200
2014-10-31,19.53,19.75,19.32,19.63,7527828,147315000
2014-11-03,19.67,19.77,19.39,19.54,6956741,136204400
2014-11-04,19.55,19.64,19.18,19.29,7698866,149471600
2014-11-05,19.32,19.42,19.05,19.14,5765570,110522300
2014-11-06,19.19,19.57,19.14,19.54,9174771,177499800
2014-11-07,19.56,19.73,19.14,19.17,8335363,162747700
2014-11-10,19.3,19.43,19.11,19.39,5186510,99941400
2014-11-11,19.4,19.47,18.81,19.2,7199136,137648500
2014-11-12,19.16,19.16,18.55,19.01,5411443,102368800
2014-11-13,19.25,19.25,18.11,18.21,9551995,176157700
2014-11-14,18.01,18.15,17.65,18.09,5621637,100994300
2014-11-17,18.29,18.32,17.68,17.88,8489447,151421500
2014-11-18,17.9,17.92,17.73,17.79,4642878,82606100
2014-11-19,17.76,18.17,17.76,18.06,6066473,109292900
2014-11-20,18.06,18.1,17.83,17.84,3330232,59709500
2014-11-21,17.84,18.36,17.84,18.2,6366729,115634200
2014-11-24,18.4,18.7,18.32,18.45,7976131,147512200
2014-11-25,18.44,19.09,18.31,19,8166604,153272100
2014-11-26,19.08,19.12,18.56,18.75,7675881,143964900
2014-11-27,18.84,18.84,17.98,18.12,15686681,285707000
2014-11-28,18.16,18.17,17.76,17.87,10452346,186629200
2014-12-01,17.83,17.83,17.02,17.2,16570613,285800400
2014-12-02,17.17,17.32,17.08,17.28,8312831,143285500
2014-12-03,17.29,17.3,16.8,17.08,18720750,317763100
2014-12-04,17.18,17.52,17.1,17.34,14979531,260022500
2014-12-05,17.37,17.52,16.42,16.56,17862136,301513200
2014-12-08,16.53,16.53,16.07,16.34,15368556,249792500
2014-12-09,16.33,16.66,15.98,16.38,16461975,266982600
2014-12-10,16.38,17.47,16.38,17.45,27130869,464684100
2014-12-11,17.38,17.65,17.18,17.52,12435080,216749200
2014-12-12,17.52,17.57,17.16,17.25,13260942,230021700
2014-12-15,17.21,17.57,17.14,17.54,10265407,178863200
2014-12-16,17.72,17.87,17.47,17.55,8449668,149145100
2014-12-17,17.48,17.75,17.04,17.29,10281945,177876900
2014-12-18,17.3,17.98,17.17,17.9,15746581,279571700
2014-12-19,17.84,17.95,17.5,17.62,7888926,139148900
2014-12-22,17.88,17.89,16.6,16.7,9138737,155742900
2014-12-23,16.65,17.03,16.15,16.17,7430835,122666400
2014-12-24,16.48,17.48,16.48,17.44,15380937,260417400
2014-12-25,17.59,18.4,17.3,18.02,18660344,337379800
2014-12-26,18.2,18.44,17.8,18.3,15152632,274995800
2014-12-29,20.13,20.13,20.13,20.13,2533737,51004100
2014-12-30,21.8,22.14,20.81,22.14,97498503,2116485400
2014-12-31,21.29,21.78,20.72,20.84,41563493,884991800
2015-01-05,20.78,21.89,20.65,21.2,28356413,603755300
2015-01-06,20.77,21.66,20.41,21.57,30705685,649542400
2015-01-07,21.41,22.57,20.9,22.25,36429152,797330500
2015-01-08,22,22.68,21.85,21.9,25625359,570350100
2015-01-09,21.65,23.31,21.65,22.34,31457604,710820400
2015-01-12,21.99,23.27,21.8,23.08,31020443,699944400
2015-01-13,22.88,24.95,22.72,24.78,44954196,1066849100
2015-01-14,24.47,26.8,24.31,26.37,55230586,1422650400
2015-01-15,26.25,26.49,24.89,24.99,49288564,1253673500
2015-01-16,24.75,26.29,24.51,25.33,41525147,1061908500
2015-01-19,24.18,25.79,23.38,23.86,44689559,1097229100
2015-01-20,24.33,25.69,24.2,25.46,36866253,914931400
2015-01-21,25.4,25.75,25.04,25.55,31774569,807760500
2015-01-22,25.55,26.64,25.55,25.8,32212246,842462600
2015-01-23,25.61,25.8,24.63,24.72,30015516,748676000
2015-01-26,24.28,25.12,24.28,24.88,17173540,425754700
2015-01-27,24.95,25.1,23.9,24.37,19308143,471468500
2015-01-28,24,24.7,23.81,24.33,14385246,349197900
2015-01-29,24.51,25.3,24.4,24.55,24203107,602484900
2015-01-30,24.9,25.18,24.25,24.75,13899960,343824500
2015-02-02,24.58,25.8,24.42,25.49,25919238,658960000
2015-02-03,25.75,25.81,24.85,25.38,20654122,520964100
2015-02-04,25.98,27.82,25.62,27,39346322,1042569200
2015-02-05,26.88,27.49,26.4,26.82,24858198,670319500
2015-02-06,26.99,27.28,25.28,25.59,21909043,570550600
2015-02-09,25.1,25.45,24.12,24.38,15581908,386123600
2015-02-10,24.38,24.98,24.01,24.83,12910251,317080000
2015-02-11,24.8,24.95,24.32,24.75,13554282,333953300
2015-02-12,24.81,25.52,24.67,25.29,13397926,337860800
2015-02-13,25.7,26.45,25.55,25.66,18398106,478006300
2015-02-16,25.83,26.95,25.75,26.9,18868521,499828700
2015-02-17,26.69,26.69,25.85,25.93,21873946,569711200
2015-02-25,26.08,26.5,25.7,26.14,14959778,391050900
2015-02-26,26.01,26.18,25.65,26.03,11903020,308407900
2015-02-27,26.14,26.64,26.13,26.55,17220609,454935700
2015-03-02,26.68,28.46,26.45,28.2,32501697,901595600
2015-03-03,28.25,29.48,27.5,28.29,31111794,887896000
2015-03-04,28.3,29.27,28.2,28.88,22070960,632901200
2015-03-05,28.97,29.3,28.21,28.36,20047691,574644500
2015-03-06,28.6,31.19,28.6,30.34,41445874,1239681500
2015-03-09,30.41,32.97,30.2,32.25,35282055,1109377400
2015-03-10,32.23,32.75,31.61,32.05,23439808,752320500
2015-03-11,32.26,34.38,32.26,34.28,31300331,1044489100
2015-03-12,34.19,34.2,30.85,32.5,34545327,1127350600
2015-03-13,32.5,33,31.4,32.89,17644498,572177400
2015-03-16,32.89,34.36,32.39,33.98,21801233,732640300
2015-03-17,34.19,36.57,33.73,36.45,33906427,1199520700
2015-03-18,36.42,38.75,36.04,37.83,36044205,1349122600
2015-03-19,37.83,39.58,37.25,39.22,32743776,1253717300
2015-03-20,39,43.14,38.7,43.14,36631938,1508868600
2015-03-23,43.7,47.45,43.66,47.45,40155854,1851384600
2015-03-24,48.47,51.72,45.02,49.91,53979325,2605636600
2015-03-25,49.66,54.9,48.5,54.59,41040288,2162676800
2015-03-26,52.84,54.3,49.13,49.13,57980765,2959054300
2015-03-27,46.55,48.84,44.35,47.48,43977459,2036572800
2015-03-30,46.53,48.49,46.28,46.99,27691808,1308697600
2015-03-31,47.38,51.69,47,51.69,41796997,2104113100
2015-04-01,51.94,56.86,51.69,56.86,39697252,2183302600
2015-04-02,58.2,62.36,54.41,60.61,61090365,3548432500
2015-04-03,58.58,63.3,57.51,60.53,45963713,2782198700
2015-04-07,60.5,63.58,58.56,62.89,43869467,2659652100
2015-04-08,61.3,62.88,58.8,60.11,41293827,2518108600
2015-04-09,60.26,60.43,54.15,57.89,39831420,2278617100
2015-04-10,56.98,63.68,56.98,63.68,34886187,2177107100
2015-04-13,66.62,70.05,63.99,68.22,53820653,3626018100
2015-04-14,66,67.9,63.77,64.74,35234479,2321638800
2015-04-15,63,63,58.27,58.27,38956209,2325328200
2015-04-16,54.7,61.55,53.02,59.42,33430452,1926258200
2015-04-17,58.5,59.98,55.12,55.22,29394481,1680636200
2015-04-20,53.56,54.96,49.7,49.73,47300833,2444972600
2015-04-21,49.88,54.7,49.88,54.26,34821847,1829179700
2015-04-22,54.2,57.49,53.72,55.99,31031682,1730297300
2015-04-23,56.02,56.02,52.52,54.27,29768486,1612030300
2015-04-24,52.8,59.7,52.1,59.7,40112627,2263038000
2015-04-27,60,62.73,58.5,60.39,32711011,1975701400
2015-04-28,62.61,62.61,54.35,54.47,40101859,2284767300
2015-04-29,55.3,58,54.8,55.49,27041933,1526955900
2015-04-30,55.5,55.96,52.6,53.07,28722310,1533897900
2015-05-04,53.3,54.69,50,53.98,23471993,1249276900
2015-05-05,18.56,19.56,17.36,17.77,42643328,786050000
2015-05-06,16.6,17.56,16.31,16.84,90790460,1527565800
2015-05-07,16.4,16.79,15.16,15.19,70423549,1110499500
2015-05-08,15.31,16.35,14.59,16.24,96274429,1484946800
2015-05-11,16.25,17.75,15.81,17.28,93922029,1598461900
2015-05-12,17.27,18.41,16.93,18.32,103949329,1851389800
2015-05-13,18.2,18.84,17.65,18.25,88590200,1611429000
2015-05-14,18.43,19.97,18.19,19.72,112987788,2180047200
2015-05-15,19.55,19.55,18.5,18.56,97420015,1832065500
2015-05-18,18.06,18.46,17.7,17.8,64882041,1169501700
2015-05-19,17.55,18.31,17.2,18,79617369,1414896000
2015-05-20,17.88,19.25,17.72,18.39,99234260,1832158400
2015-05-21,17.99,18.61,17.8,18.44,100357768,1827638100
2015-05-22,18.65,20.28,18.65,20.28,178548011,3474722700
2015-05-25,19.95,21,19.51,20.62,177250868,3609647500
2015-05-26,20.31,21.68,20.31,21.39,139681986,2957268500
2015-05-27,22.4,23.1,21.8,22.75,166602125,3751556200
2015-05-28,22.65,22.66,20.48,20.48,163893300,3532326300
2015-05-29,19.62,20.56,18.47,19.62,106065372,2085624600
2015-06-01,19.62,20.3,19.5,20.29,79974371,1604035200
2015-06-02,20.48,21.55,19.91,21.37,106485585,2177884600
2015-06-03,21.66,22.58,21,21.84,122421460,2686078200
2015-06-04,21.86,22.2,19.9,21.19,90317028,1898995500
2015-06-05,22.01,22.45,21.06,21.55,101896314,2210287900
2015-06-08,21.7,21.7,20.32,21.05,81943522,1715350600
2015-06-09,20.9,21.38,20.38,21.21,69034023,1453864800
2015-06-10,21,21.57,20.55,21.2,67839642,1428737900
2015-06-11,21,21.17,20.5,20.61,67147586,1391678600
2015-06-12,20.6,21.4,20.52,20.8,75518810,1587815800
2015-06-15,20.82,20.96,19.51,19.7,86048310,1727760000
2015-06-16,19.3,19.3,18,18.1,69598492,1289919000
2015-06-17,18,18.39,17.19,18.34,55987999,1001146600
2015-06-18,18.76,19.28,18.11,18.18,48749423,917618700
2015-06-19,17.88,17.92,16.86,17.54,43958501,761634700
2015-06-23,17.52,17.72,15.98,17.22,40009007,677345800
2015-06-24,17.6,18,17.34,17.86,46646359,824999600
2015-06-25,17.9,18,16.51,16.73,46343635,796823800
2015-06-26,17,17.44,15.06,15.51,69771993,1149589100
2015-06-29,16.15,16.5,14,14.51,71478678,1084593800
2015-06-30,14.18,15.9,13.07,15.74,78049019,1122252200
2015-07-01,15.5,16,14.21,14.26,66858609,1027918300
2015-07-02,14.8,14.85,13,13.21,52178265,716526500
2015-07-03,12.71,13.4,11.89,11.89,52910124,648855000
2015-07-06,13.08,13.08,10.7,11.69,83366552,967691700
2015-07-07,11.2,11.5,10.52,10.52,43303252,463219400
2015-07-08,9.47,10.3,9.47,9.7,178688589,1743240400
2015-07-09,9.15,10.67,9.15,10.67,68474408,704604000
2015-07-10,11.68,11.74,11.11,11.74,22206928,259149600
2015-07-13,12.91,12.91,12.5,12.91,21071832,271636600
2015-07-14,13.5,14.18,13,13.52,110111695,1508898900
2015-07-15,12.83,13.4,12.17,12.17,57400105,726833500
2015-07-16,12.17,13.28,11.76,13.14,60035064,765935000
2015-07-17,13.5,14,13.17,13.75,72091754,984181300
2015-07-20,13.48,14.19,13.26,13.8,61509283,850474900
2015-07-21,13.49,14,13.35,13.66,43252352,591809300
2015-07-22,13.58,13.95,13.38,13.68,43724033,597512200
2015-07-23,13.78,14.46,13.76,14.32,59833256,849450400
2015-07-24,15.13,15.53,14.4,14.67,104678887,1572591900
2015-07-27,14.05,14.49,13.2,13.2,61270442,851659500
2015-07-28,12.91,13.79,11.88,12.77,59280287,746579600
2015-07-29,13.21,13.61,12.52,13.58,37668729,489911000
2015-07-30,13.6,13.69,12.8,13,36446776,489239500
2015-07-31,12.77,13.09,12.34,12.59,27795917,356000300
2015-08-03,12.38,12.57,11.6,11.97,25861341,312224900
2015-08-04,12.03,12.79,11.98,12.78,28488540,354644300
2015-08-05,12.78,12.95,12.31,12.4,26842348,340153500
2015-08-06,12.3,13.6,12.1,13.23,55363653,724659600
2015-08-07,13.35,13.55,13.04,13.47,48176162,640023600
2015-08-10,13.62,14.35,13.4,14.1,53873106,746567300
2015-08-11,14.15,14.68,14.1,14.29,54943881,789813700
2015-08-12,14.01,14.25,13.69,13.72,38068476,530527600
2015-08-13,13.71,13.99,13.43,13.97,28632537,393187800
2015-08-14,14.1,14.24,13.7,13.81,33038917,460186100
2015-08-17,13.81,13.88,13.5,13.87,27034418,370011400
2015-08-18,13.93,14.4,12.6,12.8,52563428,724924800
2015-08-19,12.2,13.1,11.92,13.02,39291720,497273100
2015-08-20,12.9,12.96,12.33,12.36,24882133,316514600
2015-08-21,12.05,12.32,11.5,11.59,24095915,288050500
2015-08-24,11,11.01,10.43,10.44,49777166,521551200
2015-08-25,9.85,10.08,9.4,9.4,34741239,334132700
2015-08-26,9.68,10.17,8.8,9.05,33269044,314857200
2015-08-27,9.4,9.75,9.05,9.73,28913330,273058000
2015-08-28,9.74,10.47,9.57,10.36,41588208,412148800
2015-08-31,10.1,10.14,9.5,9.54,26660534,261799700
2015-09-01,9.55,9.6,8.76,8.79,23123339,208581700
2015-09-02,8.5,9.29,8.29,9.19,32953043,293977400
2015-09-07,9.1,9.78,9.1,9.32,16242977,154179600
2015-09-08,9.41,9.85,9.28,9.79,15784085,150613600
2015-09-09,9.94,10.48,9.82,10.38,32735479,334273800
2015-09-10,10.2,10.22,9.81,9.88,18652676,187796000
2015-09-11,9.79,10.1,9.79,9.92,11398150,113280900
2015-09-14,9.95,10.02,8.93,8.93,18623062,175230600
2015-09-15,8.7,8.83,8.05,8.08,19902146,166993200
2015-09-16,8.1,8.89,8.1,8.89,20320310,172484800
2015-09-17,8.92,9.15,8.58,8.6,20969012,186926900
2015-09-18,8.65,8.93,8.62,8.78,11148992,97545300
2015-09-21,8.7,9.42,8.59,9.38,21342179,194423900
2015-09-22,9.4,9.67,9.31,9.42,18639452,176791200
2015-09-23,9.2,9.39,9.11,9.18,13359549,123238600
2015-09-24,9.25,9.52,9.19,9.44,16512398,154797900
2015-09-25,10.02,10.14,9.4,9.56,58750179,576520500
2015-09-28,9.25,9.55,9.08,9.47,20706023,192452000
2015-09-29,9.44,9.44,8.98,9.11,18975894,174763900
2015-09-30,9.05,9.25,9.05,9.15,10278010,94075700
2015-10-08,9.59,9.73,9.43,9.58,23215317,222154300
2015-10-09,9.58,9.72,9.52,9.66,17011924,163833500
2015-10-12,9.68,10.63,9.68,10.63,51925817,534445600
2015-10-13,10.98,11.69,10.87,11.69,88670254,1008999800
2015-10-14,12,12.72,11.45,12.1,112539619,1352525100
2015-10-15,11.99,12.7,11.86,12.43,73130171,902686200
2015-10-16,12.45,12.52,12,12.36,67796499,832033000
2015-10-19,12.38,12.88,12.24,12.53,69083772,866004800
2015-10-20,13.01,13.36,12.6,12.78,82496457,1072829600
2015-10-21,12.65,12.78,11.5,11.5,84147927,1013683300
2015-10-22,11.35,11.93,11.21,11.8,47665818,553247300
2015-10-23,11.98,12.18,11.69,11.9,57521418,687487700
2015-10-26,12.14,12.95,11.7,12.87,89803608,1111743900
2015-10-27,12.45,12.66,11.58,12.49,67906932,835567600
2015-10-28,12.49,12.85,12.25,12.33,49721781,623659200
2015-10-29,12.38,12.8,12.12,12.52,45722662,571251700
2015-10-30,12.6,12.67,12.13,12.33,31399369,388753200
2015-11-02,11.99,12.45,11.73,11.82,29445426,356967800
2015-11-03,11.82,12.16,11.59,12.01,26965874,321235100
2015-11-04,12.05,12.7,12.03,12.6,45487966,566548400
2015-11-05,12.6,12.8,12.3,12.39,60734185,760912200
2015-11-06,12.39,13.14,12.39,12.78,59794911,764884600
2015-11-09,12.53,13.3,12.48,12.9,79499719,1027141700
2015-11-10,12.83,13.18,12.5,12.59,68270525,883037300
2015-11-11,12.63,13.8,12.63,13.68,96319865,1287506200
2015-11-12,13.6,13.6,13.1,13.4,79018325,1054490200
2015-11-13,13.19,14.12,13,13.73,80901320,1105006400
2015-11-16,13.35,14.12,13.25,14.08,61127589,849163100
2015-11-17,14.12,14.65,13.66,13.79,82712449,1164327200
2015-11-18,13.67,13.93,13.16,13.29,48439535,654592900
2015-11-19,13.58,14.2,13.58,14.12,59492387,824651000
2015-11-20,14.12,14.23,13.7,13.98,60739626,846823800
2015-11-23,14.01,14.16,13.61,13.74,35275143,487863300
2015-11-24,13.75,14.15,13.74,13.97,31859211,444005600
2015-11-25,13.99,14.03,13.68,13.89,37367414,515782500
2015-11-26,13.98,14.13,13.74,13.93,47045118,654832200
2015-11-27,13.8,13.86,12.55,12.77,47729998,636295700
2015-11-30,13.33,13.85,12.8,13.75,53863588,719477100
2015-12-01,13.68,14.1,13.41,14.05,49935181,689884100
2015-12-02,14.08,14.09,13.23,13.77,31869161,439016900
2015-12-03,13.82,14.58,13.76,14.56,68447444,980186700
2015-12-04,14.38,14.49,14.06,14.31,51924253,741662300
2015-12-07,14.56,14.64,14,14.17,39452697,560601900
2015-12-08,14.19,14.34,13.65,13.7,37526969,521447400
2015-12-09,13.61,13.87,13.52,13.61,24971152,341160500
2015-12-10,13.55,13.75,13.44,13.63,22209315,301734500
2015-12-11,13.64,13.64,13.19,13.24,21438504,286609700
2015-12-14,13.16,13.58,12.96,13.53,19648037,260786100
2015-12-15,13.55,13.65,13.45,13.54,16927756,229318700
2015-12-16,13.8,13.8,13.51,13.52,18312393,249248600
2015-12-17,13.82,13.95,13.61,13.92,38568933,530444600
2015-12-18,14.08,14.28,13.78,13.97,50634883,711148400
2015-12-21,14.02,14.15,13.83,14.02,30459371,424774800
2015-12-22,13.95,14.37,13.82,14.24,39379206,555288100
2015-12-30,14.7,14.98,14.07,14.24,63026826,915062600
2015-12-31,14.07,14.08,13.62,13.65,31755508,439441300
2016-01-04,13.46,13.86,12.29,12.36,26442100,346922500
2016-01-05,11.9,12.6,11.2,11.88,34759397,416989600
2016-01-06,11.96,12.19,11.86,12.12,22232045,267723800
2016-01-07,11.9,12,11.17,11.38,9569000,112048600
2016-01-08,11.62,12.52,11.51,12.41,67078893,820505500
2016-01-11,12.09,12.39,11.35,11.49,30671692,367113400
2016-01-12,11.8,11.94,11.41,11.57,26161351,303784700
2016-01-13,11.67,12.14,11.39,11.53,20436008,241313800
2016-01-14,11.55,12.21,11.2,12.14,34774666,411680400
2016-01-15,12.1,12.52,11.78,12.2,31201017,378321100
2016-01-18,12,12.66,12,12.53,28636323,356344800
2016-01-19,12.35,12.99,12.33,12.92,26242850,334237400
2016-01-20,12.87,13.1,12.3,12.48,30780427,390063100
2016-01-21,12.28,12.63,11.7,11.89,24282639,296671500
2016-01-22,11.99,12.13,11.15,11.65,28458385,330478300
2016-01-25,11.97,12.28,11.85,12.11,20344122,246106400
2016-01-26,12.19,12.2,10.96,11.16,34255622,398718300
2016-01-27,11.21,11.22,10.04,10.26,40295209,418057300
2016-01-28,10.25,10.38,9.87,9.95,24097908,244600400
2016-01-29,10,10.57,10,10.41,23270538,239571400
2016-02-01,10.43,10.5,9.94,10.16,15669435,160329200
2016-02-02,10.19,10.73,10.16,10.47,17253870,180950600
2016-02-03,10.31,10.84,10.25,10.69,17740417,187954400
2016-02-04,10.83,11.33,10.77,11.08,24144266,267214600
2016-02-05,11.11,11.28,10.9,10.91,9610333,105865200
2016-02-15,10.5,10.92,10.47,10.78,13451712,144383800
2016-02-16,10.92,11.21,10.8,11.17,17563137,194512000
2016-02-17,11.18,11.3,11.02,11.19,14450428,161582100
2016-02-18,11.31,11.4,11.07,11.09,16284968,182674100
2016-02-19,11.28,11.6,11.24,11.3,23012975,263151100
2016-02-22,11.59,11.69,11.35,11.45,16546756,189824300
2016-02-23,11.54,11.55,11.26,11.33,13107022,149438900
2016-02-24,11.46,11.88,11.34,11.77,24344373,284908900
2016-02-25,11.72,11.77,10.59,10.6,26503163,295509500
2016-02-26,10.62,11.11,10.61,10.87,19076610,207606300
2016-02-29,10.88,11.05,10.11,10.59,18007866,190852200
2016-03-01,10.65,10.9,10.13,10.84,20481929,216000800
2016-03-02,10.98,11.33,10.76,11.26,20724749,229238200
2016-03-03,11.31,11.55,11.14,11.17,18475224,209295300
2016-03-04,11.45,11.5,10.8,11.25,25437770,286674100
2016-03-07,11.36,11.66,11.32,11.45,16028531,183991800
2016-03-08,11.46,11.49,10.86,11.39,19615755,218409500
2016-03-09,11.01,11.56,11,11.35,17091255,194594800
2016-03-10,11.36,11.48,11.1,11.15,8894963,99906300
2016-03-11,11.15,11.27,10.93,11.2,9576258,106445800
2016-03-14,11.43,11.65,11.3,11.53,27629449,317828000
2016-03-15,11.59,11.8,11.4,11.72,26173778,306224900
2016-03-16,11.78,11.9,11.52,11.61,15884650,185523300
2016-03-17,11.68,12.12,11.66,12.09,28515453,340626100
2016-03-18,12.17,12.45,12.05,12.09,37579715,459964600
2016-03-21,12.25,12.45,12.15,12.35,21610035,265580500
2016-03-22,12.25,12.4,12.1,12.29,20779860,253971300
2016-03-23,12.22,12.32,12.14,12.27,12711530,155299100
2016-03-24,12.27,12.28,12,12.06,18992792,230470900
2016-03-25,12.05,12.22,11.98,12.12,12868810,155826600
2016-03-28,12.13,12.72,12.13,12.42,27618601,344656500
2016-03-29,12.64,12.73,12.23,12.38,22143752,276287300
2016-03-30,12.55,12.79,12.36,12.78,26521388,334240000
2016-03-31,12.8,12.87,12.61,12.65,16170509,205423600
2016-04-01,12.62,12.81,12.43,12.65,15012759,189285800
2016-04-05,12.66,12.78,12.3,12.7,22477081,282266000
2016-04-06,12.7,13.19,12.6,13.03,21520087,280138800
2016-04-07,13.05,13.14,12.75,12.78,15884386,204687800
2016-04-08,12.69,12.69,12.25,12.52,15743587,196928300
2016-04-11,12.71,13.03,12.66,12.97,21358381,275922800
2016-04-12,12.96,13.38,12.81,13.18,23045220,301899200
2016-04-13,13.6,13.79,13.29,13.3,33667963,454971600
2016-04-14,13.33,13.58,13.12,13.35,15794899,210248700
2016-04-15,13.42,13.43,13.25,13.3,12486048,166322900
2016-04-18,13.34,13.34,12.72,12.86,17519666,226412400
2016-04-19,13,13.08,12.71,12.86,12156824,156424300
2016-04-20,12.9,12.99,11.85,12.36,28037843,347697900
2016-04-21,12.36,12.46,11.99,12.05,20012964,243141300
2016-04-22,12.04,12.2,11.99,12.2,11185278,135293000
2016-04-25,12.35,12.38,12.09,12.21,13158906,160777400
2016-04-26,12.26,12.36,12.18,12.31,9220854,113070200
2016-04-27,12.36,12.59,12.3,12.32,11626163,144470200
2016-04-28,12.29,12.42,12.05,12.39,11306892,138133400
2016-04-29,12.4,12.66,12.28,12.44,14855289,185806000
2016-05-03,12.56,12.7,12.38,12.69,18894865,237991000
2016-05-04,12.65,13.26,12.57,13.05,29301555,380978200
2016-05-05,13,13.12,12.7,12.89,24662868,316873600
2016-05-06,12.88,13,12.25,12.32,23352332,293865700
2016-05-09,12.2,12.35,12,12.17,17328947,210096300
2016-05-10,12.06,12.27,11.9,11.97,12044368,145043100
2016-05-11,12.06,12.34,12.06,12.17,16965895,207295200
2016-05-12,12.19,12.43,12.01,12.33,13928150,170964200
2016-05-13,12.33,12.47,12.21,12.34,13072508,161399200
2016-05-16,12.28,12.48,12.15,12.46,10539656,129991600
2016-05-17,12.64,12.67,12.1,12.16,20163797,248952700
2016-05-18,12,12.09,11.46,11.7,19078751,225639000
2016-05-19,11.63,11.91,11.58,11.8,12883570,151681700
2016-05-20,11.58,11.84,11.55,11.75,8479059,99203900
2016-05-23,11.73,11.98,11.65,11.93,11267159,133606200
2016-05-24,11.88,11.96,11.51,11.69,11336077,133002000
2016-05-25,11.78,11.85,11.62,11.68,8342871,97995200
2016-05-26,11.65,11.76,11.28,11.53,14069284,160671600
2016-05-27,11.5,11.63,11.35,11.4,11318709,129648800
2016-05-30,11.37,11.47,11.21,11.42,11706493,132626100
2016-05-31,11.48,12.15,11.43,12.04,24542476,289024300
2016-06-01,12.13,12.2,11.88,12,21748555,261602100
2016-06-02,11.99,12.13,11.83,12.05,15400760,185198400
2016-06-03,11.97,12.62,11.97,12.49,30029259,371755200
2016-06-06,12.51,13.08,12.5,12.73,28380310,363761500
2016-06-07,12.62,12.85,12.51,12.63,14161095,178854400
2016-06-08,12.64,12.75,12.39,12.58,12296650,154708700
2016-06-13,12.41,12.95,12.2,12.21,23259530,292587700
2016-06-14,12.25,12.77,12.19,12.73,22187312,275831000
2016-06-15,12.68,13.34,12.56,13.15,41167679,540247400
2016-06-16,13.09,13.25,12.99,13.08,21467434,281514900
2016-06-17,13.05,13.39,13.02,13.13,21564154,285323400
2016-06-20,13.13,13.17,12.74,12.97,19302598,248754500
2016-06-21,13.16,13.19,12.6,12.65,19034891,244036200
2016-06-22,12.8,13.26,12.52,13.21,25308055,324164200
2016-06-23,13.34,13.34,12.65,12.84,30426439,393860700
2016-06-24,12.71,12.97,12.36,12.56,24411653,308553700
2016-06-27,12.49,12.94,12.48,12.92,19881471,254982200
2016-06-28,12.8,13.1,12.75,12.99,18045669,234224300
2016-06-29,13.1,13.1,12.82,13,13909909,180288000
2016-06-30,13,13.23,12.93,13.05,20375116,266454000
2016-07-01,13.1,13.25,12.93,13.06,17417390,227604200
2016-07-04,13.06,14.05,13,13.79,52901074,717062500
2016-07-05,13.73,13.9,13.61,13.73,30413148,419794100
2016-07-06,13.74,13.82,13.55,13.74,19481823,266493900
2016-07-07,13.7,14.03,13.6,13.77,23394051,322731500
2016-07-08,13.51,13.77,13.35,13.5,19382857,261604500
2016-07-11,13.5,13.8,13.34,13.52,21844213,296870900
2016-07-12,13.48,13.75,13.48,13.73,19119325,260668700
2016-07-13,13.91,14.08,13.76,13.84,23308725,324261200
2016-07-14,13.86,13.86,13.49,13.66,18539442,252782200
2016-07-15,13.68,13.88,13.58,13.68,13655477,187133500
2016-07-18,13.63,13.81,13.12,13.43,25182091,337149300
2016-07-19,14,14.7,13.96,14.28,108578473,1552673700
2016-07-20,14.27,14.63,14.21,14.3,57949061,836183600
2016-07-21,14.41,15.73,14.35,15.49,140071360,2145343000
2016-07-22,15.4,16.1,15.2,15.98,111574259,1755021300
2016-07-25,15.95,16.37,15.52,15.9,91204934,1447776800
2016-07-26,15.74,16.1,15.61,15.86,67583272,1067391300
2016-07-27,16.22,16.35,14.77,15.42,110502980,1715040700
2016-07-28,15.22,15.69,15.22,15.46,52066937,803545600
2016-07-29,15.5,15.5,14.65,14.68,62268037,930716300
2016-08-01,14.7,15.08,14.5,14.91,53570058,792910200
2016-08-02,14.9,14.95,14.53,14.84,38163166,562053500
2016-08-03,14.75,15.11,14.61,15.08,38451407,571197200
2016-08-04,15.1,15.32,14.87,15.16,43538512,658583200
2016-08-05,15.02,15.59,15.02,15.22,44534004,685117000
2016-08-08,15.26,15.35,14.87,15.3,30080125,455143300
2016-08-09,15.22,15.64,15.15,15.55,32226639,496547300
2016-08-10,15.54,15.66,15.27,15.3,26500717,409623700
2016-08-11,15.23,15.38,14.86,14.88,28964986,437490100
2016-08-12,14.93,15.07,14.72,14.97,25143195,373270500
2016-08-15,14.94,15.42,14.83,15.34,37889076,575232400
2016-08-16,15.37,15.78,15.34,15.68,40802651,635143400
2016-08-17,15.56,15.69,15.34,15.57,28615031,444022900
2016-08-18,15.78,15.78,15.34,15.48,41282285,640991100
2016-08-19,15.49,15.49,15.28,15.32,22299111,342408800
2016-08-22,15.35,15.69,15.26,15.44,29004788,450520800
2016-08-23,15.49,15.59,15.18,15.3,16817653,258573800
2016-08-24,15.4,15.41,15.1,15.16,17046212,259223800
2016-08-25,15.1,15.1,14.6,14.69,32640218,484764000
2016-08-26,14.8,15.24,14.68,15.04,25799517,386705200
2016-08-29,15.04,15.5,15,15.12,22605911,345458900
2016-08-30,15.2,15.22,15.04,15.13,13997837,211842900
2016-08-31,15.18,15.39,15.06,15.15,18338921,279383800
2016-09-01,15.2,15.53,15.18,15.36,25889019,398299600
2016-09-02,15.35,15.48,15.01,15.12,22936019,350288800
2016-09-05,15.24,15.28,14.73,14.95,31277903,466221200
2016-09-06,14.95,15.04,14.68,15.02,24179306,358479500
2016-09-07,15.02,15.1,14.8,14.84,19972498,298727000
2016-09-08,14.8,14.85,14.62,14.77,20927788,308462500
2016-09-09,14.79,14.82,14.54,14.58,19696765,289417800
2016-09-12,14.56,14.58,14.05,14.19,28745132,411847400
2016-09-13,14.28,14.34,14.17,14.2,13948537,198617500
2016-09-14,14.38,14.65,14.19,14.27,22584428,325987600
2016-09-19,14.32,14.43,14.15,14.33,13242914,189243900
2016-09-20,14.3,14.33,14.07,14.11,15052530,212753400
2016-09-21,14.08,14.19,14.05,14.07,11855915,167261200
2016-09-22,14.18,14.22,14.1,14.12,12710507,179820800
2016-09-23,14.12,14.18,13.9,13.98,14967709,210244800
2016-09-26,13.92,14.03,13.54,13.63,18776009,258637000
2016-09-27,13.58,13.83,13.5,13.76,12394731,169610800
2016-09-29,13.77,13.77,13.46,13.59,14124537,192469900
2016-09-30,13.51,13.63,13.46,13.5,13919555,188066500
2016-10-10,13.57,13.83,13.5,13.82,19817170,271430800
2016-10-11,13.86,13.86,13.69,13.77,14687735,201921300
2016-10-12,13.77,14.11,13.72,14.05,21755160,304697800
2016-10-13,14.01,14.1,13.86,14,14041115,196185300
2016-10-14,14.1,14.44,13.93,14.38,35713927,508762900
2016-10-17,14.4,14.42,14.14,14.26,22071951,315750700
2016-10-18,14.15,14.44,14.15,14.42,17855486,256381600
2016-10-19,14.4,14.43,14.17,14.22,14085631,201303200
2016-10-20,14.23,14.3,14.09,14.15,9612578,136045200
2016-10-21,14.16,14.18,14.02,14.12,8763132,123642000
2016-10-24,14.19,14.39,14.14,14.34,20378093,291480900
2016-10-25,14.28,14.38,14.12,14.18,12854880,182881700
2016-10-26,14.22,14.24,13.86,13.88,16417591,229471300
2016-10-27,13.9,14.04,13.84,13.91,8618987,119904500
2016-10-28,13.91,14.02,13.86,13.95,10685762,149181200
2016-10-31,13.88,13.97,13.77,13.88,9199734,127411300
2016-11-01,13.89,14.25,13.89,14.18,16584486,234037200
2016-11-02,14.19,14.32,14.08,14.15,13275121,188564500
2016-11-03,14.14,14.22,13.96,14.13,14985049,211548400
2016-11-04,14.13,14.18,13.86,13.89,12573167,175927300
2016-11-07,13.89,14.07,13.82,13.88,12322664,171806300
2016-11-08,13.99,14.05,13.78,13.93,8895986,123693900
2016-11-09,14.01,14.08,13.68,13.87,14939459,207609800
2016-11-10,13.94,14.04,13.9,13.96,13466764,187870800
2016-11-11,13.99,14.01,13.68,13.82,24182476,333440700
2016-11-14,13.8,13.92,13.71,13.78,16546884,228635700
2016-11-15,13.8,13.86,13.69,13.85,12283144,169050600
2016-11-16,13.85,14.39,13.75,14.26,44710643,633727900
2016-11-17,14.07,14.2,14.01,14.12,18725059,263834800
2016-11-18,14.11,14.18,13.91,13.92,15018155,210902300
2016-11-21,13.85,13.95,13.83,13.91,11282185,156633900
2016-11-22,13.9,13.97,13.84,13.93,12290623,170626800
2016-11-23,13.96,14.04,13.88,13.94,13065460,182292400
2016-11-24,13.94,13.96,13.75,13.79,14152625,195942000
2016-11-25,13.83,13.83,13.5,13.78,12293326,168071400
2016-11-28,13.81,13.86,13.77,13.85,10382568,143419000
2016-11-29,13.85,13.94,13.74,13.82,15917995,220350500
2016-11-30,13.79,13.91,13.7,13.76,11948499,165140400
2016-12-01,13.8,13.87,13.72,13.76,10353563,142796900
2016-12-02,13.71,13.82,13.51,13.52,13285055,180816800
2016-12-05,13.52,13.76,13.48,13.57,7545641,102858000
2016-12-06,13.6,13.67,13.5,13.55,6560553,88927400
2016-12-07,13.56,13.65,13.46,13.62,11873114,160809600
2016-12-08,13.63,13.73,13.57,13.61,9034382,123247000
2016-12-09,13.62,13.65,13.43,13.46,9950125,134447000
2016-12-12,13.53,13.55,12.86,12.94,19223115,254610900
2016-12-13,12.94,13.04,12.81,12.94,12734299,164479800
2016-12-14,13,13.02,12.86,12.86,11436687,147871600
2016-12-15,12.97,13.14,12.89,12.99,10677710,138954900
2016-12-16,12.99,13.11,12.92,13.03,7173844,93508000
2016-12-19,13.02,13.25,13,13.16,6298471,82867200
2016-12-20,13.19,13.4,13.08,13.35,11680584,154689000
2016-12-21,13.35,13.42,13.32,13.37,6439262,86086100
2016-12-22,13.38,13.4,13.29,13.32,4012015,53491200
2016-12-23,13.35,13.62,13.34,13.42,9830954,132600900
2016-12-26,13.56,13.56,13.35,13.46,7393688,99371400
2016-12-27,13.43,13.6,13.4,13.45,5546144,74810300
2016-12-28,13.54,13.69,13.39,13.55,9342995,126598000
2016-12-29,13.58,13.66,13.48,13.53,7044396,95627800
2016-12-30,13.53,13.58,13.37,13.39,6245604,83953800
2017-01-03,13.4,13.56,13.34,13.51,7281932,98330800
2017-01-04,13.54,13.55,13.39,13.53,7039303,94920900
2017-01-05,13.59,13.73,13.49,13.64,11854877,161870000
2017-01-06,13.7,13.7,13.51,13.52,5934517,80751400
2017-01-09,13.53,14.11,13.53,13.95,26006455,362171800
2017-01-10,13.9,14.14,13.85,14,14908847,209061700
2017-01-11,14.04,14.12,13.88,13.9,10269656,144003300
2017-01-12,13.93,13.98,13.66,13.69,12625529,174598000
2017-01-13,13.7,13.95,13.68,13.94,10116282,139734200
2017-01-16,13.95,14.23,13.68,14.07,26974494,377352900
2017-01-17,14.05,14.12,13.94,14.08,9281769,130325800
2017-01-18,14.13,14.48,14.1,14.2,18977631,271926900
2017-01-19,14.39,14.39,14.11,14.21,15086536,214961700
2017-01-20,14.16,14.35,14.14,14.17,11897441,169466200
2017-01-23,14.16,14.4,14.14,14.28,10984231,157069700
2017-01-24,14.32,14.42,14.22,14.36,8205973,117733400
2017-01-25,14.34,14.44,14.3,14.34,6612017,95122900
2017-01-26,14.36,14.64,14.31,14.6,15071966,218650600
2017-02-03,14.59,14.64,14.47,14.48,7896440,114731100
2017-02-06,14.5,14.55,14.3,14.45,9802369,141368000
2017-02-07,14.47,14.48,14.26,14.38,9365778,134691200
2017-02-08,14.37,14.37,14.17,14.33,11087275,157916700
2017-02-09,14.31,14.39,14.21,14.36,9801973,140172800
2017-02-10,14.36,14.56,14.35,14.38,14484626,209221900
2017-02-13,14.35,14.56,14.32,14.53,14697990,213132900
2017-02-14,14.51,14.55,14.39,14.43,8281897,119703000
2017-02-15,14.41,14.55,14.22,14.3,10445601,150552400
2017-02-16,14.35,14.36,14.22,14.34,7637803,109210800
2017-02-17,14.32,14.38,14.06,14.07,9175930,129975800
2017-02-20,14.09,14.51,14.09,14.44,13873826,199176600
2017-02-21,14.44,14.55,14.38,14.47,8739627,126558700
2017-02-22,14.5,14.52,14.13,14.24,21898815,312190700
2017-02-23,14.24,14.38,14.16,14.34,11344310,161668700
2017-02-24,14.23,14.44,14.2,14.38,7203593,103408700
2017-02-27,14.38,14.6,14.31,14.6,20201492,293067100
2017-02-28,14.56,14.88,14.5,14.72,23201966,341724000
2017-03-01,14.72,14.78,14.6,14.75,11986486,176176100
2017-03-02,14.79,14.84,14.57,14.58,11665964,170852200
2017-03-03,14.66,15.02,14.53,14.97,27757215,412967000
2017-03-06,15,15.13,14.73,14.85,24322408,362258100
2017-03-07,14.81,14.97,14.76,14.92,12473155,185745000
2017-03-08,14.92,14.92,14.68,14.71,10687538,157659400
2017-03-09,14.7,14.76,14.57,14.6,10367663,151913500
2017-03-10,14.6,14.86,14.59,14.76,15587618,229504400
2017-03-13,14.83,14.97,14.68,14.85,25188067,374162500
2017-03-14,14.87,15.48,14.82,15.38,40128284,611774000
2017-03-15,15.39,15.46,15.17,15.32,19321390,295783100
2017-03-16,15.34,16.08,15.34,15.77,38859807,615797400
2017-03-17,15.69,15.99,15.68,15.71,20997086,332531000
2017-03-20,15.71,15.92,15.52,15.75,15427608,242315500
2017-03-21,15.71,16.15,15.71,15.99,20023483,320118100
2017-03-22,15.92,16.12,15.83,15.99,15069474,241055600
2017-03-23,15.9,16.04,15.58,15.75,19313958,304209600
2017-03-24,15.72,16.18,15.7,16.14,25040416,401318400
2017-03-27,16.21,16.32,15.95,16.04,16709930,269220000
2017-03-28,15.96,16.08,15.83,15.97,11618221,185223000
2017-03-29,15.96,15.96,15.61,15.7,13454835,212714400
2017-03-30,15.7,16.02,15.51,15.93,18691665,295109000
2017-03-31,15.93,16.23,15.7,15.82,17204380,274346200
2017-04-05,16,16.05,15.76,16.03,16439626,261783400
2017-04-06,16.09,16.78,16.02,16.77,37236372,615937600
2017-04-07,16.8,16.95,16.65,16.75,18427585,308849200
2017-04-10,16.97,16.97,16.45,16.48,14616031,242846900
2017-04-11,16.48,16.67,16.1,16.55,21342751,348934100
2017-04-12,16.5,16.52,16.02,16.16,19089761,309902600
2017-04-13,16.48,16.66,16.05,16.2,20074735,326716800
2017-04-14,16.18,16.32,15.77,15.84,16338140,262714300
2017-04-17,15.8,16.25,15.72,16.07,14275387,229788100
2017-04-18,16.02,16.48,16.02,16.33,15713511,255891600
2017-04-19,16.33,16.42,15.95,16.39,18166164,294956000
2017-04-20,16.35,16.61,16.28,16.4,14931285,245197500
2017-04-21,16.43,16.7,16.37,16.44,14679356,243298600
2017-04-24,16.35,16.6,15.98,16.16,20124300,327423500
2017-04-25,16.1,16.95,16.06,16.86,34197946,571755900
2017-04-26,16.95,17.29,16.87,17.03,24713147,421974800
2017-04-27,16.88,17.17,16.7,16.93,17750148,300579200
2017-04-28,17,17.26,16.93,16.95,17078952,292063800
2017-05-02,16.88,16.97,16.69,16.95,10667432,179319500
2017-05-03,16.95,17.43,16.9,17.19,18388507,317224900
2017-05-04,17.17,17.35,16.94,17.23,9968102,171444200
2017-05-05,17.15,17.25,16.68,16.7,17639322,297541900
2017-05-08,16.71,16.9,16.02,16.13,19915643,326722000
2017-05-09,16.14,16.52,16,16.46,11684229,190267800
2017-05-10,16.48,16.64,15.95,15.97,12872391,209952700
2017-05-11,15.97,16.28,15.8,16.22,10782301,172844000
2017-05-12,16.21,16.4,16.1,16.22,5984326,97115100
2017-05-15,16.23,16.4,15.89,16.03,8648898,139101800
2017-05-16,16.12,16.13,14.72,15.45,33647063,515937800
2017-05-17,15.38,15.71,15.16,15.46,12305556,190718100
2017-05-18,15.33,15.69,15.26,15.55,10590163,164513000
2017-05-19,15.55,15.61,15.28,15.43,11026849,170174600
2017-05-22,15.59,15.59,14.72,14.87,28600841,429209900
2017-05-23,14.85,15.07,14.69,14.75,12144452,180615700
2017-05-24,14.75,14.75,14.24,14.52,14846245,214846900
2017-05-25,14.51,14.69,13.07,14.44,15817371,227463000
2017-05-26,14.45,14.97,14.45,14.83,11222184,166057700
2017-05-31,15.12,15.18,14.7,14.79,10401693,155640000
2017-06-01,14.81,15.12,14.71,14.89,8145325,121793300
2017-06-02,14.85,14.97,14.56,14.84,9553530,141390200
2017-06-05,14.88,15.38,14.88,15.35,12309089,187337800
2017-06-06,15.39,15.49,15.21,15.29,7245477,111071000
2017-06-07,15.32,15.47,15.25,15.46,13781250,211520900
2017-06-08,15.44,15.63,15.36,15.57,10644898,164758500
2017-06-09,15.57,15.73,15.49,15.65,13795867,215805800
2017-06-12,15.65,15.65,15.2,15.27,12352200,189804900
2017-06-13,15.26,15.53,15.13,15.45,8730563,133668600
2017-06-14,15.45,15.46,15.22,15.38,10632951,163237200
2017-06-15,15.34,15.76,15.32,15.67,11296524,176183500
2017-06-16,15.6,15.79,15.45,15.64,6191806,96534100
2017-06-19,15.66,15.71,15.56,15.63,6836825,106773600
2017-06-20,15.64,16.03,15.61,15.93,12202747,193607300
2017-06-21,15.9,16.15,15.81,15.93,8130370,129690300
2017-06-22,15.93,16.41,15.92,16.2,14375304,233888700
2017-06-23,16.14,16.42,15.93,16.38,13495646,218499900
2017-06-26,16.44,17.08,16.44,16.95,29838330,504343700
2017-06-27,16.96,17.32,16.81,17.16,28578102,489057900
2017-06-28,17.07,17.3,16.93,17.11,14674096,251519800
2017-06-29,17.06,17.24,16.82,16.84,17605107,298907300
2017-06-30,16.82,17.15,16.8,17.1,11198221,191053900
2017-07-03,17.25,17.65,17.14,17.61,19354144,338922800
2017-07-04,17.63,17.69,17.16,17.63,20069443,350805500
2017-07-05,17.5,17.8,17.41,17.57,10638015,187346200
2017-07-06,17.66,18.34,17.6,18.28,23881081,431621300
2017-07-07,18.24,18.42,17.98,18.31,16131420,293786700
2017-07-10,18.34,18.34,17.78,17.87,15954696,286989800
2017-07-11,17.83,17.98,17.65,17.9,9932351,176925000
2017-07-12,17.9,17.92,17.35,17.88,14747952,260817900
2017-07-13,17.8,18.28,17.47,17.52,17595945,314936700
2017-07-14,17.84,17.88,17.4,17.81,10421724,184050000
2017-07-17,17.81,17.99,17.2,17.97,16100440,284083700
2017-07-18,17.79,17.85,17.33,17.78,13687381,241321900
2017-07-19,17.69,19.3,17.69,18.91,44153706,832107700
2017-07-20,19.35,20.19,18.98,19.78,47226179,936566400
2017-07-21,19.81,19.99,19.28,19.93,22926653,451201100
2017-07-24,19.78,20.55,19.5,19.67,24146644,483926300
2017-07-25,19.67,19.69,19.05,19.56,19408740,375249500
2017-07-26,19.34,19.95,19.22,19.8,19023121,375091700
2017-07-27,19.7,20.58,19.6,19.98,20973850,422237100
2017-07-28,19.85,21.07,19.8,20.99,38757567,802570100
2017-07-31,20.92,22.37,20.86,22.34,44648216,976920700
2017-08-01,22.51,22.85,21.8,22.11,35786972,797352800
2017-08-02,21.94,22.5,21.68,22.04,22554556,498089800
2017-08-03,21.94,23.09,21.94,22.86,27109416,616808400
2017-08-04,22.28,22.66,21.2,21.37,46035334,1001218200
2017-08-07,21.35,22.07,20.01,21.54,20939492,448595900
2017-08-08,21.69,22.5,21.01,21.12,24954524,541783100
2017-08-09,20.7,21.53,20.7,20.96,15807022,333759700
2017-08-10,20.97,21.45,20.9,21.17,14422911,304781500
2017-08-11,21.02,21.64,20.61,21.27,19623096,417912000
2017-08-14,21.36,21.68,20.87,21.09,21246380,447941100
2017-08-15,21.25,21.44,21.02,21.34,11479182,243942700
2017-08-16,21.51,21.59,19.87,20,33989737,695838800
2017-08-17,19.95,20.3,19.53,20.09,24697232,489780600
2017-08-18,19.99,20.74,19.82,20.63,18302758,371850900
2017-08-21,20.4,21.05,20.35,20.42,14243023,294168600
2017-08-22,20.39,20.39,19.95,20.05,9172840,184707900
2017-08-23,19.92,20.35,19.92,20.09,7175201,144502700
2017-08-24,20.16,20.7,20.06,20.51,11905040,243377600
2017-08-25,20.45,20.73,20.31,20.69,9730363,200306700
2017-08-28,20.51,21.92,20.51,21.75,25774933,555311900
2017-08-29,21.76,22.03,21.4,21.69,13589148,294785300
2017-08-30,21.85,21.85,21.2,21.26,18438223,394542900
2017-08-31,21.35,21.63,21,21.39,13615744,290204500
2017-09-01,21.41,21.55,20.9,20.99,17602866,371398400
2017-09-04,20.77,22.82,20.57,22.79,38896372,850855200
2017-09-05,22.68,23.78,22.4,23.21,34433710,800654500
2017-09-06,23.16,23.56,22.8,23.22,20067045,465217700
2017-09-07,23.18,23.2,22.05,22.23,28199948,632190400
2017-09-08,22.31,23.19,22.16,22.78,44049482,996207700
2017-09-11,22.7,25.06,22.5,25.06,66766844,1624586400
2017-09-12,25.1,26.85,25,25.52,77291073,2004662000
2017-09-13,25.77,27.45,25.74,26.87,46058665,1229747600
2017-09-14,27.2,28.18,26.53,26.94,50243360,1375663900
2017-09-15,26.62,27.42,26.3,26.73,29546053,790838300
2017-09-18,26.33,27.45,26.1,27.27,32665225,877460100
2017-09-19,27.1,28.9,27,28.23,43484010,1232040600
2017-09-20,28.2,28.26,27.6,28.11,23405934,652289500
2017-09-21,28.09,28.8,26.89,26.99,27170838,755399900
2017-09-22,26.92,27.98,26.92,27.23,17805326,485503700
2017-09-25,27.35,27.96,27.01,27.88,24397386,671597400
2017-09-26,27.68,27.92,26.51,27.16,24897043,673618800
2017-09-27,27.48,27.61,26.52,27.24,19106369,515125800
2017-09-28,27.36,29.88,27.12,29.21,41872716,1201938500
2017-09-29,29.39,29.7,28.66,29.47,17952844,525046100
2017-10-09,29.68,30.44,29.23,30.02,27539639,822889800
2017-10-10,29.99,30.03,28.56,29.39,27318705,798506400
2017-10-11,29.2,29.85,28.77,29.18,16769072,491647800
2017-10-12,29.18,29.18,28.11,28.19,21024848,601169000
2017-10-13,28.2,29.08,28.15,28.5,18632628,529993800
2017-10-16,28.78,28.78,27.6,27.8,24831426,693535400
2017-10-17,28.12,29.72,27.75,29.21,29844352,862779700
2017-10-18,29.29,30.18,29.1,29.83,24590100,730970100
2017-10-19,29.43,30.15,29.17,30.11,17764090,527798500
2017-10-20,30.13,30.76,29.68,29.94,14628505,441432500
2017-10-23,29.84,30.57,29.47,29.5,13435784,400343700
2017-10-24,29.45,30.6,29.04,30.58,21929838,657922200
2017-10-25,30.4,30.97,29.94,30.39,16135332,489714800
2017-10-26,30.42,33.16,30.42,31.93,36381397,1154303700
2017-10-27,32.21,32.48,31.29,31.99,19131871,610665600
2017-10-30,32.28,32.96,31.5,32.46,28769990,930673800
2017-10-31,33.4,33.8,32.27,32.82,42190113,1391263700
2017-11-01,32.96,33.7,32.35,32.43,35633205,1176753300
2017-11-02,32,32.2,31.35,31.8,24203399,767226100
2017-11-03,31.66,32.58,31.4,31.96,17334352,557502100
2017-11-06,32.2,34.8,32.02,34.11,42330511,1415477600
2017-11-07,34.29,35.55,33.9,34.86,40557071,1407435500
2017-11-08,34.68,35.46,34.21,34.71,26471442,922958200
2017-11-09,34.6,35.99,34.42,35.64,29668467,1053570500
2017-11-10,35.9,39.2,35.9,39.2,39354406,1505494400
2017-11-13,41.04,41.72,39.3,40.33,58393595,2352119100
2017-11-14,40.74,40.88,38.01,38.55,50480890,1989131400
2017-11-15,38.55,39.44,37.14,37.91,39771091,1518454100
2017-11-16,38.41,40.1,37.4,40.03,46753437,1820100200
2017-11-17,39.65,41.44,38.17,38.53,45783202,1836101800
2017-11-20,38.55,41.28,38.13,41.01,40057685,1585616600
2017-11-21,40.9,42.45,40.22,42.34,45819642,1893085400
2017-11-22,42.2,42.95,40.9,42.19,39272735,1645727900
2017-11-23,42.15,42.15,37.97,37.97,49691351,1943678000
2017-11-24,36.41,37.67,35.02,35.96,58545616,2129630300
2017-11-27,35.93,36.89,34.01,35.02,46386429,1639236600
2017-11-28,35.15,36.3,35.15,36,29186098,1043355900
2017-11-29,36.1,36.64,34.77,35.59,29406328,1050852300
2017-11-30,35.57,35.57,32.03,32.03,62845105,2088319000
2017-12-01,32.26,34.13,32.26,33.47,43866046,1460023400
2017-12-04,33.86,35.3,32.87,34.73,46693595,1594872700
2017-12-05,34.75,35.47,33.65,34.15,36511528,1259739200
2017-12-06,34.07,34.47,30.77,33.2,48773465,1585478900
2017-12-07,32.68,33.28,32.07,32.59,26204668,857181600
2017-12-08,32.69,34.49,32.2,33.97,34103047,1144179300
2017-12-11,34,35.88,33.55,35.83,37812450,1321710000
2017-12-12,35.65,36.16,34.97,35.03,23787576,844811800
2017-12-13,34.94,36.5,34.92,36.43,22933934,820363900
2017-12-14,36.4,37.23,35.72,36.61,24265878,882491200
2017-12-15,36.61,36.61,34.35,35.48,22091555,783859100
2017-12-18,35.31,35.45,33.85,34.46,16158600,558604500
2017-12-19,34.36,35.03,34.01,34.87,14080311,487192200
2017-12-20,34.78,36.16,34.52,35.25,21769051,770091000
2017-12-21,35.1,36.8,34.67,36.57,30537046,1099051600
2017-12-22,36.8,39.94,36.8,39.07,49574336,1915855100
2017-12-25,39.22,40.33,38.12,38.42,29993120,1172120300
2017-12-26,38.68,39.22,37.4,38.22,26116650,997649000
2017-12-27,37.63,38,36.01,36.24,32423891,1199965300
2017-12-28,36.34,36.95,35.58,36.16,23337361,844255100
2017-12-29,36.25,36.76,35.75,36.44,17272449,625982000
2018-01-02,36.8,36.96,34.53,35.91,33521238,1189489100
2018-01-03,35.32,37.69,35.32,37.53,30405781,1125389400
2018-01-04,37.52,38.58,36.88,38.16,24113647,914466900
2018-01-05,38.1,38.78,36.93,38.17,30104135,1138345200
2018-01-08,37.8,37.8,36.42,37.17,27679452,1023883200
2018-01-09,37.07,37.43,36.39,36.74,20431329,751328900
2018-01-10,36.91,37.9,36.23,37.38,24366014,907583500
2018-01-11,36.5,36.58,35.55,36.02,29579169,1064789700
2018-01-12,36.03,36.95,35.67,36.69,22338953,810764900
2018-01-15,36.35,36.75,33.88,34.57,30831055,1091525400
2018-01-16,34.58,35.35,33.5,34.13,28925650,993363400
2018-01-17,34.05,34.13,31.17,33.43,46597539,1515615600
2018-01-18,34.4,34.6,33.33,33.49,26237255,888013200
2018-01-19,34.55,36.4,34.1,35.27,35567037,1254168600
2018-01-22,35.9,36.38,35.45,35.99,27783520,997318100
2018-01-23,35.82,38.36,35.39,38.26,43862935,1642171400
2018-01-24,38.15,40.03,37.91,38.96,44545108,1746649600
2018-01-25,38.8,39.31,37.4,37.77,34127174,1297235300
2018-01-26,38.87,39.18,37.9,38.08,34707611,1336812400
2018-01-29,37.6,38.98,37.41,37.6,29711410,1138511200
2018-01-30,37.58,38.85,37.5,38.18,25039319,960551500
2018-01-31,38.03,38.62,37.6,38.5,22897521,871983000
2018-02-01,37.93,38.46,36.11,36.76,32223352,1197291000
2018-02-02,36.39,38.28,35.56,37.76,20808016,778471200
2018-02-05,35.3,36.8,33.98,33.98,70135297,2404676300
2018-02-06,33,34.16,32.85,33.35,36992657,1239481200
2018-02-07,34.18,34.3,31.5,32.39,34784981,1141902500
2018-02-08,32.42,32.85,30.95,31.67,34498271,1099969500
2018-02-09,30.03,32.12,29.9,31.05,32201506,1002473400
2018-02-12,31.25,33.38,31.25,32.89,20507486,666565800
2018-02-13,33.38,33.6,32.13,32.25,19154011,626727600
2018-02-14,32.27,33.27,32.11,32.96,11985167,392477200
2018-02-22,33.25,34.08,33.25,33.97,14560779,491564300
2018-02-23,34,34.25,31.03,32.83,31710343,1035667500
2018-02-26,32.5,34.27,32.18,34.16,31593872,1052012200
2018-02-27,34.33,35.35,33.89,34.82,36117065,1258071100
2018-02-28,34.28,35.28,33.72,34.45,16814577,584076200
2018-03-01,34.2,37.15,34.15,36.82,34277835,1247218700
2018-03-02,36.81,37.16,35.62,35.77,18527912,672448700
2018-03-05,35.7,36.34,35.19,36.05,15254156,547399700
2018-03-06,36.06,37.09,35.88,36.67,16886662,618045000
2018-03-07,36.47,37.19,36.1,36.76,17552205,643614200
2018-03-08,36.52,37.18,36.06,36.23,15909776,582470900
2018-03-09,36.2,37.08,36,36.65,14622548,534790800
2018-03-12,36.88,38.1,36.72,37.41,20908538,786405700
2018-03-13,37.3,37.57,35.7,35.75,21702208,791067100
2018-03-14,35.75,36.93,35.75,36.8,19953269,729863100
2018-03-15,36.75,37.19,36.18,36.64,12820110,470346400
2018-03-16,36.66,36.84,36.04,36.09,9333839,337864500
2018-03-19,36.1,36.1,35.21,35.33,13849596,492086200
2018-03-20,35.03,35.2,34.41,34.81,12575002,437571500
2018-03-21,35.2,36.87,35.2,35.88,24253950,882352600
2018-03-22,35.88,36.49,35.41,35.7,12369363,443973800
2018-03-23,34.05,35.15,32.61,34.03,23508240,795507800
2018-03-26,33.2,35.12,33.2,34.05,23636264,811401900
2018-03-27,34.73,34.82,33.9,34.34,16576315,568412200
2018-03-28,34.08,34.08,33.05,33.28,23316002,780702900
2018-03-29,34,34.45,32.85,33.74,16855973,565567400
2018-03-30,34,34.44,33.8,34.27,13448752,460038700
2018-04-02,34.49,34.5,33.71,34.04,12707330,433866300
2018-04-03,33.66,34.42,33.11,33.9,14112179,476495600
2018-04-04,34.17,34.36,32.4,32.56,25602528,847204200
2018-04-09,32.55,33.19,32.3,32.72,12337340,404243700
2018-04-10,32.8,33.39,32.78,33.34,10599223,351260500
2018-04-11,33.71,34.2,33.53,33.59,10601976,358793300
2018-04-12,33.45,33.95,32.41,32.81,13125543,433596400
2018-04-13,32.92,33.27,32.2,32.36,9635427,313503700
2018-04-16,32.3,32.56,31.1,31.31,17171220,544678600
2018-04-17,31.5,31.7,30.5,30.69,18154883,560988100
2018-04-18,30.98,32.96,30.7,32.63,32062242,1020606900
2018-04-19,32.78,35,32.78,34.27,34935274,1197536200
2018-04-20,34.03,34.79,33.58,34.04,15672991,532954400
2018-04-23,34.19,34.75,33.63,34.08,20183836,686529100
2018-04-24,34.08,35.5,34.08,35.32,23280003,816338600
2018-04-25,35.01,35.3,34.53,35.17,11940732,417014100
2018-04-26,35.17,35.17,33.87,34.38,15483709,534716900
2018-04-27,34.46,35.15,34.1,34.42,12828827,444230900
2018-05-02,34.11,34.96,33,33.75,18007273,610397600
2018-05-03,33.8,34.6,33.42,34.57,16265091,552697800
2018-05-04,34.25,35.28,34.15,34.73,12427998,433013200
2018-05-07,34.91,36.24,34.25,35.83,19754978,699269700
2018-05-08,35.85,38.23,35.48,37,30686830,1136863400
2018-05-09,37,37.28,36.71,37.12,11763329,435956800
2018-05-10,37.5,37.75,36.46,36.75,12211400,452199000
2018-05-11,36.95,38.15,36.89,37.94,19426108,734379100
2018-05-14,38,38.75,37.41,37.93,18928991,721780400
2018-05-15,38.1,39.39,38.1,39.25,20335411,794064200
2018-05-16,39.3,39.3,38.41,38.8,9548573,370592900
2018-05-17,38.73,38.82,36.37,36.84,21596504,805295600
2018-05-18,37.06,37.2,35.84,36.85,19694943,716166800
2018-05-21,36.96,37.84,36.94,37.49,14652578,549339000
2018-05-22,37.59,38.54,37.3,38.18,15691860,598519900
2018-05-23,38.18,38.48,37.2,37.37,10853954,409312500
2018-05-24,37.68,37.68,35.72,35.94,24191982,878629100
2018-05-25,36,36.12,35.05,35.23,16686919,591803700
2018-05-28,35.61,35.78,34.69,35.25,17617244,619552500
2018-05-29,25.06,25.44,24.3,24.41,18354367,454768300
2018-05-30,24,24.56,23.51,24.09,20512522,494817800
2018-05-31,24.4,24.68,23.55,24.15,24259553,584507500
2018-06-01,24.25,24.37,21.9,22.35,49424638,1122022100
2018-06-04,20.12,20.12,20.12,20.12,4823000,97038800
2018-06-05,18.11,18.11,18.11,18.11,7017600,127088700
2018-06-06,17.11,17.7,16.4,17.43,159417330,2727074800
2018-06-07,17.04,17.35,16.9,17.09,63476689,1087492200
2018-06-08,17.14,17.45,16.96,17.22,42893508,739233300
2018-06-11,17.2,17.2,16.4,16.71,49765058,833506300
2018-06-12,17.17,17.45,16.75,17.36,47673890,818577100
2018-06-13,17.13,17.41,16.76,16.84,29538081,503127800
2018-06-14,16.8,16.84,16.18,16.59,30472132,504032100
2018-06-15,16.14,16.36,15.94,16.03,35039045,564354600
2018-06-19,15.79,15.9,15.05,15.22,39448872,611387700
2018-06-20,15.06,16.29,15.06,16.06,32381658,510502900
2018-06-21,16.08,16.45,15.78,15.93,21382288,345075600
2018-06-22,15.78,16.28,15.55,16.22,18069633,289685400
2018-06-25,16.35,16.56,15.95,16.02,22794383,371088900
2018-06-26,15.79,16.33,15.58,15.97,22577882,359657100
2018-06-27,16.05,16.69,15.85,16.62,35366325,582786400
2018-06-28,16.55,16.85,16.31,16.42,23510145,390833600
2018-06-29,16.5,16.8,16.42,16.69,17720149,295768000
2018-07-02,16.72,16.74,15.71,15.92,25140067,404759700
2018-07-03,15.92,16.09,15.53,15.99,15368443,243300900
2018-07-04,15.95,16.03,15.42,15.5,17641184,277601100
2018-07-05,15.55,15.66,14.92,15.12,29135536,442516500
2018-07-06,14.9,15.63,14.7,15.37,18998395,289698400
2018-07-09,15.5,15.82,15.3,15.6,23392868,365135800
2018-07-10,15.6,15.66,14.89,15.15,28649261,434261000
2018-07-11,14.79,15.14,14.61,15.01,21860683,325707000
2018-07-12,15.19,15.34,14.93,15.24,26933014,408133700
2018-07-13,15.29,15.29,14.85,14.97,24555961,367853300
2018-07-16,15.03,15.14,14.88,14.97,17601695,263749000
2018-07-17,14.9,14.96,14.19,14.52,35974480,519204400
2018-07-18,14.6,14.91,14.56,14.71,25926313,383087300
2018-07-19,15.1,15.13,14.45,14.67,28688046,424763600
2018-07-20,14.7,15.18,14.61,15.08,27726871,416502300
2018-07-23,15.16,15.26,14.85,15.08,20876025,313357300
2018-07-24,15.1,16.53,14.98,16.04,56838907,902071100
2018-07-25,16.1,16.25,15.58,15.65,33216869,529088200
2018-07-26,15.57,16.06,15.35,15.54,26667956,419196400
2018-07-27,15.65,16.3,15.65,15.93,32748579,524812300
2018-07-30,16.12,16.36,15.62,16.06,29116845,465905100
2018-07-31,15.96,15.96,15.59,15.67,18096216,284568700
2018-08-01,15.68,15.92,15.63,15.68,15077121,237356100
2018-08-02,15.6,15.65,14.82,15.33,16689231,254332500
2018-08-03,15.32,15.51,14.78,14.82,17347313,261069600
2018-08-06,13.6,14,13.34,13.39,57308571,775579100
2018-08-07,13.37,13.85,13.35,13.82,21296476,290611800
2018-08-08,13.78,14.29,13.69,14.22,20205853,284601200
2018-08-09,14.05,14.6,14.02,14.32,19568026,281020900
2018-08-10,14.4,14.58,13.95,14.2,12646286,179575600
2018-08-13,14.1,14.56,13.96,14.54,15730428,225673000
2018-08-14,14.64,14.67,14.31,14.42,12195633,176227000
2018-08-15,14.28,14.38,13.45,13.63,29388709,404721000
2018-08-16,13.42,13.77,13.27,13.39,22377340,301646300
2018-08-17,13.55,13.6,12.11,12.38,52215887,657657500
2018-08-20,12.38,12.45,11.76,12.22,28620266,342989800
2018-08-21,12.21,12.72,12.15,12.48,17856622,221876000
2018-08-22,12.6,12.6,12.28,12.37,10762751,133305800
2018-08-23,12.38,12.52,12.29,12.43,9740932,121000000
2018-08-24,12.39,12.53,12.3,12.44,10990610,136525000
2018-08-27,12.73,13.44,12.7,13.12,28796202,377369600
2018-08-28,13.28,13.43,13.05,13.2,15379505,203385400
2018-08-29,13.18,13.29,12.81,12.98,13034918,168647100
2018-08-30,12.92,13.23,12.78,13.03,12437675,161669000
2018-08-31,13.09,14,12.85,13.6,27496706,370652900
2018-09-03,14.01,14.48,13.77,13.84,31861646,448153400
2018-09-04,13.94,14.11,13.51,13.85,22261765,308333800
2018-09-05,13.78,14.29,13.62,13.87,20438709,286809700
2018-09-06,13.69,13.93,13.55,13.68,14724736,201552800
2018-09-07,13.68,13.88,13.35,13.45,11373036,155021600
2018-09-10,13.36,13.43,12.8,12.8,17100942,221785300
2018-09-11,12.81,12.97,12.6,12.74,13762802,175764700
2018-09-12,12.8,12.92,12.67,12.81,11531471,147696500
2018-09-13,12.95,13.06,12.13,12.52,19973443,251009000
2018-09-14,12.57,13,12.54,12.79,19192958,246524700
2018-09-17,12.75,12.87,12.4,12.76,12581817,158908300
2018-09-18,12.76,12.78,12.1,12.75,19870632,247423300
2018-09-19,12.6,12.95,12.3,12.76,22422878,282971800
2018-09-20,12.69,13.02,12.64,12.7,16366138,209271800
2018-09-21,12.78,12.86,12.34,12.83,20558148,259595900
2018-09-25,12.74,13.1,12.63,12.93,19321932,249566500
2018-09-26,13.04,13.93,12.98,13.66,46032193,620707200
2018-09-27,13.6,13.85,13.38,13.56,22897304,311784300
2018-09-28,13.73,14.23,13.55,14.2,35570108,496590400
2018-10-08,13.8,13.98,13.66,13.76,22038558,304538600
2018-10-09,13.75,14.23,13.66,13.98,25408625,354888500
2018-10-10,14.11,14.35,13.13,13.44,27086225,372166700
2018-10-11,12.8,13.22,12.65,13.03,29608659,383760200
2018-10-12,12.98,13.41,12.64,13.26,21593265,283086900
2018-10-15,13.49,13.79,13.09,13.15,18024564,243064000
2018-10-16,13.09,13.48,12.76,12.83,18705896,245048900
2018-10-17,13.05,13.27,12.89,13.2,17594405,230426000
2018-10-18,13.05,13.16,12.54,12.76,17986325,230744700
2018-10-19,12.7,13.25,12.38,13.2,20627616,267891000
2018-10-22,13.5,14.15,13.3,13.95,29913544,412231800
2018-10-23,13.95,13.96,13.35,13.52,19442422,264206500
2018-10-24,13.41,13.76,13.1,13.54,15310879,205902200
2018-10-25,13.08,13.63,13.05,13.45,10606444,141318400
2018-10-26,13.87,13.87,13.33,13.48,10135158,137035600
2018-10-29,13.47,13.54,13.17,13.43,7878799,105538700
2018-10-30,13.36,13.49,12.78,12.9,17724733,232155600
2018-10-31,12.83,13.73,12.83,13.55,25257868,338702600
2018-11-01,13.68,14.91,13.61,14.45,50295127,724055600
2018-11-02,15,15.9,14.95,15.9,71556280,1106871200
2018-11-05,17.2,17.49,17.01,17.49,44540701,774020100
2018-11-06,17.86,17.86,16.41,16.92,85587077,1456966900
2018-11-07,16.8,16.98,16.27,16.4,53495795,893105200
2018-11-08,16.7,16.7,16.2,16.33,29456125,485620100
2018-11-09,16.39,16.62,16.13,16.5,25976089,425703400
2018-11-12,16.35,17.6,16.25,17.49,51431869,873173900
2018-11-13,17.01,17.61,17.01,17.15,27349945,472065000
2018-11-14,17.08,17.58,16.68,17.15,25433388,435790600
2018-11-15,17.12,17.33,17.03,17.24,17967307,308831700
2018-11-16,17.21,17.8,17.13,17.2,28985273,504323800
2018-11-19,17.05,17.53,16.63,17.41,23467755,401433900
2018-11-20,17.15,17.28,16.73,16.83,18029757,305652900
2018-11-21,16.58,17.5,16.51,17.41,26681247,459786100
2018-11-22,17.46,17.96,17.17,17.23,18559171,325434200
2018-11-23,17.25,17.46,16.95,17.04,14741055,252818000
2018-11-26,17.05,17.22,16.82,17.18,10279639,175432000
2018-11-27,17.38,17.8,17.33,17.52,25800086,451938200
2018-11-28,17.59,19.27,17.59,18.8,54211782,1004315500
2018-11-29,18.95,19.17,18.46,18.54,26979291,505300300
2018-11-30,18.42,18.74,18.11,18.6,20710228,382601400
2018-12-03,19.16,19.34,18.6,18.7,30454470,575986700
2018-12-04,18.6,18.6,18.07,18.28,34584028,632407200
2018-12-05,18,19.44,17.91,19,49284586,935350800
2018-12-06,18.95,19.82,18.76,19.05,41098651,793071200
2018-12-07,19.3,19.56,18.55,19.12,22421964,427545100
2018-12-10,18.99,19.18,18.68,18.96,20058749,379033300
2018-12-11,19.04,19.26,18.54,18.7,19651597,369275000
2018-12-12,18.7,19.08,18.6,18.62,14299093,269879300
2018-12-13,18.85,19.37,18.55,19.19,22173644,422002500
2018-12-14,19.12,19.53,18.79,18.81,21346153,409818700
2018-12-17,18.65,18.87,17.83,18.22,20480540,373401800
2018-12-18,18.36,18.57,18,18.31,14660986,267715400
2018-12-19,18.2,18.35,17.45,17.6,24734797,439695300
2018-12-20,17.7,18.3,17.58,17.71,32735160,585914000
2018-12-21,17.51,18.18,17.5,17.79,28795880,513622400
2018-12-24,17.79,18.33,17.65,18.28,21832739,394109600
2018-12-25,18.04,18.51,17.88,18.24,19270327,350617800
2018-12-26,18.06,18.69,18.01,18.18,28470841,520642900
2018-12-27,18.45,18.45,17.63,17.7,23460840,422765300
2018-12-28,17.83,17.97,16.82,17.44,26584833,458876600
2019-01-02,17.44,17.9,17.26,17.37,15205943,266641600
2019-01-03,17.4,17.85,17.08,17.48,18064025,315433300
2019-01-04,17.5,18,16.91,17.94,25464938,449317500
2019-01-07,18,18.54,17.99,18.43,19979527,365479600
2019-01-08,18.49,18.56,18.23,18.5,19616215,361971200
2019-01-09,18.5,19.35,18.27,19.03,31765318,599946500
2019-01-10,19.35,20.93,19.35,20.93,55391253,1134086800
2019-01-11,20.9,20.9,19.99,20.04,35247430,714905700
2019-01-14,20.03,20.58,19.88,20.34,24299370,492428700
2019-01-15,20.25,21.75,20.15,21.52,40725344,861934600
2019-01-16,21.54,21.54,21.01,21.26,26325208,560660800
2019-01-17,21.21,21.94,20.41,20.85,46137121,972294500
2019-01-18,21.34,22.6,20.68,22.27,46188546,1000247600
2019-01-21,22.3,22.46,21.73,22.12,34509599,761783000
2019-01-22,22.2,22.23,21.45,21.95,20253975,441582100
2019-01-23,21.95,22.32,21.42,22.1,17388628,380269800
2019-01-24,21.99,23.5,21.93,22.2,43325097,982814100
2019-01-25,22.2,22.97,21.93,22.53,32215362,726309300
2019-01-28,22.65,23.15,22.04,22.17,26133770,586915400
2019-01-29,22,22.57,21.41,22.3,30592200,674579600
2019-01-30,22.38,23.17,22.38,22.52,26247639,598226500
2019-01-31,22.86,22.86,21.91,22.18,17999265,402878800
2019-02-01,22.49,23.35,22.22,22.83,26984813,619106000
2019-02-11,22.89,23.42,22.43,23.26,34172795,782306000
2019-02-12,23.18,23.18,22.58,22.95,23605043,539118300
2019-02-13,22.88,23.24,22.66,23.14,29742307,682470900
2019-02-14,23.01,24.17,22.85,23.93,46280782,1100132600
2019-02-15,23.9,24.3,23.5,23.6,30247947,720133300
2019-02-18,23.35,25.26,23.35,24.7,44681355,1096602300
2019-02-19,25.8,25.93,24.42,25.12,56761709,1429918300
2019-02-20,25.59,25.78,24.8,25.71,32823424,826461800
2019-02-21,25.56,27.48,25.42,26.97,55480488,1482839100
2019-02-22,27.06,29.35,27,29,55807935,1577294100
2019-02-25,29.86,29.86,28.17,28.96,74559511,2150105600
2019-02-26,28.51,30.27,27.91,28.64,68025689,1980270700
2019-02-27,28.54,28.64,25.9,26.78,78186575,2107872900
2019-02-28,26.6,27.8,26.48,27.1,44272635,1207445800
2019-03-01,27.09,28.23,26.5,27.67,42393698,1170115500
2019-03-04,27.8,28.12,27.11,27.4,57142509,1579487800
2019-03-05,27.38,28.08,27,27.57,40162659,1101328500
2019-03-06,27.41,27.58,26.3,26.7,69947202,1870505200
2019-03-07,26.4,26.85,25.8,26,65297253,1710507000
2019-03-08,25.7,26.68,25.16,25.31,60639756,1577437600
2019-03-11,25.25,27.84,25.02,27.84,94303580,2560516500
2019-03-12,28,28.65,27.55,27.82,78911418,2221707300
2019-03-13,28,28.28,26.71,27.61,50429984,1388176700
2019-03-14,27.5,28.57,26.72,27.15,51620680,1417381900
2019-03-15,27.28,28.39,27.18,27.5,37193588,1031042400
2019-03-18,27.95,28.15,27.4,28.01,32899751,914624400
2019-03-19,28.15,28.21,26.93,27.21,32971258,904733500
2019-03-20,27.16,27.16,26.1,26.73,41087322,1087809200
2019-03-21,26.73,26.98,26.5,26.7,19685629,526576100
2019-03-22,26.49,26.63,25.39,25.89,45324493,1179300100
2019-03-25,25.64,26.36,25.44,25.5,32256135,834761400
2019-03-26,25.96,26.1,25.14,25.33,25912376,659359800
2019-03-27,25.56,25.6,24.42,25.13,28324765,705724700
2019-03-28,25,26.15,24.77,25.58,36015286,927132600
2019-03-29,25.5,26.25,25.3,26.1,37701921,978055300
2019-04-01,26,28.5,25.99,28.28,60853426,1674695600
2019-04-02,28.25,28.9,27.81,28.02,34758740,981667700
2019-04-03,27.7,28.13,27.2,27.85,24948657,690322700
2019-04-04,27.48,28.13,27.4,27.74,22789990,631129700
2019-04-08,28,28.6,27,27.09,44437405,1226013900
2019-04-17,22.5,23.88,21.91,23.4,50099760,1151030800
2019-04-18,23.15,24.89,23.05,24.32,50977014,1240844500
2019-04-19,24.2,24.86,23.76,24.37,27809754,678132500
2019-04-22,24.55,25.5,24.05,24.32,35552606,880653700
2019-04-23,24.3,24.7,23.5,23.59,27770068,664469600
2019-04-24,23.67,24.1,23.2,23.64,22850091,539789200
2019-04-25,23.75,24.06,23.08,23.55,19819295,469195200
2019-04-26,23.32,23.84,22.41,22.69,27670728,635491100
2019-04-29,22.3,23.4,21.83,22.7,39803684,896781900
2019-04-30,22.98,23.88,22.4,22.7,45358834,1049035200
2019-05-06,21.81,22.95,21.19,22.56,45437038,995331100
2019-05-07,22.7,23.6,22.26,23.2,54023242,1248071100
2019-05-08,22.7,23.18,21.92,22.18,40532404,917673800
2019-05-09,21.85,22.55,21.85,22.36,26889904,597756100
2019-05-10,22.98,23.6,22.3,23.47,47223282,1095529800
2019-05-13,23.07,23.85,23.07,23.27,25917325,608339400
2019-05-14,23,23.57,22.89,23.4,22721442,530668300
2019-05-15,24.1,25.3,23.93,25.17,61884838,1525165400
2019-05-16,25.3,25.6,24.69,25,41290277,1037652000
2019-05-17,25,25.58,23.96,24.1,38004884,938903800
2019-05-20,24.07,24.08,22.8,24,42829494,1008334800
2019-05-21,24.2,24.22,23.65,23.8,32300381,772911200
2019-05-22,23.89,24.83,23.71,24.2,26839086,649831600
2019-05-23,23.92,24.58,23.78,23.92,31946487,770602800
2019-05-24,23.7,24.2,23.47,23.68,22112495,525210300
2019-05-27,23.94,24.62,23.51,23.9,45411502,1090732000
2019-05-28,23.84,24.21,23.4,24.03,39438811,937038100
2019-05-29,23.75,23.89,23.45,23.45,22624329,534843000
2019-05-30,23.18,23.79,22.98,23.41,28574054,667101300
2019-05-31,24,24.34,23.5,23.83,50730488,1215300100
2019-06-03,23.68,23.97,23.11,23.15,30311706,712386500
2019-06-04,23.56,23.79,23.17,23.32,22239638,521338500
2019-06-05,23.64,23.64,22.82,23.01,20422471,472317700
2019-06-06,23.04,23.12,21.84,21.92,37499787,838735800
2019-06-10,22.06,22.84,21.85,22.71,22541032,505063600
2019-06-11,23.13,23.32,22.71,23.21,26856133,619782600
2019-06-12,23.25,23.25,22.26,22.44,23353387,528802700
2019-06-13,22.59,22.94,22.14,22.57,21414316,482377100
2019-06-14,23.03,23.18,22.11,22.3,22890310,516125900
2019-06-17,22.07,22.18,20.37,21.47,52044690,1105757200
2019-06-18,21.45,21.98,21.4,21.77,26878684,583327900
2019-06-19,22.57,22.88,22.36,22.39,37156072,838981900
2019-06-20,22.18,23.58,22.18,23.04,36257752,833819900
2019-06-21,23.46,23.47,22.81,23.14,24153818,558151300
2019-06-24,23.19,24.08,22.93,23.49,33046414,776301100
2019-06-25,23.32,23.43,22.44,22.74,25639455,584225700
2019-06-26,22.8,23.04,22.37,22.78,18834006,428533800
2019-06-27,22.96,23.44,22.96,23.17,24371231,565681200
2019-06-28,23.36,23.45,22.93,23.11,13484316,312158200
2019-07-01,23.69,24.05,23.33,23.43,36739047,869193400
2019-07-02,23.1,23.15,22.23,22.6,65695522,1482619300
2019-07-03,22.55,22.84,22.14,22.6,44155341,991898100
2019-07-04,22.6,22.88,21.98,22.28,27044054,605060300
2019-07-05,22.4,22.65,22.23,22.41,23429890,526704500
2019-07-08,22.28,22.39,21.57,21.85,27969490,611541200
2019-07-09,21.7,22.04,21.43,21.67,18812480,406743000
2019-07-10,21.87,21.9,21.64,21.77,10704623,232907500
2019-07-11,21.95,21.98,20.58,20.98,52830455,1109138300
2019-07-12,21.1,22.45,21.1,22.33,47339219,1037437000
2019-07-15,22.34,23.09,22.07,22.94,36177472,820425100
2019-07-16,22.86,23.17,22.65,23.1,21594039,495842400
2019-07-17,23.25,23.55,22.9,23.04,22285469,516914500
2019-07-18,24.45,25,23.7,24.06,64852315,1565677000
2019-07-19,24.4,24.44,23.83,24,28390230,685749300
2019-07-22,24.2,24.45,23.71,24.09,20325539,491084700
2019-07-23,24.3,25.05,24.09,24.95,42596614,1058745100
2019-07-24,25.09,25.14,24.78,25,25180689,628955600
2019-07-25,24.95,25.7,24.82,25.25,39263353,996944100
2019-07-26,25.21,26.26,25.1,26.05,41542023,1070562300
2019-07-29,25.95,26.3,25.81,25.91,31534630,821257300
2019-07-30,26.09,26.19,25.44,25.5,29660196,761775700
2019-07-31,25.5,26.06,25.44,25.73,23326910,601551800
2019-08-01,25.73,25.91,25.51,25.6,19379512,498373700
2019-08-02,25.15,25.95,25,25.37,29006927,736076400
2019-08-05,25.31,25.6,24.81,24.89,27219887,686332800
2019-08-06,24.48,25.09,24.21,24.9,27326727,672430700
2019-08-07,25.18,25.28,24.4,24.46,28587491,707504800
2019-08-08,24.8,25.15,24.6,24.92,25591156,637170900
2019-08-09,25.08,25.4,24.51,24.68,22914046,573029100
2019-08-12,24.9,25.19,24.72,25.16,22926102,573554700
2019-08-13,25.06,25.09,24.48,24.53,21915131,540706300
2019-08-14,24.86,24.88,24.05,24.46,34377951,836775200
2019-08-15,24.06,25.01,24.06,24.99,27679698,680149500
2019-08-16,25,25.12,24.1,24.4,35394749,867487100
2019-08-19,24.6,25.05,24.19,24.76,38485266,949377300
2019-08-20,24.7,24.73,24.22,24.59,35239317,861572600
2019-08-21,24.59,27.05,24.48,27.05,99192837,2606824100
2019-08-22,27.4,27.58,26.55,26.64,82065730,2218151800
2019-08-23,26.98,27.17,26.39,26.98,59606489,1597685100
2019-08-26,26.48,26.78,25.88,26.25,53596110,1412209800
2019-08-27,26.48,26.89,26.16,26.72,62444105,1660056700
2019-08-28,26.64,28.28,26.56,27.9,65498410,1800303200
2019-08-29,28.07,28.45,27.62,27.65,58721065,1638242200
2019-08-30,28.05,28.44,27.28,27.65,52604916,1467694500
2019-09-02,27.68,29.48,27.68,28.71,59521970,1700804200
2019-09-03,28.69,29.35,28.46,28.9,50097161,1446225100
2019-09-04,29.01,29.13,28.51,28.79,24708330,710433200
2019-09-05,29,29.08,28.7,28.95,37109024,1072171300
2019-09-06,29.03,29.15,27.59,28.05,65540532,1843673500
2019-09-09,27.98,28.54,27.22,27.97,61388011,1713575800
2019-09-10,28.3,28.42,27.4,27.75,38005616,1054582500
2019-09-11,28,28.07,27.3,27.62,32698746,901838300
2019-09-12,27.9,28.39,27.71,27.98,43682058,1223076400
2019-09-16,28.14,28.4,27.5,28.2,30759523,861664600
2019-09-17,28.34,28.34,27.37,27.56,27013649,746601000
2019-09-18,27.55,27.6,26.71,27.21,42260876,1140976300
2019-09-19,27.16,27.69,26.91,27.17,31501670,857249300
2019-09-20,27.29,27.65,27.03,27.55,29770193,815685500
2019-09-23,27.5,27.55,26.61,27.06,34762598,936612200
2019-09-24,27.28,28.44,27.09,28.2,52239336,1464775000
2019-09-25,27.8,27.99,26.06,26.39,67467698,1815132700
2019-09-26,26.49,27.28,25.98,26.41,44332034,1182629600
2019-09-27,26.2,26.74,25.76,26.47,26217161,689339400
2019-09-30,26.44,26.84,26,26.23,19075723,501001600
2019-10-08,25.79,26.39,25.74,25.8,22117513,576228700
2019-10-09,25.79,26.5,25.49,26.31,21488925,561630000
2019-10-10,26.35,26.85,26.11,26.58,29746127,790670600
2019-10-11,26.8,26.96,26.1,26.52,28490737,753965500
2019-10-14,26.52,27.05,26.38,26.69,39219852,1046725100
2019-10-15,26.81,26.9,25.81,26.38,35248927,924409900
2019-10-16,26.19,26.19,23.76,24.11,145534637,3539474000
2019-10-17,24,24.6,23.9,24.2,49594551,1200495600
2019-10-18,24.21,24.25,23,23.35,78605943,1839646000
2019-10-21,23,23.31,22.9,23.29,39607663,914271800
2019-10-22,23.27,23.3,22.8,23.21,36230265,835684200
2019-10-23,23.18,23.66,23.06,23.3,37597916,879322200
2019-10-24,23.32,23.35,22.6,23.13,37926986,870182300
2019-10-25,23.19,23.38,22.9,23.26,28147664,651917900
2019-10-28,23.31,23.47,23,23.22,32305619,748644200
2019-10-29,23.2,23.22,22.74,22.75,42825310,981989700
2019-10-30,22.69,23.03,22.4,22.84,31445317,716153600
2019-10-31,23.2,23.3,22.71,22.84,31327572,717766600
2019-11-01,22.8,22.8,22,22.38,47770429,1066605900
2019-11-04,22.52,22.92,22.2,22.8,50043344,1128844400
2019-11-05,22.8,22.91,22.36,22.77,46940848,1063412700
2019-11-06,22.82,23.67,22.8,23,59841413,1389832600
2019-11-07,23.1,23.28,22.67,22.82,38076268,872260400
2019-11-08,22.92,23.03,22.5,22.55,37423237,848893300
2019-11-11,22.33,22.57,22.08,22.23,35144031,782865900
2019-11-12,22.3,22.35,21.1,21.41,59702189,1282279300
2019-11-13,21.59,22.13,21.42,22.05,47603478,1041390400
2019-11-14,22.3,22.67,22.18,22.3,31102363,697005000
2019-11-15,22.45,22.5,21.97,21.97,22653578,503258800
2019-11-18,21.85,22.26,21.7,22.11,21948514,483105600
2019-11-19,22.16,22.82,22.02,22.79,37720145,853221800
2019-11-20,22.69,23.06,22.5,22.52,25806700,586204200
2019-11-21,22.42,23.08,22.38,23,29599811,677121000
2019-11-22,22.99,23.38,22.6,22.94,39861400,917805300
2019-11-25,22.86,22.98,22.37,22.75,27551966,624588900
2019-11-26,22.8,23.25,22.58,23.25,46937012,1082592900
2019-11-27,23.05,23.46,22.97,23.11,31198854,724570200
2019-11-28,23.02,23.5,23.02,23.44,41986668,980638900
2019-11-29,23.49,24.13,23.43,23.85,49408525,1176059700
2019-12-02,24.32,24.68,24.08,24.18,48474764,1177742200
2019-12-03,24.26,24.52,23.96,24.45,31087548,756697600
2019-12-04,24.16,24.65,24.1,24.4,21560147,526052400
2019-12-05,24.58,25.03,24.51,24.94,35635032,885553700
2019-12-06,24.94,26.05,24.93,25.6,51736219,1323042300
2019-12-09,25.72,26.08,25.06,25.22,43137770,1096748000
2019-12-10,25.28,25.45,24.8,25.05,34749675,871243700
2019-12-11,25.24,25.47,24.63,24.78,36927645,917128900
2019-12-12,24.89,25.27,24.78,24.98,35806619,895906600
2019-12-13,25.22,25.62,24.99,25,43858544,1111215200
2019-12-16,25.18,25.54,25.05,25.54,39441982,999964700
2019-12-17,25.55,26,25.19,25.76,45449245,1159275300
2019-12-18,25.5,25.66,25.3,25.57,25285693,643882500
2019-12-19,25.63,25.63,24.75,24.8,30709143,768043200
2019-12-20,24.8,25.07,24.5,24.55,23839803,589007200
2019-12-23,24.1,24.89,24.1,24.23,29359678,719067900
2019-12-24,24.25,24.55,24.12,24.42,16591890,404008100
2019-12-25,24.4,25.16,24.16,24.8,31975307,792299900
2019-12-26,24.82,25,24.3,24.44,29101227,713536700
2019-12-27,24.3,24.75,24.05,24.41,37565662,914607900
2019-12-30,24.43,24.99,24.1,24.98,33453436,823232000
2019-12-31,24.99,25.29,24.72,24.83,24612202,613393400
2020-01-02,25.08,26.91,25.05,26.53,77436790,2030589200
2020-01-03,26.8,27.25,26.43,26.98,61357482,1650919100
2020-01-06,26.77,28.18,26.7,27.6,62040753,1716774100
2020-01-07,27.6,27.94,27.19,27.63,35161009,970942800
2020-01-08,27.71,28.26,27.59,27.71,45767756,1276585600
2020-01-09,28.05,29.1,28.05,28.95,52586913,1504748400
2020-01-10,28.85,29,28.15,28.58,48453979,1383970100
2020-01-13,28.91,29.09,28.31,28.83,43925238,1264199600
2020-01-14,29,29.18,28.31,28.7,36617108,1048342500
2020-01-15,28.54,28.85,28,28.68,33237615,946253800
2020-01-16,28.58,28.71,28.18,28.45,35239514,1001975900
2020-01-17,29.25,29.66,28.41,28.88,52845044,1530882500
2020-01-20,28.83,29.09,28.45,28.99,30699627,884075500
2020-01-21,29.18,29.9,29.02,29.66,46709551,1380874200
2020-01-22,29.32,29.98,28.9,29.86,47105728,1386310000
2020-01-23,30.16,30.23,28,29.05,60602707,1785890000
2020-02-03,26.15,28.7,26.15,28,85337161,2334242500
2020-02-04,28.28,30.1,27.89,29.9,77601507,2254140000
2020-02-05,29.9,30.44,29.16,29.8,66526487,1975177600
2020-02-06,29.55,30.4,29.1,30.4,58022498,1733124300
2020-02-07,30.6,32.78,30.33,32.77,102674954,3277776400
2020-02-10,32.55,34.18,32.2,33.15,69744016,2322734900
2020-02-11,32.8,34.1,32.53,32.81,46772745,1548348800
2020-02-12,34.6,35.4,32.82,33.52,93313740,3165396000
2020-02-13,34.6,34.6,31.51,32.76,97626699,3229380300
2020-02-14,32.2,32.8,31.69,32.18,48510659,1566574500
2020-02-17,31.81,33.3,31.8,33.09,63068560,2061101000
2020-02-18,32.94,34.45,32.92,33.34,60683259,2038892400
2020-02-19,33.11,33.63,32.5,32.64,53714062,1770748600
2020-02-20,32.8,33.5,32.15,33.25,54117017,1785369000
2020-02-21,33.29,34.5,32.92,33.9,63833746,2163090600
2020-02-24,34.5,34.8,33.31,34,60600105,2053881300
2020-02-25,33.1,33.98,32,33.51,63592952,2115156400
2020-02-26,32.85,33.07,31.8,31.82,61217481,1981862900
2020-02-27,32.06,33.1,31.51,32.57,47378990,1530955600
2020-02-28,31.45,31.94,30.32,30.7,51978801,1617010300
2020-03-02,30.92,31.78,30.7,31.5,39261523,1232791200
2020-03-03,31.93,32.22,30.73,31.01,56608819,1785464600
2020-03-04,30.46,30.63,29.7,30.45,65017179,1957495400
2020-03-05,30.75,31.47,30.33,31.34,46030469,1428134500
2020-03-06,30.98,31.11,30.43,30.7,35125362,1080285600
2020-03-09,29.85,29.91,28.68,28.72,84462576,2464242500
2020-03-10,28.1,29.46,27.89,29.32,50351478,1449724600
2020-03-11,29.48,31.08,29.48,29.75,70324023,2132225600
2020-03-12,29.04,29.28,28.22,28.42,53165739,1521557300
2020-03-13,26.88,28.36,26.5,28,69261228,1897069300
2020-03-16,28.02,28.1,25.2,25.2,101805905,2658159800
2020-03-17,25.33,25.99,24.06,24.9,61204359,1521554500
2020-03-18,25.3,25.96,24.24,24.31,71981579,1811093100
2020-03-19,24.69,25.03,22.81,23.89,97959327,2311315100
2020-03-20,24.3,24.56,23.43,24.06,56516412,1356572800
2020-03-23,22.9,23.05,22.09,22.27,56629076,1276976900
2020-03-24,23,23.2,21.75,22.49,63987386,1432307900
2020-03-25,23.55,24.5,23.41,23.92,81204680,1947163900
2020-03-26,23.7,24.23,23.22,23.61,65182718,1548287500
2020-03-27,24.11,25.29,23.65,24.24,74286356,1806859600
2020-03-30,23.65,25.26,23,24.76,78783971,1900554400
2020-03-31,24.91,25.28,24.63,24.84,50978359,1270699500
2020-04-01,24.66,26.08,24.66,25.35,66288536,1697274500
2020-04-02,25.34,25.96,25.2,25.96,45151396,1159569900
2020-04-03,26,26,25.16,25.33,43756673,1112235600
2020-04-07,25.95,26.16,25.51,25.76,51885867,1338746400
2020-04-08,25.53,26,25.34,25.67,33300847,852599500
2020-04-09,25.49,25.74,24.98,25.09,45012336,1133252900
2020-04-10,24.93,25.25,24.65,24.75,24360444,607222600
2020-04-13,24.34,24.57,23.76,23.88,35099117,842194700
2020-04-14,24.44,25.3,24.13,25.28,50083352,1248299200
2020-04-15,25.46,25.78,25.15,25.24,39181357,997834800
2020-04-16,25,26.45,24.9,26.29,45680942,1179203500
2020-04-17,28.01,28.92,27.87,28.92,163880733,4709383800
2020-04-20,28.23,28.23,27.01,27.9,113856451,3143693300
2020-04-21,27.5,27.75,26.91,27.7,58169544,1586502200
2020-04-22,27.14,28.35,27.14,28.15,48617148,1352864800
2020-04-23,28.55,28.83,27.63,27.85,45624145,1278729300
2020-04-24,27.84,28.06,27.43,27.71,28566219,792425700
2020-04-27,27.67,28.59,27.35,28.34,41385013,1165598200
2020-04-28,28.5,30,27.73,29.8,67179327,1967967900
2020-04-29,29.67,30.19,29.32,29.98,43084490,1289273000
2020-04-30,29.98,31.42,29.98,30.81,56997343,1765933000
2020-05-06,30.41,31.16,29.9,30.53,64755598,1969447700
2020-05-07,30.79,31.59,30.51,31.19,47272089,1472036300
2020-05-08,31.35,31.61,31,31.2,30448994,952862000
2020-05-11,30.35,31.5,30.31,30.8,52947708,1635755400
2020-05-12,30.77,32.07,30.51,32,50416030,1588558300
2020-05-13,31.86,32.15,31.36,32.04,29077362,923707900
2020-05-14,31.77,31.78,30.49,30.53,49427234,1531466400
2020-05-15,30.78,31.42,30.5,30.65,34894830,1077126500
2020-05-18,30.97,32.84,30.72,31.74,61947608,1982394800
2020-05-19,32.32,33.3,32.27,32.42,46668636,1527923900
2020-05-20,32.8,32.88,31.69,31.86,31260748,1005749600
2020-05-21,31.86,32.11,31.31,31.75,29600786,939994800
2020-05-22,31.57,31.82,30.59,30.97,34566749,1073731600
2020-05-25,30.78,31.21,30.36,31.06,23532306,725455000
2020-05-26,31.22,31.65,30.63,31.47,40417920,1261776200
2020-05-27,31.4,31.9,31.13,31.28,21710609,683296100
2020-05-28,31.31,31.67,30.13,30.85,25746705,791462900
2020-05-29,30.79,32.5,30.52,32.41,40203090,1282991600
2020-06-01,32.9,33.1,32,32.99,39878863,1303423300
2020-06-02,32.69,32.88,31.93,32.06,33753656,1087101900
2020-06-03,32.06,32.21,31.68,32.02,23873411,762095500
2020-06-04,31.74,31.94,31.12,31.34,22445693,705754100
2020-06-05,31.2,31.55,30.94,31.31,20946768,653170400
2020-06-08,31.2,32.42,31.2,31.9,41362803,1318684200
2020-06-09,32,32.5,31.55,32.46,36796375,1186089200
2020-06-10,32.3,32.36,31.27,31.91,33869836,1074055600
2020-06-11,31.91,34.3,31.73,33.53,71914195,2405483800
2020-06-12,32.95,33.35,32.58,33.34,49553252,1633054000
2020-06-15,32.97,33.06,32.38,32.8,35697652,1166321600
2020-06-16,33.01,33.73,32.83,33,25850300,858113500
2020-06-17,33.6,33.71,32.69,33.25,26347026,872471600
2020-06-18,33,33.56,32.51,33.25,20871652,690508600
2020-06-19,33.55,34.25,33.35,33.95,47561201,1613390200
2020-06-22,33.99,35.1,33.73,34.68,43400368,1504121500
2020-06-23,34.68,36.25,34.34,36,59912485,2140768100
2020-06-24,36.4,38,36.36,38,65370858,2451092300
2020-06-29,39,41.03,39,40.3,85395112,3448248800
2020-06-30,40.92,41.13,39.52,40.73,44472742,1798968900
2020-07-01,41.22,41.91,40.45,41.63,40674124,1676870100
2020-07-02,41.58,42.8,40.6,40.94,60707545,2522995800
2020-07-03,40.6,42.58,40.6,41.7,49020189,2027133500
2020-07-06,42.43,45.35,42.4,44.46,58376356,2574875400
2020-07-07,44.75,46.66,43.72,44.2,74392143,3363136700
2020-07-08,44.35,46.18,44.3,46.13,56115460,2556978800
2020-07-09,46.1,47.33,45.76,46.35,56600375,2642634200
2020-07-10,45.6,47.01,45.46,46.21,41983226,1936222000
2020-07-13,46.11,48.06,45.95,47.6,51366511,2427848800
2020-07-14,47.6,49.78,47.3,48.89,57114984,2778240600
2020-07-15,49.6,50.88,48.4,48.66,76336324,3802311200
2020-07-16,49.1,49.7,45.71,45.8,80832505,3838066000
2020-07-17,45.21,47.7,44.6,46.26,51204079,2374205600
2020-07-20,47.6,48.58,46.76,47.73,52576431,2503420100
2020-07-21,48.2,49.96,47.88,48.7,74604070,3648731700
2020-07-22,48.6,49.15,47.77,47.92,65466656,3165397700
2020-07-23,48.31,52.71,48.31,52.71,99643581,5179381500
2020-07-24,53,54.77,50.53,51.2,102831257,5393239900
2020-07-27,53.26,55.22,52.68,53.8,89155050,4806269000
2020-07-28,53.8,54.08,51.69,53.07,57000117,3007849500
2020-07-29,53.8,55.62,52.11,54.48,71878462,3907025500
2020-07-30,54.86,57.62,53.51,57.32,86699418,4796791100
2020-07-31,56,57.97,55.05,56.8,68442942,3877601600
2020-08-03,58.2,59.89,57.42,57.7,57750056,3378813800
2020-08-04,57.75,58.94,56.94,58.51,40062756,2319835200
2020-08-05,58.35,58.5,55.58,57.92,50881229,2902694600
2020-08-06,57.5,57.79,54.84,55.5,59463074,3319178100
2020-08-07,55.51,59.35,55.51,58.2,75329908,4334283300
2020-08-10,58,60.11,56.98,58.68,57354877,3366980000
2020-08-11,59,59.85,56.48,57,45890328,2672887700
2020-08-12,57,57,54.01,55.36,61238800,3370903500
2020-08-13,56.5,57.1,55.38,56.09,34516941,1947171900
2020-08-14,55.46,56.71,54.72,56.35,30324163,1692248300
2020-08-17,55.81,56.89,55.31,56.02,45407556,2538416100
2020-08-18,56.02,58.3,55.68,56.8,46343112,2635906600
2020-08-19,57.19,57.3,53.54,53.54,55876056,3073200600
2020-08-20,53.52,54.58,51.3,51.42,61102510,3200701900
2020-08-21,52.96,55.02,52.8,54,60506949,3265198200
2020-08-24,55,58.73,54.69,58.3,79627428,4512003900
2020-08-25,58.35,59.62,57.7,58.85,43211817,2538451400
2020-08-26,58.2,59.18,56.4,57.6,42308238,2431459200
2020-08-27,57.92,60.85,57.72,60.6,58543845,3495231100
2020-08-28,63,63.65,59.51,62.96,79273838,4902063600
2020-08-31,62.99,65.67,62.31,63.28,54617444,3497798200
2020-09-01,63.3,67.28,63.2,67.28,53459193,3516669700
2020-09-02,68,68.49,65.99,68.01,43136276,2904928300
2020-09-03,67.95,68.2,65.75,66.45,42413895,2836005700
2020-09-04,65,67.33,63.88,66.4,47279377,3102108100
2020-09-07,66,67,61.9,62.52,49496517,3168745400
2020-09-08,62.39,65.29,61.5,63.5,47463816,3010739900
2020-09-09,61.82,63.63,59.72,62.85,52900839,3271746900
2020-09-10,63.58,65.44,62.74,63.91,40354402,2592634600
2020-09-11,64.76,70.1,64.16,69.82,77920876,5251141000
2020-09-14,71.7,74.53,71.3,72.82,86200846,6290525700
2020-09-15,71.9,73,70.85,71.97,42446810,3052536100
2020-09-16,72.99,76.2,71.85,73.2,65407809,4830262400
2020-09-17,72.12,75.49,71.6,74.5,51534654,3803223200
2020-09-18,74.2,74.71,71.1,72.05,65174259,4723911400
2020-09-21,72.96,73.66,70.01,71.19,49963183,3561680700
2020-09-22,71,71.41,69.34,69.99,37383857,2633542200
2020-09-23,71.11,76.99,69.9,76.99,80867791,5948487900
2020-09-24,75.89,76.4,69.61,69.69,95777268,6915747900
2020-09-25,70.96,73.02,68.75,71.12,54074175,3854105400
2020-09-28,72.68,76,72.15,74,60007877,4447064500
2020-09-29,75.1,75.9,73.31,75.09,41029327,3072972400
2020-09-30,74.56,76.71,74.56,75.01,38860738,2941760200
2020-10-09,80.27,82.51,79.1,82,88436151,7207571800
2020-10-12,82.82,83.1,80.5,82.73,58941421,4832335500
2020-10-13,81.8,83.27,79.51,82.69,44670525,3643901900
2020-10-14,79.88,81.7,78.5,79.82,73658391,5894438400
2020-10-15,80.95,81,75.01,77.9,63841823,4945880100
2020-10-16,77.72,78.56,75.88,76.32,43035664,3299249600
2020-10-19,76.48,76.79,70.52,71.5,103473845,7500260200
2020-10-20,71.73,73.48,71.1,73.09,56971335,4117928700
2020-10-21,73.99,74.35,70.7,72,48945237,3523062800
2020-10-22,71.66,71.66,69.03,70.5,50866651,3587023000
2020-10-23,71.1,72.13,67.5,67.95,56928956,3957170700
2020-10-26,67,71.28,65.7,70.31,73202207,5056808800
2020-10-27,69.7,71.6,68.68,71.34,47079397,3304922300
2020-10-28,70,72.95,70,72.16,53443834,3836261200
2020-10-29,71,75.25,70.5,74.2,54386853,3990578700
2020-10-30,74.99,76.81,73.36,75.99,63250613,4754890100
2020-11-02,70.51,75.66,70.12,73.73,90118712,6636313500
2020-11-03,74.1,74.52,70.02,70.96,71766587,5124332800
2020-11-04,70.96,71.83,67.97,69.8,77300522,5404993900
2020-11-05,72,74.21,71.8,73.99,84966622,6201404500
2020-11-06,75.5,76.2,70.53,71.33,73194101,5297353000
2020-11-09,71.45,74.21,69.83,72.17,73381973,5301783700
2020-11-10,72.4,76.09,70.33,74.79,73447787,5421538300
2020-11-11,74,76.9,73,73,63712003,4769818200
2020-11-12,74.59,74.8,69.8,70.05,87708343,6214710300
2020-11-13,70.07,70.19,64.07,66.56,142207143,9493407800
2020-11-16,66.69,67.85,64.1,66.87,65126385,4302979100
2020-11-17,66.92,67.29,64.5,65.19,51018579,3327658500
2020-11-18,64.9,65.42,62,62.74,88250937,5581719600
2020-11-19,63.1,65,62.33,64.83,58694643,3767211800
2020-11-20,65.88,67.28,64.89,66.89,51715043,3432420900
2020-11-23,67.59,68.4,65.79,67.7,56823514,3828114800
2020-11-24,67.64,67.64,65.67,66.88,36699801,2449921000
2020-11-25,67.06,68.56,66.18,66.78,35177193,2364771500
2020-11-26,66.4,67.6,65.1,67.47,38172903,2534575000
2020-11-27,67.37,69.9,66.8,69.5,55950524,3836510100
2020-11-30,69.01,69.55,67.8,68.7,41714973,2867889800
2020-12-01,68.95,70.49,68.56,69.92,43953172,3070193700
2020-12-02,70.5,71.3,68.88,69.72,33306008,2332341300
2020-12-03,70,70.34,69.01,69.43,24134177,1679295100
2020-12-04,69.45,69.66,67.6,69.24,37177216,2544614000
2020-12-07,69.78,72.25,69.2,71.72,55302553,3928961600
2020-12-08,72,73.48,71.5,72.54,44874562,3258636600
2020-12-09,72.58,74.1,72.1,73.37,45477908,3342658300
2020-12-10,73,75.25,71.75,74.1,57686786,4269499800
2020-12-11,75,75.08,72.02,72.8,52176438,3837048800
2020-12-14,74,77.49,73.3,75.77,64812554,4883935400
2020-12-15,75.77,76.55,74.15,76.31,49690071,3739938400
2020-12-16,78,78,75.46,76,43394743,3316647400
2020-12-17,75.27,75.47,73,74.81,45660247,3392596200
2020-12-18,74.75,77.8,74.44,77.65,49301851,3794209800
2020-12-21,84,85.42,82.01,85.42,104851998,8877337600
2020-12-22,86.5,90.94,86,87.9,124489504,1.10256834e+10
2020-12-23,89.88,93.54,89.09,92.2,93249498,8516037900
2020-12-24,90.98,92.37,89.47,90.6,59467376,5390501900
2020-12-25,91.5,93.93,90.2,93.45,77859333,7164351200
2020-12-28,93.47,94.7,90.8,92.15,63356777,5841807800
2020-12-29,92.39,92.4,87.6,88.4,87111987,7765578100
2020-12-30,90,92.32,88.54,90.74,75832989,6900215100
2020-12-31,91.8,93.73,89.13,92.2,85197903,7816656700
2021-01-04,92.2,101.42,92.2,100.1,113225943,1.11078388e+10
2021-01-05,99.01,106.88,97.9,104.87,99197922,1.02275067e+10
2021-01-06,104.91,108.3,103.55,107,86244761,9133467700
2021-01-07,109.58,114.78,107.5,113.55,98898721,1.09897994e+10
2021-01-08,116,117,106.94,110.4,126620017,1.40767835e+10
2021-01-11,110.8,110.8,104.77,106.15,98528650,1.05314426e+10
2021-01-12,105.66,110.62,104.88,109.95,85405608,9233938400
2021-01-13,110.12,114.37,106.65,108.18,87997639,9710763800
2021-01-14,106,106.12,99.99,100.99,120997501,1.2378368e+10
2021-01-15,99.9,103.35,98.51,102.35,79002625,7994646900
2021-01-18,100,104.3,99.37,103.17,71245294,7286087200
2021-01-19,105.5,106.87,101.08,102.5,61573611,6385967900
2021-01-20,103.3,108.38,101.8,108.31,73991177,7813323700
2021-01-21,109.76,115.66,107.5,114.02,95405837,1.06252673e+10
2021-01-22,114.05,121.91,114.05,119.7,88839728,1.049909e+10
2021-01-25,120.54,125,113.7,116.77,115561885,1.39530314e+10
2021-01-26,115.99,116.7,112.22,114.08,71769132,8207925400
2021-01-27,113.5,123,111.8,123,98860511,1.15871865e+10
2021-01-28,118.16,120.08,112.87,113.24,92057688,1.06924738e+10
2021-01-29,113,113,103.72,107.55,137375758,1.47902826e+10
2021-02-01,106,108.44,103.78,106.92,75254208,7970233000
2021-02-02,108.3,111.54,105.08,109.01,71491418,7762243300
2021-02-03,110.8,113.9,107.41,108.82,78981935,8716825100
2021-02-04,107,112.81,106.47,110.74,72816416,8021496000
2021-02-05,113.1,118.61,113,114.62,100245606,1.16049889e+10
2021-02-08,114.62,114.62,106.31,112.2,83632954,9227796600
2021-02-09,113,117.88,112.51,117.41,81408616,9467527900
2021-02-10,119.99,123.2,117.5,121.98,80983414,9813001100
2021-02-18,124.38,125.68,120.01,122.3,77889570,9556334100
2021-02-19,119.77,120.7,113.7,117,77777512,9080595700
2021-02-22,115,119.4,108.5,108.88,88753703,1.01136353e+10
2021-02-23,106,113.55,104.5,111.27,65535311,7225816000
2021-02-24,109.99,111.59,101.01,104,100515122,1.0619547e+10
2021-02-25,107,107.11,103.22,104,60249722,6342391900
2021-02-26,100,106.49,99,104.46,76398925,7876848200
2021-03-01,107.5,111.1,106.01,109.41,70236332,7666880800
2021-03-02,110.98,113.5,107.03,109.99,66514729,7372388200
2021-03-03,109.18,109.23,105.16,108,58829844,6283668200
2021-03-04,104.5,105,97.77,98.1,112907315,1.13685772e+10
2021-03-05,94.06,100.79,92.51,99.44,74392217,7246979200
2021-03-08,100,100.48,89.5,89.5,117406692,1.09218405e+10
2021-03-09,86.81,89.48,82.22,84,128754205,1.10228319e+10
2021-03-10,88,88.8,84.44,85,101546781,8772560900
2021-03-11,85.9,90.18,85.01,88.99,80542228,7091615600
2021-03-12,91.48,91.48,87.58,91.08,81926265,7375988800
2021-03-15,88.96,88.96,81.97,81.97,110187131,9238958100
2021-03-16,80.7,82.49,79.78,81.6,73154028,5942593500
2021-03-17,81.61,83.31,79.2,82.66,60705105,4964088200
2021-03-18,82.66,83.66,81.27,82.85,68075013,5606463000
2021-03-19,80,80.8,77.84,78.96,75484816,5972434800
2021-03-22,80,81.56,79.2,80.05,55205169,4434728200
2021-03-23,80,80.5,77.49,78.57,58049602,4541002800
2021-03-24,78.98,79.4,76.33,76.79,48389440,3746514600
2021-03-25,75.5,77.7,75.01,77,47345692,3623893900
2021-03-26,78.01,81.12,77.5,80.42,87221576,6951002500
2021-03-29,80.42,81.47,78.9,80.2,57740494,4637820500
2021-03-30,80.19,88.09,79.6,87.62,104460183,8887659600
2021-03-31,87.99,90.67,86.33,88,81182804,7161190400
2021-04-01,89.25,92.75,87.68,89.62,65377859,5894871600
2021-04-02,89.38,90.31,86.68,88.89,56409986,4984790600
2021-04-06,90.76,94.63,90.19,93.19,76607102,7082562600
2021-04-07,93.21,93.24,88.66,89.12,65815727,5907819800
2021-04-08,87,88.83,85.78,87.71,51570166,4514426100
2021-04-09,84,86.16,83.05,83.77,65257638,5500628400
2021-04-12,83,84.3,80.5,81.49,57856937,4742177400
2021-04-13,81.46,83.29,81,81.6,41493597,3399308700
2021-04-14,81.19,82.99,80.69,82.13,51578388,4217656600
2021-04-15,81.9,87.5,81.1,86.78,82360110,7021186700
2021-04-16,86.5,86.52,83.17,85.35,53880122,4556901800
2021-04-19,85.9,90.16,84.77,89.61,75210468,6647395600
2021-04-20,89.6,94.5,88.86,92.4,83943905,7759799200
2021-04-21,94,95.57,90.66,92.44,87086859,8130256300
2021-04-22,93.51,93.88,88.38,90.61,58328043,5283325100
2021-04-23,90.7,93.3,90.7,91.99,46036028,4246057600
2021-04-26,92.5,95.18,91.01,91.48,58306213,5456355900
2021-04-27,91.8,93.07,90.01,91.88,44338178,4055311100
2021-04-28,92,94.76,91.17,94.53,54504618,5101771100
2021-04-29,95.15,95.15,91.87,94.1,45202640,4237030100
2021-04-30,94.65,100.58,94.61,99.4,81083489,8006832800
2021-05-06,98.97,103.7,98.03,100,72318413,7293459200
2021-05-07,100.01,102.8,96,96.73,53589869,5300692500
2021-05-10,96.06,99.5,94.01,97.6,42820598,4159615000
2021-05-11,95.95,96.43,93.03,96.2,43506509,4120827700
2021-05-12,95.5,97.76,95.4,96.58,25541394,2470196200
2021-05-13,94.38,95.8,93.6,94.5,30315670,2864799400
2021-05-14,94.77,96.23,92.37,95.8,37096914,3505900000
2021-05-17,95.85,99.88,95.85,99.35,52381190,5177124800
2021-05-18,99.68,100.99,98.4,99.67,35040546,3487572200
2021-05-19,99.68,101.8,98.5,100.66,42186708,4240619500
2021-05-20,100.67,101.2,98,98.68,39598470,3923539900
2021-05-21,100.2,102.99,97.57,98.57,54224665,5412352000
2021-05-24,97.5,97.5,94.1,96.26,54417852,5201493900
2021-05-25,95.1,98,93.36,98,78022517,7455623400
2021-05-26,98,98.94,95.81,95.96,47284604,4579287900
2021-05-27,95.5,96.88,94.77,95.12,45713761,4368723700
2021-05-28,95.12,99.48,94.2,97.25,65790679,6408757700
2021-05-31,98,102.5,96.54,102.1,79134807,7942206500
2021-06-01,102.25,102.6,98.9,101.1,50285909,5051251800
2021-06-02,104,105.5,100.53,101.29,55812004,5725840100
2021-06-03,100,100.8,96.54,96.7,67463131,6626517400
2021-06-04,95.61,97.06,93.8,95.63,57663394,5481255100
2021-06-07,95.66,95.7,92.58,93.8,52096770,4871897500
2021-06-08,93.48,95.9,92.6,95.42,42543978,4043160800
2021-06-09,95.5,97.55,94,97.12,40653944,3901270000
2021-06-10,98.58,105.58,98.05,103.65,130853491,1.34175854e+10
2021-06-11,105.28,112,104.2,109.5,122298381,1.32269709e+10
2021-06-15,109.5,111,105.1,106.01,77604600,8323894300
2021-06-16,104.76,106,99.1,100.63,78299030,7959864200
2021-06-17,101.65,103.16,100.4,102.62,49986866,5100039300
2021-06-18,103.16,108.59,102.2,106.53,66276407,7032931900
2021-06-21,106.2,111,103.98,109.05,60488367,6565352200
2021-06-22,110.4,110.95,106.49,109.7,46905297,5092806500
2021-06-23,79.28,82.41,78.8,79.78,89935844,7269308600
2021-06-24,81.6,85.38,79.62,84.15,124449248,1.03010499e+10
2021-06-25,84.15,88.3,83.33,86.16,105987416,9172484200
2021-06-28,86.2,87.99,85.18,85.7,86729084,7484516000
2021-06-29,86.08,90.15,86.08,88.8,124714629,1.10739198e+10
2021-06-30,87.54,89.89,86.77,88.84,70711585,6236438200
2021-07-01,88.88,89.49,85,85.12,99166054,8542296900
2021-07-02,83.49,85.47,81.6,82.66,108676418,9032383100
2021-07-05,82.65,84.81,82.5,84.06,71523453,5972121400
2021-07-06,84.14,85.24,80.91,82.77,94982162,7858809800
2021-07-07,81.4,89.88,80.67,89.88,147792735,1.27787749e+10
2021-07-08,90,93,89,90.7,124701919,1.13693126e+10
2021-07-09,89.36,92.99,87.15,91.93,116408575,1.04949774e+10
2021-07-12,92.05,94.28,90.66,91.37,106693827,9849152800
2021-07-13,90.5,92.8,89.02,89.36,98026598,8843854200
2021-07-14,89.24,90.15,86.68,87.5,87699884,7727611600
2021-07-15,86.5,93.35,86.28,93.13,127437372,1.15909752e+10
2021-07-16,93,93.45,88.88,89,98078634,8926463800
2021-07-19,88.5,90.8,86.8,88.12,82384913,7284720100
2021-07-20,87.15,90.6,86.86,89.55,63820436,5701557000
2021-07-21,90.98,94.5,90.06,93.23,109484636,1.01509438e+10
2021-07-22,94,94.69,91.6,92.98,80130413,7439512400
2021-07-23,92.55,95.45,92,92.29,80354063,7511485500
2021-07-26,91.35,91.68,84.21,88.45,139085284,1.22800922e+10
2021-07-27,88,89.98,83.61,83.69,108094386,9393704700
2021-07-28,82,86.43,80.33,85.47,112052152,9416049100
2021-07-29,88,90.43,85.9,89.7,109580977,9672878700
2021-07-30,89.38,89.38,85.36,85.92,104609362,9115571600
2021-08-02,84.85,89,83.62,86.62,88048808,7621433700
2021-08-03,87.8,88.18,83.85,85.17,75226979,6457124500
2021-08-04,85.17,92.58,85.02,91.98,171055501,1.54607495e+10
2021-08-05,91.68,95.15,90.01,93.17,122497429,1.13730911e+10
2021-08-06,93.18,95.32,91.4,91.9,80494615,7491539100
2021-08-09,91.79,91.79,86.6,88.03,101955664,8965651900
2021-08-10,88.5,89.08,85.88,87.28,86153189,7492294300
2021-08-11,87.3,87.39,85,86.12,74832677,6423120900
2021-08-12,86,87.09,83.8,86.64,87028916,7433154600
2021-08-13,85,86,83.94,84.16,80445199,6800290600
2021-08-16,83.13,85.49,82.6,84.77,60071260,5073982600
2021-08-17,85.2,86.68,83.98,85,74163994,6350971100
2021-08-18,84.14,85.5,80.58,81.98,97381793,8050117100
2021-08-19,81.9,82.8,77.11,80.39,124239996,9902694500
2021-08-20,79.59,81.4,78.28,79.12,70466882,5607786100
2021-08-23,79.55,81.2,77.5,80.75,83060239,6605005800
2021-08-24,81.55,86,80.66,84.14,119642734,1.00487019e+10
2021-08-25,85.01,88.88,84.29,88.13,129419133,1.12282421e+10
2021-08-26,88.7,89.8,85.98,86,90619690,7949342300
2021-08-27,86,91.32,86,90.81,136577033,1.23001727e+10
2021-08-30,92.75,98.58,91.5,97.3,181945339,1.7373353e+10
2021-08-31,94.88,94.88,88.18,89.46,178754384,1.62707441e+10
2021-09-01,87.6,88.6,83.28,85.03,130517219,1.11912964e+10
2021-09-02,85.68,88.88,85.68,88.14,84470610,7404629700
2021-09-03,89.4,91.3,84.96,85.59,94880563,8352280900
2021-09-06,87,87.54,83.19,86.03,75698531,6448861500
2021-09-07,86.5,87.51,84.58,87.51,65098548,5626859200
2021-09-08,87.89,88.8,84,84.68,88382687,7571000400
2021-09-09,84,84.5,81,82.79,109468059,9005172500
2021-09-10,82,84.34,81.21,83.81,70163892,5823971100
2021-09-13,83.83,83.83,80.57,81.4,86888306,7087003400
2021-09-14,81.16,83.47,80.62,81.91,80055255,6562793700
2021-09-15,83.2,84.7,82.69,84.1,86506197,7249086700
2021-09-16,85,85.01,81.01,81.01,80257731,6573777900
2021-09-17,80.65,81.68,79,80.2,68416951,5469904500
2021-09-22,78.78,81.5,78.52,80.35,41437125,3329593500
2021-09-23,81.05,81.34,79.71,80.19,51737388,4147301500
2021-09-24,80.25,83.16,78.62,81.81,77635762,6315356300
2021-09-27,82.79,83.49,80.51,82.98,80901232,6669234400
2021-09-28,82.95,83.65,81.06,81.56,48331903,3970659400
2021-09-29,80.1,82.5,79.35,81.07,55654775,4524582900
2021-09-30,81.1,83.2,81.1,82.48,49199878,4061710400
2021-10-08,83.2,83.35,78.76,79.55,81486954,6559348600
2021-10-11,79.65,80.37,77.44,78.45,64577848,5090438800
2021-10-12,78.51,79.24,77.26,78.15,49573740,3875041400
2021-10-13,78.88,83.37,78.88,83.21,104191561,8514613600
2021-10-14,83.03,83.63,81.62,82.05,53064401,4381512100
2021-10-15,82,85.5,81.32,85,98494116,8300943400
2021-10-18,86.8,88,84,86.03,70585359,6052956800
2021-10-19,87.32,87.35,84.68,84.99,49006664,4189600300
2021-10-20,84.8,89.99,84.65,87.86,106879779,9453783700
2021-10-21,87.01,87.32,83.6,84.42,85008015,7224333000
2021-10-22,83.88,85.55,82.99,84.62,56081487,4733585800
2021-10-25,84.62,89.22,84.5,88,98362306,8657123800
2021-10-26,88.7,89.43,86.38,86.4,60343209,5276105100
2021-10-27,86.5,89.6,86,88.41,91967786,8130554200
2021-10-28,88.87,90.1,87.87,89.12,91200205,8152928300
2021-10-29,89.3,97.88,87.31,97.69,224362546,2.09350185e+10
2021-11-01,97.49,103.3,96.61,100.2,194407246,1.94242561e+10
2021-11-02,100,102.77,98.74,99.98,122523180,1.23282183e+10
2021-11-03,98,99.02,90.18,91,199318453,1.8736269e+10
2021-11-04,93,95.18,91.38,92.5,129788317,1.21328515e+10
2021-11-05,89.01,92.1,86.22,90,120233589,1.07225881e+10
2021-11-08,88.98,92.21,88.5,91.7,70095595,6370719700
2021-11-09,94.45,94.9,92.31,93.13,71535416,6693126100
2021-11-10,92.1,96.45,91.8,94.8,79183055,7439220800
2021-11-11,96.99,98,93.45,95.79,75911472,7281845500
2021-11-12,97.11,97.85,94.5,94.77,62762062,6029396200
2021-11-15,93.89,93.89,90.9,92.29,64053394,5898307700
2021-11-16,92.3,92.81,89.75,89.98,53349890,4844124000
2021-11-17,90.7,93.18,88.94,91.29,85488154,7779495300
2021-11-18,91.2,91.2,87.66,89.72,72448159,6466310700
2021-11-19,89.59,92.63,88.03,91.89,87859209,7934764900
2021-11-22,92.8,93.27,90.36,92.18,89945439,8255305000
2021-11-23,91.48,95.25,91.23,92.78,81741151,7654805900
2021-11-24,93.61,93.7,89.67,90.77,75053901,6839301500
2021-11-25,90,90,86.65,87.44,106746305,9373395900
2021-11-26,87,88.15,86.26,87.35,56355857,4907340400
2021-11-29,86,88.16,85.42,87.99,54189843,4720275000
2021-11-30,88.19,88.58,86.44,87.42,43095919,3772926300
2021-12-01,85.77,86.21,83.02,84.06,119572152,1.00722948e+10
2021-12-02,83.3,84.3,82.76,83.13,63510064,5291846700
2021-12-03,82.8,82.81,80.05,82.24,102142477,8287662700
2021-12-06,82,83.49,81.55,81.89,62961514,5185917700
2021-12-07,82.6,83.98,81.05,83.97,74880332,6160668500
2021-12-08,84.5,84.69,82.59,84.16,73079680,6125878400
2021-12-09,83.68,85.6,83.43,85,61713502,5237739100
2021-12-10,84.52,87.5,83.99,86.81,75287419,6483385100
2021-12-13,86.81,89.23,86.1,87.68,80177405,7064169400
2021-12-14,87.8,88.32,86.01,86.54,48498225,4216633700
2021-12-15,85.98,87.3,85,85.3,49505407,4245867000
2021-12-16,85.05,86.14,84.81,85.48,38149010,3254688200
2021-12-17,83.5,84.33,81.5,81.9,82185580,6786065400
2021-12-20,81.03,81.7,79.17,80.49,65710968,5268908800
2021-12-21,80.32,81,79.22,80.98,48588211,3890425800
2021-12-22,81.8,81.8,79.97,80.11,40272235,3234249900
2021-12-23,79.56,81,79.3,80.2,44036998,3531361300
2021-12-24,80.01,80.18,77.8,77.88,67551477,5289875000
2021-12-27,77.7,79.25,77.26,78.14,40790172,3192025300
2021-12-28,78,81.9,77.6,81.55,68694414,5504813500
2021-12-29,81.18,82.95,80.8,82.01,52876370,4344087200
2021-12-30,82.3,83.99,80.51,81.23,63287437,5210227400
2021-12-31,84,87.33,84,86.2,121377167,1.04205259e+10
2022-01-04,86.48,88.02,82.62,84.86,88124334,7463050400
2022-01-05,84.8,84.8,81.19,81.47,63103844,5206534600
2022-01-06,80,81.8,79.36,80.55,43689283,3520049200
2022-01-07,80.71,81.97,79.66,80.27,48117045,3880542700
2022-01-10,80.4,81.27,79.18,79.7,40547853,3236932100
2022-01-11,79.4,79.97,77.6,77.98,53476814,4183417200
2022-01-12,78.79,80.66,78.1,80.2,49716404,3960998800
2022-01-13,80.5,80.6,78.5,79.25,34884375,2766337500
2022-01-14,78.9,80.49,78.29,79.25,35027029,2776847700
2022-01-17,80.88,82.41,80.1,81.01,49900721,4056716900
2022-01-18,80.63,81.3,78.99,79.51,43247028,3461272600
2022-01-19,79.19,79.3,77.89,78.51,34566922,2707394700
2022-01-20,78,78.58,77.58,78.2,28325086,2210017400
2022-01-21,78,78,75.62,76,58237198,4448835200
2022-01-24,75.5,77.7,73.83,76.54,50896441,3867749400
2022-01-25,75.4,77,74.31,74.45,44192785,3340132500
2022-01-26,75.21,77.7,74.81,77.31,56634009,4329721600
2022-01-27,76.9,77,74.3,74.43,52513701,3960290500
2022-01-28,75.05,75.52,67.2,70.11,104046797,7340735000
2022-02-07,71.6,74.33,70.91,73.22,65889467,4810433600
2022-02-08,73.2,73.21,69.8,71.86,48666145,3466511000
2022-02-09,72.08,72.43,70.28,71.18,46237959,3289853700
2022-02-10,71.5,71.52,67.52,68.5,79541236,5474501800
2022-02-11,67,68.14,64.8,65.15,102083118,6757660100
2022-02-14,64.74,66.24,63.54,65.33,56197179,3668216700
2022-02-15,65.96,68.81,65.53,68.57,71562138,4824525000
2022-02-16,69.4,69.4,67.7,68.07,42037344,2871942000
2022-02-17,67.6,70.34,67.36,69.5,62247780,4334749000
2022-02-18,69,69.3,67.72,68.55,42451477,2907300600
2022-02-21,68.48,68.88,67.35,68.3,32603444,2218727000
2022-02-22,67.57,70.18,66.6,69.09,63348967,4358814400
2022-02-23,70.21,72.27,70.03,72,79090998,5649033300
2022-02-24,71.65,75.3,71.07,73.05,108228722,7934986700
2022-02-25,75,76.25,73.5,74.56,74417864,5582305900
2022-02-28,74.56,77.85,74.15,77.67,86930420,6647010900
2022-03-01,80.5,81.86,79.32,80.05,107707374,8664021000
2022-03-02,80.02,80.48,77.27,80.05,67437341,5331833400
2022-03-03,80.35,80.63,78.19,78.49,42857402,3389613900
2022-03-04,76.94,79.4,76.44,77.8,41125759,3209014200
2022-03-07,76.96,78.77,75.49,76.8,54183496,4167608900
2022-03-08,76.1,79.88,76.1,77.74,86917816,6821768600
2022-03-09,79.99,80.9,74,78.15,93353887,7257176500
2022-03-10,81.6,82.83,81.2,81.74,116753823,9573905000
2022-03-11,80.12,82.3,78.66,80.51,76791190,6184126500
2022-03-14,80.62,82.78,79.26,79.68,64085028,5199609900
2022-03-15,78.38,80.76,76.66,77.4,76187307,5967391300
2022-03-16,79.3,81.2,75.88,81,97703716,7729154500
2022-03-17,83,83.59,80.35,80.72,93895339,7686029300
2022-03-18,80.4,81.18,78.7,80.68,44280287,3539321700
2022-03-21,80.79,83,80.5,82.59,66953956,5494079100
2022-03-22,83.01,83.38,79.2,80.49,50803758,4122897500
2022-03-23,81.01,81.99,79.43,80.5,39980453,3233477300
2022-03-24,79.8,79.8,77.06,78.81,52216889,4086885000
2022-03-25,78.8,78.8,75.8,75.9,48868867,3755647600
2022-03-28,74.97,77.28,74.51,75.85,47207869,3591873800
2022-03-29,76.48,77.68,73.4,74.34,54570914,4105629800
2022-03-30,74.68,75.39,73.07,75.39,64552201,4819761000
2022-03-31,75.3,75.3,71.63,72.19,64970601,4718237600
2022-04-01,71,74.33,70,72.6,50523100,3661966000
2022-04-06,70,70.08,68,68.6,86552200,5951088500
2022-04-07,68.55,69.32,67.25,68.83,49737500,3406152300
2022-04-08,68.83,69.66,66.84,67.9,44996100,3067662300
2022-04-11,67.4,67.5,65.01,65.82,56560600,3736122300
2022-04-12,66.98,67.26,65.5,66.86,42166700,2804527700
2022-04-13,66.7,67.39,65.59,66.69,36988700,2468088500
2022-04-14,67.5,67.88,65.8,67.03,40211500,2679158400
2022-04-15,66,66.87,65,66.4,44969200,2962970200
2022-04-18,65.93,69.72,65.34,69.2,63622000,4352382900
2022-04-19,69,70.65,68.77,69.1,46731100,3252055400
2022-04-20,67.2,68.45,66.66,66.8,49272800,3308356500
2022-04-21,66.25,67.05,62,62.58,85058600,5436471700
2022-04-22,61,62.4,60.8,62,57313600,3535533400
2022-04-25,60,60.49,56.5,56.61,70046700,4085597500
2022-04-26,56.61,58.87,56.2,57.17,58094800,3339825300
2022-04-27,56.56,61.45,56.54,61.3,76161500,4523392200
2022-04-28,60,66,57.04,64.58,106998800,6788961400
2022-04-29,64.99,68.7,64.08,67.96,82860300,5518580000
2022-05-05,68.32,70.91,67.96,69.08,65786700,4565492400
2022-05-06,67.39,68.49,67,67.03,39039200,2637870700
2022-05-09,66.69,70,66.4,69.33,46367300,3189375400
2022-05-10,66.36,71.33,66.36,68.42,60685800,4199569400
2022-05-11,68.9,73,68.87,71.4,80878000,5796750900
2022-05-12,71.3,71.3,69.25,69.78,52691100,3687166200
2022-05-13,70.87,71.03,69.22,69.76,30223800,2112679200
2022-05-16,69.95,70.98,68,68,42243000,2907133800
2022-05-17,68.5,71,68.2,70.31,56616800,3950175800
2022-05-18,70.96,71.49,69.8,70.77,49397600,3488765900
2022-05-19,70.2,75.91,69.8,75.17,105898800,7795093300
2022-05-20,75.6,77.44,75.29,76.68,66173500,5051233600
2022-05-23,76.68,77,74.58,75.9,42216400,3195763300
2022-05-24,75.92,76.4,73.36,73.43,40964400,3063350400
2022-05-25,73.17,74.63,72.73,73.98,34088100,2514086200
2022-05-26,74,75.5,72.6,75.1,43947800,3272632700
2022-05-27,76.01,77.48,74.68,75.12,32885600,2500213800
2022-05-30,75.46,76.88,75,76.31,41753900,3185049800
2022-05-31,78.17,79.29,77.17,79.2,57834700,4545943800
2022-06-01,79.2,79.48,77.6,78.7,33501500,2632366600
2022-06-02,79,80.17,78,79.98,37722500,3003191400
2022-06-06,57.72,62.3,57,60.62,106850200,6382247900
2022-06-07,62.7,63.56,60.6,60.63,146726400,9075964000
2022-06-08,61.08,61.3,59.01,60.21,97431900,5842896400
2022-06-09,60.21,61.59,59.9,60.98,79466100,4828508500
2022-06-10,60,61.49,57.98,61.06,94122800,5680432200
2022-06-13,60.01,61.54,59.9,60.74,57838500,3502771200
2022-06-14,60.12,60.2,57.6,59.33,97331600,5729026700
2022-06-15,59.33,59.97,57.5,58.5,98114400,5740287900
2022-06-16,58.49,60.54,58.4,59.95,75299700,4512323100
2022-06-17,59.28,61.1,59.01,60.85,79561400,4821308200
2022-06-20,61.46,61.6,60.05,60.77,81262700,4952559800
2022-06-21,60.8,63.25,59.7,60.95,94543300,5784532700
2022-06-22,60.95,62.86,60.5,61.35,78396100,4842506200
2022-06-23,61.55,62.14,60.58,61.8,63082300,3877894400
2022-06-24,62.95,64.5,62.51,64.35,122096600,7805780000
2022-06-27,65.48,65.5,63.88,64.58,86273300,5579044600
2022-06-28,64.64,67.82,63.5,67.6,121405600,7984170200
2022-06-29,66.9,67.95,63.98,64.16,101455300,6694290300
2022-06-30,64.1,67.6,63.18,66.63,108237700,7087642400
2022-07-01,67.48,68,64.1,64.89,96494200,6383687600
2022-07-04,62.7,65.49,62.68,64.37,90995500,5835528500
2022-07-05,64.5,64.99,63.1,64.15,75624500,4829987100
2022-07-06,64.15,64.91,62.68,63.5,64483000,4104494400
2022-07-07,63.43,64.7,62.12,64.3,83172300,5292282000
2022-07-08,65.12,65.39,62.08,62.18,82312000,5200413600
2022-07-11,61.3,61.48,59.48,60.24,84187400,5065270900
2022-07-12,60.56,60.94,58.63,58.93,70807800,4204998300
2022-07-13,58.93,62.18,58.74,61.57,93418600,5684181900
2022-07-14,61.57,62.99,60.95,61.91,80066500,4969889400
2022-07-15,61.67,64.48,61.51,62.04,89454300,5650569100
2022-07-18,62.69,62.88,60.8,62.1,58142900,3594079200
2022-07-19,62.11,62.29,59.7,60.15,77031900,4654383900
2022-07-20,60.88,60.99,59.51,59.82,52961600,3177985500
2022-07-21,59.78,60.28,59.01,59.13,50010200,2981266300
2022-07-22,59.97,61.23,59.5,60.14,79303800,4778758000
2022-07-25,60.5,60.62,58.6,58.81,50360000,2974756400
2022-07-26,59,60.49,58.68,59.65,53219200,3179138200
2022-07-27,59.7,61.75,59.46,61.26,80522600,4904723500
2022-07-28,61.5,62.6,60.51,61.18,73277600,4527758700
2022-07-29,61.38,62.88,61.21,61.5,72345000,4485751600
2022-08-01,61.7,61.8,59.5,61.21,65237100,3952084400
2022-08-02,60.1,60.47,58.46,59.59,87874000,5216848700
2022-08-03,59.59,60.6,56.2,56.86,115070400,6661195300
2022-08-04,56.86,57.2,54.7,55.76,109406700,6095707100
2022-08-05,56.19,56.79,55.32,56.73,60235300,3378928700
2022-08-08,56.79,56.99,55.01,56.55,66609900,3740454600
2022-08-09,56.55,58.86,55.81,58.08,90564500,5240197700
2022-08-10,58.08,58.8,57.4,57.74,52105800,3015462600
2022-08-11,58.35,58.49,56.5,58,61488500,3542737500
2022-08-12,58.26,59.07,57.97,58.58,55361700,3243473900
2022-08-15,59,60.88,58.59,60.06,64450800,3873562100
2022-08-16,60.06,61.32,59.79,60.39,66659300,4044248300
2022-08-17,60.11,61.23,59.76,60.61,56832200,3451521800
2022-08-18,61.1,61.74,60.63,60.93,59790900,3653974600
2022-08-19,60.88,60.88,55.92,56.12,206066200,1.18058937e+10
2022-08-22,54.89,54.9,52.09,53.41,215794900,1.14992566e+10
2022-08-23,53.42,55.55,53.42,54.2,121696900,6618376700
2022-08-24,54.19,54.19,52.38,52.68,80135400,4252953100
2022-08-25,53.21,53.7,52,52.85,84850200,4488515400
2022-08-26,53.13,53.8,52.84,53.06,66788600,3556473100
2022-08-29,52.17,53.98,51.87,53.41,62725600,3341098000
2022-08-30,53.45,53.78,52.3,52.8,56585700,2988106400
2022-08-31,52.45,53.07,50.83,51.2,89249500,4602954300
2022-09-01,51.3,52.17,51.22,51.65,53374600,2763635600
2022-09-02,51.63,51.9,50.5,50.95,50214700,2563632000
2022-09-05,50.78,51.29,49.8,50.49,57716400,2910545400
2022-09-06,50.88,53.3,50.06,53.16,101490300,5304717800
2022-09-07,53,54.28,52.71,53.46,71398600,3842027200
2022-09-08,53.56,54.28,53,53.39,43317100,2318733000
2022-09-09,53.75,53.78,52.39,53.18,44094300,2332712600
2022-09-13,53.62,53.8,52.28,53.27,49046900,2596031500
2022-09-14,52.55,53.52,52.47,52.55,37889800,2001975800
2022-09-15,52.7,53.02,48.5,48.66,122774200,6114269600
2022-09-16,48.66,49.3,48.3,48.3,59273300,2894756000
2022-09-19,48.29,49,47.47,48.12,60166400,2885633100
2022-09-20,48.85,50.65,48.85,50.04,65014400,3251547800
2022-09-21,49.92,50.4,49.13,49.19,42638600,2117558900
2022-09-22,48.7,49.77,47.95,49.18,34740800,1704428800
2022-09-23,48.8,49.78,48.28,48.54,36464600,1780360900
2022-09-26,48.05,49.79,47.9,48.8,50841200,2489454300
2022-09-27,48.72,49.6,48.3,48.99,40924900,1998378100
2022-09-28,49.05,50.05,47.9,47.9,50513100,2470768800
2022-09-29,48.56,50.3,48.3,50.08,100628900,4998200400
2022-09-30,49.78,50.15,47.8,47.91,68274500,3323563200
2022-10-10,48.25,48.4,45.76,45.89,57621900,2679649500
2022-10-11,45.85,46.96,45.45,46.51,45328400,2100616400
2022-10-12,46.79,48.75,45.08,48.38,74735200,3497421400
2022-10-13,48.22,48.66,46.89,47,58611000,2790192900
2022-10-14,48.77,51.7,48.02,51.22,150922300,7588160600
2022-10-17,50.5,50.75,49.11,50.45,86232900,4313162700
2022-10-18,50.5,51.28,49.7,50.05,64050000,3224643600
2022-10-19,49.6,50.26,48.88,49.13,50767600,2508901800
2022-10-20,48.3,48.44,46.85,47.18,72871600,3454094000
2022-10-21,46.95,47.7,46.27,47.5,62850500,2957506900
2022-10-24,46.99,47.61,45.18,45.88,77594700,3590767700
2022-10-25,46.1,49.1,46.09,48.7,115276900,5528064600
2022-10-26,48.9,50.3,48.29,49.93,81521500,4040059300
2022-10-27,50.99,52.18,50.35,50.35,90262500,4625099800
2022-10-28,50.25,50.87,48.9,49.25,57829700,2876476300
2022-10-31,49,49.55,47.62,47.98,64390900,3121113100
2022-11-01,48.51,51.1,48.48,51.05,96391300,4836044700
2022-11-02,50.49,52.36,50.25,51.56,83933000,4319704400
2022-11-03,51.8,53.36,49.91,50.12,111493000,5718115300
2022-11-04,50.42,52.63,50.04,52.4,103229300,5355406900
2022-11-07,51.98,52.5,51.45,52.11,70637200,3675547900
2022-11-08,52.11,52.23,50.89,51.32,48857900,2506862900
2022-11-09,51.33,51.33,49.6,49.96,61063700,3059615400
2022-11-10,49.01,49.31,48.02,48.36,76025100,3686003600
2022-11-11,50.18,50.37,47.8,48.34,119830400,5836039500
2022-11-14,48.34,48.58,47,47.35,93259200,4435893600
2022-11-15,47.43,48.25,47.16,47.97,105363000,5026287100
2022-11-16,47.85,47.85,46.5,46.65,109158300,5132416200
2022-11-17,46.66,46.72,45.72,46.47,83164300,3828332600
2022-11-18,46.9,47.9,46.12,47,91501300,4330786500
2022-11-21,47.58,47.94,47,47.75,71874000,3419607800
2022-11-22,47.75,47.75,46.4,46.56,70747300,3313857100
2022-11-23,46.39,47.8,46.04,47.59,84360100,3980504900
2022-11-24,47.8,47.8,47.1,47.15,46779100,2215107200
2022-11-25,47,47,45.66,45.73,75285000,3456733200
2022-11-28,44.3,44.97,44.03,44.59,67861700,3016934300
2022-11-29,44.59,45.45,44.37,44.96,64797500,2910527200
2022-11-30,44.96,45.78,44.68,45.78,66644600,3025002700
2022-12-01,46.51,47.5,46.51,47.01,96543800,4543057800
2022-12-02,46.9,48.4,46.69,47.98,99617300,4774896800
2022-12-05,47.9,47.93,46,46.36,124351000,5786696500
2022-12-06,46,46.55,45.49,45.86,84968000,3897823800
2022-12-07,45.52,46.44,45.28,45.93,58811500,2710572700
2022-12-08,45.98,47.17,45.88,46.5,68925400,3214286000
2022-12-09,46.22,46.65,46.01,46.3,70575900,3260858400
2022-12-12,46,46.18,45.36,45.49,50667100,2312372300
2022-12-13,45.4,45.72,44.8,44.9,55034300,2480051200
2022-12-14,44.78,45.28,44.25,44.63,58962600,2628313300
2022-12-15,44.4,45.19,44.3,45.18,50811200,2275752100
2022-12-16,45,45.06,44.3,44.63,48531100,2162305400
2022-12-19,44.5,45.27,44.36,44.6,45499500,2038604700
2022-12-20,44.55,44.88,44.04,44.8,51226300,2276086700
2022-12-21,44.6,44.69,43.55,43.61,51499500,2266710500
2022-12-22,43.55,43.6,40.48,40.86,148383100,6146677300
2022-12-23,40.2,41.09,39.88,40.54,70632000,2845628400
2022-12-26,40.21,42.23,39.5,42,84183500,3480750600
2022-12-27,42,42.75,41.77,42.39,62786700,2656951200
2022-12-28,42.03,43.1,41.71,42.8,68258300,2904246300
2022-12-29,42.6,43.38,42.41,42.62,41541900,1778084700
2022-12-30,42.85,43.29,42.05,42.26,53364300,2269837800
2023-01-03,42.06,42.38,40.95,42.03,73504000,3067024500
2023-01-04,42.12,42.19,40.43,40.65,92043200,3770403400
2023-01-05,40.88,41.65,40.61,41.07,88368200,3629623900
2023-01-06,41.15,43.58,41.15,42.67,158692600,6808257100
2023-01-09,42.9,43.08,42.11,42.27,78935100,3356704100
2023-01-10,42.88,43.4,42.26,42.57,95953700,4105434900
2023-01-11,42.96,43.16,42.3,42.4,76434200,3264290200
2023-01-12,42.59,43.93,42.48,43.39,120881400,5251753100
2023-01-13,44.25,44.3,42.81,43.4,85540900,3710122300
2023-01-16,43.4,44.45,42.86,44,96258200,4221534400
2023-01-17,44.1,44.55,43.7,44.28,66065700,2917159100
2023-01-18,44.7,45.5,44.23,44.73,85596400,3840111100
2023-01-19,44.31,44.99,44.22,44.73,62234300,2778735200
2023-01-20,45.15,47.15,45.13,47.15,145232900,6748290000
2023-01-30,48.35,48.56,47.5,48,142424800,6859257400
2023-01-31,48.1,48.82,47.98,48.15,92416300,4465740300
2023-02-01,48.48,48.78,47.83,48.69,87038400,4203974400
2023-02-02,48.7,49.48,48.32,48.65,85506000,4180582200
2023-02-03,48.37,48.37,46.2,47.01,112250500,5278838400
2023-02-06,46.58,46.85,45.8,46.4,65482700,3022893600
2023-02-07,46.72,46.79,45.81,46.04,51815900,2392084800
2023-02-08,46.06,46.44,45.81,45.88,39754500,1829622500
2023-02-09,45.4,46.33,45.3,46.24,56488300,2597848800
2023-02-10,46.24,46.24,45.15,45.38,58748300,2673747800
2023-02-13,45.4,45.8,45.1,45.62,47668900,2170518500
2023-02-14,45.8,45.85,44.92,45.44,57853900,2615525800
2023-02-15,45.62,46.3,45.08,45.24,56625100,2581315300
2023-02-16,45.1,45.6,44.15,44.44,68909800,3099747900
2023-02-17,44.3,44.68,43.31,43.37,71372600,3127003800
2023-02-20,43.38,44.29,42.9,44.12,66480700,2893884700
2023-02-21,44.2,45.56,44,45.19,73357700,3288794900
2023-02-22,44.88,45.27,44.3,44.37,51384700,2294479300
2023-02-23,44.62,46.1,44.56,45.79,103269100,4707853500
2023-02-24,45.85,45.85,44.63,44.71,62764600,2824730600
2023-02-27,44.3,45.1,44,44.2,46065900,2047017400
2023-02-28,44.22,44.55,43.54,44.24,48597700,2137203100
2023-03-01,44.24,44.44,43.88,44.14,48180400,2126098700
2023-03-02,44.31,44.44,43.36,43.4,55478600,2426053900
2023-03-03,43.41,43.83,43.26,43.36,36838500,1600724000
2023-03-06,43.52,45.34,43.1,45.02,108645900,4823252400
2023-03-07,44.9,45.28,44.23,44.44,63859700,2848335400
2023-03-08,44.25,45.13,43.53,43.86,58059600,2562340100
2023-03-09,43.99,44.1,43,43.02,55241500,2389827800
2023-03-10,42.28,42.55,41.95,42.12,57616700,2430854200
2023-03-13,41.92,42.78,41.71,41.99,54839700,2311789000
2023-03-14,42.22,42.25,40.88,41.88,72782600,3023175600
2023-03-15,42.23,43.35,41.96,42.24,58653800,2492932700
2023-03-16,41.8,41.95,39.87,40,114734500,4655310100
2023-03-17,40.44,40.68,39.18,39.33,95380300,3792663100
2023-03-20,39.08,39.73,38.4,39.21,80514800,3148980800
2023-03-21,39.04,39.5,38.62,39.45,71459000,2788823400
2023-03-22,39.8,39.97,39.05,39.38,71049700,2805450000
2023-03-23,39.01,39.52,39.01,39.51,41981700,1649362100
2023-03-24,39.59,40.29,39.21,40.05,70157800,2801708500
2023-03-27,40.2,40.7,39.74,40.29,65619000,2639927500
2023-03-28,40.59,40.59,39.85,39.85,42659200,1707068100
2023-03-29,40.11,40.74,39.93,40.03,46043400,1851672600
2023-03-30,40.01,40.58,39.7,40.51,69791200,2813220400
2023-03-31,40.55,40.97,40.35,40.41,55930600,2270277500
2023-04-03,40.75,41.12,40.12,40.63,61996400,2518115700
2023-04-04,40.69,40.69,39.75,40.19,66944300,2678956500
2023-04-06,40,40.47,39.88,40.29,44238700,1774400400
2023-04-07,40.28,40.98,40.08,40.47,47116100,1912241500
2023-04-10,40.72,41.26,40.48,41.23,63590500,2604302800
2023-04-11,41.49,41.5,40.38,40.46,77047500,3134487800
2023-04-12,40.4,40.4,39.5,39.61,70316700,2794776300
2023-04-13,39.71,40.09,39.28,39.38,50323100,1993140300
2023-04-14,39.12,39.8,38.52,39.26,65955500,2587382900
2023-04-17,39.18,39.75,39.02,39.62,53646000,2118102900
2023-04-18,39.87,40.35,39.69,40.01,63250300,2532041000
2023-04-19,40.07,40.13,38.87,38.93,84715100,3316621800
2023-04-20,38.8,38.85,37.3,37.61,120177600,4547548400
2023-04-21,37.56,38.31,37.05,37.44,93891800,3534855800
2023-04-24,37.27,37.3,36,36.23,89548700,3258702200
2023-04-25,36.14,36.49,34.87,35.01,96318200,3400448200
2023-04-26,34.98,37.25,34.7,36.26,117170900,4241878400
2023-04-27,36.28,36.39,35.2,35.97,79208400,2825318700
2023-04-28,35.5,35.73,34.45,34.87,150595900,5256435700
2023-05-04,34.59,35.04,34.03,34.09,103790500,3566181800
2023-05-05,33.9,33.9,32.87,33.16,124302500,4134979200
2023-05-08,33.22,33.8,32.9,33.53,82477200,2752822200
2023-05-09,33.7,33.74,32.98,33.03,74279500,2467768800
2023-05-10,32.9,33.58,32.72,33.41,75643600,2511216000
2023-05-11,33.64,34.19,33.2,33.75,82717300,2794777600
2023-05-12,33.7,33.85,32.75,32.8,79579000,2632738700
2023-05-15,32.8,33.83,32.8,33.83,92095700,3088262100
2023-05-16,33.85,34.2,33.48,33.64,68947700,2329331000
2023-05-17,34.01,34.35,33.45,33.65,64493100,2177000600
2023-05-18,33.53,33.61,32.9,33.08,64558700,2139815400
2023-05-19,32.99,33,32.62,32.96,60420900,1982730800
2023-05-22,32.82,33.55,32.75,33.35,66584500,2210809600
2023-05-23,33.2,33.69,32.86,32.9,61042800,2024011600
2023-05-24,32.77,33.74,32.45,33.11,115322400,3820681000
2023-05-25,32.71,33.14,32.15,32.44,139412100,4544351700
2023-05-26,32.13,32.13,30.88,31.49,143373300,4489110000
2023-05-29,31.74,31.74,30.02,30.25,157555700,4791851600
2023-05-30,30,30.25,29.01,29.5,165612500,4881820800
2023-05-31,29.4,29.57,28.78,28.82,114333400,3313375500
2023-06-01,28.82,29.08,28.6,28.63,94846000,2733247900
2023-06-02,28.8,29.44,28.55,29.24,107596300,3136148400
2023-06-05,29.2,29.31,28.34,28.41,108063200,3095760300
2023-06-06,28.39,28.39,27.64,27.66,114212200,3185390700
2023-06-07,28.06,28.28,27.28,27.5,93772400,2591066200
2023-06-08,27.5,27.84,27.32,27.34,92243900,2541337200
2023-06-09,27.3,27.77,27.01,27.6,116106900,3196323200
2023-06-12,27.54,28.08,27.18,27.82,100009800,2771123700
2023-06-13,27.7,27.96,27.48,27.75,75198700,2080492200
2023-06-14,27.76,27.88,27.32,27.32,94396000,2600302000
2023-06-15,27.32,29.27,27.23,29.18,269027700,7642940600
2023-06-16,29.24,29.75,29,29.63,211363100,6219801100
2023-06-19,29.33,29.33,28.55,28.98,119855800,3462429900
2023-06-20,28.81,29.15,28.56,28.73,87968600,2533980100
2023-06-21,28.65,29.06,27.97,27.99,115369200,3281017900
2023-06-26,27.69,28.55,27.36,28.01,106561000,2969480800
2023-06-27,28.05,28.75,27.65,28.18,100090100,2823086100
2023-06-28,28.13,29.42,27.91,29.32,217675200,6310237800
2023-06-29,29.35,29.88,28.82,28.85,167319600,4897457000
2023-06-30,28.77,29.18,28.43,28.67,139580100,4017050300
2023-07-03,28.67,29.3,28.57,28.88,115034600,3329320000
2023-07-04,28.89,29.05,28.6,28.82,86753600,2497224500
2023-07-05,28.82,28.82,28.1,28.15,97080900,2753409000
2023-07-06,28.02,28.18,27.7,27.89,68420500,1910525400
2023-07-07,27.75,27.83,27.32,27.36,75908800,2087565600
2023-07-10,27.58,29.74,27.5,29.69,287700200,8392411400
2023-07-11,29.65,29.65,28.89,29.24,132140000,3853372300
2023-07-12,29.23,30.98,28.71,30.55,284773500,8599331700
2023-07-13,30.58,31.31,30.4,30.67,187284700,5750139100
2023-07-14,30.48,30.85,29.99,30.04,148801000,4501547300
2023-07-17,29.76,30.19,29.56,29.79,82001600,2442225200
2023-07-18,30,30.08,29.26,29.5,88232200,2600239400
2023-07-19,29.5,29.52,29.06,29.24,64572200,1886337300
2023-07-20,29.35,30.27,29.09,29.56,152913600,4533131800
2023-07-21,29.3,29.45,28.6,28.69,141951400,4108657000
2023-07-24,28.47,28.79,28.19,28.34,64768800,1841754200
2023-07-25,28.78,29.47,28.65,29.22,126207300,3680517600
2023-07-26,29.13,29.67,28.99,29.29,100655400,2952125400
2023-07-27,29.18,29.38,28.57,28.65,111683300,3232654900
2023-07-28,28.51,29.65,28.32,29.5,137567100,4011861400
2023-07-31,29.8,30.49,29.7,29.85,142726300,4284580300
2023-08-01,29.85,30.04,29.13,29.3,118055700,3477943900
2023-08-02,29.31,29.47,29,29.09,73225800,2134347200
2023-08-03,29.88,30.88,29.79,30.85,294502100,8985302100
2023-08-04,31.17,31.2,30.46,30.76,187951500,5793661300
2023-08-07,30.77,30.88,30.3,30.51,94648300,2879540900
2023-08-08,30.81,30.9,29.88,30.23,115000000,3475408700
2023-08-09,30.02,30.41,29.99,30.11,83830400,2528543700
2023-08-10,30.02,30.48,30.02,30.21,81609000,2467101800
2023-08-11,30.15,30.15,29.4,29.42,101320000,3011237200
2023-08-14,29.02,29.32,28.77,29.31,87698300,2548216700
2023-08-15,29.21,29.28,28.27,28.39,125273000,3581741600
2023-08-16,28.2,28.57,27.91,27.94,89310500,2513336000
2023-08-17,27.71,28.27,27.52,28.18,75107900,2097194800
2023-08-18,28.1,28.48,27.9,27.91,89352100,2519992100
2023-08-21,27.59,27.71,27.01,27.01,110615000,3020626600
2023-08-22,27.15,27.25,25.39,25.84,244960400,6357169900
2023-08-23,25.55,25.66,24.79,24.81,133432700,3364687300
2023-08-24,24.81,26.09,24.81,25.76,153524000,3932404600
2023-08-25,25.56,25.9,25.31,25.53,76417800,1954007700
2023-08-28,27.5,27.55,26.28,26.48,188184000,5057315500
2023-08-29,26.48,27.26,26.42,27.1,124133300,3348455100
2023-08-30,27.13,27.44,26.75,26.85,101226200,2734086800
2023-08-31,26.81,26.96,26.42,26.55,72665900,1935398300
2023-09-01,26.71,26.8,26.43,26.58,48686600,1292837200
2023-09-04,26.8,27.08,26.34,27.04,99568100,2673181400
2023-09-05,26.88,28.45,26.68,28.1,220343800,6101814300
2023-09-06,27.73,28.38,27.6,27.87,153774300,4290199700
2023-09-07,27.65,27.65,26.74,26.74,118236700,3206173500
2023-09-08,26.6,26.81,26.2,26.32,76072800,2009039300
2023-09-11,26.15,26.87,26,26.66,93810300,2484803900
2023-09-12,26.48,27.15,26.3,26.85,95325900,2549099500
2023-09-13,26.71,26.99,26.31,26.41,59515500,1581734100
2023-09-14,26.41,26.48,26.02,26.13,57496400,1506241900
2023-09-15,26.29,26.7,26.07,26.26,84923300,2238194500
2023-09-18,26.09,26.73,25.78,26.32,71963500,1895927700
2023-09-19,26.24,26.27,25.85,25.95,62864900,1633045300
2023-09-20,26.03,26.12,25.65,25.74,49699400,1283810800
2023-09-21,25.59,25.79,25.38,25.38,61657200,1573694100
2023-09-22,25.2,25.98,25.18,25.95,94814300,2430765800
2023-09-25,25.8,26.35,25.72,26.18,85949800,2240496500
2023-09-26,26.1,26.43,26.06,26.14,62986300,1651556600
2023-09-27,26.14,27.98,26.11,27.74,239748800,6569522900
2023-09-28,27.72,27.94,27.25,27.28,133371300,3669438000
2023-10-09,27.15,27.36,26.78,27.1,92318800,2499365800
2023-10-10,27.1,27.24,26.69,26.71,75115000,2018932500
2023-10-11,26.98,27.6,26.85,26.96,97900700,2659249600
2023-10-12,27.16,27.42,26.85,27.32,102125900,2775269400
2023-10-13,26.98,26.98,26.57,26.8,84795900,2264826000
2023-10-16,26.64,27.08,26.17,26.33,79521300,2109172200
2023-10-17,26.45,26.52,26.07,26.22,55629000,1461519900
2023-10-18,26.21,26.21,25.81,25.87,52581600,1362958200
2023-10-19,25.61,25.96,25.4,25.46,76849700,1967808600
2023-10-20,25.27,25.76,25.17,25.55,91872000,2344863100
2023-10-23,25.3,25.34,24.47,24.7,98435600,2443261800
2023-10-24,24.7,24.88,24.24,24.7,82216900,2019425700
2023-10-25,24.91,25.1,24.54,24.65,81609900,2025264400
2023-10-26,24.06,24.18,23.36,23.9,132566300,3144111400
2023-10-27,23.58,25.07,23.55,24.98,133811700,3272042800
2023-10-30,24.72,25.38,24.65,25.16,96013900,2406053700
2023-10-31,23.97,24.53,23.94,24.13,155497100,3760351700
2023-11-01,23.95,24.08,23.23,23.33,155287400,3653692200
2023-11-02,23.25,23.39,22.4,22.41,176863200,4032721200
2023-11-03,22.4,23.03,22.38,22.87,128526700,2933232100
2023-11-06,23.04,23.76,23.02,23.45,142217700,3334656200
2023-11-07,23.46,23.5,23.07,23.43,96384500,2241677500
2023-11-08,23.35,23.73,23.21,23.42,99070900,2323813300
2023-11-09,23.28,24.56,23.2,24.24,234394500,5675198300
2023-11-10,24.02,24.04,23.53,23.53,124791700,2954913300
2023-11-13,23.7,24.07,23.56,23.84,89379900,2125224000
2023-11-14,23.92,24.14,23.58,23.73,106310400,2528189500
2023-11-15,24.18,24.64,23.98,24.39,180220300,4388281000
2023-11-16,24.21,24.24,23.7,23.71,122351700,2919005600
2023-11-17,23.51,23.6,23.35,23.59,81540900,1913708600
2023-11-20,23.58,23.68,23.2,23.49,76748600,1796892000
2023-11-21,23.57,23.74,23.26,23.29,88626400,2083796000
2023-11-22,23.16,23.26,22.79,22.79,82250800,1889651400
2023-11-23,22.78,22.94,22.6,22.88,70521300,1605082300
2023-11-24,22.84,22.84,22.5,22.52,71101900,1606269200
2023-11-27,22.5,22.5,21.82,21.87,105333800,2314160500
2023-11-28,21.77,21.97,21.6,21.9,69585900,1516713200
2023-11-29,21.9,21.95,21.4,21.46,83308400,1795537000
2023-11-30,21.41,21.62,21.19,21.23,75831900,1619503200
2023-12-01,21.1,21.29,20.88,21.21,94275300,1987593600
2023-12-04,21.22,21.37,21.06,21.06,63928700,1352736200
2023-12-05,21.01,21.28,20.59,20.61,93581300,1960918800
2023-12-06,20.5,21.3,20.46,21.1,112859800,2375564500
2023-12-07,20.95,21,20.63,20.78,84114900,1747690000
2023-12-08,20.96,21,20.6,20.73,70311700,1462786900
2023-12-11,20.49,20.84,20.21,20.8,96010200,1964585600
2023-12-12,20.75,21.04,20.69,20.82,71017000,1479629400
2023-12-13,20.6,20.77,20.28,20.29,72573100,1486211300
2023-12-14,20.5,20.83,20.31,20.33,65268600,1338634100
2023-12-15,20.48,21.08,20.48,20.68,158029200,3286300100
2023-12-18,20.53,20.68,20.15,20.19,79044500,1607566000
2023-12-19,20.13,20.6,20.01,20.37,88068500,1791144900
2023-12-20,20.46,20.57,20.27,20.28,72312900,1474750800
2023-12-21,20.13,21.45,20.08,21.28,246619500,5202143500
2023-12-22,21.15,21.54,20.91,21.22,147876000,3135909900
2023-12-25,21.24,21.36,21.04,21.28,69229900,1466873200
2023-12-26,21.22,21.22,20.86,20.98,72784600,1529795800
2023-12-27,20.98,21.06,20.48,20.68,81230500,1676695300
2023-12-28,20.61,22.75,20.51,22.75,311857900,6888607300
2023-12-29,23.2,23.2,22.72,22.9,265105100,6085166200
2024-01-02,22.61,22.89,22.2,22.2,158862000,3561320800
2024-01-03,22.2,22.58,22.09,22.39,129243500,2882721800
2024-01-04,22.28,22.3,21.75,21.98,111338100,2444688700
2024-01-05,21.86,22.25,21.37,21.58,113427200,2472077500
2024-01-08,21.41,22.18,21.36,21.61,118135700,2572504500
2024-01-09,21.62,22.87,21.44,22.24,207367000,4612609300
2024-01-10,22,22.8,21.86,22.23,167731500,3755500000
2024-01-11,22.02,22.5,21.92,22.36,157721000,3504532500
2024-01-12,22.2,22.8,22.03,22.11,156650200,3505886700
2024-01-15,21.9,22.28,21.76,21.84,107490500,2358263700
2024-01-16,21.7,22.33,21.58,22.12,133489000,2938793800
2024-01-17,22,22,21.28,21.3,116013800,2507187800
2024-01-18,21.06,22.82,21.01,22.8,317670000,7033198400
2024-01-19,22.64,22.78,22.1,22.1,177203700,3958954200
2024-01-22,22,22.2,21.41,21.72,156563100,3418198000
2024-01-23,21.69,22.55,21.46,22.06,159178100,3518887800
2024-01-24,22.09,22.19,21.11,21.78,166323800,3595040100
2024-01-25,21.66,22.3,21.36,22.3,156629100,3424201700
2024-01-26,22.05,22.42,21.82,21.96,115554200,2551259000
2024-01-29,21.7,21.71,20.4,20.4,205640600,4295463500
2024-01-30,20.27,20.68,20.18,20.23,98092700,2001228200
2024-01-31,20.15,20.46,19.35,19.35,154970200,3060176700
2024-02-01,19.09,20.09,19.09,19.59,112429100,2212673600
2024-02-02,19.5,19.72,18.21,18.87,144910000,2748174100
2024-02-05,18.8,18.86,17.6,18.17,150172900,2740768400
2024-02-06,18.11,19.64,18.04,19.6,164509800,3142216400
2024-02-07,19.66,20.11,19.42,19.77,166356000,3295976600
2024-02-08,19.9,20.36,19.9,20.21,123119000,2478967600
2024-02-19,20.21,20.35,20,20.19,97521000,1962738600
2024-02-20,20.18,20.18,19.74,19.98,88467200,1757737200
2024-02-21,19.81,20.74,19.68,20.4,135713900,2757569300
2024-02-22,20.3,20.99,20.3,20.62,101104900,2082462200
2024-02-23,20.62,21.09,20.62,20.88,115406800,2411162000
2024-02-26,20.9,20.99,20.55,20.68,92406500,1917118500
2024-02-27,20.6,21,20.51,21,102484000,2128543500
2024-02-28,21.22,21.84,20.62,20.62,181017400,3852192700
2024-02-29,20.45,21.25,20.36,21.24,139351300,2920787500
2024-03-01,21.5,21.68,21.09,21.6,162120100,3475248700
2024-03-04,21.56,21.98,21.37,21.53,141672800,3061363900
2024-03-05,21.3,21.33,20.85,21.02,135556300,2850175200
2024-03-06,21,21.84,20.74,21.43,155308900,3313587700
2024-03-07,21.3,21.48,20.8,20.8,109826900,2315713400
2024-03-08,20.82,21.65,20.82,21.53,167907200,3595525700
2024-03-11,21.98,22.34,21.58,22.16,217045200,4767220700
2024-03-12,22.22,22.56,22.06,22.32,171224500,3815728100
2024-03-13,22.26,22.26,21.84,21.89,125699300,2764116500
2024-03-14,21.89,21.98,21.33,21.55,110653700,2394231800
2024-03-15,21.46,21.56,21.12,21.41,93310800,1987194400
2024-03-18,21.44,21.67,21.31,21.67,108590200,2336927200
2024-03-19,21.49,21.83,21.15,21.15,136318500,2916690400
2024-03-20,21.12,21.39,20.92,21.11,93926700,1983439100
2024-03-21,21.03,21.16,20.77,20.85,99508200,2079052600
2024-03-22,20.72,20.78,20.07,20.09,136915100,2776339300
2024-03-25,20,20.29,19.87,19.94,80229800,1609005800
2024-03-26,20,20.34,19.9,20.22,85389400,1715647100
2024-03-27,20.21,20.21,19.54,19.54,91370500,1811244800
2024-03-28,19.54,19.83,19.51,19.61,70429300,1384672900
2024-03-29,19.65,19.77,19.28,19.51,72830400,1420515900
2024-04-01,19.66,20.17,19.62,20.15,101911900,2038910500
2024-04-02,20.15,20.26,19.8,20.05,88354200,1766602100
2024-04-03,19.95,20.09,19.79,19.85,58842700,1170345900
2024-04-08,19.8,19.8,19.4,19.41,73266100,1431786900
2024-04-09,19.4,19.78,19.37,19.67,61760100,1213041300
2024-04-10,19.67,19.69,19.08,19.17,67519600,1302305300
2024-04-11,19.09,19.23,18.84,19.02,60596200,1154143000
2024-04-12,19.02,19.09,18.53,18.56,75958900,1421011600
2024-04-15,18.55,19.04,18.51,18.69,80228400,1506081300
2024-04-16,18.67,18.67,18.16,18.2,73071800,1339533100
2024-04-17,18.23,18.6,18.23,18.6,70902700,1309818600
2024-04-18,18.54,18.92,18.22,18.79,85820300,1602270200
2024-04-19,18.68,18.68,18.25,18.45,90072900,1658497500
2024-04-22,19,19.68,18.99,19.25,168203700,3255373700
2024-04-23,19.04,19.33,18.73,18.78,91924400,1739280000
2024-04-24,18.8,18.84,18.35,18.5,70340400,1300237500
2024-04-25,18.4,18.58,18.1,18.27,76537600,1399919800
2024-04-26,18.2,18.7,18.15,18.62,97797000,1814623700
2024-04-29,18.64,19.33,18.61,19,129473600,2460590200
2024-04-30,18.6,18.7,18.11,18.2,180880700,3306061400
2024-05-06,18.3,18.68,18.3,18.51,111996900,2074242500
2024-05-07,18.4,18.77,18.23,18.77,101616500,1886072700
2024-05-08,18.77,18.77,18.5,18.51,67601800,1255470500
2024-05-09,18.59,19.3,18.57,18.96,146389900,2789006300
2024-05-10,18.92,18.92,18.51,18.62,105445100,1965177600
2024-05-13,18.6,19.09,18.31,18.92,122782700,2308094700
2024-05-14,18.99,19,18.72,18.83,66437000,1250412000
2024-05-15,18.83,19.05,18.65,18.67,57277100,1075756300
2024-05-16,18.61,18.67,18.4,18.54,70768300,1311818700
2024-05-17,18.35,18.62,18.16,18.62,79274500,1456614300
2024-05-20,18.5,18.74,18.45,18.5,62363300,1157588700
2024-05-21,18.47,18.49,18.26,18.3,53146200,973606700
2024-05-22,18.51,19.86,18.51,19.56,300693200,5765513900
2024-05-23,19.5,19.55,18.86,18.93,177308000,3394936400
2024-05-24,18.86,19.3,18.72,18.76,113040000,2145871400
2024-05-27,18.78,18.86,18.28,18.53,97675600,1800967600
2024-05-28,18.44,18.7,18.37,18.49,67522900,1247997800
2024-05-29,18.69,19.39,18.69,19,190074100,3645745700
2024-05-30,19.11,19.3,18.83,18.9,97719700,1856844600
2024-05-31,18.92,18.95,18.57,18.59,83109100,1552557300
2024-06-03,18.54,18.56,18.35,18.52,69763800,1286583800
2024-06-04,18.44,18.65,18.3,18.63,66617000,1231272600
2024-06-05,18.4,18.42,18.21,18.28,72848400,1334767800
2024-06-06,18.25,18.45,17.11,17.18,192123400,3376060600
2024-06-07,17.05,17.28,16.54,16.74,163618900,2739495900
2024-06-11,16.61,16.69,16.41,16.59,76439100,1266989600
2024-06-12,16.65,16.68,16.46,16.65,67113600,1113468900
2024-06-13,16.65,16.73,16.48,16.51,65970800,1093118100
2024-06-14,16.52,16.79,16.25,16.72,83305400,1386973000
2024-06-17,16.72,16.88,16.45,16.72,66002600,1101457000
2024-06-18,16.69,16.94,16.65,16.74,57319500,961572900
2024-06-19,16.74,16.74,16.33,16.36,74791400,1229311800
2024-06-20,16.3,16.3,15.57,15.58,133604000,2114995500
2024-06-21,15.58,15.98,15.46,15.46,105776200,1656667300
2024-06-24,15.33,15.46,15,15.03,101495000,1541305200
2024-06-25,15.02,15.17,14.31,14.44,154008200,2251920600
2024-06-26,14.44,14.7,14.23,14.66,114267000,1654972400
2024-06-27,14.53,14.62,14.26,14.26,83292800,1197505300
2024-06-28,14.28,14.44,13.98,14.02,101795800,1445147100
2024-07-01,14.01,14.19,13.77,14.05,84507000,1180658800
2024-07-02,13.98,14.08,13.78,13.82,75838900,1053524500
2024-07-03,13.77,14.01,13.61,13.85,84253200,1163233800
2024-07-04,13.87,13.91,13.45,13.46,85024100,1154990900
2024-07-05,13.4,13.67,13.34,13.51,78547200,1060008200
2024-07-08,13.39,13.39,13.02,13.09,97012300,1275748200
2024-07-09,13.06,13.23,12.78,13.16,148944900,1937575300
2024-07-10,12.89,14,12.81,13.56,216412000,2942658200
2024-07-11,13.8,14.61,13.71,14.22,224628400,3193918900
2024-07-12,14.11,14.4,14.07,14.18,122187600,1737603200
2024-07-15,14.08,14.09,13.73,13.89,80608900,1118633000
2024-07-16,13.8,14.08,13.7,14.07,88603900,1233759700
2024-07-17,14.24,14.35,14.04,14.1,97903000,1387114500
2024-07-18,13.95,14.17,13.81,14.11,82913700,1160895100
2024-07-19,14.01,14.5,13.95,14.39,108092100,1542319200
2024-07-22,14.28,14.6,14.25,14.38,91263900,1316820500
2024-07-23,14.33,14.47,14,14.02,70437400,1001641800
2024-07-24,13.95,14.13,13.58,13.65,76165700,1048446700
2024-07-25,13.55,14.28,13.51,13.98,116835300,1636616600
2024-07-26,13.92,14.23,13.82,14.14,74002400,1042080400
2024-07-29,14.14,14.17,13.8,13.83,65220300,906148600
2024-07-30,13.83,14.06,13.74,13.88,54100900,749657000
2024-07-31,13.88,14.5,13.78,14.5,119831900,1711856200
2024-08-01,14.48,14.57,14.28,14.37,68484800,985604000
2024-08-02,14.31,14.54,14.18,14.22,68235200,977642900
2024-08-05,14.18,14.88,14.07,14.09,137818000,1996329800
2024-08-06,14.35,14.68,14.25,14.45,118874200,1718248800
2024-08-07,14.4,14.4,14.12,14.23,80946200,1151181200
2024-08-08,14.2,14.35,14.06,14.15,63903200,905747500
2024-08-09,14.2,14.26,13.81,13.81,74801000,1045273800
2024-08-12,14.05,14.23,13.86,13.93,66517100,930598200
2024-08-13,13.85,14.18,13.67,14.01,68789800,957666600
2024-08-14,14.02,14.3,13.81,13.82,53696300,748831800
2024-08-15,13.75,14.24,13.65,14.07,87214400,1219783200
2024-08-16,14.06,14.1,13.7,13.72,68626900,949536500
2024-08-19,13.71,13.71,13.47,13.48,54337700,735997500
2024-08-20,13.55,13.58,13.25,13.3,49785600,666636300
2024-08-21,13.25,13.41,13.21,13.22,40856600,543335700
2024-08-22,13.25,13.32,12.84,12.88,62854800,816112100
2024-08-23,12.86,13.01,12.79,12.9,38021900,490883200
2024-08-26,12.92,13.23,12.91,12.99,52978100,691398200
2024-08-27,13.02,13.56,12.7,13.23,118238700,1560061200
2024-08-28,13,13.33,12.8,13.14,88004000,1144573900
2024-08-29,13.1,13.76,13.05,13.56,125203200,1681021300
2024-08-30,13.42,14.03,13.36,13.81,147359200,2024480100
2024-09-02,13.66,13.86,13.19,13.19,103147400,1386609600
2024-09-03,13.19,13.62,13.1,13.51,83896700,1128573700
2024-09-04,13.46,13.9,13.44,13.67,96883400,1328252700
2024-09-05,13.66,14.04,13.66,13.76,91287800,1266618000
2024-09-06,13.76,13.76,13.48,13.53,45070100,611884000
2024-09-09,13.44,13.59,13.25,13.31,56056200,750079500
2024-09-10,13.3,13.37,13.03,13.13,57679300,759058400
2024-09-11,13.03,13.45,13.03,13.36,74278800,986430100
2024-09-12,13.33,13.92,13.29,13.43,108466800,1483005200
2024-09-13,13.43,13.56,13.14,13.14,52844100,702573400
2024-09-18,13.13,13.19,12.87,12.96,55884200,724535100
2024-09-19,13.04,13.51,12.85,13.32,84957300,1126781700
2024-09-20,13.29,13.29,12.71,12.8,133902600,1723833500
2024-09-23,12.77,12.87,12.71,12.73,55858400,712384100
2024-09-24,12.98,13.6,12.85,13.59,230834300,3067870700
2024-09-25,13.8,14.1,13.71,13.74,173952500,2418916400
2024-09-26,13.67,14.57,13.65,14.56,178539600,2528860000
2024-09-27,14.8,16,14.79,15.96,201126300,3112951200
2024-09-30,16.9,17.56,16.51,17.56,395953400,6817840800
2024-10-08,19.32,19.32,18.01,19.28,491217900,9315052900
2024-10-09,18.6,18.6,17.35,17.35,333385500,5958697400
2024-10-10,17.03,17.68,16.58,16.95,202509800,3468415800
2024-10-11,16.7,16.82,15.99,16.2,160525500,2624754400
2024-10-14,16.35,16.92,16.13,16.75,169800100,2808827300
2024-10-15,16.48,16.79,16.3,16.3,118726300,1963020900
2024-10-16,16.05,16.2,15.81,15.93,112272800,1794074000
2024-10-17,15.95,16.1,15.59,15.61,108221600,1714793400
2024-10-18,15.55,16.54,15.45,16.45,181629600,2900552400
2024-10-21,16.58,18,16.58,17.51,298251200,5173065200
2024-10-22,17.3,18.78,16.91,18.38,341557300,6083088700
2024-10-23,18.38,20.22,17.94,19.58,495626100,9517227600
2024-10-24,19.7,19.73,18.54,18.6,282227900,5360615300
2024-10-25,18.6,20.46,18.59,20.46,480935400,9636191100
2024-10-28,20.88,20.88,19.63,20.08,425165400,8535400500
2024-10-29,20.5,21.15,19.16,19.24,364336200,7241822700
2024-10-30,19,19.85,18.85,19.25,206869100,3984188400
2024-10-31,19.8,20.1,19.4,19.74,305103800,6047425600
2024-11-01,19.63,19.8,18.9,19.01,213943900,4116410000
2024-11-04,19.01,19.42,18.93,19.26,133271000,2554980800
2024-11-05,19.2,19.79,19,19.63,170740800,3326352800
2024-11-06,19.63,19.97,19.08,19.21,215069600,4193886600
2024-11-07,18.71,19.19,18.39,19.18,204755100,3856961700
2024-11-08,19.25,19.75,19.11,19.23,173910200,3373517700
2024-11-11,19.08,20.18,19.03,20.02,240059600,4752825100
2024-11-12,20.07,21.17,19.91,20.1,292140900,5999069500
2024-11-13,19.8,20.18,19.68,20.08,154407800,3070609800
2024-11-14,20.3,20.34,19.16,19.19,141929900,2785287600
2024-11-15,19.19,19.38,18.5,18.52,142101300,2694306700
2024-11-18,18.49,18.76,18.11,18.21,108782300,1997738200
2024-11-19,18.34,18.73,17.89,18.64,98080400,1798205900
2024-11-20,18.65,18.71,18.35,18.6,74567700,1381754500
2024-11-21,18.98,19.15,18.45,18.61,96446900,1806966900
2024-11-22,18.5,18.57,17.71,17.75,104835800,1902125500
2024-11-25,17.7,17.92,17.55,17.81,71174400,1263982400
2024-11-26,17.99,18.55,17.9,18,93722800,1709683500
2024-11-27,18.05,18.39,17.87,18.35,75487900,1367008100
2024-11-28,18.2,18.76,18.14,18.27,68824300,1268653000
2024-11-29,18.3,18.64,18.18,18.5,81069400,1495120600
2024-12-02,18.18,18.45,17.77,18.43,102282400,1862712700
2024-12-03,18.55,18.69,18.25,18.48,77452300,1426456000
2024-12-04,18.36,18.5,17.9,17.93,84109600,1523541200
2024-12-05,17.78,18,17.78,17.94,52115000,931582300
2024-12-06,17.95,17.96,17.38,17.85,107096300,1896650600
2024-12-09,17.86,17.9,17.55,17.63,71200900,1260159800
2024-12-10,18.16,18.24,17.56,17.62,93592800,1673014300
2024-12-11,17.55,17.78,17.53,17.69,55553500,981421700
2024-12-12,17.57,17.87,17.52,17.78,61791400,1094649200
2024-12-13,17.69,17.69,17.01,17.02,126250300,2179286400
2024-12-16,17.09,17.16,16.74,16.86,74362000,1255440800
2024-12-17,16.75,16.85,16.6,16.68,66576000,1112520100
2024-12-18,16.79,16.83,16.58,16.63,48528900,810443900
2024-12-19,16.4,16.74,16.25,16.62,64976900,1073593600
2024-12-20,16.63,16.69,16.31,16.34,75248400,1238069600
2024-12-23,16.31,16.6,16.2,16.24,82953200,1356910100
2024-12-24,16.22,16.59,16.2,16.39,80271200,1319262900
2024-12-25,16.65,16.69,16.31,16.36,55585900,914200200
2024-12-26,16.42,16.42,16.13,16.19,58244100,945650100
2024-12-27,16.23,16.32,16.05,16.15,61083100,990279500
2024-12-30,16.17,16.27,16.02,16.24,57291400,925326600
2024-12-31,16.2,16.4,15.7,15.71,87113400,1390268500
2025-01-02,15.7,15.8,15.3,15.43,82825300,1287616500
2025-01-03,15.43,15.56,14.97,15,72200700,1101114300
2025-01-06,15,15.28,14.91,15.17,64829200,979232000
2025-01-07,15.05,15.27,15.02,15.24,46637100,707882500
2025-01-08,15.24,15.28,14.81,15.09,60062100,903552100
2025-01-09,15,15.17,14.93,14.98,50701100,761659100
2025-01-10,14.95,15,14.46,14.46,63916300,938941400
2025-01-13,14.35,14.72,14.29,14.63,53287900,776603000
2025-01-14,14.7,15.15,14.6,15.11,67300800,1004866700
2025-01-15,15.06,15.75,14.88,15.26,110917900,1697709200
2025-01-16,15.2,15.6,15.17,15.4,72388500,1112621000
2025-01-17,15.19,15.63,15.09,15.16,74709900,1139120400
2025-01-20,15.22,15.35,15.13,15.14,50221400,764215000
2025-01-21,15.2,15.24,14.72,14.8,66324400,986145000
2025-01-22,14.75,14.76,14.44,14.61,54116000,788366300
2025-01-23,14.68,14.94,14.52,14.53,68503300,1008420700
2025-01-24,14.5,15.04,14.46,14.96,87251300,1292682000
2025-01-27,14.96,15.29,14.8,14.9,63660400,954286500
2025-02-05,15.01,15.28,14.86,15.08,64403300,969896100
2025-02-06,15.01,15.44,14.81,15.43,82077000,1250605800
2025-02-07,15.44,16.55,15.4,16.23,198533100,3195290600
2025-02-10,16.3,16.3,15.78,16.03,121138500,1929731000
2025-02-11,16.08,16.14,15.58,15.68,98180600,1543449900
2025-02-12,15.7,15.85,15.56,15.85,80259500,1260615400
2025-02-13,15.8,15.91,15.7,15.72,70244000,1110070300
2025-02-14,15.71,16.02,15.68,15.81,63170800,1001485200
2025-02-17,15.71,16.16,15.71,16.04,101910100,1629038800
2025-02-18,16.06,16.36,15.79,15.83,114096400,1838039500
2025-02-19,15.7,16.66,15.68,16.35,147753500,2401647500
2025-02-20,16.34,16.34,15.97,16.04,87543700,1407786900
2025-02-21,16.09,16.25,15.96,16.15,74850100,1206177000
2025-02-24,16.15,16.47,16.05,16.36,97591200,1590803000
2025-02-25,16.23,16.7,16.16,16.45,128376000,2115512300
2025-02-26,16.63,17.49,16.56,17.43,250774600,4279579500
2025-02-27,17.49,17.5,16.84,17.1,150263000,2568978100
2025-02-28,17.1,17.3,16.64,16.71,112993100,1915809500
2025-03-03,16.7,17.3,16.7,17.01,128477100,2196117400
2025-03-04,16.95,17.49,16.8,17.43,141920600,2454627900
2025-03-05,17.37,17.37,16.88,17.06,103317000,1761565400
2025-03-06,17.17,17.26,16.91,17.13,92256500,1577909200
2025-03-07,17.13,17.55,16.85,17.35,148750700,2563603500
2025-03-10,17.41,17.55,17.07,17.22,89986800,1554372700
2025-03-11,17,17.33,16.8,17.33,85021400,1452929900
2025-03-12,17.3,17.39,17,17.03,65633000,1124377500
2025-03-13,17.1,17.13,16.72,16.81,61605100,1039732800
2025-03-14,16.89,17.65,16.83,17.52,188600400,3280948700
2025-03-17,17.7,17.99,17.55,17.67,105927000,1878658800
2025-03-18,17.67,17.97,17.63,17.9,87154800,1551810000
2025-03-19,17.86,17.86,17.58,17.66,67185700,1188455100
2025-03-20,17.6,17.69,17.37,17.43,64635600,1131237500
2025-03-21,17.45,17.53,17.05,17.06,80968500,1394690800
2025-03-24,17.08,17.23,16.85,17.05,67638600,1151645800
2025-03-25,17.1,17.47,16.99,17.17,67000000,1155844000
2025-03-26,17.1,17.65,17.03,17.36,77109600,1342127300
2025-03-27,17.27,17.33,17.01,17.04,58344400,998057200
2025-03-28,17.01,17.25,16.86,16.87,48176600,818938800
2025-03-31,16.82,16.83,15.8,15.85,137934400,2227587400
2025-04-01,15.85,16.21,15.71,16.04,66493300,1063764200
2025-04-02,15.99,16.13,15.92,15.96,44738100,716440100
2025-04-03,15.65,16.09,15.56,15.76,51242800,811316100
2025-04-07,15,15,14.18,14.18,153699600,2208421100
2025-04-08,14.39,14.65,14.25,14.52,120651300,1736527400
2025-04-09,14.34,14.71,14.01,14.71,100811200,1453952400
2025-04-10,15.29,15.33,14.91,15.03,82702200,1243323700
2025-04-11,14.98,14.98,14.73,14.8,79030300,1172564300
2025-04-14,14.94,15.15,14.9,14.9,66135400,991448500
2025-04-15,14.89,14.91,14.66,14.73,48122400,709303400
2025-04-16,14.75,14.98,14.4,14.98,69318300,1008031200
2025-04-17,14.8,15.02,14.71,14.97,54062200,804286600
2025-04-18,14.88,14.95,14.77,14.85,32496400,482603400
2025-04-21,14.8,14.92,14.72,14.87,33240400,493156300
2025-04-22,14.86,14.93,14.66,14.8,39106400,578932700
2025-04-23,14.85,15.07,14.82,14.9,51057100,762252900
2025-04-24,14.92,15.13,14.71,14.71,55009800,818367500
2025-04-25,14.71,14.98,14.66,14.89,49858200,738475300
2025-04-28,14.89,15.25,14.83,14.95,70294700,1056992500
2025-04-29,14.95,15.11,14.83,14.86,37879400,566080800
2025-04-30,14.7,15.04,14.61,14.7,68110300,1008039300
2025-05-06,14.82,15.14,14.75,15.03,84579100,1269076700
2025-05-07,15.34,15.37,14.96,15.1,61118900,921366100
2025-05-08,15.01,15.35,14.98,15.27,66488300,1013941600
2025-05-09,15.28,15.28,14.92,14.92,53092100,797244300
2025-05-12,15.09,15.39,15.08,15.39,99346300,1517265400
2025-05-13,15.64,16.13,15.53,15.63,155788600,2465768400
2025-05-14,15.49,15.65,15.31,15.53,76118100,1176080400
2025-05-15,15.49,15.49,15.09,15.09,66450700,1010161800
2025-05-16,15.08,15.18,15.05,15.15,43780800,661757800
2025-05-19,15.1,15.13,14.91,15.09,36278000,545336700
2025-05-20,15.1,15.12,14.97,15.11,30116900,453421100
2025-05-21,15.12,15.23,15.05,15.13,40698800,617024200
2025-05-22,15.08,15.12,14.97,15.01,30219000,454481100
2025-05-23,15,15.22,14.92,14.92,45995600,692593700
2025-05-26,14.93,15.15,14.9,14.99,36720100,550921100
2025-05-27,14.91,14.98,14.38,14.44,112400500,1633303800
2025-05-28,14.46,14.49,14.31,14.35,38955600,560052900
2025-05-29,14.35,14.54,14.31,14.53,43385100,626880200
2025-05-30,14.49,14.53,14.37,14.38,50511000,728441600
2025-06-03,14.32,14.42,14.24,14.35,32764300,469992000
2025-06-04,14.4,14.55,14.39,14.48,38805300,561672400
2025-06-05,14.48,14.54,14.4,14.5,30876300,446328800
2025-06-06,14.51,14.54,14.41,14.47,35512000,513919700
2025-06-09,14.26,14.57,14.07,14.48,83383400,1197979100
2025-06-10,14.43,14.64,14.27,14.3,68546600,989361100
2025-06-11,14.32,14.72,14.32,14.72,97979700,1435315900
2025-06-12,14.61,14.79,14.58,14.74,51390200,756075900
2025-06-13,14.68,14.72,14.38,14.42,60291800,874908400
2025-06-16,14.43,14.69,14.41,14.64,51363300,748669100
2025-06-17,14.65,14.68,14.48,14.58,34222700,497606700
2025-06-18,14.54,14.68,14.49,14.59,36101000,526557400
2025-06-19,14.53,14.72,14.32,14.33,52159000,756133700
2025-06-20,14.45,14.79,14.2,14.24,83756000,1212495300
2025-06-23,14.15,14.43,14.08,14.29,50439500,717927000
2025-06-24,14.29,14.53,14.29,14.51,69402600,1002883800
2025-06-25,14.55,14.66,14.36,14.64,77500700,1125039200
2025-06-26,14.59,14.79,14.47,14.47,64464200,942710400
2025-06-27,14.48,14.88,14.48,14.57,72478800,1063024000
2025-06-30,14.81,15.2,14.81,15.02,108319500,1621976500
2025-07-01,14.93,14.95,14.75,14.86,63491900,942363600
2025-07-02,14.96,15.61,14.93,15.56,209882300,3215872900
2025-07-03,15.56,15.67,15.33,15.54,109059200,1687486000
2025-07-04,15.8,15.95,15.5,15.57,129398300,2028999600
2025-07-07,15.45,15.64,15.41,15.47,51664400,800112600
2025-07-08,15.41,16.5,15.4,16.47,222980300,3603593400
2025-07-09,16.35,16.75,16.27,16.37,148994100,2462427100
2025-07-10,16.3,16.82,16.3,16.46,165854900,2752068600
2025-07-11,16.53,16.56,16.24,16.25,117601000,1919925300
2025-07-14,16.2,16.38,16.07,16.16,89263500,1444926400
2025-07-15,16.15,16.26,15.87,16.02,93218600,1493745100
2025-07-16,16.02,16.07,15.75,15.91,84228200,1336311200
2025-07-17,16.18,16.36,15.96,16.21,120886900,1953775800
2025-07-18,16.1,16.4,16,16.07,80595600,1301639700
2025-07-21,16.1,16.36,16.04,16.31,80640300,1309532200
2025-07-22,16.28,16.65,16.18,16.57,122046200,2007611600
2025-07-23,16.66,16.72,16.34,16.36,104135000,1720972200
2025-07-24,16.27,16.88,16.25,16.88,124333800,2069868500
2025-07-25,16.88,16.88,16.47,16.52,91042700,1513165900
2025-07-28,16.4,16.59,16.25,16.41,75550000,1239477500
2025-07-29,16.41,16.56,16.26,16.56,78420200,1288865000
2025-07-30,16.57,16.72,16.31,16.38,85300100,1409445100
2025-07-31,16.26,16.3,15.68,15.76,128435900,2045926000
2025-08-01,15.77,16.17,15.77,15.92,73006500,1166849000
2025-08-04,15.78,15.87,15.59,15.78,66055500,1036215300
2025-08-05,15.77,15.92,15.69,15.92,55017400,869796100
2025-08-06,15.86,16.02,15.78,15.94,43235400,687706400
2025-08-07,16,16.09,15.77,15.84,47971600,762028500
2025-08-08,15.84,16.03,15.76,15.82,61465100,976494500
2025-08-11,15.86,16.1,15.8,16.01,69100100,1103728300
2025-08-12,16,16.01,15.75,15.84,68997800,1091781700
2025-08-13,15.85,15.95,15.76,15.83,73335500,1161049500
2025-08-14,15.83,15.86,15.52,15.56,87492600,1374152500
2025-08-15,15.52,16.18,15.5,16.16,155680800,2488498400
2025-08-18,16.3,16.6,16.22,16.31,157541800,2587967700
2025-08-19,16.37,16.45,15.96,15.97,125239900,2023846800
2025-08-20,16.21,16.4,15.88,16.2,139107600,2244341000
2025-08-21,16.13,16.47,16.09,16.2,102652500,1669520800
2025-08-22,16.2,16.58,16.12,16.52,135135100,2220132700
2025-08-25,16.52,16.98,16.49,16.77,186489900,3121220200
2025-08-26,16.79,17.04,16.58,16.85,138440100,2339696800
2025-08-27,16.86,17.34,16.55,16.55,152330000,2580395400
2025-08-28,16.51,17.04,16.41,16.89,160517800,2692372000
2025-08-29,16.93,17.3,16.79,17.17,177731500,3040019700
2025-09-01,17.14,17.14,16.8,17.08,141622600,2399715300
2025-09-02,17.08,17.47,16.62,16.74,167230600,2840008500
2025-09-03,16.81,17.29,16.76,17.18,259791300,4450596900
2025-09-04,17.17,18.1,17.11,17.4,338670500,5975921400
2025-09-05,17.48,18.2,17.3,18.1,338285500,6071716100
2025-09-08,18.39,18.45,17.85,17.99,217614500,3922496600
2025-09-09,17.81,18.05,17.53,17.61,146856900,2603150400
2025-09-10,17.5,17.58,17,17.2,153766900,2648424100
2025-09-11,17.14,17.36,17.01,17.28,109961400,1891692000
2025-09-12,17.29,17.36,16.98,17.12,109656700,1881430300
2025-09-15,17.13,17.5,17.1,17.16,106744900,1843544700
2025-09-16,17.29,17.5,16.85,17.05,119800900,2045195600
2025-09-17,17,17.47,16.82,17.3,132376800,2279274100
2025-09-18,17.31,17.4,16.64,16.82,153904700,2622599900
2025-09-19,16.82,17.11,16.78,16.9,110138600,1869844800
2025-09-22,16.9,16.91,16.43,16.6,106842400,1771746500
2025-09-23,16.55,16.7,16.07,16.29,103434200,1687496800
2025-09-24,16.28,17.4,16.18,17.4,180419100,3038409300
2025-09-25,17.38,18.05,17.23,17.76,226022700,4013782300
2025-09-26,17.65,17.83,17.48,17.5,96418800,1698219500
2025-09-29,17.48,17.7,17.39,17.58,117091900,2053871000
2025-09-30,17.59,18.05,17.46,18,169237700,3014925200
2025-10-09,18.05,19.11,17.87,18.88,275340700,5131257200
2025-10-10,18.97,19.22,18.26,18.4,188872500,3528008300
2025-10-13,17.65,18.29,17.63,18.13,157447200,2824417800
2025-10-14,18.4,19.94,18.4,19.28,556940100,1.09279649e+10
2025-10-15,19.27,20.24,18.84,19.72,461251200,9042907900
2025-10-16,19.65,20.35,19.51,20.25,356063900,7120042900
2025-10-17,20.09,20.74,19.52,19.7,339417900,6805387300
2025-10-20,19.65,19.67,18.92,19.06,218274700,4185835800
2025-10-21,19.08,19.26,18.93,19.01,140583300,2680751300
2025-10-22,19.17,19.39,18.72,18.77,137123600,2597092600
2025-10-23,18.65,19.11,18.38,19.04,174756500,3274446800
2025-10-24,19.05,19.48,18.69,18.84,142630800,2710507400
2025-10-27,19,19.38,18.87,19.06,164710600,3152114300
2025-10-28,19.19,19.22,18.76,18.9,116418600,2207676700
2025-10-29,18.9,20.79,18.81,20.79,390006600,7852274500
2025-10-30,21.01,22.14,21,21.51,492543800,1.06736627e+10
2025-10-31,21.41,22.24,21,21.11,319061400,6863229700
2025-11-03,21.37,21.88,21.2,21.76,289819200,6249206900
2025-11-04,21.78,21.93,21.18,21.35,195738000,4212139100
2025-11-05,21.01,22.52,20.73,21.85,330328800,7153463700
2025-11-06,21.85,22.16,21.42,21.77,221645800,4818581100
2025-11-07,21.64,23.3,21.64,22.43,422335000,9584105300
2025-11-10,22.88,23.57,22.6,22.8,403103500,9280405700
2025-11-11,22.8,23.09,22.41,22.44,280837100,6387794000
2025-11-12,22.3,22.3,20.22,20.79,522345300,1.09450207e+10
2025-11-13,20.8,21.64,20.69,21.3,321939600,6821922600
2025-11-14,21,23.11,20.8,21.88,404831700,8888797900
2025-11-17,22,22.1,21.26,21.69,231245700,4997065800
2025-11-18,21.54,21.88,21.01,21.15,173462400,3693621400
2025-11-19,21.15,21.44,20.64,21.2,196251400,4120662300
2025-11-20,21.2,21.3,20,20.1,233883900,4822149600
2025-11-21,19.7,19.9,18.81,18.84,287124000,5515259100
2025-11-24,19.02,19.09,18.51,18.76,161506400,3026319100
2025-11-25,18.91,19.23,18.8,18.98,137779700,2619061600
2025-11-26,19.12,19.2,18.7,18.81,147489600,2791746100
2025-11-27,18.76,19.07,18.52,18.58,157044100,2953523000
2025-11-28,18.49,18.72,18.35,18.57,125989200,2337017100
2025-12-01,18.7,18.85,18.5,18.75,127434700,2380406000
2025-12-02,18.65,18.66,18.25,18.31,126276500,2319595400
2025-12-03,18.3,18.34,17.98,18.02,112054200,2028587500
2025-12-04,17.87,18.03,17.8,17.91,86869700,1555532200
2025-12-05,17.92,18.07,17.81,18.02,102873800,1849427400
2025-12-08,17.99,18.17,17.9,18.08,108315000,1956004300
2025-12-09,18.06,18.26,17.9,18.2,150069000,2715269500
2025-12-10,18.29,18.54,17.8,18.2,171883400,3112585800
2025-12-11,18.16,18.26,17.86,17.88,100935600,1822141100
2025-12-12,17.95,18.25,17.86,18.19,129753800,2349187300
2025-12-15,18.15,18.37,17.96,18,120415200,2188971500
2025-12-16,17.99,17.99,17.3,17.46,133384100,2338261200
2025-12-17,17.49,17.82,17.44,17.78,91202400,1607351200
2025-12-18,17.7,17.9,17.61,17.7,69934400,1243572700
2025-12-19,17.71,18.41,17.71,18.08,138915600,2517254000
2025-12-22,18.09,18.28,18.09,18.11,90095100,1635920100
2025-12-23,18.12,18.18,17.92,18.02,85374900,1540542100
2025-12-24,17.94,18.23,17.77,18.13,87031300,1570606100
2025-12-25,18.04,18.31,17.95,18.27,95561800,1734543800
2025-12-26,18.84,19.33,18.7,19.02,275273200,5236282800
2025-12-29,19.03,19.18,18.61,18.7,152993300,2885659200
2025-12-30,18.55,18.75,18.4,18.44,98251000,1817628700
2025-12-31,18.42,18.54,18.17,18.2,102076700,1868825700
2026-01-05,18.43,18.5,18.23,18.49,106353200,1958453800
2026-01-06,18.49,18.88,18.45,18.83,147992500,2771718300
2026-01-07,18.83,18.85,18.56,18.65,147104500,2746859100
2026-01-08,18.53,18.93,18.39,18.77,153637700,2873301300
2026-01-09,18.61,18.77,18.28,18.39,229018700,4231356200
2026-01-12,18.1,19.45,18.02,19.23,364382300,6919241200
2026-01-13,19.23,19.23,18.42,18.5,278558200,5201821700
2026-01-14,18.43,19.07,18.37,18.59,255312700,4786478100
2026-01-15,18.5,18.99,18.4,18.5,160109400,2981575200
2026-01-16,18.61,18.95,18.47,18.73,194850600,3645110400
2026-01-19,18.4,18.59,17.8,18.32,228742600,4184561300
2026-01-20,18.23,18.39,17.3,17.38,316555000,5578437500
2026-01-21,17.31,17.47,17.1,17.22,153578300,2658057800
2026-01-22,17.2,17.93,17.15,17.59,191560400,3360707000
2026-01-23,17.61,19.35,17.61,19.35,498597100,9394051000
2026-01-26,19.83,20.05,18.98,19.09,536787500,1.04393916e+10
2026-01-27,18.8,19.39,18.36,19.2,386428300,7306070400
2026-01-28,19.16,19.44,18.8,18.82,258434000,4916578000
2026-01-29,18.68,19.3,18.6,18.77,275455200,5210968100
2026-01-30,18.58,18.82,17.71,17.88,291651300,5264912000
2026-02-02,18.16,18.25,17.61,17.64,171096800,3067558700
2026-02-03,17.83,18.58,17.83,18.57,283126300,5170147400
2026-02-04,18.4,19.44,18.3,19.31,409458700,7779065000
2026-02-05,19.01,19.01,18.16,18.23,325825000,6013712000
2026-02-06,18.05,18.67,18,18.36,211197400,3887739100
2026-02-09,18.78,19.75,18.74,19.18,428820000,8275472500
2026-02-10,19,19.28,18.77,18.81,226249400,4280477000
2026-02-11,18.8,18.99,18.55,18.59,158110400,2959090900
2026-02-12,18.59,18.65,18.4,18.49,142980800,2647753700
2026-02-13,18.4,18.44,18.1,18.13,148402400,2707298700
2026-02-24,18.35,18.43,18.19,18.28,130471900,2391080100
2026-02-25,18.32,18.62,18.29,18.57,142362500,2628915900
2026-02-26,18.54,18.54,18.16,18.27,135456500,2475716300
2026-02-27,18.17,18.5,18.16,18.32,115607900,2120773500
2026-03-02,17.97,18.55,17.9,18.12,163628700,2976079900
2026-03-03,18.2,18.73,17.9,17.99,227733800,4166800900
2026-03-04,17.61,18.06,17.58,17.66,155940100,2771722900
2026-03-05,17.93,18,17.71,17.76,119452300,2130166400
2026-03-06,17.76,18.08,17.58,18,120323400,2154129900
2026-03-09,18.01,18.49,17.92,18.39,206275500,3764605500
2026-03-10,18.25,18.62,18.1,18.56,182834000,3357305900
2026-03-11,18.55,18.95,18.39,18.79,231193600,4333875500
2026-03-12,18.74,19.07,18.46,18.94,250082100,4690086900
2026-03-13,18.92,19.47,18.78,18.87,341948300,6538240300
2026-03-16,18.95,19.19,18.61,18.68,201316300,3784642000
2026-03-17,18.77,19.43,18.76,18.79,271053200,5173834200
2026-03-18,18.76,18.97,18.29,18.54,183500900,3402104000
2026-03-19,18.35,18.79,18.31,18.52,171859700,3195484300
2026-03-20,18.5,19.6,18.42,18.99,446958800,8522747300
2026-03-23,19.05,19.4,18.69,18.81,402690700,7694518400
2026-03-24,18.94,19.2,17.77,19.04,390051600,7216531600
2026-03-25,18.81,19.18,18.73,18.89,263203700,4980370400
2026-03-26,18.89,19.06,18.31,18.37,245895200,4577231100
2026-03-27,18.1,18.74,18.08,18.52,207588700,3819551100
2026-03-30,18.4,18.57,17.8,17.96,217317200,3916247300
2026-03-31,17.9,18.02,17.53,17.54,160019100,2842679100
2026-04-01,17.72,18.03,17.54,17.89,134902200,2398083300
2026-04-02,17.8,17.8,17.31,17.36,134821800,2361042900
2026-04-03,17.3,17.35,16.61,16.66,181112900,3057167200
2026-04-07,16.66,16.74,16.39,16.7,112080300,1858517900
2026-04-08,16.92,17.42,16.83,17.32,165925500,2846702500
2026-04-09,17.06,17.22,16.87,16.92,111997100,1901558000
2026-04-10,17.06,17.27,16.96,17.12,117060200,2007435100
2026-04-13,17,18.02,16.95,17.68,216395300,3790707300
2026-04-14,17.59,17.63,17.35,17.55,131676100,2303441700
2026-04-15,17.59,17.66,17.36,17.38,98993600,1732878700
2026-04-16,17.45,17.54,17.35,17.51,90707700,1584881000
2026-04-17,17.45,17.52,17.23,17.44,107334400,1866684300
2026-04-20,17.44,17.8,17.35,17.65,135147000,2376243100
2026-04-21,17.65,17.79,17.48,17.59,90529700,1593667100
2026-04-22,17.5,17.66,17.4,17.55,78820100,1382718200
2026-04-23,17.69,17.79,17.37,17.53,125580600,2208322400
2026-04-24,17.51,17.56,17.26,17.39,97503700,1695872800
2026-04-27,17.3,17.43,17.12,17.14,109004200,1875867000
2026-04-28,17.03,17.21,16.89,16.95,97787300,1664112800
2026-04-29,16.28,16.59,15.82,16.55,245595400,3992226600
2026-04-30,16.37,16.68,16.37,16.46,131505400,2167954800
2026-05-06,16.53,16.65,16.39,16.55,145902200,2408376100
2026-05-07,16.54,16.82,16.51,16.55,147596700,2453039000
2026-05-08,16.54,16.55,16.22,16.36,160281600,2621482200
2026-05-11,16.35,16.75,16.33,16.61,180960800,3002893100
2026-05-12,16.65,16.91,16.38,16.7,197345200,3281304300
2026-05-13,16.51,16.82,16.45,16.78,143368000,2393881600
2026-05-14,16.79,17.04,16.3,16.3,209469100,3490763300
2026-05-15,16.28,16.28,15.55,15.6,245767600,3870130800
2026-05-18,15.45,15.46,15.05,15.14,155326300,2364623500
2026-05-19,15.15,15.32,15.01,15.24,118854500,1798613400
2026-05-20,15.26,15.65,15.08,15.35,137308700,2109013600
2026-05-21,15.36,15.46,14.74,14.79,151848600,2300599100
2026-05-22,14.95,15.1,14.73,15.04,108489400,1617887900
2026-05-25,15.04,15.08,14.73,14.85,112444500,1667808800
2026-05-26,14.77,14.84,14.39,14.6,146413700,2131353900
2026-05-27,14.61,15.12,14.31,14.36,183559400,2691220300
2026-05-28,14.26,14.42,14.1,14.35,123338100,1758281800
2026-05-29,14.33,14.33,13.85,13.89,161446500,2265276500
2026-06-01,13.86,14.08,13.65,13.68,139409400,1924818800
2026-06-02,13.7,13.76,13.25,13.48,145534200,1950269600
2026-06-03,13.48,13.81,13.38,13.42,143724200,1957606900
2026-06-04,13.33,13.52,13.19,13.34,106096200,1416611400
2026-06-05,13.34,13.43,13.03,13.13,125911400,1666002900
2026-06-08,12.9,13.05,12.39,12.44,179366100,2275619600
2026-06-09,12.67,12.96,12.22,12.94,171480800,2169128600
2026-06-10,12.72,14.22,12.65,14.08,255496000,3396036400
2026-06-11,13.75,13.9,13.42,13.64,241938800,3297900000
2026-06-12,13.63,13.87,13.42,13.46,186973600,2557192100
2026-06-15,13.42,13.48,13.2,13.38,129621800,1731258200
2026-06-16,13.3,13.52,13.23,13.3,119130200,1591257800
2026-06-17,13.35,13.45,13.01,13.07,125956100,1655193000
2026-06-18,13,13.07,12.71,12.84,133777400,1725873100
2026-06-22,12.77,13.34,12.56,13.23,175473600,2265816100
2026-06-23,13.18,13.2,12.6,12.61,135682100,1746654000
2026-06-24,12.58,12.67,12.31,12.45,108490600,1351641800
2026-06-25,12.41,12.9,12.31,12.61,149916200,1886012600
2026-06-26,12.8,13.43,12.63,12.67,226343900,2940942000
2026-06-29,12.51,12.93,12.44,12.81,156383000,1990323000
2026-06-30,12.73,13.34,12.7,13.12,168335900,2209286800
2026-07-01,13.13,13.54,12.76,13.19,204639200,2682552400
2026-07-02,13.01,13.21,12.76,12.78,154165100,2000344000
2026-07-03,12.8,12.85,12.53,12.55,124542900,1573591700
2026-07-06,12.5,12.63,12.34,12.35,98876700,1231836400
2026-07-07,12.36,12.42,12.21,12.21,85920300,1057095800
2026-07-08,12.15,12.19,11.73,11.74,123933600,1471499800
2026-07-09,11.7,11.85,11.51,11.83,103390200,1209059700
2026-07-10,11.89,12.42,11.8,12.11,137675100,1668151000
2026-07-13,12.14,12.14,11.62,11.63,105180800,1237628900
2026-07-14,11.62,11.73,11.45,11.73,79276500,916370400
2026-07-15,11.55,12.18,11.41,12,148098400,1764738200
2026-07-16,11.88,12.02,11.8,11.86,93640100,1112805200
2026-07-17,11.81,11.98,11.7,11.75,103457800,1225036500
2026-07-20,11.75,12.03,11.7,12,123170400,1462382000
2026-07-21,12.14,12.14,11.8,11.93,104863000,1247505500
2026-07-22,11.87,12.69,11.8,12.57,249970300,3111244100
2026-07-23,12.6,12.82,12.45,12.8,141150200,1786328200
2026-07-24,12.82,12.82,12.38,12.42,104471600,1309128000
2026-07-27,12.69,12.69,12.37,12.64,85652600,1076115000
2026-07-28,12.52,12.75,12.49,12.68,77174600,974959600
2026-07-29,12.86,13.06,12.51,12.81,146805300,1884320500
2026-07-30,12.7,13.28,12.69,13.02,153403200,1998593400
2026-07-31,12.88,13.09,12.85,12.99,94352000,1227218700
2026-08-03,13,13.37,12.98,13.28,147736700,1951928100
2026-08-04,13.18,13.24,13.04,13.07,110488100,1449150800
