timestamps,open,high,low,close,volume,amount
2010-01-04,9.69,9.74,9.6,9.62,81810249,790334300
2010-01-05,9.75,9.89,9.63,9.82,123519569,1208108300
2010-01-06,9.77,9.85,9.65,9.68,86071637,839737900
2010-01-07,9.76,9.87,9.44,9.51,93359858,904254300
2010-01-08,9.42,9.44,9.27,9.43,80191436,749542400
2010-01-11,9.64,9.72,9.43,9.52,74590305,711563000
2010-01-12,9.55,9.65,9.41,9.61,73262994,698556500
2010-01-13,9.37,9.46,9.3,9.36,97938751,917915400
2010-01-14,9.4,9.44,9.29,9.4,76579938,716238600
2010-01-15,9.4,9.45,9.32,9.4,66666641,624631200
2010-01-18,9.34,9.39,9.29,9.39,63952716,596562900
2010-01-19,9.4,9.52,9.35,9.5,92772661,877167200
2010-01-20,9.52,9.56,9.2,9.23,83561357,779459400
2010-01-21,9.18,9.24,9.03,9.1,77177283,702435300
2010-01-22,8.99,8.99,8.71,8.84,101306270,894275800
2010-01-25,8.83,8.99,8.71,8.9,56331008,499219200
2010-01-26,8.88,8.93,8.6,8.61,54536352,474205200
2010-01-27,8.61,8.7,8.4,8.42,52306714,444016000
2010-01-28,8.39,8.43,8.2,8.36,50391891,418370100
2010-01-29,8.3,8.41,8.21,8.3,45171259,376123400
2010-02-01,8.26,8.28,8,8.04,57337676,463892100
2010-02-02,8.16,8.84,8.16,8.51,163835363,1409646200
2010-02-03,8.56,8.76,8.38,8.66,89467426,766254400
2010-02-04,8.56,8.58,8.42,8.49,55939217,474849700
2010-02-05,8.16,8.29,8.07,8.29,55881133,458391500
2010-02-08,8.3,8.36,8.24,8.29,28124428,232917900
2010-02-09,8.29,8.47,8.26,8.38,29757446,248741400
2010-02-10,8.48,8.53,8.35,8.42,30467029,256086100
2010-02-11,8.45,8.49,8.37,8.44,29766205,251337800
2010-02-12,8.53,8.63,8.45,8.6,50847870,435252700
2010-02-22,8.67,8.7,8.55,8.57,41146483,355008700
2010-02-23,8.51,8.53,8.36,8.44,31188936,262458600
2010-02-24,8.31,8.5,8.31,8.5,34010578,286304200
2010-02-25,8.47,8.61,8.43,8.6,66667478,568921000
2010-02-26,8.58,8.58,8.49,8.52,55892640,476410600
2010-03-01,8.7,8.84,8.66,8.74,111038106,969522900
2010-03-02,8.75,8.75,8.53,8.58,63611197,547035300
2010-03-03,8.65,8.7,8.54,8.62,56147263,483163000
2010-03-04,8.64,8.64,8.37,8.39,70972481,602062200
2010-03-05,8.39,8.45,8.34,8.4,36586688,307163500
2010-03-08,8.41,8.47,8.36,8.45,31513481,265147800
2010-03-09,8.39,8.45,8.33,8.43,35083110,294321500
2010-03-10,8.4,8.55,8.36,8.47,52917786,448523300
2010-03-11,8.42,8.43,8.35,8.39,34333831,287971300
2010-03-12,8.38,8.42,8.31,8.33,31167327,260393200
2010-03-15,8.3,8.31,8.02,8.14,55655484,453329300
2010-03-16,8.13,8.22,8.11,8.18,29597592,241646300
2010-03-17,8.25,8.34,8.23,8.32,43705459,361962600
2010-03-18,8.34,8.36,8.15,8.2,54136073,446939000
2010-03-19,8.21,8.4,8.13,8.33,68416698,565602300
2010-03-22,8.26,8.29,8.22,8.28,41104632,339332800
2010-03-23,8.28,8.29,8.21,8.24,32587779,268437200
2010-03-24,8.25,8.29,8.18,8.19,38621283,316975700
2010-03-25,8.12,8.15,8.11,8.13,42937006,349032600
2010-03-26,8.13,8.17,8.05,8.15,63657385,516916700
2010-03-29,8.19,8.35,8.17,8.35,84974429,703467200
2010-03-30,8.3,8.32,8.24,8.26,63524156,525184600
2010-03-31,8.22,8.22,8.16,8.2,59445269,486569000
2010-04-01,8.2,8.3,8.2,8.28,63860932,527424100
2010-04-02,8.31,8.6,8.31,8.44,127400219,1079988500
2010-04-06,8.5,8.54,8.39,8.45,75875472,641623100
2010-04-07,8.49,8.52,8.41,8.47,55120891,466133200
2010-04-08,8.5,8.54,8.37,8.39,55603823,469218000
2010-04-09,8.4,8.46,8.33,8.41,46490087,389918500
2010-04-12,8.47,8.67,8.41,8.66,160357909,1369446500
2010-04-13,8.6,8.67,8.43,8.6,100473614,859688700
2010-04-14,8.6,8.97,8.53,8.85,204930012,1805500000
2010-04-15,8.8,8.91,8.7,8.81,96690348,851069000
2010-04-16,8.83,8.85,8.6,8.66,56583468,492282300
2010-04-19,8.5,8.55,8.28,8.31,89219501,750495300
2010-04-20,8.28,8.47,8.16,8.46,65917791,551215100
2010-04-21,8.47,8.56,8.31,8.54,80579150,678999800
2010-04-22,8.48,8.67,8.36,8.49,80781575,689000300
2010-04-23,8.41,8.49,8.26,8.29,88769714,740635100
2010-04-26,8.35,8.4,8.21,8.22,53052332,441098100
2010-04-27,8.23,8.27,8.01,8.11,63748807,515591400
2010-04-28,8.11,8.26,8.05,8.2,55033385,449376000
2010-04-29,8.22,8.23,8.05,8.06,42414453,345162200
2010-04-30,8.09,8.16,7.9,8.01,63539022,508714800
2010-05-04,7.98,8.22,7.91,8.14,59590307,482560100
2010-05-05,8,8.13,7.95,8.12,53917485,433149500
2010-05-06,8.06,8.14,7.86,7.87,57557561,460242900
2010-05-07,7.95,8.28,7.95,8.17,125702178,1027888300
2010-05-10,8.25,8.32,8,8.09,73046481,593397500
2010-05-11,8.15,8.37,8.08,8.22,118505908,974829200
2010-05-12,8.32,8.42,8.16,8.26,103404411,858571800
2010-05-13,8.33,8.37,8.15,8.29,74934169,617367900
2010-05-14,8.23,8.33,8.15,8.17,52541720,431607300
2010-05-17,8.11,8.36,7.92,7.96,90083625,736596500
2010-05-18,7.85,7.85,7.16,7.58,119062897,890779400
2010-05-19,7.48,7.54,7.3,7.4,51164562,380443200
2010-05-20,7.24,7.37,7.13,7.13,59047477,427225600
2010-05-21,6.92,7.22,6.81,7.18,57969332,406994800
2010-05-24,7.18,7.43,7.18,7.4,60207915,442171700
2010-05-26,7.36,7.4,7.24,7.32,37490153,274312700
2010-05-27,7.3,7.5,7.26,7.45,57468662,426232900
2010-05-28,7.45,7.48,7.3,7.35,60565062,446207100
2010-05-31,7.3,7.32,7.09,7.1,51164249,366320900
2010-06-01,7.01,7.2,7,7.1,36973935,262232600
2010-06-02,7.13,7.15,7,7.08,30477429,214833600
2010-06-03,7.09,7.13,7,7.01,33090990,233200800
2010-06-04,6.94,6.97,6.86,6.94,33833300,233607700
2010-06-07,6.83,6.91,6.8,6.85,27042997,185388100
2010-06-08,6.91,7.03,6.91,6.98,33931014,236599400
2010-06-09,7.02,7.15,6.95,7.14,46600864,328806600
2010-06-10,7.04,7.15,6.98,7.03,35398750,249138500
2010-06-11,7.03,7.05,6.95,7.01,28349175,198144300
2010-06-17,7.04,7.09,6.95,6.97,22910592,160720200
2010-06-18,7.02,7.05,6.86,6.89,28942624,201083500
2010-06-21,6.93,7.02,6.85,7.01,32545212,226345200
2010-06-22,6.99,7,6.94,6.96,27105162,188668000
2010-06-23,6.91,6.94,6.82,6.88,28031073,192799000
2010-06-24,6.86,6.87,6.81,6.83,21336166,145746000
2010-06-25,6.8,6.88,6.8,6.84,24069913,164394100
2010-06-28,6.86,6.88,6.71,6.73,23721621,160645500
2010-06-29,6.7,6.74,6.27,6.3,46187810,299659700
2010-06-30,6.26,6.26,6.01,6.07,30691419,186466900
2010-07-01,6.07,6.09,5.93,5.94,26023684,156136200
2010-07-02,5.78,5.9,5.68,5.86,38920014,224018500
2010-07-05,5.8,5.8,5.64,5.72,25687252,146439800
2010-07-06,5.69,5.84,5.65,5.81,25745089,149007400
2010-07-07,5.82,5.84,5.72,5.83,22736565,131358000
2010-07-08,5.85,5.9,5.8,5.87,29421398,172423000
2010-07-09,5.86,5.99,5.77,5.98,43018228,254384000
2010-07-13,5.7,5.83,5.5,5.76,94488127,538089800
2010-07-14,5.63,5.81,5.6,5.76,93412763,535244400
2010-07-15,5.63,5.69,5.52,5.52,87993416,492066500
2010-07-16,5.41,5.41,5.08,5.22,130309035,675227700
2010-07-19,5.01,5.23,4.97,5.21,115607938,593709200
2010-07-20,5.2,5.73,5.17,5.73,259335554,1452466100
2010-07-21,5.74,5.9,5.66,5.71,218975678,1261869100
2010-07-22,5.6,5.74,5.55,5.74,131000157,740312800
2010-07-23,5.76,5.78,5.65,5.72,98963157,566613900
2010-07-28,5.64,5.94,5.54,5.86,215558707,1259745700
2010-07-29,5.85,6.37,5.81,6.17,211812389,1296178400
2010-07-30,6.14,6.26,6.05,6.19,117639294,726197900
2010-08-02,6.19,6.34,6.17,6.27,106445395,666651700
2010-08-03,6.28,6.32,6.15,6.16,110728461,688314300
2010-08-04,6.18,6.24,6.04,6.18,83495587,514250000
2010-08-05,6.21,6.24,6.05,6.1,75841401,465530700
2010-08-06,6.07,6.18,5.94,6.16,93905815,570163800
2010-08-09,6.15,6.5,6.1,6.46,180412305,1138282900
2010-08-10,6.46,6.46,6.16,6.17,130232148,818841800
2010-08-11,6.14,6.27,6.11,6.2,55611773,344259600
2010-08-12,6.12,6.27,6.1,6.15,58011491,359124300
2010-08-13,6.22,6.42,6.19,6.35,118815693,752717200
2010-08-16,6.36,6.48,6.32,6.41,106630257,683661300
2010-08-17,6.43,6.57,6.37,6.51,106083865,689103500
2010-08-18,6.5,6.63,6.46,6.59,100423884,658719300
2010-08-19,6.63,6.7,6.51,6.59,112246935,742332800
2010-08-20,6.54,6.64,6.35,6.37,91292532,589316300
2010-08-23,6.3,6.45,6.3,6.32,46000232,292483000
2010-08-24,6.32,6.41,6.17,6.31,56476591,354518700
2010-08-25,6.31,6.42,6.24,6.25,54038312,341683800
2010-08-26,6.28,6.37,6.17,6.25,44146075,275529100
2010-08-27,6.23,6.27,6.16,6.22,33661879,208853000
2010-08-30,6.24,6.45,6.24,6.43,70981867,451833700
2010-08-31,6.42,6.59,6.35,6.5,92409468,600240700
2010-09-01,6.62,6.67,6.42,6.54,92239828,604652000
2010-09-02,6.51,6.54,6.44,6.49,80029686,518730400
2010-09-03,6.52,6.55,6.34,6.41,65546528,419205800
2010-09-06,6.42,6.49,6.33,6.46,74407927,478322000
2010-09-07,6.45,6.56,6.39,6.48,69201113,448288500
2010-09-08,6.48,6.81,6.43,6.71,176024245,1171990400
2010-09-09,6.69,6.69,6.44,6.5,104198447,680804400
2010-09-10,6.47,6.48,6.36,6.45,57864402,371061500
2010-09-13,6.44,6.48,6.37,6.46,53878488,345913700
2010-09-14,6.46,6.48,6.38,6.4,53507833,342933500
2010-09-15,6.58,6.61,6.33,6.37,67141575,433903500
2010-09-16,6.34,6.37,6.15,6.18,65182462,405993500
2010-09-17,6.2,6.46,6.19,6.35,70740311,448407500
2010-09-20,6.34,6.43,6.21,6.3,53309001,337087600
2010-09-21,6.32,6.36,6.21,6.26,30774805,192805500
2010-09-27,6.21,6.53,6.21,6.42,103114161,662230100
2010-09-28,6.33,6.83,6.28,6.63,247098326,1635165200
2010-09-29,6.64,6.89,6.58,6.68,200694203,1355274000
2010-09-30,6.63,7.34,6.58,7.27,310617960,2193265800
2010-10-08,7.66,8,7.65,8,167731892,1322356800
2010-10-11,8.78,8.8,8.35,8.61,695915550,6046235000
2010-10-12,8.5,9.47,8.41,9.47,534763244,4916452600
2010-10-13,9.47,9.84,9.23,9.42,466631576,4462541200
2010-10-14,9.83,10.25,9.68,10.2,545772593,5460573800
2010-10-15,10.04,10.82,9.82,10.27,524548873,5396043400
2010-10-18,9.92,10.31,9.38,9.47,434529569,4261651300
2010-10-19,9.51,10.1,9.51,9.92,325512079,3210461000
2010-10-20,9.33,10.02,9.22,9.78,362326420,3488522900
2010-10-21,9.89,10.02,9.53,9.84,260268621,2553361500
2010-10-22,9.61,10.24,9.52,10.01,360791088,3599081000
2010-10-25,9.98,10.69,9.73,10.6,439856649,4503424200
2010-10-26,10.59,10.82,10.2,10.3,332572939,3484471200
2010-10-27,10.2,10.2,9.8,9.84,252188789,2523543800
2010-10-28,9.9,9.98,9.6,9.61,202703248,1971533300
2010-10-29,9.74,9.81,9.48,9.64,196793579,1898852100
2010-11-01,9.89,10.3,9.79,10.25,330761939,3339961500
2010-11-02,10.15,10.69,9.98,10.19,411924224,4232551000
2010-11-03,10.15,10.28,9.69,9.74,237228955,2346602800
2010-11-04,9.73,9.96,9.59,9.87,175081160,1720474300
2010-11-05,10.86,10.86,10.26,10.31,523654707,5538988700
2010-11-08,10.36,10.38,10.04,10.24,242666292,2470647500
2010-11-09,10.36,10.57,10.26,10.48,317508006,3316457400
2010-11-10,10.3,10.35,10.12,10.3,201377981,2060609100
2010-11-11,10.21,10.68,10.08,10.32,380254545,3967159500
2010-11-12,10.1,10.27,9.48,9.52,383458331,3778343400
2010-11-15,9.53,9.58,8.82,9.12,259400024,2355305400
2010-11-16,9.02,9.03,8.39,8.42,241815149,2098314300
2010-11-17,8.02,8.4,7.95,8.26,158464046,1298415300
2010-11-18,8.39,8.83,8.3,8.75,214420996,1835051300
2010-11-19,8.79,8.8,8.37,8.71,186389965,1599488500
2010-11-22,8.51,8.73,8.41,8.63,148898069,1284271900
2010-11-23,8.55,8.55,8.09,8.29,141240042,1165435000
2010-11-24,8.41,8.59,8.33,8.5,130757248,1107199300
2010-11-25,8.5,8.57,8.34,8.54,135824643,1145985900
2010-11-26,8.45,8.48,8.31,8.38,91027889,763327200
2010-11-29,8.23,8.27,8.05,8.18,109227299,889407200
2010-11-30,8.2,8.29,7.88,8.19,127813031,1035276700
2010-12-01,8.28,8.44,8.2,8.37,121159346,1007090400
2010-12-02,8.53,8.61,8.35,8.4,116252738,985650300
2010-12-03,8.38,8.38,8.16,8.28,66903506,552075300
2010-12-06,8.46,8.57,8.35,8.42,123819000,1047138900
2010-12-07,8.43,8.99,8.32,8.85,242534287,2103553200
2010-12-08,8.65,8.78,8.53,8.57,164798289,1426011100
2010-12-09,8.4,8.45,8.3,8.31,96636688,807152300
2010-12-10,8.25,8.45,8.19,8.36,94572841,785408700
2010-12-13,8.38,8.68,8.33,8.63,163534674,1394408500
2010-12-14,8.73,8.83,8.61,8.66,138677863,1203904400
2010-12-16,8.37,8.52,8.31,8.46,99816703,841871700
2010-12-17,8.35,8.47,8.33,8.41,66018393,554277600
2010-12-20,8.43,8.61,8.12,8.5,122384054,1029919700
2010-12-21,8.45,8.5,8.3,8.48,79477094,669258700
2010-12-22,8.4,8.54,8.3,8.36,85714259,721362200
2010-12-23,8.31,8.32,8.15,8.2,88509848,727460600
2010-12-24,8.11,8.17,7.98,8.09,82580892,664968700
2010-12-27,8.04,8.22,7.73,7.81,91350317,733083900
2010-12-28,7.79,7.94,7.59,7.78,80903543,624423400
2010-12-29,7.87,7.91,7.7,7.83,58306893,454471200
2010-12-30,7.88,7.98,7.79,7.93,72826430,575355800
2010-12-31,7.92,8.25,7.84,8.21,120029894,970448900
2011-01-04,8.26,8.5,8.16,8.35,155935951,1305827800
2011-01-05,8.08,8.14,8.03,8.11,112367567,909728000
2011-01-06,8.05,8.13,7.95,7.99,74141034,594925900
2011-01-07,7.95,7.99,7.79,7.89,81836464,644294900
2011-01-10,7.85,7.88,7.76,7.78,55368016,432596000
2011-01-11,7.78,7.83,7.7,7.79,41467240,321843900
2011-01-12,7.85,7.87,7.73,7.8,33777926,263538200
2011-01-13,7.84,7.86,7.75,7.76,43916593,342423100
2011-01-14,7.71,7.72,7.47,7.51,74346468,561761500
2011-01-17,7.39,7.45,7.16,7.22,66203560,483541700
2011-01-18,7.23,7.25,7.08,7.21,46911241,335320700
2011-01-19,7.2,7.37,7.12,7.35,53631871,389962000
2011-01-20,7.3,7.3,7.03,7.04,65298540,466403500
2011-01-21,6.95,7.15,6.88,7.02,68121241,476500800
2011-01-24,7.02,7.05,6.88,6.89,50049262,347181900
2011-01-25,6.85,6.85,6.57,6.68,91404381,609323800
2011-01-26,6.67,6.8,6.66,6.74,50236072,338775800
2011-01-27,6.76,6.95,6.72,6.91,74962802,515486200
2011-01-28,6.8,6.99,6.78,6.96,63276294,435467200
2011-01-31,7.06,7.26,7,7.23,79989686,573595600
2011-02-01,7.29,7.3,7.14,7.2,57025959,411452600
2011-02-09,7.22,7.45,7.15,7.18,73775495,536720900
2011-02-10,7.11,7.27,7.05,7.26,55587833,398035900
2011-02-11,7.22,7.32,7.2,7.25,50404598,365849900
2011-02-14,7.25,7.5,7.25,7.47,119576118,885178900
2011-02-15,7.47,7.78,7.41,7.59,141355030,1075691100
2011-02-16,7.59,7.64,7.46,7.62,87419688,660275600
2011-02-17,7.66,7.69,7.47,7.54,86699359,654550700
2011-02-18,7.59,7.75,7.52,7.59,98742411,754826200
2011-02-21,7.57,7.69,7.53,7.65,75110860,572002700
2011-02-22,7.8,8.08,7.7,7.81,226351544,1786225700
2011-02-23,7.8,8.59,7.76,8.51,367732235,3061394800
2011-02-24,8.59,8.65,8.19,8.36,209838165,1760819700
2011-02-25,8.34,8.34,8,8.19,134431762,1095429400
2011-02-28,8.21,8.32,8.11,8.31,109049080,897205200
2011-03-01,8.26,8.29,8.09,8.26,144671836,1182347800
2011-03-02,8.4,8.54,8.16,8.4,228726663,1919306400
2011-03-03,8.41,8.41,8.15,8.18,125726744,1040527600
2011-03-04,8.06,8.19,8,8.16,85290196,690590700
2011-03-07,8.28,8.4,8.17,8.32,160126584,1332750500
2011-03-08,8.32,8.33,8.14,8.23,107239033,883543300
2011-03-09,8.2,8.22,8.11,8.16,84026010,685494600
2011-03-10,8.15,8.15,8.06,8.07,78581512,635424300
2011-03-11,8,8.15,7.96,8.08,81344181,654880200
2011-03-14,8.08,8.18,8.04,8.1,61161464,494985900
2011-03-15,8.05,8.06,7.59,7.79,128356758,999514100
2011-03-16,7.74,7.9,7.65,7.87,97647024,759224600
2011-03-17,7.71,7.73,7.58,7.63,86137856,658185700
2011-03-18,7.7,7.75,7.63,7.66,55555158,426505400
2011-03-21,7.79,7.83,7.72,7.77,68031621,528619600
2011-03-22,7.82,8.05,7.72,7.94,104390017,825285400
2011-03-23,7.89,7.93,7.81,7.87,76183577,598737600
2011-03-24,7.95,8.04,7.85,7.86,70749118,560636500
2011-03-25,7.81,8.15,7.8,8.05,171040569,1373092700
2011-03-28,8,8.02,7.9,7.92,117372558,933505500
2011-03-29,7.89,7.89,7.7,7.72,111758778,866911600
2011-03-30,7.7,7.83,7.67,7.78,66345771,514989100
2011-03-31,7.78,7.8,7.56,7.61,71486421,546946800
2011-04-01,7.69,7.73,7.62,7.72,55171867,423253000
2011-04-06,7.8,7.93,7.73,7.87,98356809,770191500
2011-04-07,7.87,8.19,7.85,8.1,208873534,1682499000
2011-04-08,8.08,8.15,8.01,8.12,145124278,1175425200
2011-04-11,8.2,8.28,8.04,8.06,158369239,1295021000
2011-04-12,7.99,7.99,7.86,7.92,100254102,793604800
2011-04-13,7.8,7.94,7.78,7.93,62496066,491633100
2011-04-14,7.92,7.97,7.81,7.91,62116092,489985200
2011-04-15,7.99,8.05,7.91,7.97,75725968,604411000
2011-04-18,7.97,8.08,7.87,7.93,75886582,603319400
2011-04-19,7.93,8.1,7.91,7.94,102380653,817377900
2011-04-20,7.98,8.27,7.83,8.17,231974037,1880014400
2011-04-21,8.24,8.25,8.03,8.09,142412618,1154382900
2011-04-22,8.09,8.24,8.04,8.19,188401565,1537647500
2011-04-25,8.19,8.19,7.88,7.96,138611636,1107887100
2011-04-26,7.82,7.88,7.7,7.72,87238589,678023500
2011-04-27,7.76,7.81,7.6,7.66,67678662,519727100
2011-04-28,7.82,7.85,7.61,7.62,56580365,436827600
2011-04-29,7.65,7.73,7.63,7.72,39657692,304879900
2011-05-03,7.7,7.71,7.23,7.56,81120150,606277500
2011-05-04,7.41,7.43,7.22,7.26,72384718,530168500
2011-05-05,7.13,7.27,7.1,7.23,43037176,309782800
2011-05-06,7.07,7.2,7.01,7.18,51892820,370136300
2011-05-09,7.3,7.39,7.28,7.32,50764099,372193300
2011-05-10,7.32,7.39,7.3,7.35,33536162,246349400
2011-05-11,7.37,7.39,7.29,7.31,30525150,223420700
2011-05-12,7.2,7.3,7.12,7.13,45473942,327616600
2011-05-13,7.15,7.25,7.13,7.24,33435800,240137800
2011-05-16,7.19,7.23,7.13,7.15,28684073,205695800
2011-05-17,7.13,7.28,7.08,7.21,35449797,254730300
2011-05-18,7.17,7.23,7.12,7.19,24213333,174059900
2011-05-19,7.22,7.26,7.15,7.16,27298034,196326000
2011-05-20,7.17,7.2,7.12,7.18,22153500,158413500
2011-05-23,7.19,7.2,7,7,44079697,311621800
2011-05-24,7.01,7.11,7,7.09,28384505,199957900
2011-05-25,7.1,7.15,7.02,7.04,24528399,173702500
2011-05-26,7.1,7.15,7.04,7.05,21674020,153449200
2011-05-27,7.06,7.09,6.96,6.97,32120774,224816800
2011-05-31,7.02,7.14,7.02,7.13,35843318,254536000
2011-06-01,7.11,7.14,7.07,7.1,25431654,180544800
2011-06-02,7.09,7.18,7.05,7.12,44819772,318704500
2011-06-03,7.07,7.14,7.05,7.12,29944747,212613400
2011-06-07,7.12,7.23,7.09,7.22,43632424,312729900
2011-06-08,7.2,7.2,7.11,7.17,30176579,215748400
2011-06-09,7.15,7.37,7.13,7.19,67417617,490613400
2011-06-10,7.16,7.2,7.04,7.13,40110969,285593200
2011-06-13,7.06,7.2,7,7.16,34959310,248046600
2011-06-14,7.12,7.19,7.09,7.17,40327816,288307200
2011-06-15,7.15,7.2,7.08,7.09,29324876,209540000
2011-06-16,7.05,7.06,6.87,6.88,64099093,445172400
2011-06-17,6.88,6.93,6.77,6.78,30455006,208847600
2011-06-20,6.78,6.84,6.7,6.73,22582091,152539900
2011-06-21,6.8,6.81,6.7,6.79,22166246,149758300
2011-06-22,6.81,6.82,6.73,6.75,18942741,128072500
2011-06-23,6.71,6.85,6.7,6.84,25963060,176246400
2011-06-24,6.77,7.03,6.74,7.01,62717378,435373500
2011-06-27,7.03,7.07,6.99,7.05,47104334,331362700
2011-06-28,7.05,7.22,7.03,7.14,50250742,359267300
2011-06-29,7.16,7.17,7.08,7.08,31596104,224801500
2011-06-30,7.12,7.26,7.11,7.24,64333592,463549500
2011-07-01,7.27,7.33,7.21,7.3,69581016,506624900
2011-07-04,4.9,5.28,4.86,5.28,106911646,555051600
2011-07-05,5.52,5.57,5.29,5.36,501974223,2716201400
2011-07-06,5.35,5.35,5.21,5.31,183627551,970707500
2011-07-07,5.3,5.43,5.29,5.32,175380050,939200200
2011-07-08,5.35,5.36,5.25,5.28,105462316,558078200
2011-07-11,5.29,5.33,5.25,5.3,97181938,514673400
2011-07-12,5.28,5.32,5.22,5.22,112498033,590644800
2011-07-13,5.28,5.49,5.28,5.44,332469281,1798746500
2011-07-14,5.51,5.97,5.51,5.78,465288114,2682959600
2011-07-15,5.74,5.83,5.66,5.75,206863706,1188533000
2011-07-18,5.77,5.85,5.72,5.77,196671553,1134771100
2011-07-19,5.79,5.94,5.79,5.83,239320791,1399669100
2011-07-20,5.78,5.79,5.6,5.65,201269792,1141579700
2011-07-21,5.65,5.69,5.5,5.53,131618986,732160100
2011-07-22,5.51,5.58,5.45,5.54,94061845,518579800
2011-07-25,5.62,5.64,5.41,5.47,149190801,824510200
2011-07-26,5.47,5.53,5.43,5.5,86178215,472700400
2011-07-27,5.52,5.75,5.51,5.7,210653504,1196005700
2011-07-28,5.6,5.65,5.51,5.6,111923984,624059400
2011-07-29,5.58,5.65,5.48,5.51,93402422,517454100
2011-08-01,5.52,5.59,5.48,5.5,71814623,396348800
2011-08-02,5.5,5.52,5.33,5.51,95933131,519905400
2011-08-03,5.61,5.65,5.53,5.63,153868534,860567800
2011-08-04,5.62,5.73,5.59,5.61,119046281,672065500
2011-08-05,5.38,5.59,5.33,5.5,116042154,634982600
2011-08-08,5.45,5.9,5.28,5.73,458759563,2585354400
2011-08-09,5.72,5.83,5.6,5.67,364375396,2078502700
2011-08-10,5.72,5.78,5.63,5.72,199194530,1135700200
2011-08-11,5.83,5.88,5.71,5.72,229674766,1325287000
2011-08-12,5.64,5.68,5.6,5.66,147419321,832133200
2011-08-15,5.62,5.63,5.55,5.6,117021335,652682300
2011-08-16,5.62,5.7,5.54,5.68,149833932,842031300
2011-08-17,5.69,5.73,5.59,5.62,92756595,523385100
2011-08-18,5.6,5.65,5.55,5.56,80820699,451898300
2011-08-19,5.62,5.72,5.58,5.7,227150195,1284969900
2011-08-22,5.72,5.74,5.62,5.71,152503230,866920700
2011-08-23,5.72,5.73,5.63,5.66,122973545,695322300
2011-08-24,5.6,5.61,5.48,5.5,168856045,934556200
2011-08-25,5.35,5.52,5.29,5.51,163124819,884353200
2011-08-26,5.49,5.54,5.45,5.49,87414755,479857500
2011-08-29,5.49,5.51,5.39,5.4,83760230,455034500
2011-08-30,5.42,5.45,5.36,5.37,73165685,395332000
2011-08-31,5.4,5.42,5.33,5.36,51507942,276170100
2011-09-01,5.36,5.39,5.3,5.31,53453011,285192800
2011-09-02,5.31,5.33,5.18,5.2,92719780,484212100
2011-09-05,5.24,5.29,5.18,5.2,73281105,382992700
2011-09-06,5.2,5.35,5.2,5.34,126497713,669347800
2011-09-07,5.28,5.33,5.24,5.31,72768529,383822300
2011-09-08,5.28,5.28,5.22,5.27,53760507,282004600
2011-09-09,5.3,5.31,5.22,5.23,46183410,242373200
2011-09-13,5.16,5.16,5.03,5.07,74009869,375197100
2011-09-14,5.1,5.12,4.98,5.06,50519862,254558400
2011-09-15,5.07,5.07,5.01,5.03,46967077,236788200
2011-09-16,5.02,5.06,4.99,5.02,50832948,255182500
2011-09-19,5.03,5.05,4.96,4.97,40031250,199816800
2011-09-20,4.93,4.95,4.86,4.91,47094794,230851900
2011-09-21,4.92,5.03,4.88,5.01,83933813,417492300
2011-09-22,4.96,4.99,4.83,4.85,85759016,420180000
2011-09-23,4.75,4.75,4.64,4.71,99398024,466310700
2011-09-26,4.61,4.67,4.47,4.5,107047975,487219700
2011-09-27,4.52,4.55,4.46,4.52,82622878,371576000
2011-09-28,4.54,4.54,4.45,4.47,68249923,306970300
2011-09-29,4.4,4.4,4.25,4.29,80650688,347547200
2011-09-30,4.31,4.34,4.26,4.34,52742480,226888000
2011-10-10,4.36,4.39,4.3,4.33,40917179,177274700
2011-10-11,4.42,4.47,4.33,4.36,53166344,233630300
2011-10-12,4.34,4.52,4.31,4.5,88527008,392244000
2011-10-13,4.48,4.63,4.45,4.57,91684549,417424800
2011-10-14,4.56,4.56,4.46,4.52,54280115,244345900
2011-10-17,4.53,4.58,4.5,4.53,49807067,226488800
2011-10-18,4.5,4.51,4.35,4.36,56820621,250977200
2011-10-19,4.37,4.4,4.29,4.31,45431427,196835800
2011-10-20,4.29,4.29,4.13,4.17,69036546,289351600
2011-10-21,4.16,4.16,4.05,4.1,56491654,230731800
2011-10-24,4.11,4.19,4.05,4.19,52421309,216496900
2011-10-25,4.19,4.36,4.16,4.31,89119412,380907900
2011-10-26,4.34,4.74,4.34,4.58,233822985,1065518700
2011-10-27,4.57,4.57,4.46,4.53,111054205,501873000
2011-10-28,4.64,4.69,4.56,4.61,139246895,643976500
2011-10-31,4.6,4.61,4.48,4.53,103098202,467680300
2011-11-01,4.46,4.55,4.45,4.51,63459943,285851400
2011-11-02,4.44,4.57,4.41,4.56,104267800,469090400
2011-11-03,4.57,4.68,4.56,4.6,150545862,695390400
2011-11-04,4.68,4.79,4.66,4.7,162445715,766748600
2011-11-07,4.68,4.78,4.62,4.76,137369777,647137900
2011-11-08,4.91,4.94,4.77,4.78,166618185,804656900
2011-11-09,4.79,4.82,4.7,4.78,80570066,383401700
2011-11-10,4.71,4.71,4.64,4.65,87062986,406973800
2011-11-11,4.63,4.68,4.62,4.64,42013684,195028300
2011-11-14,4.7,4.78,4.68,4.75,85297669,404746200
2011-11-15,4.72,4.73,4.68,4.71,55555145,261245500
2011-11-16,4.71,4.74,4.57,4.61,70409451,327077000
2011-11-17,4.6,4.63,4.54,4.57,47470134,217416200
2011-11-18,4.48,4.5,4.43,4.45,53333554,237854000
2011-11-21,4.45,4.47,4.38,4.43,36542981,161115800
2011-11-22,4.37,4.43,4.33,4.42,39339905,172011700
2011-11-23,4.43,4.46,4.37,4.38,33987480,149987900
2011-11-24,4.3,4.38,4.26,4.33,46993893,202609200
2011-11-25,4.33,4.39,4.29,4.33,35797166,155529900
2011-11-28,4.35,4.38,4.31,4.34,29947814,129984400
2011-11-29,4.39,4.45,4.36,4.44,48228845,212487200
2011-11-30,4.44,4.46,4.25,4.27,69737575,302623000
2011-12-01,4.45,4.51,4.4,4.43,118366590,528378000
2011-12-02,4.4,4.43,4.33,4.41,47182165,206372800
2011-12-05,4.41,4.41,4.31,4.33,43444055,188545500
2011-12-06,4.28,4.3,4.19,4.26,47531748,201594800
2011-12-07,4.24,4.27,4.22,4.27,24624820,104660700
2011-12-08,4.27,4.3,4.21,4.26,28920172,123021500
2011-12-09,4.2,4.23,4.19,4.22,26173655,110139300
2011-12-12,4.22,4.23,4.15,4.16,27069466,113458800
2011-12-13,4.11,4.12,4.04,4.05,52376281,213017300
2011-12-14,4.02,4.06,4,4.01,39682079,159647600
2011-12-15,3.93,3.93,3.79,3.81,64089922,245565200
2011-12-16,3.81,3.93,3.8,3.92,44706488,172498300
2011-12-19,3.9,3.9,3.76,3.85,52864704,201776800
2011-12-20,3.82,3.88,3.8,3.84,37385000,143853500
2011-12-21,3.9,3.92,3.82,3.83,31083253,120309300
2011-12-22,3.8,3.85,3.72,3.8,44898231,169457000
2011-12-23,3.76,3.88,3.76,3.84,33012502,126496000
2011-12-26,3.81,3.85,3.77,3.82,27773965,105925600
2011-12-27,3.8,3.84,3.76,3.77,29235282,110757600
2011-12-28,3.75,3.79,3.73,3.78,25827987,97153900
2011-12-29,3.75,3.79,3.74,3.77,23368208,88179500
2011-12-30,3.78,3.84,3.78,3.82,30273953,115544400
2012-01-04,3.88,3.9,3.8,3.81,31264868,120237600
2012-01-05,3.79,3.82,3.76,3.78,29575140,112165100
2012-01-06,3.77,3.8,3.72,3.8,32262218,121057900
2012-01-09,3.79,3.94,3.75,3.93,95963214,372118200
2012-01-10,3.91,4.14,3.89,4.12,122474839,493433800
2012-01-11,4.15,4.25,4.07,4.16,101194767,419521600
2012-01-12,4.11,4.18,4.09,4.15,70783526,292804900
2012-01-13,4.15,4.18,4.02,4.06,60766036,248762700
2012-01-16,4,4.03,3.95,3.96,40686276,162250700
2012-01-17,3.98,4.36,3.96,4.36,168959865,714800600
2012-01-18,4.45,4.55,4.27,4.29,195219532,864496200
2012-01-19,4.28,4.69,4.27,4.48,187809026,842404700
2012-01-20,4.49,4.5,4.36,4.47,94722912,420628000
2012-01-30,4.56,4.66,4.48,4.49,169178199,769495300
2012-01-31,4.44,4.47,4.39,4.44,75016797,332255800
2012-02-01,4.43,4.5,4.36,4.37,95833411,424191100
2012-02-02,4.42,4.47,4.37,4.46,61993709,274378200
2012-02-03,4.47,4.53,4.46,4.5,76130503,342176400
2012-02-06,4.47,4.49,4.42,4.45,62084750,276496900
2012-02-07,4.41,4.41,4.3,4.35,73128852,317693000
2012-02-08,4.38,4.59,4.36,4.53,142939462,641976500
2012-02-09,4.48,4.53,4.47,4.5,91963696,413431400
2012-02-10,4.5,4.58,4.47,4.5,98099988,444289200
2012-02-13,4.45,4.56,4.41,4.53,90109116,407019200
2012-02-14,4.55,4.55,4.45,4.48,59978772,268822700
2012-02-15,4.51,4.56,4.46,4.52,92893215,419563900
2012-02-16,4.5,4.52,4.44,4.48,71877351,322181700
2012-02-17,4.48,4.52,4.45,4.48,40812266,182907400
2012-02-20,4.52,4.58,4.49,4.55,142679797,646754100
2012-02-21,4.54,4.55,4.46,4.54,67706470,305117600
2012-02-22,4.57,4.61,4.55,4.58,106989234,489878700
2012-02-23,4.59,4.76,4.59,4.71,220089490,1033091300
2012-02-24,4.71,4.74,4.66,4.72,124253442,584271100
2012-02-27,4.73,4.81,4.71,4.73,134017051,638514300
2012-02-28,4.72,4.72,4.62,4.69,95571377,446153100
2012-02-29,4.71,4.85,4.66,4.75,132731679,633737100
2012-03-01,4.58,4.67,4.53,4.65,110186320,509786800
2012-03-02,4.65,4.7,4.65,4.68,83988043,392044600
2012-03-05,4.67,4.7,4.61,4.64,81140396,376758800
2012-03-06,4.62,4.63,4.52,4.53,89419484,407673500
2012-03-07,4.46,4.5,4.42,4.46,77703745,346441300
2012-03-08,4.48,4.52,4.47,4.5,65953397,296820800
2012-03-09,4.52,4.58,4.5,4.56,73911210,335484500
2012-03-12,4.58,4.58,4.5,4.55,74681582,338580200
2012-03-13,4.58,4.58,4.51,4.55,55622656,252549100
2012-03-14,4.55,4.58,4.38,4.42,160944510,725806400
2012-03-15,4.34,4.39,4.28,4.32,120638630,522239700
2012-03-16,4.39,4.39,4.28,4.36,74132197,321810000
2012-03-19,4.36,4.4,4.32,4.4,60169759,262200500
2012-03-20,4.38,4.39,4.31,4.33,49292330,214077200
2012-03-21,4.35,4.53,4.3,4.43,105672836,466821100
2012-03-23,4.35,4.37,4.3,4.32,64684629,280032700
2012-03-26,4.34,4.35,4.29,4.31,29189341,125968700
2012-03-27,4.36,4.41,4.34,4.36,44069939,192785700
2012-03-28,4.34,4.34,4.2,4.21,57055196,243251300
2012-03-29,4.17,4.18,4.08,4.1,51809457,213236100
2012-03-30,4.1,4.13,4.08,4.11,36403642,149447000
2012-04-05,4.08,4.17,4.04,4.16,73383781,301166500
2012-04-06,4.15,4.17,4.11,4.15,38720478,160239700
2012-04-09,4.15,4.21,4.07,4.16,43353751,179638400
2012-04-10,4.15,4.18,4.09,4.17,39349087,162725500
2012-04-11,4.14,4.25,4.12,4.23,79803959,335692200
2012-04-12,4.22,4.29,4.19,4.28,73108993,310493200
2012-04-13,4.3,4.37,4.3,4.32,68183700,295059400
2012-04-16,4.28,4.32,4.24,4.26,47194410,201466000
2012-04-17,4.25,4.26,4.2,4.22,34571305,146361100
2012-04-18,4.24,4.37,4.22,4.35,90278974,390662200
2012-04-19,4.31,4.33,4.29,4.31,37243760,160538600
2012-04-20,4.31,4.35,4.28,4.34,50839609,219349800
2012-04-23,4.32,4.33,4.28,4.29,38542898,165699800
2012-04-24,4.26,4.36,4.2,4.27,70733952,302097500
2012-04-25,4.28,4.41,4.26,4.4,132146157,577930600
2012-04-26,4.38,4.41,4.34,4.38,54521862,238645800
2012-04-27,4.35,4.38,4.28,4.3,72342168,312997100
2012-05-02,4.35,4.44,4.31,4.4,103994416,456561000
2012-05-03,4.38,4.4,4.35,4.37,57981481,253265000
2012-05-04,4.33,4.38,4.31,4.38,58086301,252402400
2012-05-07,4.34,4.4,4.32,4.39,64803775,283670900
2012-05-08,4.38,4.39,4.34,4.38,62989115,274541900
2012-05-09,4.32,4.33,4.27,4.28,59025299,253534100
2012-05-10,4.26,4.29,4.25,4.26,41687651,177868300
2012-05-11,4.26,4.28,4.19,4.2,50435360,212726300
2012-05-14,4.22,4.25,4.15,4.15,52395788,219246300
2012-05-15,4.11,4.15,4.1,4.14,41390168,170496800
2012-05-16,4.12,4.12,4.07,4.08,58878836,240740900
2012-05-17,4.08,4.14,4.06,4.13,48563454,198873200
2012-05-18,4.12,4.19,4.1,4.12,60903424,252227700
2012-05-21,4.12,4.16,4.11,4.13,37168755,153523200
2012-05-22,4.14,4.16,4.11,4.14,37777504,155990100
2012-05-23,4.11,4.12,4.03,4.08,62863269,256051600
2012-05-24,4.04,4.08,4.03,4.05,33413002,135464200
2012-05-25,4.06,4.07,4.02,4.05,32041069,129458800
2012-05-29,4.06,4.16,4.05,4.14,72752895,299812700
2012-05-30,4.12,4.13,4.09,4.11,41278337,169490400
2012-06-01,4.2,4.25,4.12,4.14,72862276,304320200
2012-06-04,4.22,4.27,4.14,4.15,98333488,411993600
2012-06-05,4.15,4.16,4.05,4.1,46346377,189821600
2012-06-06,4.12,4.27,4.08,4.19,126134795,530177800
2012-06-07,4.2,4.2,4.12,4.14,63246092,263228200
2012-06-08,4.1,4.12,4.06,4.07,51331974,209384800
2012-06-11,4.08,4.12,4.06,4.11,31397542,128549000
2012-06-12,4.08,4.08,4.05,4.07,28606234,116217100
2012-06-13,4.09,4.1,4.05,4.09,30171417,122940300
2012-06-14,4.08,4.1,4.06,4.07,25046302,102158300
2012-06-15,4.06,4.09,4.05,4.08,35977337,146511400
2012-06-18,4.1,4.11,4.07,4.08,23526012,96195000
2012-06-19,4.08,4.09,4.05,4.06,23041391,93551900
2012-06-20,4.06,4.08,4.05,4.06,24175947,98123900
2012-06-21,4.04,4.05,3.97,3.99,47041673,187788500
2012-06-25,3.96,3.96,3.88,3.89,45353212,177844700
2012-06-26,3.89,3.92,3.83,3.9,43808121,169763600
2012-06-27,3.89,3.91,3.86,3.87,30097700,116881500
2012-06-28,3.88,3.89,3.83,3.83,22247056,85802000
2012-06-29,3.8,3.88,3.79,3.88,28728615,110205100
2012-07-02,3.92,3.94,3.89,3.9,25282561,98965500
2012-07-03,3.9,3.92,3.88,3.89,21654444,84532200
2012-07-04,3.92,3.94,3.9,3.91,22483305,88058500
2012-07-05,3.9,3.91,3.86,3.88,28857803,112121100
2012-07-06,3.83,3.84,3.76,3.84,28558123,108481600
2012-07-09,3.79,3.8,3.75,3.76,28370467,107023900
2012-07-10,3.76,3.77,3.7,3.71,32412116,120673700
2012-07-11,3.7,3.72,3.67,3.72,27571415,101880400
2012-07-12,3.7,3.79,3.67,3.73,53622714,199593100
2012-07-13,3.71,3.78,3.71,3.74,25266233,94569700
2012-07-16,3.77,3.78,3.69,3.7,35346261,131543000
2012-07-17,3.71,3.76,3.69,3.76,27123643,101030100
2012-07-18,3.73,3.75,3.7,3.74,21171927,78834600
2012-07-19,3.74,3.79,3.71,3.76,31262387,117631600
2012-07-20,3.74,3.76,3.72,3.74,26612930,99335200
2012-07-23,3.73,3.74,3.69,3.7,21191247,78442000
2012-07-24,3.68,3.72,3.67,3.69,23876159,88135100
2012-07-25,3.68,3.71,3.67,3.69,16041330,59182700
2012-07-26,3.71,3.77,3.7,3.73,35634128,133067000
2012-07-27,3.75,3.75,3.72,3.74,25997644,97099700
2012-07-30,3.72,3.75,3.66,3.66,27133460,100518100
2012-07-31,3.66,3.7,3.65,3.67,25259182,92848900
2012-08-01,3.66,3.72,3.65,3.7,21044437,77743700
2012-08-02,3.69,3.69,3.66,3.66,18581206,68236100
2012-08-03,3.66,3.7,3.66,3.7,22443861,82858600
2012-08-06,3.7,3.77,3.7,3.76,45621951,170702000
2012-08-07,3.81,4.11,3.81,3.99,151114515,604992600
2012-08-08,3.97,4.02,3.9,3.97,83374451,330209000
2012-08-09,3.96,3.98,3.92,3.96,47335661,186921900
2012-08-10,3.96,4.04,3.94,3.95,43712845,174023400
2012-08-13,3.93,3.94,3.86,3.88,45967454,179426700
2012-08-14,3.88,3.9,3.81,3.85,34955286,134612200
2012-08-15,3.85,3.85,3.79,3.8,26386500,100668100
2012-08-16,3.78,3.84,3.78,3.79,26618093,101160300
2012-08-17,3.82,3.84,3.77,3.83,29389568,111912600
2012-08-20,3.81,3.82,3.77,3.8,31688525,120047900
2012-08-21,3.79,3.88,3.78,3.83,38905754,149253000
2012-08-22,3.88,3.9,3.81,3.83,36961465,141933500
2012-08-23,3.86,3.95,3.85,3.92,80057799,313227400
2012-08-24,3.92,3.92,3.83,3.84,51328079,198852200
2012-08-27,3.85,3.9,3.81,3.81,62838989,242595000
2012-08-28,3.78,3.79,3.73,3.78,39883345,149993400
2012-08-29,3.77,3.78,3.72,3.74,21295607,79842900
2012-08-30,3.71,3.74,3.67,3.72,36976672,136959900
2012-08-31,3.7,3.72,3.67,3.68,29506883,108988200
2012-09-03,3.72,3.81,3.72,3.76,64904914,244972900
2012-09-04,3.77,3.79,3.7,3.72,30275750,113070400
2012-09-05,3.71,3.78,3.69,3.74,30821217,115315900
2012-09-06,3.73,3.8,3.73,3.8,37928892,142597600
2012-09-07,3.8,3.96,3.78,3.91,124843965,485360300
2012-09-10,4.01,4.04,3.93,3.97,128057735,510702300
2012-09-11,3.93,4.01,3.91,3.95,71994028,285194600
2012-09-12,3.99,4.03,3.95,3.99,72109193,287752300
2012-09-13,3.97,3.97,3.9,3.9,61656325,242207700
2012-09-14,4.1,4.15,3.99,4.03,190207001,770956000
2012-09-17,4.04,4.09,3.97,3.98,122004464,491338300
2012-09-18,3.92,3.93,3.86,3.89,64982009,253233100
2012-09-19,3.89,4.1,3.88,4.08,155535922,622631500
2012-09-20,4.02,4.1,3.94,3.96,148678583,599327500
2012-09-21,3.96,4.18,3.96,4.1,250146759,1024882500
2012-09-24,4,4.04,3.96,4.03,145430837,581589700
2012-09-25,3.99,4,3.88,3.91,128618142,503973300
2012-09-26,3.88,3.89,3.78,3.8,82056039,314143300
2012-09-27,3.76,3.96,3.75,3.86,110211991,425232800
2012-09-28,3.9,4.06,3.87,4.01,182024615,724535800
2012-10-08,3.99,3.99,3.9,3.93,96049618,378001800
2012-10-09,3.94,4.01,3.93,3.99,83342884,331789700
2012-10-10,3.95,4,3.92,3.99,73166862,289440800
2012-10-11,3.96,4.02,3.93,3.96,65784519,261232000
2012-10-12,3.97,4,3.92,3.94,51917132,204967800
2012-10-15,3.89,3.9,3.86,3.89,49770088,192902900
2012-10-16,3.86,3.91,3.85,3.89,34252308,133132200
2012-10-17,3.9,3.92,3.86,3.88,40305854,156739800
2012-10-18,3.9,3.94,3.88,3.93,51239642,200568000
2012-10-19,3.91,3.93,3.89,3.9,37955676,148191100
2012-10-22,3.86,3.92,3.85,3.9,37340426,145054900
2012-10-23,3.9,3.93,3.89,3.9,29480676,115122700
2012-10-24,3.87,3.91,3.86,3.88,26420016,102581400
2012-10-25,3.88,3.91,3.87,3.9,37832610,147175100
2012-10-26,3.92,3.92,3.81,3.82,50084610,192567000
2012-10-29,3.81,3.86,3.8,3.83,26738991,102495700
2012-10-30,3.82,3.85,3.8,3.81,25322191,96619500
2012-10-31,3.82,3.83,3.79,3.81,21858679,83155200
2012-11-01,3.81,3.91,3.81,3.88,43984501,170242900
2012-11-02,3.88,3.89,3.84,3.87,27633471,106808800
2012-11-05,3.84,3.86,3.82,3.84,29125733,111880300
2012-11-06,3.84,3.87,3.8,3.87,37776481,144972900
2012-11-07,3.88,3.96,3.87,3.92,71620251,280356100
2012-11-08,3.88,3.89,3.82,3.83,43740829,168239600
2012-11-09,3.84,3.87,3.83,3.84,29236852,112534500
2012-11-12,3.85,3.86,3.82,3.84,28563496,109502900
2012-11-13,3.82,3.83,3.77,3.78,29768258,112985800
2012-11-14,3.78,3.81,3.77,3.8,17489848,66340300
2012-11-15,3.8,3.8,3.72,3.73,25849538,97611100
2012-11-16,3.73,3.74,3.67,3.69,31122352,114896000
2012-11-19,3.7,3.71,3.68,3.71,20706545,76525400
2012-11-20,3.73,3.75,3.7,3.72,20416107,75959100
2012-11-21,3.71,3.74,3.67,3.74,21943190,81373300
2012-11-22,3.73,3.73,3.69,3.7,13255387,49135800
2012-11-23,3.72,3.73,3.7,3.71,24579006,91190300
2012-11-26,3.73,3.75,3.71,3.74,27528633,102727300
2012-11-27,3.74,3.75,3.69,3.7,24101847,89591700
2012-11-28,3.68,3.68,3.6,3.62,35617644,128982000
2012-11-29,3.6,3.63,3.57,3.58,27056709,97088900
2012-11-30,3.58,3.61,3.58,3.6,24417651,87812400
2012-12-03,3.59,3.59,3.55,3.56,21951610,78405600
2012-12-04,3.56,3.57,3.49,3.53,31039945,109281900
2012-12-05,3.51,3.65,3.5,3.62,51388521,184765900
2012-12-06,3.6,3.63,3.58,3.6,30260243,108949900
2012-12-07,3.6,3.65,3.58,3.65,65708379,238515800
2012-12-10,3.65,3.69,3.63,3.68,63438945,232303500
2012-12-11,3.67,3.69,3.64,3.67,32616389,119405300
2012-12-12,3.67,3.73,3.64,3.72,63737354,235652700
2012-12-13,3.69,3.7,3.64,3.65,43702862,160042300
2012-12-14,3.64,3.78,3.61,3.77,104808723,390859900
2012-12-17,3.77,3.84,3.73,3.79,90543745,343691600
2012-12-18,3.79,3.83,3.77,3.78,54108905,205260700
2012-12-19,3.74,3.77,3.73,3.74,55322858,207245500
2012-12-20,3.73,3.77,3.7,3.76,40365878,150585300
2012-12-21,3.72,3.77,3.71,3.71,47524538,177113500
2012-12-24,3.71,3.73,3.69,3.72,35742392,132554400
2012-12-25,3.71,3.8,3.69,3.76,86692324,325422400
2012-12-26,3.76,3.85,3.75,3.81,121747314,462032000
2012-12-27,3.8,3.81,3.76,3.78,73142641,276780400
2012-12-28,3.78,3.81,3.77,3.8,59438861,225409700
2012-12-31,3.8,3.86,3.8,3.83,80494853,308566400
2013-01-04,3.87,3.87,3.79,3.81,79824294,304967300
2013-01-07,3.8,3.81,3.76,3.8,66805535,252918500
2013-01-08,3.8,3.81,3.76,3.79,56235573,212720800
2013-01-09,3.79,3.81,3.77,3.8,52526112,199058900
2013-01-10,3.79,3.85,3.77,3.83,84772185,323277800
2013-01-11,3.85,3.85,3.76,3.78,61564004,233964200
2013-01-14,3.76,3.85,3.75,3.84,88888227,338654600
2013-01-15,3.84,3.88,3.82,3.87,114981890,442957500
2013-01-16,3.88,3.94,3.85,3.91,132369752,515384000
2013-01-17,3.9,3.9,3.83,3.84,62731331,241627000
2013-01-18,3.87,3.89,3.83,3.87,63869692,246651000
2013-01-21,3.87,3.88,3.84,3.86,60983194,235000300
2013-01-22,3.86,3.87,3.8,3.81,65044348,248767200
2013-01-23,3.81,3.83,3.78,3.81,44447384,169271700
2013-01-24,3.8,3.83,3.76,3.77,75207900,285860400
2013-01-25,3.76,3.8,3.75,3.77,39265304,148228600
2013-01-28,3.79,3.81,3.77,3.8,62751360,237531400
2013-01-29,3.8,3.84,3.78,3.82,78491524,298540500
2013-01-30,3.82,3.82,3.78,3.81,56301703,214083800
2013-01-31,3.83,3.9,3.82,3.87,126606133,490255500
2013-02-01,3.84,3.86,3.81,3.85,68564332,262727600
2013-02-04,3.88,3.9,3.81,3.87,115398200,446409200
2013-02-05,3.85,3.93,3.85,3.91,110076544,429322300
2013-02-06,3.9,3.92,3.87,3.87,60568482,235787400
2013-02-07,3.88,3.91,3.85,3.9,70190859,272944500
2013-02-08,3.89,3.91,3.87,3.91,59003344,229810600
2013-02-18,3.86,3.86,3.8,3.81,131177514,501520500
2013-02-19,3.81,3.82,3.76,3.78,77869335,294791700
2013-02-20,3.76,3.8,3.76,3.79,47457695,179715900
2013-02-21,3.75,3.76,3.67,3.68,96146978,356178500
2013-02-22,3.69,3.71,3.68,3.69,44907973,165813300
2013-02-25,3.7,3.71,3.67,3.68,37353140,137651700
2013-02-26,3.69,3.71,3.63,3.64,57069718,209698400
2013-02-27,3.67,3.69,3.64,3.67,38691948,141785400
2013-02-28,3.66,3.72,3.63,3.7,60915010,223931000
2013-03-01,3.69,3.69,3.65,3.69,46937938,172146300
2013-03-04,3.65,3.7,3.62,3.63,61691572,225713200
2013-03-05,3.63,3.65,3.59,3.64,71696743,259768200
2013-03-06,3.64,3.66,3.61,3.66,67108977,243462700
2013-03-07,3.64,3.68,3.61,3.65,63613550,231728800
2013-03-08,3.64,3.64,3.61,3.62,57507412,208150400
2013-03-11,3.62,3.62,3.58,3.6,48369796,174067400
2013-03-12,3.6,3.62,3.54,3.57,69133582,247091800
2013-03-13,3.57,3.59,3.54,3.55,54734066,194960600
2013-03-14,3.54,3.56,3.51,3.53,50191701,176995200
2013-03-15,3.53,3.54,3.46,3.48,157278991,549973500
2013-03-18,3.49,3.49,3.45,3.46,49702364,172458000
2013-03-19,3.47,3.49,3.46,3.49,57145468,198744500
2013-03-20,3.49,3.53,3.49,3.52,89159118,312922600
2013-03-21,3.54,3.54,3.49,3.51,64760368,227584900
2013-03-22,3.51,3.53,3.49,3.52,58193074,204491500
2013-03-25,3.52,3.52,3.49,3.52,41938812,147041200
2013-03-26,3.5,3.51,3.46,3.48,49883973,173507400
2013-03-27,3.47,3.49,3.46,3.47,35672283,123926700
2013-03-28,3.47,3.51,3.46,3.5,86218124,301080700
2013-03-29,3.48,3.49,3.46,3.47,40538114,140665900
2013-04-01,3.45,3.46,3.4,3.42,53468655,182849800
2013-04-02,3.42,3.44,3.4,3.42,33881743,115827000
2013-04-03,3.4,3.41,3.39,3.4,36541275,124187000
2013-04-08,3.39,3.45,3.36,3.44,61735813,210982500
2013-04-09,3.43,3.43,3.4,3.42,38306106,130887100
2013-04-10,3.42,3.46,3.42,3.44,39689904,136391300
2013-04-11,3.42,3.43,3.39,3.4,37025976,126079000
2013-04-12,3.39,3.4,3.38,3.39,18609306,63061200
2013-04-15,3.3,3.3,3.19,3.2,115542392,371858300
2013-04-16,3.04,3.17,3,3.16,82860563,255908900
2013-04-17,3.13,3.18,3.12,3.15,42278163,133214700
2013-04-18,3.13,3.16,3.1,3.13,36676334,114849200
2013-04-19,3.13,3.2,3.13,3.19,58023072,184217000
2013-04-22,3.17,3.19,3.15,3.18,36733481,116468600
2013-04-23,3.18,3.18,3.09,3.1,42581187,133103700
2013-04-24,3.11,3.15,3.09,3.13,39400312,122787400
2013-04-25,3.13,3.15,3.1,3.12,36958829,115623500
2013-04-26,3.16,3.2,3.12,3.13,35605034,112262700
2013-05-02,3.11,3.11,3.05,3.07,39967556,122706000
2013-05-03,3.08,3.14,3.07,3.1,36540310,113698200
2013-05-06,3.13,3.15,3.12,3.14,38044741,119290800
2013-05-07,3.14,3.16,3.1,3.14,34176851,107120600
2013-05-08,3.14,3.16,3.12,3.13,37125095,116563000
2013-05-09,3.13,3.15,3.1,3.11,30463640,95125800
2013-05-10,3.11,3.13,3.1,3.12,30246214,94307300
2013-05-13,3.1,3.11,3.08,3.09,34198658,105692000
2013-05-14,3.08,3.09,3.03,3.05,45442664,138598700
2013-05-15,3.05,3.06,3.03,3.04,26267031,79853600
2013-05-16,3.02,3.06,3,3.03,46266246,140498600
2013-05-17,3.04,3.08,3.02,3.07,49884079,152281000
2013-05-20,3.05,3.12,3.04,3.1,77558564,238443100
2013-05-21,3.1,3.11,3.08,3.1,41438489,128133200
2013-05-22,3.09,3.1,3.07,3.09,41955592,129337400
2013-05-23,3.07,3.08,3.05,3.06,38024699,116402500
2013-05-24,3.07,3.08,3.06,3.08,34613171,106310700
2013-05-27,3.07,3.08,3.05,3.06,36463145,111570000
2013-05-28,3.06,3.12,3.03,3.12,97266200,300373400
2013-05-29,3.1,3.12,3.09,3.11,60081347,186624000
2013-05-30,3.11,3.11,3.08,3.1,47209453,146096900
2013-05-31,3.12,3.12,3.07,3.08,45947648,142311300
2013-06-03,3.06,3.09,3.06,3.09,46036094,141534000
2013-06-04,3.09,3.09,3.05,3.06,37417025,114566500
2013-06-05,3.06,3.06,3.04,3.06,27696167,84387000
2013-06-06,3.05,3.05,3.03,3.03,23667452,71940400
2013-06-07,3.03,3.05,3.01,3.02,35265181,106655400
2013-06-13,3,3.01,2.91,2.93,60074002,176384400
2013-06-14,2.93,2.95,2.91,2.95,39117285,114490800
2013-06-17,2.95,2.95,2.9,2.91,33479413,97556900
2013-06-18,2.91,2.91,2.89,2.9,29504409,85508400
2013-06-19,2.89,2.89,2.81,2.84,36753360,104068800
2013-06-20,2.8,2.8,2.72,2.73,48028971,132936300
2013-06-21,2.64,2.76,2.58,2.68,57774453,152998600
2013-06-24,2.66,2.66,2.5,2.51,61350366,158301200
2013-06-25,2.5,2.5,2.27,2.46,80169652,193580700
2013-06-26,2.43,2.45,2.36,2.39,64530798,154505200
2013-06-27,2.36,2.4,2.35,2.39,55968623,133019600
2013-06-28,2.35,2.41,2.31,2.38,57172861,135683400
2013-07-01,2.4,2.41,2.38,2.41,40066585,95995900
2013-07-02,2.42,2.46,2.42,2.45,39821157,97193600
2013-07-03,2.44,2.5,2.41,2.48,51534390,126652300
2013-07-04,2.47,2.54,2.44,2.53,55452102,138515600
2013-07-05,2.49,2.67,2.43,2.67,144365884,375450400
2013-07-08,2.6,2.65,2.55,2.56,88106005,228973500
2013-07-09,2.56,2.61,2.52,2.54,50543220,129157300
2013-07-10,2.53,2.58,2.47,2.57,55651310,140904400
2013-07-11,2.62,2.68,2.59,2.64,129697286,341566100
2013-07-12,2.62,2.63,2.55,2.56,68539227,177841600
2013-07-15,2.55,2.6,2.54,2.55,52341807,134466300
2013-07-16,2.54,2.56,2.5,2.56,48350400,122264400
2013-07-17,2.6,2.61,2.52,2.53,48779428,125286900
2013-07-18,2.5,2.51,2.46,2.46,38593738,95681500
2013-07-19,2.46,2.49,2.4,2.41,42669015,104213500
2013-07-22,2.42,2.48,2.42,2.47,40863358,99993000
2013-07-23,2.51,2.58,2.5,2.53,71516545,181760200
2013-07-24,2.53,2.55,2.46,2.5,42714940,106886900
2013-07-25,2.49,2.5,2.46,2.47,29664298,73471300
2013-07-26,2.47,2.48,2.45,2.46,21398830,52685600
2013-07-29,2.45,2.45,2.4,2.41,28891412,69789800
2013-07-30,2.41,2.47,2.4,2.44,25741342,62636800
2013-07-31,2.44,2.47,2.42,2.44,20052504,48992700
2013-08-01,2.45,2.48,2.43,2.47,35524196,87438600
2013-08-02,2.47,2.48,2.43,2.44,34307906,84227200
2013-08-05,2.44,2.46,2.42,2.46,26491379,64639300
2013-08-06,2.44,2.47,2.42,2.46,48678875,119261600
2013-08-07,2.44,2.45,2.42,2.43,49107729,119547200
2013-08-08,2.43,2.47,2.42,2.44,36406320,88975000
2013-08-09,2.46,2.56,2.45,2.53,113966599,284290800
2013-08-12,2.53,2.61,2.49,2.59,127829246,326708400
2013-08-13,2.59,2.59,2.55,2.57,53237440,136403000
2013-08-14,2.55,2.57,2.51,2.53,58096201,147505800
2013-08-15,2.53,2.58,2.52,2.54,55534432,141577500
2013-08-16,2.56,2.79,2.53,2.55,149071549,388781400
2013-08-19,2.55,2.57,2.53,2.56,52810282,134622400
2013-08-20,2.54,2.55,2.49,2.5,55867528,140802100
2013-08-21,2.51,2.51,2.47,2.49,41656307,103852300
2013-08-22,2.5,2.5,2.47,2.47,30865342,76644500
2013-08-23,2.48,2.5,2.44,2.46,34264144,84633600
2013-08-26,2.49,2.52,2.48,2.52,41799651,104709100
2013-08-27,2.51,2.53,2.5,2.53,40053696,100777300
2013-08-28,2.56,2.78,2.56,2.78,365139178,991551300
2013-08-29,2.77,2.77,2.64,2.67,215876790,579551500
2013-08-30,2.63,2.65,2.59,2.64,102509335,268063400
2013-09-02,2.63,2.7,2.6,2.69,106611313,282999400
2013-09-03,2.66,2.66,2.61,2.65,72759370,192176800
2013-09-04,2.68,2.71,2.65,2.68,76709483,205234800
2013-09-05,2.64,2.65,2.62,2.63,46911579,123383300
2013-09-06,2.6,2.65,2.59,2.64,53639056,140772100
2013-09-09,2.64,2.68,2.62,2.67,73969064,196481400
2013-09-10,2.66,2.71,2.64,2.69,100795533,269525000
2013-09-11,2.66,2.82,2.65,2.76,186104379,510727900
2013-09-12,2.74,2.75,2.71,2.73,83998219,228907300
2013-09-13,2.69,2.7,2.66,2.67,69719508,186891200
2013-09-16,2.67,2.71,2.66,2.67,50965652,136783600
2013-09-17,2.67,2.67,2.61,2.62,54350746,143245300
2013-09-18,2.61,2.63,2.58,2.62,45020297,117243400
2013-09-23,2.65,2.66,2.63,2.65,43623151,115416200
2013-09-24,2.64,2.64,2.58,2.59,55609513,144829400
2013-09-25,2.58,2.64,2.57,2.61,42878258,111742500
2013-09-26,2.61,2.62,2.56,2.56,41156713,106148100
2013-09-27,2.56,2.58,2.55,2.57,33089663,85005800
2013-09-30,2.58,2.6,2.58,2.6,23556585,61017500
2013-10-08,2.58,2.6,2.56,2.6,39543956,101976200
2013-10-09,2.58,2.6,2.57,2.59,33796222,87224600
2013-10-10,2.58,2.59,2.56,2.57,37590349,96580700
2013-10-11,2.57,2.6,2.56,2.59,43025693,111186800
2013-10-14,2.58,2.59,2.56,2.59,43554877,112152800
2013-10-15,2.57,2.59,2.57,2.59,36831969,94974400
2013-10-16,2.57,2.68,2.54,2.63,111066166,289807400
2013-10-17,2.6,2.61,2.57,2.57,54662362,141261300
2013-10-18,2.64,2.66,2.58,2.59,51466306,134514200
2013-10-21,2.58,2.66,2.55,2.62,72930751,189773900
2013-10-22,2.61,2.61,2.58,2.6,34327907,89077100
2013-10-23,2.63,2.63,2.59,2.6,57429750,149928200
2013-10-24,2.59,2.59,2.56,2.57,37767300,97164800
2013-10-25,2.57,2.58,2.5,2.51,46407290,117867400
2013-10-28,2.5,2.51,2.48,2.5,34313108,85550600
2013-10-29,2.48,2.52,2.43,2.47,53123748,131515000
2013-10-30,2.46,2.49,2.45,2.48,30238563,74810000
2013-10-31,2.48,2.48,2.44,2.47,31948957,78626100
2013-11-01,2.46,2.48,2.45,2.47,24886364,61446100
2013-11-04,2.48,2.49,2.46,2.47,18421216,45492600
2013-11-05,2.46,2.47,2.44,2.47,23917368,58748000
2013-11-06,2.46,2.47,2.45,2.46,22465562,55221600
2013-11-07,2.46,2.47,2.45,2.46,21367159,52524400
2013-11-08,2.45,2.46,2.43,2.43,24070314,58820300
2013-11-11,2.41,2.42,2.39,2.41,28200363,67865400
2013-11-12,2.4,2.43,2.4,2.43,22707333,54811600
2013-11-13,2.41,2.42,2.37,2.38,29699537,70904000
2013-11-14,2.38,2.4,2.37,2.38,23531755,56079200
2013-11-15,2.38,2.43,2.38,2.42,37550928,90652600
2013-11-18,2.42,2.45,2.41,2.45,42163115,102631300
2013-11-19,2.44,2.45,2.43,2.44,25755118,62762300
2013-11-20,2.45,2.46,2.44,2.46,28980045,70969700
2013-11-21,2.44,2.44,2.41,2.43,37772680,91548500
2013-11-22,2.42,2.48,2.41,2.46,58158741,142340800
2013-11-25,2.44,2.45,2.42,2.42,36157613,87994200
2013-11-26,2.43,2.44,2.42,2.43,24184320,58727100
2013-11-27,2.42,2.45,2.41,2.43,28805066,69868000
2013-11-28,2.43,2.48,2.42,2.46,64184934,157525100
2013-11-29,2.45,2.46,2.44,2.45,31028550,75896400
2013-12-02,2.43,2.44,2.39,2.41,62794210,151321100
2013-12-03,2.39,2.42,2.38,2.41,35220118,84498900
2013-12-04,2.4,2.44,2.4,2.43,45186096,109443800
2013-12-05,2.43,2.45,2.43,2.44,51179880,124772900
2013-12-06,2.43,2.44,2.41,2.43,29999562,72711300
2013-12-09,2.43,2.44,2.42,2.43,28415347,69047600
2013-12-10,2.44,2.44,2.42,2.43,22987838,55738700
2013-12-11,2.44,2.44,2.4,2.41,32619587,78923500
2013-12-12,2.4,2.41,2.39,2.4,22782045,54686700
2013-12-13,2.38,2.39,2.37,2.38,27087675,64513000
2013-12-16,2.38,2.39,2.35,2.35,36369608,86161600
2013-12-17,2.36,2.37,2.35,2.35,24828268,58455400
2013-12-18,2.35,2.35,2.31,2.33,31387140,73041300
2013-12-19,2.32,2.35,2.31,2.33,30465868,70906200
2013-12-20,2.31,2.32,2.26,2.27,41802204,95428000
2013-12-23,2.27,2.28,2.24,2.27,25504747,57595200
2013-12-24,2.27,2.31,2.25,2.3,31071429,70801600
2013-12-25,2.29,2.32,2.28,2.3,23394382,53853700
2013-12-26,2.3,2.43,2.25,2.35,84408616,197503300
2013-12-27,2.32,2.35,2.31,2.33,47062859,109809400
2013-12-30,2.33,2.35,2.3,2.31,38455586,89134000
2013-12-31,2.3,2.32,2.29,2.31,26234773,60407000
2014-01-02,2.3,2.36,2.28,2.33,54957512,127717800
2014-01-03,2.33,2.33,2.29,2.3,33051678,76179000
2014-01-06,2.3,2.31,2.25,2.27,38442131,86964900
2014-01-07,2.26,2.27,2.25,2.27,17938583,40493800
2014-01-08,2.26,2.27,2.23,2.24,29600436,66459500
2014-01-09,2.23,2.24,2.21,2.21,24297581,54092000
2014-01-10,2.21,2.25,2.2,2.2,34123448,75658800
2014-01-13,2.21,2.25,2.21,2.24,31824868,71042900
2014-01-14,2.24,2.24,2.21,2.23,19570205,43513700
2014-01-15,2.22,2.23,2.2,2.22,14610356,32321100
2014-01-16,2.21,2.25,2.2,2.23,30922603,68801900
2014-01-17,2.22,2.23,2.2,2.21,25751984,56876800
2014-01-20,2.21,2.22,2.2,2.21,19599999,43295200
2014-01-21,2.21,2.23,2.2,2.22,18583974,41193200
2014-01-22,2.21,2.25,2.21,2.25,38418404,85920700
2014-01-23,2.23,2.25,2.22,2.23,22797579,50912500
2014-01-24,2.24,2.28,2.23,2.27,51598967,116569900
2014-01-27,2.25,2.29,2.23,2.26,43650301,98839600
2014-01-28,2.24,2.26,2.23,2.25,26386052,59286400
2014-01-29,2.25,2.25,2.24,2.25,18035322,40458800
2014-01-30,2.25,2.26,2.23,2.24,16953670,38037200
2014-02-07,2.22,2.23,2.19,2.23,23159842,51252300
2014-02-10,2.23,2.26,2.22,2.25,65431602,147171200
2014-02-11,2.26,2.33,2.25,2.31,107034091,245080700
2014-02-12,2.3,2.31,2.28,2.29,65575596,150265200
2014-02-13,2.31,2.52,2.3,2.41,293942941,717227600
2014-02-14,2.4,2.44,2.37,2.41,112764595,270884100
2014-02-17,2.46,2.5,2.42,2.43,96207235,234905700
2014-02-18,2.44,2.44,2.36,2.37,80299367,191535100
2014-02-19,2.37,2.4,2.35,2.38,47940768,114080000
2014-02-20,2.37,2.44,2.36,2.39,64230216,154099600
2014-02-21,2.39,2.4,2.35,2.37,45616122,108256400
2014-02-24,2.37,2.37,2.3,2.33,43592478,101414100
2014-02-25,2.34,2.37,2.3,2.32,45735594,107062900
2014-02-26,2.32,2.47,2.32,2.43,132850664,318393600
2014-02-27,2.4,2.4,2.34,2.36,75141582,177952200
2014-02-28,2.36,2.42,2.34,2.38,78420797,187134800
2014-03-03,2.39,2.43,2.38,2.42,80274674,192780200
2014-03-04,2.44,2.51,2.42,2.43,171535445,421915700
2014-03-05,2.4,2.4,2.32,2.35,98944358,233099800
2014-03-06,2.34,2.35,2.31,2.34,39425150,91961600
2014-03-07,2.36,2.38,2.33,2.35,45937479,108030000
2014-03-10,2.32,2.32,2.25,2.26,54835474,125294100
2014-03-11,2.26,2.28,2.24,2.26,35558454,80443000
2014-03-12,2.26,2.31,2.26,2.29,41159209,94195500
2014-03-13,2.33,2.33,2.29,2.31,44403521,102626400
2014-03-14,2.31,2.32,2.28,2.3,27428983,62828500
2014-03-17,2.31,2.32,2.29,2.31,30168046,69490100
2014-03-18,2.29,2.29,2.26,2.29,43060802,98003200
2014-03-19,2.27,2.28,2.26,2.27,23499150,53324400
2014-03-20,2.25,2.27,2.24,2.25,35815525,80765200
2014-03-21,2.24,2.29,2.23,2.28,46097323,104061900
2014-03-24,2.28,2.3,2.27,2.3,43267923,98930000
2014-03-25,2.28,2.31,2.27,2.3,40409359,92422700
2014-03-26,2.29,2.3,2.28,2.29,24994297,57184200
2014-03-27,2.27,2.28,2.25,2.26,34381336,77935700
2014-03-28,2.26,2.28,2.25,2.27,30296719,68712600
2014-03-31,2.27,2.28,2.25,2.25,27184767,61619400
2014-04-01,2.25,2.28,2.25,2.26,20958524,47377500
2014-04-02,2.27,2.28,2.26,2.27,26957303,61197600
2014-04-03,2.28,2.28,2.26,2.26,21841842,49532000
2014-04-04,2.26,2.27,2.24,2.26,21897145,49471600
2014-04-08,2.26,2.29,2.25,2.29,42344795,96390700
2014-04-09,2.29,2.31,2.28,2.29,50738061,116420400
2014-04-10,2.29,2.32,2.27,2.31,66164572,151705700
2014-04-11,2.31,2.31,2.28,2.29,42333948,97076600
2014-04-14,2.29,2.3,2.28,2.3,27053572,61957400
2014-04-15,2.29,2.29,2.26,2.27,31640168,71965300
2014-04-16,2.26,2.28,2.25,2.27,20353139,46089600
2014-04-17,2.27,2.27,2.25,2.26,25617269,57840100
2014-04-18,2.26,2.26,2.24,2.26,19442022,43788500
2014-04-21,2.25,2.27,2.24,2.24,25300459,56988000
2014-04-22,2.24,2.25,2.22,2.23,24298683,54255400
2014-04-23,2.23,2.24,2.22,2.23,23616957,52604200
2014-04-24,2.23,2.24,2.22,2.23,22549997,50271000
2014-04-25,2.23,2.24,2.2,2.21,32452852,72047000
2014-04-28,2.22,2.22,2.19,2.2,36151716,79719100
2014-04-29,2.2,2.21,2.19,2.2,23711767,52232700
2014-04-30,2.2,2.24,2.2,2.22,24814422,55023300
2014-05-05,2.22,2.24,2.21,2.23,30248669,67266700
2014-05-06,2.23,2.24,2.21,2.22,23730968,52731000
2014-05-07,2.22,2.22,2.19,2.2,27499766,60559600
2014-05-08,2.19,2.22,2.18,2.2,33001124,72515300
2014-05-09,2.2,2.23,2.19,2.22,35709929,79033200
2014-05-12,2.22,2.29,2.21,2.27,105647271,239444600
2014-05-13,2.27,2.27,2.24,2.25,51542727,116062100
2014-05-14,2.24,2.25,2.22,2.24,33420013,74646900
2014-05-15,2.24,2.24,2.21,2.21,31326000,69528800
2014-05-16,2.21,2.22,2.2,2.21,26323509,58149200
2014-05-19,2.2,2.21,2.19,2.21,30360043,66847800
2014-05-20,2.21,2.23,2.2,2.21,20211420,44748700
2014-05-21,2.2,2.22,2.19,2.21,18020517,39821500
2014-05-22,2.21,2.23,2.2,2.2,23246467,51491400
2014-05-23,2.21,2.22,2.2,2.22,14493561,32003100
2014-05-26,2.22,2.22,2.2,2.21,28595674,63043700
2014-05-27,2.2,2.21,2.19,2.2,24733375,54393100
2014-05-28,2.19,2.21,2.18,2.2,25647802,56287500
2014-05-29,2.2,2.21,2.18,2.19,28649600,62806900
2014-05-30,2.19,2.2,2.18,2.19,22774864,49920400
2014-06-03,2.19,2.2,2.18,2.19,22115941,48423700
2014-06-04,2.19,2.19,2.17,2.18,23781155,51754400
2014-06-05,2.18,2.19,2.17,2.19,19940353,43394700
2014-06-06,2.19,2.19,2.17,2.17,21899725,47718100
2014-06-09,2.17,2.18,2.16,2.17,19773369,42895100
2014-06-10,2.17,2.18,2.16,2.17,31132304,67483700
2014-06-11,2.17,2.18,2.16,2.17,25544011,55455700
2014-06-12,2.17,2.18,2.16,2.16,31743645,68842100
2014-06-13,2.17,2.18,2.16,2.16,55137322,119736000
2014-06-16,2.17,2.19,2.17,2.19,44283568,96521000
2014-06-17,2.18,2.19,2.16,2.18,38577168,83690000
2014-06-18,2.17,2.18,2.16,2.17,33602413,72810600
2014-06-19,2.16,2.17,2.12,2.14,41367039,88878500
2014-06-20,2.17,2.19,2.15,2.16,56402977,122131100
2014-06-23,2.15,2.19,2.14,2.17,56402465,122088000
2014-06-24,2.16,2.17,2.15,2.16,34647591,74892800
2014-06-25,2.16,2.16,2.15,2.16,21151679,45574400
2014-06-26,2.16,2.17,2.15,2.17,31578858,68222500
2014-06-27,2.16,2.17,2.15,2.16,39265759,84678700
2014-06-30,2.16,2.18,2.15,2.18,40127543,86960000
2014-07-01,2.18,2.24,2.17,2.21,93031370,205187000
2014-07-02,2.2,2.21,2.18,2.19,41742799,91502500
2014-07-03,2.2,2.22,2.2,2.21,56320206,124535800
2014-07-04,2.21,2.22,2.19,2.21,45532139,100396300
2014-07-07,2.14,2.14,2.12,2.13,41103061,87580900
2014-07-08,2.13,2.13,2.11,2.13,31766317,67363400
2014-07-09,2.12,2.13,2.11,2.12,28031486,59369200
2014-07-10,2.12,2.12,2.11,2.11,27158862,57403300
2014-07-11,2.12,2.14,2.12,2.13,34002816,72346600
2014-07-14,2.13,2.14,2.11,2.14,39027136,82971100
2014-07-15,2.12,2.14,2.12,2.14,38449059,81807700
2014-07-16,2.13,2.17,2.12,2.16,92251137,198506200
2014-07-17,2.15,2.16,2.13,2.15,37310918,79892400
2014-07-18,2.15,2.17,2.15,2.16,54002430,116578000
2014-07-21,2.15,2.15,2.13,2.13,33766514,72117300
2014-07-22,2.13,2.17,2.13,2.16,68018013,146621800
2014-07-23,2.16,2.18,2.15,2.16,65304790,141421500
2014-07-24,2.16,2.21,2.15,2.19,116230000,252983200
2014-07-25,2.17,2.25,2.17,2.23,175469319,388233500
2014-07-28,2.23,2.29,2.23,2.27,201155599,456024200
2014-07-29,2.27,2.27,2.24,2.25,116184275,261872200
2014-07-30,2.24,2.27,2.23,2.25,82635503,185962200
2014-07-31,2.24,2.48,2.23,2.41,331630945,785927600
2014-08-01,2.35,2.38,2.32,2.33,191338032,450098500
2014-08-04,2.33,2.36,2.3,2.36,104462093,243772600
2014-08-05,2.36,2.36,2.33,2.36,80087008,187904100
2014-08-06,2.35,2.42,2.33,2.4,174580711,416590100
2014-08-07,2.44,2.46,2.35,2.37,156356413,376073800
2014-08-08,2.36,2.46,2.36,2.43,202803963,491001200
2014-08-11,2.41,2.43,2.4,2.43,97392315,235268100
2014-08-12,2.42,2.42,2.37,2.4,109389601,261194500
2014-08-13,2.38,2.39,2.35,2.38,93425746,221172900
2014-08-14,2.37,2.38,2.33,2.34,75410871,177508000
2014-08-15,2.33,2.36,2.33,2.35,73043395,171172900
2014-08-18,2.35,2.38,2.34,2.36,73795114,174077600
2014-08-19,2.36,2.39,2.35,2.38,89185370,211366100
2014-08-20,2.37,2.38,2.35,2.37,65238822,153944000
2014-08-21,2.36,2.37,2.33,2.35,62226033,146045700
2014-08-22,2.34,2.35,2.33,2.34,50957090,119207900
2014-08-25,2.35,2.35,2.31,2.32,56004765,130480300
2014-08-26,2.32,2.34,2.28,2.3,57655215,133128300
2014-08-27,2.29,2.3,2.27,2.28,59303938,135322900
2014-08-28,2.28,2.28,2.25,2.26,46942084,106336200
2014-08-29,2.26,2.29,2.26,2.28,40939659,93169800
2014-09-01,2.29,2.31,2.28,2.31,44288789,101942800
2014-09-02,2.31,2.33,2.26,2.33,83620445,192337300
2014-09-03,2.31,2.35,2.3,2.34,107408932,250602300
2014-09-04,2.34,2.36,2.31,2.36,111956425,261656500
2014-09-05,2.35,2.37,2.34,2.37,117108118,276112500
2014-09-09,2.37,2.39,2.36,2.38,137585613,327030900
2014-09-10,2.37,2.38,2.35,2.36,70925796,167377300
2014-09-11,2.36,2.4,2.35,2.37,120454170,285905400
2014-09-12,2.36,2.4,2.35,2.4,124683388,296946100
2014-09-15,2.39,2.41,2.38,2.41,108996875,261421000
2014-09-16,2.41,2.61,2.4,2.46,460425522,1153126200
2014-09-17,2.45,2.57,2.43,2.51,371983773,934366000
2014-09-18,2.48,2.5,2.45,2.46,215021470,530547500
2014-09-19,2.46,2.46,2.41,2.44,137991150,335491700
2014-09-22,2.42,2.43,2.37,2.38,126862990,303475900
2014-09-23,2.38,2.41,2.37,2.41,82012405,196414200
2014-09-24,2.4,2.48,2.39,2.47,189256744,463930600
2014-09-25,2.46,2.49,2.43,2.44,141528274,348210100
2014-09-26,2.44,2.47,2.43,2.46,89736183,220105300
2014-09-29,2.46,2.47,2.44,2.45,112808779,276917500
2014-09-30,2.46,2.49,2.45,2.48,131806555,325987100
2014-10-08,2.48,2.48,2.43,2.47,116073836,284667300
2014-10-09,2.47,2.59,2.45,2.54,303852298,766154300
2014-10-10,2.52,2.55,2.5,2.51,182508879,459461000
2014-10-13,2.51,2.58,2.5,2.56,218435795,553908500
2014-10-14,2.55,2.56,2.52,2.54,136062258,345682600
2014-10-15,2.54,2.59,2.5,2.56,173718998,442132300
2014-10-16,2.56,2.68,2.54,2.6,413233745,1085335300
2014-10-17,2.58,2.6,2.48,2.56,218387067,556034000
2014-10-20,2.55,2.6,2.51,2.58,139287935,354673600
2014-10-21,2.57,2.6,2.53,2.57,143394747,367291700
2014-10-22,2.55,2.56,2.5,2.51,90807853,229565700
2014-10-23,2.49,2.5,2.42,2.43,138344720,338889100
2014-10-24,2.42,2.49,2.41,2.45,101637762,249504100
2014-10-27,2.43,2.44,2.42,2.43,68132106,165619000
2014-10-28,2.44,2.49,2.44,2.49,113604908,280413200
2014-10-29,2.48,2.57,2.47,2.55,303110524,764481500
2014-10-30,2.53,2.75,2.52,2.64,590640221,1549586900
2014-10-31,2.6,2.64,2.58,2.63,309244358,807378900
2014-11-03,2.61,2.71,2.6,2.66,420874794,1120048400
2014-11-04,2.7,2.74,2.66,2.72,461618719,1245116900
2014-11-05,2.69,2.7,2.61,2.62,329363535,870584500
2014-11-06,2.6,2.65,2.59,2.64,181606863,475929500
2014-11-07,2.61,2.64,2.57,2.58,201576393,526198200
2014-11-10,2.61,2.69,2.58,2.67,295023532,778632900
2014-11-11,2.66,2.71,2.6,2.62,344037602,915203300
2014-11-12,2.6,2.66,2.58,2.66,158538136,416601800
2014-11-13,2.65,2.74,2.6,2.7,359199382,959906700
2014-11-14,2.68,2.7,2.63,2.65,204121458,543230300
2014-11-17,2.69,2.72,2.63,2.63,165174502,440160200
2014-11-18,2.63,2.64,2.59,2.61,131553022,343381200
2014-11-19,2.62,2.63,2.59,2.61,75260785,196222800
2014-11-20,2.6,2.6,2.58,2.59,81323965,210574200
2014-11-21,2.59,2.62,2.57,2.62,99216420,257354400
2014-11-24,2.64,2.69,2.62,2.67,258592763,688333000
2014-11-25,2.67,2.85,2.65,2.82,695383389,1924352600
2014-11-26,2.8,2.81,2.74,2.78,404967607,1122370100
2014-11-27,2.78,2.8,2.73,2.79,269000588,744762500
2014-11-28,2.8,2.83,2.74,2.8,319098712,887204800
2014-12-01,2.77,2.85,2.75,2.8,377081671,1058304700
2014-12-02,2.85,2.89,2.83,2.86,429633217,1227402700
2014-12-03,2.86,3.15,2.84,3.06,820547474,2481504200
2014-12-04,3.06,3.13,3.03,3.13,645356161,1996294800
2014-12-05,3.13,3.19,2.92,3.05,596742423,1829887100
2014-12-08,3,3.19,2.93,3.16,572304695,1773049600
2014-12-09,3.16,3.34,3.06,3.1,841567937,2732963200
2014-12-10,3.2,3.25,3.1,3.23,453272236,1440435700
2014-12-11,3.22,3.22,3.13,3.22,407926828,1298851000
2014-12-12,3.22,3.33,3.21,3.27,377334065,1235406900
2014-12-15,3.3,3.3,3.18,3.28,310733648,1007244800
2014-12-16,3.26,3.29,3.2,3.27,309894701,1003539600
2014-12-17,3.25,3.26,3.18,3.22,319639627,1027999100
2014-12-18,3.22,3.27,3.18,3.22,357951933,1158380000
2014-12-19,3.2,3.36,3.19,3.33,717712208,2344753100
2014-12-22,3.35,3.66,3.35,3.6,1105783190,3850760100
2014-12-23,3.48,3.52,3.35,3.37,578733483,1983383900
2014-12-24,3.36,3.37,3.2,3.24,405593515,1320841400
2014-12-25,3.24,3.32,3.21,3.32,301420114,987318200
2014-12-26,3.32,3.43,3.28,3.4,398414044,1337208000
2014-12-29,3.44,3.48,3.32,3.37,399399300,1362450200
2014-12-30,3.34,3.37,3.26,3.29,269356371,888697600
2014-12-31,3.31,3.42,3.31,3.38,321906336,1084985200
2015-01-05,3.39,3.68,3.39,3.65,891583197,3185986400
2015-01-06,3.65,3.84,3.55,3.75,833516206,3100740400
2015-01-07,3.8,4.1,3.75,3.98,857230004,3384443700
2015-01-08,3.9,3.94,3.78,3.8,538367075,2068384800
2015-01-09,3.78,3.86,3.72,3.74,384060407,1461903600
2015-01-12,3.73,3.82,3.7,3.76,323777857,1215545800
2015-01-13,3.8,3.87,3.66,3.72,302321797,1138642000
2015-01-14,3.72,3.72,3.53,3.59,322081216,1158730900
2015-01-15,3.56,3.64,3.45,3.63,266723669,945720300
2015-01-16,3.9,3.98,3.71,3.77,454817745,1727811000
2015-01-19,3.69,3.91,3.45,3.6,584717549,2175882500
2015-01-20,3.57,3.68,3.51,3.64,336777150,1215779500
2015-01-21,3.69,3.79,3.68,3.77,398977186,1489475700
2015-01-22,3.72,4.05,3.7,3.92,797800746,3120304600
2015-01-23,3.99,4.05,3.81,3.84,533135430,2084957800
2015-01-26,3.84,3.89,3.8,3.87,269623746,1037719500
2015-01-27,3.81,3.84,3.7,3.79,373437995,1407848200
2015-01-28,3.79,3.81,3.72,3.74,182745800,685410900
2015-01-29,3.69,3.7,3.61,3.65,228083694,832452700
2015-01-30,3.6,3.65,3.58,3.59,225513092,813938700
2015-02-02,3.59,3.63,3.51,3.58,160405567,576806500
2015-02-03,3.59,3.63,3.54,3.63,151232126,542217700
2015-02-04,3.6,3.62,3.53,3.54,182335970,651532200
2015-02-05,3.61,3.62,3.48,3.49,177340408,628163600
2015-02-06,3.46,3.46,3.3,3.34,241806649,814593500
2015-02-09,3.3,3.35,3.23,3.31,168774608,553847500
2015-02-10,3.3,3.37,3.28,3.37,104103985,348307800
2015-02-11,3.37,3.41,3.35,3.38,104109032,351989200
2015-02-12,3.36,3.39,3.31,3.37,106621051,356697500
2015-02-13,3.38,3.47,3.38,3.44,159839850,548983600
2015-02-16,3.46,3.47,3.42,3.46,94884898,327310000
2015-02-17,3.47,3.49,3.47,3.49,93534993,325545600
2015-02-25,3.46,3.46,3.4,3.42,143189495,489905300
2015-02-26,3.42,3.52,3.38,3.52,178096396,615951600
2015-02-27,3.52,3.56,3.48,3.55,169401851,596736400
2015-03-02,3.58,3.67,3.56,3.64,245758304,890976400
2015-03-03,3.61,3.61,3.53,3.55,212337566,758852500
2015-03-04,3.54,3.57,3.51,3.54,132991254,469800400
2015-03-05,3.54,3.54,3.43,3.46,156009872,540254100
2015-03-06,3.44,3.55,3.41,3.5,179095950,626470800
2015-03-09,3.44,3.5,3.4,3.49,151802856,522326400
2015-03-10,3.47,3.49,3.45,3.47,108641164,377315500
2015-03-11,3.46,3.5,3.44,3.45,107621902,372927400
2015-03-12,3.44,3.48,3.39,3.48,163747364,563473800
2015-03-13,3.48,3.52,3.45,3.5,163468085,569930000
2015-03-16,3.5,3.57,3.49,3.57,225966677,800013900
2015-03-17,3.58,3.69,3.55,3.67,470348943,1709987300
2015-03-18,3.69,3.93,3.68,3.86,638974216,2445220000
2015-03-19,3.9,4.05,3.83,3.91,756980696,2984331600
2015-03-20,3.94,3.96,3.85,3.88,427618308,1658904900
2015-03-23,3.95,4.04,3.94,4,605057112,2414528900
2015-03-24,4.03,4.4,3.98,4.4,1403644123,6021473200
2015-03-25,4.49,4.66,4.45,4.52,1436268638,6534120300
2015-03-26,4.51,4.51,4.31,4.41,711915348,3128761400
2015-03-27,4.46,4.53,4.41,4.43,469180685,2088988800
2015-03-30,4.41,4.49,4.3,4.45,597394321,2610106800
2015-03-31,4.44,4.44,4.31,4.32,489626031,2139222100
2015-04-01,4.32,4.38,4.31,4.36,302148359,1314189000
2015-04-02,4.41,4.46,4.36,4.44,464026059,2047197000
2015-04-03,4.42,4.54,4.38,4.46,482667101,2148839600
2015-04-07,4.52,4.58,4.5,4.56,618877920,2811421700
2015-04-08,4.56,4.57,4.4,4.47,516419894,2310702900
2015-04-09,4.47,4.49,4.3,4.33,487326385,2122438500
2015-04-10,4.31,4.39,4.26,4.38,326217786,1421573200
2015-04-13,4.4,4.49,4.37,4.47,474582479,2104409400
2015-04-14,4.47,4.65,4.4,4.62,812016771,3700780600
2015-04-15,4.61,4.72,4.51,4.6,748187585,3466710800
2015-04-16,4.58,4.95,4.52,4.86,851053865,4069040300
2015-04-17,4.86,5.06,4.8,5,911478132,4531512400
2015-04-20,5.01,5.46,4.86,5.2,1116098457,5751856500
2015-04-21,5.12,5.28,5.08,5.24,642433068,3317023700
2015-05-27,5.76,5.76,5.76,5.76,12555648,72320500
2015-05-28,6.34,6.34,6.34,6.34,22088067,140038300
2015-05-29,6.97,6.97,6.7,6.97,1004750207,6988145100
2015-06-01,7.49,7.49,6.71,7.18,2230625250,1.60234475e+10
2015-06-02,7.07,7.08,6.86,6.97,1033601212,7179052000
2015-06-03,6.96,6.96,6.5,6.72,874227797,5862871400
2015-06-04,6.64,6.64,6.1,6.52,738324933,4741635600
2015-06-05,6.56,7,6.56,6.78,891516565,6057499500
2015-06-08,6.79,6.81,6.53,6.64,806015703,5332706500
2015-06-09,6.63,6.64,6.5,6.57,516154584,3381006600
2015-06-10,6.5,6.64,6.4,6.55,493908750,3227479600
2015-06-11,6.52,6.52,6.4,6.46,457194262,2950323400
2015-06-12,6.46,6.49,6.4,6.44,460186822,2959703200
2015-06-15,6.44,6.59,6.28,6.52,751497747,4837971600
2015-06-16,6.4,6.49,6.27,6.3,451756700,2873425600
2015-06-17,6.29,6.34,6,6.29,492771196,3046844900
2015-06-18,6.26,6.4,6.16,6.18,460462509,2890751600
2015-06-19,6.11,6.26,5.56,5.6,500172056,2987843700
2015-06-23,5.58,5.67,5.11,5.58,523896207,2838158600
2015-06-24,5.62,5.94,5.56,5.88,594155205,3423393700
2015-06-25,5.94,5.97,5.5,5.58,444122859,2563133500
2015-06-26,5.43,5.44,5.02,5.04,519033437,2695498400
2015-06-29,5.21,5.28,4.54,4.75,603030421,2956205000
2015-06-30,4.6,5.13,4.39,5.12,617124212,2948652200
2015-07-01,5.09,5.17,4.75,4.83,465107644,2337321000
2015-07-02,4.95,4.95,4.43,4.49,412634736,1927389200
2015-07-03,4.47,4.55,4.04,4.08,511173241,2163805600
2015-07-06,4.47,4.49,4,4.28,614351953,2612794400
2015-07-07,4.15,4.26,3.85,4.1,714081051,2872131600
2015-07-08,3.79,3.95,3.69,3.69,474635788,1772079900
2015-07-09,3.69,3.97,3.38,3.97,652695696,2471050200
2015-07-10,4.1,4.37,4,4.37,573978500,2469578800
2015-07-13,4.51,4.81,4.42,4.81,835873025,3897142400
2015-07-14,4.81,4.92,4.51,4.57,752993315,3542044500
2015-07-15,4.45,4.48,4.11,4.11,506826539,2155247900
2015-07-16,4.11,4.34,3.94,4.24,374981142,1568574200
2015-07-17,4.25,4.51,4.24,4.45,408807582,1792805600
2015-07-20,4.45,4.54,4.35,4.42,390828338,1729281900
2015-07-21,4.32,4.54,4.26,4.45,385268771,1693917000
2015-07-22,4.38,4.44,4.27,4.36,321975850,1403415900
2015-07-23,4.34,4.54,4.28,4.5,498165280,2198094800
2015-07-24,4.46,4.57,4.34,4.39,561858441,2505464800
2015-07-27,4.3,4.34,3.95,3.95,428726219,1790084900
2015-07-28,3.85,3.99,3.64,3.88,431287725,1644753600
2015-07-29,3.92,4.14,3.89,4.13,267022894,1062425300
2015-07-30,4.11,4.17,3.93,3.99,243191779,994453400
2015-07-31,3.92,4.05,3.91,4.01,179810774,711974300
2015-08-03,3.98,4.03,3.83,4,211761566,827160800
2015-08-04,3.99,4.14,3.99,4.11,234423990,953908600
2015-08-05,4.08,4.1,3.98,4,189060568,764278500
2015-08-06,3.9,3.99,3.9,3.95,122470514,483366700
2015-08-07,4.05,4.08,4.01,4.04,172432346,696853200
2015-08-10,4.05,4.25,4.04,4.22,374356501,1556235400
2015-08-11,4.25,4.64,4.22,4.64,945460720,4264929800
2015-08-12,4.61,4.94,4.47,4.71,1085489373,5061476400
2015-08-13,4.6,4.75,4.5,4.65,588221982,2721628900
2015-08-14,4.6,4.62,4.51,4.52,442381174,2012518600
2015-08-17,4.52,4.63,4.48,4.57,333349137,1522520300
2015-08-18,4.57,4.6,4.11,4.11,504204177,2190128700
2015-08-19,3.98,4.26,3.91,4.25,383445243,1565040800
2015-08-20,4.31,4.5,4.21,4.26,439041103,1922765300
2015-08-21,4.37,4.44,4.05,4.17,393665563,1688567800
2015-08-24,3.97,4.29,3.75,3.75,591401241,2332584100
2015-08-25,3.46,3.67,3.38,3.38,404135169,1406024000
2015-08-26,3.46,3.54,3.16,3.37,381325791,1297835700
2015-08-27,3.39,3.49,3.3,3.49,274190831,934554800
2015-08-28,3.55,3.73,3.48,3.72,327418265,1172319700
2015-08-31,3.67,3.67,3.51,3.56,233063067,832939700
2015-09-01,3.56,3.76,3.42,3.65,408213798,1478675300
2015-09-02,3.5,3.69,3.45,3.56,244084224,875050900
2015-09-07,3.56,3.7,3.53,3.59,179135027,649340900
2015-09-08,3.57,3.68,3.48,3.64,160306400,575878700
2015-09-09,3.66,3.79,3.62,3.75,289907535,1076777000
2015-09-10,3.69,3.7,3.61,3.64,164183537,600175400
2015-09-11,3.64,3.67,3.56,3.6,117087875,423340000
2015-09-14,3.6,3.65,3.31,3.63,258006589,911037000
2015-09-15,3.54,3.54,3.31,3.35,125712941,431453300
2015-09-16,3.36,3.65,3.36,3.59,159235927,556614500
2015-09-17,3.59,3.64,3.5,3.5,176930625,633601200
2015-09-18,3.57,3.59,3.47,3.51,91210033,320375900
2015-09-21,3.48,3.56,3.45,3.55,94221739,331793100
2015-09-22,3.54,3.6,3.52,3.57,129201700,459914400
2015-09-23,3.5,3.51,3.4,3.44,117795483,407815100
2015-09-24,3.44,3.49,3.43,3.47,67723753,234298600
2015-09-25,3.52,3.6,3.42,3.51,219541705,775912100
2015-09-28,3.48,3.49,3.41,3.47,86560786,298632600
2015-09-29,3.41,3.43,3.36,3.37,79785192,270514400
2015-09-30,3.38,3.41,3.37,3.38,48290619,163607400
2015-10-08,3.49,3.53,3.46,3.48,97307281,339028500
2015-10-09,3.48,3.58,3.45,3.55,161211079,568269800
2015-10-12,3.57,3.83,3.54,3.74,300109643,1103943300
2015-10-13,3.67,3.7,3.64,3.7,182631249,670770200
2015-10-14,3.72,3.79,3.66,3.67,224167437,835292300
2015-10-15,3.71,3.75,3.67,3.74,216669468,806329300
2015-10-16,3.74,3.76,3.69,3.74,221357042,823839600
2015-10-19,3.73,3.73,3.68,3.7,166261838,615898600
2015-10-20,3.68,3.74,3.65,3.73,173974049,642016300
2015-10-21,3.84,3.99,3.69,3.73,573766149,2211183800
2015-10-22,3.65,3.78,3.61,3.77,282112862,1047067200
2015-10-23,3.77,3.79,3.7,3.78,228381377,855979200
2015-10-26,3.81,3.84,3.74,3.77,205996737,779015300
2015-10-27,3.74,3.75,3.62,3.73,150263012,554132100
2015-10-28,3.71,3.77,3.67,3.71,165754946,616855500
2015-10-29,3.69,3.72,3.66,3.69,117518234,433116900
2015-10-30,3.65,3.68,3.61,3.65,103037416,375654400
2015-11-02,3.61,3.63,3.55,3.56,116486422,418991600
2015-11-03,3.55,3.59,3.52,3.56,80967717,287601000
2015-11-04,3.53,3.68,3.53,3.68,166961389,606252100
2015-11-05,3.67,3.83,3.64,3.73,367719456,1375040400
2015-11-06,3.71,3.79,3.69,3.78,263951653,988557500
2015-11-09,3.73,3.82,3.71,3.79,290743758,1096895400
2015-11-10,3.77,3.97,3.75,3.88,487440169,1873242600
2015-11-11,3.84,3.86,3.77,3.81,289907288,1105286600
2015-11-12,3.8,3.85,3.76,3.77,215737021,818026700
2015-11-13,3.73,3.74,3.66,3.67,199186505,735909900
2015-11-16,3.69,3.79,3.69,3.79,244552801,918495200
2015-11-17,3.77,3.79,3.72,3.74,195248600,734220600
2015-11-18,3.71,3.73,3.68,3.69,113022597,418697300
2015-11-19,3.7,3.72,3.69,3.72,84219324,311895400
2015-11-20,3.73,3.74,3.7,3.73,121761351,452877400
2015-11-23,3.71,3.72,3.66,3.68,123697259,456633600
2015-11-24,3.67,3.68,3.62,3.66,92395553,336591100
2015-11-25,3.7,3.74,3.69,3.72,144152025,535702000
2015-11-26,3.7,3.76,3.67,3.69,158609173,588182600
2015-11-27,3.68,3.69,3.46,3.49,177298841,634736600
2015-11-30,3.49,3.53,3.35,3.46,142718874,491446000
2015-12-01,3.47,3.5,3.43,3.48,78210723,271338200
2015-12-02,3.48,3.55,3.43,3.55,122495964,428237000
2015-12-03,3.5,3.56,3.49,3.56,93727884,331010500
2015-12-04,3.56,3.58,3.5,3.51,93824373,331526100
2015-12-07,3.55,3.58,3.53,3.55,94588142,336251700
2015-12-08,3.52,3.52,3.45,3.46,79628772,276415300
2015-12-09,3.46,3.52,3.45,3.48,67104488,233560200
2015-12-10,3.45,3.48,3.42,3.44,68761390,237238300
2015-12-11,3.41,3.49,3.38,3.45,96496935,331100100
2015-12-14,3.42,3.74,3.41,3.66,333227116,1207948800
2015-12-15,3.58,3.61,3.55,3.57,158222222,566057900
2015-12-16,3.58,3.67,3.56,3.6,131990051,476959200
2015-12-17,3.62,3.64,3.59,3.62,145465276,524871700
2015-12-18,3.59,3.61,3.54,3.58,123793207,442553200
2015-12-21,3.58,3.65,3.58,3.64,155465930,562756000
2015-12-22,3.64,3.68,3.63,3.65,133338379,486796400
2015-12-23,3.65,3.65,3.58,3.59,108082295,390502100
2015-12-24,3.59,3.6,3.55,3.57,66954188,239125400
2015-12-25,3.58,3.59,3.56,3.58,49785641,177767700
2015-12-28,3.59,3.59,3.51,3.51,89571453,318539200
2015-12-29,3.5,3.57,3.48,3.56,70058186,247840200
2015-12-30,3.55,3.57,3.54,3.56,60339124,214411700
2015-12-31,3.55,3.56,3.51,3.52,64946996,229895200
2016-01-04,3.52,3.52,3.3,3.31,78948461,271405400
2016-01-05,3.25,3.46,3.25,3.4,150737963,509421300
2016-01-06,3.4,3.6,3.38,3.57,196385320,689331900
2016-01-07,3.55,3.57,3.26,3.29,57720415,199145200
2016-01-08,3.46,3.54,3.31,3.52,224142486,779569900
2016-01-11,3.45,3.58,3.36,3.39,194671392,674145800
2016-01-12,3.34,3.4,3.21,3.29,169386049,557131400
2016-01-13,3.29,3.35,3.24,3.25,81994942,269327500
2016-01-14,3.2,3.29,3.18,3.28,97559615,314848000
2016-01-15,3.25,3.25,3.11,3.13,117921284,374461800
2016-01-18,3.09,3.14,3.05,3.12,69446862,215733400
2016-01-19,3.11,3.19,3.08,3.19,87382445,275129400
2016-01-20,3.17,3.28,3.12,3.2,117898165,376609000
2016-01-21,3.18,3.24,3.1,3.1,92670954,294762400
2016-01-22,3.1,3.14,3.06,3.12,69176654,214442500
2016-01-25,3.13,3.15,3.09,3.13,60622572,189343300
2016-01-26,3.13,3.14,2.92,2.96,107475537,327272700
2016-01-27,2.96,2.99,2.78,2.87,114824677,330757700
2016-01-28,2.86,2.88,2.7,2.71,75180778,210850500
2016-01-29,2.7,2.82,2.7,2.79,72782376,201356300
2016-02-01,2.8,2.84,2.73,2.78,68809404,192147900
2016-02-02,2.79,2.85,2.79,2.83,58388625,165171600
2016-02-03,2.82,2.87,2.8,2.85,65577014,186140400
2016-02-04,2.88,2.99,2.88,2.94,116190211,342576700
2016-02-05,2.98,3.1,2.95,3.02,142354248,433554500
2016-02-15,3.3,3.32,3.2,3.32,342817905,1129938200
2016-02-16,3.28,3.43,3.21,3.37,345751094,1140707300
2016-02-17,3.28,3.34,3.26,3.33,200629434,662698500
2016-02-18,3.31,3.32,3.25,3.26,141206344,463183200
2016-02-19,3.3,3.32,3.16,3.18,184514829,597125800
2016-02-22,3.19,3.25,3.18,3.22,114512112,367867000
2016-02-23,3.2,3.28,3.17,3.27,181716644,586153400
2016-02-24,3.25,3.45,3.21,3.33,322372772,1074277500
2016-02-25,3.33,3.38,3.07,3.11,261159609,844295200
2016-02-26,3.13,3.19,3.08,3.17,131817083,412612300
2016-02-29,3.12,3.17,3.01,3.13,131519399,406523400
2016-03-01,3.15,3.35,3.13,3.3,298599664,980301700
2016-03-02,3.22,3.39,3.21,3.37,312441593,1035448500
2016-03-03,3.37,3.47,3.28,3.46,443810598,1506330900
2016-03-04,3.53,3.58,3.42,3.48,550527726,1937379700
2016-03-07,3.51,3.61,3.45,3.58,402628199,1426385100
2016-03-08,3.58,3.58,3.41,3.5,308727838,1074560400
2016-03-09,3.34,3.39,3.29,3.36,223947744,747698700
2016-03-10,3.32,3.39,3.28,3.3,144474514,481690700
2016-03-11,3.4,3.4,3.32,3.34,147939554,496946600
2016-03-14,3.27,3.43,3.26,3.42,224419160,755075900
2016-03-15,3.36,3.42,3.3,3.36,145925270,488895000
2016-03-16,3.33,3.4,3.31,3.38,156329526,525521500
2016-03-17,3.42,3.42,3.36,3.39,152083640,515171800
2016-03-18,3.42,3.44,3.39,3.41,203864820,696408300
2016-03-21,3.4,3.42,3.38,3.42,240538002,816341100
2016-03-22,3.39,3.42,3.34,3.4,171438015,579840600
2016-03-23,3.37,3.39,3.33,3.35,122497758,410903500
2016-03-24,3.3,3.3,3.26,3.26,125745909,412079800
2016-03-25,3.25,3.28,3.24,3.27,57429111,187312500
2016-03-28,3.27,3.3,3.26,3.27,60696932,199076400
2016-03-29,3.26,3.28,3.23,3.25,60610958,196898200
2016-03-30,3.29,3.3,3.26,3.3,77731443,255331500
2016-03-31,3.28,3.29,3.26,3.27,58961971,193122500
2016-04-01,3.27,3.29,3.25,3.29,65147912,213218000
2016-04-05,3.27,3.31,3.25,3.3,88872141,292122600
2016-04-06,3.3,3.32,3.27,3.28,69287409,228288700
2016-04-07,3.28,3.29,3.25,3.25,63465649,207128600
2016-04-08,3.26,3.33,3.25,3.31,132947337,437475700
2016-04-11,3.32,3.39,3.29,3.35,175198454,586523800
2016-04-12,3.35,3.41,3.33,3.36,159217996,537113200
2016-04-13,3.37,3.44,3.35,3.4,237503489,809360400
2016-04-14,3.37,3.38,3.33,3.35,139237157,465959300
2016-04-15,3.33,3.36,3.31,3.33,85382812,284140800
2016-04-18,3.33,3.33,3.28,3.29,64992959,214352100
2016-04-19,3.29,3.33,3.27,3.32,69016981,226877200
2016-04-20,3.35,3.37,3.18,3.25,170372194,557608400
2016-04-21,3.23,3.33,3.21,3.32,151760878,498603800
2016-04-22,3.25,3.27,3.21,3.24,107062221,346249700
2016-04-25,3.21,3.22,3.16,3.19,54887648,175206000
2016-04-26,3.2,3.22,3.16,3.19,52032042,165663100
2016-04-27,3.21,3.24,3.18,3.23,91606594,293554400
2016-04-28,3.19,3.2,3.15,3.18,85550272,271401900
2016-04-29,3.2,3.26,3.2,3.21,126928902,410029900
2016-05-03,3.26,3.32,3.24,3.29,139894752,459141200
2016-05-04,3.25,3.27,3.23,3.25,80650901,262007500
2016-05-05,3.24,3.28,3.23,3.25,59367632,193117700
2016-05-06,3.24,3.26,3.16,3.17,100214222,321271800
2016-05-09,3.17,3.18,3.08,3.09,83461928,260450200
2016-05-10,3.06,3.08,3.04,3.08,47562635,145626100
2016-05-11,3.08,3.12,3.04,3.1,48154656,148387000
2016-05-12,3.08,3.1,3.05,3.09,43851541,134796400
2016-05-13,3.06,3.13,3.06,3.1,59868522,185496500
2016-05-16,3.09,3.22,3.05,3.17,88397670,276871700
2016-05-17,3.15,3.18,3.12,3.12,57684408,181450700
2016-05-18,3.13,3.16,3.06,3.09,63968252,198000400
2016-05-19,3.05,3.09,3.05,3.07,51153811,156765700
2016-05-20,3.05,3.07,3.03,3.06,37634879,114718300
2016-05-23,3.06,3.07,3.05,3.06,34903142,106738700
2016-05-24,3.06,3.06,3.02,3.06,37334871,113435000
2016-05-25,3.04,3.05,3.02,3.02,34868632,105737600
2016-05-26,3.02,3.04,2.99,3.03,35084260,105645300
2016-05-27,3.01,3.03,3,3.02,25805038,77760800
2016-05-30,3.01,3.01,2.98,2.99,28217281,84477300
2016-05-31,2.99,3.06,2.99,3.06,57917119,176035600
2016-06-01,3.05,3.08,3.04,3.06,48332303,148141600
2016-06-02,3.05,3.07,3.04,3.06,37720771,115226900
2016-06-03,3.05,3.06,3.03,3.05,40570206,123557600
2016-06-06,3.13,3.17,3.1,3.11,107371617,336578000
2016-06-07,3.12,3.14,3.07,3.08,44457043,137545100
2016-06-08,3.09,3.1,3.07,3.09,40324493,124338300
2016-06-13,3.14,3.22,3.11,3.15,210869679,666762300
2016-06-14,3.13,3.15,3.06,3.09,98802749,306252100
2016-06-15,3.06,3.18,3.05,3.16,128242793,400523800
2016-06-16,3.17,3.48,3.15,3.48,562083577,1884812000
2016-06-17,3.35,3.49,3.35,3.42,449439795,1539170600
2016-06-20,3.42,3.43,3.34,3.38,150420366,506563800
2016-06-21,3.38,3.38,3.23,3.27,257176477,846186700
2016-06-22,3.23,3.29,3.2,3.27,98108715,319292000
2016-06-23,3.26,3.29,3.23,3.27,102096693,333231800
2016-06-24,3.32,3.59,3.25,3.51,640612493,2214426300
2016-06-27,3.48,3.52,3.41,3.44,312238561,1074371700
2016-06-28,3.43,3.44,3.37,3.4,178128298,606414900
2016-06-29,3.37,3.4,3.35,3.39,147393602,497442300
2016-06-30,3.37,3.43,3.36,3.37,115735058,391540200
2016-07-01,3.39,3.5,3.37,3.41,276661384,948770300
2016-07-04,3.46,3.62,3.42,3.51,467692328,1645884900
2016-07-05,3.51,3.51,3.44,3.48,192994782,668216300
2016-07-06,3.52,3.81,3.51,3.68,932497664,3427297300
2016-07-11,3.78,4.05,3.73,4.05,1045503062,4164745700
2016-07-12,3.97,4,3.85,3.93,612313542,2409567200
2016-07-13,3.8,3.94,3.78,3.93,427065430,1644745800
2016-07-14,3.94,3.97,3.81,3.84,274462547,1065071000
2016-07-15,3.81,3.9,3.78,3.85,211468928,812624800
2016-07-18,3.8,3.92,3.75,3.83,228394358,876388400
2016-07-19,3.76,3.85,3.75,3.79,199912947,758694100
2016-07-20,3.8,3.85,3.72,3.73,182761563,691048300
2016-07-21,3.68,3.7,3.65,3.68,177268247,651117000
2016-07-22,3.68,3.68,3.54,3.56,175365810,632962300
2016-07-25,3.51,3.53,3.46,3.48,172871148,604110300
2016-07-26,3.49,3.58,3.49,3.57,179827357,636622600
2016-07-27,3.56,3.56,3.37,3.5,211580648,735435000
2016-07-28,3.54,3.56,3.5,3.54,177970324,628781300
2016-07-29,3.52,3.55,3.42,3.47,147770754,514567100
2016-08-01,3.52,3.65,3.51,3.56,240097718,856868600
2016-08-02,3.56,3.58,3.51,3.58,103446535,366631700
2016-08-03,3.64,3.67,3.61,3.62,172364609,627372400
2016-08-04,3.58,3.58,3.51,3.56,121183213,429373700
2016-08-05,3.56,3.57,3.53,3.56,73755778,261804200
2016-08-08,3.45,3.48,3.42,3.48,145205929,502471000
2016-08-09,3.47,3.48,3.45,3.48,75598956,262162400
2016-08-10,3.5,3.57,3.5,3.55,200535816,709816400
2016-08-11,3.5,3.52,3.48,3.5,90658751,317355600
2016-08-12,3.48,3.52,3.46,3.52,62746131,219382700
2016-08-15,3.51,3.56,3.49,3.54,181238091,640002900
2016-08-16,3.54,3.57,3.46,3.55,277923240,976226600
2016-08-17,3.52,3.52,3.48,3.49,155382164,542509400
2016-08-18,3.51,3.52,3.48,3.49,100188935,350255400
2016-08-19,3.48,3.49,3.45,3.47,80914985,280392200
2016-08-22,3.44,3.45,3.42,3.43,104213932,357553800
2016-08-23,3.42,3.44,3.41,3.44,79267891,271601300
2016-08-24,3.44,3.44,3.4,3.41,70957191,242207300
2016-08-25,3.38,3.38,3.32,3.36,120739639,403782400
2016-08-26,3.35,3.38,3.35,3.37,55424504,186556200
2016-08-29,3.35,3.35,3.32,3.34,85714002,285504300
2016-08-30,3.34,3.36,3.33,3.34,80682429,269617600
2016-08-31,3.32,3.34,3.31,3.34,63987384,212694200
2016-09-01,3.33,3.37,3.32,3.33,87232488,291695100
2016-09-02,3.33,3.37,3.33,3.34,76484956,256061500
2016-09-05,3.36,3.37,3.34,3.36,60374303,202538000
2016-09-06,3.35,3.36,3.32,3.36,69808167,232876300
2016-09-07,3.39,3.42,3.38,3.39,140925243,479846400
2016-09-08,3.37,3.38,3.34,3.37,65789020,221068000
2016-09-09,3.34,3.35,3.33,3.34,58047556,193792100
2016-09-12,3.3,3.3,3.19,3.22,159933998,516884500
2016-09-13,3.23,3.24,3.2,3.22,55898334,179826100
2016-09-14,3.19,3.24,3.15,3.24,103682449,330349300
2016-09-19,3.2,3.23,3.2,3.22,44964817,144701300
2016-09-20,3.22,3.24,3.21,3.22,45631359,147160900
2016-09-21,3.22,3.25,3.21,3.25,53908996,174172700
2016-09-22,3.28,3.31,3.25,3.26,94790911,310888300
2016-09-23,3.27,3.28,3.22,3.23,45503295,147610500
2016-09-26,3.22,3.23,3.16,3.17,61056612,194823300
2016-09-27,3.18,3.21,3.17,3.21,56337165,179564000
2016-09-28,3.19,3.19,3.17,3.18,38678891,122976300
2016-09-29,3.18,3.19,3.17,3.18,36188342,115119800
2016-09-30,3.18,3.21,3.17,3.21,43361477,138541100
2016-10-10,3.12,3.18,3.1,3.18,105657856,332301900
2016-10-11,3.17,3.19,3.15,3.19,74291433,235440000
2016-10-12,3.17,3.18,3.16,3.18,42980449,136181100
2016-10-13,3.17,3.19,3.16,3.18,67334564,213992800
2016-10-14,3.17,3.18,3.15,3.17,58885773,186114400
2016-10-17,3.17,3.27,3.16,3.24,150963549,484606300
2016-10-18,3.21,3.25,3.2,3.25,99447985,321360100
2016-10-19,3.25,3.29,3.23,3.25,106341843,346119100
2016-10-20,3.25,3.26,3.23,3.24,60592583,196750800
2016-10-21,3.23,3.24,3.21,3.24,66354809,214015500
2016-10-24,3.23,3.27,3.22,3.27,94130954,305909900
2016-10-25,3.26,3.32,3.25,3.3,117685802,387081800
2016-10-26,3.32,3.32,3.27,3.28,97827563,322256100
2016-10-27,3.27,3.27,3.24,3.25,54930309,178831400
2016-10-28,3.26,3.27,3.23,3.24,65178097,211909400
2016-10-31,3.25,3.29,3.25,3.28,105435970,345733200
2016-11-01,3.28,3.3,3.25,3.29,85874041,281230300
2016-11-02,3.32,3.46,3.31,3.43,427629920,1449426000
2016-11-03,3.44,3.44,3.36,3.39,221493301,750964500
2016-11-04,3.37,3.39,3.33,3.34,151398590,506883700
2016-11-07,3.3,3.36,3.29,3.35,137382215,456834700
2016-11-08,3.31,3.37,3.31,3.37,153773604,512468100
2016-11-09,3.35,3.65,3.33,3.59,772258694,2710511500
2016-11-10,3.4,3.53,3.4,3.48,439591529,1525348400
2016-11-11,3.44,3.64,3.4,3.58,576321061,2037325000
2016-11-14,3.48,3.78,3.46,3.62,815498786,2970823100
2016-11-15,3.64,3.73,3.6,3.63,422443899,1544399800
2016-11-16,3.6,3.64,3.52,3.59,269822435,967238100
2016-11-17,3.56,3.59,3.53,3.58,129613405,461757300
2016-11-18,3.57,3.63,3.49,3.5,234488254,831445500
2016-11-21,3.5,3.52,3.44,3.5,222565321,774329800
2016-11-22,3.51,3.55,3.47,3.54,176891129,621818700
2016-11-23,3.52,3.54,3.49,3.51,141084054,495340000
2016-11-24,3.48,3.59,3.47,3.52,247751339,876049300
2016-11-25,3.51,3.55,3.45,3.51,211991665,741693900
2016-11-28,3.56,3.8,3.56,3.7,570817774,2093795300
2016-11-29,3.68,3.69,3.62,3.66,246067068,898122000
2016-11-30,3.63,3.67,3.53,3.56,241377750,866768300
2016-12-01,3.53,3.66,3.52,3.65,188884714,680271200
2016-12-02,3.64,3.66,3.55,3.57,202560619,728479400
2016-12-05,3.53,3.54,3.48,3.5,163266262,572540700
2016-12-06,3.51,3.54,3.45,3.47,125910993,438338900
2016-12-07,3.47,3.48,3.41,3.48,181125727,625511000
2016-12-08,3.49,3.57,3.48,3.52,218171716,771265800
2016-12-09,3.5,3.54,3.47,3.52,124494395,436320400
2016-12-12,3.49,3.53,3.4,3.41,152726171,529430800
2016-12-13,3.4,3.44,3.37,3.44,97684662,333231900
2016-12-14,3.42,3.6,3.41,3.55,277689481,980341600
2016-12-15,3.42,3.52,3.42,3.48,194086096,673244000
2016-12-16,3.46,3.48,3.41,3.46,120906156,416631300
2016-12-19,3.47,3.48,3.42,3.46,69879631,240668200
2016-12-20,3.44,3.45,3.37,3.39,126043869,428929300
2016-12-21,3.38,3.43,3.36,3.42,94281877,320832400
2016-12-22,3.41,3.41,3.37,3.39,76783248,259703800
2016-12-23,3.39,3.39,3.33,3.34,77726640,260945500
2016-12-26,3.33,3.34,3.24,3.3,102474643,336124500
2016-12-27,3.29,3.33,3.26,3.3,96052298,316192300
2016-12-28,3.31,3.32,3.28,3.3,75457656,248992500
2016-12-29,3.32,3.36,3.31,3.34,101348457,337728900
2016-12-30,3.37,3.39,3.32,3.34,72380384,241769700
2017-01-03,3.33,3.38,3.32,3.36,68200156,229097700
2017-01-04,3.36,3.38,3.34,3.37,71716774,240888500
2017-01-05,3.38,3.42,3.37,3.41,106678038,363227500
2017-01-06,3.41,3.42,3.36,3.38,83070256,281229400
2017-01-09,3.37,3.39,3.34,3.37,74292309,249414000
2017-01-10,3.38,3.42,3.36,3.4,89850694,304879800
2017-01-11,3.4,3.45,3.39,3.41,127231420,435148800
2017-01-12,3.41,3.44,3.38,3.4,65327833,222560400
2017-01-13,3.4,3.44,3.38,3.41,93620581,319232600
2017-01-16,3.41,3.48,3.36,3.45,208386617,711104700
2017-01-17,3.43,3.5,3.41,3.49,115334243,399180000
2017-01-18,3.49,3.54,3.47,3.49,124184194,435343000
2017-01-19,3.46,3.47,3.42,3.42,72496805,249288600
2017-01-20,3.42,3.45,3.39,3.44,61454964,210973000
2017-01-23,3.46,3.53,3.45,3.51,108756480,380308700
2017-01-24,3.52,3.52,3.48,3.49,82270141,288187300
2017-01-25,3.48,3.53,3.48,3.51,85767064,301302100
2017-01-26,3.5,3.59,3.48,3.58,192555703,682395200
2017-02-03,3.62,3.64,3.55,3.57,118628545,426080600
2017-02-06,3.57,3.59,3.52,3.54,112262992,398370300
2017-02-07,3.58,3.6,3.54,3.58,150379406,537239000
2017-02-08,3.55,3.58,3.53,3.55,126882001,450703300
2017-02-09,3.57,3.58,3.55,3.58,126753361,452264300
2017-02-10,3.54,3.57,3.53,3.55,146372377,518911000
2017-02-13,3.61,3.69,3.6,3.6,232152006,843785400
2017-02-14,3.6,3.63,3.57,3.63,111211725,399852700
2017-02-15,3.6,3.62,3.55,3.55,108767911,390122900
2017-02-16,3.56,3.66,3.55,3.62,168226530,608797500
2017-02-17,3.62,3.64,3.55,3.57,98759019,354509000
2017-02-20,3.55,3.63,3.54,3.62,135871591,488937300
2017-02-21,3.62,3.65,3.62,3.64,96313423,349922000
2017-02-22,3.64,3.65,3.62,3.63,76407950,277490200
2017-02-23,3.64,3.68,3.61,3.64,125046688,456133600
2017-02-24,3.66,3.66,3.56,3.61,145993559,526025300
2017-02-27,3.61,3.65,3.57,3.57,130474890,470576900
2017-02-28,3.56,3.58,3.54,3.57,75580748,268819000
2017-03-01,3.55,3.59,3.53,3.57,89169381,317345100
2017-03-02,3.56,3.57,3.53,3.53,76853145,272844200
2017-03-03,3.5,3.5,3.43,3.45,144520454,499821600
2017-03-06,3.46,3.47,3.44,3.47,71277967,246336300
2017-03-07,3.46,3.46,3.44,3.46,69486916,239540700
2017-03-08,3.44,3.44,3.42,3.44,63176685,216645800
2017-03-09,3.41,3.41,3.38,3.39,98834860,335124400
2017-03-10,3.38,3.41,3.37,3.4,51034883,173161200
2017-03-13,3.4,3.46,3.39,3.46,100126928,343823200
2017-03-14,3.45,3.46,3.43,3.44,55696381,191752600
2017-03-15,3.43,3.47,3.42,3.46,55938487,192851000
2017-03-16,3.5,3.51,3.46,3.48,86167602,299955400
2017-03-17,3.48,3.5,3.44,3.45,61361000,213085100
2017-03-20,3.45,3.52,3.45,3.5,99115773,345843200
2017-03-21,3.49,3.5,3.45,3.47,64973674,225207800
2017-03-22,3.49,3.5,3.44,3.46,92110439,319030800
2017-03-23,3.46,3.48,3.42,3.46,90045247,310382600
2017-03-24,3.44,3.45,3.4,3.42,125655432,429357700
2017-03-27,3.43,3.48,3.42,3.47,125514511,433164300
2017-03-28,3.45,3.46,3.43,3.44,64817253,223228900
2017-03-29,3.44,3.47,3.44,3.46,75753919,261905600
2017-03-30,3.46,3.46,3.36,3.4,126224790,429396200
2017-03-31,3.38,3.4,3.36,3.38,99857543,337061100
2017-04-05,3.39,3.42,3.39,3.42,123210632,419520000
2017-04-06,3.41,3.47,3.4,3.46,138195288,476278500
2017-04-07,3.46,3.62,3.45,3.56,387706781,1380590700
2017-04-10,3.5,3.52,3.48,3.51,143286724,500959500
2017-04-11,3.49,3.6,3.48,3.57,242283433,860595000
2017-04-12,3.62,3.64,3.55,3.57,213761460,769407700
2017-04-13,3.6,3.61,3.56,3.58,98934558,354118600
2017-04-14,3.59,3.65,3.57,3.62,247270337,894840200
2017-04-17,3.58,3.59,3.49,3.53,157567308,555898800
2017-04-18,3.51,3.52,3.47,3.47,80474039,281157500
2017-04-19,3.5,3.55,3.44,3.49,170506485,594911800
2017-04-20,3.46,3.47,3.4,3.43,107461822,368713400
2017-04-21,3.44,3.45,3.42,3.44,57359468,196997700
2017-04-24,3.42,3.43,3.36,3.36,97540764,329993100
2017-04-25,3.37,3.38,3.33,3.36,87296703,293040800
2017-04-26,3.35,3.36,3.34,3.35,63032035,211106700
2017-04-27,3.35,3.36,3.28,3.35,84042353,279363400
2017-04-28,3.34,3.39,3.33,3.38,61427904,206687000
2017-05-02,3.36,3.38,3.33,3.37,74337638,248917600
2017-05-03,3.35,3.37,3.33,3.36,55269404,185119900
2017-05-04,3.33,3.35,3.31,3.33,61721550,205285400
2017-05-05,3.3,3.32,3.25,3.3,115237000,377589400
2017-05-08,3.28,3.3,3.25,3.29,72756470,237585700
2017-05-09,3.27,3.28,3.24,3.27,52688495,171691900
2017-05-10,3.26,3.28,3.22,3.23,57427780,187205300
2017-05-11,3.22,3.22,3.14,3.2,83853376,266730900
2017-05-12,3.19,3.21,3.17,3.2,58277711,186061300
2017-05-15,3.19,3.24,3.18,3.21,52100420,166998000
2017-05-16,3.21,3.25,3.18,3.25,58007906,186645600
2017-05-17,3.25,3.27,3.24,3.24,52994998,172375500
2017-05-18,3.29,3.32,3.26,3.27,83288592,274179600
2017-05-19,3.23,3.25,3.22,3.24,48323582,156382300
2017-05-22,3.25,3.26,3.2,3.23,38530197,124469100
2017-05-23,3.23,3.27,3.16,3.27,76899850,247403800
2017-05-24,3.23,3.26,3.19,3.25,40707022,131332800
2017-05-25,3.25,3.29,3.23,3.27,55886547,182298000
2017-05-26,3.27,3.29,3.25,3.28,41373596,135230200
2017-05-31,3.28,3.3,3.27,3.28,47092484,154486700
2017-06-01,3.27,3.28,3.22,3.27,68817023,223891200
2017-06-02,3.25,3.26,3.23,3.26,37102332,120323400
2017-06-05,3.28,3.3,3.27,3.28,68072332,223605800
2017-06-06,3.27,3.31,3.26,3.3,62333828,205197900
2017-06-07,3.3,3.33,3.3,3.32,62959715,208692800
2017-06-08,3.31,3.32,3.28,3.29,42844816,141130100
2017-06-09,3.28,3.31,3.27,3.3,48223517,158350600
2017-06-12,3.28,3.29,3.24,3.25,71804062,233959900
2017-06-13,3.24,3.33,3.23,3.31,110969964,365180400
2017-06-14,3.31,3.33,3.3,3.31,73225240,243109900
2017-06-15,3.31,3.35,3.3,3.35,82003807,273561800
2017-06-16,3.34,3.36,3.32,3.35,62151172,207729500
2017-06-19,3.34,3.36,3.33,3.35,48645772,162465100
2017-06-20,3.34,3.35,3.31,3.33,49698158,165225500
2017-06-21,3.34,3.34,3.32,3.34,39578100,131844400
2017-06-22,3.34,3.36,3.33,3.35,71678807,239830100
2017-06-23,3.34,3.36,3.28,3.36,77749439,258819600
2017-06-26,3.35,3.37,3.34,3.37,44362351,148976200
2017-06-27,3.35,3.37,3.32,3.36,53293381,178347500
2017-06-28,3.35,3.38,3.34,3.37,53236135,179133400
2017-06-29,3.37,3.4,3.36,3.39,67122050,227320900
2017-06-30,3.37,3.44,3.37,3.43,78596350,267713800
2017-07-03,3.43,3.45,3.39,3.44,76418222,261563100
2017-07-04,3.41,3.46,3.41,3.45,84382858,290024800
2017-07-05,3.44,3.48,3.43,3.47,64575573,223474900
2017-07-06,3.47,3.5,3.45,3.49,80725767,280315400
2017-07-07,3.48,3.52,3.45,3.51,120817513,421282300
2017-07-10,3.49,3.55,3.49,3.54,106350999,374885000
2017-07-11,3.54,3.54,3.46,3.47,101452764,355305900
2017-07-12,3.47,3.5,3.45,3.47,62290249,216174600
2017-07-13,3.47,3.64,3.46,3.55,169804393,605968200
2017-07-14,3.54,3.57,3.51,3.55,80888332,286692700
2017-07-17,3.57,3.61,3.46,3.58,170097887,604610700
2017-07-18,3.55,3.61,3.54,3.6,105948989,379519700
2017-07-19,3.61,3.7,3.6,3.64,412481184,1510586500
2017-07-20,3.63,3.65,3.59,3.59,176336861,637293200
2017-07-21,3.6,3.6,3.51,3.54,190360360,673674400
2017-07-24,3.54,3.57,3.53,3.56,111936875,397734300
2017-07-25,3.56,3.56,3.51,3.56,83429038,294786800
2017-07-26,3.61,3.7,3.61,3.67,334504981,1225610600
2017-07-27,3.67,3.71,3.62,3.66,185763332,680428000
2017-07-28,3.65,3.66,3.62,3.65,73353019,266833500
2017-07-31,3.66,3.75,3.65,3.73,254215302,945839800
2017-08-01,3.73,3.8,3.71,3.76,190882553,715015100
2017-08-02,3.74,3.8,3.7,3.74,174631668,654936900
2017-08-03,3.72,3.78,3.71,3.76,130941092,490512800
2017-08-04,3.72,3.85,3.7,3.79,285711757,1082546800
2017-08-07,3.75,3.78,3.7,3.75,189560153,707776000
2017-08-08,3.75,3.98,3.75,3.9,346885514,1346129300
2017-08-09,3.96,4.06,3.9,4.06,388759688,1555491400
2017-08-10,4.1,4.13,3.94,4.04,334823622,1349566100
2017-08-11,4.03,4.13,3.85,3.88,396294869,1574782600
2017-08-14,3.86,3.9,3.76,3.79,306003244,1165727200
2017-08-15,3.76,3.76,3.68,3.73,208219832,774454700
2017-08-16,3.71,3.72,3.64,3.66,176159598,646675700
2017-08-17,3.77,3.83,3.74,3.82,298267315,1128601800
2017-08-18,3.77,3.78,3.69,3.76,133647237,499783200
2017-08-21,3.77,3.78,3.71,3.78,122319456,459272800
2017-08-22,3.77,3.79,3.73,3.75,102040385,383308600
2017-08-23,3.73,3.73,3.66,3.67,127874012,470677300
2017-08-24,3.67,3.7,3.63,3.64,70797731,259242800
2017-08-25,3.65,3.72,3.64,3.7,114121793,421918300
2017-08-28,3.71,3.76,3.67,3.74,206350110,766853100
2017-08-29,3.78,3.82,3.76,3.79,223368910,846620800
2017-08-30,3.77,3.82,3.74,3.77,198967999,750680400
2017-08-31,3.76,3.77,3.71,3.75,117638656,439332200
2017-09-01,3.77,4.09,3.77,4.04,521784167,2045699000
2017-09-04,4.2,4.32,4.08,4.3,578001845,2420321300
2017-09-05,4.24,4.32,4.16,4.27,348337767,1476594800
2017-09-06,4.28,4.46,4.22,4.38,463099282,2022419500
2017-09-07,4.29,4.34,4.15,4.17,258237080,1096560500
2017-09-08,4.22,4.37,4.18,4.29,336567248,1439895400
2017-09-11,4.18,4.2,4.06,4.16,435950330,1803947100
2017-09-12,4.11,4.19,4.08,4.14,306246616,1262142700
2017-09-13,4.11,4.13,4.03,4.05,233460021,950100500
2017-09-14,4.01,4.05,3.98,4.01,212775283,852650400
2017-09-15,4.04,4.07,3.99,4.01,183356615,736789400
2017-09-18,3.97,3.98,3.9,3.95,192424188,757123600
2017-09-19,3.96,4,3.93,3.99,173006890,685639400
2017-09-20,3.99,4.07,3.95,4.05,218979416,880811800
2017-09-21,4,4.02,3.89,3.9,242811970,957903000
2017-09-22,3.86,3.93,3.81,3.92,236761309,910985300
2017-09-25,3.9,3.92,3.85,3.91,142163375,553090100
2017-09-26,3.93,3.95,3.9,3.93,90603975,355291400
2017-09-27,3.88,3.92,3.87,3.91,85686490,334298800
2017-09-28,3.88,3.9,3.83,3.87,139863352,539365800
2017-09-29,3.87,3.9,3.83,3.87,148353094,572399600
2017-10-09,3.89,3.95,3.87,3.9,177652527,694486100
2017-10-10,3.91,3.92,3.86,3.9,106008102,411405900
2017-10-11,3.9,3.91,3.85,3.87,96735024,374509600
2017-10-12,3.87,3.88,3.83,3.87,107810208,415833900
2017-10-13,3.86,3.91,3.86,3.9,99248592,385976300
2017-10-16,3.91,4.03,3.88,4.01,310989033,1231324800
2017-10-17,3.98,3.99,3.9,3.91,182118475,719459200
2017-10-18,3.9,3.94,3.87,3.93,155694383,608350700
2017-10-19,3.89,3.95,3.83,3.94,159974866,619756700
2017-10-20,3.91,3.98,3.89,3.94,102684245,404041800
2017-10-23,3.91,3.94,3.89,3.9,72708561,283804100
2017-10-24,3.89,3.96,3.89,3.96,139159203,548388000
2017-10-25,3.93,4,3.92,3.97,137557586,546571700
2017-10-26,3.98,3.99,3.84,3.87,355855335,1381847400
2017-10-27,3.85,3.86,3.7,3.72,347776960,1306758000
2017-10-30,3.73,3.74,3.59,3.7,215911768,788260000
2017-10-31,3.67,3.7,3.66,3.69,76374077,281040100
2017-11-01,3.69,3.72,3.66,3.68,102050484,376782000
2017-11-02,3.69,3.72,3.67,3.7,91943573,339791900
2017-11-03,3.69,3.71,3.59,3.7,173395116,632520300
2017-11-06,3.66,3.68,3.64,3.68,77774958,284496500
2017-11-07,3.69,3.78,3.68,3.73,166134055,620270100
2017-11-08,3.71,3.74,3.7,3.72,100270130,372733600
2017-11-09,3.72,3.74,3.71,3.73,75738618,282037300
2017-11-10,3.73,3.75,3.69,3.7,75185943,279269600
2017-11-13,3.68,3.7,3.65,3.67,101846018,373277600
2017-11-14,3.66,3.69,3.64,3.65,76848462,281555900
2017-11-15,3.63,3.67,3.61,3.66,106398894,388228600
2017-11-16,3.64,3.64,3.6,3.6,87145894,315129300
2017-11-17,3.59,3.7,3.58,3.69,186846771,679487700
2017-11-20,3.69,3.73,3.66,3.71,109315395,404457000
2017-11-21,3.68,3.69,3.66,3.68,69630462,255733300
2017-11-22,3.68,3.74,3.67,3.73,103081951,382329100
2017-11-23,3.75,3.88,3.75,3.79,292812238,1119588600
2017-11-24,3.76,3.83,3.7,3.83,177639932,673133500
2017-11-27,3.82,3.89,3.78,3.84,196440575,758262100
2017-11-28,3.83,3.86,3.75,3.84,147555385,560382600
2017-11-29,3.8,3.98,3.79,3.95,354085454,1391285500
2017-11-30,3.93,3.99,3.89,3.95,197653479,778398500
2017-12-01,3.92,3.95,3.85,3.94,141984107,553943900
2017-12-04,3.9,3.98,3.9,3.94,143716151,567555000
2017-12-05,3.94,4.03,3.91,4.01,387557220,1543050900
2017-12-06,3.95,3.95,3.85,3.9,221685893,865144300
2017-12-07,3.88,3.94,3.86,3.9,122767333,479096500
2017-12-08,3.85,3.88,3.82,3.86,123442958,474647200
2017-12-11,3.85,3.87,3.82,3.87,78779478,302827000
2017-12-12,3.86,3.9,3.84,3.85,80284273,310817000
2017-12-13,3.84,3.88,3.78,3.88,123419572,472189300
2017-12-14,3.89,3.99,3.88,3.93,172302731,679983400
2017-12-15,3.93,3.98,3.92,3.98,160180859,634141800
2017-12-18,3.98,3.99,3.94,3.99,130037227,516052900
2017-12-19,3.99,4.02,3.96,3.99,110923162,443111000
2017-12-20,3.98,4.01,3.91,3.99,138165696,546261600
2017-12-21,4,4.07,3.97,4.05,189735197,763961800
2017-12-22,4.04,4.24,4.03,4.16,302081104,1256979400
2017-12-25,4.2,4.23,4.11,4.18,185549902,775717100
2017-12-26,4.16,4.22,4.13,4.18,181912753,760081900
2017-12-27,4.22,4.38,4.22,4.26,341053510,1467075500
2017-12-28,4.25,4.69,4.24,4.69,932802631,4255657300
2017-12-29,4.69,4.72,4.53,4.59,493022181,2272373500
2018-01-02,4.66,4.78,4.48,4.61,904969245,4168940600
2018-01-03,4.61,4.78,4.55,4.63,800586908,3721553100
2018-01-04,4.56,4.75,4.5,4.69,745690604,3456677300
2018-01-05,4.7,4.85,4.61,4.63,709989436,3365816800
2018-01-08,4.58,4.9,4.55,4.85,750815236,3580414000
2018-01-09,4.83,4.96,4.75,4.81,555580469,2691874200
2018-01-10,4.78,4.92,4.76,4.82,409991182,1978303800
2018-01-11,4.82,4.89,4.68,4.72,366501671,1740009800
2018-01-12,4.7,4.71,4.6,4.64,365856913,1702481800
2018-01-15,4.69,4.78,4.6,4.71,421465788,1981633400
2018-01-16,4.71,4.73,4.62,4.7,311944436,1456838500
2018-01-17,4.63,4.63,4.45,4.46,444916721,2017207000
2018-01-18,4.42,4.52,4.4,4.48,248575487,1110672800
2018-01-19,4.48,4.52,4.4,4.51,317515503,1417287800
2018-01-22,4.48,4.57,4.45,4.56,280803436,1267011600
2018-01-23,4.57,4.63,4.49,4.61,302481152,1384968800
2018-01-24,4.55,4.55,4.42,4.52,398778773,1786095000
2018-01-25,4.75,4.96,4.69,4.9,876609248,4242586200
2018-01-26,4.81,4.9,4.78,4.88,417327700,2018676300
2018-01-29,4.88,5.12,4.87,5.04,662433560,3333594600
2018-01-30,4.98,5.12,4.9,4.94,450541958,2259405100
2018-01-31,4.87,5.15,4.82,5.13,511292654,2557821500
2018-02-01,5.13,5.23,5.01,5.08,577300310,2942522500
2018-02-02,5.02,5.5,4.83,5.38,595392538,3077204400
2018-02-05,5.21,5.53,5.18,5.41,586541196,3163354000
2018-02-06,5.3,5.55,5.1,5.3,722180189,3834686000
2018-02-07,5.39,5.43,4.98,5.12,611264224,3196141100
2018-02-08,4.89,4.95,4.61,4.69,577049289,2749736900
2018-02-09,4.46,4.55,4.22,4.37,649434382,2814751700
2018-02-12,4.34,4.45,4.16,4.39,336628211,1455777800
2018-02-13,4.45,4.51,4.35,4.42,328270198,1456919600
2018-02-14,4.53,4.62,4.44,4.59,325366478,1478247300
2018-02-22,4.65,4.82,4.58,4.77,319993786,1513264800
2018-02-23,4.83,4.88,4.68,4.82,260541903,1244804600
2018-02-26,4.85,4.95,4.72,4.89,338513150,1639762300
2018-02-27,4.88,4.88,4.66,4.7,368811456,1748334000
2018-02-28,4.57,4.71,4.51,4.6,279989612,1286793700
2018-03-01,4.55,4.69,4.52,4.68,251600854,1164974500
2018-03-02,4.6,4.68,4.55,4.61,170169220,785565400
2018-03-05,4.62,4.65,4.56,4.61,178464875,822677000
2018-03-06,4.62,4.65,4.44,4.59,399975539,1820549600
2018-03-07,4.62,4.65,4.49,4.54,228842371,1048768500
2018-03-08,4.62,4.94,4.62,4.82,635166620,3040178300
2018-03-09,4.78,4.8,4.7,4.77,341002790,1618334400
2018-03-12,4.83,4.89,4.74,4.81,413033855,1993447300
2018-03-13,4.76,4.83,4.73,4.77,226292637,1079793200
2018-03-14,4.75,4.91,4.74,4.88,372302252,1801815200
2018-03-15,4.86,4.94,4.79,4.84,282543317,1372284300
2018-03-16,4.8,4.82,4.72,4.72,225419309,1073972300
2018-03-19,4.66,4.66,4.54,4.58,261132788,1196628800
2018-03-20,4.54,4.58,4.51,4.57,170123686,773451400
2018-03-21,4.55,4.65,4.52,4.62,213658188,976944800
2018-03-22,4.65,4.68,4.51,4.57,209454663,961274700
2018-03-23,4.41,4.59,4.31,4.54,519486467,2320704800
2018-03-26,4.56,4.68,4.47,4.52,316902896,1442623400
2018-03-27,4.55,4.64,4.48,4.61,295866994,1346549300
2018-03-28,4.52,4.58,4.45,4.49,217563114,982380900
2018-03-29,4.46,4.48,4.32,4.4,298277948,1310933100
2018-03-30,4.42,4.43,4.32,4.35,270815565,1177370400
2018-04-02,4.33,4.43,4.33,4.42,291633136,1275452000
2018-04-03,4.4,4.46,4.33,4.34,244083959,1068878500
2018-04-04,4.32,4.4,4.31,4.35,204173242,889491000
2018-04-09,4.34,4.36,4.28,4.28,201918931,871697300
2018-04-10,4.29,4.4,4.28,4.39,242576599,1054708600
2018-04-11,4.45,4.54,4.4,4.52,351698872,1569640300
2018-04-12,4.5,4.55,4.45,4.47,252202090,1133414800
2018-04-13,4.4,4.43,4.36,4.37,187450385,822549200
2018-04-16,4.41,4.42,4.3,4.33,178887348,777957400
2018-04-17,4.36,4.36,4.17,4.21,218257133,928681800
2018-04-18,4.24,4.25,4.06,4.14,212365928,876452300
2018-04-19,4.2,4.3,4.2,4.27,199515833,847765700
2018-04-20,4.21,4.24,4.1,4.21,178399448,742749900
2018-04-23,4.16,4.18,4.1,4.12,111312115,459493400
2018-04-24,4.09,4.18,4.08,4.15,123523286,511819400
2018-04-25,4.12,4.17,4.09,4.14,114519246,472976900
2018-04-26,4.12,4.16,4.06,4.12,128055471,524197400
2018-04-27,4.12,4.14,4.05,4.12,117512377,480943600
2018-05-02,4.08,4.1,3.98,3.99,136097114,548387600
2018-05-03,3.99,4.01,3.88,3.96,144132119,566675900
2018-05-04,3.95,3.99,3.93,3.96,86444077,342856000
2018-05-07,3.95,4,3.93,3.99,105286276,418214700
2018-05-08,3.98,4.1,3.97,4.08,160479333,649312800
2018-05-09,4.07,4.11,4.05,4.07,94121958,383985900
2018-05-10,4.09,4.12,4.08,4.1,91203595,374134600
2018-05-11,4.12,4.16,4.09,4.12,116731693,482282900
2018-05-14,4.12,4.13,4.07,4.1,86524457,354663900
2018-05-15,4.1,4.11,3.99,4.06,132618822,534988000
2018-05-16,4,4,3.95,3.96,127135495,504987700
2018-05-17,3.96,3.97,3.9,3.92,105165087,412276600
2018-05-18,3.91,3.97,3.9,3.97,92607473,364862300
2018-05-21,3.98,4.02,3.97,4,88436197,353893500
2018-05-22,4.01,4.02,3.93,3.95,82182634,325430800
2018-05-23,3.96,3.99,3.92,3.93,93606992,370653500
2018-05-24,3.9,3.93,3.88,3.89,85591156,334051500
2018-05-25,3.92,3.93,3.81,3.88,121488320,470151200
2018-05-28,3.85,3.86,3.77,3.81,99800165,379983800
2018-05-29,3.79,3.83,3.76,3.82,98206205,372609500
2018-05-30,3.79,3.88,3.76,3.84,147489263,564250700
2018-05-31,3.78,3.81,3.71,3.75,170948486,640028900
2018-06-01,3.74,3.74,3.66,3.68,126384236,467186400
2018-06-04,3.68,3.7,3.63,3.66,106601581,390589500
2018-06-05,3.65,3.73,3.65,3.72,102980832,380916100
2018-06-06,3.77,3.99,3.77,3.96,348214742,1362820900
2018-06-07,4.03,4.09,3.93,3.96,267608747,1069134700
2018-06-08,3.96,4.04,3.88,3.9,193883622,768406400
2018-06-11,3.92,4.04,3.92,4.02,197254925,788921100
2018-06-12,3.99,4.06,3.96,4.05,165167658,663884500
2018-06-13,4,4.01,3.96,4,106974656,426102300
2018-06-14,3.98,4.02,3.93,3.95,105299261,417706700
2018-06-15,3.93,3.98,3.75,3.96,199486650,777005600
2018-06-19,3.82,4,3.79,3.97,363722952,1428536100
2018-06-20,3.91,3.92,3.78,3.85,183578570,704693800
2018-06-21,3.82,3.92,3.77,3.78,119725731,459784000
2018-06-22,3.76,3.82,3.71,3.8,73246225,276585000
2018-06-25,3.85,3.85,3.72,3.73,81521208,307880100
2018-06-26,3.67,3.68,3.6,3.66,122799870,447178000
2018-06-27,3.64,3.67,3.61,3.66,88045681,319964800
2018-06-28,3.63,3.66,3.61,3.64,70000601,254395500
2018-06-29,3.56,3.63,3.52,3.61,95240469,340217100
2018-07-02,3.6,3.6,3.45,3.48,108042332,381365200
2018-07-03,3.45,3.47,3.4,3.47,98470146,338863600
2018-07-04,3.47,3.59,3.46,3.56,152350864,538256800
2018-07-05,3.51,3.6,3.42,3.57,233961495,821014500
2018-07-06,3.52,3.56,3.48,3.53,104495672,367856600
2018-07-09,3.53,3.59,3.52,3.58,93213680,331388800
2018-07-10,3.56,3.62,3.55,3.57,99712288,356953700
2018-07-11,3.48,3.49,3.36,3.4,172747618,593195300
2018-07-12,3.37,3.46,3.36,3.45,112418876,385086300
2018-07-13,3.44,3.45,3.4,3.41,83051585,283845000
2018-07-16,3.41,3.42,3.37,3.39,55170415,186903000
2018-07-17,3.37,3.38,3.34,3.37,74982768,251642200
2018-07-18,3.35,3.36,3.3,3.31,110973017,369907800
2018-07-19,3.32,3.33,3.26,3.27,80229812,264344000
2018-07-20,3.25,3.29,3.21,3.28,113083940,366872200
2018-07-23,3.34,3.42,3.33,3.41,197011234,665743500
2018-07-24,3.39,3.6,3.38,3.57,296322594,1046711700
2018-07-25,3.62,3.62,3.54,3.59,169175839,605206300
2018-07-26,3.59,3.62,3.52,3.56,126354595,450589800
2018-07-27,3.53,3.58,3.51,3.55,73858620,261765300
2018-07-30,3.57,3.6,3.52,3.52,83509977,297125400
2018-07-31,3.54,3.56,3.53,3.54,58153102,206139700
2018-08-01,3.54,3.57,3.46,3.47,69700287,245340300
2018-08-02,3.44,3.44,3.3,3.36,128103124,428847800
2018-08-03,3.33,3.35,3.29,3.3,77910253,258368500
2018-08-06,3.3,3.35,3.25,3.28,88518903,291436300
2018-08-07,3.28,3.41,3.22,3.39,160752217,533523100
2018-08-08,3.36,3.44,3.33,3.39,141103558,478449300
2018-08-09,3.36,3.48,3.35,3.46,122494361,421206800
2018-08-10,3.44,3.46,3.39,3.43,83895519,286875800
2018-08-13,3.38,3.41,3.35,3.41,65728554,222503900
2018-08-14,3.37,3.4,3.35,3.39,50637856,170882600
2018-08-15,3.37,3.38,3.31,3.31,66431764,221442800
2018-08-16,3.25,3.31,3.21,3.24,88496235,288416400
2018-08-17,3.26,3.3,3.21,3.23,66970601,217885900
2018-08-20,3.23,3.28,3.23,3.28,55659941,181084000
2018-08-21,3.28,3.33,3.28,3.32,59473421,197101200
2018-08-22,3.32,3.32,3.29,3.3,34221031,112980300
2018-08-23,3.29,3.32,3.28,3.3,41309905,136220200
2018-08-24,3.29,3.32,3.27,3.31,39982015,131987200
2018-08-27,3.37,3.44,3.36,3.43,129243921,440278200
2018-08-28,3.45,3.46,3.41,3.43,89970171,308712000
2018-08-29,3.42,3.47,3.41,3.43,90383591,311233100
2018-08-30,3.43,3.47,3.38,3.39,71431588,244292100
2018-08-31,3.4,3.43,3.36,3.4,68925152,233939600
2018-09-03,3.4,3.4,3.34,3.37,57869087,194786400
2018-09-04,3.37,3.43,3.37,3.4,61418167,208711700
2018-09-05,3.38,3.42,3.36,3.37,58111361,196698700
2018-09-06,3.41,3.46,3.38,3.39,114259985,391608800
2018-09-07,3.38,3.46,3.38,3.44,101482056,348019100
2018-09-10,3.44,3.45,3.35,3.35,80334977,272793200
2018-09-11,3.35,3.36,3.29,3.33,71288918,236968300
2018-09-12,3.32,3.35,3.29,3.32,48056571,159331500
2018-09-13,3.37,3.41,3.35,3.4,75581208,255709900
2018-09-14,3.39,3.47,3.38,3.45,105338132,361913600
2018-09-17,3.42,3.44,3.38,3.4,56436193,192352700
2018-09-18,3.4,3.47,3.36,3.45,95041737,324152400
2018-09-19,3.45,3.58,3.44,3.55,178428653,630701500
2018-09-20,3.54,3.58,3.52,3.53,106961357,379392900
2018-09-21,3.56,3.63,3.54,3.61,145793098,522851800
2018-09-25,3.61,3.67,3.57,3.6,112969413,408261000
2018-09-26,3.6,3.65,3.57,3.59,115448165,416704600
2018-09-27,3.61,3.62,3.55,3.55,94159472,337014100
2018-09-28,3.52,3.58,3.51,3.57,87367883,309914700
2018-10-08,3.51,3.57,3.45,3.47,105933154,372169400
2018-10-09,3.49,3.63,3.46,3.59,152155785,542088600
2018-10-10,3.63,3.73,3.6,3.69,218598038,806092900
2018-10-11,3.61,3.74,3.51,3.6,233582752,843449900
2018-10-12,3.69,3.73,3.6,3.65,210741355,771736500
2018-10-15,3.64,3.64,3.54,3.58,146955681,526147100
2018-10-16,3.57,3.59,3.28,3.34,208346562,716109100
2018-10-17,3.33,3.41,3.31,3.37,107280833,360312000
2018-10-18,3.34,3.35,3.25,3.29,101001739,333500600
2018-10-19,3.26,3.43,3.24,3.4,129329428,430464000
2018-10-22,3.42,3.55,3.41,3.5,186047967,646718300
2018-10-23,3.48,3.51,3.39,3.48,143088697,493579000
2018-10-24,3.45,3.55,3.44,3.51,134741366,472682300
2018-10-25,3.46,3.57,3.45,3.56,171463192,605311800
2018-10-26,3.52,3.59,3.51,3.55,113865773,404415900
2018-10-29,3.51,3.55,3.41,3.42,134893375,466537200
2018-10-30,3.39,3.44,3.35,3.41,95908276,325844200
2018-10-31,3.41,3.44,3.36,3.42,98727312,336171700
2018-11-01,3.42,3.52,3.39,3.5,155805569,536065800
2018-11-02,3.54,3.58,3.49,3.54,187295266,662036500
2018-11-05,3.53,3.58,3.52,3.55,114472927,406837900
2018-11-06,3.53,3.55,3.5,3.55,81464032,287662200
2018-11-07,3.54,3.63,3.53,3.56,134390284,480570600
2018-11-08,3.54,3.55,3.47,3.48,97301177,341950300
2018-11-09,3.45,3.49,3.4,3.42,78866534,271397300
2018-11-12,3.39,3.44,3.37,3.44,108277904,369331300
2018-11-13,3.4,3.48,3.39,3.46,99813597,343498400
2018-11-14,3.44,3.49,3.43,3.44,97716861,338478600
2018-11-15,3.46,3.48,3.43,3.48,88172759,304095800
2018-11-16,3.47,3.48,3.44,3.46,104465398,361846100
2018-11-19,3.47,3.48,3.45,3.47,100314835,347315700
2018-11-20,3.46,3.55,3.45,3.54,212665738,748297400
2018-11-21,3.52,3.54,3.48,3.53,126890818,445277400
2018-11-22,3.53,3.54,3.5,3.51,61350805,215531400
2018-11-23,3.5,3.52,3.38,3.39,127364673,438775400
2018-11-26,3.37,3.4,3.32,3.34,88107285,296798800
2018-11-27,3.34,3.37,3.32,3.34,56393802,188470400
2018-11-28,3.33,3.34,3.29,3.34,99836942,331312300
2018-11-29,3.38,3.45,3.37,3.38,163190285,555564300
2018-11-30,3.36,3.39,3.32,3.39,83990033,282038700
2018-12-03,3.42,3.44,3.39,3.44,112694896,385631800
2018-12-04,3.43,3.44,3.4,3.44,119089025,407564300
2018-12-05,3.4,3.45,3.39,3.41,143883036,492686000
2018-12-06,3.42,3.45,3.39,3.4,97294809,332574600
2018-12-07,3.39,3.42,3.38,3.4,50006667,169973400
2018-12-10,3.44,3.49,3.43,3.46,155008925,535494300
2018-12-11,3.43,3.49,3.43,3.48,96102612,332499400
2018-12-12,3.47,3.48,3.41,3.43,80943899,279133100
2018-12-13,3.43,3.45,3.4,3.43,91535730,313858000
2018-12-14,3.42,3.43,3.37,3.38,86016139,292736700
2018-12-17,3.36,3.43,3.35,3.41,62025925,210290400
2018-12-18,3.41,3.46,3.4,3.42,99574674,341688700
2018-12-19,3.42,3.44,3.39,3.42,61950662,211668600
2018-12-20,3.39,3.41,3.35,3.37,94984629,320432500
2018-12-21,3.4,3.44,3.35,3.38,108557282,368394900
2018-12-24,3.38,3.41,3.36,3.39,59325844,200664800
2018-12-25,3.4,3.42,3.36,3.39,95503961,323666200
2018-12-26,3.37,3.39,3.34,3.37,92924792,312749800
2018-12-27,3.38,3.39,3.31,3.32,92075056,307862000
2018-12-28,3.32,3.34,3.31,3.34,54649258,181882000
2019-01-02,3.29,3.29,3.01,3.01,344893938,1053924500
2019-01-03,2.96,3.06,2.94,3.05,223657048,671474300
2019-01-04,3.04,3.09,3.02,3.08,136524076,418297500
2019-01-07,3.08,3.1,3.05,3.08,140964202,432767000
2019-01-08,3.08,3.08,3.03,3.04,111505464,340018000
2019-01-09,3.04,3.09,3.03,3.06,102030136,312767500
2019-01-10,3.07,3.09,3.05,3.07,82158912,252413200
2019-01-11,3.06,3.07,3.04,3.05,65781950,200926600
2019-01-14,3.06,3.07,3.03,3.05,76629224,233837400
2019-01-15,3.04,3.05,3.01,3.05,97828330,296208000
2019-01-16,3.04,3.05,2.97,2.99,140584685,421550100
2019-01-17,3,3.02,2.97,3,113644594,340311200
2019-01-18,3,3.03,2.98,3.03,127583959,384932100
2019-01-21,3.03,3.03,3,3.01,95026517,286619400
2019-01-22,3.01,3.01,2.97,2.98,75337852,224932200
2019-01-23,2.99,2.99,2.97,2.98,54932032,163490900
2019-01-24,2.97,2.98,2.96,2.97,56591581,168086200
2019-01-25,2.97,2.98,2.96,2.98,45509255,135332500
2019-01-28,3.01,3.02,2.99,2.99,93396791,280438900
2019-01-29,2.99,2.99,2.93,2.95,105175315,311184300
2019-01-30,2.96,2.97,2.95,2.97,49189999,145594600
2019-01-31,2.98,3.02,2.96,2.98,112379860,335933700
2019-02-01,2.99,3.01,2.97,3.01,86699838,259499600
2019-02-11,3.01,3.06,3.01,3.05,152350959,462853600
2019-02-12,3.04,3.08,3.03,3.08,150506609,460753000
2019-02-13,3.09,3.22,3.06,3.2,277932621,878670600
2019-02-14,3.19,3.19,3.14,3.17,132319449,418775500
2019-02-15,3.16,3.3,3.16,3.25,248612565,809923200
2019-02-18,3.27,3.42,3.27,3.4,267694257,898396900
2019-02-19,3.41,3.47,3.37,3.39,198043064,675266300
2019-02-20,3.48,3.58,3.44,3.51,304060196,1071154000
2019-02-21,3.53,3.56,3.45,3.49,227817222,798430800
2019-02-22,3.42,3.48,3.4,3.48,196605150,674102100
2019-02-25,3.51,3.77,3.5,3.74,421263092,1541419000
2019-02-26,3.68,3.79,3.66,3.69,338028793,1259418300
2019-02-27,3.66,3.71,3.59,3.63,274601696,1000401500
2019-02-28,3.62,3.65,3.56,3.58,139667105,501639100
2019-03-01,3.59,3.63,3.55,3.63,131776899,472651900
2019-03-04,3.62,3.71,3.58,3.63,297107382,1082746500
2019-03-05,3.58,3.62,3.56,3.61,212953785,763237500
2019-03-06,3.62,3.73,3.61,3.7,342072781,1256969900
2019-03-07,3.68,3.86,3.65,3.77,468007540,1764096400
2019-03-08,3.68,3.69,3.53,3.55,310032379,1120571800
2019-03-11,3.55,3.61,3.53,3.61,184553876,659811900
2019-03-12,3.63,3.64,3.57,3.6,221104114,797310700
2019-03-13,3.62,3.63,3.55,3.56,169520946,607876400
2019-03-14,3.56,3.61,3.43,3.45,182958636,642706800
2019-03-15,3.45,3.51,3.43,3.48,149209484,517591800
2019-03-18,3.48,3.57,3.48,3.56,157844342,555408700
2019-03-19,3.57,3.58,3.51,3.55,148766752,528713600
2019-03-20,3.54,3.58,3.49,3.54,147702573,522397800
2019-03-21,3.58,3.67,3.57,3.64,313392126,1138116600
2019-03-22,3.62,3.63,3.56,3.59,159107065,570971100
2019-03-25,3.57,3.58,3.51,3.52,185615645,657300600
2019-03-26,3.55,3.59,3.48,3.5,158470262,561080900
2019-03-27,3.5,3.51,3.41,3.47,151900538,523928900
2019-03-28,3.43,3.47,3.41,3.45,103903538,357584300
2019-03-29,3.43,3.51,3.41,3.51,167790834,581712100
2019-04-01,3.55,3.72,3.54,3.65,346648722,1259302100
2019-04-02,3.67,3.69,3.61,3.66,235620825,859311900
2019-04-03,3.63,3.72,3.61,3.7,230835767,848546400
2019-04-04,3.72,3.84,3.7,3.73,288487946,1085739300
2019-04-08,3.76,3.81,3.68,3.75,333352428,1246674100
2019-04-09,3.76,3.8,3.63,3.69,257117880,951603200
2019-04-10,3.68,3.7,3.63,3.68,197666788,723624000
2019-04-11,3.67,3.69,3.6,3.61,156941363,570926700
2019-04-12,3.57,3.59,3.51,3.55,170424612,604890800
2019-04-15,3.59,3.63,3.49,3.52,160273922,573876300
2019-04-16,3.5,3.64,3.48,3.63,263379873,948318300
2019-04-17,3.6,3.62,3.56,3.59,226071018,811983000
2019-04-18,3.58,3.63,3.54,3.56,175409777,629662500
2019-04-19,3.54,3.57,3.51,3.57,158245475,559821200
2019-04-22,3.58,3.59,3.51,3.54,148102227,524731700
2019-04-23,3.52,3.53,3.45,3.47,146636430,510690400
2019-04-24,3.46,3.49,3.43,3.49,109202266,376959500
2019-04-25,3.47,3.47,3.38,3.39,172772380,591371000
2019-04-26,3.37,3.4,3.33,3.33,123799987,415461100
2019-04-29,3.35,3.36,3.3,3.31,127627281,425138700
2019-04-30,3.3,3.33,3.28,3.32,117784272,388963800
2019-05-06,3.22,3.28,3.15,3.18,230442131,739351300
2019-05-07,3.18,3.21,3.15,3.21,146427468,465262300
2019-05-08,3.17,3.3,3.16,3.28,162070654,524053500
2019-05-09,3.23,3.25,3.19,3.2,103281446,332260400
2019-05-10,3.22,3.25,3.2,3.25,114172700,368469900
2019-05-13,3.22,3.23,3.2,3.2,61057401,196370600
2019-05-14,3.23,3.29,3.23,3.25,145078681,472593700
2019-05-15,3.23,3.27,3.22,3.26,99146627,321697700
2019-05-16,3.24,3.35,3.24,3.31,150643893,497132700
2019-05-17,3.28,3.29,3.2,3.21,120071846,389050300
2019-05-20,3.19,3.2,3.15,3.19,69048190,219325800
2019-05-21,3.18,3.27,3.17,3.24,87065610,281220500
2019-05-22,3.24,3.26,3.21,3.23,57109946,184427600
2019-05-23,3.22,3.23,3.18,3.19,48545816,155472700
2019-05-24,3.22,3.23,3.19,3.2,44999395,144322200
2019-05-27,3.19,3.23,3.18,3.22,76507453,245418900
2019-05-28,3.22,3.24,3.19,3.23,96931021,311977000
2019-05-29,3.2,3.23,3.2,3.23,63991993,205822200
2019-05-30,3.21,3.22,3.17,3.21,76343565,244296200
2019-05-31,3.23,3.25,3.22,3.25,113893012,368863700
2019-06-03,3.3,3.36,3.27,3.34,266795971,888632100
2019-06-04,3.39,3.4,3.29,3.31,171255469,571587200
2019-06-05,3.31,3.37,3.29,3.36,157710476,526815300
2019-06-06,3.33,3.37,3.3,3.3,121516118,405148000
2019-06-10,3.3,3.3,3.22,3.25,158761527,516379900
2019-06-11,3.24,3.33,3.22,3.32,154686714,507671300
2019-06-12,3.3,3.48,3.29,3.42,375130405,1271788100
2019-06-13,3.39,3.43,3.36,3.4,184375944,624813000
2019-06-14,3.42,3.49,3.37,3.48,286710412,990449300
2019-06-17,3.42,3.48,3.41,3.43,178284782,613840200
2019-06-18,3.41,3.48,3.41,3.47,145246787,500133400
2019-06-19,3.45,3.5,3.42,3.47,179674094,622624100
2019-06-20,3.57,3.68,3.52,3.63,541793885,1954251500
2019-06-21,3.72,3.9,3.64,3.73,677274913,2554960300
2019-06-24,3.79,3.83,3.71,3.75,382163722,1440315200
2019-06-25,3.83,3.98,3.82,3.92,834572845,3241022200
2019-06-26,3.8,3.82,3.65,3.67,542518726,2032183800
2019-06-27,3.66,3.76,3.65,3.73,309696852,1151681000
2019-06-28,3.79,3.88,3.75,3.77,319098708,1218288400
2019-07-01,3.65,3.77,3.62,3.74,303932527,1128537600
2019-07-02,3.71,3.79,3.68,3.78,235653589,880675400
2019-07-03,3.96,3.99,3.82,3.83,339464306,1315641400
2019-07-04,3.82,3.85,3.69,3.72,272680635,1027790300
2019-07-05,3.72,3.77,3.72,3.76,133314881,498832100
2019-07-08,3.7,3.72,3.63,3.7,199171360,730919500
2019-07-09,3.65,3.66,3.61,3.65,100211367,364207000
2019-07-10,3.62,3.65,3.57,3.58,101798956,366622500
2019-07-11,3.6,3.64,3.55,3.58,211054511,758833400
2019-07-12,3.54,3.56,3.49,3.52,121573973,428024200
2019-07-15,3.53,3.56,3.48,3.55,99242100,349883300
2019-07-16,3.53,3.58,3.52,3.57,86871280,309321300
2019-07-17,3.53,3.55,3.5,3.52,93719750,329889600
2019-07-18,3.6,3.61,3.52,3.53,132252728,470818800
2019-07-19,3.62,3.69,3.58,3.67,268517560,980937200
2019-07-22,3.6,3.63,3.54,3.61,144723990,520057900
2019-07-23,3.56,3.61,3.56,3.61,92937260,332945300
2019-07-24,3.6,3.64,3.59,3.64,124948452,451288200
2019-07-25,3.61,3.63,3.58,3.61,128370877,461568400
2019-07-26,3.57,3.58,3.53,3.58,110488584,392964700
2019-07-29,3.59,3.6,3.55,3.57,81150731,289893500
2019-07-30,3.58,3.63,3.56,3.63,167623940,602459400
2019-07-31,3.62,3.67,3.6,3.66,162458817,590928800
2019-08-01,3.56,3.6,3.52,3.58,167697088,599389600
2019-08-02,3.64,3.66,3.56,3.58,136928969,493236700
2019-08-05,3.57,3.83,3.57,3.79,458177644,1711798600
2019-08-06,3.8,3.85,3.65,3.69,387461557,1442662300
2019-08-07,3.75,3.82,3.73,3.78,323050309,1222506100
2019-08-08,3.85,3.88,3.76,3.8,285591175,1091029800
2019-08-09,3.79,3.82,3.72,3.73,195146372,737695200
2019-08-12,3.72,3.72,3.67,3.71,136638962,504382200
2019-08-13,3.76,3.87,3.73,3.83,309429103,1176951500
2019-08-14,3.7,3.76,3.68,3.72,223181302,830019100
2019-08-15,3.77,3.78,3.69,3.71,218554432,816343900
2019-08-16,3.72,3.74,3.69,3.71,149629883,554886000
2019-08-19,3.66,3.68,3.62,3.68,198651411,724358400
2019-08-20,3.64,3.71,3.62,3.7,181590340,666060200
2019-08-21,3.69,3.69,3.66,3.66,96672290,354938100
2019-08-22,3.66,3.66,3.61,3.62,99838837,362373700
2019-08-23,3.6,3.65,3.58,3.63,100201136,362096300
2019-08-26,3.73,3.77,3.67,3.69,215623393,800903600
2019-08-27,3.66,3.72,3.64,3.69,182000141,668406100
2019-08-28,3.69,3.7,3.62,3.64,162154048,593139500
2019-08-29,3.62,3.7,3.61,3.7,157937605,578097200
2019-08-30,3.64,3.7,3.63,3.66,127445684,467081100
2019-09-02,3.65,3.66,3.59,3.62,181443744,655668100
2019-09-03,3.61,3.62,3.55,3.57,172952508,618596600
2019-09-04,3.6,3.61,3.57,3.59,184818636,664404100
2019-09-05,3.6,3.65,3.59,3.63,199660011,723946900
2019-09-06,3.58,3.58,3.53,3.54,222410678,790645600
2019-09-09,3.54,3.55,3.51,3.55,155197013,547940000
2019-09-10,3.52,3.55,3.51,3.54,124017965,437623700
2019-09-11,3.53,3.58,3.52,3.56,155344511,550764400
2019-09-12,3.54,3.55,3.53,3.55,93111669,329497800
2019-09-16,3.56,3.58,3.54,3.58,119140628,424518700
2019-09-17,3.56,3.56,3.48,3.49,119951230,421274300
2019-09-18,3.49,3.51,3.48,3.48,74665247,260507500
2019-09-19,3.47,3.47,3.43,3.47,87685864,302676400
2019-09-20,3.46,3.5,3.46,3.5,85767787,298989300
2019-09-23,3.5,3.51,3.45,3.45,70250594,244167800
2019-09-24,3.46,3.47,3.43,3.44,90421323,311447900
2019-09-25,3.46,3.46,3.4,3.41,80683010,275765300
2019-09-26,3.38,3.39,3.28,3.31,152296672,505757100
2019-09-27,3.3,3.31,3.28,3.29,78820942,259443500
2019-09-30,3.29,3.3,3.26,3.27,57650269,188917400
2019-10-08,3.27,3.3,3.25,3.26,56785613,185964800
2019-10-09,3.27,3.34,3.27,3.32,74633694,247151700
2019-10-10,3.32,3.34,3.3,3.33,59814655,198644500
2019-10-11,3.32,3.34,3.3,3.34,48805114,161989700
2019-10-14,3.32,3.35,3.31,3.33,108556823,361196900
2019-10-15,3.33,3.34,3.3,3.3,53369662,176899800
2019-10-16,3.31,3.31,3.28,3.28,43326972,142885900
2019-10-17,3.29,3.29,3.26,3.27,62259627,203746700
2019-10-18,3.27,3.28,3.21,3.21,74581850,241910200
2019-10-21,3.21,3.23,3.16,3.22,68742172,219256300
2019-10-22,3.2,3.21,3.19,3.21,48405094,154874200
2019-10-23,3.2,3.25,3.2,3.24,69112601,223124400
2019-10-24,3.24,3.24,3.19,3.21,49556042,159095000
2019-10-25,3.22,3.24,3.2,3.24,51727067,166483900
2019-10-28,3.23,3.36,3.22,3.36,179880301,594036900
2019-10-29,3.33,3.35,3.31,3.31,70227470,233833300
2019-10-30,3.31,3.36,3.3,3.35,124647773,415689000
2019-10-31,3.36,3.39,3.33,3.38,108485100,364380400
2019-11-01,3.4,3.43,3.35,3.37,140977812,477409500
2019-11-04,3.37,3.49,3.36,3.47,201467036,694381300
2019-11-05,3.47,3.5,3.44,3.47,105677308,366458700
2019-11-06,3.44,3.63,3.44,3.59,304066851,1084341800
2019-11-07,3.58,3.61,3.53,3.59,126546850,452763600
2019-11-08,3.57,3.61,3.54,3.59,132126617,472742100
2019-11-11,3.56,3.57,3.48,3.5,160408254,562936800
2019-11-12,3.49,3.5,3.41,3.44,113034113,389494800
2019-11-13,3.51,3.62,3.47,3.49,218683387,769966900
2019-11-14,3.49,3.5,3.42,3.44,159394784,549665900
2019-11-21,3.46,3.55,3.46,3.53,208016211,728901300
2019-11-22,3.52,3.64,3.5,3.62,202963641,727914200
2019-11-25,3.67,3.8,3.63,3.77,298447499,1111055400
2019-11-26,3.74,3.77,3.69,3.77,149457075,556601000
2019-11-27,3.75,3.75,3.63,3.68,127916678,471747100
2019-11-28,3.66,3.71,3.63,3.64,80012924,293512400
2019-11-29,3.54,3.6,3.49,3.56,255794315,908602800
2019-12-02,3.6,3.78,3.58,3.7,281817655,1047378800
2019-12-03,3.77,3.8,3.71,3.73,166242030,623537900
2019-12-04,3.77,3.8,3.73,3.77,207460504,782589700
2019-12-05,3.76,3.77,3.67,3.7,157013478,582175200
2019-12-06,3.69,3.72,3.65,3.68,109172021,401696700
2019-12-09,3.66,3.85,3.66,3.85,304464617,1154219300
2019-12-10,3.85,4,3.83,3.96,362710977,1435690100
2019-12-11,3.96,4.02,3.93,3.95,159072047,630518200
2019-12-12,4.02,4.05,3.93,3.93,138460815,550252400
2019-12-13,3.95,3.99,3.91,3.96,125701226,495294900
2019-12-16,3.96,3.97,3.87,3.95,165928676,649806300
2019-12-17,3.96,4.03,3.93,3.99,209732926,834670400
2019-12-18,3.98,3.99,3.95,3.97,130068260,516003400
2019-12-19,3.96,4.13,3.94,4.1,310569067,1261566100
2019-12-20,4.1,4.11,3.99,4.02,206432567,832142100
2019-12-23,3.99,4.04,3.96,3.97,116477193,465728600
2019-12-24,3.98,4.14,3.93,4.12,210025202,853742900
2019-12-25,4.15,4.2,4.09,4.14,169416725,701708400
2019-12-26,4.12,4.24,4.1,4.19,188737081,789315900
2019-12-27,4.19,4.61,4.19,4.46,476812687,2114576100
2019-12-30,4.48,4.6,4.37,4.49,293426675,1312175600
2019-12-31,4.53,4.64,4.45,4.59,292216495,1330267100
2020-01-02,4.62,4.85,4.6,4.75,350856766,1667226600
2020-01-03,4.78,4.9,4.71,4.8,274099877,1319798500
2020-01-06,4.94,5.02,4.65,4.86,577602337,2780549200
2020-01-07,4.73,4.73,4.62,4.67,402402486,1877777100
2020-01-08,4.79,4.83,4.61,4.7,440337771,2072072600
2020-01-09,4.53,4.62,4.48,4.51,387550882,1758105800
2020-01-10,4.5,4.55,4.46,4.54,235712336,1063149800
2020-01-13,4.55,4.64,4.52,4.63,203908618,936407200
2020-01-14,4.63,4.88,4.62,4.74,321751155,1532893200
2020-01-15,4.73,4.74,4.57,4.6,189435385,879009900
2020-01-16,4.6,4.62,4.49,4.52,168868136,765643800
2020-01-17,4.52,4.66,4.49,4.62,179916087,823719400
2020-01-20,4.6,4.61,4.48,4.54,185356720,837995400
2020-01-21,4.52,4.52,4.36,4.36,255850302,1131010500
2020-01-22,4.33,4.47,4.21,4.43,192937829,841726400
2020-01-23,4.31,4.53,4.22,4.29,295411006,1286037900
2020-02-03,3.86,4.05,3.86,3.86,449831802,1751335300
2020-02-04,3.86,4.03,3.86,3.98,278159584,1101626200
2020-02-05,3.96,4.12,3.93,4.03,302199277,1217004300
2020-02-06,4.07,4.18,4,4.13,302518837,1235523000
2020-02-07,4.09,4.18,4.03,4.1,234159108,958238600
2020-02-10,4.06,4.23,4.01,4.2,292442849,1210140300
2020-02-11,4.18,4.38,4.16,4.24,262161138,1120219400
2020-02-12,4.23,4.32,4.22,4.3,169084056,724574700
2020-02-13,4.3,4.35,4.26,4.32,178212554,768082400
2020-02-14,4.33,4.59,4.28,4.54,336806363,1510655400
2020-02-17,4.55,4.63,4.48,4.61,247418859,1129242100
2020-02-18,4.64,4.64,4.55,4.57,199042510,911733400
2020-02-19,4.64,4.67,4.53,4.59,255613779,1177137300
2020-02-20,4.57,4.6,4.5,4.59,216979060,987786500
2020-02-21,4.63,4.77,4.58,4.7,368369246,1725826100
2020-02-24,4.83,4.86,4.66,4.72,364972682,1731035700
2020-02-25,4.57,4.69,4.53,4.57,346098269,1585828500
2020-02-26,4.5,4.5,4.35,4.36,351814213,1551328900
2020-02-27,4.36,4.44,4.31,4.41,169457473,744812000
2020-02-28,4.28,4.35,4.16,4.16,260306946,1104330600
2020-03-02,4.15,4.34,4.15,4.3,190485086,808677900
2020-03-03,4.35,4.41,4.28,4.3,170989183,743489500
2020-03-04,4.4,4.43,4.27,4.33,246941406,1070946900
2020-03-05,4.3,4.37,4.3,4.35,190491581,825623700
2020-03-06,4.4,4.42,4.35,4.38,245260315,1076871700
2020-03-09,4.38,4.38,4.06,4.08,415442811,1732497700
2020-03-10,3.96,4.07,3.92,4.04,361726473,1451419100
2020-03-11,4.05,4.11,4.02,4.02,223741044,909501900
2020-03-12,3.91,3.95,3.86,3.92,221317398,864047700
2020-03-13,3.64,3.89,3.55,3.84,318814188,1188724200
2020-03-16,3.84,3.84,3.6,3.64,253454001,944140300
2020-03-17,3.62,3.69,3.36,3.48,340711251,1187974500
2020-03-18,3.53,3.58,3.4,3.41,242283744,848489200
2020-03-19,3.3,3.38,3.27,3.36,306868416,1022614500
2020-03-20,3.4,3.49,3.33,3.46,225092925,764617200
2020-03-23,3.37,3.54,3.33,3.46,315355988,1092837300
2020-03-24,3.72,3.8,3.61,3.74,542024272,2008946600
2020-03-25,3.9,3.91,3.78,3.8,367117012,1412171400
2020-03-26,3.73,3.85,3.69,3.77,246570302,931203400
2020-03-27,3.79,3.83,3.77,3.79,201100657,765439700
2020-03-30,3.71,3.78,3.67,3.69,176598747,655541700
2020-03-31,3.69,3.73,3.66,3.69,135420854,500844900
2020-04-01,3.64,3.73,3.6,3.73,175852865,643599400
2020-04-02,3.66,3.7,3.63,3.7,168837319,618002700
2020-04-03,3.7,3.8,3.69,3.7,210445660,785735000
2020-04-07,3.82,4.02,3.79,3.97,426568703,1674276500
2020-04-08,3.9,3.99,3.88,3.95,185435271,730549700
2020-04-09,3.95,3.98,3.91,3.95,152568999,599543500
2020-04-10,4.09,4.1,3.95,3.97,288564084,1154769400
2020-04-13,3.96,4.05,3.94,4,146092977,581531300
2020-04-14,4.1,4.36,4.06,4.28,503774392,2129995300
2020-04-15,4.26,4.35,4.22,4.26,271626614,1161664900
2020-04-16,4.2,4.25,4.14,4.25,273389790,1143408200
2020-04-17,4.17,4.2,4.08,4.13,272941414,1128015700
2020-04-20,4.08,4.17,4.04,4.14,171816787,707600000
2020-04-21,4.12,4.16,4.03,4.09,159913476,653477700
2020-04-22,4.05,4.09,4.02,4.06,156436189,634118400
2020-04-23,4.16,4.21,4.1,4.15,264954481,1100114900
2020-04-24,4.13,4.25,4.11,4.23,296695090,1246241600
2020-04-27,3.95,4,3.81,3.84,588580643,2299444400
2020-04-28,3.84,3.98,3.76,3.97,392069148,1524562800
2020-04-29,3.97,4,3.89,3.92,139861213,550700500
2020-04-30,3.93,3.95,3.86,3.91,182031895,710735900
2020-05-06,3.92,3.98,3.9,3.96,149217826,589983400
2020-05-07,3.93,4.03,3.91,3.95,152442431,604005300
2020-05-08,4.03,4.05,3.97,4.01,148640409,594129200
2020-05-11,3.99,4.02,3.94,3.95,129290571,514066300
2020-05-12,3.93,3.94,3.86,3.88,161932416,630416300
2020-05-13,3.88,3.9,3.85,3.88,108110906,418541500
2020-05-14,3.89,3.9,3.8,3.83,132539659,508209900
2020-05-15,3.87,3.96,3.85,3.94,211454554,828352200
2020-05-18,4.03,4.19,3.99,4.14,370651359,1525032600
2020-05-19,4.08,4.11,4,4.02,208508107,846906500
2020-05-20,4.09,4.16,4.05,4.12,187880102,773737600
2020-05-21,4.11,4.15,4.01,4.03,145381960,591210000
2020-05-22,4.02,4.02,3.88,3.92,155083436,609120500
2020-05-25,3.89,3.89,3.81,3.84,141222959,543110500
2020-05-26,3.87,3.92,3.85,3.88,114431254,444171800
2020-05-27,3.83,3.84,3.78,3.8,155699736,591922200
2020-05-28,3.82,3.86,3.79,3.83,142375582,544209500
2020-05-29,3.8,3.82,3.75,3.78,148432424,560952500
2020-06-01,3.81,3.91,3.8,3.89,204161218,786524900
2020-06-02,3.89,3.92,3.84,3.88,140908222,546551400
2020-06-03,3.88,3.98,3.86,3.93,181300723,712210000
2020-06-04,3.88,3.9,3.84,3.85,153906963,593820800
2020-06-05,3.87,3.87,3.81,3.82,122956377,470869000
2020-06-08,3.87,4.03,3.87,4.01,358920554,1424201300
2020-06-09,4.03,4.06,3.99,4.04,176534926,709716300
2020-06-10,4.1,4.12,3.98,4.01,134188940,539774500
2020-06-11,4.08,4.14,4.03,4.05,204945094,837059200
2020-06-12,3.93,4,3.91,3.97,156647213,621241300
2020-06-15,3.97,4,3.91,3.91,138581732,545708200
2020-06-16,3.93,4.02,3.92,4,153538189,609292800
2020-06-17,3.98,4.03,3.94,4.03,164785221,657553400
2020-06-18,4.05,4.18,3.99,4.15,315164328,1295909900
2020-06-19,4.15,4.2,4.11,4.16,203306269,844352900
2020-06-22,4.21,4.34,4.2,4.25,283332700,1210457700
2020-06-23,4.28,4.31,4.21,4.24,145361538,618116900
2020-06-24,4.33,4.41,4.32,4.38,240447058,1051518900
2020-06-29,4.37,4.44,4.3,4.37,191705099,836245700
2020-06-30,4.37,4.42,4.31,4.4,159963505,697737600
2020-07-01,4.47,4.7,4.47,4.59,336231585,1543257500
2020-07-02,4.51,4.65,4.51,4.62,272079411,1252357800
2020-07-03,4.6,4.79,4.58,4.75,330125513,1558853700
2020-07-06,4.77,5.13,4.77,5.11,525666214,2642327800
2020-07-07,5.2,5.45,5.12,5.13,463256282,2435377400
2020-07-08,5.16,5.6,5.14,5.58,565314765,3057825700
2020-07-09,5.65,6.14,5.65,6.14,690230769,4116056300
2020-07-10,6,6,5.64,5.66,623383160,3614792100
2020-07-13,5.83,6.07,5.81,6,576155693,3431960900
2020-07-14,5.78,5.95,5.7,5.82,426061465,2469490600
2020-07-15,5.85,5.94,5.6,5.65,368158621,2111417800
2020-07-16,5.58,5.78,5.4,5.44,308009085,1726210100
2020-07-17,5.3,5.44,5.21,5.35,243140716,1299330900
2020-07-20,5.46,5.62,5.42,5.61,380512078,2110951000
2020-07-21,5.71,5.78,5.6,5.68,298565081,1701371300
2020-07-22,6.01,6.08,5.82,5.85,383973288,2275999100
2020-07-23,5.93,5.95,5.62,5.82,305906632,1772895800
2020-07-24,5.78,5.87,5.54,5.63,359066869,2047695700
2020-07-27,5.77,6.04,5.69,6.02,581687445,3458036700
2020-07-28,6.23,6.3,5.7,5.76,641076131,3836954500
2020-07-29,5.76,5.79,5.58,5.74,419692243,2381905000
2020-07-30,5.77,5.86,5.63,5.65,294110303,1681310700
2020-07-31,5.7,5.85,5.63,5.85,349910752,2013444100
2020-08-03,5.8,5.88,5.71,5.84,300128601,1741028400
2020-08-04,5.83,5.95,5.76,5.79,285044601,1660603500
2020-08-05,5.97,6.05,5.82,6.04,471020397,2803206800
2020-08-06,6.09,6.6,6.08,6.57,718268728,4625913000
2020-08-07,6.57,6.98,6.51,6.64,728252315,4919137300
2020-08-10,6.37,6.43,6.2,6.33,408542646,2572469600
2020-08-11,6.2,6.35,6,6.03,398065552,2455260300
2020-08-12,5.59,5.76,5.44,5.7,596546485,3334005300
2020-08-13,5.71,5.77,5.6,5.72,197710106,1125242600
2020-08-14,5.74,5.92,5.7,5.78,181252163,1051840700
2020-08-17,5.75,6.16,5.69,6.11,317021993,1886070300
2020-08-18,6.27,6.41,6.18,6.36,305112729,1926947600
2020-08-19,6.36,6.52,6.28,6.5,452817743,2904487800
2020-08-20,6.19,6.55,6.1,6.32,355196078,2238850100
2020-08-21,6.33,6.4,6.16,6.2,208846031,1305123800
2020-08-24,6.3,6.8,6.26,6.7,492134402,3233027200
2020-08-25,6.76,6.76,6.34,6.6,368169777,2400064600
2020-08-26,6.53,6.72,6.43,6.53,264105493,1732649900
2020-08-27,6.66,6.71,6.42,6.48,186834777,1223716700
2020-08-28,6.45,6.69,6.29,6.65,259636921,1694238200
2020-08-31,6.77,7.32,6.76,7.19,746287393,5352225200
2020-09-01,7.2,7.49,7.15,7.34,444801357,3253480600
2020-09-02,7.25,7.31,7.02,7.13,346897511,2474034100
2020-09-03,7.01,7.25,6.95,7.06,270134571,1923632800
2020-09-04,6.92,7.19,6.91,7,223535260,1573107100
2020-09-07,7.1,7.43,6.97,7.09,350756184,2530520500
2020-09-08,6.99,7.12,6.71,7.04,305837177,2109194400
2020-09-09,6.84,6.99,6.71,6.73,233008778,1585961900
2020-09-10,6.9,7.17,6.83,6.98,343475741,2407420900
2020-09-11,6.9,6.96,6.73,6.91,214292288,1466902500
2020-09-14,7,7.24,6.85,7.14,286499184,2031960300
2020-09-15,7.2,7.28,7.11,7.17,237318149,1704384200
2020-09-16,7.05,7.14,6.92,7.04,168620765,1184866900
2020-09-17,6.98,6.99,6.74,6.8,233631054,1594086200
2020-09-18,6.86,7.05,6.82,7.03,220922464,1533430200
2020-09-21,7.02,7.11,6.83,6.87,198003684,1377199200
2020-09-22,6.6,6.77,6.51,6.56,281916503,1871226400
2020-09-23,6.58,6.63,6.38,6.45,256802497,1660748400
2020-09-24,6.28,6.3,6,6.02,394361753,2413826200
2020-09-25,6.13,6.24,6.1,6.2,220718804,1363147800
2020-09-28,6.22,6.28,6.09,6.19,155839487,966583400
2020-09-29,6.32,6.42,6.16,6.19,208115087,1300959900
2020-09-30,6.25,6.29,6.07,6.15,160117715,988075400
2020-10-09,6.25,6.28,6.15,6.22,255638892,1588025400
2020-10-12,6.24,6.59,6.24,6.58,283980140,1845566100
2020-10-13,6.54,6.6,6.42,6.58,143854706,938112500
2020-10-14,6.41,6.54,6.37,6.49,126964096,820486600
2020-10-15,6.51,6.67,6.49,6.56,132363029,871390700
2020-10-16,6.7,6.82,6.56,6.59,164105665,1094957700
2020-10-19,6.6,6.71,6.48,6.68,146237282,970043000
2020-10-20,6.71,6.82,6.57,6.75,181648607,1221324000
2020-10-21,6.88,7.04,6.88,6.97,250975220,1747918600
2020-10-22,6.99,7,6.86,6.96,132248568,915540100
2020-10-23,6.87,7.03,6.86,6.91,123050431,854363400
2020-10-26,6.91,7.07,6.77,7.04,187101086,1301961100
2020-10-27,7,7.1,6.98,7.07,125888167,885737500
2020-10-28,7.05,7.23,7,7.16,165674101,1180890700
2020-10-29,6.95,7.08,6.88,7.01,150836485,1056418000
2020-10-30,7.04,7.28,6.95,6.99,196605879,1391936700
2020-11-02,7.07,7.22,7,7.19,202034380,1447781700
2020-11-03,7.26,7.89,7.22,7.65,416717738,3170877800
2020-11-04,7.65,7.73,7.51,7.67,198735271,1518356000
2020-11-05,7.74,7.8,7.51,7.66,220684641,1687147400
2020-11-06,7.85,8.03,7.76,7.9,318343976,2518923500
2020-11-09,8.02,8.17,7.95,8.13,293704261,2374099300
2020-11-10,7.75,7.86,7.61,7.7,389531053,3017574700
2020-11-11,7.68,7.75,7.5,7.53,223126301,1695610300
2020-11-12,7.47,7.72,7.34,7.67,248024070,1876190300
2020-11-13,7.7,7.77,7.52,7.64,155571312,1189078800
2020-11-16,7.78,8.3,7.78,8.19,402642361,3255892300
2020-11-17,8.19,8.41,8.11,8.21,289942155,2389264100
2020-11-18,8.16,8.86,8.15,8.42,467088237,3978854100
2020-11-19,8.35,8.43,8.11,8.38,233169686,1929711800
2020-11-20,8.34,8.98,8.3,8.98,341594872,2976508100
2020-11-23,9.16,9.43,8.82,9.16,490866558,4501613900
2020-11-24,8.89,9.16,8.81,9.15,368028905,3304259900
2020-11-25,9.12,9.4,8.6,8.62,527469520,4694577300
2020-11-26,8.62,8.86,8.58,8.86,296723124,2592404200
2020-11-27,9,9.1,8.68,8.95,258483274,2294451400
2020-11-30,8.91,9.47,8.82,9.29,430307415,3983057700
2020-12-01,9.13,9.39,9.05,9.39,260739041,2408544800
2020-12-02,9.55,9.7,9.2,9.35,330162869,3118879100
2020-12-03,9.22,9.29,8.77,8.86,377381819,3377235800
2020-12-04,8.88,9.15,8.75,9.13,267796859,2408572000
2020-12-07,9.07,9.18,8.71,8.81,264861178,2348355300
2020-12-08,8.91,9.13,8.8,8.91,285706859,2557945100
2020-12-09,8.92,9.05,8.68,8.71,234836436,2066947600
2020-12-10,8.51,8.6,8.2,8.55,297764691,2506753000
2020-12-11,8.81,8.84,8.29,8.43,285486338,2443012600
2020-12-14,8.3,8.57,8.2,8.51,191295595,1611031500
2020-12-15,8.42,8.45,8.11,8.33,285011727,2347146700
2020-12-16,8.43,8.5,8.19,8.38,195560638,1632712300
2020-12-17,8.41,8.83,8.38,8.83,359553628,3111877700
2020-12-18,8.95,9.33,8.92,9.19,374924512,3428916900
2020-12-21,9.33,9.48,9.16,9.39,280066575,2615269500
2020-12-22,9.18,9.23,8.71,8.75,391525607,3516910200
2020-12-23,8.67,8.85,8.52,8.77,249846668,2175904500
2020-12-24,8.82,9.07,8.82,8.91,200987038,1799389700
2020-12-25,8.93,9.3,8.71,9.27,273356914,2487214500
2020-12-28,9.37,9.65,9.35,9.44,321029010,3055390700
2020-12-29,9.51,9.55,9.1,9.1,244064436,2254838100
2020-12-30,9.09,9.36,8.99,9.27,245102232,2258500600
2020-12-31,9.32,9.43,9.16,9.29,243889964,2267849800
2021-01-04,9.42,10.17,9.38,10.04,445168334,4361922800
2021-01-05,10.09,10.25,9.85,10.21,362738182,3659225100
2021-01-06,10.45,10.79,10.31,10.5,382786005,4029758000
2021-01-07,10.43,11.32,10.38,11.18,447954121,4908867000
2021-01-08,11.4,11.52,10.9,11.35,389430578,4344575300
2021-01-11,10.9,11.12,10.5,10.67,471688810,5095583000
2021-01-12,10.3,10.9,10.23,10.9,330386249,3497531100
2021-01-13,10.92,11.56,10.51,10.68,446550141,4931502100
2021-01-14,10.62,10.72,10.31,10.43,248924015,2614963300
2021-01-15,10.59,10.88,10.24,10.56,265911595,2800597200
2021-01-18,10.3,10.71,9.93,10.69,297687279,3080365300
2021-01-19,10.55,10.74,10.14,10.28,241515575,2515421400
2021-01-20,10.28,10.66,10.28,10.56,207543682,2181268600
2021-01-21,10.7,11.15,10.62,10.97,327400497,3571286800
2021-01-22,10.87,10.99,10.66,10.83,209061346,2266390400
2021-01-25,10.84,11.34,10.72,11.05,302129487,3350993000
2021-01-26,11,11,10.51,10.74,268877460,2893638800
2021-01-27,10.79,10.92,10.15,10.42,264593333,2751539500
2021-01-28,10,10.21,9.6,9.68,351893779,3475714700
2021-01-29,9.9,10,9.31,9.6,277139966,2676524800
2021-02-01,9.94,10.48,9.82,10.44,355225241,3610966800
2021-02-02,10.48,10.89,10.33,10.8,280799953,2988213500
2021-02-03,10.59,10.76,10.25,10.49,281468916,2949954700
2021-02-04,10.5,10.56,10.03,10.15,186606141,1910565300
2021-02-05,9.99,10.34,9.73,9.8,263340422,2621783100
2021-02-08,10.1,10.65,10.06,10.59,302447965,3151110600
2021-02-09,10.98,11.35,10.78,11.34,347099978,3868479600
2021-02-10,11.47,12.28,11.43,12.08,426762333,5065308200
2021-02-18,13.29,13.29,13.29,13.29,81753772,1086507600
2021-02-19,13.67,14.11,12.89,13.64,1008802428,1.37564315e+10
2021-02-22,14.46,15,14.32,14.63,1031889097,1.52254071e+10
2021-02-23,14.1,14.54,13.77,13.85,717283182,1.01551951e+10
2021-02-24,13.95,14.27,12.55,13.1,763929157,1.02068632e+10
2021-02-25,13.65,13.74,12.88,12.98,546806680,7290211700
2021-02-26,12.19,12.56,11.98,12.19,636144899,7798379200
2021-03-01,12.22,12.4,11.76,12.32,531899042,6448600400
2021-03-02,12.1,12.1,11.55,11.75,495700045,5849304600
2021-03-03,11.96,12.35,11.8,12.32,522198987,6320032300
2021-03-04,11.93,12.03,11.2,11.45,603698524,7008365500
2021-03-05,10.78,11.13,10.6,11,532956769,5798586700
2021-03-08,11.33,11.4,10.59,10.67,418196496,4602169100
2021-03-09,10.7,11.07,10.01,10.71,505206086,5344246000
2021-03-10,10.79,10.8,10.35,10.49,296477778,3119352200
2021-03-11,10.65,11.54,10.54,11.54,572997920,6359017100
2021-03-12,11.71,11.77,11.06,11.35,460870190,5259841300
2021-03-15,11.3,11.64,10.97,11.25,418274407,4730861400
2021-03-16,11.28,11.3,10.75,11.11,305393454,3362528000
2021-03-17,10.8,11.11,10.66,11.09,244471019,2672406900
2021-03-18,11.4,11.57,11.15,11.18,302583470,3428045800
2021-03-19,10.82,11.03,10.69,10.83,360642231,3899339100
2021-03-22,10.75,10.84,10.41,10.66,311295886,3300885500
2021-03-23,10.78,10.84,10,10.13,437961717,4499471600
2021-03-24,9.9,10.03,9.3,9.36,573323238,5474910200
2021-03-25,9.45,9.79,9.41,9.56,397265845,3817736500
2021-03-26,9.6,10.02,9.52,9.91,408898174,3995803000
2021-03-29,9.92,10,9.65,9.93,295006009,2907970600
2021-03-30,9.81,10.16,9.68,9.93,296079312,2938037300
2021-03-31,9.81,9.83,9.45,9.62,341747840,3274537400
2021-04-01,9.72,9.82,9.61,9.74,230815665,2240304700
2021-04-02,9.85,10.14,9.82,10.13,395349729,3962425800
2021-04-06,10.35,10.44,10.13,10.15,306084879,3141800000
2021-04-07,10.25,10.29,9.9,10.24,253068408,2555155700
2021-04-08,10.2,10.68,10.07,10.53,409922288,4297622200
2021-04-09,10.59,10.62,10.25,10.29,227726836,2361921500
2021-04-12,10.17,10.17,9.6,9.68,382576974,3746359600
2021-04-13,9.59,9.83,9.51,9.7,215462208,2092158700
2021-04-14,9.72,9.97,9.72,9.93,222354597,2196394000
2021-04-15,10.1,10.24,9.8,10.21,283596684,2851263100
2021-04-16,10.57,10.69,10.2,10.23,411957771,4305401900
2021-04-19,10.24,10.65,9.98,10.65,399896657,4173023400
2021-04-20,10.5,10.86,10.46,10.74,375163753,4012678400
2021-04-21,10.5,10.66,10.35,10.55,240994349,2536689700
2021-04-22,10.66,10.83,10.52,10.6,258894772,2766959300
2021-04-23,10.56,10.82,10.41,10.78,285518030,3056599800
2021-04-26,11.03,11.4,10.93,11.15,486226806,5443923900
2021-04-27,11.32,11.54,11.01,11.29,490881815,5550831100
2021-04-28,11.02,11.23,10.85,11.09,299160540,3308172900
2021-04-29,11.31,11.48,11.16,11.36,352853729,3995319700
2021-04-30,11.2,11.41,10.85,11.03,369975095,4087299500
2021-05-06,11.56,11.97,11.41,11.54,498383283,5803831800
2021-05-07,11.97,12.09,11.84,11.92,501563280,5992351500
2021-05-10,12.35,12.5,12.13,12.35,577791600,7112689400
2021-05-11,11.9,11.9,11.31,11.58,533978719,6190222600
2021-05-12,11.5,11.78,11.41,11.75,267046039,3109739700
2021-05-13,11.26,11.41,11,11.08,401687366,4482547600
2021-05-14,11.01,11.12,10.7,11.06,359966291,3923947700
2021-05-17,11.12,11.5,11,11.45,382905376,4320022500
2021-05-18,11.74,11.88,11.59,11.73,293717678,3452682300
2021-05-19,11.57,11.57,11.32,11.42,260692258,2972228900
2021-05-20,10.9,11.1,10.6,10.93,440449026,4757953600
2021-05-21,10.8,11.03,10.67,10.82,273640503,2962046100
2021-05-24,10.56,10.76,10.49,10.62,261063789,2769535500
2021-05-25,10.69,11.01,10.55,10.93,309188927,3349195400
2021-05-26,10.93,11.19,10.88,11.06,264624958,2921685300
2021-05-27,11.19,11.24,10.96,11.14,235782674,2619503600
2021-05-28,11.44,11.51,11.19,11.19,284479219,3228782000
2021-05-31,11.29,11.38,11.09,11.23,274209233,3077621800
2021-06-01,11.15,11.44,11.07,11.44,299210052,3371369900
2021-06-02,11.3,11.4,11.15,11.18,241051336,2711209500
2021-06-03,11.14,11.27,11,11,264730027,2946459100
2021-06-04,10.51,10.97,10.39,10.84,402898084,4289951100
2021-06-07,10.87,11.32,10.85,11.17,332356303,3695016900
2021-06-08,11.29,11.35,10.99,11.06,261484316,2907604400
2021-06-09,11.2,11.2,10.91,11.08,207377190,2297181000
2021-06-10,11.1,11.24,11.05,11.07,216082902,2404639000
2021-06-11,11.12,11.27,10.81,11,418514473,4630407500
2021-06-15,10.88,10.9,10.4,10.47,460805360,4871405700
2021-06-16,10.27,10.39,9.9,9.94,416736937,4188211900
2021-06-17,9.78,10.07,9.73,9.87,251847790,2496063000
2021-06-18,9.53,9.84,9.38,9.77,398962485,3841538900
2021-06-21,9.64,9.85,9.57,9.76,243546360,2368894200
2021-06-22,9.86,9.89,9.71,9.78,227173133,2227761300
2021-06-23,9.83,9.84,9.69,9.78,235780723,2305475500
2021-06-24,9.83,9.87,9.62,9.73,207415719,2021424300
2021-06-25,9.75,10.17,9.75,10.15,371821159,3740231200
2021-06-28,10.15,10.15,9.92,9.97,239332470,2387798300
2021-06-29,9.93,9.93,9.57,9.65,287644324,2789464400
2021-06-30,9.64,9.75,9.52,9.69,141339080,1365157000
2021-07-01,9.74,9.79,9.61,9.79,159486111,1552823700
2021-07-02,9.88,10.09,9.79,9.84,302368934,3000273000
2021-07-05,9.85,10.08,9.84,10.03,298247140,2972403600
2021-07-06,10.11,10.15,9.9,10.04,245210281,2449466600
2021-07-07,9.83,10.07,9.76,9.99,244861197,2428009600
2021-07-08,10.07,10.09,9.68,9.73,307122595,3018272400
2021-07-09,9.63,10.23,9.55,10.14,524989988,5251637900
2021-07-12,10.48,10.7,10.28,10.38,515750925,5402079000
2021-07-13,10.3,10.5,10.03,10.15,287840304,2929502100
2021-07-14,10.03,10.03,9.78,9.82,303091650,2985594500
2021-07-15,9.84,10.04,9.65,10.03,299806669,2956474100
2021-07-16,10,10.2,9.88,10,271506595,2723085400
2021-07-19,9.92,10.05,9.85,9.97,255394747,2543088600
2021-07-20,9.77,9.78,9.62,9.72,274588410,2662218200
2021-07-21,9.75,9.84,9.65,9.82,293460791,2855218700
2021-07-22,9.77,10.1,9.7,10.03,374177416,3721218700
2021-07-23,10.03,10.38,10,10.13,438245056,4475502600
2021-07-26,10.35,10.45,9.95,10.18,465878176,4768601800
2021-07-27,10.52,11.13,10.47,10.64,927630611,1.00552511e+10
2021-07-28,10.51,10.6,9.91,10.02,551300378,5580639800
2021-07-29,10.18,10.3,9.92,10.24,392959031,3977584200
2021-07-30,10.24,10.4,10.09,10.25,291420836,2975393500
2021-08-02,10.38,11,10.16,10.81,583619321,6142871800
2021-08-03,10.76,10.77,10.33,10.41,410342436,4302764800
2021-08-04,10.42,10.59,10.22,10.53,357410281,3741822000
2021-08-05,10.33,10.42,10.16,10.28,342679855,3516739900
2021-08-06,10.23,10.76,10.23,10.68,500137050,5287101600
2021-08-09,10.3,10.92,10.21,10.69,409476207,4315411800
2021-08-10,10.56,10.68,10.4,10.55,294265239,3092572700
2021-08-11,10.65,10.82,10.48,10.59,337027616,3585872900
2021-08-12,10.62,11.15,10.51,11.01,664056035,7270785700
2021-08-13,10.9,11.34,10.78,11.29,507957551,5629514700
2021-08-16,11.44,11.84,11.15,11.17,539013208,6196314500
2021-08-17,11.07,11.44,10.78,10.95,448247902,4984103000
2021-08-18,10.79,10.98,10.6,10.91,359915560,3882209100
2021-08-19,10.62,10.65,10.11,10.34,591193039,6139845400
2021-08-20,10.13,10.14,9.9,10.04,414310593,4130780300
2021-08-23,10.13,10.25,10.02,10.14,296510671,3003175800
2021-08-24,10.25,10.43,10.21,10.32,304859940,3155299800
2021-08-25,10.32,10.62,10.13,10.52,345752579,3596037300
2021-08-26,10.43,10.67,10.37,10.39,295880005,3102328400
2021-08-27,10.31,10.5,10.28,10.45,278706510,2891161500
2021-08-30,10.66,11.02,10.53,10.89,536410939,5806055600
2021-08-31,10.8,11.11,10.65,11.11,482796488,5295000200
2021-09-01,11.12,11.24,10.57,10.69,476200779,5160104200
2021-09-02,10.59,11.04,10.55,10.9,371841826,4030435700
2021-09-03,11.02,11.42,10.94,11.07,478081033,5339696200
2021-09-06,11.22,11.28,10.76,10.95,382571996,4171886200
2021-09-07,10.96,11.09,10.82,10.98,355052665,3899936600
2021-09-08,10.91,11.04,10.68,10.85,423473734,4593585400
2021-09-09,10.77,11.57,10.73,11.43,791356844,8926994900
2021-09-10,11.42,12.45,11.38,11.97,920206631,1.10558758e+10
2021-09-13,12.28,12.68,12.13,12.39,720541125,8918540800
2021-09-14,12.1,12.22,11.67,11.72,572338177,6827189300
2021-09-15,11.6,11.67,11.31,11.52,356747852,4099964600
2021-09-16,11.7,11.83,11.1,11.11,390504094,4448110300
2021-09-17,10.82,11.07,10.59,10.81,374819442,4042139000
2021-09-22,10.5,10.73,10.43,10.71,276147424,2914656700
2021-09-23,10.79,10.85,10.52,10.58,273484167,2909217700
2021-09-24,10.52,10.63,10.31,10.34,290751157,3030210100
2021-09-27,10.33,10.37,10.01,10.13,291327184,2958240200
2021-09-28,10.14,10.36,10.09,10.22,192161870,1963186300
2021-09-29,10.1,10.15,9.91,10.02,224656525,2250109500
2021-09-30,10,10.1,9.98,10.09,123459769,1241545900
2021-10-08,10.26,10.3,10.06,10.26,151931425,1549243800
2021-10-11,10.73,11.2,10.62,11.04,555733353,6096616500
2021-10-12,10.98,10.98,10.53,10.82,316027963,3385255600
2021-10-13,10.71,10.78,10.56,10.71,146895461,1569183300
2021-10-14,11,11.34,11,11.13,384859988,4295788200
2021-10-15,11.2,11.95,11.2,11.46,514937212,5955272600
2021-10-18,11.7,11.8,11.18,11.56,529088371,6067538600
2021-10-19,11.4,11.88,11.27,11.8,410110318,4778513000
2021-10-20,11.38,11.46,11.16,11.32,428670646,4855264700
2021-10-21,11.43,11.58,11.25,11.34,284046659,3241488100
2021-10-22,11.1,11.24,10.9,11.12,305697608,3394327500
2021-10-25,11.12,11.27,10.88,11.16,194366975,2158677600
2021-10-26,11.26,11.47,11.11,11.31,224968726,2534819400
2021-10-27,11.2,11.26,10.84,10.89,276186245,3037153300
2021-10-28,10.7,10.82,10.37,10.51,286533283,3022389800
2021-10-29,10.59,10.64,10.37,10.46,208885775,2186745500
2021-11-01,10.37,10.56,10.28,10.48,210225343,2191801800
2021-11-02,10.47,10.52,10.05,10.23,315797374,3242283800
2021-11-03,10.23,10.26,10.08,10.2,231626822,2351302300
2021-11-04,10.21,10.26,10.12,10.26,188213934,1919555800
2021-11-05,10.17,10.25,10.15,10.18,150868038,1536473000
2021-11-08,10.3,10.64,10.3,10.51,291238974,3056813900
2021-11-09,10.6,10.65,10.41,10.56,165074576,1734037600
2021-11-10,10.54,10.58,10.35,10.55,168884883,1764772500
2021-11-11,10.5,10.73,10.5,10.69,200024833,2121113400
2021-11-12,10.76,10.95,10.73,10.74,178949092,1932810500
2021-11-15,10.75,10.9,10.5,10.56,160909699,1711734300
2021-11-16,10.57,10.61,10.32,10.36,163075827,1699260800
2021-11-17,10.31,10.44,10.28,10.42,103452801,1074399000
2021-11-18,10.32,10.44,10.32,10.36,135204181,1402017900
2021-11-19,10.36,10.45,10.24,10.43,165884255,1715728700
2021-11-22,10.44,10.56,10.37,10.54,155700446,1633281000
2021-11-23,10.5,10.68,10.46,10.58,163768165,1732241800
2021-11-24,10.6,10.62,10.36,10.44,155171133,1620450500
2021-11-25,10.48,10.57,10.34,10.53,147353124,1543611100
2021-11-26,10.44,10.46,10.33,10.36,136933219,1421666900
2021-11-29,10.2,10.44,10.08,10.25,196592099,2012578700
2021-11-30,10.27,10.32,10.13,10.15,164771599,1679330400
2021-12-01,10.09,10.17,10,10.14,173396555,1747896500
2021-12-02,10.09,10.14,10.01,10.04,171598087,1723933900
2021-12-03,10.05,10.12,9.97,10.12,180795611,1814987000
2021-12-06,10.12,10.26,10.06,10.17,165710038,1687485500
2021-12-07,10.26,10.28,10.16,10.25,154853258,1583273600
2021-12-08,10.34,10.34,10.25,10.3,149696872,1540960300
2021-12-09,10.34,10.39,10.28,10.36,179496338,1856700700
2021-12-10,10.31,10.32,10.16,10.26,152268622,1558863200
2021-12-13,10.28,10.49,10.25,10.38,225459238,2337278100
2021-12-14,10.3,10.32,10.1,10.14,201746051,2054070200
2021-12-15,10.11,10.12,10.03,10.05,153263643,1541102600
2021-12-16,10.05,10.14,10,10.11,154927165,1559941300
2021-12-17,10.18,10.33,10.16,10.17,184007620,1882848100
2021-12-20,10.02,10.12,9.92,9.96,234661098,2346452600
2021-12-21,9.94,10.01,9.92,9.99,81491132,812875100
2021-12-22,9.99,10.04,9.94,9.97,100050658,997061400
2021-12-23,10,10.08,9.96,10.03,108666698,1088696100
2021-12-24,10.03,10.03,9.63,9.69,229753578,2242390500
2021-12-27,9.76,9.76,9.54,9.58,130990345,1261772200
2021-12-28,9.62,9.74,9.56,9.71,127947316,1234969600
2021-12-29,9.7,9.72,9.58,9.62,105092586,1011289600
2021-12-30,9.65,9.74,9.59,9.64,90555018,874786700
2021-12-31,9.67,9.73,9.62,9.7,80544673,780543400
2022-01-04,9.7,9.86,9.62,9.82,151937844,1476678500
2022-01-05,9.8,9.86,9.72,9.77,117856607,1154269000
2022-01-06,9.71,9.81,9.65,9.67,112224349,1087737400
2022-01-07,9.65,9.66,9.3,9.37,288598392,2723652200
2022-01-10,9.37,9.43,9.31,9.4,130256364,1221940900
2022-01-11,9.42,9.49,9.38,9.43,107029977,1010333200
2022-01-12,9.49,10.09,9.49,10.01,438182879,4321975000
2022-01-13,10.23,10.46,10.05,10.06,389068325,3989473600
2022-01-14,10,10.01,9.78,9.82,195308862,1923461400
2022-01-17,9.85,9.86,9.58,9.68,197777488,1917765100
2022-01-18,9.75,10.09,9.67,9.94,247705199,2462070700
2022-01-19,9.95,10.01,9.83,9.89,159293183,1576770300
2022-01-20,10.08,10.21,10.05,10.12,278928961,2827346300
2022-01-21,10.13,10.35,9.97,10.27,293429745,3007898700
2022-01-24,10.13,10.3,10.11,10.29,179100403,1831281700
2022-01-25,10.19,10.45,10.1,10.11,228660124,2350208700
2022-01-26,10.2,10.27,9.98,10.18,140693969,1427162000
2022-01-27,10.2,10.2,9.9,9.91,177745272,1780717900
2022-01-28,9.88,9.99,9.61,9.76,148019030,1447213000
2022-02-07,10.03,10.28,10.02,10.25,242635817,2469767300
2022-02-08,10.28,10.35,10.13,10.35,190474875,1952559200
2022-02-09,10.41,10.89,10.37,10.78,393840766,4228453400
2022-02-10,11.02,11.41,11.02,11.21,526339373,5924627600
2022-02-11,11.27,11.62,11.05,11.06,353530343,3994054400
2022-02-14,11.06,11.24,10.97,11.06,236092175,2617562400
2022-02-15,11.13,11.15,10.76,10.9,214786908,2341801600
2022-02-16,10.83,11.03,10.77,10.93,162692641,1776274300
2022-02-17,10.94,11.32,10.92,11.27,277804598,3114061300
2022-02-18,11.34,11.34,11.08,11.23,183977329,2058938300
2022-02-21,11.14,11.38,11.04,11.12,154311223,1722703600
2022-02-22,11.17,11.26,10.96,11.2,191084683,2125847400
2022-02-23,11.11,11.14,10.83,10.92,260732359,2840347900
2022-02-24,10.88,11.29,10.84,11,437359798,4846879700
2022-02-25,10.89,11.17,10.65,10.95,284296426,3114026800
2022-02-28,11,11.28,10.85,11.22,305738563,3391277100
2022-03-01,11.23,11.26,10.97,11.15,202566146,2248499100
2022-03-02,11.36,11.52,11.31,11.4,320060319,3654721700
2022-03-03,11.52,12.09,11.52,11.87,455231453,5417605300
2022-03-04,11.81,11.97,11.52,11.58,295238175,3456283200
2022-03-07,12.01,12.17,11.73,11.83,417808495,4982781500
2022-03-08,11.44,11.79,11.1,11.41,411158632,4705712400
2022-03-09,11.48,11.6,10.82,11.27,307834281,3473775800
2022-03-10,11.01,11.14,10.77,10.98,289722721,3178442600
2022-03-11,10.89,10.98,10.65,10.98,198185486,2144011500
2022-03-14,10.75,10.85,10.44,10.45,216690517,2298407700
2022-03-15,10.07,10.14,9.52,9.55,378224164,3709245300
2022-03-16,9.7,10.15,9.32,10.12,293755904,2866381900
2022-03-17,10.3,10.49,10.15,10.3,213102023,2199430200
2022-03-18,10.36,10.69,10.24,10.63,196944613,2064937200
2022-03-21,10.82,11.06,10.55,11,235034214,2559192700
2022-03-22,10.94,11.39,10.9,11.3,254417629,2869808300
2022-03-23,11.4,11.4,11.18,11.34,170924368,1931372400
2022-03-24,11.43,11.83,11.42,11.71,267406595,3114656700
2022-03-25,11.65,11.81,11.48,11.52,201675870,2343224200
2022-03-28,11.44,11.69,11.25,11.56,192200509,2210364600
2022-03-29,11.5,11.73,11.47,11.59,139373074,1618640200
2022-03-30,11.58,11.58,11.35,11.46,179686151,2059265400
2022-03-31,11.53,11.69,11.25,11.34,148366567,1693618700
2022-04-01,11.37,11.59,11.2,11.45,131866700,1506877100
2022-04-06,11.52,11.78,11.4,11.6,137554700,1586775600
2022-04-07,11.45,11.68,11.38,11.53,123728300,1428194900
2022-04-08,11.6,12.05,11.59,11.95,323989800,3864415500
2022-04-11,12,12.02,11.48,11.68,245756200,2874313800
2022-04-12,11.7,11.79,11.43,11.68,170559300,1986767900
2022-04-13,11.78,12.74,11.73,12.53,415821400,5133714600
2022-04-14,12.61,12.91,12.42,12.74,258289400,3273347100
2022-04-15,12.43,12.86,12.08,12.13,351868100,4390283200
2022-04-18,12.1,12.2,11.88,12.02,167335400,2014499600
2022-04-19,12.2,12.36,11.91,12,225673400,2732121800
2022-04-20,11.82,12,11.4,11.44,232400700,2697329300
2022-04-21,11.36,11.48,10.91,11.01,188969200,2105839900
2022-04-22,10.9,11.45,10.71,11.33,193633000,2163813300
2022-04-25,10.88,11.1,10.53,10.62,249779200,2705158300
2022-04-26,10.62,10.66,10.09,10.24,234308600,2417806300
2022-04-27,10.18,11,10.16,10.89,292473000,3125612200
2022-04-28,10.9,10.91,10.58,10.8,158313400,1701755900
2022-04-29,10.83,11.08,10.68,11.07,229876500,2505304400
2022-05-05,10.92,10.94,10.59,10.84,247028200,2657300900
2022-05-06,10.39,10.42,10,10.07,338454100,3441823900
2022-05-09,9.97,9.99,9.66,9.8,297419600,2914075700
2022-05-10,9.5,9.65,9.26,9.63,462887300,4363358600
2022-05-11,9.51,9.96,9.36,9.8,410262300,3980280700
2022-05-12,9.6,9.74,9.4,9.53,325554000,3102432900
2022-05-13,9.49,9.57,9.33,9.53,254805200,2407824500
2022-05-16,9.58,9.7,9.5,9.7,236498900,2272664400
2022-05-17,9.78,9.98,9.7,9.97,309536300,3051618200
2022-05-18,10,10.02,9.72,9.79,234661800,2299470900
2022-05-19,9.54,9.76,9.49,9.72,170773800,1643521800
2022-05-20,9.84,10.07,9.79,10.02,303767600,3019357100
2022-05-23,10.1,10.1,9.9,10.01,208817400,2084720600
2022-05-24,10.01,10.15,9.7,9.71,249769600,2479398300
2022-05-25,9.79,9.93,9.71,9.9,187539400,1846276100
2022-05-26,9.95,9.95,9.67,9.86,191665600,1883151800
2022-05-27,9.96,10.05,9.84,9.93,201010900,2001030800
2022-05-30,9.99,10.25,9.96,10.11,265527600,2685567600
2022-05-31,10.08,10.09,9.95,10.06,176527100,1768943500
2022-06-01,10.05,10.05,9.75,9.86,249921000,2463645800
2022-06-02,9.8,9.87,9.73,9.87,144421200,1415939300
2022-06-06,9.96,10.42,9.96,10.4,433529400,4432067100
2022-06-07,10.43,10.47,10.24,10.3,219949700,2271053100
2022-06-08,10.36,10.4,10.13,10.34,236459000,2428922900
2022-06-09,10.29,10.39,10.16,10.28,179958800,1846670100
2022-06-10,9.97,10.19,9.81,10.19,229679000,2310513700
2022-06-13,10.01,10.18,10,10.12,215313200,2169588400
2022-06-14,9.9,10.01,9.66,10.01,317968400,3128768200
2022-06-15,9.96,10.14,9.88,9.98,315337400,3157966800
2022-06-16,10.06,10.08,9.87,9.9,229291700,2279252500
2022-06-17,9.8,9.92,9.75,9.88,258604100,2542694400
2022-06-20,9.8,9.8,9.5,9.59,479455200,4598758000
2022-06-21,9.58,9.58,9.35,9.43,317665200,3000754500
2022-06-22,9.45,9.49,9.21,9.25,343157300,3208317400
2022-06-23,9.2,9.3,9.16,9.3,260965300,2408480100
2022-06-24,9.15,9.25,9.11,9.2,353997900,3244753000
2022-06-27,9.2,9.45,9.14,9.29,451805700,4193503700
2022-06-28,9.29,9.37,9.19,9.36,323094000,2992813000
2022-06-29,9.29,9.33,9.16,9.2,292823400,2699892400
2022-06-30,9.3,9.38,9.26,9.33,272617200,2541356600
2022-07-01,9.33,9.54,9.23,9.47,320559500,3014432900
2022-07-04,9.4,9.41,9.29,9.36,261484300,2444003400
2022-07-05,9.36,9.43,9.3,9.35,257958900,2412338400
2022-07-06,9.17,9.18,8.97,9.04,508560200,4602822400
2022-07-07,8.99,9.15,8.89,9.04,235115000,2123322100
2022-07-08,9.17,9.17,9.05,9.07,179642400,1633880500
2022-07-11,9.15,9.15,9,9.05,199478400,1803916700
2022-07-12,9,9.04,8.92,8.92,185281300,1660716700
2022-07-13,8.85,8.85,8.7,8.75,267767200,2340864200
2022-07-14,8.71,8.76,8.58,8.62,315775500,2727699100
2022-07-15,8.52,8.62,8.36,8.37,323754100,2745245700
2022-07-18,8.44,8.87,8.4,8.87,428426600,3726491200
2022-07-19,8.87,8.87,8.68,8.74,220073400,1924439100
2022-07-20,8.78,8.84,8.73,8.79,163351400,1435042500
2022-07-21,8.71,8.78,8.65,8.67,155175800,1349429700
2022-07-22,8.72,8.79,8.58,8.67,153563500,1334206100
2022-07-25,8.67,8.78,8.67,8.71,129878200,1132469200
2022-07-26,8.74,8.92,8.71,8.91,221952300,1961061000
2022-07-27,8.88,8.89,8.76,8.81,127275000,1121337200
2022-07-28,8.94,9.15,8.92,8.97,254046300,2292741300
2022-07-29,9.06,9.07,8.9,8.93,178230300,1598540200
2022-08-01,8.94,8.95,8.78,8.84,149292000,1320113500
2022-08-02,8.73,8.73,8.51,8.6,201535000,1732095600
2022-08-03,8.56,8.7,8.47,8.49,157131400,1349487000
2022-08-04,8.54,8.62,8.47,8.55,133839600,1142769900
2022-08-05,8.64,8.85,8.62,8.82,252322200,2211241200
2022-08-08,8.8,8.81,8.69,8.72,189877400,1658915400
2022-08-09,8.73,8.83,8.68,8.79,175622500,1541435700
2022-08-10,8.8,8.98,8.8,8.84,222811100,1979075700
2022-08-11,8.88,9.03,8.86,9.03,278114800,2499603700
2022-08-12,9.06,9.2,8.96,9.19,309872800,2829691600
2022-08-15,9.2,9.32,9.01,9.04,301855500,2746398400
2022-08-16,9,9.05,8.9,9.03,181031300,1626300900
2022-08-17,9.04,9.05,8.9,9.02,148830000,1335608800
2022-08-18,8.95,8.96,8.87,8.89,146135300,1300705700
2022-08-19,8.9,8.94,8.84,8.84,130913700,1162745900
2022-08-22,8.89,9.12,8.81,9.05,221648700,1991513800
2022-08-23,9,9.05,8.93,9,134653000,1209587000
2022-08-24,9.04,9.15,8.86,8.88,187531100,1683780500
2022-08-25,8.9,9.15,8.87,9.13,313089200,2833849700
2022-08-26,9.18,9.25,9.12,9.15,249539400,2292597200
2022-08-29,9,9.04,8.91,9.02,146273100,1312418200
2022-08-30,8.99,9.02,8.86,8.9,140910400,1255657500
2022-08-31,8.82,8.91,8.76,8.8,185612000,1636196500
2022-09-01,8.75,8.75,8.65,8.65,155301200,1350126600
2022-09-02,8.62,8.65,8.5,8.52,156637000,1337387700
2022-09-05,8.52,8.6,8.46,8.59,122101200,1041474700
2022-09-06,8.62,8.85,8.61,8.84,184190400,1615313300
2022-09-07,8.8,9.01,8.76,8.94,192296900,1718685700
2022-09-08,9,9.11,8.9,9.06,299728200,2706525400
2022-09-09,9.15,9.28,9.13,9.19,314943800,2900753800
2022-09-13,9.22,9.38,9.21,9.29,296454900,2763159600
2022-09-14,9.04,9.14,9,9,228910300,2071126100
2022-09-15,9.05,9.08,8.9,8.95,167790800,1504989800
2022-09-16,8.9,8.92,8.6,8.68,263963300,2296926000
2022-09-19,8.72,8.75,8.57,8.62,128844000,1112612000
2022-09-20,8.69,8.78,8.64,8.7,109319100,951318800
2022-09-21,8.65,8.74,8.57,8.71,102311800,885932200
2022-09-22,8.61,8.75,8.59,8.65,98676700,855080800
2022-09-23,8.65,8.69,8.5,8.53,139700400,1196553900
2022-09-26,8.37,8.37,7.68,7.82,524156800,4173459500
2022-09-27,7.71,7.88,7.61,7.85,248076300,1915560700
2022-09-28,7.78,7.78,7.46,7.48,234017200,1776402200
2022-09-29,7.65,7.82,7.65,7.7,234463100,1810164300
2022-09-30,7.78,7.92,7.73,7.84,198857500,1560820500
2022-10-10,7.9,7.92,7.76,7.77,162469200,1273717100
2022-10-11,7.81,7.89,7.69,7.88,139793500,1091160100
2022-10-12,7.85,8,7.73,7.99,175211300,1381748000
2022-10-13,8,8,7.81,7.84,141275700,1111742300
2022-10-14,7.89,8.01,7.83,7.96,172754800,1369600300
2022-10-17,7.88,8.06,7.83,8.05,146074700,1163808100
2022-10-18,8.06,8.13,7.98,8,101832300,817813800
2022-10-19,8,8.07,7.91,7.92,106845800,853614100
2022-10-20,7.85,7.92,7.76,7.85,107125200,839114800
2022-10-21,7.93,8.02,7.88,7.93,136386500,1085643700
2022-10-24,8.02,8.18,7.93,7.94,265077400,2136077700
2022-10-25,7.91,8,7.74,7.9,168484000,1323691800
2022-10-26,7.9,7.99,7.86,7.94,146393700,1160710300
2022-10-27,8.1,8.37,8.07,8.23,342977100,2834782700
2022-10-28,8.16,8.29,8.07,8.1,173211800,1412906100
2022-10-31,7.99,8.03,7.8,7.92,171305100,1354289700
2022-11-01,7.95,8.2,7.88,8.2,218922800,1770733300
2022-11-02,8.22,8.33,8.13,8.26,173509400,1427937900
2022-11-03,8.12,8.2,8.06,8.14,142263600,1155433100
2022-11-04,8.14,8.44,8.11,8.36,293136400,2437913500
2022-11-07,8.77,9.2,8.77,9.09,742699600,6724140800
2022-11-08,8.92,9.19,8.86,9.06,363657700,3287347500
2022-11-09,9.35,9.53,9.28,9.29,536101700,5033796100
2022-11-10,9.18,9.27,9.03,9.15,213962700,1962404200
2022-11-11,9.9,10.05,9.75,9.92,820813100,8124031200
2022-11-14,10.04,10.07,9.76,9.97,459254400,4560365900
2022-11-15,9.85,10.02,9.72,9.92,296318900,2939302000
2022-11-16,9.93,10.03,9.83,9.99,249677200,2485077100
2022-11-17,9.89,10.01,9.62,9.77,347511500,3402574400
2022-11-18,9.72,9.78,9.6,9.64,222152900,2146534000
2022-11-21,9.45,9.45,9.19,9.42,275648600,2570803900
2022-11-22,9.4,9.69,9.4,9.53,179331300,1709668100
2022-11-23,9.59,9.75,9.53,9.55,155610100,1500526700
2022-11-24,9.7,9.8,9.65,9.74,171961000,1676111000
2022-11-25,9.66,9.9,9.65,9.79,173300100,1702461800
2022-11-28,9.6,9.62,9.41,9.58,163193800,1556102200
2022-11-29,9.6,9.91,9.56,9.87,208150700,2037945900
2022-11-30,9.83,9.89,9.74,9.83,147098100,1440760800
2022-12-01,10.2,10.4,10.14,10.3,432823800,4452177000
2022-12-02,10.32,10.39,10.07,10.11,227035800,2314858400
2022-12-05,10.23,10.56,10.14,10.45,288048200,2987498600
2022-12-06,10.28,10.49,10.26,10.41,172410500,1790673400
2022-12-07,10.35,10.4,10.18,10.27,163043100,1673195600
2022-12-08,10.27,10.43,10.23,10.32,94830300,978948900
2022-12-09,10.36,10.65,10.34,10.61,234509500,2467591500
2022-12-12,10.46,10.55,10.3,10.33,166552000,1725703600
2022-12-13,10.25,10.43,10.23,10.34,106640600,1102631000
2022-12-14,10.51,10.61,10.42,10.47,130256400,1369480500
2022-12-15,10.4,10.55,10.18,10.26,145297300,1492625700
2022-12-16,10.12,10.37,10.1,10.3,118304200,1214876700
2022-12-19,10.38,10.44,9.97,10.06,139321000,1411591500
2022-12-20,10,10.08,9.79,9.9,133898000,1329192800
2022-12-21,10.05,10.15,9.94,9.97,79063000,790609500
2022-12-22,10.15,10.17,9.98,10.01,88120500,885366800
2022-12-23,9.86,9.98,9.77,9.9,90110400,891005900
2022-12-26,9.95,9.96,9.74,9.78,112772100,1105195700
2022-12-27,9.88,10.07,9.85,10.05,115147800,1153000300
2022-12-28,10,10.01,9.88,10,82167800,818747300
2022-12-29,9.88,9.94,9.77,9.84,133667000,1316567500
2022-12-30,9.88,10.09,9.85,10,132916500,1330907400
2023-01-03,9.96,10.59,9.88,10.53,237742400,2435849200
2023-01-04,10.43,10.51,10.25,10.3,135956400,1408808700
2023-01-05,10.43,10.5,10.33,10.39,162355100,1689022700
2023-01-06,10.44,10.5,10.39,10.43,105452800,1103010300
2023-01-09,10.69,11.46,10.67,11.44,389677700,4360584300
2023-01-10,11.44,11.52,11.28,11.41,187217800,2133339100
2023-01-11,11.56,11.69,11.44,11.49,151648300,1750771200
2023-01-12,11.7,11.85,11.38,11.42,152678000,1759625000
2023-01-13,11.59,11.77,11.45,11.55,141332900,1633981200
2023-01-16,11.65,11.77,11.4,11.51,192191500,2219123900
2023-01-17,11.45,11.45,11.11,11.29,187682900,2112958800
2023-01-18,11.39,11.52,11.33,11.39,131328400,1499809700
2023-01-19,11.4,11.64,11.33,11.58,122601100,1413433200
2023-01-20,11.68,12.11,11.67,11.91,215167500,2564227700
2023-01-30,12,12,11.48,11.53,308807300,3612459500
2023-01-31,11.53,11.93,11.45,11.79,216048800,2545545800
2023-02-01,11.87,12.32,11.85,12.27,258835300,3145383500
2023-02-02,12.26,12.27,11.99,12.07,156991300,1895266900
2023-02-03,11.88,11.89,11.7,11.85,171095100,2016425600
2023-02-06,11.5,11.51,11.21,11.39,257288000,2919434100
2023-02-07,11.45,11.69,11.39,11.56,148197700,1710761800
2023-02-08,11.59,11.62,11.36,11.37,120970900,1382747200
2023-02-09,11.3,11.42,11.24,11.4,113320000,1285946100
2023-02-10,11.3,11.34,11.13,11.19,131292700,1469071700
2023-02-13,11.02,11.36,11.02,11.3,136635600,1532458300
2023-02-14,11.32,11.68,11.28,11.57,183553800,2118339600
2023-02-15,11.58,11.91,11.46,11.57,168857900,1963625900
2023-02-16,11.55,11.57,11.18,11.27,133299000,1518834200
2023-02-17,11.35,11.69,11.32,11.36,156839800,1802517600
2023-02-20,11.41,11.7,11.38,11.69,168910200,1960868900
2023-02-21,11.75,12.24,11.72,12.13,263388100,3178377300
2023-02-22,12.03,12.18,11.9,11.95,144342500,1735658700
2023-02-23,11.95,12.05,11.83,11.95,83065300,990484700
2023-02-24,11.79,11.81,11.56,11.63,162573400,1893125500
2023-02-27,11.4,11.55,11.26,11.41,135699500,1547282400
2023-02-28,11.49,11.58,11.3,11.41,106019000,1212800800
2023-03-01,11.55,12.05,11.52,11.98,192371000,2282005200
2023-03-02,12.06,12.25,11.93,12.1,162166600,1965528700
2023-03-03,12.1,12.14,11.9,11.98,99356100,1189308900
2023-03-06,12.04,12.09,11.66,11.93,128029000,1516326800
2023-03-07,11.95,12.19,11.81,11.98,196536400,2371518700
2023-03-08,11.7,11.75,11.42,11.66,157851400,1833163700
2023-03-09,11.7,11.75,11.51,11.56,96441800,1117176900
2023-03-10,11.46,11.59,11.41,11.44,93161500,1069969700
2023-03-13,11.68,12.2,11.67,12.16,250055900,3002805900
2023-03-14,12.34,12.59,12,12.03,215749200,2645455900
2023-03-15,12.02,12.03,11.81,11.82,136479100,1623018300
2023-03-16,11.6,11.71,11.36,11.39,231926600,2675243700
2023-03-17,11.49,11.69,11.32,11.46,171872500,1977050800
2023-03-20,11.73,11.9,11.67,11.8,165806700,1954092700
2023-03-21,11.8,11.89,11.62,11.82,111609500,1315342700
2023-03-22,11.71,11.9,11.65,11.74,119278000,1401494400
2023-03-23,11.82,12.18,11.74,12.14,201091300,2415200000
2023-03-24,12.2,12.2,11.97,12.01,117251500,1414079600
2023-03-27,12,12.07,11.73,11.99,123953800,1477826600
2023-03-28,11.99,12.14,11.88,12.01,107876600,1295668000
2023-03-29,12.12,12.34,11.99,12.01,109723900,1329468500
2023-03-30,12.04,12.25,11.93,12.25,150717800,1823963800
2023-03-31,12.29,12.45,12.25,12.39,158691000,1961371300
2023-04-03,12.39,12.45,12.07,12.12,168677500,2056156600
2023-04-04,12.2,12.43,12.09,12.35,155954600,1911436500
2023-04-06,12.43,13.14,12.41,13.13,294272200,3804302900
2023-04-07,12.96,13.07,12.79,12.89,138168200,1783722600
2023-04-10,12.79,13.12,12.66,12.98,116873400,1511031400
2023-04-11,12.98,13.44,12.84,13.43,225374600,2979279900
2023-04-12,13.38,13.75,13.32,13.55,185436800,2509012000
2023-04-13,13.5,13.78,13.24,13.4,158387200,2131877500
2023-04-14,13.74,13.99,13.69,13.94,210578000,2921463200
2023-04-17,13.58,14.02,13.48,13.91,163355700,2251982300
2023-04-18,13.87,14.05,13.75,13.86,123473800,1712913200
2023-04-19,13.9,14.1,13.83,13.9,115489100,1611809200
2023-04-20,13.8,13.82,13.32,13.59,205681000,2783818700
2023-04-21,13.62,13.66,13.29,13.29,129483400,1741387700
2023-04-24,13.25,13.43,12.58,12.69,244729900,3148770200
2023-04-25,12.83,13.08,12.67,12.88,181595700,2332637200
2023-04-26,12.66,12.81,12.47,12.57,169260900,2133008400
2023-04-27,12.49,13.03,12.42,12.82,177955700,2271307200
2023-04-28,12.55,12.98,12.55,12.83,145362100,1862171100
2023-05-04,13.25,13.38,12.84,12.93,211489200,2759858600
2023-05-05,13.03,13.14,12.45,12.58,187067500,2369427900
2023-05-08,12.49,12.74,12.31,12.66,147503500,1855566200
2023-05-09,12.67,12.67,12.19,12.25,171466100,2122541100
2023-05-10,12.32,12.42,12.04,12.08,124335400,1515467100
2023-05-11,12.04,12.09,11.6,11.68,186931700,2195055700
2023-05-12,11.4,11.41,10.91,10.98,338570000,3753418800
2023-05-15,10.98,11.2,10.66,11.11,235775700,2585029800
2023-05-16,11.05,11.42,11,11.25,206495600,2324659900
2023-05-17,11.04,11.2,10.93,11,130722900,1444290400
2023-05-18,11.17,11.27,11.01,11.1,138468700,1543914200
2023-05-19,10.86,11.03,10.7,10.89,205290000,2228604300
2023-05-22,10.9,11,10.81,10.9,99725400,1087424800
2023-05-23,10.88,10.94,10.67,10.67,126921900,1361389500
2023-05-24,10.62,10.83,10.51,10.69,128497800,1376146000
2023-05-25,10.62,10.62,10.38,10.52,148254200,1553157400
2023-05-26,10.45,10.87,10.39,10.8,128083400,1367316400
2023-05-29,10.82,10.88,10.71,10.8,115787500,1249777600
2023-05-30,10.79,10.87,10.61,10.71,118788500,1273962400
2023-05-31,10.75,10.87,10.61,10.69,124179500,1332813500
2023-06-01,10.73,11.23,10.68,11.05,220497800,2431831400
2023-06-02,11.17,11.62,11.17,11.59,267583900,3071509000
2023-06-05,11.41,11.41,11.14,11.28,167579100,1884615600
2023-06-06,11.38,11.65,11.34,11.39,168797900,1940115500
2023-06-07,11.46,11.6,11.36,11.4,110395800,1267421300
2023-06-08,11.28,11.57,11.16,11.52,117955000,1346032600
2023-06-09,11.69,11.88,11.52,11.71,150815100,1754620100
2023-06-12,11.59,11.62,11.38,11.55,136545800,1572107100
2023-06-13,11.49,11.62,11.42,11.6,88581300,1021045500
2023-06-14,11.7,12,11.7,11.88,196690300,2340740600
2023-06-15,11.68,11.84,11.42,11.8,145484400,1697224200
2023-06-16,11.85,12.28,11.84,12.03,180454200,2181097700
2023-06-19,12.03,12.08,11.71,11.81,148234700,1748223900
2023-06-20,11.79,11.86,11.59,11.76,92657200,1089373400
2023-06-21,11.6,11.85,11.54,11.57,84114400,983109000
2023-06-26,11.52,11.65,11.43,11.49,79180100,912614600
2023-06-27,11.45,11.73,11.28,11.69,102267100,1183301100
2023-06-28,11.59,11.73,11.52,11.66,73042300,848689400
2023-06-29,11.61,11.66,11.33,11.35,94829300,1082828400
2023-06-30,11.39,11.52,11.25,11.37,66313400,756138000
2023-07-03,11.5,12.03,11.49,11.93,171518600,2037156000
2023-07-04,11.97,12,11.74,11.8,107427100,1267639400
2023-07-05,11.78,11.9,11.73,11.8,71207500,840514400
2023-07-06,11.71,11.75,11.52,11.61,76833600,891638800
2023-07-07,11.51,11.72,11.28,11.55,125583000,1442386700
2023-07-10,11.58,11.76,11.48,11.54,80589800,935832000
2023-07-11,11.71,11.95,11.68,11.84,121686600,1437145200
2023-07-12,11.83,12.05,11.77,11.95,187653100,2243047000
2023-07-13,12.38,12.76,12.38,12.52,289777600,3643040700
2023-07-14,12.75,12.8,12.56,12.58,127187200,1608069200
2023-07-17,12.48,12.5,12.3,12.34,86362800,1069695800
2023-07-18,12.34,12.53,12.26,12.4,68099000,845908300
2023-07-19,12.56,12.66,12.45,12.59,103886800,1304436900
2023-07-20,12.54,12.8,12.52,12.61,98663300,1251621300
2023-07-21,12.55,12.68,12.49,12.53,70515800,887056600
2023-07-24,12.41,12.62,12.38,12.43,57320000,715170900
2023-07-25,12.64,13.1,12.64,12.94,175567400,2270880500
2023-07-26,12.96,13.08,12.88,13.07,89449500,1161974100
2023-07-27,13.07,13.1,12.83,12.88,76067000,986230600
2023-07-28,12.66,12.84,12.55,12.79,145064600,1840514400
2023-07-31,12.99,13.18,12.95,13.01,116713100,1524225400
2023-08-01,13.27,13.44,13,13.05,120142300,1584776000
2023-08-02,12.82,12.96,12.77,12.86,83936800,1078483400
2023-08-03,12.75,12.8,12.6,12.74,109846600,1394928300
2023-08-04,12.86,12.99,12.78,12.85,78105300,1007042200
2023-08-07,12.78,12.88,12.73,12.85,44623100,572241700
2023-08-08,12.85,13.13,12.74,13.03,111902000,1455326100
2023-08-09,12.9,12.98,12.74,12.87,84007500,1079691500
2023-08-10,12.8,12.88,12.69,12.73,70330300,897239200
2023-08-11,12.75,12.83,12.44,12.5,93182400,1172098000
2023-08-14,12.39,12.42,12.15,12.32,131024500,1612319500
2023-08-15,12.34,12.43,12.16,12.32,68008000,835672600
2023-08-16,12.18,12.25,12.08,12.19,74573700,907904300
2023-08-17,12.06,12.34,11.84,12.29,101796900,1234023200
2023-08-18,12.29,12.43,12.05,12.08,76821200,939366600
2023-08-21,12.08,12.18,11.98,11.98,75480000,910248500
2023-08-22,12.08,12.48,12.08,12.41,165777600,2045267600
2023-08-23,12.45,12.49,12.12,12.17,126975600,1557000100
2023-08-24,12.45,12.65,12.35,12.49,138872600,1736015200
2023-08-25,12.4,12.45,12.15,12.3,127145800,1563198600
2023-08-28,12.92,12.97,12.06,12.14,203852100,2505833300
2023-08-29,12.11,12.37,12.04,12.08,140982300,1719290000
2023-08-30,12.25,12.54,12.22,12.45,159470600,1978837100
2023-08-31,12.49,12.6,12.34,12.36,82970000,1031632500
2023-09-01,12.39,12.9,12.37,12.8,143485200,1825917300
2023-09-04,12.95,13.5,12.95,13.2,188698700,2493402700
2023-09-05,13.1,13.21,12.97,13.15,80427900,1051883300
2023-09-06,13.02,13.18,12.93,13.06,72466500,946999100
2023-09-07,12.94,13.11,12.9,13.01,72247700,941296000
2023-09-08,13.01,13.1,12.81,12.88,55492400,716285800
2023-09-11,12.88,13.15,12.82,13,87787000,1141585600
2023-09-12,13.01,13.09,12.8,12.84,84410100,1088460300
2023-09-13,12.78,12.98,12.76,12.84,87054300,1118570000
2023-09-14,12.9,13.1,12.84,12.98,152218500,1978039400
2023-09-15,13.19,13.42,13.06,13.15,173231400,2293010400
2023-09-18,13.08,13.08,12.89,13.07,105742700,1373023900
2023-09-19,13,13.25,12.98,13.17,108154100,1423466900
2023-09-20,13.1,13.28,13.04,13.25,90314000,1192683800
2023-09-21,13.1,13.2,12.98,13.09,96166200,1258504000
2023-09-22,12.95,12.98,12.68,12.93,186231600,2383603500
2023-09-25,12.88,12.99,12.74,12.76,115655400,1484110300
2023-09-26,12.69,12.75,12.49,12.65,128915100,1627524500
2023-09-27,12.65,12.68,12.38,12.41,133613500,1666206900
2023-09-28,12.41,12.52,12.06,12.13,149985700,1827180800
2023-10-09,11.91,12.25,11.74,12.2,122116700,1471766800
2023-10-10,12.28,12.42,12.2,12.22,68398400,839634900
2023-10-11,12.3,12.31,11.99,12.13,85168700,1030641300
2023-10-12,12.27,12.36,12.18,12.29,70314500,862664100
2023-10-13,12.13,12.15,12,12.02,66449600,800676300
2023-10-16,12.25,12.28,12.1,12.14,94815400,1156057600
2023-10-17,12.12,12.14,11.98,12.06,80051800,964979100
2023-10-18,12.09,12.13,11.96,11.98,73584700,886160400
2023-10-19,11.95,11.98,11.75,11.77,98618700,1167806400
2023-10-20,11.82,11.93,11.59,11.65,79552100,932493200
2023-10-23,11.58,11.66,11.33,11.45,85800100,985685600
2023-10-24,11.54,11.83,11.53,11.75,119694400,1396287600
2023-10-25,12.04,12.31,12.04,12.08,129416800,1575510400
2023-10-26,12,12.11,11.88,12.08,74026000,887984400
2023-10-27,11.98,12.16,11.95,12.01,92836200,1118062200
2023-10-30,12.2,12.68,12.19,12.42,180159500,2233732800
2023-10-31,12.4,12.46,12.28,12.44,75169600,929308100
2023-11-01,12.32,12.35,12.14,12.2,93872100,1145423100
2023-11-02,12.35,12.48,12.2,12.21,91383800,1128790500
2023-11-03,12.22,12.3,12.1,12.17,81585900,992620600
2023-11-06,12.18,12.2,11.87,11.93,144313300,1725547500
2023-11-07,11.88,12.03,11.72,12.01,91670100,1090796500
2023-11-08,11.88,11.95,11.72,11.82,113321600,1340004000
2023-11-09,11.7,11.9,11.7,11.88,77642300,918449500
2023-11-10,11.83,11.86,11.72,11.78,43771800,515193200
2023-11-13,11.79,11.93,11.73,11.9,55328000,654865200
2023-11-14,11.95,11.98,11.81,11.86,49533300,587725500
2023-11-15,12.23,12.23,11.93,12,100819200,1214529100
2023-11-16,11.97,12.03,11.85,11.97,72428100,864811200
2023-11-17,11.98,12.02,11.87,11.97,56250500,670740300
2023-11-20,11.96,11.97,11.77,11.86,67797600,804255300
2023-11-21,11.96,12.21,11.91,12.14,146698500,1779892300
2023-11-22,12.14,12.14,11.92,11.95,62734000,753600500
2023-11-23,11.94,12,11.82,11.99,55955000,665698900
2023-11-24,11.97,11.99,11.84,11.85,51771000,615768300
2023-11-27,11.86,12.03,11.73,11.87,57775500,685011600
2023-11-28,11.86,11.9,11.71,11.89,62640800,739510600
2023-11-29,12.09,12.2,12.08,12.15,169653500,2061141700
2023-11-30,12.14,12.27,12.07,12.18,116747500,1421931900
2023-12-01,12.15,12.2,11.96,12.04,101753700,1228288100
2023-12-04,12.45,12.69,12.38,12.4,229119500,2865128200
2023-12-05,12.12,12.16,11.92,11.95,158484100,1905395200
2023-12-06,11.84,12.08,11.75,12,110464000,1321048900
2023-12-07,11.9,11.92,11.75,11.8,108883300,1285326300
2023-12-08,11.81,11.83,11.65,11.67,118281100,1383385700
2023-12-11,11.59,11.73,11.38,11.67,111213200,1285375500
2023-12-12,11.57,11.63,11.46,11.62,89300700,1030115700
2023-12-13,11.54,11.61,11.44,11.44,85644300,987071600
2023-12-14,11.8,11.83,11.46,11.48,135531600,1572792100
2023-12-15,11.6,11.97,11.6,11.7,204753300,2415721700
2023-12-18,11.64,11.85,11.58,11.78,73733400,867805200
2023-12-19,11.76,11.84,11.65,11.8,59946300,704972700
2023-12-20,11.92,12.12,11.86,12.02,165592800,1992734600
2023-12-21,11.94,12.09,11.89,12.07,108702800,1304679500
2023-12-22,12.15,12.18,11.99,12.14,127206300,1540207700
2023-12-25,12.03,12.24,12.01,12.22,85968400,1045070600
2023-12-26,12.2,12.28,12.15,12.18,74621700,910846700
2023-12-27,12.23,12.42,12.19,12.4,125564700,1548586300
2023-12-28,12.49,12.67,12.31,12.35,185718400,2312289100
2023-12-29,12.27,12.48,12.27,12.46,121461500,1506071300
2024-01-02,12.41,12.66,12.39,12.49,113316900,1418265000
2024-01-03,12.43,12.59,12.39,12.53,76049100,951970400
2024-01-04,12.43,12.52,12.39,12.51,99822500,1242764300
2024-01-05,12.46,12.68,12.37,12.47,109752700,1377692700
2024-01-08,12.46,12.53,12.27,12.3,91581600,1131732800
2024-01-09,12.31,12.45,12.28,12.43,94179800,1166609500
2024-01-10,12.33,12.44,12.28,12.28,63262800,780721500
2024-01-11,12.31,12.32,12.09,12.14,96780200,1179075800
2024-01-12,12.07,12.26,12.05,12.2,76433900,930414500
2024-01-15,12.17,12.26,12.05,12.12,49632600,603042900
2024-01-16,12.06,12.27,12.06,12.19,80436500,978561000
2024-01-17,12.09,12.13,11.7,11.7,140735100,1671092700
2024-01-18,11.66,11.94,11.4,11.84,166379100,1935251900
2024-01-19,11.78,11.97,11.65,11.92,123795000,1468955700
2024-01-22,11.88,11.94,11.55,11.68,145355000,1710511000
2024-01-23,11.61,11.68,11.21,11.54,169491700,1940940600
2024-01-24,11.62,11.75,11.43,11.72,105940800,1229718100
2024-01-25,11.82,12.05,11.79,12.05,127482300,1522375800
2024-01-26,12.1,12.28,11.98,12.22,124521000,1516091400
2024-01-29,12.23,12.35,12.2,12.24,84753600,1040554900
2024-01-30,12.18,12.3,12.06,12.18,106355700,1296846900
2024-01-31,12.12,12.23,12.03,12.04,109897900,1333499000
2024-02-01,12,12.27,11.9,12.13,108409500,1313469900
2024-02-02,12.2,12.34,11.88,12.03,139010300,1693724800
2024-02-05,12.07,12.28,11.96,12.16,171076000,2074493800
2024-02-06,12.13,12.38,12.04,12.19,202093800,2464896600
2024-02-07,12.19,12.3,12.04,12.25,215807000,2628884500
2024-02-08,12.24,12.52,12.22,12.5,191109300,2365281300
2024-02-19,12.51,12.86,12.4,12.85,188654600,2393625700
2024-02-20,12.8,13.18,12.72,13.1,137078300,1790347200
2024-02-21,13.06,13.29,13.01,13.05,153987000,2029310500
2024-02-22,13.09,13.28,13.02,13.26,112740000,1484391700
2024-02-23,13.25,13.68,13.2,13.5,137726100,1857150100
2024-02-26,13.51,13.61,13.09,13.15,146004500,1940974000
2024-02-27,13.06,13.27,13,13.16,136491400,1791457400
2024-02-28,13.16,13.17,12.97,13.01,109335800,1429626600
2024-02-29,13.02,13.2,12.96,13.11,108124100,1410959500
2024-03-01,13.06,13.36,13,13.25,117846700,1552005600
2024-03-04,13.46,13.62,13.36,13.46,131400100,1769842800
2024-03-05,13.6,13.97,13.59,13.85,196087700,2710355600
2024-03-06,13.85,14.36,13.84,14.2,201787700,2854602300
2024-03-07,14.38,14.96,14.27,14.73,237493600,3490560800
2024-03-08,14.9,14.93,14.53,14.89,169235000,2495033600
2024-03-11,15,15.05,14.62,14.86,153666300,2272630500
2024-03-12,14.75,14.82,14.28,14.36,204275400,2953248700
2024-03-13,14.25,14.76,14.18,14.69,145452000,2110554000
2024-03-14,15.25,15.78,15.25,15.39,271917500,4216534900
2024-03-15,15.32,16.12,15.3,15.96,223316300,3509902900
2024-03-18,15.97,16.16,15.58,15.78,230329700,3633999500
2024-03-19,15.7,15.93,15.5,15.53,161899900,2543787100
2024-03-20,15.35,15.61,15.2,15.51,177110100,2723258800
2024-03-21,15.91,16.13,15.6,15.62,199623700,3151230700
2024-03-22,15.39,15.52,15.17,15.39,177112100,2717488100
2024-03-25,15.38,15.86,15.31,15.74,164527600,2580594400
2024-03-26,15.77,15.82,15.33,15.53,132797900,2057986300
2024-03-27,15.46,15.89,15.44,15.72,156142200,2459520700
2024-03-28,15.65,16.18,15.53,16.1,188868900,3013541000
2024-03-29,16.4,16.87,16.3,16.82,209564500,3491214400
2024-04-01,17.24,17.39,16.69,16.87,207614100,3527137300
2024-04-02,16.95,17.15,16.76,16.95,133763900,2265618000
2024-04-03,17.19,17.65,16.98,17.51,238086900,4121388600
2024-04-08,17.65,18.17,17.23,17.3,312711900,5555680600
2024-04-09,17.22,17.4,16.93,17.01,201583600,3447848200
2024-04-10,17.14,18.15,17.14,17.99,264269900,4685400700
2024-04-11,17.52,18.52,17.49,17.99,256576600,4620626200
2024-04-12,18.48,18.58,17.98,18.39,233781900,4289461400
2024-04-15,17.8,18.56,17.78,18.46,238595600,4327726000
2024-04-16,18.46,18.63,17.89,17.94,208220500,3791491600
2024-04-17,17.91,18.15,17.58,18.08,215428000,3853775900
2024-04-18,17.91,18.54,17.86,18.47,200597400,3665579400
2024-04-19,18.56,19.33,18.4,18.63,265311900,4990039200
2024-04-22,18.87,19,17.75,17.8,267730400,4889599600
2024-04-23,17.41,17.65,17,17.04,320100000,5522404600
2024-04-24,17.04,17.59,17.04,17.54,211374300,3671335000
2024-04-25,17.33,17.56,17.09,17.4,142951000,2475547300
2024-04-26,17.58,18.37,17.41,18.27,266128400,4799432000
2024-04-29,18.13,18.13,17.39,17.66,225298700,4005052700
2024-04-30,17.92,18.06,17.55,17.61,169466700,3018725400
2024-05-06,17.32,17.56,16.82,17.52,260634800,4487638400
2024-05-07,17.62,17.9,17.39,17.45,152394100,2684017100
2024-05-08,17.3,17.68,17.01,17.45,132404000,2300504700
2024-05-09,17.28,17.91,17.28,17.71,146586800,2587027500
2024-05-10,18.1,18.28,17.78,18.24,206140800,3722450400
2024-05-13,18,18.34,17.83,18.18,140859000,2546450300
2024-05-14,18.35,18.72,18.25,18.49,147429800,2726855300
2024-05-15,18.54,18.85,18.26,18.3,138687600,2566910400
2024-05-16,18.63,18.89,18.21,18.27,193911100,3594190900
2024-05-17,18.37,18.78,18,18.78,183095100,3375111700
2024-05-20,19.43,19.79,19.09,19.47,265236200,5155591300
2024-05-21,19.41,19.58,18.56,18.65,228374800,4309331300
2024-05-22,18.65,18.78,18.33,18.43,142475500,2637331800
2024-05-23,17.56,18.01,17.36,17.84,208253600,3694875300
2024-05-24,17.6,18.03,17.59,17.82,125712800,2245716300
2024-05-27,17.77,18.36,17.76,18.2,146711400,2662784800
2024-05-28,18.38,18.48,18.01,18.05,132807300,2420542100
2024-05-29,18.08,18.58,17.97,18.45,158414600,2914016100
2024-05-30,18.3,18.37,17.55,17.64,209249900,3729796000
2024-05-31,17.63,17.72,17.2,17.41,197034700,3434983000
2024-06-03,17.29,17.63,17.17,17.33,134833200,2343666600
2024-06-04,17.45,17.7,17.18,17.42,152060500,2652422200
2024-06-05,17,17.2,16.75,17.05,185460700,3155725100
2024-06-06,17.35,17.79,17.33,17.59,186439300,3276766600
2024-06-07,17.82,17.88,17.31,17.76,173772700,3063217600
2024-06-11,17.11,17.22,16.78,17,172739400,2932617300
2024-06-12,16.89,17.27,16.86,17.21,131900600,2255787000
2024-06-13,17.14,17.22,16.51,16.81,174909200,2935447400
2024-06-14,16.6,17.17,16.55,17.09,163013900,2764928700
2024-06-17,16.99,17.17,16.76,17.04,106381700,1811063500
2024-06-18,16.61,17.08,16.38,16.92,239853400,4016852400
2024-06-19,16.92,17.5,16.88,17.32,172049500,2971053500
2024-06-20,17.41,17.86,17.37,17.56,128820700,2269495000
2024-06-21,17.78,17.87,17.24,17.32,145232800,2537688900
2024-06-24,17,17.58,16.93,17.47,132034100,2291742500
2024-06-25,17.45,17.52,17.2,17.35,95570500,1658445700
2024-06-26,17.22,17.34,16.97,17.26,107923400,1849478400
2024-06-27,17.14,17.17,16.89,16.9,100714100,1710179000
2024-06-28,16.98,17.63,16.82,17.57,129524400,2248804000
2024-07-01,17.78,18.1,17.74,18.04,149049600,2674413700
2024-07-02,18.08,18.08,17.64,17.84,95719900,1705179400
2024-07-03,17.84,18.03,17.71,17.89,103934500,1853176400
2024-07-04,18.23,18.59,18.17,18.17,176292100,3241891100
2024-07-05,18.17,18.66,18.11,18.64,188747600,3484687200
2024-07-08,18.69,18.88,18.44,18.45,149197700,2778400700
2024-07-09,18.6,18.86,18.55,18.82,164930700,3089185900
2024-07-10,18.73,18.98,18.28,18.38,150843000,2806437600
2024-07-11,18.5,18.96,18.3,18.87,155807800,2925447900
2024-07-12,18.97,19,18.36,18.48,139055100,2586146800
2024-07-15,18.5,18.95,18.43,18.82,126989000,2392322800
2024-07-16,18.78,19.24,18.78,19.21,134595500,2569268500
2024-07-17,19.5,19.54,18.37,18.47,217167400,4075167500
2024-07-18,18.24,18.49,17.97,18.45,149177700,2719754600
2024-07-19,17.8,18.05,17.11,17.94,238617200,4220560800
2024-07-22,17.75,17.84,17.21,17.6,192975100,3373542700
2024-07-23,17.58,17.72,16.5,16.52,235473200,3978851900
2024-07-24,16.45,16.75,16.4,16.53,136809600,2262423400
2024-07-25,16.08,16.24,15.38,15.43,288215200,4506442200
2024-07-26,15.55,16.09,15.51,15.85,175389600,2781766000
2024-07-29,16,16.28,15.76,16.11,143993600,2311428200
2024-07-30,15.97,16.01,15.73,15.91,125323100,1987811900
2024-07-31,15.99,16.66,15.97,16.58,190163800,3120989700
2024-08-01,16.88,17.08,16.48,16.63,149689000,2507529800
2024-08-02,16.31,16.31,15.7,15.96,214393700,3415283700
2024-08-05,15.57,16.03,15.46,15.63,179119100,2821695200
2024-08-06,15.7,15.78,15.16,15.35,175303300,2685324500
2024-08-07,15.25,15.66,15.2,15.48,116601800,1809204300
2024-08-08,15.34,15.35,15.03,15.21,117102400,1775561800
2024-08-09,15.38,15.66,15.31,15.34,140162600,2169839000
2024-08-12,15.3,15.49,15.24,15.36,63635600,974895600
2024-08-13,15.66,15.73,15.3,15.54,141287900,2191712900
2024-08-14,15.55,15.62,15.35,15.4,66506800,1028773400
2024-08-15,15.28,15.63,15.21,15.58,91464500,1417687000
2024-08-16,15.78,16.18,15.78,15.87,150829100,2405009000
2024-08-19,16.06,16.49,16,16.22,136456100,2220435300
2024-08-20,16.32,16.32,15.89,16.05,89053000,1428671400
2024-08-21,16.06,16.25,15.93,16.16,82239300,1328595800
2024-08-22,16.16,16.2,15.95,16.17,74620800,1201182300
2024-08-23,15.97,16.09,15.9,16.06,75078600,1202326600
2024-08-26,16.31,16.38,15.95,16.21,146188300,2360957700
2024-08-27,16.15,16.25,15.85,16.07,89916700,1444490900
2024-08-28,16.1,16.24,15.63,15.82,130275000,2066444500
2024-08-29,15.75,15.99,15.61,15.93,80769900,1280880600
2024-08-30,15.89,16.17,15.66,16,144252300,2299150000
2024-09-02,15.86,15.87,15.31,15.61,129969400,2022749600
2024-09-03,15.5,15.69,15.37,15.49,68786100,1068102800
2024-09-04,15.05,15.1,14.56,14.68,236436300,3496281200
2024-09-05,14.75,14.97,14.53,14.68,108842200,1602794400
2024-09-06,14.84,15.01,14.7,14.76,98102600,1456232600
2024-09-09,14.47,14.47,13.94,14.15,232868700,3290633000
2024-09-10,14.27,14.35,14.07,14.22,109501500,1553972000
2024-09-11,14.15,14.25,13.96,14.2,140742300,1982555000
2024-09-12,14.24,14.39,14.07,14.2,127138900,1809433200
2024-09-13,14.59,14.91,14.52,14.68,222888700,3285178200
2024-09-18,14.98,15.22,14.85,15.04,168791700,2542627100
2024-09-19,15.11,15.46,14.77,15.4,182900200,2781048900
2024-09-20,15.49,15.88,15.31,15.88,192733000,3031915800
2024-09-23,15.88,16,15.68,15.82,136737200,2166292100
2024-09-24,16.1,16.64,16.02,16.51,251226600,4106644400
2024-09-25,16.92,17.32,16.9,16.92,283724800,4841338000
2024-09-26,17.1,17.39,16.7,17.37,224564900,3833086700
2024-09-27,17.85,18.05,17.27,17.51,174092800,3061022300
2024-09-30,17.88,18.74,17.12,18.14,671972600,1.19898453e+10
2024-10-08,19.64,19.87,17.51,17.96,706617200,1.30986071e+10
2024-10-09,17.7,17.77,16.9,16.93,395716400,6837072600
2024-10-10,17,17.98,16.85,17.35,301784800,5253048200
2024-10-11,17.6,17.79,17.08,17.24,204517300,3576578500
2024-10-14,17.36,17.77,17.08,17.67,209895300,3685655100
2024-10-15,17.5,17.51,17.13,17.13,167326300,2896694000
2024-10-16,17.08,17.54,17.02,17.45,139067200,2416131400
2024-10-17,17.48,17.61,17.12,17.14,132417400,2300457700
2024-10-18,17.35,17.88,17.31,17.63,219917300,3856826900
2024-10-21,18.08,18.58,17.9,18.22,271742600,4961500200
2024-10-22,18.13,18.3,17.88,18.05,170124400,3067128000
2024-10-23,18.1,18.17,17.68,17.85,158883800,2839459500
2024-10-24,17.6,17.6,17.32,17.49,153140700,2674306600
2024-10-25,17.42,17.44,17.14,17.23,151253700,2610995400
2024-10-28,17.2,17.23,16.96,17.2,122817800,2100442300
2024-10-29,17.27,17.52,17.18,17.22,157067200,2720298500
2024-10-30,17.35,17.55,17,17.13,158313500,2724881200
2024-10-31,17.06,17.08,16.66,16.82,183766700,3091011600
2024-11-01,16.72,17.5,16.64,17.25,251428800,4333954500
2024-11-04,17.36,17.42,16.97,17.35,150856000,2591393800
2024-11-05,17.26,17.72,17.15,17.7,185523100,3243783400
2024-11-06,17.65,17.7,17.16,17.31,193328500,3379872900
2024-11-07,16.72,17.1,16.5,17.09,280875400,4722689600
2024-11-08,17.35,17.59,17.02,17.09,225997800,3902730400
2024-11-11,16.8,16.81,16.08,16.51,342706500,5620690500
2024-11-12,16.1,16.45,15.8,15.98,285631400,4602711800
2024-11-13,15.93,16.17,15.9,16,143993900,2308724700
2024-11-14,15.9,15.94,15.58,15.61,194726900,3066365900
2024-11-15,15.6,16.1,15.52,15.62,186356700,2954520900
2024-11-18,15.76,15.99,15.59,15.71,176079400,2781021700
2024-11-19,16,16.43,16,16.21,260099900,4215053400
2024-11-20,16.29,16.3,15.94,16.03,146052600,2347972300
2024-11-21,16.04,16.23,15.97,16.16,135377400,2177155600
2024-11-22,16.18,16.2,15.76,15.76,125243100,1995032900
2024-11-25,15.88,16.04,15.47,15.55,119793200,1883870400
2024-11-26,15.4,15.68,15.37,15.54,91452200,1421300300
2024-11-27,15.55,15.68,15.33,15.68,110182900,1711331800
2024-11-28,15.65,15.72,15.46,15.53,87158700,1357463200
2024-11-29,15.6,15.94,15.43,15.7,141260400,2220567500
2024-12-02,15.72,15.77,15.5,15.56,168359700,2628279600
2024-12-03,15.59,15.63,15.28,15.61,149572100,2315346600
2024-12-04,15.68,15.94,15.64,15.8,180836600,2853814300
2024-12-05,15.73,15.75,15.42,15.48,141237100,2192389600
2024-12-06,15.42,15.74,15.41,15.69,137873300,2155290600
2024-12-09,15.74,16.05,15.67,15.88,138620500,2208533000
2024-12-10,16.38,16.55,16,16.06,191717300,3111739800
2024-12-11,16.16,16.38,16.06,16.12,146859500,2374455000
2024-12-12,16.12,16.28,16.09,16.24,100504500,1628318300
2024-12-13,16,16,15.57,15.57,199811200,3143512100
2024-12-16,15.57,15.64,15.31,15.35,128353500,1977872000
2024-12-17,15.35,15.59,15.27,15.45,119682200,1851932600
2024-12-18,15.4,15.63,15.4,15.49,75347700,1169485200
2024-12-19,15.21,15.41,15.05,15.32,92554700,1414586100
2024-12-20,15.28,15.33,15.02,15.02,140062700,2117319800
2024-12-23,15.16,15.59,15.09,15.51,188440900,2903979100
2024-12-24,15.49,15.66,15.29,15.63,116741900,1811782600
2024-12-25,15.63,15.67,15.34,15.52,87854100,1359933100
2024-12-26,15.53,15.73,15.46,15.62,87509300,1366286300
2024-12-27,15.64,15.69,15.27,15.3,123641600,1903734300
2024-12-30,15.26,15.72,15.23,15.54,152484100,2365457300
2024-12-31,15.43,15.46,15.12,15.12,142236500,2172211200
2025-01-02,15.2,15.48,15,15.18,199053100,3037419300
2025-01-03,15.3,15.92,15.27,15.57,312488500,4898068000
2025-01-06,15.68,15.86,15.33,15.49,225283200,3516450300
2025-01-07,15.55,16.05,15.4,16.02,229893300,3655876000
2025-01-08,16.02,16.17,15.74,15.85,176843700,2815392400
2025-01-09,15.91,16.03,15.72,15.92,134299800,2132733300
2025-01-10,16.09,16.34,15.87,16.15,195551700,3158715400
2025-01-13,16.14,16.66,16.03,16.4,237723200,3905138900
2025-01-14,16.29,16.48,16.05,16.41,180089800,2933492800
2025-01-15,16.35,16.4,15.53,15.78,327946400,5211318600
2025-01-16,16.03,16.3,16.03,16.17,220764300,3573654000
2025-01-17,16.31,16.41,16.12,16.27,168269200,2741904800
2025-01-20,16.25,16.39,16.07,16.29,144611500,2346499200
2025-01-21,16.3,16.39,16.14,16.25,109108900,1775020100
2025-01-22,16.36,16.39,16.05,16.2,128315200,2077766600
2025-01-23,16.19,16.36,15.86,15.88,180804300,2905923900
2025-01-24,16.01,16.12,15.81,16.02,137656300,2200933000
2025-01-27,16,16.31,15.94,16.24,154794300,2507171800
2025-02-05,16.59,16.73,16.31,16.47,206140600,3391610300
2025-02-06,16.58,16.58,16.11,16.31,200162700,3258744800
2025-02-07,16.35,16.66,16.16,16.62,216552800,3565663100
2025-02-10,16.81,17.06,16.74,16.87,221206500,3733076600
2025-02-11,17.04,17.58,16.92,17.28,292526200,5070661900
2025-02-12,17.03,17.12,16.87,16.98,158201000,2685571800
2025-02-13,17.08,17.2,16.98,17.01,127292200,2173308300
2025-02-14,17.15,17.34,17.01,17.16,115527000,1979857300
2025-02-17,16.71,16.71,16.41,16.5,238544000,3938646100
2025-02-18,16.41,16.59,16.31,16.41,144998300,2385640200
2025-02-19,16.51,16.61,16.29,16.35,156681700,2572213100
2025-02-20,16.38,16.48,16.12,16.44,130081900,2124966900
2025-02-21,16.48,16.56,16.13,16.19,206161100,3357537500
2025-02-24,15.99,16.22,15.8,16.08,173586000,2779918400
2025-02-25,16.06,16.13,15.75,15.78,155863300,2486448000
2025-02-26,15.83,16.09,15.68,15.86,157544100,2498948800
2025-02-27,15.87,15.87,15.61,15.75,136307200,2143446800
2025-02-28,15.61,15.67,15.35,15.35,179374600,2776454100
2025-03-03,15.48,15.86,15.45,15.64,146170000,2290750500
2025-03-04,15.69,16.06,15.6,15.93,152935500,2423804500
2025-03-05,15.93,16.09,15.81,16.01,123758200,1976188800
2025-03-06,16.25,16.49,16.19,16.3,178208200,2906467200
2025-03-07,16.33,16.75,16.2,16.43,193234100,3190133900
2025-03-10,16.5,16.69,16.31,16.65,163158300,2696258000
2025-03-11,16.28,16.48,16.1,16.48,180000600,2928916900
2025-03-12,16.55,16.72,16.28,16.69,162398200,2687231300
2025-03-13,16.88,17.08,16.74,16.96,209768200,3559738000
2025-03-14,17.39,17.63,17.18,17.48,298981600,5219104900
2025-03-17,17.49,17.7,17.11,17.21,236776300,4111730700
2025-03-18,17.4,17.95,17.36,17.76,255206000,4520896300
2025-03-19,17.78,18.05,17.69,18.05,189285200,3390128200
2025-03-20,18.3,18.43,18.01,18.17,232579000,4235118500
2025-03-21,18,18.06,17.4,17.57,251475400,4440714100
2025-03-24,17.66,18.35,17.48,18.05,269625200,4868638400
2025-03-25,18.05,18.42,17.93,18.4,226625100,4130000600
2025-03-26,18.7,18.96,18.1,18.2,322922400,5979045500
2025-03-27,17.9,18.13,17.6,17.86,225531400,4013993100
2025-03-28,18.05,18.34,17.81,18.16,186364400,3365891200
2025-03-31,18.07,18.31,17.98,18.12,160677600,2912951500
2025-04-01,18.2,18.33,17.8,17.93,153422700,2760335800
2025-04-02,17.76,17.85,17.44,17.5,158099000,2787581800
2025-04-03,17.35,17.48,16.87,17.11,216426800,3702083000
2025-04-07,15.4,15.85,15.4,15.41,488035900,7566671800
2025-04-08,15.54,15.95,15.21,15.95,373360700,5849553100
2025-04-09,15.54,15.92,15.19,15.92,446712700,6914703400
2025-04-10,16.55,16.85,16.37,16.75,359139500,5968607800
2025-04-11,17.15,17.31,16.98,17.15,271836800,4652651200
2025-04-14,17.39,18,17.11,17.63,333600600,5893332600
2025-04-15,17.64,17.7,17.28,17.65,190553800,3344171400
2025-04-16,17.9,17.98,17.42,17.74,207456500,3650843300
2025-04-17,18.13,18.3,17.66,17.82,310531700,5565604100
2025-04-18,17.65,17.77,17.35,17.62,139917700,2455099400
2025-04-21,17.77,18.63,17.76,18.6,317461100,5795921300
2025-04-22,18.71,18.76,18.41,18.5,253360300,4706807800
2025-04-23,18.05,18.28,17.73,17.79,293150100,5268423300
2025-04-24,17.89,18.05,17.63,17.67,114585300,2039355700
2025-04-25,17.8,17.97,17.58,17.65,121525900,2157484300
2025-04-28,17.5,17.74,17.37,17.66,96878800,1703950200
2025-04-29,17.67,17.77,17.55,17.63,74056300,1306248200
2025-04-30,17.55,17.58,17.36,17.46,84994400,1485278900
2025-05-06,17.75,17.84,17.6,17.76,141363800,2507104900
2025-05-07,18.09,18.12,17.8,18.05,172407900,3099054900
2025-05-08,17.9,18.06,17.76,17.76,112295300,2009443500
2025-05-09,17.68,17.78,17.58,17.65,106486900,1879774000
2025-05-12,17.5,17.77,17.41,17.71,122214000,2152353500
2025-05-13,17.6,17.84,17.4,17.76,116346900,2052949000
2025-05-14,17.76,17.91,17.74,17.9,104341300,1861378100
2025-05-15,17.71,17.78,17.36,17.49,139381300,2441491000
2025-05-16,17.59,17.64,17.36,17.42,95710000,1671055600
2025-05-19,17.43,17.56,17.28,17.42,75758800,1317585500
2025-05-20,17.42,17.69,17.41,17.46,102796200,1803452400
2025-05-21,17.69,18.51,17.68,18.49,260461500,4740421700
2025-05-22,18.38,18.68,18.36,18.58,133536100,2474875000
2025-05-23,18.54,18.7,18.44,18.59,120687200,2242456200
2025-05-26,18.5,18.87,18.48,18.56,112661400,2101696200
2025-05-27,18.53,18.65,17.68,17.88,172685600,3109952100
2025-05-28,17.8,18.1,17.7,17.98,99196100,1781588500
2025-05-29,17.83,18.05,17.78,17.82,90448000,1620696700
2025-05-30,17.94,18.07,17.66,17.73,93355900,1661300700
2025-06-03,18.07,18.28,17.96,18.06,139522400,2527617900
2025-06-04,18.06,18.32,18.01,18.09,83166300,1511055100
2025-06-05,18.15,18.3,17.86,17.88,89338700,1608518600
2025-06-06,17.99,18.25,17.92,18.14,133465000,2419433500
2025-06-09,17.97,18.14,17.63,17.97,191491600,3414969000
2025-06-10,17.9,18.38,17.9,18.27,150608300,2737833200
2025-06-11,18.27,18.71,18.23,18.66,128368800,2379279500
2025-06-12,18.72,19.49,18.63,19.46,208563000,3996991700
2025-06-13,19.26,19.37,19.04,19.15,187887400,3600553500
2025-06-16,19.14,19.16,18.69,18.82,133058300,2515363500
2025-06-17,18.79,18.97,18.7,18.87,84091700,1583812000
2025-06-18,18.86,18.98,18.58,18.78,93199800,1745951000
2025-06-19,18.75,18.78,18.37,18.37,101642900,1886496700
2025-06-20,18.43,18.61,18.34,18.41,87653800,1616157400
2025-06-23,18.45,18.62,18.28,18.51,98516900,1822688300
2025-06-24,18.43,18.95,18.4,18.54,128702400,2406116100
2025-06-25,18.58,19,18.45,18.99,122599800,2307853500
2025-06-26,18.9,19.22,18.72,18.98,127312200,2417631400
2025-06-27,19.2,20.06,19.2,19.78,239148200,4716275900
2025-06-30,19.78,19.83,19.4,19.5,138727000,2709722700
2025-07-01,19.69,19.92,19.38,19.9,123933400,2435566600
2025-07-02,19.9,20.43,19.8,20.17,170369600,3436875900
2025-07-03,20.37,20.49,20.08,20.29,137380900,2785493800
2025-07-04,20.07,20.29,19.84,20.05,135855600,2725507600
2025-07-07,19.96,20.02,19.71,19.8,83467500,1658374000
2025-07-08,19.87,20.04,19.75,19.82,97073400,1928723000
2025-07-09,19.89,19.89,18.87,18.9,333834800,6397298200
2025-07-10,18.92,19.05,18.81,18.84,189327300,3578751400
2025-07-11,18.89,19.2,18.86,18.89,218170400,4142641800
2025-07-14,19.27,19.34,19.01,19.08,230591700,4419734300
2025-07-15,19.06,19.15,18.82,19.12,153148300,2913086800
2025-07-16,19.14,19.18,18.98,19.14,92688400,1768546700
2025-07-17,19.13,19.19,18.98,19.07,117455900,2240891200
2025-07-18,19.19,19.7,19.02,19.47,222955200,4335117100
2025-07-21,19.56,19.83,19.5,19.79,173023000,3404209900
2025-07-22,19.92,20.38,19.81,20.25,202579000,4070444900
2025-07-23,20.43,20.48,20.11,20.21,181222500,3672351300
2025-07-24,20,20.27,19.83,20.12,161026900,3227202100
2025-07-25,19.96,20.07,19.81,19.85,125296500,2494451800
2025-07-28,19.71,19.8,19.43,19.8,143705100,2826138200
2025-07-29,19.6,19.74,19.51,19.59,129687000,2540208500
2025-07-30,19.6,19.98,19.59,19.82,154361800,3064213200
2025-07-31,19.51,19.52,19.03,19.15,208764300,4005043900
2025-08-01,19.1,19.43,19.05,19.26,121999100,2351099400
2025-08-04,19.57,19.94,19.5,19.88,173826000,3441252700
2025-08-05,19.99,20.02,19.77,19.87,113838700,2261663400
2025-08-06,19.81,20.25,19.78,20.16,142803200,2872001300
2025-08-07,20.16,20.36,19.96,20.3,131718200,2654382900
2025-08-08,20.36,20.7,20.3,20.54,127651000,2618565600
2025-08-11,20.51,20.51,20.19,20.25,140992000,2864111100
2025-08-12,20.22,20.56,20.14,20.3,117353400,2391313500
2025-08-13,20.45,21.17,20.4,21.02,185834100,3897572700
2025-08-14,21.03,21.53,20.97,21.17,138815200,2948194300
2025-08-15,20.94,21.56,20.87,21.29,170980500,3639984800
2025-08-18,21.3,21.37,20.8,20.8,261095300,5491225100
2025-08-19,20.81,21.14,20.28,20.33,235250100,4846967800
2025-08-20,20.33,20.57,20.19,20.56,168298600,3431782000
2025-08-21,20.71,20.8,20.51,20.6,128648600,2656358900
2025-08-22,20.65,20.76,20.45,20.66,148995500,3068477100
2025-08-25,21.05,22.25,21.05,22.21,306330000,6684074100
2025-08-26,22.19,22.55,21.96,22.39,184883100,4120538100
2025-08-27,22.49,23.3,22.32,22.53,238891000,5439362700
2025-08-28,22.54,22.89,22.21,22.52,173370500,3907967200
2025-08-29,22.82,23.48,22.7,23.08,250412800,5782017000
2025-09-01,23.9,24.65,23.41,24.38,376321800,9088067600
2025-09-02,24.77,25.08,23.98,24.41,343891400,8418441900
2025-09-03,25.1,25.51,24.39,24.94,307190800,7639539400
2025-09-04,24.8,25.18,23.39,23.87,387755300,9324657100
2025-09-05,23.79,25.41,23.79,25.27,345232200,8563917200
2025-09-08,25.7,25.8,24.42,24.64,317257900,7917464200
2025-09-09,24.99,25.85,24.75,25.19,353351600,8945036400
2025-09-10,24.55,25.26,24.51,25.18,224391300,5601726800
2025-09-11,25.25,25.74,25.08,25.71,250428500,6371900200
2025-09-12,26,26.35,25.43,25.65,326266900,8437739600
2025-09-15,25.54,26.1,25.3,25.5,240898200,6197208700
2025-09-16,26.1,26.15,24.89,25.32,312802900,7930713700
2025-09-17,25.12,25.29,24.75,25.07,209215000,5229818000
2025-09-18,24.68,25.04,24.11,24.42,263192200,6485158800
2025-09-19,24.42,25.15,24.42,25.02,202176300,5031694000
2025-09-22,25.5,25.56,24.85,25.37,194423300,4893950900
2025-09-23,25.6,26.38,25.25,25.82,276108200,7111485400
2025-09-24,25.82,25.93,25.49,25.93,168002800,4324307300
2025-09-25,26.9,27.64,26.69,27.27,395322700,1.07463557e+10
2025-09-26,27.1,28.36,26.91,27.4,282057200,7783995600
2025-09-29,27.7,28.86,27.53,28.77,399794000,1.13482094e+10
2025-09-30,29.57,29.88,28.74,29.44,385888300,1.13224341e+10
2025-10-09,31.22,32.38,30.77,32.38,509343400,1.60655956e+10
2025-10-10,31.5,32,30.35,30.87,466020600,1.44887723e+10
2025-10-13,30.05,31.65,29.88,31.3,417573000,1.27914979e+10
2025-10-14,32.4,32.65,29.15,29.5,539236100,1.65769422e+10
2025-10-15,29.96,31.2,29.38,30.98,365641100,1.10596895e+10
2025-10-16,30.99,31.37,30.06,30.47,289901000,8890666700
2025-10-17,31.12,31.3,30.03,30.17,304443700,9293026100
2025-10-20,29.4,30.29,29,29.75,297341000,8845608500
2025-10-21,30.4,30.78,29.81,30.05,261648600,7927327600
2025-10-22,28.19,29.6,28.19,29.45,315355500,9158923100
2025-10-23,29.03,29.93,28.56,29.7,246528300,7195142800
2025-10-24,30.05,30.3,29.76,30.03,186969800,5613321500
2025-10-27,30.12,31.3,30.12,31,290246600,8975329700
2025-10-28,30.5,30.79,29.81,29.84,264245200,7986327500
2025-10-29,30.05,31.05,30.01,30.96,211651000,6463154700
2025-10-30,30.78,31.6,30.62,31.11,276672300,8630460800
2025-10-31,31.11,31.29,30.45,30.5,174923100,5380173300
2025-11-03,30.11,30.33,28.87,30,236191300,6968610600
2025-11-04,29.5,29.78,28.6,28.78,268031700,7788693400
2025-11-05,27.92,29.25,27.82,29.01,215461400,6171176200
2025-11-06,29.01,29.8,28.92,29.7,178969800,5281857200
2025-11-07,29.69,30.25,29.62,30.17,149756700,4498419200
2025-11-10,30.8,30.95,29.88,30.17,188511200,5707821700
2025-11-11,30.57,30.68,29.5,29.62,166437700,4968850100
2025-11-12,29.62,30.06,29.15,29.49,136428800,4037371800
2025-11-13,29.8,31.12,29.71,30.72,280933600,8597741700
2025-11-14,30.1,30.43,29.82,30.02,166166800,5009890500
2025-11-17,29.73,29.92,28.86,28.98,215994400,6311373300
2025-11-18,28.7,28.95,28.21,28.39,173339800,4945509100
2025-11-19,28.74,29.55,28.7,29.34,192184500,5608158700
2025-11-20,29.4,29.68,28.9,28.97,133141800,3887558700
2025-11-21,28.47,28.86,28,28.14,188729200,5347653800
2025-11-24,28.44,28.5,27.63,28,170834300,4782114500
2025-11-25,28.47,28.88,28.41,28.51,147447600,4217260600
2025-11-26,28.66,28.77,28.35,28.43,159012600,4530158100
2025-11-27,28.8,29.2,28.5,28.6,163629700,4722632900
2025-11-28,28.79,29.09,28.4,28.58,197543500,5668367800
2025-12-01,29.5,30.67,29.4,30.06,360053000,1.08534396e+10
2025-12-02,29.9,29.98,29.45,29.74,154872500,4605561900
2025-12-03,29.85,30.26,29.72,29.97,191128700,5730973200
2025-12-04,30.84,31.38,30.53,30.69,272859600,8436844600
2025-12-05,30.59,31.49,30.47,31.32,233471100,7266652300
2025-12-08,31.4,31.6,30.94,31.5,206802400,6478217500
2025-12-09,31.18,31.23,30.18,30.4,199092600,6086281900
2025-12-10,30.6,30.85,30.2,30.75,117020900,3574713100
2025-12-11,31.2,31.95,30.75,30.96,240772500,7547700500
2025-12-12,31.67,31.8,31.35,31.7,221174300,6991527100
2025-12-15,31.26,31.88,31.06,31.41,169135200,5322761800
2025-12-16,31.02,31.22,30.12,30.32,158390300,4835673800
2025-12-17,30.55,31.19,30.4,30.87,176971100,5445493500
2025-12-18,30.83,31.35,30.65,30.97,138009300,4284607500
2025-12-19,30.84,31.38,30.41,31.12,165672900,5145607400
2025-12-22,31.69,32.78,31.64,32.53,244513200,7919680400
2025-12-23,33.06,33.1,31.9,32.09,270289400,8780138600
2025-12-24,32.54,32.65,31.99,32.31,192710700,6215340100
2025-12-25,31.99,32.14,31.83,32.03,127456700,4074543500
2025-12-26,32.6,33.77,32.55,33.53,286198900,9525910100
2025-12-29,34.16,34.3,32.58,32.65,357554000,1.19152664e+10
2025-12-30,31.55,33.48,31.53,33.42,243802400,7987341200
2025-12-31,33.48,35.36,33.39,34.47,341188200,1.18025182e+10
2026-01-05,35.3,35.64,34.27,35.4,310393500,1.08703047e+10
2026-01-06,36,37.7,35.95,37.6,356727200,1.3191912e+10
2026-01-07,37.6,37.7,36.38,36.72,357303600,1.31937163e+10
2026-01-08,36.2,37.01,35.79,36.3,241558500,8780062600
2026-01-09,36,37.67,35.98,37.22,280579000,1.04089444e+10
2026-01-12,38.22,38.38,37.03,37.26,296496400,1.10809914e+10
2026-01-13,37.4,38.9,37.3,38.24,310778200,1.18807173e+10
2026-01-14,38.61,39.85,38.36,38.5,425650200,1.65593003e+10
2026-01-15,38.26,39.44,37.7,38.25,386081800,1.48663208e+10
2026-01-16,38.32,39.11,37.06,37.47,394777800,1.49831528e+10
2026-01-19,37.62,37.78,36.5,37.26,253275200,9435738100
2026-01-20,37.26,37.77,36.21,37.31,307457100,1.13716138e+10
2026-01-21,37.76,38.48,37.36,38.13,389167300,1.47645993e+10
2026-01-22,37.5,37.88,37.08,37.66,273949900,1.02712277e+10
2026-01-23,38.39,38.5,37.35,37.56,386296300,1.46509461e+10
2026-01-26,38.74,40.48,38.73,39.5,663514400,2.62662487e+10
2026-01-27,40.23,42.68,39.68,40.61,728498200,2.99093247e+10
2026-01-28,41.4,42.58,40.6,42.3,652283300,2.72848332e+10
2026-01-29,43.79,44.94,41.31,43.45,772867200,3.33027541e+10
2026-01-30,41.2,42.36,39.12,40.14,670344100,2.71398363e+10
2026-02-02,36.87,38.73,36.27,36.61,714043600,2.66861824e+10
2026-02-03,37.84,38.95,37.08,38.81,476610300,1.80740591e+10
2026-02-04,39.5,39.99,38.68,39.16,326736600,1.28446818e+10
2026-02-05,38.13,38.5,36.57,37.45,358373100,1.34070749e+10
2026-02-06,35.55,37.82,35.5,37.19,327774800,1.21070026e+10
2026-02-09,38.49,38.88,38.03,38.63,263947600,1.01542928e+10
2026-02-10,38.98,39.4,38.52,38.81,199657100,7764448300
2026-02-11,38.6,39.79,38.57,39.48,222867400,8776312500
2026-02-12,39.57,40.43,39.49,39.75,235575900,9408329700
2026-02-13,38.26,39.04,37.69,37.78,338033400,1.2921954e+10
2026-02-24,39.49,39.65,38.98,39.32,246746000,9708527900
2026-02-25,39.4,40.26,38.86,39.63,289709500,1.15045891e+10
2026-02-26,39.89,39.96,38.94,39.37,199066400,7823516100
2026-02-27,39.2,40.05,39.01,39.55,242060200,9578332600
2026-03-02,40.4,40.9,39.1,40.77,477513400,1.91416479e+10
2026-03-03,40.35,40.35,38.66,38.86,414093800,1.6292699e+10
2026-03-04,37.7,38.89,37.48,37.96,312570200,1.19034587e+10
2026-03-05,38.46,38.48,37.2,37.67,260659900,9848036300
2026-03-06,37.01,37.48,36.24,37.1,253947000,9355468300
2026-03-09,35.93,36.67,34.86,36.4,390629000,1.39052527e+10
2026-03-10,36.98,37.54,36.8,37.13,201312400,7475371500
2026-03-11,37.5,37.64,37.04,37.24,148131300,5525146800
2026-03-12,36.79,37.16,36.35,36.75,189113000,6945680400
2026-03-13,36.2,36.94,35.6,35.77,247120500,8945230500
2026-03-16,35.04,35.17,33.6,34.75,420731300,1.44421701e+10
2026-03-17,34.73,35.55,34.67,34.9,225377600,7928547700
2026-03-18,34.74,35,34.35,34.92,199024800,6908825800
2026-03-19,33.25,33.9,32.12,32.32,527935400,1.73509693e+10
2026-03-20,32.2,32.85,31.43,31.65,385034300,1.23632742e+10
2026-03-23,30.21,31.34,29.8,30.58,493304300,1.51087667e+10
2026-03-24,31.25,32.38,30.91,32.2,457264500,1.44804031e+10
2026-03-25,33.5,33.98,33.09,33.24,410615200,1.37806648e+10
2026-03-26,33.1,33.24,31.83,32.09,305047300,9885918300
2026-03-27,31.5,32.72,31.5,32.47,228246700,7382514200
2026-03-30,32.2,32.8,31.88,32.78,236901000,7676270900
2026-03-31,32.98,33.5,32.6,32.72,253105900,8352940000
2026-04-01,33.86,34.58,33.62,34.15,323703100,1.10146372e+10
2026-04-02,33.99,33.99,32.7,33.12,258942600,8604391400
2026-04-03,33.25,33.33,32.82,32.91,141999100,4683625600
2026-04-07,32.8,33.1,32.33,32.41,150649800,4901834800
2026-04-08,34,34.76,34,34.62,407954100,1.40773916e+10
2026-04-09,33.99,34.19,33.74,33.9,220659000,7488451300
2026-04-10,34.23,34.58,33.7,33.75,237571000,8070605500
2026-04-13,33.38,33.8,33.31,33.66,176532100,5921734300
2026-04-14,34.49,34.95,34.35,34.8,298845700,1.03624047e+10
2026-04-15,35.75,36,34.81,34.91,299179200,1.05977226e+10
2026-04-16,35,35.39,35,35.3,200941200,7078129000
2026-04-17,35,35.1,34.5,34.73,215582800,7492782700
2026-04-20,34.86,35.29,34.7,34.82,225640300,7890139000
2026-04-21,34.98,35.68,34.5,35.66,311979100,1.09872241e+10
2026-04-22,35.67,35.86,35.24,35.53,372392000,1.32547829e+10
2026-04-23,35.56,35.56,34.14,34.4,356644900,1.23391629e+10
2026-04-24,34.02,34.42,33.53,34.31,257793400,8744204200
2026-04-27,34,34.25,33.48,33.56,231088500,7790164400
2026-04-28,33.33,33.46,32.88,32.95,207009200,6855447800
2026-04-29,32.55,34.2,32.51,34.14,303499500,1.01856825e+10
2026-04-30,33.7,34.02,33.08,33.3,240389900,8043586800
2026-05-06,33.5,34.38,33.21,34.21,399072000,1.34707993e+10
2026-05-07,34.84,35.17,34.12,34.46,336041400,1.16219952e+10
2026-05-08,34.02,35,33.84,34.8,301248200,1.03710989e+10
2026-05-11,34.55,34.72,33.85,34.27,303709700,1.03957564e+10
2026-05-12,34.96,35.33,34.5,34.58,416946000,1.45881283e+10
2026-05-13,35.1,35.25,34.45,34.66,322480300,1.12148114e+10
2026-05-14,34.49,34.76,33.5,33.52,276948100,9403243400
2026-05-15,32.99,33,31.5,31.84,448282200,1.44403168e+10
2026-05-18,30.9,31.37,30.71,31.3,288798700,8937256900
2026-05-19,31.3,31.39,30.64,31.16,180860100,5597110000
2026-05-20,30.53,30.64,29.92,30.39,314489700,9501730600
2026-05-21,30.91,31.25,29.93,29.99,295615500,9083222800
2026-05-22,30.16,31.14,29.88,30.96,268103900,8208476900
2026-05-25,31.64,32,31.09,31.35,284046200,8946274100
2026-05-26,31.16,32.98,31.02,32.9,443721600,1.43194685e+10
2026-05-27,32.58,32.89,31.53,31.62,261696600,8367170300
2026-05-28,31,31.2,30.08,30.71,310990900,9528322200
2026-05-29,31.32,31.38,30.18,30.44,261025000,7984252000
2026-06-01,30.22,30.7,30.12,30.19,175162200,5318626900
2026-06-02,30.36,31.74,30.12,31.58,333321400,1.03477901e+10
2026-06-03,31.01,31.82,30.95,31.27,252980300,7954144000
2026-06-04,30.9,30.95,30.22,30.34,206216600,6275998600
2026-06-05,30.3,30.85,29.53,29.63,271621300,8155837800
2026-06-08,28.28,28.73,27.58,28.05,377532000,1.06524725e+10
2026-06-09,28.14,28.53,27.6,28.47,251316100,7048918800
2026-06-10,27.6,28,27.2,27.7,304408800,8386456600
2026-06-11,27.2,27.69,26.8,27.33,323143100,8806739100
2026-06-12,28.09,29.76,27.81,29.09,509853900,1.47179831e+10
2026-06-15,30.54,31.35,30.4,31.31,571475600,1.7720188e+10
2026-06-16,31,31.1,30.2,30.29,292271500,8968397200
2026-06-17,30.5,30.95,30.12,30.43,222981700,6805840600
2026-06-18,29.96,30.98,29.28,29.69,362067500,1.0845891e+10
2026-06-22,29.25,30.5,28.55,30.44,391847600,1.16017092e+10
2026-06-23,29.95,30,27.64,27.75,494740200,1.40863995e+10
2026-06-24,27.41,27.97,27.33,27.65,284609600,7851243200
2026-06-25,26.51,26.76,25.73,25.92,576070000,1.50371986e+10
2026-06-26,25.9,25.9,24.86,25.1,352820800,8938947900
2026-06-29,25.35,25.96,24.98,25.79,323292700,8244862300
2026-06-30,25.05,25.26,24.7,25.14,310705700,7754864700
2026-07-01,24.85,25.55,24.42,25.11,338908400,8468766400
2026-07-02,25.61,26.96,25.52,26.3,506741700,1.33016477e+10
2026-07-03,27.5,28.3,27.41,27.82,538652000,1.50699828e+10
2026-07-06,27.64,29.19,27.62,28.28,370091300,1.05780586e+10
2026-07-07,27.8,28.11,27.43,27.62,223542200,6197952100
2026-07-08,27.12,28.03,26.8,27.36,196981800,5419862400
2026-07-09,26.82,27.7,26.55,27.62,251499700,6837329700
2026-07-10,28,28.45,27.08,27.72,265710000,7383491300
2026-07-13,27.23,27.63,26.74,27.36,213023800,5804744900
2026-07-14,26.88,29.29,26.75,29.06,380320500,1.072581e+10
2026-07-15,29.06,29.34,28.56,28.83,268349100,7773489900
2026-07-16,28.82,29.59,28.79,29.25,265439000,7773402400
2026-07-17,28.65,28.82,27.92,28.36,290416900,8241056100
2026-07-20,28.36,29.45,28.29,29.35,275768300,7992030500
2026-07-21,29.95,30.33,29.13,30.21,342667000,1.01942886e+10
2026-07-22,30.81,32.79,30.81,32.2,526165800,1.68515826e+10
2026-07-23,32.52,33.68,31.92,33.06,439447600,1.44966091e+10
2026-07-24,31.74,32.09,30.97,31.51,401039300,1.26024964e+10
2026-07-27,32.45,32.45,31.13,31.77,231658900,7315150800
2026-07-28,31.2,31.8,31.03,31.69,187063000,5875930600
2026-07-29,31.94,32.29,31.18,32.15,215616300,6859408300
2026-07-30,32.63,33.18,32.01,32.7,284298000,9237898400
2026-07-31,32.38,33.48,32.27,32.95,284247900,9347571700
2026-08-03,32.7,32.94,31.69,32.55,219541900,7095706500
2026-08-04,32.45,32.85,31.85,32.12,206659800,6641972300
