date,open,high,low,close,volume,amount
2019-07-22,85.05,136.74,57.53,95.99,11815463.0,1663379500.0
2019-07-23,80.35,96.36,80.35,88.93,6266484.0,921436400.0
2019-07-24,89.21,94.78,86.05,94.01,5116062.0,769162899.9999999
2019-07-25,94.11,101.76,92.09,96.51,5625230.0,897317300.0
2019-07-26,95.07,95.07,86.39,87.5,3974635.0,597075400.0
2019-07-29,89.61,95.11,88.4,93.08,3663184.0,560176800.0
2019-07-30,92.97,113.23,91.43,109.56,6808210.0,1115519900.0
2019-07-31,104.62,108.52,101.98,107.29,5478781.0,948545500.0
2019-08-01,104.51,113.9,103.25,111.68,5356935.0,956282500.0
2019-08-02,107.99,123.52,107.87,113.75,7253345.0,1352160900.0
2019-08-05,112.58,115.92,103.84,114.01,4957536.0,904795000.0
2019-08-06,111.82,118.74,104.51,104.51,5978572.0,1102815500.0
2019-08-07,107.19,108.2,97.13,102.16,3674872.0,615929200.0
2019-08-08,102.5,106.25,99.68,99.74,3049628.0,515052600.0
2019-08-09,101.22,105.09,98.33,99.62,2917556.0,487711200.0
2019-08-12,99.56,100.48,90.13,93.1,3276636.0,507452100.0
2019-08-13,91.76,94.17,90.2,93.97,2031067.0,311684000.0
2019-08-14,95.02,97.66,93.77,95.23,2049227.0,323566000.0
2019-08-15,93.44,97.69,92.43,96.39,1916684.0,303825100.0
2019-08-16,95.78,97.52,93.79,95.29,1771065.0,279641400.0
2019-08-19,95.11,96.02,91.55,95.14,1901120.0,294904300.0
2019-08-20,95.12,95.5,93.57,93.64,1245549.0,194361500.0
2019-08-21,93.64,94.04,87.09,87.36,2176855.0,323738100.0
2019-08-22,87.39,88.15,85.16,85.2,1315677.0,188962200.0
2019-08-23,85.35,86.01,80.58,81.27,1897451.0,263914600.0
2019-08-26,80.52,87.03,80.52,86.08,2258574.0,318182700.0
2019-08-27,86.39,86.39,84.14,85.78,1339316.0,190641500.0
2019-08-28,85.69,88.13,84.9,84.9,1464203.0,211374100.0
2019-08-29,83.07,85.44,82.56,84.11,1165243.0,163476600.0
2019-08-30,84.34,90.15,83.57,88.56,2654246.0,386097300.00000006
2019-09-02,88.4,89.05,86.78,88.72,1358094.0,198812500.0
2019-09-03,88.74,97.68,87.85,96.46,3291379.0,513453200.0
2019-09-04,95.74,96.3,92.8,93.33,1726512.0,268728600.0
2019-09-05,93.68,95.41,92.78,93.12,1438371.0,223211300.0
2019-09-06,93.54,94.43,89.74,89.75,1439469.0,219034900.00000003
2019-09-09,89.76,91.19,88.65,90.03,1072510.0,160210100.0
2019-09-10,89.97,92.7,89.95,90.31,935060.0,141144400.0
2019-09-11,90.01,92.43,88.17,88.17,921153.0,136439400.0
2019-09-12,88.94,88.94,85.06,85.48,1089793.0,157016600.0
2019-09-16,85.05,86.98,84.58,86.6,690454.0,99429300.0
2019-09-17,86.66,90.27,86.66,87.39,1232217.0,181401900.0
2019-09-18,85.92,87.65,83.03,83.23,1377105.0,193637400.00000003
2019-09-19,83.35,85.64,82.6,84.11,783435.0,110464700.0
2019-09-20,83.58,84.71,83.3,84.1,564244.0,79211300.0
2019-09-23,84.04,84.71,83.25,83.98,466375.0,65341300.0
2019-09-24,84.56,88.3,83.84,87.1,1523135.0,220276699.99999997
2019-09-25,87.06,88.31,85.05,85.11,742154.0,106527500.0
2019-09-26,85.78,85.99,80.6,80.62,1072788.0,147551900.0
2019-09-27,81.69,82.83,80.7,81.62,536527.0,73565200.0
2019-09-30,81.62,81.68,75.65,77.18,926539.0,121587400.0
2019-10-08,77.08,77.53,76.05,76.24,375711.0,48720100.0
2019-10-09,76.91,77.58,75.85,77.3,346899.0,45132000.0
2019-10-10,77.99,82.23,76.72,80.94,968123.0,131205400.00000001
2019-10-11,80.33,82.29,79.95,80.25,611859.0,83103500.0
2019-10-14,80.36,83.28,79.88,82.28,736818.0,101124700.0
2019-10-15,81.69,82.69,81.1,82.2,558689.0,76858600.0
2019-10-16,82.16,82.23,79.66,79.66,774192.0,105056299.99999999
2019-10-17,79.38,82.89,78.58,82.7,1160229.0,158748900.0
2019-10-18,82.03,90.65,81.84,88.07,2635249.0,386172100.0
2019-10-21,87.73,90.41,85.27,90.08,1667211.0,243857599.99999997
2019-10-22,89.74,90.41,86.39,88.17,1395358.0,205592900.0
2019-10-23,87.53,91.96,84.84,89.81,2041309.0,300214500.0
2019-10-24,88.54,90.34,85.23,85.39,1369896.0,199717800.0
2019-10-25,85.05,85.64,81.81,81.81,895780.0,124861299.99999999
2019-10-28,82.37,85.68,81.23,84.29,994809.0,139511400.0
2019-10-29,84.15,86.19,83.37,84.21,951635.0,134992400.0
2019-10-30,83.37,85.88,81.7,81.99,809484.0,113864400.0
2019-10-31,81.69,81.7,76.46,76.99,1327524.0,176157400.00000003
2019-11-01,76.25,79.14,76.09,78.13,522023.0,68676900.0
2019-11-04,78.49,82.52,78.49,82.43,1133145.0,154801300.0
2019-11-05,82.94,82.94,80.79,81.21,621196.0,85000000.0
2019-11-06,81.04,84.83,80.35,82.9,890307.0,123543400.0
2019-11-07,83.03,83.89,81.9,83.03,511643.0,71027000.0
2019-11-08,83.11,85.58,82.52,83.6,708830.0,99838900.0
2019-11-11,83.03,83.11,77.92,78.01,843186.0,112836600.0
2019-11-12,78.05,80.68,78.0,79.21,464870.0,62095600.00000001
2019-11-13,79.86,80.68,78.36,79.41,496977.0,66598200.0
2019-11-14,80.09,83.37,79.11,82.63,1007833.0,138613400.0
2019-11-15,82.36,84.24,81.9,82.69,672496.0,93767099.99999999
2019-11-18,83.32,86.02,82.09,84.11,818220.0,115664800.0
2019-11-19,84.57,86.72,83.71,86.19,908683.0,129905900.0
2019-11-20,86.66,86.66,83.77,84.21,727754.0,103305500.0
2019-11-21,84.24,87.73,83.71,85.3,943958.0,135646300.0
2019-11-22,84.73,85.93,79.68,81.13,1045553.0,144194500.0
2019-11-25,81.02,81.02,77.84,78.63,627722.0,83377300.0
2019-11-26,78.87,79.67,78.19,78.82,290368.0,38558700.0
2019-11-27,78.57,79.67,78.33,79.35,249762.0,33266500.0
2019-11-28,79.35,81.19,79.35,80.07,312710.0,42202900.0
2019-11-29,80.01,80.27,77.37,77.69,500539.0,65958600.0
2019-12-02,77.7,78.69,77.11,77.2,337947.0,44326899.99999999
2019-12-03,76.99,77.55,74.9,76.32,489584.0,62908500.0
2019-12-04,75.52,77.07,75.18,76.69,370631.0,47874200.0
2019-12-05,76.82,78.33,75.7,77.66,515407.0,67058700.0
2019-12-06,78.32,79.31,77.53,78.52,502957.0,66542600.0
2019-12-09,79.0,80.27,78.37,79.92,473774.0,63524000.0
2019-12-10,80.01,85.37,79.42,82.8,1214407.0,169001900.0
2019-12-11,82.6,83.77,80.78,81.07,524608.0,71871400.0
2019-12-12,81.91,82.5,80.52,80.72,379010.0,51842700.00000001
2019-12-13,80.88,81.49,79.51,80.4,494053.0,66509900.0
2019-12-16,80.75,82.08,80.62,81.82,380570.0,52084799.99999999
2019-12-17,82.03,82.82,81.49,82.74,616279.0,84991400.0
2019-12-18,83.03,85.78,82.76,84.05,965424.0,136483700.0
2019-12-19,84.78,84.82,82.84,83.84,483347.0,67644600.0
2019-12-20,83.39,85.57,83.37,84.84,576174.0,81493100.0
2019-12-23,84.78,87.04,83.44,84.95,839269.0,119965200.0
2019-12-24,84.83,86.65,83.7,85.37,561065.0,79875100.0
2019-12-25,83.84,86.96,83.84,86.76,682052.0,98186200.00000001
2019-12-26,86.64,87.73,85.77,86.39,554198.0,80060300.0
2019-12-27,87.06,90.4,87.06,87.06,1080401.0,159466800.0
2019-12-30,86.99,87.06,83.52,87.05,557491.0,79654600.0
2019-12-31,86.72,89.71,86.53,88.37,467700.0,69087500.0
2020-01-02,89.07,89.39,87.76,88.86,419683.0,61846500.0
2020-01-03,89.53,89.53,85.96,86.53,643495.0,93489700.0
2020-01-06,86.04,87.33,85.38,85.64,553292.0,79406500.0
2020-01-07,86.23,86.44,85.44,86.32,413917.0,59359100.0
2020-01-08,85.78,86.27,85.11,85.46,510405.0,72965000.0
2020-01-09,86.29,89.74,85.8,89.21,1012377.0,148972200.0
2020-01-10,88.48,90.33,88.48,89.22,510833.0,75824900.0
2020-01-13,89.01,92.86,88.22,92.07,797467.0,120046299.99999999
2020-01-14,92.13,96.19,91.02,94.27,1039576.0,160831600.0
2020-01-15,93.76,100.48,93.01,97.88,1375035.0,220546900.0
2020-01-16,97.8,99.78,96.12,97.57,861517.0,139177900.0
2020-01-17,99.14,105.66,97.79,102.55,1096586.0,183758100.0
2020-01-20,100.48,105.44,100.48,102.1,1190914.0,202059500.0
2020-01-21,103.09,106.84,101.17,102.85,948069.0,162272200.0
2020-01-22,101.6,103.92,92.44,102.03,1423469.0,232329500.0
2020-01-23,101.15,107.19,97.19,99.59,987918.0,165984300.0
2020-02-03,87.73,93.69,79.68,89.15,1206476.0,178954700.0
2020-02-04,89.15,96.9,88.17,95.95,787134.0,122916299.99999999
2020-02-05,100.72,105.18,98.47,101.86,1028213.0,172514199.99999997
2020-02-06,101.82,106.98,100.75,101.59,1011796.0,171825300.0
2020-02-07,100.48,106.46,100.48,104.51,928056.0,157811700.0
2020-02-10,105.85,109.21,101.84,102.7,854656.0,146724700.0
2020-02-11,102.83,103.03,97.72,97.82,971812.0,158183800.0
2020-02-12,99.07,101.09,97.8,100.41,577212.0,94785700.0
2020-02-13,100.08,105.05,99.17,101.6,725231.0,121284000.0
2020-02-14,101.15,103.46,98.5,100.05,766933.0,126137800.0
2020-02-17,98.7,107.78,98.7,107.54,1513953.0,259953300.00000003
2020-02-18,109.2,113.23,106.15,110.86,1067854.0,191235600.0
2020-02-19,109.88,114.61,107.86,107.86,970358.0,176180600.0
2020-02-20,108.52,114.26,105.18,112.62,1022065.0,183067400.00000003
2020-02-21,111.91,115.65,110.85,112.82,901404.0,166238600.0
2020-02-24,111.9,115.9,108.21,109.3,968726.0,177084500.0
2020-02-25,107.52,112.74,105.52,110.52,828996.0,147790900.0
2020-02-26,109.12,112.56,103.84,104.84,716053.0,127016700.0
2020-02-27,104.58,106.52,99.81,102.76,848429.0,142802400.0
2020-02-28,99.5,104.37,98.56,101.15,754676.0,126313100.0
2020-03-02,101.34,105.12,101.34,103.54,538321.0,91568799.99999999
2020-03-03,105.86,110.54,104.6,110.44,773088.0,135609000.0
2020-03-04,109.88,109.88,104.68,107.33,554869.0,97069599.99999999
2020-03-05,109.05,109.44,105.52,108.37,538405.0,94497200.0
2020-03-06,107.2,110.47,106.59,107.06,451788.0,80147500.0
2020-03-09,105.11,106.45,98.0,99.54,656101.0,109748200.0
2020-03-10,97.27,101.91,95.92,100.76,586862.0,95171400.0
2020-03-11,101.6,103.6,99.81,100.76,383951.0,64345700.0
2020-03-12,98.68,100.76,94.96,95.9,441976.0,70942600.0
2020-03-13,90.41,100.84,89.14,100.65,661480.0,104265700.0
2020-03-16,103.01,104.84,93.7,95.52,567335.0,93464500.0
2020-03-17,97.13,98.13,90.41,92.89,647750.0,99200900.0
2020-03-18,93.77,95.78,91.09,91.09,441184.0,68506700.0
2020-03-19,91.01,92.76,86.68,89.5,435747.0,64523200.0
2020-03-20,89.68,91.76,89.15,91.4,251462.0,37822800.0
2020-03-23,90.41,93.05,87.94,90.9,388965.0,58459900.0
2020-03-24,93.77,95.1,90.01,92.41,372777.0,57122400.0
2020-03-25,94.58,95.74,93.78,94.99,277531.0,43544200.0
2020-03-26,94.45,95.78,93.9,95.37,219775.0,34534000.0
2020-03-27,96.79,99.13,95.12,98.07,365183.0,58666800.0
2020-03-30,95.58,97.79,91.84,95.78,389434.0,61140800.0
2020-03-31,94.98,97.05,92.78,94.64,323214.0,50419900.0
2020-04-01,92.97,95.31,92.01,92.97,201439.0,31106700.0
2020-04-02,92.97,97.13,90.61,96.38,414453.0,64629600.0
2020-04-03,96.46,97.46,94.44,96.01,262820.0,41486899.99999999
2020-04-07,97.8,98.21,96.48,97.8,278164.0,44684799.99999999
2020-04-08,97.38,97.74,93.99,94.11,287684.0,45435600.00000001
2020-04-09,95.2,100.48,93.74,99.22,586087.0,93939500.0
2020-04-10,99.23,105.05,98.87,102.28,694039.0,116776900.0
2020-04-13,101.82,105.05,100.49,104.85,383203.0,64937400.0
2020-04-14,105.13,108.13,102.91,106.99,434678.0,75177800.0
2020-04-15,107.13,107.86,102.33,102.5,476605.0,81421600.0
2020-04-16,101.27,104.91,101.27,103.27,318913.0,54177299.99999999
2020-04-17,103.17,105.11,103.17,103.88,263984.0,44942700.00000001
2020-04-20,103.85,105.85,102.71,104.62,238022.0,40622400.0
2020-04-21,103.5,105.72,101.98,103.56,234327.0,39847300.0
2020-04-22,103.1,107.19,102.63,106.27,305785.0,52900500.0
2020-04-23,106.25,110.27,106.25,108.17,401402.0,71146900.0
2020-04-24,108.74,108.83,105.86,106.06,258962.0,45286700.0
2020-04-27,116.58,121.71,110.95,118.6,1177153.0,222273600.0
2020-04-28,116.31,125.98,111.22,119.27,976581.0,188811800.0
2020-04-29,120.58,125.23,118.6,121.28,792592.0,156852600.0
2020-04-30,119.95,124.6,117.26,118.62,788900.0,153026200.0
2020-05-06,118.0,136.59,118.0,136.27,976376.0,202416100.0
2020-05-07,133.37,135.05,127.9,129.51,772970.0,162625300.0
2020-05-08,128.95,134.04,128.95,129.41,604354.0,126907600.0
2020-05-11,129.34,133.36,126.78,128.17,533190.0,111690000.0
2020-05-12,128.2,138.92,127.34,136.97,706261.0,152678900.0
2020-05-13,137.36,150.18,135.38,144.33,893144.0,204086500.0
2020-05-14,140.75,147.8,139.41,146.79,759961.0,174410700.0
2020-05-15,146.78,149.48,143.77,145.95,593819.0,138557100.0
2020-05-18,146.27,149.27,138.74,141.54,831538.0,189257599.99999997
2020-05-19,142.28,147.45,139.43,146.89,838559.0,192264800.0
2020-05-20,146.12,152.48,142.27,144.1,785402.0,184828600.0
2020-05-21,142.86,152.11,141.43,141.77,784573.0,183426200.0
2020-05-22,140.08,143.1,132.76,137.8,880308.0,193797000.0
2020-05-25,137.73,148.67,136.06,145.7,682957.0,156222100.0
2020-05-26,143.44,166.19,142.97,161.24,1036820.0,260056900.0
2020-05-27,161.56,161.69,155.52,155.67,601740.0,150795200.0
2020-05-28,155.25,158.87,149.48,154.87,543403.0,132448600.0
2020-05-29,153.45,161.48,151.7,158.2,660950.0,164947000.0
2020-06-01,160.08,166.92,156.46,160.01,604034.0,153885400.0
2020-06-02,159.02,162.18,156.2,160.19,423744.0,106539500.0
2020-06-03,159.88,167.01,159.12,159.68,587465.0,152073600.0
2020-06-04,160.88,164.91,157.53,158.2,380675.0,96586700.0
2020-06-05,158.87,161.62,152.84,154.51,563350.0,140076800.0
2020-06-08,154.84,155.38,150.84,151.49,573009.0,139176200.0
2020-06-09,151.49,160.77,151.49,159.07,463249.0,115858100.0
2020-06-10,159.07,162.89,155.52,159.52,293793.0,74225700.0
2020-06-11,158.21,161.56,154.82,157.48,404990.0,100925800.0
2020-06-12,157.53,163.47,154.19,162.64,587068.0,149541600.0
2020-06-15,165.68,167.46,159.9,164.24,522120.0,135441100.0
2020-06-16,164.25,178.2,162.23,177.88,725730.0,197969800.0
2020-06-17,176.03,185.64,175.66,180.47,618001.0,174906300.0
2020-06-18,179.86,181.02,172.87,179.11,356500.0,99206000.0
2020-06-19,179.11,190.73,179.01,186.37,471583.0,137955600.0
2020-06-22,189.51,197.29,185.68,190.29,533034.0,159748400.0
2020-06-23,186.84,217.49,186.84,215.74,1074934.0,344729500.0
2020-06-24,215.01,221.05,206.66,212.53,604343.0,199667599.99999997
2020-06-29,211.66,217.01,206.38,216.15,566543.0,186330800.00000003
2020-06-30,215.26,229.25,213.92,223.24,667988.0,232638200.0
2020-07-01,223.68,241.05,219.04,229.78,774749.0,277374500.0
2020-07-02,229.78,232.46,198.32,206.29,1286552.0,426184700.0
2020-07-03,202.93,209.64,193.4,204.95,991799.0,314269400.0
2020-07-06,204.27,209.5,199.58,206.29,601606.0,193195300.0
2020-07-07,206.21,222.57,201.59,213.6,1070411.0,351242500.0
2020-07-08,213.6,230.45,210.65,218.36,1008574.0,344148600.0
2020-07-09,218.37,223.17,211.69,221.76,858765.0,289386600.0
2020-07-10,219.68,227.5,216.03,221.04,694505.0,239854700.0
2020-07-13,219.53,219.71,206.97,213.8,1196468.0,394823300.0
2020-07-14,211.65,211.65,204.95,208.7,726076.0,235305600.0
2020-07-15,206.82,221.34,206.58,210.39,856979.0,285810500.0
2020-07-16,207.97,210.37,177.46,177.5,1332555.0,394763800.0
2020-07-17,182.46,194.88,178.77,181.79,1243041.0,365565000.0
2020-07-20,184.09,190.85,173.9,189.48,759275.0,218437700.0
2020-07-21,190.4,197.56,186.39,197.14,696963.0,211956300.0
2020-07-22,192.73,200.33,190.32,192.19,1403829.0,426732300.00000006
2020-07-23,190.52,199.06,190.19,195.97,771044.0,234199800.0
2020-07-24,193.94,194.14,174.41,177.42,1085790.0,312507100.0
2020-07-27,178.1,179.26,170.05,171.93,932180.0,256437599.99999997
2020-07-28,172.01,173.74,168.07,173.0,1375205.0,370679400.0
2020-07-29,175.09,193.54,175.09,193.5,1324652.0,387248300.0
2020-07-30,193.5,197.53,188.17,190.15,676315.0,204432599.99999997
2020-07-31,187.24,199.24,187.24,195.21,889850.0,272341600.0
2020-08-03,195.93,217.03,193.74,210.99,1082476.0,346680899.99999994
2020-08-04,208.3,217.68,200.27,203.6,947960.0,308141900.0
2020-08-05,200.25,204.97,194.21,197.35,957383.0,297781100.0
2020-08-06,198.17,200.33,193.48,195.55,585661.0,180164300.0
2020-08-07,189.84,189.84,178.9,183.95,874591.0,253306100.0
2020-08-10,180.39,187.66,176.4,183.8,672472.0,191292300.0
2020-08-11,183.13,187.35,175.5,176.09,519475.0,148117500.0
2020-08-12,174.74,181.46,169.46,179.01,757297.0,209811900.0
2020-08-13,180.35,181.91,176.09,177.83,402199.0,113040000.0
2020-08-14,178.77,181.35,172.14,176.49,455910.0,125726700.0
2020-08-17,176.13,179.11,173.13,176.62,405469.0,112191000.0
2020-08-18,176.77,181.33,175.79,178.23,719911.0,202438600.0
2020-08-19,178.24,178.24,171.39,174.85,432843.0,119216100.0
2020-08-20,174.61,175.94,166.69,166.69,644551.0,174192000.0
2020-08-21,168.25,171.51,166.03,167.11,616869.0,164167400.00000003
2020-08-24,166.01,170.56,161.99,167.64,467783.0,123449100.0
2020-08-25,167.62,170.31,165.57,167.0,405668.0,107585300.0
2020-08-26,167.39,169.66,162.7,164.46,675272.0,177358600.0
2020-08-27,166.59,180.01,164.91,177.32,1039673.0,286276500.0
2020-08-28,176.09,179.15,175.5,178.1,536210.0,149834200.0
2020-08-31,178.1,180.7,171.06,173.4,854924.0,235616699.99999997
2020-09-01,173.74,177.43,171.46,177.26,529230.0,146703100.0
2020-09-02,176.76,180.23,175.41,176.79,373911.0,104327099.99999999
2020-09-03,177.68,178.1,172.99,176.68,532243.0,147231700.0
2020-09-04,173.4,175.37,169.45,173.74,482279.0,130974400.0
2020-09-07,171.6,173.39,162.7,164.09,630120.0,167095000.0
2020-09-08,164.09,167.36,161.99,163.92,393448.0,102139599.99999999
2020-09-09,163.33,163.33,154.27,155.41,652965.0,163080100.0
2020-09-10,157.97,160.31,153.27,153.27,435302.0,108128000.0
2020-09-11,152.6,157.62,148.42,156.62,563406.0,137180400.0
2020-09-14,159.93,171.38,159.91,163.33,978842.0,256542200.0
2020-09-15,162.66,167.35,159.37,164.19,652098.0,168821699.99999997
2020-09-16,163.96,169.24,163.67,164.58,427542.0,111819900.0
2020-09-17,165.2,167.98,161.99,165.55,561744.0,146943000.0
2020-09-18,165.87,171.91,164.19,171.71,707538.0,188966400.0
2020-09-21,171.39,172.73,168.03,168.03,433779.0,115843900.0
2020-09-22,168.7,174.66,166.97,170.63,595020.0,161228000.0
2020-09-23,170.85,174.37,169.72,170.7,923063.0,250671100.0
2020-09-24,169.37,171.72,164.2,164.23,644387.0,170185000.0
2020-09-25,165.01,166.31,158.09,158.3,709733.0,180982400.00000003
2020-09-28,159.31,160.89,155.93,160.02,476624.0,119766100.0
2020-09-29,160.94,168.09,159.31,164.5,664465.0,173044000.0
2020-09-30,166.61,174.07,166.09,170.18,741018.0,199227599.99999997
2020-10-09,174.07,176.75,170.72,174.7,724640.0,197663900.0
2020-10-12,175.4,178.1,170.8,176.97,902974.0,247854800.0
2020-10-13,176.96,184.8,175.48,184.34,952893.0,269865000.0
2020-10-14,183.47,189.51,182.12,186.41,536189.0,156606000.0
2020-10-15,184.82,186.68,181.1,182.79,578345.0,166385400.0
2020-10-16,180.25,189.5,180.25,181.46,678232.0,196804600.0
2020-10-19,180.49,181.46,172.73,174.31,799944.0,220602800.0
2020-10-20,174.24,183.52,172.17,183.39,853252.0,241373500.0
2020-10-21,183.51,186.13,179.78,180.03,502485.0,143607900.0
2020-10-22,178.49,183.32,170.3,172.06,656261.0,179173300.00000003
2020-10-23,173.74,174.33,158.5,161.7,1020437.0,267084500.0
2020-10-26,161.35,164.14,154.83,162.07,494922.0,125584100.0
2020-10-27,162.08,168.03,162.08,167.03,402201.0,105486299.99999999
2020-10-28,168.4,174.39,167.35,172.39,660618.0,177392100.0
2020-10-29,171.39,172.97,166.89,170.92,566113.0,152163800.0
2020-10-30,174.08,174.08,167.57,169.9,618724.0,165258900.0
2020-11-02,170.58,172.57,164.08,164.21,609886.0,161042300.0
2020-11-03,163.9,171.64,163.9,169.95,913759.0,245021699.99999997
2020-11-04,170.93,173.79,167.75,171.9,775737.0,208768800.0
2020-11-05,174.41,180.77,173.9,175.23,816664.0,227182100.0
2020-11-06,172.31,172.31,141.9,149.37,2422550.0,588527400.0
2020-11-09,145.88,161.32,138.5,157.75,1742524.0,416980600.0
2020-11-10,156.62,161.23,154.95,155.41,621113.0,155196500.0
2020-11-11,152.43,157.24,146.03,146.56,678748.0,160737300.0
2020-11-12,148.12,151.76,146.56,148.18,427067.0,101443100.0
2020-11-13,146.57,149.91,144.54,148.58,414232.0,97453900.0
2020-11-16,161.99,161.99,146.56,152.8,794036.0,192351400.0
2020-11-17,154.61,155.95,149.37,154.52,485549.0,117666000.0
2020-11-18,154.5,155.86,147.56,150.41,422887.0,101524900.0
2020-11-19,149.91,152.15,148.57,150.13,300872.0,71616200.0
2020-11-20,149.77,155.72,149.77,154.08,381261.0,93065300.0
2020-11-23,154.08,154.1,148.9,150.02,367563.0,87866900.0
2020-11-24,149.37,149.89,138.92,142.33,1010091.0,228139100.0
2020-11-25,140.74,140.74,122.73,129.07,1940813.0,395282200.0
2020-11-26,125.82,133.46,125.75,131.8,954253.0,199536400.0
2020-11-27,133.93,136.82,130.38,135.22,615469.0,132985600.0
2020-11-30,135.22,139.84,131.82,136.83,1057439.0,232093100.0
2020-12-01,137.7,147.9,135.35,146.66,829593.0,190166500.0
2020-12-02,147.48,150.01,145.22,148.03,548612.0,128892400.0
2020-12-03,147.66,149.99,145.43,145.8,337138.0,79144300.0
2020-12-04,145.21,150.92,145.21,147.9,441521.0,104268200.0
2020-12-07,147.36,153.2,145.92,150.49,512383.0,121670700.0
2020-12-08,150.5,152.4,148.2,151.18,555657.0,132593600.0
2020-12-09,152.9,155.95,146.11,146.59,759177.0,179785700.0
2020-12-10,146.56,149.24,139.84,140.92,927665.0,211310400.0
2020-12-11,143.2,146.34,135.82,139.84,924232.0,208485800.00000003
2020-12-14,141.19,150.58,139.18,149.46,1159502.0,271256400.0
2020-12-15,151.17,159.1,149.78,156.02,979468.0,240436600.0
2020-12-16,156.02,165.01,154.82,164.01,1081224.0,273757600.0
2020-12-17,163.68,170.05,163.68,169.49,678759.0,179058400.0
2020-12-18,168.7,170.58,160.48,167.05,588599.0,154617700.0
2020-12-21,168.03,168.7,163.23,166.83,576202.0,150491600.0
2020-12-22,167.66,170.05,165.82,166.39,490258.0,129870500.0
2020-12-23,166.49,168.56,161.66,164.68,382995.0,99459700.0
2020-12-24,163.35,167.23,157.51,162.03,550845.0,139910900.0
2020-12-25,161.95,164.29,157.62,163.63,319337.0,81337200.0
2020-12-28,163.31,163.31,154.14,162.42,495800.0,124647500.0
2020-12-29,162.39,167.57,157.6,162.64,595121.0,153096100.0
2020-12-30,163.27,164.44,156.76,162.29,659985.0,166798800.0
2020-12-31,161.62,163.47,158.04,158.77,543921.0,137739100.0
2021-01-04,159.27,166.35,158.03,158.99,860405.0,218908000.0
2021-01-05,158.64,168.41,157.98,164.81,1107535.0,288123000.0
2021-01-06,167.22,176.09,162.33,172.73,1255276.0,334092699.99999994
2021-01-07,174.08,181.46,168.71,168.82,984505.0,271805800.0
2021-01-08,169.24,172.64,157.39,164.68,874318.0,227391400.0
2021-01-11,162.33,185.95,160.54,182.13,1287383.0,356990899.99999994
2021-01-12,182.47,189.23,177.45,182.8,919265.0,265556699.99999997
2021-01-13,182.13,186.27,169.36,179.21,1161305.0,320754500.0
2021-01-14,178.1,197.99,176.61,193.54,1184186.0,350676100.0
2021-01-15,196.56,196.56,186.82,192.86,435080.0,130537800.0
2021-01-18,191.52,198.23,188.84,193.4,613419.0,185846699.99999997
2021-01-19,193.4,193.4,184.88,190.84,527465.0,156076500.0
2021-01-20,188.84,204.19,188.17,201.46,531211.0,165524199.99999997
2021-01-21,204.19,204.19,192.8,194.56,552405.0,170009199.99999997
2021-01-22,191.52,211.66,191.52,208.8,602432.0,192158300.00000003
2021-01-25,209.51,217.62,208.64,216.52,666531.0,222287500.0
2021-01-26,223.07,225.07,200.84,200.92,729825.0,240956699.99999997
2021-01-27,201.59,202.26,189.52,192.29,520936.0,158731600.0
2021-01-28,189.35,197.75,184.81,187.97,818989.0,248240800.00000003
2021-01-29,187.83,197.19,181.46,184.16,616661.0,182324800.0
2021-02-01,183.32,186.41,176.13,180.09,778361.0,220787100.0
2021-02-02,181.46,187.49,172.36,184.41,759010.0,217195400.0
2021-02-03,183.47,189.8,178.1,186.68,590506.0,172112300.0
2021-02-04,186.17,188.48,173.4,175.21,658914.0,185606100.0
2021-02-05,176.63,187.33,175.41,180.99,566815.0,162584000.0
2021-02-08,180.86,184.8,176.32,180.7,475934.0,135066200.0
2021-02-09,180.78,183.33,174.88,179.66,705888.0,198045900.0
2021-02-10,179.43,188.76,176.8,187.02,578951.0,167181000.0
2021-02-18,188.17,188.82,162.9,166.35,1442942.0,387825400.0
2021-02-19,168.03,183.46,166.03,179.98,906600.0,252021600.0
2021-02-22,177.14,184.81,171.41,180.35,600019.0,168312000.0
2021-02-23,180.32,184.6,172.73,181.46,437737.0,124117400.0
2021-02-24,182.29,192.06,179.45,182.8,953263.0,277484400.0
2021-02-25,180.78,185.69,169.72,178.09,1019154.0,282106000.0
2021-02-26,174.75,181.46,167.27,171.39,556202.0,152369100.0
2021-03-01,173.13,183.8,172.37,176.39,815722.0,230703600.0
2021-03-02,179.44,191.25,176.09,179.91,840104.0,241344900.00000003
2021-03-03,178.3,188.84,176.09,187.56,625751.0,181272300.0
2021-03-04,187.63,191.37,178.89,180.9,668906.0,193272300.0
2021-03-05,178.1,182.07,171.37,181.39,392378.0,109265500.0
2021-03-08,181.46,187.5,170.75,171.32,504319.0,141471500.0
2021-03-09,170.05,170.96,149.31,150.99,865871.0,218035200.0
2021-03-10,155.81,164.68,151.25,152.52,598134.0,148859600.0
2021-03-11,153.74,162.66,149.88,160.23,550851.0,138243500.0
2021-03-12,160.1,160.67,153.22,157.34,291230.0,72185500.0
2021-03-15,156.62,156.62,147.9,152.58,565509.0,136265000.0
2021-03-16,151.05,159.31,151.05,157.68,305397.0,75536700.0
2021-03-17,155.65,167.95,154.81,164.55,304310.0,78018800.0
2021-03-18,163.56,168.54,161.4,165.34,215111.0,56169200.0
2021-03-19,163.99,169.29,162.74,166.69,298145.0,78273700.0
2021-03-22,166.32,169.66,161.46,164.54,162103.0,42333900.0
2021-03-23,166.01,167.03,161.99,165.07,161814.0,42092400.0
2021-03-24,164.69,176.55,162.36,175.31,558532.0,152504800.0
2021-03-25,173.03,176.9,170.38,172.06,426465.0,115985900.0
2021-03-26,173.39,180.65,170.96,173.64,310552.0,86115000.0
2021-03-29,176.6,178.09,171.98,174.74,264015.0,72820600.0
2021-03-30,172.06,188.17,172.06,178.92,505693.0,144103900.0
2021-03-31,180.11,187.5,179.44,185.06,348263.0,100927600.0
2021-04-01,181.33,187.29,179.44,184.81,662664.0,191212400.00000003
2021-04-02,183.47,192.76,183.47,185.39,483375.0,141785000.0
2021-04-06,187.5,192.84,183.47,183.54,394946.0,115922700.0
2021-04-07,185.11,185.48,179.17,181.92,252409.0,71942100.0
2021-04-08,181.67,183.85,179.8,180.92,353555.0,101096800.0
2021-04-09,183.31,189.31,178.96,184.88,957880.0,279051700.0
2021-04-12,185.48,190.8,182.01,184.66,522743.0,152956100.0
2021-04-13,181.47,187.48,181.47,182.95,443317.0,128249500.0
2021-04-14,185.33,192.19,184.99,191.44,565409.0,168188300.00000003
2021-04-15,192.18,194.87,188.5,191.32,335406.0,100333600.0
2021-04-16,189.64,198.15,186.95,187.9,392848.0,117591700.0
2021-04-19,186.95,196.88,186.95,194.99,341746.0,103262300.0
2021-04-20,195.01,208.4,195.0,202.93,555131.0,175766200.0
2021-04-21,231.79,234.48,213.67,224.41,2488504.0,862421900.0
2021-04-22,222.19,227.76,218.45,223.23,1573767.0,544240300.0
2021-04-23,221.06,225.16,218.03,218.25,929069.0,318873100.0
2021-04-26,218.27,221.05,204.27,206.29,1383679.0,456265700.0
2021-04-27,204.88,213.0,204.28,210.37,964714.0,315846500.0
2021-04-28,212.26,215.35,206.96,207.9,586744.0,192714000.0
2021-04-29,210.09,218.01,205.62,215.11,665832.0,222470900.0
2021-04-30,223.85,224.33,206.69,214.11,804488.0,267489000.0
2021-05-06,210.93,219.67,210.5,215.21,605636.0,203385700.0
2021-05-07,215.21,215.21,202.26,203.33,617921.0,199414600.0
2021-05-10,206.96,209.56,202.26,204.29,542099.0,174186600.0
2021-05-11,202.94,208.84,200.07,207.86,442050.0,141813500.0
2021-05-12,205.74,211.64,203.05,209.71,474498.0,153720400.0
2021-05-13,207.08,211.99,206.09,210.65,551084.0,179956900.0
2021-05-14,214.1,216.22,207.74,209.66,504985.0,166812200.0
2021-05-17,209.78,228.87,209.64,219.37,745133.0,254588100.0
2021-05-18,222.74,223.54,216.36,222.39,387614.0,132617900.00000001
2021-05-19,220.38,230.31,218.54,220.22,396733.0,137933200.0
2021-05-20,220.03,237.89,219.05,235.45,756209.0,271958200.0
2021-05-21,235.51,239.84,227.23,233.13,782218.0,283849300.0
2021-05-24,231.8,242.75,221.86,241.02,876082.0,317403900.0
2021-05-25,239.04,243.03,237.21,242.52,452848.0,169158500.0
2021-05-26,242.49,242.49,231.27,236.3,540295.0,197687800.0
2021-05-27,237.64,241.07,232.87,238.77,378276.0,139554700.0
2021-05-28,238.56,243.0,232.17,235.84,478454.0,176037000.0
2021-05-31,235.84,242.86,235.35,241.19,523685.0,195274900.00000003
2021-06-01,242.52,272.32,241.19,268.7,1411338.0,568603000.0
2021-06-02,270.72,270.72,255.95,256.7,723065.0,292962500.0
2021-06-03,256.18,258.27,241.86,245.21,696269.0,269318200.0
2021-06-04,245.82,250.82,243.8,245.21,730225.0,278672700.0
2021-06-07,248.2,248.37,237.75,244.74,424715.0,158827800.0
2021-06-08,244.48,245.74,228.38,233.07,538420.0,197283300.00000003
2021-06-09,232.39,234.63,227.16,231.05,551140.0,196325200.0
2021-06-10,231.95,236.44,225.68,235.72,644713.0,230619300.0
2021-06-11,235.08,236.99,226.48,227.04,591261.0,210029700.0
2021-06-15,226.36,235.32,221.86,229.71,644605.0,229817900.0
2021-06-16,228.11,232.39,219.51,220.88,594317.0,206186699.99999997
2021-06-17,220.77,235.67,219.64,233.09,580615.0,207878600.0
2021-06-18,233.43,247.84,230.39,237.76,573781.0,214154900.00000003
2021-06-21,235.09,254.04,234.67,251.78,651719.0,251465400.0
2021-06-22,249.58,264.81,249.58,261.98,624978.0,249724400.0
2021-06-23,262.32,271.33,259.29,263.62,480310.0,196980200.0
2021-06-24,264.28,269.29,254.56,259.24,494003.0,198346600.0
2021-06-25,259.07,281.61,259.07,279.31,558265.0,236266699.99999997
2021-06-28,275.28,296.83,275.23,294.73,576110.0,258096200.0
2021-06-29,294.73,295.71,282.74,286.08,618316.0,272641400.0
2021-06-30,290.64,298.68,282.73,295.89,446194.0,201194600.0
2021-07-01,298.76,305.01,290.78,292.23,415052.0,189034700.0
2021-07-02,287.43,293.39,274.54,275.35,728442.0,313544200.0
2021-07-05,274.75,312.93,274.75,295.49,978068.0,446003900.0
2021-07-06,294.88,298.17,257.56,263.27,1134994.0,473860100.0
2021-07-07,263.27,281.17,261.26,272.38,1040823.0,437565700.0
2021-07-08,269.99,280.84,255.91,259.91,1117874.0,454482000.0
2021-07-09,257.99,265.2,252.55,257.63,714356.0,283941100.0
2021-07-12,256.56,264.82,248.97,254.46,1391309.0,549122200.0
2021-07-13,255.99,263.72,247.18,251.19,941960.0,367452100.0
2021-07-14,251.19,257.23,246.7,252.52,990252.0,385186400.0
2021-07-15,251.78,252.52,241.32,246.12,1260344.0,478041000.0
2021-07-16,246.49,248.5,224.34,233.73,1868434.0,672863400.0
2021-07-19,226.86,242.46,216.21,240.45,2322074.0,816037300.0
2021-07-20,238.44,238.44,212.76,219.94,2660602.0,913812300.0
2021-07-21,215.62,234.27,215.28,229.04,1402186.0,498301300.0
2021-07-22,228.78,229.71,211.59,214.95,1587411.0,534146100.0
2021-07-23,213.69,219.62,212.36,213.94,1074803.0,360205100.0
2021-07-26,213.13,220.31,200.86,210.21,1399774.0,454664900.0
2021-07-27,209.32,219.54,207.71,207.86,1095062.0,364268000.0
2021-07-28,207.23,211.44,194.58,203.54,1195673.0,377122000.0
2021-07-29,210.92,215.62,201.19,212.92,1323188.0,434355000.0
2021-07-30,210.65,210.65,190.11,195.8,1616879.0,493577200.0
2021-08-02,194.05,204.47,194.05,201.44,1320619.0,412038200.0
2021-08-03,200.25,206.91,191.89,202.8,1086253.0,338846900.0
2021-08-04,201.41,204.85,193.47,194.18,1438703.0,441530000.0
2021-08-05,192.13,200.85,189.44,197.09,1109958.0,340098100.0
2021-08-06,195.56,197.19,181.39,183.57,1594730.0,463450500.0
2021-08-09,183.75,200.52,182.43,198.74,1559033.0,477052000.0
2021-08-10,198.84,201.95,190.78,197.83,984241.0,300623100.0
2021-08-11,197.84,200.18,192.92,194.03,768202.0,234768400.0
2021-08-12,195.48,207.26,194.04,204.37,1336232.0,424851100.0
2021-08-13,202.2,206.22,192.93,196.74,1134735.0,349893100.0
2021-08-16,196.74,200.16,192.46,194.99,686996.0,209887300.0
2021-08-17,194.48,199.5,187.58,189.21,833922.0,252080000.0
2021-08-18,190.24,195.47,188.78,190.13,519866.0,155745900.0
2021-08-19,190.58,192.05,183.13,185.41,856774.0,248652900.0
2021-08-20,182.73,184.07,169.75,173.66,1906476.0,520386000.0
2021-08-23,172.68,188.69,171.99,185.91,1523259.0,436727900.0
2021-08-24,186.44,192.79,182.07,188.7,808378.0,237949199.99999997
2021-08-25,191.46,191.82,183.41,188.09,645883.0,188668100.0
2021-08-26,189.52,191.77,177.28,178.03,911142.0,258188800.0
2021-08-27,179.08,184.94,173.47,175.27,908961.0,254074900.00000003
2021-08-30,174.99,179.91,169.74,171.32,982695.0,266709600.0
2021-08-31,171.68,175.33,169.31,171.85,682849.0,184418000.0
2021-09-01,170.65,171.46,163.27,168.64,963363.0,253174199.99999997
2021-09-02,166.85,170.65,158.58,159.83,1435214.0,366625000.0
2021-09-03,161.27,169.3,159.2,163.94,1269566.0,329899100.00000006
2021-09-06,167.47,173.0,160.62,170.65,836938.0,222087700.0
2021-09-07,170.65,171.02,162.88,164.27,968253.0,252176600.0
2021-09-08,164.5,167.96,160.74,161.68,881173.0,226486699.99999997
2021-09-09,161.11,171.19,159.91,167.08,970159.0,253730200.0
2021-09-10,167.86,167.97,162.03,165.21,577940.0,149880100.0
2021-09-13,165.88,167.29,160.09,160.36,740483.0,189435000.0
2021-09-14,160.36,174.54,160.36,171.99,1561433.0,415270300.0
2021-09-15,171.58,171.58,151.99,152.48,2219025.0,550108000.0
2021-09-16,153.2,153.4,147.63,148.84,1184561.0,280479900.0
2021-09-17,148.84,159.78,147.8,156.56,1347163.0,330603800.0
2021-09-22,160.58,183.4,160.58,180.25,2701376.0,749708900.0
2021-09-23,182.44,183.33,169.98,174.35,1584567.0,434259200.0
2021-09-24,174.35,174.35,167.63,171.66,1234589.0,332632800.0
2021-09-27,171.66,180.05,169.99,176.24,1833973.0,506022100.0
2021-09-28,176.66,177.84,168.84,173.13,1234472.0,336967100.0
2021-09-29,172.66,174.67,166.63,168.84,932894.0,248845300.0
2021-09-30,167.28,180.47,167.28,174.68,1288101.0,355478100.0
2021-10-08,178.71,178.71,171.14,171.7,1098295.0,298751600.0
2021-10-11,172.66,175.27,169.04,169.39,720027.0,193997700.0
2021-10-12,168.64,174.56,166.66,166.94,823271.0,220464900.00000003
2021-10-13,168.76,168.76,160.89,165.21,854894.0,220775300.0
2021-10-14,165.25,166.8,160.26,162.38,618655.0,158662500.0
2021-10-15,161.93,164.94,152.25,156.03,1318875.0,325460000.0
2021-10-18,154.56,156.69,148.96,151.19,1124425.0,269950600.0
2021-10-19,151.19,154.27,149.85,151.86,583794.0,140285000.0
2021-10-20,151.87,156.31,149.35,150.99,654446.0,156948900.0
2021-10-21,152.52,154.21,150.53,152.27,625829.0,150892400.0
2021-10-22,151.86,156.33,151.86,153.25,721674.0,176062599.99999997
2021-10-25,152.7,155.65,150.16,154.46,544568.0,131468200.0
2021-10-26,153.52,155.07,149.17,150.15,794594.0,190222000.0
2021-10-27,151.82,151.82,141.29,144.46,1155699.0,265111400.0
2021-10-28,142.47,150.73,142.47,144.91,811501.0,188865400.0
2021-10-29,149.17,151.15,141.79,146.52,1314055.0,305660300.0
2021-11-01,146.56,148.22,139.95,142.08,1032318.0,233322400.00000003
2021-11-02,143.05,151.39,139.47,145.99,1439952.0,334817300.00000006
2021-11-03,146.49,150.5,141.24,149.84,1941050.0,449283399.99999994
2021-11-04,149.68,162.52,149.19,156.56,1869255.0,464499600.0
2021-11-05,156.57,158.49,153.61,156.56,1111178.0,274146000.0
2021-11-08,155.88,157.24,150.02,153.87,1107588.0,268165099.99999997
2021-11-09,154.01,161.51,152.01,159.71,1169752.0,291030500.0
2021-11-10,160.09,160.93,153.27,155.42,915574.0,225082300.0
2021-11-11,155.42,168.64,154.39,166.71,1496904.0,384101400.0
2021-11-12,165.95,175.93,164.53,173.67,1577238.0,427837100.0
2021-11-15,173.94,175.15,169.64,171.62,948165.0,255742200.0
2021-11-16,171.62,180.71,169.31,177.36,1236591.0,343643600.0
2021-11-17,176.67,180.69,174.13,176.43,829055.0,230549600.0
2021-11-18,175.35,176.89,167.36,173.33,738432.0,200371400.0
2021-11-19,171.96,179.35,171.93,175.35,755198.0,207518400.0
2021-11-22,174.68,175.68,169.49,171.35,744071.0,201037200.0
2021-11-23,170.1,177.36,169.72,173.33,728906.0,199180200.0
2021-11-24,173.31,186.76,172.83,183.14,1073082.0,305836200.0
2021-11-25,183.13,185.99,176.89,177.57,772266.0,217254000.0
2021-11-26,178.69,181.39,175.35,177.03,416469.0,116041500.0
2021-11-29,176.88,177.97,168.74,171.46,943042.0,254258500.0
2021-11-30,172.57,173.93,169.35,171.13,492123.0,132314900.0
2021-12-01,171.8,171.8,165.99,166.07,861884.0,227116500.0
2021-12-02,166.69,167.71,160.6,160.98,667659.0,171646900.0
2021-12-03,161.89,164.22,159.77,161.39,441912.0,112530100.0
2021-12-06,159.93,162.26,154.21,156.87,1101744.0,271780300.0
2021-12-07,157.38,159.22,153.17,154.36,554947.0,135829000.0
2021-12-08,154.81,156.55,151.86,155.28,664016.0,161733700.0
2021-12-09,155.29,162.6,155.21,161.28,1008549.0,253960800.00000003
2021-12-10,159.92,163.27,157.58,157.9,567104.0,142517800.0
2021-12-13,159.03,166.39,157.77,163.3,860418.0,221289100.0
2021-12-14,163.33,165.15,161.33,162.26,365280.0,93439200.0
2021-12-15,161.7,163.61,157.91,158.63,552830.0,139373000.0
2021-12-16,158.27,161.57,157.64,161.45,432703.0,109292600.0
2021-12-17,162.6,162.73,157.93,158.64,369093.0,92371500.0
2021-12-20,158.57,161.09,149.85,150.85,669010.0,163148700.0
2021-12-21,151.46,153.74,149.88,152.99,307455.0,74054000.0
2021-12-22,152.93,155.65,152.78,153.6,303862.0,74061000.0
2021-12-23,153.57,154.51,146.89,148.27,618727.0,145951100.0
2021-12-24,148.84,150.5,145.23,147.51,538495.0,125676000.0
2021-12-27,145.82,158.9,145.82,155.35,906739.0,221129300.0
2021-12-28,157.3,160.44,154.56,155.68,395877.0,97858200.0
2021-12-29,155.44,159.91,154.16,156.36,538894.0,134125500.0
2021-12-30,157.54,157.56,153.66,157.2,453979.0,111390400.00000001
2021-12-31,156.9,158.5,154.98,157.72,698836.0,172312800.0
2022-01-04,158.5,158.5,149.31,151.35,681837.0,163067000.0
2022-01-05,151.52,152.19,148.21,149.44,458169.0,108543500.0
2022-01-06,149.53,150.18,145.37,148.36,515886.0,120330300.0
2022-01-07,149.17,149.85,144.51,145.31,507414.0,117950600.0
2022-01-10,145.27,148.56,140.11,148.02,565513.0,130207700.0
2022-01-11,147.26,147.83,133.4,136.41,1610338.0,355028500.0
2022-01-12,139.03,147.36,138.44,146.09,1151685.0,264371699.99999997
2022-01-13,144.66,157.89,144.66,151.3,1806263.0,439602900.0
2022-01-14,153.87,153.87,145.22,148.02,1060866.0,248385300.0
2022-01-17,148.5,149.45,142.86,144.12,796384.0,182946300.0
2022-01-18,145.15,145.68,137.11,137.93,1052546.0,233617400.00000003
2022-01-19,137.09,139.77,136.63,137.23,540467.0,118509100.0
2022-01-20,137.02,137.75,131.39,131.72,1010329.0,215808400.0
2022-01-21,132.39,132.4,125.01,125.68,849236.0,172330200.0
2022-01-24,126.34,129.29,123.6,127.43,595275.0,119950900.0
2022-01-25,127.84,128.75,118.69,119.33,1621047.0,315372500.0
2022-01-26,120.99,121.56,115.82,118.64,1004843.0,190443800.0
2022-01-27,118.64,121.64,115.86,115.99,941312.0,179559500.0
2022-01-28,119.64,120.23,115.68,116.58,767471.0,145053000.0
2022-02-07,118.31,123.0,117.55,119.93,658395.0,126459000.0
2022-02-08,119.35,121.66,116.3,118.35,548181.0,104226800.0
2022-02-09,118.64,123.33,117.41,123.25,640889.0,123988700.00000001
2022-02-10,123.19,123.99,119.86,123.01,673661.0,131628799.99999999
2022-02-11,121.66,122.62,118.44,119.88,511365.0,98608000.0
2022-02-14,118.34,120.04,116.29,117.3,511276.0,96374000.0
2022-02-15,117.26,126.03,115.91,123.67,794487.0,154913900.0
2022-02-16,124.11,124.26,121.48,123.33,360515.0,71013400.0
2022-02-17,124.19,124.19,120.61,120.75,411718.0,80685500.0
2022-02-18,118.76,122.43,118.76,121.47,362026.0,70467000.0
2022-02-21,122.26,122.99,119.75,120.72,429487.0,83569000.0
2022-02-22,120.3,120.3,116.97,117.86,298715.0,56655400.0
2022-02-23,117.99,122.13,117.64,121.69,442339.0,85478600.0
2022-02-24,121.66,124.33,119.83,122.08,594122.0,116173000.0
2022-02-25,124.34,137.11,124.34,135.28,1571831.0,332631100.0
2022-02-28,135.4,137.63,129.67,130.75,1360852.0,286978900.0
2022-03-01,131.53,133.06,129.71,131.05,505893.0,105624599.99999999
2022-03-02,130.7,130.7,125.92,128.87,434194.0,88693200.0
2022-03-03,129.04,131.66,128.87,130.47,506971.0,105484100.0
2022-03-04,130.35,137.09,126.02,135.49,829716.0,175899400.0
2022-03-07,135.75,135.75,129.04,129.84,543798.0,113676900.0
2022-03-08,130.95,131.0,122.5,122.96,580580.0,116418700.00000001
2022-03-09,123.04,124.55,115.96,119.64,488908.0,93442600.0
2022-03-10,123.97,127.29,123.66,125.28,544548.0,109366299.99999999
2022-03-11,122.74,128.07,121.66,127.5,438049.0,87437099.99999999
2022-03-14,127.35,127.37,119.39,119.39,361290.0,70908800.0
2022-03-15,118.3,120.08,115.69,115.69,451199.0,85105200.0
2022-03-16,116.29,119.48,102.18,108.23,1217519.0,212974800.0
2022-03-17,109.57,121.65,109.56,117.64,912922.0,172742500.0
2022-03-18,117.64,120.16,116.04,119.58,595261.0,113777700.0
2022-03-21,118.97,130.78,118.87,130.31,986770.0,201887599.99999997
2022-03-22,129.74,132.36,127.03,129.69,480121.0,99063799.99999999
2022-03-23,129.03,139.77,126.63,137.67,879395.0,189461600.0
2022-03-24,137.09,139.1,134.78,138.3,436447.0,95407200.0
2022-03-25,139.77,139.77,131.26,131.32,565190.0,120898400.0
2022-03-28,131.23,132.17,128.38,128.78,363912.0,75366900.0
2022-03-29,128.93,133.46,127.48,130.04,255095.0,52862400.0
2022-03-30,130.38,138.37,130.38,137.15,504248.0,107762700.0
2022-03-31,137.16,138.35,129.04,130.76,573153.0,120712700.0
2022-04-01,129.75,131.72,126.44,129.93,411904.0,84874800.0
2022-04-06,129.71,130.38,126.51,129.85,324086.0,66472400.0
2022-04-07,129.31,130.95,123.0,123.54,394828.0,79459700.0
2022-04-08,123.93,125.66,118.36,119.11,442031.0,85705200.0
2022-04-11,119.07,119.07,112.26,113.33,423691.0,78218800.0
2022-04-12,112.42,115.55,110.92,115.19,292614.0,53412700.00000001
2022-04-13,113.8,114.91,110.72,110.72,312020.0,56670300.0
2022-04-14,111.39,113.43,108.93,110.45,412783.0,73689100.0
2022-04-15,109.58,110.45,106.56,108.0,338362.0,59231899.99999999
2022-04-18,108.9,112.64,105.56,110.76,383543.0,68064100.0
2022-04-19,110.58,112.58,108.25,109.22,272155.0,48360300.0
2022-04-20,108.24,110.25,105.21,105.78,326271.0,56558700.0
2022-04-21,104.88,107.43,100.87,101.07,534403.0,89528300.0
2022-04-22,101.07,103.08,99.17,100.27,382114.0,62671000.0
2022-04-25,97.5,98.84,91.59,92.79,681883.0,106301100.0
2022-04-26,92.59,96.23,90.8,91.75,532120.0,81404700.0
2022-04-27,92.13,92.78,86.42,92.23,757076.0,111711600.0
2022-04-28,92.45,92.65,88.74,90.82,452979.0,67530400.0
2022-04-29,89.88,98.84,89.88,97.84,706871.0,109577300.0
2022-05-05,100.18,107.13,99.52,104.94,835725.0,141137400.0
2022-05-06,101.66,105.81,100.18,102.86,563069.0,95067099.99999999
2022-05-09,103.46,104.88,98.86,100.45,668063.0,109722300.0
2022-05-10,99.51,105.54,98.21,103.72,512383.0,85630300.0
2022-05-11,103.16,111.39,102.57,107.43,671404.0,117782800.0
2022-05-12,106.9,111.45,106.9,108.41,501093.0,88560200.0
2022-05-13,109.64,111.46,107.56,110.51,389312.0,69337100.0
2022-05-16,111.48,112.05,107.98,108.13,330720.0,58192200.0
2022-05-17,108.23,109.09,105.88,108.23,321394.0,56075100.0
2022-05-18,108.06,110.9,107.11,107.84,299487.0,52608500.0
2022-05-19,104.88,109.18,104.75,108.94,317549.0,55026400.0
2022-05-20,108.72,113.99,108.72,111.58,374470.0,67199000.0
2022-05-23,111.07,112.93,109.71,110.97,451187.0,80679800.0
2022-05-24,110.38,112.03,105.82,105.9,438275.0,76677200.0
2022-05-25,105.91,107.47,104.94,105.74,348423.0,59803400.0
2022-05-26,105.74,105.74,101.6,102.19,443840.0,74211100.0
2022-05-27,103.2,105.15,102.65,103.04,338364.0,56973300.0
2022-05-30,102.56,104.21,99.08,103.54,509685.0,84266900.0
2022-05-31,102.5,114.58,102.5,114.07,1067719.0,190325800.00000003
2022-06-01,114.12,120.99,113.29,119.66,1184674.0,225661500.0
2022-06-02,118.64,125.54,116.54,123.14,1044514.0,202825400.0
2022-06-06,124.88,128.33,121.65,122.56,1228375.0,244484800.0
2022-06-07,122.2,122.29,116.82,117.7,962835.0,183199700.0
2022-06-08,117.6,124.98,116.82,122.66,1203558.0,235735600.0
2022-06-09,121.01,124.07,116.51,116.86,826706.0,157522700.0
2022-06-10,117.08,125.41,116.03,125.41,1540473.0,301770400.0
2022-06-13,123.68,125.0,119.85,122.66,885016.0,172790700.0
2022-06-14,120.42,122.13,116.36,118.52,712774.0,135047400.0
2022-06-15,119.64,126.69,118.72,125.68,1272182.0,252406800.0
2022-06-16,125.68,132.6,123.81,129.05,924080.0,190491100.0
2022-06-17,127.21,132.05,124.38,130.1,849924.0,173950900.0
2022-06-20,129.88,134.64,127.87,128.9,675105.0,140642300.0
2022-06-21,127.86,133.07,126.05,127.31,779620.0,159772500.0
2022-06-22,126.83,129.64,121.79,123.1,860381.0,171717100.0
2022-06-23,123.1,125.01,121.06,124.05,524777.0,103334500.0
2022-06-24,124.07,128.15,121.73,123.72,746445.0,148789000.0
2022-06-27,124.34,127.7,122.87,126.35,786364.0,157825600.0
2022-06-28,125.15,126.01,119.17,123.8,973551.0,190086699.99999997
2022-06-29,122.9,126.58,119.23,119.98,742236.0,146062100.0
2022-06-30,119.99,122.52,118.49,121.53,714329.0,138652400.0
2022-07-01,120.75,125.51,118.46,123.2,919119.0,179665200.0
2022-07-04,123.14,131.52,119.37,129.5,1560026.0,315343200.0
2022-07-05,128.23,129.58,121.07,122.6,1176048.0,234477599.99999997
2022-07-06,122.33,135.07,122.33,130.52,1649917.0,343087900.0
2022-07-07,131.72,133.07,121.79,122.03,1794580.0,357254000.0
2022-07-08,121.66,124.34,119.57,120.65,862559.0,168113200.0
2022-07-11,120.54,121.48,115.28,116.69,721446.0,136111600.0
2022-07-12,116.96,117.39,109.65,109.78,776191.0,138537700.0
2022-07-13,110.11,111.5,104.97,105.9,990800.0,169617100.0
2022-07-14,106.95,117.39,106.35,116.07,1464346.0,264736800.0
2022-07-15,114.74,115.68,111.58,111.58,689792.0,124481500.0
2022-07-18,111.72,114.34,109.32,111.72,749211.0,133024300.0
2022-07-19,111.09,112.97,107.83,108.23,903560.0,157380900.0
2022-07-20,108.76,110.97,108.44,110.29,731874.0,128621299.99999999
2022-07-21,110.46,115.99,109.51,113.23,748132.0,135843000.0
2022-07-22,113.23,116.76,111.16,111.5,810046.0,147707500.0
2022-07-25,112.48,116.76,110.99,111.99,527583.0,95004800.0
2022-07-26,110.55,110.55,95.0,98.68,3517501.0,559700500.0
2022-07-27,98.62,98.63,94.34,95.07,2449884.0,377294100.00000006
2022-07-28,95.92,96.4,94.54,94.72,1205124.0,185383600.0
2022-07-29,94.54,94.88,90.18,91.22,1665257.0,247423600.0
2022-08-01,91.22,93.35,88.21,92.33,1048867.0,155797100.0
2022-08-02,91.84,92.19,88.3,89.26,1275645.0,185357200.0
2022-08-03,89.31,91.27,87.88,88.01,1176599.0,169430000.0
2022-08-04,88.84,92.86,88.76,91.51,1353879.0,199795000.0
2022-08-05,91.53,95.16,91.53,94.89,1262305.0,192074500.0
2022-08-08,95.08,96.95,93.27,93.64,938765.0,143233500.0
2022-08-09,93.27,93.64,91.53,93.07,789811.0,117938700.00000001
2022-08-10,92.37,94.6,91.82,92.5,585492.0,87894400.0
2022-08-11,92.33,96.42,92.33,96.35,1137464.0,174715700.0
2022-08-12,96.24,96.48,94.3,94.7,650434.0,99640100.0
2022-08-15,93.85,94.66,92.21,93.21,754184.0,113354800.0
2022-08-16,93.54,93.54,91.91,92.19,484852.0,72462500.0
2022-08-17,92.17,93.08,91.07,92.21,594095.0,88341200.00000001
2022-08-18,92.44,92.79,89.9,90.92,732602.0,107556000.0
2022-08-19,90.92,93.99,89.64,89.95,1063501.0,156972300.0
2022-08-22,88.91,89.44,87.03,88.04,1181873.0,168214100.0
2022-08-23,88.04,88.49,86.46,86.86,847470.0,119658700.00000001
2022-08-24,86.86,86.86,81.48,81.66,1534426.0,207637200.0
2022-08-25,81.78,83.87,81.7,83.44,732350.0,98865000.0
2022-08-26,86.16,91.39,86.16,87.27,2223041.0,319544900.0
2022-08-29,88.3,91.19,86.89,87.49,1311081.0,188432700.0
2022-08-30,87.21,88.81,86.15,88.17,723571.0,103026500.0
2022-08-31,87.7,89.84,86.69,88.21,972457.0,139641600.0
2022-09-01,88.17,91.51,87.0,89.09,945715.0,137637300.0
2022-09-02,89.51,90.52,88.17,89.09,674365.0,97470200.0
2022-09-05,95.22,101.81,92.21,93.39,3203294.0,498424700.0
2022-09-06,92.86,92.86,89.15,90.68,1975744.0,289930500.0
2022-09-07,90.68,96.08,89.17,94.64,1647408.0,247953800.0
2022-09-08,94.64,94.79,92.2,92.23,846873.0,127300600.0
2022-09-09,93.32,96.74,93.32,94.39,1405735.0,215660200.0
2022-09-13,96.22,97.97,92.53,92.7,1415811.0,216182700.0
2022-09-14,90.6,94.21,90.21,93.46,817495.0,122288300.0
2022-09-15,94.09,94.54,91.69,93.95,1138948.0,171139000.0
2022-09-16,93.07,93.88,90.58,92.19,1102367.0,164375000.0
2022-09-19,90.31,91.96,87.21,88.27,1225607.0,176261100.0
2022-09-20,88.27,89.46,87.23,88.37,596120.0,85452099.99999999
2022-09-21,88.06,88.06,85.15,86.27,813009.0,114048700.00000001
2022-09-22,85.99,87.28,84.49,84.5,552691.0,76813400.0
2022-09-23,84.14,86.55,83.61,84.91,755894.0,104557300.0
2022-09-26,84.16,85.73,83.48,84.44,561219.0,77271500.0
2022-09-27,84.44,94.42,84.44,94.14,1997500.0,292347600.0
2022-09-28,93.35,96.64,92.53,93.39,1776374.0,271452600.0
2022-09-29,93.62,101.32,92.85,98.58,2348761.0,373093300.0
2022-09-30,97.56,101.99,97.56,98.82,1642627.0,264451800.0
2022-10-10,98.82,100.25,93.54,94.21,1433435.0,221765600.0
2022-10-11,93.65,94.68,90.19,91.15,1129905.0,168215300.0
2022-10-12,91.29,91.76,85.35,90.84,1486501.0,211706900.0
2022-10-13,88.84,97.43,88.84,94.13,1725057.0,263731500.0
2022-10-14,96.86,114.52,96.86,114.52,3919515.0,685391600.0
2022-10-17,136.49,137.83,125.09,133.95,7333296.0,1534445400.0
2022-10-18,133.8,145.8,130.8,143.94,4973353.0,1090324400.0
2022-10-19,139.86,144.54,136.84,138.79,2774743.0,612121800.0
2022-10-20,137.16,147.9,135.82,140.64,3072994.0,684536500.0
2022-10-21,138.57,161.66,137.25,158.3,3047543.0,715543100.0
2022-10-24,153.27,165.35,145.08,159.98,3123239.0,760897000.0
2022-10-25,154.31,158.31,145.28,148.5,2558022.0,603314400.0
2022-10-26,146.89,162.05,146.78,153.1,2173715.0,526943200.0
2022-10-27,154.04,157.29,147.13,151.52,1506207.0,358472900.0
2022-10-28,150.58,156.25,144.53,146.56,1648907.0,386619900.0
2022-10-31,146.56,147.88,138.88,141.86,2061059.0,462258700.0
2022-11-01,141.86,144.48,128.94,138.16,3283435.0,696722500.0
2022-11-02,137.21,143.7,133.88,139.44,1908750.0,421286200.0
2022-11-03,137.97,147.62,135.62,142.23,2052492.0,458366500.0
2022-11-04,142.23,143.5,137.6,140.21,1559792.0,343224600.0
2022-11-07,139.17,142.53,136.3,138.74,1246970.0,271409400.0
2022-11-08,138.5,138.5,129.58,131.79,2193867.0,456880100.0
2022-11-09,132.72,135.52,130.11,132.26,963891.0,201636699.99999997
2022-11-10,131.66,136.41,127.99,129.11,1439192.0,298636300.0
2022-11-11,133.13,134.81,127.99,128.28,1312853.0,271436600.0
2022-11-14,127.76,132.46,124.75,130.44,1145568.0,234986400.0
2022-11-15,130.41,130.41,124.01,129.38,2425169.0,484981800.0
2022-11-16,128.58,130.66,125.89,128.23,1126003.0,227885099.99999997
2022-11-17,126.42,129.58,125.22,127.36,1455459.0,291773800.0
2022-11-18,128.61,133.33,126.44,128.74,2029493.0,416493700.0
2022-11-21,128.44,128.44,121.05,124.35,1989454.0,389152500.0
2022-11-22,124.63,124.63,120.25,120.85,1034626.0,199904500.0
2022-11-23,120.38,120.82,117.76,119.11,1186553.0,224378900.0
2022-11-24,121.07,122.39,118.46,119.44,695084.0,131954100.0
2022-11-25,119.4,120.01,116.82,118.82,686171.0,128965300.0
2022-11-28,115.62,120.97,115.48,116.66,685810.0,127660800.0
2022-11-29,116.92,122.66,116.44,119.14,1412868.0,268602400.0
2022-11-30,125.62,126.4,115.62,116.09,2621583.0,503022100.0
2022-12-01,117.7,120.98,113.2,120.52,2003444.0,374377600.0
2022-12-02,120.12,122.26,118.54,119.63,882570.0,168302000.0
2022-12-05,121.05,121.16,116.35,118.54,1026992.0,193195000.0
2022-12-06,118.1,122.78,117.03,121.62,1021901.0,195847700.0
2022-12-07,121.59,127.41,119.63,124.9,1499320.0,296305000.0
2022-12-08,123.96,127.09,123.14,125.41,946009.0,187042700.0
2022-12-09,125.42,129.78,123.27,128.84,1313160.0,264656400.0
2022-12-12,128.1,131.79,126.22,126.83,746597.0,151679100.0
2022-12-13,126.42,128.77,124.33,124.72,715630.0,143018900.0
2022-12-14,123.74,125.75,122.93,123.97,447235.0,87743300.0
2022-12-15,125.07,125.07,121.63,124.17,414976.0,81151800.0
2022-12-16,123.07,124.39,118.03,118.57,713246.0,135775200.0
2022-12-19,118.58,118.58,113.27,113.33,818551.0,149206700.0
2022-12-20,113.15,113.98,111.11,112.04,460265.0,82146400.0
2022-12-21,112.46,115.01,111.02,113.33,421556.0,75741900.0
2022-12-22,113.0,116.52,111.99,113.47,390673.0,71194800.0
2022-12-23,112.5,117.02,112.5,116.88,455256.0,83814500.0
2022-12-26,116.3,119.24,114.81,117.09,560139.0,103560900.0
2022-12-27,117.14,122.38,115.14,122.26,671930.0,127721500.0
2022-12-28,121.19,124.92,120.65,121.19,612005.0,119066200.00000001
2022-12-29,120.97,125.07,120.96,122.46,442220.0,86020400.00000001
2022-12-30,122.46,123.05,118.15,119.07,564214.0,107357099.99999999
2023-01-03,119.72,124.0,117.16,122.19,660823.0,126956100.0
2023-01-04,122.26,125.89,119.71,123.05,697632.0,135871200.0
2023-01-05,122.5,124.8,120.09,124.41,1119100.0,217391699.99999997
2023-01-06,123.74,130.88,122.91,127.76,1484974.0,300070300.0
2023-01-09,127.43,130.11,124.68,128.54,1067119.0,215589300.0
2023-01-10,126.61,129.75,126.22,129.41,717896.0,145973800.0
2023-01-11,129.46,129.5,126.42,126.48,765950.0,154227900.0
2023-01-12,127.29,127.32,123.07,124.9,698782.0,138533300.0
2023-01-13,124.9,136.44,123.76,135.78,1871497.0,391527500.0
2023-01-16,135.68,144.43,134.6,140.3,1624001.0,361613200.0
2023-01-17,140.3,141.84,138.07,139.15,579450.0,127448000.0
2023-01-18,137.83,140.37,135.89,137.3,869806.0,188169800.0
2023-01-19,136.49,142.06,135.88,140.66,811641.0,178699000.0
2023-01-20,140.21,144.21,138.54,139.51,702741.0,155372100.0
2023-01-30,137.5,138.5,130.45,136.91,1687187.0,358338000.0
2023-01-31,135.37,137.16,131.58,133.11,962411.0,202125700.0
2023-02-01,132.16,138.82,132.16,138.49,674077.0,144499200.0
2023-02-02,138.35,147.22,137.17,141.59,923278.0,207594199.99999997
2023-02-03,139.84,140.47,135.84,138.54,835866.0,181947900.0
2023-02-06,136.53,141.19,135.96,137.35,475667.0,103194400.0
2023-02-07,136.49,138.36,134.66,135.15,583791.0,124958500.0
2023-02-08,135.15,138.62,134.54,136.29,606167.0,130687300.0
2023-02-09,136.34,138.62,135.35,137.13,597690.0,129081600.0
2023-02-10,137.13,139.64,135.37,136.96,614525.0,132437600.0
2023-02-13,137.97,141.09,135.54,137.26,609918.0,132319200.0
2023-02-14,138.21,139.08,135.83,138.64,475900.0,103384500.0
2023-02-15,139.78,139.78,133.47,135.13,756156.0,161470600.0
2023-02-16,134.04,135.82,129.11,130.62,881147.0,185099700.0
2023-02-17,130.12,131.66,128.66,129.88,432184.0,88654700.0
2023-02-20,130.7,132.26,127.06,130.4,729775.0,149350000.0
2023-02-21,129.85,130.67,125.41,128.32,606178.0,122534100.0
2023-02-22,126.45,128.15,125.09,126.43,734738.0,146890200.0
2023-02-23,127.09,129.89,125.82,127.31,578598.0,116654200.0
2023-02-24,127.07,127.98,125.11,125.27,367543.0,73407800.0
2023-02-27,125.21,126.14,121.86,122.53,615464.0,120005600.0
2023-02-28,123.45,127.5,122.31,127.31,669172.0,133447000.0
2023-03-01,126.51,127.27,124.56,125.28,481467.0,95612800.0
2023-03-02,125.08,125.08,120.39,121.66,1101390.0,212536699.99999997
2023-03-03,121.17,122.36,120.26,120.78,408234.0,78335800.0
2023-03-06,121.5,125.74,120.06,123.25,754006.0,147301900.0
2023-03-07,121.05,124.1,120.4,120.7,753470.0,144987000.0
2023-03-08,121.05,122.03,119.24,120.52,453750.0,86837900.00000001
2023-03-09,121.05,123.87,120.86,121.75,453418.0,88000200.0
2023-03-10,121.76,122.06,119.01,120.12,446481.0,85176100.0
2023-03-13,119.04,121.03,117.23,119.48,470449.0,88505000.0
2023-03-14,119.62,123.94,118.37,121.84,719871.0,139800200.0
2023-03-15,123.24,128.19,121.86,125.32,840973.0,167698400.0
2023-03-16,125.32,127.66,123.9,125.07,495447.0,98384599.99999999
2023-03-17,125.46,127.6,118.84,119.25,966581.0,185164800.0
2023-03-20,119.78,121.08,108.33,119.84,1921423.0,347676200.0
2023-03-21,118.36,122.31,116.02,118.21,852277.0,161247100.0
2023-03-22,119.64,119.71,112.33,112.46,1461976.0,266191699.99999997
2023-03-23,111.66,112.25,109.31,110.03,1373832.0,241783400.0
2023-03-24,110.76,112.93,107.5,107.6,943375.0,164451400.0
2023-03-27,107.68,110.99,104.19,109.17,924988.0,159673500.0
2023-03-28,108.43,109.61,106.15,107.25,665687.0,114471600.0
2023-03-29,107.91,109.56,106.57,106.96,587415.0,101022600.0
2023-03-30,108.29,111.31,107.29,107.93,1059371.0,184113500.0
2023-03-31,108.15,109.54,107.43,107.86,711902.0,123045600.0
2023-04-03,107.3,108.31,104.44,105.15,1186501.0,200197400.00000003
2023-04-04,105.28,106.23,102.97,105.82,1047819.0,175760600.0
2023-04-06,106.22,111.52,105.95,110.47,1365730.0,238681699.99999997
2023-04-07,110.18,117.03,109.64,116.35,1366616.0,247860700.0
2023-04-10,117.02,120.88,116.39,118.33,1177573.0,222063500.0
2023-04-11,117.5,123.07,115.74,116.91,951383.0,179521300.0
2023-04-12,115.69,118.13,113.89,115.01,826818.0,151390500.0
2023-04-13,114.34,120.13,113.2,118.5,1213902.0,226203900.0
2023-04-14,118.03,121.12,117.39,118.3,1041442.0,196666100.0
2023-04-17,118.33,122.32,117.97,120.06,986237.0,188212800.0
2023-04-18,119.21,119.46,117.05,118.03,530805.0,99329800.0
2023-04-19,118.03,120.69,116.62,118.12,683656.0,128549800.0
2023-04-20,118.12,120.46,115.68,117.16,813122.0,152267300.0
2023-04-21,117.62,120.89,115.68,115.78,723036.0,134439600.0
2023-04-24,115.15,115.78,108.43,109.95,1116041.0,197886600.0
2023-04-25,109.65,111.99,105.62,107.76,711452.0,123150500.0
2023-04-26,108.6,116.68,107.97,114.86,1102148.0,200599300.0
2023-04-27,115.37,118.96,113.6,116.37,920691.0,169782700.0
2023-04-28,113.88,114.34,107.83,108.44,1655465.0,289504600.0
2023-05-04,107.29,109.64,106.96,107.88,658820.0,113334100.0
2023-05-05,107.97,108.95,105.73,107.41,562155.0,96382000.0
2023-05-08,107.43,107.93,104.01,105.18,570034.0,95822400.0
2023-05-09,104.69,105.84,102.97,103.12,671681.0,111565500.0
2023-05-10,102.95,104.58,101.83,103.26,479488.0,78984600.0
2023-05-11,103.39,106.68,103.01,105.41,635406.0,106879100.0
2023-05-12,104.27,106.77,103.66,103.66,516401.0,86990400.00000001
2023-05-15,103.27,106.29,102.6,106.07,456485.0,76380400.0
2023-05-16,106.29,107.28,104.48,104.88,488144.0,82733900.0
2023-05-17,105.62,105.91,104.33,104.91,257482.0,43184500.0
2023-05-18,105.01,105.07,103.47,103.84,408407.0,67264600.0
2023-05-19,103.63,110.36,102.88,108.52,796991.0,135073600.0
2023-05-22,107.16,109.4,106.81,107.82,336960.0,57325200.00000001
2023-05-23,106.77,109.84,106.77,107.66,350209.0,59841800.0
2023-05-24,108.23,108.23,105.54,106.61,374095.0,63106300.0
2023-05-25,106.48,106.48,103.67,105.33,495530.0,82146500.0
2023-05-26,105.31,106.62,103.8,105.15,417757.0,69287400.0
2023-05-29,104.97,106.47,103.14,104.38,454697.0,74794500.0
2023-05-30,104.34,105.05,100.45,102.63,823305.0,133061200.00000001
2023-05-31,102.14,103.8,100.52,100.88,432245.0,69735100.0
2023-06-01,100.56,102.64,99.48,101.79,438016.0,70166600.0
2023-06-02,101.79,102.53,100.37,102.39,478876.0,76848600.0
2023-06-05,102.46,102.47,98.79,99.89,664460.0,104986400.0
2023-06-06,100.25,100.25,97.39,97.44,470919.0,73480100.0
2023-06-07,97.78,98.1,96.33,97.74,349050.0,53793300.0
2023-06-08,97.8,98.06,96.09,96.15,401626.0,61652200.0
2023-06-09,96.34,101.11,95.55,98.68,733309.0,115032000.0
2023-06-12,98.7,99.1,97.14,97.24,323312.0,50013900.0
2023-06-13,97.09,98.21,96.43,96.76,303304.0,46617700.00000001
2023-06-14,96.46,100.01,96.13,98.21,437104.0,68294100.0
2023-06-15,98.44,101.95,97.16,101.69,616599.0,97941700.0
2023-06-16,101.54,105.68,101.05,104.6,624547.0,102282700.0
2023-06-19,104.48,106.47,103.27,105.35,576410.0,95941500.0
2023-06-20,105.35,109.44,104.14,107.6,778638.0,131934100.0
2023-06-21,106.52,107.62,104.5,105.82,528972.0,88567800.0
2023-06-26,105.2,108.37,104.48,105.13,590832.0,98939500.0
2023-06-27,104.88,108.22,103.9,107.82,611212.0,102437500.0
2023-06-28,107.82,108.86,104.01,106.21,451130.0,75504100.0
2023-06-29,105.8,113.5,105.15,112.05,1060360.0,184985400.0
2023-06-30,111.99,116.22,110.39,114.46,708257.0,127576200.00000001
2023-07-03,115.74,117.39,113.2,113.92,633260.0,114861299.99999999
2023-07-04,113.25,117.19,112.33,115.88,620673.0,112388900.0
2023-07-05,115.8,117.76,114.95,116.54,540671.0,99027300.0
2023-07-06,116.13,121.17,115.29,119.24,1129638.0,211216600.0
2023-07-07,118.3,119.23,112.74,114.41,898067.0,161883100.0
2023-07-10,112.68,115.09,112.56,113.85,358288.0,63929500.0
2023-07-11,113.85,117.83,112.69,117.29,410115.0,74604300.0
2023-07-12,121.26,122.62,110.7,112.1,1759324.0,317156000.0
2023-07-13,112.52,115.52,111.59,112.11,676124.0,120223500.0
2023-07-14,112.46,112.8,110.05,110.63,550422.0,96346400.0
2023-07-17,110.54,111.11,106.62,108.13,766777.0,130223400.0
2023-07-18,107.82,109.17,106.82,108.05,424323.0,72312500.0
2023-07-19,108.05,108.78,107.16,108.24,302500.0,51481300.0
2023-07-20,108.23,109.16,107.22,107.44,271195.0,46131600.0
2023-07-21,108.25,113.19,106.95,111.3,673898.0,118129000.0
2023-07-24,111.3,115.11,110.19,114.56,618744.0,110474700.0
2023-07-25,114.56,115.8,112.67,113.01,600742.0,107249400.0
2023-07-26,112.91,119.14,112.53,116.05,839205.0,153972300.0
2023-07-27,115.94,118.23,114.95,116.01,371751.0,67842600.0
2023-07-28,115.66,117.46,114.61,116.18,396637.0,72534300.0
2023-07-31,117.76,118.84,110.85,112.64,1171776.0,208185099.99999997
2023-08-01,113.13,113.57,108.89,109.36,834770.0,145118900.0
2023-08-02,109.04,110.72,107.5,109.94,493401.0,85021100.0
2023-08-03,110.01,110.96,106.49,107.48,956704.0,162718100.0
2023-08-04,108.26,108.84,107.13,107.87,412948.0,70309400.0
2023-08-07,108.5,108.5,100.64,101.46,1330139.0,216089000.0
2023-08-08,101.49,103.11,100.46,101.46,526122.0,84787400.0
2023-08-09,101.12,103.47,101.12,102.37,598208.0,96978500.0
2023-08-10,101.72,103.07,101.52,102.33,344905.0,55719900.0
2023-08-11,102.84,103.19,100.27,100.27,503870.0,80687900.0
2023-08-14,100.13,102.47,98.37,101.82,599484.0,95222900.00000001
2023-08-15,101.51,102.84,99.64,102.39,540050.0,86496900.0
2023-08-16,101.46,103.59,101.29,101.46,478583.0,77618700.0
2023-08-17,101.32,103.39,99.78,101.17,589645.0,94320000.0
2023-08-18,102.6,103.13,100.05,100.14,423658.0,67769200.0
2023-08-21,99.11,101.24,98.5,100.67,382767.0,60828700.0
2023-08-22,101.17,101.17,97.01,98.96,681851.0,106436800.0
2023-08-23,99.03,99.29,97.63,97.88,330001.0,51426300.0
2023-08-24,97.77,101.04,97.19,99.51,472247.0,74125200.0
2023-08-25,98.97,100.23,98.29,98.77,406425.0,63837200.0
2023-08-28,107.83,109.17,101.11,101.23,1058063.0,173583300.00000003
2023-08-29,101.23,104.17,100.45,103.39,1279238.0,207651800.0
2023-08-30,103.17,104.81,102.13,102.88,1068430.0,174391000.0
2023-08-31,102.88,107.16,102.25,106.64,1113716.0,185244100.0
2023-09-01,106.74,109.97,105.41,109.35,1045674.0,178806600.0
2023-09-04,109.59,109.76,106.5,109.12,862221.0,147361500.0
2023-09-05,109.17,110.17,108.17,109.08,424787.0,73099400.0
2023-09-06,108.72,109.74,107.64,108.84,375955.0,64420600.00000001
2023-09-07,108.2,111.5,107.83,109.11,838536.0,145272500.0
2023-09-08,108.56,112.45,107.85,112.21,818841.0,143722200.0
2023-09-11,112.33,116.78,111.86,115.41,1327841.0,240770200.0
2023-09-12,114.66,115.22,112.55,113.87,684524.0,122408700.00000001
2023-09-13,113.87,115.86,113.23,114.52,609401.0,109611400.0
2023-09-14,113.67,115.8,111.99,114.87,664826.0,119150900.0
2023-09-15,114.55,117.14,113.21,114.48,1005662.0,181435200.0
2023-09-18,114.54,115.87,112.87,113.58,639944.0,114619300.0
2023-09-19,114.78,116.35,113.74,114.74,634375.0,114674100.0
2023-09-20,114.54,114.95,111.86,112.77,568005.0,100983900.0
2023-09-21,111.66,113.2,111.59,112.06,500016.0,88285100.0
2023-09-22,111.86,112.18,110.7,110.99,895028.0,156775500.0
2023-09-25,110.54,120.03,110.54,119.24,1584004.0,291081600.0
2023-09-26,119.83,120.46,117.57,118.42,1092257.0,203499300.0
2023-09-27,118.54,121.25,117.16,118.03,1117514.0,208470300.0
2023-09-28,118.28,120.88,117.74,118.15,684734.0,127911800.0
2023-10-09,119.14,120.91,117.23,119.97,949647.0,178525400.0
2023-10-10,120.6,124.34,119.37,121.17,907580.0,173392500.0
2023-10-11,121.12,124.95,120.74,123.13,817386.0,157690400.0
2023-10-12,123.27,123.27,120.25,122.46,530165.0,101080100.0
2023-10-13,121.12,124.48,121.12,121.72,503841.0,96748700.00000001
2023-10-16,121.9,123.13,119.97,121.35,521244.0,99062500.0
2023-10-17,120.85,121.54,119.05,121.3,432038.0,81396000.0
2023-10-18,121.25,121.25,118.31,119.54,559808.0,104710300.0
2023-10-19,118.57,120.92,118.57,118.92,439842.0,82480600.0
2023-10-20,118.92,118.92,116.76,118.15,463522.0,85805600.0
2023-10-23,117.23,117.6,112.58,114.54,813241.0,146855300.0
2023-10-24,114.41,118.12,112.86,117.01,760033.0,137988500.0
2023-10-25,117.35,119.15,116.02,116.75,559326.0,103099800.0
2023-10-26,115.68,117.62,114.3,117.56,414126.0,75356500.0
2023-10-27,119.24,123.26,117.48,122.56,925413.0,175639600.0
2023-10-30,123.11,125.71,121.98,125.11,1070100.0,207654600.0
2023-10-31,125.48,125.48,122.46,124.27,582745.0,112965400.00000001
2023-11-01,124.23,125.09,122.72,123.05,387423.0,74786900.0
2023-11-02,122.46,124.27,121.57,121.63,490634.0,94027300.0
2023-11-03,121.39,124.46,121.39,122.72,545143.0,105200200.0
2023-11-06,123.26,127.74,122.78,126.74,848642.0,166847500.0
2023-11-07,126.49,129.98,125.67,127.26,790823.0,158399800.0
2023-11-08,127.2,131.91,126.62,130.3,740214.0,150287000.0
2023-11-09,130.52,133.07,128.37,129.54,929729.0,189144400.0
2023-11-10,128.18,134.39,127.97,132.15,761471.0,156429100.0
2023-11-13,132.52,133.71,130.95,132.28,655273.0,135199800.0
2023-11-14,132.39,132.66,130.99,131.98,381793.0,78484200.0
2023-11-15,132.65,133.38,121.93,122.6,2010097.0,394789200.0
2023-11-16,122.58,122.58,118.69,120.13,1151331.0,216848000.0
2023-11-17,119.95,122.99,119.7,122.41,641707.0,122233600.0
2023-11-20,121.84,124.39,121.21,123.39,623141.0,119941000.0
2023-11-21,123.39,123.95,122.52,122.82,584339.0,112746900.0
2023-11-22,122.27,124.27,120.92,121.52,406414.0,78065400.0
2023-11-23,121.86,125.03,121.12,124.18,515888.0,99514599.99999999
2023-11-24,123.94,125.7,122.82,125.28,667581.0,129939300.0
2023-11-27,125.72,130.58,122.93,127.76,1014793.0,203243800.0
2023-11-28,127.29,129.9,126.23,128.75,574292.0,115296500.0
2023-11-29,127.99,129.78,127.43,127.96,458504.0,91946200.00000001
2023-11-30,127.67,130.45,126.79,129.74,770859.0,155501200.0
2023-12-01,129.74,134.88,129.36,132.65,1359459.0,280344100.0
2023-12-04,131.99,131.99,127.88,128.72,700962.0,141607400.0
2023-12-05,127.44,128.51,126.07,126.96,581265.0,115612099.99999999
2023-12-06,126.0,126.91,123.28,124.08,782980.0,152823900.0
2023-12-07,124.48,125.15,121.54,122.94,881293.0,169439199.99999997
2023-12-08,123.38,126.35,121.27,124.95,1008654.0,195664800.0
2023-12-11,124.81,125.5,121.93,125.19,697150.0,135076100.0
2023-12-12,124.48,124.48,116.82,117.7,1619739.0,301545900.0
2023-12-13,116.89,118.82,116.89,117.37,473116.0,87587300.0
2023-12-14,118.03,119.56,117.39,118.74,654635.0,121709400.0
2023-12-15,119.37,123.11,119.24,119.76,782206.0,147978900.0
2023-12-18,119.91,120.58,118.57,119.77,380966.0,71424600.0
2023-12-19,119.35,120.35,116.77,117.83,458865.0,84973799.99999999
2023-12-20,117.82,118.94,117.26,117.9,361310.0,67105300.0
2023-12-21,117.83,117.83,112.09,114.95,1152726.0,206994900.00000003
2023-12-22,115.51,117.76,114.33,115.1,636241.0,116027099.99999999
2023-12-25,114.7,117.7,114.16,117.6,400086.0,73195400.0
2023-12-26,117.58,118.9,115.97,116.91,351861.0,64929900.0
2023-12-27,115.95,118.57,115.88,117.84,428684.0,78959900.0
2023-12-28,117.89,122.81,116.96,122.34,777736.0,146660200.0
2023-12-29,123.19,124.54,121.25,124.36,609533.0,117556200.00000001
2024-01-02,124.03,125.25,121.27,123.31,491787.0,94952400.0
2024-01-03,123.27,125.48,121.85,121.98,578955.0,111756800.0
2024-01-04,121.98,121.98,119.78,120.93,445374.0,84215700.0
2024-01-05,120.62,121.85,116.15,116.25,663343.0,122681299.99999999
2024-01-08,116.27,116.27,112.13,112.24,470248.0,83793400.0
2024-01-09,112.24,116.42,112.0,114.28,581087.0,104578300.0
2024-01-10,114.21,117.15,113.26,114.54,328771.0,59516899.99999999
2024-01-11,114.18,116.85,113.88,116.57,329637.0,59993500.0
2024-01-12,117.08,117.23,112.29,112.5,454574.0,81817000.0
2024-01-15,112.13,114.14,111.84,113.21,240702.0,42870900.0
2024-01-16,112.96,112.97,110.6,112.03,341000.0,60039600.0
2024-01-17,111.61,114.41,108.5,108.84,430014.0,75617900.0
2024-01-18,108.52,110.37,106.86,110.33,501437.0,85702700.0
2024-01-19,110.23,114.31,109.51,111.82,491477.0,87017600.0
2024-01-22,111.8,113.99,107.85,108.37,624483.0,108989700.0
2024-01-23,108.37,110.21,106.83,108.5,447769.0,76506600.0
2024-01-24,108.84,109.84,106.94,109.75,385409.0,66028600.0
2024-01-25,109.74,113.86,107.88,113.79,660966.0,114944800.0
2024-01-26,113.2,113.73,111.52,111.86,360019.0,63739100.0
2024-01-29,113.2,113.2,107.08,107.08,559241.0,96216000.0
2024-01-30,106.93,107.8,103.59,104.48,602539.0,100857700.0
2024-01-31,103.95,105.64,100.24,100.8,753125.0,121233500.0
2024-02-01,99.78,103.67,99.11,101.36,568859.0,91528900.0
2024-02-02,101.57,103.48,96.5,100.23,618710.0,97313300.0
2024-02-05,100.01,100.01,93.74,94.74,1253561.0,191054600.0
2024-02-06,94.19,106.35,92.4,105.91,1084643.0,172161600.0
2024-02-07,107.16,115.55,105.93,113.97,1249530.0,220985900.0
2024-02-08,115.21,117.23,111.18,113.2,1130495.0,202780300.0
2024-02-19,115.21,115.35,109.61,110.92,784693.0,137969300.0
2024-02-20,109.92,111.52,108.97,110.05,631402.0,109367200.0
2024-02-21,109.81,112.39,108.23,110.04,708367.0,123067800.0
2024-02-22,109.17,111.04,108.44,109.11,720316.0,124031299.99999999
2024-02-23,108.84,109.9,107.09,109.9,774750.0,132227600.0
2024-02-26,111.52,115.53,111.39,113.37,1041227.0,185941699.99999997
2024-02-27,113.33,117.57,112.19,117.19,695770.0,125537099.99999999
2024-02-28,117.56,119.91,112.54,112.54,851504.0,155251200.0
2024-02-29,112.05,120.49,111.37,120.23,1243995.0,229896400.0
2024-03-01,120.25,121.93,119.04,120.92,665711.0,125980200.0
2024-03-04,120.05,123.39,119.32,120.85,618582.0,117203799.99999999
2024-03-05,120.45,121.49,118.64,119.25,608903.0,114253500.0
2024-03-06,119.2,119.91,116.43,118.57,618743.0,114777800.0
2024-03-07,117.97,119.67,114.57,114.61,710810.0,130447300.0
2024-03-08,115.22,116.4,113.87,115.14,464963.0,83900600.0
2024-03-11,115.21,119.24,115.21,118.8,749192.0,138441400.0
2024-03-12,118.44,120.31,117.74,119.61,504087.0,94220500.0
2024-03-13,119.7,119.7,116.48,118.1,614417.0,113650600.0
2024-03-14,118.58,120.31,115.59,116.23,763790.0,140500700.0
2024-03-15,116.17,117.38,113.34,115.55,642813.0,116545700.0
2024-03-18,115.8,118.23,114.99,118.23,583675.0,106626299.99999999
2024-03-19,118.56,119.44,116.7,117.71,641701.0,118848600.0
2024-03-20,117.23,117.58,115.05,116.09,571141.0,103928200.0
2024-03-21,116.27,116.58,113.87,114.74,553822.0,99979300.0
2024-03-22,114.14,114.4,111.93,112.68,505754.0,89784500.0
2024-03-25,111.78,113.15,109.99,110.05,490074.0,86070500.0
2024-03-26,110.52,111.39,109.19,111.22,507467.0,88140400.00000001
2024-03-27,111.22,112.06,109.88,110.88,520869.0,91087900.00000001
2024-03-28,112.06,118.41,112.0,115.62,1193284.0,217687700.0
2024-03-29,115.65,117.64,114.65,117.08,488263.0,89211500.0
2024-04-01,116.66,120.16,116.56,119.93,657104.0,122235100.0
2024-04-02,119.58,119.58,117.76,118.4,579890.0,107897400.0
2024-04-03,118.4,119.31,115.94,116.36,526767.0,96632600.0
2024-04-08,116.48,116.62,113.6,113.88,612118.0,110499000.0
2024-04-09,114.49,115.68,112.65,115.55,466311.0,83682600.0
2024-04-10,115.21,115.62,113.2,114.12,371760.0,66777400.0
2024-04-11,114.25,115.54,108.23,108.7,1086756.0,189368100.0
2024-04-12,107.84,109.71,106.15,106.78,584533.0,99250500.0
2024-04-15,107.41,111.7,106.72,110.39,742146.0,128366700.0
2024-04-16,109.62,110.16,107.36,107.6,595674.0,101575900.0
2024-04-17,108.07,109.82,106.15,108.59,858321.0,146289900.0
2024-04-18,108.23,109.78,106.14,108.28,647383.0,110244500.0
2024-04-19,107.31,109.08,106.79,108.09,474249.0,80728700.0
2024-04-22,107.23,110.18,105.62,109.37,762799.0,130041900.0
2024-04-23,109.37,112.1,108.2,111.52,614626.0,106859700.0
2024-04-24,111.88,113.31,110.21,113.12,583542.0,102845100.0
2024-04-25,112.86,116.22,112.06,114.89,493192.0,88698200.0
2024-04-26,115.27,117.48,109.25,111.11,1669455.0,293355500.0
2024-04-29,117.23,119.92,116.99,118.19,2439003.0,453154200.0
2024-04-30,118.23,119.37,116.56,118.85,1224191.0,227677300.0
2024-05-06,120.12,124.41,120.11,124.11,1712740.0,330766200.0
2024-05-07,124.1,125.4,123.4,124.31,860109.0,167436900.0
2024-05-08,124.61,127.66,122.82,123.58,1289570.0,251957000.0
2024-05-09,123.92,125.25,122.59,123.18,1094603.0,211947599.99999997
2024-05-10,122.94,123.85,119.91,120.45,1532773.0,290168900.0
2024-05-13,119.91,120.28,117.42,117.56,1442727.0,267351800.0
2024-05-14,118.02,119.75,117.5,118.55,1259079.0,154489100.0
2024-05-15,118.74,118.74,116.05,116.14,1144961.0,139146700.0
2024-05-16,116.5,120.53,116.03,117.25,1342997.0,164187400.00000003
2024-05-17,117.46,119.08,116.47,118.73,1157923.0,141206100.0
2024-05-20,119.12,120.95,117.6,118.04,1268050.0,156355400.0
2024-05-21,117.64,118.0,112.75,113.05,1984286.0,235546400.0
2024-05-22,113.05,113.95,111.8,112.3,1222805.0,143101500.0
2024-05-23,112.5,113.22,110.41,110.75,1080251.0,125141400.0
2024-05-24,110.45,111.53,107.48,108.7,1583435.0,178843500.0
2024-05-27,108.56,109.25,107.03,109.05,1134055.0,127522500.0
2024-05-28,108.75,110.25,108.11,109.01,1182449.0,134126200.00000001
2024-05-29,108.28,109.87,107.75,108.17,750435.0,84628900.0
2024-05-30,107.86,109.24,107.06,108.78,595534.0,67001400.0
2024-05-31,109.4,110.3,108.25,108.64,1084314.0,122715200.0
2024-06-03,108.52,110.0,106.77,107.7,1450568.0,163346500.0
2024-06-04,107.3,109.06,106.92,108.66,1154269.0,129706299.99999999
2024-06-05,108.62,110.53,108.31,109.05,1071743.0,121923400.0
2024-06-06,108.85,110.25,107.35,107.68,1085462.0,122143600.0
2024-06-07,107.76,108.41,103.75,104.97,1775920.0,195103400.0
2024-06-11,104.27,106.7,101.89,106.63,1403969.0,151842800.0
2024-06-12,106.65,106.65,102.57,105.08,736376.0,80545200.0
2024-06-13,105.43,107.0,104.25,105.68,973871.0,107043900.0
2024-06-14,105.05,106.34,102.81,104.59,1314888.0,142413000.0
2024-06-17,103.75,106.55,103.6,106.33,865101.0,94931500.0
2024-06-18,105.77,107.96,105.76,106.28,880216.0,97640000.0
2024-06-19,106.28,106.5,104.29,104.49,694148.0,75759200.0
2024-06-20,103.75,105.04,101.26,101.35,1205479.0,128856400.0
2024-06-21,101.35,102.19,100.35,100.95,830058.0,87511700.0
2024-06-24,100.36,100.36,95.75,96.21,2992889.0,304746700.0
2024-06-25,96.21,97.08,93.35,95.61,2674737.0,266205099.99999997
2024-06-26,94.76,97.46,94.76,97.27,2105393.0,211989700.0
2024-06-27,97.22,97.22,94.05,94.23,1630557.0,162554000.0
2024-06-28,94.02,96.13,92.88,93.8,1557642.0,153782000.0
2024-07-01,93.32,94.21,90.58,93.55,2060943.0,198697800.0
2024-07-02,104.77,106.23,97.25,99.08,6605442.0,691970000.0
2024-07-03,98.56,98.87,95.34,97.01,2908177.0,295103300.0
2024-07-04,96.76,98.96,95.06,95.69,2298368.0,231677900.0
2024-07-05,95.55,99.69,94.35,98.88,2610249.0,264749400.0
2024-07-08,98.69,98.69,96.17,96.96,1774789.0,179844000.0
2024-07-09,97.16,98.7,96.4,98.33,2106968.0,214588400.0
2024-07-10,98.15,98.15,88.55,90.75,6329950.0,609401500.0
2024-07-11,92.22,92.62,89.7,91.43,3112331.0,297462300.0
2024-07-12,90.75,91.95,89.63,91.23,2056532.0,195720500.0
2024-07-15,91.05,91.6,88.22,88.36,1873669.0,175658400.0
2024-07-16,88.25,88.91,87.75,88.76,1271755.0,117714400.0
2024-07-17,88.73,91.74,88.55,91.1,1998104.0,189107700.0
2024-07-18,90.35,92.25,90.12,92.08,1545273.0,147636600.0
2024-07-19,91.74,93.73,91.01,92.65,1690503.0,163707500.0
2024-07-22,92.69,95.91,92.3,94.9,2137279.0,211226100.0
2024-07-23,94.65,95.71,90.95,90.98,1716235.0,166273500.0
2024-07-24,91.25,92.37,90.12,90.5,1330638.0,126849700.0
2024-07-25,89.55,93.05,89.32,92.24,1189754.0,114138900.0
2024-07-26,91.94,93.33,91.11,92.03,988101.0,95296100.0
2024-07-29,92.25,92.3,89.84,90.12,888116.0,84334800.0
2024-07-30,90.12,91.95,89.35,90.8,1090874.0,103625200.0
2024-07-31,90.85,95.91,90.13,95.73,2233192.0,219837800.0
2024-08-01,95.73,97.03,93.78,94.64,1385520.0,137500800.0
2024-08-02,93.92,97.03,93.37,93.75,1963536.0,194817900.0
2024-08-05,93.23,96.05,92.77,93.55,1692552.0,167045000.0
2024-08-06,94.19,95.86,93.65,94.75,1276991.0,126116600.0
2024-08-07,94.33,94.84,93.28,93.82,987696.0,97093600.0
2024-08-08,93.55,96.18,93.36,94.76,1359970.0,134666800.0
2024-08-09,94.82,96.22,93.52,93.64,1147291.0,113460500.0
2024-08-12,93.35,94.43,91.87,92.27,1523682.0,148101400.0
2024-08-13,92.23,92.8,91.33,92.74,907844.0,87456299.99999999
2024-08-14,92.68,92.68,90.95,91.07,826545.0,79085100.0
2024-08-15,91.15,92.67,90.58,91.35,990155.0,94892700.0
2024-08-16,91.55,91.95,90.55,91.36,643672.0,61541600.0
2024-08-19,91.35,93.32,91.11,92.43,902192.0,87114500.0
2024-08-20,84.75,85.25,77.76,79.0,7748755.0,657874900.0
2024-08-21,78.75,79.88,76.28,77.08,4044759.0,331219800.00000006
2024-08-22,77.24,77.32,74.37,76.02,3858384.0,307070900.0
2024-08-23,75.73,77.44,75.41,76.75,1527389.0,123714000.0
2024-08-26,77.26,79.25,76.05,77.75,2125127.0,173769199.99999997
2024-08-27,77.25,79.98,76.33,78.91,2626739.0,217503300.00000003
2024-08-28,78.75,79.41,77.98,78.54,1574469.0,130426200.00000001
2024-08-29,78.19,81.73,78.19,81.01,2251176.0,190895000.0
2024-08-30,81.02,83.57,81.02,82.0,2450756.0,212441800.0
2024-09-02,81.85,81.99,78.01,78.01,2514924.0,210603300.00000003
2024-09-03,78.57,79.42,77.77,77.91,1729005.0,143043600.0
2024-09-04,77.91,79.05,77.34,77.39,1506303.0,124123100.0
2024-09-05,77.22,78.61,77.22,77.93,1114120.0,91564300.0
2024-09-06,78.0,78.0,76.25,76.3,1118900.0,90827300.0
2024-09-09,76.38,77.12,75.38,75.83,1096213.0,88029800.0
2024-09-10,75.75,78.01,75.55,77.61,1180193.0,95584400.0
2024-09-11,77.06,79.89,77.06,79.17,1542505.0,128151700.0
2024-09-12,79.25,80.05,78.88,79.0,1121196.0,93871100.0
2024-09-13,78.87,79.34,76.36,76.46,1394935.0,113804700.0
2024-09-18,76.45,76.75,75.03,75.6,842739.0,67360700.0
2024-09-19,76.15,78.23,75.25,76.52,1359918.0,110217600.0
2024-09-20,76.73,76.75,75.33,75.8,1086662.0,86914000.0
2024-09-23,75.82,76.62,75.09,75.56,798584.0,63841700.0
2024-09-24,76.23,79.9,75.71,79.87,2022751.0,166546100.0
2024-09-25,80.88,82.75,80.05,80.16,2220823.0,190375700.0
2024-09-26,80.02,84.91,79.42,84.87,2589339.0,223111500.0
2024-09-27,86.34,92.43,86.34,90.73,2611934.0,244737400.00000003
2024-09-30,95.75,108.8,94.25,108.75,8177094.0,861804200.0
2024-10-08,131.33,131.33,115.75,124.05,10832530.0,1372797200.0
2024-10-09,117.75,118.55,106.25,106.76,8526967.0,994094600.0000001
2024-10-10,108.75,112.24,105.76,107.57,4976183.0,564822800.0
2024-10-11,106.25,107.21,96.89,98.54,5539678.0,580335000.0
2024-10-14,99.33,99.74,95.3,99.03,4075076.0,415179600.0
2024-10-15,98.55,100.63,96.43,96.43,3279943.0,336952200.0
2024-10-16,94.75,96.3,92.75,93.7,3515606.0,347046000.0
2024-10-17,93.91,95.79,92.58,92.78,2729903.0,268913400.0
2024-10-18,92.76,100.85,92.05,98.06,5149528.0,517788000.0
2024-10-21,98.76,100.55,96.85,97.94,4776906.0,491504900.0
2024-10-22,97.78,100.37,97.61,99.5,3421420.0,353223500.0
2024-10-23,99.5,102.05,98.75,100.65,3348637.0,350446800.0
2024-10-24,100.75,105.25,100.25,101.67,4018632.0,429266200.0
2024-10-25,101.13,103.45,98.63,102.66,3538282.0,372368800.0
2024-10-28,101.25,103.39,100.3,102.85,2643874.0,280791200.0
2024-10-29,103.19,103.63,99.71,99.71,3049586.0,321747100.0
2024-10-30,94.14,96.69,93.75,95.62,6354310.0,631612800.0
2024-10-31,95.17,96.52,94.64,95.15,3306984.0,329781000.0
2024-11-01,95.14,96.33,93.33,93.81,2876425.0,284376100.0
2024-11-04,94.75,97.68,93.75,94.83,3223876.0,320473500.0
2024-11-05,95.25,98.85,94.25,98.21,4122297.0,416618500.0
2024-11-06,98.35,101.25,97.55,98.25,3787157.0,391673399.99999994
2024-11-07,97.45,101.43,97.35,101.43,3952544.0,412452900.0
2024-11-08,103.6,103.91,100.7,100.94,3698041.0,387308800.0
2024-11-11,100.94,105.25,100.18,104.93,4091311.0,431373600.0
2024-11-12,105.35,113.87,104.99,109.09,7005310.0,786496400.0
2024-11-13,109.77,112.4,106.32,107.84,4074161.0,452441900.0
2024-11-14,107.5,107.7,101.93,102.6,3782886.0,403550100.0
2024-11-15,102.6,103.78,100.75,100.98,2550367.0,267448900.0
2024-11-18,101.0,102.52,99.56,99.76,2369897.0,245781300.0
2024-11-19,100.38,102.7,99.75,101.99,2168493.0,225418200.0
2024-11-20,101.8,107.39,101.35,106.28,3844586.0,413440100.0
2024-11-21,106.27,107.69,104.57,105.41,2352093.0,255638500.0
2024-11-22,105.41,106.0,99.84,99.84,2776447.0,290912200.0
2024-11-25,100.4,101.34,98.28,100.35,1485164.0,151974600.0
2024-11-26,100.2,102.35,99.36,100.44,1512336.0,156741500.0
2024-11-27,100.48,101.7,98.21,101.66,1582964.0,162873100.0
2024-11-28,101.4,101.65,100.54,100.81,1136768.0,117778000.0
2024-11-29,100.4,103.34,100.4,102.76,1892500.0,198207900.0
2024-12-02,104.01,104.89,102.8,103.55,2100233.0,223535300.0
2024-12-03,98.4,101.4,96.0,100.4,4705665.0,478657600.0
2024-12-04,99.4,100.14,98.02,98.4,1915856.0,194783400.0
2024-12-05,100.98,108.5,100.98,107.39,8092131.0,883658400.0
2024-12-06,107.41,110.1,106.14,108.43,3812684.0,422318800.0
2024-12-09,108.21,109.9,105.92,106.88,1809747.0,199689600.0
2024-12-10,110.4,111.4,108.41,108.54,3174989.0,357159300.0
2024-12-11,108.01,116.7,108.01,114.85,4949555.0,574989500.0
2024-12-12,113.74,120.6,112.91,119.15,4669765.0,560335200.0
2024-12-13,118.95,118.95,113.6,113.82,3075623.0,363821100.0
2024-12-16,113.81,115.86,110.6,111.32,2108985.0,243322300.0
2024-12-17,111.32,113.7,110.41,111.4,1682378.0,192256800.0
2024-12-18,111.4,113.17,110.2,111.62,1517764.0,173201900.0
2024-12-19,110.16,111.52,108.7,110.79,1449408.0,163777900.0
2024-12-20,110.48,118.3,110.4,115.69,3018097.0,357041800.0
2024-12-23,115.2,116.64,113.65,113.67,1619462.0,189774800.0
2024-12-24,113.03,117.14,112.93,116.5,1961802.0,230945300.0
2024-12-25,117.23,118.17,114.95,116.66,1501816.0,178860000.0
2024-12-26,116.59,117.25,114.4,115.21,1398525.0,165737700.0
2024-12-27,115.4,115.4,112.68,113.03,1480473.0,172057599.99999997
2024-12-30,112.46,114.0,110.52,110.7,1422439.0,163103300.0
2024-12-31,111.45,111.45,106.06,107.25,1870961.0,207380000.0
2025-01-02,106.97,108.2,102.4,103.2,2469092.0,263712200.0
2025-01-03,103.4,108.91,103.4,104.72,2479380.0,268614100.0
2025-01-06,106.7,106.92,104.2,105.09,1615954.0,174774300.0
2025-01-07,104.95,107.86,104.0,107.86,1459096.0,159112700.0
2025-01-08,107.64,107.71,104.08,105.94,1460501.0,158376500.0
2025-01-09,105.4,105.75,102.08,102.66,1729261.0,183528000.0
2025-01-10,102.7,104.77,101.98,102.68,1317910.0,139208200.0
2025-01-13,101.89,105.99,100.45,105.2,1602427.0,171893600.0
2025-01-14,105.6,110.9,105.21,110.0,2044250.0,227544500.0
2025-01-15,109.42,110.7,108.64,109.1,856697.0,96204100.0
2025-01-16,109.12,111.62,108.14,109.85,1263145.0,142117500.0
2025-01-17,109.4,112.9,109.31,111.82,1541720.0,176419800.0
2025-01-20,112.43,113.4,108.41,108.56,2533692.0,284733000.0
2025-01-21,106.01,108.35,104.2,105.5,2340071.0,254617900.0
2025-01-22,105.4,105.4,101.11,102.52,2905905.0,305371000.0
2025-01-23,103.35,103.89,101.9,101.9,1323174.0,139627100.0
2025-01-24,101.94,105.28,101.66,103.8,1747113.0,185621600.0
2025-01-27,104.1,104.99,102.62,102.71,1079170.0,114743500.0
2025-02-05,103.43,103.88,101.04,101.64,1244295.0,130524599.99999999
2025-02-06,101.66,103.87,101.01,103.55,1362135.0,143520700.0
2025-02-07,103.55,106.28,103.11,105.41,1762937.0,189971400.0
2025-02-10,105.35,106.59,103.73,106.09,1566969.0,169068100.0
2025-02-11,106.09,106.69,103.9,104.04,1302789.0,139555000.0
2025-02-12,103.98,104.68,103.1,104.61,1009672.0,107458799.99999999
2025-02-13,104.3,104.6,102.92,102.93,1111482.0,117855200.0
2025-02-14,102.7,105.53,102.7,105.08,1480026.0,158620700.0
2025-02-17,105.4,108.23,104.43,104.6,1945922.0,211520000.0
2025-02-18,104.89,104.99,102.4,102.74,1508321.0,159864000.0
2025-02-19,102.4,103.34,100.76,103.1,1456387.0,152746800.0
2025-02-20,102.95,106.38,102.4,105.23,2054803.0,220987100.0
2025-02-21,105.4,107.28,104.06,105.58,2215833.0,239336600.0
2025-02-24,105.26,106.07,102.7,103.47,2201594.0,234759700.0
2025-02-25,102.71,103.9,92.42,93.45,9623816.0,954440300.0
2025-02-26,93.31,93.51,90.41,92.4,5096725.0,481516600.00000006
2025-02-27,92.4,93.73,91.24,92.2,3681666.0,349490700.0
2025-02-28,91.41,91.78,89.01,89.45,3599337.0,334575600.0
2025-03-03,89.58,90.31,88.92,89.22,2222562.0,204711900.0
2025-03-04,88.61,90.74,88.61,90.1,1832943.0,169310300.0
2025-03-05,89.9,90.02,88.91,89.43,1322947.0,121623000.0
2025-03-06,89.63,91.25,89.46,90.62,2298031.0,213778600.0
2025-03-07,90.43,90.45,89.61,89.9,1686925.0,156110400.0
2025-03-10,90.17,90.79,89.74,90.38,1365176.0,126690200.0
2025-03-11,89.81,90.29,89.11,89.99,1430554.0,132043900.0
2025-03-12,90.08,90.7,89.52,89.98,1406738.0,130298100.0
2025-03-13,89.98,90.6,89.29,89.59,1221875.0,112687400.0
2025-03-14,90.02,90.81,89.41,90.65,2460727.0,228865300.0
2025-03-17,90.99,92.5,90.85,92.06,2387990.0,225320200.0
2025-03-18,92.38,92.62,91.63,92.23,1514602.0,143556100.0
2025-03-19,92.24,92.67,91.4,91.85,1392933.0,131666100.0
2025-03-20,91.91,92.28,90.41,90.47,1407936.0,131867600.0
2025-03-21,90.48,90.92,89.48,89.52,1247658.0,115489300.0
2025-03-24,89.49,89.96,86.9,87.61,2188529.0,198143800.0
2025-03-25,87.55,89.59,87.28,89.4,1679492.0,153114000.0
2025-03-26,89.24,89.92,88.9,89.5,971974.0,89522700.0
2025-03-27,89.4,91.7,88.4,91.01,1882375.0,175172900.0
2025-03-28,91.0,91.96,89.7,89.7,1903483.0,177934500.0
2025-03-31,88.71,89.26,86.99,87.51,1824485.0,165130300.0
2025-04-01,88.0,90.69,87.7,89.38,1916174.0,176591600.0
2025-04-02,89.38,97.51,88.9,95.79,6690366.0,647981900.0
2025-04-03,94.51,96.79,93.91,94.92,3383272.0,331209800.00000006
2025-04-07,91.4,95.28,82.46,87.44,5943937.0,555775200.0
2025-04-08,87.9,90.89,82.4,84.58,4550085.0,402750600.0
2025-04-09,82.9,85.53,79.21,84.86,3057022.0,261527100.0
2025-04-10,86.0,90.25,86.0,86.64,2913507.0,263834199.99999997
2025-04-11,86.41,87.56,85.43,86.43,1983542.0,176901699.99999997
2025-04-14,88.05,90.39,86.35,86.42,1997868.0,180383400.0
2025-04-15,86.42,86.68,84.44,86.25,1644584.0,145002000.0
2025-04-16,86.08,86.08,83.0,83.71,2130656.0,184794900.00000003
2025-04-17,83.3,85.08,83.15,84.25,1176116.0,102215600.0
2025-04-18,84.25,85.85,83.76,83.96,858962.0,74621200.0
2025-04-21,83.6,84.66,82.75,84.16,1526664.0,132050900.0
2025-04-22,84.16,85.74,83.22,84.51,1367243.0,119148200.0
2025-04-23,84.85,85.2,83.75,83.9,1351426.0,117281400.0
2025-04-24,83.74,84.35,82.68,82.81,1527859.0,131138100.0
2025-04-25,82.83,83.46,82.42,83.03,889034.0,76174500.0
2025-04-28,82.72,82.99,80.44,80.55,1872524.0,156837000.0
2025-04-29,80.41,81.7,80.41,81.15,895457.0,74925200.0
2025-04-30,81.09,82.5,81.09,81.87,1138558.0,96231600.0
2025-05-06,82.8,83.47,82.44,83.43,1032639.0,88442800.0
2025-05-07,83.9,85.06,83.0,83.47,1224565.0,105915700.0
2025-05-08,82.98,84.26,82.9,83.98,998370.0,86389700.0
2025-05-09,83.81,84.2,83.06,83.24,838412.0,72047800.0
2025-05-12,83.79,83.91,82.91,83.73,1111836.0,95859200.0
2025-05-13,84.88,84.9,83.52,83.67,1159156.0,100700800.0
2025-05-14,83.64,84.52,83.05,84.32,1043559.0,90165000.0
2025-05-15,84.29,84.29,82.75,82.75,1102243.0,94828100.0
2025-05-16,82.9,82.95,82.29,82.46,874981.0,74497100.0
2025-05-19,82.45,84.5,81.5,84.34,1568623.0,134543000.0
2025-05-20,84.33,86.63,84.11,86.11,1963526.0,173494500.0
2025-05-21,85.54,86.27,85.11,85.23,968488.0,85499200.0
2025-05-22,85.2,85.3,84.0,84.04,869204.0,75755700.0
2025-05-23,84.04,85.0,83.7,83.83,867617.0,75421200.0
2025-05-26,83.8,84.26,83.2,84.21,775419.0,66906300.0
2025-05-27,84.11,84.4,83.28,83.85,711982.0,61465600.00000001
2025-05-28,83.78,84.37,83.43,83.91,576616.0,49929399.99999999
2025-05-29,84.16,85.68,83.7,85.4,1510340.0,132371400.0
2025-05-30,85.65,86.38,85.01,85.34,1312145.0,115725600.0
2025-06-03,84.9,87.62,84.42,87.4,2230920.0,198891500.0
2025-06-04,87.27,87.6,86.74,87.25,1152112.0,103385500.0
2025-06-05,87.26,87.29,85.77,86.2,1352434.0,120202400.0
2025-06-06,86.2,86.62,84.76,85.17,1285345.0,112708100.0
2025-06-09,85.63,87.4,85.04,86.97,1688321.0,150115600.0
2025-06-10,87.32,89.74,86.32,87.69,2534141.0,228187300.0
2025-06-11,88.17,88.62,87.29,87.43,1137857.0,102413200.0
2025-06-12,87.34,89.22,87.04,88.66,1748671.0,158062700.0
2025-06-13,87.91,88.46,85.89,86.2,2028401.0,180700600.0
2025-06-16,86.07,88.21,85.84,86.7,1007055.0,89760300.0
2025-06-17,86.7,87.99,86.29,86.79,1144787.0,102013200.0
2025-06-18,86.79,87.0,84.22,84.89,1710055.0,149173400.0
2025-06-19,85.03,85.05,83.44,83.74,1292145.0,111479000.0
2025-06-20,83.88,84.2,83.19,83.27,1056228.0,90681200.00000001
2025-06-23,83.27,85.64,83.18,84.83,1311017.0,113932600.0
2025-06-24,84.92,86.09,84.92,85.63,1092879.0,95906700.0
2025-06-25,85.84,86.54,85.05,86.41,1143827.0,100823600.0
2025-06-26,86.42,86.51,85.3,85.38,1320126.0,116200800.0
2025-06-27,85.63,86.0,85.1,85.22,894272.0,78494200.0
2025-06-30,85.24,86.21,85.15,86.16,1168737.0,102862700.0
2025-07-01,86.16,95.22,85.79,93.25,6709124.0,630588800.0
2025-07-02,91.8,94.65,91.8,92.28,3216391.0,306874900.0
2025-07-03,92.32,94.63,92.32,93.01,2198126.0,210274900.00000003
2025-07-04,93.04,93.83,91.76,92.38,2232984.0,211714500.0
2025-07-07,92.83,92.83,89.59,89.8,2209331.0,205405200.0
2025-07-08,89.74,90.93,89.74,90.59,1209525.0,112102000.0
2025-07-09,90.6,91.29,90.04,90.86,1272851.0,118339800.0
2025-07-10,90.24,92.43,89.95,92.43,1651010.0,154923500.0
2025-07-11,92.43,94.62,91.35,93.66,2439512.0,232376800.0
2025-07-14,93.93,94.38,92.52,92.64,1116525.0,106641400.0
2025-07-15,96.04,99.04,94.84,96.39,5220063.0,517159600.0
2025-07-16,95.83,96.7,94.14,94.78,2502817.0,243816000.0
2025-07-17,94.85,100.75,94.17,99.73,4862658.0,490039300.0
2025-07-18,99.74,101.07,98.74,100.7,3146084.0,322582400.0
2025-07-21,100.33,100.69,99.14,100.29,1963500.0,200508100.0
2025-07-22,100.26,100.26,97.59,98.02,2495613.0,251979600.0
2025-07-23,97.62,101.56,97.62,99.67,2701121.0,277176200.0
2025-07-24,99.51,109.54,99.0,106.81,5827157.0,626180300.0
2025-07-25,107.94,110.24,107.94,109.48,4990376.0,556612200.0
2025-07-28,111.74,113.24,108.24,109.23,3202595.0,359602800.0
2025-07-29,109.1,111.88,106.52,111.73,3005286.0,335868399.99999994
2025-07-30,111.17,113.84,109.22,109.35,3337789.0,379583800.0
2025-07-31,109.54,113.08,107.3,107.99,3767828.0,423144400.0
2025-08-01,107.96,110.77,106.96,107.44,2064287.0,229207200.0
2025-08-04,106.94,112.09,105.96,111.18,2952115.0,327979000.0
2025-08-05,109.94,112.19,108.39,109.63,2243725.0,251502900.0
2025-08-06,110.06,110.93,107.63,108.27,1684183.0,187224100.0
2025-08-07,108.73,110.73,106.75,107.37,2122000.0,234467400.00000003
2025-08-08,106.94,111.06,106.44,108.73,2712539.0,301647200.0
2025-08-11,109.96,118.31,109.41,115.91,4921105.0,580948400.0
2025-08-12,115.95,120.91,115.95,117.74,4192045.0,506772900.0
2025-08-13,117.04,119.71,117.04,118.77,2957924.0,356611400.0
2025-08-14,118.24,118.76,113.25,113.44,2990388.0,352502100.0
2025-08-15,114.74,117.34,113.69,115.75,2493726.0,293566100.0
2025-08-18,115.74,118.85,114.1,117.14,2852745.0,337406400.0
2025-08-19,117.08,117.84,113.73,114.46,2401943.0,282277000.0
2025-08-20,114.15,118.74,113.05,118.02,2628345.0,311551400.0
2025-08-21,117.74,122.04,117.74,119.19,2070477.0,252938200.0
2025-08-22,118.25,119.58,117.51,118.84,1501426.0,181113700.0
2025-08-25,118.77,119.73,114.54,116.93,4301219.0,511476900.0
2025-08-26,116.74,119.71,115.65,116.02,2339549.0,279127600.0
2025-08-27,113.24,116.41,109.74,109.84,5983146.0,687945900.0
2025-08-28,109.84,110.87,104.94,107.92,5307592.0,583320300.0
2025-08-29,108.24,108.44,105.62,106.32,3008989.0,327631500.0
2025-09-01,106.32,108.07,105.77,107.66,2784702.0,304451800.0
2025-09-02,107.92,109.24,104.77,105.9,2648382.0,288403400.0
2025-09-03,106.74,107.5,105.12,105.69,2215535.0,240465500.0
2025-09-04,105.99,106.29,100.7,102.43,2648759.0,279560600.0
2025-09-05,102.74,104.62,102.2,104.54,2547076.0,269317800.0
2025-09-08,105.24,111.74,104.74,110.87,4204422.0,470634300.0
2025-09-09,111.7,111.73,107.49,108.24,2005396.0,223665400.0
2025-09-10,107.51,109.24,107.24,107.87,1444330.0,159541800.0
2025-09-11,107.74,108.43,104.74,108.43,2060269.0,224789000.0
2025-09-12,108.01,108.54,106.1,106.43,2319347.0,253317599.99999997
2025-09-15,105.95,107.42,105.19,105.75,1560181.0,168888600.0
2025-09-16,105.74,107.19,105.4,106.37,1448447.0,157039500.0
2025-09-17,105.9,108.1,105.4,105.92,1823212.0,198153300.00000003
2025-09-18,105.92,108.19,103.75,104.36,2412754.0,261337100.0
2025-09-19,104.64,106.62,103.74,103.82,1935632.0,206863900.0
2025-09-22,105.24,107.02,104.42,105.22,1647275.0,177253600.0
2025-09-23,105.55,107.54,102.49,103.9,2503784.0,265973800.0
2025-09-24,104.06,107.13,103.36,106.8,2329434.0,251793500.0
2025-09-25,106.47,111.84,105.84,109.69,3675321.0,412046100.0
2025-09-26,109.74,110.59,106.48,106.73,1741554.0,190849900.00000003
2025-09-29,106.52,106.54,104.1,105.96,1486980.0,159984300.0
2025-09-30,105.96,111.07,105.8,109.34,2116304.0,234621200.0
2025-10-09,110.43,110.98,108.74,110.46,2081381.0,233923200.0
2025-10-10,110.46,111.69,107.9,108.32,1563825.0,174299800.0
2025-10-13,102.39,106.69,101.77,105.37,1803893.0,193378400.0
2025-10-14,105.37,106.89,103.6,104.24,1692092.0,181723400.0
2025-10-15,104.24,104.73,102.95,104.1,1559125.0,165543700.0
2025-10-16,103.75,105.13,102.47,103.02,1462742.0,154931100.0
2025-10-17,104.01,104.28,100.7,100.76,1528664.0,157035400.0
2025-10-20,101.72,102.27,100.72,101.07,919199.0,94014300.0
2025-10-21,100.72,104.29,100.72,103.4,1426825.0,148022300.0
2025-10-22,103.32,104.01,102.69,102.91,679755.0,70945600.0
2025-10-23,102.88,102.97,101.32,102.97,934652.0,96308400.0
2025-10-24,102.97,104.52,102.97,103.66,1079955.0,113165900.0
2025-10-27,104.0,105.41,103.38,104.02,1188091.0,125057700.0
2025-10-28,104.02,104.7,102.82,103.1,1083132.0,113304200.0
2025-10-29,103.02,104.77,101.85,104.44,1358752.0,141654500.0
2025-10-30,101.02,102.57,99.01,99.02,4505041.0,456359100.00000006
2025-10-31,99.26,102.12,98.03,100.91,2072121.0,210498000.0
2025-11-03,101.02,102.88,100.02,101.27,1571304.0,160930900.0
2025-11-04,101.0,101.22,98.05,98.36,1653580.0,165580600.0
2025-11-05,97.61,99.01,97.1,97.17,1597052.0,157710700.0
2025-11-06,97.42,98.17,97.02,97.84,886033.0,87446900.0
2025-11-07,98.21,98.21,95.87,96.75,1358289.0,132940600.0
2025-11-10,96.53,98.72,96.52,98.5,1964893.0,193420300.0
2025-11-11,98.5,100.33,97.91,99.92,1673765.0,167407599.99999997
2025-11-12,99.45,101.68,99.3,100.27,1700917.0,173008000.0
2025-11-13,100.22,101.43,99.73,101.01,1394361.0,141682000.0
2025-11-14,100.33,104.96,100.33,101.27,2035722.0,211791000.0
2025-11-17,101.33,101.96,97.65,97.97,1773218.0,177333300.00000003
2025-11-18,97.97,98.33,96.09,96.42,1194292.0,116961200.00000001
2025-11-19,96.22,97.15,93.81,94.58,1916006.0,183582100.0
2025-11-20,95.02,95.9,93.05,93.11,1454905.0,138475800.0
2025-11-21,92.71,93.47,90.25,90.27,1895632.0,175185600.0
2025-11-24,90.27,92.34,90.22,91.81,962018.0,88818100.0
2025-11-25,91.62,93.5,91.62,92.15,1034431.0,96715300.0
2025-11-26,92.2,92.84,91.72,92.02,762272.0,71026600.0
2025-11-27,91.84,92.81,91.58,92.0,776875.0,72469100.0
2025-11-28,92.27,92.71,91.42,92.5,604080.0,56336200.0
2025-12-01,92.69,92.94,92.03,92.67,852752.0,79771700.0
2025-12-02,92.47,92.71,91.06,91.17,863635.0,79946500.0
2025-12-03,91.45,92.68,90.8,91.13,930884.0,86182700.0
2025-12-04,91.4,92.02,90.62,91.02,1083370.0,99976600.0
2025-12-05,91.47,92.2,90.53,92.2,867340.0,80109100.0
2025-12-08,92.62,92.94,92.02,92.12,889749.0,83060100.0
2025-12-09,91.73,92.1,90.42,90.44,899597.0,82875600.0
2025-12-10,90.62,90.89,89.57,90.64,811008.0,73914900.0
2025-12-11,90.76,91.02,89.3,89.31,1205124.0,109604900.0
2025-12-12,89.33,90.5,88.38,90.37,1265759.0,114618000.0
2025-12-15,89.9,90.88,89.82,90.07,783992.0,71606400.0
2025-12-16,89.94,90.57,89.66,89.73,965625.0,87971700.0
2025-12-17,89.62,91.75,89.43,91.56,1017136.0,93121299.99999999
2025-12-18,91.55,91.79,90.74,91.51,793950.0,73337600.0
2025-12-19,91.6,92.27,91.2,91.82,822287.0,76366800.0
2025-12-22,91.9,92.29,91.47,91.78,741658.0,68922300.0
2025-12-23,91.86,91.89,90.32,90.49,930184.0,85540000.0
2025-12-24,90.92,91.57,90.09,91.57,754978.0,69460900.0
2025-12-25,91.8,93.08,91.39,92.9,989162.0,92364900.0
2025-12-26,92.33,93.3,92.23,92.45,989456.0,92775100.0
2025-12-29,92.01,92.82,91.32,91.55,1072717.0,99831600.0
2025-12-30,91.22,91.52,90.2,90.62,1099031.0,100792800.0
2025-12-31,90.02,91.01,90.02,90.68,806132.0,73830200.0
2026-01-05,90.68,94.9,90.68,94.86,2456434.0,232536100.0
2026-01-06,94.86,96.49,94.03,95.2,1688180.0,162178800.0
2026-01-07,95.14,96.2,94.35,95.13,1578083.0,152150300.0
2026-01-08,95.15,96.8,94.83,95.75,1670844.0,161828800.0
2026-01-09,95.75,97.15,95.32,96.96,1752049.0,170549199.99999997
2026-01-12,97.55,98.6,96.33,97.46,2001805.0,196262200.0
2026-01-13,97.49,99.27,97.2,97.84,2639254.0,262038300.00000003
2026-01-14,97.48,101.47,97.14,98.37,3210146.0,323060100.0
2026-01-15,98.01,99.91,97.27,98.08,1598543.0,158619500.0
2026-01-16,98.42,99.3,96.69,97.0,1851925.0,182555000.0
2026-01-19,96.95,97.52,95.68,95.75,1446325.0,140603400.0
2026-01-20,96.02,96.75,94.39,94.92,1580434.0,152069300.0
2026-01-21,94.63,96.4,94.52,95.51,1225581.0,118599900.0
2026-01-22,95.52,96.18,94.82,95.08,1322342.0,127465300.0
2026-01-23,95.17,97.69,94.83,97.12,1774067.0,173677900.0
2026-01-26,97.35,98.02,94.34,95.32,2455826.0,236892900.0
2026-01-27,95.27,95.55,92.55,94.62,1891247.0,179196000.0
2026-01-28,94.81,94.81,93.02,93.02,1587360.0,150186100.0
2026-01-29,92.55,94.8,91.65,93.74,2160095.0,204413400.0
2026-01-30,93.28,94.52,91.83,94.05,1928378.0,181665000.0
2026-02-02,93.39,94.51,91.19,91.32,1648990.0,154495900.0
2026-02-03,91.6,95.79,91.6,95.52,2242489.0,212781300.0
2026-02-04,94.82,97.49,94.42,96.65,2047827.0,198948700.0
2026-02-05,97.52,98.84,96.71,98.27,2245666.0,222143100.0
2026-02-06,98.41,98.71,96.95,97.0,1181334.0,116637900.00000001
2026-02-09,97.22,97.88,96.77,97.32,942106.0,92591299.99999999
2026-02-10,97.46,98.7,96.62,98.03,1070527.0,105910600.0
2026-02-11,97.97,99.02,97.58,97.83,826148.0,82042200.0
2026-02-12,98.82,98.82,97.16,97.22,1006896.0,99221400.0
2026-02-13,97.21,97.39,95.97,95.97,876831.0,85471700.0
2026-02-24,96.36,96.66,95.6,96.52,1064657.0,103366000.0
2026-02-25,96.43,101.52,96.14,100.62,2420651.0,243336100.0
2026-02-26,100.83,101.11,99.74,100.64,958988.0,97044200.0
2026-02-27,100.31,100.62,99.14,100.52,894854.0,90455600.0
2026-03-02,106.82,112.79,104.91,110.82,7929882.0,873361700.0
2026-03-03,110.82,115.02,107.9,108.4,5159139.0,576243100.0
2026-03-04,107.82,109.39,105.68,106.53,3358640.0,363717800.0
2026-03-05,108.42,112.39,106.48,107.57,4420527.0,485991200.0
2026-03-06,107.18,108.7,105.03,106.4,2225433.0,239010700.0
2026-03-09,104.27,104.32,101.27,103.33,3280048.0,339507699.99999994
2026-03-10,104.84,109.81,103.53,108.97,3256315.0,354269700.0
2026-03-11,108.72,111.97,108.08,110.62,3108871.0,346456000.0
2026-03-12,110.52,110.52,107.4,109.38,1948940.0,213575400.0
2026-03-13,108.96,110.15,106.02,106.27,2364310.0,257688600.0
2026-03-16,107.02,109.38,106.1,109.38,2013598.0,219599400.0
2026-03-17,107.68,109.3,106.54,106.64,1884873.0,205073700.0
2026-03-18,106.79,109.39,105.53,108.68,2195154.0,238004900.00000003
2026-03-19,107.12,108.67,106.02,106.56,2169721.0,234326900.0
2026-03-20,107.9,109.32,104.09,104.09,2278973.0,244491000.0
2026-03-23,103.9,104.49,99.81,101.02,2614050.0,269493100.0
2026-03-24,102.62,104.82,101.28,104.72,2105636.0,219678300.00000003
2026-03-25,106.82,108.1,104.62,105.02,2129121.0,227849400.0
2026-03-26,104.92,106.6,101.22,101.67,2149119.0,224424600.0
2026-03-27,100.62,104.6,100.62,103.6,1966083.0,204557500.0
2026-03-30,102.77,106.12,102.04,105.03,2009117.0,211607200.0
2026-03-31,105.02,106.02,100.39,100.56,3204645.0,330586000.0
2026-04-01,102.02,104.3,101.3,103.87,2805642.0,290980200.0
2026-04-02,103.97,103.97,101.01,101.6,1680216.0,173613700.0
2026-04-03,101.46,101.87,98.42,98.7,2015140.0,202273700.0
2026-04-07,99.62,102.4,97.8,100.45,1992229.0,202129900.00000003
2026-04-08,102.72,103.35,102.02,103.02,1856160.0,192458100.0
2026-04-09,102.44,102.57,99.63,99.84,1856374.0,189094700.0
2026-04-10,100.52,102.7,100.06,101.49,2448763.0,250989199.99999997
2026-04-13,100.69,100.73,98.54,99.09,1853717.0,185978200.0
2026-04-14,100.02,100.21,98.54,99.97,1652284.0,165635300.0
2026-04-15,100.52,101.32,99.83,100.12,1897199.0,192714199.99999997
2026-04-16,100.11,100.22,98.99,99.55,1620373.0,162691900.0
2026-04-17,101.12,101.22,97.55,97.71,2481255.0,247387000.0
2026-04-20,97.51,98.51,97.11,98.25,1311886.0,129755900.0
2026-04-21,98.52,99.62,97.58,98.64,1393999.0,138503000.0
2026-04-22,98.63,99.18,97.77,98.87,1311962.0,130376700.0
2026-04-23,98.8,99.78,98.03,99.22,1739445.0,173761400.0
2026-04-24,99.2,99.2,97.08,97.73,1303510.0,128825200.0
2026-04-27,97.11,98.23,95.63,95.67,1972487.0,192222300.0
2026-04-28,95.69,98.6,95.67,98.41,2435447.0,239828700.0
2026-04-29,98.14,98.97,97.24,98.11,1536971.0,152090300.0
2026-04-30,102.02,102.39,100.63,101.34,3165168.0,324877300.0
2026-05-06,101.62,101.62,99.0,99.81,2726268.0,276188200.0
2026-05-07,100.12,101.18,99.65,100.34,1784761.0,180886300.0
2026-05-08,100.23,101.95,99.92,100.7,1766423.0,179973500.0
2026-05-11,101.2,104.24,99.22,104.22,3260975.0,334064900.0
2026-05-12,104.09,104.49,102.34,104.17,2168943.0,226256400.0
2026-05-13,103.9,106.29,103.34,105.43,2137592.0,227097400.00000003
2026-05-14,105.01,105.13,101.61,103.01,2140829.0,223213700.0
2026-05-15,103.07,105.96,102.28,102.69,2766227.0,290320500.0
2026-05-18,102.36,102.36,97.74,98.12,3390679.0,339749700.0
2026-05-19,97.73,99.0,96.72,98.38,1418276.0,140012100.0
2026-05-20,98.21,98.47,96.24,96.31,1766798.0,172933300.00000003
2026-05-21,96.42,104.02,96.42,99.01,3767991.0,383951000.0
2026-05-22,99.9,100.32,97.38,98.39,1996404.0,198300700.0
2026-05-25,98.38,101.0,97.91,100.62,2069619.0,208329700.0
2026-05-26,100.52,101.68,98.84,101.12,1946464.0,197331400.0
2026-05-27,101.02,104.17,99.9,102.76,2317485.0,239108700.0
2026-05-28,102.9,103.9,100.54,101.64,1857392.0,191383900.0
2026-05-29,101.62,103.6,99.55,101.16,2234540.0,229094100.0
2026-06-01,101.12,101.52,99.21,99.52,1473877.0,148861000.0
2026-06-02,99.53,103.84,97.17,103.47,3491057.0,357087200.0
2026-06-03,102.99,103.84,100.59,101.47,1933190.0,199372700.0
2026-06-04,101.04,101.37,97.74,98.31,2103399.0,210016100.0
2026-06-05,99.26,99.29,98.11,98.6,1098200.0,108437300.0
2026-06-08,97.36,98.48,96.07,97.5,1459305.0,141899400.0
2026-06-09,97.88,97.88,95.52,95.86,1337628.0,128920500.0
2026-06-10,95.66,95.66,91.56,92.06,2460944.0,228278000.0
2026-06-11,91.52,92.19,89.72,91.42,1647405.0,149626400.0
2026-06-12,92.0,93.0,90.53,92.95,2365513.0,217830800.00000003
2026-06-15,93.0,94.27,89.88,91.22,2389197.0,218894100.0
2026-06-16,91.28,91.28,88.7,89.53,2051385.0,183641600.0
2026-06-17,89.53,90.17,89.0,89.37,1306750.0,116928300.0
2026-06-18,90.2,91.18,88.73,89.18,1459765.0,131022700.0
2026-06-22,88.0,88.88,84.53,88.48,2653548.0,229865500.0
2026-06-23,88.63,91.08,88.0,88.8,1803192.0,161421700.0
2026-06-24,90.48,91.25,88.0,89.34,1615249.0,144923400.0
2026-06-25,89.28,89.28,85.0,88.56,1953882.0,170137599.99999997
2026-06-26,88.59,88.85,85.8,86.08,1342127.0,116338100.0
2026-06-29,85.82,91.25,83.33,90.36,3721750.0,325011000.0
2026-06-30,89.7,89.8,87.52,88.64,1916318.0,169419900.00000003
2026-07-01,88.93,90.9,86.72,90.86,2293361.0,204878800.0
2026-07-02,90.47,92.48,90.05,90.49,1744095.0,158739600.0
2026-07-03,91.0,93.97,90.8,93.7,2473524.0,229550600.0
2026-07-06,93.66,94.2,91.93,92.75,1724317.0,160379100.0
2026-07-07,92.46,92.46,90.3,90.74,1429321.0,130186500.0
2026-07-08,90.75,91.54,88.6,89.82,1438855.0,129509500.0
2026-07-09,89.6,90.88,88.4,89.63,1420649.0,127059200.0
2026-07-10,89.22,91.98,88.17,90.07,1810937.0,164100099.99999997
2026-07-13,90.67,90.98,88.88,89.0,1375003.0,123218900.0
2026-07-14,88.56,92.12,88.25,92.1,1800530.0,163618300.0
2026-07-15,91.56,95.28,91.25,93.52,2610024.0,244802200.0
2026-07-16,92.93,95.78,91.93,94.2,2350941.0,221856900.0
2026-07-17,94.19,94.88,89.5,89.68,2680088.0,245552599.99999997
2026-07-20,89.23,93.94,89.21,92.86,2350556.0,214362100.0
2026-07-21,92.88,93.88,91.67,92.49,1513080.0,140101800.0
2026-07-22,92.0,93.0,90.94,91.84,1642751.0,150987900.0
2026-07-23,91.84,92.18,90.34,91.37,1224865.0,111661900.0
2026-07-24,90.8,91.48,89.0,89.0,1201660.0,108273600.0
2026-07-27,89.0,91.48,88.3,90.33,1025354.0,92842700.0
2026-07-28,90.11,90.93,89.18,90.67,1058155.0,95199599.99999999
2026-07-29,91.0,93.92,90.67,93.82,2083844.0,193240800.00000003
2026-07-30,93.48,94.76,91.9,92.89,1543043.0,143964300.0
2026-07-31,92.71,93.97,92.38,93.45,1298386.0,121378400.0
