date,open,high,low,close,amount
2019-01-02,7259.49,7266.47,7136.95,7149.27,146826477.46
2019-01-03,7134.15,7217.83,7081.83,7089.44,173151161.64
2019-01-04,7022.12,7284.84,7011.33,7284.84,231616904.52
2019-01-07,7333.32,7409.38,7303.46,7400.2,248688841.14
2019-01-08,7381.61,7412.19,7361.41,7391.65,229393995.25
2019-01-09,7425.64,7552.2,7404.49,7447.93,266767952.68
2019-01-10,7442.7,7491.69,7415.28,7428.61,227413629.19
2019-01-11,7441.18,7490.17,7404.31,7474.01,217105794.9
2019-01-14,7473.88,7488.36,7394.96,7409.2,215934773.68
2019-01-15,7403.79,7549.66,7386.15,7547.35,223110397.47
2019-01-16,7545.35,7586.66,7518.71,7540.45,216076433.56
2019-01-17,7534.04,7545.81,7463.99,7470.36,210238042.33
2019-01-18,7486.95,7584.76,7479.66,7581.39,220630817.06
2019-01-21,7591.19,7661.62,7578.49,7626.24,204896693.51
2019-01-22,7615.8,7615.8,7493.78,7516.79,188464365.24
2019-01-23,7493.07,7542.65,7489.32,7523.77,168488373.32
2019-01-24,7537.5,7604.99,7485.24,7573.52,201968410.98
2019-01-25,7581.29,7657.03,7554.55,7595.45,211919404.85
2019-01-28,7641.29,7704.85,7569.77,7589.58,202423330.83
2019-01-29,7575.43,7578.13,7428.4,7551.3,208909702.93
2019-01-30,7518.03,7580.22,7470.36,7470.47,163342152.97
2019-01-31,7485.79,7552.56,7428.86,7479.22,206365251.58
2019-02-01,7524.67,7684.11,7517.83,7684.0,180990265.38
2019-02-11,7695.17,7922.54,7695.17,7919.05,211629262.55
2019-02-12,7915.06,8027.63,7903.9,8010.07,258799232.35
2019-02-13,8029.97,8191.98,8016.78,8171.21,318137977.16
2019-02-14,8182.32,8260.33,8141.1,8219.96,310200209.11
2019-02-15,8198.45,8223.64,8117.51,8125.63,307058614.1
2019-02-18,8187.89,8446.92,8187.89,8446.92,396701096.84
2019-02-19,8480.76,8537.35,8350.86,8440.87,437306242.83
2019-02-20,8443.98,8488.47,8372.96,8473.43,365676247.85
2019-02-21,8467.15,8619.62,8416.17,8451.71,431362358.42
2019-02-22,8431.56,8651.2,8393.86,8651.2,416850503.5
2019-02-25,8804.97,9134.58,8785.42,9134.58,643916664.34
2019-02-26,9162.92,9276.45,9036.75,9089.04,689527158.04
2019-02-27,9062.96,9158.2,8901.72,9005.77,550387136.85
2019-02-28,9001.18,9097.4,8970.65,9031.93,421689421.88
2019-03-01,9111.96,9167.65,9005.49,9167.65,399959292.64
2019-03-04,9280.65,9567.15,9260.73,9384.42,606335325.58
2019-03-05,9366.77,9595.74,9328.0,9595.74,563487474.43
2019-03-06,9640.95,9707.92,9518.71,9700.49,692388124.88
2019-03-07,9685.3,9782.22,9546.56,9678.11,685512478.26
2019-03-08,9447.6,9726.3,9346.73,9363.72,709489784.99
2019-03-11,9425.8,9704.33,9370.38,9704.33,558511387.7
2019-03-12,9766.5,9928.2,9683.07,9841.24,663592429.87
2019-03-13,9828.15,9828.15,9534.33,9592.05,615964538.05
2019-03-14,9521.63,9620.46,9323.06,9417.93,482171917.73
2019-03-15,9485.33,9650.54,9452.91,9550.54,422441792.42
2019-03-18,9583.45,9843.43,9510.66,9843.43,439815282.91
2019-03-19,9844.46,9908.17,9774.75,9839.74,431739482.7
2019-03-20,9828.07,9848.77,9642.67,9800.6,451219889.83
2019-03-21,9808.74,9934.86,9771.86,9869.8,515936101.16
2019-03-22,9871.99,9891.83,9692.25,9879.22,467872483.18
2019-03-25,9705.02,9858.08,9680.94,9701.7,460806698.55
2019-03-26,9753.17,9780.08,9487.1,9513.0,448860524.29
2019-03-27,9582.03,9609.44,9446.35,9609.44,376919235.08
2019-03-28,9586.38,9695.52,9537.61,9546.51,365302249.69
2019-03-29,9556.3,9906.86,9554.07,9906.86,435504934.23
2019-04-01,9976.98,10277.55,9976.98,10267.7,539634778.76
2019-04-02,10314.79,10334.96,10220.81,10260.36,557057587.29
2019-04-03,10199.97,10350.57,10166.67,10340.51,491116591.95
2019-04-04,10379.2,10453.5,10309.53,10415.8,514128386.52
2019-04-08,10510.43,10541.18,10226.25,10351.87,544942099.04
2019-04-09,10368.03,10438.99,10304.73,10436.62,440133411.27
2019-04-10,10403.24,10529.74,10328.61,10435.08,474638394.63
2019-04-11,10420.65,10437.45,10149.38,10158.4,444252114.43
2019-04-12,10138.09,10186.47,10053.81,10132.34,370906208.46
2019-04-15,10294.82,10365.31,10048.83,10053.76,403544068.49
2019-04-16,9993.25,10287.64,9928.28,10287.64,411812459.54
2019-04-17,10288.45,10410.65,10257.56,10344.43,453500765.01
2019-04-18,10338.5,10363.85,10267.31,10287.67,422880573.54
2019-04-19,10280.34,10418.24,10208.61,10418.24,409455000.08
2019-04-22,10418.71,10418.71,10192.52,10224.31,437135586.0
2019-04-23,10206.02,10247.39,10091.92,10124.66,403741204.2
2019-04-24,10162.38,10239.37,10023.91,10236.27,370744422.1
2019-04-25,10186.23,10209.14,9902.02,9907.63,430107686.33
2019-04-26,9852.94,9927.74,9774.75,9780.82,339762932.11
2019-04-29,9775.95,9822.82,9597.09,9622.49,356616132.79
2019-04-30,9573.41,9730.55,9573.39,9674.53,263792927.27
2019-05-06,9289.74,9333.92,8893.15,8943.52,355213411.07
2019-05-07,9011.52,9160.52,8928.57,9089.46,296713598.85
2019-05-08,8899.91,9167.81,8873.44,9002.53,289597255.9
2019-05-09,8919.5,9012.24,8860.17,8877.31,244927948.43
2019-05-10,8988.92,9238.55,8820.59,9235.39,346735347.34
2019-05-13,9112.52,9191.07,9059.32,9103.36,268454269.8
2019-05-14,8998.97,9142.46,8996.92,9038.36,258630922.78
2019-05-15,9125.27,9282.96,9123.9,9259.03,288895917.26
2019-05-16,9247.99,9307.22,9211.75,9293.32,310232475.83
2019-05-17,9299.46,9303.05,8964.37,9000.19,349171165.27
2019-05-20,8980.8,8994.18,8792.84,8916.11,274992473.6
2019-05-21,8920.46,9120.69,8892.15,9087.52,287502697.76
2019-05-22,9069.0,9132.38,8986.53,9041.22,281965205.92
2019-05-23,8997.25,8997.25,8789.41,8809.54,278961831.69
2019-05-24,8788.17,8880.81,8745.6,8776.77,228714097.3
2019-05-27,8795.14,9003.87,8732.98,8979.83,270875544.7
2019-05-28,8979.58,9082.7,8946.7,9035.69,276643369.62
2019-05-29,8971.22,9077.51,8956.72,9010.36,248026476.06
2019-05-30,8974.4,8974.4,8845.83,8943.35,264232166.55
2019-05-31,8939.41,9016.16,8892.12,8922.69,248794801.76
2019-06-03,8953.37,9012.08,8826.75,8856.99,273451240.66
2019-06-04,8854.5,8868.09,8697.5,8748.27,238853930.42
2019-06-05,8831.13,8851.12,8729.21,8746.05,224442578.47
2019-06-06,8741.83,8741.83,8557.58,8584.94,230614649.17
2019-06-10,8621.73,8748.97,8582.48,8711.79,205317923.13
2019-06-11,8721.27,9045.12,8718.47,9037.67,316531461.47
2019-06-12,9008.56,9038.87,8930.91,8954.72,295739200.58
2019-06-13,8948.58,8974.8,8866.22,8951.61,268633276.19
2019-06-14,8956.92,8994.16,8801.33,8810.13,273664328.75
2019-06-17,8807.84,8864.77,8753.42,8780.87,205218247.67
2019-06-18,8785.77,8839.23,8722.93,8804.32,193701307.61
2019-06-19,9051.85,9084.18,8923.44,8925.73,275315384.32
2019-06-20,8923.57,9183.15,8900.75,9134.96,317570242.41
2019-06-21,9181.64,9252.55,9158.32,9214.27,351989129.35
2019-06-24,9220.23,9251.48,9171.35,9212.12,286556337.46
2019-06-25,9206.18,9206.18,9004.76,9118.1,281105616.42
2019-06-26,9064.13,9164.28,9040.32,9122.43,224572243.7
2019-06-27,9154.04,9274.42,9152.63,9239.48,259085481.79
2019-06-28,9236.06,9236.06,9126.89,9178.31,243274133.76
2019-07-01,9384.79,9530.46,9339.77,9530.46,338049379.81
2019-07-02,9516.42,9560.52,9483.16,9545.52,306779217.73
2019-07-03,9519.8,9520.38,9376.31,9419.84,260721598.19
2019-07-04,9435.04,9466.02,9323.07,9368.3,233063772.68
2019-07-05,9379.94,9464.39,9345.79,9443.21,199307360.67
2019-07-08,9419.69,9420.24,9124.16,9186.29,261041805.99
2019-07-09,9178.91,9221.72,9119.65,9198.79,188090827.13
2019-07-10,9231.86,9239.28,9130.53,9166.15,187294334.3
2019-07-11,9216.95,9282.95,9121.46,9152.77,190345675.07
2019-07-12,9161.27,9236.42,9122.41,9213.38,186186263.89
2019-07-15,9181.03,9358.08,9066.71,9309.42,241649216.76
2019-07-16,9294.56,9324.91,9255.43,9283.41,211312143.91
2019-07-17,9274.69,9354.81,9242.25,9302.0,235067706.59
2019-07-18,9258.12,9258.12,9153.01,9154.65,222426906.71
2019-07-19,9198.82,9298.21,9198.82,9228.55,200474339.87
2019-07-22,9247.28,9254.65,9073.49,9122.64,218545396.06
2019-07-23,9125.46,9175.83,9104.76,9175.83,168118777.01
2019-07-24,9203.23,9312.67,9203.23,9266.3,213978041.39
2019-07-25,9265.31,9344.82,9247.97,9344.82,212853691.04
2019-07-26,9310.65,9363.27,9294.61,9349.0,185654473.95
2019-07-29,9350.21,9376.42,9310.63,9354.28,186596814.35
2019-07-30,9362.23,9469.08,9362.23,9399.1,206900141.01
2019-07-31,9374.44,9374.44,9318.59,9326.61,185301240.53
2019-08-01,9278.83,9327.94,9223.31,9268.05,189132525.24
2019-08-02,9049.35,9150.73,9020.26,9136.46,228554425.08
2019-08-05,9093.07,9168.1,8984.73,8984.73,203852033.15
2019-08-06,8805.16,8898.38,8669.9,8859.47,274305593.35
2019-08-07,8919.89,8933.99,8814.74,8814.74,189083931.71
2019-08-08,8870.18,8936.49,8859.48,8919.28,176794343.92
2019-08-09,8963.47,8970.51,8780.72,8795.18,195121488.46
2019-08-12,8816.89,8978.52,8798.5,8978.52,183867356.77
2019-08-13,8910.15,8960.02,8869.46,8902.63,170587307.19
2019-08-14,9034.05,9060.4,8956.08,8966.47,207501725.14
2019-08-15,8779.53,9011.77,8758.04,9009.68,212807484.35
2019-08-16,9007.15,9136.21,8995.57,9060.92,220697415.39
2019-08-19,9165.8,9328.97,9141.89,9328.97,303617839.05
2019-08-20,9340.66,9389.39,9301.92,9328.73,293736361.43
2019-08-21,9304.52,9361.74,9287.31,9322.75,249206921.16
2019-08-22,9350.65,9363.79,9282.76,9350.56,257246169.93
2019-08-23,9357.0,9397.76,9311.26,9362.55,262062843.44
2019-08-26,9181.71,9298.1,9173.01,9270.39,257433068.47
2019-08-27,9333.1,9517.65,9333.1,9443.18,311959902.27
2019-08-28,9449.4,9453.75,9375.57,9414.0,285831306.08
2019-08-29,9429.0,9440.67,9363.15,9398.47,272539934.88
2019-08-30,9458.39,9492.04,9310.11,9365.68,312546961.6
2019-09-02,9393.03,9586.52,9389.48,9569.47,301375345.92
2019-09-03,9591.42,9633.69,9547.76,9633.69,310155425.57
2019-09-04,9612.63,9700.32,9590.98,9700.32,330577097.76
2019-09-05,9752.34,9900.76,9751.95,9783.5,430769669.43
2019-09-06,9829.97,9837.23,9742.27,9823.42,331515905.78
2019-09-09,9907.13,10001.93,9853.69,10001.93,387247245.24
2019-09-10,10005.81,10005.81,9903.42,9964.93,382057735.89
2019-09-11,9985.11,10000.25,9835.97,9853.72,352021079.98
2019-09-12,9886.25,9941.17,9837.27,9919.8,289619812.06
2019-09-16,9952.33,9962.15,9877.11,9918.09,318433830.19
2019-09-17,9890.59,9890.59,9684.15,9722.8,328554165.88
2019-09-18,9747.98,9785.62,9701.64,9753.31,256626163.91
2019-09-19,9786.4,9852.2,9733.97,9852.2,265437302.23
2019-09-20,9873.94,9903.69,9832.39,9881.25,281350748.88
2019-09-23,9853.47,9853.47,9703.66,9781.14,271603603.16
2019-09-24,9783.39,9896.18,9761.03,9811.38,284275431.96
2019-09-25,9768.38,9768.38,9656.05,9671.06,285553846.95
2019-09-26,9698.28,9707.92,9464.84,9464.84,288722525.46
2019-09-27,9470.54,9574.5,9467.15,9548.96,215531597.41
2019-09-30,9544.02,9581.64,9446.04,9446.24,184403070.62
2019-10-08,9474.57,9556.96,9468.74,9474.75,189301439.7
2019-10-09,9443.45,9507.04,9380.57,9506.56,189044845.53
2019-10-10,9504.03,9643.52,9480.17,9638.1,223158569.87
2019-10-11,9656.98,9704.68,9583.52,9666.58,244308085.77
2019-10-14,9753.58,9840.59,9725.68,9786.64,286366997.81
2019-10-15,9759.95,9759.95,9658.51,9671.73,267349174.23
2019-10-16,9678.31,9722.12,9635.45,9642.06,233429842.48
2019-10-17,9657.09,9670.7,9617.01,9645.39,206940033.82
2019-10-18,9665.81,9706.38,9516.75,9533.5,238252396.39
2019-10-21,9533.09,9560.98,9476.46,9553.57,210014616.97
2019-10-22,9582.11,9642.93,9558.36,9642.09,207602955.15
2019-10-23,9641.89,9652.07,9547.5,9567.75,216070082.89
2019-10-24,9570.33,9598.33,9495.0,9555.76,207485949.71
2019-10-25,9562.3,9665.6,9509.34,9660.44,225313071.31
2019-10-28,9721.64,9802.15,9704.53,9801.87,299268085.08
2019-10-29,9812.48,9818.74,9746.03,9746.03,321830851.73
2019-10-30,9707.18,9726.95,9647.0,9681.54,272184490.11
2019-10-31,9709.1,9720.97,9626.93,9635.33,243592624.34
2019-11-01,9621.89,9814.67,9604.31,9802.33,226683909.19
2019-11-04,9828.6,9908.2,9828.6,9868.13,239558403.76
2019-11-05,9885.02,9982.34,9847.2,9938.61,238918148.18
2019-11-06,9947.31,9947.31,9829.75,9860.97,232847836.13
2019-11-07,9849.96,9939.53,9835.89,9917.49,216988085.75
2019-11-08,9985.2,10008.51,9891.0,9895.34,234451241.54
2019-11-11,9821.41,9821.41,9664.06,9680.57,231774177.94
2019-11-12,9675.56,9699.42,9570.44,9670.14,206230328.74
2019-11-13,9678.65,9702.51,9622.31,9687.85,184184875.18
2019-11-14,9689.93,9768.67,9677.76,9746.56,205561391.6
2019-11-15,9741.93,9777.69,9647.99,9647.99,213586120.75
2019-11-18,9635.81,9725.78,9624.95,9715.27,192163768.77
2019-11-19,9721.01,9889.75,9711.29,9889.75,226156386.73
2019-11-20,9885.9,9908.63,9796.95,9809.05,231402649.66
2019-11-21,9772.03,9818.49,9733.44,9774.44,202755816.56
2019-11-22,9794.32,9875.71,9573.47,9626.9,250847436.24
2019-11-25,9626.41,9643.23,9515.33,9626.36,226244751.01
2019-11-26,9662.41,9698.6,9609.73,9677.23,217644739.48
2019-11-27,9643.11,9694.22,9589.21,9648.39,202756157.11
2019-11-28,9650.27,9679.96,9594.37,9622.14,183124717.34
2019-11-29,9614.71,9633.14,9490.85,9582.16,184572508.36
2019-12-02,9603.02,9647.95,9582.32,9605.19,185452155.57
2019-12-03,9585.75,9657.65,9531.25,9657.65,193114572.89
2019-12-04,9624.19,9703.4,9614.04,9687.95,202086729.32
2019-12-05,9719.3,9817.21,9703.91,9799.07,229535559.59
2019-12-06,9804.04,9878.62,9791.56,9878.62,228396999.36
2019-12-09,9908.97,9917.61,9853.2,9876.27,255810141.61
2019-12-10,9850.04,9915.87,9826.84,9915.87,259832524.21
2019-12-11,9905.91,9921.65,9829.11,9852.71,269926959.7
2019-12-12,9862.43,9887.56,9824.42,9836.23,256204337.9
2019-12-13,9923.79,10014.21,9907.76,10004.62,294232168.63
2019-12-16,10040.26,10158.24,10015.45,10158.24,352698369.2
2019-12-17,10157.43,10350.65,10148.69,10306.03,425264451.07
2019-12-18,10299.05,10365.16,10266.64,10294.66,380196027.96
2019-12-19,10298.5,10316.77,10254.95,10296.29,347764099.67
2019-12-20,10305.1,10343.07,10229.1,10229.49,345637473.53
2019-12-23,10202.23,10248.8,10050.41,10056.21,309064941.18
2019-12-24,10080.37,10190.04,10065.55,10189.29,264595231.86
2019-12-25,10176.72,10255.2,10170.21,10229.58,291140108.65
2019-12-26,10239.76,10303.71,10221.34,10303.71,293413613.02
2019-12-27,10326.52,10377.94,10226.62,10233.77,352371951.72
2019-12-30,10203.82,10365.96,10133.88,10365.96,323152983.86
2019-12-31,10360.78,10433.29,10352.89,10430.77,282654534.35
2020-01-02,10509.12,10663.55,10479.77,10638.82,393257468.1
2020-01-03,10666.66,10689.59,10594.36,10656.41,374182701.02
2020-01-06,10599.41,10799.58,10577.78,10698.27,439641646.01
2020-01-07,10725.18,10829.04,10723.86,10829.04,414499627.03
2020-01-08,10776.71,10851.28,10681.02,10706.87,462506909.62
2020-01-09,10807.04,10899.48,10807.04,10898.17,396591114.72
2020-01-10,10927.98,10933.81,10833.52,10879.84,355689713.62
2020-01-13,10894.0,11040.2,10851.72,11040.2,345273662.82
2020-01-14,11074.89,11086.81,10983.42,10988.77,377298121.66
2020-01-15,10978.28,11001.81,10882.79,10972.32,331233272.49
2020-01-16,10986.65,11008.21,10934.72,10967.44,317968373.43
2020-01-17,11001.68,11045.25,10927.84,10954.39,304820102.6
2020-01-20,10981.5,11115.88,10936.8,11115.88,330625512.93
2020-01-21,11077.66,11078.04,10948.58,10953.41,338540804.24
2020-01-22,10896.55,11105.69,10761.68,11072.06,352090081.3
2020-01-23,10947.86,11026.0,10572.26,10681.9,402894259.36
2020-02-03,9706.58,9934.35,9706.58,9779.67,195449921.48
2020-02-04,9578.87,10095.69,9578.87,10089.67,511560080.17
2020-02-05,10159.55,10445.09,10148.24,10305.5,454671825.09
2020-02-06,10306.12,10633.17,10214.81,10601.34,481109434.03
2020-02-07,10569.65,10629.15,10441.9,10611.55,489619557.3
2020-02-10,10577.56,10730.05,10551.54,10728.46,470890837.17
2020-02-11,10749.97,10839.19,10678.11,10768.63,417815190.97
2020-02-12,10735.05,10944.63,10724.09,10940.79,420141761.9
2020-02-13,10936.5,10988.23,10820.92,10864.32,455290399.05
2020-02-14,10854.46,11017.65,10822.13,10916.31,417093369.3
2020-02-17,10974.93,11241.5,10974.93,11241.5,481114964.62
2020-02-18,11244.76,11306.49,11143.39,11306.49,528090836.39
2020-02-19,11300.16,11387.99,11229.55,11235.6,537762852.11
2020-02-20,11278.87,11519.07,11248.9,11509.09,551710619.66
2020-02-21,11506.67,11727.89,11493.63,11629.7,600391734.39
2020-02-24,11620.63,11809.75,11548.41,11772.38,620546346.83
2020-02-25,11537.55,11869.41,11350.28,11856.08,730505831.78
2020-02-26,11677.63,11770.51,11453.69,11497.55,686513098.03
2020-02-27,11555.82,11684.5,11401.32,11534.02,551694823.61
2020-02-28,11150.66,11338.35,10962.24,10980.77,610890436.37
2020-03-02,11115.46,11457.42,11053.29,11381.76,532405548.06
2020-03-03,11597.66,11734.18,11378.76,11484.21,601666152.74
2020-03-04,11411.6,11501.8,11273.26,11493.02,513348245.82
2020-03-05,11644.41,11739.84,11521.29,11711.37,593054204.04
2020-03-06,11555.46,11690.2,11541.78,11582.82,538856740.76
2020-03-09,11363.79,11407.47,11100.91,11108.55,584734799.78
2020-03-10,11016.92,11406.3,10916.95,11403.47,581355154.76
2020-03-11,11436.44,11444.78,11197.09,11200.05,529580219.67
2020-03-12,11022.4,11070.41,10842.38,10941.01,465707946.7
2020-03-13,10382.22,10956.51,10380.17,10831.13,529004537.82
2020-03-16,10867.66,10867.66,10217.93,10253.28,520482615.24
2020-03-17,10337.92,10449.33,9885.86,10202.75,449164287.58
2020-03-18,10294.96,10479.78,10029.57,10029.57,452580805.67
2020-03-19,10023.12,10101.8,9719.49,10019.86,432237748.21
2020-03-20,10150.78,10174.51,9964.29,10150.13,380046974.47
2020-03-23,9828.9,9929.96,9659.35,9691.53,388114615.12
2020-03-24,9900.22,9945.92,9634.97,9921.68,398359284.43
2020-03-25,10171.46,10255.58,10111.36,10241.08,416839381.77
2020-03-26,10161.94,10281.57,10112.62,10155.36,372992274.67
2020-03-27,10300.62,10310.53,10105.72,10109.91,345009875.45
2020-03-30,9953.04,9985.38,9791.02,9904.95,356631369.28
2020-03-31,10008.03,10047.98,9925.68,9962.3,315348323.28
2020-04-01,9967.12,10127.1,9927.92,9951.84,333079525.67
2020-04-02,9910.38,10179.2,9896.65,10179.2,328200761.88
2020-04-03,10155.56,10212.91,10069.64,10110.11,320031270.97
2020-04-07,10312.71,10441.74,10296.72,10428.91,401858318.06
2020-04-08,10372.76,10426.4,10344.44,10386.54,396877234.77
2020-04-09,10453.86,10485.3,10401.17,10463.05,377418831.71
2020-04-10,10459.7,10509.0,10265.88,10298.41,394773436.61
2020-04-13,10225.53,10295.17,10173.12,10223.16,298034337.54
2020-04-14,10300.96,10475.71,10276.37,10475.71,329838757.91
2020-04-15,10468.46,10528.74,10404.51,10417.37,379199306.76
2020-04-16,10361.77,10489.13,10346.11,10470.79,348703809.2
2020-04-17,10562.9,10624.54,10507.8,10527.99,401492379.71
2020-04-20,10553.55,10621.5,10523.59,10621.5,340156237.14
2020-04-21,10577.72,10577.72,10394.44,10506.86,359333291.93
2020-04-22,10424.45,10617.19,10409.85,10617.19,344848570.59
2020-04-23,10657.4,10667.01,10557.94,10564.05,382809728.69
2020-04-24,10565.09,10577.03,10388.66,10423.46,372911395.86
2020-04-27,10449.13,10531.39,10367.29,10452.17,320369787.13
2020-04-28,10477.76,10547.75,10194.15,10501.15,384691529.76
2020-04-29,10461.0,10586.57,10449.37,10514.17,290231988.68
2020-04-30,10575.52,10751.75,10575.52,10721.78,348102531.27
2020-05-06,10618.17,10884.34,10613.89,10883.22,350163179.08
2020-05-07,10899.92,10926.83,10832.09,10863.29,345878890.48
2020-05-08,10923.61,11054.31,10904.88,11001.58,354347890.69
2020-05-11,11053.82,11096.28,10902.6,10969.28,349327539.98
2020-05-12,10972.05,11018.93,10871.61,11015.56,309285831.9
2020-05-13,10978.31,11096.62,10954.69,11074.59,298836840.44
2020-05-14,11026.71,11047.38,10955.54,10962.15,325040790.61
2020-05-15,11013.16,11039.68,10919.54,10964.89,317144619.69
2020-05-18,10969.08,11017.5,10858.46,10921.15,362078882.58
2020-05-19,11023.43,11052.85,10978.72,11052.85,310113850.21
2020-05-20,11056.98,11056.98,10914.75,10948.48,345397378.0
2020-05-21,10999.07,11007.14,10818.79,10845.4,321249943.07
2020-05-22,10832.91,10832.91,10559.3,10604.97,299718973.48
2020-05-25,10602.47,10629.61,10532.86,10592.84,241587532.45
2020-05-26,10655.98,10816.71,10647.25,10815.43,270864207.13
2020-05-27,10823.24,10823.24,10657.81,10682.7,293429897.95
2020-05-28,10680.87,10727.99,10505.79,10653.49,297057868.36
2020-05-29,10615.14,10764.87,10588.74,10746.08,294922962.56
2020-06-01,10837.49,11123.2,10837.49,11102.15,390282216.49
2020-06-02,11133.62,11146.85,11059.18,11112.5,419510340.31
2020-06-03,11154.64,11204.52,11100.69,11108.36,418994915.87
2020-06-04,11146.29,11165.14,11080.51,11139.26,358812247.01
2020-06-05,11153.27,11180.6,11087.25,11180.6,342502178.34
2020-06-08,11266.93,11340.03,11195.85,11215.76,357209784.2
2020-06-09,11238.44,11303.54,11195.0,11284.24,329985425.13
2020-06-10,11296.13,11338.24,11249.43,11335.86,319351628.54
2020-06-11,11328.1,11405.01,11180.75,11243.62,356894664.27
2020-06-12,11017.15,11306.14,11003.32,11251.71,354695599.7
2020-06-15,11241.26,11353.16,11192.27,11192.27,389253047.48
2020-06-16,11312.81,11398.97,11293.9,11398.97,359117074.64
2020-06-17,11421.03,11421.03,11330.37,11420.84,382960519.88
2020-06-18,11416.08,11503.38,11397.57,11494.55,379185206.04
2020-06-19,11505.69,11694.89,11500.53,11668.13,360114582.53
2020-06-22,11680.41,11756.86,11658.81,11702.44,379211212.45
2020-06-23,11711.28,11796.41,11651.83,11794.01,349435936.88
2020-06-24,11813.36,11854.99,11760.47,11813.53,321174660.27
2020-06-29,11780.65,11814.64,11695.45,11752.36,327240865.28
2020-06-30,11828.53,12013.6,11827.76,11992.35,327445773.68
2020-07-01,12024.84,12130.3,11945.89,12112.96,394797723.68
2020-07-02,12095.85,12278.83,12055.95,12269.49,482950799.45
2020-07-03,12295.62,12433.68,12232.7,12433.26,514682695.14
2020-07-06,12519.5,12945.71,12519.5,12941.72,693878571.25
2020-07-07,13084.65,13407.19,12997.17,13163.98,757517279.33
2020-07-08,13170.2,13428.94,13059.24,13406.37,671846143.94
2020-07-09,13399.47,13792.63,13385.43,13754.74,761244341.81
2020-07-10,13662.38,13831.61,13599.03,13671.24,699129190.43
2020-07-13,13699.22,14149.14,13699.22,14149.14,710803969.4
2020-07-14,14121.33,14151.0,13698.27,13996.46,738342116.32
2020-07-15,14017.93,14077.56,13646.66,13734.13,672542485.09
2020-07-16,13731.28,13853.44,12966.33,12996.34,622700319.11
2020-07-17,13002.84,13315.44,12916.08,13114.94,477047430.26
2020-07-20,13303.8,13448.85,13032.4,13448.85,494883150.3
2020-07-21,13480.39,13572.93,13396.58,13536.17,472939229.65
2020-07-22,13507.35,13816.67,13459.88,13657.03,500914306.38
2020-07-23,13511.45,13699.53,13281.55,13661.5,527795890.83
2020-07-24,13547.81,13602.79,12868.95,12935.7,566299750.5
2020-07-27,13013.77,13093.84,12838.87,12976.87,398281265.36
2020-07-28,13107.43,13196.62,13022.82,13147.35,389837209.93
2020-07-29,13117.19,13557.44,13085.95,13557.44,437797601.22
2020-07-30,13595.77,13619.5,13432.13,13466.85,470528688.06
2020-07-31,13464.21,13748.03,13399.86,13637.88,486201682.97
2020-08-03,13771.75,13964.56,13712.98,13964.56,568792353.77
2020-08-04,13966.73,14012.71,13779.22,13860.46,567605799.83
2020-08-05,13859.32,13993.67,13726.62,13960.92,502991737.06
2020-08-06,13972.3,13972.3,13661.84,13863.13,534282824.77
2020-08-07,13813.76,13847.2,13411.67,13648.5,510740600.65
2020-08-10,13576.32,13752.29,13453.95,13657.31,452591805.22
2020-08-11,13668.31,13811.52,13450.23,13466.27,467415697.81
2020-08-12,13437.57,13471.82,13026.01,13308.52,450377017.62
2020-08-13,13373.16,13392.35,13254.39,13291.32,403886454.43
2020-08-14,13272.71,13495.97,13242.78,13489.01,388630534.74
2020-08-17,13542.01,13756.61,13490.64,13742.23,489093702.37
2020-08-18,13748.52,13813.02,13692.07,13768.17,474961630.62
2020-08-19,13741.27,13741.27,13472.96,13480.85,479959539.69
2020-08-20,13387.82,13476.07,13270.12,13320.92,389383833.6
2020-08-21,13445.96,13547.79,13373.72,13478.0,384328638.44
2020-08-24,13565.28,13708.12,13418.96,13666.69,411458025.6
2020-08-25,13692.47,13788.49,13620.62,13669.41,456935792.3
2020-08-26,13680.59,13717.9,13376.66,13428.4,465528483.77
2020-08-27,13465.89,13548.66,13348.45,13535.09,414995131.93
2020-08-28,13509.37,13868.3,13483.28,13851.32,441224995.26
2020-08-31,13929.75,13994.14,13755.36,13758.23,451925524.06
2020-09-01,13729.39,13849.66,13662.69,13849.66,399237899.24
2020-09-02,13881.07,13944.16,13737.83,13887.42,517293702.87
2020-09-03,13871.27,13933.42,13722.58,13772.37,482940488.44
2020-09-04,13501.91,13680.06,13487.69,13656.66,437115965.16
2020-09-07,13633.51,13714.32,13232.24,13284.03,541639429.02
2020-09-08,13315.15,13351.57,13118.94,13293.33,534069298.89
2020-09-09,13107.98,13122.76,12778.43,12861.75,637189231.29
2020-09-10,13001.38,13068.23,12709.75,12742.85,529898053.01
2020-09-11,12711.09,12952.47,12702.62,12942.95,383952523.07
2020-09-14,13024.56,13107.28,12921.76,13021.99,419143551.34
2020-09-15,13032.29,13148.17,12976.03,13143.46,391233479.13
2020-09-16,13123.5,13137.72,12947.05,13011.28,353245371.28
2020-09-17,12970.34,13113.77,12870.99,13015.19,353953413.26
2020-09-18,13026.11,13253.68,12987.59,13245.09,392372451.88
2020-09-21,13280.01,13289.6,13135.24,13149.5,366644046.5
2020-09-22,13052.09,13212.24,12981.97,13023.43,350538310.09
2020-09-23,13044.81,13148.94,12991.66,13110.07,318235740.01
2020-09-24,13018.3,13044.38,12816.61,12816.61,344066622.9
2020-09-25,12876.08,12919.61,12764.26,12814.17,272819823.65
2020-09-28,12860.09,12890.9,12752.39,12760.93,251467578.69
2020-09-29,12843.23,12966.85,12798.65,12900.7,253193440.85
2020-09-30,12948.97,13040.04,12834.77,12907.45,252199580.95
2020-10-09,13161.36,13323.81,13145.75,13289.26,318084326.06
2020-10-12,13386.34,13708.07,13382.7,13708.07,434269167.9
2020-10-13,13678.62,13820.56,13622.95,13798.58,381369284.18
2020-10-14,13781.56,13781.78,13664.73,13691.04,383446938.19
2020-10-15,13702.83,13737.08,13617.08,13624.89,355725125.99
2020-10-16,13611.91,13665.58,13439.88,13532.73,324284156.19
2020-10-19,13638.78,13660.54,13393.02,13421.19,329539320.95
2020-10-20,13417.22,13603.88,13371.55,13603.88,316642581.29
2020-10-21,13613.87,13613.87,13396.54,13467.91,317841283.51
2020-10-22,13419.39,13435.41,13252.06,13396.18,301658679.96
2020-10-23,13405.54,13487.11,13110.02,13128.46,302481906.44
2020-10-26,13056.3,13242.63,12922.59,13191.25,276109396.13
2020-10-27,13159.37,13291.8,13146.55,13269.65,287974327.88
2020-10-28,13273.5,13438.47,13188.66,13388.1,323934681.23
2020-10-29,13219.89,13582.31,13200.78,13519.66,333961871.62
2020-10-30,13544.29,13550.36,13204.25,13236.6,375631585.18
2020-11-02,13269.97,13462.42,13258.16,13420.96,339275033.76
2020-11-03,13476.58,13592.92,13414.0,13580.04,340565243.71
2020-11-04,13586.33,13691.69,13544.83,13659.5,313124511.06
2020-11-05,13802.18,13894.26,13728.64,13894.26,365798323.99
2020-11-06,13932.41,13932.41,13708.75,13838.42,366151638.78
2020-11-09,13934.37,14197.85,13934.37,14141.15,437218141.98
2020-11-10,14121.69,14121.69,13908.21,13993.34,394359802.74
2020-11-11,13925.44,13981.99,13715.44,13720.17,350606561.76
2020-11-12,13789.29,13846.87,13724.34,13792.07,302522562.44
2020-11-13,13755.29,13802.71,13620.89,13754.55,296359332.83
2020-11-16,13811.85,13850.83,13669.25,13850.83,336170863.94
2020-11-17,13843.01,13843.01,13628.82,13732.52,361145071.31
2020-11-18,13710.02,13773.58,13602.69,13658.2,347492634.89
2020-11-19,13633.97,13812.78,13578.33,13777.45,346925563.29
2020-11-20,13789.98,13865.72,13773.21,13852.42,329383863.64
2020-11-23,13871.71,14021.5,13795.92,13955.29,401041979.0
2020-11-24,13958.01,13962.34,13848.91,13902.54,355274026.5
2020-11-25,13923.66,13933.79,13656.09,13656.09,368603579.14
2020-11-26,13651.43,13692.73,13452.68,13599.99,317721491.74
2020-11-27,13627.86,13690.88,13542.68,13690.88,310005529.19
2020-11-30,13720.68,13815.49,13634.16,13670.11,371654482.93
2020-12-01,13650.39,13940.9,13646.69,13930.38,370145138.64
2020-12-02,13950.74,13991.45,13858.45,13961.58,388032449.19
2020-12-03,13955.98,14009.51,13889.62,13970.68,374363787.65
2020-12-04,13933.88,14049.21,13903.84,14026.66,318869192.87
2020-12-07,14021.16,14054.88,13958.74,13973.48,317957807.93
2020-12-08,14000.87,14040.5,13942.66,13973.89,292836034.56
2020-12-09,13998.62,14017.35,13710.86,13716.53,336484709.29
2020-12-10,13672.05,13814.8,13621.13,13731.34,290835679.22
2020-12-11,13767.48,13771.96,13431.55,13555.14,346193405.33
2020-12-14,13583.2,13695.32,13511.78,13692.13,291001307.65
2020-12-15,13682.28,13783.04,13641.72,13763.31,284756671.06
2020-12-16,13791.42,13807.17,13709.8,13751.09,297828155.98
2020-12-17,13746.28,13901.83,13688.83,13889.87,330101244.61
2020-12-18,13911.83,13939.93,13806.62,13854.12,312867298.59
2020-12-21,13858.66,14134.85,13819.7,14134.85,343926152.76
2020-12-22,14085.29,14172.77,13872.5,13882.3,385393431.49
2020-12-23,13912.52,14078.13,13897.11,14015.02,368469493.03
2020-12-24,13998.36,14048.62,13867.66,13915.57,356961842.59
2020-12-25,13879.24,14017.06,13835.52,14017.06,338254124.81
2020-12-28,14020.95,14112.59,13959.14,14044.1,373252546.53
2020-12-29,14042.79,14082.5,13915.89,13970.21,371600319.42
2020-12-30,13970.45,14208.68,13968.09,14201.57,351919991.31
2020-12-31,14226.28,14476.55,14226.28,14470.68,372217263.83
2021-01-04,14516.12,14859.09,14486.25,14827.47,435497759.23
2021-01-05,14760.25,15149.1,14716.79,15147.57,458934763.39
2021-01-06,15221.44,15295.07,14987.37,15187.61,433240718.36
2021-01-07,15178.35,15356.4,15101.67,15356.4,469284072.02
2021-01-08,15402.74,15453.18,15162.71,15319.29,420062728.22
2021-01-11,15353.08,15420.68,15011.59,15115.38,439456644.06
2021-01-12,15053.87,15460.03,15020.26,15460.03,386861601.55
2021-01-13,15491.07,15597.97,15240.9,15365.43,432697297.63
2021-01-14,15283.56,15354.12,15033.47,15070.13,396172476.9
2021-01-15,15030.54,15120.27,14772.06,15031.7,364498330.13
2021-01-18,14980.5,15309.79,14898.88,15269.27,364069404.25
2021-01-19,15278.54,15314.05,14954.35,15003.99,395125729.2
2021-01-20,15023.74,15246.78,14958.22,15223.36,340287544.97
2021-01-21,15251.67,15608.38,15251.67,15520.6,410627802.15
2021-01-22,15508.94,15632.33,15381.6,15628.73,396161439.73
2021-01-25,15594.81,15895.88,15534.25,15710.19,403516911.41
2021-01-26,15637.39,15637.39,15328.41,15352.42,350296020.05
2021-01-27,15328.87,15446.82,15107.04,15413.84,338372167.36
2021-01-28,15169.1,15228.5,14881.8,14913.21,354135178.09
2021-01-29,15039.89,15096.25,14609.64,14821.99,368670238.69
2021-02-01,14841.71,15036.38,14797.41,15024.24,337066645.13
2021-02-02,15057.44,15341.48,14981.33,15335.66,329951253.06
2021-02-03,15360.42,15435.53,15218.57,15233.15,348166748.29
2021-02-04,15135.85,15285.88,14908.76,15105.94,353546025.33
2021-02-05,15167.64,15250.09,14996.29,15007.29,319867071.93
2021-02-08,15066.46,15299.65,14945.84,15269.63,283194247.05
2021-02-09,15330.3,15635.38,15275.39,15630.57,294171492.91
2021-02-10,15702.2,16010.41,15632.14,15962.25,282691189.47
2021-02-18,16275.98,16293.09,15697.72,15767.44,368451369.17
2021-02-19,15660.5,15840.16,15443.24,15823.11,389976847.11
2021-02-22,15818.77,15818.77,15336.95,15336.95,499458715.06
2021-02-23,15174.72,15411.03,15146.89,15243.25,401025757.27
2021-02-24,15281.4,15318.85,14709.13,14870.67,390506016.98
2021-02-25,15016.63,15036.42,14794.73,14828.8,359680058.32
2021-02-26,14480.74,14713.12,14396.45,14507.45,344992184.57
2021-03-01,14670.11,14864.58,14614.01,14857.34,345047812.06
2021-03-02,14958.22,14987.07,14616.16,14751.12,356856976.49
2021-03-03,14679.84,14932.38,14612.85,14932.38,355072923.84
2021-03-04,14780.91,14780.91,14357.19,14416.06,394178204.83
2021-03-05,14156.01,14531.99,14122.59,14412.31,380476066.03
2021-03-08,14513.79,14597.75,13859.95,13863.81,403293216.13
2021-03-09,13803.25,13844.23,13289.38,13475.72,423614109.21
2021-03-10,13721.24,13750.26,13480.42,13563.34,325268745.58
2021-03-11,13598.2,13904.47,13535.25,13866.37,345876213.07
2021-03-12,13934.23,13934.23,13716.01,13897.03,366137366.59
2021-03-15,13793.52,13793.52,13389.98,13520.07,351060345.24
2021-03-16,13574.56,13652.55,13439.73,13642.96,355582250.51
2021-03-17,13605.78,13842.88,13490.42,13809.77,346990414.45
2021-03-18,13850.6,14003.77,13832.7,13963.92,345470192.2
2021-03-19,13738.21,13837.23,13522.94,13606.0,351980669.61
2021-03-22,13605.7,13797.3,13565.17,13760.97,363207372.5
2021-03-23,13754.88,13794.46,13506.17,13607.27,378170315.54
2021-03-24,13529.93,13651.9,13378.88,13407.35,357167270.57
2021-03-25,13318.97,13489.29,13252.24,13421.16,337049748.52
2021-03-26,13493.36,13810.96,13493.36,13769.68,339769111.27
2021-03-29,13802.51,13895.61,13684.43,13771.26,347038114.72
2021-03-30,13751.21,13933.32,13717.59,13888.44,344889715.62
2021-03-31,13870.71,13870.71,13678.67,13778.67,308122501.98
2021-04-01,13812.64,13992.75,13808.32,13979.69,303689989.35
2021-04-02,14042.13,14178.1,14008.85,14122.61,316316981.78
2021-04-06,14176.21,14194.36,14045.92,14083.34,306757410.52
2021-04-07,14100.85,14100.85,13856.97,13979.31,353677755.04
2021-04-08,13906.82,14037.45,13845.12,13989.94,371928907.99
2021-04-09,13965.21,13977.28,13769.19,13813.31,330726189.2
2021-04-12,13811.59,13867.16,13454.27,13495.72,358670603.9
2021-04-13,13490.39,13671.36,13484.0,13528.31,331624883.19
2021-04-14,13550.87,13756.74,13550.87,13738.0,329494690.82
2021-04-15,13705.13,13705.13,13539.07,13680.27,334653031.87
2021-04-16,13718.23,13755.45,13575.62,13720.74,350644912.34
2021-04-19,13714.39,14121.21,13667.75,14117.8,386476671.26
2021-04-20,14062.5,14215.28,14035.23,14101.9,378197403.22
2021-04-21,14010.59,14176.95,13978.57,14151.15,335136156.33
2021-04-22,14219.24,14244.49,14091.11,14209.44,324132085.64
2021-04-23,14213.36,14386.62,14208.4,14351.86,340105402.21
2021-04-26,14419.85,14529.43,14212.22,14224.45,374892671.63
2021-04-27,14211.59,14266.6,14106.83,14264.08,332657749.82
2021-04-28,14238.56,14398.96,14190.64,14398.38,316524025.34
2021-04-29,14416.85,14516.22,14330.09,14464.08,321379599.01
2021-04-30,14437.17,14522.46,14343.06,14438.57,334884234.55
2021-05-06,14355.41,14398.58,14088.04,14210.6,340954933.56
2021-05-07,14243.71,14280.04,13933.81,13933.81,374633949.96
2021-05-10,13945.78,14035.6,13828.82,13917.97,371148527.43
2021-05-11,13814.28,13996.7,13696.73,13966.79,384844650.42
2021-05-12,13922.15,14078.33,13872.1,14064.87,350887243.53
2021-05-13,13907.18,14027.55,13866.11,13917.65,375189285.61
2021-05-14,13960.33,14214.13,13872.63,14208.78,393522374.61
2021-05-17,14234.71,14538.76,14234.71,14456.54,368438315.49
2021-05-18,14462.41,14497.9,14345.99,14450.6,318110625.37
2021-05-19,14399.76,14544.2,14359.02,14484.46,333373093.35
2021-05-20,14455.61,14582.4,14431.8,14535.1,363521561.38
2021-05-21,14582.07,14634.59,14386.12,14417.46,333924998.17
2021-05-24,14436.36,14506.61,14295.48,14506.61,347035867.57
2021-05-25,14533.95,14862.19,14509.78,14846.45,380902835.0
2021-05-26,14850.28,14860.64,14762.2,14793.68,391095101.6
2021-05-27,14796.05,14955.3,14720.67,14897.19,383705021.71
2021-05-28,14899.33,14977.25,14778.82,14852.88,408822442.78
2021-05-31,14874.89,14996.38,14836.15,14996.38,386280136.43
2021-06-01,14963.95,15039.02,14820.74,15034.78,408299575.13
2021-06-02,15044.94,15051.21,14793.74,14857.91,412423387.29
2021-06-03,14850.51,14947.6,14759.82,14761.13,381461038.66
2021-06-04,14704.19,14989.21,14667.53,14870.91,365385863.3
2021-06-07,14879.49,14883.55,14760.2,14862.6,368529499.38
2021-06-08,14867.95,14973.81,14625.29,14716.98,384769987.88
2021-06-09,14698.35,14762.64,14641.83,14718.4,374276070.05
2021-06-10,14715.14,14940.3,14699.31,14893.59,417020400.72
2021-06-11,14918.49,14920.87,14738.62,14801.24,452637885.87
2021-06-15,14806.69,14829.97,14564.56,14673.34,407952738.39
2021-06-16,14663.48,14667.24,14290.23,14295.93,378008049.04
2021-06-17,14291.94,14489.51,14291.94,14472.37,364659079.02
2021-06-18,14510.56,14635.5,14449.06,14583.67,401948668.13
2021-06-21,14563.05,14721.69,14468.74,14641.29,409252379.88
2021-06-22,14678.37,14706.5,14564.5,14696.29,425178944.97
2021-06-23,14713.84,14882.14,14641.47,14843.83,414695296.08
2021-06-24,14876.73,14877.64,14718.89,14784.8,400215650.85
2021-06-25,14799.53,15036.77,14797.34,15003.85,400441491.85
2021-06-28,15049.77,15166.56,15031.21,15150.17,383375750.26
2021-06-29,15187.8,15187.8,14991.18,14999.8,379079475.93
2021-06-30,15015.29,15175.75,14978.3,15161.7,357697090.82
2021-07-01,15203.07,15206.15,15001.89,15038.88,390016907.41
2021-07-02,14937.73,14937.73,14652.74,14670.71,357698551.18
2021-07-05,14666.68,14782.57,14597.87,14718.66,368320368.68
2021-07-06,14745.45,14779.29,14480.87,14667.65,400993998.48
2021-07-07,14592.75,14966.23,14545.29,14940.05,385800778.72
2021-07-08,14984.25,15033.34,14856.93,14882.9,440644345.88
2021-07-09,14805.81,14887.6,14583.55,14844.36,423557057.14
2021-07-12,14970.13,15222.17,14870.83,15161.52,486102238.07
2021-07-13,15151.09,15232.15,15077.34,15189.29,476409760.22
2021-07-14,15141.04,15215.63,15021.99,15056.32,483741742.52
2021-07-15,15014.91,15170.64,14899.31,15169.33,461810997.06
2021-07-16,15144.08,15165.75,14962.97,14972.21,444265304.56
2021-07-19,14958.62,15033.6,14856.64,14992.9,428881903.58
2021-07-20,14879.27,15031.88,14859.71,15011.35,382398199.04
2021-07-21,15070.17,15264.1,15061.09,15212.6,453141811.77
2021-07-22,15258.73,15290.06,15172.1,15262.19,492194831.72
2021-07-23,15248.25,15248.25,14989.5,15028.57,528929013.71
2021-07-26,14982.9,14982.9,14376.33,14630.85,512117194.84
2021-07-27,14640.26,14741.87,14093.63,14093.63,528966396.13
2021-07-28,13967.44,14207.39,13727.48,14086.42,479174187.72
2021-07-29,14390.29,14544.11,14277.96,14515.32,439221517.61
2021-07-30,14482.78,14522.12,14294.48,14473.21,477653064.94
2021-08-02,14463.21,14806.86,14395.33,14798.16,507567735.83
2021-08-03,14745.91,14844.52,14656.2,14736.92,508145845.15
2021-08-04,14715.75,14990.11,14683.35,14990.11,446708583.39
2021-08-05,14901.96,14990.65,14800.42,14872.23,471451622.16
2021-08-06,14902.69,14915.73,14722.13,14827.41,442793034.45
2021-08-09,14738.37,14980.15,14682.94,14941.44,447655106.48
2021-08-10,14919.52,15057.59,14863.08,15057.59,474072603.31
2021-08-11,15048.87,15101.13,14969.08,15021.17,491643694.83
2021-08-12,14972.5,15037.58,14857.91,14901.97,503515150.03
2021-08-13,14839.51,14994.61,14717.67,14799.03,490265551.29
2021-08-16,14756.48,14800.22,14660.08,14693.74,472136284.37
2021-08-17,14696.19,14750.93,14308.63,14350.65,509385922.71
2021-08-18,14371.82,14500.14,14284.85,14454.11,446971949.26
2021-08-19,14456.18,14570.63,14357.73,14487.36,453694467.64
2021-08-20,14376.9,14448.92,14100.92,14253.54,440770761.2
2021-08-23,14296.95,14558.47,14260.08,14535.88,481361585.85
2021-08-24,14558.96,14710.01,14496.89,14663.55,508419422.76
2021-08-25,14657.65,14697.5,14562.82,14697.5,474952919.67
2021-08-26,14701.92,14701.92,14409.88,14415.46,518341807.52
2021-08-27,14382.18,14537.15,14366.15,14436.9,511580545.71
2021-08-30,14482.97,14546.74,14339.38,14423.37,551681253.97
2021-08-31,14407.94,14418.26,14157.55,14328.38,530028206.61
2021-09-01,14336.07,14418.61,14058.25,14314.09,601813173.63
2021-09-02,14294.54,14348.82,14226.42,14277.34,522249780.6
2021-09-03,14295.56,14302.9,14118.73,14179.86,597863327.62
2021-09-06,14184.42,14567.14,14145.63,14546.6,531572710.26
2021-09-07,14543.84,14724.63,14483.55,14702.9,532235187.6
2021-09-08,14706.88,14789.09,14630.5,14688.08,610923609.04
2021-09-09,14666.05,14716.73,14547.07,14698.53,571295675.36
2021-09-10,14673.45,14811.51,14645.26,14771.87,573881203.2
2021-09-13,14776.82,14833.88,14648.78,14705.83,549520224.28
2021-09-14,14699.22,14844.26,14589.72,14626.09,577552590.01
2021-09-15,14590.8,14602.34,14476.19,14536.31,515258089.07
2021-09-16,14527.1,14550.31,14258.13,14258.13,571644427.78
2021-09-17,14224.61,14383.62,14136.47,14359.36,509000413.98
2021-09-22,14139.9,14311.96,14117.63,14277.08,435910686.62
2021-09-23,14380.09,14416.37,14338.99,14387.36,515307454.14
2021-09-24,14359.11,14514.39,14307.68,14357.85,488477289.84
2021-09-27,14430.04,14527.77,14253.15,14344.29,512315118.13
2021-09-28,14307.53,14425.16,14243.2,14313.82,381380518.62
2021-09-29,14202.4,14235.88,14020.56,14079.02,412588024.1
2021-09-30,14124.08,14337.5,14124.08,14309.01,352613793.15
2021-10-08,14457.94,14489.33,14348.98,14414.16,401478900.17
2021-10-11,14440.82,14484.39,14338.47,14367.6,373827654.42
2021-10-12,14335.54,14335.54,14006.65,14135.38,393850895.07
2021-10-13,14140.42,14358.5,14112.91,14353.08,339658919.89
2021-10-14,14350.63,14399.92,14293.53,14341.38,341200294.1
2021-10-15,14294.18,14440.58,14232.03,14415.99,383655008.47
2021-10-18,14393.18,14393.18,14218.61,14350.02,361564199.3
2021-10-19,14352.93,14504.24,14352.93,14499.77,358298685.28
2021-10-20,14500.46,14552.57,14431.63,14452.25,378117576.09
2021-10-21,14466.42,14501.45,14348.12,14444.86,372311279.46
2021-10-22,14467.37,14582.79,14454.86,14492.82,382262503.94
2021-10-25,14491.35,14599.0,14452.88,14596.72,362803313.13
2021-10-26,14658.99,14682.43,14531.48,14552.82,386830497.33
2021-10-27,14510.45,14510.45,14348.05,14393.51,398325127.73
2021-10-28,14350.91,14407.66,14188.29,14244.82,391846982.37
2021-10-29,14242.68,14457.44,14199.59,14451.38,380014383.15
2021-11-01,14393.58,14569.23,14344.48,14476.53,409694010.99
2021-11-02,14476.9,14558.36,14248.0,14377.27,443834166.78
2021-11-03,14365.21,14458.62,14287.34,14367.78,360786565.3
2021-11-04,14440.22,14557.94,14420.14,14555.27,384931830.33
2021-11-05,14536.6,14623.48,14462.59,14462.62,445734089.01
2021-11-08,14451.59,14532.72,14400.84,14508.86,401022964.95
2021-11-09,14538.62,14581.42,14463.77,14571.93,388860384.55
2021-11-10,14521.72,14536.63,14302.8,14515.88,426612098.39
2021-11-11,14497.98,14708.12,14479.37,14699.74,453880792.03
2021-11-12,14708.6,14732.35,14646.49,14705.37,448411964.12
2021-11-15,14724.34,14732.05,14578.23,14636.39,465602015.68
2021-11-16,14626.87,14736.37,14597.04,14613.97,458179338.55
2021-11-17,14646.66,14711.18,14596.89,14711.18,437931666.75
2021-11-18,14685.79,14685.79,14555.22,14579.17,479263932.34
2021-11-19,14569.93,14761.53,14552.67,14752.49,461993854.28
2021-11-22,14778.58,14961.79,14776.04,14960.66,477183998.96
2021-11-23,14929.24,14954.85,14874.43,14905.13,480711644.98
2021-11-24,14908.97,14942.96,14864.89,14887.59,477783590.02
2021-11-25,14884.85,14897.18,14819.68,14827.95,446980497.33
2021-11-26,14802.02,14862.93,14745.59,14777.17,441289630.42
2021-11-29,14635.48,14825.43,14633.06,14810.2,435390976.98
2021-11-30,14854.52,14870.23,14712.82,14795.73,473012831.94
2021-12-01,14794.37,14824.81,14724.72,14794.25,460441180.55
2021-12-02,14769.69,14834.79,14740.24,14765.56,478637879.45
2021-12-03,14772.67,14892.05,14767.45,14892.05,433966982.8
2021-12-06,14872.54,14942.24,14742.1,14752.96,467776998.31
2021-12-07,14845.02,14861.38,14602.73,14697.17,450142169.81
2021-12-08,14748.65,14964.46,14733.89,14964.46,408102745.09
2021-12-09,14965.44,15193.67,14957.34,15147.88,470547554.44
2021-12-10,15044.68,15148.78,15026.37,15111.56,453860026.14
2021-12-13,15166.16,15288.65,15151.8,15212.49,475162324.85
2021-12-14,15171.05,15185.25,15109.06,15136.78,461568425.61
2021-12-15,15112.18,15187.26,15012.75,15026.21,475018501.59
2021-12-16,15047.47,15112.81,14977.45,15112.81,474491507.75
2021-12-17,15075.23,15075.23,14867.25,14867.55,504183203.81
2021-12-20,14818.42,14902.13,14551.37,14569.18,504639909.34
2021-12-21,14559.72,14702.38,14547.6,14688.98,480362783.48
2021-12-22,14723.41,14813.04,14709.4,14791.33,531632652.56
2021-12-23,14818.99,14878.96,14790.45,14863.93,492400676.21
2021-12-24,14872.42,14887.46,14674.14,14710.33,507365221.63
2021-12-27,14704.29,14802.35,14652.42,14715.65,436106668.77
2021-12-28,14736.73,14841.88,14696.45,14837.87,432157117.67
2021-12-29,14828.19,14828.19,14645.2,14653.82,424280067.74
2021-12-30,14652.08,14846.82,14652.08,14796.23,455430806.29
2021-12-31,14842.07,14871.98,14797.11,14857.35,468675226.13
2022-01-04,14935.23,14941.19,14681.71,14791.31,570546865.17
2022-01-05,14752.08,14767.22,14469.37,14525.76,583832783.63
2022-01-06,14432.46,14497.76,14298.48,14429.51,513516006.72
2022-01-07,14449.54,14495.67,14331.98,14343.65,561849847.93
2022-01-10,14304.86,14430.09,14194.35,14406.97,463125104.7
2022-01-11,14402.22,14433.56,14201.9,14223.35,475474031.84
2022-01-12,14316.53,14426.12,14293.41,14421.2,466111364.8
2022-01-13,14440.98,14440.98,14138.34,14138.34,495139093.88
2022-01-14,14054.67,14219.44,14039.87,14150.57,506382267.85
2022-01-17,14163.0,14374.47,14159.27,14363.57,505321979.79
2022-01-18,14365.19,14444.54,14285.63,14391.39,548870207.01
2022-01-19,14376.36,14413.38,14120.24,14207.19,483398527.45
2022-01-20,14188.51,14312.0,14149.5,14198.3,517115384.52
2022-01-21,14144.22,14181.62,13991.64,14029.55,438784152.47
2022-01-24,13941.9,14133.04,13918.99,14081.79,371844184.16
2022-01-25,14018.93,14091.88,13682.72,13683.89,446105457.44
2022-01-26,13742.03,13820.94,13580.4,13780.3,351288315.01
2022-01-27,13756.87,13773.5,13395.36,13398.84,373194453.38
2022-01-28,13515.47,13553.22,13227.83,13328.06,358892927.17
2022-02-07,13558.94,13632.45,13412.2,13456.65,371634393.53
2022-02-08,13432.08,13432.34,13051.8,13325.41,394133103.13
2022-02-09,13321.81,13541.87,13283.2,13531.31,430442322.99
2022-02-10,13537.31,13537.31,13339.5,13432.07,408941571.55
2022-02-11,13360.4,13452.72,13206.63,13224.38,441761801.43
2022-02-14,13140.35,13280.08,13049.45,13123.21,391449470.71
2022-02-15,13143.1,13346.67,13138.44,13345.63,371391608.03
2022-02-16,13403.64,13446.06,13339.8,13376.36,375308775.1
2022-02-17,13360.46,13490.86,13322.69,13422.9,429285612.56
2022-02-18,13334.9,13460.21,13316.47,13459.68,388370496.83
2022-02-21,13464.85,13503.09,13404.73,13471.16,448012142.27
2022-02-22,13384.03,13384.03,13216.63,13297.11,456917841.06
2022-02-23,13319.87,13553.27,13319.87,13549.99,454061013.16
2022-02-24,13459.01,13538.71,13093.97,13252.24,629045621.2
2022-02-25,13383.24,13540.99,13383.24,13412.92,434650890.61
2022-02-28,13397.93,13457.61,13279.32,13455.73,397940259.92
2022-03-01,13493.28,13517.25,13393.85,13488.64,399261091.57
2022-03-02,13412.9,13412.9,13267.55,13346.96,400429912.03
2022-03-03,13397.97,13407.04,13187.74,13201.82,451125701.65
2022-03-04,13089.42,13204.24,12972.24,13020.46,448266775.56
2022-03-07,12930.73,12930.73,12523.45,12573.43,430338499.37
2022-03-08,12594.59,12653.46,12178.18,12244.5,485660820.15
2022-03-09,12282.15,12337.77,11598.39,12107.17,521187995.2
2022-03-10,12421.76,12486.91,12331.5,12370.95,457351732.94
2022-03-11,12181.48,12464.5,12043.38,12447.37,446429139.05
2022-03-14,12315.77,12389.41,12063.63,12063.63,410957922.24
2022-03-15,11948.63,12086.04,11537.24,11537.24,491133199.23
2022-03-16,11765.31,12034.46,11331.23,12000.96,510653177.41
2022-03-17,12228.84,12497.86,12218.17,12289.97,530552561.3
2022-03-18,12222.22,12368.59,12141.75,12328.65,452016282.49
2022-03-21,12385.87,12469.98,12257.67,12379.64,472491318.25
2022-03-22,12350.73,12410.47,12269.17,12318.78,464501508.19
2022-03-23,12373.51,12436.21,12291.37,12408.65,450677512.49
2022-03-24,12339.14,12384.78,12188.58,12305.5,440692827.09
2022-03-25,12315.35,12330.95,12072.73,12072.73,437184680.33
2022-03-28,11969.0,12053.2,11835.33,11949.94,423332987.75
2022-03-29,11983.54,12050.85,11857.37,11895.08,425132253.08
2022-03-30,11969.36,12263.8,11961.06,12263.8,450967898.46
2022-03-31,12208.99,12220.06,12090.29,12118.25,498906066.01
2022-04-01,12040.01,12275.08,12009.21,12227.93,470576213.21
2022-04-06,12220.78,12238.02,12091.98,12172.91,484429217.04
2022-04-07,12101.37,12205.1,11971.33,11972.02,478578703.69
2022-04-08,11988.05,12001.59,11799.02,11959.27,462484667.16
2022-04-11,11876.18,11876.18,11482.73,11520.21,463261840.26
2022-04-12,11523.28,11756.38,11439.59,11756.38,449765610.78
2022-04-13,11669.08,11744.25,11568.17,11568.17,438713002.36
2022-04-14,11662.59,11787.12,11587.87,11714.62,406771251.41
2022-04-15,11626.05,11737.79,11552.78,11648.57,438335828.87
2022-04-18,11557.52,11710.84,11459.84,11691.47,364605682.57
2022-04-19,11691.76,11771.55,11584.24,11633.32,357166480.71
2022-04-20,11619.74,11641.45,11360.08,11392.23,399133476.96
2022-04-21,11328.71,11429.78,11038.38,11084.28,429251534.65
2022-04-22,11016.68,11151.66,10896.92,11051.7,372203851.01
2022-04-25,10840.36,10866.64,10379.06,10379.28,457612442.66
2022-04-26,10401.99,10548.96,10181.17,10206.64,433566387.45
2022-04-27,10090.98,10652.93,10087.53,10652.9,476823020.63
2022-04-28,10607.79,10743.17,10498.66,10628.92,410129136.78
2022-04-29,10719.45,11029.94,10631.14,11021.44,465755677.39
2022-05-05,10928.68,11146.02,10897.26,11046.38,410347412.14
2022-05-06,10775.31,10913.69,10748.87,10809.88,375679487.5
2022-05-09,10743.03,10867.61,10698.67,10765.63,339501447.28
2022-05-10,10601.4,10938.58,10560.78,10912.74,411873294.24
2022-05-11,10921.03,11334.76,10917.1,11109.48,507190144.35
2022-05-12,11029.34,11173.02,11006.32,11094.87,404733882.4
2022-05-13,11167.59,11204.54,11044.46,11159.79,385073874.43
2022-05-16,11251.27,11296.0,11067.06,11093.37,408882188.56
2022-05-17,11095.4,11230.74,11059.83,11230.16,387575538.23
2022-05-18,11249.28,11300.22,11151.22,11208.08,394173392.17
2022-05-19,11035.96,11250.06,11019.08,11250.06,414793352.63
2022-05-20,11311.81,11454.53,11292.14,11454.53,446843982.56
2022-05-23,11468.81,11475.18,11343.21,11447.95,420709734.04
2022-05-24,11429.93,11429.93,11065.92,11065.92,489529723.51
2022-05-25,11062.63,11143.97,11009.73,11143.18,375308901.77
2022-05-26,11149.3,11276.2,10984.75,11206.82,401161324.99
2022-05-27,11290.0,11379.93,11126.75,11193.59,398282332.09
2022-05-30,11248.51,11327.05,11185.95,11310.28,374874662.18
2022-05-31,11313.41,11543.18,11241.03,11527.62,423640843.09
2022-06-01,11507.49,11592.47,11467.86,11551.27,411885677.97
2022-06-02,11492.97,11637.53,11470.89,11628.31,408264157.06
2022-06-06,11636.68,11941.17,11602.4,11938.12,467818690.28
2022-06-07,11937.28,12004.58,11857.45,11935.57,460343120.46
2022-06-08,11947.75,12040.35,11815.29,12033.26,480324673.49
2022-06-09,12002.81,12006.02,11761.21,11810.58,437326466.7
2022-06-10,11733.35,12039.47,11724.24,12035.15,444246357.39
2022-06-13,11922.56,12056.53,11881.08,11999.31,468909791.7
2022-06-14,11854.17,12028.14,11644.35,12023.79,492299859.03
2022-06-15,12052.74,12356.31,12038.8,12137.76,564783815.27
2022-06-16,12146.85,12274.18,12101.49,12150.96,492149725.97
2022-06-17,12045.84,12355.34,12036.27,12331.14,467397611.82
2022-06-20,12405.12,12587.95,12372.07,12487.13,478432531.99
2022-06-21,12477.73,12542.71,12299.95,12423.86,494312009.64
2022-06-22,12437.69,12445.16,12240.78,12246.55,442059213.68
2022-06-23,12273.38,12514.73,12177.25,12514.73,474588298.24
2022-06-24,12553.56,12690.54,12516.71,12686.03,505724555.75
2022-06-27,12742.55,12911.24,12742.55,12825.57,517160637.24
2022-06-28,12823.65,13001.54,12718.25,12982.69,536821048.63
2022-06-29,12930.43,12998.63,12682.93,12696.5,581124821.23
2022-06-30,12710.25,12970.65,12710.25,12896.2,503676110.76
2022-07-01,12899.47,12941.06,12805.73,12860.36,457099508.79
2022-07-04,12813.49,13026.25,12751.08,13026.25,458436527.92
2022-07-05,13057.24,13121.39,12798.01,12973.11,493969472.33
2022-07-06,12935.42,12997.41,12700.48,12811.33,451141926.72
2022-07-07,12826.09,12962.99,12732.7,12935.85,453546934.99
2022-07-08,12998.56,13034.46,12848.63,12857.13,464011816.0
2022-07-11,12798.42,12798.42,12514.98,12617.23,451243336.78
2022-07-12,12616.84,12657.49,12396.91,12439.27,444283747.27
2022-07-13,12441.72,12562.95,12323.2,12508.89,445105516.62
2022-07-14,12479.22,12695.2,12452.13,12602.78,469480639.35
2022-07-15,12557.15,12687.67,12411.01,12411.01,505839026.06
2022-07-18,12456.22,12559.07,12304.12,12532.65,473232609.39
2022-07-19,12524.51,12569.95,12402.11,12494.77,485702640.26
2022-07-20,12551.43,12625.63,12518.42,12573.12,460614589.94
2022-07-21,12543.58,12601.0,12455.19,12455.19,486417365.66
2022-07-22,12501.34,12553.27,12289.2,12394.02,464840150.27
2022-07-25,12386.55,12414.07,12251.08,12291.59,433572938.82
2022-07-26,12308.74,12453.11,12266.84,12408.56,423353036.01
2022-07-27,12383.05,12439.22,12331.7,12399.69,443864104.68
2022-07-28,12467.76,12550.9,12407.07,12428.72,504869926.73
2022-07-29,12439.41,12460.19,12245.21,12266.92,485462577.79
2022-08-01,12243.33,12420.23,12158.85,12413.87,454766235.99
2022-08-02,12260.45,12273.37,12008.17,12120.02,596422298.38
2022-08-03,12148.24,12294.88,11946.46,11982.26,525849017.75
2022-08-04,12055.35,12103.38,11926.51,12065.22,428255876.83
2022-08-05,12088.65,12275.96,12051.4,12269.21,454849809.06
2022-08-08,12239.87,12304.23,12219.02,12302.15,424214874.04
2022-08-09,12277.44,12333.38,12235.83,12331.09,425183710.57
2022-08-10,12302.57,12347.15,12166.23,12223.51,427925374.85
2022-08-11,12287.8,12475.17,12231.08,12474.03,488906602.16
2022-08-12,12453.4,12493.78,12417.49,12419.39,490390437.93
2022-08-15,12392.5,12531.77,12386.16,12460.22,457298527.78
2022-08-16,12470.65,12553.69,12441.96,12470.11,490212239.35
2022-08-17,12481.71,12611.49,12391.45,12595.46,511868513.56
2022-08-18,12557.34,12576.62,12496.79,12517.32,502579424.58
2022-08-19,12504.48,12521.76,12358.54,12358.54,518742438.81
2022-08-22,12320.88,12509.91,12291.82,12505.68,463803680.57
2022-08-23,12481.24,12525.01,12405.58,12455.15,460671129.03
2022-08-24,12484.44,12491.17,12082.44,12096.39,542031758.56
2022-08-25,12130.76,12159.8,11949.76,12104.03,468367749.53
2022-08-26,12142.05,12210.01,12039.74,12059.71,423200607.09
2022-08-29,11911.17,12044.52,11890.49,12018.16,395382392.38
2022-08-30,12013.92,12039.19,11905.0,11970.79,409453173.1
2022-08-31,11909.31,11968.46,11743.69,11815.79,459835902.81
2022-09-01,11789.82,11888.06,11696.58,11712.39,393197404.7
2022-09-02,11753.6,11765.01,11644.03,11702.39,371281614.42
2022-09-05,11667.04,11714.41,11597.73,11678.69,365345249.69
2022-09-06,11702.17,11802.71,11624.82,11799.81,402594158.97
2022-09-07,11743.47,11894.56,11724.28,11849.08,417413877.93
2022-09-08,11858.53,11865.97,11739.57,11746.92,395047990.83
2022-09-09,11780.82,11885.46,11750.44,11877.79,375617628.53
2022-09-13,11936.58,11966.17,11874.19,11923.47,365038769.21
2022-09-14,11751.11,11841.18,11703.76,11774.78,355327916.27
2022-09-15,11823.8,11832.46,11427.51,11526.96,443030059.56
2022-09-16,11492.69,11509.98,11261.5,11261.5,392660433.28
2022-09-19,11241.78,11318.0,11149.98,11207.04,329594958.83
2022-09-20,11274.86,11364.16,11229.91,11283.92,320491738.43
2022-09-21,11245.84,11259.31,11117.37,11208.51,333907929.34
2022-09-22,11122.11,11241.12,11094.74,11114.43,321627172.57
2022-09-23,11105.76,11146.79,10899.59,11006.41,340925084.82
2022-09-26,10921.64,11141.59,10908.96,10962.56,327208261.32
2022-09-27,10999.1,11175.12,10959.82,11175.12,320916907.07
2022-09-28,11136.18,11136.18,10899.7,10899.7,323972351.91
2022-09-29,11023.83,11045.98,10864.49,10919.44,314504671.5
2022-09-30,10925.01,10962.22,10777.91,10778.61,283223131.82
2022-10-10,10788.69,10801.34,10500.77,10522.12,298150773.35
2022-10-11,10555.06,10617.92,10487.66,10577.81,277287498.49
2022-10-12,10568.01,10838.63,10402.06,10838.48,347135439.52
2022-10-13,10762.67,10923.92,10737.3,10817.67,352459169.21
2022-10-14,10914.18,11177.23,10890.19,11121.71,390341469.84
2022-10-17,11059.23,11173.39,11041.58,11162.26,382488132.67
2022-10-18,11223.15,11270.48,11135.46,11187.7,388144933.39
2022-10-19,11154.13,11197.15,11027.24,11027.24,365583538.92
2022-10-20,10948.43,11126.16,10832.09,10965.33,375346701.16
2022-10-21,10955.84,11000.39,10875.18,10918.97,343830150.5
2022-10-24,10908.74,11043.03,10635.35,10694.61,407224611.96
2022-10-25,10644.67,10760.67,10510.91,10639.82,391931259.53
2022-10-26,10664.43,10928.45,10657.02,10818.33,438412943.0
2022-10-27,10843.34,10886.1,10750.14,10750.14,426569079.62
2022-10-28,10659.7,10698.69,10368.91,10401.84,440106690.05
2022-10-31,10304.2,10518.39,10301.71,10397.04,395020256.1
2022-11-01,10420.95,10734.25,10395.56,10734.25,424965410.08
2022-11-02,10704.25,10951.45,10687.21,10877.51,466416166.38
2022-11-03,10766.22,10877.74,10754.29,10840.06,400924658.59
2022-11-04,10848.3,11226.21,10848.3,11187.43,466117158.0
2022-11-07,11184.16,11272.8,11127.25,11207.73,455136443.8
2022-11-08,11202.44,11212.54,11055.08,11142.93,399511530.48
2022-11-09,11149.37,11185.51,11049.33,11055.29,393693811.17
2022-11-10,10964.94,10979.71,10848.48,10908.55,426394699.9
2022-11-11,11217.11,11272.16,11085.93,11139.77,598274247.35
2022-11-14,11177.07,11260.86,11067.89,11113.46,518247742.05
2022-11-15,11100.23,11351.33,11069.15,11351.33,503671259.16
2022-11-16,11336.07,11385.87,11220.33,11235.56,466187380.63
2022-11-17,11199.62,11221.45,11077.59,11221.45,438822708.47
2022-11-18,11229.11,11310.22,11171.19,11180.43,492221657.82
2022-11-21,11086.69,11137.63,11014.96,11134.47,420524478.93
2022-11-22,11113.32,11152.0,10960.88,11002.93,433756297.09
2022-11-23,10971.0,11025.48,10842.59,10972.81,405799673.84
2022-11-24,11019.47,11061.36,10927.85,10956.68,376262826.0
2022-11-25,10928.15,10962.14,10881.08,10904.27,368960495.02
2022-11-28,10708.56,10833.27,10657.89,10829.08,375381583.28
2022-11-29,10891.72,11112.73,10888.54,11089.01,469714684.64
2022-11-30,11071.31,11140.5,11044.03,11108.5,477400248.79
2022-12-01,11282.46,11350.48,11262.81,11264.16,494705771.58
2022-12-02,11238.44,11312.32,11206.78,11219.79,428852017.34
2022-12-05,11292.34,11338.86,11250.62,11323.34,489374883.23
2022-12-06,11278.49,11465.41,11264.47,11398.82,455796410.14
2022-12-07,11365.98,11504.39,11358.68,11418.76,445500812.55
2022-12-08,11403.19,11429.77,11343.57,11389.79,440019801.29
2022-12-09,11397.1,11511.32,11360.15,11501.58,464345892.44
2022-12-12,11453.26,11457.09,11392.89,11399.13,430329041.35
2022-12-13,11398.84,11400.01,11312.1,11323.7,409092169.84
2022-12-14,11341.96,11375.22,11298.43,11321.81,406111741.12
2022-12-15,11306.79,11371.18,11269.61,11358.11,392689172.62
2022-12-16,11289.52,11327.27,11234.62,11295.03,404009946.59
2022-12-19,11286.66,11329.56,11083.85,11124.7,400705349.65
2022-12-20,11092.86,11092.86,10908.53,10949.12,328218209.64
2022-12-21,10966.31,11001.15,10872.27,10912.09,315182794.98
2022-12-22,10976.58,11034.67,10840.3,10876.31,347408566.9
2022-12-23,10811.57,10918.18,10794.14,10849.64,315967227.36
2022-12-26,10858.33,10996.64,10858.33,10978.99,318664167.59
2022-12-27,11010.93,11115.77,11000.11,11106.5,347696816.1
2022-12-28,11055.06,11061.19,10975.13,11010.53,346226477.68
2022-12-29,10971.27,11064.02,10956.95,10996.41,323094664.59
2022-12-30,11046.07,11071.93,11013.32,11015.99,322540533.38
2023-01-03,11003.05,11134.96,10921.42,11117.13,397899643.22
2023-01-04,11099.15,11149.15,11035.77,11095.37,412144084.11
2023-01-05,11136.77,11346.22,11136.77,11332.01,410853816.39
2023-01-06,11327.03,11443.45,11314.35,11367.73,407144027.32
2023-01-09,11411.37,11490.59,11408.67,11450.15,360313472.0
2023-01-10,11455.6,11526.28,11413.99,11506.79,342008406.27
2023-01-11,11498.97,11563.78,11424.25,11439.44,349159804.16
2023-01-12,11470.61,11528.93,11425.11,11465.73,340072633.76
2023-01-13,11509.21,11602.3,11489.19,11602.3,331434486.2
2023-01-16,11612.36,11886.95,11612.36,11785.77,392756663.96
2023-01-17,11794.96,11830.58,11746.76,11800.55,331375769.5
2023-01-18,11813.38,11855.44,11793.32,11810.66,314382505.79
2023-01-19,11796.4,11913.26,11763.82,11913.26,326621913.2
2023-01-20,11942.15,11997.53,11931.88,11980.62,343456691.29
2023-01-30,12229.38,12246.01,12088.24,12097.76,485925548.79
2023-01-31,12076.14,12115.45,11987.01,12001.26,445449977.31
2023-02-01,12034.88,12158.19,11984.45,12158.19,498656713.27
2023-02-02,12187.55,12208.88,12107.52,12131.2,490735378.31
2023-02-03,12086.28,12095.39,11904.28,12054.29,447992474.35
2023-02-06,11957.27,11977.24,11841.67,11912.56,424219891.59
2023-02-07,11936.36,11958.22,11864.72,11926.88,440822033.93
2023-02-08,11939.86,11957.01,11843.29,11853.46,428272278.93
2023-02-09,11821.96,12048.27,11811.98,12048.27,442551618.42
2023-02-10,12031.72,12062.16,11917.74,11976.85,458163546.27
2023-02-13,11964.75,12116.04,11952.6,12113.61,466500204.87
2023-02-14,12142.84,12143.29,12035.55,12094.94,448099797.57
2023-02-15,12103.72,12132.8,12036.23,12064.38,464237084.62
2023-02-16,12064.04,12163.97,11826.72,11907.4,603109668.06
2023-02-17,11894.88,11927.11,11713.8,11715.77,452502268.0
2023-02-20,11717.68,11956.89,11681.53,11954.13,438487046.97
2023-02-21,11947.65,12005.0,11886.24,11968.6,430156398.27
2023-02-22,11892.14,11963.21,11868.79,11900.12,369593896.47
2023-02-23,11895.46,11963.14,11829.87,11884.3,382701854.74
2023-02-24,11887.77,11889.24,11742.73,11787.45,326405501.92
2023-02-27,11728.09,11781.28,11678.8,11701.95,337795673.22
2023-02-28,11745.16,11792.68,11666.37,11783.8,346662456.59
2023-03-01,11783.76,11931.1,11751.36,11914.32,415273774.98
2023-03-02,11902.17,11929.15,11837.12,11849.51,430983053.39
2023-03-03,11862.16,11895.97,11770.34,11851.92,386886331.11
2023-03-06,11850.82,11862.37,11742.13,11842.88,385843288.76
2023-03-07,11824.17,11839.61,11606.19,11608.58,408967132.47
2023-03-08,11566.57,11617.94,11534.67,11598.29,314567553.95
2023-03-09,11605.94,11637.03,11525.23,11579.99,328391193.54
2023-03-10,11513.66,11535.54,11437.99,11442.54,361217065.87
2023-03-13,11405.14,11511.12,11396.61,11505.02,363383445.92
2023-03-14,11483.64,11486.56,11282.58,11416.57,397559735.34
2023-03-15,11485.95,11537.72,11408.19,11413.43,350589630.27
2023-03-16,11336.75,11381.73,11223.1,11237.7,357606531.74
2023-03-17,11328.37,11388.52,11245.15,11278.05,405882900.28
2023-03-20,11289.96,11342.03,11231.01,11247.13,438320664.09
2023-03-21,11270.07,11427.25,11270.07,11427.25,387093060.82
2023-03-22,11459.83,11521.42,11448.19,11496.93,445982825.16
2023-03-23,11457.79,11605.29,11442.95,11605.29,437895647.1
2023-03-24,11616.46,11648.54,11581.42,11634.22,478515087.5
2023-03-27,11621.92,11659.0,11558.38,11647.94,494534827.01
2023-03-28,11637.51,11649.15,11548.42,11564.45,445848465.23
2023-03-29,11584.92,11623.43,11538.17,11579.92,413801868.87
2023-03-30,11578.33,11656.48,11505.55,11651.83,392284297.99
2023-03-31,11666.31,11737.28,11657.57,11726.4,399637085.07
2023-04-03,11751.68,11898.76,11751.68,11889.42,497823896.14
2023-04-04,11878.16,11885.38,11792.24,11859.48,508214233.83
2023-04-06,11787.35,11874.8,11778.8,11866.31,454537864.61
2023-04-07,11867.87,11979.59,11858.5,11967.74,427697141.67
2023-04-10,11987.68,11992.32,11845.88,11871.93,478316981.97
2023-04-11,11866.35,11914.32,11819.76,11877.15,423094684.63
2023-04-12,11873.26,11912.95,11842.26,11883.51,452203992.56
2023-04-13,11836.82,11844.4,11727.89,11739.84,470307590.91
2023-04-14,11760.43,11816.68,11737.3,11800.09,439951634.14
2023-04-17,11783.68,11855.48,11781.29,11855.48,423633406.65
2023-04-18,11834.77,11891.11,11818.25,11860.4,397866670.04
2023-04-19,11844.32,11844.32,11743.85,11760.27,414923104.88
2023-04-20,11751.38,11751.38,11659.65,11717.26,433953326.81
2023-04-21,11729.8,11751.42,11450.13,11450.43,479311978.73
2023-04-24,11442.38,11452.91,11265.77,11317.01,427155286.99
2023-04-25,11307.09,11320.45,11034.18,11149.01,463773504.73
2023-04-26,11101.18,11244.04,11088.2,11185.68,438565413.38
2023-04-27,11140.89,11258.76,11128.11,11217.0,415685321.76
2023-04-28,11228.46,11340.46,11228.46,11338.67,453848625.28
2023-05-04,11310.35,11329.0,11242.12,11273.87,482011992.65
2023-05-05,11260.62,11262.33,11124.91,11180.87,442026270.83
2023-05-08,11206.33,11234.92,11158.83,11225.77,439329142.94
2023-05-09,11208.74,11265.33,11121.97,11125.02,481338002.05
2023-05-10,11101.01,11177.81,11043.36,11140.19,394663045.59
2023-05-11,11158.72,11200.91,11136.26,11142.53,385308783.37
2023-05-12,11131.3,11172.71,11004.26,11005.64,367693644.63
2023-05-15,11019.7,11178.62,10995.7,11178.62,384684379.98
2023-05-16,11182.36,11182.36,11069.44,11099.26,353743511.32
2023-05-17,11084.56,11120.97,11036.77,11091.08,326266963.42
2023-05-18,11108.33,11144.48,11024.09,11078.28,371723075.55
2023-05-19,11061.75,11145.51,11034.63,11091.36,355407470.68
2023-05-22,11083.38,11159.31,11037.21,11127.04,345667850.75
2023-05-23,11124.26,11137.63,11012.58,11012.58,340074032.19
2023-05-24,10976.73,11028.57,10920.33,10920.33,345570373.6
2023-05-25,10915.12,10954.24,10801.22,10896.58,377513829.32
2023-05-26,10889.27,10926.84,10798.65,10909.65,357576008.95
2023-05-29,10942.67,10961.79,10790.5,10822.09,395539317.33
2023-05-30,10799.4,10869.55,10697.87,10869.55,397341086.19
2023-05-31,10849.81,10849.81,10732.42,10793.85,388079766.31
2023-06-01,10758.89,10913.64,10735.51,10835.9,419041309.27
2023-06-02,10875.31,11012.55,10875.31,10998.08,406446845.03
2023-06-05,10990.73,10990.73,10903.05,10946.08,375801794.45
2023-06-06,10928.51,10933.61,10752.22,10773.45,414938520.39
2023-06-07,10783.31,10799.46,10681.48,10708.82,348520500.59
2023-06-08,10710.91,10775.34,10648.14,10722.87,369611572.46
2023-06-09,10733.52,10793.93,10697.36,10793.93,408492315.36
2023-06-12,10769.02,10914.63,10752.01,10873.74,405335425.09
2023-06-13,10855.44,10963.65,10853.57,10955.96,401828791.15
2023-06-14,10976.51,11034.18,10962.45,10984.56,427026223.86
2023-06-15,11011.95,11185.68,11011.85,11182.94,433495536.68
2023-06-16,11194.55,11316.24,11183.79,11306.53,426118435.48
2023-06-19,11305.79,11307.75,11244.42,11274.05,430857132.53
2023-06-20,11260.15,11338.15,11248.14,11305.35,428286409.73
2023-06-21,11262.84,11278.97,11058.63,11058.63,418746594.83
2023-06-26,10963.62,11002.37,10848.72,10872.3,424191187.35
2023-06-27,10879.49,10987.19,10863.66,10978.08,370430837.88
2023-06-28,10947.89,10951.41,10792.35,10926.32,399824368.23
2023-06-29,10909.08,10965.11,10880.88,10915.5,380424072.02
2023-06-30,10897.42,11067.39,10883.57,11026.59,404836525.77
2023-07-03,11059.31,11128.93,11028.24,11091.56,441147038.93
2023-07-04,11080.64,11133.45,11055.26,11130.3,399028775.87
2023-07-05,11129.12,11129.12,11014.39,11029.3,386448219.39
2023-07-06,11001.87,11072.07,10954.15,10968.37,378440662.48
2023-07-07,10939.29,10949.98,10852.96,10888.55,384314195.54
2023-07-10,10926.36,10995.8,10901.84,10942.83,344173872.91
2023-07-11,10953.88,11030.19,10933.23,11028.68,350924413.24
2023-07-12,11020.36,11029.29,10905.85,10919.26,415862790.01
2023-07-13,10963.23,11103.08,10963.23,11095.44,395940515.96
2023-07-14,11108.92,11120.19,11069.32,11080.32,401616162.86
2023-07-17,11039.13,11039.13,10963.47,11010.36,363505430.57
2023-07-18,11030.98,11032.12,10947.51,10972.96,362488646.41
2023-07-19,10959.04,10992.69,10876.96,10932.65,328058683.37
2023-07-20,10947.63,10998.07,10804.35,10816.27,386132068.38
2023-07-21,10801.34,10886.73,10775.35,10810.18,372200415.68
2023-07-24,10771.64,10837.98,10730.94,10747.79,353654310.44
2023-07-25,10909.19,11021.93,10909.19,11021.29,438411550.9
2023-07-26,11001.86,11001.86,10942.41,10968.98,415177960.5
2023-07-27,10985.59,11024.01,10904.74,10923.77,419988951.88
2023-07-28,10895.48,11120.59,10877.41,11100.4,469495575.02
2023-07-31,11158.72,11289.16,11153.72,11183.91,534958540.44
2023-08-01,11168.5,11211.68,11102.84,11143.23,480961382.03
2023-08-02,11120.86,11176.94,11073.23,11104.16,428488637.01
2023-08-03,11067.75,11164.76,11067.29,11163.42,415941239.37
2023-08-04,11229.46,11305.5,11185.9,11238.06,486043733.58
2023-08-07,11207.58,11207.58,11113.14,11145.03,416526632.56
2023-08-08,11126.69,11156.21,11075.45,11098.45,379190258.28
2023-08-09,11068.53,11096.93,11023.37,11039.45,359384011.96
2023-08-10,11023.24,11060.47,10974.5,11050.22,322373154.51
2023-08-11,11060.85,11060.85,10808.87,10808.87,371809334.16
2023-08-14,10697.81,10763.3,10607.71,10755.14,345682092.28
2023-08-15,10764.8,10780.52,10589.85,10679.73,332540167.32
2023-08-16,10640.13,10686.92,10579.47,10579.56,333977651.7
2023-08-17,10540.44,10656.84,10469.79,10644.52,349464107.71
2023-08-18,10637.68,10655.61,10458.51,10458.51,363919163.61
2023-08-21,10432.95,10482.11,10320.39,10320.39,321541143.58
2023-08-22,10376.86,10409.43,10198.01,10374.73,386555815.6
2023-08-23,10351.7,10351.7,10151.82,10152.6,336884785.48
2023-08-24,10203.14,10341.86,10153.44,10256.19,366989478.98
2023-08-25,10197.96,10212.65,10091.86,10130.47,387522508.03
2023-08-28,10714.69,10714.69,10204.98,10233.15,529252226.06
2023-08-29,10204.25,10496.62,10200.85,10454.98,507722442.34
2023-08-30,10477.64,10569.55,10446.46,10482.5,475830315.54
2023-08-31,10471.99,10483.09,10405.96,10418.21,401930565.16
2023-09-01,10449.6,10513.42,10429.59,10463.74,359933709.96
2023-09-04,10520.46,10611.74,10473.19,10611.74,416166022.82
2023-09-05,10593.68,10611.44,10522.89,10540.71,386458928.81
2023-09-06,10503.15,10531.29,10449.16,10515.21,373872507.1
2023-09-07,10493.37,10493.37,10321.38,10321.44,388462856.61
2023-09-08,10284.48,10319.84,10233.71,10281.88,343406845.79
2023-09-11,10290.81,10443.0,10256.23,10382.38,394108675.97
2023-09-12,10376.16,10421.56,10349.33,10373.99,343766525.54
2023-09-13,10351.79,10373.15,10200.7,10255.87,356913266.82
2023-09-14,10243.25,10252.02,10154.64,10197.59,335577118.44
2023-09-15,10213.61,10241.88,10115.28,10144.59,332213315.24
2023-09-18,10111.67,10253.49,10093.47,10200.04,335342466.92
2023-09-19,10185.07,10185.07,10082.67,10125.73,316898270.3
2023-09-20,10110.41,10123.69,10072.46,10072.46,294836645.53
2023-09-21,10050.48,10087.03,9981.52,9981.67,297047725.64
2023-09-22,9975.37,10183.93,9962.94,10178.74,367443053.55
2023-09-25,10181.18,10181.18,10105.21,10120.62,344715139.58
2023-09-26,10110.06,10146.89,10060.15,10060.15,315562061.64
2023-09-27,10057.99,10185.02,10057.17,10104.32,345305830.77
2023-09-28,10131.66,10155.03,10085.09,10109.53,352561575.93
2023-10-09,10095.71,10139.49,9991.17,10106.96,386367546.47
2023-10-10,10133.02,10159.47,10044.67,10050.04,396909716.84
2023-10-11,10088.14,10164.07,10058.33,10084.89,408425376.68
2023-10-12,10145.49,10174.23,10097.11,10168.49,403711651.98
2023-10-13,10110.38,10110.38,10028.74,10068.28,407535133.5
2023-10-16,10065.07,10065.97,9889.66,9924.92,425465446.54
2023-10-17,9944.68,9958.98,9888.09,9940.22,377328276.48
2023-10-18,9914.02,9914.02,9809.37,9816.68,392406577.35
2023-10-19,9757.19,9784.53,9654.97,9655.09,394225852.37
2023-10-20,9605.29,9665.81,9554.63,9570.36,368151525.67
2023-10-23,9552.55,9552.55,9373.76,9425.98,383207567.65
2023-10-24,9458.33,9523.9,9380.79,9483.9,401263786.26
2023-10-25,9573.67,9617.67,9524.82,9528.31,440145243.21
2023-10-26,9470.49,9571.16,9432.84,9566.1,435715342.83
2023-10-27,9535.65,9805.7,9513.32,9770.84,477342877.77
2023-10-30,9759.22,9952.43,9759.17,9927.99,491233276.46
2023-10-31,9924.72,9927.45,9814.98,9863.8,454253176.77
2023-11-01,9897.93,9901.37,9808.4,9826.73,407684068.19
2023-11-02,9842.56,9879.27,9733.39,9734.77,403065577.82
2023-11-03,9747.82,9886.86,9747.82,9853.89,409513448.68
2023-11-06,9922.45,10080.0,9922.45,10071.56,514754837.63
2023-11-07,10047.14,10088.08,10000.55,10056.49,489682907.24
2023-11-08,10032.24,10101.55,9986.84,10052.09,516342271.55
2023-11-09,10037.56,10100.0,10004.06,10032.09,467089940.01
2023-11-10,9987.46,9997.79,9939.1,9978.54,392883741.85
2023-11-13,10012.85,10033.51,9936.71,9988.83,423998040.68
2023-11-14,9988.51,10056.86,9963.55,10005.56,444452182.9
2023-11-15,10111.83,10122.2,10048.46,10077.96,477666773.07
2023-11-16,10053.8,10064.91,9954.4,9954.4,426727263.32
2023-11-17,9924.16,9980.38,9914.48,9979.69,417396483.91
2023-11-20,9986.92,10050.83,9924.44,10022.7,463814124.1
2023-11-21,10050.48,10113.19,9981.11,9997.09,530720034.36
2023-11-22,9957.54,9975.09,9855.66,9855.66,482185377.71
2023-11-23,9846.68,9938.84,9814.17,9933.02,448452442.55
2023-11-24,9932.97,9932.97,9816.28,9839.52,448224234.31
2023-11-27,9829.55,9829.55,9736.78,9785.57,416126766.17
2023-11-28,9781.54,9835.14,9742.0,9833.46,384726645.49
2023-11-29,9826.01,9827.74,9733.32,9744.39,387062917.01
2023-11-30,9728.38,9768.9,9677.77,9726.92,383679951.14
2023-12-01,9723.93,9752.02,9624.92,9720.57,417748048.85
2023-12-04,9715.47,9736.11,9660.44,9660.44,416813218.14
2023-12-05,9628.28,9628.28,9470.36,9470.36,403217088.8
2023-12-06,9451.16,9599.58,9446.88,9533.25,402669613.07
2023-12-07,9518.45,9561.98,9456.98,9519.91,393251788.23
2023-12-08,9531.05,9592.92,9500.81,9553.92,436426898.78
2023-12-11,9496.46,9649.87,9406.7,9632.61,421472939.23
2023-12-12,9616.13,9648.97,9593.35,9625.26,376206630.78
2023-12-13,9606.48,9606.48,9476.62,9476.62,367340979.89
2023-12-14,9527.42,9578.6,9413.81,9417.97,366225612.19
2023-12-15,9449.89,9507.43,9368.47,9385.33,359457507.38
2023-12-18,9346.95,9376.67,9258.96,9279.39,353528302.99
2023-12-19,9270.2,9331.99,9225.01,9289.34,317948961.48
2023-12-20,9303.09,9310.86,9158.44,9158.44,324051149.02
2023-12-21,9122.41,9286.07,9106.15,9257.09,361685200.18
2023-12-22,9247.08,9331.12,9186.03,9221.31,396024291.28
2023-12-25,9200.65,9268.27,9200.65,9256.28,312079626.31
2023-12-26,9248.07,9248.49,9124.81,9157.25,313615980.77
2023-12-27,9170.25,9211.42,9121.17,9191.74,328074139.12
2023-12-28,9182.85,9476.8,9166.58,9441.05,410934103.75
2023-12-29,9434.58,9534.68,9427.92,9524.69,394147518.48
2024-01-02,9527.11,9527.11,9401.35,9401.35,385969542.71
2024-01-03,9378.69,9405.09,9280.82,9330.86,366813901.23
2024-01-04,9317.4,9317.4,9171.13,9215.25,330572264.62
2024-01-05,9205.39,9275.23,9074.93,9116.44,365840004.31
2024-01-08,9095.71,9119.12,8947.72,8947.72,338193162.56
2024-01-09,8960.97,9042.45,8912.03,8971.72,349254805.4
2024-01-10,8938.45,9035.19,8857.97,8922.79,340941629.52
2024-01-11,8918.23,9099.22,8898.2,9053.88,379854422.52
2024-01-12,9026.74,9095.61,8995.41,8996.26,372243759.35
2024-01-15,8957.72,9045.55,8912.45,8963.93,321736818.23
2024-01-16,8946.93,9002.34,8871.19,8992.07,367278109.8
2024-01-17,8968.53,8968.53,8759.76,8759.76,335603510.31
2024-01-18,8706.14,8858.4,8585.2,8847.0,443596678.7
2024-01-19,8821.76,8890.12,8771.58,8787.02,334078648.14
2024-01-22,8769.39,8769.39,8430.61,8479.55,419979420.1
2024-01-23,8465.0,8638.9,8402.06,8596.28,378235429.38
2024-01-24,8633.17,8693.08,8404.07,8682.19,408086011.65
2024-01-25,8661.45,8858.21,8621.18,8856.22,434981714.13
2024-01-26,8809.76,8859.63,8746.1,8762.33,411948465.98
2024-01-29,8775.38,8800.64,8581.76,8581.76,394325661.76
2024-01-30,8523.74,8579.59,8370.06,8375.98,338726319.22
2024-01-31,8340.72,8408.67,8208.45,8212.84,431254596.52
2024-02-01,8172.81,8371.38,8134.81,8240.48,397246424.81
2024-02-02,8239.5,8300.75,7840.62,8055.77,468595116.3
2024-02-05,7987.34,8171.77,7683.63,7964.71,537044650.55
2024-02-06,7886.32,8471.28,7880.4,8460.38,592075925.88
2024-02-07,8464.87,8724.17,8445.71,8708.24,616780239.89
2024-02-08,8750.54,8975.05,8742.95,8820.6,626414267.5
2024-02-19,8957.28,8957.28,8797.46,8902.33,557365100.69
2024-02-20,8857.5,8919.81,8798.43,8905.96,441775862.65
2024-02-21,8829.7,9130.03,8798.37,8975.97,543634895.74
2024-02-22,8971.44,9050.27,8946.24,9043.75,458089489.52
2024-02-23,9074.61,9077.56,8971.34,9069.42,520275040.73
2024-02-26,9070.22,9154.6,9023.33,9066.09,558701304.17
2024-02-27,9032.26,9269.57,9016.61,9269.57,533396102.27
2024-02-28,9293.15,9391.52,9047.09,9047.09,766864111.68
2024-02-29,9001.28,9334.94,9001.28,9330.44,565455991.85
2024-03-01,9345.74,9452.63,9298.16,9434.75,539671125.17
2024-03-04,9456.37,9486.7,9359.84,9438.24,530099408.16
2024-03-05,9371.94,9448.73,9344.45,9416.8,511035318.84
2024-03-06,9366.71,9487.19,9309.84,9395.65,466361055.82
2024-03-07,9398.05,9454.54,9267.12,9267.12,511178100.92
2024-03-08,9281.61,9386.75,9230.06,9369.05,435687360.85
2024-03-11,9369.65,9581.66,9363.41,9581.53,492214428.47
2024-03-12,9603.46,9649.74,9535.21,9630.54,565737507.12
2024-03-13,9640.09,9674.14,9568.88,9604.99,527631403.57
2024-03-14,9598.42,9675.47,9489.02,9555.42,509058042.16
2024-03-15,9532.42,9616.5,9455.51,9612.75,476506834.8
2024-03-18,9665.07,9752.83,9646.21,9752.83,562355129.99
2024-03-19,9723.4,9785.1,9696.69,9696.69,534551977.69
2024-03-20,9669.7,9725.31,9654.53,9717.37,511389021.7
2024-03-21,9736.23,9758.34,9663.49,9682.51,558907397.99
2024-03-22,9659.88,9680.21,9505.99,9565.56,565281971.99
2024-03-25,9538.35,9601.84,9421.08,9422.61,527558320.43
2024-03-26,9413.26,9490.75,9366.0,9449.43,485153702.01
2024-03-27,9437.56,9437.67,9222.47,9222.47,467833994.31
2024-03-28,9221.53,9440.31,9221.53,9342.92,480632716.95
2024-03-29,9335.11,9400.85,9304.76,9400.85,450746607.65
2024-04-01,9451.73,9647.07,9451.73,9647.07,517323806.01
2024-04-02,9633.97,9633.97,9546.47,9586.95,530838772.46
2024-04-03,9564.65,9575.56,9508.65,9544.77,493831834.53
2024-04-08,9512.6,9525.95,9393.61,9394.61,481052348.39
2024-04-09,9386.8,9449.65,9352.35,9448.98,413718827.8
2024-04-10,9425.8,9425.8,9243.8,9297.96,444036697.53
2024-04-11,9234.92,9378.43,9233.27,9300.77,418938909.66
2024-04-12,9301.08,9343.18,9212.6,9228.23,416535602.87
2024-04-15,9228.13,9407.07,9189.96,9369.7,545699161.86
2024-04-16,9312.49,9341.97,9148.82,9155.07,535620248.14
2024-04-17,9180.51,9381.77,9180.51,9381.77,509475898.22
2024-04-18,9336.73,9477.13,9299.33,9376.81,483751481.37
2024-04-19,9316.98,9351.96,9220.64,9279.46,439773630.59
2024-04-22,9228.18,9327.59,9212.29,9239.14,416965980.35
2024-04-23,9231.9,9269.71,9147.95,9183.14,396459069.78
2024-04-24,9186.19,9254.65,9135.58,9251.13,419821151.34
2024-04-25,9204.79,9329.41,9198.32,9264.48,421472888.2
2024-04-26,9258.49,9471.29,9258.49,9463.91,542141711.05
2024-04-29,9479.6,9718.36,9479.6,9673.76,583038158.01
2024-04-30,9647.06,9662.56,9587.08,9587.12,526973890.55
2024-05-06,9735.88,9804.2,9732.69,9779.21,527113641.22
2024-05-07,9778.16,9804.76,9743.19,9770.94,497701956.76
2024-05-08,9743.87,9743.87,9633.7,9638.82,463496548.09
2024-05-09,9648.22,9805.12,9648.22,9788.07,453844909.79
2024-05-10,9788.83,9805.92,9670.89,9731.24,472813779.36
2024-05-13,9659.64,9720.48,9605.18,9673.32,449470772.31
2024-05-14,9689.55,9736.29,9633.8,9668.73,429648085.31
2024-05-15,9648.43,9659.04,9577.21,9583.54,419362258.98
2024-05-16,9614.73,9668.85,9582.22,9604.13,460033334.99
2024-05-17,9590.39,9709.42,9563.47,9709.42,485312038.05
2024-05-20,9710.2,9779.36,9701.85,9750.82,526111085.52
2024-05-21,9721.72,9730.28,9649.15,9681.66,445115485.79
2024-05-22,9674.5,9709.0,9643.87,9693.05,439497773.97
2024-05-23,9667.18,9672.18,9520.21,9541.64,469398437.05
2024-05-24,9508.85,9578.73,9421.55,9424.58,414778014.55
2024-05-27,9444.23,9511.14,9375.52,9507.75,412785602.77
2024-05-28,9489.08,9494.77,9385.44,9391.05,408127395.52
2024-05-29,9387.65,9460.63,9379.3,9414.98,402079742.34
2024-05-30,9395.79,9441.49,9366.13,9384.72,396330055.28
2024-05-31,9388.27,9455.34,9364.38,9364.38,397055459.44
2024-06-03,9358.59,9422.07,9307.92,9370.5,447810013.43
2024-06-04,9350.83,9486.75,9327.83,9469.32,416040949.66
2024-06-05,9450.07,9509.78,9393.61,9393.61,392500751.95
2024-06-06,9417.93,9446.88,9313.88,9340.01,497858821.53
2024-06-07,9343.8,9366.34,9181.89,9255.68,392337785.88
2024-06-11,9198.54,9282.71,9166.47,9262.35,353804958.41
2024-06-12,9244.31,9299.36,9243.73,9269.94,357999094.23
2024-06-13,9281.05,9296.37,9190.88,9206.24,376742660.3
2024-06-14,9177.41,9265.96,9138.32,9252.25,393204145.96
2024-06-17,9209.46,9298.01,9202.17,9281.25,358288450.93
2024-06-18,9278.28,9329.99,9276.44,9318.47,386563637.45
2024-06-19,9324.88,9325.85,9218.91,9219.07,362994750.65
2024-06-20,9201.35,9225.02,9066.05,9068.85,386167977.63
2024-06-21,9041.44,9100.83,9008.34,9064.84,324515745.66
2024-06-24,9004.85,9030.71,8916.46,8924.17,375690038.65
2024-06-25,8911.9,8948.22,8797.05,8850.29,347178355.71
2024-06-26,8838.0,9001.03,8811.36,8987.3,370938431.25
2024-06-27,8944.73,8947.96,8844.87,8849.7,350713636.12
2024-06-28,8814.93,8960.96,8814.93,8848.7,370471250.87
2024-07-01,8835.16,8914.2,8771.01,8899.17,348699724.32
2024-07-02,8886.09,8895.55,8789.28,8812.67,370677176.62
2024-07-03,8808.37,8827.09,8734.71,8760.43,344268995.12
2024-07-04,8775.84,8821.0,8670.34,8673.83,353033943.28
2024-07-05,8664.8,8719.71,8573.75,8695.55,317009144.48
2024-07-08,8675.97,8675.97,8539.42,8561.95,331066451.58
2024-07-09,8548.16,8733.87,8513.17,8705.94,397419543.57
2024-07-10,8672.33,8762.77,8664.92,8697.22,355885860.89
2024-07-11,8800.39,8890.76,8746.9,8870.36,424940476.77
2024-07-12,8831.68,8885.36,8814.09,8854.08,367477014.58
2024-07-15,8825.47,8834.03,8780.75,8801.62,332093973.99
2024-07-16,8783.35,8881.77,8780.09,8877.02,324558546.86
2024-07-17,8860.75,8884.79,8809.13,8835.14,338590499.58
2024-07-18,8760.66,8880.44,8730.98,8879.33,341554776.12
2024-07-19,8826.64,8932.08,8820.09,8903.23,316937938.16
2024-07-22,8908.21,8925.44,8823.78,8869.82,317628061.36
2024-07-23,8862.94,8862.94,8606.58,8606.58,352207187.4
2024-07-24,8582.63,8640.33,8469.88,8493.1,343869450.32
2024-07-25,8443.44,8524.81,8428.75,8474.7,309849711.18
2024-07-26,8512.79,8617.65,8512.79,8597.17,329209892.3
2024-07-29,8589.28,8589.28,8510.49,8514.65,324846417.67
2024-07-30,8482.17,8488.52,8416.6,8468.58,342191574.53
2024-07-31,8446.5,8754.93,8444.15,8754.09,490100421.8
2024-08-01,8767.33,8799.09,8656.95,8673.58,428500083.25
2024-08-02,8599.06,8697.49,8542.39,8553.55,419216271.49
2024-08-05,8475.45,8646.86,8395.04,8395.05,457625392.27
2024-08-06,8481.73,8525.72,8388.26,8463.86,400614561.3
2024-08-07,8450.49,8505.13,8416.25,8449.58,355476030.12
2024-08-08,8415.08,8514.67,8361.58,8446.21,389688600.37
2024-08-09,8486.42,8527.64,8393.7,8393.7,371027039.41
2024-08-12,8386.83,8419.7,8354.42,8373.47,338336031.9
2024-08-13,8372.71,8409.24,8327.35,8409.22,309201590.22
2024-08-14,8403.48,8403.48,8311.0,8311.0,311360593.27
2024-08-15,8292.2,8439.69,8288.71,8370.12,402346456.66
2024-08-16,8377.95,8408.39,8339.58,8349.87,397382324.56
2024-08-19,8341.83,8437.88,8341.1,8356.9,373962413.11
2024-08-20,8363.87,8367.38,8233.07,8252.87,384352365.88
2024-08-21,8221.35,8297.1,8213.09,8229.75,344005680.21
2024-08-22,8234.28,8247.95,8151.63,8162.17,361758836.26
2024-08-23,8134.4,8207.59,8133.57,8181.92,343813744.53
2024-08-26,8194.94,8225.99,8163.88,8194.65,342678353.06
2024-08-27,8161.68,8168.04,8084.04,8103.76,336850151.73
2024-08-28,8071.86,8098.31,8036.4,8078.82,328858698.24
2024-08-29,8030.74,8191.37,8028.37,8154.44,376828401.26
2024-08-30,8152.81,8453.66,8152.81,8348.48,521026373.54
2024-09-02,8331.46,8340.38,8172.21,8172.21,433096102.81
2024-09-03,8157.44,8294.77,8157.44,8268.05,370283733.27
2024-09-04,8207.28,8297.82,8189.53,8226.24,362368388.05
2024-09-05,8224.51,8297.94,8220.55,8249.66,347575087.55
2024-09-06,8252.01,8260.69,8128.77,8130.77,363787771.79
2024-09-09,8086.28,8129.54,8023.37,8063.27,331119432.24
2024-09-10,8064.4,8113.69,7973.79,8073.83,347495377.62
2024-09-11,8052.25,8139.7,8031.95,8105.38,310017366.56
2024-09-12,8122.77,8176.05,8053.88,8054.24,336517412.83
2024-09-13,8054.43,8084.35,7983.55,7983.55,348220225.38
2024-09-18,7975.19,8017.38,7908.52,7992.25,333544740.83
2024-09-19,8015.39,8161.22,7950.7,8087.6,413701487.25
2024-09-20,8079.76,8092.5,8014.5,8075.14,383370727.43
2024-09-23,8071.99,8163.1,8054.59,8083.38,365656009.98
2024-09-24,8148.17,8435.71,8083.3,8435.7,586812555.19
2024-09-25,8555.72,8738.41,8525.75,8537.73,715847818.42
2024-09-26,8524.19,8916.8,8505.64,8916.65,704842995.3
2024-09-27,9100.77,9619.77,9100.77,9514.86,948836540.0
2024-09-30,9950.65,10556.93,9829.43,10529.76,1324000530.35
2024-10-08,11864.11,11864.11,10834.5,11495.1,1587911799.57
2024-10-09,11158.99,11295.1,10516.67,10557.81,1274221569.98
2024-10-10,10609.47,10823.37,10310.39,10471.08,963573284.62
2024-10-11,10366.57,10378.46,9935.82,10060.74,767945007.42
2024-10-14,10118.38,10361.69,9966.99,10327.4,767864732.79
2024-10-15,10286.24,10424.14,10066.52,10066.52,800992337.26
2024-10-16,9898.13,10112.79,9890.9,9965.02,701238164.25
2024-10-17,10034.41,10123.22,9887.94,9891.76,759583000.71
2024-10-18,9868.85,10607.81,9865.87,10357.68,953743093.35
2024-10-21,10441.87,10636.16,10331.79,10470.91,965002625.83
2024-10-22,10459.16,10604.78,10409.68,10559.51,927985356.81
2024-10-23,10536.9,10721.37,10479.22,10576.41,920607939.32
2024-10-24,10508.65,10533.84,10404.83,10441.75,749272421.51
2024-10-25,10470.07,10733.07,10460.93,10619.85,865421055.34
2024-10-28,10617.9,10685.89,10519.48,10685.89,958674133.24
2024-10-29,10706.02,10729.57,10536.81,10543.33,1033067513.29
2024-10-30,10488.23,10596.22,10426.74,10530.85,931733214.16
2024-10-31,10535.41,10693.84,10458.85,10591.22,1103094719.53
2024-11-01,10563.84,10629.81,10417.98,10455.5,1184720290.06
2024-11-04,10457.89,10663.1,10457.89,10663.1,826549024.13
2024-11-05,10653.2,11030.62,10609.81,11006.94,1077408889.0
2024-11-06,11024.0,11177.69,10896.32,10968.14,1214767757.04
2024-11-07,10852.12,11235.92,10839.94,11235.92,1222513447.74
2024-11-08,11374.2,11410.98,11135.33,11161.7,1253432815.92
2024-11-11,11087.41,11390.48,11071.65,11388.57,1121880893.96
2024-11-12,11430.22,11560.35,11210.96,11314.46,1138974929.79
2024-11-13,11231.73,11380.5,11143.34,11359.29,911863787.1
2024-11-14,11333.4,11335.36,11023.74,11037.78,838967422.13
2024-11-15,10983.54,11065.42,10748.97,10748.97,842984455.32
2024-11-18,10774.44,10816.51,10478.26,10544.02,871803471.11
2024-11-19,10559.33,10748.6,10427.94,10743.84,770721451.89
2024-11-20,10709.92,10875.45,10692.56,10827.19,816356778.89
2024-11-21,10787.93,10867.41,10739.28,10819.88,818375764.65
2024-11-22,10785.52,10836.69,10438.72,10438.72,925948280.48
2024-11-25,10462.44,10505.24,10282.5,10420.52,770226266.53
2024-11-26,10387.0,10480.96,10330.45,10333.23,711832134.94
2024-11-27,10284.72,10566.1,10202.23,10566.1,795571296.18
2024-11-28,10560.41,10581.59,10416.33,10432.54,850887876.86
2024-11-29,10406.08,10727.08,10406.08,10611.72,892157878.76
2024-12-02,10595.47,10777.69,10583.72,10756.55,937523184.22
2024-12-03,10757.49,10761.44,10625.48,10713.58,939709022.05
2024-12-04,10700.06,10717.56,10556.6,10604.01,930816502.52
2024-12-05,10565.03,10674.77,10565.03,10634.49,844663661.48
2024-12-06,10642.89,10860.25,10618.76,10791.34,1029340329.14
2024-12-09,10780.98,10821.51,10668.33,10731.66,955155947.18
2024-12-10,11124.78,11134.55,10792.01,10812.58,1171388026.11
2024-12-11,10781.1,10884.06,10781.08,10848.42,1012272834.75
2024-12-12,10846.54,10967.28,10813.79,10957.13,1040587050.15
2024-12-13,10876.19,10876.19,10709.14,10713.07,1075547182.02
2024-12-16,10705.52,10721.71,10535.53,10573.92,922676962.01
2024-12-17,10557.23,10677.74,10526.26,10537.43,858140531.61
2024-12-18,10561.94,10639.77,10535.76,10584.27,740846621.99
2024-12-19,10483.5,10673.96,10460.2,10649.03,760693343.4
2024-12-20,10631.44,10731.08,10618.79,10646.62,732375378.35
2024-12-23,10650.58,10708.82,10527.15,10537.4,795687830.45
2024-12-24,10548.15,10673.34,10548.15,10671.43,664977041.16
2024-12-25,10675.73,10677.65,10544.88,10603.1,667963062.36
2024-12-26,10586.96,10692.89,10570.09,10673.97,593997426.54
2024-12-27,10679.34,10780.53,10632.53,10659.98,679934587.84
2024-12-30,10644.15,10726.66,10632.74,10671.16,609052769.31
2024-12-31,10668.17,10678.77,10414.61,10414.61,646653008.8
2025-01-02,10400.66,10409.61,10006.56,10088.06,681116709.37
2025-01-03,10097.93,10139.99,9891.84,9897.12,685235256.92
2025-01-06,9890.98,9975.99,9817.75,9885.65,586235482.68
2025-01-07,9860.58,10000.34,9822.0,9998.76,588919068.3
2025-01-08,9940.2,10016.22,9731.44,9944.64,683561380.45
2025-01-09,9906.91,10021.94,9901.63,9976.0,605202920.74
2025-01-10,9957.83,10004.06,9795.94,9795.94,616360985.45
2025-01-13,9697.45,9866.36,9693.8,9796.18,504800435.64
2025-01-14,9822.35,10178.67,9788.76,10165.17,690716454.95
2025-01-15,10139.78,10147.26,10038.3,10060.13,626573129.76
2025-01-16,10110.42,10249.62,10011.17,10101.09,679618813.55
2025-01-17,10059.99,10227.71,10059.16,10161.32,576214409.08
2025-01-20,10240.71,10333.16,10225.34,10256.4,587735779.77
2025-01-21,10323.12,10325.69,10205.99,10305.69,597396789.42
2025-01-22,10263.04,10272.59,10162.0,10225.87,533432300.2
2025-01-23,10323.45,10411.47,10176.17,10176.17,648078885.95
2025-01-24,10141.41,10315.38,10141.41,10292.73,589944330.15
2025-01-27,10299.97,10329.61,10156.07,10156.07,532847417.81
2025-02-05,10237.71,10241.37,10124.2,10164.22,583267744.83
2025-02-06,10142.85,10393.63,10135.15,10393.63,710990134.31
2025-02-07,10410.04,10666.74,10384.25,10576.0,887206131.35
2025-02-10,10608.61,10645.96,10532.12,10631.25,816427978.71
2025-02-11,10640.84,10640.84,10524.01,10557.62,770227173.37
2025-02-12,10529.41,10709.27,10513.23,10708.88,762335904.57
2025-02-13,10691.46,10739.51,10621.09,10626.62,839330516.36
2025-02-14,10616.02,10760.86,10616.02,10749.46,786380097.26
2025-02-17,10820.96,10829.82,10711.43,10791.06,867059291.3
2025-02-18,10781.2,10817.65,10577.08,10617.26,842171203.44
2025-02-19,10592.03,10774.02,10588.49,10772.65,750496631.1
2025-02-20,10765.95,10826.38,10726.53,10794.54,782577652.28
2025-02-21,10821.81,11003.95,10806.51,10991.37,907018646.75
2025-02-24,10995.26,11045.96,10909.37,10983.04,882712324.87
2025-02-25,10835.91,10964.67,10815.34,10854.5,812790464.27
2025-02-26,10870.73,10955.65,10831.11,10955.65,842153823.07
2025-02-27,10969.92,10999.48,10792.08,10927.51,894751208.99
2025-02-28,10861.82,10883.83,10583.71,10611.24,825580118.13
2025-03-03,10642.18,10803.67,10586.2,10649.59,725068982.39
2025-03-04,10558.75,10688.53,10540.42,10679.44,635011280.3
2025-03-05,10686.47,10718.69,10626.71,10709.46,668283361.04
2025-03-06,10774.08,10924.22,10759.4,10898.75,820551026.81
2025-03-07,10858.78,10931.95,10798.19,10843.73,820368124.47
2025-03-10,10862.93,10896.11,10747.14,10825.7,674926263.25
2025-03-11,10698.81,10861.16,10692.72,10861.16,670244772.22
2025-03-12,10897.42,10939.57,10828.42,10843.23,756834238.92
2025-03-13,10830.11,10865.32,10677.84,10736.19,730316555.96
2025-03-14,10741.52,10985.95,10737.63,10978.3,758213807.03
2025-03-17,11009.57,11015.47,10940.77,10957.82,701573926.93
2025-03-18,10999.32,11041.41,10958.87,11014.75,670260918.31
2025-03-19,11003.73,11030.19,10916.28,10979.05,658306054.89
2025-03-20,10971.41,10973.14,10869.16,10879.49,660332778.18
2025-03-21,10843.98,10898.26,10656.88,10687.55,737977425.05
2025-03-24,10695.02,10723.75,10563.88,10695.49,731868307.6
2025-03-25,10702.69,10735.55,10618.05,10649.08,602843293.6
2025-03-26,10636.12,10703.04,10635.78,10643.82,562463496.7
2025-03-27,10610.89,10745.09,10556.62,10668.1,573575591.91
2025-03-28,10658.15,10688.05,10593.85,10607.33,550601537.16
2025-03-31,10559.66,10609.77,10427.96,10504.33,566712756.42
2025-04-01,10523.65,10581.98,10491.7,10503.66,505965713.18
2025-04-02,10500.53,10573.01,10490.85,10513.12,459055451.36
2025-04-03,10384.95,10481.6,10328.02,10365.73,522538633.57
2025-04-07,9747.66,9831.63,9220.12,9364.5,729798956.17
2025-04-08,9356.69,9505.64,9296.12,9424.68,818901452.72
2025-04-09,9271.24,9591.81,9119.6,9539.89,872477164.67
2025-04-10,9757.98,9884.24,9713.64,9754.64,797938784.08
2025-04-11,9681.45,9909.56,9679.28,9834.44,637990026.83
2025-04-14,9955.66,9964.73,9862.34,9884.3,630035329.21
2025-04-15,9886.1,9895.45,9804.6,9858.1,544569536.57
2025-04-16,9813.13,9814.5,9650.79,9774.73,555508747.92
2025-04-17,9715.29,9828.92,9712.0,9759.05,493872134.26
2025-04-18,9745.75,9798.43,9719.95,9781.65,486440347.48
2025-04-21,9768.65,9913.09,9733.43,9905.53,533998892.07
2025-04-22,9882.96,9914.47,9857.77,9870.05,569736692.02
2025-04-23,9956.37,9990.03,9892.7,9935.8,621168380.25
2025-04-24,9933.89,9969.97,9846.23,9878.32,579335114.65
2025-04-25,9900.1,9976.77,9878.67,9917.05,582049703.04
2025-04-28,9925.71,9926.9,9848.67,9855.2,556737814.93
2025-04-29,9828.46,9882.54,9799.65,9849.8,508317398.91
2025-04-30,9863.5,9925.87,9845.36,9899.82,559157909.28
2025-05-06,9974.53,10082.34,9960.52,10082.34,634060070.15
2025-05-07,10218.33,10248.98,10048.0,10104.13,709978550.74
2025-05-08,10081.27,10222.81,10067.3,10197.66,639008260.61
2025-05-09,10190.13,10190.13,10087.55,10126.83,600535346.57
2025-05-12,10220.33,10302.05,10200.21,10301.16,595059404.77
2025-05-13,10401.95,10401.95,10274.34,10288.08,613388689.47
2025-05-14,10278.91,10418.44,10240.13,10354.22,622584785.73
2025-05-15,10324.84,10324.84,10186.45,10186.45,571421815.89
2025-05-16,10157.68,10217.91,10152.77,10179.6,541239329.25
2025-05-19,10171.29,10184.4,10090.3,10171.09,553941509.59
2025-05-20,10182.25,10273.59,10151.86,10249.17,599599479.38
2025-05-21,10246.51,10325.92,10243.18,10294.22,579900580.75
2025-05-22,10274.68,10283.29,10214.5,10219.62,557473920.4
2025-05-23,10210.62,10294.57,10132.41,10132.41,562096509.52
2025-05-26,10114.69,10142.94,10044.08,10091.16,484518140.37
2025-05-27,10074.03,10076.88,9996.83,10029.11,498056373.58
2025-05-28,10039.25,10058.13,9987.41,10003.26,535691920.58
2025-05-29,10006.43,10139.18,10002.09,10127.2,612671248.94
2025-05-30,10091.19,10099.16,10022.81,10040.63,596050824.09
2025-06-03,10006.13,10088.19,10004.94,10057.17,560674155.84
2025-06-04,10070.85,10158.02,10070.85,10144.58,588080191.53
2025-06-05,10152.55,10220.3,10113.05,10203.5,629553207.24
2025-06-06,10205.52,10223.56,10166.7,10183.7,563533703.38
2025-06-09,10200.45,10280.83,10190.25,10250.14,615542720.79
2025-06-10,10248.29,10256.85,10095.01,10162.18,711387441.9
2025-06-11,10176.5,10295.4,10176.5,10246.02,615938135.16
2025-06-12,10208.3,10263.46,10182.41,10234.34,605753084.37
2025-06-13,10193.93,10215.54,10089.59,10122.11,698798230.69
2025-06-16,10096.57,10173.06,10096.57,10163.55,568712564.64
2025-06-17,10177.67,10198.98,10129.41,10151.43,597078587.25
2025-06-18,10142.58,10190.04,10118.68,10175.59,587956237.38
2025-06-19,10156.17,10181.97,10027.33,10051.97,610432160.18
2025-06-20,10039.0,10084.1,9998.5,10005.03,516822515.51
2025-06-23,9950.14,10064.75,9950.14,10048.39,538583381.31
2025-06-24,10074.27,10224.12,10074.27,10217.63,667686292.91
2025-06-25,10240.13,10403.51,10233.15,10393.72,722467353.95
2025-06-26,10389.23,10440.73,10340.69,10343.48,721904765.62
2025-06-27,10371.81,10455.51,10343.3,10378.55,699213590.64
2025-06-30,10405.96,10470.24,10399.92,10465.12,676811123.29
2025-07-01,10458.39,10483.33,10407.17,10476.29,695943292.62
2025-07-02,10455.83,10455.83,10386.49,10412.63,678825873.83
2025-07-03,10431.03,10546.74,10431.03,10534.58,639360247.12
2025-07-04,10534.99,10610.5,10480.72,10508.76,667665463.68
2025-07-07,10488.11,10501.31,10426.55,10435.51,578881971.07
2025-07-08,10431.78,10593.84,10431.78,10588.39,666334799.08
2025-07-09,10592.51,10656.58,10557.81,10581.8,703429755.23
2025-07-10,10593.7,10667.41,10562.16,10631.13,702268358.19
2025-07-11,10637.45,10757.24,10610.8,10696.1,743294396.25
2025-07-14,10705.44,10715.07,10663.87,10684.52,647071649.76
2025-07-15,10700.37,10784.97,10651.15,10744.56,726515143.02
2025-07-16,10749.71,10804.18,10697.4,10720.81,616738926.56
2025-07-17,10718.85,10873.62,10718.85,10873.62,635724294.06
2025-07-18,10902.72,10946.4,10865.89,10913.84,644821897.27
2025-07-21,10937.6,11008.48,10922.52,11007.49,732596839.5
2025-07-22,11004.01,11099.83,10970.22,11099.83,786153136.68
2025-07-23,11101.32,11158.22,11042.2,11059.04,772954593.0
2025-07-24,11069.6,11193.06,11069.6,11193.06,742250097.07
2025-07-25,11196.2,11210.91,11139.32,11168.14,724401444.99
2025-07-28,11176.39,11226.18,11114.92,11217.58,684039261.63
2025-07-29,11199.63,11289.42,11136.28,11289.41,687782458.25
2025-07-30,11262.98,11307.62,11127.0,11203.03,713948129.86
2025-07-31,11208.46,11223.64,10976.21,11009.77,741311343.34
2025-08-01,11001.25,11068.31,10919.89,10991.32,624304839.8
2025-08-04,10932.62,11041.56,10928.49,11041.56,588265628.49
2025-08-05,11078.58,11106.96,11041.47,11106.96,637905911.61
2025-08-06,11091.83,11177.88,11086.72,11177.78,695936984.21
2025-08-07,11189.49,11229.59,11089.58,11157.94,711415718.49
2025-08-08,11136.34,11184.55,11108.46,11128.67,681934694.93
2025-08-11,11159.03,11311.88,11159.03,11291.43,713852946.05
2025-08-12,11292.46,11351.63,11255.48,11351.63,709632720.11
2025-08-13,11371.08,11558.59,11362.9,11551.37,795541705.24
2025-08-14,11557.0,11607.41,11417.93,11451.43,867991461.73
2025-08-15,11419.28,11647.39,11419.28,11634.67,798946150.64
2025-08-18,11690.94,11919.57,11642.59,11835.57,1002271708.29
2025-08-19,11827.9,11908.68,11774.92,11821.63,943169648.85
2025-08-20,11749.99,11926.74,11677.85,11926.74,894032918.65
2025-08-21,11965.8,12011.78,11865.46,11919.76,915642356.38
2025-08-22,11902.04,12167.28,11902.04,12166.06,891655700.58
2025-08-25,12291.12,12477.97,12246.56,12441.07,1070803276.98
2025-08-26,12398.81,12561.49,12361.49,12473.17,968856013.18
2025-08-27,12483.19,12665.36,12295.07,12295.07,1143640218.65
2025-08-28,12254.27,12571.37,12199.94,12571.37,1060772708.54
2025-08-29,12568.63,12791.18,12508.97,12696.15,900391593.16
2025-09-01,12773.22,12830.18,12663.34,12828.95,906187103.37
2025-09-02,12817.03,12857.16,12450.46,12553.84,991083796.03
2025-09-03,12599.96,12669.8,12393.09,12472.0,856848814.75
2025-09-04,12526.3,12580.09,11967.57,12118.7,899356047.0
2025-09-05,12140.76,12597.89,12085.54,12590.56,816494225.86
2025-09-08,12631.98,12689.17,12511.42,12666.84,822135722.24
2025-09-09,12598.29,12653.87,12434.84,12510.6,758347025.35
2025-09-10,12511.08,12621.19,12415.19,12557.68,716827858.9
2025-09-11,12570.87,12979.89,12516.34,12979.89,835692601.32
2025-09-12,12941.26,13048.52,12905.47,12924.13,868290491.83
2025-09-15,12971.43,13098.78,12943.4,13005.77,798857680.34
2025-09-16,13017.58,13071.21,12863.82,13063.97,889812067.47
2025-09-17,13062.64,13226.2,13004.38,13215.46,853723161.96
2025-09-18,13161.15,13328.1,12915.97,13075.66,1073785345.26
2025-09-19,13074.91,13182.6,13016.06,13070.86,819739633.57
2025-09-22,13119.83,13157.97,13006.36,13157.97,722355718.24
2025-09-23,13246.93,13267.9,12875.33,13119.82,860693567.93
2025-09-24,13037.08,13356.14,13009.64,13356.14,727910237.6
2025-09-25,13333.02,13529.33,13295.53,13445.9,740565636.5
2025-09-26,13394.79,13453.86,13205.63,13209.0,694552823.24
2025-09-29,13248.2,13531.98,13239.73,13479.43,675906008.25
2025-09-30,13504.65,13598.18,13460.32,13526.51,658567252.34
2025-10-09,13598.35,13806.69,13565.29,13725.56,797114827.88
2025-10-10,13633.19,13644.51,13304.6,13355.42,780249411.3
2025-10-13,12837.25,13256.51,12837.25,13231.47,742803634.44
2025-10-14,13369.56,13405.51,12844.02,12895.11,781349621.15
2025-10-15,12919.27,13123.28,12817.89,13118.75,664972504.99
2025-10-16,13064.26,13218.17,13033.37,13086.41,630427149.69
2025-10-17,13060.24,13091.76,12677.44,12688.94,667473474.54
2025-10-20,12877.7,12948.32,12742.84,12813.21,582877735.62
2025-10-21,12880.17,13100.08,12848.32,13077.32,635613699.55
2025-10-22,12985.96,13078.64,12932.01,12996.61,593388177.82
2025-10-23,12959.42,13042.34,12803.86,13025.45,614713854.2
2025-10-24,13091.34,13289.18,13091.34,13289.18,652544989.22
2025-10-27,13448.92,13510.71,13346.81,13489.4,724022532.32
2025-10-28,13411.67,13572.9,13375.32,13430.1,682532175.91
2025-10-29,13484.01,13691.38,13475.65,13691.38,730709746.09
2025-10-30,13661.61,13700.25,13509.24,13532.13,773249172.62
2025-10-31,13517.17,13618.15,13378.21,13378.21,745760929.04
2025-11-03,13364.42,13404.06,13158.31,13404.06,716885878.21
2025-11-04,13373.55,13399.92,13094.21,13175.22,682919687.04
2025-11-05,12953.84,13273.24,12953.84,13223.56,702201489.22
2025-11-06,13272.47,13468.4,13272.47,13452.42,708963302.71
2025-11-07,13380.35,13496.7,13322.61,13404.06,700567747.1
2025-11-10,13453.37,13502.16,13306.66,13427.61,757097253.85
2025-11-11,13476.25,13493.17,13271.67,13289.0,733580236.48
2025-11-12,13240.7,13312.53,13120.71,13240.62,731002669.68
2025-11-13,13228.5,13488.63,13222.78,13476.52,748084542.32
2025-11-14,13323.45,13394.06,13216.03,13216.03,769416240.36
2025-11-17,13200.54,13251.78,13137.28,13202.0,748687700.69
2025-11-18,13161.7,13223.12,13022.44,13080.49,788847182.7
2025-11-19,13071.94,13164.97,13009.01,13080.09,695235913.76
2025-11-20,13215.07,13226.04,12970.56,12980.82,673147680.58
2025-11-21,12752.72,12812.38,12538.07,12538.07,811578932.77
2025-11-24,12605.13,12655.29,12448.32,12585.08,689953294.24
2025-11-25,12692.09,12882.81,12684.29,12777.31,699842030.79
2025-11-26,12769.93,13012.33,12749.02,12907.83,686733778.09
2025-11-27,12903.91,13082.77,12863.26,12875.2,637558377.39
2025-11-28,12869.66,13000.07,12834.09,12984.08,611391068.92
2025-12-01,13038.16,13149.4,12993.89,13146.72,694440764.3
2025-12-02,13130.07,13132.81,13011.11,13056.7,643851126.07
2025-12-03,13071.16,13126.67,12922.67,12955.25,691706046.69
2025-12-04,12957.8,13042.96,12881.56,13006.72,634198084.2
2025-12-05,13020.29,13164.48,12938.35,13147.68,669303064.88
2025-12-08,13178.96,13389.67,13178.96,13329.99,729089825.35
2025-12-09,13295.62,13398.25,13227.77,13277.36,688045902.08
2025-12-10,13251.27,13344.85,13126.21,13316.42,676290971.23
2025-12-11,13333.29,13388.26,13147.39,13147.39,705369906.97
2025-12-12,13174.45,13284.27,13085.42,13258.33,700998215.3
2025-12-15,13150.43,13244.03,13111.38,13112.09,627285731.27
2025-12-16,13084.88,13113.99,12851.22,12914.67,664521844.25
2025-12-17,12927.39,13254.81,12927.39,13224.51,653501696.76
2025-12-18,13112.61,13205.22,13053.97,13053.97,590116206.86
2025-12-19,13116.19,13217.44,13070.73,13140.21,657127412.29
2025-12-22,13225.4,13349.08,13225.4,13332.73,653549135.02
2025-12-23,13338.93,13447.29,13305.76,13368.99,674894657.92
2025-12-24,13378.48,13497.1,13347.76,13486.42,640440440.05
2025-12-25,13472.7,13563.06,13407.37,13531.41,660794062.92
2025-12-26,13539.05,13674.87,13517.8,13603.89,741292909.65
2025-12-29,13604.29,13650.7,13494.96,13537.1,713871413.13
2025-12-30,13466.3,13645.56,13465.67,13604.07,716223366.0
2025-12-31,13627.26,13642.53,13491.68,13525.02,713396441.0
2026-01-05,13633.63,13828.97,13633.63,13828.63,830357123.0
2026-01-06,13830.3,14024.12,13827.79,14022.55,931832648.0
2026-01-07,14062.02,14111.18,13935.53,14030.56,913575189.0
2026-01-08,13971.89,14033.59,13883.81,13959.48,920288378.0
2026-01-09,13917.78,14139.54,13917.78,14120.15,1013527536.0
2026-01-12,14186.86,14391.28,14089.59,14366.91,1152643528.0
2026-01-13,14397.68,14458.88,14113.17,14169.4,1195102024.0
2026-01-14,14194.11,14459.21,14099.98,14248.6,1312118729.0
2026-01-15,14158.66,14328.6,14155.5,14306.73,971527612.0
2026-01-16,14374.54,14424.35,14257.59,14281.08,906894526.0
2026-01-19,14221.93,14392.88,14221.93,14294.05,832205019.0
2026-01-20,14307.55,14337.12,14033.22,14155.63,881921909.0
2026-01-21,14102.21,14320.94,14102.21,14255.13,793387853.0
2026-01-22,14313.63,14374.51,14223.34,14327.05,822514300.0
2026-01-23,14349.01,14449.84,14320.51,14439.66,982699102.0
2026-01-26,14492.42,14532.9,14277.67,14316.64,1023228090.0
2026-01-27,14283.78,14403.6,14105.13,14329.91,909686276.0
2026-01-28,14371.96,14411.65,14234.89,14342.89,883025460.0
2026-01-29,14332.7,14418.09,14252.2,14300.08,993915564.0
2026-01-30,14214.14,14291.57,13923.95,14205.89,902322925.0
2026-02-02,14128.87,14213.61,13815.28,13824.35,811142364.0
2026-02-03,13986.89,14129.6,13815.23,14127.11,782910934.0
2026-02-04,14072.41,14173.77,13958.08,14156.27,815238780.0
2026-02-05,14020.84,14074.36,13874.02,13952.71,726225381.0
2026-02-06,13801.03,14065.78,13726.86,13906.73,730349548.0
2026-02-09,14115.14,14211.7,14060.67,14208.44,726369602.0
2026-02-10,14200.76,14258.51,14165.43,14210.63,733002884.0
2026-02-11,14186.65,14250.34,14156.16,14160.93,681933201.0
2026-02-12,14177.97,14296.48,14177.29,14283.0,696259702.0
2026-02-13,14188.35,14258.83,14092.84,14100.19,640639616.0
2026-02-24,14313.86,14376.96,14214.41,14291.57,712425990.0
2026-02-25,14322.24,14512.85,14314.15,14475.87,793688511.0
2026-02-26,14495.86,14536.08,14408.88,14503.79,793134075.0
2026-02-27,14375.25,14497.96,14366.35,14495.09,781109596.0
2026-03-02,14327.65,14509.69,14285.67,14465.79,933794647.0
2026-03-03,14498.7,14526.06,14007.65,14022.39,970658945.0
2026-03-04,13854.37,14112.02,13854.37,13917.75,740464019.0
2026-03-05,14160.2,14202.76,13999.7,14088.84,758966477.0
2026-03-06,14015.54,14212.84,13969.34,14172.63,729278913.0
2026-03-09,13920.29,14103.63,13701.67,14067.5,837345656.0
2026-03-10,14239.3,14357.82,14239.3,14354.07,736222902.0
2026-03-11,14373.74,14531.02,14373.01,14465.41,770973777.0
2026-03-12,14457.63,14478.05,14245.77,14374.87,768805142.0
2026-03-13,14300.92,14454.31,14245.96,14280.78,774225691.0
2026-03-16,14291.15,14320.1,14097.82,14307.58,753016186.0
2026-03-17,14370.45,14400.36,14039.5,14039.73,753197038.0
2026-03-18,14108.92,14203.91,13944.37,14187.8,666055598.0
2026-03-19,14003.7,14098.69,13852.6,13901.57,679341018.0
2026-03-20,14021.46,14144.99,13856.49,13866.2,734132051.0
2026-03-23,13619.94,13758.97,13274.18,13345.51,852353152.0
2026-03-24,13514.67,13536.56,13169.25,13536.56,731464361.0
2026-03-25,13669.05,13835.03,13666.84,13801.0,723433703.0
2026-03-26,13756.87,13853.1,13573.12,13606.44,667004907.0
2026-03-27,13423.51,13842.4,13419.31,13760.37,630568985.0
2026-03-30,13618.79,13748.21,13536.56,13726.19,653413030.0
2026-03-31,13683.68,13783.97,13478.06,13478.06,664490771.0
2026-04-01,13731.39,13740.97,13603.79,13706.52,655763382.0
2026-04-02,13658.25,13680.63,13418.5,13486.94,636038710.0
2026-04-03,13553.65,13558.91,13345.61,13352.9,586572227.0
2026-04-07,13392.94,13476.08,13305.51,13400.41,540630597.0
2026-04-08,13717.22,14042.5,13694.91,14042.5,748327010.0
2026-04-09,13928.43,14058.05,13891.48,13996.27,653026389.0
2026-04-10,14098.02,14382.61,14095.88,14309.47,668726169.0
2026-04-13,14233.11,14440.26,14233.11,14407.86,623636577.0
2026-04-14,14514.69,14640.77,14463.93,14639.95,683376964.0
2026-04-15,14736.01,14738.53,14440.21,14498.45,697369584.0
2026-04-16,14546.35,14807.16,14522.86,14796.33,686456018.0
2026-04-17,14806.28,14916.39,14787.87,14885.42,695914499.0
2026-04-20,14870.9,15006.92,14845.97,14966.75,723332086.0
2026-04-21,14920.38,15017.75,14774.08,14982.14,701150038.0
2026-04-22,14897.96,15182.82,14897.96,15177.29,698955593.0
2026-04-23,15234.22,15248.43,14934.68,15043.45,761022818.0
2026-04-24,14951.74,15033.67,14795.22,14940.3,709729439.0
2026-04-27,14960.02,15054.46,14919.22,14995.75,709930001.0
2026-04-28,14925.22,14943.36,14772.46,14830.46,723727547.0
2026-04-29,14751.42,15139.71,14751.42,15120.92,736380398.0
2026-04-30,15157.07,15186.12,15044.86,15107.55,737703743.0
2026-05-06,15323.19,15534.67,15254.99,15459.62,826248677.0
2026-05-07,15541.3,15652.58,15439.48,15641.89,844489884.0
2026-05-08,15520.38,15639.39,15466.84,15563.8,826218480.0
2026-05-11,15697.44,15921.65,15622.33,15899.3,911634859.0
2026-05-12,15952.79,15952.79,15711.27,15824.92,847817149.0
2026-05-13,15713.54,16100.46,15713.54,16089.75,827341429.0
2026-05-14,16202.22,16207.75,15745.74,15745.74,873525492.0
2026-05-15,15753.19,15855.55,15447.4,15561.37,849695631.0
2026-05-18,15465.3,15658.11,15419.04,15530.23,738305604.0
2026-05-19,15469.36,15585.04,15221.35,15569.91,731216529.0
2026-05-20,15487.43,15622.21,15426.38,15569.98,726217958.0
2026-05-21,15707.96,15894.3,15232.6,15247.27,878984174.0
2026-05-22,15382.29,15624.97,15295.57,15597.3,763067278.0
2026-05-25,15716.39,15857.08,15547.16,15856.61,781225873.0
2026-05-26,15786.82,15894.55,15662.16,15876.16,823273532.0
2026-05-27,15868.9,16047.41,15656.65,15736.47,815871163.0
2026-05-28,15691.16,15889.83,15504.79,15861.89,747849432.0
2026-05-29,15957.12,15981.93,15492.84,15575.13,848879728.0
2026-06-01,15601.03,15717.45,15316.02,15340.36,760393033.0
2026-06-02,15410.7,15664.39,15203.8,15591.13,737350307.0
2026-06-03,15646.69,15962.36,15542.66,15704.71,792737877.0
2026-06-04,15540.06,15745.19,15517.94,15661.57,718939421.0
2026-06-05,15595.7,15710.14,15243.51,15314.7,818251186.0
2026-06-08,14835.37,15137.75,14681.64,14821.19,788640863.0
2026-06-09,14992.55,15274.72,14846.55,15268.71,718050679.0
2026-06-10,15062.51,15149.37,14817.11,14954.1,710462329.0
2026-06-11,14889.57,15062.75,14706.09,14851.98,669817686.0
2026-06-12,15149.52,15171.22,14943.43,14963.41,792336423.0
2026-06-15,15153.18,15531.11,15055.95,15531.11,757054683.0
2026-06-16,15584.37,15761.0,15537.5,15675.25,754828802.0
2026-06-17,15569.92,15885.49,15569.92,15880.95,745916232.0
2026-06-18,15826.79,16104.77,15825.32,16030.7,764976920.0
2026-06-22,16095.63,16374.02,15914.05,16372.5,876768616.0
2026-06-23,16324.24,16355.95,15756.41,15854.2,808549306.0
2026-06-24,15782.4,16068.41,15730.16,16051.32,790758052.0
2026-06-25,16099.76,16359.62,16058.85,16344.08,830961769.0
2026-06-26,16211.41,16215.45,15728.84,15782.22,837034655.0
2026-06-29,15781.79,15938.23,15487.92,15812.87,808457859.0
2026-06-30,15811.67,16232.23,15809.65,16205.56,745149838.0
2026-07-01,16226.97,16332.48,15988.42,16119.17,873614867.0
2026-07-02,15729.92,15886.7,15453.52,15498.81,857269760.0
2026-07-03,15480.12,15823.05,15432.89,15597.51,785895029.0
2026-07-06,15677.93,15749.36,15288.49,15416.8,768142319.0
2026-07-07,15345.39,15461.37,15081.92,15225.11,678476454.0
2026-07-08,15269.82,15292.12,14907.62,14939.73,654790391.0
2026-07-09,15038.47,15419.12,14781.24,15398.73,716541158.0
2026-07-10,15480.41,15581.94,15046.67,15046.67,828811174.0
2026-07-13,14908.98,14997.07,14437.07,14522.85,733844798.0
2026-07-14,14532.36,14924.87,14338.36,14924.87,674840592.0
2026-07-15,14970.77,15041.33,14741.8,14779.4,688984096.0
2026-07-16,14497.43,14780.46,14386.41,14488.65,665968453.0
2026-07-17,14348.22,14350.47,13586.49,13706.88,763770395.0
2026-07-20,13869.06,13972.99,13342.93,13610.23,772878368.0
2026-07-21,13656.08,14264.8,13364.41,14264.29,835911335.0
2026-07-22,14169.97,14360.37,13988.51,14061.44,681366334.0
2026-07-23,14116.02,14203.64,13991.83,14123.31,625578724.0
2026-07-24,13915.04,14061.03,13774.68,13774.68,568710893.0
2026-07-27,13768.6,14148.73,13689.01,14148.73,571360929.0
2026-07-28,13830.35,13940.99,13470.11,13509.68,573579930.0
2026-07-29,13498.75,13756.71,13267.64,13658.44,675056731.0
2026-07-30,13531.07,13619.03,13068.56,13285.8,686984750.0
2026-07-31,13690.0,13841.96,13578.93,13578.93,719395944.0
